id,timeUTC,IDvolc,Dayflag,Satellite,Resolution,SatZen,SatAzi,Npix,Tot_Lmir_hot,Tot_Lmir_bk,VRP,LAT,LON,Max_Dist,Volc_Name,Volc_LAT,Volc_LON,class
64430,"2008-01-17 03:45:01",357070,0,1,1000,16.9616891322661,-100.854671440607,1,0.287445147396503,0.251798914269357,673713.806103064,-36.8633423443491,-71.376666911959,0,"Chillán, Nevados de",-36.863,-71.377,1
64431,"2008-01-18 06:05:02",357070,0,2,1000,25.3437699203187,-81.343640438247,1,0.231810799894571,0.204748646413028,511474.700801164,-36.8545591353051,-71.3651798716266,1414.21,"Chillán, Nevados de",-36.863,-71.377,1
64432,"2008-01-19 03:35:01",357070,0,1,1000,6.42394166338196,78.1910208908158,1,0.260932965308175,0.230929368548015,567067.97876702,-36.8635660777349,-71.3654575958187,1000,"Chillán, Nevados de",-36.863,-71.377,1
64433,"2008-01-20 05:55:02",357070,0,2,1000,2.96991429684457,-75.3983716400465,2,0.515611412168444,0.450471495150866,1231144.43163221,-36.8545591353051,-71.3651798716266,1414.21,"Chillán, Nevados de",-36.863,-71.377,1
64434,"2008-01-21 03:20:01",357070,0,1,1000,28.3299005524863,81.7454309392267,3,0.720244185848218,0.63404955436625,1629078.53500919,-36.8635660777349,-71.3654575958187,1000,"Chillán, Nevados de",-36.863,-71.377,1
64435,"2008-01-22 05:40:02",357070,0,2,1000,20.0758657243814,101.371294169611,1,0.26047346041376,0.21441078131503,870584.634965998,-36.8635660777349,-71.3654575958187,1000,"Chillán, Nevados de",-36.863,-71.377,1
64436,"2008-01-24 03:55:01",357070,0,1,1000,27.316844919786,-102.171005347594,1,0.281854022306051,0.248940067189733,622073.751698395,-36.8633423443491,-71.376666911959,0,"Chillán, Nevados de",-36.863,-71.377,1
64437,"2008-01-24 05:30:02",357070,0,2,1000,38.5659338970023,103.361575710992,1,0.253056683236987,0.231812161739984,401521.45629336,-36.8635660777349,-71.3654575958187,1000,"Chillán, Nevados de",-36.863,-71.377,1
64438,"2008-01-25 06:15:02",357070,0,2,1000,34.9301104972375,-82.3723634131369,4,1.16575102627239,1.05646504062779,2065505.12868286,-36.8547817402496,-71.3539717451521,2236.07,"Chillán, Nevados de",-36.863,-71.377,1
64439,"2008-01-26 05:20:02",357070,0,2,1000,51.7461495844876,105.290360110803,2,0.5212570114989,0.491647073268745,559627.832549915,-36.8547817402496,-71.3539717451521,2236.07,"Chillán, Nevados de",-36.863,-71.377,1
64440,"2008-01-27 06:00:02",357070,0,2,1000,14.7828265348165,-80.2033868974042,1,0.322471537906127,0.206042485579399,2200509.08897517,-36.8635660777349,-71.3654575958187,1000,"Chillán, Nevados de",-36.863,-71.377,1
64441,"2008-01-28 03:30:01",357070,0,1,1000,17.9193353344768,80.4647212692966,2,0.654333569723922,0.499308330451877,2929977.02224164,-36.8633423443491,-71.376666911959,1000,"Chillán, Nevados de",-36.863,-71.377,1
64442,"2008-01-29 05:50:02",357070,0,2,1000,8.75272654690611,99.738395209581,1,0.319777058736012,0.248679038159723,1343752.58889185,-36.8635660777349,-71.3654575958187,1000,"Chillán, Nevados de",-36.863,-71.377,1
64443,"2008-01-31 04:00:01",357070,0,1,1000,36.2400910865322,-103.205992192583,3,0.868985954134793,0.775176536325761,1772997.99659069,-36.8635660777349,-71.3654575958187,1000,"Chillán, Nevados de",-36.863,-71.377,1
64444,"2008-01-31 05:35:02",357070,0,2,1000,29.9422565864833,102.373888888889,3,0.860065999812052,0.773367705088907,1638597.77026744,-36.8545591353051,-71.3651798716266,2236.07,"Chillán, Nevados de",-36.863,-71.377,1
64445,"2008-02-01 06:20:02",357070,0,2,1000,42.9977627118643,-83.3057457627118,2,0.50284183468191,0.470952192122343,602714.244375807,-36.8635660777349,-71.3654575958187,1000,"Chillán, Nevados de",-36.863,-71.377,1
64446,"2008-02-02 03:45:01",357070,0,1,1000,16.9190580319595,-100.845517241379,3,0.914188459429149,0.722605044991424,3620926.53287301,-36.8635660777349,-71.3654575958187,1000,"Chillán, Nevados de",-36.863,-71.377,1
64447,"2008-02-02 05:25:02",357070,0,2,1000,45.6704532019704,104.339901477832,2,0.517690908377303,0.470654307381424,888991.758822107,-36.8545591353051,-71.3651798716266,1414.21,"Chillán, Nevados de",-36.863,-71.377,1
64448,"2008-02-03 02:50:01",357070,0,1,1000,61.1668811881188,86.6712376237624,1,0.321874555871869,0.306617877825732,288351.215071994,-36.8545591353051,-71.3651798716266,1414.21,"Chillán, Nevados de",-36.863,-71.377,1
64449,"2008-02-03 06:05:02",357070,0,2,1000,25.6168248359414,-81.3611155981828,3,1.05042243443882,0.828151606262938,4200918.65252416,-36.8635660777349,-71.3654575958187,2000,"Chillán, Nevados de",-36.863,-71.377,1
64450,"2008-02-04 03:35:01",357070,0,1,1000,6.47171270718234,78.2144041041831,2,0.785327030040482,0.633430172188829,2870850.61339625,-36.8635660777349,-71.3654575958187,1000,"Chillán, Nevados de",-36.863,-71.377,1
64451,"2008-02-06 03:20:01",357070,0,1,1000,28.3692473713338,81.7522523519647,4,1.30434734422075,1.11018482332182,3669671.64498977,-36.8633423443491,-71.376666911959,1414.21,"Chillán, Nevados de",-36.863,-71.377,1
64452,"2008-02-07 04:05:01",357070,0,1,1000,43.8011552028221,-104.253068783069,5,1.36466268632679,1.19330715983654,3238619.45066554,-36.8633423443491,-71.376666911959,1414.21,"Chillán, Nevados de",-36.863,-71.377,1
64453,"2008-02-07 05:40:02",357070,0,2,1000,19.9356690419636,101.251076801267,3,0.812192744196131,0.665255639594216,2777111.27697619,-36.8545591353051,-71.3651798716266,1414.21,"Chillán, Nevados de",-36.863,-71.377,1
64454,"2008-02-08 06:25:02",357070,0,2,1000,49.7352466907342,-84.2050902527075,1,0.29826802284227,0.255135323574607,815208.016158829,-36.8545591353051,-71.3651798716266,1414.21,"Chillán, Nevados de",-36.863,-71.377,1
64455,"2008-02-09 03:55:01",357070,0,1,1000,27.2702783725909,-102.161322269807,1,0.237898742625519,0.21478971138593,436760.690428237,-36.8633423443491,-71.376666911959,0,"Chillán, Nevados de",-36.863,-71.377,1
64456,"2008-02-09 05:30:02",357070,0,2,1000,38.3944359171144,103.343254029163,3,0.75688232580191,0.652368001618939,1975320.72705815,-36.8545591353051,-71.3651798716266,2236.07,"Chillán, Nevados de",-36.863,-71.377,1
64457,"2008-02-10 02:55:01",357070,0,1,1000,56.6926086956521,85.7789945652173,7,1.83754145761632,1.66191435863241,3319352.17079597,-36.8631175550315,-71.3878761040725,2000,"Chillán, Nevados de",-36.863,-71.377,1
64458,"2008-02-10 06:15:02",357070,0,2,1000,35.1169135802468,-82.3891419753086,6,1.52216545706232,1.27069240316662,4752840.71862886,-36.8637887551523,-71.3542481562342,2236.07,"Chillán, Nevados de",-36.863,-71.377,1
64459,"2008-02-11 03:40:01",357070,0,1,1000,5.42431871574,-98.176456538763,2,0.785168252890304,0.542989424318165,4577179.86001343,-36.8633423443491,-71.376666911959,1414.21,"Chillán, Nevados de",-36.863,-71.377,1
64460,"2008-02-11 05:20:02",357070,0,2,1000,51.6317032967034,105.270714285714,2,0.57252194433416,0.511673086096495,1150043.42069188,-36.8545591353051,-71.3651798716266,1414.21,"Chillán, Nevados de",-36.863,-71.377,1
64461,"2008-02-12 06:00:02",357070,0,2,1000,15.0075144508669,-80.2253757225433,2,0.711820121125371,0.515992256593787,3701146.63964692,-36.8635660777349,-71.3654575958187,1000,"Chillán, Nevados de",-36.863,-71.377,1
64462,"2008-02-13 03:30:01",357070,0,1,1000,17.9999914126233,80.4826062687848,3,0.979058807272289,0.780519036896824,3752401.66009627,-36.8635660777349,-71.3654575958187,1000,"Chillán, Nevados de",-36.863,-71.377,1
64463,"2008-02-14 05:50:02",357070,0,2,1000,8.53434488251684,99.6842293906809,3,0.826193049255569,0.672708144281983,2900864.70400077,-36.8543354747354,-71.3763878747139,1414.21,"Chillán, Nevados de",-36.863,-71.377,1
64464,"2008-02-15 03:15:01",357070,0,1,1000,37.3676420454545,82.7949076704545,4,1.13588369462926,0.917859098279705,4120664.87100651,-36.8633423443491,-71.376666911959,1414.21,"Chillán, Nevados de",-36.863,-71.377,1
64465,"2008-02-15 06:30:02",357070,0,2,1000,55.331769230769,-85.1454923076923,5,1.23721840936772,1.13659924754556,1901702.15843883,-36.8637887551523,-71.3542481562342,2236.07,"Chillán, Nevados de",-36.863,-71.377,1
64466,"2008-02-16 04:00:01",357070,0,1,1000,36.18673828125,-103.192975260417,3,0.833782305174964,0.746988629202969,1640400.4758707,-36.8633423443491,-71.376666911959,1000,"Chillán, Nevados de",-36.863,-71.377,1
64467,"2008-02-16 05:35:02",357070,0,2,1000,29.7724041213508,102.357870635375,1,0.273774283783086,0.255235126596237,350390.070831447,-36.8635660777349,-71.3654575958187,1000,"Chillán, Nevados de",-36.863,-71.377,1
64468,"2008-02-17 03:05:01",357070,0,1,1000,51.3696246648793,84.7869571045577,4,1.10533692652095,0.995437661089949,2077096.11664586,-36.8631175550315,-71.3878761040725,2000,"Chillán, Nevados de",-36.863,-71.377,1
64469,"2008-02-17 06:20:02",357070,0,2,1000,43.1293270868824,-83.3189182282793,4,1.04137681718078,0.929355080033948,2117210.83207504,-36.8637887551523,-71.3542481562342,2236.07,"Chillán, Nevados de",-36.863,-71.377,1
64470,"2008-02-18 03:45:01",357070,0,1,1000,16.8325620530079,-100.828026924695,3,1.05189735606546,0.732680574607875,6033197.16954832,-36.8633423443491,-71.376666911959,1000,"Chillán, Nevados de",-36.863,-71.377,1
64471,"2008-02-18 05:25:02",357070,0,2,1000,45.5505484818806,104.322125367287,4,1.10380586584719,0.949456378275359,2917205.31510762,-36.8545591353051,-71.3651798716266,2236.07,"Chillán, Nevados de",-36.863,-71.377,1
64472,"2008-02-19 02:50:01",357070,0,1,1000,61.2015422885572,86.6817910447761,2,0.573035108706141,0.545872080422554,513381.234559806,-36.8628917098188,-71.3990851715768,2000,"Chillán, Nevados de",-36.863,-71.377,1
64473,"2008-02-19 06:05:02",357070,0,2,1000,25.7872278738556,-81.3667446592065,3,0.912205126871165,0.697123946208559,4065034.31452325,-36.8635660777349,-71.3654575958187,2000,"Chillán, Nevados de",-36.863,-71.377,1
64474,"2008-02-20 03:35:01",357070,0,1,1000,6.56971225857314,78.2540717382736,3,1.1499003813799,0.810464538587998,6415337.42876687,-36.8633423443491,-71.376666911959,1414.21,"Chillán, Nevados de",-36.863,-71.377,1
64475,"2008-02-20 05:10:02",357070,0,2,1000,56.6280459770115,106.209750957854,1,0.2781436770015,0.267766782129965,196123.313072009,-36.8637887551523,-71.3542481562342,2000,"Chillán, Nevados de",-36.863,-71.377,1
64476,"2008-02-21 05:55:02",357070,0,2,1000,3.43577492211839,-76.3602959501557,2,0.5725111594601,0.45910408464119,2143393.71407741,-36.8635660777349,-71.3654575958187,1000,"Chillán, Nevados de",-36.863,-71.377,1
64477,"2008-02-23 04:05:01",357070,0,1,1000,43.7491418563926,-104.24003502627,1,0.2526366891209,0.226965667030014,485182.317517745,-36.8631175550315,-71.3878761040725,1000,"Chillán, Nevados de",-36.863,-71.377,1
64478,"2008-02-23 05:45:02",357070,0,2,1000,19.6879832672829,101.330264200793,1,0.20417737838447,0.174832047385953,554626.755871979,-36.8635660777349,-71.3654575958187,1000,"Chillán, Nevados de",-36.863,-71.377,1
64479,"2008-02-24 06:25:02",357070,0,2,1000,49.8100722021661,-84.214512635379,2,0.515740876494943,0.479766936736321,679907.461437965,-36.8637887551523,-71.3542481562342,2000,"Chillán, Nevados de",-36.863,-71.377,1
64480,"2008-02-25 03:55:01",357070,0,1,1000,27.1843927233814,-102.145543071161,3,0.97062075258431,0.719621867758734,4743878.92320339,-36.8633423443491,-71.376666911959,1414.21,"Chillán, Nevados de",-36.863,-71.377,1
64481,"2008-02-25 05:30:02",357070,0,2,1000,38.2994287890329,103.336435643564,1,0.201849150852588,0.169091590438079,619117.891834212,-36.8635660777349,-71.3654575958187,1000,"Chillán, Nevados de",-36.863,-71.377,1
64482,"2008-02-26 06:15:02",357070,0,2,1000,35.2137461107654,-82.4004044803983,3,0.825280752924693,0.718851905823176,2011505.21021868,-36.8635660777349,-71.3654575958187,2000,"Chillán, Nevados de",-36.863,-71.377,1
64483,"2008-02-27 05:20:02",357070,0,2,1000,51.5732692307693,105.263516483516,2,0.519604344356675,0.481484698299486,720461.310480868,-36.8637887551523,-71.3542481562342,2000,"Chillán, Nevados de",-36.863,-71.377,1
64484,"2008-02-28 06:00:02",357070,0,2,1000,15.1252770885028,-80.2439495450786,4,1.01462471383965,0.828960217837664,3509058.97443751,-36.8635660777349,-71.3654575958187,2000,"Chillán, Nevados de",-36.863,-71.377,1
64485,"2008-02-29 03:30:01",357070,0,1,1000,18.2219068162208,80.4938395168247,1,0.37395690599638,0.234138666103977,2642564.73396641,-36.8633423443491,-71.376666911959,0,"Chillán, Nevados de",-36.863,-71.377,1
64486,"2008-03-03 04:00:01",357070,0,1,1000,35.9837371794872,-103.178371794872,2,0.531965314207347,0.48706972188302,848526.694929773,-36.8633423443491,-71.376666911959,1000,"Chillán, Nevados de",-36.863,-71.377,1
64487,"2008-03-03 05:35:02",357070,0,2,1000,29.6977834757834,102.349515669516,2,0.544494133744458,0.466737047476766,1469608.93045938,-36.8635660777349,-71.3654575958187,1000,"Chillán, Nevados de",-36.863,-71.377,1
64488,"2008-03-04 06:20:02",357070,0,2,1000,43.1703744680851,-83.3231829787234,2,0.50310551994414,0.477243757333029,488787.313349999,-36.8635660777349,-71.3654575958187,1414.21,"Chillán, Nevados de",-36.863,-71.377,1
64489,"2008-03-05 03:45:01",357070,0,1,1000,16.5132704402515,-100.801601677149,1,0.300372122455649,0.239196583182071,1156217.69227063,-36.8635660777349,-71.3654575958187,1000,"Chillán, Nevados de",-36.863,-71.377,1
64490,"2008-03-05 05:25:02",357070,0,2,1000,45.5102054794521,104.32168297456,5,1.20691475595719,1.12207210367568,1603526.12812039,-36.8547817402496,-71.3539717451521,2236.07,"Chillán, Nevados de",-36.863,-71.377,1
64491,"2008-03-06 06:05:02",357070,0,2,1000,25.8344646464647,-81.3789090909091,1,0.223316304172133,0.17464971394906,919798.555216076,-36.8635660777349,-71.3654575958187,1000,"Chillán, Nevados de",-36.863,-71.377,1
64492,"2008-03-07 03:35:01",357070,0,1,1000,6.96581588305018,78.3940616357171,1,0.309994761658176,0.22940860853209,1523078.29408302,-36.8633423443491,-71.376666911959,0,"Chillán, Nevados de",-36.863,-71.377,1
64493,"2008-03-09 03:20:01",357070,0,1,1000,28.8176450892857,81.7846986607143,2,0.503246385562369,0.41294194772788,1706753.87507185,-36.8635660777349,-71.3654575958187,1000,"Chillán, Nevados de",-36.863,-71.377,1
64494,"2008-03-11 03:10:01",357070,0,1,1000,45.3337819905212,83.8176682464456,3,0.756430209941895,0.691666030975973,1224042.98245593,-36.8543354747354,-71.3763878747139,1000,"Chillán, Nevados de",-36.863,-71.377,1
64495,"2008-03-12 03:50:01",357070,0,1,1000,26.7616454352441,-102.111571125265,1,0.250069427452418,0.217781495685431,610241.910396054,-36.8633423443491,-71.376666911959,0,"Chillán, Nevados de",-36.863,-71.377,1
64496,"2008-03-12 05:30:02",357070,0,2,1000,38.278679817906,103.338581183612,2,0.46177033387237,0.407971611330891,1016795.85603396,-36.8635660777349,-71.3654575958187,1000,"Chillán, Nevados de",-36.863,-71.377,1
64497,"2008-03-18 03:15:01",357070,0,1,1000,37.9283087149188,82.8591137370754,2,0.573411181020366,0.479497789822743,1774963.09363506,-36.8633423443491,-71.376666911959,1000,"Chillán, Nevados de",-36.863,-71.377,1
64498,"2008-03-20 03:05:01",357070,0,1,1000,51.7888387978142,84.8388797814208,4,0.915753639607289,0.834729447020002,1531357.23989974,-36.8633423443491,-71.376666911959,1000,"Chillán, Nevados de",-36.863,-71.377,1
64499,"2008-03-20 06:20:02",357070,0,2,1000,43.1444842284739,-83.3138448422848,3,0.66947954318914,0.609112138747266,1140943.94395143,-36.8637887551523,-71.3542481562342,2236.07,"Chillán, Nevados de",-36.863,-71.377,1
64500,"2008-03-21 03:45:01",357070,0,1,1000,16.0349582985821,-100.731839032527,3,0.947933418541401,0.745919925216046,3818055.02384922,-36.8633423443491,-71.376666911959,1000,"Chillán, Nevados de",-36.863,-71.377,1
64501,"2008-03-21 05:25:02",357070,0,2,1000,45.5339941406251,104.325703125,2,0.524909722921692,0.486394654481549,727934.793518711,-36.8633423443491,-71.376666911959,1000,"Chillán, Nevados de",-36.863,-71.377,1
64502,"2008-03-22 06:05:02",357070,0,2,1000,25.7875790010194,-81.3604230377166,2,0.589482949927139,0.505175124014754,1593417.90974408,-36.8543354747354,-71.3763878747139,1414.21,"Chillán, Nevados de",-36.863,-71.377,1
64503,"2008-03-23 03:35:01",357070,0,1,1000,7.48183438985731,78.5822781299524,2,0.690898985343683,0.524809717938758,3139087.15395307,-36.8635660777349,-71.3654575958187,1000,"Chillán, Nevados de",-36.863,-71.377,1
64504,"2008-03-24 05:55:02",357070,0,2,1000,3.40181818181819,-76.3168942645337,2,0.639621788561119,0.46122051275616,3371784.11271373,-36.8635660777349,-71.3654575958187,1000,"Chillán, Nevados de",-36.863,-71.377,1
64505,"2008-03-25 03:20:01",357070,0,1,1000,29.230382237212,81.8357616638561,3,0.847021124771655,0.687182893150379,3020942.57764212,-36.872349198466,-71.37694607323,1000,"Chillán, Nevados de",-36.863,-71.377,1
64506,"2008-03-26 04:05:01",357070,0,1,1000,43.2256233877901,-104.176612209802,2,0.474008042978819,0.421857402176822,985647.111157732,-36.8633423443491,-71.376666911959,1000,"Chillán, Nevados de",-36.863,-71.377,1
64507,"2008-03-26 05:45:02",357070,0,2,1000,19.742706502636,101.337521968366,3,0.753662703796674,0.58091153676127,3264997.05696913,-36.8635660777349,-71.3654575958187,1000,"Chillán, Nevados de",-36.863,-71.377,1
64508,"2008-03-27 03:10:01",357070,0,1,1000,45.5576695319962,83.8495319961796,3,0.772295569859235,0.673144487925898,1873955.44854007,-36.8635660777349,-71.3654575958187,1000,"Chillán, Nevados de",-36.863,-71.377,1
64509,"2008-03-28 03:50:01",357070,0,1,1000,26.4947518479409,-102.077043294615,2,0.585664096786189,0.431732434388665,2909308.4193132,-36.8635660777349,-71.3654575958187,1000,"Chillán, Nevados de",-36.863,-71.377,1
64510,"2008-03-28 05:30:02",357070,0,2,1000,38.3531911652704,103.345872048743,3,0.75934433848344,0.618463241349339,2662652.73583452,-36.8633423443491,-71.376666911959,1414.21,"Chillán, Nevados de",-36.863,-71.377,1
64511,"2008-03-29 06:15:02",357070,0,2,1000,35.1255204460966,-82.3887298636927,3,0.782449254287172,0.645272458145376,2592641.44707995,-36.8545591353051,-71.3651798716266,1414.21,"Chillán, Nevados de",-36.863,-71.377,1
64512,"2008-03-30 03:40:01",357070,0,1,1000,4.53963295587662,-97.5431940648182,3,0.831236480043133,0.606515384723542,4247228.70154027,-36.8635660777349,-71.3654575958187,1000,"Chillán, Nevados de",-36.863,-71.377,1
64513,"2008-03-30 05:20:02",357070,0,2,1000,51.6215384615386,105.275741758242,6,1.32463949753892,1.23626397293253,1670297.41506071,-36.8543354747354,-71.3763878747139,2000,"Chillán, Nevados de",-36.863,-71.377,1
64514,"2008-03-31 06:00:02",357070,0,2,1000,14.9738740222312,-80.2186620008233,3,0.724165896381177,0.562900489459857,3047916.19081295,-36.8635660777349,-71.3654575958187,1414.21,"Chillán, Nevados de",-36.863,-71.377,1
64515,"2008-04-01 03:30:01",357070,0,1,1000,18.7680857514073,80.5645344304896,2,0.645664891647109,0.402680581807785,4592403.45596323,-36.8633423443491,-71.376666911959,1000,"Chillán, Nevados de",-36.863,-71.377,1
64516,"2008-04-02 05:50:02",357070,0,2,1000,8.60529693104815,99.708122758071,3,0.837342167871168,0.598051028108147,4522602.54152108,-36.8635660777349,-71.3654575958187,1414.21,"Chillán, Nevados de",-36.863,-71.377,1
64517,"2008-04-03 03:15:01",357070,0,1,1000,37.9091174325311,82.8522319474836,3,1.00005348901352,0.754713396092021,4636927.75621642,-36.8633423443491,-71.376666911959,1000,"Chillán, Nevados de",-36.863,-71.377,1
64518,"2008-04-03 06:30:02",357070,0,2,1000,55.2745638629283,-85.1323364485981,2,0.509439257532522,0.479221399885424,571117.50953015,-36.8635660777349,-71.3654575958187,1000,"Chillán, Nevados de",-36.863,-71.377,1
64519,"2008-04-04 04:00:01",357070,0,1,1000,35.7069885641678,-103.134777636595,4,1.15436152364654,0.965086433984989,3577299.19460331,-36.8633423443491,-71.376666911959,1000,"Chillán, Nevados de",-36.863,-71.377,1
64520,"2008-04-04 05:35:02",357070,0,2,1000,29.8648712077846,102.377218088151,6,1.73191482034203,1.40251055190155,6225740.67352516,-36.8543354747354,-71.3763878747139,2236.07,"Chillán, Nevados de",-36.863,-71.377,1
64521,"2008-04-05 03:05:01",357070,0,1,1000,51.7206241519676,84.8328900949796,6,1.7762946227976,1.56303704321338,4030568.25414172,-36.8635660777349,-71.3654575958187,2000,"Chillán, Nevados de",-36.863,-71.377,1
64522,"2008-04-05 06:20:02",357070,0,2,1000,43.0069620253164,-83.29388185654,2,0.553232201058543,0.516134555147002,701145.507728126,-36.8637887551523,-71.3542481562342,2000,"Chillán, Nevados de",-36.863,-71.377,1
64524,"2008-04-07 06:05:02",357070,0,2,1000,25.5933333333333,-81.3428123419322,4,0.893153537483536,0.691946538658364,3802812.27779574,-36.8635660777349,-71.3654575958187,2000,"Chillán, Nevados de",-36.863,-71.377,1
64525,"2008-04-08 03:35:01",357070,0,1,1000,7.16053254437866,78.4618461538462,2,0.588313796537695,0.371481765776125,4098125.38139369,-36.8633423443491,-71.376666911959,1000,"Chillán, Nevados de",-36.863,-71.377,1
64526,"2008-04-08 05:10:02",357070,0,2,1000,56.7070057581574,106.239328214971,2,0.315502698101204,0.298749514354235,316635.172817711,-36.8637887551523,-71.3542481562342,2000,"Chillán, Nevados de",-36.863,-71.377,1
64527,"2008-04-09 05:55:02",357070,0,2,1000,3.15584339696143,-75.7879470198677,2,0.665061083541719,0.41002321683467,4820215.68076323,-36.8635660777349,-71.3654575958187,1000,"Chillán, Nevados de",-36.863,-71.377,1
64528,"2008-04-10 03:20:01",357070,0,1,1000,28.894927293065,81.799865771812,4,1.06538673828693,0.830471441895432,4439899.10179937,-36.8635660777349,-71.3654575958187,1414.21,"Chillán, Nevados de",-36.863,-71.377,1
64529,"2008-04-12 03:10:01",357070,0,1,1000,45.3279923882015,83.8207611798284,3,0.593593745821845,0.459847412001976,2527805.70919553,-36.8633423443491,-71.376666911959,1000,"Chillán, Nevados de",-36.863,-71.377,1
64530,"2008-04-13 05:30:02",357070,0,2,1000,38.5418659558264,103.372916984006,5,0.711910078964544,0.557130370895121,2925336.4825121,-36.8635660777349,-71.3654575958187,1414.21,"Chillán, Nevados de",-36.863,-71.377,1
64531,"2008-04-14 02:55:01",357070,0,1,1000,56.902693069307,85.7936435643565,7,1.08658955429849,0.934034597271404,2883288.68781195,-36.8635660777349,-71.3654575958187,2236.07,"Chillán, Nevados de",-36.863,-71.377,1
64532,"2008-04-14 06:15:02",357070,0,2,1000,34.9019778869778,-82.3612776412776,5,0.864740333159051,0.644151887558409,4169121.62185214,-36.8545591353051,-71.3651798716266,2236.07,"Chillán, Nevados de",-36.863,-71.377,1
64533,"2008-04-15 03:40:01",357070,0,1,1000,4.91625879593432,-97.8285887412039,3,0.485469034645929,0.325580490402724,3021893.48619658,-36.8633423443491,-71.376666911959,1000,"Chillán, Nevados de",-36.863,-71.377,1
64534,"2008-04-15 05:20:02",357070,0,2,1000,51.7696814404433,105.306468144044,8,1.45945520207819,1.23962014309921,4154882.61470272,-36.8547817402496,-71.3539717451521,2236.07,"Chillán, Nevados de",-36.863,-71.377,1
64535,"2008-04-16 06:00:02",357070,0,2,1000,14.6729317434209,-80.1760238486842,3,0.654956855616738,0.477010983973495,3363176.97405729,-36.8545591353051,-71.3651798716266,1414.21,"Chillán, Nevados de",-36.863,-71.377,1
64536,"2008-04-17 03:30:01",357070,0,1,1000,18.4268509719221,80.5293736501079,3,0.844121709170721,0.580041614407379,4991113.79102716,-36.8633423443491,-71.376666911959,1414.21,"Chillán, Nevados de",-36.863,-71.377,1
64537,"2008-04-18 04:10:01",357070,0,1,1000,49.9061764705882,-105.252536764706,2,0.451406448854646,0.411631150386766,751753.141042936,-36.8633423443491,-71.376666911959,1000,"Chillán, Nevados de",-36.863,-71.377,1
64538,"2008-04-18 05:50:02",357070,0,2,1000,8.93492620662142,99.7884124451536,3,0.82257770153911,0.581201174005575,4562016.37038381,-36.8635660777349,-71.3654575958187,1414.21,"Chillán, Nevados de",-36.863,-71.377,1
64539,"2008-04-19 03:15:01",357070,0,1,1000,37.648467100506,82.818546637744,4,1.05920468714453,0.865009684474326,3670285.55046693,-36.8633423443491,-71.376666911959,1414.21,"Chillán, Nevados de",-36.863,-71.377,1
64540,"2008-04-20 04:00:01",357070,0,1,1000,35.9449234693878,-103.164170918367,3,0.770239930627373,0.674157240140281,1815962.85020602,-36.8545591353051,-71.3651798716266,1414.21,"Chillán, Nevados de",-36.863,-71.377,1
64541,"2008-04-20 05:35:02",357070,0,2,1000,30.1459515570934,102.411251441753,5,1.26716061839725,1.02567502608105,4564077.69477618,-36.8635660777349,-71.3654575958187,2000,"Chillán, Nevados de",-36.863,-71.377,1
64542,"2008-04-21 03:05:01",357070,0,1,1000,51.5424492557513,84.8086738836265,5,1.163847368402,1.02516267777513,2621140.65284785,-36.8635660777349,-71.3654575958187,2000,"Chillán, Nevados de",-36.863,-71.377,1
64543,"2008-04-21 06:20:02",357070,0,2,1000,42.7797297297297,-83.2568834459459,3,0.63245487686878,0.572063810014741,1141391.16354133,-36.8635660777349,-71.3654575958187,1000,"Chillán, Nevados de",-36.863,-71.377,1
64544,"2008-04-22 03:45:01",357070,0,1,1000,16.5498868398993,-100.796353730092,1,0.201866360392945,0.171042272029221,582575.270074385,-36.8635660777349,-71.3654575958187,1000,"Chillán, Nevados de",-36.863,-71.377,1
64545,"2008-04-23 02:50:01",357070,0,1,1000,61.3014213197969,86.6929949238579,2,0.448489036158438,0.419863155999047,541029.135012491,-36.8628917098188,-71.3990851715768,2000,"Chillán, Nevados de",-36.863,-71.377,1
64546,"2008-04-23 06:05:02",357070,0,2,1000,25.2521812749003,-81.313217131474,3,0.752812772108069,0.553279191950725,3771184.66497381,-36.8635660777349,-71.3654575958187,2000,"Chillán, Nevados de",-36.863,-71.377,1
64547,"2008-04-24 03:35:01",357070,0,1,1000,6.82451243584683,78.3447572048955,3,0.799892155976592,0.576333722767366,4225254.38765437,-36.8633423443491,-71.376666911959,1000,"Chillán, Nevados de",-36.863,-71.377,1
64548,"2008-04-25 05:55:02",357070,0,2,1000,2.83729466718568,-74.8521175554691,3,0.768427348034262,0.534138720984778,4428055.05123527,-36.8635660777349,-71.3654575958187,1414.21,"Chillán, Nevados de",-36.863,-71.377,1
64549,"2008-04-26 03:20:01",357070,0,1,1000,28.6293262806237,81.775952115813,4,0.936557054152613,0.64667551344501,5478761.11937369,-36.8633423443491,-71.376666911959,1414.21,"Chillán, Nevados de",-36.863,-71.377,1
64550,"2008-04-28 06:25:02",357070,0,2,1000,49.5153652694611,-84.1629820359282,1,0.164096084004315,0.150727140868148,252673.025273556,-36.8637887551523,-71.3542481562342,2000,"Chillán, Nevados de",-36.863,-71.377,1
64551,"2008-04-29 03:55:01",357070,0,1,1000,27.067438633938,-102.139717182497,3,0.483854810873998,0.384622206264875,1875496.22711241,-36.8635660777349,-71.3654575958187,1000,"Chillán, Nevados de",-36.863,-71.377,1
64552,"2008-04-29 05:30:02",357070,0,2,1000,38.6541873065016,103.381547987616,3,0.477048482342668,0.381086351268573,1813684.2773004,-36.8633423443491,-71.376666911959,1414.21,"Chillán, Nevados de",-36.863,-71.377,1
64553,"2008-04-30 03:00:01",357070,0,1,1000,56.758316008316,85.680395010395,9,1.64423720685825,1.34357469684295,5682521.43928919,-36.8633423443491,-71.376666911959,2000,"Chillán, Nevados de",-36.863,-71.377,1
64554,"2008-04-30 06:15:02",357070,0,2,1000,34.8237799631222,-82.3462015980332,4,0.78646189435071,0.585951338440969,3789649.5066941,-36.8635660777349,-71.3654575958187,2000,"Chillán, Nevados de",-36.863,-71.377,1
64555,"2008-05-01 03:40:01",357070,0,1,1000,5.20830070477684,-98.0430892717305,4,0.936756988488229,0.593781856629026,6482229.99213895,-36.8633423443491,-71.376666911959,1414.21,"Chillán, Nevados de",-36.863,-71.377,1
64556,"2008-05-01 05:20:02",357070,0,2,1000,51.8004840940526,105.313886583679,6,1.03465791147404,0.895388366201708,2632194.40564707,-36.8635660777349,-71.3654575958187,2000,"Chillán, Nevados de",-36.863,-71.377,1
64557,"2008-05-02 02:45:01",357070,0,1,1000,65.0335416666667,87.6414166666667,2,0.359329536083375,0.334323084221952,472621.940180893,-36.8635660777349,-71.3654575958187,1000,"Chillán, Nevados de",-36.863,-71.377,1
64558,"2008-05-02 06:00:02",357070,0,2,1000,14.6548210612915,-80.1749773755655,5,0.979180585309253,0.77925835478258,3778530.15695412,-36.8635660777349,-71.3654575958187,1414.21,"Chillán, Nevados de",-36.863,-71.377,1
64559,"2008-05-03 03:30:01",357070,0,1,1000,18.1484307824591,80.4877214101461,4,1.01985248571503,0.68501742557632,6328382.6366217,-36.8633423443491,-71.376666911959,1414.21,"Chillán, Nevados de",-36.863,-71.377,1
64560,"2008-05-03 05:05:02",357070,0,2,1000,61.0651005025125,107.233894472362,1,0.190882290764975,0.178256710245592,238623.471816324,-36.8545591353051,-71.3651798716266,1414.21,"Chillán, Nevados de",-36.863,-71.377,1
64561,"2008-05-04 04:10:01",357070,0,1,1000,50.0302463054185,-105.272943349754,2,0.405614357252119,0.362771109700313,809737.378729138,-36.8633423443491,-71.376666911959,1000,"Chillán, Nevados de",-36.863,-71.377,1
64562,"2008-05-04 05:50:02",357070,0,2,1000,8.86872799999998,99.7650800000001,5,1.19370549412457,0.830939609614953,6856275.21723173,-36.8635660777349,-71.3654575958187,2000,"Chillán, Nevados de",-36.863,-71.377,1
64563,"2008-05-05 03:15:01",357070,0,1,1000,37.4494575303354,82.7927694503925,2,0.533695827466292,0.3976904165226,2570502.26683578,-36.8633423443491,-71.376666911959,1000,"Chillán, Nevados de",-36.863,-71.377,1
64564,"2008-05-07 03:05:01",357070,0,1,1000,51.4005637583892,84.7802416107382,4,0.677211320958212,0.550579935115732,2393333.19242287,-36.8545591353051,-71.3651798716266,1414.21,"Chillán, Nevados de",-36.863,-71.377,1
64565,"2008-05-07 06:20:02",357070,0,2,1000,42.9014563928873,-83.2719051651143,4,0.64284168976518,0.555008331482418,1660050.47154419,-36.8547817402496,-71.3539717451521,2236.07,"Chillán, Nevados de",-36.863,-71.377,1
64566,"2008-05-08 03:45:01",357070,0,1,1000,16.7818957545186,-100.824262295082,4,0.849936377602742,0.637905987455016,4007374.37379202,-36.8635660777349,-71.3654575958187,1414.21,"Chillán, Nevados de",-36.863,-71.377,1
64567,"2008-05-08 05:25:02",357070,0,2,1000,45.7248027613413,104.360384615384,7,1.30659320289628,1.0569542373999,4718176.44788146,-36.8543354747354,-71.3763878747139,2000,"Chillán, Nevados de",-36.863,-71.377,1
64568,"2008-05-09 02:50:01",357070,0,1,1000,61.2172361809046,86.6863819095478,2,0.391329315687051,0.368903978118583,423838.880044048,-36.8628917098188,-71.3990851715768,2000,"Chillán, Nevados de",-36.863,-71.377,1
64569,"2008-05-09 06:05:02",357070,0,2,1000,25.4379801829268,-81.288125,4,0.843270868625234,0.625487269349649,4116110.02630856,-36.8635660777349,-71.3654575958187,2000,"Chillán, Nevados de",-36.863,-71.377,1
64570,"2008-05-10 03:35:01",357070,0,1,1000,6.58410347551345,78.2531674565562,4,0.8869400189932,0.639632483207791,4674112.42634424,-36.8633423443491,-71.376666911959,1414.21,"Chillán, Nevados de",-36.863,-71.377,1
64571,"2008-05-10 05:15:02",357070,0,2,1000,56.7553218884121,106.342317596567,1,0.17430322723749,0.159125115135678,286866.318724238,-36.8637887551523,-71.3542481562342,2000,"Chillán, Nevados de",-36.863,-71.377,1
64572,"2008-05-11 05:55:02",357070,0,2,1000,3.12214535561602,-75.7152195880297,3,0.780602717519307,0.499201288908729,5318487.00073993,-36.8635660777349,-71.3654575958187,1000,"Chillán, Nevados de",-36.863,-71.377,1
64573,"2008-05-12 03:20:01",357070,0,1,1000,28.4390338700722,81.7544364242089,5,1.32020538607165,0.94955966083262,7005204.20701762,-36.8633423443491,-71.376666911959,1414.21,"Chillán, Nevados de",-36.863,-71.377,1
64574,"2008-05-13 04:05:01",357070,0,1,1000,43.7585188431203,-104.248904469763,4,0.963924055372277,0.82381126806186,2648131.68016688,-36.8635660777349,-71.3654575958187,2000,"Chillán, Nevados de",-36.863,-71.377,1
64575,"2008-05-13 05:45:02",357070,0,2,1000,19.9556443071489,101.367961165049,4,1.03367541221864,0.774681518011284,4894984.60051907,-36.8543354747354,-71.3763878747139,1414.21,"Chillán, Nevados de",-36.863,-71.377,1
64576,"2008-05-14 03:10:01",357070,0,1,1000,45.0048741845295,83.7792637465052,8,1.93253307301353,1.53573298932706,7499521.58167437,-36.8631175550315,-71.3878761040725,2236.07,"Chillán, Nevados de",-36.863,-71.377,1
64577,"2008-05-14 06:25:02",357070,0,2,1000,49.6553253012049,-84.1834578313253,2,0.3966070780666,0.359748968483101,696618.271128138,-36.8543354747354,-71.3763878747139,1414.21,"Chillán, Nevados de",-36.863,-71.377,1
64578,"2008-05-15 05:30:02",357070,0,2,1000,38.4780106707317,103.367073170732,5,1.00403927373124,0.850335639531048,2904998.68638368,-36.8635660777349,-71.3654575958187,2236.07,"Chillán, Nevados de",-36.863,-71.377,1
64579,"2008-05-16 03:00:01",357070,0,1,1000,56.6691245136187,85.7516536964981,4,0.522598963870903,0.478493755854057,833588.431518395,-36.8633423443491,-71.376666911959,1414.21,"Chillán, Nevados de",-36.863,-71.377,1
64580,"2008-05-16 06:15:02",357070,0,2,1000,35.0163827160493,-82.3685802469135,2,0.420729969171301,0.346761732203068,1397999.6786996,-36.8635660777349,-71.3654575958187,1000,"Chillán, Nevados de",-36.863,-71.377,1
64581,"2008-05-17 05:20:02",357070,0,2,1000,51.6929005524863,105.295069060773,1,0.196516273177428,0.169932575413445,502431.887739268,-36.8637887551523,-71.3542481562342,2000,"Chillán, Nevados de",-36.863,-71.377,1
64582,"2008-05-24 03:45:01",357070,0,1,1000,16.9261810526315,-100.842581052632,4,0.606592932404179,0.43792223851139,3187876.11457372,-36.8633423443491,-71.376666911959,1414.21,"Chillán, Nevados de",-36.863,-71.377,1
64583,"2008-05-24 05:25:02",357070,0,2,1000,45.6273523622047,104.34531496063,6,0.881646016707756,0.762731340847168,2247487.37376511,-36.8547817402496,-71.3539717451521,2236.07,"Chillán, Nevados de",-36.863,-71.377,1
64584,"2008-05-25 02:50:01",357070,0,1,1000,61.1541219512196,86.6684390243903,4,0.726634075001839,0.677228907762057,933757.66083187,-36.8631175550315,-71.3878761040725,2000,"Chillán, Nevados de",-36.863,-71.377,1
64585,"2008-05-28 03:20:01",357070,0,1,1000,28.3222493074793,81.742891966759,6,0.775124293441787,0.515103918387019,4914385.0885351,-36.8633423443491,-71.376666911959,1414.21,"Chillán, Nevados de",-36.863,-71.377,1
64586,"2008-05-29 04:05:01",357070,0,1,1000,43.8300349650351,-104.258811188811,2,0.208153626553875,0.168417095597527,751020.435074967,-36.8633423443491,-71.376666911959,1000,"Chillán, Nevados de",-36.863,-71.377,1
64587,"2008-05-29 05:45:02",357070,0,2,1000,19.8217605633801,101.355528169014,4,0.534561011826596,0.316498360469609,4121384.11064705,-36.8545591353051,-71.3651798716266,1414.21,"Chillán, Nevados de",-36.863,-71.377,1
64588,"2008-05-30 03:10:01",357070,0,1,1000,44.934813432836,83.7741791044778,4,0.537961551507262,0.408598379653768,2444963.94803104,-36.8631175550315,-71.3878761040725,2236.07,"Chillán, Nevados de",-36.863,-71.377,1
64589,"2008-05-30 06:25:02",357070,0,2,1000,49.7257971014494,-84.1999154589372,5,0.58161951293562,0.491751600520224,1698503.54465099,-36.8637887551523,-71.3542481562342,2236.07,"Chillán, Nevados de",-36.863,-71.377,1
64590,"2008-05-31 03:55:01",357070,0,1,1000,27.3258485499462,-102.169505907626,3,0.436815639647361,0.338949624793088,1849667.68074577,-36.8633423443491,-71.376666911959,1000,"Chillán, Nevados de",-36.863,-71.377,1
64591,"2008-05-31 05:30:02",357070,0,2,1000,38.3818636363636,103.358143939394,5,0.710712433630802,0.541726672645591,3193830.88262049,-36.8545591353051,-71.3651798716266,2236.07,"Chillán, Nevados de",-36.863,-71.377,1
64592,"2008-06-02 03:40:01",357070,0,1,1000,5.51091976516632,-98.2129589041095,3,0.628756872692916,0.452692826431686,3327610.47433725,-36.8635660777349,-71.3654575958187,1000,"Chillán, Nevados de",-36.863,-71.377,1
64593,"2008-06-09 03:45:01",357070,0,1,1000,16.9891589571067,-100.848570227082,3,0.41717940275574,0.327603269019502,1692988.9276149,-36.8635660777349,-71.3654575958187,1000,"Chillán, Nevados de",-36.863,-71.377,1
64594,"2008-06-09 05:25:02",357070,0,2,1000,45.590361328125,104.342578125,1,0.111511245332848,0.102523835888435,169862.038499397,-36.8635660777349,-71.3654575958187,1000,"Chillán, Nevados de",-36.863,-71.377,1
64595,"2008-06-11 03:35:01",357070,0,1,1000,6.38478089222267,78.1563245163838,3,0.424340357727355,0.298512939019622,2378138.21357615,-36.8633423443491,-71.376666911959,1000,"Chillán, Nevados de",-36.863,-71.377,1
64596,"2008-06-12 05:55:02",357070,0,2,1000,3.33637495138079,-76.2098677557371,3,0.533396118994978,0.376797209960617,2959719.38074943,-36.8635660777349,-71.3654575958187,2000,"Chillán, Nevados de",-36.863,-71.377,1
64597,"2008-06-13 03:20:01",357070,0,1,1000,28.2889226519338,81.7339171270719,2,0.450891871477048,0.243666108205154,3916566.92583881,-36.8633423443491,-71.376666911959,1000,"Chillán, Nevados de",-36.863,-71.377,1
64598,"2008-06-14 05:45:02",357070,0,2,1000,19.781317761128,101.345733803438,3,0.443521833003691,0.335891481355205,2034213.64615638,-36.8635660777349,-71.3654575958187,1000,"Chillán, Nevados de",-36.863,-71.377,1
64599,"2008-06-15 03:10:01",357070,0,1,1000,44.9185150375941,83.7694548872181,7,1.10284849322655,0.86419180753885,4510611.35949747,-36.8633423443491,-71.376666911959,1414.21,"Chillán, Nevados de",-36.863,-71.377,1
64600,"2008-06-15 06:25:02",357070,0,2,1000,49.7492779783394,-84.2014320096269,5,0.780984892187688,0.643835867695963,2592116.56289361,-36.8545591353051,-71.3651798716266,2236.07,"Chillán, Nevados de",-36.863,-71.377,1
64601,"2008-06-16 03:55:01",357070,0,1,1000,27.3483502945901,-102.170915907874,3,0.668197478219477,0.471081749594891,3725487.27100469,-36.8635660777349,-71.3654575958187,1000,"Chillán, Nevados de",-36.863,-71.377,1
64602,"2008-06-16 05:30:02",357070,0,2,1000,38.3639423805914,103.358862774829,4,0.80586533959484,0.620685410079236,3499900.6678449,-36.8635660777349,-71.3654575958187,1414.21,"Chillán, Nevados de",-36.863,-71.377,1
64603,"2008-06-17 03:00:01",357070,0,1,1000,56.6081517509728,85.7373929961089,4,0.651894952313139,0.586644190329731,1233239.40148641,-36.8635660777349,-71.3654575958187,2000,"Chillán, Nevados de",-36.863,-71.377,1
64604,"2008-06-17 06:15:02",357070,0,2,1000,35.1183827160494,-82.3783641975308,3,0.469581868295176,0.387378613104646,1553641.52310102,-36.8545591353051,-71.3651798716266,1414.21,"Chillán, Nevados de",-36.863,-71.377,1
64605,"2008-06-18 03:40:01",357070,0,1,1000,5.53007836990594,-98.2361128526645,3,0.629038347835315,0.390796581950177,4502769.3752291,-36.8635660777349,-71.3654575958187,1000,"Chillán, Nevados de",-36.863,-71.377,1
64606,"2008-06-21 04:10:01",357070,0,1,1000,50.158399503722,-105.294466501241,4,0.469907131510541,0.410985001743872,1113628.25259004,-36.8635660777349,-71.3654575958187,2000,"Chillán, Nevados de",-36.863,-71.377,1
64607,"2008-06-21 05:50:02",357070,0,2,1000,8.55725388601026,99.6997847748106,3,0.452208014560071,0.278038442594227,3291804.91015445,-36.8635660777349,-71.3654575958187,1414.21,"Chillán, Nevados de",-36.863,-71.377,1
64608,"2008-06-22 03:15:01",357070,0,1,1000,37.2734533898305,82.774738700565,1,0.151895244625419,0.11097568927431,773379.596135959,-36.8633423443491,-71.376666911959,0,"Chillán, Nevados de",-36.863,-71.377,1
64609,"2008-06-24 03:05:01",357070,0,1,1000,51.2912283044057,84.7597997329773,5,0.829083312048874,0.673698741499459,2936768.38338394,-36.8633423443491,-71.376666911959,1414.21,"Chillán, Nevados de",-36.863,-71.377,1
64610,"2008-06-24 06:20:02",357070,0,2,1000,43.0678023850085,-83.2896252129472,4,0.554816241563282,0.473572321221098,1535510.09446727,-36.8635660777349,-71.3654575958187,2000,"Chillán, Nevados de",-36.863,-71.377,1
64611,"2008-06-25 03:45:01",357070,0,1,1000,16.9769983136593,-100.846817032041,1,0.147611949365298,0.121727597132637,489214.257197297,-36.8633423443491,-71.376666911959,0,"Chillán, Nevados de",-36.863,-71.377,1
64612,"2008-06-25 05:25:02",357070,0,2,1000,45.5924827586207,104.342187192118,5,0.70527681659739,0.600457104214394,1981092.56403863,-36.8547817402496,-71.3539717451521,2236.07,"Chillán, Nevados de",-36.863,-71.377,1
64613,"2008-06-26 06:10:02",357070,0,2,1000,25.6851664984864,-81.3524117053481,2,0.324497884883775,0.280878105247287,824413.835129613,-36.8635660777349,-71.3654575958187,1000,"Chillán, Nevados de",-36.863,-71.377,1
64614,"2008-06-27 03:35:01",357070,0,1,1000,6.41360771957465,78.1717762898781,2,0.223698779147363,0.190882343843413,620230.627244657,-36.8633423443491,-71.376666911959,1000,"Chillán, Nevados de",-36.863,-71.377,1
64615,"2008-06-28 05:55:02",357070,0,2,1000,3.3072886638099,-76.0725516166731,2,0.415551706064196,0.292551038463762,2324712.61764819,-36.8635660777349,-71.3654575958187,1000,"Chillán, Nevados de",-36.863,-71.377,1
64616,"2008-06-29 03:20:01",357070,0,1,1000,28.3307376594565,81.7415474209652,2,0.459788587585922,0.302818902045708,2966727.05671005,-36.8633423443491,-71.376666911959,1000,"Chillán, Nevados de",-36.863,-71.377,1
64617,"2008-07-03 03:00:01",357070,0,1,1000,56.6448255813954,85.7362209302326,1,0.189683097164138,0.169178771495734,387531.755132847,-36.8631175550315,-71.3878761040725,1000,"Chillán, Nevados de",-36.863,-71.377,1
64618,"2008-07-03 06:15:02",357070,0,2,1000,35.0762445954293,-82.374879555281,2,0.333834512215959,0.30237268058218,594628.61787844,-36.8545591353051,-71.3651798716266,2000,"Chillán, Nevados de",-36.863,-71.377,1
64619,"2008-07-04 03:40:01",357070,0,1,1000,5.47479655712048,-98.1904616588419,3,0.406280926969456,0.339744580480324,1257536.9486446,-36.8633423443491,-71.376666911959,1414.21,"Chillán, Nevados de",-36.863,-71.377,1
64620,"2008-07-06 03:30:01",357070,0,1,1000,17.9518146718146,80.4664006864005,3,0.517887894188234,0.402731975947541,2176446.85474908,-36.8633423443491,-71.376666911959,1000,"Chillán, Nevados de",-36.863,-71.377,1
64621,"2008-07-09 04:00:01",357070,0,1,1000,36.2319180754227,-103.202139141743,3,0.61668660176471,0.473937720825557,2697953.84974999,-36.8633423443491,-71.376666911959,1000,"Chillán, Nevados de",-36.863,-71.377,1
64622,"2008-07-09 05:40:02",357070,0,2,1000,29.8689833429062,102.3840723722,2,0.360041250283878,0.309474926661925,955703.516454905,-36.8635660777349,-71.3654575958187,1000,"Chillán, Nevados de",-36.863,-71.377,1
64623,"2008-07-15 03:20:01",357070,0,1,1000,28.4220309905922,81.7520033204206,3,0.493613730266617,0.405044001257228,1673967.87827746,-36.8635660777349,-71.3654575958187,1000,"Chillán, Nevados de",-36.863,-71.377,1
64624,"2008-07-16 05:45:02",357070,0,2,1000,19.9140017667842,101.367199646643,2,0.398788632596557,0.312019183697422,1639942.58419364,-36.8545591353051,-71.3651798716266,1414.21,"Chillán, Nevados de",-36.863,-71.377,1
64625,"2008-07-18 05:30:02",357070,0,2,1000,38.4743173150267,103.370930587338,4,0.498994167436341,0.395404641985026,1957842.03102985,-36.8635660777349,-71.3654575958187,2000,"Chillán, Nevados de",-36.863,-71.377,1
64626,"2008-07-19 06:15:02",357070,0,2,1000,34.9805487053021,-82.3581319358816,4,0.589123082573367,0.469803637802408,2255137.50617112,-36.8635660777349,-71.3654575958187,2000,"Chillán, Nevados de",-36.863,-71.377,1
64627,"2008-07-20 03:40:01",357070,0,1,1000,5.34754008603832,-98.1170707860775,2,0.232020943914201,0.168296571388983,1204390.64072661,-36.8633423443491,-71.376666911959,1000,"Chillán, Nevados de",-36.863,-71.377,1
64628,"2008-07-24 03:15:01",357070,0,1,1000,37.4403777619386,82.7923022095509,1,0.0496189039787759,0.0436226535576188,113329.132959868,-36.8633423443491,-71.376666911959,0,"Chillán, Nevados de",-36.863,-71.377,1
64629,"2008-07-26 06:20:02",357070,0,2,1000,42.9376246830092,-83.2830515638207,3,0.398458729394562,0.349016629800368,934455.682330271,-36.8637887551523,-71.3542481562342,2000,"Chillán, Nevados de",-36.863,-71.377,1
64630,"2008-07-27 03:45:01",357070,0,1,1000,16.757578682333,-100.814167016366,2,0.293740193563429,0.207331518606692,1633123.95668232,-36.8633423443491,-71.376666911959,1000,"Chillán, Nevados de",-36.863,-71.377,1
64631,"2008-07-27 05:25:02",357070,0,2,1000,45.6937784371908,104.358338278932,2,0.234360054675461,0.207598293928267,505797.27812198,-36.8545591353051,-71.3651798716266,1414.21,"Chillán, Nevados de",-36.863,-71.377,1
64632,"2008-07-28 06:10:02",357070,0,2,1000,25.538056680162,-81.3315587044534,3,0.401534135311949,0.277466218370585,2344883.63019177,-36.8635660777349,-71.3654575958187,2000,"Chillán, Nevados de",-36.863,-71.377,1
64633,"2008-07-29 03:35:01",357070,0,1,1000,6.67445364891521,78.2896725838265,3,0.373341716322407,0.238860213619679,2541700.40108157,-36.8633423443491,-71.376666911959,1414.21,"Chillán, Nevados de",-36.863,-71.377,1
64634,"2008-08-05 03:40:01",357070,0,1,1000,5.2692415949961,-98.0724706802186,1,0.170527041341191,0.101662456106427,1301540.66093705,-36.8633423443491,-71.376666911959,0,"Chillán, Nevados de",-36.863,-71.377,1
64635,"2008-08-07 03:30:01",357070,0,1,1000,18.1152667814113,80.4908390705677,1,0.120560504131196,0.0990852683706175,405881.955874927,-36.8633423443491,-71.376666911959,0,"Chillán, Nevados de",-36.863,-71.377,1
64636,"2008-08-08 05:50:02",357070,0,2,1000,8.62340239043817,99.7184183266931,2,0.309767302994129,0.248338789261424,1160998.90954811,-36.8635660777349,-71.3654575958187,1000,"Chillán, Nevados de",-36.863,-71.377,1
64637,"2008-08-09 03:15:01",357070,0,1,1000,37.4344879089615,82.7937908961593,2,0.292572747763693,0.252825890039922,751215.610979266,-36.8633423443491,-71.376666911959,1000,"Chillán, Nevados de",-36.863,-71.377,1
64638,"2008-08-12 03:45:01",357070,0,1,1000,16.8163140218303,-100.823593618808,2,0.24984803200757,0.196565970968723,1007030.95363421,-36.8635660777349,-71.3654575958187,1000,"Chillán, Nevados de",-36.863,-71.377,1
64639,"2008-08-17 04:05:01",357070,0,1,1000,43.7780474934039,-104.24580474934,3,0.311053945180645,0.256519664590325,1030697.90315706,-36.8633423443491,-71.376666911959,1000,"Chillán, Nevados de",-36.863,-71.377,1
64640,"2008-08-17 05:45:02",357070,0,2,1000,19.7798020237569,101.351016278047,3,0.323722924101471,0.251833935030792,1358701.89343583,-36.8543354747354,-71.3763878747139,1414.21,"Chillán, Nevados de",-36.863,-71.377,1
64641,"2008-08-21 03:40:01",357070,0,1,1000,5.41529388714732,-98.1665478056425,3,0.358151855506029,0.255110898793803,1947474.08186106,-36.8633423443491,-71.376666911959,1000,"Chillán, Nevados de",-36.863,-71.377,1
64642,"2008-08-21 05:20:02",357070,0,2,1000,51.6058516483517,105.284739010989,1,0.0968120545276055,0.0868620699375543,188054.708751967,-36.8635660777349,-71.3654575958187,1000,"Chillán, Nevados de",-36.863,-71.377,1
64643,"2008-08-22 06:05:02",357070,0,2,1000,15.0209394313966,-80.2166625463535,3,0.326169645216846,0.258521429171322,1278551.2832604,-36.8635660777349,-71.3654575958187,2000,"Chillán, Nevados de",-36.863,-71.377,1
64644,"2008-08-23 03:30:01",357070,0,1,1000,17.9758555460017,80.4784694754943,2,0.352491043455479,0.250187317824922,1933540.41441753,-36.8635660777349,-71.3654575958187,1000,"Chillán, Nevados de",-36.863,-71.377,1
64645,"2008-08-24 05:50:02",357070,0,2,1000,8.5170239043824,99.691705179283,1,0.151185535855488,0.12703816881947,456385.236980752,-36.8635660777349,-71.3654575958187,1000,"Chillán, Nevados de",-36.863,-71.377,1
64646,"2008-09-03 03:10:01",357070,0,1,1000,44.936846511628,83.7828837209302,2,0.202767374316826,0.171216284746685,596315.592875674,-36.8633423443491,-71.376666911959,1000,"Chillán, Nevados de",-36.863,-71.377,1
64647,"2008-09-05 06:15:02",357070,0,2,1000,35.1715727554179,-82.3807801857585,1,0.136514046702898,0.114208656104951,421571.882301192,-36.8635660777349,-71.3654575958187,1000,"Chillán, Nevados de",-36.863,-71.377,1
64648,"2008-09-06 03:40:01",357070,0,1,1000,5.52395139161112,-98.2209604076831,1,0.129753760890441,0.0911619670616274,729384.903364575,-36.8633423443491,-71.376666911959,0,"Chillán, Nevados de",-36.863,-71.377,1
64649,"2008-09-11 05:40:02",357070,0,2,1000,29.7483695652173,102.374599542334,1,0.109680189473397,0.0860655730102322,446316.251153823,-36.8635660777349,-71.3654575958187,1000,"Chillán, Nevados de",-36.863,-71.377,1
64650,"2008-09-13 03:45:01",357070,0,1,1000,17.007898062342,-100.846398483572,1,0.142552035579186,0.111044545699418,595491.558727617,-36.8633423443491,-71.376666911959,0,"Chillán, Nevados de",-36.863,-71.377,1
64651,"2008-09-15 03:35:01",357070,0,1,1000,6.36344637223975,78.16315851735,2,0.325020974222163,0.266773783825812,1100871.89849102,-36.872349198466,-71.37694607323,1000,"Chillán, Nevados de",-36.863,-71.377,1
64652,"2008-09-16 05:55:02",357070,0,2,1000,3.40144972720188,-76.2213522992985,1,0.201657874863772,0.156136764930715,860348.977734769,-36.8635660777349,-71.3654575958187,1000,"Chillán, Nevados de",-36.863,-71.377,1
64653,"2008-09-17 03:20:01",357070,0,1,1000,28.2597461368654,81.7480298013246,1,0.179438484979578,0.154781328016905,466020.266594516,-36.8635660777349,-71.3654575958187,1000,"Chillán, Nevados de",-36.863,-71.377,1
64654,"2008-09-20 03:55:01",357070,0,1,1000,27.3868635875402,-102.165440386681,2,0.375802988125069,0.319012872052022,1073333.19378058,-36.8633423443491,-71.376666911959,1000,"Chillán, Nevados de",-36.863,-71.377,1
64655,"2008-09-21 06:15:02",357070,0,2,1000,35.1448228713486,-82.3716904909881,1,0.167336133752127,0.149451488078269,338019.803235919,-36.8635660777349,-71.3654575958187,1000,"Chillán, Nevados de",-36.863,-71.377,1
64656,"2008-09-23 06:05:02",357070,0,2,1000,15.0208357348702,-80.2045491972005,1,0.176906595234297,0.153549508222202,441448.944528607,-36.8635660777349,-71.3654575958187,1000,"Chillán, Nevados de",-36.863,-71.377,1
64657,"2008-09-28 06:20:02",357070,0,2,1000,43.0750127226463,-83.2889652247668,1,0.158660835337037,0.140960056061193,334544.728313443,-36.8635660777349,-71.3654575958187,1000,"Chillán, Nevados de",-36.863,-71.377,1
64658,"2008-09-29 03:45:01",357070,0,1,1000,17.0482729570345,-100.848256107835,1,0.188084007668089,0.157558174331543,576938.250060712,-36.8633423443491,-71.376666911959,0,"Chillán, Nevados de",-36.863,-71.377,1
64659,"2008-10-04 05:45:02",357070,0,2,1000,19.8366813574259,101.368241516086,1,0.12584289195033,0.0935683090068242,609989.617632266,-36.8635660777349,-71.3654575958187,1000,"Chillán, Nevados de",-36.863,-71.377,1
64660,"2008-10-15 03:45:01",357070,0,1,1000,17.0433656276326,-100.847249368155,1,0.160745391546422,0.135302676525289,480867.313899419,-36.8633423443491,-71.376666911959,0,"Chillán, Nevados de",-36.863,-71.377,1
64809,"2016-12-14 03:10:01",357070,0,1,1000,45.3239126305792,83.8292877492878,3,0.826478940532229,0.696291331551146,2460545.80974247,-36.8630090110135,-71.377000245322,1000,"Chillán, Nevados de",-36.863,-71.377,1
64811,"2016-12-29 05:54:03",357070,0,3,375,21.564799944081,-80.9391109172311,1,0.199095506358989,0.139986434324765,149619.838586628,-36.8686663294419,-71.3757734749843,530.33,"Chillán, Nevados de",-36.863,-71.377,1
64816,"2017-03-10 05:24:03",357070,0,3,375,28.967447528764,103.668427440865,3,0.298652124619159,0.220017932240044,199042.799459635,-36.8652887559915,-71.3756688405821,530.33,"Chillán, Nevados de",-36.863,-71.377,1
64817,"2017-03-29 06:06:03",357070,0,3,375,37.5757502302942,-82.7333863982676,2,0.28903581119355,0.263054028290578,65766.3879731478,-36.8652887559915,-71.3756688405821,375,"Chillán, Nevados de",-36.863,-71.377,1
64818,"2017-03-31 05:30:03",357070,0,3,375,20.354562866577,102.714538275435,3,0.371084868913574,0.324834138825355,117072.160535803,-36.8652046152475,-71.379872411859,530.33,"Chillán, Nevados de",-36.863,-71.377,1
64821,"2017-04-26 05:42:03",357070,0,3,375,1.04102593059106,0.799398828627163,1,0.0903896299256326,0.0715754372180629,47623.4252910357,-36.8686663294419,-71.3757734749843,530.33,"Chillán, Nevados de",-36.863,-71.377,1
64822,"2017-04-28 06:42:03",357070,0,3,375,66.9672810112627,-88.3817425872165,2,0.242109784950949,0.192024416826641,126778.588064655,-36.8686663294419,-71.3757734749843,838.526,"Chillán, Nevados de",-36.863,-71.377,1
64834,"2017-12-05 06:00:03",357070,0,3,375,30.4432562495595,-81.901067577004,3,0.499639125874168,0.393660892668723,268257.402801282,-36.8652887559915,-71.3756688405821,375,"Chillán, Nevados de",-36.863,-71.377,1
64836,"2017-12-14 04:54:03",357070,0,3,375,58.2953952780544,108.53389938077,1,0.145869189363326,0.127650971763445,46114.8632996978,-36.8618270498877,-71.3797676102055,375,"Chillán, Nevados de",-36.863,-71.377,1
64837,"2017-12-17 05:36:03",357070,0,3,375,9.50152091760673,101.520630772525,7,1.23082307296976,0.726828776251859,1275735.56356719,-36.8652046152475,-71.379872411859,750,"Chillán, Nevados de",-36.863,-71.377,1
64838,"2017-12-20 06:18:03",357070,0,3,375,50.8553769200725,-84.704004477935,1,0.149692869200891,0.131662017882819,45640.5923988695,-36.8685821784274,-71.3799772309783,375,"Chillán, Nevados de",-36.863,-71.377,1
64839,"2017-12-21 06:00:02",357070,0,2,1000,14.4268773081656,-80.1517808781287,1,0.214439490539151,0.190915747568725,444598.742141039,-36.8632327741136,-71.365790980576,1000,"Chillán, Nevados de",-36.863,-71.377,1
64840,"2017-12-21 06:00:03",357070,0,3,375,30.3954474626342,-81.8932577109791,4,0.784045121367883,0.487525570608688,750565.112859211,-36.8652887559915,-71.3756688405821,838.526,"Chillán, Nevados de",-36.863,-71.377,1
64841,"2017-12-22 05:42:03",357070,0,3,375,1.27915826356338,-36.0544964457987,5,1.00726346818213,0.615794526784846,990905.757911873,-36.8652887559915,-71.3756688405821,530.33,"Chillán, Nevados de",-36.863,-71.377,1
64842,"2017-12-23 05:50:02",357070,0,2,1000,9.15393999999993,99.8432199999999,1,0.204471503545788,0.177771620735255,504627.785119084,-36.8630090110135,-71.377000245322,0,"Chillán, Nevados de",-36.863,-71.377,1
64843,"2017-12-24 05:06:03",357070,0,3,375,49.0496589469732,106.551097533644,7,1.5849015653016,0.83419970998612,1900214.07126732,-36.8686663294419,-71.3757734749843,838.526,"Chillán, Nevados de",-36.863,-71.377,1
64844,"2017-12-25 06:24:03",357070,0,3,375,55.8383086206508,-85.6397593590117,1,0.164893468511088,0.139365252881409,64618.2958126262,-36.8653727482343,-71.37146525187,750,"Chillán, Nevados de",-36.863,-71.377,1
64845,"2017-12-26 06:06:03",357070,0,3,375,38.2309464180808,-82.832225572,2,0.289022929853013,0.250413459539426,97730.2217312657,-36.8652887559915,-71.3756688405821,530.33,"Chillán, Nevados de",-36.863,-71.377,1
64846,"2017-12-27 03:45:01",357070,0,1,1000,15.9788124999999,-100.723266666667,1,0.234740620724709,0.209944738228966,468642.17916954,-36.8630090110135,-71.377000245322,0,"Chillán, Nevados de",-36.863,-71.377,1
64847,"2017-12-27 05:48:03",357070,0,3,375,11.4251087699823,-79.8752520348287,2,0.460557745439897,0.22748221342866,589972.440403444,-36.8652887559915,-71.3756688405821,530.33,"Chillán, Nevados de",-36.863,-71.377,1
64848,"2017-12-28 05:30:03",357070,0,3,375,19.5327558533075,102.616720074594,4,0.782514296453343,0.531883902183914,634408.185494494,-36.8652046152475,-71.379872411859,530.33,"Chillán, Nevados de",-36.863,-71.377,1
64849,"2017-12-29 05:12:03",357070,0,3,375,43.2560987081237,105.571871963145,4,0.764368974174609,0.529375045937283,594828.380850731,-36.8652046152475,-71.379872411859,530.33,"Chillán, Nevados de",-36.863,-71.377,1
64850,"2017-12-30 04:54:03",357070,0,3,375,58.3474881164049,108.546068537348,5,0.920749480778767,0.608038338259802,791550.079501129,-36.8651203260042,-71.3840759656699,838.526,"Chillán, Nevados de",-36.863,-71.377,1
64851,"2017-12-31 06:12:03",357070,0,3,375,44.996404059522,-83.7564360236219,3,0.346708010710488,0.26150038720571,215681.796996469,-36.8686663294419,-71.3757734749843,530.33,"Chillán, Nevados de",-36.863,-71.377,1
64852,"2018-01-01 05:45:02",357070,0,2,1000,20.3174722838135,101.409246119734,2,0.403887996993064,0.353489830933904,952525.338518113,-36.8630090110135,-71.377000245322,1000,"Chillán, Nevados de",-36.863,-71.377,1
64853,"2018-01-01 05:54:03",357070,0,3,375,21.318147230097,-80.8847293209051,3,0.693329227300503,0.333659088835186,910415.037990336,-36.8652046152475,-71.379872411859,530.33,"Chillán, Nevados de",-36.863,-71.377,1
64854,"2018-01-04 05:00:03",357070,0,3,375,54.0807333566226,107.553956347823,2,0.33161212854078,0.218711828000337,285778.885742996,-36.8651203260042,-71.3840759656699,530.33,"Chillán, Nevados de",-36.863,-71.377,1
64855,"2018-01-05 04:42:03",357070,0,3,375,65.3354824493403,110.585164435049,8,0.989988817842204,0.793002174205645,498622.441705041,-36.8616583434973,-71.3881743309669,1546.16,"Chillán, Nevados de",-36.863,-71.377,1
64856,"2018-01-06 06:00:03",357070,0,3,375,30.2761117202095,-81.8654907204313,4,0.79627169002635,0.441233880077205,898689.456433772,-36.8686663294419,-71.3757734749843,838.526,"Chillán, Nevados de",-36.863,-71.377,1
64857,"2018-01-07 05:42:03",357070,0,3,375,1.21098499789078,-28.5470287573762,3,0.80570944530234,0.414496592781689,990257.532942896,-36.8686663294419,-71.3757734749843,530.33,"Chillán, Nevados de",-36.863,-71.377,1
64858,"2018-01-09 05:06:03",357070,0,3,375,49.1405032938032,106.568376762245,3,0.560949836203495,0.495728196712052,165092.274962716,-36.8652046152475,-71.379872411859,530.33,"Chillán, Nevados de",-36.863,-71.377,1
64859,"2018-01-10 05:36:04",357070,0,4,375,10.3705289295948,101.309400703464,4,0.984380678541726,0.702857584312071,712605.332268814,-36.8652887559915,-71.3756688405821,530.33,"Chillán, Nevados de",-36.863,-71.377,1
64860,"2018-01-11 06:06:03",357070,0,3,375,38.130978715791,-82.8189396980571,4,0.805289655888777,0.586631150785363,553479.341043018,-36.8652046152475,-71.379872411859,530.33,"Chillán, Nevados de",-36.863,-71.377,1
64861,"2018-01-12 05:48:03",357070,0,3,375,11.2668589167863,-79.8458367423806,4,0.90936236390845,0.625836378290507,717675.151095417,-36.8652046152475,-71.379872411859,530.33,"Chillán, Nevados de",-36.863,-71.377,1
64862,"2018-01-13 05:30:03",357070,0,3,375,19.687790774932,102.631709592712,4,1.00207942912635,0.596239719653906,1027281.76460211,-36.8652046152475,-71.379872411859,530.33,"Chillán, Nevados de",-36.863,-71.377,1
64863,"2018-01-14 05:12:03",357070,0,3,375,43.3647885085018,105.58897966185,5,1.09871698013079,0.738142031637835,912705.338372798,-36.8685821784274,-71.3799772309783,838.526,"Chillán, Nevados de",-36.863,-71.377,1
64864,"2018-01-14 06:00:04",357070,0,4,375,29.7461748859385,-81.7325560977974,3,0.508342339239984,0.33762889118487,432118.415389509,-36.8652046152475,-71.379872411859,375,"Chillán, Nevados de",-36.863,-71.377,1
64865,"2018-01-16 05:24:04",357070,0,4,375,29.1129722245004,103.569376346888,4,0.754743491611051,0.481751163375398,691011.830846497,-36.8652046152475,-71.379872411859,530.33,"Chillán, Nevados de",-36.863,-71.377,1
64866,"2018-01-16 06:12:03",357070,0,3,375,44.910525270804,-83.7514706022033,6,1.01899704559272,0.727283281279387,738400.465918137,-36.8652887559915,-71.3756688405821,530.33,"Chillán, Nevados de",-36.863,-71.377,1
64867,"2018-01-17 05:06:04",357070,0,4,375,49.4251848929718,106.560531765458,5,0.87938779065674,0.595650568579619,718209.843382712,-36.8617427709321,-71.383970979333,838.526,"Chillán, Nevados de",-36.863,-71.377,1
64868,"2018-01-17 05:45:02",357070,0,2,1000,20.3761946902653,101.422730088496,1,0.227033124989695,0.193348752956536,636634.631426698,-36.8630090110135,-71.377000245322,0,"Chillán, Nevados de",-36.863,-71.377,1
64869,"2018-01-17 05:54:03",357070,0,3,375,21.1696117308068,-80.8951422840717,3,0.595348640533655,0.358558547023701,599374.92419707,-36.8685821784274,-71.3799772309783,530.33,"Chillán, Nevados de",-36.863,-71.377,1
64870,"2018-01-18 04:48:04",357070,0,4,375,62.2794347919597,109.577511770889,9,1.64363601288147,1.17288061772148,1191599.59399873,-36.8616583434973,-71.3881743309669,1546.16,"Chillán, Nevados de",-36.863,-71.377,1
64871,"2018-01-18 05:36:03",357070,0,3,375,9.8079465161705,101.557444465409,2,0.503377270076994,0.266945783712243,598467.199860774,-36.8652046152475,-71.379872411859,530.33,"Chillán, Nevados de",-36.863,-71.377,1
64872,"2018-01-18 06:24:04",357070,0,4,375,55.5248919628054,-85.5391370234379,2,0.327520808678417,0.267253438962295,152551.779593935,-36.8686663294419,-71.3757734749843,530.33,"Chillán, Nevados de",-36.863,-71.377,1
64873,"2018-01-19 05:18:03",357070,0,3,375,36.7117794247286,104.625522735826,1,0.0974779629602914,0.0697582187978515,70165.602411176,-36.8652046152475,-71.379872411859,0,"Chillán, Nevados de",-36.863,-71.377,1
64874,"2018-01-19 06:06:04",357070,0,4,375,37.7491729490776,-82.6988035267064,2,0.188584052197754,0.161845204617567,67682.707937349,-36.8652887559915,-71.3756688405821,530.33,"Chillán, Nevados de",-36.863,-71.377,1
64875,"2018-01-20 05:00:03",357070,0,3,375,54.1735843662428,107.576141421444,4,0.983758377811004,0.747236969291885,598694.815314018,-36.8618270498877,-71.3797676102055,530.33,"Chillán, Nevados de",-36.863,-71.377,1
64876,"2018-01-20 05:48:04",357070,0,4,375,10.7711729754664,-79.5255494686868,3,0.76824323367474,0.544081706433951,567408.865828247,-36.8652046152475,-71.379872411859,530.33,"Chillán, Nevados de",-36.863,-71.377,1
64877,"2018-01-21 05:30:04",357070,0,4,375,20.1229113575683,102.522205361479,4,0.960131688094864,0.652370482958871,779020.550500483,-36.8652887559915,-71.3756688405821,530.33,"Chillán, Nevados de",-36.863,-71.377,1
64878,"2018-01-21 06:18:03",357070,0,3,375,50.7095541883471,-84.6747987194009,1,0.172489645202148,0.149907942847785,57159.9340844791,-36.8686663294419,-71.3757734749843,530.33,"Chillán, Nevados de",-36.863,-71.377,1
64879,"2018-01-22 05:12:04",357070,0,4,375,43.6320267394589,105.562994587168,1,0.0990919862682417,0.0881631558413385,27663.6020180985,-36.8617427709321,-71.383970979333,530.33,"Chillán, Nevados de",-36.863,-71.377,1
64881,"2018-01-23 05:42:03",357070,0,3,375,1.13094047269744,-19.4019520978026,3,0.619827256351962,0.402676024867457,549664.054695153,-36.8652887559915,-71.3756688405821,530.33,"Chillán, Nevados de",-36.863,-71.377,1
64882,"2018-01-24 05:24:03",357070,0,3,375,28.8144294805063,103.644777005124,3,0.646815878722921,0.410080917202719,599235.371348012,-36.8652046152475,-71.379872411859,375,"Chillán, Nevados de",-36.863,-71.377,1
64883,"2018-01-24 06:12:04",357070,0,4,375,44.6318856940084,-83.6496010927962,4,0.858382264309529,0.539557087775193,807026.228102539,-36.8686663294419,-71.3757734749843,530.33,"Chillán, Nevados de",-36.863,-71.377,1
64884,"2018-01-25 05:06:03",357070,0,3,375,49.2552876958172,106.589897740021,5,0.917068886390943,0.679317447702572,601808.329179939,-36.8652046152475,-71.379872411859,530.33,"Chillán, Nevados de",-36.863,-71.377,1
64885,"2018-01-25 05:54:04",357070,0,4,375,20.7916171092209,-80.7037112212371,2,0.410673380740409,0.273724556246281,346651.712000763,-36.8652887559915,-71.3756688405821,375,"Chillán, Nevados de",-36.863,-71.377,1
64886,"2018-01-26 04:48:03",357070,0,3,375,62.1841044912591,109.593624776981,7,1.27904888172464,0.959722259946909,808295.511374893,-36.8617427709321,-71.383970979333,1060.66,"Chillán, Nevados de",-36.863,-71.377,1
64887,"2018-01-26 05:36:04",357070,0,4,375,10.1825900193931,100.452526973434,3,0.538800759072315,0.40444494828576,340088.146053468,-36.8618270498877,-71.3797676102055,375,"Chillán, Nevados de",-36.863,-71.377,1
64889,"2018-01-27 05:18:04",357070,0,4,375,36.9359896668244,104.574784806037,3,0.492017835103552,0.383350868767567,275063.258537961,-36.8652046152475,-71.379872411859,375,"Chillán, Nevados de",-36.863,-71.377,1
64890,"2018-01-27 06:06:03",357070,0,3,375,37.9733316239595,-82.7811567374462,3,0.593643762561663,0.387356221796383,522165.337562116,-36.8686663294419,-71.3757734749843,530.33,"Chillán, Nevados de",-36.863,-71.377,1
64891,"2018-01-28 05:00:04",357070,0,4,375,54.3065996914971,107.547870712799,2,0.353907630787724,0.26737736784695,219029.728068836,-36.8651203260042,-71.3840759656699,530.33,"Chillán, Nevados de",-36.863,-71.377,1
64892,"2018-01-28 05:48:03",357070,0,3,375,11.0484901574336,-79.8380990836539,3,0.662252357900612,0.404089556294981,653474.591564253,-36.8652046152475,-71.379872411859,530.33,"Chillán, Nevados de",-36.863,-71.377,1
64893,"2018-01-28 19:05:02",357070,1,2,1000,35.9614378238343,-103.272856217617,3,7.17359968367909,4.06842525293314,58687796.7410986,-36.855762106112,-71.2870541359439,9219.54,"Chillán, Nevados de",-36.863,-71.377,1
64894,"2018-01-29 05:30:03",357070,0,3,375,19.8990143923907,102.660736420304,5,1.15291629531614,0.829996370065589,817391.060790446,-36.8652046152475,-71.379872411859,530.33,"Chillán, Nevados de",-36.863,-71.377,1
64895,"2018-01-29 06:18:04",357070,0,4,375,50.5609060073943,-84.6167955675611,3,0.549921988056505,0.462588818263956,221062.086037391,-36.8686663294419,-71.3757734749843,838.526,"Chillán, Nevados de",-36.863,-71.377,1
64896,"2018-01-30 03:35:01",357070,0,1,1000,7.55349980182315,78.6016567578279,1,0.2692979339506,0.240120112265759,551460.829843509,-36.8630090110135,-71.377000245322,0,"Chillán, Nevados de",-36.863,-71.377,1
64897,"2018-01-30 05:12:03",357070,0,3,375,43.5067949012579,105.614302890977,3,0.533247578063712,0.409112644954747,314216.549432068,-36.8652046152475,-71.379872411859,530.33,"Chillán, Nevados de",-36.863,-71.377,1
64898,"2018-01-30 06:00:04",357070,0,4,375,29.8882274959389,-81.720486586952,3,0.79002271238407,0.3949462359498,1000037.33097425,-36.8652046152475,-71.379872411859,530.33,"Chillán, Nevados de",-36.863,-71.377,1
64899,"2018-01-31 04:54:03",357070,0,3,375,58.5110142081444,108.592952174187,7,1.3483274447814,1.08975431193623,654513.242514339,-36.8617427709321,-71.383970979333,838.526,"Chillán, Nevados de",-36.863,-71.377,1
64900,"2018-01-31 05:42:04",357070,0,4,375,1.07641599102369,-7.03760201648983,2,0.499543376304422,0.296505205055133,513940.370974761,-36.8652046152475,-71.379872411859,530.33,"Chillán, Nevados de",-36.863,-71.377,1
64901,"2018-02-01 05:24:04",357070,0,4,375,28.9709542060474,103.555937393984,3,0.882421864751765,0.530745291899752,890181.325031658,-36.8618270498877,-71.3797676102055,530.33,"Chillán, Nevados de",-36.863,-71.377,1
64902,"2018-02-01 06:12:03",357070,0,3,375,44.7746505525251,-83.73035535312,3,0.742828005363987,0.521734801053242,559642.173411572,-36.8686663294419,-71.3757734749843,530.33,"Chillán, Nevados de",-36.863,-71.377,1
64903,"2018-02-02 05:54:03",357070,0,3,375,20.9465888575102,-80.8672332011851,2,0.469629316244397,0.387413867895135,208107.853634069,-36.8686663294419,-71.3757734749843,530.33,"Chillán, Nevados de",-36.863,-71.377,1
64905,"2018-02-04 05:18:03",357070,0,3,375,36.8852312672414,104.655970440126,3,0.775883279847177,0.527889332640801,627734.67886614,-36.8652046152475,-71.379872411859,530.33,"Chillán, Nevados de",-36.863,-71.377,1
64906,"2018-02-04 06:06:04",357070,0,4,375,37.87178392703,-82.6994372777683,3,0.620419578939521,0.461159380614673,403127.377009771,-36.8652046152475,-71.379872411859,530.33,"Chillán, Nevados de",-36.863,-71.377,1
64907,"2018-02-05 05:00:03",357070,0,3,375,54.2893980726846,107.600054837863,3,0.812030687086021,0.651482564431459,406387.435469361,-36.8617427709321,-71.383970979333,838.526,"Chillán, Nevados de",-36.863,-71.377,1
64908,"2018-02-05 05:48:04",357070,0,4,375,10.9400476979399,-79.5500301835642,4,1.15648412070348,0.862113780103813,745124.9246429,-36.8652046152475,-71.379872411859,375,"Chillán, Nevados de",-36.863,-71.377,1
64909,"2018-02-06 04:36:03",357070,0,3,375,65.4750492734115,110.634681025552,13,3.3899270962714,2.61114696951869,1971287.19584282,-36.8649513020275,-71.3924830207709,1677.05,"Chillán, Nevados de",-36.863,-71.377,1
64910,"2018-02-06 05:30:04",357070,0,4,375,19.9802919878437,102.50921159466,4,1.54025606093069,0.836335559060246,1781798.77035955,-36.8652046152475,-71.379872411859,530.33,"Chillán, Nevados de",-36.863,-71.377,1
64911,"2018-02-07 05:12:04",357070,0,4,375,43.5417984022528,105.552673675062,4,0.710172041205863,0.594704487447051,292277.245451993,-36.8651203260042,-71.3840759656699,375,"Chillán, Nevados de",-36.863,-71.377,1
64912,"2018-02-07 06:00:03",357070,0,3,375,29.9009635328236,-81.8232258058024,3,0.654174526712983,0.439828698430841,542562.877839171,-36.8686663294419,-71.3757734749843,530.33,"Chillán, Nevados de",-36.863,-71.377,1
64913,"2018-02-08 04:54:04",357070,0,4,375,58.5232125675808,108.552442218571,8,1.52140907558732,1.14797219804009,945262.09629144,-36.8616583434973,-71.3881743309669,1185.85,"Chillán, Nevados de",-36.863,-71.377,1
64914,"2018-02-08 05:42:03",357070,0,3,375,1.06377494293383,-6.87516018809472,3,0.752724934188791,0.442062624595116,786363.971158991,-36.8652887559915,-71.3756688405821,530.33,"Chillán, Nevados de",-36.863,-71.377,1
64915,"2018-02-09 05:24:03",357070,0,3,375,29.0256410991498,103.673106386229,5,0.953355111363922,0.579799286375147,945563.182002839,-36.8652046152475,-71.379872411859,530.33,"Chillán, Nevados de",-36.863,-71.377,1
64916,"2018-02-09 06:12:04",357070,0,4,375,44.7342243954753,-83.6675875663952,4,0.631901192548952,0.450299046214754,459680.432908438,-36.8652887559915,-71.3756688405821,838.526,"Chillán, Nevados de",-36.863,-71.377,1
64917,"2018-02-10 05:06:03",357070,0,3,375,49.3922777265841,106.618672028848,10,1.72724223104673,1.10166912404764,1583481.92709143,-36.857049575909,-71.2786808963787,9070.04,"Chillán, Nevados de",-36.863,-71.377,1
64918,"2018-02-10 18:35:02",357070,1,2,1000,18.2681139404404,80.5726542943462,3,12.4497023754203,3.18756709592088,175054356.782538,-36.855762106112,-71.2870541359439,9055.38,"Chillán, Nevados de",-36.863,-71.377,1
64919,"2018-02-11 04:48:03",357070,0,3,375,62.2703548233624,109.666894271079,7,1.21504508624512,0.838957474103301,951971.768233969,-36.8617427709321,-71.383970979333,838.526,"Chillán, Nevados de",-36.863,-71.377,1
64920,"2018-02-11 05:36:04",357070,0,4,375,10.0207991103839,101.313759140178,3,0.81313008316996,0.363935483245312,1137023.83105927,-36.8652046152475,-71.379872411859,530.33,"Chillán, Nevados de",-36.863,-71.377,1
64921,"2018-02-11 06:24:03",357070,0,3,375,55.5683729372389,-85.5828245838569,2,0.281172371884619,0.227142589304507,136762.887155909,-36.8652887559915,-71.3756688405821,530.33,"Chillán, Nevados de",-36.863,-71.377,1
64922,"2018-02-12 05:18:04",357070,0,4,375,36.8367689360842,104.575601900812,3,0.849752311648267,0.435331352536831,1049003.05275082,-36.8652046152475,-71.379872411859,375,"Chillán, Nevados de",-36.863,-71.377,1
64923,"2018-02-12 06:06:03",357070,0,3,375,37.7796423793785,-82.74366408996,3,0.650541336681318,0.4256576259378,569236.89281953,-36.8686663294419,-71.3757734749843,838.526,"Chillán, Nevados de",-36.863,-71.377,1
64924,"2018-02-13 05:00:04",357070,0,4,375,54.2428320647759,107.545439832615,4,0.934686301031786,0.697934232011561,599278.674707444,-36.8618270498877,-71.3797676102055,530.33,"Chillán, Nevados de",-36.863,-71.377,1
64925,"2018-02-13 05:48:03",357070,0,3,375,10.7681282206324,-79.7972177425136,2,0.449996521374299,0.348213876617435,257637.319540811,-36.8686663294419,-71.3757734749843,530.33,"Chillán, Nevados de",-36.863,-71.377,1
64926,"2018-02-14 05:30:03",357070,0,3,375,20.1587453803904,102.693748255242,2,0.51712211065177,0.350617567323726,421464.625299112,-36.8652046152475,-71.379872411859,375,"Chillán, Nevados de",-36.863,-71.377,1
64927,"2018-02-14 06:18:04",357070,0,4,375,50.6386659623113,-84.6304002703272,4,0.948358601071192,0.703317427539362,620260.470502444,-36.8652887559915,-71.3756688405821,838.526,"Chillán, Nevados de",-36.863,-71.377,1
64928,"2018-02-15 05:12:03",357070,0,3,375,43.6763210163723,105.645169320897,4,1.04200089657676,0.794970476512232,625295.75078835,-36.8652046152475,-71.379872411859,530.33,"Chillán, Nevados de",-36.863,-71.377,1
64929,"2018-02-15 06:00:04",357070,0,4,375,30.0182834804713,-81.7585212760525,5,1.59977093314649,0.999291299019551,1519964.07388383,-36.8652046152475,-71.379872411859,530.33,"Chillán, Nevados de",-36.863,-71.377,1
64930,"2018-02-16 04:54:03",357070,0,3,375,58.6149465080805,108.624066928625,6,1.24407390005001,1.02938542224575,543430.209442039,-36.8651203260042,-71.3840759656699,838.526,"Chillán, Nevados de",-36.863,-71.377,1
64931,"2018-02-17 06:12:03",357070,0,3,375,44.5662513101397,-83.6817309093953,3,0.709082959491875,0.484522579223658,568418.462553925,-36.8686663294419,-71.3757734749843,530.33,"Chillán, Nevados de",-36.863,-71.377,1
64932,"2018-02-18 05:54:03",357070,0,3,375,20.6531925907215,-80.8109799530565,2,0.478924263299145,0.33301071312522,369343.673877748,-36.8686663294419,-71.3757734749843,530.33,"Chillán, Nevados de",-36.863,-71.377,1
64933,"2018-02-19 05:36:03",357070,0,3,375,10.3544226243895,101.642828263861,3,0.563291347677638,0.395218321149359,425434.848399705,-36.8686663294419,-71.3757734749843,530.33,"Chillán, Nevados de",-36.863,-71.377,1
64934,"2018-02-21 05:00:03",357070,0,3,375,54.4195843532993,107.634293402325,7,1.07540549711383,0.82174801075718,642070.512340263,-36.8651203260042,-71.3840759656699,750,"Chillán, Nevados de",-36.863,-71.377,1
64935,"2018-02-22 04:36:03",357070,0,3,375,65.5585229056264,110.667196991571,1,0.120767880245955,0.10465801698134,40778.0913885566,-36.8650358882635,-71.3882795019841,750,"Chillán, Nevados de",-36.863,-71.377,1
64936,"2018-02-22 06:18:03",357070,0,3,375,50.4040337625852,-84.6234889147411,3,0.465382084612419,0.380732512284313,214269.229955517,-36.8653727482343,-71.37146525187,838.526,"Chillán, Nevados de",-36.863,-71.377,1
64937,"2018-02-24 05:42:03",357070,0,3,375,1.03487262544545,9.3917932532589,4,0.840562771224446,0.562794911255838,703099.89554554,-36.8652046152475,-71.379872411859,530.33,"Chillán, Nevados de",-36.863,-71.377,1
64938,"2018-02-25 05:24:03",357070,0,3,375,29.2911726553907,103.70602686953,6,1.24820046122371,0.838083902942945,1038107.53814819,-36.8686663294419,-71.3757734749843,838.526,"Chillán, Nevados de",-36.863,-71.377,1
64939,"2018-02-26 05:06:03",357070,0,3,375,49.5512419333342,106.650882622886,4,0.813188962357682,0.578498847438665,594059.353388763,-36.8652046152475,-71.379872411859,375,"Chillán, Nevados de",-36.863,-71.377,1
64940,"2018-02-27 04:42:03",357070,0,3,375,62.3715056199162,109.657963480817,8,1.44281800352662,1.11048755568593,841211.446096741,-36.8616583434973,-71.3881743309669,1352.08,"Chillán, Nevados de",-36.863,-71.377,1
64941,"2018-02-27 06:24:03",357070,0,3,375,55.4124090716611,-85.5550876135031,3,0.538569512380652,0.404239548664437,340022.720656669,-36.8686663294419,-71.3757734749843,838.526,"Chillán, Nevados de",-36.863,-71.377,1
64942,"2018-02-28 06:06:03",357070,0,3,375,37.5622352940547,-82.7317179042888,3,0.590401097516905,0.412801351117644,449549.358073128,-36.8686663294419,-71.3757734749843,838.526,"Chillán, Nevados de",-36.863,-71.377,1
64943,"2018-03-01 05:48:03",357070,0,3,375,10.4459197483037,-79.7430219498907,4,0.787895706350501,0.569740094084799,552206.393547557,-36.8652046152475,-71.379872411859,375,"Chillán, Nevados de",-36.863,-71.377,1
64944,"2018-03-02 05:30:03",357070,0,3,375,20.4115095620973,102.714657965826,4,0.937102168448782,0.588570963359551,882219.612882117,-36.8652046152475,-71.379872411859,530.33,"Chillán, Nevados de",-36.863,-71.377,1
64945,"2018-03-03 05:12:03",357070,0,3,375,43.8167531370614,105.671599308268,4,0.77114887055426,0.593191172060177,450455.424313148,-36.8618270498877,-71.3797676102055,530.33,"Chillán, Nevados de",-36.863,-71.377,1
64946,"2018-03-04 04:54:03",357070,0,3,375,58.6978013356242,108.664591718518,7,1.41801091507194,0.926933069945085,1243040.79547735,-36.8650358882635,-71.3882795019841,838.526,"Chillán, Nevados de",-36.863,-71.377,1
64947,"2018-03-04 06:30:03",357070,0,3,375,59.7748882611904,-86.4837245480452,1,0.182026346666383,0.139020808066203,108857.769581706,-36.8652887559915,-71.3756688405821,375,"Chillán, Nevados de",-36.863,-71.377,1
64948,"2018-03-05 04:30:03",357070,0,3,375,68.41620014651,111.712168604023,7,1.07290131479433,0.870025153952336,513530.282131308,-36.8614890431978,-71.3965809816307,2019.44,"Chillán, Nevados de",-36.863,-71.377,1
64949,"2018-03-05 06:12:03",357070,0,3,375,44.4431618710989,-83.6666403719353,2,0.345128042881126,0.249317329383566,242520.868540699,-36.8652887559915,-71.3756688405821,375,"Chillán, Nevados de",-36.863,-71.377,1
64950,"2018-03-06 05:54:03",357070,0,3,375,20.5110932720661,-80.8009940807824,3,0.637134956775634,0.445397409230619,485335.66722332,-36.8652887559915,-71.3756688405821,530.33,"Chillán, Nevados de",-36.863,-71.377,1
64951,"2018-03-07 05:36:03",357070,0,3,375,10.4678379615489,101.63997183485,2,0.546069930965404,0.357636161585328,476972.978743319,-36.8652046152475,-71.379872411859,375,"Chillán, Nevados de",-36.863,-71.377,1
64952,"2018-03-08 03:55:01",357070,0,1,1000,26.4047928683797,-102.062842160461,1,0.30990215741224,0.275059383807609,658528.421127532,-36.8630090110135,-71.377000245322,0,"Chillán, Nevados de",-36.863,-71.377,1
64953,"2018-03-08 05:18:03",357070,0,3,375,37.1323589501849,104.694518516716,6,1.75000832982184,1.01675281541482,1856053.02084276,-36.8685821784274,-71.3799772309783,17106.7,"Chillán, Nevados de",-36.863,-71.377,1
64954,"2018-03-09 05:00:03",357070,0,3,375,54.4285909173402,107.640190163461,3,0.642073010161135,0.455114959298072,473237.566247129,-36.8651203260042,-71.3840759656699,530.33,"Chillán, Nevados de",-36.863,-71.377,1
64955,"2018-03-09 06:15:02",357070,0,2,1000,34.6188242498468,-82.3466074709126,1,0.265467545100898,0.242504837958304,433995.164995033,-36.8632327741136,-71.365790980576,1000,"Chillán, Nevados de",-36.863,-71.377,1
64956,"2018-03-09 06:36:03",357070,0,3,375,63.5901612796742,-87.4294930142928,4,0.666399891957938,0.562921341351423,261930.081222741,-36.8686663294419,-71.3757734749843,1185.85,"Chillán, Nevados de",-36.863,-71.377,1
64957,"2018-03-11 05:12:04",357070,0,4,375,43.4294208908669,105.54635638315,4,0.61512859736135,0.406718803083914,527537.29176476,-36.8652046152475,-71.379872411859,530.33,"Chillán, Nevados de",-36.863,-71.377,1
64958,"2018-03-11 06:00:03",357070,0,3,375,29.6508675410659,-81.7984944711203,4,0.811670770955393,0.428605664927314,969633.549633574,-36.8652887559915,-71.3756688405821,530.33,"Chillán, Nevados de",-36.863,-71.377,1
64959,"2018-03-12 04:54:04",357070,0,4,375,58.4524663747161,108.541783697286,3,0.44938529401992,0.361868571799641,221526.70312008,-36.8617427709321,-71.383970979333,838.526,"Chillán, Nevados de",-36.863,-71.377,1
64960,"2018-03-12 05:42:03",357070,0,3,375,1.03467511419774,5.63548564222217,3,0.67561227934174,0.353127233602566,816290.272027285,-36.8652887559915,-71.3756688405821,530.33,"Chillán, Nevados de",-36.863,-71.377,1
64961,"2018-03-14 05:06:03",357070,0,3,375,49.471878377718,106.64209900326,5,0.797932310650453,0.53935467231535,654524.647035732,-36.8651203260042,-71.3840759656699,530.33,"Chillán, Nevados de",-36.863,-71.377,1
64962,"2018-03-15 06:24:03",357070,0,3,375,55.4600996249235,-85.5500242863932,6,0.998630643218878,0.578871686481338,1062514.8592419,-36.8652887559915,-71.3756688405821,838.526,"Chillán, Nevados de",-36.863,-71.377,1
64963,"2018-03-16 05:18:04",357070,0,4,375,36.7286891574204,104.563403574866,4,0.651738436146321,0.47618197904973,444377.282025745,-36.861911180362,-71.3755642236151,530.33,"Chillán, Nevados de",-36.863,-71.377,1
64964,"2018-03-16 06:06:03",357070,0,3,375,37.6903259760904,-82.7603327346822,4,0.601867078385498,0.456739143767326,367355.084502248,-36.8652887559915,-71.3756688405821,750,"Chillán, Nevados de",-36.863,-71.377,1
64965,"2018-03-17 06:36:04",357070,0,4,375,63.8020212168592,-87.4608209924867,1,0.0268811254515021,0.0159159063870734,27755.7107568351,-36.8750838922579,-71.3927991932149,1590.99,"Chillán, Nevados de",-36.863,-71.377,1
64967,"2018-03-20 04:54:03",357070,0,3,375,58.6024116336294,108.628396060797,6,0.822414189842331,0.623037532996659,504672.162640607,-36.8651203260042,-71.3840759656699,530.33,"Chillán, Nevados de",-36.863,-71.377,1
64968,"2018-03-20 06:30:03",357070,0,3,375,59.845760859965,-86.5016307028642,4,0.526292399706783,0.424278953372712,258221.536033117,-36.8653727482343,-71.37146525187,838.526,"Chillán, Nevados de",-36.863,-71.377,1
64969,"2018-03-21 04:30:03",357070,0,3,375,68.3555037445431,111.693430426714,16,2.82626242640499,1.84532117570692,2483007.54082949,-36.8581115169141,-71.3964754588476,2019.44,"Chillán, Nevados de",-36.863,-71.377,1
64970,"2018-03-21 06:12:03",357070,0,3,375,44.5725586282833,-83.6986556149563,3,0.445332724026855,0.35524738732093,228028.508536874,-36.8686663294419,-71.3757734749843,838.526,"Chillán, Nevados de",-36.863,-71.377,1
64971,"2018-03-24 05:18:03",357070,0,3,375,36.9950467718459,104.677435852945,5,0.894177919100611,0.454901625969492,1111918.11698814,-36.8652046152475,-71.379872411859,530.33,"Chillán, Nevados de",-36.863,-71.377,1
64972,"2018-03-25 05:00:03",357070,0,3,375,54.3386791810462,107.622594803498,4,0.569951920272787,0.404148994031805,419688.657047485,-36.8617427709321,-71.383970979333,530.33,"Chillán, Nevados de",-36.863,-71.377,1
64973,"2018-03-26 06:18:03",357070,0,3,375,50.4736318767525,-84.6349289532789,2,0.159737631311563,0.136877897168165,57863.7020504767,-36.8652046152475,-71.379872411859,375,"Chillán, Nevados de",-36.863,-71.377,1
64974,"2018-03-27 05:12:04",357070,0,4,375,43.4161083217477,105.545824737842,5,0.887918069357625,0.589015649687914,756596.749788955,-36.8652046152475,-71.379872411859,375,"Chillán, Nevados de",-36.863,-71.377,1
64975,"2018-03-27 06:00:02",357070,0,2,1000,14.4634003281377,-80.179881050041,1,0.219309425786988,0.195065529831202,458209.633564371,-36.8630090110135,-71.377000245322,0,"Chillán, Nevados de",-36.863,-71.377,1
64976,"2018-03-27 06:00:03",357070,0,3,375,29.7845142382482,-81.8049938722897,3,0.747845309592144,0.371395112106746,952889.562384913,-36.8652046152475,-71.379872411859,530.33,"Chillán, Nevados de",-36.863,-71.377,1
64977,"2018-03-28 04:54:04",357070,0,4,375,58.4417632080151,108.53925740622,5,0.851210692572762,0.682699012667605,426545.189759928,-36.8616583434973,-71.3881743309669,1060.66,"Chillán, Nevados de",-36.863,-71.377,1
64978,"2018-03-28 05:42:03",357070,0,3,375,1.04955339937434,-3.05595577325625,1,0.246392633549046,0.144296441683942,258430.985658542,-36.8652046152475,-71.379872411859,0,"Chillán, Nevados de",-36.863,-71.377,1
64979,"2018-03-28 06:30:04",357070,0,4,375,60.0273269025595,-86.5141023378199,6,1.07889889230198,0.861709520299959,549760.597880103,-36.8652887559915,-71.3756688405821,838.526,"Chillán, Nevados de",-36.863,-71.377,1
64980,"2018-03-29 04:30:04",357070,0,4,375,68.2529270458567,111.611771557761,3,0.491144789213484,0.413429596719697,196716.580999898,-36.8615737675852,-71.3923776650764,1546.16,"Chillán, Nevados de",-36.863,-71.377,1
64981,"2018-03-29 05:24:03",357070,0,3,375,29.0571434471168,103.690281103642,7,1.57274780192206,0.973490080781964,1516871.10663586,-36.8686663294419,-71.3757734749843,838.526,"Chillán, Nevados de",-36.863,-71.377,1
64982,"2018-03-29 06:12:04",357070,0,4,375,44.837752942949,-83.6819959846252,5,1.02218146352973,0.689416616101526,842311.020052651,-36.8653727482343,-71.37146525187,1125,"Chillán, Nevados de",-36.863,-71.377,1
64983,"2018-03-30 05:06:03",357070,0,3,375,49.3780969504913,106.628597387745,7,1.36743768960094,1.02599945868681,864265.522001394,-36.8652046152475,-71.379872411859,530.33,"Chillán, Nevados de",-36.863,-71.377,1
64984,"2018-03-30 05:54:04",357070,0,4,375,21.0901643946444,-80.7395935241248,4,1.06040795879702,0.610738859154016,1138224.90847135,-36.8652887559915,-71.3756688405821,530.33,"Chillán, Nevados de",-36.863,-71.377,1
64985,"2018-03-31 04:48:03",357070,0,3,375,62.227309757665,109.686102575002,10,2.11232736596971,1.41688393373758,1760341.18783758,-36.8650358882635,-71.3882795019841,1185.85,"Chillán, Nevados de",-36.863,-71.377,1
64986,"2018-03-31 05:36:04",357070,0,4,375,9.8551780032153,101.307824096625,3,1.53990320305261,0.436435070243781,2793153.71117235,-36.8652046152475,-71.379872411859,530.33,"Chillán, Nevados de",-36.863,-71.377,1
64987,"2018-03-31 05:40:02",357070,0,2,1000,30.2609232544721,102.398165031737,2,0.530461431058046,0.47192287889805,1106378.63582392,-36.8630090110135,-71.377000245322,1000,"Chillán, Nevados de",-36.863,-71.377,1
64988,"2018-03-31 06:24:03",357070,0,3,375,55.5290685572184,-85.5631533207302,3,1.12877888659529,0.421838033690862,1789444.03391434,-36.8686663294419,-71.3757734749843,838.526,"Chillán, Nevados de",-36.863,-71.377,1
64989,"2018-04-01 05:18:04",357070,0,4,375,36.7272202773485,104.565490437346,6,1.48669854232681,0.823538882768783,1678622.88825625,-36.8652046152475,-71.379872411859,530.33,"Chillán, Nevados de",-36.863,-71.377,1
64990,"2018-04-01 06:06:03",357070,0,3,375,37.7889502670318,-82.7655482237307,3,0.749218959286547,0.404608139326869,872296.138022937,-36.8652887559915,-71.3756688405821,530.33,"Chillán, Nevados de",-36.863,-71.377,1
64991,"2018-04-02 03:45:01",357070,0,1,1000,16.51155360134,-100.786046901173,2,0.597775709682252,0.486405543097716,2104896.14844774,-36.8630090110135,-71.377000245322,1000,"Chillán, Nevados de",-36.863,-71.377,1
64992,"2018-04-02 05:00:04",357070,0,4,375,54.1720374806364,107.538930222098,4,1.19902029501764,0.580624035779575,1565315.53119635,-36.8618270498877,-71.3797676102055,530.33,"Chillán, Nevados de",-36.863,-71.377,1
64993,"2018-04-02 05:48:03",357070,0,3,375,10.8117608723028,-79.8048272980013,6,1.51486523503099,0.894206076786789,1571043.49430562,-36.8652887559915,-71.3756688405821,22000.7,"Chillán, Nevados de",-36.863,-71.377,1
64994,"2018-04-03 04:36:04",357070,0,4,375,65.3881555801225,110.578898957112,13,2.50831235384821,1.73603173101009,1954835.32655899,-36.8616583434973,-71.3881743309669,1590.99,"Chillán, Nevados de",-36.863,-71.377,1
64995,"2018-04-03 05:30:03",357070,0,3,375,20.0708504678015,102.686531054906,5,1.424550696122,0.69427419037717,1848512.4051666,-36.8652046152475,-71.379872411859,530.33,"Chillán, Nevados de",-36.863,-71.377,1
64996,"2018-04-03 06:18:04",357070,0,4,375,50.686354524389,-84.6310217679562,6,1.07908821371979,0.793204545975761,723643.033977076,-36.8653727482343,-71.37146525187,1185.85,"Chillán, Nevados de",-36.863,-71.377,1
64997,"2018-04-04 03:35:01",357070,0,1,1000,6.83556257402291,78.3451519936835,1,0.266712080448372,0.237542056433649,551313.453878256,-36.8630090110135,-71.377000245322,0,"Chillán, Nevados de",-36.863,-71.377,1
64998,"2018-04-04 05:12:03",357070,0,3,375,43.5926211537557,105.643029866405,4,0.801280485432155,0.561292529610182,607469.513174368,-36.8618270498877,-71.3797676102055,530.33,"Chillán, Nevados de",-36.863,-71.377,1
64999,"2018-04-04 06:00:04",357070,0,4,375,30.0894705394613,-81.7553038448207,3,0.831099349754604,0.41742647081511,1047109.4748156,-36.8685821784274,-71.3799772309783,530.33,"Chillán, Nevados de",-36.863,-71.377,1
65000,"2018-04-06 05:24:04",357070,0,4,375,28.7861781130554,103.554776758485,5,0.284906458931718,0.186385972717791,249379.980729004,-36.8652046152475,-71.379872411859,530.33,"Chillán, Nevados de",-36.863,-71.377,1
65001,"2018-04-06 06:12:03",357070,0,3,375,44.6323819811119,-83.6936257888761,5,0.395975815705966,0.346249437232321,125869.895511415,-36.8652046152475,-71.379872411859,838.526,"Chillán, Nevados de",-36.863,-71.377,1
65002,"2018-04-07 05:06:04",357070,0,4,375,49.2209983314278,106.541025470081,2,0.254540638898977,0.1841824037855,178094.28263099,-36.8651203260042,-71.3840759656699,375,"Chillán, Nevados de",-36.863,-71.377,1
65003,"2018-04-07 05:45:02",357070,0,2,1000,20.228273572377,101.369977866313,1,0.182918891739834,0.160832709733212,417428.839925166,-36.8630090110135,-71.377000245322,0,"Chillán, Nevados de",-36.863,-71.377,1
65004,"2018-04-07 05:54:03",357070,0,3,375,20.8073712495623,-80.8399406211215,3,0.466360010292692,0.26171327815642,518012.040719939,-36.8652887559915,-71.3756688405821,530.33,"Chillán, Nevados de",-36.863,-71.377,1
65005,"2018-04-08 05:36:03",357070,0,3,375,10.1504682271064,101.60494577419,5,0.728389964289881,0.586793310653948,358416.529515953,-36.8652887559915,-71.3756688405821,530.33,"Chillán, Nevados de",-36.863,-71.377,1
65006,"2018-04-08 06:24:04",357070,0,4,375,55.6932683742189,-85.5814330043222,2,0.268697853521888,0.222975844885248,115733.834361496,-36.8619951623533,-71.3713608195923,838.526,"Chillán, Nevados de",-36.863,-71.377,1
65007,"2018-04-09 03:55:01",357070,0,1,1000,27.1363335114911,-102.143858898984,1,0.22888174816219,0.206083763766579,430881.905077047,-36.8720158634551,-71.3772794423447,1000,"Chillán, Nevados de",-36.863,-71.377,1
65008,"2018-04-09 05:18:03",357070,0,3,375,36.9145351611047,104.668529480617,4,1.14450435609174,0.483509265702569,1673143.82254759,-36.8651203260042,-71.3840759656699,530.33,"Chillán, Nevados de",-36.863,-71.377,1
65009,"2018-04-12 05:12:04",357070,0,4,375,43.4355238910188,105.550065339784,6,0.53129842929881,0.357915281165572,438876.093712257,-36.8652046152475,-71.379872411859,838.526,"Chillán, Nevados de",-36.863,-71.377,1
65010,"2018-04-12 06:00:03",357070,0,3,375,29.8635576539768,-81.7976930507687,4,0.500371034316234,0.260508257759027,607152.653160429,-36.8686663294419,-71.3757734749843,838.526,"Chillán, Nevados de",-36.863,-71.377,1
65011,"2018-04-13 03:30:01",357070,0,1,1000,18.0196433175762,80.4760077352812,2,0.412644446850926,0.352293627719454,1140630.48158482,-36.8630090110135,-71.377000245322,1000,"Chillán, Nevados de",-36.863,-71.377,1
65012,"2018-04-13 04:54:04",357070,0,4,375,58.4549213421988,108.543342093798,7,1.01870867908583,0.770454480689839,628393.43968984,-36.8617427709321,-71.383970979333,838.526,"Chillán, Nevados de",-36.863,-71.377,1
65013,"2018-04-13 05:42:03",357070,0,3,375,1.06754634956956,-8.50498592563794,4,0.693707772784869,0.438353462724763,646365.597339644,-36.8686663294419,-71.3757734749843,530.33,"Chillán, Nevados de",-36.863,-71.377,1
65014,"2018-04-13 06:30:04",357070,0,4,375,60.016677595128,-86.5204716857486,2,0.299056583320883,0.216077327701046,210041.240787714,-36.8686663294419,-71.3757734749843,530.33,"Chillán, Nevados de",-36.863,-71.377,1
65015,"2018-04-14 04:30:04",357070,0,4,375,68.2602134967845,111.616977019913,1,0.124981347722499,0.102593966481407,56668.0587665128,-36.8581962309604,-71.3922723269368,1352.08,"Chillán, Nevados de",-36.863,-71.377,1
65016,"2018-04-14 05:24:03",357070,0,3,375,28.9693240184295,103.676969152484,2,0.858723965730004,0.190711135472667,1690907.47658889,-36.8652887559915,-71.3756688405821,375,"Chillán, Nevados de",-36.863,-71.377,1
65017,"2018-04-14 05:50:02",357070,0,2,1000,8.96143199999996,99.7756999999998,2,0.44486687475485,0.342263709325839,1939199.8266083,-36.8630090110135,-71.377000245322,1000,"Chillán, Nevados de",-36.863,-71.377,1
65018,"2018-04-14 06:12:04",357070,0,4,375,44.8171102133586,-83.6902406812413,3,0.64276183991285,0.299563234205885,868721.470695755,-36.8652887559915,-71.3756688405821,530.33,"Chillán, Nevados de",-36.863,-71.377,1
65019,"2018-04-15 05:06:03",357070,0,3,375,49.3283858101125,106.621562197382,7,1.14543391002001,0.805468175064146,860538.266607037,-36.8652046152475,-71.379872411859,530.33,"Chillán, Nevados de",-36.863,-71.377,1
65020,"2018-04-15 05:54:04",357070,0,4,375,21.0542985190467,-80.766503121758,3,0.58707610129389,0.354607771671247,588435.459357315,-36.8652887559915,-71.3756688405821,530.33,"Chillán, Nevados de",-36.863,-71.377,1
65021,"2018-04-16 04:48:03",357070,0,3,375,62.2160711440812,109.624780245269,7,1.07762831451329,0.82964154659054,627716.506304449,-36.8650358882635,-71.3882795019841,1352.08,"Chillán, Nevados de",-36.863,-71.377,1
65022,"2018-04-16 05:36:04",357070,0,4,375,9.91204313453046,101.29437635607,4,0.578832529981372,0.401288278428114,449408.886744183,-36.8652046152475,-71.379872411859,530.33,"Chillán, Nevados de",-36.863,-71.377,1
65023,"2018-04-17 05:18:04",357070,0,4,375,36.7629372224665,104.574107182627,3,0.470445255092455,0.338883376008126,333016.006432209,-36.8652046152475,-71.379872411859,375,"Chillán, Nevados de",-36.863,-71.377,1
65024,"2018-04-17 06:06:03",357070,0,3,375,37.8503370523535,-82.7711475163612,2,0.296396912828597,0.229927981868107,168249.481493741,-36.8652887559915,-71.3756688405821,530.33,"Chillán, Nevados de",-36.863,-71.377,1
65025,"2018-04-18 03:45:01",357070,0,1,1000,17.0118763146823,-100.848784181742,1,0.199335519815979,0.169172840575921,570074.637637093,-36.8630090110135,-71.377000245322,0,"Chillán, Nevados de",-36.863,-71.377,1
65026,"2018-04-18 05:00:04",357070,0,4,375,54.1962951098236,107.543527087102,3,0.48434375736778,0.285436717089476,503483.445704457,-36.8652046152475,-71.379872411859,375,"Chillán, Nevados de",-36.863,-71.377,1
65027,"2018-04-18 05:48:03",357070,0,3,375,10.8989928535418,-79.8115756021182,5,0.742978380832638,0.512367290560046,583734.3222525,-36.8652887559915,-71.3756688405821,530.33,"Chillán, Nevados de",-36.863,-71.377,1
65028,"2018-04-19 04:36:04",357070,0,4,375,65.405192607511,110.58607153978,8,1.11744275902694,0.859657803032076,652518.169862002,-36.8616583434973,-71.3881743309669,1352.08,"Chillán, Nevados de",-36.863,-71.377,1
65029,"2018-04-19 05:30:03",357070,0,3,375,20.0009324498347,102.679248617693,2,0.378684746112902,0.223771983573455,392122.930177974,-36.8652887559915,-71.3756688405821,375,"Chillán, Nevados de",-36.863,-71.377,1
65030,"2018-04-19 06:18:04",357070,0,4,375,50.6370247777663,-84.6239010853551,3,0.493396754728779,0.350378294330401,362015.477883394,-36.8652887559915,-71.3756688405821,375,"Chillán, Nevados de",-36.863,-71.377,1
65031,"2018-04-20 05:12:03",357070,0,3,375,43.5478132598935,105.637209575392,4,0.696327015198894,0.485136322462842,534576.440988129,-36.8652046152475,-71.379872411859,530.33,"Chillán, Nevados de",-36.863,-71.377,1
65032,"2018-04-20 06:00:04",357070,0,4,375,30.0504706179782,-81.7683408510206,3,0.486252222490646,0.357477390980093,325961.292261087,-36.8652887559915,-71.3756688405821,375,"Chillán, Nevados de",-36.863,-71.377,1
65033,"2018-04-21 04:54:03",357070,0,3,375,58.5227595793425,108.611719018518,8,1.42896921542566,0.942695556362957,1230880.19950247,-36.8651203260042,-71.3840759656699,838.526,"Chillán, Nevados de",-36.863,-71.377,1
65034,"2018-04-21 05:42:04",357070,0,4,375,1.11257002451347,-15.7003419894129,3,0.916573526180863,0.348406654095995,1438172.39496482,-36.8686663294419,-71.3757734749843,530.33,"Chillán, Nevados de",-36.863,-71.377,1
65035,"2018-04-21 06:30:03",357070,0,3,375,59.9216291213777,-86.5118386010435,5,0.991295037164559,0.596360402567763,999678.293823141,-36.8686663294419,-71.3757734749843,838.526,"Chillán, Nevados de",-36.863,-71.377,1
65036,"2018-04-22 03:25:01",357070,0,1,1000,28.1818096809682,81.7314466446645,1,0.206699110747038,0.188358874034863,346630.4738601,-36.8630090110135,-71.377000245322,0,"Chillán, Nevados de",-36.863,-71.377,1
65037,"2018-04-22 04:30:03",357070,0,3,375,68.3055697765829,111.676585756318,2,0.230793884966807,0.206416650276608,61704.8753095662,-36.8581115169141,-71.3964754588476,1677.05,"Chillán, Nevados de",-36.863,-71.377,1
65038,"2018-04-22 05:24:04",357070,0,4,375,28.8444352397895,103.561984869312,1,0.124237147937764,0.108652473026456,39448.708369248,-36.8652046152475,-71.379872411859,0,"Chillán, Nevados de",-36.863,-71.377,1
65039,"2018-04-23 05:06:04",357070,0,4,375,49.25923295364,106.548155363338,7,1.11195087475353,0.742072133204818,936255.564545179,-36.8651203260042,-71.3840759656699,838.526,"Chillán, Nevados de",-36.863,-71.377,1
65041,"2018-04-24 03:10:01",357070,0,1,1000,44.8107282913166,83.7545191409898,1,0.195647545250455,0.18105324618695,275832.252300243,-36.8630090110135,-71.377000245322,0,"Chillán, Nevados de",-36.863,-71.377,1
65042,"2018-04-24 04:42:04",357070,0,4,375,62.1786807037526,109.564387262039,11,1.62302409909987,1.12440703732514,1262124.43761727,-36.8616583434973,-71.3881743309669,1590.99,"Chillán, Nevados de",-36.863,-71.377,1
65043,"2018-04-24 05:36:03",357070,0,3,375,10.0847245636608,101.608519223449,4,0.702806819687351,0.421278799946579,712617.799968829,-36.8652887559915,-71.3756688405821,530.33,"Chillán, Nevados de",-36.863,-71.377,1
65044,"2018-04-24 06:24:04",357070,0,4,375,55.6499731427533,-85.5686783246517,5,1.01740897269484,0.534680241467401,1221907.10091945,-36.8652887559915,-71.3756688405821,838.526,"Chillán, Nevados de",-36.863,-71.377,1
65045,"2018-04-25 05:18:03",357070,0,3,375,36.8761636281772,104.664794788028,3,0.447590955199085,0.304196862784962,362966.296423247,-36.8652046152475,-71.379872411859,530.33,"Chillán, Nevados de",-36.863,-71.377,1
65046,"2018-04-25 06:06:04",357070,0,4,375,37.9419598486707,-82.7345531178795,4,0.881483517164845,0.428173386423036,1147441.2684402,-36.8652887559915,-71.3756688405821,750,"Chillán, Nevados de",-36.863,-71.377,1
65047,"2018-04-26 05:00:03",357070,0,3,375,54.2644296539602,107.611049444557,4,0.583563100383597,0.443814238096091,353739.307665248,-36.8618270498877,-71.3797676102055,530.33,"Chillán, Nevados de",-36.863,-71.377,1
65048,"2018-04-26 05:48:04",357070,0,4,375,11.0182557207539,-79.5656040827114,2,0.419122254532269,0.219364514956449,505636.778301294,-36.8686663294419,-71.3757734749843,530.33,"Chillán, Nevados de",-36.863,-71.377,1
65049,"2018-04-28 05:12:04",357070,0,4,375,43.490436859013,105.560698793542,3,0.376743124756196,0.264063133628608,285221.227541707,-36.8618270498877,-71.3797676102055,530.33,"Chillán, Nevados de",-36.863,-71.377,1
65050,"2018-04-28 06:00:03",357070,0,3,375,29.9200503335724,-81.8150764457114,4,0.685644031892637,0.348091817025125,854429.043883389,-36.8686663294419,-71.3757734749843,530.33,"Chillán, Nevados de",-36.863,-71.377,1
65051,"2018-04-29 04:54:04",357070,0,4,375,58.4394521482039,108.633922320464,6,0.744098038621918,0.576555078501797,424093.117804057,-36.8651203260042,-71.3840759656699,838.526,"Chillán, Nevados de",-36.863,-71.377,1
65052,"2018-04-29 05:42:03",357070,0,3,375,1.07790260178831,-9.90771864825044,5,0.756103333085648,0.498923651483363,650986.069055782,-36.8652887559915,-71.3756688405821,530.33,"Chillán, Nevados de",-36.863,-71.377,1
65053,"2018-04-29 06:30:04",357070,0,4,375,59.9770266565375,-86.5065618376648,4,0.50866336771242,0.392841899153138,293173.092290683,-36.8652887559915,-71.3756688405821,750,"Chillán, Nevados de",-36.863,-71.377,1
65054,"2018-04-30 05:24:03",357070,0,3,375,28.9423932005741,103.675332749111,6,0.893947358578372,0.572574238841423,813475.709334154,-36.8651203260042,-71.3840759656699,530.33,"Chillán, Nevados de",-36.863,-71.377,1
65055,"2018-04-30 06:12:04",357070,0,4,375,44.7589631123695,-83.6833862798417,3,0.356536254382348,0.277761465807073,199398.683581166,-36.8686663294419,-71.3757734749843,838.526,"Chillán, Nevados de",-36.863,-71.377,1
65056,"2018-05-01 05:54:04",357070,0,4,375,20.945571476067,-80.7420227160618,1,0.121991866379617,0.0980897647718496,60502.1946946614,-36.8652887559915,-71.3756688405821,375,"Chillán, Nevados de",-36.863,-71.377,1
65057,"2018-05-02 04:00:01",357070,0,1,1000,36.5586826347304,-103.249141716567,1,0.193500390523468,0.176183674264644,327285.937291779,-36.8720158634551,-71.3772794423447,1000,"Chillán, Nevados de",-36.863,-71.377,1
65058,"2018-05-02 05:36:04",357070,0,4,375,10.0260276684628,101.319752671048,3,0.730699294077938,0.302903069993236,1082859.1922144,-36.8652046152475,-71.379872411859,530.33,"Chillán, Nevados de",-36.863,-71.377,1
65059,"2018-05-02 05:40:02",357070,0,2,1000,30.2962533692722,102.483710691824,2,0.391798799065877,0.348029575537301,827238.324690069,-36.8630090110135,-71.377000245322,1000,"Chillán, Nevados de",-36.863,-71.377,1
65060,"2018-05-02 06:24:03",357070,0,3,375,55.5922199506966,-85.5683106948869,3,0.37824602128833,0.281869048035912,243954.213545183,-36.8652887559915,-71.3756688405821,750,"Chillán, Nevados de",-36.863,-71.377,1
65061,"2018-05-05 04:36:04",357070,0,4,375,65.4417900133034,110.599454546932,6,0.852748287571337,0.681948342940446,432337.359846944,-36.8616583434973,-71.3881743309669,1352.08,"Chillán, Nevados de",-36.863,-71.377,1
65062,"2018-05-05 05:30:03",357070,0,3,375,19.9952725090457,102.679094560289,4,0.617019607598648,0.456495104589066,406327.648243005,-36.8652887559915,-71.3756688405821,530.33,"Chillán, Nevados de",-36.863,-71.377,1
65063,"2018-05-05 06:18:04",357070,0,4,375,50.5823819492435,-84.6146007703132,8,1.47325272815713,0.921429879404249,1396801.58590574,-36.8686663294419,-71.3757734749843,1060.66,"Chillán, Nevados de",-36.863,-71.377,1
65064,"2018-05-06 03:35:01",357070,0,1,1000,5.869913589945,77.9075098193243,3,0.735175062863954,0.588449805439437,2773107.36532338,-36.8630090110135,-71.377000245322,1414.21,"Chillán, Nevados de",-36.863,-71.377,1
65065,"2018-05-06 05:12:03",357070,0,3,375,43.5506195759065,105.633829707137,3,0.451059908130178,0.342315651034088,275258.900774478,-36.8652046152475,-71.379872411859,375,"Chillán, Nevados de",-36.863,-71.377,1
65066,"2018-05-06 06:00:04",357070,0,4,375,29.9245014369244,-81.7313580132645,3,0.720284698017172,0.346340645222028,946545.883637707,-36.8686663294419,-71.3757734749843,530.33,"Chillán, Nevados de",-36.863,-71.377,1
65067,"2018-05-07 04:54:03",357070,0,3,375,58.5281692039846,108.611548055079,3,0.455820234807946,0.347751774504829,273548.290142266,-36.8617427709321,-71.383970979333,838.526,"Chillán, Nevados de",-36.863,-71.377,1
65068,"2018-05-07 05:42:04",357070,0,4,375,1.08208374835168,-9.21278869837771,4,0.885944318175765,0.47140319830098,1049307.20968305,-36.8652046152475,-71.379872411859,530.33,"Chillán, Nevados de",-36.863,-71.377,1
65069,"2018-05-07 06:30:03",357070,0,3,375,59.9382231517529,-86.5124389787561,2,0.257828398869214,0.222396772996839,89686.3029894496,-36.8652887559915,-71.3756688405821,530.33,"Chillán, Nevados de",-36.863,-71.377,1
65070,"2018-05-08 03:25:01",357070,0,1,1000,27.8272343921139,81.6964786418401,2,0.385347050759287,0.336923444190434,915206.164151312,-36.8720158634551,-71.3772794423447,1414.21,"Chillán, Nevados de",-36.863,-71.377,1
65071,"2018-05-08 05:24:04",357070,0,4,375,28.946769960756,103.574949323435,6,0.939324711408718,0.598676844928415,862264.912028266,-36.8652046152475,-71.379872411859,530.33,"Chillán, Nevados de",-36.863,-71.377,1
65072,"2018-05-08 06:12:03",357070,0,3,375,44.714036472728,-83.7153233227044,4,0.74921032109339,0.396386901829114,893084.280012698,-36.8652046152475,-71.379872411859,530.33,"Chillán, Nevados de",-36.863,-71.377,1
65073,"2018-05-09 05:06:04",357070,0,4,375,49.3300720982615,106.56503041588,6,0.806614659970805,0.622452478345681,466160.522238595,-36.8618270498877,-71.3797676102055,750,"Chillán, Nevados de",-36.863,-71.377,1
65074,"2018-05-09 05:54:03",357070,0,3,375,20.8715798605341,-80.8237436684204,3,0.514777469039769,0.29600697314353,553762.817737354,-36.8652887559915,-71.3756688405821,530.33,"Chillán, Nevados de",-36.863,-71.377,1
65075,"2018-05-10 04:42:04",357070,0,4,375,62.22484996591,109.580316784528,9,1.91024953694009,0.816143026585103,2769457.10433607,-36.8617427709321,-71.383970979333,1352.08,"Chillán, Nevados de",-36.863,-71.377,1
65076,"2018-05-10 05:36:03",357070,0,3,375,10.095675961543,101.60048293208,4,0.649699780199685,0.365119695031877,720343.340581014,-36.8685821784274,-71.3799772309783,530.33,"Chillán, Nevados de",-36.863,-71.377,1
65077,"2018-05-10 06:24:04",357070,0,4,375,55.5800204012917,-85.5443543547412,4,0.563794794645157,0.379368372354211,466829.381423959,-36.8652887559915,-71.3756688405821,838.526,"Chillán, Nevados de",-36.863,-71.377,1
65078,"2018-05-11 05:18:03",357070,0,3,375,36.894881726876,104.66637507594,3,0.376894372879134,0.290550422789907,218558.123663356,-36.8618270498877,-71.3797676102055,375,"Chillán, Nevados de",-36.863,-71.377,1
65079,"2018-05-11 06:06:04",357070,0,4,375,37.8350583259182,-82.7134018044143,3,0.56057195237601,0.297461258318712,665998.944332536,-36.8686663294419,-71.3757734749843,838.526,"Chillán, Nevados de",-36.863,-71.377,1
65080,"2018-05-12 05:00:03",357070,0,3,375,54.2811659366101,107.611220034187,4,0.753191583742882,0.444721499252795,780814.901365532,-36.8651203260042,-71.3840759656699,530.33,"Chillán, Nevados de",-36.863,-71.377,1
65081,"2018-05-12 05:48:04",357070,0,4,375,10.870377169384,-79.5388083169504,3,0.737966480102883,0.322124850109881,1052599.12591979,-36.8652046152475,-71.379872411859,530.33,"Chillán, Nevados de",-36.863,-71.377,1
65082,"2018-05-13 05:30:04",357070,0,4,375,20.041321054779,102.543044086438,3,0.881912829850091,0.288580546853633,1501872.34133478,-36.8686663294419,-71.3757734749843,530.33,"Chillán, Nevados de",-36.863,-71.377,1
65084,"2018-05-15 05:42:03",357070,0,3,375,1.07312223828166,-7.98114537192632,3,0.340170455355171,0.176360421613682,414644.147908146,-36.8652887559915,-71.3756688405821,530.33,"Chillán, Nevados de",-36.863,-71.377,1
65085,"2018-05-15 06:30:04",357070,0,4,375,59.9166339319508,-86.4915009897912,4,0.353189803509418,0.259873116654725,236207.863600942,-36.8653727482343,-71.37146525187,1185.85,"Chillán, Nevados de",-36.863,-71.377,1
65086,"2018-05-19 05:18:04",357070,0,4,375,36.961932965571,104.600384703893,3,0.496901223870743,0.23516940714674,662508.661082632,-36.8652046152475,-71.379872411859,375,"Chillán, Nevados de",-36.863,-71.377,1
65087,"2018-05-19 06:06:03",357070,0,3,375,37.8505076285515,-82.7608149074269,4,0.550048887649279,0.294508865592804,646835.680830453,-36.8652887559915,-71.3756688405821,530.33,"Chillán, Nevados de",-36.863,-71.377,1
65088,"2018-05-20 05:00:04",357070,0,4,375,54.3409321385986,107.603308315022,5,0.751491265928745,0.437122198101228,795746.702938402,-36.8617427709321,-71.383970979333,838.526,"Chillán, Nevados de",-36.863,-71.377,1
65089,"2018-05-20 05:48:03",357070,0,3,375,10.8742719395374,-79.7923862336196,2,0.226944607940455,0.178159107850716,123488.297102153,-36.8686663294419,-71.3757734749843,530.33,"Chillán, Nevados de",-36.863,-71.377,1
65090,"2018-05-21 04:36:04",357070,0,4,375,65.4980519434476,110.61795306157,11,1.76996235756588,0.67028558107033,2783556.84050437,-36.8582807965494,-71.388069177474,1875,"Chillán, Nevados de",-36.863,-71.377,1
65091,"2018-05-21 05:30:03",357070,0,3,375,20.0491144958432,102.684821448993,5,0.951947025584735,0.30900124098791,1627456.51726071,-36.8652046152475,-71.379872411859,530.33,"Chillán, Nevados de",-36.863,-71.377,1
65092,"2018-05-21 06:18:04",357070,0,4,375,50.4988244439257,-84.6023666782725,7,0.845327321062655,0.449868924105193,1001004.06729858,-36.8652887559915,-71.3756688405821,838.526,"Chillán, Nevados de",-36.863,-71.377,1
65093,"2018-05-22 03:35:01",357070,0,1,1000,5.52384615384616,77.7108084772369,1,0.155233874037659,0.108202465389113,888893.623457516,-36.8630090110135,-71.377000245322,0,"Chillán, Nevados de",-36.863,-71.377,1
65094,"2018-05-22 05:12:03",357070,0,3,375,43.5935430118088,105.642545074804,5,0.486161605627296,0.323619741341234,411434.093974093,-36.8652046152475,-71.379872411859,530.33,"Chillán, Nevados de",-36.863,-71.377,1
65095,"2018-05-22 06:00:04",357070,0,4,375,29.7882778641607,-81.7236338205871,5,0.878358139299993,0.357351562852483,1318797.89663276,-36.8652887559915,-71.3756688405821,838.526,"Chillán, Nevados de",-36.863,-71.377,1
65097,"2018-05-23 05:42:04",357070,0,4,375,1.0488761691451,-1.41879573043521,3,0.615524123302583,0.266517568139282,883422.842757107,-36.8686663294419,-71.3757734749843,530.33,"Chillán, Nevados de",-36.863,-71.377,1
65098,"2018-05-23 06:30:03",357070,0,3,375,59.9340590657638,-86.5136498469362,2,0.215844568901187,0.15637235983627,150539.029195571,-36.8686663294419,-71.3757734749843,530.33,"Chillán, Nevados de",-36.863,-71.377,1
65099,"2018-05-24 04:30:03",357070,0,3,375,68.3365005181475,111.685535200887,12,1.50474733695901,1.10327449921327,1016228.1205439,-36.8649513020275,-71.3924830207709,1912.13,"Chillán, Nevados de",-36.863,-71.377,1
65100,"2018-05-24 05:24:04",357070,0,4,375,29.105389030318,103.593824300027,4,0.770790491051861,0.398718457322776,941807.335376748,-36.8652046152475,-71.379872411859,375,"Chillán, Nevados de",-36.863,-71.377,1
65101,"2018-05-24 06:12:03",357070,0,3,375,44.6642880831839,-83.6883215783253,5,0.78590261338331,0.48510067135685,761404.915754479,-36.8686663294419,-71.3757734749843,838.526,"Chillán, Nevados de",-36.863,-71.377,1
65103,"2018-05-25 05:54:03",357070,0,3,375,20.8327435353465,-80.8423480624844,5,0.741493959074915,0.453676350215904,728538.32242437,-36.8686663294419,-71.3757734749843,838.526,"Chillán, Nevados de",-36.863,-71.377,1
65104,"2018-05-26 04:42:04",357070,0,4,375,62.2935604838779,109.600462620099,1,0.0976774507847998,0.0786707302967248,48110.76123544,-36.8582807965494,-71.388069177474,1060.66,"Chillán, Nevados de",-36.863,-71.377,1
65105,"2018-05-27 05:18:03",357070,0,3,375,36.9468724779868,104.677927241754,3,0.342498724174187,0.262189374109286,203283.042351781,-36.8651203260042,-71.3840759656699,375,"Chillán, Nevados de",-36.863,-71.377,1
65106,"2018-05-27 05:30:02",357070,0,2,1000,38.8828259172521,103.382295081967,3,0.485003310381269,0.439012214374963,869231.714519178,-36.8630090110135,-71.377000245322,1000,"Chillán, Nevados de",-36.863,-71.377,1
65107,"2018-05-27 06:06:04",357070,0,4,375,37.7038175240818,-82.6918532776152,2,0.298661129178581,0.173333016669457,317236.78478872,-36.8686663294419,-71.3757734749843,530.33,"Chillán, Nevados de",-36.863,-71.377,1
65108,"2018-05-30 05:12:04",357070,0,4,375,43.7148046265498,105.597696364719,5,0.466010558391761,0.277182497490827,477971.02915549,-36.8652046152475,-71.379872411859,530.33,"Chillán, Nevados de",-36.863,-71.377,1
65109,"2018-05-30 06:00:03",357070,0,3,375,29.8452975358125,-81.7934033411026,3,0.405676943547657,0.162017982470447,616761.745226689,-36.8652046152475,-71.379872411859,530.33,"Chillán, Nevados de",-36.863,-71.377,1
65111,"2018-06-01 06:12:04",357070,0,4,375,44.5182708092769,-83.6248581523739,4,0.396674114293204,0.244982630319555,383969.068808299,-36.8652887559915,-71.3756688405821,750,"Chillán, Nevados de",-36.863,-71.377,1
65112,"2018-06-02 05:06:03",357070,0,3,375,49.4020192612147,106.635129896687,10,1.45983291109281,0.587561576228027,2207936.81637648,-36.8652046152475,-71.379872411859,838.526,"Chillán, Nevados de",-36.863,-71.377,1
65114,"2018-06-03 04:48:03",357070,0,3,375,62.2761777871981,109.639025577405,16,1.79086811773328,0.961652910444127,2098950.99345067,-36.8581962309604,-71.3922723269368,1677.05,"Chillán, Nevados de",-36.863,-71.377,1
65115,"2018-06-03 05:36:04",357070,0,4,375,10.4124498736649,101.367046678884,3,0.521412513056341,0.187504447464417,845204.791029559,-36.8652046152475,-71.379872411859,530.33,"Chillán, Nevados de",-36.863,-71.377,1
65116,"2018-06-03 06:24:03",357070,0,3,375,55.5493710287613,-85.5571462526966,6,0.938369891128313,0.38087694794221,1411154.01243982,-36.8686663294419,-71.3757734749843,838.526,"Chillán, Nevados de",-36.863,-71.377,1
65117,"2018-06-04 05:18:04",357070,0,4,375,37.1136171448283,104.622327051864,4,0.537924932853195,0.22489480807779,792357.503337745,-36.8652046152475,-71.379872411859,530.33,"Chillán, Nevados de",-36.863,-71.377,1
65118,"2018-06-04 06:06:03",357070,0,3,375,37.7882200260461,-82.7521409160305,6,0.718398744086859,0.349101418275673,934783.855959563,-36.8685821784274,-71.3799772309783,838.526,"Chillán, Nevados de",-36.863,-71.377,1
65119,"2018-06-05 05:48:03",357070,0,3,375,10.7708670189171,-79.7786200665066,3,0.36374960540559,0.234260595185299,327769.057120112,-36.8652046152475,-71.379872411859,530.33,"Chillán, Nevados de",-36.863,-71.377,1
65120,"2018-06-06 04:36:04",357070,0,4,375,65.5676444512066,110.640803254446,5,0.476467914610703,0.341094511793969,342663.925879859,-36.8615737675852,-71.3923776650764,1677.05,"Chillán, Nevados de",-36.863,-71.377,1
65121,"2018-06-06 05:30:03",357070,0,3,375,20.1523065643454,102.699730953932,3,0.48638786770326,0.196361382128673,734129.541610674,-36.8652046152475,-71.379872411859,530.33,"Chillán, Nevados de",-36.863,-71.377,1
65122,"2018-06-06 06:18:04",357070,0,4,375,50.3790391303751,-84.5760205475912,8,1.1233563510717,0.533279723986863,1493631.46230849,-36.8652887559915,-71.3756688405821,1125,"Chillán, Nevados de",-36.863,-71.377,1
65123,"2018-06-07 05:12:03",357070,0,3,375,43.6645600417688,105.654197418561,6,1.05884902131752,0.355052487486533,1781484.97625968,-36.8652046152475,-71.379872411859,7830.23,"Chillán, Nevados de",-36.863,-71.377,1
65124,"2018-06-07 06:00:04",357070,0,4,375,29.5979896600958,-81.690892708652,7,0.869943196994686,0.414017616194763,1154061.62639981,-36.8686663294419,-71.3757734749843,1060.66,"Chillán, Nevados de",-36.863,-71.377,1
65125,"2018-06-12 05:18:03",357070,0,3,375,37.036001159829,104.688272665359,3,0.237879777309692,0.146323386788528,231752.113506698,-36.8652046152475,-71.379872411859,375,"Chillán, Nevados de",-36.863,-71.377,1
65126,"2018-06-12 06:06:04",357070,0,4,375,37.5362821943193,-82.6595328134648,2,0.170003090336411,0.094354642416904,191485.133796252,-36.8652887559915,-71.3756688405821,530.33,"Chillán, Nevados de",-36.863,-71.377,1
65127,"2018-06-13 05:00:03",357070,0,3,375,54.379706600938,107.635756525751,2,0.145411070575042,0.0997762021927216,115513.260592749,-36.8617427709321,-71.383970979333,530.33,"Chillán, Nevados de",-36.863,-71.377,1
65128,"2018-06-13 05:48:04",357070,0,4,375,10.4476898382872,-79.4564281795558,4,0.362012872406826,0.198478671695816,413945.945549743,-36.8652887559915,-71.3756688405821,750,"Chillán, Nevados de",-36.863,-71.377,1
65129,"2018-06-13 06:15:02",357070,0,2,1000,34.5335753508237,-82.3587675411837,1,0.0974911937834113,0.0849506239995398,237016.768915172,-36.8722396993981,-71.3660688639861,1414.21,"Chillán, Nevados de",-36.863,-71.377,1
65130,"2018-06-14 03:40:01",357070,0,1,1000,6.72039716869842,-98.7777310263469,1,0.115224827457521,0.0776022291303986,711067.108382614,-36.8630090110135,-71.377000245322,0,"Chillán, Nevados de",-36.863,-71.377,1
65131,"2018-06-14 05:20:02",357070,0,2,1000,51.945104895105,105.315230769231,2,0.175809935437813,0.158271459510552,331477.195025228,-36.8632327741136,-71.365790980576,1000,"Chillán, Nevados de",-36.863,-71.377,1
65132,"2018-06-14 05:30:04",357070,0,4,375,20.4103644103667,102.586929539557,6,1.07608010776893,0.251210131685592,2087952.12696094,-36.8652046152475,-71.379872411859,530.33,"Chillán, Nevados de",-36.863,-71.377,1
65133,"2018-06-14 06:18:03",357070,0,3,375,50.4756342206188,-84.6236232247936,6,0.564219393041219,0.254243320624824,784626.933304002,-36.8687503319371,-71.371569701552,1185.85,"Chillán, Nevados de",-36.863,-71.377,1
65134,"2018-06-15 05:12:04",357070,0,4,375,43.8232292311919,105.616577230478,3,0.234582956646201,0.166267660911804,172923.092327692,-36.8652046152475,-71.379872411859,375,"Chillán, Nevados de",-36.863,-71.377,1
65135,"2018-06-16 03:30:01",357070,0,1,1000,16.7343281051294,80.3147520135651,1,0.200422085494249,0.161526523402268,735126.123538436,-36.8630090110135,-71.377000245322,0,"Chillán, Nevados de",-36.863,-71.377,1
65136,"2018-06-16 04:48:04",357070,0,4,375,58.6963443322875,108.610129238489,4,0.496907502837688,0.380031969360665,295841.194113715,-36.8617427709321,-71.383970979333,838.526,"Chillán, Nevados de",-36.863,-71.377,1
65137,"2018-06-16 05:42:03",357070,0,3,375,1.03929457106455,1.5432428337487,3,0.561713983553951,0.292947267830009,680315.749176229,-36.8652887559915,-71.3756688405821,530.33,"Chillán, Nevados de",-36.863,-71.377,1
65138,"2018-06-16 06:30:04",357070,0,4,375,59.7790623931808,-86.4485189174496,4,0.487469282403308,0.39088051649414,244490.31370758,-36.8653727482343,-71.37146525187,838.526,"Chillán, Nevados de",-36.863,-71.377,1
65139,"2018-06-17 04:30:04",357070,0,4,375,68.4219504447221,111.680588252124,11,1.57195684303058,0.901982234340905,1695873.22824575,-36.8582807965494,-71.388069177474,1875,"Chillán, Nevados de",-36.863,-71.377,1
65140,"2018-06-17 05:24:03",357070,0,3,375,29.1767392506842,103.70431861597,5,0.875939683588373,0.445038104993921,1090719.62081721,-36.8652046152475,-71.379872411859,530.33,"Chillán, Nevados de",-36.863,-71.377,1
65141,"2018-06-17 05:50:02",357070,0,2,1000,9.31469903691798,99.8494141252008,1,0.17587041715364,0.14735456850053,538949.539543783,-36.8630090110135,-71.377000245322,0,"Chillán, Nevados de",-36.863,-71.377,1
65142,"2018-06-17 06:12:04",357070,0,4,375,44.4651033499209,-83.6254441039281,5,0.849239810225614,0.459391425946714,986803.722705966,-36.8653727482343,-71.37146525187,838.526,"Chillán, Nevados de",-36.863,-71.377,1
65143,"2018-06-18 05:54:04",357070,0,4,375,20.5229345192721,-80.6752929342612,3,0.536048628541654,0.311922385461493,567319.552796656,-36.8652887559915,-71.3756688405821,375,"Chillán, Nevados de",-36.863,-71.377,1
65144,"2018-06-20 05:18:04",357070,0,4,375,37.1289432304428,104.620618514958,5,0.810268402530187,0.450661446020244,910255.108665793,-36.8652046152475,-71.379872411859,530.33,"Chillán, Nevados de",-36.863,-71.377,1
65145,"2018-06-20 06:06:03",357070,0,3,375,37.6869091647383,-82.7486925105233,5,1.28649309726432,0.480320494142352,2040624.40165248,-36.8686663294419,-71.3757734749843,838.526,"Chillán, Nevados de",-36.863,-71.377,1
65146,"2018-06-21 03:50:01",357070,0,1,1000,18.1546720613288,-100.988713798978,1,0.155671158871677,0.121825959146712,639674.274801829,-36.8630090110135,-71.377000245322,0,"Chillán, Nevados de",-36.863,-71.377,1
65147,"2018-06-21 05:48:03",357070,0,3,375,10.6129250917113,-79.7692082187279,3,0.665634469628079,0.186370801156169,1213136.16081952,-36.8686663294419,-71.3757734749843,530.33,"Chillán, Nevados de",-36.863,-71.377,1
65148,"2018-06-22 04:36:04",357070,0,4,375,65.5585592142636,110.636019371752,11,1.81971887451663,0.901761455270639,2323579.71746641,-36.8582807965494,-71.388069177474,1677.05,"Chillán, Nevados de",-36.863,-71.377,1
65149,"2018-06-22 05:30:03",357070,0,3,375,20.296011409793,102.714606778422,5,0.896968752888744,0.4304269778751,1180933.86800329,-36.8685821784274,-71.3799772309783,530.33,"Chillán, Nevados de",-36.863,-71.377,1
65150,"2018-06-22 06:18:04",357070,0,4,375,50.4074405148721,-84.5809036064574,7,1.06397343243222,0.583485594103405,1216234.84076982,-36.8653727482343,-71.37146525187,1185.85,"Chillán, Nevados de",-36.863,-71.377,1
65151,"2018-06-24 04:54:03",357070,0,3,375,58.6646108931426,108.646816655398,10,1.24107851168194,0.699114458350612,1371846.50999492,-36.8650358882635,-71.3882795019841,1185.85,"Chillán, Nevados de",-36.863,-71.377,1
65152,"2018-06-24 05:42:04",357070,0,4,375,1.04109402131219,5.18548286069518,6,1.3346624458581,0.441879801604326,2259856.06826736,-36.8652887559915,-71.3756688405821,530.33,"Chillán, Nevados de",-36.863,-71.377,1
65153,"2018-06-24 05:55:02",357070,0,2,1000,2.55104669260701,-73.1856653696498,3,0.467421157381782,0.372150198808047,1800621.11704359,-36.8630090110135,-71.377000245322,1414.21,"Chillán, Nevados de",-36.863,-71.377,1
65154,"2018-06-24 06:30:03",357070,0,3,375,59.8177631495308,-86.4818576288875,8,1.00199810784579,0.54358405514539,1160360.57089788,-36.8686663294419,-71.3757734749843,1185.85,"Chillán, Nevados de",-36.863,-71.377,1
65155,"2018-06-25 05:24:04",357070,0,4,375,29.1931454556139,103.603783740225,1,0.0804803569879161,0.0686669330334337,29902.7293847835,-36.8686663294419,-71.3757734749843,530.33,"Chillán, Nevados de",-36.863,-71.377,1
65156,"2018-06-25 06:12:03",357070,0,3,375,44.4952695791158,-83.664137636038,5,0.48943807635854,0.329563450598767,404682.646454425,-36.8686663294419,-71.3757734749843,838.526,"Chillán, Nevados de",-36.863,-71.377,1
65157,"2018-06-30 04:36:03",357070,0,3,375,65.5755411275401,110.689115280189,3,0.318636295055557,0.258403970576103,152463.071338618,-36.8581962309604,-71.3922723269368,1677.05,"Chillán, Nevados de",-36.863,-71.377,1
65158,"2018-06-30 05:30:04",357070,0,4,375,20.1918184756054,102.560698167838,5,0.547264230973763,0.426696290680349,305187.598867706,-36.8652046152475,-71.379872411859,530.33,"Chillán, Nevados de",-36.863,-71.377,1
65159,"2018-06-30 06:18:03",357070,0,3,375,50.362304893169,-84.6018880654906,7,1.73919026725181,0.60602086407941,2868335.05178014,-36.8652046152475,-71.379872411859,530.33,"Chillán, Nevados de",-36.863,-71.377,1
65160,"2018-07-01 05:12:04",357070,0,4,375,43.6796557096845,105.592975379271,5,0.485037937646603,0.197685271464797,727361.436272697,-36.8652046152475,-71.379872411859,530.33,"Chillán, Nevados de",-36.863,-71.377,1
65161,"2018-07-08 05:30:03",357070,0,3,375,20.4672494317828,102.73901244764,4,0.469297802412911,0.261263544094178,526586.716369294,-36.8652046152475,-71.379872411859,530.33,"Chillán, Nevados de",-36.863,-71.377,1
65162,"2018-07-08 06:18:04",357070,0,4,375,50.5330472930956,-84.6027420561567,5,0.479574176199729,0.335909623490244,363650.899045884,-36.8652887559915,-71.3756688405821,838.526,"Chillán, Nevados de",-36.863,-71.377,1
65163,"2018-07-09 05:12:03",357070,0,3,375,43.8694812481427,105.689886517779,7,1.79466197716072,0.508869827647669,3254661.37845492,-36.8651203260042,-71.3840759656699,750,"Chillán, Nevados de",-36.863,-71.377,1
65164,"2018-07-09 06:00:04",357070,0,4,375,29.8373768118362,-81.7173572386305,3,0.891600822304115,0.225711074327811,1685533.42456502,-36.8652046152475,-71.379872411859,530.33,"Chillán, Nevados de",-36.863,-71.377,1
65166,"2018-07-10 05:42:04",357070,0,4,375,1.06243606564437,-5.70179657859384,4,0.789251917699242,0.330529343570423,1161141.51576357,-36.8652887559915,-71.3756688405821,530.33,"Chillán, Nevados de",-36.863,-71.377,1
65167,"2018-07-10 05:55:02",357070,0,2,1000,2.59018295056442,-73.6621525885557,2,0.412475503392707,0.284218368847148,2424059.84291107,-36.8630090110135,-71.377000245322,1000,"Chillán, Nevados de",-36.863,-71.377,1
65168,"2018-07-10 06:30:03",357070,0,3,375,59.72909546003,-86.4657062253207,5,0.800266558065229,0.388583535159398,1042072.65173038,-36.8652887559915,-71.3756688405821,838.526,"Chillán, Nevados de",-36.863,-71.377,1
65169,"2018-07-11 05:24:04",357070,0,4,375,29.0136350590793,103.584266285418,7,0.921255796722105,0.521430653040762,1012057.3949434,-36.8652046152475,-71.379872411859,530.33,"Chillán, Nevados de",-36.863,-71.377,1
65170,"2018-07-11 06:12:03",357070,0,3,375,44.346547301019,-83.6406948054452,4,0.718049574219394,0.308788583375732,1035941.88307302,-36.8652887559915,-71.3756688405821,838.526,"Chillán, Nevados de",-36.863,-71.377,1
65171,"2018-07-12 05:06:04",357070,0,4,375,49.3623170353177,106.570781093741,2,0.158156017545307,0.129545516901488,72420.3297546674,-36.8651203260042,-71.3840759656699,750,"Chillán, Nevados de",-36.863,-71.377,1
65172,"2018-07-12 05:54:03",357070,0,3,375,20.3560501935553,-80.7955071502254,2,0.160154380409299,0.12475727601939,89598.9204869582,-36.8652046152475,-71.379872411859,375,"Chillán, Nevados de",-36.863,-71.377,1
65173,"2018-07-15 05:48:04",357070,0,4,375,10.9001361796748,-79.5543883125794,2,0.209541594660221,0.124680290200648,214805.176913293,-36.8652046152475,-71.379872411859,530.33,"Chillán, Nevados de",-36.863,-71.377,1
65174,"2018-07-15 06:15:02",357070,0,2,1000,34.7080538555691,-82.375312117503,2,0.277245676470303,0.230840724743393,877053.587638597,-36.8632327741136,-71.365790980576,1000,"Chillán, Nevados de",-36.863,-71.377,1
65175,"2018-07-15 06:36:03",357070,0,3,375,63.5040249320567,-87.3926796974642,1,0.06082332439242,0.0461545963665293,37130.2178155359,-36.8653727482343,-71.37146525187,750,"Chillán, Nevados de",-36.863,-71.377,1
65176,"2018-07-16 03:40:01",357070,0,1,1000,6.88672047244091,-98.8416968503939,1,0.116452437088348,0.0855382672980415,584277.809036801,-36.8630090110135,-71.377000245322,0,"Chillán, Nevados de",-36.863,-71.377,1
65177,"2018-07-18 05:42:03",357070,0,3,375,1.05094857775281,20.8557427620794,3,0.48497334844672,0.145481074744951,859339.8178076,-36.8686663294419,-71.3757734749843,530.33,"Chillán, Nevados de",-36.863,-71.377,1
65178,"2018-07-18 06:30:04",357070,0,4,375,59.9586354931401,-86.4950819232934,4,0.39924615881819,0.204080530864918,494012.995756719,-36.8652887559915,-71.3756688405821,838.526,"Chillán, Nevados de",-36.863,-71.377,1
65179,"2018-07-19 05:24:03",357070,0,3,375,29.4551956700289,103.734894599826,8,0.767991253481603,0.315123001063312,1146322.7639338,-36.8686663294419,-71.3757734749843,750,"Chillán, Nevados de",-36.863,-71.377,1
65180,"2018-07-19 05:50:02",357070,0,2,1000,8.79139599999994,99.7383320000001,2,0.197608358637647,0.145030166538232,993727.830678937,-36.8630090110135,-71.377000245322,1000,"Chillán, Nevados de",-36.863,-71.377,1
65181,"2018-07-20 05:06:03",357070,0,3,375,49.6386731256248,106.683273543863,6,0.52329582038757,0.335002865760531,476616.541399692,-36.8652046152475,-71.379872411859,838.526,"Chillán, Nevados de",-36.863,-71.377,1
65182,"2018-07-20 05:54:04",357070,0,4,375,20.9153182972926,-80.7186459358051,3,0.594064526827733,0.166424893259054,1082462.82247072,-36.8652887559915,-71.3756688405821,530.33,"Chillán, Nevados de",-36.863,-71.377,1
65183,"2018-07-21 04:48:03",357070,0,3,375,62.4136934002964,109.684402803542,11,1.24971196338883,0.762094466378288,1234281.78930794,-36.8649513020275,-71.3924830207709,1590.99,"Chillán, Nevados de",-36.863,-71.377,1
65184,"2018-07-21 05:36:04",357070,0,4,375,10.0395275740958,101.305383586816,3,0.377572860201011,0.180736288730604,498242.571534467,-36.8652046152475,-71.379872411859,530.33,"Chillán, Nevados de",-36.863,-71.377,1
65185,"2018-07-21 06:24:03",357070,0,3,375,55.3083834748026,-85.5092794553002,3,0.157637682158599,0.113442528971563,111868.981504685,-36.8652887559915,-71.3756688405821,750,"Chillán, Nevados de",-36.863,-71.377,1
65186,"2018-07-23 05:00:04",357070,0,4,375,54.2422108312402,107.55525220999,6,1.1608603629111,0.361383259132603,2023676.41893931,-36.8617427709321,-71.383970979333,838.526,"Chillán, Nevados de",-36.863,-71.377,1
65187,"2018-07-23 05:48:03",357070,0,3,375,10.3262053117851,-79.7086501275516,5,0.585647855794562,0.316394562684309,681547.398185329,-36.8652046152475,-71.379872411859,530.33,"Chillán, Nevados de",-36.863,-71.377,1
65188,"2018-07-23 06:36:04",357070,0,4,375,63.746969586779,-87.4393029164134,6,0.506805259457793,0.352017472408005,391806.585969777,-36.8619951623533,-71.3713608195923,1185.85,"Chillán, Nevados de",-36.863,-71.377,1
65189,"2018-07-24 04:36:04",357070,0,4,375,65.4326854646242,110.596180596,8,0.727118865443005,0.449730364622474,702139.642701968,-36.8616583434973,-71.3881743309669,1352.08,"Chillán, Nevados de",-36.863,-71.377,1
65190,"2018-07-24 05:30:03",357070,0,3,375,20.5078904437923,102.736062706204,4,0.642007577377389,0.252892539207713,984947.440366991,-36.8685821784274,-71.3799772309783,530.33,"Chillán, Nevados de",-36.863,-71.377,1
65191,"2018-07-24 06:18:04",357070,0,4,375,50.6275897012527,-84.6207396774257,5,0.637548371849907,0.30883024892597,832067.748651215,-36.8687503319371,-71.371569701552,1185.85,"Chillán, Nevados de",-36.863,-71.377,1
65192,"2018-07-25 03:35:01",357070,0,1,1000,5.03993335946689,77.4028969031751,2,0.289086532827657,0.212308758674885,1451099.93148739,-36.8720158634551,-71.3772794423447,1000,"Chillán, Nevados de",-36.863,-71.377,1
65193,"2018-07-25 05:12:03",357070,0,3,375,43.873240638585,105.691635050638,7,0.690158683640476,0.440249916765093,632581.566153314,-36.8652046152475,-71.379872411859,530.33,"Chillán, Nevados de",-36.863,-71.377,1
65194,"2018-07-25 06:00:04",357070,0,4,375,29.9927441493658,-81.7387094985722,6,0.954010496269024,0.398555763897333,1405994.79131584,-36.8685821784274,-71.3799772309783,530.33,"Chillán, Nevados de",-36.863,-71.377,1
65195,"2018-07-26 04:54:03",357070,0,3,375,58.7206939232263,108.667603879404,9,0.759664298199164,0.485280603676493,694533.726760511,-36.8616583434973,-71.3881743309669,1185.85,"Chillán, Nevados de",-36.863,-71.377,1
65196,"2018-07-26 05:42:04",357070,0,4,375,1.10351917196114,-14.5066036482333,3,0.47571451809116,0.235899096386029,607032.786191111,-36.8652046152475,-71.379872411859,530.33,"Chillán, Nevados de",-36.863,-71.377,1
65197,"2018-07-26 06:30:03",357070,0,3,375,59.7245231073497,-86.4651973908603,5,0.513319679755164,0.371875741546279,358029.96859124,-36.8686663294419,-71.3757734749843,1060.66,"Chillán, Nevados de",-36.863,-71.377,1
65198,"2018-07-27 05:24:04",357070,0,4,375,28.8551821940805,103.566946288611,5,0.95727459643525,0.385368989352217,1447636.06792893,-36.8652046152475,-71.379872411859,530.33,"Chillán, Nevados de",-36.863,-71.377,1
65199,"2018-07-28 05:54:03",357070,0,3,375,20.408811216883,-80.7992766656165,1,0.0810008872988694,0.0638967373838505,43294.8794723915,-36.8686663294419,-71.3757734749843,530.33,"Chillán, Nevados de",-36.863,-71.377,1
65200,"2018-07-29 04:42:04",357070,0,4,375,62.1731313325223,109.569568096964,2,0.168733615255372,0.121036381993031,120733.621695299,-36.8616583434973,-71.3881743309669,838.526,"Chillán, Nevados de",-36.863,-71.377,1
65201,"2018-07-29 05:36:03",357070,0,3,375,10.5778681725001,101.652064271763,3,0.26049972909797,0.140628026144808,303425.248100191,-36.8652046152475,-71.379872411859,530.33,"Chillán, Nevados de",-36.863,-71.377,1
65202,"2018-07-30 05:18:03",357070,0,3,375,37.1953248740809,104.714413635865,10,1.56205435691043,0.579332260113724,2487515.30751667,-36.8652046152475,-71.379872411859,838.526,"Chillán, Nevados de",-36.863,-71.377,1
65203,"2018-07-30 05:30:02",357070,0,2,1000,38.0385267857143,103.289546130952,1,0.122267543783951,0.100205520693,416972.236418986,-36.8630090110135,-71.377000245322,0,"Chillán, Nevados de",-36.863,-71.377,1
65204,"2018-07-30 06:06:04",357070,0,4,375,37.9726129544765,-82.7269904256953,5,0.56681066493278,0.284723989912236,714031.896145753,-36.8652046152475,-71.379872411859,838.526,"Chillán, Nevados de",-36.863,-71.377,1
65205,"2018-07-31 05:00:03",357070,0,3,375,54.4663598199518,107.660783108535,5,0.442848079943408,0.268038973586295,442485.550466443,-36.8651203260042,-71.3840759656699,530.33,"Chillán, Nevados de",-36.863,-71.377,1
65207,"2018-07-31 06:36:03",357070,0,3,375,63.5425837350095,-87.4042074861685,9,1.36897682421563,0.583648957010995,1987861.16386173,-36.8653727482343,-71.37146525187,1185.85,"Chillán, Nevados de",-36.863,-71.377,1
65208,"2018-08-01 04:42:03",357070,0,3,375,65.5291647808876,110.783615512676,2,0.193984094259106,0.0637664772341688,329613.343094372,-36.8484008560557,-71.3751459300379,1912.13,"Chillán, Nevados de",-36.863,-71.377,1
65209,"2018-08-01 05:30:04",357070,0,4,375,19.8369699581676,102.525246247313,4,0.540298284770669,0.26804703856112,689135.96696792,-36.8652046152475,-71.379872411859,530.33,"Chillán, Nevados de",-36.863,-71.377,1
65210,"2018-08-01 06:18:03",357070,0,3,375,50.3136969886088,-84.5928811280696,7,0.852852013436234,0.461033291403182,991791.140146162,-36.8687503319371,-71.371569701552,1060.66,"Chillán, Nevados de",-36.863,-71.377,1
65211,"2018-08-02 05:12:04",357070,0,4,375,43.4407338184155,105.558107624992,3,0.400246854389075,0.21051694651143,480253.829315288,-36.8652046152475,-71.379872411859,375,"Chillán, Nevados de",-36.863,-71.377,1
65212,"2018-08-02 06:00:03",357070,0,3,375,29.5265245896943,-81.7511498123539,4,0.4396281848327,0.28850834798001,382522.08703337,-36.8652887559915,-71.3756688405821,530.33,"Chillán, Nevados de",-36.863,-71.377,1
65213,"2018-08-04 05:24:03",357070,0,3,375,29.2851330080734,103.717314985239,4,0.367294177308248,0.249607260310566,297895.008650383,-36.8652046152475,-71.379872411859,530.33,"Chillán, Nevados de",-36.863,-71.377,1
65214,"2018-08-04 06:12:04",357070,0,4,375,44.8244357994715,-83.6805241985384,4,0.218701167859868,0.137702601721746,205027.620537122,-36.8652887559915,-71.3756688405821,838.526,"Chillán, Nevados de",-36.863,-71.377,1
65216,"2018-08-08 05:00:04",357070,0,4,375,54.1629613044783,107.54483838619,3,0.262584469674652,0.172555963686984,227884.655781286,-36.8617427709321,-71.383970979333,750,"Chillán, Nevados de",-36.863,-71.377,1
65217,"2018-08-08 05:48:03",357070,0,3,375,10.5174212346169,-79.7058336896175,3,0.299002066668318,0.190368674496955,274978.273933763,-36.8652887559915,-71.3756688405821,530.33,"Chillán, Nevados de",-36.863,-71.377,1
65218,"2018-08-09 04:36:04",357070,0,4,375,65.3775412788859,110.584568922415,2,0.144333786871001,0.105278890106479,98857.7074351965,-36.8615737675852,-71.3923776650764,1185.85,"Chillán, Nevados de",-36.863,-71.377,1
65219,"2018-08-09 05:30:03",357070,0,3,375,20.3334217452725,102.717556614943,3,0.626988934730925,0.233606850128805,995748.401649115,-36.8652046152475,-71.379872411859,530.33,"Chillán, Nevados de",-36.863,-71.377,1
65220,"2018-08-09 06:18:04",357070,0,4,375,50.6871817972472,-84.6248155461776,4,0.447258911728637,0.31074354946488,345554.510730135,-36.8652046152475,-71.379872411859,530.33,"Chillán, Nevados de",-36.863,-71.377,1
65221,"2018-08-10 05:12:03",357070,0,3,375,43.7565543587115,105.675603782117,4,0.515184040877583,0.318195188820278,498628.031770053,-36.8652046152475,-71.379872411859,530.33,"Chillán, Nevados de",-36.863,-71.377,1
65222,"2018-08-10 06:00:04",357070,0,4,375,30.1233009551685,-81.750756927592,6,0.918908936209953,0.484185598021895,1100393.44978852,-36.8652046152475,-71.379872411859,750,"Chillán, Nevados de",-36.863,-71.377,1
65223,"2018-08-10 06:48:03",357070,0,3,375,69.767884619428,-89.2559419977474,8,0.939255403384373,0.621989265427188,803079.911704125,-36.8653727482343,-71.37146525187,1185.85,"Chillán, Nevados de",-36.863,-71.377,1
65224,"2018-08-11 05:42:04",357070,0,4,375,1.15461271276319,-20.8945922981714,3,0.366658811821993,0.226727481013631,354201.181108667,-36.8652887559915,-71.3756688405821,530.33,"Chillán, Nevados de",-36.863,-71.377,1
65225,"2018-08-11 05:55:02",357070,0,2,1000,3.91646578538104,-77.1000194401245,1,0.10871683932022,0.0949821049592255,259586.479422789,-36.8630090110135,-71.377000245322,0,"Chillán, Nevados de",-36.863,-71.377,1
65226,"2018-08-11 06:30:03",357070,0,3,375,59.7930393938585,-86.4788440408299,4,0.328453934567907,0.22424505561338,263778.724853645,-36.8686663294419,-71.3757734749843,838.526,"Chillán, Nevados de",-36.863,-71.377,1
65227,"2018-08-12 05:24:04",357070,0,4,375,28.721439737527,103.555841141107,1,0.0574455643879235,0.0469906979319236,26463.8807167497,-36.8652046152475,-71.379872411859,0,"Chillán, Nevados de",-36.863,-71.377,1
65228,"2018-08-12 06:12:03",357070,0,3,375,44.4914068276138,-83.6734530053104,1,0.0464581344685346,0.0359687066816003,26551.3640856775,-36.8652887559915,-71.3756688405821,375,"Chillán, Nevados de",-36.863,-71.377,1
65229,"2018-08-14 04:42:04",357070,0,4,375,62.1163774444295,109.557572229733,9,0.986560112965877,0.539696291917437,1131124.04702886,-36.8616583434973,-71.3881743309669,1352.08,"Chillán, Nevados de",-36.863,-71.377,1
65230,"2018-08-14 05:36:03",357070,0,3,375,10.3966317160577,101.652728191689,3,0.365827728865538,0.195003062706389,432399.936215347,-36.8685821784274,-71.3799772309783,530.33,"Chillán, Nevados de",-36.863,-71.377,1
65231,"2018-08-14 06:24:04",357070,0,4,375,55.7254213944181,-85.5680147225153,3,0.340317959678915,0.199924912684867,355369.900203684,-36.8652887559915,-71.3756688405821,530.33,"Chillán, Nevados de",-36.863,-71.377,1
65233,"2018-08-15 06:06:04",357070,0,4,375,38.062969990372,-82.722165345688,4,0.741523155979679,0.411975794373102,834166.759066647,-36.8652887559915,-71.3756688405821,530.33,"Chillán, Nevados de",-36.863,-71.377,1
65234,"2018-08-16 05:00:03",357070,0,3,375,54.3891103615466,107.64579500918,4,0.554925226232992,0.390245078830821,416846.623111744,-36.8651203260042,-71.3840759656699,750,"Chillán, Nevados de",-36.863,-71.377,1
65235,"2018-08-16 05:48:04",357070,0,4,375,11.2202201774691,-79.6024126258773,2,0.339180045424383,0.208825443912518,329960.085076909,-36.8685821784274,-71.3799772309783,375,"Chillán, Nevados de",-36.863,-71.377,1
65237,"2018-08-19 04:54:04",357070,0,4,375,58.343242443014,108.61266496396,5,0.514481070984521,0.252937217725464,662032.878561988,-36.8617427709321,-71.383970979333,838.526,"Chillán, Nevados de",-36.863,-71.377,1
65238,"2018-08-19 05:42:03",357070,0,3,375,1.03707502955633,3.98586756939676,3,0.354803950177961,0.157423781711065,499618.551431831,-36.8652046152475,-71.379872411859,530.33,"Chillán, Nevados de",-36.863,-71.377,1
65239,"2018-08-19 06:30:04",357070,0,4,375,60.0662326475628,-86.5218240102573,3,0.231800951760462,0.1606584047012,180079.572243757,-36.8652887559915,-71.3756688405821,530.33,"Chillán, Nevados de",-36.863,-71.377,1
65240,"2018-08-20 05:24:03",357070,0,3,375,29.1644524108276,103.703489526918,4,1.24510455677276,0.320532439298211,2340323.17235745,-36.8652046152475,-71.379872411859,530.33,"Chillán, Nevados de",-36.863,-71.377,1
65241,"2018-08-20 06:12:04",357070,0,4,375,44.8901572489041,-83.6789729636573,4,0.701335998917282,0.304525517176216,1004426.53190707,-36.8686663294419,-71.3757734749843,838.526,"Chillán, Nevados de",-36.863,-71.377,1
65243,"2018-08-21 05:54:04",357070,0,4,375,21.1946892890583,-80.7584326518372,3,0.604169328365448,0.242139513837303,916387.968024368,-36.8686663294419,-71.3757734749843,530.33,"Chillán, Nevados de",-36.863,-71.377,1
65244,"2018-08-22 04:48:03",357070,0,3,375,62.2933870125607,109.650288927917,5,0.572577907755729,0.411477871072081,407784.467855483,-36.8615737675852,-71.3923776650764,1352.08,"Chillán, Nevados de",-36.863,-71.377,1
65245,"2018-08-22 05:36:04",357070,0,4,375,9.73237536232815,101.273268453965,3,1.25993177649304,0.244988647615811,2569074.79497049,-36.8652046152475,-71.379872411859,375,"Chillán, Nevados de",-36.863,-71.377,1
65246,"2018-08-22 06:24:03",357070,0,3,375,55.4756504020058,-85.5484739410299,3,0.437201730599132,0.251717768077452,469506.280133001,-36.8686663294419,-71.3757734749843,530.33,"Chillán, Nevados de",-36.863,-71.377,1
65247,"2018-08-24 05:00:04",357070,0,4,375,54.0990970690786,107.533931407644,5,0.338003544357368,0.223120809742609,290796.921993608,-36.8617427709321,-71.383970979333,1060.66,"Chillán, Nevados de",-36.863,-71.377,1
65248,"2018-08-24 05:48:03",357070,0,3,375,10.6763999438352,-79.7413735954141,3,0.20174817634441,0.135099488958056,168704.489946707,-36.8652046152475,-71.379872411859,530.33,"Chillán, Nevados de",-36.863,-71.377,1
65249,"2018-08-24 06:36:04",357070,0,4,375,63.8378857586466,-87.4608461189971,5,0.385798341188228,0.229222809773882,396331.813892564,-36.8686663294419,-71.3757734749843,838.526,"Chillán, Nevados de",-36.863,-71.377,1
65250,"2018-08-26 05:12:03",357070,0,3,375,43.6706034885927,105.66294057175,5,0.878430599950895,0.489874520863338,983532.575190379,-36.8652046152475,-71.379872411859,530.33,"Chillán, Nevados de",-36.863,-71.377,1
65251,"2018-08-26 06:00:04",357070,0,4,375,30.2201464466743,-81.7554122676435,3,0.423864497495348,0.288363908535538,342985.865804519,-36.8652887559915,-71.3756688405821,838.526,"Chillán, Nevados de",-36.863,-71.377,1
65252,"2018-08-27 04:54:03",357070,0,3,375,58.5969511261641,108.637417405249,6,0.566814847327394,0.415622527158845,382705.56042664,-36.8651203260042,-71.3840759656699,1060.66,"Chillán, Nevados de",-36.863,-71.377,1
65253,"2018-08-27 05:42:04",357070,0,4,375,1.20364833693441,-27.4439001076015,3,0.521804334421911,0.253611732742188,678862.523001797,-36.8652887559915,-71.3756688405821,530.33,"Chillán, Nevados de",-36.863,-71.377,1
65254,"2018-08-27 06:30:03",357070,0,3,375,59.8558675922395,-86.4902452045736,2,0.197601202852837,0.16095257689344,92766.8344597247,-36.8686663294419,-71.3757734749843,530.33,"Chillán, Nevados de",-36.863,-71.377,1
65255,"2018-08-28 05:24:04",357070,0,4,375,28.6169840110563,103.544753100886,4,0.815879544849595,0.343858782334686,1194802.55511586,-36.8652046152475,-71.379872411859,530.33,"Chillán, Nevados de",-36.863,-71.377,1
65256,"2018-08-28 06:12:03",357070,0,3,375,44.5850930853878,-83.685125595349,4,0.433402715980349,0.357229916690206,192812.398203175,-36.8685821784274,-71.3799772309783,838.526,"Chillán, Nevados de",-36.863,-71.377,1
65258,"2018-09-01 05:48:04",357070,0,4,375,11.3370046134748,-79.6238115612367,3,0.483835824258547,0.170769753246988,792448.49224801,-36.8652046152475,-71.379872411859,530.33,"Chillán, Nevados de",-36.863,-71.377,1
65259,"2018-09-01 06:36:03",357070,0,3,375,63.6539567018475,-87.4307874667273,6,0.508745509756423,0.356020384719932,386585.472748617,-36.8653727482343,-71.37146525187,1185.85,"Chillán, Nevados de",-36.863,-71.377,1
65260,"2018-09-02 04:42:03",357070,0,3,375,65.4959214077474,110.665698472342,12,1.30595784866212,0.918269927700349,981335.04993449,-36.8616583434973,-71.3881743309669,1677.05,"Chillán, Nevados de",-36.863,-71.377,1
65261,"2018-09-02 05:30:04",357070,0,4,375,19.5983789046651,102.500511636947,4,0.710189508475418,0.290806312966546,1061563.71363183,-36.8652046152475,-71.379872411859,530.33,"Chillán, Nevados de",-36.863,-71.377,1
65262,"2018-09-02 06:18:03",357070,0,3,375,50.4658524404612,-84.6125897438826,6,0.668702027219636,0.458387558680543,532358.49848958,-36.8687503319371,-71.371569701552,838.526,"Chillán, Nevados de",-36.863,-71.377,1
65263,"2018-09-03 05:12:04",357070,0,4,375,43.2818979142144,105.537955081242,4,1.03395238759615,0.337738664289322,1762290.98712041,-36.8652046152475,-71.379872411859,530.33,"Chillán, Nevados de",-36.863,-71.377,1
65264,"2018-09-03 06:00:03",357070,0,3,375,29.7804206250887,-81.7850374028943,5,0.656878150324355,0.42071936348201,597776.929194685,-36.8686663294419,-71.3757734749843,750,"Chillán, Nevados de",-36.863,-71.377,1
65265,"2018-09-04 04:54:04",357070,0,4,375,58.3609962454075,108.554988823169,5,0.697347681768946,0.442822240725165,644267.522642072,-36.8616583434973,-71.3881743309669,838.526,"Chillán, Nevados de",-36.863,-71.377,1
65266,"2018-09-04 05:42:03",357070,0,3,375,1.05057760386212,-1.50923479036985,3,0.502647244866649,0.273731786302155,579442.254491375,-36.8652046152475,-71.379872411859,530.33,"Chillán, Nevados de",-36.863,-71.377,1
65267,"2018-09-04 06:30:04",357070,0,4,375,60.1093932251404,-86.5282456697768,2,0.244471919198859,0.20714866562835,94474.4856003501,-36.8653727482343,-71.37146525187,838.526,"Chillán, Nevados de",-36.863,-71.377,1
65268,"2018-09-05 05:24:03",357070,0,3,375,29.0655210800334,103.691330388949,2,0.273148874185991,0.146021364299013,321791.509401413,-36.8652046152475,-71.379872411859,375,"Chillán, Nevados de",-36.863,-71.377,1
65269,"2018-09-05 06:12:04",357070,0,4,375,44.9648218404289,-83.692571780044,2,0.207740163967747,0.151242303170228,143010.210143719,-36.8652887559915,-71.3756688405821,750,"Chillán, Nevados de",-36.863,-71.377,1
65270,"2018-09-06 05:06:03",357070,0,3,375,49.3983323879096,106.640569942843,1,0.0931810541793038,0.0734157186313414,50031.00560578,-36.8652046152475,-71.379872411859,0,"Chillán, Nevados de",-36.863,-71.377,1
65271,"2018-09-06 05:54:04",357070,0,4,375,21.2829352811054,-80.7470743468388,5,1.00620638880112,0.370853827927726,1608236.16971079,-36.8652046152475,-71.379872411859,530.33,"Chillán, Nevados de",-36.863,-71.377,1
65272,"2018-09-07 04:48:03",357070,0,3,375,62.2613983485831,109.642247524327,5,0.448649257652077,0.326757195254095,308539.282944894,-36.8650358882635,-71.3882795019841,1185.85,"Chillán, Nevados de",-36.863,-71.377,1
65273,"2018-09-07 05:36:04",357070,0,4,375,9.63537224383676,101.265281446822,4,0.420091179634026,0.287183002152322,336423.824250562,-36.8652046152475,-71.379872411859,375,"Chillán, Nevados de",-36.863,-71.377,1
65274,"2018-09-07 06:24:03",357070,0,3,375,55.5317903137275,-85.5515061306702,5,0.504422728649383,0.359071796353841,367919.547373089,-36.8686663294419,-71.3757734749843,1060.66,"Chillán, Nevados de",-36.863,-71.377,1
65275,"2018-09-08 05:18:04",357070,0,4,375,36.5584066633147,104.556358244472,3,0.421552377156183,0.239958817078979,459658.698945421,-36.8652046152475,-71.379872411859,530.33,"Chillán, Nevados de",-36.863,-71.377,1
65276,"2018-09-08 06:06:03",357070,0,3,375,37.7826673183643,-82.7522007793919,5,1.07795878355435,0.448408223026614,1593549.85633583,-36.8652887559915,-71.3756688405821,838.526,"Chillán, Nevados de",-36.863,-71.377,1
65277,"2018-09-09 05:00:04",357070,0,4,375,54.0581743097972,107.526046773656,2,0.250931594432356,0.171418118507773,201268.485934099,-36.8651203260042,-71.3840759656699,375,"Chillán, Nevados de",-36.863,-71.377,1
65278,"2018-09-09 05:48:03",357070,0,3,375,10.7914988739365,-79.7749945062088,3,0.759244410230529,0.267114904219489,1245702.81209045,-36.8652046152475,-71.379872411859,530.33,"Chillán, Nevados de",-36.863,-71.377,1
65279,"2018-09-09 06:36:04",357070,0,4,375,63.8653127365032,-87.4683492890001,3,0.32674152824722,0.274229980969536,132919.854046638,-36.8652887559915,-71.3756688405821,530.33,"Chillán, Nevados de",-36.863,-71.377,1
65280,"2018-09-10 04:36:04",357070,0,4,375,65.3081142052039,110.566144021664,6,0.694075229145733,0.48823810120285,521025.230105424,-36.8615737675852,-71.3923776650764,1677.05,"Chillán, Nevados de",-36.863,-71.377,1
65281,"2018-09-10 05:30:03",357070,0,3,375,20.0983095696714,102.699719191565,3,0.439520068999363,0.244836071465705,492793.868757071,-36.8652046152475,-71.379872411859,530.33,"Chillán, Nevados de",-36.863,-71.377,1
65282,"2018-09-11 05:12:03",357070,0,3,375,43.6169929045569,105.652925290702,4,0.589363480137068,0.314812473260291,694957.236156841,-36.8652046152475,-71.379872411859,530.33,"Chillán, Nevados de",-36.863,-71.377,1
65283,"2018-09-11 06:00:04",357070,0,4,375,30.3193268369761,-81.7859074579634,5,0.762527712397072,0.388719903354843,946201.016638142,-36.8686663294419,-71.3757734749843,838.526,"Chillán, Nevados de",-36.863,-71.377,1
65284,"2018-09-12 05:42:04",357070,0,4,375,1.24453149971364,-31.2716489457844,6,1.40333957378195,0.314695006557553,2755631.56078675,-36.8652887559915,-71.3756688405821,530.33,"Chillán, Nevados de",-36.863,-71.377,1
65285,"2018-09-12 05:55:02",357070,0,2,1000,3.23901090342679,-76.1164408099689,3,0.635148260376033,0.361372115396681,5174369.14010976,-36.8632327741136,-71.365790980576,1000,"Chillán, Nevados de",-36.863,-71.377,1
65286,"2018-09-12 06:30:03",357070,0,3,375,59.8986943491124,-86.495395532115,9,1.76377265713946,0.640425498821055,2843472.49449347,-36.8686663294419,-71.3757734749843,1060.66,"Chillán, Nevados de",-36.863,-71.377,1
65287,"2018-09-13 04:36:03",357070,0,3,375,68.3347084052108,111.695721206893,14,1.56265773535027,0.964142788299644,1514990.95972189,-36.8614890431978,-71.3965809816307,1912.13,"Chillán, Nevados de",-36.863,-71.377,1
65288,"2018-09-13 05:24:04",357070,0,4,375,28.5561187860784,103.54129288149,6,1.08466919505294,0.495405843980163,1491572.85740296,-36.8652046152475,-71.379872411859,530.33,"Chillán, Nevados de",-36.863,-71.377,1
65289,"2018-09-13 06:12:03",357070,0,3,375,44.6446953018573,-83.6885614681783,4,0.564617252276474,0.352030081774083,538111.275334177,-36.8686663294419,-71.3757734749843,530.33,"Chillán, Nevados de",-36.863,-71.377,1
65290,"2018-09-14 04:05:01",357070,0,1,1000,44.5441973094169,-104.345784753363,7,1.54521051454894,1.21852045925039,6174442.04514258,-36.8630090110135,-71.377000245322,2236.07,"Chillán, Nevados de",-36.863,-71.377,1
65291,"2018-09-14 05:06:04",357070,0,4,750,49.0739353989039,106.528853778038,10,2.34668168080197,1.85458195420169,5453080.0953894,-36.8652046152475,-71.379872411859,1677.05,"Chillán, Nevados de",-36.863,-71.377,1
65292,"2018-09-14 05:45:02",357070,0,2,1000,19.9527228596644,101.337780229479,3,0.70669788269724,0.491751525747782,4062486.14634476,-36.8630090110135,-71.377000245322,1000,"Chillán, Nevados de",-36.863,-71.377,1
65293,"2018-09-14 05:54:03",357070,0,3,375,20.7932007528539,-80.8224253538184,7,2.37440723752165,0.69141325088128,4260078.52868343,-36.8686663294419,-71.3757734749843,838.526,"Chillán, Nevados de",-36.863,-71.377,1
65294,"2018-09-14 06:42:04",357070,0,4,375,67.1724598896954,-88.417349873353,9,1.45255657916937,0.844394862918965,1539409.34425884,-36.8652887559915,-71.3756688405821,1185.85,"Chillán, Nevados de",-36.863,-71.377,1
65295,"2018-09-15 03:10:01",357070,0,1,1000,44.2213515981734,83.688785388128,2,0.3331196591252,0.291771452048537,781481.113748933,-36.8630090110135,-71.377000245322,1000,"Chillán, Nevados de",-36.863,-71.377,1
65296,"2018-09-15 05:36:03",357070,0,3,375,10.1826810317352,101.626859730071,4,0.934450721146279,0.356891159396299,1461947.64067964,-36.8685821784274,-71.3799772309783,530.33,"Chillán, Nevados de",-36.863,-71.377,1
65297,"2018-09-15 06:24:04",357070,0,4,375,55.8107515394177,-85.5822354641371,4,0.823511730201354,0.386621265856742,1105878.9878723,-36.8652887559915,-71.3756688405821,530.33,"Chillán, Nevados de",-36.863,-71.377,1
65298,"2018-09-16 05:18:03",357070,0,3,375,36.9494221413058,104.6786231952,5,0.716848478019453,0.434763671101266,714027.167511661,-36.8652046152475,-71.379872411859,530.33,"Chillán, Nevados de",-36.863,-71.377,1
65299,"2018-09-16 06:06:04",357070,0,4,375,38.1956810228667,-82.737731441156,4,0.709968434995463,0.365821585535004,871121.712696785,-36.8652046152475,-71.379872411859,530.33,"Chillán, Nevados de",-36.863,-71.377,1
65301,"2018-09-25 05:48:03",357070,0,3,375,10.8467293424107,-79.770884393989,3,0.276084973624341,0.174129732487359,258074.204127986,-36.8652046152475,-71.379872411859,375,"Chillán, Nevados de",-36.863,-71.377,1
65303,"2018-09-29 05:24:04",357070,0,4,375,28.525578392698,103.537188117619,3,0.264028966811313,0.198485780090405,165906.191387298,-36.8652046152475,-71.379872411859,530.33,"Chillán, Nevados de",-36.863,-71.377,1
65305,"2018-10-01 05:36:03",357070,0,3,375,10.2972839827821,101.578663094497,2,0.145687604513334,0.0775487459331701,172476.485781039,-36.8652046152475,-71.379872411859,530.33,"Chillán, Nevados de",-36.863,-71.377,1
65306,"2018-10-01 06:24:04",357070,0,4,375,55.8339251407148,-85.5828671621791,2,0.128405413357816,0.084199122001839,111897.174994816,-36.8652887559915,-71.3756688405821,530.33,"Chillán, Nevados de",-36.863,-71.377,1
65307,"2018-10-02 05:18:03",357070,0,3,375,37.0271578935555,104.643067402168,3,0.290672002223292,0.193692670878078,245478.932467574,-36.8652046152475,-71.379872411859,375,"Chillán, Nevados de",-36.863,-71.377,1
65308,"2018-10-02 06:06:04",357070,0,4,375,38.2261976644813,-82.7469619025725,3,0.282698285817809,0.196830015362518,217354.059589954,-36.8652887559915,-71.3756688405821,530.33,"Chillán, Nevados de",-36.863,-71.377,1
65309,"2018-10-03 05:00:03",357070,0,3,375,54.3699228473858,107.592187574109,4,0.410322669992015,0.229274710250604,458277.648095448,-36.8617427709321,-71.383970979333,530.33,"Chillán, Nevados de",-36.863,-71.377,1
65310,"2018-10-03 05:48:04",357070,0,4,375,11.4263970432895,-79.6241612145954,4,0.641709781053762,0.249932145886315,991687.139017599,-36.8686663294419,-71.3757734749843,530.33,"Chillán, Nevados de",-36.863,-71.377,1
65311,"2018-10-03 06:36:03",357070,0,3,375,63.6709146884379,-87.4735997438183,7,0.71764030516004,0.438326686615945,707012.596939739,-36.8653727482343,-71.37146525187,1185.85,"Chillán, Nevados de",-36.863,-71.377,1
65312,"2018-10-04 05:30:04",357070,0,4,375,19.5299094282697,102.499210903756,3,0.400010693023116,0.249793059189508,380238.385641319,-36.8652046152475,-71.379872411859,375,"Chillán, Nevados de",-36.863,-71.377,1
65313,"2018-10-04 06:18:03",357070,0,3,375,50.5069259639564,-84.6661915495854,4,0.468943966879879,0.34061602518429,324830.10241696,-36.8686663294419,-71.3757734749843,530.33,"Chillán, Nevados de",-36.863,-71.377,1
65314,"2018-10-05 05:12:04",357070,0,4,375,43.2485308807002,105.536430579704,1,0.0619485611104772,0.0485612685140176,33886.5843847883,-36.8652046152475,-71.379872411859,0,"Chillán, Nevados de",-36.863,-71.377,1
65315,"2018-10-05 06:00:03",357070,0,3,375,29.7938999780287,-81.8210886813819,3,0.391407328337749,0.284320022251479,271064.743530872,-36.8686663294419,-71.3757734749843,838.526,"Chillán, Nevados de",-36.863,-71.377,1
65316,"2018-10-06 03:30:01",357070,0,1,1000,16.9650744997872,80.3535972754363,5,0.998132454962009,0.784680752385057,4034237.17870438,-36.8630090110135,-71.377000245322,1414.21,"Chillán, Nevados de",-36.863,-71.377,1
65317,"2018-10-06 04:54:04",357070,0,4,375,58.3377288419172,108.529108595255,11,2.11194212268725,0.979190987512844,2867276.31091023,-36.8616583434973,-71.3881743309669,1352.08,"Chillán, Nevados de",-36.863,-71.377,1
65318,"2018-10-06 05:42:03",357070,0,3,375,1.05116405632727,-3.50447830304353,4,1.27116325982432,0.371169599233367,2278108.95337086,-36.8686663294419,-71.3757734749843,530.33,"Chillán, Nevados de",-36.863,-71.377,1
65319,"2018-10-06 06:30:04",357070,0,4,375,60.1378129851085,-86.5206320837568,7,0.891859154382037,0.61192882479608,708573.646764454,-36.8686663294419,-71.3757734749843,838.526,"Chillán, Nevados de",-36.863,-71.377,1
65320,"2018-10-07 05:24:03",357070,0,3,375,29.0688995598122,103.650126305249,2,0.36387990396565,0.193184969817828,432071.552061673,-36.8652046152475,-71.379872411859,375,"Chillán, Nevados de",-36.863,-71.377,1
65321,"2018-10-09 04:48:03",357070,0,3,375,62.271634463022,109.597393373231,4,0.39769206847312,0.269275313872699,325054.910082316,-36.8649513020275,-71.3924830207709,1185.85,"Chillán, Nevados de",-36.863,-71.377,1
65322,"2018-10-09 05:36:04",357070,0,4,375,9.58163879235766,101.255490468822,4,0.408469006622071,0.267025840127642,358028.015189023,-36.8652046152475,-71.379872411859,530.33,"Chillán, Nevados de",-36.863,-71.377,1
65324,"2018-10-10 06:06:03",357070,0,3,375,37.8272452807597,-82.7924920667185,4,0.489416949088746,0.240208170087244,630809.721847551,-36.8652046152475,-71.379872411859,530.33,"Chillán, Nevados de",-36.863,-71.377,1
65326,"2018-10-11 05:48:03",357070,0,3,375,10.845077303494,-79.8072630126106,4,0.228394815595135,0.1322657495543,243326.698415864,-36.8652046152475,-71.379872411859,530.33,"Chillán, Nevados de",-36.863,-71.377,1
65327,"2018-10-12 05:30:03",357070,0,3,375,20.0631326960299,102.6526133807,5,0.533263064163979,0.320189693992926,539341.968245477,-36.8652887559915,-71.3756688405821,530.33,"Chillán, Nevados de",-36.863,-71.377,1
65328,"2018-10-12 06:18:04",357070,0,4,375,50.8355678061729,-84.6343172897634,5,0.460460545745159,0.309446624671571,382253.987717521,-36.8652887559915,-71.3756688405821,750,"Chillán, Nevados de",-36.863,-71.377,1
65329,"2018-10-13 05:12:03",357070,0,3,375,43.601587334471,105.609879319423,8,0.698997700356881,0.246074762931846,1146461.18535712,-36.8652046152475,-71.379872411859,838.526,"Chillán, Nevados de",-36.863,-71.377,1
65330,"2018-10-13 06:00:04",357070,0,4,750,30.3359019588566,-81.7768251788102,6,1.55628144274507,0.907500852996609,7189299.91015018,-36.8653727482343,-71.37146525187,1677.05,"Chillán, Nevados de",-36.863,-71.377,1
65331,"2018-10-14 04:54:03",357070,0,3,375,58.5617600593512,108.58254259396,11,1.74079342923616,0.839228778988493,2282085.52093941,-36.8651203260042,-71.3840759656699,1352.08,"Chillán, Nevados de",-36.863,-71.377,1
65332,"2018-10-14 05:42:04",357070,0,4,375,1.25071754538205,-32.5292062822873,5,0.932950953245916,0.399220706404286,1351004.68731788,-36.8686663294419,-71.3757734749843,530.33,"Chillán, Nevados de",-36.863,-71.377,1
65333,"2018-10-14 05:55:02",357070,0,2,1000,2.90099882949668,-75.2746039797114,2,0.347903926321469,0.27387784922034,1399092.85721135,-36.8632327741136,-71.365790980576,1000,"Chillán, Nevados de",-36.863,-71.377,1
65335,"2018-10-15 05:24:04",357070,0,4,375,28.5560155519948,103.541979202957,5,0.797886833518823,0.580727941556978,549683.44527842,-36.8652046152475,-71.379872411859,530.33,"Chillán, Nevados de",-36.863,-71.377,1
65336,"2018-10-16 05:06:04",357070,0,4,375,49.0837976960276,106.533883155271,8,0.881615441125834,0.548575827082415,843006.523047403,-36.8651203260042,-71.3840759656699,838.526,"Chillán, Nevados de",-36.863,-71.377,1
65337,"2018-10-16 05:54:03",357070,0,3,375,20.866006272237,-80.8524702711742,5,0.57501642462257,0.359291972516412,546052.519393712,-36.8686663294419,-71.3757734749843,838.526,"Chillán, Nevados de",-36.863,-71.377,1
65339,"2018-10-19 06:36:03",357070,0,3,375,63.7294590856332,-87.4885407580465,6,0.716674301391803,0.566646807985202,379757.09268546,-36.8653727482343,-71.37146525187,1125,"Chillán, Nevados de",-36.863,-71.377,1
65340,"2018-10-20 03:40:01",357070,0,1,1000,6.32641146446799,-98.6099254024344,3,0.617648140008514,0.494348817298015,2330357.19922842,-36.8630090110135,-71.377000245322,1414.21,"Chillán, Nevados de",-36.863,-71.377,1
65341,"2018-10-20 04:42:03",357070,0,3,375,65.4667955819925,110.609473187652,4,0.505046466185695,0.389226187877365,293170.079467961,-36.8615737675852,-71.3923776650764,1546.16,"Chillán, Nevados de",-36.863,-71.377,1
65342,"2018-10-20 05:30:04",357070,0,4,375,19.5709299842801,102.502195806757,4,0.60969070846364,0.392697155696683,549264.930441359,-36.8652046152475,-71.379872411859,530.33,"Chillán, Nevados de",-36.863,-71.377,1
65343,"2018-10-20 06:18:03",357070,0,3,375,50.5809152666571,-84.6705477610454,6,0.806925715595875,0.55782993261809,630523.700662518,-36.8686663294419,-71.3757734749843,838.526,"Chillán, Nevados de",-36.863,-71.377,1
65344,"2018-10-21 05:12:04",357070,0,4,375,43.2802305248821,105.541374165475,4,0.435632642095796,0.204223180313744,585755.20013582,-36.8618270498877,-71.3797676102055,530.33,"Chillán, Nevados de",-36.863,-71.377,1
65345,"2018-10-21 06:00:02",357070,0,2,1000,14.5546647470176,-80.2048210612916,2,0.218019276255309,0.185904318434098,606972.70282089,-36.8632327741136,-71.365790980576,1000,"Chillán, Nevados de",-36.863,-71.377,1
65346,"2018-10-21 06:00:03",357070,0,3,375,29.9554862150995,-81.8470100282842,5,0.488257030430998,0.29625113140615,486014.931906645,-36.8652887559915,-71.3756688405821,838.526,"Chillán, Nevados de",-36.863,-71.377,1
65347,"2018-10-22 04:54:04",357070,0,4,375,58.3608475062209,108.537653162134,2,0.117099930301196,0.0891601967766012,70722.4504841313,-36.8616583434973,-71.3881743309669,838.526,"Chillán, Nevados de",-36.863,-71.377,1
65348,"2018-10-22 05:42:03",357070,0,3,375,1.08490792739731,-10.4233440056804,3,0.38280736736251,0.170805275553972,536630.29489036,-36.8686663294419,-71.3757734749843,530.33,"Chillán, Nevados de",-36.863,-71.377,1
65349,"2018-10-23 05:24:03",357070,0,3,375,28.930090770325,103.642772115675,2,0.230308535659732,0.159124862424282,180183.672877233,-36.8652046152475,-71.379872411859,530.33,"Chillán, Nevados de",-36.863,-71.377,1
65351,"2018-10-27 03:45:01",357070,0,1,1000,17.5529479034307,-100.916319356205,1,0.0983333433721995,0.0798501083631276,349333.14167146,-36.8630090110135,-71.377000245322,0,"Chillán, Nevados de",-36.863,-71.377,1
65352,"2018-10-27 05:00:04",357070,0,4,375,54.0877378748916,107.537698507141,2,0.162969850527982,0.122169790253141,103275.152570692,-36.8617427709321,-71.383970979333,530.33,"Chillán, Nevados de",-36.863,-71.377,1
65353,"2018-10-27 05:48:03",357070,0,3,375,11.0017179691118,-79.8526859576779,2,0.287774775669369,0.184741368425136,260803.312086965,-36.8652887559915,-71.3756688405821,530.33,"Chillán, Nevados de",-36.863,-71.377,1
65354,"2018-10-31 04:36:03",357070,0,3,375,68.2894207930873,111.633661983276,1,0.0898202779271451,0.0761571039020957,34584.9092509064,-36.8614041703369,-71.4007842805993,1912.13,"Chillán, Nevados de",-36.863,-71.377,1
65355,"2018-10-31 05:24:04",357070,0,4,375,28.631047614151,103.552655604684,6,0.895482150746222,0.49609695715888,1010943.77126796,-36.8651203260042,-71.3840759656699,530.33,"Chillán, Nevados de",-36.863,-71.377,1
65356,"2018-10-31 06:12:03",357070,0,3,375,44.7938739132861,-83.7463002787436,3,0.355544009068309,0.258880735771839,244678.910531691,-36.8652887559915,-71.3756688405821,838.526,"Chillán, Nevados de",-36.863,-71.377,1
65357,"2018-10-31 06:40:02",357070,0,2,1000,59.8175268817205,-86.0211397849463,12,2.18114876545156,1.92911386932975,4763459.53670214,-36.8634554812588,-71.3545815923702,2236.07,"Chillán, Nevados de",-36.863,-71.377,1
65358,"2018-11-01 05:06:04",357070,0,4,375,49.1360128679414,106.544095004607,8,1.05422642452516,0.649485517140417,1024500.42181762,-36.8651203260042,-71.3840759656699,838.526,"Chillán, Nevados de",-36.863,-71.377,1
65359,"2018-11-03 05:18:03",357070,0,3,375,36.7693086262783,104.616520342944,4,0.453519768658262,0.326340176590805,321923.342420752,-36.8652046152475,-71.379872411859,530.33,"Chillán, Nevados de",-36.863,-71.377,1
65360,"2018-11-03 06:06:04",357070,0,4,375,38.138111241942,-82.7357894807097,3,0.361414804681287,0.246467416545721,290960.576218152,-36.8652887559915,-71.3756688405821,530.33,"Chillán, Nevados de",-36.863,-71.377,1
65361,"2018-11-04 05:00:03",357070,0,3,375,54.1969448963883,107.56319143282,2,0.200489989269371,0.160073271445184,102304.816992472,-36.8652046152475,-71.379872411859,530.33,"Chillán, Nevados de",-36.863,-71.377,1
65362,"2018-11-04 05:48:04",357070,0,4,375,11.2749951697537,-79.5543933231141,4,1.79687478582917,0.384388287825762,3575356.44807113,-36.8652887559915,-71.3756688405821,530.33,"Chillán, Nevados de",-36.863,-71.377,1
65363,"2018-11-05 04:42:03",357070,0,3,375,65.4018688084246,110.592855185715,2,0.238503557702298,0.193350261602761,114294.280751954,-36.8615737675852,-71.3923776650764,1352.08,"Chillán, Nevados de",-36.863,-71.377,1
65364,"2018-11-05 06:18:03",357070,0,3,375,50.7009813789674,-84.6965193554749,5,0.638690722212908,0.443547595379953,493956.039795917,-36.8652887559915,-71.3756688405821,530.33,"Chillán, Nevados de",-36.863,-71.377,1
65365,"2018-11-06 05:12:04",357070,0,4,375,43.3493704329643,105.556072014374,4,0.491692744444132,0.362032729220565,328201.913534655,-36.8651203260042,-71.3840759656699,530.33,"Chillán, Nevados de",-36.863,-71.377,1
65366,"2018-11-06 06:00:02",357070,0,2,1000,14.4485055578426,-80.1814615067929,2,0.349845222223888,0.301034299260251,922526.444012738,-36.8632327741136,-71.365790980576,1000,"Chillán, Nevados de",-36.863,-71.377,1
65367,"2018-11-06 06:00:03",357070,0,3,375,30.1241928521581,-81.8680913122325,6,0.842343112948001,0.561608028724994,710610.681939486,-36.8652887559915,-71.3756688405821,838.526,"Chillán, Nevados de",-36.863,-71.377,1
65368,"2018-11-07 04:54:04",357070,0,4,375,58.4043299618914,108.552789940317,2,0.30195052439425,0.205232351668911,244817.874711014,-36.8617427709321,-71.383970979333,838.526,"Chillán, Nevados de",-36.863,-71.377,1
65369,"2018-11-07 05:42:03",357070,0,3,375,1.14636759532653,-21.0407141324553,3,0.867691693750959,0.324001086811357,1376216.84881587,-36.8652046152475,-71.379872411859,530.33,"Chillán, Nevados de",-36.863,-71.377,1
65370,"2018-11-07 06:30:04",357070,0,4,375,60.0773068969271,-86.5013763679827,4,0.668118227616015,0.434276656226236,591911.47758038,-36.8652887559915,-71.3756688405821,750,"Chillán, Nevados de",-36.863,-71.377,1
65371,"2018-11-08 04:10:01",357070,0,1,1000,50.2513574097136,-105.320286425903,5,1.27384984588086,1.0644562296158,3957539.34740966,-36.8542258333487,-71.3655132206251,2236.07,"Chillán, Nevados de",-36.863,-71.377,1
65372,"2018-11-08 04:30:04",357070,0,4,375,68.2299098507962,111.625018571382,25,5.50236157941977,2.76286940256239,6934339.57267024,-36.8548186921532,-71.3921670063492,2651.65,"Chillán, Nevados de",-36.863,-71.377,1
65373,"2018-11-08 05:24:03",357070,0,3,750,28.754320525174,103.624248778708,6,2.415891924177,1.28153759423401,12570063.9186807,-36.8652046152475,-71.379872411859,1060.66,"Chillán, Nevados de",-36.863,-71.377,1
65374,"2018-11-08 05:50:02",357070,0,2,1000,9.11806322529002,99.8141176470588,3,0.965710139073442,0.554109798951205,7779246.42831028,-36.8630090110135,-71.377000245322,1000,"Chillán, Nevados de",-36.863,-71.377,1
65375,"2018-11-08 06:12:04",357070,0,4,750,44.9200208368329,-83.6803569439508,4,1.27093928512503,0.819501409278165,5002495.96172811,-36.8719597394271,-71.3800820675666,1060.66,"Chillán, Nevados de",-36.863,-71.377,1
65376,"2018-11-09 05:06:03",357070,0,3,375,49.1908390935164,106.567815765436,11,2.17066945343218,1.19471405889299,2470387.09242733,-36.8652046152475,-71.379872411859,838.526,"Chillán, Nevados de",-36.863,-71.377,1
65377,"2018-11-09 05:54:04",357070,0,4,375,21.1903713988235,-80.7463836696894,2,0.286847061731393,0.181546231049467,266542.727663625,-36.8652887559915,-71.3756688405821,375,"Chillán, Nevados de",-36.863,-71.377,1
65378,"2018-11-10 05:36:04",357070,0,4,375,9.77743564952874,101.285199866196,3,0.406072246569911,0.292976384449401,286273.900992542,-36.8652046152475,-71.379872411859,530.33,"Chillán, Nevados de",-36.863,-71.377,1
65379,"2018-11-12 05:00:04",357070,0,4,375,54.1502029942549,107.552543793121,4,0.462919318027358,0.351842917345305,281162.139226445,-36.8617427709321,-71.383970979333,1060.66,"Chillán, Nevados de",-36.863,-71.377,1
65380,"2018-11-12 05:48:03",357070,0,3,375,11.2339760795854,-79.836545011009,2,0.363937781997394,0.19122196423258,437186.913717184,-36.8652887559915,-71.3756688405821,530.33,"Chillán, Nevados de",-36.863,-71.377,1
65381,"2018-11-13 05:30:03",357070,0,3,375,19.6893524568236,102.622214912134,3,0.209970556326522,0.104519851816908,266922.09578996,-36.8652046152475,-71.379872411859,530.33,"Chillán, Nevados de",-36.863,-71.377,1
65382,"2018-11-14 06:00:04",357070,0,4,375,30.1339970313942,-81.7295886487087,4,0.498701567330096,0.311268314232159,474440.421904155,-36.8686663294419,-71.3757734749843,530.33,"Chillán, Nevados de",-36.863,-71.377,1
65383,"2018-11-16 05:24:04",357070,0,4,375,28.7696874184726,103.572588068067,4,0.72928196629531,0.445064935246286,719424.359842841,-36.8652046152475,-71.379872411859,530.33,"Chillán, Nevados de",-36.863,-71.377,1
65384,"2018-11-16 06:12:03",357070,0,3,375,44.9230837968839,-83.7541427473919,5,0.70493889390739,0.539076672441899,419838.748084523,-36.8686663294419,-71.3757734749843,838.526,"Chillán, Nevados de",-36.863,-71.377,1
65385,"2018-11-18 04:42:04",357070,0,4,375,62.1542139283781,109.578223357187,6,0.743810316821039,0.448784730931577,746783.5142827,-36.8582807965494,-71.388069177474,1352.08,"Chillán, Nevados de",-36.863,-71.377,1
65386,"2018-11-18 05:36:03",357070,0,3,375,9.6919291762849,101.532926150772,3,0.661275808193441,0.219418125029256,1118452.26050934,-36.8686663294419,-71.3757734749843,530.33,"Chillán, Nevados de",-36.863,-71.377,1
65387,"2018-11-18 06:24:04",357070,0,4,375,55.700649886368,-85.548414163494,6,0.605575267019645,0.440332573102576,418270.568977581,-36.8652887559915,-71.3756688405821,838.526,"Chillán, Nevados de",-36.863,-71.377,1
65388,"2018-11-19 05:18:03",357070,0,3,375,36.6043898022339,104.605148352866,4,0.57887444328003,0.428741819024191,380023.205147592,-36.8652046152475,-71.379872411859,375,"Chillán, Nevados de",-36.863,-71.377,1
65389,"2018-11-19 06:06:04",357070,0,4,375,38.0102415473701,-82.7180506168697,4,0.744219347257787,0.448052609997713,749672.053689562,-36.8686663294419,-71.3757734749843,530.33,"Chillán, Nevados de",-36.863,-71.377,1
65390,"2018-11-20 05:00:03",357070,0,3,375,54.0860368037537,107.544865218726,2,0.261387300349802,0.204604461231976,143731.561516996,-36.8651203260042,-71.3840759656699,375,"Chillán, Nevados de",-36.863,-71.377,1
65391,"2018-11-20 05:48:04",357070,0,4,375,11.0986612772041,-79.5374800845238,3,0.56844334848714,0.317798013071736,634446.00527024,-36.8652887559915,-71.3756688405821,375,"Chillán, Nevados de",-36.863,-71.377,1
65392,"2018-11-21 05:30:04",357070,0,4,375,19.8366362969481,102.536012901512,3,0.54727078181913,0.352531809494667,492933.023696298,-36.8652046152475,-71.379872411859,530.33,"Chillán, Nevados de",-36.863,-71.377,1
65393,"2018-11-21 06:18:03",357070,0,3,375,50.7875400501916,-84.6993694380088,5,0.707373140342792,0.573698560608017,338363.77995365,-36.8686663294419,-71.3757734749843,838.526,"Chillán, Nevados de",-36.863,-71.377,1
65394,"2018-11-24 04:30:04",357070,0,4,375,68.2752172603944,111.64742603424,19,2.67267286389713,1.61327078002782,2681611.52479419,-36.8615737675852,-71.3923776650764,2019.44,"Chillán, Nevados de",-36.863,-71.377,1
65395,"2018-11-24 05:24:03",357070,0,3,375,28.5625328861384,103.604964338963,7,1.35938595130659,0.600642566293132,1920569.19331531,-36.8651203260042,-71.3840759656699,750,"Chillán, Nevados de",-36.863,-71.377,1
65396,"2018-11-24 05:50:02",357070,0,2,1000,9.20807017543848,99.8390749601276,1,0.201764823974676,0.144875175603275,1075214.35421948,-36.8630090110135,-71.377000245322,0,"Chillán, Nevados de",-36.863,-71.377,1
65397,"2018-11-24 06:12:04",357070,0,4,375,44.7966301368977,-83.6548036117073,6,1.00587035100185,0.509864135620014,1255515.73268526,-36.8652887559915,-71.3756688405821,838.526,"Chillán, Nevados de",-36.863,-71.377,1
65398,"2018-11-26 04:48:03",357070,0,3,375,62.0515469365112,109.551264809721,10,1.66162886264394,1.02046959482016,1622934.39667894,-36.8617427709321,-71.383970979333,1185.85,"Chillán, Nevados de",-36.863,-71.377,1
65399,"2018-11-26 05:35:02",357070,0,2,1000,30.325034682081,102.414820809249,1,0.196757697280525,0.171984084853002,468221.274880194,-36.8630090110135,-71.377000245322,0,"Chillán, Nevados de",-36.863,-71.377,1
65400,"2018-11-26 05:36:04",357070,0,4,375,9.97932882844134,101.316952087953,5,0.984236647561955,0.537408085328464,1131034.79815353,-36.8652046152475,-71.379872411859,530.33,"Chillán, Nevados de",-36.863,-71.377,1
65401,"2018-11-26 06:24:03",357070,0,3,375,55.8111775227323,-85.6394282474846,6,1.03669431550932,0.63695936078125,1011829.10415543,-36.8652887559915,-71.3756688405821,838.526,"Chillán, Nevados de",-36.863,-71.377,1
65402,"2018-11-27 05:18:04",357070,0,4,375,36.8185302545383,104.603270297966,3,0.979178102503034,0.27467701541581,1783268.37668954,-36.8652046152475,-71.379872411859,375,"Chillán, Nevados de",-36.863,-71.377,1
65403,"2018-11-27 06:06:03",357070,0,3,375,38.2095898944232,-82.8303720644337,3,0.812091837611036,0.273847835676835,1362430.12989595,-36.8652887559915,-71.3756688405821,530.33,"Chillán, Nevados de",-36.863,-71.377,1
65404,"2018-11-28 03:45:01",357070,0,1,1000,16.4188907492674,-100.779828380076,1,0.216502285983527,0.180132486263899,687389.214700975,-36.8720158634551,-71.3772794423447,1000,"Chillán, Nevados de",-36.863,-71.377,1
65405,"2018-11-28 05:00:04",357070,0,4,375,54.2380356925275,107.575709091219,5,0.849227527186753,0.494470303863773,897979.221536292,-36.8617427709321,-71.383970979333,838.526,"Chillán, Nevados de",-36.863,-71.377,1
65406,"2018-11-28 05:48:03",357070,0,3,375,11.4172394653408,-79.8600440287559,3,0.869949803517534,0.299315652765505,1444417.69409107,-36.8685821784274,-71.3799772309783,530.33,"Chillán, Nevados de",-36.863,-71.377,1
65407,"2018-11-29 04:36:04",357070,0,4,375,65.4364240024701,110.619093927567,14,2.57677940685933,1.31840526383245,3185259.5495368,-36.8615737675852,-71.3923776650764,1912.13,"Chillán, Nevados de",-36.863,-71.377,1
65408,"2018-11-29 05:30:03",357070,0,3,375,19.5162899469475,102.608055557771,4,1.48417856294276,0.419488666867852,2694996.29943962,-36.8686663294419,-71.3757734749843,530.33,"Chillán, Nevados de",-36.863,-71.377,1
65409,"2018-11-29 06:18:04",357070,0,4,375,50.5928716097796,-84.5862647393157,9,1.76846821413475,0.883722218688423,2239513.30097351,-36.8652887559915,-71.3756688405821,1185.85,"Chillán, Nevados de",-36.863,-71.377,1
65410,"2018-11-30 03:35:01",357070,0,1,1000,7.09803317535544,78.4368443917853,1,0.242282545155956,0.194116649600451,910335.425999032,-36.8630090110135,-71.377000245322,0,"Chillán, Nevados de",-36.863,-71.377,1
65411,"2018-12-01 04:54:03",357070,0,3,375,58.3194243391537,108.537903529081,2,0.212267738339534,0.173931413471528,97038.8223221397,-36.8650358882635,-71.3882795019841,838.526,"Chillán, Nevados de",-36.863,-71.377,1
65412,"2018-12-01 05:42:04",357070,0,4,375,1.08266235308166,-10.497078360968,1,0.232367135851038,0.116051529567755,294423.878404561,-36.8652046152475,-71.379872411859,0,"Chillán, Nevados de",-36.863,-71.377,1
65413,"2018-12-02 04:36:03",357070,0,3,375,68.1647897518568,111.598766825232,1,0.135881155436227,0.11281272987232,58391.9522086393,-36.8614890431978,-71.3965809816307,1546.16,"Chillán, Nevados de",-36.863,-71.377,1
65414,"2018-12-02 05:24:04",357070,0,4,375,28.9464191060835,103.594238533524,6,1.68102202268696,0.675705366018054,2544707.78719317,-36.8651203260042,-71.3840759656699,750,"Chillán, Nevados de",-36.863,-71.377,1
65415,"2018-12-02 06:12:03",357070,0,3,750,45.0202156232196,-83.7719446073217,6,1.92649459698632,1.24903362715283,7507114.37196742,-36.8653727482343,-71.37146525187,1500,"Chillán, Nevados de",-36.863,-71.377,1
65416,"2018-12-03 05:06:04",357070,0,4,375,49.3297482089505,106.588069975372,4,0.563411783281471,0.451285569446544,283819.478769657,-36.8652046152475,-71.379872411859,375,"Chillán, Nevados de",-36.863,-71.377,1
65417,"2018-12-03 05:54:03",357070,0,3,375,21.37558352322,-80.9062450619099,3,0.532847990576735,0.343122350790737,480243.025708307,-36.8686663294419,-71.3757734749843,530.33,"Chillán, Nevados de",-36.863,-71.377,1
65418,"2018-12-04 04:42:04",357070,0,4,375,62.2259401319439,109.604653772079,7,1.07177308885051,0.743317245131358,831403.854414109,-36.8616583434973,-71.3881743309669,1185.85,"Chillán, Nevados de",-36.863,-71.377,1
65419,"2018-12-04 05:36:03",357070,0,3,375,9.52938669006137,101.511580230324,3,0.729382285155077,0.34461234241122,973948.917570387,-36.8652046152475,-71.379872411859,530.33,"Chillán, Nevados de",-36.863,-71.377,1
65420,"2018-12-04 06:24:04",357070,0,4,375,55.5806371528667,-85.5170694424389,5,0.976521586501188,0.584343829787545,992699.94668141,-36.8652887559915,-71.3756688405821,750,"Chillán, Nevados de",-36.863,-71.377,1
65421,"2018-12-05 05:18:03",357070,0,3,375,36.4831322062759,104.588523517298,7,1.24185020735001,0.706073648487819,1356184.41461993,-36.8651203260042,-71.3840759656699,9284.56,"Chillán, Nevados de",-36.863,-71.377,1
65422,"2018-12-06 05:48:04",357070,0,4,375,10.858295808428,-79.5246763781572,3,0.528683237505146,0.325561779954487,514151.189425105,-36.8686663294419,-71.3757734749843,530.33,"Chillán, Nevados de",-36.863,-71.377,1
65423,"2018-12-07 04:42:03",357070,0,3,375,65.2750086757221,110.563312182348,6,0.929851891537956,0.749741000840315,455905.692078402,-36.8615737675852,-71.3923776650764,1352.08,"Chillán, Nevados de",-36.863,-71.377,1
65424,"2018-12-07 05:30:04",357070,0,4,375,20.0550956147258,102.567372825551,4,0.781915796491185,0.517402240987903,669549.937367681,-36.8652046152475,-71.379872411859,530.33,"Chillán, Nevados de",-36.863,-71.377,1
65425,"2018-12-07 06:18:03",357070,0,3,750,50.8747950167058,-84.7207211832673,9,6.43703619022182,2.02493043396865,48891646.9114804,-36.8653727482343,-71.37146525187,2250,"Chillán, Nevados de",-36.863,-71.377,1
65426,"2018-12-08 05:12:04",357070,0,4,375,43.5986909953804,105.602511755033,3,0.691701396576015,0.350141253219331,864574.112871606,-36.8617427709321,-71.383970979333,530.33,"Chillán, Nevados de",-36.863,-71.377,1
65427,"2018-12-08 06:00:02",357070,0,2,1000,14.3483810302533,-80.1648119378577,2,0.43779489535059,0.388149290816689,938301.925690712,-36.8632327741136,-71.365790980576,1000,"Chillán, Nevados de",-36.863,-71.377,1
65428,"2018-12-08 06:00:03",357070,0,3,375,30.3978601379313,-81.8852232340267,3,1.14751673276484,0.347797616590721,2024289.01281573,-36.8685821784274,-71.3799772309783,530.33,"Chillán, Nevados de",-36.863,-71.377,1
65429,"2018-12-10 04:30:04",357070,0,4,375,68.336534009266,111.676100165442,15,2.25857123890412,1.61213871324877,1636282.33056512,-36.8581115169141,-71.3964754588476,2186.61,"Chillán, Nevados de",-36.863,-71.377,1
65430,"2018-12-10 05:24:03",357070,0,3,375,28.4506229784679,103.59840861195,5,1.41744845688515,0.49728472308737,2329164.45117563,-36.8686663294419,-71.3757734749843,530.33,"Chillán, Nevados de",-36.863,-71.377,1
65431,"2018-12-10 06:12:04",357070,0,4,375,44.6353972526064,-83.6322796065192,2,0.334885199548823,0.199651357726892,342310.662111764,-36.8652887559915,-71.3756688405821,530.33,"Chillán, Nevados de",-36.863,-71.377,1
65432,"2018-12-12 04:48:03",357070,0,3,375,62.0071678114287,109.540945096432,2,0.23484164918458,0.188594935581346,117061.993808186,-36.8650358882635,-71.3882795019841,838.526,"Chillán, Nevados de",-36.863,-71.377,1
65433,"2018-12-12 05:35:02",357070,0,2,1000,30.4138599537039,102.426666666667,1,0.199080873101766,0.164365229654484,656125.661153625,-36.8630090110135,-71.377000245322,0,"Chillán, Nevados de",-36.863,-71.377,1
65434,"2018-12-12 05:36:04",357070,0,4,375,10.2490886432078,101.356819702672,8,1.50316839226194,0.806278726466592,1764001.96654447,-36.8652046152475,-71.379872411859,530.33,"Chillán, Nevados de",-36.863,-71.377,1
65435,"2018-12-12 06:24:03",357070,0,3,375,55.8761182031984,-85.6602845333877,3,0.368732982684736,0.278763996039679,227733.997445301,-36.8686663294419,-71.3757734749843,1060.66,"Chillán, Nevados de",-36.863,-71.377,1
65436,"2018-12-13 06:06:03",357070,0,3,375,38.2993782541936,-82.8509020810845,3,1.00265948668912,0.297142440910599,1785840.02212688,-36.8652887559915,-71.3756688405821,530.33,"Chillán, Nevados de",-36.863,-71.377,1
65437,"2018-12-15 04:36:04",357070,0,4,375,65.4871861117851,110.641934921207,10,1.47885301510725,0.956238026789519,1322869.18917926,-36.8582807965494,-71.388069177474,1677.05,"Chillán, Nevados de",-36.863,-71.377,1
65438,"2018-12-15 05:30:03",357070,0,3,375,19.4165193484934,102.599284537154,4,1.36637705010993,0.398547849768918,2449817.66336318,-36.8652046152475,-71.379872411859,530.33,"Chillán, Nevados de",-36.863,-71.377,1
65439,"2018-12-15 06:18:04",357070,0,4,375,50.4884545028944,-84.5690140369252,7,1.72300908921085,0.694528397812773,2603341.75010139,-36.8652887559915,-71.3756688405821,838.526,"Chillán, Nevados de",-36.863,-71.377,1
65440,"2018-12-16 03:35:01",357070,0,1,1000,7.3120988142292,78.5156007905138,1,0.263376860385176,0.198098413649545,1233762.64330341,-36.8630090110135,-71.377000245322,0,"Chillán, Nevados de",-36.863,-71.377,1
65441,"2018-12-16 05:12:03",357070,0,3,375,43.1621064572779,105.55703424769,4,0.717049863382811,0.462496902270269,644337.182816123,-36.8652046152475,-71.379872411859,530.33,"Chillán, Nevados de",-36.863,-71.377,1
65442,"2018-12-16 06:00:04",357070,0,4,375,29.8081870800626,-81.6995438564239,3,0.424058159088902,0.342726212304365,205871.490298358,-36.8652046152475,-71.379872411859,530.33,"Chillán, Nevados de",-36.863,-71.377,1
65443,"2018-12-17 05:42:04",357070,0,4,375,1.05618548621156,-3.45368016245806,3,0.693851376225883,0.366738059735099,828005.582367299,-36.8686663294419,-71.3757734749843,530.33,"Chillán, Nevados de",-36.863,-71.377,1
65444,"2018-12-17 05:55:02",357070,0,2,1000,2.62536878881988,-73.8349534161491,1,0.219984911548136,0.198192068743807,411884.729001822,-36.8630090110135,-71.377000245322,0,"Chillán, Nevados de",-36.863,-71.377,1
65445,"2018-12-18 03:20:01",357070,0,1,1000,29.0625560538118,81.816048206278,4,1.01018196770325,0.841813497423782,3182164.08828196,-36.8630090110135,-71.377000245322,1414.21,"Chillán, Nevados de",-36.863,-71.377,1
65446,"2018-12-18 05:24:04",357070,0,4,375,29.0373996111543,103.611388259416,3,0.639140994328552,0.353220596977885,723736.005793877,-36.8652046152475,-71.379872411859,375,"Chillán, Nevados de",-36.863,-71.377,1
65447,"2018-12-18 06:12:03",357070,0,3,375,45.0851078765994,-83.7833443479054,8,3.4670106183105,0.933361329627597,6413299.76197861,-36.8652887559915,-71.3756688405821,1185.85,"Chillán, Nevados de",-36.863,-71.377,1
65448,"2018-12-19 05:06:04",357070,0,4,375,49.3661781373753,106.598111022351,10,2.53261573839592,1.1670385731557,3456617.1995143,-36.8617427709321,-71.383970979333,838.526,"Chillán, Nevados de",-36.863,-71.377,1
65449,"2018-12-19 05:45:02",357070,0,2,1000,20.4485872453497,101.411483613818,2,0.435938135507181,0.380886728339385,1040471.59547134,-36.8632327741136,-71.365790980576,1000,"Chillán, Nevados de",-36.863,-71.377,1
65450,"2018-12-19 05:54:03",357070,0,3,375,21.4623946734674,-80.9044344046033,4,0.923412390262441,0.486918479286367,1104875.21215819,-36.8686663294419,-71.3757734749843,530.33,"Chillán, Nevados de",-36.863,-71.377,1
65451,"2018-12-21 03:55:01",357070,0,1,1000,26.5794394500264,-102.087900581703,1,0.227836363025975,0.204743303756768,436458.820188025,-36.8630090110135,-71.377000245322,0,"Chillán, Nevados de",-36.863,-71.377,1
65452,"2018-12-21 05:18:03",357070,0,3,375,36.413854903776,104.581054839322,7,3.29961677792862,0.839278782806947,6227730.55015174,-36.8651203260042,-71.3840759656699,838.526,"Chillán, Nevados de",-36.863,-71.377,1
65453,"2018-12-21 06:06:04",357070,0,4,375,37.8025386354346,-82.6716206687015,3,0.641356956821588,0.37554806536134,672828.756508752,-36.8652887559915,-71.3756688405821,375,"Chillán, Nevados de",-36.863,-71.377,1
65454,"2018-12-22 05:00:03",357070,0,3,375,53.9737093128655,107.531273693919,7,1.18446086609243,0.811397393009381,944316.916241472,-36.8685821784274,-71.3799772309783,838.526,"Chillán, Nevados de",-36.863,-71.377,1
65455,"2018-12-22 05:48:04",357070,0,4,375,10.8628286107037,-79.5199263170955,3,0.821461873868524,0.356647397932748,1176561.64221243,-36.8652887559915,-71.3756688405821,375,"Chillán, Nevados de",-36.863,-71.377,1
65456,"2018-12-22 06:36:03",357070,0,3,375,63.936884781121,-87.5321455844877,1,0.14520233300617,0.124093956467373,53430.5781138313,-36.8653727482343,-71.37146525187,750,"Chillán, Nevados de",-36.863,-71.377,1
65457,"2018-12-23 03:40:01",357070,0,1,1000,4.59948477751756,-97.5901522248242,1,0.236102312690603,0.198875353124496,703589.535799417,-36.8630090110135,-71.377000245322,0,"Chillán, Nevados de",-36.863,-71.377,1
65458,"2018-12-23 04:42:03",357070,0,3,375,65.2513290084963,110.561267085672,1,0.145168456136905,0.115748039868592,74470.4286791677,-36.8581962309604,-71.3922723269368,1352.08,"Chillán, Nevados de",-36.863,-71.377,1
65459,"2018-12-23 05:30:04",357070,0,4,375,20.0219557458279,102.563392093229,5,0.967592368824015,0.553202906287254,1048923.32704617,-36.8652046152475,-71.379872411859,530.33,"Chillán, Nevados de",-36.863,-71.377,1
65460,"2018-12-23 06:18:03",357070,0,3,375,50.9051814048047,-84.7196710122239,7,1.6063769606431,0.812376214551934,2009814.38854325,-36.8652887559915,-71.3756688405821,838.526,"Chillán, Nevados de",-36.863,-71.377,1
65461,"2018-12-24 05:12:04",357070,0,4,375,43.5541833849021,105.600362141677,4,0.775795197271096,0.542176289294934,591347.86081466,-36.8618270498877,-71.3797676102055,530.33,"Chillán, Nevados de",-36.863,-71.377,1
65462,"2018-12-24 06:00:03",357070,0,3,375,30.460139346733,-81.8869698014038,4,0.74896377713822,0.550047940832411,503505.710649078,-36.8686663294419,-71.3757734749843,838.526,"Chillán, Nevados de",-36.863,-71.377,1
65463,"2018-12-25 03:30:01",357070,0,1,1000,18.7460233665078,80.5600475984422,3,0.832871009741425,0.6563941024937,3335413.54698201,-36.8630090110135,-71.377000245322,1414.21,"Chillán, Nevados de",-36.863,-71.377,1
65464,"2018-12-25 04:54:04",357070,0,4,375,58.5205862514574,108.595358642785,10,3.0329017073357,1.26524135588906,4474390.2645993,-36.8616583434973,-71.3881743309669,1185.85,"Chillán, Nevados de",-36.863,-71.377,1
65465,"2018-12-25 05:42:03",357070,0,3,375,1.3408615989686,-41.3710199363597,3,1.298159418949,0.377309862896366,2330900.43875823,-36.8652046152475,-71.379872411859,530.33,"Chillán, Nevados de",-36.863,-71.377,1
65466,"2018-12-25 06:30:04",357070,0,4,375,59.9208092145044,-86.4571583559401,5,0.999755601776415,0.676012246413687,819475.368261904,-36.8652887559915,-71.3756688405821,750,"Chillán, Nevados de",-36.863,-71.377,1
65467,"2018-12-26 04:30:04",357070,0,4,375,68.2995455880684,111.666304297343,10,1.75628838592244,1.18479756978418,1446586.12834998,-36.8581115169141,-71.3964754588476,2019.44,"Chillán, Nevados de",-36.863,-71.377,1
65468,"2018-12-26 05:24:03",357070,0,3,375,28.3976932676139,103.593808535881,4,0.938117647599465,0.527047409931766,1040521.53909636,-36.8686663294419,-71.3757734749843,530.33,"Chillán, Nevados de",-36.863,-71.377,1
65469,"2018-12-26 06:12:04",357070,0,4,375,44.6869906943594,-83.6245653228335,5,1.1883613196997,0.670252420309636,1311463.1515811,-36.8652046152475,-71.379872411859,530.33,"Chillán, Nevados de",-36.863,-71.377,1
65470,"2018-12-27 05:06:03",357070,0,3,375,48.97497776864,106.539342851164,8,1.40715335606997,0.895723425752163,1294557.01111696,-36.8651203260042,-71.3840759656699,838.526,"Chillán, Nevados de",-36.863,-71.377,1
65471,"2018-12-27 05:54:04",357070,0,4,375,20.8862172786022,-80.7057110606021,2,0.406422316042146,0.217948006970827,477075.594836776,-36.8652046152475,-71.379872411859,375,"Chillán, Nevados de",-36.863,-71.377,1
65472,"2018-12-28 04:48:03",357070,0,3,375,61.9924563580713,109.538536270176,10,1.69864095999316,1.02373185152555,1708363.68080865,-36.8616583434973,-71.3881743309669,1590.99,"Chillán, Nevados de",-36.863,-71.377,1
65473,"2018-12-28 05:36:04",357070,0,4,375,10.0688590512215,101.355159710412,3,0.553415346766652,0.315945003310485,601096.806873422,-36.8652046152475,-71.379872411859,530.33,"Chillán, Nevados de",-36.863,-71.377,1
65474,"2018-12-28 06:24:03",357070,0,3,375,55.8945916667849,-85.6564902713287,3,0.465897519047953,0.321689757920214,365025.895354589,-36.8652887559915,-71.3756688405821,530.33,"Chillán, Nevados de",-36.863,-71.377,1
65475,"2018-12-29 03:05:01",357070,0,1,1000,51.7534918478262,84.8386005434782,7,1.99509470451378,1.60169304475429,7435291.36945448,-36.8717909712506,-71.3884898966035,2236.07,"Chillán, Nevados de",-36.863,-71.377,1
65476,"2018-12-29 05:18:04",357070,0,4,750,36.8578090577009,104.612918782782,4,1.32492770874178,0.860675216218654,5144497.93277184,-36.8652046152475,-71.379872411859,1060.66,"Chillán, Nevados de",-36.863,-71.377,1
65477,"2018-12-29 06:06:03",357070,0,3,750,38.3183033763234,-82.8352335982237,5,1.97769961845462,1.14187782833387,9261950.2117756,-36.8653727482343,-71.37146525187,1060.66,"Chillán, Nevados de",-36.863,-71.377,1
65478,"2018-12-29 06:20:02",357070,0,2,1000,42.7127548441447,-83.2661246840774,8,2.05762305009048,1.60725934152823,8511874.09182642,-36.8630090110135,-71.377000245322,2236.07,"Chillán, Nevados de",-36.863,-71.377,1
65479,"2018-12-30 03:45:01",357070,0,1,1000,16.1112923462986,-100.73826432455,1,0.181809545541485,0.165700619326499,304458.705463222,-36.8720158634551,-71.3772794423447,1000,"Chillán, Nevados de",-36.863,-71.377,1
65481,"2018-12-30 05:48:03",357070,0,3,375,11.5811432042008,-79.9072808413189,5,0.815186517808437,0.461909563101482,894232.291601981,-36.8685821784274,-71.3799772309783,530.33,"Chillán, Nevados de",-36.863,-71.377,1
65482,"2018-12-30 06:36:04",357070,0,4,375,63.7208672921746,-87.4071527559123,8,1.02409153268137,0.738294935013341,723422.63784721,-36.8686663294419,-71.3757734749843,1060.66,"Chillán, Nevados de",-36.863,-71.377,1
65483,"2018-12-31 04:36:04",357070,0,4,375,65.4304911898874,110.626097262318,6,0.894939725349254,0.713477625745431,459325.939622176,-36.8548186921532,-71.3921670063492,1875,"Chillán, Nevados de",-36.863,-71.377,1
65484,"2018-12-31 05:30:03",357070,0,3,375,19.3798272391548,102.59508199753,5,0.806424168588231,0.62481732984669,459692.310564525,-36.8652046152475,-71.379872411859,530.33,"Chillán, Nevados de",-36.863,-71.377,1
65485,"2018-12-31 06:18:04",357070,0,4,375,50.5835840433189,-84.5857920234753,6,1.04581059582336,0.718429546688563,828683.280622458,-36.8652887559915,-71.3756688405821,838.526,"Chillán, Nevados de",-36.863,-71.377,1
65486,"2019-01-01 05:12:03",357070,0,3,375,43.1407205576538,105.554084718248,5,0.95739078933976,0.647817562923167,783607.229367002,-36.8652046152475,-71.379872411859,530.33,"Chillán, Nevados de",-36.863,-71.377,1
65487,"2019-01-01 06:00:04",357070,0,4,375,29.9602489012745,-81.7219675669643,4,1.23499231590697,0.528523100538091,1788250.20140248,-36.8652046152475,-71.379872411859,530.33,"Chillán, Nevados de",-36.863,-71.377,1
65488,"2019-01-02 04:15:01",357070,0,1,1000,55.05062215478,-106.190485584218,3,0.686238039257493,0.636984387618779,930894.015971694,-36.8632327741136,-71.365790980576,1414.21,"Chillán, Nevados de",-36.863,-71.377,1
65489,"2019-01-02 04:54:03",357070,0,3,375,58.2661294568977,108.529271584565,6,1.21136543178194,0.663785347399444,1386062.08859318,-36.8651203260042,-71.3840759656699,838.526,"Chillán, Nevados de",-36.863,-71.377,1
65490,"2019-01-02 05:42:04",357070,0,4,375,1.0926093947828,-11.1492836027939,5,0.98180998378246,0.591947823776078,986838.592516154,-36.8652046152475,-71.379872411859,530.33,"Chillán, Nevados de",-36.863,-71.377,1
65491,"2019-01-02 05:55:02",357070,0,2,1000,2.67088086922779,-74.1983740783857,1,0.219166919447768,0.190408228284668,543539.262982581,-36.8632327741136,-71.365790980576,1000,"Chillán, Nevados de",-36.863,-71.377,1
65492,"2019-01-02 06:30:03",357070,0,3,375,60.204180163399,-86.5976122159469,5,0.819894391191708,0.590612101642731,580370.795420847,-36.8686663294419,-71.3757734749843,838.526,"Chillán, Nevados de",-36.863,-71.377,1
65493,"2019-01-03 03:20:01",357070,0,1,1000,29.0809641255606,81.8204484304933,2,0.443970786012863,0.384968108432442,1115150.60626995,-36.8630090110135,-71.377000245322,1000,"Chillán, Nevados de",-36.863,-71.377,1
65494,"2019-01-03 04:36:03",357070,0,3,375,68.1306833099172,111.590369478079,2,0.283603216332884,0.231450588834163,132011.338356137,-36.8581962309604,-71.3922723269368,1352.08,"Chillán, Nevados de",-36.863,-71.377,1
65495,"2019-01-03 05:24:04",357070,0,4,375,28.8807837812846,103.594161347071,6,1.45870758645311,0.648607762560447,2050565.1792283,-36.8618270498877,-71.3797676102055,530.33,"Chillán, Nevados de",-36.863,-71.377,1
65496,"2019-01-03 06:12:03",357070,0,3,375,45.1075842749939,-83.7762732397209,6,1.04657314506044,0.724668632092534,814820.798450006,-36.8652887559915,-71.3756688405821,750,"Chillán, Nevados de",-36.863,-71.377,1
65497,"2019-01-04 05:06:04",357070,0,4,375,49.2710106122911,106.58423906863,6,1.08353069316108,0.824786687523162,654945.764270979,-36.8651203260042,-71.3840759656699,1185.85,"Chillán, Nevados de",-36.863,-71.377,1
65499,"2019-01-04 06:42:04",357070,0,4,375,67.0448689002941,-88.3593707318433,11,2.17674704826589,1.55559104172647,1572301.14155289,-36.8687503319371,-71.371569701552,1875,"Chillán, Nevados de",-36.863,-71.377,1
65500,"2019-01-05 05:36:03",357070,0,3,375,9.41258677470056,101.501545465938,3,0.740250119397415,0.419862597633853,810980.914464018,-36.8652046152475,-71.379872411859,375,"Chillán, Nevados de",-36.863,-71.377,1
65501,"2019-01-05 06:24:04",357070,0,4,375,55.6366462672827,-85.53545949809,5,1.70345776686985,0.743036529973279,2431066.25589444,-36.8652887559915,-71.3756688405821,838.526,"Chillán, Nevados de",-36.863,-71.377,1
65502,"2019-01-05 06:25:02",357070,0,2,1000,49.4392142857143,-84.1638690476191,1,0.252134887245064,0.233742748603361,347611.420328186,-36.8630090110135,-71.377000245322,0,"Chillán, Nevados de",-36.863,-71.377,1
65503,"2019-01-06 05:18:03",357070,0,3,375,36.4027567010661,104.583131100141,4,0.748460094166553,0.491518714537152,650382.867186922,-36.8652046152475,-71.379872411859,375,"Chillán, Nevados de",-36.863,-71.377,1
65504,"2019-01-06 06:06:04",357070,0,4,375,37.9165520754967,-82.6747940573022,5,0.961166527747525,0.625865628465414,848730.401307844,-36.8652887559915,-71.3756688405821,838.526,"Chillán, Nevados de",-36.863,-71.377,1
65506,"2019-01-10 04:54:04",357070,0,4,750,58.4702548474459,108.584738091904,10,3.41082453618375,1.58967537111748,20180609.1853906,-36.8582807965494,-71.388069177474,2121.32,"Chillán, Nevados de",-36.863,-71.377,1
65507,"2019-01-10 05:42:03",357070,0,3,375,1.34217786368548,-40.846890109085,4,1.07080759423478,0.317780792599722,1906099.09163875,-36.8652046152475,-71.379872411859,375,"Chillán, Nevados de",-36.863,-71.377,1
65508,"2019-01-10 06:30:04",357070,0,4,375,59.9854381203677,-86.4758852036338,4,0.384180418366821,0.295969398385246,223284.144328359,-36.8686663294419,-71.3757734749843,838.526,"Chillán, Nevados de",-36.863,-71.377,1
65509,"2019-01-11 04:30:04",357070,0,4,375,68.2635391092041,111.654028963703,1,0.123532770801586,0.106285867331222,43656.2244093594,-36.8615737675852,-71.3923776650764,1185.85,"Chillán, Nevados de",-36.863,-71.377,1
65510,"2019-01-11 05:24:03",357070,0,3,375,28.4111994506806,103.594776597256,5,0.700269454257191,0.520424376885571,455232.852096913,-36.8652887559915,-71.3756688405821,530.33,"Chillán, Nevados de",-36.863,-71.377,1
65511,"2019-01-11 05:50:02",357070,0,2,1000,9.25695808383223,99.8574850299401,1,0.22467614569743,0.171638500940335,1002411.48590909,-36.8630090110135,-71.377000245322,0,"Chillán, Nevados de",-36.863,-71.377,1
65512,"2019-01-11 06:12:04",357070,0,4,375,44.7876094023969,-83.6502902513899,4,0.617657474386467,0.405631093971894,536691.775424387,-36.8686663294419,-71.3757734749843,530.33,"Chillán, Nevados de",-36.863,-71.377,1
65513,"2019-01-12 05:54:04",357070,0,4,375,21.0044716657671,-80.6925805382713,3,0.270911883730193,0.241590231813662,74220.4314137194,-36.8652046152475,-71.379872411859,530.33,"Chillán, Nevados de",-36.863,-71.377,1
65514,"2019-01-13 05:36:04",357070,0,4,375,9.93581409148531,101.3124074155,1,0.069168749242204,0.0575927513932376,29301.7445551962,-36.8652887559915,-71.3756688405821,375,"Chillán, Nevados de",-36.863,-71.377,1
65515,"2019-01-13 06:24:03",357070,0,3,750,55.9019798825688,-85.6611652012267,11,3.71731323483139,1.56204561210673,23883059.3443176,-36.8653727482343,-71.37146525187,1677.05,"Chillán, Nevados de",-36.863,-71.377,1
65516,"2019-01-14 05:18:04",357070,0,4,375,36.7677408580501,104.600530726396,6,1.60330938071365,0.765903123114076,2119684.58954892,-36.8652046152475,-71.379872411859,530.33,"Chillán, Nevados de",-36.863,-71.377,1
65517,"2019-01-14 06:06:03",357070,0,3,375,38.3344643373108,-82.8471995134085,3,1.37927343893906,0.387050004302923,2511565.56892273,-36.8686663294419,-71.3757734749843,530.33,"Chillán, Nevados de",-36.863,-71.377,1
65518,"2019-01-14 06:20:02",357070,0,2,1000,42.6546761984859,-83.2576114381833,2,0.479475268516872,0.434412041910878,851694.982853276,-36.8632327741136,-71.365790980576,2000,"Chillán, Nevados de",-36.863,-71.377,1
65519,"2019-01-15 03:45:01",357070,0,1,1000,16.0408222036727,-100.725947412354,1,0.298797060634199,0.21811469128536,1524896.78069305,-36.8630090110135,-71.377000245322,0,"Chillán, Nevados de",-36.863,-71.377,1
65520,"2019-01-15 05:00:04",357070,0,4,375,54.1907170579092,107.573346382755,5,1.12340096985199,0.596355439165742,1334083.99954957,-36.8617427709321,-71.383970979333,838.526,"Chillán, Nevados de",-36.863,-71.377,1
65521,"2019-01-15 05:48:03",357070,0,3,375,11.5620356113827,-79.8705746529841,5,0.841454785884319,0.621625697095388,556442.380996983,-36.8685821784274,-71.3799772309783,530.33,"Chillán, Nevados de",-36.863,-71.377,1
65522,"2019-01-15 06:36:04",357070,0,4,375,63.7592643619577,-87.4153802598313,5,0.736243642890427,0.5933639458142,361664.233224199,-36.8687503319371,-71.371569701552,1060.66,"Chillán, Nevados de",-36.863,-71.377,1
65523,"2019-01-16 05:30:03",357070,0,3,375,19.3975236078953,102.601568831942,3,0.14108415689916,0.117680024373624,59241.7104552647,-36.8652887559915,-71.3756688405821,530.33,"Chillán, Nevados de",-36.863,-71.377,1
65524,"2019-01-17 05:12:03",357070,0,3,375,43.1633801969914,105.557861560987,8,1.71633299287107,0.967115947906465,1896455.64506664,-36.8652046152475,-71.379872411859,838.526,"Chillán, Nevados de",-36.863,-71.377,1
65525,"2019-01-17 06:00:04",357070,0,4,375,30.0525471768845,-81.71617963846,4,0.655489770445118,0.472774830019455,462497.19295246,-36.8685821784274,-71.3799772309783,530.33,"Chillán, Nevados de",-36.863,-71.377,1
65526,"2019-01-18 04:54:03",357070,0,3,375,58.2863517430686,108.532270852976,9,2.5766328326511,1.1931886834868,3501843.00257212,-36.8651203260042,-71.3840759656699,1060.66,"Chillán, Nevados de",-36.863,-71.377,1
65527,"2019-01-18 05:42:04",357070,0,4,375,1.12497251299637,-17.6581127814547,3,1.51563913645774,0.383434007691725,2865894.23218897,-36.8652046152475,-71.379872411859,530.33,"Chillán, Nevados de",-36.863,-71.377,1
65528,"2019-01-18 05:55:02",357070,0,2,1000,2.61243873978997,-73.7751069622716,1,0.249908322572965,0.21409575158487,676857.591674996,-36.8630090110135,-71.377000245322,0,"Chillán, Nevados de",-36.863,-71.377,1
65529,"2019-01-18 06:30:03",357070,0,3,375,60.1932037721312,-86.5859987292695,5,0.979090381880474,0.659720208607887,808405.751096237,-36.8652887559915,-71.3756688405821,750,"Chillán, Nevados de",-36.863,-71.377,1
65530,"2019-01-19 04:36:03",357070,0,3,375,68.1486552147577,111.597052161482,1,0.166797685763892,0.144778420003575,55736.2664558014,-36.8581115169141,-71.3964754588476,1677.05,"Chillán, Nevados de",-36.863,-71.377,1
65531,"2019-01-19 05:24:04",357070,0,4,375,28.7909856263297,103.586869944016,5,1.78552911898429,0.704505777122833,2736340.33408681,-36.8652046152475,-71.379872411859,530.33,"Chillán, Nevados de",-36.863,-71.377,1
65532,"2019-01-19 06:12:03",357070,0,3,375,45.1013851305193,-83.7783717554679,5,1.10664485138872,0.766004696952959,862245.390915529,-36.8652046152475,-71.379872411859,530.33,"Chillán, Nevados de",-36.863,-71.377,1
65533,"2019-01-20 05:06:04",357070,0,4,375,49.2138182986092,106.575336481085,6,1.28139445007767,0.85568465944126,1077577.9075484,-36.8618270498877,-71.3797676102055,750,"Chillán, Nevados de",-36.863,-71.377,1
65534,"2019-01-20 05:45:02",357070,0,2,1000,20.4303509551309,101.418658374056,2,0.504897026548025,0.453176189386264,977523.822357287,-36.8630090110135,-71.377000245322,1000,"Chillán, Nevados de",-36.863,-71.377,1
65535,"2019-01-20 05:54:03",357070,0,3,375,21.4852600408091,-80.9287099896995,6,1.61156158097955,0.896339146183176,1810406.78807833,-36.8652887559915,-71.3756688405821,838.526,"Chillán, Nevados de",-36.863,-71.377,1
65536,"2019-01-20 06:42:04",357070,0,4,375,67.0823402949547,-88.3665999666001,1,0.18324774612081,0.149869852113288,84487.7942065398,-36.8653727482343,-71.37146525187,750,"Chillán, Nevados de",-36.863,-71.377,1
65537,"2019-01-21 04:48:04",357070,0,4,375,62.1443206280398,109.590832372769,6,0.989903953105939,0.678583863069643,788028.977904374,-36.8617427709321,-71.383970979333,1352.08,"Chillán, Nevados de",-36.863,-71.377,1
65538,"2019-01-21 05:36:03",357070,0,3,375,9.44853912107487,101.50838327879,5,1.12299923442372,0.666420656468181,1155714.52544995,-36.8652046152475,-71.379872411859,530.33,"Chillán, Nevados de",-36.863,-71.377,1
65539,"2019-01-22 05:18:03",357070,0,3,375,36.4406245564084,104.588968730504,5,1.01195489745253,0.612542758179773,1011011.97753417,-36.8651203260042,-71.3840759656699,838.526,"Chillán, Nevados de",-36.863,-71.377,1
65540,"2019-01-22 06:06:04",357070,0,4,375,37.9960505781887,-82.6814565523894,2,0.50179069291186,0.280448238536084,560273.087638682,-36.8652887559915,-71.3756688405821,530.33,"Chillán, Nevados de",-36.863,-71.377,1
65541,"2019-01-23 05:00:03",357070,0,3,375,54.0011644125495,107.539175513703,5,1.82484203546447,0.706293268649491,2831326.56600042,-36.8651203260042,-71.3840759656699,530.33,"Chillán, Nevados de",-36.863,-71.377,1
65542,"2019-01-23 05:48:04",357070,0,4,375,11.122438259574,-79.5107795979243,3,0.686942610926273,0.415365948107699,687428.427759516,-36.8686663294419,-71.3757734749843,530.33,"Chillán, Nevados de",-36.863,-71.377,1
65543,"2019-01-23 06:36:03",357070,0,3,375,63.9406339804621,-87.5246981495721,1,0.170033286491289,0.148014663175301,55734.6402685938,-36.8652887559915,-71.3756688405821,375,"Chillán, Nevados de",-36.863,-71.377,1
65544,"2019-01-24 04:42:03",357070,0,3,375,65.2770024878416,110.56817956425,11,2.1383843313814,1.64177632654885,1257039.01223238,-36.8615737675852,-71.3923776650764,1677.05,"Chillán, Nevados de",-36.863,-71.377,1
65545,"2019-01-24 05:30:04",357070,0,4,375,19.7899273033254,102.545056139706,2,0.405697481338132,0.308812578004775,245239.91156256,-36.8652046152475,-71.379872411859,375,"Chillán, Nevados de",-36.863,-71.377,1
65546,"2019-01-24 06:18:03",357070,0,3,375,50.8944717596161,-84.7064364244206,4,0.933660341939083,0.651628986267446,713891.869043832,-36.8652887559915,-71.3756688405821,838.526,"Chillán, Nevados de",-36.863,-71.377,1
65547,"2019-01-25 05:12:04",357070,0,4,375,43.4109860973111,105.58107040418,3,0.573535489146775,0.467211573493597,269132.411497105,-36.8618270498877,-71.3797676102055,530.33,"Chillán, Nevados de",-36.863,-71.377,1
65548,"2019-01-25 06:00:03",357070,0,3,375,30.4418786984081,-81.8919533880626,3,0.502377900373562,0.433907958005374,173314.541619475,-36.8685821784274,-71.3799772309783,530.33,"Chillán, Nevados de",-36.863,-71.377,1
65549,"2019-01-26 04:54:04",357070,0,4,375,58.4355805075844,108.575051134365,7,1.59654500992915,1.03083913575027,1431942.99401528,-36.8617427709321,-71.383970979333,1060.66,"Chillán, Nevados de",-36.863,-71.377,1
65550,"2019-01-26 05:42:03",357070,0,3,375,1.30767453125037,-37.9307706013521,1,0.383540321482434,0.152323442152801,585267.725803133,-36.8652046152475,-71.379872411859,0,"Chillán, Nevados de",-36.863,-71.377,1
65551,"2019-01-26 06:30:04",357070,0,4,375,60.0273039894645,-86.4830974207485,4,0.793277008822509,0.61795577881032,443781.863468355,-36.8652887559915,-71.3756688405821,750,"Chillán, Nevados de",-36.863,-71.377,1
65552,"2019-01-27 04:30:04",357070,0,4,375,68.2465282546789,111.647725770097,5,0.932637512896475,0.718566294970516,541867.770375083,-36.8614890431978,-71.3965809816307,2019.44,"Chillán, Nevados de",-36.863,-71.377,1
65553,"2019-01-27 06:12:04",357070,0,4,375,44.8262541515137,-83.6447629799892,3,0.625712020096882,0.477902689819425,374142.367264814,-36.8652887559915,-71.3756688405821,750,"Chillán, Nevados de",-36.863,-71.377,1
65554,"2019-01-28 05:06:03",357070,0,3,375,49.0293110585467,106.547359627665,6,1.36248177325785,0.819322132515244,1374872.84062973,-36.8652046152475,-71.379872411859,530.33,"Chillán, Nevados de",-36.863,-71.377,1
65555,"2019-01-28 05:54:04",357070,0,4,375,21.0919138232102,-80.7260914080178,3,0.888028246467644,0.459969836838461,1083522.84937387,-36.8652046152475,-71.379872411859,530.33,"Chillán, Nevados de",-36.863,-71.377,1
65556,"2019-01-28 06:42:03",357070,0,3,375,67.2176824828251,-88.4706186383877,4,0.791557768448232,0.647371552861845,364971.358203041,-36.8653727482343,-71.37146525187,1125,"Chillán, Nevados de",-36.863,-71.377,1
65557,"2019-01-29 04:00:01",357070,0,1,1000,35.5222432262131,-103.106824196597,1,0.307938883789476,0.274251438564044,636692.714760664,-36.8630090110135,-71.377000245322,0,"Chillán, Nevados de",-36.863,-71.377,1
65558,"2019-01-29 04:48:03",357070,0,3,375,62.034701940497,109.550417138681,5,0.94463248248455,0.731179254884682,540303.482362165,-36.8616583434973,-71.3881743309669,1352.08,"Chillán, Nevados de",-36.863,-71.377,1
65559,"2019-01-29 05:36:04",357070,0,4,375,9.85742405686077,101.319416046486,3,0.679182974702854,0.496666393547383,461995.096049787,-36.8652046152475,-71.379872411859,530.33,"Chillán, Nevados de",-36.863,-71.377,1
65560,"2019-01-29 06:24:03",357070,0,3,375,55.8723788926273,-85.6453465268615,3,0.816253050845221,0.512907910675341,767842.386055009,-36.8653727482343,-71.37146525187,750,"Chillán, Nevados de",-36.863,-71.377,1
65561,"2019-01-30 05:18:04",357070,0,4,375,36.7116509651449,104.59416456882,5,1.63361918152271,0.687043125988808,2396020.6405702,-36.8651203260042,-71.3840759656699,530.33,"Chillán, Nevados de",-36.863,-71.377,1
65562,"2019-01-30 06:06:03",357070,0,3,375,38.2772694755196,-82.823726853342,2,0.599653597535823,0.283095065117222,801288.785184584,-36.8652887559915,-71.3756688405821,530.33,"Chillán, Nevados de",-36.863,-71.377,1
65564,"2019-01-31 05:48:03",357070,0,3,375,11.4925926543387,-79.847900830539,3,0.761971901331533,0.432644567386055,833609.814049491,-36.8652046152475,-71.379872411859,530.33,"Chillán, Nevados de",-36.863,-71.377,1
65565,"2019-02-01 04:42:04",357070,0,4,375,65.3781554532584,110.610609085993,19,4.3066967599706,2.66463323641087,4156473.29401056,-36.8581115169141,-71.3964754588476,2019.44,"Chillán, Nevados de",-36.863,-71.377,1
65566,"2019-02-01 05:30:03",357070,0,3,375,19.4747348937477,102.608715286668,6,2.09189834122732,0.917306920579796,2973184.53351405,-36.8686663294419,-71.3757734749843,530.33,"Chillán, Nevados de",-36.863,-71.377,1
65567,"2019-02-01 06:18:04",357070,0,4,375,50.7018173908224,-84.6029329734349,5,1.30307802845818,0.764153565909036,1364152.54582753,-36.8652887559915,-71.3756688405821,838.526,"Chillán, Nevados de",-36.863,-71.377,1
65568,"2019-02-02 05:12:03",357070,0,3,375,43.2195830128948,105.56855744823,5,1.32552432957899,0.872394770764294,1146984.19574971,-36.8652046152475,-71.379872411859,530.33,"Chillán, Nevados de",-36.863,-71.377,1
65569,"2019-02-02 06:00:04",357070,0,4,375,30.1324604056084,-81.7357485107333,3,0.758948725150246,0.508005003342837,635201.295825004,-36.8652887559915,-71.3756688405821,530.33,"Chillán, Nevados de",-36.863,-71.377,1
65570,"2019-02-03 04:54:03",357070,0,3,375,58.3242622181079,108.545405463207,7,1.86887969815295,1.17996420830269,1743817.33368348,-36.8617427709321,-71.383970979333,838.526,"Chillán, Nevados de",-36.863,-71.377,1
65571,"2019-02-03 05:42:04",357070,0,4,375,1.15201139838541,-19.9759639501306,3,0.866904589320203,0.492946082271921,946582.470965963,-36.8652887559915,-71.3756688405821,530.33,"Chillán, Nevados de",-36.863,-71.377,1
65572,"2019-02-03 06:30:03",357070,0,3,375,60.1763054326004,-86.5818775732658,5,1.07478693712857,0.826853601059419,627581.256925047,-36.8652887559915,-71.3756688405821,838.526,"Chillán, Nevados de",-36.863,-71.377,1
65573,"2019-02-04 05:24:04",357070,0,4,375,28.7412935513158,103.581635368012,3,1.00818401312719,0.498676305074832,1289691.38600754,-36.8652046152475,-71.379872411859,375,"Chillán, Nevados de",-36.863,-71.377,1
65574,"2019-02-04 06:12:03",357070,0,3,375,45.061595690908,-83.772557875965,4,1.37896031590693,0.65699198007852,1827482.35006565,-36.8686663294419,-71.3757734749843,838.526,"Chillán, Nevados de",-36.863,-71.377,1
65575,"2019-02-05 05:06:04",357070,0,4,375,49.1905203351612,106.572410791007,6,1.25489494550222,0.918443946231587,851641.591903795,-36.8651203260042,-71.3840759656699,750,"Chillán, Nevados de",-36.863,-71.377,1
65576,"2019-02-05 05:54:03",357070,0,3,375,21.3987912776559,-80.9031344579037,5,1.20287045937664,0.776098588168227,1080266.2989963,-36.8652887559915,-71.3756688405821,530.33,"Chillán, Nevados de",-36.863,-71.377,1
65577,"2019-02-06 04:48:04",357070,0,4,375,62.1286662700462,109.587676121953,7,1.42361746218518,1.06806446157801,899993.532786896,-36.8582807965494,-71.388069177474,1352.08,"Chillán, Nevados de",-36.863,-71.377,1
65579,"2019-02-06 06:24:04",357070,0,4,375,55.7074340925411,-85.529949798252,2,0.409718000758688,0.31327377161195,244124.45502768,-36.8652887559915,-71.3756688405821,530.33,"Chillán, Nevados de",-36.863,-71.377,1
65582,"2019-02-07 06:06:04",357070,0,4,375,38.0462933613036,-82.7020544354432,4,0.839357997763009,0.537651132889227,763695.501711762,-36.8686663294419,-71.3757734749843,530.33,"Chillán, Nevados de",-36.863,-71.377,1
65583,"2019-02-08 05:00:03",357070,0,3,375,54.0540362374685,107.548721099944,2,0.26431904512161,0.190478531338011,186908.800514737,-36.8617427709321,-71.383970979333,530.33,"Chillán, Nevados de",-36.863,-71.377,1
65584,"2019-02-08 05:48:04",357070,0,4,375,11.1748330930851,-79.554619455593,4,1.11537588634829,0.472507662991736,1627260.19037127,-36.8652046152475,-71.379872411859,13017.4,"Chillán, Nevados de",-36.863,-71.377,1
65585,"2019-02-09 04:42:03",357070,0,3,375,65.317317745025,110.580968553227,6,1.02094001445432,0.823444411795387,499910.744230432,-36.8650358882635,-71.3882795019841,1546.16,"Chillán, Nevados de",-36.863,-71.377,1
65586,"2019-02-09 05:30:04",357070,0,4,375,19.7577201327832,102.539239571743,1,0.242207507904148,0.143599538195205,249601.423325761,-36.8652046152475,-71.379872411859,0,"Chillán, Nevados de",-36.863,-71.377,1
65588,"2019-02-10 05:12:04",357070,0,4,375,43.3919541633125,105.577709900631,4,0.867690602884335,0.552981269252344,796608.000755977,-36.8652046152475,-71.379872411859,375,"Chillán, Nevados de",-36.863,-71.377,1
65589,"2019-02-10 06:00:02",357070,0,2,1000,14.3202296964724,-80.1555537325675,3,1.00641425506759,0.669601401295709,6365762.93628856,-36.8630090110135,-71.377000245322,1000,"Chillán, Nevados de",-36.863,-71.377,1
65590,"2019-02-10 06:00:03",357070,0,3,750,30.3275890507512,-81.8522421156013,4,1.53824323738444,1.04350824769613,5482282.10448351,-36.8719597394271,-71.3800820675666,1060.66,"Chillán, Nevados de",-36.863,-71.377,1
65591,"2019-02-11 06:30:04",357070,0,4,375,60.0433890915569,-86.4817582457308,3,0.436708981327115,0.352235829096658,213822.666583346,-36.8652887559915,-71.3756688405821,750,"Chillán, Nevados de",-36.863,-71.377,1
65592,"2019-02-12 04:10:01",357070,0,1,1000,49.6327228327228,-105.197802197802,1,0.218521716977807,0.199685739471096,355999.974876834,-36.8630090110135,-71.377000245322,0,"Chillán, Nevados de",-36.863,-71.377,1
65593,"2019-02-12 04:36:04",357070,0,4,375,68.2395775337998,111.692378118974,8,1.10895664812566,0.905629050194123,514672.982264193,-36.8548186921532,-71.3921670063492,1875,"Chillán, Nevados de",-36.863,-71.377,1
65594,"2019-02-12 05:24:03",357070,0,3,375,28.5732505081271,103.615852041803,4,0.857882348020917,0.440061949068408,1057607.88484854,-36.8651203260042,-71.3840759656699,530.33,"Chillán, Nevados de",-36.863,-71.377,1
65595,"2019-02-12 05:50:02",357070,0,2,1000,9.23342421812336,99.8612630312751,1,0.211505704121728,0.180669295125595,582808.130026913,-36.8630090110135,-71.377000245322,0,"Chillán, Nevados de",-36.863,-71.377,1
65596,"2019-02-12 06:12:04",357070,0,4,375,44.8727120923458,-83.6585716336399,4,0.801492589244448,0.4386015811519,918567.864234264,-36.8686663294419,-71.3757734749843,530.33,"Chillán, Nevados de",-36.863,-71.377,1
65597,"2019-02-14 04:48:03",357070,0,3,375,62.0817086826696,109.564956457855,2,0.329226354579266,0.290560365463383,97873.2849495781,-36.8616583434973,-71.3881743309669,1060.66,"Chillán, Nevados de",-36.863,-71.377,1
65598,"2019-02-14 05:36:04",357070,0,4,375,9.8311091722695,101.307754884183,2,0.350848486000688,0.273193241702523,196564.83712973,-36.8652046152475,-71.379872411859,375,"Chillán, Nevados de",-36.863,-71.377,1
65599,"2019-02-14 06:24:03",357070,0,3,375,55.8289290547595,-85.6387842773607,3,0.517486382309072,0.408579292502644,275671.071072522,-36.8652887559915,-71.3756688405821,838.526,"Chillán, Nevados de",-36.863,-71.377,1
65600,"2019-02-15 05:18:04",357070,0,4,750,36.7076366064209,104.594857311246,8,4.85750195244749,2.7185022475124,23702790.480312,-36.8652046152475,-71.379872411859,1060.66,"Chillán, Nevados de",-36.863,-71.377,1
65601,"2019-02-15 06:06:03",357070,0,3,750,38.1889525439631,-82.8157987216901,3,1.97052093728441,0.950529830622783,11302776.4506941,-36.8652046152475,-71.379872411859,750,"Chillán, Nevados de",-36.863,-71.377,1
65602,"2019-02-15 06:20:02",357070,0,2,1000,42.6073070469799,-83.2504446308725,5,1.9221690354887,1.44458957005512,9026251.89669462,-36.8630090110135,-71.377000245322,2000,"Chillán, Nevados de",-36.863,-71.377,1
65603,"2019-02-16 03:45:01",357070,0,1,1000,15.9827086811351,-100.709866444074,1,0.358552321076093,0.314642931431903,829887.464275194,-36.8630090110135,-71.377000245322,0,"Chillán, Nevados de",-36.863,-71.377,1
65604,"2019-02-16 05:00:04",357070,0,4,375,54.1563101273654,107.569246437689,7,2.0311347025638,1.33608431849171,1759346.28468246,-36.8617427709321,-71.383970979333,838.526,"Chillán, Nevados de",-36.863,-71.377,1
65605,"2019-02-16 05:48:03",357070,0,3,375,11.36042240228,-79.8238067032852,6,1.58828213859586,1.15062940004176,1107808.49446506,-36.8686663294419,-71.3757734749843,838.526,"Chillán, Nevados de",-36.863,-71.377,1
65606,"2019-02-16 06:36:04",357070,0,4,375,63.8116466566406,-87.4220148691268,6,2.71537025088063,1.15110276709899,3959552.06832228,-36.8653727482343,-71.37146525187,838.526,"Chillán, Nevados de",-36.863,-71.377,1
65607,"2019-02-17 04:42:04",357070,0,4,375,65.3774874249182,110.610776093078,9,2.19339633496635,1.63118147412174,1423106.36651293,-36.8582807965494,-71.388069177474,1875,"Chillán, Nevados de",-36.863,-71.377,1
65608,"2019-02-17 05:30:03",357070,0,3,375,19.6023228574152,102.625530167169,6,2.1214844188212,1.11532112857497,2546850.82843578,-36.8652046152475,-71.379872411859,530.33,"Chillán, Nevados de",-36.863,-71.377,1
65609,"2019-02-17 06:10:02",357070,0,2,1000,25.0942750373692,-81.3130592924763,4,1.57071120176506,1.21211613682354,6777446.72739475,-36.8632327741136,-71.365790980576,1414.21,"Chillán, Nevados de",-36.863,-71.377,1
65610,"2019-02-17 06:18:04",357070,0,4,750,50.713453481556,-84.6015339190428,9,3.6096258980872,3.09923026267796,5655821.63487856,-36.8653727482343,-71.37146525187,2250,"Chillán, Nevados de",-36.863,-71.377,1
65611,"2019-02-18 03:35:01",357070,0,1,1000,7.46204033214702,78.5789996045868,4,1.48501959275684,1.06969538181058,7849627.58688414,-36.8717909712506,-71.3884898966035,1414.21,"Chillán, Nevados de",-36.863,-71.377,1
65612,"2019-02-18 05:12:03",357070,0,3,375,43.3057802092418,105.58233495951,6,1.38804698094298,0.92625400926912,1168913.45954945,-36.8685821784274,-71.3799772309783,838.526,"Chillán, Nevados de",-36.863,-71.377,1
65613,"2019-02-18 06:00:04",357070,0,4,375,30.1473410983063,-81.7317731695968,4,0.80799156592432,0.600614018586701,524924.416698348,-36.8652887559915,-71.3756688405821,838.526,"Chillán, Nevados de",-36.863,-71.377,1
65614,"2019-02-19 04:15:01",357070,0,1,1000,55.0027010622154,-106.17277693475,3,0.847399511493616,0.761554276657002,1622474.938412,-36.8630090110135,-71.377000245322,1414.21,"Chillán, Nevados de",-36.863,-71.377,1
65615,"2019-02-19 04:54:03",357070,0,3,375,58.3816149390552,108.56121179511,11,3.07953478067266,1.54371580549123,3887541.78092799,-36.8651203260042,-71.3840759656699,1185.85,"Chillán, Nevados de",-36.863,-71.377,1
65616,"2019-02-19 05:42:04",357070,0,4,375,1.15759078994303,-21.2353963419455,5,1.18776147175331,0.685380056949904,1271652.95622112,-36.8652046152475,-71.379872411859,530.33,"Chillán, Nevados de",-36.863,-71.377,1
65617,"2019-02-19 06:30:03",357070,0,3,375,60.123487488703,-86.5655326762294,9,2.56656834040384,1.29945249605059,3207386.98101917,-36.8652887559915,-71.3756688405821,1185.85,"Chillán, Nevados de",-36.863,-71.377,1
65618,"2019-02-20 04:30:03",357070,0,3,375,68.2136185158512,111.625733097209,3,0.59550669757253,0.40988492496406,469855.111915192,-36.8581962309604,-71.3922723269368,1677.05,"Chillán, Nevados de",-36.863,-71.377,1
65619,"2019-02-20 05:24:04",357070,0,4,375,28.738435959141,103.583103636434,3,0.606689271975844,0.406952411968634,505583.926893252,-36.8652046152475,-71.379872411859,530.33,"Chillán, Nevados de",-36.863,-71.377,1
65620,"2019-02-20 06:12:03",357070,0,3,375,44.9747504842311,-83.7558690905946,3,0.548771266576681,0.408989487014494,353822.629516785,-36.8686663294419,-71.3757734749843,530.33,"Chillán, Nevados de",-36.863,-71.377,1
65621,"2019-02-23 05:18:03",357070,0,3,375,36.6418838020134,104.624685390528,4,1.20971950211146,0.511717960440935,1766816.4023535,-36.8652046152475,-71.379872411859,530.33,"Chillán, Nevados de",-36.863,-71.377,1
65622,"2019-02-23 05:30:02",357070,0,2,1000,38.7744366744365,103.400388500389,1,0.219128998211197,0.201336035387085,336286.99737571,-36.8632327741136,-71.365790980576,1000,"Chillán, Nevados de",-36.863,-71.377,1
65623,"2019-02-23 06:06:04",357070,0,4,375,38.0403827518644,-82.682807378908,5,1.30017748910384,0.621096077365989,1718924.82346142,-36.8652887559915,-71.3756688405821,530.33,"Chillán, Nevados de",-36.863,-71.377,1
65624,"2019-02-24 05:00:03",357070,0,3,375,54.1276707762056,107.567493237358,2,0.32383602301453,0.239066896413179,214571.851709668,-36.8651203260042,-71.3840759656699,375,"Chillán, Nevados de",-36.863,-71.377,1
65625,"2019-02-24 05:48:04",357070,0,4,375,11.1665482813331,-79.5209042474921,3,1.59827936149573,0.370595015318645,3107576.00126075,-36.8685821784274,-71.3799772309783,530.33,"Chillán, Nevados de",-36.863,-71.377,1
65626,"2019-02-24 06:15:02",357070,0,2,1000,34.5942900856792,-82.3384883720931,1,0.221068599617387,0.202049390303024,359463.056041455,-36.8630090110135,-71.377000245322,0,"Chillán, Nevados de",-36.863,-71.377,1
65627,"2019-02-24 06:36:03",357070,0,3,375,63.8544677085439,-87.4960819949274,6,1.06067150474465,0.73660168745114,820301.725024203,-36.8653727482343,-71.37146525187,1185.85,"Chillán, Nevados de",-36.863,-71.377,1
65628,"2019-02-25 03:40:01",357070,0,1,1000,4.48416796875002,-97.4662968749998,1,0.231663251039613,0.20281785082915,545178.063977739,-36.8630090110135,-71.377000245322,0,"Chillán, Nevados de",-36.863,-71.377,1
65629,"2019-02-25 04:42:03",357070,0,3,375,65.3713815041354,110.61650225939,7,1.06117311294686,0.810350653322388,634894.35092445,-36.8616583434973,-71.3881743309669,1185.85,"Chillán, Nevados de",-36.863,-71.377,1
65630,"2019-02-25 05:30:04",357070,0,4,375,19.7644046040451,102.546534045298,4,0.675308732128398,0.476461847192537,503331.1774939,-36.8652046152475,-71.379872411859,530.33,"Chillán, Nevados de",-36.863,-71.377,1
65631,"2019-02-25 06:18:03",357070,0,3,375,50.7632835033529,-84.6828307055006,5,1.08281512005363,0.533097165903907,1391473.5714415,-36.8652887559915,-71.3756688405821,838.526,"Chillán, Nevados de",-36.863,-71.377,1
65632,"2019-02-26 05:12:04",357070,0,4,375,43.406703114599,105.58258884678,3,0.749760731356484,0.364098640791046,976207.166743767,-36.8617427709321,-71.383970979333,530.33,"Chillán, Nevados de",-36.863,-71.377,1
65633,"2019-02-26 06:00:03",357070,0,3,375,30.2072946907736,-81.8552443086921,4,0.929137502679446,0.498232289427231,1090728.82104467,-36.8686663294419,-71.3757734749843,838.526,"Chillán, Nevados de",-36.863,-71.377,1
65634,"2019-02-27 03:30:01",357070,0,1,1000,18.82493483927,80.5831754995657,2,0.565001312398917,0.478664330732295,1631768.95349917,-36.8630090110135,-71.377000245322,1000,"Chillán, Nevados de",-36.863,-71.377,1
65635,"2019-02-27 04:54:04",357070,0,4,375,58.4374107376774,108.577447254008,10,2.20362813642863,1.30521071321914,2274119.10249901,-36.8617427709321,-71.383970979333,1185.85,"Chillán, Nevados de",-36.863,-71.377,1
65636,"2019-02-27 05:42:03",357070,0,3,375,1.17289317766729,-24.1406119430782,4,1.07125490015797,0.553777973385634,1309863.47089247,-36.8686663294419,-71.3757734749843,530.33,"Chillán, Nevados de",-36.863,-71.377,1
65637,"2019-02-27 06:30:04",357070,0,4,375,60.0431960170434,-86.4786964872344,6,2.42717207458513,0.808471264348526,4097336.4259114,-36.8652887559915,-71.3756688405821,1125,"Chillán, Nevados de",-36.863,-71.377,1
65638,"2019-02-28 05:24:03",357070,0,3,375,28.7185721199536,103.64207967064,3,0.667044232145956,0.458293227325731,528400.980951197,-36.8652046152475,-71.379872411859,530.33,"Chillán, Nevados de",-36.863,-71.377,1
65639,"2019-02-28 06:12:04",357070,0,4,375,44.8554600677721,-83.641017010178,6,2.28118720039413,0.934282820839357,3409351.71074803,-36.8652046152475,-71.379872411859,838.526,"Chillán, Nevados de",-36.863,-71.377,1
65640,"2019-03-01 05:06:03",357070,0,3,375,49.1866337251461,106.580146109189,9,1.86903418275767,1.24291407803532,1584866.51507846,-36.8652887559915,-71.3756688405821,838.526,"Chillán, Nevados de",-36.863,-71.377,1
65641,"2019-03-01 05:54:04",357070,0,4,375,21.108837767143,-80.7115266319757,4,0.817540557079877,0.560034499757126,651812.207598214,-36.8652887559915,-71.3756688405821,530.33,"Chillán, Nevados de",-36.863,-71.377,1
65642,"2019-03-02 04:00:01",357070,0,1,1000,35.6772239747635,-103.115135646688,6,2.10771179909493,1.46431510722835,12160197.4762783,-36.8632327741136,-71.365790980576,1414.21,"Chillán, Nevados de",-36.863,-71.377,1
65643,"2019-03-02 04:48:03",357070,0,3,750,62.1385418706527,109.584822500286,9,2.79375284565377,2.24754355478233,6052681.70446909,-36.8582807965494,-71.388069177474,2121.32,"Chillán, Nevados de",-36.863,-71.377,1
65644,"2019-03-02 05:35:02",357070,0,2,1000,30.2960520231214,102.429572254335,6,1.85247649305316,1.37594678813506,9006411.42295206,-36.8630090110135,-71.377000245322,1414.21,"Chillán, Nevados de",-36.863,-71.377,1
65645,"2019-03-02 05:36:04",357070,0,4,750,9.85538797125373,101.315072119439,3,1.91411225864022,0.770280144642205,12675089.6132405,-36.8652046152475,-71.379872411859,750,"Chillán, Nevados de",-36.863,-71.377,1
65646,"2019-03-02 06:24:03",357070,0,3,750,55.732601045605,-85.6052435857553,6,2.30335794761802,1.51903784294006,8691247.15996268,-36.8653727482343,-71.37146525187,1060.66,"Chillán, Nevados de",-36.863,-71.377,1
65647,"2019-03-03 05:18:04",357070,0,4,375,36.722802039833,104.601886703358,4,0.852995730019274,0.470710914084501,967658.440334896,-36.8652046152475,-71.379872411859,530.33,"Chillán, Nevados de",-36.863,-71.377,1
65648,"2019-03-03 06:06:03",357070,0,3,375,38.063702205413,-82.7961157354801,1,0.0997587935805381,0.0895324262760367,25885.4922395192,-36.8652887559915,-71.3756688405821,375,"Chillán, Nevados de",-36.863,-71.377,1
65649,"2019-03-04 05:00:04",357070,0,4,375,54.1707294164961,107.573073073582,5,0.842824097152885,0.580692519271001,663520.556513519,-36.8651203260042,-71.3840759656699,530.33,"Chillán, Nevados de",-36.863,-71.377,1
65651,"2019-03-05 04:42:04",357070,0,4,375,65.3861160445016,110.616185776936,9,1.28046405682005,1.01644243032986,668304.742053292,-36.8616583434973,-71.3881743309669,1352.08,"Chillán, Nevados de",-36.863,-71.377,1
65652,"2019-03-05 05:30:03",357070,0,3,375,19.7752987839646,102.637564252974,5,0.757059044700073,0.602464424245297,391317.633026152,-36.8652046152475,-71.379872411859,530.33,"Chillán, Nevados de",-36.863,-71.377,1
65653,"2019-03-05 06:18:04",357070,0,4,375,50.6957982011449,-84.5878373865375,6,1.03759080922284,0.673852889523129,920711.609239893,-36.8686663294419,-71.3757734749843,1060.66,"Chillán, Nevados de",-36.863,-71.377,1
65655,"2019-03-06 06:00:04",357070,0,4,375,30.1261599063796,-81.7308455578327,4,1.21819676255262,0.517293795450594,1774160.63547701,-36.8652887559915,-71.3756688405821,838.526,"Chillán, Nevados de",-36.863,-71.377,1
65658,"2019-03-08 03:20:01",357070,0,1,1000,28.9455375139979,81.8018365061591,3,0.643630213831448,0.580005995230454,1202497.73155878,-36.8627841919951,-71.3882093860254,1414.21,"Chillán, Nevados de",-36.863,-71.377,1
65659,"2019-03-08 04:30:03",357070,0,3,375,68.2651101692938,111.649442678918,19,3.3165367647646,2.21109524234664,2798148.85362046,-36.8614890431978,-71.3965809816307,2019.44,"Chillán, Nevados de",-36.863,-71.377,1
65660,"2019-03-08 05:24:04",357070,0,4,375,28.9470417588681,103.559994079311,4,1.06742970660275,0.474760482929223,1500193.97242362,-36.8652046152475,-71.379872411859,530.33,"Chillán, Nevados de",-36.863,-71.377,1
65661,"2019-03-08 06:12:03",357070,0,3,375,44.8286250526503,-83.719606457539,6,1.46480679188847,0.702761110867482,1928928.13008438,-36.8652887559915,-71.3756688405821,838.526,"Chillán, Nevados de",-36.863,-71.377,1
65662,"2019-03-09 05:06:04",357070,0,4,375,49.3207755044494,106.54532088825,7,2.9070967796556,0.972486261497226,4896982.87408837,-36.8651203260042,-71.3840759656699,1060.66,"Chillán, Nevados de",-36.863,-71.377,1
65663,"2019-03-09 05:45:02",357070,0,2,1000,20.4018306737589,101.411090425532,2,0.513798502499159,0.427189068617209,1636918.30036885,-36.8630090110135,-71.377000245322,1000,"Chillán, Nevados de",-36.863,-71.377,1
65664,"2019-03-09 05:54:03",357070,0,3,375,21.0545907165109,-80.8507802425259,4,1.01663352410637,0.514382566054881,1271322.73756784,-36.8652887559915,-71.3756688405821,838.526,"Chillán, Nevados de",-36.863,-71.377,1
65665,"2019-03-09 06:42:04",357070,0,4,375,67.0452415102451,-88.3567469408795,2,0.347754656265082,0.252641983227391,240753.953626654,-36.8686663294419,-71.3757734749843,838.526,"Chillán, Nevados de",-36.863,-71.377,1
65666,"2019-03-10 04:48:04",357070,0,4,375,62.2165777399589,109.560716739429,11,4.22001940937428,1.64462261632624,6518973.13240284,-36.8617427709321,-71.383970979333,1677.05,"Chillán, Nevados de",-36.863,-71.377,1
65668,"2019-03-10 06:24:04",357070,0,4,375,55.62704256189,-85.5595224311765,3,1.29405695431079,0.408006388776079,2242815.49400974,-36.8686663294419,-71.3757734749843,838.526,"Chillán, Nevados de",-36.863,-71.377,1
65669,"2019-03-11 03:55:01",357070,0,1,1000,26.7207063197025,-102.100483271375,1,0.267622782608925,0.249038944152474,351234.546826924,-36.8630090110135,-71.377000245322,0,"Chillán, Nevados de",-36.863,-71.377,1
65670,"2019-03-11 05:18:03",357070,0,3,375,36.7842801336364,104.644826046234,5,1.92842459239861,0.731465999890114,3029801.43728712,-36.8652046152475,-71.379872411859,530.33,"Chillán, Nevados de",-36.863,-71.377,1
65671,"2019-03-11 05:30:02",357070,0,2,1000,38.8017496111974,103.396477449456,3,0.779523000078605,0.720395410284939,1117511.44710029,-36.8720158634551,-71.3772794423447,1000,"Chillán, Nevados de",-36.863,-71.377,1
65672,"2019-03-11 06:06:04",357070,0,4,375,37.9085021736328,-82.7148400331692,4,1.00055729650116,0.56851394782696,1093609.72633156,-36.8686663294419,-71.3757734749843,530.33,"Chillán, Nevados de",-36.863,-71.377,1
65673,"2019-03-12 05:00:03",357070,0,3,375,54.2175614904084,107.58905908387,3,0.737808440637438,0.40604038795223,839787.883359431,-36.8652046152475,-71.379872411859,375,"Chillán, Nevados de",-36.863,-71.377,1
65674,"2019-03-12 05:48:04",357070,0,4,375,10.9911217139045,-79.5923432021304,4,0.862380444551503,0.559401287154748,766915.992160536,-36.8652887559915,-71.3756688405821,530.33,"Chillán, Nevados de",-36.863,-71.377,1
65675,"2019-03-12 06:36:03",357070,0,3,375,63.7734085093249,-87.4760050693449,8,1.34214554000649,1.09025101383605,637608.01936893,-36.8653727482343,-71.37146525187,1185.85,"Chillán, Nevados de",-36.863,-71.377,1
65676,"2019-03-13 03:40:01",357070,0,1,1000,4.77157935887411,-97.7281782642686,2,0.530619296519855,0.437915659396776,1752098.7416262,-36.8720158634551,-71.3772794423447,1000,"Chillán, Nevados de",-36.863,-71.377,1
65678,"2019-03-13 05:30:04",357070,0,4,375,19.9348651154212,102.511724684435,4,0.902425634555998,0.55670498494505,875105.394327713,-36.8686663294419,-71.3757734749843,530.33,"Chillán, Nevados de",-36.863,-71.377,1
65679,"2019-03-13 06:18:03",357070,0,3,375,50.6469887669415,-84.6645545814289,7,1.31642277382242,0.958636148825641,905647.394523108,-36.8652887559915,-71.3756688405821,838.526,"Chillán, Nevados de",-36.863,-71.377,1
65680,"2019-03-14 05:12:04",357070,0,4,375,43.5120926870333,105.548949247395,4,0.779654362254155,0.499422658928707,709336.499042541,-36.8618270498877,-71.3797676102055,530.33,"Chillán, Nevados de",-36.863,-71.377,1
65681,"2019-03-14 06:00:03",357070,0,3,375,30.0116100722758,-81.827499611105,3,0.47088796104975,0.356659154526249,289141.666512612,-36.8686663294419,-71.3757734749843,838.526,"Chillán, Nevados de",-36.863,-71.377,1
65682,"2019-03-15 04:54:04",357070,0,4,375,58.5024729612781,108.540439495187,5,0.795847016832344,0.581494692878554,542579.320008031,-36.8616583434973,-71.3881743309669,1060.66,"Chillán, Nevados de",-36.863,-71.377,1
65683,"2019-03-15 05:42:03",357070,0,3,375,1.09839930989146,-13.2112886675444,3,0.662194548204399,0.348089899390668,795077.392309756,-36.8686663294419,-71.3757734749843,530.33,"Chillán, Nevados de",-36.863,-71.377,1
65684,"2019-03-15 06:30:04",357070,0,4,375,59.9872349753567,-86.510546235031,6,1.01517736696913,0.65159262667539,920323.87386853,-36.8652887559915,-71.3756688405821,1125,"Chillán, Nevados de",-36.863,-71.377,1
65685,"2019-03-16 04:36:04",357070,0,4,375,68.2930725855028,111.612103922465,3,0.42080954185458,0.35201165053761,174144.662396079,-36.8582807965494,-71.388069177474,1352.08,"Chillán, Nevados de",-36.863,-71.377,1
65686,"2019-03-16 05:24:03",357070,0,3,375,28.9016780335416,103.660792695254,3,0.484765451107605,0.355503794798493,327193.567532441,-36.8652046152475,-71.379872411859,375,"Chillán, Nevados de",-36.863,-71.377,1
65687,"2019-03-16 06:12:04",357070,0,4,375,44.7841130193959,-83.6861193046864,4,0.883876830194233,0.456055315552081,1082923.20893795,-36.8652887559915,-71.3756688405821,838.526,"Chillán, Nevados de",-36.863,-71.377,1
65688,"2019-03-17 03:15:01",357070,0,1,1000,37.8092560175055,82.8474981765135,1,0.232460406343107,0.213098129596138,365947.030517709,-36.8630090110135,-71.377000245322,0,"Chillán, Nevados de",-36.863,-71.377,1
65689,"2019-03-17 05:06:03",357070,0,3,375,49.3007188828455,106.605425998642,4,0.733106885433447,0.518422911382598,543418.80931621,-36.8652046152475,-71.379872411859,530.33,"Chillán, Nevados de",-36.863,-71.377,1
65690,"2019-03-17 05:54:04",357070,0,4,375,21.00819894538,-80.75286058378,3,0.724503625654647,0.363267333657351,914379.364118156,-36.8652887559915,-71.3756688405821,530.33,"Chillán, Nevados de",-36.863,-71.377,1
65691,"2019-03-18 04:48:03",357070,0,3,375,62.208462302271,109.613155181481,5,0.731209266385233,0.581930731860574,377861.290515542,-36.8649513020275,-71.3924830207709,1546.16,"Chillán, Nevados de",-36.863,-71.377,1
65692,"2019-03-18 05:36:04",357070,0,4,375,9.95175490767672,101.276891006949,1,0.399285678329126,0.11825212777882,711366.174830462,-36.8652046152475,-71.379872411859,0,"Chillán, Nevados de",-36.863,-71.377,1
65693,"2019-03-18 06:24:03",357070,0,3,375,55.6234782198599,-85.587596387366,1,0.142084578713263,0.111574094314338,77229.6636347784,-36.8686663294419,-71.3757734749843,530.33,"Chillán, Nevados de",-36.863,-71.377,1
65694,"2019-03-19 05:18:04",357070,0,4,375,36.7868811679986,104.562005119123,2,0.367631158432189,0.17432059833568,489317.355244287,-36.8652046152475,-71.379872411859,375,"Chillán, Nevados de",-36.863,-71.377,1
65695,"2019-03-21 05:30:03",357070,0,3,375,19.9940873739327,102.676661645612,4,0.912878112955309,0.524805104748597,982309.802023239,-36.8685821784274,-71.3799772309783,530.33,"Chillán, Nevados de",-36.863,-71.377,1
65696,"2019-03-21 06:18:04",357070,0,4,375,50.6770532264485,-84.6396812501725,5,0.914544067652619,0.629872214720377,720575.627734737,-36.8686663294419,-71.3757734749843,838.526,"Chillán, Nevados de",-36.863,-71.377,1
65697,"2019-03-22 03:35:01",357070,0,1,1000,7.12801581027665,78.4552885375495,3,0.931812960036116,0.632577019761835,5655559.2711839,-36.8720158634551,-71.3772794423447,1414.21,"Chillán, Nevados de",-36.863,-71.377,1
65698,"2019-03-22 05:12:03",357070,0,3,750,43.5700974075986,105.631993830626,7,2.07664267010056,1.61871273822322,5074436.05761586,-36.8652046152475,-71.379872411859,1060.66,"Chillán, Nevados de",-36.863,-71.377,1
65699,"2019-03-22 05:15:02",357070,0,2,1000,56.8629434697856,106.250623781676,6,1.37892279241616,1.25892767637528,2267907.69317265,-36.8630090110135,-71.377000245322,2236.07,"Chillán, Nevados de",-36.863,-71.377,1
65700,"2019-03-22 06:00:04",357070,0,4,375,30.0721742922726,-81.7565529378902,8,2.8492528519446,0.983363142945609,4723033.32590371,-36.8652887559915,-71.3756688405821,838.526,"Chillán, Nevados de",-36.863,-71.377,1
65701,"2019-03-22 06:48:03",357070,0,3,375,69.8203009839749,-89.3019154553591,8,1.29541439206555,0.998389052192015,751845.391554886,-36.8687503319371,-71.371569701552,838.526,"Chillán, Nevados de",-36.863,-71.377,1
65702,"2019-03-23 04:54:03",357070,0,3,375,58.5430601843906,108.609237953848,4,0.64247206581217,0.549219575537208,236045.366008497,-36.8617427709321,-71.383970979333,838.526,"Chillán, Nevados de",-36.863,-71.377,1
65703,"2019-03-24 04:30:03",357070,0,3,375,68.3234647887948,111.676928674365,5,0.801652793081099,0.597274555394998,517332.414142944,-36.8615737675852,-71.3923776650764,1546.16,"Chillán, Nevados de",-36.863,-71.377,1
65708,"2019-03-26 04:48:04",357070,0,4,375,62.1585808337534,109.545858557623,7,1.40376477847594,0.935006696962807,1186543.89383011,-36.8582807965494,-71.388069177474,1352.08,"Chillán, Nevados de",-36.863,-71.377,1
65710,"2019-03-26 06:24:04",357070,0,4,375,55.7071930602492,-85.5823071295358,5,1.35329368344881,0.691668266547722,1674739.33653087,-36.8652887559915,-71.3756688405821,24108.2,"Chillán, Nevados de",-36.863,-71.377,1
65711,"2019-03-27 05:18:03",357070,0,3,375,36.9628699735586,104.669289234976,4,0.819928921850025,0.579497993297598,608590.787898332,-36.8652046152475,-71.379872411859,530.33,"Chillán, Nevados de",-36.863,-71.377,1
65712,"2019-03-27 06:06:04",357070,0,4,375,38.02065846264,-82.7309287562583,1,0.176195600369943,0.145477596138702,77754.9482103268,-36.8652046152475,-71.379872411859,0,"Chillán, Nevados de",-36.863,-71.377,1
65716,"2019-03-28 06:36:03",357070,0,3,375,63.6627029256812,-87.4492710494482,10,2.10938281073195,1.28454979676858,2087858.56659479,-36.8654565919739,-71.3672616457533,1875,"Chillán, Nevados de",-36.863,-71.377,1
65717,"2019-03-29 05:20:02",357070,0,2,1000,51.8315577190541,105.293449235049,19,8.73499616464588,4.78834795337301,74591651.1930573,-36.8632327741136,-71.365790980576,2828.43,"Chillán, Nevados de",-36.863,-71.377,1
65718,"2019-03-29 05:30:04",357070,0,4,750,19.7935174147233,102.500265566083,5,6.3986374138028,1.35028458669952,55942059.7653383,-36.8652046152475,-71.379872411859,1060.66,"Chillán, Nevados de",-36.863,-71.377,1
65719,"2019-03-29 06:18:03",357070,0,3,750,50.4755745360109,-84.6294166682619,7,3.91281817892775,1.85318984621774,22823256.4618428,-36.8653727482343,-71.37146525187,1677.05,"Chillán, Nevados de",-36.863,-71.377,1
65720,"2019-03-30 05:12:04",357070,0,4,375,43.4107599840054,105.536139852217,7,1.5624608980984,0.979467507955536,1475702.01879911,-36.8651203260042,-71.3840759656699,838.526,"Chillán, Nevados de",-36.863,-71.377,1
65721,"2019-03-30 06:00:03",357070,0,3,375,29.7671000977965,-81.7990562553117,4,0.926683328927922,0.551095149812658,950707.57838551,-36.8686663294419,-71.3757734749843,838.526,"Chillán, Nevados de",-36.863,-71.377,1
65722,"2019-03-31 05:42:03",357070,0,3,375,1.04426944637254,-0.125071552562764,2,0.183700261065451,0.130448044267063,134794.67377092,-36.8652046152475,-71.379872411859,530.33,"Chillán, Nevados de",-36.863,-71.377,1
65723,"2019-04-01 04:36:04",357070,0,4,375,68.248237623965,111.599142568192,9,1.52961984699205,1.20175662411904,829903.782897326,-36.8582807965494,-71.388069177474,1590.99,"Chillán, Nevados de",-36.863,-71.377,1
65724,"2019-04-01 05:24:03",357070,0,3,375,29.1223500332029,103.688840801175,4,0.850823177129802,0.541373138691301,783295.409797454,-36.8686663294419,-71.3757734749843,530.33,"Chillán, Nevados de",-36.863,-71.377,1
65725,"2019-04-01 06:12:04",357070,0,4,375,44.8670267685461,-83.6932167047832,5,1.11916439191022,0.673341400341993,1128489.44740707,-36.8652887559915,-71.3756688405821,750,"Chillán, Nevados de",-36.863,-71.377,1
65726,"2019-04-02 03:15:01",357070,0,1,1000,37.786011687363,82.8451059167275,2,0.606607986526863,0.54059418177775,1247660.90975823,-36.8630090110135,-71.377000245322,1000,"Chillán, Nevados de",-36.863,-71.377,1
65727,"2019-04-02 05:06:03",357070,0,3,375,49.4403651430191,106.637085706277,5,0.961699359013297,0.825025284878911,345956.250152665,-36.8651203260042,-71.3840759656699,750,"Chillán, Nevados de",-36.863,-71.377,1
65728,"2019-04-02 05:54:04",357070,0,4,375,21.1388931312531,-80.7581548251797,3,0.657133414882221,0.509638207406483,373347.243922961,-36.8652046152475,-71.379872411859,530.33,"Chillán, Nevados de",-36.863,-71.377,1
65729,"2019-04-03 05:36:04",357070,0,4,375,9.80372428235948,101.26970951733,5,1.26339604204751,0.800483560200416,1171747.21967546,-36.8652046152475,-71.379872411859,530.33,"Chillán, Nevados de",-36.863,-71.377,1
65730,"2019-04-03 06:24:03",357070,0,3,375,55.4733547616584,-85.5512578263252,2,0.372890613890983,0.254355640079691,300041.652459833,-36.8686663294419,-71.3757734749843,530.33,"Chillán, Nevados de",-36.863,-71.377,1
65731,"2019-04-05 05:00:04",357070,0,4,375,54.1441764125362,107.521359281712,4,0.599829393742283,0.445124236535203,391597.429180419,-36.8618270498877,-71.3797676102055,530.33,"Chillán, Nevados de",-36.863,-71.377,1
65732,"2019-04-05 05:48:03",357070,0,3,375,10.6220599095284,-79.7787519902296,6,1.28329822144473,0.671695306299221,1548119.87896206,-36.8685821784274,-71.3799772309783,838.526,"Chillán, Nevados de",-36.863,-71.377,1
65733,"2019-04-05 06:36:04",357070,0,4,375,63.8252021383135,-87.4723030883903,6,0.83829258634856,0.65330541311712,468248.782242082,-36.8686663294419,-71.3757734749843,1060.66,"Chillán, Nevados de",-36.863,-71.377,1
65734,"2019-04-06 04:42:04",357070,0,4,375,65.3696831801833,110.562593821463,5,0.782915455483967,0.600065813820198,462838.155461416,-36.8616583434973,-71.3881743309669,1352.08,"Chillán, Nevados de",-36.863,-71.377,1
65735,"2019-04-06 05:30:03",357070,0,3,375,20.2753095998552,102.711273910337,3,0.767081164871857,0.366135111378385,1014894.69790535,-36.8652046152475,-71.379872411859,530.33,"Chillán, Nevados de",-36.863,-71.377,1
65736,"2019-04-06 06:10:02",357070,0,2,1000,25.4395737211635,-81.3658625877633,1,0.226160350598266,0.202293589197109,451081.790481868,-36.8630090110135,-71.377000245322,0,"Chillán, Nevados de",-36.863,-71.377,1
65737,"2019-04-06 06:18:04",357070,0,4,375,50.746729191398,-84.652287987014,5,0.976763947319986,0.617571203843732,909206.63192427,-36.8652887559915,-71.3756688405821,838.526,"Chillán, Nevados de",-36.863,-71.377,1
65738,"2019-04-07 05:12:03",357070,0,3,375,43.7436771200318,105.663070697965,6,1.39119345041418,0.868579670004851,1322866.13166111,-36.8652046152475,-71.379872411859,530.33,"Chillán, Nevados de",-36.863,-71.377,1
65739,"2019-04-07 06:00:04",357070,0,4,375,30.1839054963945,-81.7764398899455,4,0.805037359744299,0.561377788387028,616763.289998092,-36.8652887559915,-71.3756688405821,838.526,"Chillán, Nevados de",-36.863,-71.377,1
65740,"2019-04-08 04:54:03",357070,0,3,375,58.6525213975193,108.686338404692,6,1.08578064399418,0.805452803987567,709579.845016746,-36.8617427709321,-71.383970979333,1060.66,"Chillán, Nevados de",-36.863,-71.377,1
65741,"2019-04-08 05:42:04",357070,0,4,375,1.17707302266702,-23.5152859572811,3,1.11247542130423,0.421347277332268,1749418.11442903,-36.8652887559915,-71.3756688405821,375,"Chillán, Nevados de",-36.863,-71.377,1
65742,"2019-04-08 05:55:02",357070,0,2,1000,2.99741144414169,-75.5056052938887,1,0.261796745779623,0.227066732838282,656397.244591345,-36.8630090110135,-71.377000245322,0,"Chillán, Nevados de",-36.863,-71.377,1
65743,"2019-04-08 06:30:03",357070,0,3,375,59.7980063292427,-86.4885814523114,4,0.72392228826688,0.566715639578868,397929.32949153,-36.8653727482343,-71.37146525187,838.526,"Chillán, Nevados de",-36.863,-71.377,1
65744,"2019-04-09 04:30:03",357070,0,3,375,68.4003350873321,111.711313099118,9,1.56992217278324,1.22690268206126,868268.08589002,-36.8581962309604,-71.3922723269368,1677.05,"Chillán, Nevados de",-36.863,-71.377,1
65745,"2019-04-09 05:24:04",357070,0,4,375,28.6900381267656,103.534942764427,4,0.791731326365224,0.52052034309584,686502.801400627,-36.8652046152475,-71.379872411859,530.33,"Chillán, Nevados de",-36.863,-71.377,1
65746,"2019-04-09 06:12:03",357070,0,3,375,44.468712501282,-83.6816719691016,4,0.838638233390694,0.534946546961265,768719.581274493,-36.8652887559915,-71.3756688405821,530.33,"Chillán, Nevados de",-36.863,-71.377,1
65747,"2019-04-10 04:05:01",357070,0,1,1000,43.4393235039031,-104.196383347788,1,0.209277478228984,0.190809221622653,349050.049859646,-36.8717909712506,-71.3884898966035,1414.21,"Chillán, Nevados de",-36.863,-71.377,1
65748,"2019-04-10 05:06:04",357070,0,4,375,49.1612830103089,106.522489357305,8,1.73066191363696,0.856840135777674,2211861.37520631,-36.8618270498877,-71.3797676102055,750,"Chillán, Nevados de",-36.863,-71.377,1
65749,"2019-04-10 05:45:02",357070,0,2,1000,20.1287980556781,101.360782147592,5,1.0395838705856,0.871802605797944,3171065.90448678,-36.8632327741136,-71.365790980576,1414.21,"Chillán, Nevados de",-36.863,-71.377,1
65750,"2019-04-10 05:54:03",357070,0,3,375,20.5090349233378,-80.8223464243922,4,1.71060920458014,0.441292477739547,3212957.96481525,-36.8686663294419,-71.3757734749843,530.33,"Chillán, Nevados de",-36.863,-71.377,1
65751,"2019-04-11 03:10:01",357070,0,1,1000,45.3575593542258,83.8305982905983,3,0.784280123788605,0.674915464965647,2066992.05175391,-36.8627841919951,-71.3882093860254,2000,"Chillán, Nevados de",-36.863,-71.377,1
65752,"2019-04-11 04:48:04",357070,0,4,375,62.1146644862949,109.535484137178,9,2.26253632062233,1.10857800150344,2920956.99526969,-36.8582807965494,-71.388069177474,1352.08,"Chillán, Nevados de",-36.863,-71.377,1
65753,"2019-04-11 05:36:03",357070,0,3,375,10.4846310595781,101.657215149146,3,1.19243257599031,0.366395545407168,2090906.23366357,-36.8652046152475,-71.379872411859,530.33,"Chillán, Nevados de",-36.863,-71.377,1
65754,"2019-04-11 06:24:04",357070,0,4,375,55.7539412047163,-85.5933162994333,5,0.865236357525803,0.618497738087541,624557.130453101,-36.8686663294419,-71.3757734749843,838.526,"Chillán, Nevados de",-36.863,-71.377,1
65755,"2019-04-12 05:18:03",357070,0,3,375,37.1340950121306,104.696122395589,2,0.317350449745941,0.233793560005126,211503.377156437,-36.8652046152475,-71.379872411859,375,"Chillán, Nevados de",-36.863,-71.377,1
65756,"2019-04-12 05:30:02",357070,0,2,1000,38.6726166794185,103.352869166029,2,0.358582467667233,0.308134273486363,953470.870018441,-36.8630090110135,-71.377000245322,1000,"Chillán, Nevados de",-36.863,-71.377,1
65757,"2019-04-12 06:06:04",357070,0,4,375,38.1082807803412,-82.7641048562178,6,2.38750281747931,0.713815226000363,4236521.71593109,-36.8652887559915,-71.3756688405821,838.526,"Chillán, Nevados de",-36.863,-71.377,1
65758,"2019-04-14 05:30:04",357070,0,4,375,19.675769803381,102.488613277012,3,0.364495108287038,0.284452357046833,202608.214076769,-36.8652046152475,-71.379872411859,530.33,"Chillán, Nevados de",-36.863,-71.377,1
65759,"2019-04-15 05:12:04",357070,0,4,375,43.3385042420727,105.526723415131,4,0.720870163796456,0.379009183248397,865335.607012275,-36.8652046152475,-71.379872411859,530.33,"Chillán, Nevados de",-36.863,-71.377,1
65760,"2019-04-15 06:00:02",357070,0,2,1000,14.5929110291102,-80.210373103731,1,0.190260204806295,0.159428607595222,582717.187289283,-36.8630090110135,-71.377000245322,0,"Chillán, Nevados de",-36.863,-71.377,1
65761,"2019-04-15 06:00:03",357070,0,3,375,29.6455790371552,-81.7883855914725,4,0.815673320989654,0.383098700365722,1094954.50845433,-36.8652887559915,-71.3756688405821,838.526,"Chillán, Nevados de",-36.863,-71.377,1
65763,"2019-04-16 04:54:04",357070,0,4,750,58.3930707847602,108.523304452622,8,2.42110447154281,1.96487808410525,5055558.6557924,-36.8652046152475,-71.379872411859,2121.32,"Chillán, Nevados de",-36.863,-71.377,1
65767,"2019-04-17 04:36:04",357070,0,4,375,68.216478719287,111.591801689343,2,0.179743037970105,0.148124523655522,80034.3643587886,-36.8581962309604,-71.3922723269368,1590.99,"Chillán, Nevados de",-36.863,-71.377,1
65770,"2019-04-18 05:06:03",357070,0,3,750,49.4616339930161,106.645022741926,10,2.156806527275,1.3767468160365,8644036.67516166,-36.858449482348,-71.3796628260149,1677.05,"Chillán, Nevados de",-36.863,-71.377,1
65771,"2019-04-18 05:54:04",357070,0,4,375,21.2291897608655,-80.7792845776601,4,0.627256728872141,0.250677304533511,953216.667857158,-36.8652046152475,-71.379872411859,838.526,"Chillán, Nevados de",-36.863,-71.377,1
65772,"2019-04-19 05:35:02",357070,0,2,1000,30.2487312572088,102.388615916955,1,0.215623157498799,0.198571959594081,322267.64039917,-36.8630090110135,-71.377000245322,0,"Chillán, Nevados de",-36.863,-71.377,1
65773,"2019-04-19 05:36:04",357070,0,4,375,9.71163209713857,101.252975522231,4,1.09413525046817,0.519332770339009,1454968.77782694,-36.8652046152475,-71.379872411859,24317.2,"Chillán, Nevados de",-36.863,-71.377,1
65775,"2019-04-20 03:05:01",357070,0,1,1000,51.6302713704209,84.8275440976933,6,1.50614721411743,1.2280253969499,5256502.34446639,-36.8715650228213,-71.3997002261797,2236.07,"Chillán, Nevados de",-36.863,-71.377,1
65776,"2019-04-20 05:18:04",357070,0,4,375,36.6190819571762,104.547184163043,5,1.04772623263913,0.559760750684983,1235162.62619644,-36.8652887559915,-71.3756688405821,530.33,"Chillán, Nevados de",-36.863,-71.377,1
65777,"2019-04-20 06:06:03",357070,0,3,375,37.7055205269379,-82.7522896024534,6,1.5909768966556,0.703881053838988,2245461.35212955,-36.8652887559915,-71.3756688405821,750,"Chillán, Nevados de",-36.863,-71.377,1
65778,"2019-04-21 03:45:01",357070,0,1,1000,16.3705734616995,-100.76075763918,1,0.212361256423975,0.185596907637301,505846.192068141,-36.8630090110135,-71.377000245322,0,"Chillán, Nevados de",-36.863,-71.377,1
65779,"2019-04-21 05:00:04",357070,0,4,375,54.1007759581124,107.515498065822,4,0.921283270035659,0.449456285831272,1194312.05376735,-36.8618270498877,-71.3797676102055,750,"Chillán, Nevados de",-36.863,-71.377,1
65780,"2019-04-21 05:25:02",357070,0,2,1000,45.9464781746031,104.351755952381,7,1.505695826586,1.32219566884436,3468152.98131708,-36.8632327741136,-71.365790980576,2236.07,"Chillán, Nevados de",-36.863,-71.377,1
65781,"2019-04-21 05:48:03",357070,0,3,375,10.6935762490412,-79.7770535121712,3,1.22671908139992,0.339288129120183,2246309.59795809,-36.8686663294419,-71.3757734749843,530.33,"Chillán, Nevados de",-36.863,-71.377,1
65782,"2019-04-21 06:36:04",357070,0,4,375,63.844541360744,-87.476593229856,4,0.574547823143186,0.449013993923125,317757.50521328,-36.8686663294419,-71.3757734749843,838.526,"Chillán, Nevados de",-36.863,-71.377,1
65784,"2019-04-22 06:18:04",357070,0,4,375,50.7817528110861,-84.6582413760788,2,0.281810863423496,0.242939979488809,98391.9249596786,-36.8653727482343,-71.37146525187,750,"Chillán, Nevados de",-36.863,-71.377,1
65785,"2019-04-23 03:35:01",357070,0,1,1000,7.04218626677189,78.4257103393845,1,0.243481397425752,0.208424036098913,662584.129077245,-36.8630090110135,-71.377000245322,0,"Chillán, Nevados de",-36.863,-71.377,1
65786,"2019-04-23 05:12:03",357070,0,3,375,43.6528964702542,105.649864829111,4,0.839559051860008,0.484526997835367,898674.886749874,-36.8685821784274,-71.3799772309783,530.33,"Chillán, Nevados de",-36.863,-71.377,1
65787,"2019-04-23 06:00:04",357070,0,4,375,30.2382418447181,-81.7849425280849,6,1.84737819538008,0.74417832448795,2792474.6731957,-36.8685821784274,-71.3799772309783,530.33,"Chillán, Nevados de",-36.863,-71.377,1
65788,"2019-04-24 04:54:03",357070,0,3,375,58.5835035137078,108.62824804604,3,0.520756940070562,0.378675790680208,359642.909394334,-36.8651203260042,-71.3840759656699,750,"Chillán, Nevados de",-36.863,-71.377,1
65789,"2019-04-24 05:42:04",357070,0,4,375,1.20411118902475,-27.0650068871416,5,1.33729991322559,0.716462927056123,1571493.62124146,-36.8652887559915,-71.3756688405821,11386.7,"Chillán, Nevados de",-36.863,-71.377,1
65791,"2019-04-26 04:05:01",357070,0,1,1000,43.4874455100264,-104.201647776809,2,0.39862762382237,0.370624997914335,529249.629661858,-36.8630090110135,-71.377000245322,1000,"Chillán, Nevados de",-36.863,-71.377,1
65792,"2019-04-26 05:06:04",357070,0,4,375,49.1218058467486,106.518569047696,6,0.902932439818174,0.620599344501021,714655.647521544,-36.8652046152475,-71.379872411859,530.33,"Chillán, Nevados de",-36.863,-71.377,1
65793,"2019-04-26 05:45:02",357070,0,2,1000,20.385143741707,101.379354268023,3,0.634479758499712,0.516924541791377,2221793.59578753,-36.8630090110135,-71.377000245322,1000,"Chillán, Nevados de",-36.863,-71.377,1
65794,"2019-04-26 05:54:03",357070,0,3,375,20.7405934348862,-80.8216198489098,7,2.19557215934289,0.731641270445214,3705575.06252225,-36.8652887559915,-71.3756688405821,1060.66,"Chillán, Nevados de",-36.863,-71.377,1
65795,"2019-04-26 06:42:04",357070,0,4,375,67.1499997010036,-88.4209799947909,11,1.53704802765754,1.1077493565145,1086662.26133083,-36.8653727482343,-71.37146525187,1546.16,"Chillán, Nevados de",-36.863,-71.377,1
65796,"2019-04-27 04:48:04",357070,0,4,375,62.0875461935199,109.531094895167,10,1.68245136778088,1.22662902809049,1153800.29734129,-36.8616583434973,-71.3881743309669,1352.08,"Chillán, Nevados de",-36.863,-71.377,1
65797,"2019-04-27 06:24:04",357070,0,4,375,55.7818345860658,-85.6052525054272,2,0.277251239390731,0.209824549856369,170673.807883854,-36.8619951623533,-71.3713608195923,838.526,"Chillán, Nevados de",-36.863,-71.377,1
65798,"2019-04-28 05:18:03",357070,0,3,375,36.9480671692895,104.674615187659,3,0.519351051348998,0.376364981627295,361933.488983059,-36.8652046152475,-71.379872411859,375,"Chillán, Nevados de",-36.863,-71.377,1
65799,"2019-04-28 06:06:04",357070,0,4,375,38.1381163721202,-82.7573791942197,1,0.217616374485417,0.126296837595928,231152.577751519,-36.8652887559915,-71.3756688405821,375,"Chillán, Nevados de",-36.863,-71.377,1
65801,"2019-04-29 05:48:04",357070,0,4,375,11.3118476480552,-79.6120548849044,5,1.36470558265743,0.588881230779192,1963805.39069178,-36.8652046152475,-71.379872411859,6760.41,"Chillán, Nevados de",-36.863,-71.377,1
65802,"2019-04-29 06:36:03",357070,0,3,375,63.6776787876716,-87.4471537398753,3,0.413140779622414,0.328387869038405,214530.804915773,-36.8653727482343,-71.37146525187,1125,"Chillán, Nevados de",-36.863,-71.377,1
65809,"2019-05-05 04:48:03",357070,0,3,375,62.2182766521401,109.653118596438,5,0.504083161125249,0.342220724605067,409714.292441709,-36.8616583434973,-71.3881743309669,1060.66,"Chillán, Nevados de",-36.863,-71.377,1
65810,"2019-05-05 05:35:02",357070,0,2,1000,30.3312053056518,102.401199538639,2,0.329709471552652,0.270336760423751,1122144.24033622,-36.8630090110135,-71.377000245322,1000,"Chillán, Nevados de",-36.863,-71.377,1
65811,"2019-05-05 05:36:04",357070,0,4,375,9.67338123534978,101.25992613215,3,0.687925112082517,0.227892049319481,1164458.69011894,-36.8652046152475,-71.379872411859,375,"Chillán, Nevados de",-36.863,-71.377,1
65812,"2019-05-05 06:24:03",357070,0,3,375,55.5869177455587,-85.5735864333989,6,0.648829970687957,0.461605035471653,473913.117266271,-36.8686663294419,-71.3757734749843,838.526,"Chillán, Nevados de",-36.863,-71.377,1
65813,"2019-05-06 05:18:04",357070,0,4,375,36.5905145034862,104.541221915451,2,0.395058120496015,0.15306234953073,612551.795255877,-36.8652046152475,-71.379872411859,375,"Chillán, Nevados de",-36.863,-71.377,1
65814,"2019-05-06 06:06:03",357070,0,3,375,37.8693304391499,-82.7720305297563,6,0.93691201323294,0.504199762654084,1095302.88427773,-36.8652887559915,-71.3756688405821,750,"Chillán, Nevados de",-36.863,-71.377,1
65816,"2019-05-07 05:48:03",357070,0,3,375,10.9310667120442,-79.805453073548,4,0.590018559210093,0.343946253843685,622870.522958722,-36.8686663294419,-71.3757734749843,530.33,"Chillán, Nevados de",-36.863,-71.377,1
65817,"2019-05-07 06:36:04",357070,0,4,375,63.8471130913533,-87.4791106465103,3,0.308220597532191,0.244525162140607,161229.070834946,-36.8653727482343,-71.37146525187,750,"Chillán, Nevados de",-36.863,-71.377,1
65818,"2019-05-08 04:42:04",357070,0,4,375,65.3289833356651,110.555773896658,13,1.81642806257766,1.31102470124832,1279302.25836488,-36.8650358882635,-71.3882795019841,1352.08,"Chillán, Nevados de",-36.863,-71.377,1
65819,"2019-05-08 05:30:03",357070,0,3,375,19.9601411969156,102.682202929929,3,0.641837377821128,0.289081435708322,892913.478473042,-36.8652046152475,-71.379872411859,375,"Chillán, Nevados de",-36.863,-71.377,1
65820,"2019-05-08 06:10:02",357070,0,2,1000,25.1882978723403,-81.3476249381494,2,0.428416380250463,0.335754417205613,1751311.10154767,-36.8632327741136,-71.365790980576,1000,"Chillán, Nevados de",-36.863,-71.377,1
65821,"2019-05-08 06:18:04",357070,0,4,375,50.7796317957899,-84.65465787397,7,1.73719641289621,0.696994126182146,2633012.03824498,-36.8652887559915,-71.3756688405821,838.526,"Chillán, Nevados de",-36.863,-71.377,1
65822,"2019-05-09 03:35:01",357070,0,1,1000,6.9844023668639,78.4018579881657,3,0.585728977500685,0.44458761178191,2667571.81208484,-36.8720158634551,-71.3772794423447,1414.21,"Chillán, Nevados de",-36.863,-71.377,1
65823,"2019-05-09 05:12:03",357070,0,3,375,43.5180972827903,105.629640132931,5,0.874270789748261,0.448715235977814,1077187.49548144,-36.8652046152475,-71.379872411859,530.33,"Chillán, Nevados de",-36.863,-71.377,1
65824,"2019-05-09 06:00:04",357070,0,4,375,30.238985950724,-81.7724540114765,3,0.461436660721434,0.261372078647731,506413.47337406,-36.8685821784274,-71.3799772309783,530.33,"Chillán, Nevados de",-36.863,-71.377,1
65825,"2019-05-10 04:54:03",357070,0,3,375,58.4988467316645,108.605791690118,7,0.756113406374995,0.459936422907843,749697.989401228,-36.8650358882635,-71.3882795019841,1185.85,"Chillán, Nevados de",-36.863,-71.377,1
65826,"2019-05-10 05:42:04",357070,0,4,375,1.21186162487928,-27.2103544148222,3,0.519911346620807,0.198373928947897,813891.588484554,-36.8652887559915,-71.3756688405821,530.33,"Chillán, Nevados de",-36.863,-71.377,1
65827,"2019-05-10 05:55:02",357070,0,2,1000,2.70233761182419,-74.3715324776354,1,0.137723767259053,0.108097167280567,559942.739593399,-36.8630090110135,-71.377000245322,0,"Chillán, Nevados de",-36.863,-71.377,1
65828,"2019-05-10 06:30:03",357070,0,3,375,59.9504968543552,-86.5168258731582,5,0.444586839503645,0.344365932752299,253684.170214345,-36.8653727482343,-71.37146525187,1185.85,"Chillán, Nevados de",-36.863,-71.377,1
65829,"2019-05-11 03:20:01",357070,0,1,1000,28.7863178511472,81.7953777280359,2,0.351984674199337,0.290897871674594,1154540.56771763,-36.8627841919951,-71.3882093860254,1000,"Chillán, Nevados de",-36.863,-71.377,1
65830,"2019-05-11 04:30:03",357070,0,3,375,68.2884027910215,111.67048758565,14,1.74941138096921,1.15886750031997,1494814.1978934,-36.8614890431978,-71.3965809816307,2371.71,"Chillán, Nevados de",-36.863,-71.377,1
65831,"2019-05-11 05:24:04",357070,0,4,375,28.6197742222757,103.531769393062,3,1.11225021330326,0.270259892169101,2131288.00037084,-36.8652887559915,-71.3756688405821,530.33,"Chillán, Nevados de",-36.863,-71.377,1
65832,"2019-05-11 06:12:03",357070,0,3,375,44.7352100149899,-83.7070712236263,6,0.995962276860388,0.57468842903443,1066349.42730946,-36.8652887559915,-71.3756688405821,530.33,"Chillán, Nevados de",-36.863,-71.377,1
65833,"2019-05-12 05:45:02",357070,0,2,1000,20.3939849290779,101.388484042554,1,0.222546389168306,0.181551480979645,774803.764765702,-36.8630090110135,-71.377000245322,0,"Chillán, Nevados de",-36.863,-71.377,1
65834,"2019-05-12 05:54:03",357070,0,3,375,20.9569223689681,-80.866084011771,6,1.62124476855776,0.626785098152837,2517226.04071246,-36.8686663294419,-71.3757734749843,838.526,"Chillán, Nevados de",-36.863,-71.377,1
65835,"2019-05-12 06:42:04",357070,0,4,375,67.1491069832773,-88.4224656999984,2,0.243295034966564,0.20694392535117,92013.7462139675,-36.8619951623533,-71.3713608195923,838.526,"Chillán, Nevados de",-36.863,-71.377,1
65836,"2019-05-13 03:10:01",357070,0,1,1000,45.2652880075542,83.8196317280454,5,1.04938351546851,0.878346806446,3232593.80052543,-36.8627841919951,-71.3882093860254,2236.07,"Chillán, Nevados de",-36.863,-71.377,1
65837,"2019-05-13 04:48:04",357070,0,4,375,62.0824775748274,109.531446913231,12,3.05696383062843,1.15759375938546,4807780.49283378,-36.8617427709321,-71.383970979333,1185.85,"Chillán, Nevados de",-36.863,-71.377,1
65838,"2019-05-13 05:36:03",357070,0,3,750,10.0097129292506,101.594165173223,3,1.14984568825461,0.560873777315119,6526544.98809818,-36.8653727482343,-71.37146525187,750,"Chillán, Nevados de",-36.863,-71.377,1
65839,"2019-05-13 06:24:04",357070,0,4,375,55.7784749566071,-85.6015894874125,8,2.72613737233212,0.782680636412353,4919374.8627969,-36.8686663294419,-71.3757734749843,1060.66,"Chillán, Nevados de",-36.863,-71.377,1
65840,"2019-05-13 06:25:02",357070,0,2,1000,49.433694874851,-84.1870560190704,6,1.30805130308246,1.02309700798452,5385636.17735118,-36.8632327741136,-71.365790980576,2236.07,"Chillán, Nevados de",-36.863,-71.377,1
65841,"2019-05-14 03:55:01",357070,0,1,1000,26.8595005313495,-102.106477151966,1,0.232657243929529,0.195475148345401,702741.606540006,-36.8630090110135,-71.377000245322,0,"Chillán, Nevados de",-36.863,-71.377,1
65842,"2019-05-14 05:18:03",357070,0,3,375,36.812277035358,104.658266112225,3,0.685383000206877,0.326409287400851,908652.210540253,-36.8652046152475,-71.379872411859,375,"Chillán, Nevados de",-36.863,-71.377,1
65843,"2019-05-14 06:06:04",357070,0,4,375,38.1448613268831,-82.7620423808934,5,0.913411521485243,0.557205232871617,901647.168053239,-36.8652887559915,-71.3756688405821,838.526,"Chillán, Nevados de",-36.863,-71.377,1
65846,"2019-05-15 06:36:03",357070,0,3,375,63.7464143492559,-87.4659688336882,3,0.443029115233996,0.350118262702539,235180.59547025,-36.8653727482343,-71.37146525187,838.526,"Chillán, Nevados de",-36.863,-71.377,1
65850,"2019-05-17 06:00:03",357070,0,3,750,30.0339018380641,-81.8347659816378,9,6.07878180205627,1.78066156790606,47628544.844677,-36.8652046152475,-71.379872411859,1677.05,"Chillán, Nevados de",-36.863,-71.377,1
65851,"2019-05-18 03:30:01",357070,0,1,1000,18.439110919292,80.5290677600346,1,0.156681444906721,0.117688394469229,736968.653268596,-36.8630090110135,-71.377000245322,0,"Chillán, Nevados de",-36.863,-71.377,1
65852,"2019-05-18 04:54:04",357070,0,4,375,58.3700019563756,108.520910667471,4,0.383487772721601,0.265096370327942,299678.237308947,-36.8617427709321,-71.383970979333,838.526,"Chillán, Nevados de",-36.863,-71.377,1
65853,"2019-05-18 05:42:03",357070,0,3,375,1.11325271993221,-16.1441041084868,2,0.164726155294508,0.132757634171842,80920.3190917498,-36.8652887559915,-71.3756688405821,530.33,"Chillán, Nevados de",-36.863,-71.377,1
65854,"2019-05-18 06:30:04",357070,0,4,375,60.0918872787029,-86.5376926045567,4,0.326131231323323,0.251714928523073,188366.266463133,-36.8686663294419,-71.3757734749843,750,"Chillán, Nevados de",-36.863,-71.377,1
65855,"2019-05-18 14:30:01",357070,0,1,1000,42.5626391231029,-83.2716441821248,1,0.16299468135945,0.149695874057994,251347.457997518,-36.8632327741136,-71.365790980576,1000,"Chillán, Nevados de",-36.863,-71.377,1
65856,"2019-05-19 04:10:01",357070,0,1,1000,49.8667936117936,-105.237444717445,7,1.17338752991302,0.910136402356013,4975446.31082741,-36.8630090110135,-71.377000245322,1414.21,"Chillán, Nevados de",-36.863,-71.377,1
65857,"2019-05-19 04:36:04",357070,0,4,375,68.1801624821775,111.662555999664,15,2.24590946151562,1.02551648656221,3089119.7178508,-36.8616583434973,-71.3881743309669,1875,"Chillán, Nevados de",-36.863,-71.377,1
65858,"2019-05-19 05:24:03",357070,0,3,375,28.8254389121848,103.662511902848,5,1.17591090520135,0.374303525127771,2029068.68081124,-36.8652887559915,-71.3756688405821,530.33,"Chillán, Nevados de",-36.863,-71.377,1
65859,"2019-05-19 05:50:02",357070,0,2,1000,9.25587599999989,99.835504,2,0.310748079455371,0.24469576464647,1248388.74988824,-36.8630090110135,-71.377000245322,1414.21,"Chillán, Nevados de",-36.863,-71.377,1
65860,"2019-05-19 06:12:04",357070,0,4,375,44.9400123288458,-83.7034569526113,8,1.21399570312294,0.578082251254645,1609655.92504162,-36.8686663294419,-71.3757734749843,838.526,"Chillán, Nevados de",-36.863,-71.377,1
65861,"2019-05-20 05:06:03",357070,0,3,375,49.2388640871389,106.607717564041,6,0.573814366441794,0.352680317164514,559745.562233116,-36.8652046152475,-71.379872411859,530.33,"Chillán, Nevados de",-36.863,-71.377,1
65862,"2019-05-20 05:54:04",357070,0,4,750,21.2382716965414,-80.776680151687,6,1.60814053847443,0.706490471935478,9991409.79983481,-36.8652046152475,-71.379872411859,1677.05,"Chillán, Nevados de",-36.863,-71.377,1
65863,"2019-05-20 06:42:03",357070,0,3,375,67.080023966555,-88.4074444876507,4,0.36833467308052,0.269283580994237,250723.076843405,-36.8654565919739,-71.3672616457533,1500,"Chillán, Nevados de",-36.863,-71.377,1
65864,"2019-05-22 05:18:04",357070,0,4,375,36.6076847776245,104.54786431045,4,0.606153974260277,0.327630656811453,705012.147292336,-36.8652046152475,-71.379872411859,530.33,"Chillán, Nevados de",-36.863,-71.377,1
65865,"2019-05-22 06:06:03",357070,0,3,375,37.9975248048707,-82.7891720848692,6,0.731054749575306,0.48665060207794,618647.998352709,-36.8652887559915,-71.3756688405821,750,"Chillán, Nevados de",-36.863,-71.377,1
65866,"2019-05-23 03:45:01",357070,0,1,1000,16.4155588112181,-100.763624947677,1,0.236883930506306,0.149057166762118,1659925.83476516,-36.8630090110135,-71.377000245322,0,"Chillán, Nevados de",-36.863,-71.377,1
65867,"2019-05-23 05:00:04",357070,0,4,375,54.09745454304,107.518121758756,5,1.09951351819609,0.429379453488469,1696276.85129116,-36.8651203260042,-71.3840759656699,530.33,"Chillán, Nevados de",-36.863,-71.377,1
65868,"2019-05-23 05:48:03",357070,0,3,375,11.1056672393127,-79.8089026316866,2,0.415138657124159,0.182951564808052,587723.577425145,-36.8652887559915,-71.3756688405821,530.33,"Chillán, Nevados de",-36.863,-71.377,1
65869,"2019-05-23 06:36:04",357070,0,4,375,63.8386657084903,-87.4738841436412,1,0.117115057148964,0.0932680923909584,60362.6295437012,-36.8687503319371,-71.371569701552,838.526,"Chillán, Nevados de",-36.863,-71.377,1
65870,"2019-05-24 04:42:04",357070,0,4,375,65.3398459319943,110.559834106541,8,0.880769812344689,0.601359081431702,707258.412623496,-36.8616583434973,-71.3881743309669,1352.08,"Chillán, Nevados de",-36.863,-71.377,1
65871,"2019-05-24 05:30:03",357070,0,3,375,19.8073716137856,102.664847940741,4,0.639559267707564,0.293381697478629,876261.974641991,-36.8685821784274,-71.3799772309783,530.33,"Chillán, Nevados de",-36.863,-71.377,1
65872,"2019-05-24 06:18:04",357070,0,4,375,50.7735496969157,-84.6551265736145,5,0.58274531023191,0.35929814351109,565600.640762076,-36.8686663294419,-71.3757734749843,838.526,"Chillán, Nevados de",-36.863,-71.377,1
65873,"2019-05-25 06:00:04",357070,0,4,375,30.2326017286832,-81.7902486937661,3,0.163355566915097,0.106607247022061,143644.184729246,-36.8652887559915,-71.3756688405821,530.33,"Chillán, Nevados de",-36.863,-71.377,1
65874,"2019-06-03 04:54:04",357070,0,4,375,58.396749101235,108.528672370943,1,0.0657915343874784,0.0566176129357167,23221.4886747718,-36.8617427709321,-71.383970979333,530.33,"Chillán, Nevados de",-36.863,-71.377,1
65875,"2019-06-03 06:30:04",357070,0,4,375,60.0677070934946,-86.5234752901903,4,0.400642523917223,0.309722309412104,230141.792966085,-36.8687503319371,-71.371569701552,838.526,"Chillán, Nevados de",-36.863,-71.377,1
65877,"2019-06-07 05:18:04",357070,0,4,375,36.659616540449,104.553511587097,1,0.0878403042390695,0.0565723525430548,79147.0027305374,-36.8652046152475,-71.379872411859,0,"Chillán, Nevados de",-36.863,-71.377,1
65878,"2019-06-07 06:06:03",357070,0,3,375,38.0810956599222,-82.7821322683883,3,0.3640327535534,0.188234804601164,444988.558285349,-36.8686663294419,-71.3757734749843,530.33,"Chillán, Nevados de",-36.863,-71.377,1
65879,"2019-06-08 03:45:01",357070,0,1,1000,16.3279807692308,-100.74983277592,1,0.141418018616456,0.116199716473095,476625.910509515,-36.8630090110135,-71.377000245322,0,"Chillán, Nevados de",-36.863,-71.377,1
65880,"2019-06-08 05:00:04",357070,0,4,375,54.1358002502157,107.525979243067,7,0.754417618560728,0.418581196602474,850085.943081832,-36.8617427709321,-71.383970979333,838.526,"Chillán, Nevados de",-36.863,-71.377,1
65881,"2019-06-08 05:48:03",357070,0,3,375,11.2219506897611,-79.8048904341872,4,0.659993459042589,0.245325684997658,1049627.80305123,-36.8652046152475,-71.379872411859,530.33,"Chillán, Nevados de",-36.863,-71.377,1
65882,"2019-06-09 04:42:04",357070,0,4,375,65.3680377781979,110.567889921489,6,0.68588349529162,0.525384197159551,406263.848396799,-36.8615737675852,-71.3923776650764,1500,"Chillán, Nevados de",-36.863,-71.377,1
65883,"2019-06-09 05:30:03",357070,0,3,375,19.7123088429159,102.651478304821,4,0.554834114553314,0.354055932220478,508219.774029992,-36.8685821784274,-71.3799772309783,530.33,"Chillán, Nevados de",-36.863,-71.377,1
65884,"2019-06-09 06:18:04",357070,0,4,375,50.7420620937799,-84.6484932087167,6,1.13660577949903,0.515848531172336,1571291.78482694,-36.8653727482343,-71.37146525187,838.526,"Chillán, Nevados de",-36.863,-71.377,1
65885,"2019-06-11 05:42:04",357070,0,4,375,1.1628743915804,-23.0676575718172,2,0.105700270475584,0.059240371892736,117601.618287833,-36.8652887559915,-71.3756688405821,375,"Chillán, Nevados de",-36.863,-71.377,1
65886,"2019-06-15 05:18:03",357070,0,3,375,36.6458302654325,104.632498572958,8,1.51507401062289,0.520408265207475,2517747.66808278,-36.8686663294419,-71.3757734749843,16644.3,"Chillán, Nevados de",-36.863,-71.377,1
65887,"2019-06-15 05:30:02",357070,0,2,1000,38.8388723570868,103.381503523884,1,0.100679240515978,0.0894862886616597,211546.790046611,-36.8632327741136,-71.365790980576,1000,"Chillán, Nevados de",-36.863,-71.377,1
65888,"2019-06-17 05:30:04",357070,0,4,375,19.7689798666702,102.508230494414,4,0.405328450529876,0.277509017321412,323542.940308923,-36.8652887559915,-71.3756688405821,530.33,"Chillán, Nevados de",-36.863,-71.377,1
65889,"2019-06-17 06:18:03",357070,0,3,375,50.7637918038156,-84.6683561593758,2,0.167369494684863,0.126471362247147,103523.397732969,-36.8686663294419,-71.3757734749843,838.526,"Chillán, Nevados de",-36.863,-71.377,1
65890,"2019-06-19 04:54:04",357070,0,4,375,58.4427747911435,108.539037057328,4,0.427206600781932,0.287312018899569,354108.160389733,-36.8651203260042,-71.3840759656699,838.526,"Chillán, Nevados de",-36.863,-71.377,1
65891,"2019-06-19 05:42:03",357070,0,3,375,1.1919558320612,-27.7714838798967,4,0.458162238441882,0.303473358837983,391556.22649737,-36.8652887559915,-71.3756688405821,530.33,"Chillán, Nevados de",-36.863,-71.377,1
65892,"2019-06-19 06:30:04",357070,0,4,375,60.0450317704717,-86.5231000201092,4,0.473791024803433,0.299127143345964,442117.949939218,-36.8653727482343,-71.37146525187,838.526,"Chillán, Nevados de",-36.863,-71.377,1
65893,"2019-06-20 05:24:03",357070,0,3,375,28.6605242391174,103.642983969031,2,0.174012340198207,0.0933691014463884,204128.19809054,-36.8652887559915,-71.3756688405821,375,"Chillán, Nevados de",-36.863,-71.377,1
65894,"2019-06-20 05:50:02",357070,0,2,1000,9.31581124497977,99.8507389558233,1,0.0814108372297526,0.0731046200781241,156987.504165779,-36.8630090110135,-71.377000245322,0,"Chillán, Nevados de",-36.863,-71.377,1
65895,"2019-06-20 06:12:04",357070,0,4,375,44.8579350732471,-83.6962482264512,1,0.0305621911022741,0.0222443120736228,21054.6312912735,-36.8652887559915,-71.3756688405821,375,"Chillán, Nevados de",-36.863,-71.377,1
65897,"2019-06-21 05:54:04",357070,0,4,375,21.0980437789673,-80.7646868828333,5,0.319973461634936,0.1816129346585,350225.083909104,-36.8652887559915,-71.3756688405821,838.526,"Chillán, Nevados de",-36.863,-71.377,1
65898,"2019-06-22 04:48:03",357070,0,3,375,62.1003047647291,109.587713789501,8,0.857948893198427,0.577131457783592,710819.133393801,-36.8616583434973,-71.3881743309669,1352.08,"Chillán, Nevados de",-36.863,-71.377,1
65899,"2019-06-22 05:36:04",357070,0,4,375,9.87729089670385,101.286967363567,2,0.223972867244979,0.132539887197415,231439.730745395,-36.8652046152475,-71.379872411859,530.33,"Chillán, Nevados de",-36.863,-71.377,1
65900,"2019-06-22 06:24:03",357070,0,3,375,55.7719100978547,-85.6016548953201,3,0.255857882753867,0.184378694234656,180931.695939254,-36.8686663294419,-71.3757734749843,838.526,"Chillán, Nevados de",-36.863,-71.377,1
65901,"2019-06-23 06:06:03",357070,0,3,375,38.1479563020955,-82.8061600374069,3,0.211111598211865,0.154976083465212,142093.021702466,-36.8652046152475,-71.379872411859,530.33,"Chillán, Nevados de",-36.863,-71.377,1
65902,"2019-06-24 05:00:04",357070,0,4,375,54.1932411599731,107.539772431626,3,0.267116367737307,0.177894609695907,225842.575042294,-36.8618270498877,-71.3797676102055,530.33,"Chillán, Nevados de",-36.863,-71.377,1
65903,"2019-06-24 05:48:03",357070,0,3,375,11.3041856209377,-79.8521663592885,3,0.306868785493189,0.183672781391203,311839.885383151,-36.8652046152475,-71.379872411859,530.33,"Chillán, Nevados de",-36.863,-71.377,1
65904,"2019-06-24 06:36:04",357070,0,4,375,63.7945213079081,-87.4570796562556,4,0.434605227937927,0.246777496895401,475438.944201394,-36.8686663294419,-71.3757734749843,838.526,"Chillán, Nevados de",-36.863,-71.377,1
65907,"2019-06-30 04:48:04",357070,0,4,375,62.1817110479414,109.562187600845,9,0.95071406621437,0.469921068862264,1217007.27454752,-36.8616583434973,-71.3881743309669,1352.08,"Chillán, Nevados de",-36.863,-71.377,1
65908,"2019-06-30 05:36:03",357070,0,3,375,9.6909181857715,101.552987544717,3,0.221346242313221,0.1359047268277,216273.836072724,-36.8652046152475,-71.379872411859,375,"Chillán, Nevados de",-36.863,-71.377,1
65909,"2019-07-01 05:18:03",357070,0,3,375,36.6140885539471,104.631317667188,8,0.852987715774156,0.393005026868061,1164331.18129355,-36.8685821784274,-71.3799772309783,3537.74,"Chillán, Nevados de",-36.863,-71.377,1
65910,"2019-07-01 06:06:04",357070,0,4,375,37.9661530968895,-82.7261443474912,3,0.509207150740751,0.156207272716963,893530.941247712,-36.8652887559915,-71.3756688405821,530.33,"Chillán, Nevados de",-36.863,-71.377,1
65911,"2019-07-04 05:12:04",357070,0,4,375,43.497392744544,105.560537653042,7,1.63905784475011,0.410407788634662,3110020.45454223,-36.8651203260042,-71.3840759656699,838.526,"Chillán, Nevados de",-36.863,-71.377,1
65912,"2019-07-04 06:00:02",357070,0,2,1000,14.2313699753896,-80.1555824446268,2,0.243362513497708,0.207157443527527,684275.822436413,-36.8630090110135,-71.377000245322,1000,"Chillán, Nevados de",-36.863,-71.377,1
65913,"2019-07-04 06:00:03",357070,0,3,375,30.2549222241299,-81.8344283508766,6,0.784901439935129,0.368774585194834,1053321.10106137,-36.8652046152475,-71.379872411859,838.526,"Chillán, Nevados de",-36.863,-71.377,1
65914,"2019-07-05 04:54:04",357070,0,4,375,58.5020332853771,108.552809279533,8,0.930707163361907,0.525224070547435,1026379.07868663,-36.8651203260042,-71.3840759656699,838.526,"Chillán, Nevados de",-36.863,-71.377,1
65915,"2019-07-05 05:42:03",357070,0,3,750,1.20073003174654,-29.5201322829406,3,1.05517839007425,0.414201365429265,7102826.65434726,-36.8653727482343,-71.37146525187,750,"Chillán, Nevados de",-36.863,-71.377,1
65916,"2019-07-05 06:30:04",357070,0,4,375,59.9934927340903,-86.5085596200367,5,0.864011336229796,0.356595784132623,1284395.61624597,-36.8652887559915,-71.3756688405821,838.526,"Chillán, Nevados de",-36.863,-71.377,1
65917,"2019-07-06 05:24:03",357070,0,3,375,28.6232067044085,103.638596980635,6,1.22005860742968,0.611978217512641,1539203.4869775,-36.8652887559915,-71.3756688405821,838.526,"Chillán, Nevados de",-36.863,-71.377,1
65918,"2019-07-06 05:50:02",357070,0,2,1000,9.31953106212411,99.8490821643286,1,0.1997880527839,0.168052469640168,599802.521416538,-36.8630090110135,-71.377000245322,0,"Chillán, Nevados de",-36.863,-71.377,1
65919,"2019-07-06 06:12:04",357070,0,4,375,44.7738416170685,-83.6799350209205,4,0.655413771434035,0.395116378555199,658877.775724552,-36.8652887559915,-71.3756688405821,838.526,"Chillán, Nevados de",-36.863,-71.377,1
65920,"2019-07-07 05:06:03",357070,0,3,375,49.1182869865853,106.583449729288,6,0.67682113118705,0.516642917485524,405451.10343199,-36.8685821784274,-71.3799772309783,838.526,"Chillán, Nevados de",-36.863,-71.377,1
65921,"2019-07-07 05:54:04",357070,0,4,375,20.9716252389562,-80.7540074029958,3,0.219818721331131,0.159260362169322,153288.34662833,-36.8652046152475,-71.379872411859,530.33,"Chillán, Nevados de",-36.863,-71.377,1
65922,"2019-07-09 05:18:04",357070,0,4,375,36.8530672443378,104.580772008212,4,0.540801932450307,0.334648508687608,521825.853899331,-36.8652046152475,-71.379872411859,530.33,"Chillán, Nevados de",-36.863,-71.377,1
65923,"2019-07-09 06:06:03",357070,0,3,375,38.1684927016679,-82.8087822188543,8,1.95653148914248,0.680836916189442,3229101.88778738,-36.8685821784274,-71.3799772309783,1060.66,"Chillán, Nevados de",-36.863,-71.377,1
65924,"2019-07-10 05:48:03",357070,0,3,375,11.3341650793852,-79.8584077736808,3,0.338754942148653,0.220993234143054,298084.323389173,-36.8652046152475,-71.379872411859,375,"Chillán, Nevados de",-36.863,-71.377,1
65925,"2019-07-10 06:36:04",357070,0,4,750,63.7418528543642,-87.4434637355402,9,1.89611994320484,1.29587664303263,6651446.07003332,-36.8653727482343,-71.37146525187,2250,"Chillán, Nevados de",-36.863,-71.377,1
65927,"2019-07-15 04:05:01",357070,0,1,1000,43.2823263888889,-104.169001736111,5,0.802354869574734,0.608018132313847,3672964.33423075,-36.8630090110135,-71.377000245322,2000,"Chillán, Nevados de",-36.863,-71.377,1
65928,"2019-07-15 05:06:04",357070,0,4,375,49.3410934904556,106.561425513252,8,0.654852149326999,0.424929181501244,581992.512308942,-36.8651203260042,-71.3840759656699,838.526,"Chillán, Nevados de",-36.863,-71.377,1
65929,"2019-07-16 05:36:03",357070,0,3,375,9.66466961961149,101.575114847768,4,0.627934358605948,0.343949825388293,718835.849707189,-36.8652046152475,-71.379872411859,375,"Chillán, Nevados de",-36.863,-71.377,1
65930,"2019-07-16 06:24:04",357070,0,4,375,55.6027334620001,-85.5472754449691,1,0.104135400646184,0.0769932524633693,68703.5625877489,-36.8686663294419,-71.3757734749843,530.33,"Chillán, Nevados de",-36.863,-71.377,1
65931,"2019-07-18 05:00:03",357070,0,3,375,54.0851685493558,107.573635846396,5,0.409083970993356,0.22343586324111,469921.772747872,-36.8651203260042,-71.3840759656699,530.33,"Chillán, Nevados de",-36.863,-71.377,1
65932,"2019-07-18 05:48:04",357070,0,4,375,10.8832612723419,-79.5329174130654,3,0.339223746306485,0.139229582933657,506235.22603747,-36.8652046152475,-71.379872411859,530.33,"Chillán, Nevados de",-36.863,-71.377,1
65933,"2019-07-23 05:06:03",357070,0,3,375,49.1090878414633,106.580890777709,13,0.901667738791149,0.621307746392814,709661.230758284,-36.8651203260042,-71.3840759656699,1060.66,"Chillán, Nevados de",-36.863,-71.377,1
65934,"2019-07-23 05:54:04",357070,0,4,750,20.7876699038601,-80.7040819921857,4,1.01957038242052,0.378000153221769,7109400.10230862,-36.8652046152475,-71.379872411859,1060.66,"Chillán, Nevados de",-36.863,-71.377,1
65935,"2019-07-24 04:48:03",357070,0,3,375,62.0804972766848,109.582446348504,8,1.50551547515099,0.627468806195521,2222555.63079352,-36.8617427709321,-71.383970979333,1060.66,"Chillán, Nevados de",-36.863,-71.377,1
65936,"2019-07-24 05:36:04",357070,0,4,375,10.1922114652715,101.342044024744,3,0.651041677238206,0.237697558038419,1046277.30172446,-36.8652046152475,-71.379872411859,530.33,"Chillán, Nevados de",-36.863,-71.377,1
65937,"2019-07-24 06:24:03",357070,0,3,375,55.7960421739139,-85.613931639011,4,0.419814034493229,0.289912579231475,328813.058631315,-36.8652887559915,-71.3756688405821,838.526,"Chillán, Nevados de",-36.863,-71.377,1
65939,"2019-07-25 06:06:03",357070,0,3,375,38.1539633216473,-82.7930089230561,5,0.600283214264026,0.358480771660503,612062.432840168,-36.8686663294419,-71.3757734749843,838.526,"Chillán, Nevados de",-36.863,-71.377,1
65940,"2019-07-26 05:48:03",357070,0,3,375,11.3264930075157,-79.7993868025219,2,0.103123719595929,0.0788801637765236,61366.5006678701,-36.8652046152475,-71.379872411859,530.33,"Chillán, Nevados de",-36.863,-71.377,1
65941,"2019-07-27 04:36:04",357070,0,4,375,65.5053427145473,110.614204156207,10,1.24547648274334,0.77628873834452,1187631.47800952,-36.8616583434973,-71.3881743309669,1546.16,"Chillán, Nevados de",-36.863,-71.377,1
65942,"2019-07-27 05:30:03",357070,0,3,375,19.6123470118241,102.632759264681,5,0.610392122190921,0.402502510362226,526220.579941385,-36.8685821784274,-71.3799772309783,530.33,"Chillán, Nevados de",-36.863,-71.377,1
65943,"2019-07-27 06:18:04",357070,0,4,375,50.4937726983557,-84.5962765182167,3,0.283674848111296,0.222156809882575,155717.534266449,-36.8652046152475,-71.379872411859,530.33,"Chillán, Nevados de",-36.863,-71.377,1
65944,"2019-08-02 05:18:03",357070,0,3,375,36.5932268350939,104.623860130284,6,0.521493618706328,0.357315842673547,415574.995582978,-36.8685821784274,-71.3799772309783,530.33,"Chillán, Nevados de",-36.863,-71.377,1
65945,"2019-08-02 06:06:04",357070,0,4,375,37.7170574892207,-82.6952461279759,5,0.575237648968317,0.317424882304257,652588.565618402,-36.8652887559915,-71.3756688405821,530.33,"Chillán, Nevados de",-36.863,-71.377,1
65946,"2019-08-03 02:55:01",357070,0,1,1000,57.0306150793651,85.8323412698414,4,0.672233823123318,0.607205390608019,1229037.37453914,-36.8715650228213,-71.3997002261797,2236.07,"Chillán, Nevados de",-36.863,-71.377,1
65947,"2019-08-03 05:00:03",357070,0,3,375,54.0857329912103,107.575346432713,5,0.756146384561135,0.403222981017457,893337.365219935,-36.8651203260042,-71.3840759656699,530.33,"Chillán, Nevados de",-36.863,-71.377,1
65948,"2019-08-03 05:48:04",357070,0,4,375,10.6896290950098,-79.51163713701,3,0.476790175118561,0.237100752185787,606713.851798584,-36.8652046152475,-71.379872411859,530.33,"Chillán, Nevados de",-36.863,-71.377,1
65949,"2019-08-04 03:40:01",357070,0,1,1000,4.60291129347401,-97.551606096131,4,0.815943154216202,0.503110184128863,5912543.13465071,-36.8720158634551,-71.3772794423447,1414.21,"Chillán, Nevados de",-36.863,-71.377,1
65950,"2019-08-04 04:42:03",357070,0,3,375,65.3290464432583,110.60828685993,20,3.78105351312862,1.4154257315868,5987995.32202774,-36.8615737675852,-71.3923776650764,1912.13,"Chillán, Nevados de",-36.863,-71.377,1
65951,"2019-08-04 05:20:02",357070,0,2,1000,52.0358263305323,105.322787114846,1,0.151280552781545,0.138403445164009,243377.333971417,-36.8632327741136,-71.365790980576,1000,"Chillán, Nevados de",-36.863,-71.377,1
65952,"2019-08-04 05:30:04",357070,0,4,375,20.2196742833047,102.560472367201,4,1.09246779290178,0.315278683810243,1967259.93238795,-36.8652046152475,-71.379872411859,530.33,"Chillán, Nevados de",-36.863,-71.377,1
65953,"2019-08-04 06:18:03",357070,0,3,375,50.7836350560961,-84.6720542531073,7,1.41094566537792,0.569599000389468,2129658.74575203,-36.8652887559915,-71.3756688405821,838.526,"Chillán, Nevados de",-36.863,-71.377,1
65954,"2019-08-05 05:12:04",357070,0,4,375,43.71080037296,105.594195897379,5,0.87518884829168,0.421561909998686,1148243.18755414,-36.8652046152475,-71.379872411859,530.33,"Chillán, Nevados de",-36.863,-71.377,1
65955,"2019-08-05 06:00:02",357070,0,2,1000,14.2254040816325,-80.1527836734693,4,0.913152874494563,0.60351525634648,5852150.98299876,-36.8630090110135,-71.377000245322,1414.21,"Chillán, Nevados de",-36.863,-71.377,1
65956,"2019-08-05 06:00:03",357070,0,3,750,30.2471892632114,-81.8423832530739,3,0.99228326890688,0.531114609749387,5110325.20428897,-36.8719597394271,-71.3800820675666,1060.66,"Chillán, Nevados de",-36.863,-71.377,1
65957,"2019-08-07 05:24:03",357070,0,3,375,28.6268328131196,103.632490145945,4,0.5476632436166,0.206876756404339,862615.795756036,-36.8686663294419,-71.3757734749843,530.33,"Chillán, Nevados de",-36.863,-71.377,1
65958,"2019-08-07 06:12:04",357070,0,4,375,44.5463131214253,-83.6480190109384,5,0.607072803714279,0.26887781999488,856056.052539729,-36.8652887559915,-71.3756688405821,530.33,"Chillán, Nevados de",-36.863,-71.377,1
65959,"2019-08-08 03:15:01",357070,0,1,1000,37.9305018450186,82.874073800738,1,0.121009527687947,0.103385216988809,333099.472213703,-36.8717909712506,-71.3884898966035,1414.21,"Chillán, Nevados de",-36.863,-71.377,1
65960,"2019-08-08 05:06:03",357070,0,3,375,49.1177454076107,106.582850847759,9,1.33153826540062,0.513380273362601,2070962.41734623,-36.8651203260042,-71.3840759656699,838.526,"Chillán, Nevados de",-36.863,-71.377,1
65961,"2019-08-08 05:54:04",357070,0,4,375,20.6059257180817,-80.6885019185558,3,0.654765323014978,0.191713160190333,1172100.78714988,-36.8652046152475,-71.379872411859,530.33,"Chillán, Nevados de",-36.863,-71.377,1
65962,"2019-08-08 06:42:03",357070,0,3,375,67.1431092284268,-88.4192946109568,13,1.68039458832115,0.814784838078187,2191074.6803025,-36.8687503319371,-71.371569701552,1546.16,"Chillán, Nevados de",-36.863,-71.377,1
65963,"2019-08-09 04:00:01",357070,0,1,1000,35.6604353312304,-103.109634069401,7,1.15930666706635,0.719775059977221,8307147.37398448,-36.8630090110135,-71.377000245322,2000,"Chillán, Nevados de",-36.863,-71.377,1
65964,"2019-08-09 04:48:03",357070,0,3,750,62.0888647159451,109.588984281496,12,4.32737940502172,1.41155154480196,32311017.4760602,-36.8650358882635,-71.3882795019841,2371.71,"Chillán, Nevados de",-36.863,-71.377,1
65965,"2019-08-09 05:35:02",357070,0,2,1000,30.4957118055558,102.42380787037,5,0.772484195758151,0.491621332574044,5308308.11417963,-36.8630090110135,-71.377000245322,1414.21,"Chillán, Nevados de",-36.863,-71.377,1
65966,"2019-08-09 05:36:04",357070,0,4,375,10.3935054619238,101.374539319286,5,2.00206562635754,0.306470244920147,4291975.80926339,-36.8652046152475,-71.379872411859,375,"Chillán, Nevados de",-36.863,-71.377,1
65967,"2019-08-09 06:24:03",357070,0,3,375,55.7624663114859,-85.6005680247284,5,1.41710890877559,0.302523608378483,2821294.04163017,-36.8686663294419,-71.3757734749843,838.526,"Chillán, Nevados de",-36.863,-71.377,1
65968,"2019-08-10 03:05:01",357070,0,1,1000,51.7565109890111,84.8478708791209,2,0.288663133204485,0.263315741196228,479065.708956051,-36.8720158634551,-71.3772794423447,1000,"Chillán, Nevados de",-36.863,-71.377,1
65969,"2019-08-10 05:18:04",357070,0,4,375,37.094463381841,104.614652328905,8,1.03939500654865,0.617340807303949,1068324.69183815,-36.8652046152475,-71.379872411859,530.33,"Chillán, Nevados de",-36.863,-71.377,1
65970,"2019-08-10 06:06:03",357070,0,3,375,38.1284373507323,-82.795091021678,4,0.647886784454534,0.321600062480177,825913.264997593,-36.8652887559915,-71.3756688405821,838.526,"Chillán, Nevados de",-36.863,-71.377,1
65972,"2019-08-13 03:35:01",357070,0,1,1000,7.32017807677082,78.5211990502573,1,0.120495889285335,0.0942389372663879,496256.393158091,-36.8630090110135,-71.377000245322,0,"Chillán, Nevados de",-36.863,-71.377,1
65973,"2019-08-13 05:12:03",357070,0,3,375,43.316294581503,105.600907858274,9,2.37715379104552,0.544124304332475,4639855.8882424,-36.8685821784274,-71.3799772309783,838.526,"Chillán, Nevados de",-36.863,-71.377,1
65974,"2019-08-13 06:00:04",357070,0,4,375,29.6205070953349,-81.7051349861597,6,1.68702777001868,0.383687088086879,3299081.10113986,-36.8652887559915,-71.3756688405821,530.33,"Chillán, Nevados de",-36.863,-71.377,1
65975,"2019-08-13 06:54:03",357070,0,3,375,69.8665637253489,-89.3023259252729,7,0.698423886362515,0.428005884360817,684495.5675668,-36.8653727482343,-71.37146525187,1185.85,"Chillán, Nevados de",-36.863,-71.377,1
65976,"2019-08-14 04:15:01",357070,0,1,1000,55.0585518292683,-106.179131097561,8,1.68468496581964,1.38263047335516,5708829.90757879,-36.8632327741136,-71.365790980576,2000,"Chillán, Nevados de",-36.863,-71.377,1
65977,"2019-08-14 04:54:03",357070,0,3,750,58.3768227295111,108.58119268692,11,2.54113269180221,2.01031687469791,5882102.773287,-36.8652046152475,-71.379872411859,2121.32,"Chillán, Nevados de",-36.863,-71.377,1
65978,"2019-08-14 05:42:04",357070,0,4,375,1.03870177983452,9.22986109744132,5,1.93681138845502,0.4580716517567,3743059.95851763,-36.8652887559915,-71.3756688405821,530.33,"Chillán, Nevados de",-36.863,-71.377,1
65979,"2019-08-14 05:55:02",357070,0,2,1000,2.49102524271845,-72.7205553398059,3,0.629064252292678,0.447601798084992,3429640.38452527,-36.8630090110135,-71.377000245322,1000,"Chillán, Nevados de",-36.863,-71.377,1
65980,"2019-08-14 06:30:03",357070,0,3,750,60.0638039379974,-86.5304865147377,7,1.63494445516049,1.18107265046113,5029466.9358248,-36.8719597394271,-71.3800820675666,1677.05,"Chillán, Nevados de",-36.863,-71.377,1
65981,"2019-08-15 04:36:03",357070,0,3,375,68.2038109664693,111.644757684229,12,1.20945685068422,0.812748782002142,1004167.29885151,-36.8650358882635,-71.3882795019841,1677.05,"Chillán, Nevados de",-36.863,-71.377,1
65982,"2019-08-15 05:24:04",357070,0,4,375,29.2651806892641,103.612804154406,7,0.583056435141125,0.391394064632333,485145.375350381,-36.8652046152475,-71.379872411859,530.33,"Chillán, Nevados de",-36.863,-71.377,1
65983,"2019-08-15 06:12:03",357070,0,3,375,44.9222793682783,-83.7275002798392,6,0.624368912558444,0.375106489891175,630945.507376524,-36.8686663294419,-71.3757734749843,838.526,"Chillán, Nevados de",-36.863,-71.377,1
65984,"2019-08-16 05:06:04",357070,0,4,375,49.5357674973291,106.601794380026,6,0.798394865968213,0.492392264333632,774569.085387534,-36.8618270498877,-71.3797676102055,750,"Chillán, Nevados de",-36.863,-71.377,1
65985,"2019-08-16 05:45:02",357070,0,2,1000,20.5747936085218,101.414766977364,2,0.304209103059354,0.267536894152186,693104.748345475,-36.8630090110135,-71.377000245322,1000,"Chillán, Nevados de",-36.863,-71.377,1
65986,"2019-08-16 05:54:03",357070,0,3,375,21.2035638144553,-80.8412514730772,4,0.885134748266634,0.312038045461351,1450651.02897587,-36.8686663294419,-71.3757734749843,838.526,"Chillán, Nevados de",-36.863,-71.377,1
65987,"2019-08-16 06:42:04",357070,0,4,375,66.9106504787187,-88.3482165743911,8,0.871305479175035,0.597655462333029,692676.605131328,-36.8652887559915,-71.3756688405821,1125,"Chillán, Nevados de",-36.863,-71.377,1
65988,"2019-08-18 05:18:03",357070,0,3,375,36.628252986162,104.635751649886,5,1.45676601977198,0.35173307660377,2797114.63739452,-36.8652046152475,-71.379872411859,530.33,"Chillán, Nevados de",-36.863,-71.377,1
65989,"2019-08-18 05:30:02",357070,0,2,1000,38.9674922360249,103.394347826087,2,0.287438762708134,0.255620107727021,601372.579143029,-36.8720158634551,-71.3772794423447,1000,"Chillán, Nevados de",-36.863,-71.377,1
65990,"2019-08-18 06:06:04",357070,0,4,375,37.5715146802112,-82.6870259918009,5,0.98748076253573,0.277260923089616,1797743.96859797,-36.8652887559915,-71.3756688405821,838.526,"Chillán, Nevados de",-36.863,-71.377,1
65991,"2019-08-19 05:48:04",357070,0,4,375,10.4701908124515,-79.4772882149898,3,0.268940863321473,0.212911457916338,141824.432431748,-36.8652046152475,-71.379872411859,530.33,"Chillán, Nevados de",-36.863,-71.377,1
65992,"2019-08-19 06:15:02",357070,0,2,1000,34.5579354445796,-82.3506881851402,1,0.154802471886178,0.128377324621728,499435.283298095,-36.8630090110135,-71.377000245322,0,"Chillán, Nevados de",-36.863,-71.377,1
65993,"2019-08-19 06:36:03",357070,0,3,375,63.8240279176677,-87.4729723935641,6,0.558659990642317,0.416742428255325,359228.829792071,-36.8687503319371,-71.371569701552,1060.66,"Chillán, Nevados de",-36.863,-71.377,1
65994,"2019-08-20 04:42:03",357070,0,3,375,65.3413343532375,110.614338622152,2,0.0925698530397714,0.074160151688425,46599.5565455954,-36.844939190393,-71.3792438638204,2250,"Chillán, Nevados de",-36.863,-71.377,1
65995,"2019-08-20 06:18:03",357070,0,3,375,50.7317343407857,-84.6523693879854,8,1.07969249445842,0.475196441934654,1530130.63295078,-36.8686663294419,-71.3757734749843,1185.85,"Chillán, Nevados de",-36.863,-71.377,1
65996,"2019-08-22 03:30:01",357070,0,1,1000,18.7542900432899,80.5760562770565,4,0.716338856551689,0.451321887058477,5008820.7234217,-36.8627841919951,-71.3882093860254,1414.21,"Chillán, Nevados de",-36.863,-71.377,1
65997,"2019-08-22 05:05:02",357070,0,2,1000,61.2650636132315,107.246259541985,7,1.10192103449731,0.821627260713445,5297552.3245151,-36.8540021430746,-71.3767211723409,2828.43,"Chillán, Nevados de",-36.863,-71.377,1
65998,"2019-08-22 05:42:03",357070,0,3,750,1.16754897142521,-25.8003305789833,3,1.10631657042509,0.384595440089037,7997572.27553635,-36.8652046152475,-71.379872411859,1060.66,"Chillán, Nevados de",-36.863,-71.377,1
65999,"2019-08-22 06:30:04",357070,0,4,750,59.7347630457145,-86.4430269921246,10,2.39990711363447,1.27227614576122,12495560.6627454,-36.8721279134616,-71.3716741686415,1677.05,"Chillán, Nevados de",-36.863,-71.377,1
66000,"2019-08-22 06:45:02",357070,0,2,1000,63.8195467422097,-86.9145892351275,2,0.273415328845436,0.250630651404359,430630.403636354,-36.8544484680111,-71.3543051455064,2236.07,"Chillán, Nevados de",-36.863,-71.377,1
66001,"2019-08-23 04:10:01",357070,0,1,1000,49.7109500609013,-105.203824604141,4,0.530931735095462,0.477849230672513,1003259.33359373,-36.8720158634551,-71.3772794423447,2236.07,"Chillán, Nevados de",-36.863,-71.377,1
66002,"2019-08-23 04:30:04",357070,0,4,375,68.4407353746399,111.686329258573,18,1.76559883689309,1.02919105660672,1864032.19384988,-36.8581962309604,-71.3922723269368,2281.04,"Chillán, Nevados de",-36.863,-71.377,1
66003,"2019-08-23 05:24:03",357070,0,3,375,28.6700955613416,103.640681867527,5,2.07218844773087,0.43104281908136,4154149.87251908,-36.8652046152475,-71.379872411859,530.33,"Chillán, Nevados de",-36.863,-71.377,1
66004,"2019-08-23 05:50:02",357070,0,2,1000,9.36588871096867,99.8656845476382,4,0.767180078313327,0.540560182539013,4283116.03013454,-36.8630090110135,-71.377000245322,1414.21,"Chillán, Nevados de",-36.863,-71.377,1
66005,"2019-08-23 06:12:04",357070,0,4,375,44.384138286264,-83.6104662227869,8,1.43519538144943,0.41188734843275,2590248.45857346,-36.8652887559915,-71.3756688405821,838.526,"Chillán, Nevados de",-36.863,-71.377,1
66006,"2019-08-24 05:54:04",357070,0,4,375,20.4016719010546,-80.686986215625,5,1.17601488133645,0.452718307460434,1830844.45262366,-36.8652887559915,-71.3756688405821,838.526,"Chillán, Nevados de",-36.863,-71.377,1
66007,"2019-08-25 05:36:04",357070,0,4,375,10.6200970680115,101.389012588684,5,0.425386217222835,0.204415297181786,559332.641353906,-36.8652046152475,-71.379872411859,530.33,"Chillán, Nevados de",-36.863,-71.377,1
66008,"2019-08-26 06:06:03",357070,0,3,375,38.0725892726279,-82.7873588381869,3,0.16711077180536,0.122446195606592,113057.208503132,-36.8652887559915,-71.3756688405821,530.33,"Chillán, Nevados de",-36.863,-71.377,1
66009,"2019-08-27 05:00:04",357070,0,4,375,54.494070210534,107.663903964181,7,1.30273947360871,0.772822851174918,1341351.45053553,-36.8651203260042,-71.3840759656699,750,"Chillán, Nevados de",-36.863,-71.377,1
66010,"2019-08-27 05:48:03",357070,0,3,375,11.2171351599775,-79.7986000035086,2,0.598082187885756,0.216787385110046,965152.469526015,-36.8686663294419,-71.3757734749843,530.33,"Chillán, Nevados de",-36.863,-71.377,1
66011,"2019-08-27 06:36:04",357070,0,4,375,63.5141055544561,-87.3858494926255,5,0.686854926431098,0.496927596410561,480753.554114485,-36.8652887559915,-71.3756688405821,750,"Chillán, Nevados de",-36.863,-71.377,1
66012,"2019-08-29 05:12:03",357070,0,3,375,43.3614473602444,105.611851563245,9,2.5332803972121,0.786755390981521,4420891.42202114,-36.8652046152475,-71.379872411859,838.526,"Chillán, Nevados de",-36.863,-71.377,1
66013,"2019-08-29 06:00:04",357070,0,4,375,29.4268371724609,-81.672817075445,4,1.65124718735746,0.320649030618641,3368076.58424513,-36.8652046152475,-71.379872411859,530.33,"Chillán, Nevados de",-36.863,-71.377,1
66014,"2019-08-29 06:54:03",357070,0,3,375,69.8578345545487,-89.2972299899916,15,1.84646347568387,1.15089716646107,1760652.22022021,-36.8654565919739,-71.3672616457533,2281.04,"Chillán, Nevados de",-36.863,-71.377,1
66015,"2019-08-30 04:54:03",357070,0,3,375,58.403561632211,108.592844014708,7,0.677430210163918,0.452871571816213,568414.05331763,-36.8650358882635,-71.3882795019841,1125,"Chillán, Nevados de",-36.863,-71.377,1
66016,"2019-08-30 05:42:04",357070,0,4,375,1.04385351342256,17.2799912919868,4,1.59635828367919,0.265131420909769,3369667.99638509,-36.8652887559915,-71.3756688405821,530.33,"Chillán, Nevados de",-36.863,-71.377,1
66017,"2019-08-30 05:55:02",357070,0,2,1000,2.55384854368932,-73.4356427184467,4,0.688728814402649,0.444805728131557,4610146.33052364,-36.8632327741136,-71.365790980576,1414.21,"Chillán, Nevados de",-36.863,-71.377,1
66018,"2019-08-30 06:30:03",357070,0,3,750,60.0323780477353,-86.5175661659519,9,1.88647946094498,1.14683375709038,8196198.95583877,-36.8721279134616,-71.3716741686415,2371.71,"Chillán, Nevados de",-36.863,-71.377,1
66019,"2019-08-31 03:20:01",357070,0,1,1000,29.0957431295571,81.8315816040382,5,1.01601023145037,0.602212215016939,7820782.51059177,-36.8630090110135,-71.377000245322,2236.07,"Chillán, Nevados de",-36.863,-71.377,1
66020,"2019-08-31 04:36:03",357070,0,3,375,68.2240858861371,111.654540846856,20,4.85003825149302,1.32634722879238,8919342.90121102,-36.8615737675852,-71.3923776650764,2250,"Chillán, Nevados de",-36.863,-71.377,1
66022,"2019-08-31 06:12:03",357070,0,3,375,44.8747028623089,-83.7189390576635,6,1.4433836103386,0.423142971165767,2582484.11790623,-36.8652887559915,-71.3756688405821,838.526,"Chillán, Nevados de",-36.863,-71.377,1
66023,"2019-09-01 04:05:01",357070,0,1,1000,43.2908044982699,-104.165596885813,7,1.23247486184508,0.837503503504222,7464958.67264226,-36.8630090110135,-71.377000245322,2000,"Chillán, Nevados de",-36.863,-71.377,1
66024,"2019-09-01 05:06:04",357070,0,4,750,49.6018128266965,106.61614008483,6,2.00683394328844,0.786239700599583,13525709.9517959,-36.858449482348,-71.3796628260149,1677.05,"Chillán, Nevados de",-36.863,-71.377,1
66025,"2019-09-01 05:45:02",357070,0,2,1000,20.5151176209497,101.411313803817,5,1.08619413978794,0.55080702033953,10118816.557575,-36.8630090110135,-71.377000245322,1414.21,"Chillán, Nevados de",-36.863,-71.377,1
66026,"2019-09-01 05:54:03",357070,0,3,750,21.1167997308425,-80.8276959621228,4,1.36958397431843,0.518570304800969,9430295.22534032,-36.8652046152475,-71.379872411859,1060.66,"Chillán, Nevados de",-36.863,-71.377,1
66027,"2019-09-01 06:42:04",357070,0,4,750,66.8630271880423,-88.3310821287091,19,4.58069422952611,2.41706661324835,23975698.5228779,-36.8657072321546,-71.3546507232834,3000,"Chillán, Nevados de",-36.863,-71.377,1
66028,"2019-09-02 03:10:01",357070,0,1,1000,45.4987786259541,83.8629389312977,6,1.07888799037291,0.691086196728082,7329453.89988726,-36.8717909712506,-71.3884898966035,2828.43,"Chillán, Nevados de",-36.863,-71.377,1
66029,"2019-09-02 04:42:04",357070,0,4,750,62.3919012240902,109.63146236133,11,2.45771312831386,1.31535587374235,12658746.3272205,-36.8650358882635,-71.3882795019841,2371.71,"Chillán, Nevados de",-36.863,-71.377,1
66030,"2019-09-02 05:36:03",357070,0,3,750,9.81874745278715,101.548417190179,4,1.79342666919204,0.506327415365829,14262668.6064617,-36.8652046152475,-71.379872411859,1060.66,"Chillán, Nevados de",-36.863,-71.377,1
66031,"2019-09-02 06:24:04",357070,0,4,750,55.3584136507221,-85.5036185989961,8,4.39849270342695,1.02116659017572,37424994.9924652,-36.8653727482343,-71.37146525187,1677.05,"Chillán, Nevados de",-36.863,-71.377,1
66032,"2019-09-02 06:25:02",357070,0,2,1000,49.3700118623962,-84.1648517200476,15,3.25241128286662,1.97944449816832,24059072.2307978,-36.8724624790427,-71.3548581621105,3162.28,"Chillán, Nevados de",-36.863,-71.377,1
66033,"2019-09-03 03:50:01",357070,0,1,1000,26.5451638477801,-102.062241014799,6,1.62637249514627,0.700586475512123,17497355.7710854,-36.8630090110135,-71.377000245322,1414.21,"Chillán, Nevados de",-36.863,-71.377,1
66034,"2019-09-03 05:18:03",357070,0,3,750,36.6997970393864,104.645069004639,6,4.01531511470228,0.790716239422667,35732586.2866922,-36.8652046152475,-71.379872411859,1060.66,"Chillán, Nevados de",-36.863,-71.377,1
66035,"2019-09-03 05:30:02",357070,0,2,1000,38.9233307453417,103.393641304348,7,3.58129465244235,0.803115747195237,52507581.3091704,-36.8630090110135,-71.377000245322,2236.07,"Chillán, Nevados de",-36.863,-71.377,1
66036,"2019-09-03 06:06:04",357070,0,4,750,37.5092095512142,-82.6741306196216,7,2.86873090710831,0.90736820688255,21734350.4218767,-36.8652046152475,-71.379872411859,1677.05,"Chillán, Nevados de",-36.863,-71.377,1
66037,"2019-09-04 02:55:01",357070,0,1,1000,57.04664,85.84478,3,0.55724516181119,0.513186761719837,832703.761726571,-36.8715650228213,-71.3997002261797,2828.43,"Chillán, Nevados de",-36.863,-71.377,1
66038,"2019-09-04 05:00:03",357070,0,3,750,54.1518434762605,107.592817758601,9,4.25224036928372,1.32981216302374,32384157.5606184,-36.8652046152475,-71.379872411859,1677.05,"Chillán, Nevados de",-36.863,-71.377,1
66039,"2019-09-04 05:48:04",357070,0,4,750,10.416168748662,-79.4920028528449,5,2.2293751515677,0.764702650219295,16230402.155567,-36.8652046152475,-71.379872411859,1060.66,"Chillán, Nevados de",-36.863,-71.377,1
66040,"2019-09-04 06:15:02",357070,0,2,1000,34.5570835875532,-82.3466870042709,7,1.769837290987,0.873493547402127,16940896.7537541,-36.8630090110135,-71.377000245322,2236.07,"Chillán, Nevados de",-36.863,-71.377,1
66041,"2019-09-04 06:36:03",357070,0,3,750,63.7921115962482,-87.4624427625067,16,3.58043473215007,2.19760295546837,15323504.6253541,-36.8653727482343,-71.37146525187,2704.16,"Chillán, Nevados de",-36.863,-71.377,1
66042,"2019-09-05 04:42:03",357070,0,3,750,65.372554527125,110.627475618812,20,10.9052661069428,2.83149099997213,89467520.4041189,-36.864866567298,-71.3966865219996,2704.16,"Chillán, Nevados de",-36.863,-71.377,1
66043,"2019-09-05 05:20:02",357070,0,2,1000,52.0239245810056,105.324846368715,10,2.1799601675011,1.48928033298207,13053848.8724097,-36.8632327741136,-71.365790980576,2236.07,"Chillán, Nevados de",-36.863,-71.377,1
66044,"2019-09-05 05:30:04",357070,0,4,750,20.4387062406189,102.584416490739,8,2.6703762266775,1.38436507092974,14250611.1196299,-36.8650358882635,-71.3882795019841,1060.66,"Chillán, Nevados de",-36.863,-71.377,1
66045,"2019-09-05 06:18:03",357070,0,3,375,50.6916299776397,-84.6485449366192,15,6.16329361898558,1.33883036045697,12211922.6231505,-36.8686663294419,-71.3757734749843,1352.08,"Chillán, Nevados de",-36.863,-71.377,1
66046,"2019-09-06 02:45:01",357070,0,1,1000,65.1340206185567,87.6773195876288,10,1.81333645617698,1.44384725305889,6983345.93893195,-36.8717909712506,-71.3884898966035,2828.43,"Chillán, Nevados de",-36.863,-71.377,1
66047,"2019-09-07 03:30:01",357070,0,1,1000,18.8078958785247,80.5824555314535,3,0.425305079179065,0.325018814747725,1895410.39775233,-36.8627841919951,-71.3882093860254,1000,"Chillán, Nevados de",-36.863,-71.377,1
66049,"2019-09-08 04:10:01",357070,0,1,1000,49.6728102189781,-105.195681265207,4,0.543830809031045,0.494114327400693,939641.502813652,-36.8720158634551,-71.3772794423447,2000,"Chillán, Nevados de",-36.863,-71.377,1
66050,"2019-09-08 05:24:03",357070,0,3,375,28.7624295528494,103.652265961833,6,1.93000760314252,0.434641546212316,3785145.33160457,-36.8652046152475,-71.379872411859,530.33,"Chillán, Nevados de",-36.863,-71.377,1
66051,"2019-09-08 05:50:02",357070,0,2,1000,9.36648096192374,99.8639879759519,4,0.650903784237755,0.49068972981844,3028045.62852506,-36.8630090110135,-71.377000245322,1414.21,"Chillán, Nevados de",-36.863,-71.377,1
66052,"2019-09-08 06:12:04",357070,0,4,375,44.4254207584919,-83.6163938636244,5,0.539199092165789,0.3429716135835,496700.805161418,-36.8652887559915,-71.3756688405821,838.526,"Chillán, Nevados de",-36.863,-71.377,1
66053,"2019-09-10 05:35:02",357070,0,2,1000,30.4686466165415,102.427646038172,3,0.474956054180063,0.373425932321821,1918919.30312077,-36.8630090110135,-71.377000245322,1000,"Chillán, Nevados de",-36.863,-71.377,1
66054,"2019-09-10 05:36:04",357070,0,4,375,10.4825407823339,101.375156331751,5,0.747089541247812,0.340400407182739,1029431.87060222,-36.8652887559915,-71.3756688405821,530.33,"Chillán, Nevados de",-36.863,-71.377,1
66055,"2019-09-10 06:24:03",357070,0,3,375,55.678680567574,-85.5719797251673,1,0.0988062597375673,0.0632786451935303,89929.2743145934,-36.8686663294419,-71.3757734749843,530.33,"Chillán, Nevados de",-36.863,-71.377,1
66056,"2019-09-11 05:18:04",357070,0,4,750,37.1372339969176,104.622453702345,6,7.38421172940303,0.814915738551667,72796011.1986217,-36.8652046152475,-71.379872411859,1060.66,"Chillán, Nevados de",-36.863,-71.377,1
66057,"2019-09-11 06:06:03",357070,0,3,750,37.977830883147,-82.7521015001256,2,0.705099534454062,0.240608044614745,5147146.32178193,-36.8719597394271,-71.3800820675666,750,"Chillán, Nevados de",-36.863,-71.377,1
66058,"2019-09-11 06:20:02",357070,0,2,1000,42.5866497890295,-83.2590210970464,2,0.289176397717241,0.232980367711814,1062104.96710256,-36.8632327741136,-71.365790980576,1000,"Chillán, Nevados de",-36.863,-71.377,1
66059,"2019-09-12 03:45:01",357070,0,1,1000,16.0230666666666,-100.704029166667,6,1.95899416381307,0.736317024096596,23108597.9406414,-36.8630090110135,-71.377000245322,1414.21,"Chillán, Nevados de",-36.863,-71.377,1
66060,"2019-09-12 05:00:04",357070,0,4,750,54.4342576847624,107.597309215217,10,3.80884317332431,1.30900296317678,27701354.3286973,-36.8652046152475,-71.379872411859,1677.05,"Chillán, Nevados de",-36.863,-71.377,1
66061,"2019-09-12 05:25:02",357070,0,2,1000,46.0387715736041,104.375918781726,12,2.17465379082481,1.49607512769255,12825136.7331997,-36.8722396993981,-71.3660688639861,2236.07,"Chillán, Nevados de",-36.863,-71.377,1
66062,"2019-09-12 05:48:03",357070,0,3,750,11.0886062905227,-79.7550271994832,6,3.21604143336335,0.844213591897836,26282817.2682397,-36.8652046152475,-71.379872411859,1060.66,"Chillán, Nevados de",-36.863,-71.377,1
66063,"2019-09-12 06:36:04",357070,0,4,750,63.583216040405,-87.400470964798,12,2.84155553963438,1.65391935339313,13160493.4887858,-36.8719597394271,-71.3800820675666,2371.71,"Chillán, Nevados de",-36.863,-71.377,1
66064,"2019-09-13 02:50:01",357070,0,1,1000,61.501177944862,86.7549874686717,13,3.1397479853701,2.40983962247549,13795268.0587083,-36.8715650228213,-71.3997002261797,2828.43,"Chillán, Nevados de",-36.863,-71.377,1
66065,"2019-09-13 04:30:01",357070,0,1,1000,63.3876566757494,-108.174441416894,5,1.00628118683171,0.894745918760415,2108016.5665475,-36.8544484680111,-71.3543051455064,2236.07,"Chillán, Nevados de",-36.863,-71.377,1
66066,"2019-09-13 04:36:04",357070,0,4,375,65.5518297256828,110.638605336882,16,4.31925370837005,1.38979152187462,7415201.15956656,-36.8617427709321,-71.383970979333,2019.44,"Chillán, Nevados de",-36.863,-71.377,1
66067,"2019-09-13 05:30:03",357070,0,3,750,19.834850360023,102.661660546445,4,2.18271964337117,0.682557711514281,16623669.4073892,-36.8652046152475,-71.379872411859,1060.66,"Chillán, Nevados de",-36.863,-71.377,1
66068,"2019-09-13 06:05:02",357070,0,2,1000,25.0222830374752,-81.3233579881656,6,1.68621519535937,0.921249595581074,14457849.8358098,-36.8630090110135,-71.377000245322,2236.07,"Chillán, Nevados de",-36.863,-71.377,1
66069,"2019-09-13 06:18:04",357070,0,4,750,50.3744614642443,-84.5790334304379,9,2.76761473021384,1.56565654799104,13319199.1067565,-36.8652046152475,-71.379872411859,1677.05,"Chillán, Nevados de",-36.863,-71.377,1
66070,"2019-09-14 03:35:01",357070,0,1,1000,7.40233570863018,78.552414885194,4,1.04564313140014,0.565509506585974,9074525.50898782,-36.8630090110135,-71.377000245322,1414.21,"Chillán, Nevados de",-36.863,-71.377,1
66071,"2019-09-14 05:10:02",357070,0,2,1000,56.9707297830375,106.265996055227,12,2.53271989886219,2.03912783271736,9328890.05013731,-36.8540021430746,-71.3767211723409,2236.07,"Chillán, Nevados de",-36.863,-71.377,1
66072,"2019-09-14 05:12:03",357070,0,3,750,43.4447452218277,105.626000177146,10,3.19793879320335,1.77575292802761,15759597.1184787,-36.8582807965494,-71.388069177474,1677.05,"Chillán, Nevados de",-36.863,-71.377,1
66073,"2019-09-14 06:00:04",357070,0,4,750,29.629821839869,-81.7078481593729,8,2.6428990420436,1.48127084249303,12872292.4862698,-36.8652046152475,-71.379872411859,1677.05,"Chillán, Nevados de",-36.863,-71.377,1
66074,"2019-09-14 06:54:03",357070,0,3,375,69.8419060651201,-89.2737874782595,10,1.34883246224938,0.824240311208475,1327873.88232229,-36.8653727482343,-71.37146525187,1352.08,"Chillán, Nevados de",-36.863,-71.377,1
66075,"2019-09-15 05:42:04",357070,0,4,375,1.03701141364089,5.74861301829951,6,2.40521767972595,0.465531445955398,4909830.77923171,-36.8652046152475,-71.379872411859,750,"Chillán, Nevados de",-36.863,-71.377,1
66076,"2019-09-15 06:30:03",357070,0,3,375,60.0005910945382,-86.5128017386045,4,0.368773472170481,0.288658890992945,202790.033605637,-36.8653727482343,-71.37146525187,1185.85,"Chillán, Nevados de",-36.863,-71.377,1
66077,"2019-09-16 03:20:01",357070,0,1,1000,29.1017620650955,81.8343771043771,6,1.31797858255326,0.490188464536094,15645233.2305244,-36.8720158634551,-71.3772794423447,2236.07,"Chillán, Nevados de",-36.863,-71.377,1
66078,"2019-09-16 04:36:03",357070,0,3,375,68.2632045365709,111.672109133196,19,1.67584548259067,0.798578475839376,2220582.1108392,-36.8580266544125,-71.4006785731756,2515.58,"Chillán, Nevados de",-36.863,-71.377,1
66079,"2019-09-16 05:24:04",357070,0,4,750,29.2123661412829,103.608834893464,5,1.41914911256119,0.463549515087473,10589238.0395056,-36.8652046152475,-71.379872411859,1060.66,"Chillán, Nevados de",-36.863,-71.377,1
66080,"2019-09-16 06:12:03",357070,0,3,750,44.7847130590152,-83.6903298829298,5,1.07168475726191,0.503001230088489,6301724.33549044,-36.8653727482343,-71.37146525187,1060.66,"Chillán, Nevados de",-36.863,-71.377,1
66081,"2019-09-16 06:40:02",357070,0,2,1000,59.7646038543896,-85.9973447537473,1,0.102681092601845,0.0962618589045073,121323.516879689,-36.8722396993981,-71.3660688639861,1414.21,"Chillán, Nevados de",-36.863,-71.377,1
66082,"2019-09-17 04:05:01",357070,0,1,1000,43.2871032090199,-104.165819601041,7,1.49977608157822,1.0605841412265,8300727.67264749,-36.8630090110135,-71.377000245322,2000,"Chillán, Nevados de",-36.863,-71.377,1
66083,"2019-09-17 05:06:04",357070,0,4,750,49.4781916185344,106.59520659574,10,2.8767134466729,1.71234246610114,12902685.9284608,-36.8652046152475,-71.379872411859,1677.05,"Chillán, Nevados de",-36.863,-71.377,1
66084,"2019-09-17 05:45:02",357070,0,2,1000,20.4400623330365,101.402088156723,3,0.608066428883067,0.465963726699391,2685741.07127148,-36.8630090110135,-71.377000245322,1414.21,"Chillán, Nevados de",-36.863,-71.377,1
66085,"2019-09-17 05:54:03",357070,0,3,750,21.0069107371374,-80.826322504041,6,1.87907000480685,1.09902790527776,8643841.51540683,-36.8652046152475,-71.379872411859,1060.66,"Chillán, Nevados de",-36.863,-71.377,1
66086,"2019-09-17 06:42:04",357070,0,4,750,66.9300506120024,-88.3521818243221,14,3.78899527698988,2.340060597194,16056007.4204881,-36.8653727482343,-71.37146525187,2371.71,"Chillán, Nevados de",-36.863,-71.377,1
66087,"2019-09-18 03:10:01",357070,0,1,1000,45.4705988593155,83.8587642585551,7,1.75598518342618,0.945590972042383,15316450.5951537,-36.8627841919951,-71.3882093860254,2236.07,"Chillán, Nevados de",-36.863,-71.377,1
66088,"2019-09-18 04:42:04",357070,0,4,375,62.3114977554407,109.607636592067,13,2.83223440270211,0.947228641571184,4771420.83286265,-36.8616583434973,-71.3881743309669,1590.99,"Chillán, Nevados de",-36.863,-71.377,1
66089,"2019-09-18 05:36:03",357070,0,3,750,9.95212783343153,101.566440104668,4,1.8707405737021,0.625383939393378,13800108.2039335,-36.8652046152475,-71.379872411859,750,"Chillán, Nevados de",-36.863,-71.377,1
66090,"2019-09-18 06:24:04",357070,0,4,750,55.4677988659622,-85.5300985641919,8,2.2722024238799,1.21682786405569,11694869.341052,-36.8653727482343,-71.37146525187,1677.05,"Chillán, Nevados de",-36.863,-71.377,1
66091,"2019-09-18 06:25:02",357070,0,2,1000,49.3788374851718,-84.1706761565838,9,1.5538429929712,1.25193247408546,5706108.80694063,-36.8634554812588,-71.3545815923702,2236.07,"Chillán, Nevados de",-36.863,-71.377,1
66092,"2019-09-19 05:18:03",357070,0,3,750,36.7985373443026,104.662582393883,7,1.6303872668252,0.724200179827637,10041685.6577917,-36.8652046152475,-71.379872411859,1060.66,"Chillán, Nevados de",-36.863,-71.377,1
66093,"2019-09-19 05:30:02",357070,0,2,1000,38.8346999220575,103.38099766173,5,0.823788938587095,0.462404022622412,6830174.9117325,-36.8630090110135,-71.377000245322,1414.21,"Chillán, Nevados de",-36.863,-71.377,1
66094,"2019-09-19 06:06:04",357070,0,4,750,37.6596236078663,-82.6935775352338,6,1.35689759591226,0.625576534680757,8103951.50977159,-36.8719597394271,-71.3800820675666,1060.66,"Chillán, Nevados de",-36.863,-71.377,1
66095,"2019-09-20 05:00:03",357070,0,3,750,54.2199605576143,107.610221516079,8,1.52004582385037,0.901836599534719,6850530.96694784,-36.8652046152475,-71.379872411859,1060.66,"Chillán, Nevados de",-36.863,-71.377,1
66096,"2019-09-20 05:48:04",357070,0,4,750,10.6363732869056,-79.5209841054649,4,1.03058261376873,0.443620512534302,6504273.78430402,-36.8652046152475,-71.379872411859,1060.66,"Chillán, Nevados de",-36.863,-71.377,1
66097,"2019-09-20 06:15:02",357070,0,2,1000,34.6134678899082,-82.3579816513762,9,1.25867960031644,0.867760367443469,7388373.50129916,-36.8632327741136,-71.365790980576,2236.07,"Chillán, Nevados de",-36.863,-71.377,1
66098,"2019-09-20 06:36:03",357070,0,3,750,63.7530353097025,-87.4488919229159,9,1.61711857602646,0.941419792968873,7487587.13975694,-36.8653727482343,-71.37146525187,2250,"Chillán, Nevados de",-36.863,-71.377,1
66099,"2019-09-21 03:40:01",357070,0,1,1000,4.62089984350547,-97.5677151799687,6,1.26630380932649,0.696811601071245,10763402.7360241,-36.8720158634551,-71.3772794423447,1414.21,"Chillán, Nevados de",-36.863,-71.377,1
66100,"2019-09-21 04:42:03",357070,0,3,750,65.4207869804347,110.644507810938,15,2.87058221484506,1.8806539935532,10969642.1021904,-36.8582807965494,-71.388069177474,2704.16,"Chillán, Nevados de",-36.863,-71.377,1
66101,"2019-09-21 05:20:02",357070,0,2,1000,51.9251321279555,105.314033379694,4,0.574920399366096,0.503930070267832,1341717.21995719,-36.8542258333487,-71.3655132206251,1414.21,"Chillán, Nevados de",-36.863,-71.377,1
66102,"2019-09-21 05:30:04",357070,0,4,750,20.2371017767201,102.562111466205,7,1.87643367665369,0.994015545418559,9778295.91674929,-36.8652046152475,-71.379872411859,1060.66,"Chillán, Nevados de",-36.863,-71.377,1
66103,"2019-09-21 06:18:03",357070,0,3,750,50.6169198705504,-84.6333314416309,6,1.95544934648014,0.811713026286772,12674028.0981428,-36.8721279134616,-71.3716741686415,1677.05,"Chillán, Nevados de",-36.863,-71.377,1
66104,"2019-09-22 02:45:01",357070,0,1,1000,65.1217,87.677,1,0.206073282683555,0.191597025565539,273601.259530496,-36.8715650228213,-71.3997002261797,2236.07,"Chillán, Nevados de",-36.863,-71.377,1
66105,"2019-09-22 04:25:01",357070,0,1,1000,59.5946868250539,-107.197753779698,10,1.97634299471212,1.61501605907642,6829079.08351482,-36.8542258333487,-71.3655132206251,2828.43,"Chillán, Nevados de",-36.863,-71.377,1
66106,"2019-09-22 05:12:04",357070,0,4,750,43.6958746214072,105.59553511982,7,2.27162059454537,1.19619346731446,11917076.8536275,-36.8652046152475,-71.379872411859,1060.66,"Chillán, Nevados de",-36.863,-71.377,1
66107,"2019-09-22 06:00:02",357070,0,2,1000,14.3582581967212,-80.1686229508196,5,1.73049532585867,0.746607753862043,18595475.1107363,-36.8630090110135,-71.377000245322,1414.21,"Chillán, Nevados de",-36.863,-71.377,1
66108,"2019-09-22 06:00:03",357070,0,3,750,29.9990776704822,-81.8071151069523,5,2.78638206549008,0.871082211550602,21223916.5064668,-36.8652046152475,-71.379872411859,1060.66,"Chillán, Nevados de",-36.863,-71.377,1
66109,"2019-09-23 05:42:03",357070,0,3,750,1.08689481920972,-12.9116750097578,3,1.86866067637581,0.464090686177378,15564391.2038864,-36.8652046152475,-71.379872411859,750,"Chillán, Nevados de",-36.863,-71.377,1
66110,"2019-09-23 06:30:04",357070,0,4,750,59.843842620521,-86.4708543945331,8,2.30371078439182,1.24028104200751,11784130.8327961,-36.8721279134616,-71.3716741686415,1677.05,"Chillán, Nevados de",-36.863,-71.377,1
66111,"2019-09-24 04:10:01",357070,0,1,1000,49.732836185819,-105.206723716381,8,2.03148116490187,1.5497372588917,9104959.82359215,-36.8627841919951,-71.3882093860254,2236.07,"Chillán, Nevados de",-36.863,-71.377,1
66112,"2019-09-24 04:30:04",357070,0,4,750,68.3649418231469,111.663193687794,11,3.76263336833833,2.10325387141241,18387999.0503104,-36.8513564577969,-71.3962644660263,2704.16,"Chillán, Nevados de",-36.863,-71.377,1
66113,"2019-09-24 05:24:03",357070,0,3,750,28.9052073211122,103.671646774732,5,2.81228830552478,0.984916396754561,20249564.9640599,-36.8652046152475,-71.379872411859,1060.66,"Chillán, Nevados de",-36.863,-71.377,1
66114,"2019-09-24 05:50:02",357070,0,2,1000,9.17847756410245,99.8286097756412,5,1.64679828750703,0.898679001277823,14139454.509732,-36.8630090110135,-71.377000245322,1414.21,"Chillán, Nevados de",-36.863,-71.377,1
66115,"2019-09-24 06:12:04",357070,0,4,750,44.5515241614285,-83.6337968727773,8,2.71466235911127,1.6062269936476,12282849.3935443,-36.8653727482343,-71.37146525187,1500,"Chillán, Nevados de",-36.863,-71.377,1
66116,"2019-09-25 03:15:01",357070,0,1,1000,37.8673215599706,82.8674981604121,4,1.58063635275399,0.788789827937956,14965899.3190231,-36.8630090110135,-71.377000245322,1414.21,"Chillán, Nevados de",-36.863,-71.377,1
66117,"2019-09-25 05:06:03",357070,0,3,750,49.3032782189735,106.626320919185,10,4.02580734975947,2.12523211470291,21060749.3234705,-36.8719597394271,-71.3800820675666,1677.05,"Chillán, Nevados de",-36.863,-71.377,1
66118,"2019-09-25 05:54:04",357070,0,4,750,20.6668786312582,-80.6896203626932,3,1.42490567521299,0.646315684045657,8627750.33962304,-36.8652046152475,-71.379872411859,1060.66,"Chillán, Nevados de",-36.863,-71.377,1
66119,"2019-09-25 06:30:02",357070,0,2,1000,55.0303933434192,-85.1168683812405,11,3.63310022263862,2.21102124817409,26877292.6173796,-36.8724624790427,-71.3548581621105,3162.28,"Chillán, Nevados de",-36.863,-71.377,1
66120,"2019-09-25 06:42:03",357070,0,3,750,67.0443709914013,-88.3626988281526,14,4.00473594517912,2.9649470749062,11522160.4187117,-36.8655402872085,-71.3630580222628,2371.71,"Chillán, Nevados de",-36.863,-71.377,1
66121,"2019-09-26 04:00:01",357070,0,1,1000,35.7050474984167,-103.112172260925,5,1.3123381896929,0.873393197294225,8296060.35633501,-36.8630090110135,-71.377000245322,1414.21,"Chillán, Nevados de",-36.863,-71.377,1
66122,"2019-09-26 04:48:03",357070,0,3,375,62.203797298031,109.627948662502,17,4.14649641478439,1.0570459240293,7820171.55472381,-36.8650358882635,-71.3882795019841,1546.16,"Chillán, Nevados de",-36.863,-71.377,1
66123,"2019-09-26 05:36:04",357070,0,4,750,10.2918345038531,101.340126119559,3,1.43323680758649,0.577677443046059,9480667.20831367,-36.8652046152475,-71.379872411859,750,"Chillán, Nevados de",-36.863,-71.377,1
66124,"2019-09-26 06:24:03",357070,0,3,375,55.6265671355686,-85.5701014896273,9,1.9386696945492,0.608450302281707,3367117.83667709,-36.8652887559915,-71.3756688405821,1185.85,"Chillán, Nevados de",-36.863,-71.377,1
66125,"2019-09-27 03:05:01",357070,0,1,1000,51.7048633879784,84.8511338797814,6,1.56203055834227,1.23521121784352,6176885.53542635,-36.8720158634551,-71.3772794423447,2236.07,"Chillán, Nevados de",-36.863,-71.377,1
66126,"2019-09-27 05:18:04",357070,0,4,750,37.0036581274882,104.606304431361,9,3.24678716453811,2.06097664166387,13140262.8566002,-36.8650358882635,-71.3882795019841,1060.66,"Chillán, Nevados de",-36.863,-71.377,1
66127,"2019-09-27 06:06:03",357070,0,3,750,37.7739207758869,-82.7742774765209,5,2.73215723016387,1.16924553255866,17319015.2490878,-36.8652046152475,-71.379872411859,1060.66,"Chillán, Nevados de",-36.863,-71.377,1
66128,"2019-09-27 06:20:02",357070,0,2,1000,42.6897043918919,-83.274839527027,6,1.92019577324464,1.19655193857531,13676868.4752503,-36.8632327741136,-71.365790980576,2000,"Chillán, Nevados de",-36.863,-71.377,1
66129,"2019-09-28 03:45:01",357070,0,1,1000,16.2115690376569,-100.728292887029,5,1.13610099833936,0.794656491152581,6453301.18583008,-36.8630090110135,-71.377000245322,1414.21,"Chillán, Nevados de",-36.863,-71.377,1
66130,"2019-09-28 05:00:04",357070,0,4,750,54.3466434678629,107.5821218053,9,3.71511373963651,1.60998783282388,23327426.4548675,-36.8652046152475,-71.379872411859,1677.05,"Chillán, Nevados de",-36.863,-71.377,1
66131,"2019-09-28 05:25:02",357070,0,2,1000,45.8875851703406,104.3624749499,10,1.94960821100776,1.65849275969053,5502082.02989583,-36.8627841919951,-71.3882093860254,2828.43,"Chillán, Nevados de",-36.863,-71.377,1
66132,"2019-09-28 05:48:03",357070,0,3,750,10.7919478708961,-79.7996044243546,3,1.83811430575682,0.547815201790875,14298126.9458227,-36.8652046152475,-71.379872411859,1060.66,"Chillán, Nevados de",-36.863,-71.377,1
66133,"2019-09-28 06:36:04",357070,0,4,375,63.6545905985362,-87.4159334931167,13,3.45533678366454,1.24946069424033,5583623.85135504,-36.8619951623533,-71.3713608195923,1352.08,"Chillán, Nevados de",-36.863,-71.377,1
66134,"2019-09-29 02:50:01",357070,0,1,1000,61.4256265984654,86.7412020460359,7,1.50780814432918,1.25707575481794,4738842.16176246,-36.8625583170953,-71.3994184021037,2236.07,"Chillán, Nevados de",-36.863,-71.377,1
66135,"2019-09-29 04:30:01",357070,0,1,1000,63.4472207084468,-108.1910626703,13,2.53094208386927,2.07727084685719,8574386.37952836,-36.8627841919951,-71.3882093860254,2828.43,"Chillán, Nevados de",-36.863,-71.377,1
66136,"2019-09-29 04:36:04",357070,0,4,750,65.4998850117779,110.623684595482,13,3.59060112296795,1.96471398407393,18016861.8578693,-36.8650358882635,-71.3882795019841,2371.71,"Chillán, Nevados de",-36.863,-71.377,1
66137,"2019-09-29 05:30:03",357070,0,3,750,20.1027996530477,102.654617618467,6,2.32258614326778,1.17382434444403,12729716.6832157,-36.8652046152475,-71.379872411859,1060.66,"Chillán, Nevados de",-36.863,-71.377,1
66138,"2019-09-29 06:18:04",357070,0,4,750,50.4758701259384,-84.5902422824017,7,2.14275888505719,1.27681611577641,9595728.31209257,-36.8652046152475,-71.379872411859,1677.05,"Chillán, Nevados de",-36.863,-71.377,1
66139,"2019-10-01 04:15:01",357070,0,1,1000,55.1043302180685,-106.185529595016,10,1.54251790023124,1.0845333346017,8655908.29039831,-36.8630090110135,-71.377000245322,2236.07,"Chillán, Nevados de",-36.863,-71.377,1
66140,"2019-10-01 04:54:03",357070,0,3,750,58.5707277878322,108.583746736844,11,2.64198419679095,1.12296674387232,16832612.1501545,-36.8650358882635,-71.3882795019841,1677.05,"Chillán, Nevados de",-36.863,-71.377,1
66141,"2019-10-01 05:42:04",357070,0,4,750,1.04538199150881,-1.55412662742168,4,1.17475514512859,0.44726369586713,8061514.62212853,-36.8652046152475,-71.379872411859,1060.66,"Chillán, Nevados de",-36.863,-71.377,1
66142,"2019-10-01 05:55:02",357070,0,2,1000,2.77378504672897,-74.7298753894082,5,0.788369578434971,0.499747279305864,5454961.45354012,-36.8630090110135,-71.377000245322,1414.21,"Chillán, Nevados de",-36.863,-71.377,1
66143,"2019-10-01 06:30:03",357070,0,3,375,59.9226350242611,-86.5344735283943,9,2.35392547363617,0.487916621416457,4723334.90718115,-36.8652887559915,-71.3756688405821,1185.85,"Chillán, Nevados de",-36.863,-71.377,1
66144,"2019-10-02 05:24:04",357070,0,4,750,29.0573083986971,103.590673360244,4,1.50164223577004,0.462711215578049,11512654.3675025,-36.8652046152475,-71.379872411859,1060.66,"Chillán, Nevados de",-36.863,-71.377,1
66145,"2019-10-02 06:12:03",357070,0,3,375,44.6600244078835,-83.7154850793096,11,2.23899810038663,0.622374899726424,4092077.47667114,-36.8686663294419,-71.3757734749843,1060.66,"Chillán, Nevados de",-36.863,-71.377,1
66146,"2019-10-02 06:40:02",357070,0,2,1000,59.8092872570196,-86.02030237581,7,0.840548001452051,0.689880907256386,2847608.08029808,-36.8632327741136,-71.365790980576,2236.07,"Chillán, Nevados de",-36.863,-71.377,1
66147,"2019-10-03 04:05:01",357070,0,1,1000,43.4071130434784,-104.176347826087,6,1.01120166638388,0.716372830167266,5572265.00449394,-36.8630090110135,-71.377000245322,1414.21,"Chillán, Nevados de",-36.863,-71.377,1
66148,"2019-10-03 05:06:04",357070,0,4,750,49.3904640123161,106.580819323159,6,1.25274207776747,0.72500494411455,5847987.11229137,-36.8652046152475,-71.379872411859,1677.05,"Chillán, Nevados de",-36.863,-71.377,1
66149,"2019-10-03 05:45:02",357070,0,2,1000,20.2997074468086,101.382712765958,6,1.48455255043275,0.679835299960899,15209156.033918,-36.8720158634551,-71.3772794423447,1414.21,"Chillán, Nevados de",-36.863,-71.377,1
66150,"2019-10-03 05:54:03",357070,0,3,750,20.8235803426375,-80.8511219302103,3,1.47286724491145,0.366481617212828,12260135.7369353,-36.8652046152475,-71.379872411859,750,"Chillán, Nevados de",-36.863,-71.377,1
66151,"2019-10-03 06:42:04",357070,0,4,375,66.9929655616938,-88.3613560937056,11,1.76987601265934,0.750080643116761,2581357.02915465,-36.8686663294419,-71.3757734749843,1060.66,"Chillán, Nevados de",-36.863,-71.377,1
66152,"2019-10-04 03:10:01",357070,0,1,1000,45.3710869565215,83.8549243856332,5,0.659789477595005,0.536585773805937,2328550.00161339,-36.8627841919951,-71.3882093860254,2000,"Chillán, Nevados de",-36.863,-71.377,1
66153,"2019-10-04 04:42:04",357070,0,4,375,62.2539009989551,109.593129024506,11,1.07725836945906,0.529166245115644,1387358.18974426,-36.8617427709321,-71.383970979333,1590.99,"Chillán, Nevados de",-36.863,-71.377,1
66154,"2019-10-04 05:36:03",357070,0,3,750,10.1473366790607,101.543334170218,4,1.08663610915566,0.41114919998254,7485239.31227466,-36.8652046152475,-71.379872411859,1060.66,"Chillán, Nevados de",-36.863,-71.377,1
66155,"2019-10-04 06:24:04",357070,0,4,375,55.5432221427975,-85.5332114161537,6,1.55139544934516,0.309042169886226,3144706.73863042,-36.8686663294419,-71.3757734749843,838.526,"Chillán, Nevados de",-36.863,-71.377,1
66156,"2019-10-04 06:25:02",357070,0,2,1000,49.4045933014354,-84.1864952153109,5,0.587313142402446,0.492932234444658,1783799.16040219,-36.8724624790427,-71.3548581621105,2236.07,"Chillán, Nevados de",-36.863,-71.377,1
66157,"2019-10-05 03:50:01",357070,0,1,1000,26.7373382820784,-102.080031813362,3,0.582429086408049,0.336334746597263,4651183.02242387,-36.8720158634551,-71.3772794423447,1414.21,"Chillán, Nevados de",-36.863,-71.377,1
66158,"2019-10-05 05:18:03",357070,0,3,375,36.9215392908933,104.629996944337,10,2.21159232068368,0.600119820129171,4079039.76702859,-36.8652046152475,-71.379872411859,838.526,"Chillán, Nevados de",-36.863,-71.377,1
66159,"2019-10-05 05:30:02",357070,0,2,1000,38.719199066874,103.36800155521,5,0.880799080797599,0.515264707967615,6908599.6464867,-36.8630090110135,-71.377000245322,1414.21,"Chillán, Nevados de",-36.863,-71.377,1
66160,"2019-10-05 06:06:04",357070,0,4,750,37.7675213027816,-82.6819679278389,5,1.11241350920457,0.62678409712642,5381380.92259095,-36.8721279134616,-71.3716741686415,1060.66,"Chillán, Nevados de",-36.863,-71.377,1
66161,"2019-10-08 05:12:04",357070,0,4,375,43.5976495901339,105.580608524657,7,1.28080579910795,0.481477572837629,2023299.57274674,-36.8652046152475,-71.379872411859,838.526,"Chillán, Nevados de",-36.863,-71.377,1
66162,"2019-10-08 06:00:02",357070,0,2,1000,14.4510860655737,-80.1950368852459,5,2.10226678829395,0.653752764024477,27376915.058693,-36.8630090110135,-71.377000245322,1414.21,"Chillán, Nevados de",-36.863,-71.377,1
66163,"2019-10-08 06:00:03",357070,0,3,750,29.8969224086748,-81.8148824974949,7,3.51224766438827,1.03451437891479,27456381.969653,-36.8652046152475,-71.379872411859,1677.05,"Chillán, Nevados de",-36.863,-71.377,1
66164,"2019-10-09 03:30:01",357070,0,1,1000,18.5435405872191,80.5560621761659,3,0.819706302407813,0.476169190779277,6492851.40977933,-36.8720158634551,-71.3772794423447,1414.21,"Chillán, Nevados de",-36.863,-71.377,1
66165,"2019-10-09 04:54:04",357070,0,4,375,58.5042468876898,108.645783165188,6,0.787109636606954,0.523592626215715,667027.432552826,-36.8617427709321,-71.383970979333,1060.66,"Chillán, Nevados de",-36.863,-71.377,1
66166,"2019-10-09 05:42:03",357070,0,3,375,1.07517495239745,-9.20994599790185,5,1.97462628297923,0.328623680490407,4166444.08754983,-36.8686663294419,-71.3757734749843,530.33,"Chillán, Nevados de",-36.863,-71.377,1
66167,"2019-10-09 06:30:04",357070,0,4,375,59.915302523727,-86.4879469920094,7,0.671742549138692,0.421631167781555,633094.434060255,-36.8652887559915,-71.3756688405821,838.526,"Chillán, Nevados de",-36.863,-71.377,1
66168,"2019-10-10 05:24:03",357070,0,3,375,28.9552399945112,103.639806181808,5,0.320580746335187,0.177957057930975,361016.211273163,-36.8652046152475,-71.379872411859,530.33,"Chillán, Nevados de",-36.863,-71.377,1
66169,"2019-10-10 05:50:02",357070,0,2,1000,9.06594962015189,99.7998400639745,8,3.70029660075427,1.33695324694173,44667189.3870571,-36.8630090110135,-71.377000245322,1414.21,"Chillán, Nevados de",-36.863,-71.377,1
66170,"2019-10-10 06:12:04",357070,0,4,750,44.6455923812313,-83.6399169312517,6,1.9584563220209,1.01209953644569,10486816.1301552,-36.8653727482343,-71.37146525187,1677.05,"Chillán, Nevados de",-36.863,-71.377,1
66171,"2019-10-11 03:15:01",357070,0,1,1000,37.7568313953487,82.8566061046511,5,0.449430661416633,0.341049687142931,2048400.41377296,-36.8717909712506,-71.3884898966035,2236.07,"Chillán, Nevados de",-36.863,-71.377,1
66172,"2019-10-11 05:06:03",357070,0,3,750,49.3379665023011,106.58691624467,8,2.83376788361757,1.06737976719003,19573788.3151627,-36.8652046152475,-71.379872411859,1060.66,"Chillán, Nevados de",-36.863,-71.377,1
66173,"2019-10-11 05:54:04",357070,0,4,375,20.8265733437175,-80.7149695924723,6,0.58846717110215,0.198637177087059,986757.1723507,-36.8652887559915,-71.3756688405821,7045.61,"Chillán, Nevados de",-36.863,-71.377,1
66174,"2019-10-11 06:30:02",357070,0,2,1000,55.0497103658538,-85.1347256097561,2,0.158723606785465,0.132385300816835,497793.982807102,-36.8724624790427,-71.3548581621105,2236.07,"Chillán, Nevados de",-36.863,-71.377,1
66175,"2019-10-13 05:18:04",357070,0,4,375,36.902788883855,104.594327522507,5,1.15412744104215,0.286485285950487,2196219.20507576,-36.8652046152475,-71.379872411859,838.526,"Chillán, Nevados de",-36.863,-71.377,1
66176,"2019-10-13 06:06:03",357070,0,3,375,37.8964743032095,-82.7782602838016,9,2.82689166512233,0.93286386679411,4794257.86451831,-36.8652887559915,-71.3756688405821,838.526,"Chillán, Nevados de",-36.863,-71.377,1
66177,"2019-10-13 06:20:02",357070,0,2,1000,42.7319208087616,-83.2973631002528,4,0.651817687683061,0.57997002399412,1357920.84372099,-36.8630090110135,-71.377000245322,2000,"Chillán, Nevados de",-36.863,-71.377,1
66178,"2019-10-16 03:35:01",357070,0,1,1000,7.05050098619328,78.4404339250494,4,1.66388955400939,0.556989908761474,20920403.2951855,-36.8630090110135,-71.377000245322,1000,"Chillán, Nevados de",-36.863,-71.377,1
66179,"2019-10-16 05:12:03",357070,0,3,750,43.5348814919767,105.604949990244,6,2.65076059739166,1.02096638511185,18060157.1148257,-36.8652046152475,-71.379872411859,1060.66,"Chillán, Nevados de",-36.863,-71.377,1
66180,"2019-10-16 06:00:04",357070,0,4,750,29.8981239677179,-81.7202427861068,8,3.54822980485869,1.33891569525831,24481961.9770091,-36.8653727482343,-71.37146525187,1677.05,"Chillán, Nevados de",-36.863,-71.377,1
66181,"2019-10-16 06:54:03",357070,0,3,750,69.8336149014438,-89.3141661297673,14,2.78795484419772,2.05606915973235,8110208.24098189,-36.8721279134616,-71.3716741686415,2371.71,"Chillán, Nevados de",-36.863,-71.377,1
66182,"2019-10-17 04:15:01",357070,0,1,1000,55.1661419753086,-106.195324074074,1,0.125638977586705,0.112093701145803,256005.724733042,-36.8632327741136,-71.365790980576,1000,"Chillán, Nevados de",-36.863,-71.377,1
66183,"2019-10-17 04:54:03",357070,0,3,375,58.5154452597806,108.578595129054,7,0.896853506302272,0.55665643097652,861123.846918309,-36.8651203260042,-71.3840759656699,838.526,"Chillán, Nevados de",-36.863,-71.377,1
66184,"2019-10-17 05:42:04",357070,0,4,750,1.06976809855618,-7.37956759732305,6,3.13935873362418,1.02320916485843,23449582.4088855,-36.8652046152475,-71.379872411859,1060.66,"Chillán, Nevados de",-36.863,-71.377,1
66185,"2019-10-17 05:55:02",357070,0,2,1000,2.84499220576773,-75.014240062354,3,1.2016162937386,0.44677053144284,14266584.90739,-36.8630090110135,-71.377000245322,1000,"Chillán, Nevados de",-36.863,-71.377,1
66186,"2019-10-17 06:30:03",357070,0,3,750,59.9812342177231,-86.5455019166484,12,2.8651308025704,1.80020437302191,11800715.9974343,-36.8653727482343,-71.37146525187,2121.32,"Chillán, Nevados de",-36.863,-71.377,1
66187,"2019-10-18 03:20:01",357070,0,1,1000,28.8792518146288,81.8058291457286,6,1.87718390086629,0.881315456774391,18821913.5933368,-36.8717909712506,-71.3884898966035,2236.07,"Chillán, Nevados de",-36.863,-71.377,1
66188,"2019-10-18 04:36:03",357070,0,3,750,68.3058857136005,111.642353587685,15,2.98217177003418,2.23736511219814,8253388.77714559,-36.8582807965494,-71.388069177474,2704.16,"Chillán, Nevados de",-36.863,-71.377,1
66189,"2019-10-18 05:00:02",357070,0,2,1000,64.6949116607773,108.172084805654,5,0.906493517906662,0.812682859279225,1773021.44805855,-36.8625583170953,-71.3994184021037,2236.07,"Chillán, Nevados de",-36.863,-71.377,1
66190,"2019-10-18 05:24:04",357070,0,4,750,28.9651899684133,103.581851057199,6,2.64654922826784,0.971820102667495,18558092.1230588,-36.8652046152475,-71.379872411859,1060.66,"Chillán, Nevados de",-36.863,-71.377,1
66191,"2019-10-18 06:12:03",357070,0,3,750,44.7521855151486,-83.7432589977575,6,2.02525028535198,1.00701573983922,11283311.5574632,-36.8650358882635,-71.3882795019841,1677.05,"Chillán, Nevados de",-36.863,-71.377,1
66192,"2019-10-18 06:40:02",357070,0,2,1000,59.8214346895076,-86.024346895075,9,1.64979667565084,1.45521579441351,3677578.65538555,-36.8724624790427,-71.3548581621105,2236.07,"Chillán, Nevados de",-36.863,-71.377,1
66193,"2019-10-19 04:05:01",357070,0,1,1000,43.4497046046918,-104.194882710686,6,1.54631234149516,1.1700744076516,7110896.94964322,-36.8717909712506,-71.3884898966035,2236.07,"Chillán, Nevados de",-36.863,-71.377,1
66194,"2019-10-19 05:06:04",357070,0,4,750,49.3322665409939,106.572068578206,10,3.13476429755188,1.99982157979957,12576583.9910929,-36.8650358882635,-71.3882795019841,1677.05,"Chillán, Nevados de",-36.863,-71.377,1
66195,"2019-10-19 05:45:02",357070,0,2,1000,20.1981100266194,101.374897959184,4,1.11547801942851,0.754660461670194,6819451.84163225,-36.8630090110135,-71.377000245322,1000,"Chillán, Nevados de",-36.863,-71.377,1
66196,"2019-10-19 05:54:03",357070,0,3,375,20.9576927027471,-80.8652903658906,7,2.97874910170381,0.762616681019816,5609585.18985636,-36.8686663294419,-71.3757734749843,838.526,"Chillán, Nevados de",-36.863,-71.377,1
66197,"2019-10-19 06:42:04",357070,0,4,375,67.0314800259791,-88.3690303573617,18,3.18883349301938,1.89950778029676,3263605.71032913,-36.8686663294419,-71.3757734749843,1546.16,"Chillán, Nevados de",-36.863,-71.377,1
66198,"2019-10-20 03:10:01",357070,0,1,1000,45.3407190160831,83.8371333964051,7,1.74107410188238,1.22747468481395,9707028.98259333,-36.8630090110135,-71.377000245322,2000,"Chillán, Nevados de",-36.863,-71.377,1
66199,"2019-10-20 04:42:04",357070,0,4,375,62.2227887966873,109.584246653114,11,6.35257046128579,0.9901266958044,13573685.7813748,-36.8616583434973,-71.3881743309669,1590.99,"Chillán, Nevados de",-36.863,-71.377,1
66200,"2019-10-20 05:36:03",357070,0,3,750,10.0184487746729,101.556739695563,6,2.20634341078823,1.07565142451675,12529480.5728709,-36.8653727482343,-71.37146525187,1060.66,"Chillán, Nevados de",-36.863,-71.377,1
66201,"2019-10-20 06:24:04",357070,0,4,750,55.6053055968109,-85.5511713778607,7,2.22938674759994,1.19543745832163,11457450.5618153,-36.8653727482343,-71.37146525187,1677.05,"Chillán, Nevados de",-36.863,-71.377,1
66202,"2019-10-20 06:25:02",357070,0,2,1000,49.4523031026253,-84.1903818615751,11,2.38430660447625,1.75022525298499,11984137.543185,-36.8632327741136,-71.365790980576,2236.07,"Chillán, Nevados de",-36.863,-71.377,1
66203,"2019-10-21 03:50:01",357070,0,1,1000,26.7841251325556,-102.097815482503,4,0.942534707253378,0.574354242020279,6958610.79290557,-36.8630090110135,-71.377000245322,1414.21,"Chillán, Nevados de",-36.863,-71.377,1
66204,"2019-10-21 06:06:04",357070,0,4,375,37.8723272634971,-82.7143639970485,2,0.218080511287062,0.170811042253191,119650.843491987,-36.8652046152475,-71.379872411859,375,"Chillán, Nevados de",-36.863,-71.377,1
66205,"2019-10-22 02:55:01",357070,0,1,1000,56.9201972386588,85.8127021696252,10,1.99678265994943,1.60174866331602,7466142.53637142,-36.8715650228213,-71.3997002261797,2236.07,"Chillán, Nevados de",-36.863,-71.377,1
66206,"2019-10-22 05:00:03",357070,0,3,750,54.2485892999904,107.56836455313,9,2.87406685188899,1.35685250936256,16812631.433121,-36.8652046152475,-71.379872411859,1677.05,"Chillán, Nevados de",-36.863,-71.377,1
66207,"2019-10-22 05:48:04",357070,0,4,750,10.9138578594646,-79.5460473757286,2,0.919800023858706,0.300840980896404,6858839.89482601,-36.8653727482343,-71.37146525187,750,"Chillán, Nevados de",-36.863,-71.377,1
66208,"2019-10-22 06:15:02",357070,0,2,1000,34.7233415082771,-82.372703862661,5,1.06426499957618,0.678967700226949,7282118.9577005,-36.8632327741136,-71.365790980576,2236.07,"Chillán, Nevados de",-36.863,-71.377,1
66209,"2019-10-22 06:36:03",357070,0,3,375,63.7568039557431,-87.4953885407933,12,3.02509635388015,0.94187511151454,5273153.76973795,-36.8653727482343,-71.37146525187,1185.85,"Chillán, Nevados de",-36.863,-71.377,1
66210,"2019-10-23 03:40:01",357070,0,1,1000,4.84888324873096,-97.7776024990237,3,0.613686170063587,0.458654348092772,2930101.43524839,-36.8630090110135,-71.377000245322,1000,"Chillán, Nevados de",-36.863,-71.377,1
66211,"2019-10-23 04:42:03",357070,0,3,375,65.4394323173461,110.601099785509,17,2.98244860479122,1.37313605558058,4073572.39018943,-36.8649513020275,-71.3924830207709,1677.05,"Chillán, Nevados de",-36.863,-71.377,1
66212,"2019-10-23 05:30:04",357070,0,4,375,19.9843407557074,102.541896984057,5,1.11008427952544,0.453126042580051,1662925.53726801,-36.8652046152475,-71.379872411859,530.33,"Chillán, Nevados de",-36.863,-71.377,1
66213,"2019-10-23 06:18:03",357070,0,3,375,50.6289550527021,-84.6757234787894,6,1.52449313233936,0.534524618491928,2505857.8006763,-36.8686663294419,-71.3757734749843,1060.66,"Chillán, Nevados de",-36.863,-71.377,1
66214,"2019-10-23 19:00:02",357070,1,2,1000,27.3105691489364,-102.254074468085,3,7.00615802005819,1.98202365536496,94956139.492702,-36.8720158634551,-71.3772794423447,1414.21,"Chillán, Nevados de",-36.863,-71.377,1
66215,"2019-10-24 02:45:01",357070,0,1,1000,65.0996172248805,87.6594258373206,13,3.0950457307287,2.10182602920904,18771852.3587216,-36.8715650228213,-71.3997002261797,2828.43,"Chillán, Nevados de",-36.863,-71.377,1
66216,"2019-10-24 05:12:04",357070,0,4,750,43.5502980087633,105.577844332263,8,1.9578833581911,0.843303083673688,12350942.666996,-36.8582807965494,-71.388069177474,1677.05,"Chillán, Nevados de",-36.863,-71.377,1
66217,"2019-10-24 06:00:02",357070,0,2,1000,14.5077239112571,-80.1941988496303,2,0.162456036488511,0.110013175515615,991170.072387738,-36.8630090110135,-71.377000245322,1000,"Chillán, Nevados de",-36.863,-71.377,1
66218,"2019-10-24 06:00:03",357070,0,3,375,30.0303174428083,-81.8636955358219,7,0.366761756599051,0.176169772304904,482435.96024456,-36.8686663294419,-71.3757734749843,838.526,"Chillán, Nevados de",-36.863,-71.377,1
66219,"2019-10-25 03:30:01",357070,0,1,1000,18.5889205526768,80.539011226252,4,0.842604724940765,0.653023740676124,3583080.60260172,-36.8630090110135,-71.377000245322,1414.21,"Chillán, Nevados de",-36.863,-71.377,1
66220,"2019-10-25 04:54:04",357070,0,4,375,58.5261284225866,108.604010940992,11,2.6827232080146,0.994635085503968,4272973.06010503,-36.8583652136793,-71.3838660104898,1185.85,"Chillán, Nevados de",-36.863,-71.377,1
66221,"2019-10-25 05:42:03",357070,0,3,375,1.10180816718086,-15.099527357027,4,1.44664395810133,0.388669590076623,2677997.61906255,-36.8652887559915,-71.3756688405821,530.33,"Chillán, Nevados de",-36.863,-71.377,1
66222,"2019-10-25 06:30:04",357070,0,4,375,59.9470686095323,-86.480553260226,9,1.65744844395447,0.849424447189961,2045310.74181016,-36.8652887559915,-71.3756688405821,1125,"Chillán, Nevados de",-36.863,-71.377,1
66223,"2019-10-29 05:18:04",357070,0,4,375,36.8559025840795,104.591873064061,2,0.165132844500211,0.119877427908593,114552.773247534,-36.8652046152475,-71.379872411859,375,"Chillán, Nevados de",-36.863,-71.377,1
66224,"2019-10-30 03:45:01",357070,0,1,1000,16.2616722408026,-100.75775083612,1,0.154364656952483,0.115354280591726,737296.113218313,-36.8630090110135,-71.377000245322,0,"Chillán, Nevados de",-36.863,-71.377,1
66225,"2019-10-30 05:00:04",357070,0,4,375,54.2560283080758,107.566429488943,5,0.517872007584302,0.292815044954304,569675.436657184,-36.8617427709321,-71.383970979333,838.526,"Chillán, Nevados de",-36.863,-71.377,1
66226,"2019-10-30 05:48:03",357070,0,3,375,11.0557964813211,-79.8393479065977,6,0.576932089290994,0.35334228981247,565961.679930013,-36.8652887559915,-71.3756688405821,530.33,"Chillán, Nevados de",-36.863,-71.377,1
66227,"2019-10-30 06:36:04",357070,0,4,375,63.7411675838609,-87.4272677570114,6,0.602442504138101,0.364950375537688,601151.950519795,-36.8619951623533,-71.3713608195923,1060.66,"Chillán, Nevados de",-36.863,-71.377,1
66228,"2019-10-31 06:18:04",357070,0,4,375,50.6035561305986,-84.6031139119161,8,1.57293477042723,0.649871509736418,2336503.87862362,-36.8652887559915,-71.3756688405821,838.526,"Chillán, Nevados de",-36.863,-71.377,1
66229,"2019-11-02 04:15:01",357070,0,1,1000,55.1177743902439,-106.208917682927,1,0.139080571038645,0.127330108893709,222083.734539286,-36.8807977349897,-71.3887705318635,2236.07,"Chillán, Nevados de",-36.863,-71.377,1
66230,"2019-11-02 04:54:03",357070,0,3,750,58.4937574163911,108.576740677142,10,1.97771340683074,1.23762977665268,8201051.72691061,-36.8582807965494,-71.388069177474,2121.32,"Chillán, Nevados de",-36.863,-71.377,1
66231,"2019-11-02 05:42:04",357070,0,4,750,1.08360627499211,-10.1249356567047,5,1.25916390101027,0.606231075885565,7235311.86841315,-36.8652046152475,-71.379872411859,1060.66,"Chillán, Nevados de",-36.863,-71.377,1
66232,"2019-11-02 05:55:02",357070,0,2,1000,2.80169260700389,-74.9053579766537,2,0.369488951061715,0.213622198036087,2945881.63218437,-36.8630090110135,-71.377000245322,1000,"Chillán, Nevados de",-36.863,-71.377,1
66233,"2019-11-02 06:30:03",357070,0,3,750,59.9995047525563,-86.5582052493657,9,1.92324050642645,1.21168847081803,7884885.9945858,-36.8653727482343,-71.37146525187,1677.05,"Chillán, Nevados de",-36.863,-71.377,1
66234,"2019-11-03 03:20:01",357070,0,1,1000,28.9654316143498,81.8049495515695,7,3.13009197391397,1.1940854052187,36590524.1483406,-36.8717909712506,-71.3884898966035,1414.21,"Chillán, Nevados de",-36.863,-71.377,1
66235,"2019-11-03 04:36:03",357070,0,3,750,68.2646243865755,111.709258452009,15,3.53611037731515,2.63625342848065,9971539.81427225,-36.8582807965494,-71.388069177474,2704.16,"Chillán, Nevados de",-36.863,-71.377,1
66236,"2019-11-03 05:00:02",357070,0,2,1000,64.7347872340426,108.18280141844,3,0.574351564342615,0.538501684297577,677562.732851216,-36.8630090110135,-71.377000245322,1414.21,"Chillán, Nevados de",-36.863,-71.377,1
66237,"2019-11-03 05:24:04",357070,0,4,375,28.9197772755769,103.579213201444,10,2.85812498271383,0.91665712511538,4914340.51454608,-36.8652887559915,-71.3756688405821,750,"Chillán, Nevados de",-36.863,-71.377,1
66238,"2019-11-03 06:12:03",357070,0,3,750,44.8090424495183,-83.7488227607656,7,2.55009941190134,1.32939250030226,13526958.4641573,-36.8719597394271,-71.3800820675666,1677.05,"Chillán, Nevados de",-36.863,-71.377,1
66239,"2019-11-03 06:40:02",357070,0,2,1000,59.8259745762712,-86.02125,10,2.09647871992925,1.77975629504097,5986053.83038851,-36.8724624790427,-71.3548581621105,2236.07,"Chillán, Nevados de",-36.863,-71.377,1
66240,"2019-11-04 04:05:01",357070,0,1,1000,43.3898609904432,-104.199817549957,7,2.06691626323385,1.09865988039796,18300045.6355983,-36.8720158634551,-71.3772794423447,2000,"Chillán, Nevados de",-36.863,-71.377,1
66241,"2019-11-04 05:06:04",357070,0,4,375,49.3084064386063,106.568233692285,15,3.3194486743932,1.34613562806241,4994948.64852479,-36.8652046152475,-71.379872411859,1352.08,"Chillán, Nevados de",-36.863,-71.377,1
66242,"2019-11-04 05:54:03",357070,0,3,750,21.0175370143383,-80.8956017496568,3,1.23891186165071,0.491399738548522,8283368.71412617,-36.8719597394271,-71.3800820675666,1060.66,"Chillán, Nevados de",-36.863,-71.377,1
66243,"2019-11-04 06:42:04",357070,0,4,375,67.0504494635129,-88.3759671876388,2,0.132233723481007,0.107378369640459,62915.1144088883,-36.8652887559915,-71.3756688405821,530.33,"Chillán, Nevados de",-36.863,-71.377,1
66244,"2019-11-05 03:10:01",357070,0,1,1000,45.409018112488,83.8297616777884,6,1.13172969610224,0.865882512180233,5024511.77612588,-36.8630090110135,-71.377000245322,2000,"Chillán, Nevados de",-36.863,-71.377,1
66245,"2019-11-05 04:42:04",357070,0,4,750,62.2154892825303,109.585995117472,11,3.71255605521184,1.63657468732929,23004468.5328485,-36.8582807965494,-71.388069177474,2704.16,"Chillán, Nevados de",-36.863,-71.377,1
66246,"2019-11-05 05:36:03",357070,0,3,750,9.96086084321731,101.563030078039,4,2.94022244906424,0.60043462387225,25927773.8379088,-36.8652046152475,-71.379872411859,1060.66,"Chillán, Nevados de",-36.863,-71.377,1
66247,"2019-11-05 06:24:04",357070,0,4,750,55.6312711958261,-85.5490107594251,8,3.64477362279005,1.1579784752015,27556798.7292155,-36.8719597394271,-71.3800820675666,2121.32,"Chillán, Nevados de",-36.863,-71.377,1
66248,"2019-11-05 06:25:02",357070,0,2,1000,49.4331704410011,-84.1806793802146,12,3.19676924063583,1.71782453424468,27952054.9507927,-36.8632327741136,-71.365790980576,3000,"Chillán, Nevados de",-36.863,-71.377,1
66249,"2019-11-06 03:50:01",357070,0,1,1000,26.6771716101694,-102.098845338983,5,1.24070443963503,0.826042631370387,7837108.17620178,-36.8632327741136,-71.365790980576,1414.21,"Chillán, Nevados de",-36.863,-71.377,1
66250,"2019-11-06 05:18:03",357070,0,3,750,36.8083476932846,104.624261546273,4,2.30309262923777,0.677574262367698,18012775.402879,-36.8652046152475,-71.379872411859,1060.66,"Chillán, Nevados de",-36.863,-71.377,1
66251,"2019-11-06 06:06:04",357070,0,4,750,37.8956176829876,-82.704648772525,4,1.93944584963674,0.716395714913142,13552924.3054059,-36.8719597394271,-71.3800820675666,1060.66,"Chillán, Nevados de",-36.863,-71.377,1
66252,"2019-11-07 02:55:01",357070,0,1,1000,56.9906586826347,85.809500998004,6,1.16324126815752,1.00900639158069,2915039.16730198,-36.8630090110135,-71.377000245322,1414.21,"Chillán, Nevados de",-36.863,-71.377,1
66253,"2019-11-07 05:00:03",357070,0,3,750,54.2282877925647,107.569125646095,8,2.12530330957043,1.40978296891301,7928859.77491004,-36.8652046152475,-71.379872411859,1500,"Chillán, Nevados de",-36.863,-71.377,1
66254,"2019-11-07 05:48:04",357070,0,4,750,10.9507620351202,-79.5192475275182,4,1.94613607892335,0.719904155218051,13588182.5045593,-36.8652046152475,-71.379872411859,750,"Chillán, Nevados de",-36.863,-71.377,1
66255,"2019-11-07 06:15:02",357070,0,2,1000,34.6817004297114,-82.3623020257827,5,1.13321560753893,0.806350965839323,6177741.72812256,-36.8632327741136,-71.365790980576,2000,"Chillán, Nevados de",-36.863,-71.377,1
66256,"2019-11-07 06:36:03",357070,0,3,375,63.7795449158795,-87.4900448737134,12,2.13317322369903,1.18089405950446,2410456.63436751,-36.8654565919739,-71.3672616457533,1352.08,"Chillán, Nevados de",-36.863,-71.377,1
66257,"2019-11-08 03:40:01",357070,0,1,1000,4.68802107728336,-97.6592935206866,1,0.107283578317849,0.0637182379857744,823384.93227621,-36.8720158634551,-71.3772794423447,1000,"Chillán, Nevados de",-36.863,-71.377,1
66258,"2019-11-08 05:20:02",357070,0,2,1000,51.8938108484006,105.308511821975,2,0.400986528545198,0.354446812058784,879600.641593228,-36.8630090110135,-71.377000245322,1414.21,"Chillán, Nevados de",-36.863,-71.377,1
66259,"2019-11-08 05:30:04",357070,0,4,750,19.9639689415256,102.540365054983,6,2.17846488653858,1.149131193061,11406303.9908485,-36.8652046152475,-71.379872411859,1060.66,"Chillán, Nevados de",-36.863,-71.377,1
66260,"2019-11-08 06:18:03",357070,0,3,375,50.6541316989512,-84.6813080465969,7,1.17215451508203,0.451905554654923,1823130.18108111,-36.8686663294419,-71.3757734749843,1185.85,"Chillán, Nevados de",-36.863,-71.377,1
66261,"2019-11-09 04:25:01",357070,0,1,1000,59.6139610389609,-107.225649350649,6,1.38045579607808,1.24011293755613,2652480.02606494,-36.8720158634551,-71.3772794423447,2828.43,"Chillán, Nevados de",-36.863,-71.377,1
66262,"2019-11-09 05:12:04",357070,0,4,375,43.5279897946192,105.574509024312,9,2.99114333336812,0.948506066844271,5170425.58088849,-36.8651203260042,-71.3840759656699,838.526,"Chillán, Nevados de",-36.863,-71.377,1
66263,"2019-11-09 06:00:02",357070,0,2,1000,14.4434743326487,-80.1828542094456,2,0.664644177506888,0.358101861234744,5793649.77754352,-36.8632327741136,-71.365790980576,1000,"Chillán, Nevados de",-36.863,-71.377,1
66264,"2019-11-09 06:00:03",357070,0,3,750,30.0432781605972,-81.8572857615879,6,1.84012169859462,1.26564150556612,6365958.63899704,-36.8653727482343,-71.37146525187,1500,"Chillán, Nevados de",-36.863,-71.377,1
66265,"2019-11-10 04:54:04",357070,0,4,750,58.5203885620107,108.572879945749,7,2.93459638262028,1.17056918807859,19547626.3495152,-36.8650358882635,-71.3882795019841,1677.05,"Chillán, Nevados de",-36.863,-71.377,1
66266,"2019-11-10 05:42:03",357070,0,3,750,1.10470863672516,-15.6207083122673,5,2.16911683301959,1.18613738603223,10892640.9969288,-36.8652046152475,-71.379872411859,1060.66,"Chillán, Nevados de",-36.863,-71.377,1
66267,"2019-11-10 06:30:04",357070,0,4,750,59.9714450763647,-86.4887028663008,12,10.049956098335,2.78203438057291,80537657.5349508,-36.8653727482343,-71.37146525187,2250,"Chillán, Nevados de",-36.863,-71.377,1
66268,"2019-11-10 06:45:02",357070,0,2,1000,63.8359154929578,-86.9176056338028,11,2.73840109990831,2.35579769479193,7231204.35669956,-36.8632327741136,-71.365790980576,2236.07,"Chillán, Nevados de",-36.863,-71.377,1
66269,"2019-11-11 04:10:01",357070,0,1,1000,49.7453593179049,-105.229062119367,11,4.22841715738248,2.41498959136008,34273780.9978233,-36.8632327741136,-71.365790980576,2236.07,"Chillán, Nevados de",-36.863,-71.377,1
66270,"2019-11-11 04:30:04",357070,0,4,750,68.3032506988226,111.646496020827,13,3.63840103835159,2.82306048825856,9034992.47071841,-36.8582807965494,-71.388069177474,2704.16,"Chillán, Nevados de",-36.863,-71.377,1
66271,"2019-11-11 05:24:03",357070,0,3,375,28.8486618947733,103.629777413035,7,2.01080125393405,0.84037844506945,2962632.73493852,-36.8652887559915,-71.3756688405821,838.526,"Chillán, Nevados de",-36.863,-71.377,1
66272,"2019-11-11 05:50:02",357070,0,2,1000,9.1139824070371,99.8167133146742,4,1.59875744282515,0.790558841662586,15274953.5619724,-36.8630090110135,-71.377000245322,1414.21,"Chillán, Nevados de",-36.863,-71.377,1
66273,"2019-11-11 06:12:04",357070,0,4,750,44.7348347549943,-83.6469185346413,4,1.7306919883028,0.894144874827919,9269987.70119349,-36.8719597394271,-71.3800820675666,1060.66,"Chillán, Nevados de",-36.863,-71.377,1
66274,"2019-11-12 03:15:01",357070,0,1,1000,37.9066911764707,82.8543088235294,1,0.257766356394981,0.222362775366044,669127.681446917,-36.8630090110135,-71.377000245322,0,"Chillán, Nevados de",-36.863,-71.377,1
66275,"2019-11-12 05:06:03",357070,0,3,375,49.2620138596126,106.579002446862,8,3.0348917327197,0.984126695530806,5190999.00038438,-36.8652046152475,-71.379872411859,838.526,"Chillán, Nevados de",-36.863,-71.377,1
66276,"2019-11-12 05:54:04",357070,0,4,750,20.9228338788428,-80.6971866461253,3,1.34977023151322,0.679293258693843,7429722.9550547,-36.8719597394271,-71.3800820675666,1060.66,"Chillán, Nevados de",-36.863,-71.377,1
66277,"2019-11-12 06:30:02",357070,0,2,1000,55.0746487294468,-85.1194319880419,7,1.64239584320091,1.458534098361,3474986.97747441,-36.8724624790427,-71.3548581621105,2236.07,"Chillán, Nevados de",-36.863,-71.377,1
66278,"2019-11-12 06:42:03",357070,0,3,750,67.0817104307718,-88.4370348806982,12,3.30488570046974,2.46349615399434,9323647.91188046,-36.8653727482343,-71.37146525187,2704.16,"Chillán, Nevados de",-36.863,-71.377,1
66279,"2019-11-13 04:00:01",357070,0,1,1000,35.6868291139241,-103.129310126582,5,1.45206971834948,1.01342630298096,8290360.55046516,-36.8630090110135,-71.377000245322,1414.21,"Chillán, Nevados de",-36.863,-71.377,1
66280,"2019-11-13 04:48:03",357070,0,3,750,62.1844295537716,109.583650851546,12,3.36589058504739,2.43079555204651,10362021.834441,-36.8650358882635,-71.3882795019841,2371.71,"Chillán, Nevados de",-36.863,-71.377,1
66281,"2019-11-13 05:35:02",357070,0,2,1000,30.2540011547345,102.403608545035,4,1.33648746974816,0.74517754983951,11175757.4862734,-36.8630090110135,-71.377000245322,1414.21,"Chillán, Nevados de",-36.863,-71.377,1
66282,"2019-11-13 05:36:04",357070,0,4,750,10.0450487265246,101.326128271315,4,2.30811576586136,0.835927694050142,16313684.0707581,-36.8652046152475,-71.379872411859,1060.66,"Chillán, Nevados de",-36.863,-71.377,1
66283,"2019-11-13 06:24:03",357070,0,3,750,55.6650067943753,-85.6077794369993,6,1.87100431630127,1.20697147217057,7358313.95402331,-36.8721279134616,-71.3716741686415,1677.05,"Chillán, Nevados de",-36.863,-71.377,1
66284,"2019-11-14 05:18:04",357070,0,4,375,36.8527642520124,104.597477656348,5,0.771322190858434,0.405358020686038,926346.805748876,-36.8652046152475,-71.379872411859,530.33,"Chillán, Nevados de",-36.863,-71.377,1
66285,"2019-11-14 06:06:03",357070,0,3,750,37.9613636179727,-82.7837497802155,6,2.12686324362665,1.26060824357703,9599188.21929992,-36.8653727482343,-71.37146525187,1060.66,"Chillán, Nevados de",-36.863,-71.377,1
66286,"2019-11-14 06:20:02",357070,0,2,1000,42.7496787827556,-83.2823922231614,7,1.5915120266171,1.26981515977049,6080070.78340083,-36.8632327741136,-71.365790980576,2828.43,"Chillán, Nevados de",-36.863,-71.377,1
66287,"2019-11-15 03:45:01",357070,0,1,1000,16.1422691182616,-100.743568742165,5,2.61007457470576,1.09723544770396,28592659.5003338,-36.8720158634551,-71.3772794423447,1414.21,"Chillán, Nevados de",-36.863,-71.377,1
66288,"2019-11-15 05:00:04",357070,0,4,375,54.2572992725608,107.568257908415,8,3.36233505562748,0.970921054461354,6053266.69045177,-36.8651203260042,-71.3840759656699,838.526,"Chillán, Nevados de",-36.863,-71.377,1
66289,"2019-11-15 05:25:02",357070,0,2,1000,45.9077091633467,104.365647410359,7,2.73218752158187,1.4535244573637,24166731.9137234,-36.8630090110135,-71.377000245322,2000,"Chillán, Nevados de",-36.863,-71.377,1
66290,"2019-11-15 05:48:03",357070,0,3,750,11.0570861840816,-79.849538178049,3,2.04635998956504,0.71425293617054,14761411.2854278,-36.8652046152475,-71.379872411859,1060.66,"Chillán, Nevados de",-36.863,-71.377,1
66291,"2019-11-15 06:36:04",357070,0,4,375,63.7408950157357,-87.4229293759845,14,3.49345831210779,1.43224239606184,5217452.78749131,-36.8652887559915,-71.3756688405821,1875,"Chillán, Nevados de",-36.863,-71.377,1
66292,"2019-11-16 04:36:04",357070,0,4,375,65.447627863069,110.611228686455,11,3.26356901123526,1.22624432059979,5156978.12317102,-36.8614890431978,-71.3965809816307,2186.61,"Chillán, Nevados de",-36.863,-71.377,1
66293,"2019-11-16 05:30:03",357070,0,3,750,19.8787947670854,102.640326284516,6,4.39489114896751,1.3822146889649,33384221.0224039,-36.8721279134616,-71.3716741686415,1060.66,"Chillán, Nevados de",-36.863,-71.377,1
66294,"2019-11-16 06:05:02",357070,0,2,1000,25.2364509706321,-81.3416426082628,7,3.12230623431218,1.38705558238501,32796237.3214235,-36.8630090110135,-71.377000245322,2236.07,"Chillán, Nevados de",-36.863,-71.377,1
66295,"2019-11-16 06:18:04",357070,0,4,750,50.6088414967645,-84.6035275207285,13,7.04339619719714,2.77191309773667,47333372.0958963,-36.8652046152475,-71.379872411859,2371.71,"Chillán, Nevados de",-36.863,-71.377,1
66296,"2019-11-17 03:35:01",357070,0,1,1000,7.32070467141721,78.5221219319082,4,1.68856774213303,0.704176742084411,18604989.9009188,-36.8630090110135,-71.377000245322,1414.21,"Chillán, Nevados de",-36.863,-71.377,1
66297,"2019-11-17 05:10:02",357070,0,2,1000,56.902741617357,106.255779092702,11,2.50763715773371,2.03627716472486,8908703.86786734,-36.8632327741136,-71.365790980576,2236.07,"Chillán, Nevados de",-36.863,-71.377,1
66298,"2019-11-17 05:12:03",357070,0,3,750,43.4815440788732,105.599318705661,10,3.69818688197441,2.04095467996062,18364204.3385653,-36.8650358882635,-71.3882795019841,1677.05,"Chillán, Nevados de",-36.863,-71.377,1
66299,"2019-11-17 06:00:04",357070,0,4,750,29.9464610911062,-81.7144859080266,4,1.73364240404533,0.814345777938332,10186955.7380482,-36.8719597394271,-71.3800820675666,1060.66,"Chillán, Nevados de",-36.863,-71.377,1
66300,"2019-11-17 06:48:03",357070,0,3,375,69.8359686356202,-89.2591419491005,28,14.0420778553595,3.24217637439932,27337250.6236806,-36.8686663294419,-71.3757734749843,3023.35,"Chillán, Nevados de",-36.863,-71.377,1
66301,"2019-11-18 04:15:01",357070,0,1,1000,55.0579938744259,-106.192465543645,10,2.93488593453913,1.92490120198079,19088711.4453527,-36.8630090110135,-71.377000245322,2236.07,"Chillán, Nevados de",-36.863,-71.377,1
66302,"2019-11-18 04:54:03",357070,0,3,750,58.4877009904003,108.57491598808,10,3.27085482968276,1.93593289140024,14792603.7285932,-36.858449482348,-71.3796628260149,2121.32,"Chillán, Nevados de",-36.863,-71.377,1
66303,"2019-11-18 05:42:04",357070,0,4,750,1.07916701775177,-9.89005380865641,3,3.6623890434433,0.599694787470785,33938480.7239955,-36.8652046152475,-71.379872411859,1060.66,"Chillán, Nevados de",-36.863,-71.377,1
66304,"2019-11-18 05:55:02",357070,0,2,1000,2.7731439688716,-74.6566342412452,4,1.29826615544806,0.686291504282573,11566320.9070277,-36.8630090110135,-71.377000245322,1414.21,"Chillán, Nevados de",-36.863,-71.377,1
66305,"2019-11-18 06:30:03",357070,0,3,750,59.9932575289542,-86.5474257921897,10,6.90984317011106,1.93963304887329,55076140.905966,-36.8653727482343,-71.37146525187,2250,"Chillán, Nevados de",-36.863,-71.377,1
66306,"2019-11-19 03:20:01",357070,0,1,1000,29.0859865470853,81.819052690583,7,3.25617699421039,1.47764254644082,33614301.0628449,-36.8720158634551,-71.3772794423447,2000,"Chillán, Nevados de",-36.863,-71.377,1
66308,"2019-11-19 05:24:04",357070,0,4,750,28.9407814269368,103.584429436319,6,5.57338308342915,1.37282644474175,46547418.2524547,-36.8652046152475,-71.379872411859,1060.66,"Chillán, Nevados de",-36.863,-71.377,1
66309,"2019-11-19 06:12:03",357070,0,3,750,44.7962208090446,-83.7495316467422,5,2.97931175984734,1.15525982584959,20212775.4936126,-36.8719597394271,-71.3800820675666,1060.66,"Chillán, Nevados de",-36.863,-71.377,1
66310,"2019-11-19 06:40:02",357070,0,2,1000,59.842034261242,-86.0081798715204,8,2.29088236608758,1.84687791508494,8391684.12394986,-36.8634554812588,-71.3545815923702,2236.07,"Chillán, Nevados de",-36.863,-71.377,1
66311,"2019-11-20 04:05:01",357070,0,1,1000,43.3115311418685,-104.185432525952,6,2.18955680988308,1.27216978973253,17338614.6808454,-36.8630090110135,-71.377000245322,1414.21,"Chillán, Nevados de",-36.863,-71.377,1
66312,"2019-11-20 05:06:04",357070,0,4,750,49.3252452408359,106.576210088968,8,2.39299992676975,1.81423103859178,6413482.74212213,-36.8652046152475,-71.379872411859,1677.05,"Chillán, Nevados de",-36.863,-71.377,1
66313,"2019-11-20 05:45:02",357070,0,2,1000,20.3235252435782,101.390624446413,4,1.01426633576478,0.788681416662048,4263554.97104155,-36.8630090110135,-71.377000245322,1414.21,"Chillán, Nevados de",-36.863,-71.377,1
66314,"2019-11-20 05:54:03",357070,0,3,750,21.0005295659373,-80.8871208573525,4,1.80328415298757,0.904120279016175,9963859.67844548,-36.8652046152475,-71.379872411859,1060.66,"Chillán, Nevados de",-36.863,-71.377,1
66315,"2019-11-20 06:42:04",357070,0,4,375,67.047343173364,-88.3698198459075,12,4.77662620938323,1.51976906976068,8243919.63466956,-36.8652887559915,-71.3756688405821,1185.85,"Chillán, Nevados de",-36.863,-71.377,1
66316,"2019-11-21 03:10:01",357070,0,1,1000,45.4959886471144,83.8449858088932,5,1.34065244449197,1.02388858214452,5986836.99836686,-36.8627841919951,-71.3882093860254,2000,"Chillán, Nevados de",-36.863,-71.377,1
66317,"2019-11-21 05:36:03",357070,0,3,750,9.97474372490557,101.56310992728,2,1.25533426801388,0.444390426649131,8986271.44212311,-36.8652046152475,-71.379872411859,750,"Chillán, Nevados de",-36.863,-71.377,1
66318,"2019-11-21 06:24:04",357070,0,4,375,55.6245137352972,-85.5417611537428,6,0.993401423905278,0.476875392885638,1307456.51601846,-36.8652887559915,-71.3756688405821,838.526,"Chillán, Nevados de",-36.863,-71.377,1
66319,"2019-11-22 03:50:01",357070,0,1,1000,26.5616078017923,-102.080980495519,3,0.999781100157698,0.626081708035883,7062918.51110231,-36.8630090110135,-71.377000245322,1000,"Chillán, Nevados de",-36.863,-71.377,1
66320,"2019-11-22 05:18:03",357070,0,3,750,36.8104781491843,104.633014600522,6,2.10348839976067,1.37369470083899,8087026.42617584,-36.8652046152475,-71.379872411859,1060.66,"Chillán, Nevados de",-36.863,-71.377,1
66321,"2019-11-22 05:30:02",357070,0,2,1000,38.7890046296296,103.386412037037,5,1.28139604807286,0.974629692942485,5797884.11196409,-36.8630090110135,-71.377000245322,1414.21,"Chillán, Nevados de",-36.863,-71.377,1
66322,"2019-11-22 06:06:04",357070,0,4,750,37.8706958642207,-82.6927435544185,4,1.42695489219456,0.875107434215987,6115159.64372503,-36.8719597394271,-71.3800820675666,1060.66,"Chillán, Nevados de",-36.863,-71.377,1
66323,"2019-11-23 02:55:01",357070,0,1,1000,57.0442168674699,85.8204819277108,4,1.17451227548811,1.04392263886121,2468144.13224851,-36.8627841919951,-71.3882093860254,2236.07,"Chillán, Nevados de",-36.863,-71.377,1
66324,"2019-11-23 05:00:03",357070,0,3,375,54.2260018785214,107.576577143985,10,2.73345229970336,1.33537472394065,3538883.86364935,-36.8617427709321,-71.383970979333,838.526,"Chillán, Nevados de",-36.863,-71.377,1
66325,"2019-11-23 05:48:04",357070,0,4,750,10.9227236537699,-79.5069286173132,3,1.37630885053386,0.73461710431669,7110746.66276905,-36.8653727482343,-71.37146525187,750,"Chillán, Nevados de",-36.863,-71.377,1
66326,"2019-11-23 06:15:02",357070,0,2,1000,34.7063441518676,-82.3580894060013,6,1.69636525071606,1.27108653959576,8037767.64017372,-36.8632327741136,-71.365790980576,2236.07,"Chillán, Nevados de",-36.863,-71.377,1
66327,"2019-11-23 06:36:03",357070,0,3,750,63.7576977936544,-87.49340429437,10,3.16071770268868,2.43637530553728,8026619.18843391,-36.8653727482343,-71.37146525187,2250,"Chillán, Nevados de",-36.863,-71.377,1
66328,"2019-11-24 05:30:04",357070,0,4,750,19.9967011370961,102.54619341563,4,1.25000947749162,0.685289390535163,6257804.46358624,-36.8652046152475,-71.379872411859,1060.66,"Chillán, Nevados de",-36.863,-71.377,1
66329,"2019-11-25 05:12:04",357070,0,4,375,43.5525763138372,105.583834221374,6,2.86004027796482,0.512841941363053,5941345.78952322,-36.8618270498877,-71.3797676102055,838.526,"Chillán, Nevados de",-36.863,-71.377,1
66330,"2019-11-26 03:30:01",357070,0,1,1000,18.7967504332754,80.5657972270364,4,0.836557437023797,0.566747080939075,5099415.73000126,-36.8717909712506,-71.3884898966035,1414.21,"Chillán, Nevados de",-36.863,-71.377,1
66331,"2019-11-26 04:54:04",357070,0,4,375,58.5316537167792,108.58184571172,13,2.94208524309012,0.964037731177581,5006932.7645286,-36.8617427709321,-71.383970979333,1590.99,"Chillán, Nevados de",-36.863,-71.377,1
66332,"2019-11-26 05:42:03",357070,0,3,750,1.09288480766588,-15.0526455954831,5,5.3129158932056,0.783521548216712,50191351.0854081,-36.8652046152475,-71.379872411859,1060.66,"Chillán, Nevados de",-36.863,-71.377,1
66333,"2019-11-26 06:30:04",357070,0,4,750,59.9475478040121,-86.4750678198266,9,2.9357754492686,1.24938130898299,18687355.0670399,-36.8719597394271,-71.3800820675666,1677.05,"Chillán, Nevados de",-36.863,-71.377,1
66334,"2019-11-26 06:45:02",357070,0,2,1000,63.8664145658263,-86.9171988795518,3,0.435501660219533,0.405300493708886,570802.047051237,-36.8717909712506,-71.3884898966035,1414.21,"Chillán, Nevados de",-36.863,-71.377,1
66335,"2019-11-27 04:30:04",357070,0,4,375,68.3138804651791,111.653934995212,24,5.48881893296085,2.02449589654066,8769067.68593859,-36.8581115169141,-71.3964754588476,2515.58,"Chillán, Nevados de",-36.863,-71.377,1
66336,"2019-11-27 05:24:03",357070,0,3,375,28.8681232281338,103.641369808318,4,1.95870529247216,0.357415634654098,4053264.44635197,-36.8652046152475,-71.379872411859,530.33,"Chillán, Nevados de",-36.863,-71.377,1
66337,"2019-11-27 06:12:04",357070,0,4,375,44.7274275497416,-83.6556872819628,7,1.50551184241837,0.625347217144661,2227916.70772406,-36.8652046152475,-71.379872411859,838.526,"Chillán, Nevados de",-36.863,-71.377,1
66338,"2019-11-28 03:15:01",357070,0,1,1000,37.9614486326683,82.8642202512934,5,1.27325705075597,0.976707836544684,5604780.14859325,-36.8717909712506,-71.3884898966035,1414.21,"Chillán, Nevados de",-36.863,-71.377,1
66339,"2019-11-28 05:06:03",357070,0,3,750,49.2832384978174,106.595221038058,7,2.06182503573323,1.5187948356814,6017453.40432432,-36.8652046152475,-71.379872411859,1677.05,"Chillán, Nevados de",-36.863,-71.377,1
66340,"2019-11-28 05:54:04",357070,0,4,750,20.8838670761819,-80.7180846467707,3,1.51279495971499,0.635287378666313,9723880.88249562,-36.8652046152475,-71.379872411859,1060.66,"Chillán, Nevados de",-36.863,-71.377,1
66341,"2019-11-28 06:42:03",357070,0,3,375,67.0672159022961,-88.4294403467153,13,2.46945221050297,1.45658293233113,2563825.36037247,-36.8687503319371,-71.371569701552,1912.13,"Chillán, Nevados de",-36.863,-71.377,1
66342,"2019-11-30 03:05:01",357070,0,1,1000,51.7740218878249,84.8406292749658,6,1.34307949430548,1.04199123451701,5690568.1100021,-36.8630090110135,-71.377000245322,2000,"Chillán, Nevados de",-36.863,-71.377,1
66343,"2019-11-30 05:18:04",357070,0,4,750,36.9000654385439,104.604500686972,4,2.33297758603558,0.727217171399359,17793832.5946877,-36.8652046152475,-71.379872411859,750,"Chillán, Nevados de",-36.863,-71.377,1
66344,"2019-11-30 06:06:03",357070,0,3,750,37.9168833793758,-82.7832978129487,4,4.66852018349607,0.759937693962149,43311979.7121478,-36.8652046152475,-71.379872411859,1060.66,"Chillán, Nevados de",-36.863,-71.377,1
66345,"2019-11-30 06:20:02",357070,0,2,1000,42.7270801687763,-83.2742025316456,10,2.53507260753682,1.71894152515128,15424877.4570866,-36.8724624790427,-71.3548581621105,2828.43,"Chillán, Nevados de",-36.863,-71.377,1
66346,"2019-12-01 03:45:01",357070,0,1,1000,16.0916444073455,-100.734307178631,7,4.22740205558702,1.63928283702125,48915453.2308931,-36.8630090110135,-71.377000245322,1414.21,"Chillán, Nevados de",-36.863,-71.377,1
66347,"2019-12-01 05:00:04",357070,0,4,375,54.2865716231065,107.581484702157,11,4.55486041073543,1.44322541928438,7876326.07211048,-36.8617427709321,-71.383970979333,1060.66,"Chillán, Nevados de",-36.863,-71.377,1
66348,"2019-12-01 05:48:03",357070,0,3,750,10.986960720965,-79.7974285137862,3,7.00576970581573,0.739901845410369,69433648.2281169,-36.8652046152475,-71.379872411859,1060.66,"Chillán, Nevados de",-36.863,-71.377,1
66349,"2019-12-01 06:36:04",357070,0,4,750,63.7134075793572,-87.4150115128402,11,5.16579017385418,2.46086837929576,29973914.6359505,-36.8653727482343,-71.37146525187,2371.71,"Chillán, Nevados de",-36.863,-71.377,1
66350,"2019-12-02 02:50:01",357070,0,1,1000,61.5027139364303,86.7458435207824,2,0.535045251768512,0.503153489735035,602754.302432723,-36.8632327741136,-71.365790980576,1000,"Chillán, Nevados de",-36.863,-71.377,1
66351,"2019-12-02 04:30:01",357070,0,1,1000,63.4204838709677,-108.195860215054,7,1.68333452503902,1.43464065164603,4700314.20712748,-36.8632327741136,-71.365790980576,2236.07,"Chillán, Nevados de",-36.863,-71.377,1
66352,"2019-12-02 05:30:03",357070,0,3,750,19.938769962497,102.64713546076,5,1.85903524810025,0.960223930661028,9959952.91137333,-36.8721279134616,-71.3716741686415,1060.66,"Chillán, Nevados de",-36.863,-71.377,1
66353,"2019-12-02 06:05:02",357070,0,2,1000,25.14812041116,-81.3428634361232,3,1.03214025849587,0.613987241824572,7903092.01508749,-36.8630090110135,-71.377000245322,1414.21,"Chillán, Nevados de",-36.863,-71.377,1
66354,"2019-12-02 06:18:04",357070,0,4,750,50.5502808823083,-84.5814424692135,7,2.13882655037058,1.55727734637874,6444292.11673459,-36.8719597394271,-71.3800820675666,1677.05,"Chillán, Nevados de",-36.863,-71.377,1
66355,"2019-12-03 03:35:01",357070,0,1,1000,7.36467958860754,78.5381724683546,5,1.59584435261942,0.951024122520079,12187102.3488775,-36.8630090110135,-71.377000245322,1414.21,"Chillán, Nevados de",-36.863,-71.377,1
66356,"2019-12-03 05:10:02",357070,0,2,1000,56.982342519685,106.262913385827,5,1.01591509532116,0.916858744517114,1872165.03019642,-36.8720158634551,-71.3772794423447,1414.21,"Chillán, Nevados de",-36.863,-71.377,1
66357,"2019-12-03 05:12:03",357070,0,3,375,43.5145192531508,105.604407329115,4,1.68428674447192,0.435980161624644,3159776.03783216,-36.8652046152475,-71.379872411859,530.33,"Chillán, Nevados de",-36.863,-71.377,1
66358,"2019-12-03 06:00:04",357070,0,4,750,29.9003673592768,-81.7246243952789,6,3.15079058852169,1.19528542622331,21669441.579719,-36.8721279134616,-71.3716741686415,1677.05,"Chillán, Nevados de",-36.863,-71.377,1
66359,"2019-12-03 06:48:03",357070,0,3,750,69.8348449120986,-89.3059648088353,15,3.68202856969678,2.71605310894319,10704215.5744757,-36.8721279134616,-71.3716741686415,2704.16,"Chillán, Nevados de",-36.863,-71.377,1
66360,"2019-12-04 04:15:01",357070,0,1,1000,55.0392966360857,-106.189266055046,4,0.960183975242349,0.874849216716222,1612826.9361438,-36.8544484680111,-71.3543051455064,2236.07,"Chillán, Nevados de",-36.863,-71.377,1
66361,"2019-12-04 04:54:03",357070,0,3,750,58.5094442433408,108.585010853148,12,3.60522366898835,2.48623570980929,12399785.3226529,-36.8650358882635,-71.3882795019841,2371.71,"Chillán, Nevados de",-36.863,-71.377,1
66362,"2019-12-04 05:42:04",357070,0,4,750,1.06060794747123,-6.97244298758991,5,3.3151246744629,1.09642746776149,24585938.42176,-36.8652046152475,-71.379872411859,1060.66,"Chillán, Nevados de",-36.863,-71.377,1
66363,"2019-12-04 06:30:03",357070,0,3,375,59.9595567158986,-86.5369680592248,21,5.04746707857592,2.09552774343829,7472096.44206713,-36.8653727482343,-71.37146525187,2651.65,"Chillán, Nevados de",-36.863,-71.377,1
66364,"2019-12-05 03:20:01",357070,0,1,1000,29.1103531390135,81.827365470852,5,1.39715447812521,1.02364067827038,7059410.81725631,-36.8630090110135,-71.377000245322,1414.21,"Chillán, Nevados de",-36.863,-71.377,1
66365,"2019-12-05 04:30:03",357070,0,3,375,68.3006157393398,111.646408918106,22,6.57349207247895,2.58602143871618,10093285.041712,-36.8614890431978,-71.3965809816307,2186.61,"Chillán, Nevados de",-36.863,-71.377,1
66366,"2019-12-05 05:24:04",357070,0,4,375,28.998858290978,103.594792452506,4,1.08302644922058,0.4994736072773,1477118.13116893,-36.8652046152475,-71.379872411859,530.33,"Chillán, Nevados de",-36.863,-71.377,1
66367,"2019-12-05 06:12:03",357070,0,3,375,44.7273344139202,-83.726092199662,3,0.573744853773953,0.357431499530027,547543.177929937,-36.8686663294419,-71.3757734749843,530.33,"Chillán, Nevados de",-36.863,-71.377,1
66368,"2019-12-06 04:05:01",357070,0,1,1000,43.2853979238754,-104.18410899654,9,2.98431797547326,1.94833006847425,19580171.4422814,-36.8630090110135,-71.377000245322,2000,"Chillán, Nevados de",-36.863,-71.377,1
66369,"2019-12-06 05:06:04",357070,0,4,750,49.3703852952494,106.588127447554,10,4.44079549158033,2.18694494567047,24975481.3618636,-36.8652046152475,-71.379872411859,2121.32,"Chillán, Nevados de",-36.863,-71.377,1
66370,"2019-12-06 05:45:02",357070,0,2,1000,20.4755575221237,101.412438053098,4,1.62700588122434,0.792842588921562,15765686.2245225,-36.8630090110135,-71.377000245322,1414.21,"Chillán, Nevados de",-36.863,-71.377,1
66371,"2019-12-06 05:54:03",357070,0,3,750,20.9087211092075,-80.8687121894116,5,3.84147389089779,1.13913388031218,29945305.2423017,-36.8652046152475,-71.379872411859,1060.66,"Chillán, Nevados de",-36.863,-71.377,1
66372,"2019-12-06 06:42:04",357070,0,4,750,67.0172319449791,-88.3502704535877,15,6.35844858496665,3.20946255912304,34894701.3988796,-36.8653727482343,-71.37146525187,2704.16,"Chillán, Nevados de",-36.863,-71.377,1
66373,"2019-12-07 03:10:01",357070,0,1,1000,45.5184894837476,83.8441204588912,10,3.73129270025969,2.15534069837159,29785492.8356851,-36.8630090110135,-71.377000245322,2236.07,"Chillán, Nevados de",-36.863,-71.377,1
66374,"2019-12-07 04:42:04",357070,0,4,375,62.2499476849906,109.60164108491,15,5.80122020335199,1.71286334714852,10348653.292265,-36.8617427709321,-71.383970979333,1875,"Chillán, Nevados de",-36.863,-71.377,1
66375,"2019-12-07 05:36:03",357070,0,3,750,10.0654007074217,101.572349711033,5,3.31500625050462,1.16568784813678,23817134.5462386,-36.8652046152475,-71.379872411859,1060.66,"Chillán, Nevados de",-36.863,-71.377,1
66376,"2019-12-07 06:24:04",357070,0,4,750,55.5782731414372,-85.5345023754003,5,1.98033602894487,1.08818292031377,9886171.63501834,-36.8721279134616,-71.3716741686415,1500,"Chillán, Nevados de",-36.863,-71.377,1
66377,"2019-12-07 06:25:02",357070,0,2,1000,49.4229642857143,-84.1702976190478,8,2.22285711458607,1.6465761706023,10891709.8412932,-36.8634554812588,-71.3545815923702,2236.07,"Chillán, Nevados de",-36.863,-71.377,1
66378,"2019-12-08 03:50:01",357070,0,1,1000,26.5325131995776,-102.080776135164,1,0.253561253806622,0.209217406514107,838098.71382854,-36.8720158634551,-71.3772794423447,1000,"Chillán, Nevados de",-36.863,-71.377,1
66379,"2019-12-08 05:18:03",357070,0,3,375,36.8640335942274,104.645037263536,5,1.0962035183848,0.599838882300063,1256422.98508949,-36.8685821784274,-71.3799772309783,530.33,"Chillán, Nevados de",-36.863,-71.377,1
66380,"2019-12-08 05:30:02",357070,0,2,1000,38.8840571870171,103.396723338485,1,0.209736957192973,0.192603299397289,323826.132338429,-36.8630090110135,-71.377000245322,0,"Chillán, Nevados de",-36.863,-71.377,1
66381,"2019-12-08 06:06:04",357070,0,4,375,37.813396077099,-82.687737564223,6,1.31625921656309,0.714199702134369,1523963.1458977,-36.8652887559915,-71.3756688405821,838.526,"Chillán, Nevados de",-36.863,-71.377,1
66382,"2019-12-09 02:55:01",357070,0,1,1000,57.0586746987952,85.8196385542168,10,2.95122390591298,2.39787051654311,10458379.0590906,-36.8627841919951,-71.3882093860254,2236.07,"Chillán, Nevados de",-36.863,-71.377,1
66383,"2019-12-09 05:00:03",357070,0,3,750,54.2673726905384,107.587938932941,8,2.63159259495683,1.97498896952918,7275988.92427007,-36.858449482348,-71.3796628260149,1677.05,"Chillán, Nevados de",-36.863,-71.377,1
66384,"2019-12-09 05:48:04",357070,0,4,750,10.8201966997624,-79.4891339971441,4,4.64501992061106,1.01997878478914,40169987.0863267,-36.8653727482343,-71.37146525187,750,"Chillán, Nevados de",-36.863,-71.377,1
66385,"2019-12-09 06:15:02",357070,0,2,1000,34.6445698596704,-82.3481940207444,5,1.98330324076182,1.11897169460742,16335866.2223181,-36.8632327741136,-71.365790980576,2000,"Chillán, Nevados de",-36.863,-71.377,1
66386,"2019-12-09 06:36:03",357070,0,3,750,63.7232617335688,-87.4807146438439,12,4.25582278388411,2.87632622414491,15286546.25261,-36.8653727482343,-71.37146525187,2371.71,"Chillán, Nevados de",-36.863,-71.377,1
66387,"2019-12-10 03:40:01",357070,0,1,1000,4.51811962470683,-97.5028186082875,6,4.14723437286135,1.32446289985667,53350380.8397883,-36.8630090110135,-71.377000245322,1414.21,"Chillán, Nevados de",-36.863,-71.377,1
66388,"2019-12-10 05:20:02",357070,0,2,1000,51.9937935843795,105.322914923292,7,1.61726964093901,1.33786393579817,5280767.827162,-36.8630090110135,-71.377000245322,2236.07,"Chillán, Nevados de",-36.863,-71.377,1
66389,"2019-12-10 05:30:04",357070,0,4,750,20.0895776639775,102.561127853323,3,1.50796014510938,0.739039727997009,8520599.3721265,-36.8652046152475,-71.379872411859,750,"Chillán, Nevados de",-36.863,-71.377,1
66390,"2019-12-10 06:18:03",357070,0,3,375,50.5816901199837,-84.6637085977698,9,2.83681505175036,1.03032436440604,4572679.55234029,-36.8686663294419,-71.3757734749843,1060.66,"Chillán, Nevados de",-36.863,-71.377,1
66391,"2019-12-11 05:12:04",357070,0,4,750,43.6196839390915,105.598972814727,10,5.22824320095156,1.4669529989785,41679797.0506139,-36.8652046152475,-71.379872411859,1677.05,"Chillán, Nevados de",-36.863,-71.377,1
66392,"2019-12-11 06:00:02",357070,0,2,1000,14.3648874334833,-80.164568153909,2,0.272925899044059,0.16017818371259,2130931.81976476,-36.8630090110135,-71.377000245322,1414.21,"Chillán, Nevados de",-36.863,-71.377,1
66393,"2019-12-11 06:00:03",357070,0,3,750,29.9187496962273,-81.8344711635577,5,0.925804193767743,0.341431442905776,6475580.54548917,-36.8653727482343,-71.37146525187,1500,"Chillán, Nevados de",-36.863,-71.377,1
66394,"2019-12-12 03:30:01",357070,0,1,1000,18.8372053726168,80.5763258232237,1,0.213297176615227,0.174554479957239,732236.966835965,-36.8720158634551,-71.3772794423447,1000,"Chillán, Nevados de",-36.863,-71.377,1
66395,"2019-12-12 04:54:04",357070,0,4,375,58.5696941891782,108.595821784693,12,2.47738717487751,1.14196294851343,3380292.57298408,-36.8617427709321,-71.383970979333,1590.99,"Chillán, Nevados de",-36.863,-71.377,1
66396,"2019-12-12 05:42:03",357070,0,3,375,1.07677323820184,-9.79261692524409,3,1.02863810068476,0.295020920894197,1856968.48634487,-36.8686663294419,-71.3757734749843,530.33,"Chillán, Nevados de",-36.863,-71.377,1
66397,"2019-12-12 06:30:04",357070,0,4,375,59.8992967677771,-86.4584429696659,5,0.897402765610311,0.508341857332741,984810.424077598,-36.8652887559915,-71.3756688405821,750,"Chillán, Nevados de",-36.863,-71.377,1
66398,"2019-12-12 06:45:02",357070,0,2,1000,63.8507627118645,-86.905,1,0.18001078732587,0.169583958789215,197067.059342777,-36.8630090110135,-71.377000245322,0,"Chillán, Nevados de",-36.863,-71.377,1
66399,"2019-12-14 05:06:03",357070,0,3,375,49.3319374496139,106.604988580762,7,1.13757802304861,0.825804876697547,789175.776701125,-36.8686663294419,-71.3757734749843,838.526,"Chillán, Nevados de",-36.863,-71.377,1
66401,"2019-12-15 04:00:01",357070,0,1,1000,35.6032660781842,-103.118593947036,4,0.917102084329669,0.753454331359818,3092942.53113018,-36.8720158634551,-71.3772794423447,1000,"Chillán, Nevados de",-36.863,-71.377,1
66402,"2019-12-15 04:48:03",357070,0,3,375,62.2266520548374,109.607793286317,14,2.48800443646467,1.49362685662699,2517018.24896413,-36.8617427709321,-71.383970979333,1677.05,"Chillán, Nevados de",-36.863,-71.377,1
66403,"2019-12-15 05:35:02",357070,0,2,1000,30.3631210191084,102.423514765489,2,0.416779362592338,0.349503734810521,1271509.36507634,-36.8632327741136,-71.365790980576,1000,"Chillán, Nevados de",-36.863,-71.377,1
66404,"2019-12-15 05:36:04",357070,0,4,375,10.2167349694789,101.347059125631,3,1.31779445022972,0.316561492111939,2534370.92523564,-36.8652046152475,-71.379872411859,375,"Chillán, Nevados de",-36.863,-71.377,1
66405,"2019-12-15 06:24:03",357070,0,3,375,55.5907737958672,-85.6007971780073,5,1.04831127754138,0.513489998825841,1353766.36174871,-36.8686663294419,-71.3757734749843,1060.66,"Chillán, Nevados de",-36.863,-71.377,1
66406,"2019-12-16 05:18:04",357070,0,4,375,36.9735312415938,104.620612915904,5,0.775264853990227,0.535969189133203,605717.151669342,-36.8652046152475,-71.379872411859,530.33,"Chillán, Nevados de",-36.863,-71.377,1
66407,"2019-12-16 06:06:03",357070,0,3,375,37.8467930179125,-82.7952656469846,3,0.496884007298606,0.328492044743783,426242.155216894,-36.8652887559915,-71.3756688405821,530.33,"Chillán, Nevados de",-36.863,-71.377,1
66408,"2019-12-17 05:00:04",357070,0,4,375,54.340809924219,107.595068055585,3,0.487982988928938,0.376496526879968,282200.107061455,-36.8616583434973,-71.3881743309669,838.526,"Chillán, Nevados de",-36.863,-71.377,1
66410,"2019-12-17 06:36:04",357070,0,4,375,63.6609644636195,-87.396617443598,3,0.481245996588523,0.383583210172552,247208.928115426,-36.8652887559915,-71.3756688405821,750,"Chillán, Nevados de",-36.863,-71.377,1
66411,"2019-12-18 05:30:03",357070,0,3,375,20.050734438481,102.667970627106,3,0.450450629710658,0.365561445685182,214875.747064485,-36.8652046152475,-71.379872411859,375,"Chillán, Nevados de",-36.863,-71.377,1
66412,"2019-12-21 05:24:04",357070,0,4,375,29.0656478465727,103.605998262594,1,0.1624466639342,0.117735880234754,113174.171239222,-36.8652046152475,-71.379872411859,0,"Chillán, Nevados de",-36.863,-71.377,1
66413,"2019-12-21 06:12:03",357070,0,3,375,44.6321856973467,-83.7088229509047,2,0.2844319070257,0.233940013043954,127807.606641294,-36.8652887559915,-71.3756688405821,530.33,"Chillán, Nevados de",-36.863,-71.377,1
66414,"2019-12-22 05:54:03",357070,0,3,375,20.7726696407092,-80.8376611521879,3,0.465893503882798,0.379620296110771,218379.057172942,-36.8652046152475,-71.379872411859,530.33,"Chillán, Nevados de",-36.863,-71.377,1
66415,"2019-12-23 05:36:03",357070,0,3,375,10.2047512800933,101.593771932017,2,0.361963678959414,0.295420172201916,168438.251479918,-36.8652046152475,-71.379872411859,375,"Chillán, Nevados de",-36.863,-71.377,1
66416,"2019-12-23 06:24:04",357070,0,4,375,55.5551351336337,-85.5220624627866,1,0.173857891498466,0.151636060346023,56249.010104622,-36.8652887559915,-71.3756688405821,375,"Chillán, Nevados de",-36.863,-71.377,1
66417,"2019-12-25 05:00:03",357070,0,3,375,54.3279759184807,107.606616226832,1,0.123055056851813,0.0984500861065362,62281.3321989825,-36.8651203260042,-71.3840759656699,375,"Chillán, Nevados de",-36.863,-71.377,1
66418,"2019-12-26 05:30:04",357070,0,4,375,20.0436807460939,102.563610253185,1,0.116656628673223,0.0898365503173297,67888.323338355,-36.8652046152475,-71.379872411859,0,"Chillán, Nevados de",-36.863,-71.377,1
66419,"2019-12-31 05:36:04",357070,0,4,375,10.0816398527021,101.331646420933,1,0.197578509124463,0.144247111094431,134995.10126352,-36.8652046152475,-71.379872411859,0,"Chillán, Nevados de",-36.863,-71.377,1
66420,"2020-01-03 05:30:03",357070,0,3,375,20.2370576284746,102.695148588423,1,0.22751143142843,0.1732192271335,137427.14212154,-36.8652046152475,-71.379872411859,0,"Chillán, Nevados de",-36.863,-71.377,1
66421,"2020-01-04 05:12:03",357070,0,3,375,43.7166554886444,105.646475981367,1,0.193116581612544,0.169110512899823,60765.3614290745,-36.8652046152475,-71.379872411859,0,"Chillán, Nevados de",-36.863,-71.377,1
66422,"2020-01-11 05:30:04",357070,0,4,375,19.865172186631,102.54730793995,1,0.155076471393117,0.122623247061841,82147.224088543,-36.8652046152475,-71.379872411859,0,"Chillán, Nevados de",-36.863,-71.377,1
66423,"2020-01-18 05:00:04",357070,0,4,375,54.1760009391761,107.566883976127,1,0.210837188590098,0.176781837126939,86202.6083911227,-36.8617427709321,-71.383970979333,530.33,"Chillán, Nevados de",-36.863,-71.377,1
66424,"2020-01-18 05:48:03",357070,0,3,375,10.4036275313085,-79.8055749201042,1,0.215872329528883,0.175097820599035,103210.475728679,-36.8652887559915,-71.3756688405821,375,"Chillán, Nevados de",-36.863,-71.377,1
66425,"2020-01-19 05:30:03",357070,0,3,375,20.4844906169555,102.736042139675,1,0.245301491530266,0.184771917878241,153215.483306689,-36.8652046152475,-71.379872411859,0,"Chillán, Nevados de",-36.863,-71.377,1
66426,"2020-01-21 05:42:04",357070,0,4,375,1.13999054735791,-18.396681782558,1,0.23088647306634,0.172144007748938,148691.865334674,-36.8652046152475,-71.379872411859,0,"Chillán, Nevados de",-36.863,-71.377,1
66427,"2020-01-22 05:24:04",357070,0,4,375,28.7539202206091,103.576773943871,2,0.420957624470432,0.375482627742115,115108.585468552,-36.8652046152475,-71.379872411859,530.33,"Chillán, Nevados de",-36.863,-71.377,1
66428,"2020-01-23 05:06:04",357070,0,4,375,49.1919494967264,106.565683781236,5,1.25146039157462,1.010846161009,609054.771119217,-36.8617427709321,-71.383970979333,1060.66,"Chillán, Nevados de",-36.863,-71.377,1
66429,"2020-01-23 05:54:03",357070,0,3,375,20.3484037541311,-80.8061030441012,2,0.491461753318826,0.401187995938832,228505.448368112,-36.8652887559915,-71.3756688405821,530.33,"Chillán, Nevados de",-36.863,-71.377,1
66430,"2020-01-24 04:48:04",357070,0,4,375,62.1262513411695,109.582040433319,5,1.00985887073355,0.799109866001889,533458.418227026,-36.8582807965494,-71.388069177474,1352.08,"Chillán, Nevados de",-36.863,-71.377,1
66431,"2020-01-24 05:36:03",357070,0,3,375,10.6393579986371,101.684759440073,3,0.651273569279416,0.489078139816538,410557.180827909,-36.8652046152475,-71.379872411859,375,"Chillán, Nevados de",-36.863,-71.377,1
66432,"2020-01-24 06:24:04",357070,0,4,375,55.7031019341857,-85.5475138540691,1,0.206284507557464,0.165572720172735,103051.711817596,-36.8652887559915,-71.3756688405821,375,"Chillán, Nevados de",-36.863,-71.377,1
66433,"2020-01-25 05:18:03",357070,0,3,375,37.2433834074339,104.713439082066,2,0.412500231350235,0.311797717514502,254903.238146698,-36.8652046152475,-71.379872411859,375,"Chillán, Nevados de",-36.863,-71.377,1
66434,"2020-01-25 06:06:04",357070,0,4,375,38.038024864988,-82.7166172446785,1,0.194930083756428,0.16116798004424,85460.3250214749,-36.8652887559915,-71.3756688405821,375,"Chillán, Nevados de",-36.863,-71.377,1
66435,"2020-01-26 05:00:03",357070,0,3,375,54.5044653846533,107.655147163451,6,1.35639100936253,1.05348750084409,766724.505937308,-36.8651203260042,-71.3840759656699,530.33,"Chillán, Nevados de",-36.863,-71.377,1
66436,"2020-01-26 05:48:04",357070,0,4,375,11.177867552774,-79.5780918801623,2,0.422626172188434,0.349229708719524,185784.79815568,-36.8652887559915,-71.3756688405821,375,"Chillán, Nevados de",-36.863,-71.377,1
66437,"2020-01-27 04:36:03",357070,0,3,375,65.604074409121,110.687193537622,2,0.356132396206072,0.311006342929546,114225.322356208,-36.8581115169141,-71.3964754588476,1875,"Chillán, Nevados de",-36.863,-71.377,1
66438,"2020-01-27 05:30:04",357070,0,4,375,19.739146879664,102.533168745976,2,0.365582998676528,0.304997832232282,153356.202561998,-36.8618270498877,-71.3797676102055,375,"Chillán, Nevados de",-36.863,-71.377,1
66439,"2020-01-27 06:18:03",357070,0,3,375,50.3185934254015,-84.6152806617369,2,0.372642736537718,0.298221471008642,188378.828370472,-36.8652887559915,-71.3756688405821,750,"Chillán, Nevados de",-36.863,-71.377,1
66440,"2020-01-28 05:12:04",357070,0,4,375,43.3707031684667,105.570567471849,1,0.194683335945879,0.169068105754891,64838.5514209386,-36.8617427709321,-71.383970979333,530.33,"Chillán, Nevados de",-36.863,-71.377,1
66441,"2020-01-28 06:00:03",357070,0,3,375,29.5333206878766,-81.8025376526762,2,0.379652241856799,0.31522404172937,163083.881572554,-36.8652046152475,-71.379872411859,375,"Chillán, Nevados de",-36.863,-71.377,1
66442,"2020-01-29 03:30:01",357070,0,1,1000,18.0347162510747,80.485898538263,1,0.243330405613552,0.213577908147721,562322.202104206,-36.8720158634551,-71.3772794423447,1000,"Chillán, Nevados de",-36.863,-71.377,1
66443,"2020-01-29 04:54:04",357070,0,4,375,58.4064342413894,108.565428074676,10,2.40597431185541,1.20413562969481,3042154.16421901,-36.8650358882635,-71.3882795019841,1352.08,"Chillán, Nevados de",-36.863,-71.377,1
66444,"2020-01-29 05:42:03",357070,0,3,375,1.03596668050694,13.6758653990931,3,0.906362364349593,0.362971684590449,1375457.65814033,-36.8652887559915,-71.3756688405821,530.33,"Chillán, Nevados de",-36.863,-71.377,1
66445,"2020-01-29 06:30:04",357070,0,4,375,60.0346853263999,-86.4854807671166,4,0.630818957895653,0.48501370137122,369069.55557747,-36.8652887559915,-71.3756688405821,530.33,"Chillán, Nevados de",-36.863,-71.377,1
66446,"2020-01-30 04:30:04",357070,0,4,375,68.2237685866903,111.636910100749,1,0.151688680801385,0.124628694351227,68495.5907019612,-36.8581115169141,-71.3964754588476,1677.05,"Chillán, Nevados de",-36.863,-71.377,1
66447,"2020-01-30 05:24:03",357070,0,3,375,29.3329717681596,103.716293763037,4,0.635516910826452,0.510121263333631,317407.732716202,-36.8652046152475,-71.379872411859,530.33,"Chillán, Nevados de",-36.863,-71.377,1
66448,"2020-01-30 06:12:04",357070,0,4,375,44.8705106941162,-83.6648741177387,3,0.455624398379202,0.375427211936852,202999.128182199,-36.8652887559915,-71.3756688405821,750,"Chillán, Nevados de",-36.863,-71.377,1
66449,"2020-01-31 03:15:01",357070,0,1,1000,37.3119758351101,82.7916773276474,2,0.592319041169169,0.535975113929339,1064900.22483278,-36.8717909712506,-71.3884898966035,1414.21,"Chillán, Nevados de",-36.863,-71.377,1
66450,"2020-01-31 05:06:03",357070,0,3,375,49.5634537166477,106.657672659177,10,2.29691272027117,1.53085869627201,1939074.24824788,-36.8652046152475,-71.379872411859,1185.85,"Chillán, Nevados de",-36.863,-71.377,1
66451,"2020-01-31 05:54:04",357070,0,4,375,21.1383036283897,-80.7177473999872,4,1.18645892675711,0.61785499416342,1439278.70437777,-36.8652046152475,-71.379872411859,375,"Chillán, Nevados de",-36.863,-71.377,1
66452,"2020-01-31 06:42:03",357070,0,3,375,66.8975750265615,-88.3755041578646,6,1.12101660341975,0.883250048675509,601846.591696357,-36.8653727482343,-71.37146525187,838.526,"Chillán, Nevados de",-36.863,-71.377,1
66453,"2020-02-01 04:42:03",357070,0,3,375,62.3690481427937,109.659185023755,6,1.1499837106161,0.936552932527067,540246.657037866,-36.8615737675852,-71.3923776650764,1352.08,"Chillán, Nevados de",-36.863,-71.377,1
66454,"2020-02-01 05:36:04",357070,0,4,375,9.78901118586357,101.297419937672,4,1.28421761380856,0.621616123288468,1677210.02287899,-36.8652046152475,-71.379872411859,530.33,"Chillán, Nevados de",-36.863,-71.377,1
66455,"2020-02-01 06:24:03",357070,0,3,375,55.4071339182719,-85.5545039771069,5,1.12051672499043,0.754031617825,927665.427512499,-36.8686663294419,-71.3757734749843,838.526,"Chillán, Nevados de",-36.863,-71.377,1
66456,"2020-02-02 05:18:04",357070,0,4,375,36.6676749503148,104.58793708703,3,0.828452260098387,0.408950302321825,1061864.33062192,-36.8618270498877,-71.3797676102055,530.33,"Chillán, Nevados de",-36.863,-71.377,1
66457,"2020-02-02 06:06:03",357070,0,3,375,37.5964491207635,-82.7567955316259,4,1.11195457324782,0.552367036786157,1416455.95166858,-36.8652887559915,-71.3756688405821,21866.1,"Chillán, Nevados de",-36.863,-71.377,1
66458,"2020-02-03 03:45:01",357070,0,1,1000,17.0556998313659,-100.852268128162,2,0.615998545320925,0.504165569515144,2113643.24272926,-36.8630090110135,-71.377000245322,1000,"Chillán, Nevados de",-36.863,-71.377,1
66459,"2020-02-03 05:00:04",357070,0,4,375,54.1260052141724,107.557250004902,5,0.965288918621519,0.755668122554699,530602.640044138,-36.8617427709321,-71.383970979333,1060.66,"Chillán, Nevados de",-36.863,-71.377,1
66460,"2020-02-03 05:48:03",357070,0,3,375,10.5164466618047,-79.8246776628469,4,1.00990272369097,0.58254992250922,1081736.7779913,-36.8652887559915,-71.3756688405821,750,"Chillán, Nevados de",-36.863,-71.377,1
66461,"2020-02-03 06:36:04",357070,0,4,375,63.8077479752222,-87.4334766969465,3,0.531177130223577,0.437613988345676,236831.702878437,-36.861911180362,-71.3755642236151,750,"Chillán, Nevados de",-36.863,-71.377,1
66462,"2020-02-04 05:30:03",357070,0,3,375,20.3515137586268,102.72227186696,5,1.05181093727148,0.625861555129844,1078184.37354603,-36.8652887559915,-71.3756688405821,530.33,"Chillán, Nevados de",-36.863,-71.377,1
66463,"2020-02-04 06:18:04",357070,0,4,375,50.7136406321664,-84.6030022591358,7,1.49064447567419,0.819001484174322,1700096.32223403,-36.8652887559915,-71.3756688405821,1125,"Chillán, Nevados de",-36.863,-71.377,1
66464,"2020-02-05 06:00:04",357070,0,4,375,30.1745614377953,-81.738165825585,2,0.28155070538688,0.228287984777568,134821.261542321,-36.8652887559915,-71.3756688405821,375,"Chillán, Nevados de",-36.863,-71.377,1
66465,"2020-02-07 05:24:04",357070,0,4,375,28.6687955956458,103.569234918402,1,0.153952202696718,0.124267282581877,75139.9540406911,-36.8652046152475,-71.379872411859,0,"Chillán, Nevados de",-36.863,-71.377,1
66466,"2020-02-11 05:48:04",357070,0,4,375,11.2683265028956,-79.5863508325131,1,0.190601392124528,0.15958489385458,78510.511245806,-36.8652887559915,-71.3756688405821,375,"Chillán, Nevados de",-36.863,-71.377,1
66467,"2020-02-11 06:36:03",357070,0,3,375,63.6244782684043,-87.4425928230686,1,0.18433430709134,0.159705876198479,62340.7156975551,-36.8652887559915,-71.3756688405821,375,"Chillán, Nevados de",-36.863,-71.377,1
66468,"2020-02-12 05:30:04",357070,0,4,375,19.6639257370766,102.52476677526,1,0.234243560770947,0.153501850264477,204377.454719503,-36.8652046152475,-71.379872411859,0,"Chillán, Nevados de",-36.863,-71.377,1
66469,"2020-02-12 06:18:03",357070,0,3,375,50.4403060615197,-84.6333335622646,1,0.179825882750577,0.152361654536986,69518.8276656526,-36.8652887559915,-71.3756688405821,375,"Chillán, Nevados de",-36.863,-71.377,1
66470,"2020-02-13 06:00:03",357070,0,3,375,29.7198942655443,-81.8151508403531,2,0.309164969154618,0.245486687084218,161185.651490701,-36.8652887559915,-71.3756688405821,838.526,"Chillán, Nevados de",-36.863,-71.377,1
66471,"2020-02-14 04:54:04",357070,0,4,375,58.382351206023,108.558495054432,6,1.23959378359518,0.772914136203737,1181282.8574596,-36.8616583434973,-71.3881743309669,1060.66,"Chillán, Nevados de",-36.863,-71.377,1
66473,"2020-02-14 06:30:04",357070,0,4,375,60.0696892177855,-86.4904391827455,2,0.32283100441211,0.255228906001267,171117.811602445,-36.8652887559915,-71.3756688405821,530.33,"Chillán, Nevados de",-36.863,-71.377,1
66475,"2020-02-15 06:12:04",357070,0,4,375,44.9291374477583,-83.6765627845215,1,0.178561186781641,0.155040123350803,59537.691809308,-36.8652887559915,-71.3756688405821,375,"Chillán, Nevados de",-36.863,-71.377,1
66476,"2020-02-16 05:06:03",357070,0,3,375,49.450143367662,106.635018051841,1,0.169764918565492,0.145923912607037,60347.5463323389,-36.8652046152475,-71.379872411859,0,"Chillán, Nevados de",-36.863,-71.377,1
66479,"2020-02-18 05:18:04",357070,0,4,375,36.6204070781169,104.578689780353,1,0.147387049323076,0.115687154964287,80240.3575956828,-36.8652046152475,-71.379872411859,0,"Chillán, Nevados de",-36.863,-71.377,1
66480,"2020-02-18 06:06:03",357070,0,3,375,37.7374897592233,-82.7582975669285,2,0.304708889452708,0.22646520846074,198054.31751092,-36.8652046152475,-71.379872411859,375,"Chillán, Nevados de",-36.863,-71.377,1
66482,"2020-02-19 05:48:03",357070,0,3,375,10.730097888872,-79.7981548799961,5,1.07051849359482,0.774654756681685,748905.084061369,-36.8652887559915,-71.3756688405821,530.33,"Chillán, Nevados de",-36.863,-71.377,1
66483,"2020-02-20 06:18:04",357070,0,4,375,50.7723885222807,-84.6188643711707,1,0.21055225285768,0.147493889325918,159616.482689773,-36.8652887559915,-71.3756688405821,375,"Chillán, Nevados de",-36.863,-71.377,1
66484,"2020-02-21 05:12:03",357070,0,3,375,43.6544154354715,105.649947335938,2,0.407884889416154,0.339051188918335,174235.304385103,-36.8618270498877,-71.3797676102055,375,"Chillán, Nevados de",-36.863,-71.377,1
66485,"2020-02-21 06:00:04",357070,0,4,375,30.2408485552716,-81.7512581385484,1,0.194211942145599,0.167191871658179,68394.5534212824,-36.8652046152475,-71.379872411859,0,"Chillán, Nevados de",-36.863,-71.377,1
66486,"2020-02-22 05:42:04",357070,0,4,375,1.20355281637173,-26.5955511392463,1,0.202504950935217,0.162179274191615,102074.369257243,-36.8652046152475,-71.379872411859,0,"Chillán, Nevados de",-36.863,-71.377,1
66487,"2020-02-23 05:24:04",357070,0,4,375,28.6342313978354,103.567085021966,2,0.33731231179334,0.298208976692242,98980.3169746548,-36.8652046152475,-71.379872411859,375,"Chillán, Nevados de",-36.863,-71.377,1
66488,"2020-02-23 06:12:03",357070,0,3,375,44.6402485194008,-83.7154519719965,1,0.185761267760088,0.149349372473515,92167.6099441381,-36.8652887559915,-71.3756688405821,375,"Chillán, Nevados de",-36.863,-71.377,1
66489,"2020-02-25 05:36:03",357070,0,3,375,10.1947410573764,101.649873682695,2,0.310088922040839,0.23441788583118,191542.3104057,-36.8652046152475,-71.379872411859,375,"Chillán, Nevados de",-36.863,-71.377,1
66490,"2020-02-25 06:24:04",357070,0,4,375,55.7746861685813,-85.5529008542204,2,0.286583299864895,0.241622648510323,113806.648741259,-36.861911180362,-71.3755642236151,530.33,"Chillán, Nevados de",-36.863,-71.377,1
66491,"2020-02-26 05:18:03",357070,0,3,375,36.9586302494937,104.673303634247,2,0.355967146578459,0.290774408284651,165019.118806201,-36.8652046152475,-71.379872411859,375,"Chillán, Nevados de",-36.863,-71.377,1
66492,"2020-02-26 06:06:04",357070,0,4,375,38.1299700892243,-82.7003132748411,1,0.183178265498354,0.154129388915883,73529.9688493813,-36.8652887559915,-71.3756688405821,375,"Chillán, Nevados de",-36.863,-71.377,1
66493,"2020-02-27 05:00:03",357070,0,3,375,54.3216876416648,107.619673880246,2,0.393596380193444,0.314107923024081,201205.157209951,-36.8652046152475,-71.379872411859,375,"Chillán, Nevados de",-36.863,-71.377,1
66494,"2020-02-27 05:48:04",357070,0,4,375,11.3015395308589,-79.5420844912142,2,0.423142967428892,0.300806936091297,309663.079323287,-36.8652887559915,-71.3756688405821,375,"Chillán, Nevados de",-36.863,-71.377,1
66495,"2020-02-27 06:36:03",357070,0,3,375,63.6954985289954,-87.4577456565567,1,0.179384904976898,0.14998752510576,74412.1177988169,-36.8653727482343,-71.37146525187,750,"Chillán, Nevados de",-36.863,-71.377,1
66497,"2020-02-28 05:30:04",357070,0,4,375,19.6338680828008,102.525724348717,3,0.590641055283107,0.448829967440958,358959.316100441,-36.8652046152475,-71.379872411859,530.33,"Chillán, Nevados de",-36.863,-71.377,1
66498,"2020-02-28 06:18:03",357070,0,3,375,50.5482292541323,-84.6490326098943,3,0.525052133378225,0.442364381468699,209303.372020986,-36.8652887559915,-71.3756688405821,838.526,"Chillán, Nevados de",-36.863,-71.377,1
66500,"2020-02-29 06:00:03",357070,0,3,375,29.8799045789147,-81.8288073917444,1,0.22564028972365,0.179899178432705,115782.187955204,-36.8652046152475,-71.379872411859,0,"Chillán, Nevados de",-36.863,-71.377,1
66501,"2020-03-01 04:54:04",357070,0,4,375,58.3764402832096,108.558632458003,1,0.212731491737403,0.191735939038342,53144.9927694982,-36.8617427709321,-71.383970979333,530.33,"Chillán, Nevados de",-36.863,-71.377,1
66502,"2020-03-01 05:42:03",357070,0,3,375,1.06358966294718,-5.69337109536591,1,0.25067382634766,0.189995070961044,153593.09957237,-36.8652046152475,-71.379872411859,0,"Chillán, Nevados de",-36.863,-71.377,1
66503,"2020-03-01 06:30:04",357070,0,4,375,60.0861352920526,-86.49268219764,3,0.64950785014098,0.561400772242884,223021.040929555,-36.8652887559915,-71.3756688405821,530.33,"Chillán, Nevados de",-36.863,-71.377,1
66504,"2020-03-02 05:24:03",357070,0,3,375,29.0046605767748,103.682705714871,1,0.2073961340271,0.160129706052035,119643.145811883,-36.8652046152475,-71.379872411859,0,"Chillán, Nevados de",-36.863,-71.377,1
66505,"2020-03-02 06:12:04",357070,0,4,375,44.9423747986253,-83.6698320116702,1,0.194683966027458,0.150786101486859,111116.46961839,-36.8686663294419,-71.3757734749843,530.33,"Chillán, Nevados de",-36.863,-71.377,1
66506,"2020-03-03 05:06:03",357070,0,3,375,49.3616870239289,106.619877374482,1,0.190269763158974,0.15319911611096,93835.0753402861,-36.8652046152475,-71.379872411859,0,"Chillán, Nevados de",-36.863,-71.377,1
66507,"2020-03-03 05:54:04",357070,0,4,375,21.2310946623402,-80.7176535277363,2,0.41187704152544,0.303630962231094,273997.888213813,-36.8652887559915,-71.3756688405821,530.33,"Chillán, Nevados de",-36.863,-71.377,1
66508,"2020-03-04 05:36:04",357070,0,4,375,9.70364062092291,101.281985832772,2,0.486559372552483,0.353067952002327,337900.158267582,-36.8652887559915,-71.3756688405821,375,"Chillán, Nevados de",-36.863,-71.377,1
66509,"2020-03-04 06:24:03",357070,0,3,375,55.598940601613,-85.5970711608866,1,0.204485005737799,0.170710447144945,85491.8514381597,-36.8686663294419,-71.3757734749843,530.33,"Chillán, Nevados de",-36.863,-71.377,1
66510,"2020-03-05 05:18:04",357070,0,4,375,36.6160432254662,104.578652361228,2,0.465042406487568,0.355081566247267,278338.376858261,-36.8652046152475,-71.379872411859,375,"Chillán, Nevados de",-36.863,-71.377,1
66511,"2020-03-05 06:06:03",357070,0,3,375,37.849398689124,-82.7716103658194,2,0.501706143215393,0.364066775185768,348399.650324989,-36.8652887559915,-71.3756688405821,530.33,"Chillán, Nevados de",-36.863,-71.377,1
66512,"2020-03-06 05:00:04",357070,0,4,375,54.1006934584937,107.553207001143,4,0.858500545330724,0.701838441618453,396550.950021684,-36.8617427709321,-71.383970979333,530.33,"Chillán, Nevados de",-36.863,-71.377,1
66513,"2020-03-06 05:48:03",357070,0,3,375,10.8931374256795,-79.8051720870542,2,0.490895870612073,0.355835603350536,341871.301505767,-36.8686663294419,-71.3757734749843,530.33,"Chillán, Nevados de",-36.863,-71.377,1
66514,"2020-03-07 05:30:03",357070,0,3,375,20.0115293494477,102.691307880241,1,0.217228818533945,0.167426210098107,126062.852603213,-36.8652887559915,-71.3756688405821,375,"Chillán, Nevados de",-36.863,-71.377,1
66515,"2020-03-08 05:12:03",357070,0,3,375,43.559687946597,105.634779804683,3,0.599104436628424,0.474183907193792,316205.090131411,-36.8652046152475,-71.379872411859,375,"Chillán, Nevados de",-36.863,-71.377,1
66516,"2020-03-08 06:00:04",357070,0,4,375,30.2469346239141,-81.7455831806819,3,0.597251058831071,0.483170218609818,288767.126810047,-36.8686663294419,-71.3757734749843,530.33,"Chillán, Nevados de",-36.863,-71.377,1
66517,"2020-03-09 04:54:03",357070,0,3,375,58.5334066641173,108.609813025137,2,0.376401058160281,0.319935413467263,142928.663129203,-36.8651203260042,-71.3840759656699,530.33,"Chillán, Nevados de",-36.863,-71.377,1
66518,"2020-03-09 05:42:04",357070,0,4,375,1.20495504295844,-27.3372342458545,2,0.446644848375173,0.31288018346885,338591.808044132,-36.8652887559915,-71.3756688405821,375,"Chillán, Nevados de",-36.863,-71.377,1
66521,"2020-03-10 05:24:04",357070,0,4,375,28.6410660743129,103.569574442572,2,0.413999794337233,0.321705836637774,233619.080426754,-36.8652046152475,-71.379872411859,375,"Chillán, Nevados de",-36.863,-71.377,1
66526,"2020-03-12 06:24:04",357070,0,4,375,55.7836252890953,-85.5597496487266,2,0.252689957641078,0.209189080188587,110111.596051619,-36.8652887559915,-71.3756688405821,530.33,"Chillán, Nevados de",-36.863,-71.377,1
66529,"2020-03-14 05:00:03",357070,0,3,375,54.2596602946045,107.609391269036,2,0.308211475010591,0.260668740406563,120342.546966448,-36.8652046152475,-71.379872411859,375,"Chillán, Nevados de",-36.863,-71.377,1
66530,"2020-03-14 05:48:04",357070,0,4,375,11.2926214790087,-79.5849601711289,3,0.52860246762681,0.398335604794695,329737.996543792,-36.8686663294419,-71.3757734749843,530.33,"Chillán, Nevados de",-36.863,-71.377,1
66531,"2020-03-14 06:36:03",357070,0,3,375,63.7323942952758,-87.4718993625956,4,0.594983369042141,0.510413790838361,214066.744828319,-36.8652887559915,-71.3756688405821,838.526,"Chillán, Nevados de",-36.863,-71.377,1
66533,"2020-03-15 06:18:03",357070,0,3,375,50.5861684329205,-84.6534846093264,3,0.455097914609209,0.380739489021082,188219.764769946,-36.8652887559915,-71.3756688405821,530.33,"Chillán, Nevados de",-36.863,-71.377,1
66534,"2020-03-16 06:00:03",357070,0,3,375,29.9556202780706,-81.8177594822387,2,0.377335079125042,0.28668996846072,229445.436369063,-36.8652887559915,-71.3756688405821,530.33,"Chillán, Nevados de",-36.863,-71.377,1
66535,"2020-03-18 05:24:03",357070,0,3,375,28.911402811993,103.677012812321,2,0.32635333272586,0.240325876810411,217756.997785981,-36.8652887559915,-71.3756688405821,375,"Chillán, Nevados de",-36.863,-71.377,1
66536,"2020-03-20 05:36:04",357070,0,4,375,9.73013782020277,101.304041495344,2,0.384019282098285,0.259445263407907,315327.98481002,-36.8652046152475,-71.379872411859,375,"Chillán, Nevados de",-36.863,-71.377,1
66537,"2020-03-20 06:24:03",357070,0,3,375,55.6364158615148,-85.58829971922,7,1.64120048800619,0.903178086319662,1868119.20426902,-36.8652887559915,-71.3756688405821,838.526,"Chillán, Nevados de",-36.863,-71.377,1
66538,"2020-03-21 05:18:04",357070,0,4,375,36.6431154600323,104.58867280761,1,0.153082245973065,0.112491720621801,102744.767295389,-36.8652046152475,-71.379872411859,0,"Chillán, Nevados de",-36.863,-71.377,1
66540,"2020-03-25 05:42:04",357070,0,4,375,1.18579046869876,-24.1091770799278,1,0.254977257861628,0.124805292030458,329497.788510149,-36.8652887559915,-71.3756688405821,375,"Chillán, Nevados de",-36.863,-71.377,1
66541,"2020-03-25 06:30:03",357070,0,3,375,59.9819060544798,-86.5289861808158,6,1.05964438536167,0.752187042221041,778251.399824717,-36.8686663294419,-71.3757734749843,1060.66,"Chillán, Nevados de",-36.863,-71.377,1
66542,"2020-03-29 06:06:04",357070,0,4,375,37.9895156610553,-82.7400243369866,1,0.141278999670459,0.126381270686688,37709.8764901714,-36.8652887559915,-71.3756688405821,375,"Chillán, Nevados de",-36.863,-71.377,1
66545,"2020-03-31 04:36:03",357070,0,3,375,65.4190554601049,110.629548902056,3,0.535407870273899,0.42056840679954,290687.391919472,-36.8615737675852,-71.3923776650764,1352.08,"Chillán, Nevados de",-36.863,-71.377,1
66549,"2020-04-01 05:12:04",357070,0,4,375,43.4447467085224,105.535540110483,2,0.302365610096902,0.230906768930946,180880.191701325,-36.8652046152475,-71.379872411859,375,"Chillán, Nevados de",-36.863,-71.377,1
66550,"2020-04-02 03:30:01",357070,0,1,1000,17.830646958012,80.4454241645243,5,1.93160262497883,1.16628730678901,14464459.5137876,-36.8720158634551,-71.3772794423447,1414.21,"Chillán, Nevados de",-36.863,-71.377,1
66551,"2020-04-02 04:54:04",357070,0,4,375,58.4605866880701,108.530220832257,9,2.13930785238616,1.24608024961415,2260982.36951665,-36.8582807965494,-71.388069177474,1352.08,"Chillán, Nevados de",-36.863,-71.377,1
66552,"2020-04-02 05:42:03",357070,0,3,375,1.10461975455437,-15.5787854968145,7,2.31156511835144,1.08738311022094,3098710.70808034,-36.8686663294419,-71.3757734749843,18809.9,"Chillán, Nevados de",-36.863,-71.377,1
66554,"2020-04-03 05:24:03",357070,0,3,375,28.8490764554536,103.663136405862,2,0.386421236311943,0.311347132943205,190031.324152117,-36.8652046152475,-71.379872411859,375,"Chillán, Nevados de",-36.863,-71.377,1
66556,"2020-04-05 05:36:04",357070,0,4,375,9.8417527589381,101.259599019898,1,0.167936920623542,0.107181453580454,153787.275952816,-36.8652046152475,-71.379872411859,0,"Chillán, Nevados de",-36.863,-71.377,1
66557,"2020-04-05 06:24:03",357070,0,3,375,55.6654882938765,-85.6048868877397,1,0.128404745169858,0.107627158507293,52593.2662396173,-36.8652887559915,-71.3756688405821,375,"Chillán, Nevados de",-36.863,-71.377,1
66558,"2020-04-06 05:18:04",357070,0,4,375,36.7103717341198,104.545478100511,4,0.588085973151052,0.430820625542004,398077.911135401,-36.8651203260042,-71.3840759656699,530.33,"Chillán, Nevados de",-36.863,-71.377,1
66559,"2020-04-06 06:06:03",357070,0,3,375,37.9531792975526,-82.783153122866,4,0.847709464412553,0.43278587158501,1050275.34434472,-36.8686663294419,-71.3757734749843,838.526,"Chillán, Nevados de",-36.863,-71.377,1
66560,"2020-04-07 05:00:04",357070,0,4,375,54.1618923122518,107.521687954756,2,0.329245453606967,0.265925453215467,160278.750990985,-36.8617427709321,-71.383970979333,530.33,"Chillán, Nevados de",-36.863,-71.377,1
66561,"2020-04-08 05:30:03",357070,0,3,375,19.8677540036485,102.67640683306,1,0.158358987775435,0.139931981958942,46643.3584729964,-36.8652887559915,-71.3756688405821,375,"Chillán, Nevados de",-36.863,-71.377,1
66562,"2020-04-08 06:10:02",357070,0,2,1000,25.2720728705071,-81.3608370260954,7,3.05029455543159,1.61300643367274,27164745.5012422,-36.8632327741136,-71.365790980576,1414.21,"Chillán, Nevados de",-36.863,-71.377,1
66563,"2020-04-08 06:18:04",357070,0,4,750,50.798498864565,-84.6600561077002,7,2.92093066536773,1.80481420124838,12367965.5680225,-36.8653727482343,-71.37146525187,1677.05,"Chillán, Nevados de",-36.863,-71.377,1
66564,"2020-04-09 03:35:01",357070,0,1,1000,6.52948364209698,78.2064130863226,4,1.24401806233195,0.979371614606108,5001817.86201841,-36.8630090110135,-71.377000245322,1414.21,"Chillán, Nevados de",-36.863,-71.377,1
66565,"2020-04-09 05:12:03",357070,0,3,375,43.4666386603563,105.629590557968,9,2.56354749976768,1.25588851744134,3310011.79901356,-36.8651203260042,-71.3840759656699,750,"Chillán, Nevados de",-36.863,-71.377,1
66566,"2020-04-09 06:00:04",357070,0,4,375,30.1778688195303,-81.7823115570652,5,1.40123610590234,0.715450040879303,1735895.97708956,-36.8652887559915,-71.3756688405821,838.526,"Chillán, Nevados de",-36.863,-71.377,1
66567,"2020-04-09 06:48:03",357070,0,3,375,69.8410897989961,-89.3021993268009,5,0.868437465386883,0.717198483629002,382823.672574635,-36.8653727482343,-71.37146525187,838.526,"Chillán, Nevados de",-36.863,-71.377,1
66569,"2020-04-10 06:30:03",357070,0,3,375,59.9818128643445,-86.5276501776241,4,0.724741497398194,0.559659357859834,417864.165706474,-36.8652887559915,-71.3756688405821,838.526,"Chillán, Nevados de",-36.863,-71.377,1
66571,"2020-04-11 04:30:03",357070,0,3,375,68.2698304436588,111.658748234799,16,3.68310301425038,1.47645822930999,5585569.61188037,-36.8614041703369,-71.4007842805993,2281.04,"Chillán, Nevados de",-36.863,-71.377,1
66572,"2020-04-11 05:00:02",357070,0,2,1000,64.7827464788732,108.183063380282,2,0.499053264501385,0.472207152511942,507391.516600466,-36.8625583170953,-71.3994184021037,2000,"Chillán, Nevados de",-36.863,-71.377,1
66573,"2020-04-11 05:24:04",357070,0,4,375,28.7077551054581,103.530415070972,7,2.19791721064995,0.91717922011189,3241868.03854947,-36.8652046152475,-71.379872411859,530.33,"Chillán, Nevados de",-36.863,-71.377,1
66574,"2020-04-11 06:12:03",357070,0,3,375,44.7813104104476,-83.727466690601,6,0.501093201116384,0.370765024445078,329893.197199243,-36.8686663294419,-71.3757734749843,1060.66,"Chillán, Nevados de",-36.863,-71.377,1
66576,"2020-04-12 05:54:03",357070,0,3,375,20.9947662410026,-80.8648303111373,5,0.768790282825498,0.509325576371258,656770.038212295,-36.8652046152475,-71.379872411859,838.526,"Chillán, Nevados de",-36.863,-71.377,1
66577,"2020-04-12 06:48:04",357070,0,4,375,67.139077400552,-88.4165649436656,1,0.132131652505471,0.105025105647337,68613.4467346517,-36.8653727482343,-71.37146525187,750,"Chillán, Nevados de",-36.863,-71.377,1
66578,"2020-04-13 04:48:04",357070,0,4,750,62.2096156095067,109.580081550694,12,3.01337027012294,1.94704471378165,11816220.071207,-36.8582807965494,-71.388069177474,2371.71,"Chillán, Nevados de",-36.863,-71.377,1
66579,"2020-04-13 05:36:03",357070,0,3,375,9.95561448690041,101.597210740427,7,1.72987082284124,0.640784365226854,2756750.09583641,-36.8652046152475,-71.379872411859,530.33,"Chillán, Nevados de",-36.863,-71.377,1
66580,"2020-04-13 06:24:04",357070,0,4,375,55.7665423954063,-85.6017800752949,5,0.657949989619406,0.446115164216824,536206.901800285,-36.8652887559915,-71.3756688405821,838.526,"Chillán, Nevados de",-36.863,-71.377,1
66582,"2020-04-14 06:06:04",357070,0,4,375,38.1050506946775,-82.7515964086659,1,0.187148986847904,0.110515592512588,193978.279411267,-36.8652887559915,-71.3756688405821,375,"Chillán, Nevados de",-36.863,-71.377,1
66589,"2020-04-18 04:54:04",357070,0,4,750,58.5032366923507,108.541678573904,16,17.2793974040263,4.20697973309193,144858728.316041,-36.8652046152475,-71.379872411859,2250,"Chillán, Nevados de",-36.863,-71.377,1
66590,"2020-04-18 05:42:03",357070,0,3,750,1.60231996418536,-5.47305587766767,7,3.98709250143298,2.06168514781542,21335920.2372745,-36.8652046152475,-71.379872411859,1060.66,"Chillán, Nevados de",-36.863,-71.377,1
66591,"2020-04-18 06:30:04",357070,0,4,375,60.0878665054408,-86.5344992745058,12,4.19037091839705,1.78863163813819,6079402.55315525,-36.8653727482343,-71.37146525187,1185.85,"Chillán, Nevados de",-36.863,-71.377,1
66594,"2020-04-20 03:15:01",357070,0,1,1000,37.6083729301655,82.8089560835134,4,1.13209550269391,0.958760196829922,3276037.2808294,-36.8720158634551,-71.3772794423447,1414.21,"Chillán, Nevados de",-36.863,-71.377,1
66595,"2020-04-20 05:06:03",357070,0,3,375,49.2569630152162,106.608833766718,5,0.851172335666669,0.634212503514235,549179.575135849,-36.8685821784274,-71.3799772309783,838.526,"Chillán, Nevados de",-36.863,-71.377,1
66596,"2020-04-20 05:54:04",357070,0,4,375,21.2454294882826,-80.7743259282694,3,0.458638979470473,0.345477885218682,286439.019824846,-36.8652887559915,-71.3756688405821,530.33,"Chillán, Nevados de",-36.863,-71.377,1
66598,"2020-04-21 04:00:01",357070,0,1,1000,35.956152368758,-103.167304737516,9,1.69579677785332,0.973198708728474,13657103.5064597,-36.8720158634551,-71.3772794423447,2000,"Chillán, Nevados de",-36.863,-71.377,1
66601,"2020-04-21 06:24:03",357070,0,3,375,55.6415653684254,-85.5881676450568,6,2.3020454770072,0.781741543241813,3848269.33234364,-36.8653727482343,-71.37146525187,838.526,"Chillán, Nevados de",-36.863,-71.377,1
66602,"2020-04-22 05:18:04",357070,0,4,375,36.6096962176137,104.540448468087,2,0.305210414242658,0.187520487077376,297902.628137119,-36.8652046152475,-71.379872411859,375,"Chillán, Nevados de",-36.863,-71.377,1
66603,"2020-04-22 06:06:03",357070,0,3,375,37.9435642916171,-82.7855040829926,2,0.21795187187013,0.176242180063214,105577.657386257,-36.8652887559915,-71.3756688405821,530.33,"Chillán, Nevados de",-36.863,-71.377,1
66604,"2020-04-26 04:54:03",357070,0,3,375,58.4820232527921,108.606089263009,7,0.932844057850471,0.664045509666276,680396.325091244,-36.8651203260042,-71.3840759656699,838.526,"Chillán, Nevados de",-36.863,-71.377,1
66605,"2020-04-26 05:42:04",357070,0,4,750,1.65946996290796,-13.4947226983694,3,1.61097565406636,0.545283873985634,11809197.0380195,-36.8652046152475,-71.379872411859,750,"Chillán, Nevados de",-36.863,-71.377,1
66606,"2020-04-26 05:55:02",357070,0,2,1000,2.78876797512631,-74.7685386708124,3,0.701063497388699,0.499416703006336,3811124.41382665,-36.8630090110135,-71.377000245322,1000,"Chillán, Nevados de",-36.863,-71.377,1
66607,"2020-04-26 06:30:03",357070,0,3,375,59.979193527043,-86.5309675927466,6,1.06504841551056,0.574162843927676,1242554.10306919,-36.8652887559915,-71.3756688405821,838.526,"Chillán, Nevados de",-36.863,-71.377,1
66608,"2020-04-29 04:48:04",357070,0,4,375,62.078432895891,109.52390491537,3,0.334076915590109,0.226513517833521,272269.850571363,-36.8616583434973,-71.3881743309669,838.526,"Chillán, Nevados de",-36.863,-71.377,1
66609,"2020-04-29 05:36:03",357070,0,3,375,9.99523527342997,101.619486528168,2,0.20506884669864,0.158523306802619,117818.397861802,-36.8686663294419,-71.3757734749843,530.33,"Chillán, Nevados de",-36.863,-71.377,1
66610,"2020-04-29 06:24:04",357070,0,4,375,55.8038897530931,-85.6048209452773,2,0.215627437431073,0.170299166456764,114737.185903718,-36.8619951623533,-71.3713608195923,838.526,"Chillán, Nevados de",-36.863,-71.377,1
66611,"2020-05-01 05:00:03",357070,0,3,375,54.2286567355812,107.601707856484,1,0.135966405523854,0.105940663546526,76002.6593801102,-36.8651203260042,-71.3840759656699,375,"Chillán, Nevados de",-36.863,-71.377,1
66612,"2020-05-01 05:48:04",357070,0,4,375,11.3647644316527,-79.605476292361,3,0.420681433746691,0.300433840917004,304376.719350145,-36.8652887559915,-71.3756688405821,530.33,"Chillán, Nevados de",-36.863,-71.377,1
66613,"2020-05-02 05:30:04",357070,0,4,375,19.5737781191672,102.477061613822,2,0.295049419005424,0.224294573503122,179098.202677701,-36.8652046152475,-71.379872411859,375,"Chillán, Nevados de",-36.863,-71.377,1
66614,"2020-05-02 06:18:03",357070,0,3,375,50.5910063354159,-84.647468101366,3,0.406444448982275,0.322322812362888,212932.892692823,-36.8652887559915,-71.3756688405821,530.33,"Chillán, Nevados de",-36.863,-71.377,1
66615,"2020-05-03 06:00:03",357070,0,3,375,29.9746627915525,-81.8291600538689,1,0.132764016919177,0.110451548513324,56478.4356523159,-36.8652046152475,-71.379872411859,0,"Chillán, Nevados de",-36.863,-71.377,1
66616,"2020-05-05 05:24:03",357070,0,3,375,28.8989087464039,103.677197278972,1,0.124723834786999,0.105548742693835,48536.9518608215,-36.8652887559915,-71.3756688405821,375,"Chillán, Nevados de",-36.863,-71.377,1
66617,"2020-05-05 06:12:04",357070,0,4,375,45.0016896416158,-83.7220477230334,1,0.176406533635368,0.102605125574901,186809.814153056,-36.8652887559915,-71.3756688405821,375,"Chillán, Nevados de",-36.863,-71.377,1
66620,"2020-05-06 06:42:03",357070,0,3,375,67.0433930616894,-88.3989889578387,3,0.363201960539508,0.294690998833225,173418.37181903,-36.8686663294419,-71.3757734749843,838.526,"Chillán, Nevados de",-36.863,-71.377,1
66621,"2020-05-07 05:36:04",357070,0,4,375,9.60156629179852,101.240631894605,2,0.384118392921123,0.260985788424127,311679.40513302,-36.8652046152475,-71.379872411859,375,"Chillán, Nevados de",-36.863,-71.377,1
66622,"2020-05-07 06:24:03",357070,0,3,375,55.6125024626637,-85.5786707727895,2,0.328274507544122,0.260794446339958,170808.904923039,-36.8652887559915,-71.3756688405821,530.33,"Chillán, Nevados de",-36.863,-71.377,1
66624,"2020-05-08 05:18:04",357070,0,4,375,36.5430340601046,104.536803056152,1,0.20560578377056,0.130424329028288,190303.057316374,-36.8652046152475,-71.379872411859,0,"Chillán, Nevados de",-36.863,-71.377,1
66625,"2020-05-08 06:06:03",357070,0,3,375,37.8762925673428,-82.7565179598695,2,0.326568022159668,0.25457380305677,182235.36710421,-36.8652046152475,-71.379872411859,530.33,"Chillán, Nevados de",-36.863,-71.377,1
66626,"2020-05-11 05:12:03",357070,0,3,375,43.5370619857835,105.639478969816,4,0.360005026501521,0.270340796050226,226962.583329842,-36.8652046152475,-71.379872411859,530.33,"Chillán, Nevados de",-36.863,-71.377,1
66627,"2020-05-11 06:00:04",357070,0,4,375,30.3378486527352,-81.8067106480928,3,0.267231896585228,0.213174775877577,136832.086791242,-36.8686663294419,-71.3757734749843,530.33,"Chillán, Nevados de",-36.863,-71.377,1
66628,"2020-05-12 05:42:04",357070,0,4,375,1.25345370034531,-32.6563091901811,3,0.328493602283569,0.263622873239781,164204.032892089,-36.8652887559915,-71.3756688405821,530.33,"Chillán, Nevados de",-36.863,-71.377,1
66629,"2020-05-13 05:24:04",357070,0,4,375,28.5379345964017,103.516579574747,1,0.0974723798073578,0.0782450972098423,48669.0590749612,-36.8652887559915,-71.3756688405821,375,"Chillán, Nevados de",-36.863,-71.377,1
66630,"2020-05-13 06:12:03",357070,0,3,375,44.7084302983986,-83.715449273852,3,0.343446645302685,0.233405329281761,278542.081177963,-36.8686663294419,-71.3757734749843,530.33,"Chillán, Nevados de",-36.863,-71.377,1
66631,"2020-05-16 05:18:03",357070,0,3,375,36.8947992040067,104.674037941316,2,0.396069577592309,0.236210926851291,404642.2096882,-36.8652046152475,-71.379872411859,375,"Chillán, Nevados de",-36.863,-71.377,1
66632,"2020-05-16 06:06:04",357070,0,4,375,38.2108761354171,-82.7560404210232,3,0.61546756349178,0.342405828245798,691187.517341394,-36.8652887559915,-71.3756688405821,530.33,"Chillán, Nevados de",-36.863,-71.377,1
66637,"2020-05-18 05:30:04",357070,0,4,375,19.5173113984441,102.47767585597,1,0.150681119546556,0.115358106093405,89411.3778032879,-36.8652046152475,-71.379872411859,0,"Chillán, Nevados de",-36.863,-71.377,1
66638,"2020-05-21 05:24:03",357070,0,3,375,29.0061434775918,103.689944970962,2,0.144639965090837,0.103465790751572,104222.128796265,-36.8652046152475,-71.379872411859,375,"Chillán, Nevados de",-36.863,-71.377,1
66639,"2020-05-21 06:12:04",357070,0,4,375,45.0206821503642,-83.723867779195,4,0.330662113562669,0.213329262161371,296998.780109534,-36.8653727482343,-71.37146525187,838.526,"Chillán, Nevados de",-36.863,-71.377,1
66640,"2020-05-22 05:54:04",357070,0,4,375,21.3698089028341,-80.80301173793,5,0.472260992064844,0.311293579104035,407448.764057048,-36.8652887559915,-71.3756688405821,530.33,"Chillán, Nevados de",-36.863,-71.377,1
66641,"2020-05-22 06:42:03",357070,0,3,375,67.0047615054407,-88.3802540503806,8,0.726133195589762,0.519416189618683,523252.421364293,-36.8653727482343,-71.37146525187,1185.85,"Chillán, Nevados de",-36.863,-71.377,1
66642,"2020-05-23 05:36:04",357070,0,4,375,9.56138977198013,101.233711614217,3,0.404565331287692,0.274677795716088,328777.824415623,-36.8652887559915,-71.3756688405821,375,"Chillán, Nevados de",-36.863,-71.377,1
66643,"2020-05-23 06:24:03",357070,0,3,375,55.5599417761716,-85.5735128690755,4,0.630727073386623,0.393397185669476,600741.278284027,-36.8686663294419,-71.3757734749843,838.526,"Chillán, Nevados de",-36.863,-71.377,1
66644,"2020-05-25 05:00:04",357070,0,4,375,54.0328157407453,107.501759275956,2,0.310480796436024,0.24502215792298,165692.178736144,-36.8651203260042,-71.3840759656699,375,"Chillán, Nevados de",-36.863,-71.377,1
66645,"2020-05-25 05:48:03",357070,0,3,375,10.8049187452553,-79.8222317849806,3,0.521887463983161,0.371764125391701,379999.700809633,-36.8652887559915,-71.3756688405821,530.33,"Chillán, Nevados de",-36.863,-71.377,1
66646,"2020-05-25 06:36:04",357070,0,4,375,63.8863927836047,-87.490001038458,4,0.642802016663557,0.48273822219361,405161.479752054,-36.8686663294419,-71.3757734749843,838.526,"Chillán, Nevados de",-36.863,-71.377,1
66648,"2020-05-31 06:24:04",357070,0,4,375,55.8352331628436,-85.6133080332821,2,0.263861762406652,0.18235514791469,206313.617932779,-36.8652887559915,-71.3756688405821,530.33,"Chillán, Nevados de",-36.863,-71.377,1
66649,"2020-06-01 06:06:04",357070,0,4,375,38.2167017403429,-82.754506992425,3,0.347927839714099,0.291345287311112,143224.585770062,-36.8652046152475,-71.379872411859,530.33,"Chillán, Nevados de",-36.863,-71.377,1
66651,"2020-06-04 06:00:02",357070,0,2,1000,14.2959230454358,-80.1696602537863,3,0.523667165829967,0.38782385688714,2567438.53901943,-36.8632327741136,-71.365790980576,1000,"Chillán, Nevados de",-36.863,-71.377,1
66652,"2020-06-04 06:00:03",357070,0,3,375,29.7284303712346,-81.7849176480221,8,1.83840078018903,0.618157088734708,3088741.84399376,-36.8652887559915,-71.3756688405821,1060.66,"Chillán, Nevados de",-36.863,-71.377,1
66653,"2020-06-05 04:54:04",357070,0,4,375,58.3228041593542,108.509468349358,2,0.26380802359469,0.187444738380106,193294.565699415,-36.8617427709321,-71.383970979333,530.33,"Chillán, Nevados de",-36.863,-71.377,1
66654,"2020-06-05 05:42:03",357070,0,3,375,1.04058765709621,2.56355821129046,2,0.284811453410972,0.20607617387488,199298.676325733,-36.8652887559915,-71.3756688405821,530.33,"Chillán, Nevados de",-36.863,-71.377,1
66655,"2020-06-05 06:30:04",357070,0,4,375,60.1432132537702,-86.5502477275327,2,0.242071374446819,0.201039034806801,103863.109713795,-36.8652887559915,-71.3756688405821,530.33,"Chillán, Nevados de",-36.863,-71.377,1
66656,"2020-06-10 03:45:01",357070,0,1,1000,15.9859249999999,-100.712304166667,4,0.781596255617852,0.469593085730399,5896859.91087286,-36.8630090110135,-71.377000245322,1414.21,"Chillán, Nevados de",-36.863,-71.377,1
66657,"2020-06-10 05:00:04",357070,0,4,375,54.0407337914273,107.505393160344,9,3.96336310803887,0.630342515766089,8436708.37419047,-36.8651203260042,-71.3840759656699,838.526,"Chillán, Nevados de",-36.863,-71.377,1
66658,"2020-06-10 05:25:02",357070,0,2,1000,45.9339757820383,104.36751765893,7,1.10785800928798,0.848240471367251,4906771.46670179,-36.8540021430746,-71.3767211723409,2236.07,"Chillán, Nevados de",-36.863,-71.377,1
66659,"2020-06-10 05:48:03",357070,0,3,750,10.6575957617842,-79.8438742153503,5,1.21790107675686,0.6908313198972,5840591.74320111,-36.8721279134616,-71.3716741686415,1060.66,"Chillán, Nevados de",-36.863,-71.377,1
66660,"2020-06-10 06:36:04",357070,0,4,750,63.9449395707192,-87.486425044526,12,2.84142355687123,1.65358864833716,13162695.5801932,-36.8653727482343,-71.37146525187,2371.71,"Chillán, Nevados de",-36.863,-71.377,1
66661,"2020-06-13 04:15:01",357070,0,1,1000,54.9915981735158,-106.17800608828,6,0.695853289910444,0.580007253990561,2189490.0788858,-36.8630090110135,-71.377000245322,1414.21,"Chillán, Nevados de",-36.863,-71.377,1
66662,"2020-06-13 04:54:03",357070,0,3,375,58.6763185208843,108.666299072516,9,1.35606311695147,0.46718619642823,2249969.70507445,-36.8617427709321,-71.383970979333,1125,"Chillán, Nevados de",-36.863,-71.377,1
66663,"2020-06-13 05:42:04",357070,0,4,375,1.2531729635562,-32.34684015582,5,1.07971051878509,0.270745249547404,2047693.3377579,-36.8652046152475,-71.379872411859,838.526,"Chillán, Nevados de",-36.863,-71.377,1
66664,"2020-06-13 05:55:02",357070,0,2,1000,2.63277604976672,-73.9772200622084,5,0.649122909617472,0.457025140238803,3630647.84125686,-36.8722396993981,-71.3660688639861,1414.21,"Chillán, Nevados de",-36.863,-71.377,1
66665,"2020-06-13 06:30:03",357070,0,3,375,59.8023119031041,-86.4794971655667,8,2.19317736970997,0.44998192761877,4412463.46279335,-36.8653727482343,-71.37146525187,1185.85,"Chillán, Nevados de",-36.863,-71.377,1
66666,"2020-06-14 03:20:01",357070,0,1,1000,29.1699382369456,81.8294665918024,3,0.624184784817806,0.487849543927313,2576736.05283031,-36.8630090110135,-71.377000245322,1414.21,"Chillán, Nevados de",-36.863,-71.377,1
66667,"2020-06-14 04:30:03",357070,0,3,375,68.4100322596635,111.721501836604,2,0.234521664374107,0.191540248794679,108796.708185427,-36.8614890431978,-71.3965809816307,1912.13,"Chillán, Nevados de",-36.863,-71.377,1
66668,"2020-06-14 05:24:04",357070,0,4,375,28.547039768859,103.520861706762,5,2.80047946146942,0.483513021293754,5864821.30169466,-36.8652046152475,-71.379872411859,530.33,"Chillán, Nevados de",-36.863,-71.377,1
66669,"2020-06-14 06:12:03",357070,0,3,375,44.4880836038109,-83.675060152985,6,1.65486702123104,0.582631117086382,2714097.13236617,-36.8685821784274,-71.3799772309783,838.526,"Chillán, Nevados de",-36.863,-71.377,1
66670,"2020-06-15 04:05:01",357070,0,1,1000,43.2249698015531,-104.172424503883,2,0.376350586618374,0.313352197026561,1190669.56328526,-36.8720158634551,-71.3772794423447,1000,"Chillán, Nevados de",-36.863,-71.377,1
66671,"2020-06-15 05:06:04",357070,0,4,375,49.0679507104747,106.507976723277,7,1.61679207346934,0.632113750921739,2492467.00394861,-36.8652046152475,-71.379872411859,530.33,"Chillán, Nevados de",-36.863,-71.377,1
66672,"2020-06-15 05:54:03",357070,0,3,375,20.5275104283213,-80.8005587265038,5,1.9408731228664,0.438300283481301,3803387.49969354,-36.8686663294419,-71.3757734749843,838.526,"Chillán, Nevados de",-36.863,-71.377,1
66673,"2020-06-15 06:42:04",357070,0,4,375,67.1763231595401,-88.4360197650866,9,1.13269188244526,0.703852356467947,1085500.05013007,-36.8619951623533,-71.3713608195923,1352.08,"Chillán, Nevados de",-36.863,-71.377,1
66674,"2020-06-21 04:54:04",357070,0,4,375,58.3443153422195,108.513476614014,5,0.516075859100181,0.358268953594446,399448.729561394,-36.8650358882635,-71.3882795019841,838.526,"Chillán, Nevados de",-36.863,-71.377,1
66675,"2020-06-21 05:42:03",357070,0,3,375,1.03429148160138,12.145144648024,4,0.413277604770167,0.261140258709932,385097.657214969,-36.8652046152475,-71.379872411859,530.33,"Chillán, Nevados de",-36.863,-71.377,1
66676,"2020-06-21 06:30:04",357070,0,4,375,60.1303834294745,-86.5474715506731,5,0.458750051491159,0.307774004900307,382158.117933093,-36.8686663294419,-71.3757734749843,838.526,"Chillán, Nevados de",-36.863,-71.377,1
66677,"2020-06-23 05:54:04",357070,0,4,375,21.3244604271676,-80.7948309961449,1,0.0854621675169308,0.0663374972223524,48409.3216831515,-36.8652887559915,-71.3756688405821,375,"Chillán, Nevados de",-36.863,-71.377,1
66678,"2020-06-24 04:42:03",357070,0,3,375,62.3994452296726,109.682585333895,10,0.938348166709259,0.604745409024392,844431.98038982,-36.8650358882635,-71.3882795019841,1185.85,"Chillán, Nevados de",-36.863,-71.377,1
66680,"2020-06-25 05:18:04",357070,0,4,375,36.5644628024646,104.542001319611,6,1.3237882095943,0.277850623189461,2647529.51558725,-36.8652046152475,-71.379872411859,530.33,"Chillán, Nevados de",-36.863,-71.377,1
66681,"2020-06-25 06:06:03",357070,0,3,375,37.5267173631093,-82.7176290462708,5,0.892230058474652,0.222201706974879,1696009.2647338,-36.8652887559915,-71.3756688405821,530.33,"Chillán, Nevados de",-36.863,-71.377,1
66682,"2020-06-25 06:20:02",357070,0,2,1000,42.618391959799,-83.2725376884422,2,0.193660079138961,0.167729677077405,490084.598963408,-36.8630090110135,-71.377000245322,1000,"Chillán, Nevados de",-36.863,-71.377,1
66683,"2020-06-27 05:30:03",357070,0,3,375,20.4546129318192,102.741925696452,2,0.195789108484002,0.167562529831314,71448.5272146161,-36.8685821784274,-71.3799772309783,375,"Chillán, Nevados de",-36.863,-71.377,1
66684,"2020-06-27 06:10:02",357070,0,2,1000,25.0407255676208,-81.3302912142151,2,0.400196377454468,0.297254118835394,1945608.68790051,-36.8630090110135,-71.377000245322,1000,"Chillán, Nevados de",-36.863,-71.377,1
66685,"2020-06-27 06:18:04",357070,0,4,375,50.7962577831281,-84.6518165457365,8,1.16794692181518,0.668509329092047,1264201.40658043,-36.8652887559915,-71.3756688405821,838.526,"Chillán, Nevados de",-36.863,-71.377,1
66687,"2020-07-02 03:10:01",357070,0,1,1000,45.5946602870813,83.857186602871,3,0.424638851812963,0.36615540076968,1105337.22471805,-36.8630090110135,-71.377000245322,1414.21,"Chillán, Nevados de",-36.863,-71.377,1
66688,"2020-07-02 04:48:04",357070,0,4,375,62.0834929698787,109.529779773161,10,1.38145165693759,0.63227033004199,1896365.23370448,-36.8616583434973,-71.3881743309669,1352.08,"Chillán, Nevados de",-36.863,-71.377,1
66689,"2020-07-02 05:36:03",357070,0,3,375,10.531799385002,101.669167797109,5,1.21646727641638,0.294802911470464,2332962.92376936,-36.8652046152475,-71.379872411859,530.33,"Chillán, Nevados de",-36.863,-71.377,1
66690,"2020-07-02 06:24:04",357070,0,4,375,55.8008173561553,-85.6056026298817,7,1.07088597531197,0.406686268954862,1681255.50671644,-36.8652887559915,-71.3756688405821,838.526,"Chillán, Nevados de",-36.863,-71.377,1
66691,"2020-07-02 06:25:02",357070,0,2,1000,49.3393034238487,-84.16826446281,4,0.471744998048922,0.420032058459669,977374.558236881,-36.8632327741136,-71.365790980576,2000,"Chillán, Nevados de",-36.863,-71.377,1
66692,"2020-07-04 05:00:03",357070,0,3,375,54.4658246739294,107.657473904255,5,0.67705932166723,0.300443518617156,953308.751470499,-36.8651203260042,-71.3840759656699,530.33,"Chillán, Nevados de",-36.863,-71.377,1
66693,"2020-07-04 05:48:04",357070,0,4,375,11.3337423798461,-79.6388641580227,4,0.773605315206287,0.22796954219013,1381140.55044715,-36.8652046152475,-71.379872411859,530.33,"Chillán, Nevados de",-36.863,-71.377,1
66694,"2020-07-04 06:15:02",357070,0,2,1000,34.5471341463413,-82.3473109756098,1,0.118990215689631,0.0995424800282411,367562.204000266,-36.8632327741136,-71.365790980576,1000,"Chillán, Nevados de",-36.863,-71.377,1
66695,"2020-07-04 06:36:03",357070,0,3,375,63.5762436195799,-87.4115812693237,5,0.391113508384769,0.253867365287584,347404.29971475,-36.8653727482343,-71.37146525187,838.526,"Chillán, Nevados de",-36.863,-71.377,1
66696,"2020-07-06 05:12:04",357070,0,4,375,43.3111723030931,105.525947136261,9,0.966514111918583,0.361701922802,1530930.85370135,-36.8652046152475,-71.379872411859,1060.66,"Chillán, Nevados de",-36.863,-71.377,1
66697,"2020-07-06 06:00:03",357070,0,3,375,29.5977463711858,-81.7770630942051,5,0.133738858683198,0.0853858459140991,122393.563571782,-36.8652887559915,-71.3756688405821,838.526,"Chillán, Nevados de",-36.863,-71.377,1
66698,"2020-07-07 03:30:01",357070,0,1,1000,18.9792397914855,80.5909730668987,3,0.354523505697788,0.238606509395746,2190831.23010859,-36.8630090110135,-71.377000245322,1414.21,"Chillán, Nevados de",-36.863,-71.377,1
66699,"2020-07-07 05:42:03",357070,0,3,375,1.03278327601049,8.15197805331182,5,1.03917690875988,0.310807188922046,1843685.85333953,-36.8652887559915,-71.3756688405821,530.33,"Chillán, Nevados de",-36.863,-71.377,1
66700,"2020-07-07 06:30:04",357070,0,4,375,60.1019805321085,-86.536204527546,7,1.37104796434568,0.381387102108384,2505079.05753816,-36.8652887559915,-71.3756688405821,838.526,"Chillán, Nevados de",-36.863,-71.377,1
66701,"2020-07-09 03:15:01",357070,0,1,1000,38.1055430711612,82.8929438202248,3,0.390505080494783,0.350256300667223,760701.938740889,-36.8720158634551,-71.3772794423447,1414.21,"Chillán, Nevados de",-36.863,-71.377,1
66702,"2020-07-09 05:06:03",357070,0,3,375,49.5227385279227,106.6739382775,2,0.174302958333306,0.142900953022937,79486.325941872,-36.8685821784274,-71.3799772309783,530.33,"Chillán, Nevados de",-36.863,-71.377,1
66703,"2020-07-11 03:05:01",357070,0,1,1000,51.8667445054945,84.8584615384615,1,0.126986983599927,0.116615128295873,196028.065246633,-36.8627841919951,-71.3882093860254,1000,"Chillán, Nevados de",-36.863,-71.377,1
66704,"2020-07-11 05:18:04",357070,0,4,375,36.630395874263,104.544306895249,5,1.14257946099954,0.291689899396908,2153814.20280666,-36.8652046152475,-71.379872411859,530.33,"Chillán, Nevados de",-36.863,-71.377,1
66705,"2020-07-11 06:06:03",357070,0,3,375,37.6300921401119,-82.7219417165916,6,0.920970115249661,0.341959018049743,1465621.83978729,-36.8652887559915,-71.3756688405821,838.526,"Chillán, Nevados de",-36.863,-71.377,1
66706,"2020-07-11 06:20:02",357070,0,2,1000,42.604294117647,-83.2613949579831,2,0.2468538914131,0.211946824653598,659743.561754578,-36.8630090110135,-71.377000245322,1000,"Chillán, Nevados de",-36.863,-71.377,1
66707,"2020-07-14 03:35:01",357070,0,1,1000,7.5589972255251,78.6002140309156,3,0.576662411844267,0.470073702887355,2014526.59928563,-36.8717909712506,-71.3884898966035,1414.21,"Chillán, Nevados de",-36.863,-71.377,1
66708,"2020-07-14 05:12:03",357070,0,3,375,43.7525484587517,105.668601593058,7,2.46567597198723,0.613885829633472,4687343.79783294,-36.8651203260042,-71.3840759656699,530.33,"Chillán, Nevados de",-36.863,-71.377,1
66709,"2020-07-14 06:00:04",357070,0,4,375,30.2210724283528,-81.7843216186114,6,1.56757803387887,0.536492762075444,2609934.59425241,-36.8652887559915,-71.3756688405821,838.526,"Chillán, Nevados de",-36.863,-71.377,1
66710,"2020-07-14 06:48:03",357070,0,3,375,69.7778215573673,-89.2643068309602,7,0.917203384796267,0.695198927433905,561948.782698478,-36.8652887559915,-71.3756688405821,750,"Chillán, Nevados de",-36.863,-71.377,1
66711,"2020-07-15 04:15:01",357070,0,1,1000,54.9645921450151,-106.170105740181,1,0.165446534610907,0.154172852034649,213072.600691269,-36.8630090110135,-71.377000245322,0,"Chillán, Nevados de",-36.863,-71.377,1
66712,"2020-07-15 04:54:03",357070,0,3,375,58.6538719400126,108.643390164224,10,1.97434984351259,0.833903140342486,2886755.71739931,-36.8651203260042,-71.3840759656699,1352.08,"Chillán, Nevados de",-36.863,-71.377,1
66713,"2020-07-15 05:42:04",357070,0,4,375,1.18555762421338,-25.7091747345449,4,1.38274972366279,0.342354175862769,2633501.2303688,-36.8652046152475,-71.379872411859,530.33,"Chillán, Nevados de",-36.863,-71.377,1
66714,"2020-07-15 05:55:02",357070,0,2,1000,2.55589285714286,-73.0643322981365,4,0.750614211703189,0.586682469070855,3098309.93575112,-36.8630090110135,-71.377000245322,1414.21,"Chillán, Nevados de",-36.863,-71.377,1
66715,"2020-07-15 06:30:03",357070,0,3,375,59.8313673142954,-86.4877264458848,10,2.01220046738045,0.832493478506564,2986133.31558703,-36.8686663294419,-71.3757734749843,838.526,"Chillán, Nevados de",-36.863,-71.377,1
66716,"2020-07-16 03:20:01",357070,0,1,1000,29.2561473565805,81.8393419572553,1,0.111674291672756,0.09799634026134,258513.281675765,-36.8717909712506,-71.3884898966035,1414.21,"Chillán, Nevados de",-36.863,-71.377,1
66717,"2020-07-16 04:30:03",357070,0,3,375,68.391527572635,111.714671304478,12,1.29541642133583,0.890853849266751,1024049.01054985,-36.8581115169141,-71.3964754588476,2186.61,"Chillán, Nevados de",-36.863,-71.377,1
66718,"2020-07-16 05:24:04",357070,0,4,750,28.7631123570943,103.546972685545,6,2.72938010927362,1.0997051420141,18058835.7309446,-36.8652046152475,-71.379872411859,1060.66,"Chillán, Nevados de",-36.863,-71.377,1
66719,"2020-07-16 06:12:03",357070,0,3,375,44.5335544580288,-83.6852317385579,9,1.67676056331091,0.824424934184539,2157474.56122613,-36.8685821784274,-71.3799772309783,838.526,"Chillán, Nevados de",-36.863,-71.377,1
66722,"2020-07-22 05:12:04",357070,0,4,375,43.3794644538588,105.536258713342,5,1.04157631092108,0.299060823749832,1879492.32690221,-36.8618270498877,-71.3797676102055,530.33,"Chillán, Nevados de",-36.863,-71.377,1
66723,"2020-07-22 06:00:02",357070,0,2,1000,14.282342786683,-80.1574393752567,3,0.44959315814358,0.328340517097509,2291674.91577076,-36.8632327741136,-71.365790980576,1000,"Chillán, Nevados de",-36.863,-71.377,1
66724,"2020-07-22 06:00:03",357070,0,3,375,29.7177619830433,-81.777788336521,6,1.33071901851387,0.378961497549868,2409136.22494014,-36.8652887559915,-71.3756688405821,530.33,"Chillán, Nevados de",-36.863,-71.377,1
66725,"2020-07-23 03:30:01",357070,0,1,1000,18.9568516912401,80.5898222029491,3,0.438833763025537,0.293365478334222,2749350.58066585,-36.8627841919951,-71.3882093860254,1414.21,"Chillán, Nevados de",-36.863,-71.377,1
66726,"2020-07-23 04:54:04",357070,0,4,375,58.4267296834312,108.532314826771,11,3.4302144930052,0.561811914601906,7260644.02658334,-36.8651203260042,-71.3840759656699,1125,"Chillán, Nevados de",-36.863,-71.377,1
66727,"2020-07-23 05:42:03",357070,0,3,375,1.04127402451636,2.65961794798208,7,1.83441325060861,0.341364465314298,3779279.73777622,-36.8652887559915,-71.3756688405821,838.526,"Chillán, Nevados de",-36.863,-71.377,1
66728,"2020-07-23 06:30:04",357070,0,4,375,60.0722983700149,-86.5296908523773,13,1.6550617747253,0.646607906482814,2552648.8539888,-36.8686663294419,-71.3757734749843,1185.85,"Chillán, Nevados de",-36.863,-71.377,1
66729,"2020-07-24 06:12:04",357070,0,4,375,44.9027745566763,-83.7057396089204,4,0.574034826840442,0.217049805203418,903618.336018718,-36.8652887559915,-71.3756688405821,530.33,"Chillán, Nevados de",-36.863,-71.377,1
66730,"2020-07-25 03:15:01",357070,0,1,1000,38.0854064131246,82.8894854586129,4,0.540757139443309,0.44964247141642,1722067.22570821,-36.8627841919951,-71.3882093860254,1414.21,"Chillán, Nevados de",-36.863,-71.377,1
66731,"2020-07-25 05:06:03",357070,0,3,375,49.445186448503,106.651929466864,8,1.32344182954073,0.501447212100712,2080673.87539506,-36.8651203260042,-71.3840759656699,838.526,"Chillán, Nevados de",-36.863,-71.377,1
66732,"2020-07-25 05:54:04",357070,0,4,375,21.1430721322059,-80.7587563036835,6,0.944104430067281,0.377134082106518,1435143.69327568,-36.8652046152475,-71.379872411859,838.526,"Chillán, Nevados de",-36.863,-71.377,1
66733,"2020-07-25 06:42:03",357070,0,3,375,66.9635851187927,-88.3750985242559,8,0.631052928410429,0.446228130942884,467837.768589725,-36.8653727482343,-71.37146525187,1352.08,"Chillán, Nevados de",-36.863,-71.377,1
66734,"2020-07-28 03:45:01",357070,0,1,1000,15.914502704952,-100.70102372035,4,0.67464409004201,0.37813366817826,5604046.97322487,-36.8630090110135,-71.377000245322,1414.21,"Chillán, Nevados de",-36.863,-71.377,1
66735,"2020-07-28 05:00:04",357070,0,4,375,54.1730191973019,107.529745338242,12,2.24438641121818,0.59788759346575,4167700.13243585,-36.8651203260042,-71.3840759656699,1060.66,"Chillán, Nevados de",-36.863,-71.377,1
66736,"2020-07-28 05:25:02",357070,0,2,1000,46.045145145145,104.38008008008,4,0.425491267974808,0.358216946698261,1271484.67212673,-36.8632327741136,-71.365790980576,1414.21,"Chillán, Nevados de",-36.863,-71.377,1
66737,"2020-07-28 05:48:03",357070,0,3,375,10.7092341748798,-79.774240623849,6,1.46844105485436,0.316696070795644,2915354.49089862,-36.8686663294419,-71.3757734749843,530.33,"Chillán, Nevados de",-36.863,-71.377,1
66738,"2020-07-28 06:36:04",357070,0,4,375,63.8082913040463,-87.4659535919116,8,1.14472036885772,0.440019820775533,1783773.26233303,-36.8653727482343,-71.37146525187,838.526,"Chillán, Nevados de",-36.863,-71.377,1
66739,"2020-07-29 02:50:01",357070,0,1,1000,61.5590632911392,86.7599746835443,7,1.0461147810843,0.835853463514288,3973938.90207327,-36.8627841919951,-71.3882093860254,2236.07,"Chillán, Nevados de",-36.863,-71.377,1
66740,"2020-07-29 05:30:03",357070,0,3,375,20.173108066446,102.703248808504,9,2.02626267268878,0.556698287504992,3719834.84999646,-36.8652887559915,-71.3756688405821,838.526,"Chillán, Nevados de",-36.863,-71.377,1
66741,"2020-07-29 06:10:02",357070,0,2,1000,25.0655056179774,-81.3351001465558,4,0.64874828632061,0.460259646297124,3562435.29644387,-36.8632327741136,-71.365790980576,1414.21,"Chillán, Nevados de",-36.863,-71.377,1
66742,"2020-07-29 06:18:04",357070,0,4,375,50.7203886223629,-84.6462024261705,10,1.95394948920423,0.690854263159329,3197209.79092615,-36.8652887559915,-71.3756688405821,1125,"Chillán, Nevados de",-36.863,-71.377,1
66743,"2020-07-30 03:35:01",357070,0,1,1000,7.54376977848094,78.5883623417722,3,0.520559957318766,0.387652555099865,2511949.90193722,-36.8630090110135,-71.377000245322,1414.21,"Chillán, Nevados de",-36.863,-71.377,1
66744,"2020-07-30 05:12:03",357070,0,3,375,43.6660406415772,105.657959946959,7,0.4188180029091,0.208943436906262,531244.995194684,-36.8618270498877,-71.3797676102055,530.33,"Chillán, Nevados de",-36.863,-71.377,1
66745,"2020-07-30 06:00:04",357070,0,4,375,30.1275559202007,-81.776366120413,8,0.467046651115659,0.267337684526464,505513.3216789,-36.8652887559915,-71.3756688405821,838.526,"Chillán, Nevados de",-36.863,-71.377,1
66746,"2020-07-31 04:54:03",357070,0,3,375,58.5942688231682,108.635011513101,6,0.667620275641241,0.48279320605377,467843.519893288,-36.8617427709321,-71.383970979333,838.526,"Chillán, Nevados de",-36.863,-71.377,1
66747,"2020-07-31 05:42:04",357070,0,4,375,1.13996561597171,-19.9857396474928,5,0.910310369167376,0.419805647728813,1241590.07614136,-36.8652046152475,-71.379872411859,530.33,"Chillán, Nevados de",-36.863,-71.377,1
66748,"2020-07-31 05:55:02",357070,0,2,1000,2.57625826526643,-73.5762349280437,1,0.185335617618975,0.141388908137886,830592.809192574,-36.8630090110135,-71.377000245322,0,"Chillán, Nevados de",-36.863,-71.377,1
66749,"2020-07-31 06:30:03",357070,0,3,375,59.8682466269806,-86.4921208982887,10,2.15047773932835,0.823073971857525,3359990.78641053,-36.8652887559915,-71.3756688405821,838.526,"Chillán, Nevados de",-36.863,-71.377,1
66751,"2020-08-03 04:48:04",357070,0,4,375,62.1668654822978,109.554045004865,9,0.738715645272164,0.464872832966821,693164.6186479,-36.8616583434973,-71.3881743309669,1352.08,"Chillán, Nevados de",-36.863,-71.377,1
66752,"2020-08-03 05:36:03",357070,0,3,375,10.243840838251,101.630595163834,7,1.79091439706547,0.698783508254371,2764456.3123031,-36.8652046152475,-71.379872411859,530.33,"Chillán, Nevados de",-36.863,-71.377,1
66753,"2020-08-03 06:24:04",357070,0,4,375,55.7032724760848,-85.5789959276246,6,1.77488846541821,0.563581420542945,3066120.95734052,-36.8686663294419,-71.3757734749843,838.526,"Chillán, Nevados de",-36.863,-71.377,1
66754,"2020-08-04 05:18:03",357070,0,3,750,36.857393176173,104.669452660455,5,1.59667040776557,1.02498794284074,6334956.3144483,-36.8652046152475,-71.379872411859,1060.66,"Chillán, Nevados de",-36.863,-71.377,1
66755,"2020-08-04 05:30:02",357070,0,2,1000,38.9186303501946,103.395105058366,4,0.815637519872998,0.703649675792301,2116570.25312518,-36.8630090110135,-71.377000245322,1414.21,"Chillán, Nevados de",-36.863,-71.377,1
66756,"2020-08-04 06:06:04",357070,0,4,750,38.0727291490082,-82.7552601502757,6,1.67001273161854,1.15138080921196,5747089.99016789,-36.8721279134616,-71.3716741686415,1060.66,"Chillán, Nevados de",-36.863,-71.377,1
66757,"2020-08-06 03:40:01",357070,0,1,1000,4.36599141295863,-97.353844652615,2,0.24854519569239,0.177570656401049,1341418.79260635,-36.8630090110135,-71.377000245322,1414.21,"Chillán, Nevados de",-36.863,-71.377,1
66758,"2020-08-06 05:20:02",357070,0,2,1000,52.0141480446929,105.326941340782,3,0.304639135846452,0.271180664057567,632365.116809929,-36.8540021430746,-71.3767211723409,1414.21,"Chillán, Nevados de",-36.863,-71.377,1
66759,"2020-08-06 05:30:04",357070,0,4,375,19.8387056679955,102.517870957715,6,1.70200213977404,0.319406358573702,3499695.57116334,-36.8618270498877,-71.3797676102055,530.33,"Chillán, Nevados de",-36.863,-71.377,1
66760,"2020-08-06 06:18:03",357070,0,3,375,50.4814267790613,-84.6098688906385,9,1.30679800064486,0.473019549008682,2110501.70570408,-36.8652887559915,-71.3756688405821,1185.85,"Chillán, Nevados de",-36.863,-71.377,1
66761,"2020-08-07 05:12:04",357070,0,4,375,43.4627583759674,105.549393472494,9,1.05957346133775,0.623631995372538,1103476.83572443,-36.8618270498877,-71.3797676102055,750,"Chillán, Nevados de",-36.863,-71.377,1
66762,"2020-08-07 06:00:02",357070,0,2,1000,14.2684791496319,-80.1577841373669,3,0.581010785697213,0.424713094841664,2954026.35716987,-36.8632327741136,-71.365790980576,1000,"Chillán, Nevados de",-36.863,-71.377,1
66763,"2020-08-07 06:00:03",357070,0,3,375,29.7969074474483,-81.7839855809124,6,1.71420622166807,0.532284140447394,2991740.26808984,-36.8652887559915,-71.3756688405821,530.33,"Chillán, Nevados de",-36.863,-71.377,1
66764,"2020-08-08 03:30:01",357070,0,1,1000,18.9731173913042,80.5899217391308,3,0.521906956741794,0.401123863004414,2282800.47163649,-36.8630090110135,-71.377000245322,1414.21,"Chillán, Nevados de",-36.863,-71.377,1
66765,"2020-08-08 04:54:04",357070,0,4,375,58.4777408127965,108.545276032096,4,0.252125787430996,0.169790426052872,208411.383488375,-36.8651203260042,-71.3840759656699,838.526,"Chillán, Nevados de",-36.863,-71.377,1
66766,"2020-08-08 05:42:03",357070,0,3,375,1.05403682643212,-3.21962920823991,5,0.628500622657991,0.278546154928039,885822.246441441,-36.8652887559915,-71.3756688405821,530.33,"Chillán, Nevados de",-36.863,-71.377,1
66767,"2020-08-08 06:30:04",357070,0,4,375,60.0071712825531,-86.5097880968091,6,0.729401673552669,0.389731336058983,859790.541780893,-36.8652887559915,-71.3756688405821,838.526,"Chillán, Nevados de",-36.863,-71.377,1
66769,"2020-08-09 05:24:03",357070,0,3,375,29.0427844449097,103.688183644762,6,0.414579316350977,0.186268859610711,577910.843623798,-36.8652046152475,-71.379872411859,530.33,"Chillán, Nevados de",-36.863,-71.377,1
66770,"2020-08-09 05:50:02",357070,0,2,1000,9.30969187675058,99.8506642657064,1,0.0891151654573442,0.0678587573154865,401746.113881109,-36.8630090110135,-71.377000245322,0,"Chillán, Nevados de",-36.863,-71.377,1
66771,"2020-08-09 06:12:04",357070,0,4,375,44.7949805201585,-83.6731479603722,9,0.960709034231736,0.491723583872605,1187119.42122155,-36.8686663294419,-71.3757734749843,1060.66,"Chillán, Nevados de",-36.863,-71.377,1
66772,"2020-08-10 03:15:01",357070,0,1,1000,38.1138822652758,82.8900149031297,4,0.499625530028458,0.410033759260429,1693284.46751574,-36.8720158634551,-71.3772794423447,1414.21,"Chillán, Nevados de",-36.863,-71.377,1
66773,"2020-08-10 05:06:03",357070,0,3,375,49.3796154854416,106.635546634257,11,1.95527447926942,0.643007708427264,3321675.26369421,-36.8652046152475,-71.379872411859,1060.66,"Chillán, Nevados de",-36.863,-71.377,1
66774,"2020-08-10 05:54:04",357070,0,4,375,21.0154151789564,-80.743579602244,7,1.52099596025292,0.393403902871093,2854217.39524774,-36.8686663294419,-71.3757734749843,838.526,"Chillán, Nevados de",-36.863,-71.377,1
66775,"2020-08-10 06:42:03",357070,0,3,375,66.99090934601,-88.3748703138243,10,0.989596190917901,0.622578991735834,929012.285429606,-36.8686663294419,-71.3757734749843,1060.66,"Chillán, Nevados de",-36.863,-71.377,1
66776,"2020-08-11 04:00:01",357070,0,1,1000,35.4856191074797,-103.09664990572,2,0.277123324300387,0.230981340319161,872083.497245172,-36.8717909712506,-71.3884898966035,1414.21,"Chillán, Nevados de",-36.863,-71.377,1
66777,"2020-08-11 04:48:03",357070,0,3,375,62.2499201655515,109.637018699258,14,3.01204226522944,0.863354749082901,5438865.27524592,-36.8617427709321,-71.383970979333,1677.05,"Chillán, Nevados de",-36.863,-71.377,1
66778,"2020-08-11 05:35:02",357070,0,2,1000,30.4180207732258,102.420565493364,3,0.471158551876964,0.331361939390124,2642155.97600129,-36.8630090110135,-71.377000245322,1000,"Chillán, Nevados de",-36.863,-71.377,1
66779,"2020-08-11 05:36:04",357070,0,4,750,10.0135077761807,101.255267736768,6,1.24821699438578,0.782553926621055,5160128.86966781,-36.8652046152475,-71.379872411859,1060.66,"Chillán, Nevados de",-36.863,-71.377,1
66780,"2020-08-11 06:24:03",357070,0,3,375,55.5483134927786,-85.5635276565004,9,2.08080127646925,0.592232016607876,3767940.9390241,-36.8686663294419,-71.3757734749843,838.526,"Chillán, Nevados de",-36.863,-71.377,1
66781,"2020-08-12 03:05:01",357070,0,1,1000,51.8756164383562,84.8623972602739,5,0.703379743286244,0.578002507445705,2369629.75738619,-36.8717909712506,-71.3884898966035,2236.07,"Chillán, Nevados de",-36.863,-71.377,1
66782,"2020-08-12 05:18:04",357070,0,4,375,36.8121961848431,104.5736600579,8,2.03667520950206,0.559657395000358,3738701.34295744,-36.8652046152475,-71.379872411859,750,"Chillán, Nevados de",-36.863,-71.377,1
66783,"2020-08-12 06:06:03",357070,0,3,375,37.7776639801761,-82.7306445972981,8,1.60589356685663,0.547150375721996,2679943.70255955,-36.8652887559915,-71.3756688405821,838.526,"Chillán, Nevados de",-36.863,-71.377,1
66784,"2020-08-12 06:20:02",357070,0,2,1000,42.6409356725145,-83.2648287385129,6,0.851431847040089,0.680332433212208,3233778.92134694,-36.8632327741136,-71.365790980576,2236.07,"Chillán, Nevados de",-36.863,-71.377,1
66785,"2020-08-13 03:45:01",357070,0,1,1000,15.887104714226,-100.699002920317,3,0.526189714045795,0.37512234860662,2855173.2068004,-36.8630090110135,-71.377000245322,1414.21,"Chillán, Nevados de",-36.863,-71.377,1
66786,"2020-08-15 03:35:01",357070,0,1,1000,7.57094332144267,78.5951288149029,1,0.136082467826208,0.0775374839352993,1106500.19553818,-36.8630090110135,-71.377000245322,0,"Chillán, Nevados de",-36.863,-71.377,1
66787,"2020-08-15 05:12:03",357070,0,3,375,43.6007162193096,105.648854512977,8,1.39390395009252,0.381897260809594,2561641.93224741,-36.8652046152475,-71.379872411859,838.526,"Chillán, Nevados de",-36.863,-71.377,1
66788,"2020-08-15 06:00:04",357070,0,4,375,29.9867329802449,-81.743885128786,5,1.00205540297821,0.250948787480253,1901238.62047921,-36.8652046152475,-71.379872411859,530.33,"Chillán, Nevados de",-36.863,-71.377,1
66789,"2020-08-15 06:48:03",357070,0,3,375,69.8010296056584,-89.2791457535898,13,1.87265313968791,0.696283073620849,2977686.72973226,-36.8652887559915,-71.3756688405821,1185.85,"Chillán, Nevados de",-36.863,-71.377,1
66790,"2020-08-16 04:54:03",357070,0,3,375,58.5516454889338,108.630513891906,7,0.835457286990319,0.528001411315785,778247.685301163,-36.8617427709321,-71.383970979333,838.526,"Chillán, Nevados de",-36.863,-71.377,1
66791,"2020-08-16 05:42:04",357070,0,4,375,1.09820206063517,-11.8466750901308,5,0.567670559652942,0.396892265149137,432282.557962757,-36.8652046152475,-71.379872411859,530.33,"Chillán, Nevados de",-36.863,-71.377,1
66792,"2020-08-16 06:30:03",357070,0,3,375,59.9004062994692,-86.4987509894393,1,0.0914584528803538,0.0743321866448419,43350.8614086394,-36.8653727482343,-71.37146525187,750,"Chillán, Nevados de",-36.863,-71.377,1
66793,"2020-08-17 03:20:01",357070,0,1,1000,29.2602417088252,81.8399718943227,3,0.4865010890477,0.345392604182004,2666950.36396165,-36.8630090110135,-71.377000245322,1414.21,"Chillán, Nevados de",-36.863,-71.377,1
66794,"2020-08-17 04:30:03",357070,0,3,375,68.3224535364427,111.692798906365,23,2.75346650279741,1.42030171259946,3374573.37518856,-36.8581115169141,-71.3964754588476,2371.71,"Chillán, Nevados de",-36.863,-71.377,1
66795,"2020-08-17 05:24:04",357070,0,4,375,28.9041802671635,103.564147580566,8,1.96153820299492,0.501371865638187,3696046.04143422,-36.8652887559915,-71.3756688405821,838.526,"Chillán, Nevados de",-36.863,-71.377,1
66796,"2020-08-17 06:12:03",357070,0,3,375,44.6357027566842,-83.6788421788797,8,2.04911940472335,0.53605870362864,3829934.899646,-36.8652887559915,-71.3756688405821,838.526,"Chillán, Nevados de",-36.863,-71.377,1
66797,"2020-08-18 05:06:04",357070,0,4,375,49.3082305705404,106.554367764185,10,1.04988836259229,0.678937554856995,938969.232079963,-36.8652046152475,-71.379872411859,838.526,"Chillán, Nevados de",-36.863,-71.377,1
66798,"2020-08-18 05:54:03",357070,0,3,375,20.8062292790476,-80.8081668730184,4,0.476861393178227,0.288124160145007,477741.121115339,-36.8686663294419,-71.3757734749843,530.33,"Chillán, Nevados de",-36.863,-71.377,1
66799,"2020-08-19 03:10:01",357070,0,1,1000,45.6117528735632,83.8605363984676,2,0.258535732635216,0.206353915807099,986236.338051408,-36.8627841919951,-71.3882093860254,1000,"Chillán, Nevados de",-36.863,-71.377,1
66800,"2020-08-19 05:36:03",357070,0,3,375,10.1520336422003,101.600745145809,6,1.39165951136016,0.274881070562253,2826845.42826969,-36.8652887559915,-71.3756688405821,530.33,"Chillán, Nevados de",-36.863,-71.377,1
66801,"2020-08-19 06:24:04",357070,0,4,375,55.622566135457,-85.5519625517294,7,1.60711134912246,0.333070135693858,3224916.82149114,-36.8652887559915,-71.3756688405821,838.526,"Chillán, Nevados de",-36.863,-71.377,1
66802,"2020-08-20 05:18:03",357070,0,3,375,36.9187489951781,104.683313510124,5,1.57221000542398,0.40836757710525,2945976.14668179,-36.8652046152475,-71.379872411859,530.33,"Chillán, Nevados de",-36.863,-71.377,1
66803,"2020-08-20 06:06:04",357070,0,4,375,37.8984952153906,-82.7305916587342,8,1.88763349939865,0.635568143463716,3169290.43221029,-36.8652887559915,-71.3756688405821,20336.6,"Chillán, Nevados de",-36.863,-71.377,1
66804,"2020-08-21 02:55:01",357070,0,1,1000,57.1111044176707,85.8328313253011,1,0.166972742015016,0.153864443758231,247746.837053239,-36.8632327741136,-71.365790980576,1000,"Chillán, Nevados de",-36.863,-71.377,1
66805,"2020-08-21 05:00:03",357070,0,3,375,54.2870743601386,107.625968579527,12,3.09780334160229,0.961795786103055,5406769.12485743,-36.8652046152475,-71.379872411859,838.526,"Chillán, Nevados de",-36.863,-71.377,1
66806,"2020-08-21 05:48:04",357070,0,4,375,10.9397128491516,-79.5377989880372,5,2.22606277551144,0.414156942533096,4586386.63972644,-36.8652887559915,-71.3756688405821,530.33,"Chillán, Nevados de",-36.863,-71.377,1
66807,"2020-08-21 06:36:03",357070,0,3,375,63.6836204575582,-87.4360575466115,11,2.05045667058932,0.898809936706692,2915105.79514041,-36.8652887559915,-71.3756688405821,1185.85,"Chillán, Nevados de",-36.863,-71.377,1
66808,"2020-08-22 03:40:01",357070,0,1,1000,4.36806325654042,-97.3340765326044,3,0.743216341258106,0.434739261069599,5830216.81556279,-36.8630090110135,-71.377000245322,1414.21,"Chillán, Nevados de",-36.863,-71.377,1
66809,"2020-08-22 04:42:03",357070,0,3,375,65.4628135799487,110.671141792645,19,3.03806250447768,1.47206754705095,3963924.73598641,-36.8581115169141,-71.3964754588476,2186.61,"Chillán, Nevados de",-36.863,-71.377,1
66810,"2020-08-22 05:30:04",357070,0,4,375,19.9921182878121,102.532747220824,7,2.07444482109281,0.593844656942026,3747769.16550668,-36.8652887559915,-71.3756688405821,838.526,"Chillán, Nevados de",-36.863,-71.377,1
66811,"2020-08-22 06:18:03",357070,0,3,375,50.5391795734005,-84.6267978155106,7,1.63277527859407,0.586639452284604,2648031.31034583,-36.8686663294419,-71.3757734749843,1060.66,"Chillán, Nevados de",-36.863,-71.377,1
66812,"2020-08-23 05:12:04",357070,0,4,375,43.5568702593048,105.565041084664,8,1.6054031324017,0.684596463705689,2330791.88013678,-36.8618270498877,-71.3797676102055,838.526,"Chillán, Nevados de",-36.863,-71.377,1
66813,"2020-08-23 06:00:03",357070,0,3,375,29.8818754834271,-81.7977890176454,7,1.609085206838,0.628256273359081,2482723.23786852,-36.8686663294419,-71.3757734749843,838.526,"Chillán, Nevados de",-36.863,-71.377,1
66814,"2020-08-24 04:54:04",357070,0,4,375,58.539134879598,108.563216115381,4,0.344856402667334,0.212852638415947,334134.528261324,-36.8617427709321,-71.383970979333,1060.66,"Chillán, Nevados de",-36.863,-71.377,1
66815,"2020-08-27 05:36:04",357070,0,4,375,10.1379680747655,101.323144628555,2,0.184120208164489,0.126337310405235,146262.959953113,-36.8652046152475,-71.379872411859,375,"Chillán, Nevados de",-36.863,-71.377,1
66816,"2020-08-28 05:18:04",357070,0,4,375,36.925909393775,104.590508973474,7,0.688691837188018,0.473513069549225,544671.255585695,-36.8618270498877,-71.3797676102055,530.33,"Chillán, Nevados de",-36.863,-71.377,1
66817,"2020-08-30 02:50:01",357070,0,1,1000,61.5429187817258,86.7534010152284,2,0.209703162697915,0.189534669096652,381184.529063868,-36.8625583170953,-71.3994184021037,2000,"Chillán, Nevados de",-36.863,-71.377,1
66818,"2020-08-30 04:36:04",357070,0,4,375,65.4816845547544,110.606471886727,21,1.90374173093154,0.988886090688126,2315728.33936615,-36.8581962309604,-71.3922723269368,1875,"Chillán, Nevados de",-36.863,-71.377,1
66819,"2020-08-30 05:30:03",357070,0,3,375,20.0191526818659,102.6875647618,6,1.52625268112314,0.312969377105616,3071123.36329435,-36.8652046152475,-71.379872411859,530.33,"Chillán, Nevados de",-36.863,-71.377,1
66820,"2020-08-30 06:18:04",357070,0,4,375,50.5243093945257,-84.6020103789363,9,1.3766014913745,0.465513326047574,2306191.91848379,-36.8652887559915,-71.3756688405821,838.526,"Chillán, Nevados de",-36.863,-71.377,1
66821,"2020-08-31 03:35:01",357070,0,1,1000,7.54930857368622,78.5965744764916,3,0.545339998274947,0.362551492443546,3454702.76021347,-36.8630090110135,-71.377000245322,1414.21,"Chillán, Nevados de",-36.863,-71.377,1
66822,"2020-08-31 05:12:03",357070,0,3,375,43.5584783755786,105.64696650594,7,1.4455001822453,0.475153102430842,2456191.04578035,-36.8617427709321,-71.383970979333,838.526,"Chillán, Nevados de",-36.863,-71.377,1
66823,"2020-08-31 06:00:04",357070,0,4,375,29.8328650133201,-81.7220713093966,6,1.42930556415494,0.417839595277198,2560273.23372179,-36.8652046152475,-71.379872411859,530.33,"Chillán, Nevados de",-36.863,-71.377,1
66824,"2020-08-31 06:48:03",357070,0,3,375,69.8053486749615,-89.23207066625,13,1.56794260352522,0.906937364532737,1673169.51119972,-36.8652887559915,-71.3756688405821,1185.85,"Chillán, Nevados de",-36.863,-71.377,1
66825,"2020-09-01 04:15:01",357070,0,1,1000,54.9650453172205,-106.167613293051,4,0.621865808901034,0.560139808826472,1166621.40140923,-36.8632327741136,-71.365790980576,2236.07,"Chillán, Nevados de",-36.863,-71.377,1
66826,"2020-09-01 04:54:03",357070,0,3,375,58.5255762306413,108.625936329102,14,2.72822964312725,1.01318537214854,4341205.81091485,-36.8616583434973,-71.3881743309669,1352.08,"Chillán, Nevados de",-36.863,-71.377,1
66827,"2020-09-01 05:42:04",357070,0,4,375,1.0599162084182,-4.07714236975859,7,2.09158551654802,0.515531239093327,3989387.38980719,-36.8652046152475,-71.379872411859,750,"Chillán, Nevados de",-36.863,-71.377,1
66828,"2020-09-01 06:30:03",357070,0,3,375,59.9178047033125,-86.4981759000528,10,1.94683110364045,0.675329528500032,3218488.36207419,-36.8652887559915,-71.3756688405821,1185.85,"Chillán, Nevados de",-36.863,-71.377,1
66829,"2020-09-02 03:20:01",357070,0,1,1000,29.2486228218101,81.8434513771782,5,0.748560988787417,0.57237584700353,3329899.17971546,-36.8627841919951,-71.3882093860254,2236.07,"Chillán, Nevados de",-36.863,-71.377,1
66830,"2020-09-02 04:30:03",357070,0,3,375,68.3046554011161,111.684459655052,19,2.51588500315081,1.03545689510151,3747333.64849978,-36.8581962309604,-71.3922723269368,1912.13,"Chillán, Nevados de",-36.863,-71.377,1
66831,"2020-09-02 05:24:04",357070,0,4,375,29.0497867693418,103.584121328966,8,2.43140304899862,0.488218396399782,4918686.1518908,-36.8652046152475,-71.379872411859,530.33,"Chillán, Nevados de",-36.863,-71.377,1
66832,"2020-09-02 06:12:03",357070,0,3,375,44.6667604610713,-83.6791250650849,9,2.11329267802558,0.537490417018657,3988749.47317377,-36.8652887559915,-71.3756688405821,838.526,"Chillán, Nevados de",-36.863,-71.377,1
66833,"2020-09-04 03:10:01",357070,0,1,1000,45.6047792706334,83.8663627639155,1,0.0939249546684998,0.0806244663055187,251379.230060343,-36.8717909712506,-71.3884898966035,1414.21,"Chillán, Nevados de",-36.863,-71.377,1
66834,"2020-09-04 04:42:04",357070,0,4,375,62.2692208856483,109.590143746392,12,0.825967924796352,0.489012249858066,852919.052187536,-36.8616583434973,-71.3881743309669,1590.99,"Chillán, Nevados de",-36.863,-71.377,1
66835,"2020-09-04 05:36:03",357070,0,3,375,10.1009939766246,101.599031079639,6,0.666117523150222,0.294298548216115,941166.78030196,-36.8652046152475,-71.379872411859,838.526,"Chillán, Nevados de",-36.863,-71.377,1
66836,"2020-09-04 06:24:04",357070,0,4,375,55.5370718639481,-85.5421845400287,5,0.374328487637656,0.23707640511205,347419.333892942,-36.8652887559915,-71.3756688405821,838.526,"Chillán, Nevados de",-36.863,-71.377,1
66837,"2020-09-05 05:18:03",357070,0,3,375,36.8855905656515,104.67848229059,8,0.704240982647451,0.317949702694056,977799.802382032,-36.8652046152475,-71.379872411859,750,"Chillán, Nevados de",-36.863,-71.377,1
66838,"2020-09-06 05:00:03",357070,0,3,375,54.2642483496247,107.624541274576,11,2.57865313717164,0.73608468401062,4664001.39706384,-36.8651203260042,-71.3840759656699,838.526,"Chillán, Nevados de",-36.863,-71.377,1
66839,"2020-09-06 05:48:04",357070,0,4,375,10.7474413019226,-79.5585262244659,3,0.36521909268592,0.187240995636669,450507.058155917,-36.861911180362,-71.3755642236151,530.33,"Chillán, Nevados de",-36.863,-71.377,1
66840,"2020-09-06 06:15:02",357070,0,2,1000,34.5985757946209,-82.3570537897312,3,0.456842157166633,0.348212837560654,2053094.14055301,-36.8632327741136,-71.365790980576,2000,"Chillán, Nevados de",-36.863,-71.377,1
66841,"2020-09-06 06:36:03",357070,0,3,375,63.6989583111304,-87.4412511834009,11,1.59796697159673,0.720395474915208,2221352.85097511,-36.8652887559915,-71.3756688405821,1125,"Chillán, Nevados de",-36.863,-71.377,1
66842,"2020-09-07 03:40:01",357070,0,1,1000,4.36910581803983,-97.3393127684497,2,0.408164520601416,0.274786432574578,2520845.86370725,-36.8630090110135,-71.377000245322,1000,"Chillán, Nevados de",-36.863,-71.377,1
66843,"2020-09-07 04:42:03",357070,0,3,375,65.4481874849954,110.653240769951,18,3.00395925961462,1.33179780998514,4232658.66937461,-36.8616583434973,-71.3881743309669,1677.05,"Chillán, Nevados de",-36.863,-71.377,1
66844,"2020-09-07 05:20:02",357070,0,2,1000,51.9232217573222,105.313514644351,3,0.450140366751255,0.401397921323242,921232.218589448,-36.8630090110135,-71.377000245322,1414.21,"Chillán, Nevados de",-36.863,-71.377,1
66845,"2020-09-07 05:30:04",357070,0,4,375,20.1614171303889,102.555644069161,9,1.9805469503492,0.610500006204258,3467931.32736689,-36.8652046152475,-71.379872411859,838.526,"Chillán, Nevados de",-36.863,-71.377,1
66846,"2020-09-07 06:18:03",357070,0,3,375,50.5396871264452,-84.6196714754371,10,1.64333837119137,0.791521182770664,2156162.25818992,-36.8652046152475,-71.379872411859,838.526,"Chillán, Nevados de",-36.863,-71.377,1
66847,"2020-09-08 05:12:04",357070,0,4,375,43.6709242516513,105.587163835356,8,1.86192629541398,0.626969222247094,3125985.09145367,-36.8652046152475,-71.379872411859,750,"Chillán, Nevados de",-36.863,-71.377,1
66848,"2020-09-08 06:00:03",357070,0,3,375,29.8885807256316,-81.7820509871757,6,0.405256808099861,0.217845996892316,474383.615869097,-36.8686663294419,-71.3757734749843,838.526,"Chillán, Nevados de",-36.863,-71.377,1
66849,"2020-09-10 05:24:03",357070,0,3,375,28.9554500895765,103.682941195941,8,1.35824052306059,0.740414687400055,1563871.64651572,-36.8685821784274,-71.3799772309783,530.33,"Chillán, Nevados de",-36.863,-71.377,1
66850,"2020-09-10 05:50:02",357070,0,2,1000,9.23838606327581,99.8455266319584,1,0.237507410063789,0.157105435534557,1519597.31860248,-36.8630090110135,-71.377000245322,0,"Chillán, Nevados de",-36.863,-71.377,1
66851,"2020-09-10 06:12:04",357070,0,4,375,44.5651546489275,-83.65063929489,5,1.02249823213716,0.436138315375603,1484223.53930269,-36.8652887559915,-71.3756688405821,838.526,"Chillán, Nevados de",-36.863,-71.377,1
66852,"2020-09-11 03:15:01",357070,0,1,1000,38.0902846441948,82.8980449438203,2,0.261795499494779,0.208751880453332,1002524.39988335,-36.8627841919951,-71.3882093860254,1000,"Chillán, Nevados de",-36.863,-71.377,1
66853,"2020-09-11 05:06:03",357070,0,3,375,49.3234943758776,106.630015703259,6,0.953048030013493,0.311595135268444,1623677.63982341,-36.8651203260042,-71.3840759656699,838.526,"Chillán, Nevados de",-36.863,-71.377,1
66854,"2020-09-11 05:54:04",357070,0,4,375,20.6600659112653,-80.7169903179114,7,1.24653485861795,0.379627231368189,2194359.93147597,-36.8652046152475,-71.379872411859,838.526,"Chillán, Nevados de",-36.863,-71.377,1
66855,"2020-09-11 06:42:03",357070,0,3,375,67.0203442719405,-88.3761814847144,15,1.52739178632102,0.830869538249632,1763071.9404307,-36.8620789958595,-71.3671573981681,1677.05,"Chillán, Nevados de",-36.863,-71.377,1
66856,"2020-09-12 04:00:01",357070,0,1,1000,35.4872584692598,-103.096907151819,4,0.630493480627765,0.511720579417278,2244807.8328782,-36.8720158634551,-71.3772794423447,1414.21,"Chillán, Nevados de",-36.863,-71.377,1
66857,"2020-09-12 04:48:03",357070,0,3,375,62.2155891919749,109.633310598188,14,2.71262468644102,1.01478368678679,4297660.03037478,-36.8616583434973,-71.3881743309669,1677.05,"Chillán, Nevados de",-36.863,-71.377,1
66858,"2020-09-12 05:35:02",357070,0,2,1000,30.3523478260869,102.40675942029,3,0.458245214413968,0.384999062163622,1384352.27753155,-36.8630090110135,-71.377000245322,1414.21,"Chillán, Nevados de",-36.863,-71.377,1
66859,"2020-09-12 05:36:04",357070,0,4,375,10.3433378949946,101.364262989983,5,1.53625717795311,0.358334679563301,2981616.32404921,-36.8652887559915,-71.3756688405821,530.33,"Chillán, Nevados de",-36.863,-71.377,1
66860,"2020-09-12 06:24:03",357070,0,3,375,55.5780690707438,-85.5537921150386,7,1.72183004628678,0.52422977449299,3031425.68797802,-36.8652887559915,-71.3756688405821,838.526,"Chillán, Nevados de",-36.863,-71.377,1
66861,"2020-09-13 03:05:01",357070,0,1,1000,51.8648489010989,84.8620741758242,3,0.402839905092276,0.353822784217814,926423.584527346,-36.8717909712506,-71.3884898966035,2236.07,"Chillán, Nevados de",-36.863,-71.377,1
66862,"2020-09-13 05:18:04",357070,0,4,375,37.0609526551003,104.609001380322,8,1.73702727468207,0.485718427602168,3167375.51917101,-36.8652046152475,-71.379872411859,750,"Chillán, Nevados de",-36.863,-71.377,1
66863,"2020-09-13 06:06:03",357070,0,3,375,37.8520099432294,-82.7549727826115,7,1.16980940200284,0.42494104326433,1885448.03305685,-36.8652887559915,-71.3756688405821,838.526,"Chillán, Nevados de",-36.863,-71.377,1
66864,"2020-09-13 06:20:02",357070,0,2,1000,42.6047399328859,-83.2819463087248,4,0.517160245104198,0.422619869252713,1786813.10359306,-36.8632327741136,-71.365790980576,1414.21,"Chillán, Nevados de",-36.863,-71.377,1
66865,"2020-09-14 03:45:01",357070,0,1,1000,15.8906294289286,-100.697598999583,3,0.597413812249189,0.409277985644152,3555767.12283519,-36.8630090110135,-71.377000245322,1414.21,"Chillán, Nevados de",-36.863,-71.377,1
66866,"2020-09-14 05:00:04",357070,0,4,375,54.397070816596,107.585796039639,8,1.60767007646751,0.619177264829503,2502122.42945872,-36.8618270498877,-71.3797676102055,1060.66,"Chillán, Nevados de",-36.863,-71.377,1
66867,"2020-09-14 05:48:03",357070,0,3,750,10.8948737564806,-79.7808282167595,3,0.948149499725977,0.469210960584876,5307237.68685732,-36.8652046152475,-71.379872411859,750,"Chillán, Nevados de",-36.863,-71.377,1
66868,"2020-09-14 06:36:04",357070,0,4,375,63.6117638084783,-87.4105408892137,9,1.55358861135418,0.722426793064237,2103878.35254642,-36.8652887559915,-71.3756688405821,1125,"Chillán, Nevados de",-36.863,-71.377,1
66869,"2020-09-15 02:50:01",357070,0,1,1000,61.5551794871793,86.7583076923077,2,0.406610704112293,0.380750140626034,488764.649890285,-36.8715650228213,-71.3997002261797,2236.07,"Chillán, Nevados de",-36.863,-71.377,1
66870,"2020-09-15 04:36:04",357070,0,4,375,65.5415648733512,110.628037172169,15,3.17812707520902,1.35836359818738,4606276.30121102,-36.8582807965494,-71.388069177474,2186.61,"Chillán, Nevados de",-36.863,-71.377,1
66871,"2020-09-15 05:30:03",357070,0,3,375,20.0003563362444,102.689202335978,9,2.37355743209217,0.887036431751843,3762756.28211145,-36.8652887559915,-71.3756688405821,838.526,"Chillán, Nevados de",-36.863,-71.377,1
66872,"2020-09-15 06:10:02",357070,0,2,1000,25.0790660705414,-81.3339940387481,2,0.446921647753113,0.341730870894251,1988105.68263248,-36.8632327741136,-71.365790980576,1000,"Chillán, Nevados de",-36.863,-71.377,1
66873,"2020-09-15 06:18:04",357070,0,4,375,50.4054441567126,-84.5824151020673,6,1.37595635353167,0.599816574178554,1964603.81648758,-36.8652887559915,-71.3756688405821,838.526,"Chillán, Nevados de",-36.863,-71.377,1
66874,"2020-09-17 06:30:03",357070,0,3,375,59.9327239333979,-86.5001763995109,1,0.115542540576314,0.104666426817281,27530.1629525516,-36.8652887559915,-71.3756688405821,375,"Chillán, Nevados de",-36.863,-71.377,1
66875,"2020-09-18 03:20:01",357070,0,1,1000,29.2626940382453,81.8466479190101,3,0.610778705166769,0.514113640833339,1826969.71590183,-36.8720158634551,-71.3772794423447,1414.21,"Chillán, Nevados de",-36.863,-71.377,1
66876,"2020-09-18 04:36:03",357070,0,3,375,68.2752750171385,111.772101205403,15,2.17336154009819,1.41194502589853,1927335.5515679,-36.8614890431978,-71.3965809816307,2186.61,"Chillán, Nevados de",-36.863,-71.377,1
66877,"2020-09-18 05:24:04",357070,0,4,375,29.2250029720603,103.60398042789,7,1.08244845275921,0.686519342557644,1002195.56019771,-36.8618270498877,-71.3797676102055,750,"Chillán, Nevados de",-36.863,-71.377,1
66878,"2020-09-18 06:12:03",357070,0,3,375,44.6777274509637,-83.6762820163783,4,0.49622920263629,0.370957771357398,317093.310424696,-36.8652887559915,-71.3756688405821,530.33,"Chillán, Nevados de",-36.863,-71.377,1
66879,"2020-09-19 05:06:04",357070,0,4,375,49.5090669492072,106.596167565775,8,1.53088522739104,0.624020395777432,2295501.60502195,-36.8652046152475,-71.379872411859,838.526,"Chillán, Nevados de",-36.863,-71.377,1
66880,"2020-09-19 05:45:02",357070,0,2,1000,20.4040719360569,101.384538188277,1,0.159568184731928,0.134195336074375,479546.839627735,-36.8630090110135,-71.377000245322,0,"Chillán, Nevados de",-36.863,-71.377,1
66881,"2020-09-19 05:54:03",357070,0,3,375,20.8697627473193,-80.8299382158016,8,1.43069628646916,0.600680753566401,2100976.8176601,-36.8652887559915,-71.3756688405821,838.526,"Chillán, Nevados de",-36.863,-71.377,1
66882,"2020-09-19 06:42:04",357070,0,4,375,66.9191788887223,-88.349499579281,14,1.9307134337384,1.0391629801125,2256737.08574057,-36.8652887559915,-71.3756688405821,1060.66,"Chillán, Nevados de",-36.863,-71.377,1
66883,"2020-09-20 03:10:01",357070,0,1,1000,45.6028897338403,83.8708174904941,5,0.978622157476155,0.755667143411439,4213849.76582314,-36.8627841919951,-71.3882093860254,2236.07,"Chillán, Nevados de",-36.863,-71.377,1
66884,"2020-09-20 04:42:04",357070,0,4,375,62.3405342134009,109.613390729488,14,2.39864892849775,1.14341124693381,3177320.38145873,-36.8615737675852,-71.3923776650764,1677.05,"Chillán, Nevados de",-36.863,-71.377,1
66885,"2020-09-20 05:36:03",357070,0,3,750,10.1769827725267,101.584607729407,4,1.29787245670325,0.693409171601536,6698208.7780334,-36.8652046152475,-71.379872411859,750,"Chillán, Nevados de",-36.863,-71.377,1
66886,"2020-09-20 06:24:04",357070,0,4,375,55.4238503418792,-85.5106084048287,8,1.63334213062091,0.735553567669623,2272527.29997043,-36.8652887559915,-71.3756688405821,838.526,"Chillán, Nevados de",-36.863,-71.377,1
66887,"2020-09-20 06:25:02",357070,0,2,1000,49.3532071005917,-84.1889822485208,2,0.353269663669389,0.311179007682986,795513.39814302,-36.8632327741136,-71.365790980576,1000,"Chillán, Nevados de",-36.863,-71.377,1
66888,"2020-09-21 05:18:03",357070,0,3,375,36.88997759892,104.678748379465,6,1.83231772214877,0.550051910264583,3245735.33633186,-36.8652046152475,-71.379872411859,750,"Chillán, Nevados de",-36.863,-71.377,1
66889,"2020-09-21 05:30:02",357070,0,2,1000,38.8033202819106,103.368613938919,2,0.372651570380849,0.338235598147629,650461.875207866,-36.8630090110135,-71.377000245322,1000,"Chillán, Nevados de",-36.863,-71.377,1
66890,"2020-09-21 06:06:04",357070,0,4,375,37.5924093279399,-82.6830129327265,6,1.62122876793898,0.579426858585153,2637061.08305189,-36.8652887559915,-71.3756688405821,530.33,"Chillán, Nevados de",-36.863,-71.377,1
66891,"2020-09-22 05:00:03",357070,0,3,375,54.2745330824115,107.62270684109,6,0.936400779031923,0.39013291032835,1382740.54265592,-36.8651203260042,-71.3840759656699,838.526,"Chillán, Nevados de",-36.863,-71.377,1
66892,"2020-09-22 05:48:04",357070,0,4,375,10.5052596831098,-79.5016768595699,6,1.41719626934326,0.549439247026597,2196509.96273904,-36.8686663294419,-71.3757734749843,530.33,"Chillán, Nevados de",-36.863,-71.377,1
66893,"2020-09-22 06:36:03",357070,0,3,375,63.7063082431208,-87.4333454183558,12,1.55176697168439,1.06396021397661,1234760.85544783,-36.8652887559915,-71.3756688405821,1185.85,"Chillán, Nevados de",-36.863,-71.377,1
66894,"2020-09-23 03:40:01",357070,0,1,1000,4.3903165298945,-97.3507073075419,2,0.430358581684766,0.301129483749171,2442429.95098275,-36.8720158634551,-71.3772794423447,1000,"Chillán, Nevados de",-36.863,-71.377,1
66895,"2020-09-23 04:42:03",357070,0,3,375,65.4541850329385,110.658587936058,17,2.91970952256778,1.34290140582425,3991295.54550707,-36.8615737675852,-71.3923776650764,1912.13,"Chillán, Nevados de",-36.863,-71.377,1
66896,"2020-09-23 05:20:02",357070,0,2,1000,51.9082801664356,105.300055478502,3,0.488175236389776,0.435920384230467,987616.705810933,-36.8630090110135,-71.377000245322,1414.21,"Chillán, Nevados de",-36.863,-71.377,1
66897,"2020-09-23 05:30:04",357070,0,4,375,20.3797420636143,102.575301686513,8,2.04148057315276,0.689713927609079,3421659.32153244,-36.8652046152475,-71.379872411859,530.33,"Chillán, Nevados de",-36.863,-71.377,1
66898,"2020-09-23 06:18:03",357070,0,3,375,50.54725269223,-84.617174065358,6,1.3610217533617,0.51246963794335,2147897.54215271,-36.8652046152475,-71.379872411859,530.33,"Chillán, Nevados de",-36.863,-71.377,1
66900,"2020-09-24 05:12:04",357070,0,4,750,43.9106490185205,105.649197638556,5,1.39072664993914,0.894602994522185,5497670.25658917,-36.8652046152475,-71.379872411859,1060.66,"Chillán, Nevados de",-36.863,-71.377,1
66901,"2020-09-24 06:00:03",357070,0,3,375,29.8921003956893,-81.7886561649805,4,1.22063758241171,0.375914225650083,2138205.99680287,-36.8652887559915,-71.3756688405821,530.33,"Chillán, Nevados de",-36.863,-71.377,1
66902,"2020-09-25 03:30:01",357070,0,1,1000,18.9288551604508,80.5970034692112,2,0.490283450708268,0.326098627993166,3103093.14931542,-36.8630090110135,-71.377000245322,1000,"Chillán, Nevados de",-36.863,-71.377,1
66903,"2020-09-25 04:48:04",357070,0,4,750,58.7884536859756,108.631266571902,10,3.27665432995473,1.78261580507661,16555814.4038057,-36.8582807965494,-71.388069177474,2121.32,"Chillán, Nevados de",-36.863,-71.377,1
66904,"2020-09-25 05:05:02",357070,0,2,1000,61.1363727959697,107.219395465995,2,0.384620696041033,0.360218995598144,461192.138370593,-36.8627841919951,-71.3882093860254,2236.07,"Chillán, Nevados de",-36.863,-71.377,1
66905,"2020-09-25 05:42:03",357070,0,3,750,1.56570396500379,3.61790891913343,3,1.05191131074608,0.55777298797209,5475670.28923924,-36.8652046152475,-71.379872411859,1060.66,"Chillán, Nevados de",-36.863,-71.377,1
66906,"2020-09-25 06:30:04",357070,0,4,375,59.75526139349,-86.4539451144469,9,1.82350927915689,0.908176912062575,2316935.0542075,-36.861911180362,-71.3755642236151,838.526,"Chillán, Nevados de",-36.863,-71.377,1
66907,"2020-09-26 04:10:01",357070,0,1,1000,49.6160922330097,-105.195461165048,2,0.309144101617889,0.277725238125664,593816.520003067,-36.8627841919951,-71.3882093860254,1000,"Chillán, Nevados de",-36.863,-71.377,1
66908,"2020-09-26 04:30:04",357070,0,4,375,68.4304759902951,111.683228476356,19,2.46814187048133,1.33673086333341,2863884.11184319,-36.8581962309604,-71.3922723269368,2515.58,"Chillán, Nevados de",-36.863,-71.377,1
66909,"2020-09-26 05:24:03",357070,0,3,375,29.1150648672179,103.656868746579,8,1.92496294715058,0.637482825189412,3258934.05871421,-36.8652046152475,-71.379872411859,530.33,"Chillán, Nevados de",-36.863,-71.377,1
66910,"2020-09-26 05:50:02",357070,0,2,1000,9.19842696629203,99.8126484751204,3,0.523559743482141,0.381332789683183,2688089.42680031,-36.8630090110135,-71.377000245322,1000,"Chillán, Nevados de",-36.863,-71.377,1
66911,"2020-09-26 06:12:04",357070,0,4,375,44.4089678819605,-83.6273225711394,7,1.60419480513035,0.534671244557104,2707231.51270102,-36.8652887559915,-71.3756688405821,838.526,"Chillán, Nevados de",-36.863,-71.377,1
66912,"2020-09-27 03:15:01",357070,0,1,1000,38.0628741623232,82.8939463886822,6,1.11576139876073,0.78317553444874,6285872.83549663,-36.8627841919951,-71.3882093860254,2236.07,"Chillán, Nevados de",-36.863,-71.377,1
66913,"2020-09-27 05:06:03",357070,0,3,375,49.4289784675321,106.608127628577,11,2.3924956097269,0.829613537179227,3956045.24613629,-36.8652046152475,-71.379872411859,838.526,"Chillán, Nevados de",-36.863,-71.377,1
66914,"2020-09-27 05:54:04",357070,0,4,375,20.4157597070284,-80.672540118739,6,1.78788872752977,0.465445938315351,3347433.31019901,-36.8652887559915,-71.3756688405821,530.33,"Chillán, Nevados de",-36.863,-71.377,1
66915,"2020-09-27 06:30:02",357070,0,2,1000,54.9958459214503,-85.1314954682779,3,0.446732897176037,0.411029238334682,674799.152101593,-36.8724624790427,-71.3548581621105,2236.07,"Chillán, Nevados de",-36.863,-71.377,1
66916,"2020-09-27 06:42:03",357070,0,3,375,66.9768016015759,-88.4059513133706,16,2.53126614556886,1.18008219265769,3420184.3808064,-36.8653727482343,-71.37146525187,1546.16,"Chillán, Nevados de",-36.863,-71.377,1
66917,"2020-09-28 04:00:01",357070,0,1,1000,35.5242875078469,-103.100395480226,3,0.581835093464742,0.426447070366187,2936833.63656267,-36.8720158634551,-71.3772794423447,1000,"Chillán, Nevados de",-36.863,-71.377,1
66918,"2020-09-28 04:48:03",357070,0,3,375,62.286507589824,109.609375793552,14,2.29364476732135,1.02386371981993,3214133.27648798,-36.8616583434973,-71.3881743309669,1677.05,"Chillán, Nevados de",-36.863,-71.377,1
66919,"2020-09-28 05:35:02",357070,0,2,1000,30.2938092485549,102.394485549133,4,0.632534388316816,0.544903152878307,1656230.34978781,-36.8630090110135,-71.377000245322,1414.21,"Chillán, Nevados de",-36.863,-71.377,1
66920,"2020-09-28 05:36:04",357070,0,4,375,10.5946293714865,101.398343931727,7,1.74963623230611,0.558684048293517,3014597.71578187,-36.8652887559915,-71.3756688405821,530.33,"Chillán, Nevados de",-36.863,-71.377,1
66921,"2020-09-28 06:24:03",357070,0,3,375,55.5227871628343,-85.5999154475725,8,1.86892658238144,0.634915860337521,3123589.64017367,-36.8652887559915,-71.3756688405821,838.526,"Chillán, Nevados de",-36.863,-71.377,1
66922,"2020-09-29 03:05:01",357070,0,1,1000,51.8365659340661,84.8567582417583,2,0.254895678876527,0.225630368389945,553114.368196394,-36.8537773972255,-71.3879290000715,1414.21,"Chillán, Nevados de",-36.863,-71.377,1
66923,"2020-09-29 05:18:04",357070,0,4,375,37.2227496170878,104.632448953254,5,1.0466943332754,0.3364235925524,1797872.81245508,-36.8652046152475,-71.379872411859,530.33,"Chillán, Nevados de",-36.863,-71.377,1
66924,"2020-09-29 06:06:03",357070,0,3,375,37.7546602607612,-82.7897381572661,5,0.839392662894654,0.382359389224063,1156865.47397868,-36.8652887559915,-71.3756688405821,838.526,"Chillán, Nevados de",-36.863,-71.377,1
66925,"2020-09-29 06:20:02",357070,0,2,1000,42.638915763136,-83.2856880733945,1,0.136679128756822,0.119093107420327,332375.803259772,-36.8632327741136,-71.365790980576,1000,"Chillán, Nevados de",-36.863,-71.377,1
66926,"2020-10-01 04:36:04",357070,0,4,375,65.5969493214359,110.651379868915,9,1.4051001979284,0.371820027975605,2615490.43019301,-36.8582807965494,-71.388069177474,1875,"Chillán, Nevados de",-36.863,-71.377,1
66927,"2020-10-01 05:30:03",357070,0,3,375,20.1480689284004,102.665466642492,6,1.20296933852536,0.272940214597038,2354136.21994356,-36.8652046152475,-71.379872411859,530.33,"Chillán, Nevados de",-36.863,-71.377,1
66928,"2020-10-01 06:10:02",357070,0,2,1000,25.1116143724696,-81.3744939271254,3,0.2645690979363,0.207787145161138,1073178.90745056,-36.8630090110135,-71.377000245322,1000,"Chillán, Nevados de",-36.863,-71.377,1
66929,"2020-10-01 06:18:04",357070,0,4,375,50.2969657476072,-84.5607321794351,6,1.08253810333454,0.276912759882437,2039239.15061313,-36.8652046152475,-71.379872411859,530.33,"Chillán, Nevados de",-36.863,-71.377,1
66930,"2020-10-02 03:35:01",357070,0,1,1000,7.49276393831548,78.5860616844602,2,0.366189711855799,0.197212388760899,3193671.4064936,-36.8630090110135,-71.377000245322,1000,"Chillán, Nevados de",-36.863,-71.377,1
66931,"2020-10-02 05:12:03",357070,0,3,750,43.7652730217699,105.625986639075,8,2.7311913918843,0.927268987718251,19989715.141165,-36.8719597394271,-71.3800820675666,1060.66,"Chillán, Nevados de",-36.863,-71.377,1
66932,"2020-10-02 05:15:02",357070,0,2,1000,56.8804330708661,106.239665354331,9,1.10591595169336,0.914682513173676,3614311.98802195,-36.8540021430746,-71.3767211723409,2828.43,"Chillán, Nevados de",-36.863,-71.377,1
66933,"2020-10-02 06:00:04",357070,0,4,375,29.5127740656128,-81.679669912835,5,1.41114477436486,0.299914785454042,2812800.90943051,-36.8652887559915,-71.3756688405821,530.33,"Chillán, Nevados de",-36.863,-71.377,1
66934,"2020-10-02 06:54:03",357070,0,3,375,69.797550544521,-89.3231283671831,26,3.13103371866884,1.75191985730698,3490881.9615722,-36.865623833936,-71.3588543814293,2651.65,"Chillán, Nevados de",-36.863,-71.377,1
66935,"2020-10-04 06:12:03",357070,0,3,375,44.6331745447771,-83.7269834115177,3,0.295322800354236,0.178176300296161,296527.078272004,-36.8653727482343,-71.37146525187,750,"Chillán, Nevados de",-36.863,-71.377,1
66936,"2020-10-05 04:05:01",357070,0,1,1000,43.2204576856649,-104.163177892919,5,0.824310431847927,0.638228391520437,3516950.56218956,-36.8720158634551,-71.3772794423447,1414.21,"Chillán, Nevados de",-36.863,-71.377,1
66937,"2020-10-05 05:06:04",357070,0,4,375,49.5302583471968,106.602975118435,6,1.51724954228784,0.459066171452038,2678526.65742811,-36.8618270498877,-71.3797676102055,750,"Chillán, Nevados de",-36.863,-71.377,1
66938,"2020-10-05 05:45:02",357070,0,2,1000,20.3426110124334,101.383055062167,4,0.662508620284203,0.506689815429031,2944975.41176274,-36.8632327741136,-71.365790980576,1414.21,"Chillán, Nevados de",-36.863,-71.377,1
66939,"2020-10-05 05:54:03",357070,0,3,375,20.7726398734996,-80.862405048024,6,1.53463285402534,0.484941312808901,2657031.7137041,-36.8652887559915,-71.3756688405821,530.33,"Chillán, Nevados de",-36.863,-71.377,1
66940,"2020-10-05 06:42:04",357070,0,4,375,66.9055108067285,-88.3352458019193,19,3.19259794986433,1.4914932329652,4305921.31465092,-36.8652887559915,-71.3756688405821,1912.13,"Chillán, Nevados de",-36.863,-71.377,1
66943,"2020-10-06 04:42:04",357070,0,4,375,62.3411412346114,109.6169976501,2,0.123205614246118,0.0934379833194174,75349.3157832097,-36.8582807965494,-71.388069177474,1060.66,"Chillán, Nevados de",-36.863,-71.377,1
66944,"2020-10-06 05:36:03",357070,0,3,750,10.2379257711645,101.615221728723,3,0.98185170988231,0.458419893976797,5800278.81000296,-36.8652046152475,-71.379872411859,1060.66,"Chillán, Nevados de",-36.863,-71.377,1
66945,"2020-10-06 06:24:04",357070,0,4,750,55.4848707598165,-85.5242010883851,7,1.67486275726808,1.00987357560564,7368911.36929692,-36.8653727482343,-71.37146525187,1677.05,"Chillán, Nevados de",-36.863,-71.377,1
66946,"2020-10-06 06:25:02",357070,0,2,1000,49.3915952380952,-84.1936666666666,8,1.26016209606669,1.04069642783191,4147901.12963746,-36.8630090110135,-71.377000245322,2236.07,"Chillán, Nevados de",-36.863,-71.377,1
66947,"2020-10-07 05:18:03",357070,0,3,375,36.9769377153913,104.647091457907,5,0.985675696428502,0.343031613199881,1626692.83567245,-36.8652046152475,-71.379872411859,530.33,"Chillán, Nevados de",-36.863,-71.377,1
66948,"2020-10-07 05:30:02",357070,0,2,1000,38.7734863813228,103.366607003891,2,0.263757883584104,0.237776069160633,491056.292603615,-36.8632327741136,-71.365790980576,1414.21,"Chillán, Nevados de",-36.863,-71.377,1
66949,"2020-10-07 06:06:04",357070,0,4,375,37.6006000261343,-82.6711750350404,6,1.92882160271629,0.421472722090878,3815476.85408307,-36.8652887559915,-71.3756688405821,530.33,"Chillán, Nevados de",-36.863,-71.377,1
66950,"2020-10-08 02:55:01",357070,0,1,1000,57.072108433735,85.836265060241,4,0.679549204063557,0.618438222245058,1154997.55636964,-36.8627841919951,-71.3882093860254,2000,"Chillán, Nevados de",-36.863,-71.377,1
66951,"2020-10-08 05:00:03",357070,0,3,375,54.3340300503432,107.5999170644,10,2.35772996428494,0.846448051375926,3825432.34205094,-36.8617427709321,-71.383970979333,838.526,"Chillán, Nevados de",-36.863,-71.377,1
66952,"2020-10-08 05:48:04",357070,0,4,375,10.5709588473769,-79.4997714165679,7,1.56079751455547,0.630520252979457,2354764.31836429,-36.8652046152475,-71.379872411859,8633.15,"Chillán, Nevados de",-36.863,-71.377,1
66953,"2020-10-08 06:15:02",357070,0,2,1000,34.6239718482251,-82.3673378212975,2,0.352178184515719,0.291741945940964,1142244.90906287,-36.8632327741136,-71.365790980576,1000,"Chillán, Nevados de",-36.863,-71.377,1
66954,"2020-10-08 06:36:03",357070,0,3,375,63.6851613896278,-87.4713227076766,9,1.3419141676462,0.774644045772834,1435902.49599195,-36.8653727482343,-71.37146525187,1185.85,"Chillán, Nevados de",-36.863,-71.377,1
66955,"2020-10-09 03:40:01",357070,0,1,1000,4.45331640625002,-97.4176796875,4,0.851636906970161,0.609355887299736,4579111.27177102,-36.8720158634551,-71.3772794423447,1414.21,"Chillán, Nevados de",-36.863,-71.377,1
66956,"2020-10-09 04:42:03",357070,0,3,375,65.4988374963949,110.626429395172,16,2.44875046531021,1.45544626876236,2514301.24751174,-36.8614890431978,-71.3965809816307,2019.44,"Chillán, Nevados de",-36.863,-71.377,1
66957,"2020-10-09 05:20:02",357070,0,2,1000,51.9037273991656,105.299165507649,3,0.498079775360293,0.455831728669453,798488.082456868,-36.8540021430746,-71.3767211723409,1414.21,"Chillán, Nevados de",-36.863,-71.377,1
66958,"2020-10-09 05:30:04",357070,0,4,375,20.2878939509764,102.564810768,5,1.67267594332681,0.445212123681207,3107017.79347794,-36.8652046152475,-71.379872411859,530.33,"Chillán, Nevados de",-36.863,-71.377,1
66959,"2020-10-09 06:18:03",357070,0,3,375,50.5099238412778,-84.6550068002827,9,1.39487497421409,0.747563621550003,1638506.86143097,-36.8652887559915,-71.3756688405821,1185.85,"Chillán, Nevados de",-36.863,-71.377,1
66960,"2020-10-10 05:12:04",357070,0,4,375,43.7266205378331,105.597168060258,8,1.61477232479971,0.861555296222842,1906580.6035852,-36.8652046152475,-71.379872411859,750,"Chillán, Nevados de",-36.863,-71.377,1
66961,"2020-10-10 06:00:02",357070,0,2,1000,14.3570930709306,-80.1806806068061,2,0.437605056866512,0.36232329095396,1422825.37574722,-36.8630090110135,-71.377000245322,1000,"Chillán, Nevados de",-36.863,-71.377,1
66962,"2020-10-10 06:00:03",357070,0,3,375,29.834516295063,-81.8271881588273,5,1.42166099935988,0.536581081758115,2240358.54142946,-36.8652046152475,-71.379872411859,530.33,"Chillán, Nevados de",-36.863,-71.377,1
66963,"2020-10-11 03:30:01",357070,0,1,1000,18.880364267129,80.5944666088467,3,0.594500713447445,0.477419207221867,2212840.46766342,-36.8630090110135,-71.377000245322,1414.21,"Chillán, Nevados de",-36.863,-71.377,1
66964,"2020-10-11 05:42:03",357070,0,3,375,1.0560521117254,-3.54700657629227,5,1.61388286971255,0.49009596738632,2844585.59651327,-36.8652046152475,-71.379872411859,530.33,"Chillán, Nevados de",-36.863,-71.377,1
66965,"2020-10-11 06:30:04",357070,0,4,375,59.8255562196965,-86.4648539704219,7,1.21523425587165,0.686576954982426,1338163.79287584,-36.8652887559915,-71.3756688405821,838.526,"Chillán, Nevados de",-36.863,-71.377,1
66966,"2020-10-12 04:30:04",357070,0,4,375,68.3743568820381,111.66462134924,12,1.80585008485287,1.16398075040891,1624731.75281125,-36.8548186921532,-71.3921670063492,2121.32,"Chillán, Nevados de",-36.863,-71.377,1
66967,"2020-10-12 05:24:03",357070,0,3,375,29.056560992391,103.65595808201,7,2.0021960372709,0.697642939727856,3302150.02815582,-36.8652046152475,-71.379872411859,530.33,"Chillán, Nevados de",-36.863,-71.377,1
66968,"2020-10-12 05:50:02",357070,0,2,1000,9.20877853424098,99.8185662795355,2,0.460763484317766,0.338646587309843,2308009.35344974,-36.8630090110135,-71.377000245322,1000,"Chillán, Nevados de",-36.863,-71.377,1
66969,"2020-10-12 06:12:04",357070,0,4,375,44.5507587484273,-83.6463996224401,8,2.05888955087625,0.82518749841177,3122808.32030072,-36.8652887559915,-71.3756688405821,838.526,"Chillán, Nevados de",-36.863,-71.377,1
66970,"2020-10-13 03:15:01",357070,0,1,1000,38.0255976243505,82.8910913140312,3,0.671358309311623,0.551891358265262,2257925.37477621,-36.8720158634551,-71.3772794423447,1414.21,"Chillán, Nevados de",-36.863,-71.377,1
66971,"2020-10-13 05:06:03",357070,0,3,375,49.3937288665719,106.60551956655,14,3.00971556370953,1.43583083725527,3983895.71383737,-36.8617427709321,-71.383970979333,1060.66,"Chillán, Nevados de",-36.863,-71.377,1
66972,"2020-10-13 05:54:04",357070,0,4,375,20.6537567025688,-80.6795172597173,5,1.75620704633568,0.557607579117804,3033954.90139524,-36.8686663294419,-71.3757734749843,530.33,"Chillán, Nevados de",-36.863,-71.377,1
66973,"2020-10-13 06:42:03",357070,0,3,375,67.0058759996102,-88.4193472281238,10,1.8529942791653,1.07863757870127,1960090.39804957,-36.8687503319371,-71.371569701552,1352.08,"Chillán, Nevados de",-36.863,-71.377,1
66974,"2020-10-14 04:48:03",357070,0,3,375,62.2674132277475,109.609173703429,10,2.7870871931352,1.03428393876474,4436783.23762522,-36.8616583434973,-71.3881743309669,1590.99,"Chillán, Nevados de",-36.863,-71.377,1
66975,"2020-10-14 05:35:02",357070,0,2,1000,30.3249913444894,102.397876514714,2,0.446548136613961,0.359118902309094,1652412.52836198,-36.8630090110135,-71.377000245322,1000,"Chillán, Nevados de",-36.863,-71.377,1
66976,"2020-10-14 05:36:04",357070,0,4,375,10.3025365344262,101.336838268033,6,1.9061494233974,0.659886161524801,3154603.88161501,-36.8652046152475,-71.379872411859,530.33,"Chillán, Nevados de",-36.863,-71.377,1
66977,"2020-10-14 06:24:03",357070,0,3,375,55.5551216365476,-85.5846143790591,6,1.62660597523536,0.670044389550936,2421296.5137637,-36.8619951623533,-71.3713608195923,838.526,"Chillán, Nevados de",-36.863,-71.377,1
66978,"2020-10-15 05:18:04",357070,0,4,375,37.0074288123765,104.605273813403,11,2.86572672286378,1.29450807198529,3977147.21003618,-36.8652046152475,-71.379872411859,838.526,"Chillán, Nevados de",-36.863,-71.377,1
66979,"2020-10-15 06:06:03",357070,0,3,375,37.7985869217767,-82.7657010541801,7,2.47151417557371,0.834379026549214,4143998.34596825,-36.8686663294419,-71.3757734749843,838.526,"Chillán, Nevados de",-36.863,-71.377,1
66980,"2020-10-15 06:20:02",357070,0,2,1000,42.6462426284752,-83.2855939342882,5,1.17003053098545,0.979557731948371,3599935.90180077,-36.8630090110135,-71.377000245322,2236.07,"Chillán, Nevados de",-36.863,-71.377,1
66981,"2020-10-16 03:45:01",357070,0,1,1000,15.9828071636817,-100.706797167847,2,0.591804269454132,0.45099233102459,2661345.63631834,-36.8630090110135,-71.377000245322,1000,"Chillán, Nevados de",-36.863,-71.377,1
66982,"2020-10-16 05:00:04",357070,0,4,375,54.3445529923694,107.578446303821,8,2.34553177682328,1.03696459399944,3312310.68152286,-36.8617427709321,-71.383970979333,1060.66,"Chillán, Nevados de",-36.863,-71.377,1
66983,"2020-10-16 05:25:02",357070,0,2,1000,45.9505449041373,104.356528758829,2,0.476271838680676,0.423986214158054,988198.303477568,-36.8632327741136,-71.365790980576,1000,"Chillán, Nevados de",-36.863,-71.377,1
66984,"2020-10-16 05:48:03",357070,0,3,375,10.8232483585614,-79.8011429666767,5,1.71442398127423,0.659509587571911,2670252.059059,-36.8652046152475,-71.379872411859,530.33,"Chillán, Nevados de",-36.863,-71.377,1
66985,"2020-10-16 06:36:04",357070,0,4,375,63.6547281583316,-87.4152344751885,8,1.79280097854971,1.03832470610794,1909768.06461821,-36.8652887559915,-71.3756688405821,838.526,"Chillán, Nevados de",-36.863,-71.377,1
66986,"2020-10-17 04:36:04",357070,0,4,375,65.4933902712464,110.620410770554,13,2.88089308508474,1.38986239038998,3774171.44594611,-36.8615737675852,-71.3923776650764,2019.44,"Chillán, Nevados de",-36.863,-71.377,1
66987,"2020-10-17 05:30:03",357070,0,3,375,20.0893980898257,102.666898448383,6,1.7524431889561,0.688650647468291,2692724.87064101,-36.8652887559915,-71.3756688405821,530.33,"Chillán, Nevados de",-36.863,-71.377,1
66988,"2020-10-17 06:18:04",357070,0,4,375,50.4856986629468,-84.5886383520426,8,1.61105494657652,0.862895378750748,1893778.906059,-36.8652887559915,-71.3756688405821,1125,"Chillán, Nevados de",-36.863,-71.377,1
66989,"2020-10-18 05:12:03",357070,0,3,375,43.6184773710452,105.618523757184,6,2.15088409364271,0.606550264272903,3909095.00559232,-36.8651203260042,-71.3840759656699,530.33,"Chillán, Nevados de",-36.863,-71.377,1
66990,"2020-10-18 06:00:04",357070,0,4,375,29.8171012170975,-81.7278484871671,7,1.31544537525175,0.737802977225553,1462157.3200038,-36.8652887559915,-71.3756688405821,838.526,"Chillán, Nevados de",-36.863,-71.377,1
66991,"2020-10-18 06:48:03",357070,0,3,375,69.8040821371588,-89.2672295522041,13,1.92159008493491,1.32481155966105,1510595.64209947,-36.8654565919739,-71.3672616457533,1875,"Chillán, Nevados de",-36.863,-71.377,1
66992,"2020-10-19 04:54:03",357070,0,3,375,58.5747651924021,108.595507473691,13,2.70486013182228,1.10215256740227,4056853.52243814,-36.8616583434973,-71.3881743309669,1352.08,"Chillán, Nevados de",-36.863,-71.377,1
66993,"2020-10-19 05:42:04",357070,0,4,375,1.0597215514659,-2.93023676201381,5,1.04404053101774,0.435287444613868,1540906.24995979,-36.8652046152475,-71.379872411859,530.33,"Chillán, Nevados de",-36.863,-71.377,1
66994,"2020-10-19 05:55:02",357070,0,2,1000,2.63064616582328,-73.9462903853641,2,0.316658128880464,0.268964012018997,901418.808681726,-36.8630090110135,-71.377000245322,1000,"Chillán, Nevados de",-36.863,-71.377,1
66995,"2020-10-21 04:05:01",357070,0,1,1000,43.2379655172414,-104.161612068966,3,0.587114133285173,0.505082305538016,1550401.54442126,-36.8720158634551,-71.3772794423447,1000,"Chillán, Nevados de",-36.863,-71.377,1
66996,"2020-10-21 05:06:04",357070,0,4,750,49.4897238938184,106.580738617735,6,1.58976737085331,1.07965773914212,5652652.35639958,-36.8652046152475,-71.379872411859,1677.05,"Chillán, Nevados de",-36.863,-71.377,1
66997,"2020-10-21 05:45:02",357070,0,2,1000,20.4470877659573,101.395465425532,2,0.386546398612689,0.333333205283808,1005729.35391583,-36.8630090110135,-71.377000245322,1000,"Chillán, Nevados de",-36.863,-71.377,1
66998,"2020-10-21 05:54:03",357070,0,3,375,20.8178244057313,-80.8727978940487,6,1.63690505113171,0.574977884825477,2688003.13971265,-36.8652046152475,-71.379872411859,838.526,"Chillán, Nevados de",-36.863,-71.377,1
66999,"2020-10-21 06:42:04",357070,0,4,375,67.0056749693065,-88.3664796644795,8,1.29606038735354,0.721524597486535,1454293.71810086,-36.8653727482343,-71.37146525187,1185.85,"Chillán, Nevados de",-36.863,-71.377,1
67000,"2020-10-22 03:10:01",357070,0,1,1000,45.5591325071496,83.8717063870354,3,0.56862296787527,0.499017824997869,1315537.20038288,-36.8630090110135,-71.377000245322,1000,"Chillán, Nevados de",-36.863,-71.377,1
67001,"2020-10-22 04:42:04",357070,0,4,375,62.2379622742754,109.588464310339,12,2.47961535760355,1.10967260723947,3467667.58685907,-36.8582807965494,-71.388069177474,1590.99,"Chillán, Nevados de",-36.863,-71.377,1
67002,"2020-10-22 05:36:03",357070,0,3,375,10.1784867429902,101.585220436316,4,1.72138562697336,0.390885689140809,3367827.96763863,-36.8652046152475,-71.379872411859,530.33,"Chillán, Nevados de",-36.863,-71.377,1
67003,"2020-10-22 06:24:04",357070,0,4,375,55.568583114765,-85.5397026775667,7,1.53208135476119,0.687639636500239,2137493.09934803,-36.8652887559915,-71.3756688405821,838.526,"Chillán, Nevados de",-36.863,-71.377,1
67004,"2020-10-22 06:25:02",357070,0,2,1000,49.3596318289785,-84.1752137767222,1,0.182472511167638,0.165153812032113,327323.413661428,-36.8630090110135,-71.377000245322,0,"Chillán, Nevados de",-36.863,-71.377,1
67005,"2020-10-23 03:50:01",357070,0,1,1000,26.4391465053764,-102.101337365591,1,0.229521238736446,0.184604386609072,848928.505207366,-36.8630090110135,-71.377000245322,0,"Chillán, Nevados de",-36.863,-71.377,1
67006,"2020-10-23 05:18:03",357070,0,3,375,36.9591541336076,104.64776062179,9,1.89347764065227,0.95987773388199,2363174.76401226,-36.8618270498877,-71.3797676102055,838.526,"Chillán, Nevados de",-36.863,-71.377,1
67007,"2020-10-23 05:30:02",357070,0,2,1000,38.8721935987509,103.376971116315,3,0.615992237051189,0.513213226250655,1942523.3041301,-36.8632327741136,-71.365790980576,1000,"Chillán, Nevados de",-36.863,-71.377,1
67008,"2020-10-23 06:06:04",357070,0,4,375,37.8309343419605,-82.7111087662154,8,1.5786216969652,0.849938871394941,1844478.40222471,-36.8652887559915,-71.3756688405821,838.526,"Chillán, Nevados de",-36.863,-71.377,1
67009,"2020-10-24 02:55:01",357070,0,1,1000,57.0727732793523,85.8368825910931,2,0.390244909686278,0.360985362166456,553005.448124636,-36.8630090110135,-71.377000245322,1000,"Chillán, Nevados de",-36.863,-71.377,1
67010,"2020-10-24 05:00:03",357070,0,3,375,54.3292543419527,107.591669553526,10,2.01508589688677,1.00166987214049,2565209.31263901,-36.8618270498877,-71.3797676102055,750,"Chillán, Nevados de",-36.863,-71.377,1
67011,"2020-10-24 05:48:04",357070,0,4,375,10.8865302058424,-79.5490496459456,4,1.10291623381407,0.430902323087618,1701035.21152633,-36.8652887559915,-71.3756688405821,530.33,"Chillán, Nevados de",-36.863,-71.377,1
67012,"2020-10-24 06:15:02",357070,0,2,1000,34.5780937880632,-82.3580876979295,2,0.403802825245587,0.348204740581718,1050803.80014713,-36.8630090110135,-71.377000245322,1000,"Chillán, Nevados de",-36.863,-71.377,1
67013,"2020-10-24 06:36:03",357070,0,3,375,63.6960577780979,-87.4773405830305,8,1.18865983972833,0.841663476160794,878334.545280321,-36.8652887559915,-71.3756688405821,1185.85,"Chillán, Nevados de",-36.863,-71.377,1
67014,"2020-10-25 05:30:04",357070,0,4,375,20.0064645871254,102.535279385001,4,0.639566057911613,0.328484639938456,787424.839244554,-36.8652046152475,-71.379872411859,530.33,"Chillán, Nevados de",-36.863,-71.377,1
67015,"2020-10-25 06:18:03",357070,0,3,375,50.5266007485767,-84.6654375441997,7,0.789165090419922,0.573801993300236,545137.839584206,-36.8653727482343,-71.37146525187,1185.85,"Chillán, Nevados de",-36.863,-71.377,1
67016,"2020-10-26 05:12:04",357070,0,4,375,43.5449438148535,105.570581084593,10,2.55033492453533,0.919913661607927,4127003.821785,-36.8652046152475,-71.379872411859,1125,"Chillán, Nevados de",-36.863,-71.377,1
67017,"2020-10-26 06:00:02",357070,0,2,1000,14.3173486088379,-80.168535188216,3,0.581722934695449,0.461233378052895,2277252.62054427,-36.8630090110135,-71.377000245322,1000,"Chillán, Nevados de",-36.863,-71.377,1
67018,"2020-10-26 06:00:03",357070,0,3,375,29.8675753471156,-81.8447259319062,8,1.6355058083994,0.754128832054802,2230985.47137227,-36.8686663294419,-71.3757734749843,838.526,"Chillán, Nevados de",-36.863,-71.377,1
67019,"2020-10-29 03:15:01",357070,0,1,1000,38.0407726597326,82.890059435364,3,0.517324808748246,0.435546722887955,1545605.8227595,-36.8717909712506,-71.3884898966035,2236.07,"Chillán, Nevados de",-36.863,-71.377,1
67020,"2020-10-29 05:06:03",357070,0,3,375,49.3938965712652,106.608599941807,9,1.93726548583191,0.708310035436949,3110793.48381224,-36.8652046152475,-71.379872411859,838.526,"Chillán, Nevados de",-36.863,-71.377,1
67021,"2020-10-29 05:54:04",357070,0,4,375,20.934431037213,-80.7144553709476,5,2.08728946290064,0.410158731294947,4245237.16437692,-36.8652046152475,-71.379872411859,530.33,"Chillán, Nevados de",-36.863,-71.377,1
67022,"2020-10-29 06:30:02",357070,0,2,1000,55.0331039755351,-85.1231498470948,2,0.31855069342314,0.290593351716561,528393.758254338,-36.8632327741136,-71.365790980576,2000,"Chillán, Nevados de",-36.863,-71.377,1
67023,"2020-10-29 06:42:03",357070,0,3,375,67.018043155379,-88.414644322251,18,2.50483065175823,1.46616631251045,2629119.10872093,-36.8654565919739,-71.3672616457533,2250,"Chillán, Nevados de",-36.863,-71.377,1
67024,"2020-10-30 04:48:03",357070,0,3,375,62.2699736630369,109.610936484349,15,3.11787886374165,1.41061894607283,4321501.66659922,-36.8651203260042,-71.3840759656699,1352.08,"Chillán, Nevados de",-36.863,-71.377,1
67025,"2020-10-30 05:35:02",357070,0,2,1000,30.340132947977,102.405086705202,3,0.605622625052561,0.505100928549677,1899860.06390451,-36.8630090110135,-71.377000245322,1000,"Chillán, Nevados de",-36.863,-71.377,1
67026,"2020-10-30 05:36:04",357070,0,4,375,10.012170994939,101.301645084825,7,1.71258148965565,0.699327277469691,2564799.72459571,-36.8652046152475,-71.379872411859,530.33,"Chillán, Nevados de",-36.863,-71.377,1
67027,"2020-10-30 06:24:03",357070,0,3,375,55.5787673773801,-85.6058901752716,5,0.73840768462638,0.485927122850095,639091.421996222,-36.8686663294419,-71.3757734749843,1060.66,"Chillán, Nevados de",-36.863,-71.377,1
67028,"2020-10-31 05:18:04",357070,0,4,375,36.8126987127205,104.581265972537,8,2.10710856140131,0.917821005591035,3010384.12564475,-36.8651203260042,-71.3840759656699,838.526,"Chillán, Nevados de",-36.863,-71.377,1
67029,"2020-10-31 06:06:03",357070,0,3,375,37.8207986681458,-82.7961119632149,6,2.351903368263,0.695023398235319,4193977.42413257,-36.8686663294419,-71.3757734749843,838.526,"Chillán, Nevados de",-36.863,-71.377,1
67030,"2020-10-31 06:20:02",357070,0,2,1000,42.6937531486146,-83.2851721242653,3,0.71395833595792,0.586449346347817,2409919.90363095,-36.8630090110135,-71.377000245322,1414.21,"Chillán, Nevados de",-36.863,-71.377,1
67031,"2020-11-01 05:00:04",357070,0,4,750,54.3400017854063,107.561277595818,6,1.75312843409288,1.2712626818626,5339674.86690186,-36.8652046152475,-71.379872411859,1677.05,"Chillán, Nevados de",-36.863,-71.377,1
67032,"2020-11-01 05:48:03",357070,0,3,375,10.8158545444789,-79.7829801220713,6,2.27370738859372,0.709060423369218,3960512.63072451,-36.8686663294419,-71.3757734749843,530.33,"Chillán, Nevados de",-36.863,-71.377,1
67033,"2020-11-01 06:36:04",357070,0,4,375,63.7571361503207,-87.4351595556932,13,3.25946663075431,1.60776364929737,4180873.17181287,-36.8652887559915,-71.3756688405821,1185.85,"Chillán, Nevados de",-36.863,-71.377,1
67034,"2020-11-02 04:36:04",357070,0,4,375,65.4176997426197,110.596196323163,14,2.93870521812321,1.43649882534561,3802459.9317183,-36.8616583434973,-71.3881743309669,1677.05,"Chillán, Nevados de",-36.863,-71.377,1
67035,"2020-11-02 05:30:03",357070,0,3,375,20.0971530239342,102.671395148279,6,2.41288966841487,0.661296934202955,4433719.10847391,-36.8652046152475,-71.379872411859,530.33,"Chillán, Nevados de",-36.863,-71.377,1
67036,"2020-11-02 06:18:04",357070,0,4,375,50.6485266353417,-84.618237020301,10,2.35993474003047,1.11314921343206,3155925.86420222,-36.8652887559915,-71.3756688405821,1185.85,"Chillán, Nevados de",-36.863,-71.377,1
67037,"2020-11-03 03:35:01",357070,0,1,1000,7.43443478260864,78.5678498023716,1,0.246181875325257,0.199491793066433,882442.554691771,-36.8630090110135,-71.377000245322,0,"Chillán, Nevados de",-36.863,-71.377,1
67038,"2020-11-03 05:12:03",357070,0,3,375,43.6299519142418,105.619985861571,8,2.13538752514371,0.88794183040138,3157596.91481652,-36.8618270498877,-71.3797676102055,530.33,"Chillán, Nevados de",-36.863,-71.377,1
67039,"2020-11-03 06:00:04",357070,0,4,375,30.037140157692,-81.7410146408619,6,1.66390594456784,0.670906510495015,2513529.81749685,-36.8652046152475,-71.379872411859,838.526,"Chillán, Nevados de",-36.863,-71.377,1
67040,"2020-11-03 06:48:03",357070,0,3,375,69.8095441707241,-89.3117278759641,23,3.95473507220041,2.54384698619214,3571310.46770844,-36.8688341859111,-71.3673659107122,2704.16,"Chillán, Nevados de",-36.863,-71.377,1
67044,"2020-11-04 04:54:03",357070,0,3,375,58.585732309916,108.596916206108,7,1.70819077161859,0.755623932797476,2411184.81076594,-36.8651203260042,-71.3840759656699,838.526,"Chillán, Nevados de",-36.863,-71.377,1
67045,"2020-11-05 03:20:01",357070,0,1,1000,29.1422078651686,81.8444438202247,2,0.376508791177196,0.296750964023562,1507422.93320369,-36.8630090110135,-71.377000245322,1000,"Chillán, Nevados de",-36.863,-71.377,1
67046,"2020-11-05 04:30:03",357070,0,3,375,68.3531090308318,111.663888992857,10,2.07010030247284,0.796833535170049,3222956.50473518,-36.8614890431978,-71.3965809816307,2281.04,"Chillán, Nevados de",-36.863,-71.377,1
67047,"2020-11-05 05:24:04",357070,0,4,375,28.8197849210575,103.56425687779,8,2.34472102593408,0.667478404994405,4245520.38425355,-36.8652046152475,-71.379872411859,530.33,"Chillán, Nevados de",-36.863,-71.377,1
67048,"2020-11-05 06:12:03",357070,0,3,375,44.662449839577,-83.7298435642561,7,1.41623471058588,0.587153501541039,2098611.81039475,-36.8652887559915,-71.3756688405821,750,"Chillán, Nevados de",-36.863,-71.377,1
67049,"2020-11-06 05:06:04",357070,0,4,375,49.2336768432195,106.552187185563,7,1.5908010198005,0.686283736156864,2289559.37422295,-36.8618270498877,-71.3797676102055,838.526,"Chillán, Nevados de",-36.863,-71.377,1
67050,"2020-11-06 05:45:02",357070,0,2,1000,20.367054125998,101.389148181012,1,0.210236870722508,0.179700191760271,577143.232386283,-36.8630090110135,-71.377000245322,0,"Chillán, Nevados de",-36.863,-71.377,1
67051,"2020-11-06 05:54:03",357070,0,3,750,20.8086415348906,-80.9026241916854,5,1.48759735506769,0.946721838461039,5993576.81839744,-36.8652046152475,-71.379872411859,1060.66,"Chillán, Nevados de",-36.863,-71.377,1
67052,"2020-11-06 06:42:04",357070,0,4,375,67.0861440686633,-88.3855823799015,15,2.78766226167557,1.53710743794325,3165466.89757244,-36.8619951623533,-71.3713608195923,1546.16,"Chillán, Nevados de",-36.863,-71.377,1
67053,"2020-11-07 03:10:01",357070,0,1,1000,45.5244699140401,83.871012416428,3,0.704949244265466,0.625467831266998,1502198.70567106,-36.8717909712506,-71.3884898966035,1414.21,"Chillán, Nevados de",-36.863,-71.377,1
67054,"2020-11-07 05:36:03",357070,0,3,375,10.2148881632557,101.60462216231,4,1.50755426271945,0.497524148096734,2556638.72763875,-36.8652046152475,-71.379872411859,375,"Chillán, Nevados de",-36.863,-71.377,1
67056,"2020-11-08 03:50:01",357070,0,1,1000,26.5508002207506,-102.088669977925,2,0.503810925833229,0.399183777035878,1977453.11226994,-36.8630090110135,-71.377000245322,1000,"Chillán, Nevados de",-36.863,-71.377,1
67057,"2020-11-08 05:18:03",357070,0,3,375,36.9828817432164,104.654302014786,7,3.51921313590443,0.777416867714642,6940171.80385539,-36.8652046152475,-71.379872411859,530.33,"Chillán, Nevados de",-36.863,-71.377,1
67058,"2020-11-08 05:30:02",357070,0,2,1000,38.8186811481769,103.373048875097,5,1.12557154226298,0.908098431587788,4110241.79176116,-36.8720158634551,-71.3772794423447,1414.21,"Chillán, Nevados de",-36.863,-71.377,1
67059,"2020-11-08 06:06:04",357070,0,4,375,38.0050527819502,-82.7125995986317,9,2.43219291991153,1.03406610275846,3539008.50591871,-36.8652887559915,-71.3756688405821,838.526,"Chillán, Nevados de",-36.863,-71.377,1
67060,"2020-11-09 02:55:01",357070,0,1,1000,57.055281124498,85.8378514056226,3,0.604281774831696,0.54080023684028,1199801.06803777,-36.8627841919951,-71.3882093860254,2000,"Chillán, Nevados de",-36.863,-71.377,1
67061,"2020-11-09 05:00:03",357070,0,3,375,54.3479404777649,107.600959938027,10,2.58916946070652,0.979135469279631,4075398.54079931,-36.8651203260042,-71.3840759656699,838.526,"Chillán, Nevados de",-36.863,-71.377,1
67062,"2020-11-09 05:48:04",357070,0,4,375,11.1306186325303,-79.5658481099256,6,1.84383043908737,0.629606782345093,3073503.63112888,-36.8652046152475,-71.379872411859,750,"Chillán, Nevados de",-36.863,-71.377,1
67063,"2020-11-09 06:36:03",357070,0,3,375,63.679715991334,-87.4729881690074,13,2.77178477746189,1.37812534433237,3527700.44010909,-36.8653727482343,-71.37146525187,1546.16,"Chillán, Nevados de",-36.863,-71.377,1
67064,"2020-11-10 04:36:03",357070,0,3,375,65.5101268339674,110.634887384295,8,1.37639901619189,0.996327417764977,962056.233518127,-36.8650358882635,-71.3882795019841,1912.13,"Chillán, Nevados de",-36.863,-71.377,1
67065,"2020-11-10 05:20:02",357070,0,2,1000,51.954055944056,105.305692307692,4,0.935084302249274,0.844340332095722,1715061.03590214,-36.8632327741136,-71.365790980576,2000,"Chillán, Nevados de",-36.863,-71.377,1
67066,"2020-11-10 05:30:04",357070,0,4,375,19.7880308116255,102.513611992563,7,2.47900289516511,0.884478968228123,4036138.69005924,-36.8652046152475,-71.379872411859,838.526,"Chillán, Nevados de",-36.863,-71.377,1
67067,"2020-11-10 06:18:03",357070,0,3,375,50.5169490588281,-84.6654746113385,10,2.44910174038253,1.24162190247373,3056433.33970666,-36.8686663294419,-71.3757734749843,1060.66,"Chillán, Nevados de",-36.863,-71.377,1
67068,"2020-11-11 05:12:04",357070,0,4,375,43.4079844005442,105.551747699096,12,2.84008681459792,1.39132126537729,3667187.79646473,-36.8652046152475,-71.379872411859,1185.85,"Chillán, Nevados de",-36.863,-71.377,1
67069,"2020-11-11 06:00:02",357070,0,2,1000,14.4146798029555,-80.1836083743843,2,0.52213666566584,0.387542351219353,2543832.5430386,-36.8630090110135,-71.377000245322,1000,"Chillán, Nevados de",-36.863,-71.377,1
67070,"2020-11-11 06:00:03",357070,0,3,375,29.7980611456843,-81.8113104271473,8,2.20739336226584,0.955517691949125,3168810.29048918,-36.8686663294419,-71.3757734749843,838.526,"Chillán, Nevados de",-36.863,-71.377,1
67071,"2020-11-12 03:30:01",357070,0,1,1000,18.8007965367963,80.5834285714288,3,0.965931817343868,0.573591468290373,7415232.59711106,-36.8630090110135,-71.377000245322,1414.21,"Chillán, Nevados de",-36.863,-71.377,1
67073,"2020-11-12 05:42:03",357070,0,3,375,1.05019732671197,-1.37469756891833,5,2.29068416883619,0.556544588465331,4389540.81281373,-36.8652046152475,-71.379872411859,530.33,"Chillán, Nevados de",-36.863,-71.377,1
67074,"2020-11-12 06:30:04",357070,0,4,375,60.0381626787713,-86.5009160561894,11,1.67185796941401,1.00093659970097,1698269.71708614,-36.8619951623533,-71.3713608195923,1185.85,"Chillán, Nevados de",-36.863,-71.377,1
67075,"2020-11-13 04:30:04",357070,0,4,375,68.2446955325789,111.619286756498,1,0.0142993057573418,0.00829786214790341,15191.1541363909,-36.85565756474,-71.3501365732401,2855.91,"Chillán, Nevados de",-36.863,-71.377,1
67076,"2020-11-13 05:24:03",357070,0,3,375,29.1009025893474,103.668212175169,3,0.139979590914267,0.116409635333475,59661.4500638796,-36.8652887559915,-71.3756688405821,530.33,"Chillán, Nevados de",-36.863,-71.377,1
67077,"2020-11-13 06:12:04",357070,0,4,375,44.8820860469456,-83.6862831186998,5,0.82919437270024,0.505355514749691,819717.109187327,-36.8686663294419,-71.3757734749843,530.33,"Chillán, Nevados de",-36.863,-71.377,1
67078,"2020-11-14 05:06:03",357070,0,3,375,49.428165021458,106.612580107963,8,1.19044182505575,0.658271698920421,1347055.63178004,-36.8651203260042,-71.3840759656699,838.526,"Chillán, Nevados de",-36.863,-71.377,1
67079,"2020-11-14 05:54:04",357070,0,4,375,21.143963248209,-80.7376526015993,4,1.25623249796313,0.364374705636644,2257515.03682642,-36.8686663294419,-71.3757734749843,530.33,"Chillán, Nevados de",-36.863,-71.377,1
67080,"2020-11-14 06:42:03",357070,0,3,375,66.9941263742067,-88.4094437513776,7,0.907526313899799,0.57680441789422,837139.799264122,-36.8653727482343,-71.37146525187,1185.85,"Chillán, Nevados de",-36.863,-71.377,1
67081,"2020-11-15 04:00:01",357070,0,1,1000,35.6295437262358,-103.108041825095,1,0.19708729765671,0.176566088849483,387850.846456589,-36.8720158634551,-71.3772794423447,1000,"Chillán, Nevados de",-36.863,-71.377,1
67082,"2020-11-15 04:48:03",357070,0,3,750,62.3860377359981,109.76922145951,6,1.34366480324591,0,14889485.6009687,-36.8652046152475,-71.379872411859,2371.71,"Chillán, Nevados de",-36.863,-71.377,1
67083,"2020-11-15 05:35:02",357070,0,2,1000,30.3284210526317,102.403250433777,5,1.02310153752868,0.811620004420468,3997000.97574516,-36.8630090110135,-71.377000245322,1414.21,"Chillán, Nevados de",-36.863,-71.377,1
67084,"2020-11-15 05:36:04",357070,0,4,750,9.83410778019056,101.270699736423,4,1.30131993209303,0.745554484071979,6158575.87088321,-36.8652046152475,-71.379872411859,1060.66,"Chillán, Nevados de",-36.863,-71.377,1
67085,"2020-11-15 06:24:03",357070,0,3,375,55.5371241450213,-85.5903481742604,5,1.48009598725707,0.514528107689105,2444093.69515641,-36.8652887559915,-71.3756688405821,838.526,"Chillán, Nevados de",-36.863,-71.377,1
67086,"2020-11-16 03:05:01",357070,0,1,1000,51.772085048011,84.8542798353909,5,1.04573058821697,0.915195459358739,2467113.93542049,-36.8720158634551,-71.3772794423447,2236.07,"Chillán, Nevados de",-36.863,-71.377,1
67087,"2020-11-16 05:18:04",357070,0,4,375,36.6728818352028,104.567890078314,7,2.21740563874802,0.701278166712541,3837697.6635898,-36.8652046152475,-71.379872411859,838.526,"Chillán, Nevados de",-36.863,-71.377,1
67088,"2020-11-16 06:06:03",357070,0,3,375,37.7638542583486,-82.786475238701,4,1.13662805807062,0.420637456480359,1812351.21027534,-36.8652887559915,-71.3756688405821,530.33,"Chillán, Nevados de",-36.863,-71.377,1
67089,"2020-11-17 03:45:01",357070,0,1,1000,16.0905884808013,-100.716535893155,4,0.994607019290862,0.798055815534664,3714817.75099213,-36.8720158634551,-71.3772794423447,1414.21,"Chillán, Nevados de",-36.863,-71.377,1
67091,"2020-11-17 05:48:03",357070,0,3,750,10.7181497604307,-79.7290132179176,3,1.14105635869114,0.651065226251688,5429714.23634466,-36.8652046152475,-71.379872411859,750,"Chillán, Nevados de",-36.863,-71.377,1
67092,"2020-11-17 06:36:04",357070,0,4,375,63.8292752218397,-87.4505858876784,12,2.40139025118929,1.33739872923688,2693228.53994204,-36.8653727482343,-71.37146525187,1500,"Chillán, Nevados de",-36.863,-71.377,1
67093,"2020-11-18 04:36:04",357070,0,4,375,65.361253492827,110.580967865779,11,1.96994988092189,1.27225429750534,1766041.94552316,-36.8582807965494,-71.388069177474,1875,"Chillán, Nevados de",-36.863,-71.377,1
67094,"2020-11-18 05:30:03",357070,0,3,375,20.1769604569543,102.684360882631,7,2.26772030675375,0.90436854984683,3450984.13467064,-36.8686663294419,-71.3757734749843,838.526,"Chillán, Nevados de",-36.863,-71.377,1
67095,"2020-11-18 06:05:02",357070,0,2,1000,25.1798861949529,-81.3378377041068,2,0.503322863894295,0.418038622501407,1611872.16232558,-36.8632327741136,-71.365790980576,1000,"Chillán, Nevados de",-36.863,-71.377,1
67096,"2020-11-18 06:18:04",357070,0,4,375,50.7428872644107,-84.6248795205108,8,1.93108442817727,0.966985398815454,2440375.66807209,-36.8653727482343,-71.37146525187,1185.85,"Chillán, Nevados de",-36.863,-71.377,1
67097,"2020-11-19 03:35:01",357070,0,1,1000,7.34464398734171,78.5494462025316,2,0.509973500943783,0.391660917132951,2236107.83402472,-36.8630090110135,-71.377000245322,1000,"Chillán, Nevados de",-36.863,-71.377,1
67098,"2020-11-19 05:12:03",357070,0,3,375,43.6851659389638,105.635239175276,5,1.32380059768105,0.685432312383892,1615869.72215843,-36.8652046152475,-71.379872411859,530.33,"Chillán, Nevados de",-36.863,-71.377,1
67099,"2020-11-19 06:00:04",357070,0,4,375,30.192119557862,-81.7432532185039,8,1.9183603461974,1.07130388905955,2144111.65713019,-36.8686663294419,-71.3757734749843,838.526,"Chillán, Nevados de",-36.863,-71.377,1
67100,"2020-11-19 06:48:03",357070,0,3,375,69.7952217674371,-89.3020245301778,8,1.40659798241822,1.10634953327987,760003.886881449,-36.862246217409,-71.358750503238,1912.13,"Chillán, Nevados de",-36.863,-71.377,1
67101,"2020-11-20 05:42:04",357070,0,4,375,1.18318509303038,-25.1631706966379,6,1.60088616390669,0.703270282300043,2272090.20031682,-36.8652887559915,-71.3756688405821,838.526,"Chillán, Nevados de",-36.863,-71.377,1
67102,"2020-11-21 03:20:01",357070,0,1,1000,29.086168067227,81.8402745098039,2,0.409014012302191,0.344472062178706,1219842.85733386,-36.8627841919951,-71.3882093860254,1000,"Chillán, Nevados de",-36.863,-71.377,1
67103,"2020-11-21 05:24:04",357070,0,4,375,28.6690385664353,103.547328577394,7,1.68412333244574,0.690075506130757,2516183.56035981,-36.8651203260042,-71.3840759656699,838.526,"Chillán, Nevados de",-36.863,-71.377,1
67104,"2020-11-21 06:12:03",357070,0,3,375,44.5871795568542,-83.7163840353407,5,1.32410313395476,0.487862539763388,2116734.00404692,-36.8652887559915,-71.3756688405821,530.33,"Chillán, Nevados de",-36.863,-71.377,1
67105,"2020-11-22 04:05:01",357070,0,1,1000,43.319160899654,-104.168745674741,1,0.204937732293489,0.184552554078232,385279.868268356,-36.8630090110135,-71.377000245322,0,"Chillán, Nevados de",-36.863,-71.377,1
67106,"2020-11-22 05:06:04",357070,0,4,375,49.1482443663037,106.537968140233,8,1.88107171840234,0.8668218988311,2567319.8557897,-36.8617427709321,-71.383970979333,838.526,"Chillán, Nevados de",-36.863,-71.377,1
67107,"2020-11-22 05:45:02",357070,0,2,1000,20.347910777385,101.385905477032,5,1.17712332819885,0.785542524715931,7400877.18582711,-36.8632327741136,-71.365790980576,1414.21,"Chillán, Nevados de",-36.863,-71.377,1
67108,"2020-11-22 05:54:03",357070,0,3,750,20.6862585376261,-80.8345181932077,3,1.04534977799902,0.582245257975349,5131776.96251231,-36.8721279134616,-71.3716741686415,1060.66,"Chillán, Nevados de",-36.863,-71.377,1
67109,"2020-11-22 06:42:04",357070,0,4,375,67.1440749401617,-88.3992938333881,11,1.82501916852831,1.17309458546,1650184.10089165,-36.8653727482343,-71.37146525187,1185.85,"Chillán, Nevados de",-36.863,-71.377,1
67110,"2020-11-23 03:10:01",357070,0,1,1000,45.4885456273763,83.8636216730037,3,0.660120727473881,0.573476385748998,1637578.05860029,-36.8627841919951,-71.3882093860254,1414.21,"Chillán, Nevados de",-36.863,-71.377,1
67111,"2020-11-23 05:36:03",357070,0,3,375,10.3376566919239,101.621621228264,7,2.00643800504077,0.796407081356626,3062890.77557548,-36.8686663294419,-71.3757734749843,750,"Chillán, Nevados de",-36.863,-71.377,1
67112,"2020-11-23 06:24:04",357070,0,4,375,55.7622876395679,-85.5641311653306,6,1.2240600273458,0.668573527738625,1406075.20213066,-36.8652887559915,-71.3756688405821,838.526,"Chillán, Nevados de",-36.863,-71.377,1
67113,"2020-11-24 05:18:03",357070,0,3,375,37.0670215479214,104.673154437033,9,2.28176526747019,0.92197459472091,3441970.14039661,-36.8652046152475,-71.379872411859,750,"Chillán, Nevados de",-36.863,-71.377,1
67114,"2020-11-24 05:30:02",357070,0,2,1000,38.7900386398764,103.378500772798,4,0.7679857648985,0.666175264163777,1924218.46388626,-36.8630090110135,-71.377000245322,1414.21,"Chillán, Nevados de",-36.863,-71.377,1
67115,"2020-11-24 06:06:04",357070,0,4,375,38.1245492664929,-82.7253691507515,4,1.64755814721706,0.42628066774205,3091358.61992111,-36.8652887559915,-71.3756688405821,530.33,"Chillán, Nevados de",-36.863,-71.377,1
67116,"2020-11-25 05:00:03",357070,0,3,375,54.4010157101522,107.617192890605,4,0.989457644722562,0.395620004180936,1503151.52762099,-36.8652046152475,-71.379872411859,530.33,"Chillán, Nevados de",-36.863,-71.377,1
67117,"2020-11-25 05:48:04",357070,0,4,375,11.2916106202881,-79.5606236866314,5,1.42208486201521,0.506674104048867,2317133.4811023,-36.8652046152475,-71.379872411859,530.33,"Chillán, Nevados de",-36.863,-71.377,1
67118,"2020-11-25 06:36:03",357070,0,3,375,63.6373844859294,-87.4547346816068,6,0.815990585734456,0.626344976611549,480040.448092357,-36.8652887559915,-71.3756688405821,838.526,"Chillán, Nevados de",-36.863,-71.377,1
67119,"2020-11-26 03:40:01",357070,0,1,1000,4.57877829820453,-97.5355113192817,2,0.514518715234293,0.348527178953445,3137240.03570802,-36.8630090110135,-71.377000245322,1000,"Chillán, Nevados de",-36.863,-71.377,1
67120,"2020-11-26 04:36:03",357070,0,3,375,65.5457053220487,110.647208220201,18,2.98711496840468,1.81705825475113,2961706.05643555,-36.8650358882635,-71.3882795019841,1590.99,"Chillán, Nevados de",-36.863,-71.377,1
67121,"2020-11-26 05:30:04",357070,0,4,375,19.6398159655525,102.503389525401,4,1.96229965360931,0.423746502744832,3894462.6631257,-36.8652046152475,-71.379872411859,530.33,"Chillán, Nevados de",-36.863,-71.377,1
67122,"2020-11-26 06:18:03",357070,0,3,375,50.4228864556204,-84.637740576972,9,2.543173158259,0.901650061118348,4155105.33963729,-36.8652887559915,-71.3756688405821,1125,"Chillán, Nevados de",-36.863,-71.377,1
67123,"2020-11-27 05:12:04",357070,0,4,375,43.3173904034794,105.543497757099,9,2.46832613178517,1.10596967031655,3448464.79309244,-36.8652046152475,-71.379872411859,838.526,"Chillán, Nevados de",-36.863,-71.377,1
67124,"2020-11-27 06:00:02",357070,0,2,1000,14.4933333333332,-80.1932555282555,2,0.589476020173742,0.41734381225805,3253298.72960658,-36.8630090110135,-71.377000245322,1000,"Chillán, Nevados de",-36.863,-71.377,1
67125,"2020-11-27 06:00:03",357070,0,3,375,29.7066904502491,-81.8283895673258,6,2.60306219657857,0.767992104036834,4645021.17174626,-36.8686663294419,-71.3757734749843,838.526,"Chillán, Nevados de",-36.863,-71.377,1
67126,"2020-11-28 03:30:01",357070,0,1,1000,18.7831366594358,80.5815835141001,3,0.746173924080597,0.587350530501224,3001762.13865014,-36.8630090110135,-71.377000245322,1414.21,"Chillán, Nevados de",-36.863,-71.377,1
67127,"2020-11-28 04:54:04",357070,0,4,750,58.4794566928823,108.560288573488,10,2.81213897122537,2.18030669168134,7001491.44769728,-36.8650358882635,-71.3882795019841,1677.05,"Chillán, Nevados de",-36.863,-71.377,1
67129,"2020-11-28 06:30:04",357070,0,4,375,60.0998275647426,-86.5109576337573,6,1.09042720981669,0.71713197120871,944903.572726449,-36.8653727482343,-71.37146525187,1125,"Chillán, Nevados de",-36.863,-71.377,1
67130,"2020-11-29 04:30:04",357070,0,4,375,68.2074571591209,111.608263669466,1,0.123956467075152,0.0932663504757835,77684.3576421507,-36.8546491363039,-71.4005728833654,2186.61,"Chillán, Nevados de",-36.863,-71.377,1
67131,"2020-11-29 05:24:03",357070,0,3,375,29.2072322934665,103.685057914679,5,0.69097549223762,0.553007320056484,349231.935833501,-36.8685821784274,-71.3799772309783,530.33,"Chillán, Nevados de",-36.863,-71.377,1
67132,"2020-11-30 03:15:01",357070,0,1,1000,37.9637140751659,82.8873323507738,3,0.754357663520856,0.65751599540014,1830307.52748154,-36.8627841919951,-71.3882093860254,1414.21,"Chillán, Nevados de",-36.863,-71.377,1
67133,"2020-11-30 05:06:03",357070,0,3,375,49.497306035825,106.634158959155,9,1.87314949039993,1.08058874984542,2006169.37452859,-36.8652046152475,-71.379872411859,838.526,"Chillán, Nevados de",-36.863,-71.377,1
67134,"2020-11-30 05:54:04",357070,0,4,375,21.2778390616266,-80.7472014144753,5,1.82643661963646,0.619021571267239,3056269.3411846,-36.8652046152475,-71.379872411859,530.33,"Chillán, Nevados de",-36.863,-71.377,1
67135,"2020-11-30 06:42:03",357070,0,3,375,66.9411675494012,-88.3906716116685,16,3.670952250494,1.94887996164066,4358995.48116,-36.8686663294419,-71.3757734749843,1546.16,"Chillán, Nevados de",-36.863,-71.377,1
67136,"2020-12-01 05:35:02",357070,0,2,1000,30.2371139386929,102.40046847889,2,0.475443447484414,0.365782789428879,2072586.43724961,-36.8630090110135,-71.377000245322,1000,"Chillán, Nevados de",-36.863,-71.377,1
67137,"2020-12-01 05:36:04",357070,0,4,375,9.6581036965952,101.274327231674,5,1.65199557784735,0.543558922671271,2805730.28341444,-36.8652046152475,-71.379872411859,375,"Chillán, Nevados de",-36.863,-71.377,1
67138,"2020-12-01 06:24:03",357070,0,3,375,55.4507311437941,-85.5678952898365,11,2.84123688826381,1.21716371440432,4110935.22133183,-36.8619951623533,-71.3713608195923,1185.85,"Chillán, Nevados de",-36.863,-71.377,1
67139,"2020-12-02 03:05:01",357070,0,1,1000,51.7745479452055,84.8635753424657,6,1.29139303614848,1.1223520922312,3194873.84003647,-36.8627841919951,-71.3882093860254,2236.07,"Chillán, Nevados de",-36.863,-71.377,1
67140,"2020-12-02 05:18:04",357070,0,4,375,36.5859361809281,104.560692573197,4,1.55250433554348,0.425393698989414,2852998.79877747,-36.8652046152475,-71.379872411859,750,"Chillán, Nevados de",-36.863,-71.377,1
67141,"2020-12-02 06:06:03",357070,0,3,375,37.6461452838119,-82.7634759575613,5,1.2202526198815,0.545279017628867,1708526.93070199,-36.8652887559915,-71.3756688405821,838.526,"Chillán, Nevados de",-36.863,-71.377,1
67142,"2020-12-02 06:20:02",357070,0,2,1000,42.7988260135134,-83.2874662162163,1,0.194510375138311,0.170865664808378,446885.025235732,-36.8630090110135,-71.377000245322,0,"Chillán, Nevados de",-36.863,-71.377,1
67143,"2020-12-03 03:45:01",357070,0,1,1000,16.0785284280936,-100.713683110368,2,0.428571743272318,0.368870650030305,1128350.66227405,-36.8720158634551,-71.3772794423447,1000,"Chillán, Nevados de",-36.863,-71.377,1
67144,"2020-12-03 05:00:04",357070,0,4,375,54.0801247828155,107.53131950836,11,2.77860845758103,1.1515072664266,4118599.89010964,-36.8616583434973,-71.3881743309669,1060.66,"Chillán, Nevados de",-36.863,-71.377,1
67145,"2020-12-03 05:25:02",357070,0,2,1000,45.9017874875868,104.360278053624,5,0.961344758603501,0.855105434806883,2007923.21975607,-36.8540021430746,-71.3767211723409,1414.21,"Chillán, Nevados de",-36.863,-71.377,1
67146,"2020-12-03 05:48:03",357070,0,3,375,10.5627647644731,-79.7889399221458,8,2.27088084948569,0.866036533396019,3556012.17510198,-36.8652887559915,-71.3756688405821,838.526,"Chillán, Nevados de",-36.863,-71.377,1
67147,"2020-12-03 06:36:04",357070,0,4,375,63.8713256371184,-87.4599311587281,13,2.57947401431445,1.37338813160968,3052904.89059645,-36.8652887559915,-71.3756688405821,1185.85,"Chillán, Nevados de",-36.863,-71.377,1
67148,"2020-12-04 04:36:04",357070,0,4,375,65.3265160658584,110.571199825467,8,1.36765221896365,0.91474539078559,1146420.40882571,-36.8581115169141,-71.3964754588476,2019.44,"Chillán, Nevados de",-36.863,-71.377,1
67149,"2020-12-04 05:30:03",357070,0,3,375,20.3319121276585,102.706612156072,6,1.74973732868041,0.690481299543751,2681241.82375217,-36.8652887559915,-71.3756688405821,530.33,"Chillán, Nevados de",-36.863,-71.377,1
67150,"2020-12-04 06:18:04",357070,0,4,375,50.8004178510278,-84.6262791313862,10,2.03819558366522,1.13774410060857,2279267.81648716,-36.8686663294419,-71.3757734749843,1060.66,"Chillán, Nevados de",-36.863,-71.377,1
67151,"2020-12-05 03:35:01",357070,0,1,1000,7.37491110233103,78.5620229158437,2,0.611020565071563,0.484513676524131,2390980.19354646,-36.8630090110135,-71.377000245322,1414.21,"Chillán, Nevados de",-36.863,-71.377,1
67152,"2020-12-05 05:12:03",357070,0,3,375,43.786300985487,105.656279881831,9,2.52292928494409,1.18992614125383,3374164.20746597,-36.8651203260042,-71.3840759656699,750,"Chillán, Nevados de",-36.863,-71.377,1
67153,"2020-12-05 06:00:04",357070,0,4,375,30.3043105232789,-81.7722627575291,7,2.03676824243339,0.963765416164976,2716038.40399193,-36.8652046152475,-71.379872411859,838.526,"Chillán, Nevados de",-36.863,-71.377,1
67154,"2020-12-05 06:48:03",357070,0,3,375,69.7705112148868,-89.281413981375,18,3.70835574813701,2.45349832371826,3176357.85555996,-36.8686663294419,-71.3757734749843,2651.65,"Chillán, Nevados de",-36.863,-71.377,1
67155,"2020-12-06 04:54:03",357070,0,3,750,58.7813298336758,108.732399208986,2,0.523995860895747,0,5806529.133551,-36.8582807965494,-71.388069177474,1060.66,"Chillán, Nevados de",-36.863,-71.377,1
67156,"2020-12-06 05:42:04",357070,0,4,375,1.23344144084944,-29.2887222422572,3,1.72129777794771,0.415677323383102,3304851.77561665,-36.8652046152475,-71.379872411859,375,"Chillán, Nevados de",-36.863,-71.377,1
67157,"2020-12-06 06:30:03",357070,0,3,375,59.7827954996532,-86.4963125391726,9,1.90500891087929,1.13873677169614,1939626.35230736,-36.8653727482343,-71.37146525187,1185.85,"Chillán, Nevados de",-36.863,-71.377,1
67158,"2020-12-07 03:20:01",357070,0,1,1000,29.119595959596,81.843529741863,1,0.285827427740086,0.243203705409713,805588.352044057,-36.8630090110135,-71.377000245322,0,"Chillán, Nevados de",-36.863,-71.377,1
67159,"2020-12-07 04:30:03",357070,0,3,375,68.4216282315077,111.696974178902,24,7.57346015855773,2.99117074927897,11598920.0672369,-36.8615737675852,-71.3923776650764,2019.44,"Chillán, Nevados de",-36.863,-71.377,1
67160,"2020-12-07 05:24:04",357070,0,4,750,28.7036713584229,103.539331685716,5,1.70241830381642,1.24452257253206,5074057.07229482,-36.8652046152475,-71.379872411859,1060.66,"Chillán, Nevados de",-36.863,-71.377,1
67161,"2020-12-07 06:12:03",357070,0,3,375,44.4409244819531,-83.6829395744074,10,2.77100276526664,1.39363566343538,3486460.47651036,-36.8686663294419,-71.3757734749843,1060.66,"Chillán, Nevados de",-36.863,-71.377,1
67162,"2020-12-08 05:06:04",357070,0,4,375,49.0971071553403,106.532111974281,8,1.93294218842707,1.0569314791773,2217402.10778848,-36.8652046152475,-71.379872411859,838.526,"Chillán, Nevados de",-36.863,-71.377,1
67163,"2020-12-08 05:45:02",357070,0,2,1000,20.2764614703275,101.387023914969,1,0.252435908879371,0.206997124390618,858793.026837428,-36.8630090110135,-71.377000245322,0,"Chillán, Nevados de",-36.863,-71.377,1
67164,"2020-12-08 05:54:03",357070,0,3,375,20.4767813299969,-80.8099944668163,6,1.70175429503298,0.795731837453702,2293369.34574755,-36.8686663294419,-71.3757734749843,530.33,"Chillán, Nevados de",-36.863,-71.377,1
67165,"2020-12-08 06:42:04",357070,0,4,375,67.1742115369561,-88.4043810275005,9,1.59261532089813,1.20256979448804,987302.738725549,-36.8619951623533,-71.3713608195923,1185.85,"Chillán, Nevados de",-36.863,-71.377,1
67166,"2020-12-09 03:10:01",357070,0,1,1000,45.5250808753568,83.868372978116,5,1.29721536167456,1.10610290381408,3612025.45356303,-36.8720158634551,-71.3772794423447,1414.21,"Chillán, Nevados de",-36.863,-71.377,1
67167,"2020-12-09 04:48:04",357070,0,4,375,62.0750114812542,109.545986464543,10,3.86231343336762,1.17278937005499,6807857.78526011,-36.8616583434973,-71.3881743309669,1590.99,"Chillán, Nevados de",-36.863,-71.377,1
67168,"2020-12-09 05:36:03",357070,0,3,375,10.5297016179869,101.664786492436,6,2.51855013165527,0.804575073897311,4338499.36494983,-36.8652887559915,-71.3756688405821,530.33,"Chillán, Nevados de",-36.863,-71.377,1
67169,"2020-12-09 06:24:04",357070,0,4,375,55.8209860432736,-85.5857044415254,7,2.17356861078796,0.948400008982632,3101208.02331974,-36.8652887559915,-71.3756688405821,838.526,"Chillán, Nevados de",-36.863,-71.377,1
67170,"2020-12-10 05:18:03",357070,0,3,375,37.195737494231,104.696706396349,9,2.68114029810168,1.13817504366169,3905630.80030122,-36.8652046152475,-71.379872411859,530.33,"Chillán, Nevados de",-36.863,-71.377,1
67171,"2020-12-10 05:30:02",357070,0,2,1000,38.7491250959325,103.377390636992,2,0.451046624642916,0.412304040431699,732234.841592013,-36.8632327741136,-71.365790980576,1414.21,"Chillán, Nevados de",-36.863,-71.377,1
67172,"2020-12-10 06:06:04",357070,0,4,375,38.2003776848794,-82.7472000592713,4,2.03006868684941,0.530216524558757,3796500.7857982,-36.8652887559915,-71.3756688405821,530.33,"Chillán, Nevados de",-36.863,-71.377,1
67173,"2020-12-11 05:00:03",357070,0,3,375,54.4775483294272,107.643599037825,6,1.18789526281255,0.502017633180049,1736127.75000727,-36.8618270498877,-71.3797676102055,838.526,"Chillán, Nevados de",-36.863,-71.377,1
67174,"2020-12-11 05:48:04",357070,0,4,375,11.3794054540529,-79.5960257905292,7,1.4494471308113,0.609289369410387,2126649.33354607,-36.8652046152475,-71.379872411859,838.526,"Chillán, Nevados de",-36.863,-71.377,1
67175,"2020-12-11 06:36:03",357070,0,3,375,63.5625000005295,-87.4351941798382,9,1.16962174749138,0.752345145632697,1056231.39845479,-36.8686663294419,-71.3757734749843,1546.16,"Chillán, Nevados de",-36.863,-71.377,1
67176,"2020-12-13 05:12:04",357070,0,4,375,43.2711419786955,105.540909202433,9,1.33505797344773,0.862594723303062,1195922.60192869,-36.8618270498877,-71.3797676102055,1060.66,"Chillán, Nevados de",-36.863,-71.377,1
67177,"2020-12-13 06:00:02",357070,0,2,1000,14.486212121212,-80.1835298935298,3,0.53564816763652,0.447999470525427,1656560.37539967,-36.8632327741136,-71.365790980576,1000,"Chillán, Nevados de",-36.863,-71.377,1
67178,"2020-12-13 06:00:03",357070,0,3,375,29.5851712423411,-81.8079268737189,5,1.0897847351224,0.463786659559721,1584557.62876804,-36.8686663294419,-71.3757734749843,838.526,"Chillán, Nevados de",-36.863,-71.377,1
67179,"2020-12-14 03:30:01",357070,0,1,1000,18.8753402687471,80.5981621153016,3,0.575606732680361,0.491771248548587,1584490.65009051,-36.8720158634551,-71.3772794423447,1000,"Chillán, Nevados de",-36.863,-71.377,1
67180,"2020-12-14 04:54:04",357070,0,4,375,58.3477903658748,108.533948211408,7,3.0859692726227,0.642887689448345,6184050.25741008,-36.8616583434973,-71.3881743309669,1060.66,"Chillán, Nevados de",-36.863,-71.377,1
67181,"2020-12-14 05:42:03",357070,0,3,375,1.03450918273317,10.5279173556321,4,1.25826130100333,0.404432205605064,2161254.89772686,-36.8652887559915,-71.3756688405821,530.33,"Chillán, Nevados de",-36.863,-71.377,1
67182,"2020-12-14 06:30:04",357070,0,4,375,60.1282491942635,-86.5150072361615,8,1.19248629211602,0.811687826981797,963896.114871001,-36.8686663294419,-71.3757734749843,838.526,"Chillán, Nevados de",-36.863,-71.377,1
67183,"2020-12-15 04:10:01",357070,0,1,1000,49.6480487804878,-105.190707317073,4,0.762463436151855,0.690559869545337,1358977.40886318,-36.8634554812588,-71.3545815923702,2000,"Chillán, Nevados de",-36.863,-71.377,1
67184,"2020-12-15 04:30:04",357070,0,4,375,68.1884885784548,111.605651312673,23,4.17589800809703,2.18031515413479,5051319.09909193,-36.8614890431978,-71.3965809816307,2371.71,"Chillán, Nevados de",-36.863,-71.377,1
67185,"2020-12-15 05:24:03",357070,0,3,375,29.2638603076917,103.702662944305,7,1.84377494100809,0.653055602657178,3014008.32520074,-36.8652046152475,-71.379872411859,530.33,"Chillán, Nevados de",-36.863,-71.377,1
67186,"2020-12-15 05:50:02",357070,0,2,1000,9.10746095314373,99.8151101321586,5,1.03525752550065,0.788143381064618,4670457.32984099,-36.8630090110135,-71.377000245322,1414.21,"Chillán, Nevados de",-36.863,-71.377,1
67187,"2020-12-15 06:12:04",357070,0,4,375,45.0145284422732,-83.6972745393167,7,1.71804529572782,0.657781722846067,2683792.16885694,-36.8652887559915,-71.3756688405821,838.526,"Chillán, Nevados de",-36.863,-71.377,1
67188,"2020-12-16 05:06:03",357070,0,3,375,49.5177377162722,106.646493604037,9,1.85596851767748,0.94043128737374,2317453.61420633,-36.8618270498877,-71.3797676102055,838.526,"Chillán, Nevados de",-36.863,-71.377,1
67189,"2020-12-16 05:54:04",357070,0,4,750,21.387726521947,-80.7643641947758,4,1.54814897389482,0.854037936867638,7691617.92905751,-36.8653727482343,-71.37146525187,1060.66,"Chillán, Nevados de",-36.863,-71.377,1
67190,"2020-12-16 06:42:03",357070,0,3,375,66.9174120673024,-88.3829799485432,17,3.67470831054803,1.93732369927906,4397754.79727457,-36.8619951623533,-71.3713608195923,1352.08,"Chillán, Nevados de",-36.863,-71.377,1
67191,"2020-12-17 04:00:01",357070,0,1,1000,35.5609779179812,-103.092776025237,5,1.41765532074846,1.07777487985739,6423740.33284119,-36.8630090110135,-71.377000245322,1414.21,"Chillán, Nevados de",-36.863,-71.377,1
67192,"2020-12-17 04:42:03",357070,0,3,375,62.3412014556827,109.629828007046,14,4.81556416497186,1.6393950743097,8039678.0107386,-36.8615737675852,-71.3923776650764,1546.16,"Chillán, Nevados de",-36.863,-71.377,1
67193,"2020-12-17 05:36:04",357070,0,4,375,9.60096058654629,101.270341656317,4,1.90135285239266,0.494898659829848,3560087.17492462,-36.8652046152475,-71.379872411859,530.33,"Chillán, Nevados de",-36.863,-71.377,1
67194,"2020-12-17 06:24:03",357070,0,3,375,55.442674343883,-85.5729172576781,7,1.75430785902528,0.838795771777503,2317389.97084593,-36.8652887559915,-71.3756688405821,838.526,"Chillán, Nevados de",-36.863,-71.377,1
67197,"2020-12-20 04:36:04",357070,0,4,375,65.3160121666571,110.57063702174,14,3.65769267796757,1.4001413545421,5714426.78742071,-36.8614890431978,-71.3965809816307,2019.44,"Chillán, Nevados de",-36.863,-71.377,1
67198,"2020-12-20 05:30:03",357070,0,3,375,20.2859747944105,102.710439075715,6,1.72828565523999,0.602488262770241,2849674.64968905,-36.8686663294419,-71.3757734749843,530.33,"Chillán, Nevados de",-36.863,-71.377,1
67199,"2020-12-20 06:18:04",357070,0,4,375,50.8291806820611,-84.6349292087403,7,1.40710580078685,0.682022420471794,1835367.30642248,-36.8652887559915,-71.3756688405821,838.526,"Chillán, Nevados de",-36.863,-71.377,1
67200,"2020-12-21 03:35:01",357070,0,1,1000,7.42216943784635,78.5786737925576,2,0.53438676523382,0.41041950123462,2342981.28958488,-36.8630090110135,-71.377000245322,1000,"Chillán, Nevados de",-36.863,-71.377,1
67201,"2020-12-21 05:10:02",357070,0,2,1000,56.8865098039216,106.250490196078,2,0.414593737540132,0.389375550039789,476623.743756488,-36.8542258333487,-71.3655132206251,1414.21,"Chillán, Nevados de",-36.863,-71.377,1
67202,"2020-12-21 05:12:03",357070,0,3,375,43.7370475706737,105.654492091188,10,2.66012868225123,1.15986780921654,3797535.33486907,-36.8652046152475,-71.379872411859,838.526,"Chillán, Nevados de",-36.863,-71.377,1
67203,"2020-12-21 06:00:04",357070,0,4,375,30.322268840961,-81.7662463007242,6,2.16278134507339,0.698943506943605,3705339.52776601,-36.8652046152475,-71.379872411859,530.33,"Chillán, Nevados de",-36.863,-71.377,1
67204,"2020-12-21 06:48:03",357070,0,3,375,69.7783728679472,-89.2917539041385,23,4.45646361621548,2.68579800978475,4481997.31627779,-36.8621626808787,-71.3629539593731,2651.65,"Chillán, Nevados de",-36.863,-71.377,1
67205,"2020-12-22 04:54:03",357070,0,3,375,58.6276771837276,108.673940669174,9,3.47917988624986,1.1215790596276,5967677.0923876,-36.8650358882635,-71.3882795019841,1185.85,"Chillán, Nevados de",-36.863,-71.377,1
67206,"2020-12-22 05:42:04",357070,0,4,375,1.24305427964332,-31.670656639418,5,2.18543841920688,0.700059874651787,3759864.44090508,-36.8652046152475,-71.379872411859,530.33,"Chillán, Nevados de",-36.863,-71.377,1
67207,"2020-12-22 05:55:02",357070,0,2,1000,2.78158754863814,-74.7363073929964,3,0.867258233426195,0.63416155429457,4405527.2355877,-36.8630090110135,-71.377000245322,1000,"Chillán, Nevados de",-36.863,-71.377,1
67208,"2020-12-22 06:30:03",357070,0,3,375,59.8207308071504,-86.5109802300488,7,2.00456687823423,0.944451966767192,2683415.86965095,-36.8653727482343,-71.37146525187,1060.66,"Chillán, Nevados de",-36.863,-71.377,1
67209,"2020-12-23 03:20:01",357070,0,1,1000,29.1383979763913,81.8514783586284,3,0.911018770046127,0.739221897409936,3246960.89282402,-36.8630090110135,-71.377000245322,1414.21,"Chillán, Nevados de",-36.863,-71.377,1
67210,"2020-12-23 04:30:03",357070,0,3,375,68.3828135913955,111.696761733417,16,3.18188061483045,2.07641529518382,2798209.09035554,-36.8583652136793,-71.3838660104898,1352.08,"Chillán, Nevados de",-36.863,-71.377,1
67211,"2020-12-23 05:24:04",357070,0,4,375,28.5614842122565,103.541210349523,8,2.23833352379987,1.05526164997742,2994650.68061307,-36.8652046152475,-71.379872411859,838.526,"Chillán, Nevados de",-36.863,-71.377,1
67213,"2020-12-24 04:05:01",357070,0,1,1000,43.2703206239168,-104.15924610052,2,0.514957834556105,0.46955519214892,858109.941495796,-36.8630090110135,-71.377000245322,1000,"Chillán, Nevados de",-36.863,-71.377,1
67214,"2020-12-24 05:06:04",357070,0,4,375,49.08404811567,106.531987813979,9,2.3909436165539,1.1921264936862,3034505.84225887,-36.8617427709321,-71.383970979333,838.526,"Chillán, Nevados de",-36.863,-71.377,1
67215,"2020-12-24 05:45:02",357070,0,2,1000,20.2798141592918,101.392022123894,3,0.806182244983534,0.656686962897856,2825460.8314193,-36.8630090110135,-71.377000245322,1000,"Chillán, Nevados de",-36.863,-71.377,1
67216,"2020-12-24 05:54:03",357070,0,3,375,20.6321374741514,-80.8562363204769,6,1.84602186470011,0.814917926214419,2609981.84429189,-36.8652887559915,-71.3756688405821,530.33,"Chillán, Nevados de",-36.863,-71.377,1
67217,"2020-12-24 06:42:04",357070,0,4,375,67.1791498717508,-88.4039098358181,10,2.52816783542086,1.28361286842794,3150279.76020082,-36.8652887559915,-71.3756688405821,1185.85,"Chillán, Nevados de",-36.863,-71.377,1
67218,"2020-12-25 03:10:01",357070,0,1,1000,45.5143157894736,83.8651483253587,4,1.063813613684,0.95792972191329,2001205.55446648,-36.8720158634551,-71.3772794423447,1414.21,"Chillán, Nevados de",-36.863,-71.377,1
67219,"2020-12-25 04:48:04",357070,0,4,375,62.0629029194776,109.547455913501,10,2.99400133405941,1.26579299606004,4374527.3555609,-36.8616583434973,-71.3881743309669,1590.99,"Chillán, Nevados de",-36.863,-71.377,1
67220,"2020-12-25 05:36:03",357070,0,3,375,10.3436304264087,101.647033890628,5,2.36890893274784,0.7015179140595,4220583.51605486,-36.8652046152475,-71.379872411859,530.33,"Chillán, Nevados de",-36.863,-71.377,1
67221,"2020-12-25 06:24:04",357070,0,4,375,55.8133959041595,-85.5668992025725,5,2.20664244914925,0.682338263572721,3858394.96974058,-36.8652887559915,-71.3756688405821,750,"Chillán, Nevados de",-36.863,-71.377,1
67222,"2020-12-26 03:50:01",357070,0,1,1000,26.5296520822351,-102.058877174486,2,0.579431214952202,0.503720717834381,1430928.39552681,-36.8630090110135,-71.377000245322,1000,"Chillán, Nevados de",-36.863,-71.377,1
67223,"2020-12-26 05:18:03",357070,0,3,375,37.0409632405379,104.672877134137,8,2.27061991588602,1.11312932990009,2929898.04577689,-36.8652046152475,-71.379872411859,750,"Chillán, Nevados de",-36.863,-71.377,1
67224,"2020-12-26 05:30:02",357070,0,2,1000,38.7308766485648,103.377401086113,4,1.07392947644196,0.922294318275937,2865904.4893379,-36.8632327741136,-71.365790980576,1414.21,"Chillán, Nevados de",-36.863,-71.377,1
67225,"2020-12-26 06:06:04",357070,0,4,375,38.1965210823095,-82.7204194012163,6,2.27088015214313,0.840710250028444,3620117.56472779,-36.8652887559915,-71.3756688405821,838.526,"Chillán, Nevados de",-36.863,-71.377,1
67226,"2020-12-27 05:00:03",357070,0,3,375,54.3685923865024,107.616626305439,8,2.37316978719737,1.27128940387143,2789134.7202938,-36.8617427709321,-71.383970979333,1125,"Chillán, Nevados de",-36.863,-71.377,1
67227,"2020-12-27 05:48:04",357070,0,4,375,11.3935432148743,-79.6002784660813,6,3.05381145968742,1.11906433675051,4897328.65493407,-36.8652046152475,-71.379872411859,23358.6,"Chillán, Nevados de",-36.863,-71.377,1
67228,"2020-12-27 06:15:02",357070,0,2,1000,34.7226932515337,-82.3624785276073,2,0.599942046509116,0.523346288953243,1447659.81780599,-36.8632327741136,-71.365790980576,1000,"Chillán, Nevados de",-36.863,-71.377,1
67229,"2020-12-27 06:36:03",357070,0,3,375,63.6330298306595,-87.4461745439532,14,3.25186189056444,2.24871036013884,2539227.31138979,-36.8619951623533,-71.3713608195923,1185.85,"Chillán, Nevados de",-36.863,-71.377,1
67230,"2020-12-28 03:40:01",357070,0,1,1000,4.53935962514644,-97.5241858648963,4,1.29849170484643,0.93192947693056,6928026.10760986,-36.8630090110135,-71.377000245322,1414.21,"Chillán, Nevados de",-36.863,-71.377,1
67231,"2020-12-28 04:36:03",357070,0,3,375,65.5123169207938,110.651398469575,18,3.91559175920995,2.31063753737001,4062540.37403237,-36.8615737675852,-71.3923776650764,2019.44,"Chillán, Nevados de",-36.863,-71.377,1
67232,"2020-12-28 05:30:04",357070,0,4,750,19.6300365612345,102.476323709476,6,2.06490289187786,1.5326136950578,5898429.66226231,-36.8652046152475,-71.379872411859,1060.66,"Chillán, Nevados de",-36.863,-71.377,1
67233,"2020-12-28 06:18:03",357070,0,3,375,50.4596225629357,-84.6450847703762,5,1.50551598752574,0.659653881123633,2141088.45683033,-36.8652887559915,-71.3756688405821,838.526,"Chillán, Nevados de",-36.863,-71.377,1
67234,"2020-12-29 05:12:04",357070,0,4,375,43.2640072621488,105.542537816393,6,2.48757307813346,0.761003531573667,4370379.16472948,-36.8652046152475,-71.379872411859,530.33,"Chillán, Nevados de",-36.863,-71.377,1
67235,"2020-12-29 06:00:02",357070,0,2,1000,14.4880985626282,-80.1839876796714,4,1.21267159034126,0.852035134919884,6816029.00746404,-36.8630090110135,-71.377000245322,1414.21,"Chillán, Nevados de",-36.863,-71.377,1
67236,"2020-12-29 06:00:03",357070,0,3,750,29.8178373335194,-81.856751170359,4,1.55789102858452,0.928918309180122,6969803.94689995,-36.8653727482343,-71.37146525187,1060.66,"Chillán, Nevados de",-36.863,-71.377,1
67237,"2020-12-30 04:54:04",357070,0,4,375,58.345311297639,108.537547232089,12,2.24139525526555,1.14059952774775,2786389.18527945,-36.8582807965494,-71.388069177474,1352.08,"Chillán, Nevados de",-36.863,-71.377,1
67238,"2020-12-30 05:42:03",357070,0,3,375,1.04502272408977,0.0469290934916655,5,1.15294646002346,0.52306419614188,1594389.48045024,-36.8652046152475,-71.379872411859,15767.8,"Chillán, Nevados de",-36.863,-71.377,1
67239,"2020-12-30 06:30:04",357070,0,4,375,60.1343453098729,-86.5166639399728,9,1.43920032415356,0.853073999062495,1483632.26038675,-36.8652887559915,-71.3756688405821,838.526,"Chillán, Nevados de",-36.863,-71.377,1
67240,"2020-12-31 04:30:04",357070,0,4,375,68.1851215216878,111.609166584669,12,2.30431623266425,1.64413676254157,1671079.28374804,-36.8547339884471,-71.3963699536472,2401.17,"Chillán, Nevados de",-36.863,-71.377,1
67241,"2020-12-31 05:24:03",357070,0,3,375,29.0941559369333,103.686755124298,6,2.06645683313299,0.840384234162115,3103496.26614503,-36.8652046152475,-71.379872411859,838.526,"Chillán, Nevados de",-36.863,-71.377,1
67242,"2020-12-31 05:50:02",357070,0,2,1000,9.06867306155071,99.8059232613909,3,0.872054036791311,0.676835790505149,3689624.85480845,-36.8632327741136,-71.365790980576,1000,"Chillán, Nevados de",-36.863,-71.377,1
67243,"2020-12-31 06:12:04",357070,0,4,375,44.9987248538327,-83.6855013481989,9,2.13115223756113,1.26248884078158,2198804.22309823,-36.8652887559915,-71.3756688405821,838.526,"Chillán, Nevados de",-36.863,-71.377,1
67244,"2021-01-01 03:15:01",357070,0,1,1000,37.9530000000001,82.8916985294118,4,0.880628031157939,0.719833442117375,3039017.73286667,-36.8717909712506,-71.3884898966035,1414.21,"Chillán, Nevados de",-36.863,-71.377,1
67245,"2021-01-01 05:06:03",357070,0,3,375,49.4086965789168,106.629334064356,8,2.36554245214973,1.11693723699486,3160531.95086078,-36.8651203260042,-71.3840759656699,1125,"Chillán, Nevados de",-36.863,-71.377,1
67246,"2021-01-01 05:54:04",357070,0,4,375,21.3182120808511,-80.7344624025964,6,2.03515650505775,0.960775190865948,2719527.701548,-36.8652046152475,-71.379872411859,838.526,"Chillán, Nevados de",-36.863,-71.377,1
67247,"2021-01-01 06:42:03",357070,0,3,375,66.9745266477129,-88.3978737828111,11,2.59092055371407,1.69928759456065,2256945.9278571,-36.8653727482343,-71.37146525187,1546.16,"Chillán, Nevados de",-36.863,-71.377,1
67248,"2021-01-02 04:00:01",357070,0,1,1000,35.6429671717172,-103.10404040404,2,0.662518631224548,0.579656038089072,1566103.01026049,-36.8630090110135,-71.377000245322,1000,"Chillán, Nevados de",-36.863,-71.377,1
67249,"2021-01-02 05:36:04",357070,0,4,375,9.61623195962091,101.273899574735,5,0.635022887684314,0.407293107278926,576441.006651139,-36.8652046152475,-71.379872411859,530.33,"Chillán, Nevados de",-36.863,-71.377,1
67250,"2021-01-02 06:24:03",357070,0,3,375,55.5102299769086,-85.5749158838062,11,2.81879130345259,1.89248762047123,2344706.19754655,-36.8652887559915,-71.3756688405821,1060.66,"Chillán, Nevados de",-36.863,-71.377,1
67251,"2021-01-03 05:18:04",357070,0,4,375,36.5616078148253,104.564212000774,5,0.941062722248231,0.401472121762293,1365838.70748003,-36.8652046152475,-71.379872411859,530.33,"Chillán, Nevados de",-36.863,-71.377,1
67253,"2021-01-04 03:45:01",357070,0,1,1000,16.1140685045948,-100.714502923977,1,0.276202343330461,0.243157829611157,624541.309294841,-36.8720158634551,-71.3772794423447,1000,"Chillán, Nevados de",-36.863,-71.377,1
67254,"2021-01-04 05:00:04",357070,0,4,375,54.0676887834651,107.534363397865,11,3.115867620351,1.43790135665479,4247352.10498104,-36.8617427709321,-71.383970979333,1352.08,"Chillán, Nevados de",-36.863,-71.377,1
67255,"2021-01-04 05:25:02",357070,0,2,1000,45.8690180360722,104.363567134268,1,0.246584783853122,0.230571060440462,302659.372499276,-36.8632327741136,-71.365790980576,1000,"Chillán, Nevados de",-36.863,-71.377,1
67256,"2021-01-04 05:48:03",357070,0,3,375,10.764577529563,-79.8122114991802,5,1.23162391559554,0.690095539655407,1370743.70159847,-36.8652887559915,-71.3756688405821,530.33,"Chillán, Nevados de",-36.863,-71.377,1
67257,"2021-01-04 06:36:04",357070,0,4,375,63.8701819292308,-87.4527564575292,13,2.90304201835064,1.69581962388807,3055781.68598337,-36.8686663294419,-71.3757734749843,1185.85,"Chillán, Nevados de",-36.863,-71.377,1
67258,"2021-01-05 05:30:03",357070,0,3,375,20.1212965367977,102.704464821693,6,2.29327632191288,0.83021654913993,3703370.04983152,-36.8652887559915,-71.3756688405821,750,"Chillán, Nevados de",-36.863,-71.377,1
67259,"2021-01-05 06:18:04",357070,0,4,375,50.8121867211301,-84.6327312640019,7,2.04353049969433,0.954272986723372,2757183.07970774,-36.8652887559915,-71.3756688405821,838.526,"Chillán, Nevados de",-36.863,-71.377,1
67260,"2021-01-06 03:35:01",357070,0,1,1000,7.32172863924045,78.5474090189874,2,0.61311798149747,0.421820966409767,3615513.58515759,-36.8630090110135,-71.377000245322,1000,"Chillán, Nevados de",-36.863,-71.377,1
67261,"2021-01-06 05:12:03",357070,0,3,375,43.6220578253798,105.634394305816,10,3.30371205601639,1.23158589457255,5245069.34615471,-36.8652046152475,-71.379872411859,838.526,"Chillán, Nevados de",-36.863,-71.377,1
67262,"2021-01-06 06:00:04",357070,0,4,375,30.2803985817002,-81.751952400564,6,2.00205641343815,0.724395896071576,3234078.18458415,-36.8652046152475,-71.379872411859,838.526,"Chillán, Nevados de",-36.863,-71.377,1
67263,"2021-01-06 06:48:03",357070,0,3,375,69.8034596830558,-89.3087604750139,23,4.60882849846608,3.00470935418487,4060426.5839618,-36.8657072321546,-71.3546507232834,2730.04,"Chillán, Nevados de",-36.863,-71.377,1
67264,"2021-01-07 04:15:01",357070,0,1,1000,55.0562252663622,-106.170761035008,4,1.02400366938293,0.96016413683104,1206567.16523073,-36.8634554812588,-71.3545815923702,2000,"Chillán, Nevados de",-36.863,-71.377,1
67265,"2021-01-07 04:54:03",357070,0,3,375,58.571544100171,108.620657996402,13,2.98784097105492,1.68432511947499,3299524.49931169,-36.8651203260042,-71.3840759656699,1125,"Chillán, Nevados de",-36.863,-71.377,1
67266,"2021-01-07 05:42:04",357070,0,4,375,1.22468246389126,-29.935398365887,6,2.07953237653639,0.799808693109971,3239300.57367312,-36.8652046152475,-71.379872411859,530.33,"Chillán, Nevados de",-36.863,-71.377,1
67267,"2021-01-07 05:55:02",357070,0,2,1000,2.77188546941956,-74.7011414102065,2,0.537548721902697,0.432541563625689,1984635.29143546,-36.8630090110135,-71.377000245322,1000,"Chillán, Nevados de",-36.863,-71.377,1
67268,"2021-01-07 06:30:03",357070,0,3,375,59.8840931173383,-86.5247101810117,11,1.98489970446593,1.37599426155919,1541291.90235769,-36.8686663294419,-71.3757734749843,1352.08,"Chillán, Nevados de",-36.863,-71.377,1
67269,"2021-01-08 03:20:01",357070,0,1,1000,29.066278026906,81.8444450672646,5,1.21356507948465,1.01452491654462,3761859.07956656,-36.8717909712506,-71.3884898966035,1414.21,"Chillán, Nevados de",-36.863,-71.377,1
67270,"2021-01-08 04:30:03",357070,0,3,375,68.3335346664385,111.675760784646,24,5.40235281962631,2.80317335585352,6579173.01767486,-36.8615737675852,-71.3923776650764,2186.61,"Chillán, Nevados de",-36.863,-71.377,1
67271,"2021-01-08 05:24:04",357070,0,4,750,28.7036763584228,103.590843684564,6,1.99786816355645,1.32016477301193,7509800.69647151,-36.8652046152475,-71.379872411859,1060.66,"Chillán, Nevados de",-36.863,-71.377,1
67272,"2021-01-08 06:12:03",357070,0,3,375,44.6357889954792,-83.7247471985324,5,0.923165289960965,0.563360350747799,910756.252383326,-36.8686663294419,-71.3757734749843,838.526,"Chillán, Nevados de",-36.863,-71.377,1
67273,"2021-01-09 05:06:04",357070,0,4,375,49.1011755393378,106.540945334121,10,1.96387412219117,1.28204434118223,1725881.63317887,-36.8617427709321,-71.383970979333,2121.32,"Chillán, Nevados de",-36.863,-71.377,1
67274,"2021-01-09 05:45:02",357070,0,2,1000,20.2937028824832,101.393915742794,1,0.228586556797133,0.201991332967173,502649.730386253,-36.8630090110135,-71.377000245322,0,"Chillán, Nevados de",-36.863,-71.377,1
67275,"2021-01-09 05:54:03",357070,0,3,375,20.7759285178674,-80.8448931667192,4,1.45620832583096,0.480026393965222,2470960.51503514,-36.8686663294419,-71.3757734749843,838.526,"Chillán, Nevados de",-36.863,-71.377,1
67276,"2021-01-09 06:42:04",357070,0,4,375,67.1632531542225,-88.3924164799747,12,1.87987753260634,1.38702727677867,1247527.21006379,-36.8652887559915,-71.3756688405821,1546.16,"Chillán, Nevados de",-36.863,-71.377,1
67277,"2021-01-10 04:48:04",357070,0,4,375,62.0752349186207,109.555270440313,12,3.14051977676314,1.37950878531658,4457559.07209911,-36.8616583434973,-71.3881743309669,1546.16,"Chillán, Nevados de",-36.863,-71.377,1
67278,"2021-01-10 05:36:03",357070,0,3,375,10.1810689042682,101.615807329077,5,1.99974698224831,0.56943228928136,3620484.0665726,-36.8652046152475,-71.379872411859,530.33,"Chillán, Nevados de",-36.863,-71.377,1
67279,"2021-01-10 06:24:04",357070,0,4,375,55.7971299280752,-85.5739495639238,8,1.5935252940986,0.896842437143298,1763478.4816681,-36.8652887559915,-71.3756688405821,838.526,"Chillán, Nevados de",-36.863,-71.377,1
67280,"2021-01-10 06:25:02",357070,0,2,1000,49.4221420118343,-84.1730295857989,1,0.209467005794535,0.195570570541215,262642.62628774,-36.8632327741136,-71.365790980576,1000,"Chillán, Nevados de",-36.863,-71.377,1
67281,"2021-01-12 02:55:01",357070,0,1,1000,57.0232730923695,85.8431526104417,7,1.77715565921869,1.4849158778438,5523331.86798544,-36.8632327741136,-71.365790980576,2236.07,"Chillán, Nevados de",-36.863,-71.377,1
67282,"2021-01-12 05:00:03",357070,0,3,375,54.2973615572729,107.610013123727,10,4.20644280271489,1.16766574148664,7691904.436234,-36.8617427709321,-71.383970979333,838.526,"Chillán, Nevados de",-36.863,-71.377,1
67283,"2021-01-12 05:48:04",357070,0,4,750,11.3318027467145,-79.5336362222847,5,1.95621117883703,1.17370026742737,8671199.03705831,-36.8652046152475,-71.379872411859,1060.66,"Chillán, Nevados de",-36.863,-71.377,1
67284,"2021-01-12 06:15:02",357070,0,2,1000,34.6589079754601,-82.3536073619632,3,0.669715891827245,0.597058783487905,1373219.34761354,-36.8630090110135,-71.377000245322,1000,"Chillán, Nevados de",-36.863,-71.377,1
67285,"2021-01-12 06:36:03",357070,0,3,375,63.6865187338208,-87.4672477991336,17,2.86093771485323,1.99531142294475,2191116.55139335,-36.8652887559915,-71.3756688405821,1352.08,"Chillán, Nevados de",-36.863,-71.377,1
67286,"2021-01-13 03:40:01",357070,0,1,1000,4.60521501172791,-97.5680023455825,3,1.0502678575204,0.714746073687445,6341361.71444277,-36.8720158634551,-71.3772794423447,1414.21,"Chillán, Nevados de",-36.863,-71.377,1
67287,"2021-01-13 04:36:03",357070,0,3,375,65.4636085451948,110.643927516089,20,4.45597672874063,2.66422832999758,4535363.13431835,-36.8614890431978,-71.3965809816307,2186.61,"Chillán, Nevados de",-36.863,-71.377,1
67288,"2021-01-13 05:30:04",357070,0,4,750,19.6919455598507,102.528540708308,3,1.43965775303434,0.716939663614858,8008619.82837963,-36.8652046152475,-71.379872411859,750,"Chillán, Nevados de",-36.863,-71.377,1
67289,"2021-01-13 06:18:03",357070,0,3,375,50.5324534416443,-84.6552151306877,10,2.94113516715206,1.29394379810983,4169453.15288813,-36.8652887559915,-71.3756688405821,838.526,"Chillán, Nevados de",-36.863,-71.377,1
67290,"2021-01-14 05:12:04",357070,0,4,375,43.2933494001076,105.5499945436,5,2.73132919383386,0.693662136289355,5157844.73940953,-36.8652046152475,-71.379872411859,530.33,"Chillán, Nevados de",-36.863,-71.377,1
67291,"2021-01-14 06:00:02",357070,0,2,1000,14.4060517666392,-80.1694905505339,2,0.630211493239681,0.469279161561549,3041621.06871668,-36.8630090110135,-71.377000245322,1000,"Chillán, Nevados de",-36.863,-71.377,1
67292,"2021-01-14 06:00:03",357070,0,3,375,29.880445412981,-81.8347358328209,6,2.38352069352777,0.858344227734281,3860602.92903977,-36.8652046152475,-71.379872411859,530.33,"Chillán, Nevados de",-36.863,-71.377,1
67293,"2021-01-15 04:54:04",357070,0,4,375,58.3661824668799,108.544944265457,9,1.95846473220447,1.1505978095623,2044913.147938,-36.8617427709321,-71.383970979333,1590.99,"Chillán, Nevados de",-36.863,-71.377,1
67294,"2021-01-15 05:42:03",357070,0,3,375,1.06637410242675,-6.62233758636289,5,1.69830835501009,0.63934431356047,2680502.72991934,-36.8652046152475,-71.379872411859,530.33,"Chillán, Nevados de",-36.863,-71.377,1
67295,"2021-01-15 06:30:04",357070,0,4,375,60.0988609520402,-86.5042729771411,10,2.74426192953001,1.22662217413008,3841525.63085608,-36.8653727482343,-71.37146525187,1060.66,"Chillán, Nevados de",-36.863,-71.377,1
67296,"2021-01-16 04:30:04",357070,0,4,375,68.2002104384404,111.619300641003,14,3.87366200989795,1.53155377090576,5928461.47994897,-36.8581962309604,-71.3922723269368,2281.04,"Chillán, Nevados de",-36.863,-71.377,1
67297,"2021-01-16 05:24:03",357070,0,3,375,28.9822291258935,103.661630970524,7,2.08179629194522,0.784605256713435,3283514.80793047,-36.8652046152475,-71.379872411859,530.33,"Chillán, Nevados de",-36.863,-71.377,1
67298,"2021-01-16 05:50:02",357070,0,2,1000,9.16531948881778,99.8361261980831,3,0.692097868101145,0.551538908796432,2656564.33085908,-36.8630090110135,-71.377000245322,1000,"Chillán, Nevados de",-36.863,-71.377,1
67299,"2021-01-16 06:12:04",357070,0,4,375,44.9378421931013,-83.6676491675456,8,1.77816922158792,0.876895479995797,2281349.15840505,-36.8652887559915,-71.3756688405821,838.526,"Chillán, Nevados de",-36.863,-71.377,1
67300,"2021-01-17 03:15:01",357070,0,1,1000,37.9138664710199,82.88497432135,5,1.53676918608494,1.18777231135374,6596040.93241961,-36.8630090110135,-71.377000245322,2000,"Chillán, Nevados de",-36.863,-71.377,1
67301,"2021-01-17 05:06:03",357070,0,3,750,49.441157894904,106.647530616242,7,3.45832436495032,1.74171315695817,19022197.948563,-36.8652046152475,-71.379872411859,1060.66,"Chillán, Nevados de",-36.863,-71.377,1
67302,"2021-01-17 05:54:04",357070,0,4,750,21.2665335246559,-80.7023641961616,4,1.46876981161756,0.960549083961539,5631720.9383383,-36.8653727482343,-71.37146525187,750,"Chillán, Nevados de",-36.863,-71.377,1
67303,"2021-01-17 06:30:02",357070,0,2,1000,55.0054491017966,-85.1041017964072,5,1.26032715607764,1.14357088157695,2206693.58806301,-36.8544484680111,-71.3543051455064,2828.43,"Chillán, Nevados de",-36.863,-71.377,1
67304,"2021-01-17 06:42:03",357070,0,3,375,67.015698075946,-88.4167096714598,24,5.83285459790237,3.10494888566158,6905011.3341095,-36.8653727482343,-71.37146525187,1677.05,"Chillán, Nevados de",-36.863,-71.377,1
67305,"2021-01-18 04:00:01",357070,0,1,1000,35.6732784810127,-103.103765822785,3,0.969266130703861,0.871665606935861,1844649.8992152,-36.8720158634551,-71.3772794423447,1414.21,"Chillán, Nevados de",-36.863,-71.377,1
67306,"2021-01-18 05:35:02",357070,0,2,1000,30.2969532602424,102.421581073283,5,1.66472031271399,1.34804083451757,5985242.13791237,-36.8630090110135,-71.377000245322,1414.21,"Chillán, Nevados de",-36.863,-71.377,1
67307,"2021-01-18 05:36:04",357070,0,4,750,9.77368878154103,101.215036737668,3,1.61648609224611,0.908866680168892,7841307.6100807,-36.8652046152475,-71.379872411859,750,"Chillán, Nevados de",-36.863,-71.377,1
67308,"2021-01-18 06:24:03",357070,0,3,375,55.5701101803825,-85.5887143933216,11,3.5790205225213,1.78749435493833,4534800.61169437,-36.8652887559915,-71.3756688405821,1060.66,"Chillán, Nevados de",-36.863,-71.377,1
67309,"2021-01-19 03:05:01",357070,0,1,1000,51.7440684931508,84.8691780821919,6,2.16345402474404,1.95081595961808,4018859.43088068,-36.8715650228213,-71.3997002261797,2236.07,"Chillán, Nevados de",-36.863,-71.377,1
67310,"2021-01-19 05:18:04",357070,0,4,375,36.6125475312168,104.570491337235,6,2.85088530405012,1.17585359697392,4239924.00853664,-36.8618270498877,-71.3797676102055,750,"Chillán, Nevados de",-36.863,-71.377,1
67311,"2021-01-19 06:06:03",357070,0,3,375,37.831072115783,-82.7854974769973,6,2.55246228759947,1.11103889458779,3648602.96356082,-36.8652046152475,-71.379872411859,530.33,"Chillán, Nevados de",-36.863,-71.377,1
67312,"2021-01-19 06:20:02",357070,0,2,1000,42.6437542087543,-83.2697222222222,4,1.35574915241153,1.21665714480964,2628838.9436757,-36.8630090110135,-71.377000245322,2000,"Chillán, Nevados de",-36.863,-71.377,1
67313,"2021-01-20 03:45:01",357070,0,1,1000,16.1440719063545,-100.715907190636,2,0.826699657546806,0.678683826285065,2797499.2108469,-36.8630090110135,-71.377000245322,1000,"Chillán, Nevados de",-36.863,-71.377,1
67314,"2021-01-20 05:00:04",357070,0,4,375,54.1008337927545,107.544594445744,6,2.67982500428206,1.18519975206445,3783270.16967582,-36.8617427709321,-71.383970979333,838.526,"Chillán, Nevados de",-36.863,-71.377,1
67315,"2021-01-20 05:25:02",357070,0,2,1000,45.9270996978852,104.375317220544,4,1.35851313680315,1.21711804228488,2672367.28639527,-36.8540021430746,-71.3767211723409,1414.21,"Chillán, Nevados de",-36.863,-71.377,1
67316,"2021-01-20 05:48:03",357070,0,3,375,10.8815376476712,-79.8090338244376,8,3.34085322438844,1.55769665336286,4513615.0704085,-36.8686663294419,-71.3757734749843,838.526,"Chillán, Nevados de",-36.863,-71.377,1
67317,"2021-01-20 06:36:04",357070,0,4,375,63.835450988979,-87.4451615398358,12,3.95993823711826,2.19285815722436,4472921.45223145,-36.8686663294419,-71.3757734749843,1500,"Chillán, Nevados de",-36.863,-71.377,1
67318,"2021-01-21 05:30:03",357070,0,3,750,20.1251365501681,102.675454705025,4,1.83132445236175,1.37183633533763,5091702.69677354,-36.8652046152475,-71.379872411859,750,"Chillán, Nevados de",-36.863,-71.377,1
67319,"2021-01-21 06:05:02",357070,0,2,1000,25.0802446330504,-81.3165202196705,1,0.373598395468105,0.331272418111632,799960.972037349,-36.8630090110135,-71.377000245322,0,"Chillán, Nevados de",-36.863,-71.377,1
67320,"2021-01-21 06:18:04",357070,0,4,375,50.7538550371611,-84.6165086899242,10,3.48056649999676,1.96267093592292,3842173.14656192,-36.861911180362,-71.3755642236151,838.526,"Chillán, Nevados de",-36.863,-71.377,1
67321,"2021-01-22 03:35:01",357070,0,1,1000,7.30318559556782,78.5441828254847,3,1.36717642061402,1.07349614707956,5550557.16980136,-36.8630090110135,-71.377000245322,1000,"Chillán, Nevados de",-36.863,-71.377,1
67322,"2021-01-22 05:10:02",357070,0,2,1000,56.9052559055118,106.265275590551,1,0.355477109777591,0.345447714224283,189555.575957526,-36.8722396993981,-71.3660688639861,1414.21,"Chillán, Nevados de",-36.863,-71.377,1
67323,"2021-01-22 05:12:03",357070,0,3,750,43.6626790240631,105.611645639396,4,2.24177779635422,1.44371473948534,8843536.24892819,-36.8652046152475,-71.379872411859,1060.66,"Chillán, Nevados de",-36.863,-71.377,1
67324,"2021-01-22 06:00:04",357070,0,4,750,30.2441203239912,-81.738997172991,4,1.94926873341654,1.48948408999038,5094988.57996613,-36.8652046152475,-71.379872411859,1060.66,"Chillán, Nevados de",-36.863,-71.377,1
67325,"2021-01-22 06:48:03",357070,0,3,375,69.8262650798251,-89.3092853961076,24,8.16763465190969,5.13362851485874,7679828.03441021,-36.8687503319371,-71.371569701552,2019.44,"Chillán, Nevados de",-36.863,-71.377,1
67326,"2021-01-23 04:54:03",357070,0,3,375,58.5276558534452,108.590772492685,11,3.92641454479197,2.24816656860407,4248065.18972561,-36.8617427709321,-71.383970979333,1125,"Chillán, Nevados de",-36.863,-71.377,1
67327,"2021-01-23 05:42:04",357070,0,4,750,1.6436929632606,-11.7435757375106,3,1.65777626391283,1.11791266234535,5982363.53486967,-36.8652046152475,-71.379872411859,750,"Chillán, Nevados de",-36.863,-71.377,1
67328,"2021-01-23 05:55:02",357070,0,2,1000,2.64765369649806,-74.0932645914398,3,1.16770171051658,1.02504622185029,2696188.7357928,-36.8630090110135,-71.377000245322,1000,"Chillán, Nevados de",-36.863,-71.377,1
67329,"2021-01-23 06:30:03",357070,0,3,375,59.9362310267814,-86.5426165471561,11,3.69988267992559,2.31074348983831,3516258.57490843,-36.8652887559915,-71.3756688405821,1060.66,"Chillán, Nevados de",-36.863,-71.377,1
67330,"2021-01-24 03:20:01",357070,0,1,1000,29.0519235095614,81.8442519685039,6,2.5063970646936,1.9983754075923,9601609.3192147,-36.8630090110135,-71.377000245322,2236.07,"Chillán, Nevados de",-36.863,-71.377,1
67331,"2021-01-24 04:30:03",357070,0,3,375,68.309451689539,111.659420018837,13,4.21753842529129,2.50115903419116,4344585.33372222,-36.8614890431978,-71.3965809816307,2121.32,"Chillán, Nevados de",-36.863,-71.377,1
67332,"2021-01-24 05:24:04",357070,0,4,750,28.7672203570025,103.59549068446,5,2.54295134993462,1.85129890034403,7664373.70702573,-36.8652046152475,-71.379872411859,1060.66,"Chillán, Nevados de",-36.863,-71.377,1
67333,"2021-01-24 06:12:03",357070,0,3,375,44.6842092446456,-83.7155475413894,9,3.93735722847966,1.86571192166491,5243852.18287483,-36.8652887559915,-71.3756688405821,838.526,"Chillán, Nevados de",-36.863,-71.377,1
67334,"2021-01-25 04:05:01",357070,0,1,1000,43.3234196891192,-104.161960276339,5,1.68021425361628,1.36254782949829,6003895.41582996,-36.8630090110135,-71.377000245322,1414.21,"Chillán, Nevados de",-36.863,-71.377,1
67335,"2021-01-25 05:06:04",357070,0,4,750,49.2610768989291,106.559849618202,10,3.56930540706285,2.92011573279026,7193833.07803311,-36.8652046152475,-71.379872411859,2121.32,"Chillán, Nevados de",-36.863,-71.377,1
67336,"2021-01-25 05:45:02",357070,0,2,1000,20.3613809946713,101.404888987567,5,1.58584542762871,1.29575938304676,5482626.24259884,-36.8630090110135,-71.377000245322,1414.21,"Chillán, Nevados de",-36.863,-71.377,1
67337,"2021-01-25 05:54:03",357070,0,3,750,20.9416955319166,-80.9154211913994,4,1.75333248003388,1.16190984627695,6553702.06031902,-36.8653727482343,-71.37146525187,1060.66,"Chillán, Nevados de",-36.863,-71.377,1
67338,"2021-01-25 06:42:04",357070,0,4,375,67.1303478600124,-88.3811621647449,17,4.13440347517987,2.65921778901186,3734063.76811277,-36.8619951623533,-71.3713608195923,1352.08,"Chillán, Nevados de",-36.863,-71.377,1
67339,"2021-01-26 03:10:01",357070,0,1,1000,45.4630952380951,83.8658000000001,5,1.4632348647505,1.25941627229882,3852171.3973368,-36.8717909712506,-71.3884898966035,2236.07,"Chillán, Nevados de",-36.863,-71.377,1
67340,"2021-01-26 04:48:04",357070,0,4,375,62.1048370977781,109.566811859354,16,4.0586816137922,2.13630077537009,4866026.49725598,-36.8582807965494,-71.388069177474,1590.99,"Chillán, Nevados de",-36.863,-71.377,1
67341,"2021-01-26 05:36:03",357070,0,3,375,10.073203998178,101.597447089308,8,3.21264935114093,1.07336700574276,5415058.43678913,-36.8652887559915,-71.3756688405821,838.526,"Chillán, Nevados de",-36.863,-71.377,1
67342,"2021-01-26 06:24:04",357070,0,4,375,55.7491672690666,-85.5639565468633,11,2.85557774104237,1.41160283745764,3655061.47469884,-36.861911180362,-71.3755642236151,1185.85,"Chillán, Nevados de",-36.863,-71.377,1
67343,"2021-01-27 03:50:01",357070,0,1,1000,26.5880854430379,-102.060210970464,1,0.338719622633271,0.240314770417303,1859851.70688181,-36.8630090110135,-71.377000245322,0,"Chillán, Nevados de",-36.863,-71.377,1
67344,"2021-01-27 05:18:03",357070,0,3,375,36.8700322694157,104.651570322726,10,2.97975086291865,1.35568814379625,4110908.75777858,-36.8652046152475,-71.379872411859,838.526,"Chillán, Nevados de",-36.863,-71.377,1
67345,"2021-01-27 05:30:02",357070,0,2,1000,38.7723201856147,103.389141531323,3,0.778440963871084,0.689562774896275,1679797.77162389,-36.8630090110135,-71.377000245322,1000,"Chillán, Nevados de",-36.863,-71.377,1
67346,"2021-01-27 06:06:04",357070,0,4,375,38.0924351036239,-82.7257522440332,9,2.66898160621198,1.20310606408495,3710497.46600906,-36.8652887559915,-71.3756688405821,1125,"Chillán, Nevados de",-36.863,-71.377,1
67347,"2021-01-28 05:00:03",357070,0,3,750,54.3573237850191,107.607307594789,6,1.96690551346067,1.3902197837799,6390398.74202505,-36.8652046152475,-71.379872411859,1060.66,"Chillán, Nevados de",-36.863,-71.377,1
67348,"2021-01-28 05:48:04",357070,0,4,750,11.2108517494179,-79.4904502232499,5,1.66172667084403,1.10733770024219,6143322.78048163,-36.8652046152475,-71.379872411859,1060.66,"Chillán, Nevados de",-36.863,-71.377,1
67349,"2021-01-28 06:15:02",357070,0,2,1000,34.6374770922419,-82.349328039096,5,1.10113473211251,0.906455284691168,3679441.55626334,-36.8630090110135,-71.377000245322,1414.21,"Chillán, Nevados de",-36.863,-71.377,1
67350,"2021-01-28 06:36:03",357070,0,3,375,63.7164951478136,-87.4790450574235,12,2.5494672686071,1.47436870311493,2721343.24390204,-36.8686663294419,-71.3757734749843,838.526,"Chillán, Nevados de",-36.863,-71.377,1
67352,"2021-02-01 05:24:03",357070,0,3,750,28.9965173518773,103.680719682555,6,1.82790156977906,1.27037522444868,6178088.81419226,-36.8652046152475,-71.379872411859,1060.66,"Chillán, Nevados de",-36.863,-71.377,1
67353,"2021-02-01 05:50:02",357070,0,2,1000,9.12960079840311,99.8380718562876,3,0.770297944927947,0.545013505441427,4257875.90629523,-36.8632327741136,-71.365790980576,1000,"Chillán, Nevados de",-36.863,-71.377,1
67354,"2021-02-01 06:12:04",357070,0,4,375,44.8672674577141,-83.6577374918059,13,3.83142439070396,1.44018562506365,6052823.12552703,-36.8652887559915,-71.3756688405821,1060.66,"Chillán, Nevados de",-36.863,-71.377,1
67355,"2021-02-02 05:06:03",357070,0,3,375,49.3091922774789,106.596547603113,9,1.48694355448195,0.809787171947182,1714052.09329113,-36.8652046152475,-71.379872411859,838.526,"Chillán, Nevados de",-36.863,-71.377,1
67356,"2021-02-02 05:54:04",357070,0,4,375,21.1219388724583,-80.708134670749,8,2.46510161027826,0.879840994218531,4012690.93440118,-36.861911180362,-71.3755642236151,838.526,"Chillán, Nevados de",-36.863,-71.377,1
67357,"2021-02-02 06:30:02",357070,0,2,1000,55.0453242835597,-85.1133484162896,1,0.2113160047493,0.193365594965751,339262.744909082,-36.8634554812588,-71.3545815923702,2000,"Chillán, Nevados de",-36.863,-71.377,1
67358,"2021-02-02 06:42:03",357070,0,3,375,67.0413791985593,-88.4187538121343,18,2.89714582682912,1.86776923990181,2605609.48565977,-36.8654565919739,-71.3672616457533,2019.44,"Chillán, Nevados de",-36.863,-71.377,1
67359,"2021-02-03 04:00:01",357070,0,1,1000,35.6604743833017,-103.096597090449,1,0.256008473910279,0.229545885171705,500142.927159047,-36.8720158634551,-71.3772794423447,1000,"Chillán, Nevados de",-36.863,-71.377,1
67360,"2021-02-03 05:35:02",357070,0,2,1000,30.2537507212926,102.416433929602,2,0.528664570507972,0.423238895689132,1992545.25407608,-36.8630090110135,-71.377000245322,1000,"Chillán, Nevados de",-36.863,-71.377,1
67361,"2021-02-03 05:36:04",357070,0,4,750,9.89381277885605,101.326897735167,4,1.36217630131631,0.888736431193898,5246305.56079403,-36.8652046152475,-71.379872411859,1060.66,"Chillán, Nevados de",-36.863,-71.377,1
67362,"2021-02-03 06:24:03",357070,0,3,375,55.6069741910866,-85.6008542936813,7,2.93725716310673,0.839351228082901,5310324.39802907,-36.8653727482343,-71.37146525187,838.526,"Chillán, Nevados de",-36.863,-71.377,1
67363,"2021-02-04 03:05:01",357070,0,1,1000,51.761755829904,84.8690397805213,2,0.571819665861576,0.53011575269014,788203.958940142,-36.8630090110135,-71.377000245322,1000,"Chillán, Nevados de",-36.863,-71.377,1
67364,"2021-02-04 05:18:04",357070,0,4,375,36.7087649243916,104.589858672803,8,3.26416619633479,1.28109962550279,5019637.25741851,-36.8652046152475,-71.379872411859,17629,"Chillán, Nevados de",-36.863,-71.377,1
67365,"2021-02-04 06:06:03",357070,0,3,375,37.8883126832184,-82.7884106958488,8,3.15266832324334,1.16768627579776,5024485.80759662,-36.8686663294419,-71.3757734749843,838.526,"Chillán, Nevados de",-36.863,-71.377,1
67366,"2021-02-05 03:45:01",357070,0,1,1000,16.1098247078464,-100.706402337229,1,0.341444857820869,0.309197837502896,609468.684009686,-36.8630090110135,-71.377000245322,0,"Chillán, Nevados de",-36.863,-71.377,1
67367,"2021-02-05 05:00:04",357070,0,4,750,54.2424897875858,107.596582595029,6,2.34919470394387,1.88314845002344,5164375.05125584,-36.858449482348,-71.3796628260149,1500,"Chillán, Nevados de",-36.863,-71.377,1
67368,"2021-02-05 05:25:02",357070,0,2,1000,45.8981237524951,104.374870259481,4,1.34307599859322,1.21245329858428,2468769.03016894,-36.8627841919951,-71.3882093860254,1414.21,"Chillán, Nevados de",-36.863,-71.377,1
67369,"2021-02-05 05:48:03",357070,0,3,375,10.9474726279491,-79.82780346985,9,3.88672697383441,1.57435011772421,5853203.91702893,-36.8686663294419,-71.3757734749843,838.526,"Chillán, Nevados de",-36.863,-71.377,1
67370,"2021-02-05 06:36:04",357070,0,4,375,63.7935705693425,-87.43133382521,14,4.102358840948,2.39158246683251,4330402.69697982,-36.8652887559915,-71.3756688405821,1185.85,"Chillán, Nevados de",-36.863,-71.377,1
67371,"2021-02-06 05:30:03",357070,0,3,750,20.0630415515561,102.669300705162,5,2.27577108140806,1.72031629527526,6155133.34883413,-36.8652046152475,-71.379872411859,750,"Chillán, Nevados de",-36.863,-71.377,1
67372,"2021-02-06 06:18:04",357070,0,4,375,50.6816863213213,-84.606218761875,13,4.33113837673182,2.41145788421041,4859191.24669483,-36.8652887559915,-71.3756688405821,1185.85,"Chillán, Nevados de",-36.863,-71.377,1
67373,"2021-02-07 03:35:01",357070,0,1,1000,7.35488915281072,78.56013064133,2,1.04268360556136,0.628962740940172,7819324.34134046,-36.8630090110135,-71.377000245322,1000,"Chillán, Nevados de",-36.863,-71.377,1
67374,"2021-02-07 05:12:03",357070,0,3,375,43.5283456624334,105.612953038428,9,2.92187926362844,1.45879205872609,3703439.48740907,-36.8652046152475,-71.379872411859,750,"Chillán, Nevados de",-36.863,-71.377,1
67375,"2021-02-07 06:00:04",357070,0,4,375,30.0918737868926,-81.734534062396,7,1.38686782961905,0.645678720368573,1876134.93279028,-36.8652887559915,-71.3756688405821,838.526,"Chillán, Nevados de",-36.863,-71.377,1
67376,"2021-02-07 06:48:03",357070,0,3,375,69.834987257932,-89.3085017647264,22,5.91349622386095,3.37901386563925,6415408.46924868,-36.8653727482343,-71.37146525187,2651.65,"Chillán, Nevados de",-36.863,-71.377,1
67377,"2021-02-08 04:54:03",357070,0,3,375,58.5137556891522,108.583718350047,10,3.17986709542624,1.65044511206739,3871349.39537709,-36.8617427709321,-71.383970979333,838.526,"Chillán, Nevados de",-36.863,-71.377,1
67378,"2021-02-08 05:42:04",357070,0,4,375,1.13592174992224,-18.0045432868875,8,2.98952889803891,1.3415647386247,4171409.27851722,-36.8652046152475,-71.379872411859,838.526,"Chillán, Nevados de",-36.863,-71.377,1
67379,"2021-02-08 05:55:02",357070,0,2,1000,2.76948228882834,-74.6641533670689,3,0.997070456986773,0.776334653979268,4171906.67684185,-36.8630090110135,-71.377000245322,1000,"Chillán, Nevados de",-36.863,-71.377,1
67380,"2021-02-08 06:30:03",357070,0,3,375,59.9643579769265,-86.5372544175075,11,3.68834588259917,1.77124263633938,4852667.59209509,-36.8653727482343,-71.37146525187,1060.66,"Chillán, Nevados de",-36.863,-71.377,1
67381,"2021-02-09 03:20:01",357070,0,1,1000,29.1022783389451,81.847239057239,3,0.985078755660126,0.828970389355014,2950448.1231666,-36.8630090110135,-71.377000245322,1000,"Chillán, Nevados de",-36.863,-71.377,1
67382,"2021-02-09 04:30:03",357070,0,3,375,68.3010616497196,111.65218966583,15,3.66616118801372,2.23654416638143,3618718.08600675,-36.8582807965494,-71.388069177474,1912.13,"Chillán, Nevados de",-36.863,-71.377,1
67383,"2021-02-09 05:24:04",357070,0,4,375,28.7906237719891,103.581114151223,6,2.35545178544322,0.908819532846235,3661787.88938611,-36.8652046152475,-71.379872411859,750,"Chillán, Nevados de",-36.863,-71.377,1
67384,"2021-02-09 06:12:03",357070,0,3,375,44.7297658999787,-83.7230742747196,13,3.69064796638647,1.95940797039359,4382201.23985697,-36.8652887559915,-71.3756688405821,838.526,"Chillán, Nevados de",-36.863,-71.377,1
67385,"2021-02-10 05:06:04",357070,0,4,375,49.2217004828977,106.568915998888,13,3.51188846009527,2.34731641638509,2947822.98564138,-36.8652046152475,-71.379872411859,1125,"Chillán, Nevados de",-36.863,-71.377,1
67386,"2021-02-10 05:45:02",357070,0,2,1000,20.284576345984,101.398649602825,2,0.669248644404758,0.577904800314861,1726398.65329904,-36.8630090110135,-71.377000245322,1000,"Chillán, Nevados de",-36.863,-71.377,1
67387,"2021-02-10 05:54:03",357070,0,3,375,20.9300262967735,-80.8563887068481,8,2.92686160118248,1.42616115328633,3798648.00873711,-36.8652046152475,-71.379872411859,838.526,"Chillán, Nevados de",-36.863,-71.377,1
67388,"2021-02-10 06:42:04",357070,0,4,375,67.0821606958682,-88.3690253431862,14,4.96225857363489,2.59785792998518,5984889.12923834,-36.8686663294419,-71.3757734749843,1352.08,"Chillán, Nevados de",-36.863,-71.377,1
67389,"2021-02-11 04:48:04",357070,0,4,375,62.1513478485838,109.586469536297,2,0.427788452702698,0.361387157409925,168078.278709831,-36.8581962309604,-71.3922723269368,1352.08,"Chillán, Nevados de",-36.863,-71.377,1
67390,"2021-02-11 05:36:03",357070,0,3,375,10.0325571283587,101.573573664501,8,2.55221097222538,1.51505326780463,2625305.43931501,-36.8652887559915,-71.3756688405821,838.526,"Chillán, Nevados de",-36.863,-71.377,1
67391,"2021-02-11 06:24:04",357070,0,4,375,55.6719316306859,-85.5359611559211,2,0.345961929749132,0.287125139034043,148930.626497569,-36.861911180362,-71.3755642236151,530.33,"Chillán, Nevados de",-36.863,-71.377,1
67392,"2021-02-12 03:50:01",357070,0,1,1000,26.5378100263852,-102.049408970976,2,0.600623433078448,0.521519827915692,1495058.13757609,-36.8630090110135,-71.377000245322,1000,"Chillán, Nevados de",-36.863,-71.377,1
67393,"2021-02-12 05:18:03",357070,0,3,375,36.8518704370188,104.648225874006,6,0.482458337710335,0.317049957638681,418689.962056374,-36.8652046152475,-71.379872411859,530.33,"Chillán, Nevados de",-36.863,-71.377,1
67394,"2021-02-12 06:06:04",357070,0,4,375,37.9712984147461,-82.7003618935884,5,0.33059336706636,0.224939090062463,267437.388666114,-36.8686663294419,-71.3757734749843,838.526,"Chillán, Nevados de",-36.863,-71.377,1
67395,"2021-02-13 05:00:03",357070,0,3,375,54.2527301689004,107.591860115372,10,2.43214024760431,1.13210564077464,3290712.59853761,-36.8617427709321,-71.383970979333,838.526,"Chillán, Nevados de",-36.863,-71.377,1
67396,"2021-02-13 05:48:04",357070,0,4,375,11.0663201731718,-79.5533041297413,6,2.63313903331743,0.923098803053119,4328539.33285654,-36.8686663294419,-71.3757734749843,838.526,"Chillán, Nevados de",-36.863,-71.377,1
67397,"2021-02-13 06:15:02",357070,0,2,1000,34.7072504592773,-82.349467238212,4,1.15338976484687,0.970031368547294,3465473.69006208,-36.8632327741136,-71.365790980576,2000,"Chillán, Nevados de",-36.863,-71.377,1
67398,"2021-02-13 06:36:03",357070,0,3,375,63.74183195896,-87.4797038974011,12,2.86896646366382,1.67867907020286,3012914.96469807,-36.8653727482343,-71.37146525187,1546.16,"Chillán, Nevados de",-36.863,-71.377,1
67399,"2021-02-14 03:40:01",357070,0,1,1000,4.53882031250002,-97.4970546875001,3,0.861848917364799,0.740363890224794,2296067.01294609,-36.8630090110135,-71.377000245322,1414.21,"Chillán, Nevados de",-36.863,-71.377,1
67400,"2021-02-14 04:36:03",357070,0,3,375,65.4423868121165,110.616394692355,20,4.51863705567072,2.85062301622415,4222160.53734913,-36.8581962309604,-71.3922723269368,2186.61,"Chillán, Nevados de",-36.863,-71.377,1
67401,"2021-02-14 05:20:02",357070,0,2,1000,51.8797079276772,105.317468706537,3,0.806656383005173,0.748504287086342,1099074.61286591,-36.8627841919951,-71.3882093860254,1414.21,"Chillán, Nevados de",-36.863,-71.377,1
67402,"2021-02-14 05:30:04",357070,0,4,750,19.9355765544051,102.566729707455,4,1.65726722619056,1.05715108783756,6650036.95812417,-36.8652046152475,-71.379872411859,1060.66,"Chillán, Nevados de",-36.863,-71.377,1
67403,"2021-02-14 06:18:03",357070,0,3,375,50.6088439659145,-84.663430604072,13,3.23729458386489,1.83715076925797,3544114.03072375,-36.8652887559915,-71.3756688405821,1060.66,"Chillán, Nevados de",-36.863,-71.377,1
67404,"2021-02-15 05:12:04",357070,0,4,375,43.4666209244315,105.584260485549,10,2.8674886997498,1.35764838152311,3821783.30551131,-36.8652046152475,-71.379872411859,1185.85,"Chillán, Nevados de",-36.863,-71.377,1
67405,"2021-02-15 06:00:02",357070,0,2,1000,14.4602958093672,-80.1679005751848,3,0.82135984161616,0.658977584820399,3069024.65343989,-36.8630090110135,-71.377000245322,1414.21,"Chillán, Nevados de",-36.863,-71.377,1
67406,"2021-02-15 06:00:03",357070,0,3,375,29.9810924042306,-81.8484230659871,10,2.98122454234935,1.34294692005021,4146890.23144468,-36.8652887559915,-71.3756688405821,838.526,"Chillán, Nevados de",-36.863,-71.377,1
67407,"2021-02-16 03:25:01",357070,0,1,1000,18.8146885813147,80.606448961938,3,0.820127511803408,0.682038562969908,2609881.13295315,-36.8630090110135,-71.377000245322,1000,"Chillán, Nevados de",-36.863,-71.377,1
67408,"2021-02-16 04:54:04",357070,0,4,375,58.4756166888781,108.580706775486,17,5.44885504204391,2.33876508027662,7872415.21572345,-36.8616583434973,-71.3881743309669,1352.08,"Chillán, Nevados de",-36.863,-71.377,1
67409,"2021-02-16 05:42:03",357070,0,3,375,1.0880391804783,-12.1623214740416,7,2.20944898886025,0.960737783288236,3160800.23910415,-36.8652046152475,-71.379872411859,838.526,"Chillán, Nevados de",-36.863,-71.377,1
67410,"2021-02-16 06:30:04",357070,0,4,375,59.9729278148139,-86.4719262608226,12,2.63795915076531,1.55432180074505,2742957.04223879,-36.8652887559915,-71.3756688405821,1185.85,"Chillán, Nevados de",-36.863,-71.377,1
67411,"2021-02-17 04:30:04",357070,0,4,375,68.2775808594123,111.654008877917,15,2.855105989048,1.84131865103308,2566149.19935028,-36.8548186921532,-71.3921670063492,1875,"Chillán, Nevados de",-36.863,-71.377,1
67412,"2021-02-17 05:24:03",357070,0,3,375,28.9231509866558,103.651449121669,11,3.4416993116564,1.41394411959018,5132755.32991761,-36.8652046152475,-71.379872411859,838.526,"Chillán, Nevados de",-36.863,-71.377,1
67413,"2021-02-17 05:50:02",357070,0,2,1000,9.11270442760263,99.8253570003989,2,0.510580685329007,0.438992565998541,1353015.45534581,-36.8630090110135,-71.377000245322,1000,"Chillán, Nevados de",-36.863,-71.377,1
67414,"2021-02-17 06:12:04",357070,0,4,375,44.7653892915641,-83.650542865505,10,2.64664348353658,1.26306228662162,3502189.90469098,-36.8652887559915,-71.3756688405821,1060.66,"Chillán, Nevados de",-36.863,-71.377,1
67415,"2021-02-18 03:15:01",357070,0,1,1000,37.9923940520447,82.9067881040892,1,0.246093200786404,0.221233980691646,469839.259790917,-36.8720158634551,-71.3772794423447,1000,"Chillán, Nevados de",-36.863,-71.377,1
67416,"2021-02-18 05:06:03",357070,0,3,375,49.3113385562497,106.594862892561,13,3.04029921051254,1.62400906624115,3584984.42768695,-36.8617427709321,-71.383970979333,1185.85,"Chillán, Nevados de",-36.863,-71.377,1
67417,"2021-02-18 05:54:04",357070,0,4,750,21.0230485300982,-80.7344981954433,5,1.88538226971804,1.30002931169745,6486442.46606571,-36.8653727482343,-71.37146525187,1060.66,"Chillán, Nevados de",-36.863,-71.377,1
67418,"2021-02-18 06:42:03",357070,0,3,375,67.0510705900163,-88.4211151678115,8,1.36097987197215,1.02180982995125,858524.16886542,-36.8618270498877,-71.3797676102055,1185.85,"Chillán, Nevados de",-36.863,-71.377,1
67419,"2021-02-20 03:05:01",357070,0,1,1000,51.7969945355191,84.8802322404372,1,0.23721473955766,0.223377423609132,261525.271427179,-36.8720158634551,-71.3772794423447,1000,"Chillán, Nevados de",-36.863,-71.377,1
67420,"2021-02-20 05:18:04",357070,0,4,750,36.6610211805623,104.599691662015,5,1.79278084154258,1.17075708107974,6892800.79562883,-36.8652046152475,-71.379872411859,750,"Chillán, Nevados de",-36.863,-71.377,1
67421,"2021-02-20 06:06:03",357070,0,3,375,37.902989456616,-82.7912896814678,7,2.3527532102657,0.825029365899601,3867050.98105169,-36.8652046152475,-71.379872411859,838.526,"Chillán, Nevados de",-36.863,-71.377,1
67422,"2021-02-20 06:20:02",357070,0,2,1000,42.7266133108676,-83.2694608256108,1,0.213612519204618,0.201697005682545,225203.205567176,-36.8630090110135,-71.377000245322,0,"Chillán, Nevados de",-36.863,-71.377,1
67423,"2021-02-21 03:45:01",357070,0,1,1000,16.0521360033374,-100.694760116813,1,0.31594893099832,0.225639411070118,1706849.92664302,-36.8630090110135,-71.377000245322,0,"Chillán, Nevados de",-36.863,-71.377,1
67424,"2021-02-21 05:00:04",357070,0,4,375,54.2456864973868,107.580802162205,6,2.10627782202982,0.781299615781976,3353851.08456485,-36.8651203260042,-71.3840759656699,838.526,"Chillán, Nevados de",-36.863,-71.377,1
67425,"2021-02-21 05:25:02",357070,0,2,1000,45.9226069651741,104.374606965174,6,1.52643131313864,1.32218282979254,3860296.33524128,-36.8630090110135,-71.377000245322,1414.21,"Chillán, Nevados de",-36.863,-71.377,1
67426,"2021-02-21 05:48:03",357070,0,3,375,10.9612914406973,-79.8370864978227,7,2.05554004924212,0.902744526989823,2918013.66570112,-36.8686663294419,-71.3757734749843,838.526,"Chillán, Nevados de",-36.863,-71.377,1
67427,"2021-02-21 06:36:04",357070,0,4,375,63.7220611816225,-87.4104077760626,7,1.79106353112078,0.875291132982352,2318048.8827879,-36.8652887559915,-71.3756688405821,838.526,"Chillán, Nevados de",-36.863,-71.377,1
67428,"2021-02-22 05:30:03",357070,0,3,375,19.9654909086563,102.656530242386,6,2.25577032765065,0.743074091928506,3829012.34667168,-36.8652046152475,-71.379872411859,530.33,"Chillán, Nevados de",-36.863,-71.377,1
67429,"2021-02-22 06:18:04",357070,0,4,375,50.5882776116383,-84.5912285174977,12,2.32724674995832,1.51137080257274,2065185.99181973,-36.8686663294419,-71.3757734749843,1060.66,"Chillán, Nevados de",-36.863,-71.377,1
67430,"2021-02-23 03:35:01",357070,0,1,1000,7.389746634996,78.5770427553446,2,0.602157684483775,0.451145714916994,2854126.22481216,-36.8720158634551,-71.3772794423447,1000,"Chillán, Nevados de",-36.863,-71.377,1
67431,"2021-02-23 05:12:03",357070,0,3,375,43.5364121128993,105.612448919021,10,2.93364291682369,1.31896102421217,4087163.54067292,-36.8652046152475,-71.379872411859,750,"Chillán, Nevados de",-36.863,-71.377,1
67432,"2021-02-23 06:00:04",357070,0,4,375,29.9208821036063,-81.6993977745607,4,1.75318147929656,0.532813693893824,3089055.95680068,-36.8652887559915,-71.3756688405821,530.33,"Chillán, Nevados de",-36.863,-71.377,1
67433,"2021-02-23 06:48:03",357070,0,3,375,69.8377326844445,-89.315901817896,21,4.01339810355176,2.81764780486862,3026742.94354169,-36.8652887559915,-71.3756688405821,2121.32,"Chillán, Nevados de",-36.863,-71.377,1
67434,"2021-02-24 04:15:01",357070,0,1,1000,55.0422692889561,-106.152027231468,3,0.999880668990939,0.944450082468096,1047638.08528173,-36.8634554812588,-71.3545815923702,2000,"Chillán, Nevados de",-36.863,-71.377,1
67435,"2021-02-24 04:54:03",357070,0,3,375,58.531245200991,108.598802683908,8,2.94519419312522,1.31492244830398,4126625.35407877,-36.8617427709321,-71.383970979333,1185.85,"Chillán, Nevados de",-36.863,-71.377,1
67436,"2021-02-24 05:42:04",357070,0,4,375,1.08182980553801,-8.42473218730962,7,2.71667328498984,1.20201458929644,3833979.82347391,-36.8652887559915,-71.3756688405821,838.526,"Chillán, Nevados de",-36.863,-71.377,1
67437,"2021-02-24 05:55:02",357070,0,2,1000,2.73750291715286,-74.5201711396343,2,0.816972466727528,0.547719991952189,5088871.77325391,-36.8630090110135,-71.377000245322,1000,"Chillán, Nevados de",-36.863,-71.377,1
67438,"2021-02-24 06:30:03",357070,0,3,750,60.0600576575531,-86.5623730651801,5,2.14501001646809,1.48315180953871,7334216.25553626,-36.8653727482343,-71.37146525187,1060.66,"Chillán, Nevados de",-36.863,-71.377,1
67439,"2021-02-25 03:20:01",357070,0,1,1000,29.1158295964127,81.8540302690583,2,0.762732037690413,0.665044219560568,1846299.76265408,-36.8630090110135,-71.377000245322,1000,"Chillán, Nevados de",-36.863,-71.377,1
67440,"2021-02-25 04:30:03",357070,0,3,375,68.311162013572,111.656817551169,16,4.78910986988887,3.03248344007713,4446460.65046097,-36.8581115169141,-71.3964754588476,2186.61,"Chillán, Nevados de",-36.863,-71.377,1
67441,"2021-02-25 05:24:04",357070,0,4,750,29.0770383500775,103.601712684321,4,1.7402057229404,1.25607442173696,5364779.98146063,-36.8652046152475,-71.379872411859,1060.66,"Chillán, Nevados de",-36.863,-71.377,1
67442,"2021-02-25 06:12:03",357070,0,3,375,44.7270059590561,-83.7161555043429,10,3.30826711570183,1.90624691208793,3548863.64039768,-36.8652887559915,-71.3756688405821,838.526,"Chillán, Nevados de",-36.863,-71.377,1
67443,"2021-02-26 05:06:04",357070,0,4,375,49.3311749209208,106.591641960609,7,3.92247536069487,1.14440255947776,7031996.77808081,-36.8652046152475,-71.379872411859,750,"Chillán, Nevados de",-36.863,-71.377,1
67444,"2021-02-26 05:45:02",357070,0,2,1000,20.3614855875829,101.405964523282,3,1.0260729934052,0.782736645671649,4599056.97216415,-36.8630090110135,-71.377000245322,1414.21,"Chillán, Nevados de",-36.863,-71.377,1
67445,"2021-02-26 05:54:03",357070,0,3,375,20.9288005763965,-80.8619560520014,4,2.11693108412083,0.662618819950602,3681227.91868089,-36.8686663294419,-71.3757734749843,530.33,"Chillán, Nevados de",-36.863,-71.377,1
67446,"2021-02-26 06:42:04",357070,0,4,375,67.0212515315268,-88.350921437709,14,3.59537290072721,2.17876693209438,3585783.85810185,-36.8652887559915,-71.3756688405821,1185.85,"Chillán, Nevados de",-36.863,-71.377,1
67447,"2021-02-27 03:10:01",357070,0,1,1000,45.5047418738049,83.8805927342256,5,1.6170665034005,1.38823959635877,4324828.54308861,-36.8627841919951,-71.3882093860254,2236.07,"Chillán, Nevados de",-36.863,-71.377,1
67448,"2021-02-27 04:48:04",357070,0,4,375,62.2247115159262,109.610114974642,12,5.24756296608108,1.92045737544248,8421736.02630395,-36.8582807965494,-71.388069177474,1590.99,"Chillán, Nevados de",-36.863,-71.377,1
67449,"2021-02-27 05:36:03",357070,0,3,375,10.0509424358944,101.583207591824,6,2.34919873146498,1.01217523433674,3384340.72710586,-36.8652046152475,-71.379872411859,530.33,"Chillán, Nevados de",-36.863,-71.377,1
67450,"2021-02-27 06:24:04",357070,0,4,375,55.5784012751335,-85.5126085599886,11,3.10204162210586,1.78586812799857,3331564.15695908,-36.861911180362,-71.3755642236151,1060.66,"Chillán, Nevados de",-36.863,-71.377,1
67451,"2021-02-27 06:25:02",357070,0,2,1000,49.4361712247324,-84.1661593341261,4,1.167811274837,1.03700101649994,2472313.88257039,-36.8632327741136,-71.365790980576,2000,"Chillán, Nevados de",-36.863,-71.377,1
67452,"2021-02-28 03:50:01",357070,0,1,1000,26.5570374275171,-102.047912493411,1,0.370248296401859,0.276456069468145,1772673.0890472,-36.8630090110135,-71.377000245322,0,"Chillán, Nevados de",-36.863,-71.377,1
67453,"2021-02-28 05:18:03",357070,0,3,750,36.7328731789563,104.615738661656,4,2.67481547324224,1.14693488400888,16930826.7794422,-36.8652046152475,-71.379872411859,750,"Chillán, Nevados de",-36.863,-71.377,1
67454,"2021-02-28 05:30:02",357070,0,2,1000,38.814694980695,103.397698841699,5,1.48193092241519,1.29313562041675,3568231.20777057,-36.8540021430746,-71.3767211723409,1414.21,"Chillán, Nevados de",-36.863,-71.377,1
67455,"2021-02-28 06:06:04",357070,0,4,375,37.8210069465079,-82.676958033538,4,2.19828582367697,0.651035109735447,3916478.36966448,-36.8652887559915,-71.3756688405821,530.33,"Chillán, Nevados de",-36.863,-71.377,1
67456,"2021-03-01 05:00:03",357070,0,3,375,54.2706979695535,107.594432506919,7,2.29704308910212,1.30776946691095,2504098.85617138,-36.8617427709321,-71.383970979333,838.526,"Chillán, Nevados de",-36.863,-71.377,1
67457,"2021-03-01 05:48:04",357070,0,4,375,10.8490433002773,-79.5202036668581,3,1.48266288526649,0.538217056495083,2390628.50407762,-36.8652887559915,-71.3756688405821,838.526,"Chillán, Nevados de",-36.863,-71.377,1
67458,"2021-03-01 06:15:02",357070,0,2,1000,34.6595604395603,-82.3451831501833,3,0.99849249485609,0.904560428964818,1775316.04534504,-36.8630090110135,-71.377000245322,1414.21,"Chillán, Nevados de",-36.863,-71.377,1
67459,"2021-03-01 06:36:03",357070,0,3,375,63.7397794137486,-87.4714437068695,14,3.49099013202727,2.44914094493502,2637180.75482725,-36.861911180362,-71.3755642236151,1546.16,"Chillán, Nevados de",-36.863,-71.377,1
67460,"2021-03-02 03:40:01",357070,0,1,1000,4.57825,-97.5301015624999,2,0.77643019281829,0.643516256791685,2512073.39090283,-36.8630090110135,-71.377000245322,1000,"Chillán, Nevados de",-36.863,-71.377,1
67461,"2021-03-02 04:36:03",357070,0,3,375,65.4563304251836,110.625512941585,10,2.28868653775206,1.86975024401228,1060432.49352881,-36.8615737675852,-71.3923776650764,1677.05,"Chillán, Nevados de",-36.863,-71.377,1
67462,"2021-03-02 05:30:04",357070,0,4,375,20.0639801524043,102.573356024369,9,2.77988116979427,1.65638714543088,2843844.24916983,-36.8652046152475,-71.379872411859,838.526,"Chillán, Nevados de",-36.863,-71.377,1
67463,"2021-03-02 06:18:03",357070,0,3,750,50.6761248673003,-84.6806431072401,5,1.99763860259229,1.50189915241241,5493412.78230581,-36.8652046152475,-71.379872411859,1060.66,"Chillán, Nevados de",-36.863,-71.377,1
67464,"2021-03-03 05:12:04",357070,0,4,375,43.606390874851,105.606033689678,4,1.60291623584648,0.772763743899258,2101323.49524139,-36.8618270498877,-71.3797676102055,530.33,"Chillán, Nevados de",-36.863,-71.377,1
67465,"2021-03-03 06:00:02",357070,0,2,1000,14.3618029435812,-80.1548609975469,2,0.740490536957491,0.614212264285795,2386659.35349505,-36.8630090110135,-71.377000245322,1414.21,"Chillán, Nevados de",-36.863,-71.377,1
67466,"2021-03-03 06:00:03",357070,0,3,375,29.9472005773517,-81.8285679804385,9,3.21336609106741,1.73244640841808,3748577.94670609,-36.8652887559915,-71.3756688405821,838.526,"Chillán, Nevados de",-36.863,-71.377,1
67467,"2021-03-04 04:54:04",357070,0,4,750,58.6827756883377,108.605740572472,9,3.38561738717316,2.71915654382475,7385219.22035454,-36.8650358882635,-71.3882795019841,1677.05,"Chillán, Nevados de",-36.863,-71.377,1
67468,"2021-03-04 05:42:03",357070,0,3,375,1.07800286222803,-10.7774481383237,6,3.22920067562117,1.05194120563913,5511188.03339202,-36.8652046152475,-71.379872411859,838.526,"Chillán, Nevados de",-36.863,-71.377,1
67469,"2021-03-04 06:30:04",357070,0,4,375,59.8983354038901,-86.4568674617162,8,2.3528334051417,1.36924320542066,2489712.69304389,-36.8652887559915,-71.3756688405821,838.526,"Chillán, Nevados de",-36.863,-71.377,1
67470,"2021-03-05 04:10:01",357070,0,1,1000,49.7135653235652,-105.183418803419,8,3.46607067388853,2.68670804106132,14729953.7604342,-36.8717909712506,-71.3884898966035,2236.07,"Chillán, Nevados de",-36.863,-71.377,1
67471,"2021-03-05 04:30:04",357070,0,4,375,68.3413908589809,111.678941866885,21,8.40226449794826,4.1205664938621,10838048.0728431,-36.8581115169141,-71.3964754588476,2186.61,"Chillán, Nevados de",-36.863,-71.377,1
67472,"2021-03-05 05:24:03",357070,0,3,750,29.0557093505543,103.665493682896,5,2.25077035166012,1.75198533569004,5527161.45821843,-36.8652046152475,-71.379872411859,1060.66,"Chillán, Nevados de",-36.863,-71.377,1
67473,"2021-03-05 05:50:02",357070,0,2,1000,9.28611821086254,99.8516932907348,3,1.19393005219104,0.918123056965575,5212752.20976124,-36.8720158634551,-71.3772794423447,1414.21,"Chillán, Nevados de",-36.863,-71.377,1
67474,"2021-03-05 06:12:04",357070,0,4,375,44.6247131999954,-83.6304415109086,7,2.99244536373021,1.32088135688777,4231146.39231992,-36.8652887559915,-71.3756688405821,838.526,"Chillán, Nevados de",-36.863,-71.377,1
67475,"2021-03-06 03:15:01",357070,0,1,1000,37.9447415066471,82.9041432791728,3,1.06737804307074,0.901143785715178,3141827.46402007,-36.8630090110135,-71.377000245322,2000,"Chillán, Nevados de",-36.863,-71.377,1
67476,"2021-03-06 05:06:03",357070,0,3,750,49.4320198951082,106.630665616619,7,2.62803598802682,2.12228875744042,5604311.49893561,-36.8650358882635,-71.3882795019841,1677.05,"Chillán, Nevados de",-36.863,-71.377,1
67477,"2021-03-06 05:54:04",357070,0,4,750,20.7765305356083,-80.7062581960745,3,1.42086988778504,0.920485373191989,5544885.90233425,-36.8652046152475,-71.379872411859,750,"Chillán, Nevados de",-36.863,-71.377,1
67478,"2021-03-06 06:30:02",357070,0,2,1000,55.021435045317,-85.1021299093656,1,0.291474986393383,0.272707668512924,354702.307940672,-36.8632327741136,-71.365790980576,1000,"Chillán, Nevados de",-36.863,-71.377,1
67479,"2021-03-06 06:42:03",357070,0,3,375,67.0418993872999,-88.4162393452656,12,2.85423085599923,1.92592109338152,2349784.08662609,-36.8653727482343,-71.37146525187,1352.08,"Chillán, Nevados de",-36.863,-71.377,1
67480,"2021-03-07 04:42:03",357070,0,3,375,62.2355749173564,109.606325956021,9,2.56850172202111,1.45977089305034,2806474.91083226,-36.8617427709321,-71.383970979333,1352.08,"Chillán, Nevados de",-36.863,-71.377,1
67481,"2021-03-07 05:35:02",357070,0,2,1000,30.4047170900695,102.421501154734,4,1.1615739866089,1.02545085767453,2572727.13685973,-36.8630090110135,-71.377000245322,1414.21,"Chillán, Nevados de",-36.863,-71.377,1
67482,"2021-03-07 05:36:04",357070,0,4,375,10.2522634338519,101.367693268995,8,2.35836341191349,1.30480109671147,2666829.6103551,-36.8652046152475,-71.379872411859,838.526,"Chillán, Nevados de",-36.863,-71.377,1
67483,"2021-03-07 06:24:03",357070,0,3,375,55.6089358082176,-85.5894921672777,6,1.68200405998404,0.983913650909327,1767041.34797038,-36.8652887559915,-71.3756688405821,838.526,"Chillán, Nevados de",-36.863,-71.377,1
67484,"2021-03-08 03:00:01",357070,0,1,1000,51.7804735883424,84.8951912568306,2,0.509026011817836,0.470549658192921,727203.083510901,-36.8630090110135,-71.377000245322,1000,"Chillán, Nevados de",-36.863,-71.377,1
67485,"2021-03-08 05:18:04",357070,0,4,375,36.9972415461668,104.630485500494,7,2.35489952980702,0.907231449394901,3664409.82854316,-36.8652046152475,-71.379872411859,838.526,"Chillán, Nevados de",-36.863,-71.377,1
67486,"2021-03-08 06:06:03",357070,0,3,750,37.8636971536804,-82.7595691501794,6,2.1417091977012,1.49820684516718,7130810.44401766,-36.8652046152475,-71.379872411859,1500,"Chillán, Nevados de",-36.863,-71.377,1
67487,"2021-03-08 06:20:02",357070,0,2,1000,42.655971524288,-83.2672613065327,5,1.28350925437754,1.12503883558089,2995090.91525666,-36.8722396993981,-71.3660688639861,2828.43,"Chillán, Nevados de",-36.863,-71.377,1
67488,"2021-03-09 03:45:01",357070,0,1,1000,16.1148018356278,-100.699157279933,2,0.702112205949932,0.575667984393628,2389795.78741414,-36.8630090110135,-71.377000245322,1000,"Chillán, Nevados de",-36.863,-71.377,1
67489,"2021-03-09 05:00:04",357070,0,4,375,54.3564704857001,107.607899796586,12,3.75178854707041,1.8564588495141,4797553.29693942,-36.8617427709321,-71.383970979333,1185.85,"Chillán, Nevados de",-36.863,-71.377,1
67490,"2021-03-09 05:25:02",357070,0,2,1000,46.0218630412889,104.375991943605,3,0.878434434156223,0.790288454108464,1665959.02290264,-36.8630090110135,-71.377000245322,1414.21,"Chillán, Nevados de",-36.863,-71.377,1
67491,"2021-03-09 05:48:03",357070,0,3,375,10.9044938497427,-79.7938816839105,6,2.65778899703624,1.01087828741936,4168742.73371773,-36.8652046152475,-71.379872411859,838.526,"Chillán, Nevados de",-36.863,-71.377,1
67492,"2021-03-09 06:36:04",357070,0,4,375,63.6436032171872,-87.3871896323137,8,2.10866899454881,1.33360503204561,1961880.6550862,-36.8653727482343,-71.37146525187,1125,"Chillán, Nevados de",-36.863,-71.377,1
67493,"2021-03-10 05:30:03",357070,0,3,375,20.0147414962409,102.67311011696,7,1.41192045086739,0.749070713060243,1677838.39882435,-36.8652046152475,-71.379872411859,530.33,"Chillán, Nevados de",-36.863,-71.377,1
67494,"2021-03-10 06:18:04",357070,0,4,375,50.4653364504368,-84.5670193664517,1,0.0517081037479109,0.0408948442957546,27371.0629882706,-36.8652887559915,-71.3756688405821,375,"Chillán, Nevados de",-36.863,-71.377,1
67495,"2021-03-11 03:35:01",357070,0,1,1000,7.32767680758589,78.5647491110232,1,0.272244547111331,0.209335070805493,1188989.10218035,-36.8630090110135,-71.377000245322,0,"Chillán, Nevados de",-36.863,-71.377,1
67496,"2021-03-11 05:12:03",357070,0,3,375,43.5785345416459,105.621023561341,7,3.42324987240281,0.857081667403648,6495613.26890413,-36.8652046152475,-71.379872411859,530.33,"Chillán, Nevados de",-36.863,-71.377,1
67497,"2021-03-11 05:15:02",357070,0,2,1000,56.9204316546763,106.442158273381,1,0.233058315521187,0.220852419045283,230691.443394585,-36.8630090110135,-71.377000245322,0,"Chillán, Nevados de",-36.863,-71.377,1
67498,"2021-03-11 06:00:04",357070,0,4,375,29.7204825304656,-81.6741067511486,5,1.41218464151687,0.606855532720036,2038489.30664197,-36.8652887559915,-71.3756688405821,838.526,"Chillán, Nevados de",-36.863,-71.377,1
67499,"2021-03-11 06:48:03",357070,0,3,375,69.8293211090192,-89.3003613531125,21,4.55125560596307,2.56197074436606,5035377.30591744,-36.8655402872085,-71.3630580222628,2625,"Chillán, Nevados de",-36.863,-71.377,1
67500,"2021-03-12 04:15:01",357070,0,1,1000,55.0638181818182,-106.155742424243,5,1.34162261750728,1.22452828988539,2213082.79205373,-36.8634554812588,-71.3545815923702,2000,"Chillán, Nevados de",-36.863,-71.377,1
67501,"2021-03-12 04:54:03",357070,0,3,375,58.5196063194143,108.65610929363,13,5.92850130268053,1.82050021340732,10398377.7572228,-36.8616583434973,-71.3881743309669,1352.08,"Chillán, Nevados de",-36.863,-71.377,1
67502,"2021-03-12 05:42:04",357070,0,4,750,1.55753496518638,5.95616286686938,4,1.55041541928308,1.04855393182974,5561252.60784234,-36.8653727482343,-71.37146525187,1060.66,"Chillán, Nevados de",-36.863,-71.377,1
67503,"2021-03-12 05:55:02",357070,0,2,1000,2.56197434900894,-73.4218577535951,3,0.823386239555468,0.677697944797679,2753508.7709222,-36.8630090110135,-71.377000245322,1414.21,"Chillán, Nevados de",-36.863,-71.377,1
67504,"2021-03-12 06:30:03",357070,0,3,375,59.9377365330425,-86.5200525066884,15,3.69208144707743,2.09093748452592,4052895.65520852,-36.8687503319371,-71.371569701552,1352.08,"Chillán, Nevados de",-36.863,-71.377,1
67505,"2021-03-13 03:20:01",357070,0,1,1000,29.067843137255,81.852268907563,3,0.909561206543017,0.809297225028292,1894989.2506283,-36.8717909712506,-71.3884898966035,1414.21,"Chillán, Nevados de",-36.863,-71.377,1
67506,"2021-03-13 04:30:03",357070,0,3,375,68.3283084142637,111.66659838125,17,3.41416890352406,2.50287857790065,2306703.63673428,-36.8581962309604,-71.3922723269368,2401.17,"Chillán, Nevados de",-36.863,-71.377,1
67507,"2021-03-13 05:24:04",357070,0,4,375,29.1713946968057,103.631290156311,3,1.49398863217749,0.462359046495854,2611312.38875664,-36.8652046152475,-71.379872411859,530.33,"Chillán, Nevados de",-36.863,-71.377,1
67508,"2021-03-13 06:12:03",357070,0,3,750,44.7590889995564,-83.7158241288055,8,3.04932638583226,2.15963591402986,9858882.5406603,-36.8653727482343,-71.37146525187,1677.05,"Chillán, Nevados de",-36.863,-71.377,1
67509,"2021-03-13 06:40:02",357070,0,2,1000,59.7877370689656,-85.9956896551724,3,0.799599457309922,0.747145149191087,991386.423445973,-36.8540021430746,-71.3767211723409,2000,"Chillán, Nevados de",-36.863,-71.377,1
67510,"2021-03-14 04:05:01",357070,0,1,1000,43.3268221070813,-104.149637305699,3,0.931679163964485,0.855267829582868,1444174.21981257,-36.8630090110135,-71.377000245322,1000,"Chillán, Nevados de",-36.863,-71.377,1
67511,"2021-03-14 05:06:04",357070,0,4,750,49.5774698918572,106.65520861607,9,3.97885589765977,2.6371090234068,14868232.5503157,-36.8652046152475,-71.379872411859,1677.05,"Chillán, Nevados de",-36.863,-71.377,1
67512,"2021-03-14 05:45:02",357070,0,2,1000,20.5020924033761,101.405899600178,4,1.28433534361839,1.07060707598876,4039464.25819989,-36.8540021430746,-71.3767211723409,1414.21,"Chillán, Nevados de",-36.863,-71.377,1
67513,"2021-03-14 05:54:03",357070,0,3,375,20.860355739209,-80.8555499987618,7,3.04223370884229,1.16993908811899,4739245.75870587,-36.8585336025536,-71.3754596240801,838.526,"Chillán, Nevados de",-36.863,-71.377,1
67514,"2021-03-14 06:42:04",357070,0,4,375,66.9492611431735,-88.3194203869014,22,5.64043483907192,3.47340075625845,5485305.02212159,-36.8652887559915,-71.3756688405821,2019.44,"Chillán, Nevados de",-36.863,-71.377,1
67515,"2021-03-15 03:10:01",357070,0,1,1000,45.4683206831118,83.8783111954458,2,0.607764776645693,0.563252543199475,841281.212133514,-36.8717909712506,-71.3884898966035,2236.07,"Chillán, Nevados de",-36.863,-71.377,1
67516,"2021-03-15 04:48:04",357070,0,4,375,62.3181510850983,109.638536718053,14,5.11179080080776,2.25722585118381,7225617.52873562,-36.8616583434973,-71.3881743309669,1677.05,"Chillán, Nevados de",-36.863,-71.377,1
67517,"2021-03-15 05:36:03",357070,0,3,375,10.1325922384856,101.615592720674,6,1.90742554563639,0.963516439369306,2389269.92523855,-36.8652887559915,-71.3756688405821,530.33,"Chillán, Nevados de",-36.863,-71.377,1
67518,"2021-03-15 06:24:04",357070,0,4,375,55.4660771523306,-85.496851721475,7,2.00495233625869,1.07233683629701,2360682.98427802,-36.8652887559915,-71.3756688405821,1125,"Chillán, Nevados de",-36.863,-71.377,1
67519,"2021-03-16 03:50:01",357070,0,1,1000,26.5980750925436,-102.047921734532,3,0.738632373687797,0.638755623525636,1887670.57806484,-36.8630090110135,-71.377000245322,1414.21,"Chillán, Nevados de",-36.863,-71.377,1
67520,"2021-03-16 05:30:02",357070,0,2,1000,38.9160202492213,103.389104361371,5,1.13296947582048,0.947605085509513,3503386.97687719,-36.8630090110135,-71.377000245322,1414.21,"Chillán, Nevados de",-36.863,-71.377,1
67521,"2021-03-16 06:06:04",357070,0,4,375,37.6434378761101,-82.6629559348004,8,2.52355109925952,0.916736818918546,4067248.64711309,-36.8652887559915,-71.3756688405821,838.526,"Chillán, Nevados de",-36.863,-71.377,1
67522,"2021-03-18 03:40:01",357070,0,1,1000,4.61289453125,-97.5670898437498,3,0.891958351892881,0.639616991495463,4769251.71151119,-36.8720158634551,-71.3772794423447,1000,"Chillán, Nevados de",-36.863,-71.377,1
67523,"2021-03-18 04:36:03",357070,0,3,375,65.4851653836602,110.634612633737,15,3.95103593093785,1.81250429168217,5413158.21186594,-36.8616583434973,-71.3881743309669,1677.05,"Chillán, Nevados de",-36.863,-71.377,1
67524,"2021-03-18 05:30:04",357070,0,4,375,20.328631284228,102.602011231282,7,1.90908605223856,0.877688528720228,2610724.98140577,-36.8652887559915,-71.3756688405821,17945.2,"Chillán, Nevados de",-36.863,-71.377,1
67525,"2021-03-18 06:18:03",357070,0,3,375,50.5473082445854,-84.6457558566413,11,3.06912190541349,1.33997040816933,4376914.7273993,-36.8687503319371,-71.371569701552,1352.08,"Chillán, Nevados de",-36.863,-71.377,1
67526,"2021-03-19 05:12:04",357070,0,4,375,43.8759107351422,105.607427431437,8,3.01312807552097,0.911103080643013,5320750.76828482,-36.8652046152475,-71.379872411859,838.526,"Chillán, Nevados de",-36.863,-71.377,1
67527,"2021-03-19 06:00:02",357070,0,2,1000,14.2489828431371,-80.1620343137253,3,0.728977573010438,0.559390619152076,3205193.42792303,-36.8540021430746,-71.3767211723409,1414.21,"Chillán, Nevados de",-36.863,-71.377,1
67528,"2021-03-19 06:00:03",357070,0,3,375,29.8746306881822,-81.8198548096018,8,2.68918482074603,0.890092851274801,4553951.54772405,-36.8652887559915,-71.3756688405821,838.526,"Chillán, Nevados de",-36.863,-71.377,1
67529,"2021-03-21 04:30:04",357070,0,4,375,68.4406643511983,111.67284517628,19,3.7261506970796,2.22011150719793,3812161.69938796,-36.8581962309604,-71.3922723269368,2121.32,"Chillán, Nevados de",-36.863,-71.377,1
67530,"2021-03-21 05:24:03",357070,0,3,375,29.0497918458062,103.676729661532,7,1.73485991124184,0.828987880187457,2292988.5786064,-36.8652046152475,-71.379872411859,530.33,"Chillán, Nevados de",-36.863,-71.377,1
67531,"2021-03-21 05:50:02",357070,0,2,1000,9.3288199999999,99.847644,3,1.04001778518747,0.579559391575371,8702663.63926865,-36.8630090110135,-71.377000245322,1000,"Chillán, Nevados de",-36.863,-71.377,1
67532,"2021-03-21 06:12:04",357070,0,4,375,44.4334933378998,-83.6417623027965,7,1.45756353898721,0.795722174355947,1675285.95422288,-36.8652887559915,-71.3756688405821,838.526,"Chillán, Nevados de",-36.863,-71.377,1
67533,"2021-03-22 03:15:01",357070,0,1,1000,37.9302794117648,82.8989926470589,7,2.07048471461903,1.68050019676481,7370707.38744489,-36.8627841919951,-71.3882093860254,2236.07,"Chillán, Nevados de",-36.863,-71.377,1
67534,"2021-03-22 05:06:03",357070,0,3,375,49.3950440437343,106.613445958416,13,3.43773963536422,1.71676193893416,4356224.79408857,-36.8618270498877,-71.3797676102055,838.526,"Chillán, Nevados de",-36.863,-71.377,1
67535,"2021-03-22 05:54:04",357070,0,4,750,20.5314965410853,-80.6995341962248,4,1.9895596729565,0.949018407958488,11530497.8927592,-36.8721279134616,-71.3716741686415,1060.66,"Chillán, Nevados de",-36.863,-71.377,1
67536,"2021-03-22 06:42:03",357070,0,3,375,67.0087218552433,-88.4024248577264,17,2.97445276746843,2.10551544929269,2199497.58663235,-36.8621626808787,-71.3629539593731,2019.44,"Chillán, Nevados de",-36.863,-71.377,1
67537,"2021-03-23 04:42:03",357070,0,3,375,62.270823919009,109.622732206781,14,3.37325781987163,2.1179497797915,3177498.47645282,-36.8616583434973,-71.3881743309669,1352.08,"Chillán, Nevados de",-36.863,-71.377,1
67538,"2021-03-23 05:36:04",357070,0,4,375,10.5000348510071,101.361078489033,6,1.83101307312837,0.906364450685875,2340516.82555757,-36.8652046152475,-71.379872411859,750,"Chillán, Nevados de",-36.863,-71.377,1
67539,"2021-03-23 06:24:03",357070,0,3,375,55.5527592021633,-85.5782768078031,6,1.76398710249667,0.900240290952283,2186359.11672174,-36.8652887559915,-71.3756688405821,838.526,"Chillán, Nevados de",-36.863,-71.377,1
67540,"2021-03-24 03:00:01",357070,0,1,1000,51.7609028727771,84.8785225718194,9,2.27945614067001,1.95078421670906,6211899.3628618,-36.8627841919951,-71.3882093860254,2236.07,"Chillán, Nevados de",-36.863,-71.377,1
67541,"2021-03-24 05:18:04",357070,0,4,375,37.1404706580238,104.609270958045,3,1.38941011401734,0.363258104365619,2597447.27443091,-36.8652046152475,-71.379872411859,530.33,"Chillán, Nevados de",-36.863,-71.377,1
67542,"2021-03-24 06:06:03",357070,0,3,375,37.7841538098244,-82.7546672514486,6,1.59672589442445,0.738538448888169,2172286.9715137,-36.8686663294419,-71.3757734749843,838.526,"Chillán, Nevados de",-36.863,-71.377,1
67543,"2021-03-25 05:00:04",357070,0,4,375,54.4375870984425,107.582564850777,7,1.95838970062677,0.674867701223694,3248915.06098904,-36.8651203260042,-71.3840759656699,838.526,"Chillán, Nevados de",-36.863,-71.377,1
67544,"2021-03-25 05:48:03",357070,0,3,375,10.7817662790841,-79.7498108852236,6,1.43114615515831,0.658695881893761,1955264.75420089,-36.8652046152475,-71.379872411859,750,"Chillán, Nevados de",-36.863,-71.377,1
67545,"2021-03-26 05:30:03",357070,0,3,375,20.1298929792458,102.674099735576,6,0.876544978463791,0.564632664772583,789528.044030869,-36.8685821784274,-71.3799772309783,838.526,"Chillán, Nevados de",-36.863,-71.377,1
67546,"2021-03-26 06:18:04",357070,0,4,375,50.4131119035959,-84.5957209780831,6,0.581607835254387,0.384104344753728,499930.710329793,-36.8653727482343,-71.37146525187,1125,"Chillán, Nevados de",-36.863,-71.377,1
67547,"2021-03-27 05:12:03",357070,0,3,375,43.6508652154379,105.63373676252,6,1.46609955475625,0.698707633643978,1942460.80031545,-36.8652887559915,-71.3756688405821,530.33,"Chillán, Nevados de",-36.863,-71.377,1
67548,"2021-03-27 06:00:04",357070,0,4,375,29.7002070219356,-81.7325963647136,7,1.88533367259273,0.844586569951528,2634391.10356054,-36.8686663294419,-71.3757734749843,750,"Chillán, Nevados de",-36.863,-71.377,1
67549,"2021-03-27 06:48:03",357070,0,3,375,69.8074670629678,-89.3036068086974,10,1.57303124402781,1.15782281436125,1050996.33759346,-36.8687503319371,-71.371569701552,2281.04,"Chillán, Nevados de",-36.863,-71.377,1
67550,"2021-03-28 05:42:04",357070,0,4,750,1.55381996526942,7.71882082747091,2,0.99208419390365,0.486130759669473,5606596.49310748,-36.8652046152475,-71.379872411859,750,"Chillán, Nevados de",-36.863,-71.377,1
67551,"2021-03-28 05:55:02",357070,0,2,1000,2.63729288214703,-73.9250175029172,2,0.532567894023281,0.451047282416805,1540739.55936241,-36.8630090110135,-71.377000245322,1000,"Chillán, Nevados de",-36.863,-71.377,1
67552,"2021-03-28 06:30:03",357070,0,3,375,59.8939525274127,-86.5142272735337,12,2.54188457506645,1.61470087924954,2346933.73003656,-36.8619951623533,-71.3713608195923,1352.08,"Chillán, Nevados de",-36.863,-71.377,1
67553,"2021-03-29 03:20:01",357070,0,1,1000,29.0808286674133,81.8618421052631,2,0.64820354489729,0.531479603733246,2206082.48800044,-36.8627841919951,-71.3882093860254,1000,"Chillán, Nevados de",-36.863,-71.377,1
67554,"2021-03-29 04:30:03",357070,0,3,375,68.3625670907945,111.684656244296,17,3.76639851109701,2.5828555716316,2995843.06552182,-36.8615737675852,-71.3923776650764,1590.99,"Chillán, Nevados de",-36.863,-71.377,1
67555,"2021-03-29 05:24:04",357070,0,4,375,29.152734651021,103.587640314233,5,2.46155473791407,0.747727621218601,4338124.88913541,-36.8652046152475,-71.379872411859,530.33,"Chillán, Nevados de",-36.863,-71.377,1
67556,"2021-03-29 06:12:03",357070,0,3,375,44.5987821855854,-83.6853970860607,8,2.5709543151218,1.2273473090454,3401005.23413089,-36.8685821784274,-71.3799772309783,838.526,"Chillán, Nevados de",-36.863,-71.377,1
67557,"2021-03-30 05:45:02",357070,0,2,1000,20.4269360568382,101.392704262878,3,0.954371644290918,0.743511495354759,3985256.81489342,-36.8630090110135,-71.377000245322,1414.21,"Chillán, Nevados de",-36.863,-71.377,1
67558,"2021-03-30 05:54:03",357070,0,3,375,20.7171247541116,-80.8343969273876,5,2.16585331106965,0.783091120356935,3500116.79524156,-36.8652887559915,-71.3756688405821,530.33,"Chillán, Nevados de",-36.863,-71.377,1
67559,"2021-03-31 03:10:01",357070,0,1,1000,45.4892652671755,83.8831106870228,3,0.783914461261594,0.696389907077799,1654214.07407373,-36.8717909712506,-71.3884898966035,1414.21,"Chillán, Nevados de",-36.863,-71.377,1
67560,"2021-03-31 04:48:04",357070,0,4,375,62.2906299233537,109.587547325415,10,3.21859215020049,1.29525002100812,4868459.76451817,-36.8583652136793,-71.3838660104898,1352.08,"Chillán, Nevados de",-36.863,-71.377,1
67561,"2021-03-31 05:36:03",357070,0,3,375,10.2813623873385,101.593827430805,7,2.50684385082932,0.984141472927819,3854340.39406319,-36.8652046152475,-71.379872411859,838.526,"Chillán, Nevados de",-36.863,-71.377,1
67562,"2021-03-31 06:24:04",357070,0,4,375,55.5181422106282,-85.5354455486714,7,2.07559969169163,0.946849048586939,2857150.06535875,-36.8652887559915,-71.3756688405821,838.526,"Chillán, Nevados de",-36.863,-71.377,1
67563,"2021-04-01 03:50:01",357070,0,1,1000,26.575619047619,-102.039851851852,5,1.55555239740901,1.17300412543759,7230162.3402599,-36.8630090110135,-71.377000245322,1000,"Chillán, Nevados de",-36.863,-71.377,1
67564,"2021-04-01 05:18:03",357070,0,3,375,37.026571105937,104.671173340869,7,3.03481480561579,0.985014556492787,5188556.8805926,-36.8685821784274,-71.3799772309783,838.526,"Chillán, Nevados de",-36.863,-71.377,1
67565,"2021-04-01 05:30:02",357070,0,2,1000,38.8557956318253,103.37596723869,2,0.504514366004021,0.45203212525921,991914.350076928,-36.8630090110135,-71.377000245322,1000,"Chillán, Nevados de",-36.863,-71.377,1
67566,"2021-04-01 06:06:04",357070,0,4,375,37.751259494659,-82.7032053024763,7,2.82838001452234,0.965872697251454,4714471.64684192,-36.8652887559915,-71.3756688405821,22137.7,"Chillán, Nevados de",-36.863,-71.377,1
67567,"2021-04-02 05:00:03",357070,0,3,375,54.3755152532033,107.627337492474,10,2.39959123064003,1.18834435990281,3065968.64155359,-36.8651203260042,-71.3840759656699,838.526,"Chillán, Nevados de",-36.863,-71.377,1
67568,"2021-04-02 05:48:04",357070,0,4,375,10.779721315599,-79.5419570261612,6,1.68206170382052,0.744537194992386,2373108.91297121,-36.8652887559915,-71.3756688405821,530.33,"Chillán, Nevados de",-36.863,-71.377,1
67569,"2021-04-02 06:15:02",357070,0,2,1000,34.6381097560974,-82.3582195121952,4,0.962422969809457,0.765978558479549,3712799.37413527,-36.8632327741136,-71.365790980576,1414.21,"Chillán, Nevados de",-36.863,-71.377,1
67570,"2021-04-02 06:36:03",357070,0,3,375,63.6445698156551,-87.4445959325838,8,1.66759122214182,0.952941295754455,1808957.62616803,-36.8653727482343,-71.37146525187,1185.85,"Chillán, Nevados de",-36.863,-71.377,1
67571,"2021-04-03 03:40:01",357070,0,1,1000,4.60760453302071,-97.5266705744431,4,1.13543628981689,0.820681677322987,5948862.17613472,-36.8630090110135,-71.377000245322,1414.21,"Chillán, Nevados de",-36.863,-71.377,1
67572,"2021-04-03 04:36:03",357070,0,3,375,65.52860978167,110.656256046601,17,4.4945156622681,2.04882333504558,6190658.70328202,-36.8615737675852,-71.3923776650764,22102.7,"Chillán, Nevados de",-36.863,-71.377,1
67573,"2021-04-03 05:30:04",357070,0,4,375,20.1087972063403,102.539116115029,6,2.58711353979531,0.761766833655991,4620408.84991515,-36.8652046152475,-71.379872411859,530.33,"Chillán, Nevados de",-36.863,-71.377,1
67574,"2021-04-03 06:18:03",357070,0,3,375,50.4438450263383,-84.6248836118045,9,2.02914566866122,1.09509836183069,2364307.24541479,-36.8652887559915,-71.3756688405821,838.526,"Chillán, Nevados de",-36.863,-71.377,1
67575,"2021-04-04 05:12:04",357070,0,4,375,43.6144970643557,105.568575679574,8,3.40736617975584,1.16235697068423,5682679.56046253,-36.8618270498877,-71.3797676102055,750,"Chillán, Nevados de",-36.863,-71.377,1
67576,"2021-04-04 06:00:02",357070,0,2,1000,14.3455887162713,-80.1694766966476,1,0.274768612488575,0.238192833848285,691282.216301484,-36.8630090110135,-71.377000245322,0,"Chillán, Nevados de",-36.863,-71.377,1
67577,"2021-04-04 06:00:03",357070,0,3,375,29.7332928592592,-81.8122808186836,7,1.72484106197366,1.02331117432191,1775747.5281185,-36.8652887559915,-71.3756688405821,838.526,"Chillán, Nevados de",-36.863,-71.377,1
67578,"2021-04-05 04:54:04",357070,0,4,375,58.5620195740427,108.560696414226,7,1.81678389509818,0.972772119948491,2136404.80584766,-36.8617427709321,-71.383970979333,1060.66,"Chillán, Nevados de",-36.863,-71.377,1
67579,"2021-04-05 05:42:03",357070,0,3,375,1.03950238981241,2.49950901386036,6,2.32687492603998,0.838295863168904,3767965.75289242,-36.8652887559915,-71.3756688405821,18003.9,"Chillán, Nevados de",-36.863,-71.377,1
67580,"2021-04-05 06:30:04",357070,0,4,375,59.9331579104096,-86.5030189082224,5,0.606283292329145,0.449889212263275,395872.515166733,-36.8652887559915,-71.3756688405821,1125,"Chillán, Nevados de",-36.863,-71.377,1
67581,"2021-04-08 05:35:02",357070,0,2,1000,30.3555406976745,102.407598837209,3,0.799054972081573,0.569983279779668,4329454.98450602,-36.8630090110135,-71.377000245322,1000,"Chillán, Nevados de",-36.863,-71.377,1
67582,"2021-04-08 05:36:04",357070,0,4,750,10.1346987734718,101.361822734387,3,1.13666481688768,0.645750155226333,5439948.0945348,-36.8652046152475,-71.379872411859,750,"Chillán, Nevados de",-36.863,-71.377,1
67583,"2021-04-09 05:18:04",357070,0,4,375,36.8596778164133,104.576556971251,8,2.0949609201033,0.751615258323898,3400343.70637911,-36.8618270498877,-71.3797676102055,17209.2,"Chillán, Nevados de",-36.863,-71.377,1
67584,"2021-04-09 06:06:03",357070,0,3,375,37.6571310164756,-82.7286465721957,6,1.22134814009152,0.502886338435613,1818606.43544152,-36.8652887559915,-71.3756688405821,838.526,"Chillán, Nevados de",-36.863,-71.377,1
67585,"2021-04-09 06:20:02",357070,0,2,1000,42.6721998320738,-83.2755919395466,1,0.16011886944892,0.145849398974651,269692.99196368,-36.8632327741136,-71.365790980576,1000,"Chillán, Nevados de",-36.863,-71.377,1
67586,"2021-04-10 03:45:01",357070,0,1,1000,16.1917438464747,-100.704347100542,3,0.562690215289698,0.468932608527744,1772018.76780093,-36.8630090110135,-71.377000245322,1414.21,"Chillán, Nevados de",-36.863,-71.377,1
67587,"2021-04-10 05:00:04",357070,0,4,375,54.2500363990768,107.545003305094,12,2.32357893728873,0.991184284261149,3372623.96547606,-36.8617427709321,-71.383970979333,1185.85,"Chillán, Nevados de",-36.863,-71.377,1
67588,"2021-04-10 05:25:02",357070,0,2,1000,45.9734787018256,104.3619168357,5,0.832053993812386,0.745459471003867,1636636.48108102,-36.8630090110135,-71.377000245322,1414.21,"Chillán, Nevados de",-36.863,-71.377,1
67589,"2021-04-10 05:48:03",357070,0,3,375,10.5952184453755,-79.7558426846013,9,2.62682106732261,0.79839231245013,4628210.28577098,-36.8652887559915,-71.3756688405821,838.526,"Chillán, Nevados de",-36.863,-71.377,1
67590,"2021-04-10 06:36:04",357070,0,4,375,63.7451091070904,-87.4515203930231,12,2.45806325566012,0.954259119407843,3806504.21988857,-36.8653727482343,-71.37146525187,1546.16,"Chillán, Nevados de",-36.863,-71.377,1
67591,"2021-04-11 02:50:01",357070,0,1,1000,61.4436363636363,86.7682323232323,9,1.83535429928481,1.61099014053136,4240482.60044038,-36.8627841919951,-71.3882093860254,2236.07,"Chillán, Nevados de",-36.863,-71.377,1
67592,"2021-04-11 04:42:04",357070,0,4,375,65.4351189828777,110.586335743915,12,2.49336849935153,1.27151594704634,3092814.27302251,-36.8616583434973,-71.3881743309669,1590.99,"Chillán, Nevados de",-36.863,-71.377,1
67593,"2021-04-11 05:30:03",357070,0,3,375,20.3018942032844,102.703944275059,6,2.2824452708713,0.671745099219461,4077084.80949372,-36.8652887559915,-71.3756688405821,530.33,"Chillán, Nevados de",-36.863,-71.377,1
67594,"2021-04-11 06:18:04",357070,0,4,375,50.6175090689072,-84.6206963652566,8,1.8603338929455,0.910445086840728,2404406.0404527,-36.8652887559915,-71.3756688405821,1185.85,"Chillán, Nevados de",-36.863,-71.377,1
67595,"2021-04-12 03:35:01",357070,0,1,1000,7.22662712534595,78.5282285488334,2,0.742487508218853,0.468253351281431,5183025.56611727,-36.8720158634551,-71.3772794423447,1000,"Chillán, Nevados de",-36.863,-71.377,1
67596,"2021-04-12 05:12:03",357070,0,3,375,43.7609942900043,105.65945584022,6,2.1684086054478,0.84265947263942,3355802.49242121,-36.8652046152475,-71.379872411859,750,"Chillán, Nevados de",-36.863,-71.377,1
67597,"2021-04-12 06:00:04",357070,0,4,375,30.0232524188964,-81.7512801502962,7,2.22067491228764,0.952320155925058,3210522.97704279,-36.8652046152475,-71.379872411859,838.526,"Chillán, Nevados de",-36.863,-71.377,1
67598,"2021-04-12 06:48:03",357070,0,3,375,69.782850753399,-89.2740051220082,13,2.30172662814004,1.7294503293354,1448574.38134924,-36.8654565919739,-71.3672616457533,1546.16,"Chillán, Nevados de",-36.863,-71.377,1
67599,"2021-04-13 05:42:04",357070,0,4,375,1.11442335056198,-15.3690637505088,5,2.07016620491579,0.770565700254739,3289613.77742328,-36.8652887559915,-71.3756688405821,530.33,"Chillán, Nevados de",-36.863,-71.377,1
67600,"2021-04-13 05:55:02",357070,0,2,1000,2.64457943925234,-74.101417445483,4,1.41528454712988,0.972457552378726,8369430.20079671,-36.8630090110135,-71.377000245322,1414.21,"Chillán, Nevados de",-36.863,-71.377,1
67601,"2021-04-13 06:30:03",357070,0,3,375,59.7980073820776,-86.4877319918057,8,2.31806679735806,1.17441251555837,2894874.90080544,-36.8652887559915,-71.3756688405821,1125,"Chillán, Nevados de",-36.863,-71.377,1
67602,"2021-04-14 03:20:01",357070,0,1,1000,28.9710196078432,81.8513389355741,4,1.18332724261361,0.983884680987242,3769464.41473833,-36.8627841919951,-71.3882093860254,1414.21,"Chillán, Nevados de",-36.863,-71.377,1
67603,"2021-04-14 04:30:03",357070,0,3,375,68.4066852534465,111.708898003553,17,4.26493165642601,2.38729283078017,4752773.27741601,-36.8581962309604,-71.3922723269368,2281.04,"Chillán, Nevados de",-36.863,-71.377,1
67604,"2021-04-14 05:24:04",357070,0,4,750,28.8881603542993,103.579687684814,7,2.81512577886165,1.81914633087131,11036697.258043,-36.8652046152475,-71.379872411859,1500,"Chillán, Nevados de",-36.863,-71.377,1
67605,"2021-04-14 06:12:03",357070,0,3,375,44.478847611704,-83.6876876601203,10,2.60109933550747,1.39798731657674,3045377.29791841,-36.8652887559915,-71.3756688405821,1060.66,"Chillán, Nevados de",-36.863,-71.377,1
67606,"2021-04-15 04:05:01",357070,0,1,1000,43.3915069686413,-104.153484320558,2,0.480893518752042,0.421395657711835,1124509.57365991,-36.8630090110135,-71.377000245322,1000,"Chillán, Nevados de",-36.863,-71.377,1
67607,"2021-04-15 05:06:04",357070,0,4,375,49.2402017237725,106.537079411906,8,2.46671083141611,1.00376502461855,3703081.57345632,-36.8652046152475,-71.379872411859,750,"Chillán, Nevados de",-36.863,-71.377,1
67608,"2021-04-15 05:45:02",357070,0,2,1000,20.4222478898266,101.394913371835,3,0.774608354293024,0.61642478631008,2989669.43487764,-36.8630090110135,-71.377000245322,1414.21,"Chillán, Nevados de",-36.863,-71.377,1
67609,"2021-04-15 05:54:03",357070,0,3,375,20.5170926371201,-80.8032185328903,5,1.94726461103184,0.61910876808255,3361894.47746538,-36.8652887559915,-71.3756688405821,838.526,"Chillán, Nevados de",-36.863,-71.377,1
67610,"2021-04-15 06:42:04",357070,0,4,375,67.0939338037509,-88.4072204488503,12,2.09757128046875,1.42078463193779,1713116.20409399,-36.8652887559915,-71.3756688405821,1912.13,"Chillán, Nevados de",-36.863,-71.377,1
67611,"2021-04-16 03:10:01",357070,0,1,1000,45.3920132953464,83.8757359924029,4,0.96059493944697,0.814056016313198,2769585.64722829,-36.8630090110135,-71.377000245322,1414.21,"Chillán, Nevados de",-36.863,-71.377,1
67612,"2021-04-16 04:48:04",357070,0,4,375,62.1592532012031,109.550973233727,15,4.32454242745593,1.94286210332105,6028628.32046642,-36.8617427709321,-71.383970979333,18742.5,"Chillán, Nevados de",-36.863,-71.377,1
67613,"2021-04-16 05:36:03",357070,0,3,375,10.4910782645853,101.660779265458,7,2.26613885993381,0.880245063987226,3508043.67098979,-36.8686663294419,-71.3757734749843,838.526,"Chillán, Nevados de",-36.863,-71.377,1
67614,"2021-04-16 06:24:04",357070,0,4,375,55.6995845576874,-85.5770524668847,8,1.61882361439806,0.710183746167377,2299994.66645892,-36.8652887559915,-71.3756688405821,24143.1,"Chillán, Nevados de",-36.863,-71.377,1
67615,"2021-04-16 06:25:02",357070,0,2,1000,49.3906324582337,-84.1748687350836,2,0.350127800988978,0.319532894141229,578243.739422453,-36.8544484680111,-71.3543051455064,2236.07,"Chillán, Nevados de",-36.863,-71.377,1
67616,"2021-04-17 03:50:01",357070,0,1,1000,26.7101112877583,-102.052803391627,3,0.765709684885764,0.677347263305945,1670049.76785859,-36.8717909712506,-71.3884898966035,1414.21,"Chillán, Nevados de",-36.863,-71.377,1
67617,"2021-04-17 05:18:03",357070,0,3,750,37.0897681709791,104.66791566049,5,2.77974265563646,1.21184150403024,17374304.6362364,-36.8652046152475,-71.379872411859,1060.66,"Chillán, Nevados de",-36.863,-71.377,1
67618,"2021-04-17 05:30:02",357070,0,2,1000,38.8369953416148,103.378881987578,3,0.84701659986812,0.627665443149131,4145736.8619889,-36.8630090110135,-71.377000245322,1000,"Chillán, Nevados de",-36.863,-71.377,1
67619,"2021-04-17 06:06:04",357070,0,4,375,38.0356152817564,-82.7477726615002,7,2.19051794803245,0.895693901800627,3277523.36702431,-36.8652887559915,-71.3756688405821,838.526,"Chillán, Nevados de",-36.863,-71.377,1
67621,"2021-04-18 06:15:02",357070,0,2,1000,34.6050732600731,-82.3532478632479,1,0.232963660176659,0.19511990928411,715246.891869165,-36.8722396993981,-71.3660688639861,1414.21,"Chillán, Nevados de",-36.863,-71.377,1
67622,"2021-04-19 03:40:01",357070,0,1,1000,4.75458349628471,-97.6773093468909,2,0.559687646047069,0.473380090883336,1631212.79259454,-36.8630090110135,-71.377000245322,1000,"Chillán, Nevados de",-36.863,-71.377,1
67623,"2021-04-19 04:36:03",357070,0,3,375,65.5862916374804,110.679210736423,18,7.11195992557438,2.5072601864823,11655646.2145768,-36.8616583434973,-71.3881743309669,2019.44,"Chillán, Nevados de",-36.863,-71.377,1
67625,"2021-04-20 05:12:04",357070,0,4,375,43.3824128502637,105.534337381222,11,2.13677136424806,1.40978797167074,1840176.71246134,-36.8651203260042,-71.3840759656699,1185.85,"Chillán, Nevados de",-36.863,-71.377,1
67626,"2021-04-20 06:00:02",357070,0,2,1000,14.3286112249077,-80.1697664891438,1,0.273089289713142,0.213212436059214,1131672.53405924,-36.8630090110135,-71.377000245322,0,"Chillán, Nevados de",-36.863,-71.377,1
67627,"2021-04-20 06:00:03",357070,0,3,375,29.5198868366189,-81.7679026155235,7,1.64869714432764,0.893760717271851,1910932.83098496,-36.8652887559915,-71.3756688405821,838.526,"Chillán, Nevados de",-36.863,-71.377,1
67628,"2021-04-22 04:30:04",357070,0,4,375,68.2318877559685,111.540811179542,15,2.14130020438947,1.26157735519699,2226798.46201846,-36.8581962309604,-71.3922723269368,1875,"Chillán, Nevados de",-36.863,-71.377,1
67629,"2021-04-22 05:24:03",357070,0,3,375,29.3658027462696,103.717039269645,2,0.794521362782025,0.200059887439997,1504730.60945951,-36.8652887559915,-71.3756688405821,375,"Chillán, Nevados de",-36.863,-71.377,1
67630,"2021-04-22 05:50:02",357070,0,2,1000,9.23518370607016,99.8353474440896,2,0.549433316711488,0.331943674285612,4110554.24184904,-36.8630090110135,-71.377000245322,1000,"Chillán, Nevados de",-36.863,-71.377,1
67631,"2021-04-22 06:12:04",357070,0,4,375,44.9072312568113,-83.6931908396642,11,3.23349253052443,1.08230866141395,5445184.1686859,-36.8686663294419,-71.3757734749843,1060.66,"Chillán, Nevados de",-36.863,-71.377,1
67632,"2021-04-23 03:15:01",357070,0,1,1000,37.8126965466568,82.8942542248348,4,0.733619548424375,0.603854894453434,2452551.96005079,-36.8630090110135,-71.377000245322,1414.21,"Chillán, Nevados de",-36.863,-71.377,1
67633,"2021-04-23 05:06:03",357070,0,3,750,49.6792008895833,106.687600615346,6,1.80511365008873,0.962598414369013,9336121.95581916,-36.8652046152475,-71.379872411859,1500,"Chillán, Nevados de",-36.863,-71.377,1
67634,"2021-04-23 05:54:04",357070,0,4,375,21.2192888531334,-80.7753657084248,7,1.79282733302677,0.57159190688978,3091252.17240925,-36.8652887559915,-71.3756688405821,838.526,"Chillán, Nevados de",-36.863,-71.377,1
67635,"2021-04-23 06:42:03",357070,0,3,375,66.8662891752784,-88.3499418051292,9,1.18645901319521,0.822477247671408,921328.843982122,-36.8653727482343,-71.37146525187,1912.13,"Chillán, Nevados de",-36.863,-71.377,1
67636,"2021-04-24 03:55:01",357070,0,1,1000,35.7792101910827,-103.099025477707,6,1.20962061180393,0.901584469635671,5821883.08698007,-36.8720158634551,-71.3772794423447,1414.21,"Chillán, Nevados de",-36.863,-71.377,1
67637,"2021-04-24 04:42:03",357070,0,3,375,62.3965556847958,109.676787584838,11,1.44443664492878,0.565722751140307,2224244.54365208,-36.8616583434973,-71.3881743309669,1352.08,"Chillán, Nevados de",-36.863,-71.377,1
67638,"2021-04-24 05:36:04",357070,0,4,375,9.70714771270018,101.253598332419,5,0.494953887983905,0.166098464035122,832415.291870359,-36.8652887559915,-71.3756688405821,838.526,"Chillán, Nevados de",-36.863,-71.377,1
67639,"2021-04-24 06:24:03",357070,0,3,375,55.3408929761794,-85.5250177270157,10,1.86898797443836,0.901246256026063,2449596.22473113,-36.8652887559915,-71.3756688405821,1125,"Chillán, Nevados de",-36.863,-71.377,1
67640,"2021-04-25 05:18:04",357070,0,4,375,36.6110160319244,104.542822085198,8,2.3171639186037,0.85160892522488,3709686.07699014,-36.8652046152475,-71.379872411859,838.526,"Chillán, Nevados de",-36.863,-71.377,1
67641,"2021-04-25 06:06:03",357070,0,3,375,37.4849017020172,-82.7007036709544,11,2.68615726438424,1.17928902646331,3814260.22723735,-36.8652887559915,-71.3756688405821,1060.66,"Chillán, Nevados de",-36.863,-71.377,1
67642,"2021-04-25 06:20:02",357070,0,2,1000,42.637640167364,-83.2717489539749,2,0.396945671961062,0.355993654166187,773993.136323125,-36.8632327741136,-71.365790980576,1000,"Chillán, Nevados de",-36.863,-71.377,1
67643,"2021-04-26 03:45:01",357070,0,1,1000,16.2938049393051,-100.714240267895,2,0.513952444152375,0.378385446741229,2562216.25107066,-36.8630090110135,-71.377000245322,1000,"Chillán, Nevados de",-36.863,-71.377,1
67644,"2021-04-26 05:00:04",357070,0,4,375,54.089413588463,107.512290867753,8,2.84333443814483,0.777860281150062,5228231.45989302,-36.8618270498877,-71.3797676102055,838.526,"Chillán, Nevados de",-36.863,-71.377,1
67645,"2021-04-26 05:48:03",357070,0,3,375,10.3351885825692,-79.7584797346025,7,1.85684794099574,0.738266018410027,2831410.49154508,-36.8652046152475,-71.379872411859,838.526,"Chillán, Nevados de",-36.863,-71.377,1
67646,"2021-04-26 06:36:04",357070,0,4,375,63.8638973760188,-87.4792101720448,12,2.11779198029441,1.2953721484965,2081750.19923847,-36.8686663294419,-71.3757734749843,1185.85,"Chillán, Nevados de",-36.863,-71.377,1
67647,"2021-04-27 04:42:04",357070,0,4,375,65.3290168565551,110.552160823591,17,4.11475491767541,1.88351779388381,5647818.9695975,-36.8616583434973,-71.3881743309669,1677.05,"Chillán, Nevados de",-36.863,-71.377,1
67648,"2021-04-27 05:30:03",357070,0,3,375,20.5386231791322,102.747441331488,6,2.77782777286751,0.697382856503899,5266126.1945454,-36.8652046152475,-71.379872411859,530.33,"Chillán, Nevados de",-36.863,-71.377,1
67649,"2021-04-27 06:18:04",357070,0,4,375,50.809195190388,-84.6578415826828,9,2.51392614083814,0.990770437878373,3855487.87311692,-36.8652887559915,-71.3756688405821,1125,"Chillán, Nevados de",-36.863,-71.377,1
67650,"2021-04-28 05:12:03",357070,0,3,375,43.9139760572426,105.69431117674,7,2.65944479711572,0.823323196059205,4647682.8026743,-36.8652046152475,-71.379872411859,750,"Chillán, Nevados de",-36.863,-71.377,1
67651,"2021-04-28 06:00:04",357070,0,4,750,30.3710833211534,-81.8273501710161,5,1.61676787086523,1.07139267504014,6043438.88873675,-36.8652046152475,-71.379872411859,1060.66,"Chillán, Nevados de",-36.863,-71.377,1
67652,"2021-04-28 06:48:03",357070,0,3,375,69.7342784668032,-89.2582171830055,5,0.754700638225345,0.593649537185157,407660.599507978,-36.8653727482343,-71.37146525187,1875,"Chillán, Nevados de",-36.863,-71.377,1
67653,"2021-04-29 04:48:03",357070,0,3,375,58.7616363809941,108.677712783373,12,3.46175617880655,1.32189294262,5416528.81659721,-36.8617427709321,-71.383970979333,1185.85,"Chillán, Nevados de",-36.863,-71.377,1
67654,"2021-04-29 05:42:04",357070,0,4,375,1.24688672794193,-31.3156970196201,6,1.93499808793002,0.75652906024465,2982999.72632859,-36.8652887559915,-71.3756688405821,838.526,"Chillán, Nevados de",-36.863,-71.377,1
67655,"2021-04-29 05:55:02",357070,0,2,1000,2.6266017147311,-73.9094583008575,2,0.530328603236043,0.388177771435309,2686650.72103387,-36.8632327741136,-71.365790980576,1000,"Chillán, Nevados de",-36.863,-71.377,1
67656,"2021-04-29 06:30:03",357070,0,3,375,59.6804196845796,-86.4501486627821,9,1.63105865644417,1.14831638812067,1221941.36669386,-36.8653727482343,-71.37146525187,1060.66,"Chillán, Nevados de",-36.863,-71.377,1
67657,"2021-04-30 03:20:01",357070,0,1,1000,28.9029497206705,81.8450335195531,3,0.705884841681917,0.590444219185409,2181827.765184,-36.8630090110135,-71.377000245322,1414.21,"Chillán, Nevados de",-36.863,-71.377,1
67658,"2021-04-30 04:30:03",357070,0,3,375,68.4671680013526,111.740148658311,7,0.83542859890154,0.695693645445329,353704.100936035,-36.8615737675852,-71.3923776650764,1546.16,"Chillán, Nevados de",-36.863,-71.377,1
67659,"2021-04-30 05:24:04",357070,0,4,375,28.5516512306451,103.521504201938,6,2.16945980301298,0.738163275779214,3622969.33456046,-36.8652887559915,-71.3756688405821,1185.85,"Chillán, Nevados de",-36.863,-71.377,1
67660,"2021-04-30 06:12:03",357070,0,3,375,44.3095063116807,-83.6583271078001,8,1.80339016183231,0.922262412759199,2230354.61484131,-36.8652887559915,-71.3756688405821,838.526,"Chillán, Nevados de",-36.863,-71.377,1
67663,"2021-05-04 05:48:04",357070,0,4,750,11.5153647426115,-79.6957742186606,4,1.74626203523875,0.697812369693964,11618132.8563182,-36.8719597394271,-71.3800820675666,750,"Chillán, Nevados de",-36.863,-71.377,1
67664,"2021-05-04 06:15:02",357070,0,2,1000,34.5360646735814,-82.3470591824284,5,1.85647902014675,0.792691763297492,20105579.154451,-36.8632327741136,-71.365790980576,1414.21,"Chillán, Nevados de",-36.863,-71.377,1
67665,"2021-05-04 06:36:03",357070,0,3,750,63.6002065784246,-87.4355620456628,12,3.25497966338188,1.96697303765341,14272723.4213537,-36.8719597394271,-71.3800820675666,2371.71,"Chillán, Nevados de",-36.863,-71.377,1
67666,"2021-05-05 03:40:01",357070,0,1,1000,4.79301798279906,-97.6873377638779,8,2.87764695139297,1.36732235678266,28545134.8381349,-36.8720158634551,-71.3772794423447,1414.21,"Chillán, Nevados de",-36.863,-71.377,1
67667,"2021-05-05 04:36:03",357070,0,3,750,65.7103765312586,110.743552524689,15,4.61273958750638,2.58371602957671,22484117.3013081,-36.8581115169141,-71.3964754588476,2704.16,"Chillán, Nevados de",-36.863,-71.377,1
67668,"2021-05-05 05:20:02",357070,0,2,1000,51.9632633053222,105.319299719888,13,3.23050994634135,2.24376467319471,18649485.6624715,-36.8627841919951,-71.3882093860254,2828.43,"Chillán, Nevados de",-36.863,-71.377,1
67669,"2021-05-05 05:30:04",357070,0,4,750,19.5669025626456,102.457531709896,6,2.98542508480428,1.16439203277312,20179322.5078204,-36.8652046152475,-71.379872411859,1060.66,"Chillán, Nevados de",-36.863,-71.377,1
67670,"2021-05-05 06:18:03",357070,0,3,750,50.3435158747347,-84.6184781086296,8,2.80623024922738,1.37125188223465,15901354.0292382,-36.8653727482343,-71.37146525187,1500,"Chillán, Nevados de",-36.863,-71.377,1
67671,"2021-05-06 02:45:01",357070,0,1,1000,65.1013875598087,87.7071770334928,1,0.196985028481673,0.182346722774779,276663.977860296,-36.8720158634551,-71.3772794423447,1000,"Chillán, Nevados de",-36.863,-71.377,1
67672,"2021-05-06 04:20:01",357070,0,1,1000,59.6556644880174,-107.186252723311,9,1.75339904037942,1.55443684884166,3760385.42006367,-36.8632327741136,-71.365790980576,2236.07,"Chillán, Nevados de",-36.863,-71.377,1
67673,"2021-05-06 05:12:04",357070,0,4,750,43.2889080324175,105.500821641873,6,4.60139811085183,1.04951780613102,39359273.6266875,-36.8652046152475,-71.379872411859,1060.66,"Chillán, Nevados de",-36.863,-71.377,1
67674,"2021-05-06 06:00:02",357070,0,2,1000,14.2455026672137,-80.1599343455067,5,1.67393623915729,0.769643291410756,17091136.7124095,-36.8630090110135,-71.377000245322,1414.21,"Chillán, Nevados de",-36.863,-71.377,1
67675,"2021-05-06 06:00:03",357070,0,3,750,29.5687813390862,-81.8023781715743,7,3.01824673979396,1.28856670085784,19167016.9314609,-36.8653727482343,-71.37146525187,1500,"Chillán, Nevados de",-36.863,-71.377,1
67676,"2021-05-07 03:25:01",357070,0,1,1000,18.5716241900646,80.5855507559398,5,1.76186125567269,0.828947526909624,17632069.4736219,-36.8630090110135,-71.377000245322,1414.21,"Chillán, Nevados de",-36.863,-71.377,1
67677,"2021-05-07 04:54:04",357070,0,4,750,58.3774086951632,108.542585573884,9,2.87292589621232,1.62227047945666,13858825.3369237,-36.8652046152475,-71.379872411859,1677.05,"Chillán, Nevados de",-36.863,-71.377,1
67678,"2021-05-07 05:05:02",357070,0,2,1000,61.1849494949494,107.247878787879,15,3.14152079861812,2.653190340857,9229445.65168526,-36.8630090110135,-71.377000245322,2828.43,"Chillán, Nevados de",-36.863,-71.377,1
67679,"2021-05-07 05:42:03",357070,0,3,750,1.55791396517791,12.3499447239572,5,2.61954063210955,0.906242696003074,18985482.7544799,-36.8721279134616,-71.3716741686415,1060.66,"Chillán, Nevados de",-36.863,-71.377,1
67680,"2021-05-07 06:30:04",357070,0,4,750,60.2590726531047,-86.5637350651497,8,1.52652395062461,0.954046574032004,6343764.92936684,-36.8653727482343,-71.37146525187,1677.05,"Chillán, Nevados de",-36.863,-71.377,1
67681,"2021-05-09 03:15:01",357070,0,1,1000,37.7979955947136,82.8952496328928,4,2.55026539364569,0.581805921405596,37203884.0253378,-36.8630090110135,-71.377000245322,1414.21,"Chillán, Nevados de",-36.863,-71.377,1
67682,"2021-05-09 05:06:03",357070,0,3,750,49.6798448895689,106.70039561506,8,4.17372674426492,1.16314889160964,33360965.8297363,-36.8652046152475,-71.379872411859,1500,"Chillán, Nevados de",-36.863,-71.377,1
67683,"2021-05-09 05:54:04",357070,0,4,750,21.513670519132,-80.7843631943287,4,3.17613480555019,0.580942992267506,28757969.2809388,-36.8652046152475,-71.379872411859,1060.66,"Chillán, Nevados de",-36.863,-71.377,1
67684,"2021-05-09 06:30:02",357070,0,2,1000,54.9587443267777,-85.1034190620273,10,1.89190169582879,1.42225642194678,8876295.67636994,-36.8630090110135,-71.377000245322,2236.07,"Chillán, Nevados de",-36.863,-71.377,1
67685,"2021-05-09 06:42:03",357070,0,3,750,66.9753875029834,-88.3906270243155,13,4.56039137285729,1.78669728742224,30735997.5842272,-36.8653727482343,-71.37146525187,2371.71,"Chillán, Nevados de",-36.863,-71.377,1
67686,"2021-05-10 03:55:01",357070,0,1,1000,35.7864866581955,-103.098964421855,3,0.619105140575856,0.447028054582421,3252256.92527593,-36.8720158634551,-71.3772794423447,1000,"Chillán, Nevados de",-36.863,-71.377,1
67687,"2021-05-10 04:42:03",357070,0,3,750,62.4467486042064,109.720681547552,17,3.95612268450185,2.78706983003767,12954566.9435311,-36.858449482348,-71.3796628260149,2704.16,"Chillán, Nevados de",-36.863,-71.377,1
67688,"2021-05-10 05:35:02",357070,0,2,1000,30.3649826589595,102.417566473988,5,2.22000758878692,0.729102471110118,28178106.7240916,-36.8630090110135,-71.377000245322,1414.21,"Chillán, Nevados de",-36.863,-71.377,1
67689,"2021-05-10 05:36:04",357070,0,4,750,9.46913078834843,101.123910739704,4,2.89401144172854,0.614006237532218,25265307.6690005,-36.8653727482343,-71.37146525187,1060.66,"Chillán, Nevados de",-36.863,-71.377,1
67690,"2021-05-10 06:24:03",357070,0,3,750,55.4720657601027,-85.5624180875309,9,4.31571846525766,1.41270423961717,32169026.3878787,-36.8653727482343,-71.37146525187,1677.05,"Chillán, Nevados de",-36.863,-71.377,1
67691,"2021-05-11 03:00:01",357070,0,1,1000,51.6637278911567,84.8704081632653,11,4.09220552934018,1.7627841516738,44026064.0378946,-36.8717909712506,-71.3884898966035,3162.28,"Chillán, Nevados de",-36.863,-71.377,1
67692,"2021-05-11 05:18:04",357070,0,4,375,36.3948680365409,104.515354806757,12,2.62165286723903,0.994230351167492,4119413.24380608,-36.8651203260042,-71.3840759656699,838.526,"Chillán, Nevados de",-36.863,-71.377,1
67693,"2021-05-11 06:06:03",357070,0,3,750,37.5750621601319,-82.7504521503832,8,5.70039011248753,1.36522262879673,48039074.6786488,-36.8652046152475,-71.379872411859,1677.05,"Chillán, Nevados de",-36.863,-71.377,1
67694,"2021-05-11 06:20:02",357070,0,2,1000,42.5919799498747,-83.2664076858814,4,2.03789637311302,0.611222699347158,26964132.4341748,-36.8630090110135,-71.377000245322,1414.21,"Chillán, Nevados de",-36.863,-71.377,1
67695,"2021-05-12 03:45:01",357070,0,1,1000,16.2904182350481,-100.711258887495,5,2.65811872205937,0.832037655711746,34512932.1539701,-36.8720158634551,-71.3772794423447,1414.21,"Chillán, Nevados de",-36.863,-71.377,1
67696,"2021-05-12 05:00:04",357070,0,4,750,54.0491057919083,107.487601597465,9,5.36459880309625,1.67270407390772,40910808.4678203,-36.8652046152475,-71.379872411859,1677.05,"Chillán, Nevados de",-36.863,-71.377,1
67697,"2021-05-12 05:25:02",357070,0,2,1000,45.9651671732523,104.368024316109,11,4.11038981122,1.90202126000156,41738165.6180285,-36.8627841919951,-71.3882093860254,2236.07,"Chillán, Nevados de",-36.863,-71.377,1
67698,"2021-05-12 05:48:03",357070,0,3,750,10.5357857645068,-79.7539122173611,6,5.93510424743024,1.15922090353099,52922757.3045835,-36.8653727482343,-71.37146525187,1060.66,"Chillán, Nevados de",-36.863,-71.377,1
67699,"2021-05-12 06:36:04",357070,0,4,750,64.0259655689081,-87.5115170439651,11,5.05703606147816,2.04264457198361,33403225.6929615,-36.8653727482343,-71.37146525187,2371.71,"Chillán, Nevados de",-36.863,-71.377,1
67700,"2021-05-13 02:50:01",357070,0,1,1000,61.4095566502462,86.771157635468,6,1.58713482450152,1.13496269871177,8546053.17742635,-36.8625583170953,-71.3994184021037,3000,"Chillán, Nevados de",-36.863,-71.377,1
67701,"2021-05-13 04:42:04",357070,0,4,750,65.3303105397537,110.57078252855,14,6.47753460523895,1.89706131833928,50757369.610457,-36.864866567298,-71.3966865219996,2371.71,"Chillán, Nevados de",-36.863,-71.377,1
67702,"2021-05-13 05:30:03",357070,0,3,750,20.4422415430803,102.719594704038,5,1.34275671543261,0.38910019374762,10567706.3309218,-36.8652046152475,-71.379872411859,750,"Chillán, Nevados de",-36.863,-71.377,1
67703,"2021-05-13 06:05:02",357070,0,2,1000,25.0533910891088,-81.3312673267326,7,2.70219267057886,0.907977021186685,33910675.7735122,-36.8630090110135,-71.377000245322,2236.07,"Chillán, Nevados de",-36.863,-71.377,1
67704,"2021-05-13 06:18:04",357070,0,4,750,50.9756958606044,-84.7000891068054,10,1.26822154358482,0.488124685051312,8644448.31362446,-36.8653727482343,-71.37146525187,1677.05,"Chillán, Nevados de",-36.863,-71.377,1
67706,"2021-05-14 05:10:02",357070,0,2,1000,56.9201375245579,106.262062868369,15,2.50233432933616,1.87627848356559,11832455.4850638,-36.8632327741136,-71.365790980576,2828.43,"Chillán, Nevados de",-36.863,-71.377,1
67707,"2021-05-14 05:12:03",357070,0,3,750,43.8925900189241,105.694181637551,6,2.43004659984287,0.782111883886057,18261176.5711964,-36.8652046152475,-71.379872411859,1060.66,"Chillán, Nevados de",-36.863,-71.377,1
67708,"2021-05-14 06:00:04",357070,0,4,750,30.5602733169246,-81.7984031716632,8,3.13321413557601,1.23579437840932,21025782.6841034,-36.8652046152475,-71.379872411859,1500,"Chillán, Nevados de",-36.863,-71.377,1
67709,"2021-05-14 06:48:03",357070,0,3,375,69.7675932028057,-89.2839228837423,25,3.60716248354211,1.34927347788664,5715281.54556542,-36.8653727482343,-71.37146525187,2651.65,"Chillán, Nevados de",-36.863,-71.377,1
67710,"2021-05-15 04:15:01",357070,0,1,1000,55.1257430340557,-106.161253869969,12,2.97342857941435,1.87907035063203,20683370.5239858,-36.8630090110135,-71.377000245322,2236.07,"Chillán, Nevados de",-36.863,-71.377,1
67711,"2021-05-15 05:42:04",357070,0,4,750,1.77726696027499,-24.3534994556569,7,4.51875350759995,1.37123474647455,34878442.2717208,-36.8652046152475,-71.379872411859,24965,"Chillán, Nevados de",-36.863,-71.377,1
67712,"2021-05-15 05:55:02",357070,0,2,1000,2.60997280497281,-73.7862432012432,5,2.04184175422187,0.698973362500465,25380212.6035345,-36.8630090110135,-71.377000245322,1414.21,"Chillán, Nevados de",-36.863,-71.377,1
67713,"2021-05-15 06:30:03",357070,0,3,750,59.8737506617174,-86.5187190661559,13,6.19069799800289,2.32129840339628,42877784.2577345,-36.8653727482343,-71.37146525187,2121.32,"Chillán, Nevados de",-36.863,-71.377,1
67714,"2021-05-15 18:54:03",357070,1,3,750,28.6173833603516,-103.715282681783,4,7.91052304963732,1.52946119619966,70710141.663406,-36.8653727482343,-71.37146525187,1060.66,"Chillán, Nevados de",-36.863,-71.377,1
67715,"2021-05-16 03:20:01",357070,0,1,1000,28.9255723059744,81.8505527638191,6,3.10472699205493,0.942857092742923,40859341.0969969,-36.8630090110135,-71.377000245322,1414.21,"Chillán, Nevados de",-36.863,-71.377,1
67716,"2021-05-16 04:30:03",357070,0,3,750,68.4974284689631,111.787476501355,15,3.10219149927276,2.44334468383322,7300846.27358939,-36.8652046152475,-71.379872411859,2704.16,"Chillán, Nevados de",-36.863,-71.377,1
67717,"2021-05-16 05:00:02",357070,0,2,1000,64.7833571428571,108.200178571429,8,1.47488929481795,1.29591888643597,3382540.71841931,-36.8542258333487,-71.3655132206251,2236.07,"Chillán, Nevados de",-36.863,-71.377,1
67718,"2021-05-16 05:24:04",357070,0,4,750,28.3896813654412,103.519309686163,7,5.07841670976241,1.23234611606595,42619269.7663988,-36.8653727482343,-71.37146525187,1060.66,"Chillán, Nevados de",-36.863,-71.377,1
67719,"2021-05-16 06:12:03",357070,0,3,750,44.5756440036567,-83.7075301289909,8,4.74340057315926,1.35134903398294,37588171.1184977,-36.8653727482343,-71.37146525187,1500,"Chillán, Nevados de",-36.863,-71.377,1
67720,"2021-05-16 06:40:02",357070,0,2,1000,59.7468723404257,-86.0069361702128,10,2.3695904299406,1.6196891819617,14173133.5868012,-36.8638977275387,-71.3321624479089,4000,"Chillán, Nevados de",-36.863,-71.377,1
67721,"2021-05-17 04:05:01",357070,0,1,1000,43.4186903729404,-104.151188204683,7,3.59328168961359,1.46009380893819,40317250.9447651,-36.8720158634551,-71.3772794423447,2236.07,"Chillán, Nevados de",-36.863,-71.377,1
67722,"2021-05-17 05:06:04",357070,0,4,750,49.0286669041239,106.480095619984,11,7.36236621669897,1.95373334958692,59934412.9586853,-36.8652046152475,-71.379872411859,1677.05,"Chillán, Nevados de",-36.863,-71.377,1
67723,"2021-05-17 05:45:02",357070,0,2,1000,20.4254597956464,101.401661483785,6,2.95546135226052,0.969572539884407,37533298.5539085,-36.8630090110135,-71.377000245322,1414.21,"Chillán, Nevados de",-36.863,-71.377,1
67724,"2021-05-17 05:54:03",357070,0,3,750,20.6270555389494,-80.8422341930352,8,5.29710163472808,1.4428834836227,42709554.8869365,-36.8652046152475,-71.379872411859,1677.05,"Chillán, Nevados de",-36.863,-71.377,1
67725,"2021-05-17 06:42:04",357070,0,4,750,67.3656564942602,-88.5095740216568,11,1.3107380622089,0.759091029914535,6112938.67661194,-36.8653727482343,-71.37146525187,2704.16,"Chillán, Nevados de",-36.863,-71.377,1
67726,"2021-05-18 03:10:01",357070,0,1,1000,45.3831658767771,83.8766824644551,5,1.17097745541931,0.694262300638038,9009916.42536609,-36.8717909712506,-71.3884898966035,2236.07,"Chillán, Nevados de",-36.863,-71.377,1
67727,"2021-05-18 04:48:04",357070,0,4,750,62.050239613069,109.516799552109,14,6.38944224266467,2.90205754228033,38644581.7111339,-36.8650358882635,-71.3882795019841,1677.05,"Chillán, Nevados de",-36.863,-71.377,1
67729,"2021-05-18 06:24:04",357070,0,4,750,56.0499987471849,-85.6697350851322,9,2.26011668409336,1.28623403455919,10791837.1101505,-36.8653727482343,-71.37146525187,2250,"Chillán, Nevados de",-36.863,-71.377,1
67730,"2021-05-18 06:25:02",357070,0,2,1000,49.3402860548271,-84.1744576877236,7,1.57301993480838,1.00196174286244,10792999.8277783,-36.8632327741136,-71.365790980576,2236.07,"Chillán, Nevados de",-36.863,-71.377,1
67731,"2021-05-19 03:50:01",357070,0,1,1000,26.7156983536909,-102.052294211365,5,1.75526111063076,0.917923418998954,15825682.3718411,-36.8720158634551,-71.3772794423447,2236.07,"Chillán, Nevados de",-36.863,-71.377,1
67732,"2021-05-19 05:18:03",357070,0,3,375,37.0673390764517,104.699089922753,8,2.74797864560522,0.711073734224538,5155915.55693235,-36.8685821784274,-71.3799772309783,838.526,"Chillán, Nevados de",-36.863,-71.377,1
67733,"2021-05-19 05:30:02",357070,0,2,1000,38.8387079091619,103.385990602976,4,0.95860435785441,0.659731109362845,5648704.39649058,-36.8722396993981,-71.3660688639861,1414.21,"Chillán, Nevados de",-36.863,-71.377,1
67734,"2021-05-21 03:40:01",357070,0,1,1000,4.73787499999999,-97.6491874999999,4,0.689165878221121,0.510731498499813,3372409.77673272,-36.8630090110135,-71.377000245322,1414.21,"Chillán, Nevados de",-36.863,-71.377,1
67735,"2021-05-21 04:36:03",357070,0,3,750,65.6239915331895,110.694157525793,12,1.55029304950637,1.0888251139986,5113641.56034543,-36.8581115169141,-71.3964754588476,2371.71,"Chillán, Nevados de",-36.863,-71.377,1
67736,"2021-05-21 05:20:02",357070,0,2,1000,51.9400140252455,105.31920056101,2,0.15395205756262,0.133389643607545,388629.623750921,-36.8632327741136,-71.365790980576,1000,"Chillán, Nevados de",-36.863,-71.377,1
67737,"2021-05-21 05:30:04",357070,0,4,375,19.2070889042708,102.439867419162,6,2.08449777325723,0.411955710227094,4233622.09704502,-36.8652046152475,-71.379872411859,530.33,"Chillán, Nevados de",-36.863,-71.377,1
67738,"2021-05-21 06:18:03",357070,0,3,375,50.4333206069511,-84.6265155541379,6,0.397931323736692,0.244914866145587,387322.908277485,-36.8652887559915,-71.3756688405821,1185.85,"Chillán, Nevados de",-36.863,-71.377,1
67740,"2021-05-22 06:00:02",357070,0,2,1000,14.2780057447681,-80.1640951990151,4,0.90645166004923,0.509101467213538,7509918.64459458,-36.8630090110135,-71.377000245322,1414.21,"Chillán, Nevados de",-36.863,-71.377,1
67741,"2021-05-22 06:00:03",357070,0,3,375,29.7128746484771,-81.7901389364067,11,2.74665674702079,0.806989433155562,4909782.88822135,-36.8652887559915,-71.3756688405821,1185.85,"Chillán, Nevados de",-36.863,-71.377,1
67742,"2021-05-22 18:18:03",357070,1,3,750,21.311043523661,81.2059521849055,5,5.61595901362327,0.955720854381022,51641264.1021031,-36.8652046152475,-71.379872411859,1060.66,"Chillán, Nevados de",-36.863,-71.377,1
67743,"2021-05-23 03:25:01",357070,0,1,1000,18.6409118409678,80.5946758859121,6,5.39443006506769,0.794445937663707,86939700.0079352,-36.8630090110135,-71.377000245322,2236.07,"Chillán, Nevados de",-36.863,-71.377,1
67744,"2021-05-23 04:54:04",357070,0,4,750,58.277602697394,108.508369574649,14,10.2252080213173,1.96826277937474,91497274.4622756,-36.8652046152475,-71.379872411859,1677.05,"Chillán, Nevados de",-36.863,-71.377,1
67745,"2021-05-23 05:05:02",357070,0,2,1000,61.1789393939394,107.242323232323,18,6.04567748015644,2.77415194709264,61831832.5749058,-36.8630090110135,-71.377000245322,2828.43,"Chillán, Nevados de",-36.863,-71.377,1
67746,"2021-05-23 05:42:03",357070,0,3,750,1.55914996515028,5.29738988159411,5,7.43576093420616,0.727503289279532,74335880.0278432,-36.8652046152475,-71.379872411859,1060.66,"Chillán, Nevados de",-36.863,-71.377,1
67747,"2021-05-23 06:30:04",357070,0,4,750,60.3648526507404,-86.6064890641941,12,6.11483985651074,1.73559710782184,48527483.7089089,-36.8653727482343,-71.37146525187,2371.71,"Chillán, Nevados de",-36.863,-71.377,1
67748,"2021-05-23 06:45:02",357070,0,2,1000,63.7675630252101,-86.9179271708684,9,1.63217175813154,1.38163192704695,4735202.80749888,-36.8540021430746,-71.3767211723409,2236.07,"Chillán, Nevados de",-36.863,-71.377,1
67749,"2021-05-23 18:00:03",357070,1,3,750,45.0274119935589,83.9094251244781,7,8.93181383960732,1.74657456197226,79621432.7452935,-36.8653727482343,-71.37146525187,1060.66,"Chillán, Nevados de",-36.863,-71.377,1
67750,"2021-05-23 18:54:04",357070,1,4,750,29.7620533347663,-103.969197676107,5,8.48967662011349,1.09374742997298,81956140.3382445,-36.8653727482343,-71.37146525187,1500,"Chillán, Nevados de",-36.863,-71.377,1
67751,"2021-05-24 04:10:01",357070,0,1,1000,49.7676904176903,-105.183304668305,9,3.0070919936591,1.46577853193481,29130824.4265891,-36.8630090110135,-71.377000245322,2236.07,"Chillán, Nevados de",-36.863,-71.377,1
67752,"2021-05-24 04:36:04",357070,0,4,750,68.200455475601,111.564191506346,14,5.47033394636716,2.14976171757912,36796091.0102575,-36.8650358882635,-71.3882795019841,2704.16,"Chillán, Nevados de",-36.863,-71.377,1
67753,"2021-05-24 05:24:03",357070,0,3,750,29.1917213475142,103.736494681309,7,6.90080078341816,1.19856524990517,63187897.5057408,-36.8653727482343,-71.37146525187,1060.66,"Chillán, Nevados de",-36.863,-71.377,1
67754,"2021-05-24 05:50:02",357070,0,2,1000,9.28563680192835,99.8492486942547,7,3.78923056770824,1.0392143865874,51975305.823184,-36.8630090110135,-71.377000245322,1414.21,"Chillán, Nevados de",-36.863,-71.377,1
67755,"2021-05-24 06:12:04",357070,0,4,750,45.3264579868747,-83.7864181272276,11,7.64444149902246,1.83798087604884,64342841.7783264,-36.8653727482343,-71.37146525187,1677.05,"Chillán, Nevados de",-36.863,-71.377,1
67756,"2021-05-25 03:15:01",357070,0,1,1000,37.8557983811626,82.8936718175129,1,0.170715453009061,0.151226124237261,368348.313787023,-36.8627841919951,-71.3882093860254,1000,"Chillán, Nevados de",-36.863,-71.377,1
67757,"2021-05-25 05:06:03",357070,0,3,750,49.5413048926655,106.668925615764,10,5.0772126875666,1.79218245034056,36402241.316261,-36.8652046152475,-71.379872411859,1500,"Chillán, Nevados de",-36.863,-71.377,1
67758,"2021-05-25 05:54:04",357070,0,4,750,21.7604605136158,-80.8602971926315,9,4.00301892005997,1.66604738309249,25896565.8440208,-36.8652046152475,-71.379872411859,1500,"Chillán, Nevados de",-36.863,-71.377,1
67759,"2021-05-25 06:30:02",357070,0,2,1000,54.9659520239881,-85.1033433283359,17,6.06102312167624,3.50748457505704,48261878.5311028,-36.8720158634551,-71.3772794423447,5099.02,"Chillán, Nevados de",-36.863,-71.377,1
67760,"2021-05-25 06:42:03",357070,0,3,750,67.066268500952,-88.439727023218,13,4.29514303524314,2.1689317471808,23561078.8358408,-36.8653727482343,-71.37146525187,2371.71,"Chillán, Nevados de",-36.863,-71.377,1
67761,"2021-05-26 03:55:01",357070,0,1,1000,35.7245851804939,-103.087232425586,9,2.37900695392421,1.55879536623212,15501999.0073804,-36.8630090110135,-71.377000245322,2236.07,"Chillán, Nevados de",-36.863,-71.377,1
67762,"2021-05-26 04:42:03",357070,0,3,750,62.3657286060173,109.6603655489,18,7.40146508185937,3.14845276637486,47128692.7209627,-36.8582807965494,-71.388069177474,2704.16,"Chillán, Nevados de",-36.863,-71.377,1
67763,"2021-05-26 05:35:02",357070,0,2,1000,30.3828106852497,102.419541231127,5,1.37378799140212,0.844300776051767,10007308.3701216,-36.8630090110135,-71.377000245322,1414.21,"Chillán, Nevados de",-36.863,-71.377,1
67764,"2021-05-26 05:36:04",357070,0,4,750,9.16572579513006,101.211470737747,7,2.30804486291789,1.36631400258755,10435555.0960356,-36.8653727482343,-71.37146525187,1060.66,"Chillán, Nevados de",-36.863,-71.377,1
67765,"2021-05-26 06:24:03",357070,0,3,375,55.5085017412624,-85.5560069330806,10,2.49126317888576,0.958289513613457,3880339.59022051,-36.8653727482343,-71.37146525187,1352.08,"Chillán, Nevados de",-36.863,-71.377,1
67766,"2021-05-28 05:00:04",357070,0,4,375,53.8453965388254,107.465534782553,3,0.361948595394798,0.231588412287507,329974.213490329,-36.8651203260042,-71.3840759656699,530.33,"Chillán, Nevados de",-36.863,-71.377,1
67767,"2021-05-28 06:36:04",357070,0,4,375,64.0353102051745,-87.5247089228024,16,2.65804846062343,1.18681567781258,3724057.98148997,-36.8653727482343,-71.37146525187,1677.05,"Chillán, Nevados de",-36.863,-71.377,1
67768,"2021-05-29 02:50:01",357070,0,1,1000,61.456917293233,86.782030075188,5,0.853848933801173,0.742633018886464,2101980.791888,-36.8717909712506,-71.3884898966035,2236.07,"Chillán, Nevados de",-36.863,-71.377,1
67769,"2021-05-29 04:25:01",357070,0,1,1000,63.4477088948787,-108.153773584906,13,2.54751270343024,1.91542521964005,11946453.4436346,-36.8630090110135,-71.377000245322,2828.43,"Chillán, Nevados de",-36.863,-71.377,1
67770,"2021-05-29 04:42:04",357070,0,4,750,65.273927541014,110.509548529919,11,2.23678781295643,1.4737009162038,8455956.67464007,-36.8582807965494,-71.388069177474,2121.32,"Chillán, Nevados de",-36.863,-71.377,1
67771,"2021-05-29 05:30:03",357070,0,3,750,20.1943865486203,102.700240704471,7,4.14717366302292,0.999751885732667,34877367.5695976,-36.8652046152475,-71.379872411859,1677.05,"Chillán, Nevados de",-36.863,-71.377,1
67772,"2021-05-29 06:05:02",357070,0,2,1000,25.0550822942642,-81.3203790523689,7,2.7938852114751,0.866900236958716,36420016.0183596,-36.8630090110135,-71.377000245322,2236.07,"Chillán, Nevados de",-36.863,-71.377,1
67773,"2021-05-29 06:18:04",357070,0,4,750,51.103980857737,-84.7185881063919,12,3.31086437523744,1.49537612167094,20117879.2098338,-36.8652046152475,-71.379872411859,2371.71,"Chillán, Nevados de",-36.863,-71.377,1
67774,"2021-05-30 03:30:01",357070,0,1,1000,7.26769869513638,78.5412020561487,7,2.82361890573132,1.12644523220787,32076582.4295932,-36.8717909712506,-71.3884898966035,2236.07,"Chillán, Nevados de",-36.863,-71.377,1
67775,"2021-05-30 05:10:02",357070,0,2,1000,56.9266007905139,106.259565217391,7,1.21959696842844,1.08968553726866,2455326.04891977,-36.8722396993981,-71.3660688639861,2828.43,"Chillán, Nevados de",-36.863,-71.377,1
67776,"2021-05-30 05:12:03",357070,0,3,750,43.7153500228858,105.676197637953,7,2.16172043122961,1.16182169989181,11080127.816637,-36.8652046152475,-71.379872411859,1060.66,"Chillán, Nevados de",-36.863,-71.377,1
67777,"2021-05-30 06:00:04",357070,0,4,750,30.748431312719,-81.8196301711887,6,3.76333122005771,1.0783244234382,29753231.5650399,-36.8652046152475,-71.379872411859,1500,"Chillán, Nevados de",-36.863,-71.377,1
67778,"2021-05-30 06:48:03",357070,0,3,750,69.2956184511222,-89.1476161892136,11,2.37934292618066,1.3800798861123,11073083.5627576,-36.8587850723726,-71.3628499138233,2704.16,"Chillán, Nevados de",-36.863,-71.377,1
67779,"2021-06-02 04:00:01",357070,0,1,1000,43.2881496062992,-104.184015748032,8,2.47439346105108,1.49530513277387,18504769.4044393,-36.8632327741136,-71.365790980576,2236.07,"Chillán, Nevados de",-36.863,-71.377,1
67780,"2021-06-02 05:06:04",357070,0,4,750,48.8919069071807,106.486063619851,10,9.86914044307709,2.05034581741579,86642017.9456093,-36.8652046152475,-71.379872411859,1500,"Chillán, Nevados de",-36.863,-71.377,1
67781,"2021-06-02 05:45:02",357070,0,2,1000,20.4278527062999,101.399764862467,8,4.66554897990513,1.4400813231717,60961338.7122618,-36.8632327741136,-71.365790980576,1414.21,"Chillán, Nevados de",-36.863,-71.377,1
67782,"2021-06-02 05:54:03",357070,0,3,750,20.8104605348499,-80.8249861934207,8,7.27838856355931,1.61987284682432,62703427.2860697,-36.8652046152475,-71.379872411859,1677.05,"Chillán, Nevados de",-36.863,-71.377,1
67783,"2021-06-02 06:42:04",357070,0,4,750,67.3969314935612,-88.4834660222404,15,6.8194002606286,2.62880708291093,46437010.650584,-36.8653727482343,-71.37146525187,3092.33,"Chillán, Nevados de",-36.863,-71.377,1
67784,"2021-06-04 03:50:01",357070,0,1,1000,26.5885042283297,-102.037415433404,9,2.50125158851407,1.05860323512444,27266053.879064,-36.8720158634551,-71.3772794423447,2236.07,"Chillán, Nevados de",-36.863,-71.377,1
67785,"2021-06-04 05:18:03",357070,0,3,750,36.7464751786523,104.667272660504,10,5.51977655703094,1.28941506555268,46877693.2774436,-36.8719597394271,-71.3800820675666,1500,"Chillán, Nevados de",-36.863,-71.377,1
67786,"2021-06-04 05:30:02",357070,0,2,1000,38.8389514866978,103.382276995305,10,2.43217934510558,1.2926877333184,21536391.4627777,-36.8722396993981,-71.3660688639861,2236.07,"Chillán, Nevados de",-36.863,-71.377,1
67787,"2021-06-04 06:06:04",357070,0,4,750,38.6388141363552,-82.8121071490051,8,3.26607104462958,1.23105790946145,22550489.3040819,-36.8653727482343,-71.37146525187,1677.05,"Chillán, Nevados de",-36.863,-71.377,1
67788,"2021-06-05 02:55:01",357070,0,1,1000,57.0235247524752,85.8665742574258,17,4.37263020085646,2.46324221930138,36087432.851391,-36.8625583170953,-71.3994184021037,5000,"Chillán, Nevados de",-36.863,-71.377,1
67789,"2021-06-05 05:00:03",357070,0,3,750,54.3656587848328,107.645666593932,11,4.67964268891993,1.40316380631132,36307481.6179067,-36.8652046152475,-71.379872411859,1677.05,"Chillán, Nevados de",-36.863,-71.377,1
67790,"2021-06-05 05:48:04",357070,0,4,750,12.0008027317611,-79.7312602178674,7,6.59308498095386,1.05925284675117,61321777.3371336,-36.8721279134616,-71.3716741686415,1060.66,"Chillán, Nevados de",-36.863,-71.377,1
67791,"2021-06-05 06:15:02",357070,0,2,1000,34.5981452104941,-82.3540024405126,11,5.62633712311453,1.43110376921288,79289910.3887413,-36.8630090110135,-71.377000245322,2236.07,"Chillán, Nevados de",-36.863,-71.377,1
67792,"2021-06-05 06:36:03",357070,0,3,750,63.7667035747031,-87.4550330452276,14,6.88286287325389,1.94359625265469,54733248.2395149,-36.8653727482343,-71.37146525187,2371.71,"Chillán, Nevados de",-36.863,-71.377,1
67793,"2021-06-07 02:45:01",357070,0,1,1000,65.1250000000001,87.70895,10,1.68627196978792,1.25382320277138,8173281.69661255,-36.8625583170953,-71.3994184021037,2236.07,"Chillán, Nevados de",-36.863,-71.377,1
67794,"2021-06-08 03:25:01",357070,0,1,1000,18.7234026874727,80.6037407889035,6,2.38349030902719,1.11193229681597,24032446.4307921,-36.8720158634551,-71.3772794423447,2236.07,"Chillán, Nevados de",-36.863,-71.377,1
67795,"2021-06-08 04:54:04",357070,0,4,750,58.2022676990779,108.468109575549,8,2.68493397129706,1.50262588743168,13101451.4543332,-36.8652046152475,-71.379872411859,1677.05,"Chillán, Nevados de",-36.863,-71.377,1
67796,"2021-06-08 05:05:02",357070,0,2,1000,61.1821717171718,107.245227272727,8,1.58196156019483,1.37811860978062,3852631.76282859,-36.8632327741136,-71.365790980576,2236.07,"Chillán, Nevados de",-36.863,-71.377,1
67797,"2021-06-08 05:42:03",357070,0,3,750,1.57602796477303,-0.0483229989198968,4,1.7791495393637,0.792068795520211,10938088.4927156,-36.8652046152475,-71.379872411859,750,"Chillán, Nevados de",-36.863,-71.377,1
67798,"2021-06-08 06:30:04",357070,0,4,750,60.4169756495753,-86.5910220645398,15,4.85386783608673,2.7298742361505,23536504.0792934,-36.8586175742942,-71.3712564047161,2704.16,"Chillán, Nevados de",-36.863,-71.377,1
67799,"2021-06-08 06:45:02",357070,0,2,1000,63.817507082153,-86.9147875354108,7,1.33189675067785,1.10566041067125,4275866.82612459,-36.8634554812588,-71.3545815923702,2236.07,"Chillán, Nevados de",-36.863,-71.377,1
67800,"2021-06-11 05:36:04",357070,0,4,375,8.9693929438748,101.154901634523,3,0.242924263445272,0.200740876165405,106776.699052165,-36.861911180362,-71.3755642236151,838.526,"Chillán, Nevados de",-36.863,-71.377,1
67801,"2021-06-11 14:55:01",357070,1,1,1000,18.2225354533735,80.5860034379031,4,4.52856843600441,1.53140284241926,56646429.7187595,-36.8630090110135,-71.377000245322,2236.07,"Chillán, Nevados de",-36.863,-71.377,1
67802,"2021-06-11 18:48:03",357070,1,3,750,19.9387355543345,-102.859788700905,5,5.97638848108502,1.25372946574203,52332965.2137695,-36.8653727482343,-71.37146525187,1677.05,"Chillán, Nevados de",-36.863,-71.377,1
67803,"2021-06-12 03:00:01",357070,0,1,1000,51.7393885869567,84.8845380434783,15,5.89084202359459,2.8032416306878,58355647.4259384,-36.8625583170953,-71.3994184021037,4000,"Chillán, Nevados de",-36.863,-71.377,1
67804,"2021-06-12 05:18:04",357070,0,4,750,35.9225451970685,104.444490665484,7,6.89945491014137,1.366014105444,61317440.9170527,-36.8652046152475,-71.379872411859,1060.66,"Chillán, Nevados de",-36.863,-71.377,1
67805,"2021-06-12 06:06:03",357070,0,3,750,37.9039501527807,-82.7771851497857,8,8.58315311870148,1.5561514422038,77867962.3276899,-36.8653727482343,-71.37146525187,1060.66,"Chillán, Nevados de",-36.863,-71.377,1
67806,"2021-06-12 06:20:02",357070,0,2,1000,42.6560705289673,-83.2713434089001,11,4.87872320231779,1.94616852969454,55425283.3125795,-36.8634554812588,-71.3545815923702,3162.28,"Chillán, Nevados de",-36.863,-71.377,1
67807,"2021-06-13 03:45:01",357070,0,1,1000,16.1814542415378,-100.692891767656,6,3.03160890332102,1.07177219711864,37040913.747225,-36.8720158634551,-71.3772794423447,1414.21,"Chillán, Nevados de",-36.863,-71.377,1
67808,"2021-06-13 05:25:02",357070,0,2,1000,45.9819095477387,104.369648241206,12,3.29323179814461,1.91717963666405,26007385.8519827,-36.8627841919951,-71.3882093860254,2236.07,"Chillán, Nevados de",-36.863,-71.377,1
67809,"2021-06-13 05:48:03",357070,0,3,375,10.964631213671,-79.8004349848054,3,0.516121355994661,0.227863211407827,729653.428485423,-36.8686663294419,-71.3757734749843,1060.66,"Chillán, Nevados de",-36.863,-71.377,1
67810,"2021-06-14 04:42:04",357070,0,4,375,65.111387302323,110.485129793101,22,2.48951787606706,0.727918127483296,4459049.36360267,-36.8617427709321,-71.383970979333,2186.61,"Chillán, Nevados de",-36.863,-71.377,1
67811,"2021-06-14 05:30:03",357070,0,3,750,20.0111495527159,102.715566704128,5,1.59399011240899,0.523811874086292,11858912.6034134,-36.8652046152475,-71.379872411859,750,"Chillán, Nevados de",-36.863,-71.377,1
67812,"2021-06-14 06:05:02",357070,0,2,1000,25.101664190193,-81.3240118870728,6,2.38721694254969,1.01034120286817,26022951.4799806,-36.8630090110135,-71.377000245322,2000,"Chillán, Nevados de",-36.863,-71.377,1
67813,"2021-06-14 06:18:04",357070,0,4,750,51.1877108558655,-84.7229931062935,9,1.9929682789384,0.796142969398304,13262320.4613412,-36.8719597394271,-71.3800820675666,2371.71,"Chillán, Nevados de",-36.863,-71.377,1
67814,"2021-06-15 03:30:01",357070,0,1,1000,7.25559857763726,78.536290003951,6,3.00964477907963,0.984961170902056,38266520.1945561,-36.8630090110135,-71.377000245322,1414.21,"Chillán, Nevados de",-36.863,-71.377,1
67815,"2021-06-15 05:10:02",357070,0,2,1000,56.9430374753452,106.262209072978,7,0.669221010695389,0.528878574089475,2652472.05185177,-36.8627841919951,-71.3882093860254,2236.07,"Chillán, Nevados de",-36.863,-71.377,1
67816,"2021-06-15 05:12:03",357070,0,3,750,43.5814580258785,105.659536638325,8,2.05857818777572,0.74618732671408,14542931.2291393,-36.8652046152475,-71.379872411859,1060.66,"Chillán, Nevados de",-36.863,-71.377,1
67817,"2021-06-15 06:00:04",357070,0,4,375,30.8752378174981,-81.8634448036798,9,0.346647744105666,0.170156553401054,446743.32647105,-36.8652887559915,-71.3756688405821,1060.66,"Chillán, Nevados de",-36.863,-71.377,1
67818,"2021-06-15 06:48:03",357070,0,3,375,69.8351773467834,-89.2848400214867,10,0.493007234252177,0.326701513330438,420961.356083152,-36.8690014482874,-71.3589582769328,2281.04,"Chillán, Nevados de",-36.863,-71.377,1
67819,"2021-06-15 14:35:01",357070,1,1,1000,21.2561973094169,101.585766816143,4,5.59582228280959,1.16181139041143,83802805.8663252,-36.8630090110135,-71.377000245322,1000,"Chillán, Nevados de",-36.863,-71.377,1
67820,"2021-06-16 04:15:01",357070,0,1,1000,55.091393568147,-106.151638591118,2,0.338782963037744,0.295388097451772,820162.959574867,-36.8630090110135,-71.377000245322,1000,"Chillán, Nevados de",-36.863,-71.377,1
67821,"2021-06-16 04:54:03",357070,0,3,375,58.483729950468,108.605942676933,12,2.86907000145558,1.05313389593783,4596588.26709181,-36.8651203260042,-71.3840759656699,1352.08,"Chillán, Nevados de",-36.863,-71.377,1
67822,"2021-06-16 05:42:04",357070,0,4,750,1.96954195597731,-36.6645881804826,3,2.5199562561474,0.451922751752802,22916396.2705726,-36.8652046152475,-71.379872411859,750,"Chillán, Nevados de",-36.863,-71.377,1
67823,"2021-06-16 05:55:02",357070,0,2,1000,2.6318701399689,-73.9904237947124,5,1.11924870558752,0.583202885107652,10131266.0070695,-36.8630090110135,-71.377000245322,1414.21,"Chillán, Nevados de",-36.863,-71.377,1
67824,"2021-06-16 06:30:03",357070,0,3,750,60.0771426571712,-86.5523960654031,11,4.9543028631633,1.60527941301306,37111366.1069773,-36.8653727482343,-71.37146525187,2371.71,"Chillán, Nevados de",-36.863,-71.377,1
67825,"2021-06-17 03:20:01",357070,0,1,1000,29.0066368214886,81.8552042529378,6,2.32195634381438,0.932943052458291,26252351.2066301,-36.8720158634551,-71.3772794423447,2236.07,"Chillán, Nevados de",-36.863,-71.377,1
67826,"2021-06-17 04:30:03",357070,0,3,750,68.3970334712071,111.679465503769,15,4.39753696131674,2.07725366571396,25711639.2693984,-36.8582807965494,-71.388069177474,2704.16,"Chillán, Nevados de",-36.863,-71.377,1
67827,"2021-06-17 05:00:02",357070,0,2,1000,64.8089679715302,108.198291814947,15,2.69366366691307,2.16250748216838,10038851.8916746,-36.8537773972255,-71.3879290000715,2828.43,"Chillán, Nevados de",-36.863,-71.377,1
67828,"2021-06-17 05:24:04",357070,0,4,750,28.0791383723823,103.478397687078,5,3.32415959153264,0.855728764283981,27353299.1044492,-36.8652046152475,-71.379872411859,1060.66,"Chillán, Nevados de",-36.863,-71.377,1
67829,"2021-06-17 06:12:03",357070,0,3,750,44.8381459977893,-83.7230231286446,8,3.70098891145592,1.23565999763273,27318926.0263032,-36.8652046152475,-71.379872411859,1677.05,"Chillán, Nevados de",-36.863,-71.377,1
67830,"2021-06-17 06:40:02",357070,0,2,1000,59.790129032258,-85.9997849462366,15,3.12354719449277,2.1379630900831,18627539.5733428,-36.8722396993981,-71.3660688639861,2828.43,"Chillán, Nevados de",-36.863,-71.377,1
67831,"2021-06-18 04:00:01",357070,0,1,1000,43.3656744995649,-104.142619669278,14,3.72878672547231,2.16505417278531,29554545.2457841,-36.8630090110135,-71.377000245322,2828.43,"Chillán, Nevados de",-36.863,-71.377,1
67832,"2021-06-18 05:06:04",357070,0,4,750,48.8000669092335,106.486861619833,11,5.70443630503056,1.71377438469088,44221522.4047641,-36.858449482348,-71.3796628260149,1677.05,"Chillán, Nevados de",-36.863,-71.377,1
67833,"2021-06-18 05:45:02",357070,0,2,1000,20.4369285397247,101.400918774967,8,3.91231518683848,1.14976269538432,52212242.0884838,-36.8630090110135,-71.377000245322,1414.21,"Chillán, Nevados de",-36.863,-71.377,1
67834,"2021-06-18 05:54:03",357070,0,3,750,21.0573705293311,-80.8549671927506,6,4.88833459310329,1.01884659074049,42878763.9261828,-36.8653727482343,-71.37146525187,1060.66,"Chillán, Nevados de",-36.863,-71.377,1
67835,"2021-06-18 06:42:04",357070,0,4,750,67.4571457144375,-88.4778313556996,13,3.83144797913351,1.93890057997225,20971790.8669556,-36.8653727482343,-71.37146525187,2704.16,"Chillán, Nevados de",-36.863,-71.377,1
67836,"2021-06-18 18:12:03",357070,1,3,750,30.013408329148,82.0580081658605,6,8.84561093569276,1.55498712117143,80789225.1446645,-36.8653727482343,-71.37146525187,1060.66,"Chillán, Nevados de",-36.863,-71.377,1
67837,"2021-06-19 03:05:01",357070,0,1,1000,45.4363282732446,83.8837001897536,14,6.45367684877014,2.35975163159067,77375186.604692,-36.8630090110135,-71.377000245322,2828.43,"Chillán, Nevados de",-36.863,-71.377,1
67838,"2021-06-19 04:48:04",357070,0,4,750,61.9160276160689,109.485796552802,15,9.71747618691772,2.16274594570124,83715854.4854801,-36.8582807965494,-71.388069177474,2121.32,"Chillán, Nevados de",-36.863,-71.377,1
67839,"2021-06-19 05:36:03",357070,0,3,750,9.98635077678766,101.677828727323,7,8.13478643503137,1.08387742943564,78132885.4182577,-36.8652046152475,-71.379872411859,1500,"Chillán, Nevados de",-36.863,-71.377,1
67840,"2021-06-19 06:24:04",357070,0,4,750,56.1967417439049,-85.669743085132,9,4.97592301045189,1.38581061322614,39782933.0017578,-36.8653727482343,-71.37146525187,1677.05,"Chillán, Nevados de",-36.863,-71.377,1
67841,"2021-06-19 06:25:02",357070,0,2,1000,49.3826634958381,-84.1664684898931,15,4.70021679131028,2.24080389007467,46482903.833353,-36.8634554812588,-71.3545815923702,4123.11,"Chillán, Nevados de",-36.863,-71.377,1
67842,"2021-06-19 17:54:03",357070,1,3,750,50.6727198673764,84.8175451041801,8,8.44390029933731,1.71168293278461,74601383.6931121,-36.8653727482343,-71.37146525187,1060.66,"Chillán, Nevados de",-36.863,-71.377,1
67843,"2021-06-19 18:48:04",357070,1,4,750,21.1598665270401,-103.12572769496,4,7.02472569553961,0.980015716183535,66982942.4587395,-36.8653727482343,-71.37146525187,1500,"Chillán, Nevados de",-36.863,-71.377,1
67844,"2021-06-20 03:50:01",357070,0,1,1000,26.6475224511357,-102.041790808241,8,4.07610392976958,1.24733527975848,53463727.4852098,-36.8720158634551,-71.3772794423447,2000,"Chillán, Nevados de",-36.863,-71.377,1
67845,"2021-06-20 05:18:03",357070,0,3,750,36.5375921833212,104.635863661206,11,6.36041365913894,1.68528546672703,51806264.2821645,-36.8652046152475,-71.379872411859,1677.05,"Chillán, Nevados de",-36.863,-71.377,1
67846,"2021-06-20 05:30:02",357070,0,2,1000,38.8716991426344,103.386679657054,13,5.02359231741968,1.9830287851691,57466650.7595359,-36.8630090110135,-71.377000245322,2236.07,"Chillán, Nevados de",-36.863,-71.377,1
67847,"2021-06-20 06:06:04",357070,0,4,750,38.7681481334643,-82.8246511487247,9,5.31564471641575,1.44772670224638,42861366.4945142,-36.8652046152475,-71.379872411859,2250,"Chillán, Nevados de",-36.863,-71.377,1
67848,"2021-06-21 02:55:01",357070,0,1,1000,56.99750499002,85.8628143712575,16,4.81857322433042,2.72144318870458,39635757.6733285,-36.8720158634551,-71.3772794423447,2828.43,"Chillán, Nevados de",-36.863,-71.377,1
67849,"2021-06-21 05:00:03",357070,0,3,750,54.2911437864983,107.624796594398,13,6.72714967614931,1.81446049980102,54438736.9354095,-36.8652046152475,-71.379872411859,1677.05,"Chillán, Nevados de",-36.863,-71.377,1
67850,"2021-06-21 05:48:04",357070,0,4,750,12.1225037290409,-79.7351662177801,9,4.99204249033464,1.39811186684865,39825243.7215041,-36.8652046152475,-71.379872411859,1500,"Chillán, Nevados de",-36.863,-71.377,1
67851,"2021-06-21 06:15:02",357070,0,2,1000,34.5887232742821,-82.3440989615151,10,4.40305884533424,1.40511531797959,56661132.6670028,-36.8632327741136,-71.365790980576,2236.07,"Chillán, Nevados de",-36.863,-71.377,1
67852,"2021-06-21 06:36:03",357070,0,3,750,63.8735345723152,-87.5175140438311,14,4.13007943504484,1.78621205473431,25972980.4080661,-36.8655402872085,-71.3630580222628,2371.71,"Chillán, Nevados de",-36.863,-71.377,1
67853,"2021-06-22 03:40:01",357070,0,1,1000,4.67796874999999,-97.5695078125002,1,0.0366244178000497,0.0309372581452116,107487.317476441,-36.8630090110135,-71.377000245322,0,"Chillán, Nevados de",-36.863,-71.377,1
67854,"2021-06-22 06:18:03",357070,0,3,375,50.691534194301,-84.6682747998029,3,0.080466625759768,0.0554936069311293,63212.9539099916,-36.8652887559915,-71.3756688405821,530.33,"Chillán, Nevados de",-36.863,-71.377,1
67855,"2021-06-23 02:40:01",357070,0,1,1000,65.1188636363637,87.7227272727273,4,0.855753720884087,0.741652006612103,2156522.3997405,-36.8715650228213,-71.3997002261797,2236.07,"Chillán, Nevados de",-36.863,-71.377,1
67856,"2021-06-23 04:20:01",357070,0,1,1000,59.6131236442515,-107.171887201735,4,0.670153834672725,0.565968797087102,1969097.21036828,-36.8717909712506,-71.3884898966035,2828.43,"Chillán, Nevados de",-36.863,-71.377,1
67857,"2021-06-24 03:25:01",357070,0,1,1000,18.6856704152247,80.6022534602079,3,0.423557709978403,0.352239648512904,1347911.36169794,-36.8630090110135,-71.377000245322,1414.21,"Chillán, Nevados de",-36.863,-71.377,1
67858,"2021-06-24 04:54:04",357070,0,4,375,58.045939954373,108.44228027182,7,1.00058592916585,0.45618411444748,1378017.09350587,-36.861911180362,-71.3755642236151,1060.66,"Chillán, Nevados de",-36.863,-71.377,1
67859,"2021-06-24 05:42:03",357070,0,3,375,1.1416767242179,-21.484050138654,7,0.911992180436436,0.510255789013434,1016895.24078947,-36.8585336025536,-71.3754596240801,1185.85,"Chillán, Nevados de",-36.863,-71.377,1
67860,"2021-06-25 05:50:02",357070,0,2,1000,9.31036443732465,99.8569002803363,4,0.368990486817693,0.287222947962726,1545406.48435887,-36.8540021430746,-71.3767211723409,1414.21,"Chillán, Nevados de",-36.863,-71.377,1
67861,"2021-06-26 03:15:01",357070,0,1,1000,37.8862674504042,82.9039162380603,11,1.91456121917024,0.921691090131774,18765245.438827,-36.8627841919951,-71.3882093860254,2236.07,"Chillán, Nevados de",-36.863,-71.377,1
67862,"2021-06-26 05:06:03",357070,0,3,750,49.3082748978741,106.621080616833,10,2.41659525758137,0.904290704519016,16758224.8286222,-36.8652046152475,-71.379872411859,1677.05,"Chillán, Nevados de",-36.863,-71.377,1
67863,"2021-06-26 05:54:04",357070,0,4,750,22.066558506774,-80.8600001926381,6,1.96545889254864,0.511275350623601,16114171.3739569,-36.8652046152475,-71.379872411859,1500,"Chillán, Nevados de",-36.863,-71.377,1
67864,"2021-06-26 06:30:02",357070,0,2,1000,55.0130357142856,-85.1081994047619,11,2.23844401331078,1.03292231241408,22784360.1469477,-36.8634554812588,-71.3545815923702,4123.11,"Chillán, Nevados de",-36.863,-71.377,1
67865,"2021-06-26 06:42:03",357070,0,3,750,67.1831444983397,-88.4314730234025,13,2.16836155799705,1.12314835573439,11582268.7975731,-36.8653727482343,-71.37146525187,2704.16,"Chillán, Nevados de",-36.863,-71.377,1
67866,"2021-06-27 03:55:01",357070,0,1,1000,35.7172986683576,-103.082530120482,5,1.43738758476501,0.471923521677274,18247270.7923582,-36.8630090110135,-71.377000245322,1414.21,"Chillán, Nevados de",-36.863,-71.377,1
67867,"2021-06-27 04:48:03",357070,0,3,750,62.2224726092193,109.65273554907,14,3.08783489440584,1.46656764041572,17965667.758278,-36.8650358882635,-71.3882795019841,2704.16,"Chillán, Nevados de",-36.863,-71.377,1
67868,"2021-06-27 05:35:02",357070,0,2,1000,30.4319721577728,102.426032482599,5,1.61675213851834,0.509373859726832,20929449.4691594,-36.8630090110135,-71.377000245322,1414.21,"Chillán, Nevados de",-36.863,-71.377,1
67869,"2021-06-27 05:36:04",357070,0,4,750,8.86370480188075,101.161715738859,5,2.65078452889024,0.561475643885306,23152154.0819609,-36.8652046152475,-71.379872411859,1500,"Chillán, Nevados de",-36.863,-71.377,1
67870,"2021-06-27 06:24:03",357070,0,3,750,55.810504752538,-85.6217450862048,9,2.84873932384952,1.04751201080623,19959850.162661,-36.8653727482343,-71.37146525187,1677.05,"Chillán, Nevados de",-36.863,-71.377,1
67871,"2021-06-28 03:00:01",357070,0,1,1000,51.7191020408165,84.8779455782313,11,2.87298736311037,1.50775586618674,25802875.2918566,-36.8715650228213,-71.3997002261797,3605.55,"Chillán, Nevados de",-36.863,-71.377,1
67872,"2021-06-28 05:18:04",357070,0,4,750,35.8128301995208,104.427772665857,8,4.37735205794607,0.968015924024138,37779706.0340225,-36.8652046152475,-71.379872411859,1060.66,"Chillán, Nevados de",-36.863,-71.377,1
67873,"2021-06-28 06:06:03",357070,0,3,750,38.1318661476864,-82.8066191491278,7,3.44042603270492,0.976339251599121,27305161.6431287,-36.8652046152475,-71.379872411859,1677.05,"Chillán, Nevados de",-36.863,-71.377,1
67874,"2021-06-28 06:20:02",357070,0,2,1000,42.6208619246861,-83.2678744769874,8,2.35836700717799,1.09494529405061,23878670.3781075,-36.8630090110135,-71.377000245322,2236.07,"Chillán, Nevados de",-36.863,-71.377,1
67875,"2021-06-28 17:36:04",357070,1,4,750,63.3860685832109,87.5444990432279,12,14.6897381805123,2.45181246821288,135611514.299418,-36.8717909712506,-71.3884898966035,2371.71,"Chillán, Nevados de",-36.863,-71.377,1
67876,"2021-06-28 18:20:02",357070,1,2,1000,37.609711815562,82.8381556195965,5,4.88003377511791,1.21374624051704,69292834.4039564,-36.8717909712506,-71.3884898966035,2236.07,"Chillán, Nevados de",-36.863,-71.377,1
67877,"2021-06-28 19:18:04",357070,1,4,750,54.9347477721127,-107.778451590964,7,6.50083919302069,1.48111302721537,55624840.5748302,-36.8653727482343,-71.37146525187,1677.05,"Chillán, Nevados de",-36.863,-71.377,1
67878,"2021-06-29 03:45:01",357070,0,1,1000,16.1942928660825,-100.693775552774,9,4.35755484199929,1.32708510298965,57275878.0672821,-36.8630090110135,-71.377000245322,2236.07,"Chillán, Nevados de",-36.863,-71.377,1
67879,"2021-06-29 05:00:04",357070,0,4,750,53.8010997974517,107.431969598708,12,8.85222872838676,1.88061712942992,77254171.0309405,-36.8652046152475,-71.379872411859,1677.05,"Chillán, Nevados de",-36.863,-71.377,1
67880,"2021-06-29 05:25:02",357070,0,2,1000,46.0478846153845,104.380141700405,13,3.00478364781795,2.01527993616273,18701620.1502837,-36.8632327741136,-71.365790980576,2828.43,"Chillán, Nevados de",-36.863,-71.377,1
67881,"2021-06-29 05:48:03",357070,0,3,750,11.2058527495297,-79.7848972166685,8,5.27846595107469,1.41102370652012,42856094.3724704,-36.8652046152475,-71.379872411859,1060.66,"Chillán, Nevados de",-36.863,-71.377,1
67882,"2021-06-29 06:36:04",357070,0,4,750,64.2223455645187,-87.5749560425472,14,6.49286101200107,2.31301118793434,46317960.8629395,-36.8655402872085,-71.3630580222628,3000,"Chillán, Nevados de",-36.863,-71.377,1
67883,"2021-06-30 02:50:01",357070,0,1,1000,61.4558778625953,86.7829007633587,12,2.66646737379743,1.59949319768307,20165811.9285614,-36.8627841919951,-71.3882093860254,3000,"Chillán, Nevados de",-36.863,-71.377,1
67884,"2021-06-30 04:42:04",357070,0,4,750,65.1865405429673,110.481589530544,14,1.29566059226088,0.829696454367882,5163465.10302675,-36.8582807965494,-71.388069177474,2371.71,"Chillán, Nevados de",-36.863,-71.377,1
67885,"2021-06-30 05:30:03",357070,0,3,750,19.762708558269,102.633940705953,9,1.10504103975848,0.592080427799374,5684244.78127181,-36.8652046152475,-71.379872411859,1060.66,"Chillán, Nevados de",-36.863,-71.377,1
67886,"2021-06-30 06:05:02",357070,0,2,1000,25.0163990147782,-81.3220098522166,6,1.07095020192367,0.457163842916104,11600562.185243,-36.8632327741136,-71.365790980576,1414.21,"Chillán, Nevados de",-36.863,-71.377,1
67887,"2021-06-30 06:18:04",357070,0,4,750,51.2687728540536,-84.74641610577,8,1.44114328865535,0.732672297147271,7850744.17464888,-36.8653727482343,-71.37146525187,1677.05,"Chillán, Nevados de",-36.863,-71.377,1
67888,"2021-07-01 03:30:01",357070,0,1,1000,7.2552254746835,78.5344659810126,5,2.18865310608841,0.745194381702637,27281369.8908911,-36.8720158634551,-71.3772794423447,1414.21,"Chillán, Nevados de",-36.863,-71.377,1
67889,"2021-07-01 05:10:02",357070,0,2,1000,57.0060671936757,106.268458498024,13,2.48071701085337,1.92776142365199,10450860.598106,-36.8722396993981,-71.3660688639861,2828.43,"Chillán, Nevados de",-36.863,-71.377,1
67890,"2021-07-01 05:12:03",357070,0,3,750,43.445026028928,105.621703639171,6,1.90805624897622,0.944857676919452,10673444.1766041,-36.8652046152475,-71.379872411859,1060.66,"Chillán, Nevados de",-36.863,-71.377,1
67891,"2021-07-01 06:00:04",357070,0,4,750,30.9985753071278,-81.8522431704598,8,3.02658004150126,1.336621323257,18726855.0465442,-36.8652046152475,-71.379872411859,1677.05,"Chillán, Nevados de",-36.863,-71.377,1
67892,"2021-07-01 06:48:03",357070,0,3,375,69.8706897677481,-89.2983933797479,26,6.47079009671918,2.21869160152775,10763124.3159533,-36.8653727482343,-71.37146525187,2121.32,"Chillán, Nevados de",-36.863,-71.377,1
67893,"2021-07-02 04:15:01",357070,0,1,1000,55.0951371951219,-106.149207317073,13,2.24402993716565,1.52584469342847,13573701.1066327,-36.8630090110135,-71.377000245322,2828.43,"Chillán, Nevados de",-36.863,-71.377,1
67894,"2021-07-02 04:54:03",357070,0,3,750,58.4715386930592,108.60942057239,13,4.62148775718107,1.40592189924009,35632489.1633085,-36.8650358882635,-71.3882795019841,2250,"Chillán, Nevados de",-36.863,-71.377,1
67895,"2021-07-02 05:42:04",357070,0,4,750,2.03834995443933,-39.9742701065054,7,3.35179391909256,0.735925151041647,28987095.7859642,-36.8653727482343,-71.37146525187,1060.66,"Chillán, Nevados de",-36.863,-71.377,1
67896,"2021-07-02 05:55:02",357070,0,2,1000,2.52870377578824,-73.1467419229273,5,1.870694846295,0.467471130493074,26520928.2286563,-36.8630090110135,-71.377000245322,1414.21,"Chillán, Nevados de",-36.863,-71.377,1
67897,"2021-07-02 06:30:03",357070,0,3,750,60.1530016554756,-86.5528470653931,10,2.21582260821163,1.00586100345833,13407887.0326725,-36.8653727482343,-71.37146525187,1677.05,"Chillán, Nevados de",-36.863,-71.377,1
67898,"2021-07-03 03:20:01",357070,0,1,1000,29.0175867861143,81.857541993281,8,2.65823710433901,1.2473358483012,26666033.7391147,-36.8630090110135,-71.377000245322,2236.07,"Chillán, Nevados de",-36.863,-71.377,1
67899,"2021-07-03 04:30:03",357070,0,3,750,68.3295784727149,111.671060503957,18,6.50193043385613,3.08868922831316,37822979.108923,-36.8582807965494,-71.388069177474,3092.33,"Chillán, Nevados de",-36.863,-71.377,1
67900,"2021-07-03 05:00:02",357070,0,2,1000,64.8460431654676,108.207553956835,14,3.48846351227264,2.47226738317609,19206106.8399248,-36.8540021430746,-71.3767211723409,2828.43,"Chillán, Nevados de",-36.863,-71.377,1
67901,"2021-07-03 05:24:04",357070,0,4,750,28.0175653737586,103.431798688119,7,3.4485721436379,1.23758193507763,24500535.2486084,-36.8652046152475,-71.379872411859,1677.05,"Chillán, Nevados de",-36.863,-71.377,1
67902,"2021-07-03 06:12:03",357070,0,3,750,45.0188409937505,-83.7604031278091,6,2.75332783141492,1.06215529411467,18740305.6789584,-36.8652046152475,-71.379872411859,1060.66,"Chillán, Nevados de",-36.863,-71.377,1
67903,"2021-07-03 06:40:02",357070,0,2,1000,59.7636324786325,-85.9939743589744,10,2.39047821027302,1.69095084457581,13221067.2116772,-36.8632327741136,-71.365790980576,2236.07,"Chillán, Nevados de",-36.863,-71.377,1
67904,"2021-07-04 04:00:01",357070,0,1,1000,43.3547318339101,-104.141228373702,11,4.26801053407067,1.79249978806996,46787153.0994135,-36.8632327741136,-71.365790980576,3000,"Chillán, Nevados de",-36.863,-71.377,1
67905,"2021-07-04 05:06:04",357070,0,4,750,48.7536839102702,106.455270620539,12,5.25475266259923,2.04057841821258,35617068.3456096,-36.8652046152475,-71.379872411859,1677.05,"Chillán, Nevados de",-36.863,-71.377,1
67906,"2021-07-04 05:45:02",357070,0,2,1000,20.5083377659573,101.409906914894,6,4.43008296196826,0.9223734571357,66295709.6413353,-36.8630090110135,-71.377000245322,1414.21,"Chillán, Nevados de",-36.863,-71.377,1
67907,"2021-07-04 05:54:03",357070,0,3,750,21.3033315238334,-80.9183191913346,6,4.87688058052236,1.07323760214541,42149118.7541397,-36.8653727482343,-71.37146525187,1060.66,"Chillán, Nevados de",-36.863,-71.377,1
67908,"2021-07-05 03:05:01",357070,0,1,1000,45.453083491461,83.891043643264,11,3.96434792047046,1.69743391992532,42844674.6103031,-36.8630090110135,-71.377000245322,3000,"Chillán, Nevados de",-36.863,-71.377,1
67909,"2021-07-05 04:48:04",357070,0,4,750,61.8880236166948,109.457347553438,13,7.3330103566392,2.09221435619689,58074570.6799014,-36.8582807965494,-71.388069177474,2371.71,"Chillán, Nevados de",-36.863,-71.377,1
67910,"2021-07-05 05:36:03",357070,0,3,750,9.74454578219242,101.536913730473,6,10.4338244777037,1.07665556189378,103689128.048319,-36.8652046152475,-71.379872411859,1060.66,"Chillán, Nevados de",-36.863,-71.377,1
67911,"2021-07-05 06:24:04",357070,0,4,750,56.2692117422851,-85.6990850844761,9,8.69260629395462,1.55896364448975,79049677.6093826,-36.8653727482343,-71.37146525187,1677.05,"Chillán, Nevados de",-36.863,-71.377,1
67912,"2021-07-05 06:25:02",357070,0,2,1000,49.3707227488151,-84.1642417061613,16,7.00547423023448,2.60909236683699,83091617.2182124,-36.8630090110135,-71.377000245322,4123.11,"Chillán, Nevados de",-36.863,-71.377,1
67913,"2021-07-06 03:50:01",357070,0,1,1000,26.6311627906976,-102.039529598309,7,3.9379993606823,1.04182391612826,54737715.9020715,-36.8630090110135,-71.377000245322,1414.21,"Chillán, Nevados de",-36.863,-71.377,1
67914,"2021-07-06 05:18:03",357070,0,3,750,36.3249581880739,104.606191661869,10,6.64254633148536,1.69287874356281,54848503.9586667,-36.8652046152475,-71.379872411859,1677.05,"Chillán, Nevados de",-36.863,-71.377,1
67915,"2021-07-06 05:30:02",357070,0,2,1000,38.899,103.392093023256,8,4.31776307113916,1.25224874919461,57938220.6847519,-36.8630090110135,-71.377000245322,2236.07,"Chillán, Nevados de",-36.863,-71.377,1
67916,"2021-07-06 06:06:04",357070,0,4,750,38.8963291305993,-82.8654671478124,7,4.55626137305985,0.993988114260123,39474440.5490745,-36.8653727482343,-71.37146525187,1060.66,"Chillán, Nevados de",-36.863,-71.377,1
67917,"2021-07-06 17:36:03",357070,1,3,750,63.7179645757925,87.5540110430153,8,8.10664654306696,1.62996302211313,71769749.2665696,-36.8652046152475,-71.379872411859,1677.05,"Chillán, Nevados de",-36.863,-71.377,1
67918,"2021-07-06 18:30:04",357070,1,4,750,9.63695678459723,80.5678771991676,5,6.86501632257562,1.27485323300981,61945994.7362511,-36.8652046152475,-71.379872411859,1060.66,"Chillán, Nevados de",-36.863,-71.377,1
67920,"2021-07-07 05:00:03",357070,0,3,750,54.1680407892499,107.607366594788,13,5.73785515185914,1.6224553364386,45603774.2046288,-36.8650358882635,-71.3882795019841,1677.05,"Chillán, Nevados de",-36.863,-71.377,1
67921,"2021-07-07 05:48:04",357070,0,4,750,12.2430667263461,-79.6799552190142,6,6.16733775367184,1.09862989156527,56167618.9969684,-36.8652046152475,-71.379872411859,1060.66,"Chillán, Nevados de",-36.863,-71.377,1
67922,"2021-07-07 06:15:02",357070,0,2,1000,34.5989798411727,-82.3450030543679,9,4.69451614944008,1.45615851393538,61204959.3110389,-36.8632327741136,-71.365790980576,2236.07,"Chillán, Nevados de",-36.863,-71.377,1
67923,"2021-07-07 06:36:03",357070,0,3,750,63.9561565704685,-87.4991000442427,10,3.52818934952055,1.63433764995926,20986244.1457635,-36.8653727482343,-71.37146525187,1677.05,"Chillán, Nevados de",-36.863,-71.377,1
67924,"2021-07-10 03:25:01",357070,0,1,1000,18.7348918685119,80.6072404844293,7,2.9116869133141,0.655413074667954,42643575.5504122,-36.8720158634551,-71.3772794423447,1414.21,"Chillán, Nevados de",-36.863,-71.377,1
67925,"2021-07-10 04:54:04",357070,0,4,750,58.0990787013844,108.478140575325,9,3.87547150173227,0.956263160397496,32348477.432416,-36.8652046152475,-71.379872411859,1677.05,"Chillán, Nevados de",-36.863,-71.377,1
67926,"2021-07-10 05:05:02",357070,0,2,1000,61.2013350125944,107.239924433249,14,2.44379861868418,1.56078889996183,16688883.6838524,-36.8634554812588,-71.3545815923702,2828.43,"Chillán, Nevados de",-36.863,-71.377,1
67927,"2021-07-10 05:42:03",357070,0,3,750,1.6828799623847,-16.1426406391839,7,3.94039747988121,0.764962561086171,35187788.1938976,-36.8652046152475,-71.379872411859,1060.66,"Chillán, Nevados de",-36.863,-71.377,1
67928,"2021-07-10 06:30:04",357070,0,4,750,60.5453316467064,-86.6419890634006,14,3.69821205102977,1.52118911168625,24124135.4466004,-36.8655402872085,-71.3630580222628,2371.71,"Chillán, Nevados de",-36.863,-71.377,1
67929,"2021-07-10 06:45:02",357070,0,2,1000,63.8309831460675,-86.9122191011236,14,2.23676892978368,1.64292256589056,11223696.27758,-36.8544484680111,-71.3543051455064,2828.43,"Chillán, Nevados de",-36.863,-71.377,1
67930,"2021-07-10 18:00:03",357070,1,3,750,44.6282400024811,83.8583031256208,7,10.5488315168545,1.53760914346399,99855607.925134,-36.8652046152475,-71.379872411859,1060.66,"Chillán, Nevados de",-36.863,-71.377,1
67931,"2021-07-11 04:10:01",357070,0,1,1000,49.7310866910866,-105.173565323565,10,3.2556740685644,1.47952456914975,33569225.5389369,-36.8632327741136,-71.365790980576,2828.43,"Chillán, Nevados de",-36.863,-71.377,1
67932,"2021-07-11 04:36:04",357070,0,4,750,68.072768478455,111.537720506938,19,6.95202207337172,2.76440293576984,46404054.5685508,-36.8652046152475,-71.379872411859,3092.33,"Chillán, Nevados de",-36.863,-71.377,1
67933,"2021-07-11 05:24:03",357070,0,3,750,28.6264753601484,103.658693683048,10,4.34431338975263,1.50394601464844,31474820.9753733,-36.8653727482343,-71.37146525187,1677.05,"Chillán, Nevados de",-36.863,-71.377,1
67934,"2021-07-11 05:50:02",357070,0,2,1000,9.24035143769957,99.8422164536741,8,4.00997777607915,1.09018250881604,55184130.5512728,-36.8630090110135,-71.377000245322,1414.21,"Chillán, Nevados de",-36.863,-71.377,1
67935,"2021-07-11 06:12:04",357070,0,4,750,45.591433980952,-83.7955311270239,10,5.91028712207031,1.57265702437543,48066363.5200814,-36.8653727482343,-71.37146525187,1677.05,"Chillán, Nevados de",-36.863,-71.377,1
67936,"2021-07-11 17:42:03",357070,1,3,750,59.9066876609812,86.6350520635556,9,6.69305933876861,1.9986113758676,52020351.4888968,-36.8652046152475,-71.379872411859,1060.66,"Chillán, Nevados de",-36.863,-71.377,1
67937,"2021-07-12 03:15:01",357070,0,1,1000,37.927637969095,82.9058719646799,10,3.85659386221878,1.45453752958777,45398864.686726,-36.8630090110135,-71.377000245322,2236.07,"Chillán, Nevados de",-36.863,-71.377,1
67938,"2021-07-12 05:06:03",357070,0,3,750,49.1683279010022,106.589695617535,12,5.98400785587131,1.75725788248468,46837673.1425906,-36.8650358882635,-71.3882795019841,1677.05,"Chillán, Nevados de",-36.863,-71.377,1
67939,"2021-07-12 05:54:04",357070,0,4,750,22.1884675040491,-80.8529051927967,5,4.05330429728834,0.748764269030505,36618434.1881321,-36.8653727482343,-71.37146525187,1060.66,"Chillán, Nevados de",-36.863,-71.377,1
67940,"2021-07-12 06:30:02",357070,0,2,1000,55.0549775784752,-85.1182660687594,11,2.74149946971895,1.60119284329417,21551795.2394283,-36.8632327741136,-71.365790980576,2236.07,"Chillán, Nevados de",-36.863,-71.377,1
67941,"2021-07-12 06:42:03",357070,0,3,750,67.2709434963772,-88.4807040223021,17,4.65550357915737,2.46505679191054,24272888.4611789,-36.8653727482343,-71.37146525187,2704.16,"Chillán, Nevados de",-36.863,-71.377,1
67942,"2021-07-13 03:55:01",357070,0,1,1000,35.6726075949368,-103.076696202532,9,4.18320078061478,1.05567014518994,59110329.0095294,-36.8630090110135,-71.377000245322,1414.21,"Chillán, Nevados de",-36.863,-71.377,1
67943,"2021-07-13 04:48:03",357070,0,3,375,62.0549650559164,109.578816145274,37,21.1517531907124,2.34954438019754,47593091.0516158,-36.8616583434973,-71.3881743309669,2019.44,"Chillán, Nevados de",-36.863,-71.377,1
67944,"2021-07-13 05:35:02",357070,0,2,1000,30.3504043905258,102.415493934142,7,2.61843897958347,0.859244567866161,33248774.3814572,-36.8630090110135,-71.377000245322,1414.21,"Chillán, Nevados de",-36.863,-71.377,1
67945,"2021-07-13 05:36:04",357070,0,4,750,8.74283280458245,101.104991740127,8,4.13856192587317,1.13156380328014,33321297.945984,-36.8653727482343,-71.37146525187,1677.05,"Chillán, Nevados de",-36.863,-71.377,1
67946,"2021-07-13 06:24:03",357070,0,3,375,55.8319969049701,-85.6132621539451,17,13.6153682724244,1.25069120404251,31298088.8293418,-36.8686663294419,-71.3757734749843,1546.16,"Chillán, Nevados de",-36.863,-71.377,1
67947,"2021-07-13 17:54:04",357070,1,4,750,49.9385778837858,84.7407231058972,7,12.1237350136115,1.45815647061327,118187942.229599,-36.8650358882635,-71.3882795019841,1500,"Chillán, Nevados de",-36.863,-71.377,1
67948,"2021-07-14 03:00:01",357070,0,1,1000,51.759768707483,84.8855102040817,10,3.06877302326303,1.3333098852566,32800253.3083214,-36.8720158634551,-71.3772794423447,3162.28,"Chillán, Nevados de",-36.863,-71.377,1
67949,"2021-07-14 05:18:04",357070,0,4,750,35.7578252007503,104.413387666179,8,5.15084860405875,1.09216019437454,44975340.9398132,-36.8652046152475,-71.379872411859,1060.66,"Chillán, Nevados de",-36.863,-71.377,1
67950,"2021-07-14 06:06:03",357070,0,3,750,38.3111051436801,-82.8263361486871,7,5.72784760111951,0.964580987074627,52782948.1668849,-36.8653727482343,-71.37146525187,1677.05,"Chillán, Nevados de",-36.863,-71.377,1
67951,"2021-07-14 06:20:02",357070,0,2,1000,42.7031760741364,-83.278348778433,10,3.13289772120733,1.36497508661069,33413737.7938765,-36.8632327741136,-71.365790980576,3162.28,"Chillán, Nevados de",-36.863,-71.377,1
67952,"2021-07-15 03:45:01",357070,0,1,1000,16.1195369211514,-100.683487692949,7,2.40172955715533,0.781939301882502,30614035.8246564,-36.8630090110135,-71.377000245322,1414.21,"Chillán, Nevados de",-36.863,-71.377,1
67953,"2021-07-15 05:00:04",357070,0,4,750,53.7195557992743,107.455282598187,8,4.02537236750658,1.02731417966836,33222232.2939822,-36.858449482348,-71.3796628260149,1500,"Chillán, Nevados de",-36.863,-71.377,1
67954,"2021-07-15 05:25:02",357070,0,2,1000,45.9676447105788,104.368622754491,13,3.78559338435041,1.49828953923724,43230042.6726389,-36.8537773972255,-71.3879290000715,2828.43,"Chillán, Nevados de",-36.863,-71.377,1
67955,"2021-07-15 05:48:03",357070,0,3,750,11.4490807440931,-79.8225672158266,7,3.59626031485876,0.870109751027139,30209155.9354592,-36.8652046152475,-71.379872411859,1500,"Chillán, Nevados de",-36.863,-71.377,1
67956,"2021-07-15 06:36:04",357070,0,4,750,64.2750915633397,-87.6058700418562,13,2.90395936349611,1.6731990356945,13638362.8824516,-36.8721279134616,-71.3716741686415,2371.71,"Chillán, Nevados de",-36.863,-71.377,1
67957,"2021-07-16 04:42:04",357070,0,4,750,65.155324543665,110.513843529823,14,4.88821972018496,1.7773403010458,34472432.5633358,-36.8652046152475,-71.379872411859,2371.71,"Chillán, Nevados de",-36.863,-71.377,1
67958,"2021-07-16 05:30:03",357070,0,3,750,19.5775715624072,102.612695706427,6,3.77428819074785,0.884166583933457,32026160.055512,-36.8653727482343,-71.37146525187,1060.66,"Chillán, Nevados de",-36.863,-71.377,1
67959,"2021-07-16 06:18:04",357070,0,4,750,51.3077518531824,-84.751736105651,7,2.10429710727472,0.954977369672944,12735899.3422997,-36.8719597394271,-71.3800820675666,1500,"Chillán, Nevados de",-36.863,-71.377,1
67960,"2021-07-17 03:30:01",357070,0,1,1000,7.34804347826081,78.5678063241107,6,1.75309416462436,0.559525107984687,22558455.1704898,-36.8630090110135,-71.377000245322,2236.07,"Chillán, Nevados de",-36.863,-71.377,1
67961,"2021-07-17 05:10:02",357070,0,2,1000,56.9241245136186,106.257607003891,13,2.09679135229127,1.28911951913002,15264997.6467477,-36.8537773972255,-71.3879290000715,2828.43,"Chillán, Nevados de",-36.863,-71.377,1
67962,"2021-07-17 05:12:03",357070,0,3,750,43.3229060316576,105.596595639732,8,1.89373418383332,0.829373260103491,11794449.4860812,-36.8652046152475,-71.379872411859,1677.05,"Chillán, Nevados de",-36.863,-71.377,1
67963,"2021-07-17 06:00:04",357070,0,4,750,31.1229363043481,-81.8658711701551,5,3.81306101004144,0.53188937859982,36359483.1409124,-36.8653727482343,-71.37146525187,1060.66,"Chillán, Nevados de",-36.863,-71.377,1
67964,"2021-07-18 04:15:01",357070,0,1,1000,55.0564024390245,-106.141128048781,10,2.49355238886229,1.66651354011616,15631034.2413019,-36.8720158634551,-71.3772794423447,2236.07,"Chillán, Nevados de",-36.863,-71.377,1
67965,"2021-07-18 04:54:03",357070,0,3,750,58.4071046944994,108.599702572607,9,4.14760222694479,1.41519739188227,30278461.0785365,-36.8582807965494,-71.388069177474,1677.05,"Chillán, Nevados de",-36.863,-71.377,1
67966,"2021-07-18 05:42:04",357070,0,4,750,2.07283095366862,-41.6855270682558,7,3.26764368921444,1.17406465368097,23199472.6875052,-36.8652046152475,-71.379872411859,1060.66,"Chillán, Nevados de",-36.863,-71.377,1
67967,"2021-07-18 05:55:02",357070,0,2,1000,2.7199961134862,-74.3509366498251,7,1.97811922219881,0.994996967134251,18581010.6207202,-36.8630090110135,-71.377000245322,1414.21,"Chillán, Nevados de",-36.863,-71.377,1
67968,"2021-07-18 06:30:03",357070,0,3,750,60.2187686540056,-86.5479590655023,10,3.00473455854778,1.66188477243582,14880454.1923532,-36.8653727482343,-71.37146525187,1677.05,"Chillán, Nevados de",-36.863,-71.377,1
67969,"2021-07-19 03:20:01",357070,0,1,1000,29.1028916339137,81.864183043234,7,3.13804180779451,1.01384606766375,40147299.4884713,-36.8630090110135,-71.377000245322,2236.07,"Chillán, Nevados de",-36.863,-71.377,1
67970,"2021-07-19 04:36:03",357070,0,3,375,68.1640179362376,111.669158718561,30,3.54412924052144,1.55107407275805,5044920.89340109,-36.8581962309604,-71.3922723269368,2186.61,"Chillán, Nevados de",-36.863,-71.377,1
67971,"2021-07-19 05:00:02",357070,0,2,1000,64.7891197183098,108.190281690141,9,1.40788074359976,1.21744416232867,3599251.38602368,-36.8634554812588,-71.3545815923702,2828.43,"Chillán, Nevados de",-36.863,-71.377,1
67972,"2021-07-19 05:24:04",357070,0,4,750,27.8927133765493,103.422149688335,6,3.3748786466391,0.901356491601591,27409717.3805094,-36.8652046152475,-71.379872411859,1060.66,"Chillán, Nevados de",-36.863,-71.377,1
67973,"2021-07-19 06:12:03",357070,0,3,750,45.1414279910104,-83.7732551275218,8,3.31628500325105,1.2295553596471,23123572.8631862,-36.8652046152475,-71.379872411859,1677.05,"Chillán, Nevados de",-36.863,-71.377,1
67974,"2021-07-19 06:40:02",357070,0,2,1000,59.8352350427351,-86.0157905982906,7,1.11105530526804,0.956971099425384,2912191.49042614,-36.8544484680111,-71.3543051455064,2236.07,"Chillán, Nevados de",-36.863,-71.377,1
67975,"2021-07-19 18:36:03",357070,1,3,750,1.55562196522914,-9.78629878125917,2,5.0266060489223,0.502933645928072,50127944.8156798,-36.8652046152475,-71.379872411859,750,"Chillán, Nevados de",-36.863,-71.377,1
67976,"2021-07-20 04:00:01",357070,0,1,1000,43.2948917748918,-104.134034632035,9,4.12429866972109,1.60269519240459,47658305.7212818,-36.8720158634551,-71.3772794423447,2236.07,"Chillán, Nevados de",-36.863,-71.377,1
67977,"2021-07-20 05:06:04",357070,0,4,750,48.7070249113131,106.45165462062,8,4.52612428216021,1.51811404782895,33332513.4091833,-36.8652046152475,-71.379872411859,1677.05,"Chillán, Nevados de",-36.863,-71.377,1
67978,"2021-07-20 05:45:02",357070,0,2,1000,20.3398009730206,101.392047766475,6,2.22804770817283,1.03769030428964,22497754.9333923,-36.8632327741136,-71.365790980576,1414.21,"Chillán, Nevados de",-36.863,-71.377,1
67979,"2021-07-20 05:54:03",357070,0,3,750,21.47975551989,-80.8923421919152,7,3.62712545507435,1.38429174263922,24853401.0759218,-36.8653727482343,-71.37146525187,1060.66,"Chillán, Nevados de",-36.863,-71.377,1
67980,"2021-07-21 03:05:01",357070,0,1,1000,45.5163575525812,83.8913384321227,10,2.74693382164356,1.59749252761943,21724440.4570562,-36.8630090110135,-71.377000245322,2236.07,"Chillán, Nevados de",-36.863,-71.377,1
67981,"2021-07-21 04:48:03",357070,0,4,750,61.8592336173384,109.455694553475,10,1.8456193663277,1.12522522002676,7982867.63369733,-36.858449482348,-71.3796628260149,2121.32,"Chillán, Nevados de",-36.863,-71.377,1
67982,"2021-07-21 04:48:04",357070,0,4,375,61.7507577820666,109.436329723774,15,4.34927900862581,0.970328857760649,8552967.56937745,-36.8617427709321,-71.383970979333,1590.99,"Chillán, Nevados de",-36.863,-71.377,1
67983,"2021-07-21 05:36:03",357070,0,3,750,9.51054678742271,101.538694730433,8,1.9668087148048,0.851846551755443,12355174.4692906,-36.8652046152475,-71.379872411859,1060.66,"Chillán, Nevados de",-36.863,-71.377,1
67984,"2021-07-21 06:24:03",357070,0,4,750,56.2902967418138,-85.6755850850014,9,1.85072577872024,0.989185147549407,9546947.1191618,-36.8721279134616,-71.3716741686415,1677.05,"Chillán, Nevados de",-36.863,-71.377,1
67985,"2021-07-21 06:24:04",357070,0,4,375,56.2459807771147,-85.6915940592485,15,6.21275980291225,1.06676295588287,13025804.5190431,-36.8652887559915,-71.3756688405821,1185.85,"Chillán, Nevados de",-36.863,-71.377,1
67986,"2021-07-21 06:25:02",357070,0,2,1000,49.4562932061978,-84.1744338498213,9,1.43912153255476,1.05407852172435,7277312.90469464,-36.8630090110135,-71.377000245322,2236.07,"Chillán, Nevados de",-36.863,-71.377,1
67987,"2021-07-21 18:25:02",357070,1,2,1000,28.5878804960542,81.878726042841,2,4.19347443095218,0.706896796406768,65896317.2929082,-36.8720158634551,-71.3772794423447,1414.21,"Chillán, Nevados de",-36.863,-71.377,1
67988,"2021-07-22 03:50:01",357070,0,1,1000,26.5354516640253,-102.028325409403,6,2.7344544489934,1.18346018906266,29313791.5126908,-36.8720158634551,-71.3772794423447,1414.21,"Chillán, Nevados de",-36.863,-71.377,1
67989,"2021-07-22 05:18:03",357070,0,3,750,36.2276161902497,104.58289066239,7,5.04452469307183,1.39397134202078,40452694.3213345,-36.8652046152475,-71.379872411859,1060.66,"Chillán, Nevados de",-36.863,-71.377,1
67990,"2021-07-22 05:30:02",357070,0,2,1000,38.7825714285714,103.384038610039,8,3.24490577174719,1.40957875895154,34687680.5418377,-36.8630090110135,-71.377000245322,2000,"Chillán, Nevados de",-36.863,-71.377,1
67991,"2021-07-22 06:06:04",357070,0,4,750,38.9376941296747,-82.8653841478143,10,7.65280944920147,2.01805894465317,62440079.0285259,-36.8653727482343,-71.37146525187,1677.05,"Chillán, Nevados de",-36.863,-71.377,1
67992,"2021-07-23 05:00:03",357070,0,3,375,54.0004847282037,107.559311020739,3,0.250145262180397,0.165294892244065,214777.49890134,-36.8617427709321,-71.383970979333,838.526,"Chillán, Nevados de",-36.863,-71.377,1
67993,"2021-07-23 05:48:04",357070,0,4,375,12.3308840624277,-79.7197253597462,9,1.43471727158123,0.39391640587261,2634527.19132494,-36.8652887559915,-71.3756688405821,838.526,"Chillán, Nevados de",-36.863,-71.377,1
67995,"2021-07-24 03:35:01",357070,0,1,1000,4.55039422326308,-97.4715729898517,6,4.53437948575439,0.941942376006767,67897061.37423,-36.8630090110135,-71.377000245322,1414.21,"Chillán, Nevados de",-36.863,-71.377,1
67996,"2021-07-24 04:42:03",357070,0,3,750,65.3945675383175,110.590561528108,14,7.40410793919839,2.19900575308922,57679038.5998223,-36.8582807965494,-71.388069177474,2704.16,"Chillán, Nevados de",-36.863,-71.377,1
67997,"2021-07-24 05:20:02",357070,0,2,1000,51.9115020862308,105.308317107093,10,3.39820029293247,1.55108867520908,34910409.574972,-36.8540021430746,-71.3767211723409,2236.07,"Chillán, Nevados de",-36.863,-71.377,1
67998,"2021-07-24 05:30:04",357070,0,4,750,18.7723315804057,102.352850712235,4,3.532218353881,0.69928822684105,31392406.9702615,-36.8652046152475,-71.379872411859,1060.66,"Chillán, Nevados de",-36.863,-71.377,1
68000,"2021-07-26 05:42:03",357070,0,3,375,1.3366394643843,-41.4484413737825,4,0.355264729114645,0.150581372991401,518104.74518696,-36.8652046152475,-71.379872411859,530.33,"Chillán, Nevados de",-36.863,-71.377,1
68001,"2021-07-26 06:30:04",357070,0,4,750,60.5684216461902,-86.6256060637668,12,1.74071010597735,1.09032605391606,7207068.27690414,-36.8653727482343,-71.37146525187,2371.71,"Chillán, Nevados de",-36.863,-71.377,1
68002,"2021-07-26 06:45:02",357070,0,2,1000,63.848988764045,-86.9142696629214,9,1.18008872227058,0.974377356492764,3887944.81320073,-36.8540021430746,-71.3767211723409,2236.07,"Chillán, Nevados de",-36.863,-71.377,1
68003,"2021-07-27 04:10:01",357070,0,1,1000,49.7114459295261,-105.167679222357,9,2.45976949665797,1.06791978628009,26305959.5261419,-36.8720158634551,-71.3772794423447,2236.07,"Chillán, Nevados de",-36.863,-71.377,1
68004,"2021-07-27 04:36:04",357070,0,4,750,68.0707914784992,111.506013507646,13,3.7449411287566,1.50009288694251,24875724.5796024,-36.8581115169141,-71.3964754588476,2704.16,"Chillán, Nevados de",-36.863,-71.377,1
68005,"2021-07-27 05:24:03",357070,0,3,750,28.5110523627283,103.607083684201,8,2.85836393925983,1.03545186014097,20200144.4767358,-36.8652046152475,-71.379872411859,1060.66,"Chillán, Nevados de",-36.863,-71.377,1
68006,"2021-07-27 05:50:02",357070,0,2,1000,9.10943645083925,99.8192805755397,6,2.10621076955631,0.651437509739675,27495214.6105344,-36.8630090110135,-71.377000245322,1414.21,"Chillán, Nevados de",-36.863,-71.377,1
68007,"2021-07-27 06:12:04",357070,0,4,750,45.6793579789868,-83.8215571264422,6,2.88878891691674,0.744730889628754,23758843.014885,-36.8653727482343,-71.37146525187,1060.66,"Chillán, Nevados de",-36.863,-71.377,1
68008,"2021-07-27 17:42:03",357070,1,3,750,59.8406086624581,86.6541020631298,8,7.77096890410782,1.48649062560633,69639874.9236447,-36.8650358882635,-71.3882795019841,1677.05,"Chillán, Nevados de",-36.863,-71.377,1
68009,"2021-07-27 19:24:03",357070,1,3,750,58.7912416859133,-108.703629570284,6,6.56637003953302,0.975849769977622,61949952.7370108,-36.8587850723726,-71.3628499138233,2371.71,"Chillán, Nevados de",-36.863,-71.377,1
68010,"2021-07-28 05:06:03",357070,0,3,750,49.0867089028265,106.6001936173,9,4.62954823143218,1.34216116003241,36428357.9849487,-36.8719597394271,-71.3800820675666,1677.05,"Chillán, Nevados de",-36.863,-71.377,1
68011,"2021-07-28 05:54:04",357070,0,4,750,22.2490865026942,-80.8952561918501,9,3.81864127538744,1.38117511321853,27010171.9095343,-36.8652046152475,-71.379872411859,1677.05,"Chillán, Nevados de",-36.863,-71.377,1
68012,"2021-07-28 06:30:02",357070,0,2,1000,55.092134328358,-85.1255373134328,10,2.06400625986162,1.41578776252104,12251329.599737,-36.8636771324126,-71.3433720812869,3000,"Chillán, Nevados de",-36.863,-71.377,1
68013,"2021-07-28 06:42:03",357070,0,3,750,67.3169364953492,-88.4578350228133,16,3.36378962687382,2.31217266113829,11653230.5015568,-36.8652046152475,-71.379872411859,2704.16,"Chillán, Nevados de",-36.863,-71.377,1
68014,"2021-07-29 03:55:01",357070,0,1,1000,35.6485895003163,-103.073902593295,11,3.79898306830902,1.78567442205008,38051533.414294,-36.8717909712506,-71.3884898966035,2236.07,"Chillán, Nevados de",-36.863,-71.377,1
68015,"2021-07-29 04:48:03",357070,0,3,750,62.0967646120291,109.601033550226,10,3.66808157494867,1.72609220963136,21519669.6544224,-36.8582807965494,-71.388069177474,2121.32,"Chillán, Nevados de",-36.863,-71.377,1
68016,"2021-07-29 05:35:02",357070,0,2,1000,30.2511066282421,102.401936599424,6,2.98638056047288,0.985434489149061,37817880.7480201,-36.8630090110135,-71.377000245322,1414.21,"Chillán, Nevados de",-36.863,-71.377,1
68017,"2021-07-29 05:36:04",357070,0,4,750,8.68310480591748,101.076307740768,6,5.38144158863964,1.06533292942458,47827879.0799269,-36.8652046152475,-71.379872411859,1060.66,"Chillán, Nevados de",-36.863,-71.377,1
68018,"2021-07-29 06:24:03",357070,0,3,750,55.9712387489453,-85.6280340860642,13,4.52001790935293,2.19725457348467,25739121.2155901,-36.8653727482343,-71.37146525187,1677.05,"Chillán, Nevados de",-36.863,-71.377,1
68019,"2021-07-29 17:54:04",357070,1,4,750,49.8938158847863,84.7396401059214,8,9.95555170282759,1.96359460945834,88560874.5408981,-36.8652046152475,-71.379872411859,1500,"Chillán, Nevados de",-36.863,-71.377,1
68020,"2021-07-30 03:00:01",357070,0,1,1000,51.7644109589041,84.8873424657534,6,1.99841712627158,0.987887424608678,19099011.3614289,-36.8630090110135,-71.377000245322,2236.07,"Chillán, Nevados de",-36.863,-71.377,1
68021,"2021-07-30 05:18:04",357070,0,4,750,35.7028152019799,104.434173665714,8,4.7273935337581,1.38433628587732,37045253.1280789,-36.8652046152475,-71.379872411859,1677.05,"Chillán, Nevados de",-36.863,-71.377,1
68022,"2021-07-30 06:06:03",357070,0,3,750,38.4339901409334,-82.8106671490373,7,4.32228148645071,1.18986021931546,34711143.1664425,-36.8721279134616,-71.3716741686415,1060.66,"Chillán, Nevados de",-36.863,-71.377,1
68023,"2021-07-30 06:20:02",357070,0,2,1000,42.7497732997481,-83.2825020990763,13,6.91306352185658,2.04385545994491,92028032.3701305,-36.8632327741136,-71.365790980576,3162.28,"Chillán, Nevados de",-36.863,-71.377,1
68024,"2021-07-30 17:36:04",357070,1,4,750,63.3052465850174,87.5134810439212,7,8.0632816229854,1.52705636397576,72429546.1514006,-36.8652046152475,-71.379872411859,2121.32,"Chillán, Nevados de",-36.863,-71.377,1
68025,"2021-07-30 18:30:03",357070,1,3,750,10.4308877668515,80.3639202037264,6,10.5517007155453,1.54863302608765,99765243.8338022,-36.8652046152475,-71.379872411859,1060.66,"Chillán, Nevados de",-36.863,-71.377,1
68026,"2021-07-31 05:00:04",357070,0,4,375,53.649103208581,107.419148826338,14,2.55795991571437,1.30220720840433,3178624.04037854,-36.8550719126286,-71.3795580592841,1590.99,"Chillán, Nevados de",-36.863,-71.377,1
68027,"2021-07-31 05:25:02",357070,0,2,1000,45.9017617617618,104.358168168168,11,2.84410562283823,1.77233143798839,20256532.0936619,-36.8540021430746,-71.3767211723409,2236.07,"Chillán, Nevados de",-36.863,-71.377,1
68028,"2021-07-31 05:48:03",357070,0,3,750,11.6820227388864,-79.8937872142347,8,5.29521632929654,1.52141294594018,41818458.7418177,-36.8721279134616,-71.3716741686415,1060.66,"Chillán, Nevados de",-36.863,-71.377,1
68029,"2021-07-31 06:36:04",357070,0,4,750,64.3006775627678,-87.6080910418065,16,8.01472767549198,2.72094770037458,58661699.3492697,-36.8586175742942,-71.3712564047161,3092.33,"Chillán, Nevados de",-36.863,-71.377,1
68030,"2021-08-01 02:50:01",357070,0,1,1000,61.4861557788944,86.7936683417085,12,3.58147061195367,2.14311747449443,27184874.2979796,-36.8630090110135,-71.377000245322,2236.07,"Chillán, Nevados de",-36.863,-71.377,1
68031,"2021-08-01 04:25:01",357070,0,1,1000,63.423378746594,-108.147220708447,15,3.69463682164934,2.70476258797647,18708623.0164172,-36.8630090110135,-71.377000245322,2828.43,"Chillán, Nevados de",-36.863,-71.377,1
68032,"2021-08-01 04:42:04",357070,0,4,750,65.1533145437099,110.458456531061,15,6.14017291019888,2.59769049206004,39255133.296001,-36.8582807965494,-71.388069177474,2704.16,"Chillán, Nevados de",-36.863,-71.377,1
68033,"2021-08-01 05:30:03",357070,0,3,750,19.4038285662906,102.635151705926,7,2.72922485919557,1.30090469155742,15827572.8576403,-36.8652046152475,-71.379872411859,1060.66,"Chillán, Nevados de",-36.863,-71.377,1
68034,"2021-08-01 06:18:04",357070,0,4,750,51.3469198523069,-84.75312410562,13,5.65676836705025,2.42786744241402,35780258.3711251,-36.8653727482343,-71.37146525187,2371.71,"Chillán, Nevados de",-36.863,-71.377,1
68035,"2021-08-01 17:48:03",357070,1,3,750,55.4414177607877,85.6884470847139,5,7.55259378569622,1.54282017032667,66595803.8753138,-36.8652046152475,-71.379872411859,1500,"Chillán, Nevados de",-36.863,-71.377,1
68036,"2021-08-02 03:30:01",357070,0,1,1000,7.32830039525687,78.5670355731225,3,0.996193311298062,0.549820126578929,8436453.19119162,-36.8630090110135,-71.377000245322,1000,"Chillán, Nevados de",-36.863,-71.377,1
68037,"2021-08-02 05:12:03",357070,0,3,750,43.2352700336164,105.577475640159,9,4.41675366488005,1.83027973597779,28661364.2246482,-36.8652046152475,-71.379872411859,1060.66,"Chillán, Nevados de",-36.863,-71.377,1
68038,"2021-08-02 06:00:04",357070,0,4,750,31.1843433029756,-81.9121491691208,7,6.32793820445169,1.40843774020855,54514214.5193944,-36.8653727482343,-71.37146525187,1677.05,"Chillán, Nevados de",-36.863,-71.377,1
68039,"2021-08-02 19:12:03",357070,1,3,750,49.7093728889089,-106.743607614094,6,7.64677765428383,1.98872190609025,62698330.2596701,-36.8653727482343,-71.37146525187,1677.05,"Chillán, Nevados de",-36.863,-71.377,1
68040,"2021-08-03 04:15:01",357070,0,1,1000,55.0613414634146,-106.14137195122,12,4.9330809545022,2.40855746772359,47713493.9001158,-36.8632327741136,-71.365790980576,3162.28,"Chillán, Nevados de",-36.863,-71.377,1
68041,"2021-08-03 04:54:03",357070,0,3,750,58.3330456961548,108.57809557309,18,10.3868550768801,3.6457814174015,74699522.4890973,-36.8650358882635,-71.3882795019841,2371.71,"Chillán, Nevados de",-36.863,-71.377,1
68042,"2021-08-03 05:42:04",357070,0,4,750,2.14250495211128,-45.4689139836906,4,5.53446250041238,0.814843550699677,52299277.4865038,-36.8652046152475,-71.379872411859,750,"Chillán, Nevados de",-36.863,-71.377,1
68043,"2021-08-03 05:55:02",357070,0,2,1000,2.78628649279876,-74.7354612689764,7,3.53429112981512,1.22357643310805,43672507.7677635,-36.8630090110135,-71.377000245322,1414.21,"Chillán, Nevados de",-36.863,-71.377,1
68044,"2021-08-03 06:30:03",357070,0,3,750,60.2990466522112,-86.5941280644704,13,4.68849776617505,2.5734906622248,23436922.4706487,-36.8586175742942,-71.3712564047161,1677.05,"Chillán, Nevados de",-36.863,-71.377,1
68045,"2021-08-04 03:20:01",357070,0,1,1000,29.0720492721166,81.8709910414332,6,2.79923638864098,1.27230169203169,28859065.7659155,-36.8717909712506,-71.3884898966035,1414.21,"Chillán, Nevados de",-36.863,-71.377,1
68046,"2021-08-04 05:00:02",357070,0,2,1000,64.7587279151943,108.190424028269,15,5.61317584878251,3.42912698978711,41278523.435013,-36.8540021430746,-71.3767211723409,3162.28,"Chillán, Nevados de",-36.863,-71.377,1
68047,"2021-08-04 05:24:04",357070,0,4,750,27.8301263779482,103.466053687353,6,5.00058241804866,1.32014409400114,40783857.1783516,-36.8652046152475,-71.379872411859,1500,"Chillán, Nevados de",-36.863,-71.377,1
68048,"2021-08-04 06:40:02",357070,0,2,1000,59.8336616702355,-86.0097430406853,4,0.98840212612252,0.88223943868161,2006474.79263319,-36.8634554812588,-71.3545815923702,2000,"Chillán, Nevados de",-36.863,-71.377,1
68049,"2021-08-05 04:00:01",357070,0,1,1000,43.32541991342,-104.13625974026,6,2.00982682329189,1.14947566371726,16260636.9159606,-36.8630090110135,-71.377000245322,1414.21,"Chillán, Nevados de",-36.863,-71.377,1
68050,"2021-08-05 05:06:04",357070,0,4,750,48.7062229113311,106.43958862089,8,3.19598138234468,1.67408601380916,16864503.0525842,-36.8650358882635,-71.3882795019841,1060.66,"Chillán, Nevados de",-36.863,-71.377,1
68051,"2021-08-05 05:45:02",357070,0,2,1000,20.2908019494903,101.38735932654,5,2.23017710785356,0.92281243870193,24709192.2469659,-36.8630090110135,-71.377000245322,2000,"Chillán, Nevados de",-36.863,-71.377,1
68052,"2021-08-06 03:05:01",357070,0,1,1000,45.4679657794675,83.8878231939164,5,0.855468337084689,0.624927938781092,4357213.52793799,-36.8717909712506,-71.3884898966035,2236.07,"Chillán, Nevados de",-36.863,-71.377,1
68053,"2021-08-06 04:48:04",357070,0,4,375,61.7338638235979,109.431041547422,15,1.9118191301722,0.803637707281576,2805084.22669189,-36.8616583434973,-71.3881743309669,1352.08,"Chillán, Nevados de",-36.863,-71.377,1
68054,"2021-08-06 05:36:03",357070,0,3,750,9.38804779016077,101.519418730864,5,1.79565507132877,0.795395899640736,11084121.946268,-36.8652046152475,-71.379872411859,1060.66,"Chillán, Nevados de",-36.863,-71.377,1
68055,"2021-08-06 06:24:04",357070,0,4,750,56.3385647407349,-85.7094890842436,6,1.36722934406184,0.731240697615154,7047549.1884373,-36.8653727482343,-71.37146525187,1060.66,"Chillán, Nevados de",-36.863,-71.377,1
68056,"2021-08-06 06:25:02",357070,0,2,1000,49.460095351609,-84.1811918951132,10,1.95291043763347,1.34699622862306,11451778.5502966,-36.8630090110135,-71.377000245322,2236.07,"Chillán, Nevados de",-36.863,-71.377,1
68057,"2021-08-07 03:50:01",357070,0,1,1000,26.5936958817317,-102.034841605069,8,2.27552095762138,1.03680648345861,23411703.5616763,-36.8630090110135,-71.377000245322,2000,"Chillán, Nevados de",-36.863,-71.377,1
68058,"2021-08-07 05:18:03",357070,0,3,750,36.119647192663,104.575642662552,7,3.56024310042407,1.18411507198416,26330468.7151497,-36.8652046152475,-71.379872411859,1060.66,"Chillán, Nevados de",-36.863,-71.377,1
68059,"2021-08-07 05:30:02",357070,0,2,1000,38.7474767080745,103.372678571429,7,2.65151686164954,1.04151749323631,30428988.0630101,-36.8630090110135,-71.377000245322,2236.07,"Chillán, Nevados de",-36.863,-71.377,1
68060,"2021-08-07 06:06:04",357070,0,4,750,38.9792801287452,-82.8768481475581,7,3.849363171382,1.1607720915843,29792949.9030082,-36.8719597394271,-71.3800820675666,1060.66,"Chillán, Nevados de",-36.863,-71.377,1
68061,"2021-08-08 05:00:03",357070,0,3,375,53.9296004227658,107.547898970733,8,0.479901884269686,0.185106596041263,746200.573328195,-36.8617427709321,-71.383970979333,1060.66,"Chillán, Nevados de",-36.863,-71.377,1
68062,"2021-08-08 05:48:04",357070,0,4,375,12.3854628622492,-79.7180390274315,6,0.60147577993116,0.163413225207887,1108845.84164328,-36.8652887559915,-71.3756688405821,838.526,"Chillán, Nevados de",-36.863,-71.377,1
68063,"2021-08-08 06:15:02",357070,0,2,1000,34.7153529772866,-82.365985267035,8,2.836349312301,1.19595548559817,31003443.3246835,-36.8632327741136,-71.365790980576,2236.07,"Chillán, Nevados de",-36.863,-71.377,1
68064,"2021-08-08 06:36:03",357070,0,3,750,64.0556845682438,-87.5353160434332,13,3.47150690398144,1.82791941764474,18213003.8329686,-36.8721279134616,-71.3716741686415,2371.71,"Chillán, Nevados de",-36.863,-71.377,1
68065,"2021-08-09 03:35:01",357070,0,1,1000,4.60524628616106,-97.5069937451134,4,1.31825311391312,0.582402585300296,13907574.9907823,-36.8630090110135,-71.377000245322,1414.21,"Chillán, Nevados de",-36.863,-71.377,1
68066,"2021-08-09 04:42:03",357070,0,3,750,65.3370575396029,110.584926528234,14,3.54768758624185,1.96131829500842,17578954.7084805,-36.864866567298,-71.3966865219996,2371.71,"Chillán, Nevados de",-36.863,-71.377,1
68067,"2021-08-09 05:20:02",357070,0,2,1000,51.8876773296244,105.307093184979,13,2.94783850269171,1.87221807084225,20329226.1619548,-36.8630090110135,-71.377000245322,2828.43,"Chillán, Nevados de",-36.863,-71.377,1
68068,"2021-08-09 05:30:04",357070,0,4,750,18.7112765817704,102.338000712567,9,12.4636710813698,1.47658167605766,121750684.472615,-36.8653727482343,-71.37146525187,1677.05,"Chillán, Nevados de",-36.863,-71.377,1
68069,"2021-08-09 06:18:03",357070,0,3,750,51.0608208587017,-84.7359231060045,11,3.49765394572121,1.66162905812754,20345450.7856474,-36.8652046152475,-71.379872411859,1677.05,"Chillán, Nevados de",-36.863,-71.377,1
68070,"2021-08-10 02:40:01",357070,0,1,1000,65.1249238578681,87.7122842639594,13,4.22840156609799,1.96740673234423,42732802.3579461,-36.8715650228213,-71.3997002261797,2828.43,"Chillán, Nevados de",-36.863,-71.377,1
68071,"2021-08-10 04:20:01",357070,0,1,1000,59.5891792656587,-107.166954643628,14,3.47478137041159,2.12324256342427,25544083.4520603,-36.8720158634551,-71.3772794423447,2828.43,"Chillán, Nevados de",-36.863,-71.377,1
68072,"2021-08-10 05:12:04",357070,0,4,750,42.7617690442,105.425828643549,7,4.57846422822354,1.03599634634103,39254972.2161106,-36.8652046152475,-71.379872411859,1060.66,"Chillán, Nevados de",-36.863,-71.377,1
68073,"2021-08-10 06:00:02",357070,0,2,1000,14.454409707939,-80.1818552036199,6,2.09911708813179,0.768438916773548,25149817.4386708,-36.8632327741136,-71.365790980576,1414.21,"Chillán, Nevados de",-36.863,-71.377,1
68074,"2021-08-10 06:00:03",357070,0,3,750,30.6260613154542,-81.9086371691993,8,3.32712795194695,1.16605677287737,23947370.0030647,-36.8652046152475,-71.379872411859,1677.05,"Chillán, Nevados de",-36.863,-71.377,1
68075,"2021-08-10 18:24:03",357070,1,3,750,20.3335675455093,81.0895741875067,4,6.7943441596257,1.3008006055212,60875329.5089204,-36.8652046152475,-71.379872411859,1060.66,"Chillán, Nevados de",-36.863,-71.377,1
68076,"2021-08-11 03:25:01",357070,0,1,1000,18.7502466464732,80.6127001298143,5,2.77914646689774,0.758726061216397,38185945.6673774,-36.8630090110135,-71.377000245322,2236.07,"Chillán, Nevados de",-36.863,-71.377,1
68077,"2021-08-11 04:54:04",357070,0,4,750,58.072116701987,108.44119957615,11,6.07328890902027,1.79717868326766,47384646.4391211,-36.8652046152475,-71.379872411859,2121.32,"Chillán, Nevados de",-36.863,-71.377,1
68078,"2021-08-11 05:05:02",357070,0,2,1000,61.1342394014963,107.238827930175,13,2.68965286099063,2.00293196171469,12979024.9963153,-36.8630090110135,-71.377000245322,2828.43,"Chillán, Nevados de",-36.863,-71.377,1
68079,"2021-08-11 05:42:03",357070,0,3,750,1.78574196008556,-24.7725544462902,9,9.32054069700012,1.54860085176126,86122808.4100532,-36.8652046152475,-71.379872411859,1060.66,"Chillán, Nevados de",-36.863,-71.377,1
68080,"2021-08-11 06:30:04",357070,0,4,750,60.5923816456547,-86.6302360636633,14,4.42996105371418,2.22265518508534,24459708.1567434,-36.8721279134616,-71.3716741686415,2371.71,"Chillán, Nevados de",-36.863,-71.377,1
68081,"2021-08-11 06:45:02",357070,0,2,1000,63.8473802816902,-86.9283098591549,11,2.31307451500987,1.81240039309073,9462740.9042717,-36.8722396993981,-71.3660688639861,2236.07,"Chillán, Nevados de",-36.863,-71.377,1
68082,"2021-08-12 04:05:01",357070,0,1,1000,49.727444987775,-105.169963325183,14,4.53062210108188,2.3193708694127,41792648.2785475,-36.8720158634551,-71.3772794423447,2828.43,"Chillán, Nevados de",-36.863,-71.377,1
68083,"2021-08-12 04:36:04",357070,0,4,750,68.0396384791955,111.497262507842,16,7.26065357199847,2.30530054616146,54911505.7175564,-36.8582807965494,-71.388069177474,3092.33,"Chillán, Nevados de",-36.863,-71.377,1
68084,"2021-08-12 05:24:03",357070,0,3,750,28.3852423655404,103.614942684026,7,5.51793585672863,1.13774864933134,48537949.4919712,-36.8652046152475,-71.379872411859,1060.66,"Chillán, Nevados de",-36.863,-71.377,1
68085,"2021-08-12 05:50:02",357070,0,2,1000,9.11981215027969,99.8154636290966,7,3.31542755935417,0.959491123508965,44527198.6374744,-36.8630090110135,-71.377000245322,1414.21,"Chillán, Nevados de",-36.863,-71.377,1
68086,"2021-08-12 06:12:04",357070,0,4,750,45.6785289790053,-83.8239011263898,11,6.05733140642587,1.69771374744504,48310013.1835813,-36.8721279134616,-71.3716741686415,1677.05,"Chillán, Nevados de",-36.863,-71.377,1
68087,"2021-08-13 03:10:01",357070,0,1,1000,37.9254215976333,82.9134171597633,13,4.7407869653452,1.93552673571909,53019418.3399336,-36.8627841919951,-71.3882093860254,2236.07,"Chillán, Nevados de",-36.863,-71.377,1
68088,"2021-08-13 05:06:03",357070,0,3,750,48.9949439048776,106.557020618265,15,8.95874952325067,2.37399801565858,72967277.6435049,-36.8650358882635,-71.3882795019841,1677.05,"Chillán, Nevados de",-36.863,-71.377,1
68089,"2021-08-13 05:54:04",357070,0,4,750,22.3099365013341,-80.9078141915694,6,4.41229654263939,0.931108636877721,38575913.4807215,-36.8652046152475,-71.379872411859,1500,"Chillán, Nevados de",-36.863,-71.377,1
68090,"2021-08-13 06:30:02",357070,0,2,1000,55.0623688155922,-85.1179910044977,14,3.42799307781685,2.14537645323453,24241454.204606,-36.8720158634551,-71.3772794423447,3162.28,"Chillán, Nevados de",-36.863,-71.377,1
68091,"2021-08-13 06:48:03",357070,0,3,750,67.3526784945503,-88.5369130210457,18,5.56468873240959,2.83052224772074,30297982.3584582,-36.8653727482343,-71.37146525187,2704.16,"Chillán, Nevados de",-36.863,-71.377,1
68092,"2021-08-13 14:15:01",357070,1,1,1000,46.5337745604963,104.468490175801,5,5.45123809554645,1.82424284388134,68550210.2564706,-36.8630090110135,-71.377000245322,1414.21,"Chillán, Nevados de",-36.863,-71.377,1
68093,"2021-08-14 03:55:01",357070,0,1,1000,35.6650600885516,-103.074762808349,9,4.46740394364434,1.39497012068415,58068999.2539476,-36.8720158634551,-71.3772794423447,2236.07,"Chillán, Nevados de",-36.863,-71.377,1
68094,"2021-08-14 04:48:03",357070,0,3,750,62.0455496131739,109.563891551056,13,2.57493563062198,1.95806150596091,6835736.39390046,-36.8582807965494,-71.388069177474,2121.32,"Chillán, Nevados de",-36.863,-71.377,1
68095,"2021-08-14 05:35:02",357070,0,2,1000,30.262025389498,102.407357184074,7,3.16576004801796,0.985132988760899,41213851.4199585,-36.8630090110135,-71.377000245322,1414.21,"Chillán, Nevados de",-36.863,-71.377,1
68096,"2021-08-14 05:36:04",357070,0,4,750,8.68341480591055,100.981792742881,4,3.9492702212055,0.604834354646202,37060529.9463103,-36.8652046152475,-71.379872411859,750,"Chillán, Nevados de",-36.863,-71.377,1
68097,"2021-08-14 06:24:03",357070,0,3,750,56.0484867472187,-85.6448300856888,10,4.87027945659871,1.56195570047571,36660362.6225381,-36.8653727482343,-71.37146525187,1677.05,"Chillán, Nevados de",-36.863,-71.377,1
68098,"2021-08-14 18:48:03",357070,1,3,750,20.6712625379613,-102.94228969906,5,8.5857845968712,1.6634203116965,76708449.2350922,-36.8721279134616,-71.3716741686415,1677.05,"Chillán, Nevados de",-36.863,-71.377,1
68099,"2021-08-15 03:00:01",357070,0,1,1000,51.7469470827681,84.8828493894166,10,3.00665671175637,1.62680768490533,26079146.6074846,-36.8717909712506,-71.3884898966035,3162.28,"Chillán, Nevados de",-36.863,-71.377,1
68100,"2021-08-15 05:18:04",357070,0,4,750,35.6481422032019,104.43616966567,9,2.39006654347844,1.31766223674165,11883580.224027,-36.858449482348,-71.3796628260149,1677.05,"Chillán, Nevados de",-36.863,-71.377,1
68101,"2021-08-15 06:06:03",357070,0,3,750,38.5221721389623,-82.8478251482068,8,3.24765063935128,1.10447600879213,23749053.8748835,-36.8652046152475,-71.379872411859,1677.05,"Chillán, Nevados de",-36.863,-71.377,1
68102,"2021-08-15 06:20:02",357070,0,2,1000,42.7036815501263,-83.2812215669755,7,1.25674889128264,0.893653749707373,6862498.17577265,-36.8630090110135,-71.377000245322,2000,"Chillán, Nevados de",-36.863,-71.377,1
68103,"2021-08-17 04:42:04",357070,0,4,375,65.0221986643569,110.449747972692,15,2.28935851989027,0.477495513607489,4586278.23465328,-36.8581962309604,-71.3922723269368,2186.61,"Chillán, Nevados de",-36.863,-71.377,1
68105,"2021-08-17 06:18:04",357070,0,4,375,51.3475790414313,-84.7436677948243,7,0.69782958200425,0.341470010058891,902035.166486692,-36.8686663294419,-71.3757734749843,838.526,"Chillán, Nevados de",-36.863,-71.377,1
68106,"2021-08-22 05:36:03",357070,0,3,375,9.19730847444468,101.480829781033,1,0.0817879441342455,0.0636227405441289,45980.6715874826,-36.8585336025536,-71.3754596240801,838.526,"Chillán, Nevados de",-36.863,-71.377,1
68107,"2021-08-23 03:50:01",357070,0,1,1000,26.5883826638477,-102.032975687103,6,1.09115270369489,0.533584667654861,10538035.8811565,-36.8630090110135,-71.377000245322,1414.21,"Chillán, Nevados de",-36.863,-71.377,1
68108,"2021-08-23 05:18:03",357070,0,3,375,36.244501236257,104.591615821965,12,2.33345894718221,0.569434095590011,4465187.90559275,-36.858449482348,-71.3796628260149,1500,"Chillán, Nevados de",-36.863,-71.377,1
68109,"2021-08-23 05:30:02",357070,0,2,1000,38.795962587685,103.384084177709,7,0.805946386916291,0.601012253793141,3873255.11602754,-36.8540021430746,-71.3767211723409,1414.21,"Chillán, Nevados de",-36.863,-71.377,1
68110,"2021-08-23 06:06:04",357070,0,4,750,38.9791641287478,-82.8492701481745,6,1.06258959923901,0.562813679501386,5538141.91059256,-36.8652046152475,-71.379872411859,1060.66,"Chillán, Nevados de",-36.863,-71.377,1
68111,"2021-08-24 05:00:03",357070,0,3,375,53.8731869292722,107.534773755884,11,2.15933253469761,0.649455217117898,3821876.96012366,-36.8618270498877,-71.3797676102055,1546.16,"Chillán, Nevados de",-36.863,-71.377,1
68112,"2021-08-24 05:48:04",357070,0,4,375,12.4128115387446,-79.7603558125182,8,2.28325735538812,0.485148807658828,4551462.26143978,-36.8585336025536,-71.3754596240801,1185.85,"Chillán, Nevados de",-36.863,-71.377,1
68113,"2021-08-24 06:15:02",357070,0,2,1000,34.6088834655277,-82.3551433801098,7,1.10018531748214,0.753094740866439,6560011.89803682,-36.8632327741136,-71.365790980576,2236.07,"Chillán, Nevados de",-36.863,-71.377,1
68114,"2021-08-24 06:36:03",357070,0,3,375,64.0161828178917,-87.5236839877017,21,2.98729643522353,1.19089385231794,4547144.03797978,-36.8653727482343,-71.37146525187,2019.44,"Chillán, Nevados de",-36.863,-71.377,1
68115,"2021-08-25 03:35:01",357070,0,1,1000,4.59522078937085,-97.5052325127003,2,0.275420781061754,0.210428540179845,1228353.35266809,-36.8630090110135,-71.377000245322,1000,"Chillán, Nevados de",-36.863,-71.377,1
68116,"2021-08-27 03:25:01",357070,0,1,1000,18.760056325823,80.6118414211442,3,0.44088320372816,0.33334326450547,2032504.85130885,-36.8717909712506,-71.3884898966035,1414.21,"Chillán, Nevados de",-36.863,-71.377,1
68117,"2021-08-27 04:54:04",357070,0,4,375,57.9539662998071,108.417010107619,9,0.977021463641102,0.572606354058678,1023675.74613051,-36.8617427709321,-71.383970979333,1125,"Chillán, Nevados de",-36.863,-71.377,1
68118,"2021-08-29 03:10:01",357070,0,1,1000,37.9485629629631,82.9221481481482,1,0.215984065578697,0.191950210753253,454239.856200891,-36.8630090110135,-71.377000245322,0,"Chillán, Nevados de",-36.863,-71.377,1
68119,"2021-08-29 05:06:03",357070,0,3,375,48.8341357466524,106.543942435858,16,4.1057804398699,1.79435787451898,5850788.36854452,-36.8651203260042,-71.3840759656699,1352.08,"Chillán, Nevados de",-36.863,-71.377,1
68120,"2021-08-29 05:54:04",357070,0,4,375,22.2575761466972,-80.8654084456657,11,2.36785136253857,1.30606455895644,2687647.84656728,-36.8652046152475,-71.379872411859,21427.6,"Chillán, Nevados de",-36.863,-71.377,1
68121,"2021-08-29 06:48:03",357070,0,3,375,67.3073701075459,-88.4653213702446,13,1.83286893501368,1.3633840198728,1188383.69145035,-36.8550719126286,-71.3795580592841,1546.16,"Chillán, Nevados de",-36.863,-71.377,1
68122,"2021-08-30 03:55:01",357070,0,1,1000,35.6488481012658,-103.072088607595,2,0.41357850577028,0.379740892320538,639530.894200112,-36.8627841919951,-71.3882093860254,1000,"Chillán, Nevados de",-36.863,-71.377,1
68123,"2021-08-30 04:48:03",357070,0,3,375,61.896089917455,109.541929369729,14,2.04422803843517,1.5215275775432,1323085.54163279,-36.8551560225663,-71.3753550419743,1546.16,"Chillán, Nevados de",-36.863,-71.377,1
68124,"2021-08-30 05:36:04",357070,0,4,375,8.59366637975158,101.080244113369,8,1.83820358545783,0.896769546952142,2383004.90996752,-36.8551560225663,-71.3753550419743,1500,"Chillán, Nevados de",-36.863,-71.377,1
68125,"2021-08-30 06:24:03",357070,0,3,375,56.0051463484284,-85.6460071893509,14,3.16907195370637,1.39654487511466,4486709.16768527,-36.8686663294419,-71.3757734749843,1185.85,"Chillán, Nevados de",-36.863,-71.377,1
68126,"2021-08-31 05:18:04",357070,0,4,375,35.808166357324,104.437467040738,12,1.65485503733472,1.00082882235783,1655503.85666024,-36.8550719126286,-71.3795580592841,1546.16,"Chillán, Nevados de",-36.863,-71.377,1
68127,"2021-08-31 06:06:03",357070,0,3,375,38.527891585415,-82.8499884060008,11,1.63355429273987,0.953928625253131,1720302.47082581,-36.8585336025536,-71.3754596240801,1500,"Chillán, Nevados de",-36.863,-71.377,1
68128,"2021-09-01 05:00:04",357070,0,4,375,53.6315533723247,107.417249579169,9,1.30505954708344,0.694941006446761,1544362.5559866,-36.8617427709321,-71.383970979333,1546.16,"Chillán, Nevados de",-36.863,-71.377,1
68129,"2021-09-01 05:25:02",357070,0,2,1000,45.9224724724725,104.365575575575,5,0.812483550752702,0.689830112458525,2318149.98375994,-36.8630090110135,-71.377000245322,1414.21,"Chillán, Nevados de",-36.863,-71.377,1
68130,"2021-09-01 05:48:03",357070,0,3,375,11.8549819209761,-79.8790276364701,10,1.53402364650008,0.802305009786735,1852162.79918066,-36.8686663294419,-71.3757734749843,1500,"Chillán, Nevados de",-36.863,-71.377,1
68131,"2021-09-01 06:36:04",357070,0,4,375,64.2282913693493,-87.5709747263147,13,2.91507905785943,1.01483839131982,4809984.1871784,-36.8653727482343,-71.37146525187,1185.85,"Chillán, Nevados de",-36.863,-71.377,1
68132,"2021-09-02 04:42:04",357070,0,4,750,65.1293815442449,110.491440530324,13,2.58423390427462,2.1170349844251,5177148.03058253,-36.864866567298,-71.3966865219996,2371.71,"Chillán, Nevados de",-36.863,-71.377,1
68133,"2021-09-02 05:30:03",357070,0,3,375,19.1119957125309,102.591127773531,9,1.48769208176405,0.874018791948698,1553360.5148451,-36.8685821784274,-71.3799772309783,1185.85,"Chillán, Nevados de",-36.863,-71.377,1
68134,"2021-09-02 06:18:04",357070,0,4,375,51.3373820929583,-84.7396483077279,6,0.799311402563789,0.573681229388416,571126.375850161,-36.8653727482343,-71.37146525187,1185.85,"Chillán, Nevados de",-36.863,-71.377,1
68135,"2021-09-03 03:30:01",357070,0,1,1000,7.35636687797142,78.5744255150555,1,0.181259704981952,0.140512039248061,770130.882370547,-36.8630090110135,-71.377000245322,0,"Chillán, Nevados de",-36.863,-71.377,1
68136,"2021-09-03 05:12:03",357070,0,3,750,43.0589550375573,105.575912640194,7,2.7205100464925,1.09071269053045,18060191.9507545,-36.858449482348,-71.3796628260149,1060.66,"Chillán, Nevados de",-36.863,-71.377,1
68137,"2021-09-03 06:00:04",357070,0,4,750,31.1842533029776,-81.8742691699674,4,1.291834915015,0.647768292229556,7137063.26374116,-36.8653727482343,-71.37146525187,1060.66,"Chillán, Nevados de",-36.863,-71.377,1
68138,"2021-09-04 04:54:03",357070,0,3,375,58.1495921830751,108.527327788776,13,2.11507329903024,0.93402134333654,2989537.76284969,-36.8616583434973,-71.3881743309669,1352.08,"Chillán, Nevados de",-36.863,-71.377,1
68139,"2021-09-04 05:42:04",357070,0,4,375,1.97416463434038,-71.4864923265822,7,1.00691616034766,0.501855520324928,1278434.74505755,-36.8652887559915,-71.3756688405821,1185.85,"Chillán, Nevados de",-36.863,-71.377,1
68140,"2021-09-05 03:20:01",357070,0,1,1000,29.0781578947369,81.8698992161253,2,0.321910827221992,0.275722386732595,872961.525249603,-36.8630090110135,-71.377000245322,1414.21,"Chillán, Nevados de",-36.863,-71.377,1
68141,"2021-09-05 05:00:02",357070,0,2,1000,64.7518279569893,108.192329749104,3,0.492161125126784,0.456355160381142,676732.733692632,-36.8540021430746,-71.3767211723409,2236.07,"Chillán, Nevados de",-36.863,-71.377,1
68142,"2021-09-05 05:24:04",357070,0,4,375,27.7365183584517,103.425358913041,9,0.982833412037818,0.654480656486219,831142.912489985,-36.8652046152475,-71.379872411859,1185.85,"Chillán, Nevados de",-36.863,-71.377,1
68143,"2021-09-07 05:36:03",357070,0,3,375,9.10944170462824,101.482219256462,1,0.0825894762597714,0.0644984218675025,45792.9814304307,-36.8652046152475,-71.379872411859,0,"Chillán, Nevados de",-36.863,-71.377,1
68144,"2021-09-08 05:18:03",357070,0,3,375,36.1774826803249,104.578454354207,8,1.28443318674546,0.426533309371173,2171559.06460366,-36.8651203260042,-71.3840759656699,838.526,"Chillán, Nevados de",-36.863,-71.377,1
68146,"2021-09-09 05:00:03",357070,0,3,750,53.9008347952224,107.525547596617,8,2.17201944599839,1.19818304335132,10791324.6368328,-36.8652046152475,-71.379872411859,1677.05,"Chillán, Nevados de",-36.863,-71.377,1
68147,"2021-09-09 05:48:04",357070,0,4,375,12.3899271465991,-79.7487010571758,5,0.922331566670811,0.439312882114455,1222641.04528328,-36.8686663294419,-71.3757734749843,1125,"Chillán, Nevados de",-36.863,-71.377,1
68148,"2021-09-09 06:15:02",357070,0,2,1000,34.657455548743,-82.3568853464133,1,0.170794183012487,0.1473596134969,442913.363844591,-36.8632327741136,-71.365790980576,1000,"Chillán, Nevados de",-36.863,-71.377,1
68149,"2021-09-10 05:30:04",357070,0,4,375,18.6283724397933,102.376849918993,5,0.605378406704568,0.431991710129203,438885.075706391,-36.8652046152475,-71.379872411859,838.526,"Chillán, Nevados de",-36.863,-71.377,1
68151,"2021-09-14 05:06:03",357070,0,3,375,48.8038545445956,106.539848211608,9,1.84720980649936,0.439355683047406,3563630.74998775,-36.8652046152475,-71.379872411859,1060.66,"Chillán, Nevados de",-36.863,-71.377,1
68152,"2021-09-14 05:54:04",357070,0,4,375,22.2299824447436,-80.8826965747439,5,0.704525530121334,0.257741097582074,1130923.094865,-36.8685821784274,-71.3799772309783,838.526,"Chillán, Nevados de",-36.863,-71.377,1
68153,"2021-09-14 06:48:03",357070,0,3,375,67.3188313865535,-88.4662929346088,9,0.801786345771987,0.448848349832684,893374.302221359,-36.8652887559915,-71.3756688405821,1875,"Chillán, Nevados de",-36.863,-71.377,1
68154,"2021-09-15 03:55:01",357070,0,1,1000,35.7234600760456,-103.078504435995,3,0.440997165291456,0.36081045250741,1515528.87161847,-36.8630090110135,-71.377000245322,1000,"Chillán, Nevados de",-36.863,-71.377,1
68155,"2021-09-15 05:35:02",357070,0,2,1000,30.2772196531792,102.412583815029,2,0.340058338367923,0.233209026445215,2019451.99533917,-36.8630090110135,-71.377000245322,1000,"Chillán, Nevados de",-36.863,-71.377,1
68156,"2021-09-15 05:36:04",357070,0,4,750,8.68477480588015,101.027158741867,4,1.08958063678275,0.537518923236225,6117533.8632374,-36.8653727482343,-71.37146525187,1060.66,"Chillán, Nevados de",-36.863,-71.377,1
68157,"2021-09-15 06:24:03",357070,0,3,375,56.0242521263636,-85.6479116732639,8,0.97781753467443,0.58172276993747,1002614.87324043,-36.8652887559915,-71.3756688405821,1185.85,"Chillán, Nevados de",-36.863,-71.377,1
68158,"2021-09-16 03:00:01",357070,0,1,1000,51.7124661246615,84.884214092141,3,0.457704655134444,0.410375851257749,894514.393269524,-36.8630090110135,-71.377000245322,2000,"Chillán, Nevados de",-36.863,-71.377,1
68159,"2021-09-16 05:18:04",357070,0,4,375,35.8414785025556,104.444667684822,6,1.66194021250069,0.478836440396295,2994731.42313925,-36.8652046152475,-71.379872411859,530.33,"Chillán, Nevados de",-36.863,-71.377,1
68160,"2021-09-16 06:06:03",357070,0,3,375,38.5550848413821,-82.8544904217885,7,1.40585686850939,0.519000605438011,2244854.91589944,-36.8652887559915,-71.3756688405821,838.526,"Chillán, Nevados de",-36.863,-71.377,1
68161,"2021-09-16 06:20:02",357070,0,2,1000,42.6664932885906,-83.2751677852349,5,0.758652527371614,0.644395680178859,2159454.41194307,-36.8632327741136,-71.365790980576,2236.07,"Chillán, Nevados de",-36.863,-71.377,1
68162,"2021-09-17 03:40:01",357070,0,1,1000,16.2196573338904,-100.695211032177,5,1.07727654875713,0.765845548869768,5886045.8978711,-36.8630090110135,-71.377000245322,1414.21,"Chillán, Nevados de",-36.863,-71.377,1
68163,"2021-09-17 05:00:04",357070,0,4,375,53.6462994799946,107.422375061439,7,1.89665380303745,0.613190734107996,3248765.89322767,-36.8617427709321,-71.383970979333,838.526,"Chillán, Nevados de",-36.863,-71.377,1
68164,"2021-09-17 05:25:02",357070,0,2,1000,45.9116901408451,104.371257545272,5,0.852296667013603,0.744090240714776,2045101.45704781,-36.8630090110135,-71.377000245322,1414.21,"Chillán, Nevados de",-36.863,-71.377,1
68165,"2021-09-17 05:48:03",357070,0,3,375,11.8968118608655,-79.8886712736049,3,1.08814637410187,0.288301186078693,2024608.13218365,-36.8652046152475,-71.379872411859,530.33,"Chillán, Nevados de",-36.863,-71.377,1
68166,"2021-09-17 06:36:04",357070,0,4,375,64.2019638124085,-87.5653501411258,11,1.76290336407006,0.963880202371862,2022527.37804857,-36.8686663294419,-71.3757734749843,1185.85,"Chillán, Nevados de",-36.863,-71.377,1
68167,"2021-09-18 04:42:04",357070,0,4,375,65.0256288381914,110.458466486846,11,1.36898115694541,0.823875352745711,1379799.06688048,-36.8614890431978,-71.3965809816307,1875,"Chillán, Nevados de",-36.863,-71.377,1
68168,"2021-09-18 05:30:03",357070,0,3,375,19.0755053314879,102.588071781052,3,0.307204076762241,0.115059579613747,486365.758407124,-36.8652046152475,-71.379872411859,530.33,"Chillán, Nevados de",-36.863,-71.377,1
68169,"2021-09-18 06:18:04",357070,0,4,375,51.3269362581998,-84.7434218955494,5,0.459686987813338,0.318472979556222,357447.958400826,-36.8652887559915,-71.3756688405821,530.33,"Chillán, Nevados de",-36.863,-71.377,1
68170,"2021-09-19 03:30:01",357070,0,1,1000,7.21116996047427,78.5309960474307,3,0.526878130950545,0.389395359753955,2598424.37561556,-36.8630090110135,-71.377000245322,1414.21,"Chillán, Nevados de",-36.863,-71.377,1
68171,"2021-09-19 05:12:03",357070,0,3,375,42.9389312579418,105.552018827494,9,1.32107666680349,0.610842013096744,1797781.4671952,-36.8652046152475,-71.379872411859,838.526,"Chillán, Nevados de",-36.863,-71.377,1
68172,"2021-09-19 06:00:04",357070,0,4,375,31.097902790555,-81.8785907299177,5,0.972112849026412,0.369317854191074,1525824.83067695,-36.8652887559915,-71.3756688405821,838.526,"Chillán, Nevados de",-36.863,-71.377,1
68173,"2021-09-20 04:15:01",357070,0,1,1000,55.1100154083205,-106.145362095532,1,0.119431000724625,0.108625435871282,204225.175728183,-36.8720158634551,-71.3772794423447,1000,"Chillán, Nevados de",-36.863,-71.377,1
68174,"2021-09-20 04:54:03",357070,0,3,750,58.2094546989173,108.566194573356,7,1.19533709630026,0.735471793749755,5095882.38388774,-36.8650358882635,-71.3882795019841,2250,"Chillán, Nevados de",-36.863,-71.377,1
68175,"2021-09-20 05:42:04",357070,0,4,375,1.92573787114856,-69.755578171096,6,1.50846556751122,0.41782802715034,2760676.27403849,-36.8652887559915,-71.3756688405821,22380.9,"Chillán, Nevados de",-36.863,-71.377,1
68176,"2021-09-20 05:55:02",357070,0,2,1000,2.74926401869159,-74.575136292835,3,0.389544615730304,0.298138504983862,1727575.49310775,-36.8632327741136,-71.365790980576,1000,"Chillán, Nevados de",-36.863,-71.377,1
68177,"2021-09-20 06:30:03",357070,0,3,375,60.3213793094783,-86.5910343719312,5,0.663888347413837,0.324373868647628,859396.024376966,-36.8686663294419,-71.3757734749843,838.526,"Chillán, Nevados de",-36.863,-71.377,1
68178,"2021-09-21 04:36:03",357070,0,3,375,68.0398922336766,111.592504325526,8,1.13911093306733,0.71308083344707,1078388.68966379,-36.8581115169141,-71.3964754588476,1875,"Chillán, Nevados de",-36.863,-71.377,1
68180,"2021-09-21 06:12:03",357070,0,3,375,45.2916674558426,-83.7676425068937,7,1.03881633357892,0.620020346858686,1060077.3413856,-36.8652887559915,-71.3756688405821,750,"Chillán, Nevados de",-36.863,-71.377,1
68181,"2021-09-22 04:00:01",357070,0,1,1000,43.4028856152514,-104.142703639515,1,0.160188628071552,0.145739508444588,273088.360949621,-36.8630090110135,-71.377000245322,0,"Chillán, Nevados de",-36.863,-71.377,1
68182,"2021-09-22 05:06:04",357070,0,4,375,48.5796892081956,106.426144731523,8,1.05841954749469,0.7026685901199,900494.610854935,-36.8652046152475,-71.379872411859,838.526,"Chillán, Nevados de",-36.863,-71.377,1
68183,"2021-09-22 05:45:02",357070,0,2,1000,20.29190792386,101.396901283754,2,0.344408393817879,0.299638717774135,846146.877226764,-36.8630090110135,-71.377000245322,1000,"Chillán, Nevados de",-36.863,-71.377,1
68184,"2021-09-22 05:54:03",357070,0,3,375,21.7909758030314,-80.9215665949643,6,1.00874861096938,0.565991094481064,1120729.96361106,-36.8652887559915,-71.3756688405821,530.33,"Chillán, Nevados de",-36.863,-71.377,1
68185,"2021-09-22 06:42:04",357070,0,4,375,67.4580730038897,-88.5016691093667,10,1.29321277255866,0.888517629150802,1024384.58175115,-36.861911180362,-71.3755642236151,1185.85,"Chillán, Nevados de",-36.863,-71.377,1
68186,"2021-09-23 04:48:04",357070,0,4,375,61.7383771554911,109.439865821941,9,1.31818329896271,0.678057406343783,1620318.66569166,-36.8615737675852,-71.3923776650764,1677.05,"Chillán, Nevados de",-36.863,-71.377,1
68187,"2021-09-23 05:36:03",357070,0,3,375,9.09275035291885,101.4782003443,3,0.638281497627944,0.256367069608975,966720.895923015,-36.8652046152475,-71.379872411859,530.33,"Chillán, Nevados de",-36.863,-71.377,1
68188,"2021-09-23 06:24:04",357070,0,4,375,56.2382866651667,-85.6813484279543,5,1.12252250746375,0.412014604199789,1798473.13013691,-36.8652887559915,-71.3756688405821,838.526,"Chillán, Nevados de",-36.863,-71.377,1
68189,"2021-09-23 06:25:02",357070,0,2,1000,49.4398809523809,-84.1791071428572,2,0.323708401651113,0.294444298654004,553091.546645363,-36.8632327741136,-71.365790980576,2000,"Chillán, Nevados de",-36.863,-71.377,1
68190,"2021-09-24 05:18:03",357070,0,3,375,36.1686428714824,104.587330029367,9,1.48374991275678,0.974403857584868,1289282.20215389,-36.8652046152475,-71.379872411859,530.33,"Chillán, Nevados de",-36.863,-71.377,1
68191,"2021-09-24 06:06:04",357070,0,4,375,38.8497652749758,-82.8223445982278,3,0.561356758436805,0.330344618399222,584749.479470132,-36.8652887559915,-71.3756688405821,530.33,"Chillán, Nevados de",-36.863,-71.377,1
68192,"2021-09-25 05:00:03",357070,0,3,375,53.8358836451591,107.529914768236,5,0.999408490894308,0.55510169553425,1124651.57575515,-36.8652046152475,-71.379872411859,530.33,"Chillán, Nevados de",-36.863,-71.377,1
68193,"2021-09-25 05:48:04",357070,0,4,375,12.3155014807292,-79.7345304303569,3,0.611761315347257,0.327802668724064,718770.324264957,-36.8652046152475,-71.379872411859,530.33,"Chillán, Nevados de",-36.863,-71.377,1
68194,"2021-09-25 06:42:03",357070,0,3,375,64.0443138315961,-87.5576807341482,9,1.83873827139775,0.90711907323243,2358161.09535598,-36.8653727482343,-71.37146525187,1185.85,"Chillán, Nevados de",-36.863,-71.377,1
68195,"2021-09-26 04:42:03",357070,0,3,375,65.1498929183413,110.559769662668,8,0.878426110342848,0.56615983732282,790424.003581946,-36.8615737675852,-71.3923776650764,1677.05,"Chillán, Nevados de",-36.863,-71.377,1
68196,"2021-09-26 05:30:04",357070,0,4,375,18.6967583651669,102.384501088441,6,0.851662767571064,0.441442826723625,1038369.22527008,-36.8652046152475,-71.379872411859,530.33,"Chillán, Nevados de",-36.863,-71.377,1
68197,"2021-09-26 06:18:03",357070,0,3,375,51.0648434913801,-84.7102306866164,8,0.896321154598534,0.580490076557393,799447.416291638,-36.8653727482343,-71.37146525187,1185.85,"Chillán, Nevados de",-36.863,-71.377,1
68198,"2021-09-27 05:12:04",357070,0,4,375,42.6971156334674,105.435847635695,8,1.40228888460295,0.578074519169695,2086292.61250292,-36.8652046152475,-71.379872411859,838.526,"Chillán, Nevados de",-36.863,-71.377,1
68199,"2021-09-27 06:00:02",357070,0,2,1000,14.4722706705058,-80.1808926367749,1,0.151043150902913,0.126473242556846,464371.267740665,-36.8630090110135,-71.377000245322,0,"Chillán, Nevados de",-36.863,-71.377,1
68200,"2021-09-27 06:00:03",357070,0,3,375,30.7068932749303,-81.86728652609,3,0.631923133198876,0.233739006076078,1007903.57177958,-36.8686663294419,-71.3757734749843,530.33,"Chillán, Nevados de",-36.863,-71.377,1
68201,"2021-09-29 04:05:01",357070,0,1,1000,49.8144078144078,-105.177643467643,3,0.567200064820158,0.497440078153067,1318463.74800801,-36.8717909712506,-71.3884898966035,1414.21,"Chillán, Nevados de",-36.863,-71.377,1
68202,"2021-09-29 04:36:04",357070,0,4,375,67.9501798836341,111.522331348745,17,2.93988549693239,1.47737662300019,3701975.58714087,-36.8581115169141,-71.3964754588476,2186.61,"Chillán, Nevados de",-36.863,-71.377,1
68203,"2021-09-29 05:24:03",357070,0,3,750,28.2598873683423,103.592687684523,6,1.5678065718306,1.08033703785179,5401771.77340277,-36.8652046152475,-71.379872411859,1060.66,"Chillán, Nevados de",-36.863,-71.377,1
68204,"2021-09-29 05:50:02",357070,0,2,1000,9.08548180727709,99.8114634146342,4,1.01121768856768,0.627255198015719,7256891.07143203,-36.8630090110135,-71.377000245322,1414.21,"Chillán, Nevados de",-36.863,-71.377,1
68205,"2021-09-29 06:12:04",357070,0,4,750,45.5880069810286,-83.7856941272438,4,1.17249357621325,0.694444294952743,5297383.597968,-36.8719597394271,-71.3800820675666,1060.66,"Chillán, Nevados de",-36.863,-71.377,1
68206,"2021-10-01 03:55:01",357070,0,1,1000,35.7854354736173,-103.085740623013,8,2.50218424632949,1.04527860477998,27535516.6252858,-36.8630090110135,-71.377000245322,2236.07,"Chillán, Nevados de",-36.863,-71.377,1
68207,"2021-10-01 04:48:03",357070,0,3,750,61.993600614335,109.564465551043,12,3.05908770821403,1.65263685389404,15585233.5294333,-36.8582807965494,-71.388069177474,2704.16,"Chillán, Nevados de",-36.863,-71.377,1
68208,"2021-10-01 05:35:02",357070,0,2,1000,30.2310502019619,102.409249855742,7,1.68066541315974,0.905392476326782,14652658.5061429,-36.8630090110135,-71.377000245322,2000,"Chillán, Nevados de",-36.863,-71.377,1
68209,"2021-10-01 05:36:04",357070,0,4,750,8.74631480450462,101.099099740259,4,1.90428905994909,0.582218951594166,14650189.388208,-36.8652046152475,-71.379872411859,1060.66,"Chillán, Nevados de",-36.863,-71.377,1
68210,"2021-10-01 06:24:03",357070,0,3,750,56.1013337460374,-85.6613210853202,5,1.40146677426016,0.722448617089027,7524369.95415259,-36.8719597394271,-71.3800820675666,1677.05,"Chillán, Nevados de",-36.863,-71.377,1
68211,"2021-10-02 06:06:03",357070,0,3,375,38.5435322350299,-82.8400239798309,7,0.87494530122884,0.394598597963044,1215877.59264155,-36.8687503319371,-71.371569701552,1125,"Chillán, Nevados de",-36.863,-71.377,1
68212,"2021-10-02 06:20:02",357070,0,2,1000,42.7445215918713,-83.2761558001693,5,0.583862858561394,0.483056130826401,1905247.15419136,-36.8632327741136,-71.365790980576,2000,"Chillán, Nevados de",-36.863,-71.377,1
68213,"2021-10-03 03:40:01",357070,0,1,1000,16.2925146443515,-100.70130125523,7,1.72867734730064,0.804941031089426,17458616.376392,-36.8720158634551,-71.3772794423447,2236.07,"Chillán, Nevados de",-36.863,-71.377,1
68214,"2021-10-03 05:00:04",357070,0,4,750,53.7535527985144,107.444556598427,6,2.91950367773345,0.761352060640364,23915017.6069127,-36.8650358882635,-71.3882795019841,1060.66,"Chillán, Nevados de",-36.863,-71.377,1
68215,"2021-10-03 05:25:02",357070,0,2,1000,45.8930309072782,104.368225324028,12,2.43302346931505,1.383324807809,19839304.7024644,-36.8540021430746,-71.3767211723409,2236.07,"Chillán, Nevados de",-36.863,-71.377,1
68216,"2021-10-03 05:48:03",357070,0,3,750,11.9310997333191,-79.9431112131322,5,3.12002714413166,0.696363230074148,26857225.7476498,-36.8653727482343,-71.37146525187,1060.66,"Chillán, Nevados de",-36.863,-71.377,1
68217,"2021-10-03 06:36:04",357070,0,4,750,64.2459195639918,-87.5877020422623,12,2.77232980093037,1.62900139037863,12669507.9494264,-36.8719597394271,-71.3800820675666,2371.71,"Chillán, Nevados de",-36.863,-71.377,1
68218,"2021-10-04 02:45:01",357070,0,1,1000,61.4226315789474,86.781954887218,13,3.37282431255064,2.05875478047693,24835914.1561931,-36.8715650228213,-71.3997002261797,4123.11,"Chillán, Nevados de",-36.863,-71.377,1
68219,"2021-10-04 04:25:01",357070,0,1,1000,63.4836885245902,-108.159836065574,12,2.35730305783555,1.93593355553774,7963883.5934286,-36.8544484680111,-71.3543051455064,2236.07,"Chillán, Nevados de",-36.863,-71.377,1
68220,"2021-10-04 04:42:04",357070,0,4,750,65.1643895434624,110.511330529879,14,4.99644061558647,1.97907408774053,33436192.8366928,-36.864866567298,-71.3966865219996,2704.16,"Chillán, Nevados de",-36.863,-71.377,1
68221,"2021-10-04 05:30:03",357070,0,3,750,19.218053570443,102.568346707419,7,4.37916428805755,1.02048995137739,37218309.993337,-36.8652046152475,-71.379872411859,1060.66,"Chillán, Nevados de",-36.863,-71.377,1
68222,"2021-10-04 06:10:02",357070,0,2,1000,25.3056618819777,-81.3912759170654,5,2.40561179910386,0.636353059552775,33438990.1775155,-36.8630090110135,-71.377000245322,2236.07,"Chillán, Nevados de",-36.863,-71.377,1
68223,"2021-10-04 06:18:04",357070,0,4,750,51.2651578541344,-84.7275161061924,11,3.73670760829015,1.54633598849118,24272055.5118973,-36.858449482348,-71.3796628260149,1500,"Chillán, Nevados de",-36.863,-71.377,1
68224,"2021-10-05 03:30:01",357070,0,1,1000,7.15165217391305,78.5093675889328,5,1.92551805783568,0.485015556273532,27225497.2795247,-36.8630090110135,-71.377000245322,1414.21,"Chillán, Nevados de",-36.863,-71.377,1
68225,"2021-10-05 05:12:03",357070,0,3,750,43.0585280375669,105.582585640045,8,2.53944730028445,0.831977320670777,18920901.7115941,-36.8652046152475,-71.379872411859,1677.05,"Chillán, Nevados de",-36.863,-71.377,1
68226,"2021-10-05 05:15:02",357070,0,2,1000,56.8904609218437,106.308296593186,6,0.680421616721596,0.48478476898111,3697536.4222952,-36.8630090110135,-71.377000245322,1414.21,"Chillán, Nevados de",-36.863,-71.377,1
68227,"2021-10-05 06:00:04",357070,0,4,750,31.0581413057964,-81.8482101705499,7,3.99659194092938,0.959907241060797,33650262.3304187,-36.8652046152475,-71.379872411859,1500,"Chillán, Nevados de",-36.863,-71.377,1
68228,"2021-10-06 04:54:03",357070,0,3,750,58.2564146978676,108.556232573579,12,4.68110266001747,1.63932656719892,33706681.3285455,-36.858449482348,-71.3796628260149,2121.32,"Chillán, Nevados de",-36.863,-71.377,1
68229,"2021-10-06 05:42:04",357070,0,4,750,2.03531395450719,-39.6567011136036,5,4.63388332806938,0.77526758009825,42758285.7572051,-36.8652046152475,-71.379872411859,1060.66,"Chillán, Nevados de",-36.863,-71.377,1
68230,"2021-10-06 05:55:02",357070,0,2,1000,2.77665109034268,-74.7999065420561,4,2.59547517425302,0.557680434490709,38514320.5815077,-36.8630090110135,-71.377000245322,1000,"Chillán, Nevados de",-36.863,-71.377,1
68231,"2021-10-06 06:30:03",357070,0,3,750,60.3847426502958,-86.5927900645003,12,4.04260257772779,1.76706433087441,25215808.197944,-36.8653727482343,-71.37146525187,2371.71,"Chillán, Nevados de",-36.863,-71.377,1
68232,"2021-10-06 18:00:04",357070,1,4,750,44.0346710157484,83.8304731262429,4,6.92412341834694,1.68954511959924,58005670.7729979,-36.8719597394271,-71.3800820675666,1060.66,"Chillán, Nevados de",-36.863,-71.377,1
68233,"2021-10-07 03:15:01",357070,0,1,1000,29.0187448979592,81.8805408163265,7,3.76816912062648,1.21705794959686,48216001.1324598,-36.8630090110135,-71.377000245322,2236.07,"Chillán, Nevados de",-36.863,-71.377,1
68234,"2021-10-07 04:36:03",357070,0,3,750,68.1869204759035,111.641354504621,21,7.63447647693143,3.45534967893969,46309948.830246,-36.8582807965494,-71.388069177474,3181.98,"Chillán, Nevados de",-36.863,-71.377,1
68235,"2021-10-07 05:00:02",357070,0,2,1000,64.7631316725979,108.190889679715,10,2.29004284485918,1.68705029494451,11396559.1933873,-36.8632327741136,-71.365790980576,2828.43,"Chillán, Nevados de",-36.863,-71.377,1
68236,"2021-10-07 05:24:04",357070,0,4,750,27.9592133750629,103.467047687331,7,5.63988374270638,1.3187254324414,47883835.5256238,-36.8652046152475,-71.379872411859,1060.66,"Chillán, Nevados de",-36.863,-71.377,1
68237,"2021-10-07 06:12:03",357070,0,3,750,45.3718569858599,-83.788858127173,7,3.79391089478508,1.27611834040259,27900288.743251,-36.8653727482343,-71.37146525187,1500,"Chillán, Nevados de",-36.863,-71.377,1
68238,"2021-10-07 06:40:02",357070,0,2,1000,59.8351287553648,-86.0128111587983,11,2.43676766558467,2.01121663055899,8042914.56198534,-36.8634554812588,-71.3545815923702,2236.07,"Chillán, Nevados de",-36.863,-71.377,1
68239,"2021-10-07 17:42:04",357070,1,4,750,59.5547386688478,86.6200510638909,6,6.44043740071616,1.78760650462773,51559182.3672799,-36.8719597394271,-71.3800820675666,1677.05,"Chillán, Nevados de",-36.863,-71.377,1
68240,"2021-10-07 18:36:03",357070,1,3,750,1.57178696486782,-18.8903025777688,3,7.16057851675063,1.23115315219427,65705444.8209901,-36.8652046152475,-71.379872411859,1060.66,"Chillán, Nevados de",-36.863,-71.377,1
68241,"2021-10-08 04:00:01",357070,0,1,1000,43.4352554112554,-104.143012987013,9,3.53721166106941,1.49931059007182,38516330.2418545,-36.8717909712506,-71.3884898966035,2236.07,"Chillán, Nevados de",-36.863,-71.377,1
68242,"2021-10-08 05:06:04",357070,0,4,750,48.7586419101594,106.453164620586,14,5.62929434143794,2.41027356671744,35670773.9598716,-36.8652046152475,-71.379872411859,1677.05,"Chillán, Nevados de",-36.863,-71.377,1
68243,"2021-10-08 05:45:02",357070,0,2,1000,20.3062893919219,101.401833111407,6,2.78709359357822,0.94930809570141,34734145.9098717,-36.8630090110135,-71.377000245322,1414.21,"Chillán, Nevados de",-36.863,-71.377,1
68244,"2021-10-08 05:54:03",357070,0,3,750,21.790920512935,-80.8769291922597,7,8.50817041529762,1.29787448862673,79899091.7374218,-36.8653727482343,-71.37146525187,1060.66,"Chillán, Nevados de",-36.863,-71.377,1
68245,"2021-10-08 06:42:04",357070,0,4,750,67.5119504909903,-88.5388420210026,19,5.26126722177889,3.45995776276836,19960760.4426605,-36.8586175742942,-71.3712564047161,2704.16,"Chillán, Nevados de",-36.863,-71.377,1
68246,"2021-10-09 03:05:01",357070,0,1,1000,45.3768315889629,83.8853568030447,8,4.21152676301223,1.64768432251342,48456622.1254275,-36.8717909712506,-71.3884898966035,2236.07,"Chillán, Nevados de",-36.863,-71.377,1
68247,"2021-10-09 04:48:04",357070,0,4,750,61.8946776165461,109.469034553176,11,4.67320157186341,2.0749992517766,28791329.459462,-36.8582807965494,-71.388069177474,2371.71,"Chillán, Nevados de",-36.863,-71.377,1
68248,"2021-10-09 05:36:03",357070,0,3,750,9.20371579428092,101.547203730243,8,5.78851256414149,1.68000647762451,45527383.0712163,-36.8719597394271,-71.3800820675666,1060.66,"Chillán, Nevados de",-36.863,-71.377,1
68249,"2021-10-09 06:24:04",357070,0,4,750,56.24125174291,-85.6648340852417,8,3.47668421965833,1.21486535935207,25063780.2457687,-36.8721279134616,-71.3716741686415,1677.05,"Chillán, Nevados de",-36.863,-71.377,1
68250,"2021-10-09 06:25:02",357070,0,2,1000,49.4504404761905,-84.1717142857143,11,3.19901869631011,1.90769677612164,24405984.2915619,-36.8632327741136,-71.365790980576,2236.07,"Chillán, Nevados de",-36.863,-71.377,1
68251,"2021-10-10 03:50:01",357070,0,1,1000,26.7416525423729,-102.041520127119,4,1.24522121659287,0.783532039031883,8725925.45590267,-36.8630090110135,-71.377000245322,1000,"Chillán, Nevados de",-36.863,-71.377,1
68252,"2021-10-10 05:18:03",357070,0,3,750,36.0115861950783,104.586672662306,9,6.93162511767916,1.80719917656869,56785044.9599303,-36.8652046152475,-71.379872411859,1060.66,"Chillán, Nevados de",-36.863,-71.377,1
68253,"2021-10-10 05:30:02",357070,0,2,1000,38.7734903474903,103.389691119691,9,2.26517413808249,1.60918630432491,12398170.0580182,-36.8630090110135,-71.377000245322,2236.07,"Chillán, Nevados de",-36.863,-71.377,1
68254,"2021-10-10 06:06:04",357070,0,4,750,38.8064191326089,-82.8126591489928,7,4.92883276004138,1.40820737509449,39012930.0469428,-36.8652046152475,-71.379872411859,1500,"Chillán, Nevados de",-36.863,-71.377,1
68255,"2021-10-11 02:55:01",357070,0,1,1000,56.9528256513026,85.8618036072144,7,2.17203357220154,1.25597684638293,17313472.1179718,-36.8720158634551,-71.3772794423447,2000,"Chillán, Nevados de",-36.863,-71.377,1
68256,"2021-10-11 05:00:03",357070,0,3,750,53.9236567947123,107.555208595954,9,3.48451261834572,1.52439269615471,21720578.8877792,-36.858449482348,-71.3796628260149,1500,"Chillán, Nevados de",-36.863,-71.377,1
68257,"2021-10-11 05:48:04",357070,0,4,750,12.1794317277685,-79.7541502173558,6,3.7064749439604,1.12030512155334,28657994.3445482,-36.8652046152475,-71.379872411859,1500,"Chillán, Nevados de",-36.863,-71.377,1
68258,"2021-10-11 06:15:02",357070,0,2,1000,34.6844383394383,-82.3500732600733,8,2.80610544413807,1.35185211585405,27485387.904568,-36.8630090110135,-71.377000245322,2236.07,"Chillán, Nevados de",-36.863,-71.377,1
68259,"2021-10-11 06:42:03",357070,0,3,750,64.1207455667896,-87.5700390426571,12,3.83283631813707,2.12212871757611,18956778.5987161,-36.8653727482343,-71.37146525187,2371.71,"Chillán, Nevados de",-36.863,-71.377,1
68260,"2021-10-12 03:35:01",357070,0,1,1000,4.78084507042253,-97.6670226917058,4,2.28081811004102,0.673337656086698,30381380.5797367,-36.8630090110135,-71.377000245322,1414.21,"Chillán, Nevados de",-36.863,-71.377,1
68261,"2021-10-12 04:42:03",357070,0,3,750,65.2780135409227,110.622057527404,16,5.71278137396678,2.62533316557121,34212785.4592834,-36.864866567298,-71.3966865219996,3000,"Chillán, Nevados de",-36.863,-71.377,1
68262,"2021-10-12 05:20:02",357070,0,2,1000,51.9259305555555,105.322791666667,11,3.26678330364816,1.80804087733136,27570231.8573875,-36.8630090110135,-71.377000245322,2828.43,"Chillán, Nevados de",-36.863,-71.377,1
68263,"2021-10-12 05:30:04",357070,0,4,750,18.8986445775824,102.43676571036,5,3.80099167676242,0.945599748176191,31641311.8086461,-36.8652046152475,-71.379872411859,1060.66,"Chillán, Nevados de",-36.863,-71.377,1
68264,"2021-10-12 06:18:03",357070,0,3,750,51.1106678575875,-84.7392131059309,9,3.86930073848632,1.66933822357557,24378334.6183547,-36.8652046152475,-71.379872411859,1677.05,"Chillán, Nevados de",-36.863,-71.377,1
68265,"2021-10-13 02:40:01",357070,0,1,1000,65.1082352941176,87.7212745098039,8,1.80486063698357,1.44761320258616,6751976.51011116,-36.8715650228213,-71.3997002261797,2236.07,"Chillán, Nevados de",-36.863,-71.377,1
68266,"2021-10-13 04:20:01",357070,0,1,1000,59.6610217391304,-107.173760869565,14,3.17104665350441,2.38438408617355,14867922.5225533,-36.8634554812588,-71.3545815923702,2828.43,"Chillán, Nevados de",-36.863,-71.377,1
68267,"2021-10-13 05:12:04",357070,0,4,750,42.8991250411298,105.447206643071,7,3.95914453106796,1.13831395589002,31258328.8111905,-36.8650358882635,-71.3882795019841,1500,"Chillán, Nevados de",-36.863,-71.377,1
68268,"2021-10-13 06:00:02",357070,0,2,1000,14.3818573185732,-80.1568060680607,4,1.21077935507446,0.594467006173475,11648303.3942287,-36.8630090110135,-71.377000245322,1414.21,"Chillán, Nevados de",-36.863,-71.377,1
68269,"2021-10-13 06:00:03",357070,0,3,750,30.6915643139901,-81.8682571701018,7,3.17170690742727,1.1636198500611,22252114.7044389,-36.8652046152475,-71.379872411859,1060.66,"Chillán, Nevados de",-36.863,-71.377,1
68270,"2021-10-15 04:05:01",357070,0,1,1000,49.8120268620268,-105.174761904762,7,1.13158388729594,0.770701899026967,6820669.57828358,-36.8720158634551,-71.3772794423447,2236.07,"Chillán, Nevados de",-36.863,-71.377,1
68271,"2021-10-15 04:30:04",357070,0,4,750,68.1120582476918,111.512096358085,16,4.16432601320503,1.68066009984524,27522122.9024181,-36.8581115169141,-71.3964754588476,3354.1,"Chillán, Nevados de",-36.863,-71.377,1
68272,"2021-10-15 05:24:03",357070,0,3,750,28.256364368421,103.616430683992,7,2.73655336017386,0.770688230199468,21784242.9715288,-36.8652046152475,-71.379872411859,1060.66,"Chillán, Nevados de",-36.863,-71.377,1
68273,"2021-10-15 05:50:02",357070,0,2,1000,9.22739616613418,99.843107028754,3,0.616219999209272,0.280330921340689,6348303.57171622,-36.8630090110135,-71.377000245322,1000,"Chillán, Nevados de",-36.863,-71.377,1
68274,"2021-10-15 06:12:04",357070,0,4,750,45.4987409830239,-83.7623461277656,7,1.76727977339182,0.758048565859141,11183543.3184715,-36.8652046152475,-71.379872411859,1677.05,"Chillán, Nevados de",-36.863,-71.377,1
68275,"2021-10-16 03:10:01",357070,0,1,1000,37.8233211411851,82.9061082662765,8,2.08055237830119,0.99317666399095,20551401.0004635,-36.8720158634551,-71.3772794423447,2236.07,"Chillán, Nevados de",-36.863,-71.377,1
68276,"2021-10-16 05:06:03",357070,0,3,750,48.9023009069484,106.574170617882,8,3.59790883830399,1.04256086930474,28316449.6814729,-36.8582807965494,-71.388069177474,1677.05,"Chillán, Nevados de",-36.863,-71.377,1
68277,"2021-10-16 05:54:04",357070,0,4,750,22.0018905082194,-80.8260011933981,6,2.09177417177199,0.85392257229901,13716943.0366599,-36.8652046152475,-71.379872411859,1060.66,"Chillán, Nevados de",-36.863,-71.377,1
68278,"2021-10-16 06:48:03",357070,0,3,750,67.4183614930822,-88.5204640214134,12,2.19952162971569,1.62469175006499,6369833.60387931,-36.8653727482343,-71.37146525187,2121.32,"Chillán, Nevados de",-36.863,-71.377,1
68279,"2021-10-17 03:55:01",357070,0,1,1000,35.7717703045685,-103.079581218274,6,1.72992683315245,0.869112948571551,16269382.4185791,-36.8630090110135,-71.377000245322,1414.21,"Chillán, Nevados de",-36.863,-71.377,1
68280,"2021-10-17 04:48:03",357070,0,3,750,61.9867786144875,109.558565551175,11,2.4620881792161,1.74235709933933,7975520.02888446,-36.8650358882635,-71.3882795019841,2371.71,"Chillán, Nevados de",-36.863,-71.377,1
68281,"2021-10-17 05:35:02",357070,0,2,1000,30.3828200692042,102.430161476355,8,2.49492662826258,1.13920455359328,25623147.2112497,-36.8630090110135,-71.377000245322,2000,"Chillán, Nevados de",-36.863,-71.377,1
68282,"2021-10-17 05:36:04",357070,0,4,750,8.92763580045179,101.209162737799,5,1.82359009883389,0.836773595760917,10935160.3746774,-36.8652046152475,-71.379872411859,1060.66,"Chillán, Nevados de",-36.863,-71.377,1
68283,"2021-10-17 06:24:03",357070,0,3,750,56.1256837454932,-85.6493720855873,8,1.89977216426043,1.21209352581291,7620338.91229657,-36.8653727482343,-71.37146525187,2250,"Chillán, Nevados de",-36.863,-71.377,1
68284,"2021-10-18 03:00:01",357070,0,1,1000,51.683921302578,84.8800271370421,7,1.46468456012129,1.20050691552346,4992957.48289897,-36.8630090110135,-71.377000245322,2000,"Chillán, Nevados de",-36.863,-71.377,1
68285,"2021-10-18 05:18:04",357070,0,4,750,35.8716241982067,104.470205664909,7,2.12108020732555,1.2592238061623,9550446.24539027,-36.8652046152475,-71.379872411859,1060.66,"Chillán, Nevados de",-36.863,-71.377,1
68286,"2021-10-18 06:06:03",357070,0,3,750,38.6574621359384,-82.8508531481391,6,1.72092701563269,1.0702565281229,7210242.33971779,-36.8652046152475,-71.379872411859,1060.66,"Chillán, Nevados de",-36.863,-71.377,1
68287,"2021-10-18 06:20:02",357070,0,2,1000,42.6416414141414,-83.2552861952862,4,0.815849877889387,0.620614541122336,3689947.86489727,-36.8634554812588,-71.3545815923702,2000,"Chillán, Nevados de",-36.863,-71.377,1
68288,"2021-10-18 18:30:03",357070,1,3,750,10.1307057735611,80.2845562055003,4,10.1541605288378,2.48597186822126,84973115.5954568,-36.8653727482343,-71.37146525187,1060.66,"Chillán, Nevados de",-36.863,-71.377,1
68289,"2021-10-19 03:40:01",357070,0,1,1000,16.2535220125786,-100.693215932914,4,1.47899173429302,0.709639151629484,14540763.8123409,-36.8630090110135,-71.377000245322,1414.21,"Chillán, Nevados de",-36.863,-71.377,1
68290,"2021-10-19 05:00:04",357070,0,4,750,53.8577067961864,107.456537598159,9,3.09789579142505,1.6582199178477,15953408.274079,-36.8650358882635,-71.3882795019841,1677.05,"Chillán, Nevados de",-36.863,-71.377,1
68291,"2021-10-19 05:25:02",357070,0,2,1000,46.0221357285429,104.391127744511,7,1.68185704055331,1.15497731631689,9958026.78806822,-36.8630090110135,-71.377000245322,1414.21,"Chillán, Nevados de",-36.863,-71.377,1
68292,"2021-10-19 05:48:03",357070,0,3,750,11.9924117319487,-79.8423002153855,4,1.91966106737167,0.775891463642877,12674396.9213197,-36.8653727482343,-71.37146525187,1060.66,"Chillán, Nevados de",-36.863,-71.377,1
68293,"2021-10-19 06:36:04",357070,0,4,750,64.1898825652443,-87.572097042611,9,2.64844215075488,1.74773769783754,9980931.21889026,-36.8721279134616,-71.3716741686415,1677.05,"Chillán, Nevados de",-36.863,-71.377,1
68294,"2021-10-20 02:45:01",357070,0,1,1000,61.4330025445293,86.7882442748092,3,0.649587656180642,0.58737770680325,1175768.0432327,-36.8715650228213,-71.3997002261797,2828.43,"Chillán, Nevados de",-36.863,-71.377,1
68295,"2021-10-20 04:25:01",357070,0,1,1000,63.4698097826087,-108.148913043478,1,0.234465691105739,0.219138848068972,289677.333394894,-36.8632327741136,-71.365790980576,1000,"Chillán, Nevados de",-36.863,-71.377,1
68296,"2021-10-20 04:42:04",357070,0,4,750,65.2219825421751,110.510362529901,13,3.3888758266469,2.47995660947972,10071961.0752339,-36.8581115169141,-71.3964754588476,2704.16,"Chillán, Nevados de",-36.863,-71.377,1
68297,"2021-10-20 05:30:03",357070,0,3,750,19.0317895746063,102.634469705941,6,1.95037775841791,1.2260631398743,8026311.36673635,-36.8653727482343,-71.37146525187,1060.66,"Chillán, Nevados de",-36.863,-71.377,1
68298,"2021-10-20 06:18:04",357070,0,4,750,51.1825148559816,-84.6924531069761,9,2.90834416734761,1.75592804978469,12770211.1027441,-36.8653727482343,-71.37146525187,1677.05,"Chillán, Nevados de",-36.863,-71.377,1
68299,"2021-10-21 03:30:01",357070,0,1,1000,7.20342292490119,78.5480395256917,4,1.06289151597433,0.67773341972134,7279488.01918149,-36.8630090110135,-71.377000245322,1414.21,"Chillán, Nevados de",-36.863,-71.377,1
68300,"2021-10-21 05:12:03",357070,0,3,375,42.8633139717669,105.546209587795,9,2.90189336112123,0.826794895375208,5252592.99141962,-36.8652046152475,-71.379872411859,14279.6,"Chillán, Nevados de",-36.863,-71.377,1
68301,"2021-10-21 06:00:04",357070,0,4,375,30.8635020981837,-81.8472333070769,6,0.65861936371628,0.359811209463385,756358.140452642,-36.8652046152475,-71.379872411859,530.33,"Chillán, Nevados de",-36.863,-71.377,1
68302,"2021-10-22 04:54:03",357070,0,3,750,58.1767086996492,108.558510573528,7,1.6971326296584,1.17562715522626,5778932.53855109,-36.8582807965494,-71.388069177474,1677.05,"Chillán, Nevados de",-36.863,-71.377,1
68303,"2021-10-22 05:42:04",357070,0,4,375,1.66123775692082,-60.7948549438366,7,1.90906166289869,0.643166457396227,3204297.23892811,-36.8652887559915,-71.3756688405821,838.526,"Chillán, Nevados de",-36.863,-71.377,1
68304,"2021-10-22 05:55:02",357070,0,2,1000,2.55806301050175,-73.3818708673668,2,0.359776827441617,0.315286632469526,840864.684972513,-36.8630090110135,-71.377000245322,1414.21,"Chillán, Nevados de",-36.863,-71.377,1
68305,"2021-10-23 03:15:01",357070,0,1,1000,28.9838904415875,81.8656791503633,3,0.509230069959636,0.393512222794198,2187067.31142678,-36.8630090110135,-71.377000245322,1414.21,"Chillán, Nevados de",-36.863,-71.377,1
68306,"2021-10-23 04:36:03",357070,0,3,375,67.9989058265187,111.575984904049,5,0.559922692004335,0.366071105842659,490686.827471742,-36.8582807965494,-71.388069177474,2019.44,"Chillán, Nevados de",-36.863,-71.377,1
68307,"2021-10-23 05:00:02",357070,0,2,1000,64.8265232974911,108.212580645161,8,1.3282576554184,1.13968799719503,3563966.54042168,-36.8537773972255,-71.3879290000715,2828.43,"Chillán, Nevados de",-36.863,-71.377,1
68308,"2021-10-23 05:24:04",357070,0,4,750,28.1455273708984,103.467795687314,6,1.66841448057951,0.91508763714026,8347803.0838612,-36.8652046152475,-71.379872411859,1060.66,"Chillán, Nevados de",-36.863,-71.377,1
68309,"2021-10-23 06:12:03",357070,0,3,375,45.4177378185813,-83.8008953043233,8,1.90998941020684,0.630690527089354,3238225.29789113,-36.8652887559915,-71.3756688405821,838.526,"Chillán, Nevados de",-36.863,-71.377,1
68310,"2021-10-23 06:40:02",357070,0,2,1000,59.7775593952484,-85.9856155507559,1,0.158557263061591,0.148632697588219,187574.28744674,-36.8634554812588,-71.3545815923702,2000,"Chillán, Nevados de",-36.863,-71.377,1
68311,"2021-10-24 04:00:01",357070,0,1,1000,43.3887195121951,-104.134259581882,4,0.783078495039357,0.65236143404084,2470552.45287198,-36.8630090110135,-71.377000245322,1414.21,"Chillán, Nevados de",-36.863,-71.377,1
68312,"2021-10-24 05:06:04",357070,0,4,375,48.7501200434099,106.463842197314,11,2.90282583228899,0.937980684461669,4973514.2804379,-36.8652046152475,-71.379872411859,838.526,"Chillán, Nevados de",-36.863,-71.377,1
68313,"2021-10-24 05:45:02",357070,0,2,1000,20.452147918512,101.41519486271,6,1.18481485970284,0.920695909158947,4991848.16527957,-36.8630090110135,-71.377000245322,1414.21,"Chillán, Nevados de",-36.863,-71.377,1
68314,"2021-10-24 05:54:03",357070,0,3,375,21.9990155915382,-80.9518297894503,6,2.39115341504696,0.587830140337086,4564662.03910936,-36.8652887559915,-71.3756688405821,838.526,"Chillán, Nevados de",-36.863,-71.377,1
68315,"2021-10-24 06:42:04",357070,0,4,750,67.4501804923709,-88.5207860214062,17,20.6136007288356,3.04826165268948,118956620.7358,-36.8721279134616,-71.3716741686415,3824.26,"Chillán, Nevados de",-36.863,-71.377,1
68316,"2021-10-25 04:48:04",357070,0,4,375,61.8537971125249,109.478855170469,12,3.64839247273281,1.20892783026098,6174894.8762568,-36.8615737675852,-71.3923776650764,1546.16,"Chillán, Nevados de",-36.863,-71.377,1
68317,"2021-10-25 05:36:03",357070,0,3,375,8.85014841851448,101.480651985232,7,1.6557890230071,0.722741852265366,2361775.65094,-36.8652887559915,-71.3756688405821,838.526,"Chillán, Nevados de",-36.863,-71.377,1
68318,"2021-10-25 06:24:04",357070,0,4,375,56.0847574852702,-85.6439562762498,9,1.858212502599,0.976955594270839,2230681.54920565,-36.8652887559915,-71.3756688405821,838.526,"Chillán, Nevados de",-36.863,-71.377,1
68319,"2021-10-26 05:18:03",357070,0,3,750,35.8396641989211,104.553587663045,7,2.22965651160208,1.52046835754257,7858691.23217194,-36.8652046152475,-71.379872411859,1060.66,"Chillán, Nevados de",-36.863,-71.377,1
68320,"2021-10-26 05:30:02",357070,0,2,1000,38.8443847352025,103.396503115265,5,1.20449817870971,0.921237579361452,5353625.32768199,-36.8632327741136,-71.365790980576,1414.21,"Chillán, Nevados de",-36.863,-71.377,1
68321,"2021-10-26 06:06:04",357070,0,4,375,38.6078965363588,-82.7925041485353,5,1.80297695828904,0.627581571757888,2975219.57215697,-36.8652046152475,-71.379872411859,530.33,"Chillán, Nevados de",-36.863,-71.377,1
68322,"2021-10-27 05:00:03",357070,0,3,750,53.7784337979583,107.51240759691,6,1.7939266091645,1.22759595125739,6275651.60293317,-36.8652046152475,-71.379872411859,1677.05,"Chillán, Nevados de",-36.863,-71.377,1
68323,"2021-10-27 05:48:04",357070,0,4,750,11.9971817318421,-79.728282217934,3,1.34890202546087,0.668041103940587,7544790.08659659,-36.8653727482343,-71.37146525187,750,"Chillán, Nevados de",-36.863,-71.377,1
68324,"2021-10-27 06:15:02",357070,0,2,1000,34.6476546233925,-82.3383649724434,6,1.60648046251281,1.17656368828498,8125427.03290597,-36.8632327741136,-71.365790980576,2000,"Chillán, Nevados de",-36.863,-71.377,1
68325,"2021-10-27 06:42:03",357070,0,3,375,64.1599098055672,-87.5557884089874,19,4.59893638499188,2.30367560685463,5809878.84465992,-36.8620789958595,-71.3671573981681,1912.13,"Chillán, Nevados de",-36.863,-71.377,1
68326,"2021-10-28 03:35:01",357070,0,1,1000,4.68547479484173,-97.5904142243063,3,1.00589587270573,0.580511958233048,8039755.98353367,-36.8630090110135,-71.377000245322,1000,"Chillán, Nevados de",-36.863,-71.377,1
68327,"2021-10-28 04:42:03",357070,0,3,375,65.064879441913,110.531508142636,14,3.91282999273746,1.46498333555619,6196111.8509901,-36.8616583434973,-71.3881743309669,1677.05,"Chillán, Nevados de",-36.863,-71.377,1
68328,"2021-10-28 05:20:02",357070,0,2,1000,51.9442538354254,105.326569037657,1,0.188226460856534,0.179620887093813,162645.344115431,-36.8722396993981,-71.3660688639861,1414.21,"Chillán, Nevados de",-36.863,-71.377,1
68329,"2021-10-28 05:30:04",357070,0,4,375,19.0398869842288,102.428516620721,8,2.54943041817841,0.88448737666076,4214387.07384155,-36.8652046152475,-71.379872411859,530.33,"Chillán, Nevados de",-36.863,-71.377,1
68330,"2021-10-28 06:18:03",357070,0,3,375,51.2528439722548,-84.7423840018571,11,2.54900792587936,1.17928644329393,3467107.50279436,-36.8652887559915,-71.3756688405821,838.526,"Chillán, Nevados de",-36.863,-71.377,1
68331,"2021-10-29 04:20:01",357070,0,1,1000,59.6339479392625,-107.164468546638,2,0.474333078229341,0.436114291078747,722335.077146233,-36.8717909712506,-71.3884898966035,1414.21,"Chillán, Nevados de",-36.863,-71.377,1
68332,"2021-10-29 05:12:04",357070,0,4,375,42.9323767003697,105.479361551087,6,1.80193012780485,0.707713417590162,2769736.04773094,-36.8652046152475,-71.379872411859,838.526,"Chillán, Nevados de",-36.863,-71.377,1
68333,"2021-10-29 06:00:02",357070,0,2,1000,14.4104582651391,-80.158825695581,2,0.572210755824642,0.390818662658258,3428310.56084466,-36.8630090110135,-71.377000245322,1000,"Chillán, Nevados de",-36.863,-71.377,1
68334,"2021-10-29 06:00:03",357070,0,3,375,31.0188626930497,-81.929154874761,6,1.97611814677346,0.726418409909345,3163302.45893729,-36.8686663294419,-71.3757734749843,838.526,"Chillán, Nevados de",-36.863,-71.377,1
68335,"2021-10-30 03:25:01",357070,0,1,1000,18.6542683982684,80.6095064935065,4,1.48291241060947,0.855588603053673,11856419.9628046,-36.8630090110135,-71.377000245322,1414.21,"Chillán, Nevados de",-36.863,-71.377,1
68336,"2021-10-30 04:54:04",357070,0,4,375,58.1437828973597,108.474454446987,9,2.92471600443306,1.09631124135741,4628149.55653524,-36.8616583434973,-71.3881743309669,1352.08,"Chillán, Nevados de",-36.863,-71.377,1
68337,"2021-10-30 05:42:03",357070,0,3,375,1.85849163437512,-69.8189240776052,4,1.88839252164333,0.525489425071959,3449848.46319629,-36.8652046152475,-71.379872411859,530.33,"Chillán, Nevados de",-36.863,-71.377,1
68338,"2021-10-30 06:30:04",357070,0,4,375,60.3199147287565,-86.56819536635,7,1.9933867889549,0.844137211475689,2909037.99299426,-36.8652887559915,-71.3756688405821,838.526,"Chillán, Nevados de",-36.863,-71.377,1
68339,"2021-10-31 04:30:04",357070,0,4,375,68.0518851360237,111.547024766414,14,2.87813614735912,1.72590031859092,2916596.94156951,-36.8581115169141,-71.3964754588476,2515.58,"Chillán, Nevados de",-36.863,-71.377,1
68340,"2021-10-31 05:24:03",357070,0,3,375,27.8217344184526,103.563385717431,8,2.25440917235613,1.03781982007166,3079491.79797006,-36.8685821784274,-71.3799772309783,838.526,"Chillán, Nevados de",-36.863,-71.377,1
68341,"2021-10-31 05:50:02",357070,0,2,1000,9.13141199999999,99.8283,1,0.263984553919608,0.207701359449404,1063752.37548687,-36.8630090110135,-71.377000245322,0,"Chillán, Nevados de",-36.863,-71.377,1
68342,"2021-10-31 06:12:04",357070,0,4,375,45.2912936340377,-83.7323516725502,5,0.873530797055218,0.452153344691193,1066611.67629644,-36.8686663294419,-71.3757734749843,838.526,"Chillán, Nevados de",-36.863,-71.377,1
68343,"2021-11-01 03:10:01",357070,0,1,1000,37.8387454145268,82.9125458547322,2,0.483918531491032,0.400586670030007,1574972.18161337,-36.8630090110135,-71.377000245322,1000,"Chillán, Nevados de",-36.863,-71.377,1
68344,"2021-11-01 05:06:03",357070,0,3,375,48.5935130276865,106.504070733747,9,2.81565517771724,0.975017641312899,4659113.76402348,-36.8651203260042,-71.3840759656699,838.526,"Chillán, Nevados de",-36.863,-71.377,1
68345,"2021-11-01 05:54:04",357070,0,4,375,21.770757977543,-80.8211677288443,7,2.04918209258451,0.816982365069186,3119005.56027317,-36.8652046152475,-71.379872411859,838.526,"Chillán, Nevados de",-36.863,-71.377,1
68346,"2021-11-01 06:48:03",357070,0,3,375,67.4571989214498,-88.5105739128947,12,3.0156335673715,1.41788302180516,4044306.06846481,-36.8653727482343,-71.37146525187,1352.08,"Chillán, Nevados de",-36.863,-71.377,1
68347,"2021-11-02 04:48:03",357070,0,3,375,61.7383082612752,109.498576993576,14,2.72204347663263,1.51540002050941,3054316.24831189,-36.8616583434973,-71.3881743309669,1590.99,"Chillán, Nevados de",-36.863,-71.377,1
68348,"2021-11-02 05:35:02",357070,0,2,1000,30.2559182498561,102.415509499136,1,0.209954104957529,0.181072348965445,545865.188250391,-36.8630090110135,-71.377000245322,0,"Chillán, Nevados de",-36.863,-71.377,1
68349,"2021-11-02 05:36:04",357070,0,4,375,9.14759993247461,101.164894463654,5,1.19899045800848,0.616118307615699,1475395.13068173,-36.8652046152475,-71.379872411859,14706.5,"Chillán, Nevados de",-36.863,-71.377,1
68350,"2021-11-03 03:00:01",357070,0,1,1000,51.6818826739427,84.8890995907231,11,3.27336670522064,2.25486304090844,19249719.2555006,-36.8627841919951,-71.3882093860254,2828.43,"Chillán, Nevados de",-36.863,-71.377,1
68351,"2021-11-03 05:18:04",357070,0,4,750,36.0325001946108,104.466080665001,6,1.838721489671,1.24028247551173,6631452.3256525,-36.8652046152475,-71.379872411859,1060.66,"Chillán, Nevados de",-36.863,-71.377,1
68352,"2021-11-03 06:06:03",357070,0,3,375,38.8916060173619,-82.876522863882,6,2.02453579035387,0.662150432181275,3448537.93787439,-36.8652887559915,-71.3756688405821,838.526,"Chillán, Nevados de",-36.863,-71.377,1
68353,"2021-11-03 06:20:02",357070,0,2,1000,42.7738617200675,-83.2651602023609,2,0.367945145208039,0.339094028664596,545286.102671074,-36.8720158634551,-71.3772794423447,1414.21,"Chillán, Nevados de",-36.863,-71.377,1
68354,"2021-11-04 03:40:01",357070,0,1,1000,16.2891596989966,-100.696178929766,2,0.348720505622192,0.277957127555606,1337427.84545847,-36.8630090110135,-71.377000245322,1000,"Chillán, Nevados de",-36.863,-71.377,1
68355,"2021-11-04 05:00:04",357070,0,4,375,53.8665186898887,107.483497597557,5,1.57276500721356,0.320260834436961,3170401.18734078,-36.8617427709321,-71.383970979333,838.526,"Chillán, Nevados de",-36.863,-71.377,1
68356,"2021-11-04 05:48:03",357070,0,3,375,12.4003276484705,-79.9499318195844,5,1.01590311252732,0.334910441038656,1723762.69970569,-36.8652887559915,-71.3756688405821,838.526,"Chillán, Nevados de",-36.863,-71.377,1
68357,"2021-11-04 06:36:04",357070,0,4,375,64.0286275303308,-87.5036664985531,11,1.33655559741851,0.741391904560945,1506508.0975457,-36.8653727482343,-71.37146525187,1500,"Chillán, Nevados de",-36.863,-71.377,1
68358,"2021-11-05 05:30:03",357070,0,3,375,18.5988597167826,102.560272613178,8,2.97520032057543,0.94016195424582,5151190.86477182,-36.8652046152475,-71.379872411859,20002,"Chillán, Nevados de",-36.863,-71.377,1
68359,"2021-11-05 06:10:02",357070,0,2,1000,25.2887132169576,-81.3277206982543,3,0.65337653491478,0.491235974556847,3064456.59076493,-36.8722396993981,-71.3660688639861,1414.21,"Chillán, Nevados de",-36.863,-71.377,1
68360,"2021-11-05 06:18:04",357070,0,4,375,51.0363328675414,-84.678590335615,9,1.7745130951403,0.936656154815547,2120825.38019703,-36.8687503319371,-71.371569701552,1185.85,"Chillán, Nevados de",-36.863,-71.377,1
68361,"2021-11-06 03:30:01",357070,0,1,1000,7.12547035573123,78.5117391304348,2,0.524187905886669,0.383056980412285,2667374.49146585,-36.8720158634551,-71.3772794423447,1000,"Chillán, Nevados de",-36.863,-71.377,1
68362,"2021-11-06 05:12:03",357070,0,3,375,42.6160022418603,105.513529737725,9,1.96493556167578,0.978271941785653,2497492.28784687,-36.8651203260042,-71.3840759656699,838.526,"Chillán, Nevados de",-36.863,-71.377,1
68363,"2021-11-06 06:00:04",357070,0,4,375,30.6351736619055,-81.8019978803984,5,1.42044732486828,0.552667649797347,2196567.3025233,-36.8686663294419,-71.3757734749843,530.33,"Chillán, Nevados de",-36.863,-71.377,1
68364,"2021-11-07 04:54:03",357070,0,3,375,57.9256446230604,108.483292749707,7,2.07685547077814,0.676208900771493,3545386.63032932,-36.8617427709321,-71.383970979333,838.526,"Chillán, Nevados de",-36.863,-71.377,1
68365,"2021-11-07 05:42:04",357070,0,4,375,1.45859334473441,-48.7002263228579,5,1.98782662370716,0.49201128903807,3786282.56588113,-36.8652887559915,-71.3756688405821,530.33,"Chillán, Nevados de",-36.863,-71.377,1
68366,"2021-11-07 05:55:02",357070,0,2,1000,2.84250583657588,-74.8747470817121,2,0.459841961609505,0.328233951790865,2487391.38557231,-36.8630090110135,-71.377000245322,1414.21,"Chillán, Nevados de",-36.863,-71.377,1
68367,"2021-11-07 06:36:03",357070,0,3,375,60.5581578019211,-86.6430098376368,5,1.47671360063496,0.493960375966752,2487594.0999414,-36.8653727482343,-71.37146525187,1125,"Chillán, Nevados de",-36.863,-71.377,1
68368,"2021-11-08 03:15:01",357070,0,1,1000,28.8929949804797,81.8639040713887,4,0.93412984273119,0.777579673523329,2958798.19802857,-36.8630090110135,-71.377000245322,1414.21,"Chillán, Nevados de",-36.863,-71.377,1
68369,"2021-11-08 04:36:03",357070,0,3,375,67.8978061363706,111.541192555942,2,0.30580962168687,0.218371110067703,221328.732536017,-36.8582807965494,-71.388069177474,1352.08,"Chillán, Nevados de",-36.863,-71.377,1
68370,"2021-11-08 05:24:04",357070,0,4,375,28.2736650132991,103.501243321855,5,1.28143551883111,0.554646134548236,1839685.62896603,-36.8652046152475,-71.379872411859,530.33,"Chillán, Nevados de",-36.863,-71.377,1
68371,"2021-11-08 06:12:03",357070,0,3,375,45.677920569565,-83.83758276358,6,1.32620598260927,0.702696104884415,1578259.37799104,-36.8652887559915,-71.3756688405821,838.526,"Chillán, Nevados de",-36.863,-71.377,1
68372,"2021-11-09 05:06:04",357070,0,4,375,48.9086198224517,106.494924124662,10,2.02163972613224,1.01468905329312,2548843.89062404,-36.8618270498877,-71.3797676102055,838.526,"Chillán, Nevados de",-36.863,-71.377,1
68373,"2021-11-09 05:54:03",357070,0,3,375,22.3649438774486,-80.9972482054626,7,1.46143504925121,0.799234174413416,1676195.96443317,-36.8652887559915,-71.3756688405821,838.526,"Chillán, Nevados de",-36.863,-71.377,1
68374,"2021-11-09 06:42:04",357070,0,4,375,67.2742873688154,-88.4417371536079,11,2.41508267157625,1.26616497473501,2908197.92012938,-36.8619951623533,-71.3713608195923,1352.08,"Chillán, Nevados de",-36.863,-71.377,1
68375,"2021-11-10 04:48:04",357070,0,4,375,61.9594763371397,109.511652907786,9,2.23148145159891,1.02441914496494,3055376.46366722,-36.8615737675852,-71.3923776650764,1677.05,"Chillán, Nevados de",-36.863,-71.377,1
68376,"2021-11-10 05:36:03",357070,0,3,375,8.46560747335282,101.450930542763,5,1.86994971155363,0.612867948153865,3181988.21360565,-36.8685821784274,-71.3799772309783,530.33,"Chillán, Nevados de",-36.863,-71.377,1
68377,"2021-11-10 06:24:04",357070,0,4,375,55.9601943895929,-85.61609204788,5,1.58053980729526,0.586493270201787,2516180.29701786,-36.8652887559915,-71.3756688405821,750,"Chillán, Nevados de",-36.863,-71.377,1
68379,"2021-11-12 05:00:03",357070,0,3,375,53.5886664068429,107.485372201806,10,3.01934681940468,1.07686889447035,4916897.24749001,-36.8651203260042,-71.3840759656699,1060.66,"Chillán, Nevados de",-36.863,-71.377,1
68380,"2021-11-12 05:48:04",357070,0,4,375,11.6488124438654,-79.6303645561887,7,1.88927417467363,0.769355648602192,2834793.76911832,-36.8652046152475,-71.379872411859,838.526,"Chillán, Nevados de",-36.863,-71.377,1
68381,"2021-11-12 06:15:02",357070,0,2,1000,34.7758588957055,-82.3486134969325,6,1.36072388227209,1.07588354717641,5383482.33330838,-36.8632327741136,-71.365790980576,2236.07,"Chillán, Nevados de",-36.863,-71.377,1
68382,"2021-11-12 06:42:03",357070,0,3,750,64.3754605610963,-87.6237650414562,12,3.82308205255477,2.32546364085506,16595484.0246474,-36.8653727482343,-71.37146525187,2371.71,"Chillán, Nevados de",-36.863,-71.377,1
68383,"2021-11-13 05:20:02",357070,0,2,1000,51.8753120665742,105.317766990291,2,0.29626131715871,0.270971732594403,477973.148265405,-36.8720158634551,-71.3772794423447,1000,"Chillán, Nevados de",-36.863,-71.377,1
68384,"2021-11-13 05:30:04",357070,0,4,375,19.3413964842331,102.464983665662,6,0.89185295774951,0.54891289157914,868067.04249375,-36.8652046152475,-71.379872411859,530.33,"Chillán, Nevados de",-36.863,-71.377,1
68385,"2021-11-14 02:40:01",357070,0,1,1000,65.0934761904762,87.7164761904762,1,0.176708905786593,0.16664268696875,190251.535657246,-36.8722396993981,-71.3660688639861,1414.21,"Chillán, Nevados de",-36.863,-71.377,1
68386,"2021-11-14 04:20:01",357070,0,1,1000,59.6902164502164,-107.177878787879,1,0.172557177620394,0.160872757878516,220835.533121502,-36.8720158634551,-71.3772794423447,1000,"Chillán, Nevados de",-36.863,-71.377,1
68387,"2021-11-14 05:12:04",357070,0,4,750,43.2478890333343,105.530636641206,4,1.28746755228985,0.674941407365866,6787555.34343887,-36.858449482348,-71.3796628260149,1060.66,"Chillán, Nevados de",-36.863,-71.377,1
68388,"2021-11-14 06:00:02",357070,0,2,1000,14.5252692149609,-80.172338676531,4,0.798457679621261,0.610810689160023,3546528.11971741,-36.8632327741136,-71.365790980576,1414.21,"Chillán, Nevados de",-36.863,-71.377,1
68389,"2021-11-14 06:00:03",357070,0,3,375,31.3227053969987,-81.9666159116054,9,2.50224400881017,0.816732230348111,4266451.68923208,-36.8652887559915,-71.3756688405821,1125,"Chillán, Nevados de",-36.863,-71.377,1
68390,"2021-11-15 03:25:01",357070,0,1,1000,18.51,80.5954604409858,4,0.855326923459557,0.652561991173127,3832257.22021351,-36.8630090110135,-71.377000245322,1414.21,"Chillán, Nevados de",-36.863,-71.377,1
68391,"2021-11-15 04:54:04",357070,0,4,375,58.2738042080138,108.511806326598,8,2.66236280818431,0.746363197162049,4849874.01540011,-36.8616583434973,-71.3881743309669,1352.08,"Chillán, Nevados de",-36.863,-71.377,1
68392,"2021-11-15 05:05:02",357070,0,2,1000,61.1307769423559,107.242781954887,1,0.175945927965667,0.162643881347624,251408.68108101,-36.8630090110135,-71.377000245322,0,"Chillán, Nevados de",-36.863,-71.377,1
68393,"2021-11-15 05:42:03",357070,0,3,375,2.19661945037457,-76.5767071280642,3,1.57277443627445,0.289711218092408,3247753.7710233,-36.8686663294419,-71.3757734749843,530.33,"Chillán, Nevados de",-36.863,-71.377,1
68394,"2021-11-15 06:30:04",357070,0,4,375,60.2106691133496,-86.542859504056,6,1.42953653554837,0.575632856169561,2161443.6884276,-36.8652887559915,-71.3756688405821,838.526,"Chillán, Nevados de",-36.863,-71.377,1
68395,"2021-11-16 04:30:04",357070,0,4,375,68.1452623958513,111.584651157371,12,1.96037288358756,1.09837629802533,2181928.85720441,-36.8581115169141,-71.3964754588476,2515.58,"Chillán, Nevados de",-36.863,-71.377,1
68396,"2021-11-16 05:24:03",357070,0,3,375,27.5233050244598,103.534336909935,10,1.90347055346524,0.919461895659886,2490771.9150698,-36.8686663294419,-71.3757734749843,838.526,"Chillán, Nevados de",-36.863,-71.377,1
68397,"2021-11-16 05:50:02",357070,0,2,1000,9.05991623454327,99.8200997207818,2,0.41831236728749,0.307912635796067,2086554.9251879,-36.8630090110135,-71.377000245322,1000,"Chillán, Nevados de",-36.863,-71.377,1
68398,"2021-11-16 06:12:04",357070,0,4,375,45.1113190347869,-83.7129022236984,4,0.824676568497309,0.360596243894546,1174703.32165074,-36.8652887559915,-71.3756688405821,530.33,"Chillán, Nevados de",-36.863,-71.377,1
68399,"2021-11-17 03:10:01",357070,0,1,1000,37.7472081218274,82.8989267585207,3,0.670927561939962,0.59021369232957,1525492.13563641,-36.8717909712506,-71.3884898966035,2236.07,"Chillán, Nevados de",-36.863,-71.377,1
68400,"2021-11-17 05:06:03",357070,0,3,375,48.4146305937234,106.473659682743,5,1.22700807074145,0.561896669243948,1683563.23504055,-36.8652046152475,-71.379872411859,530.33,"Chillán, Nevados de",-36.863,-71.377,1
68401,"2021-11-17 05:54:04",357070,0,4,375,21.4540613929543,-80.7531288426172,5,1.26009334968835,0.553423660786255,1788757.65003342,-36.8686663294419,-71.3757734749843,530.33,"Chillán, Nevados de",-36.863,-71.377,1
68402,"2021-11-17 06:48:03",357070,0,3,375,67.5647719871117,-88.5394659592494,26,5.56024875314786,2.88650479603934,6767914.39143095,-36.8621626808787,-71.3629539593731,2186.61,"Chillán, Nevados de",-36.863,-71.377,1
68403,"2021-11-18 04:48:03",357070,0,3,750,61.7353696201069,109.47065755314,10,2.48806042648646,1.99540250934843,5459265.54428583,-36.8582807965494,-71.388069177474,2371.71,"Chillán, Nevados de",-36.863,-71.377,1
68404,"2021-11-18 05:35:02",357070,0,2,1000,30.2184544405998,102.415351787774,5,1.14987653241248,0.947745994384561,3820267.16872767,-36.8630090110135,-71.377000245322,1414.21,"Chillán, Nevados de",-36.863,-71.377,1
68405,"2021-11-18 05:36:04",357070,0,4,750,9.53273078692686,101.26640073652,2,0.953120865056166,0.428915607499471,5808849.51030013,-36.8652046152475,-71.379872411859,750,"Chillán, Nevados de",-36.863,-71.377,1
68406,"2021-11-18 06:30:03",357070,0,3,375,56.4022097280168,-85.7161129913609,9,2.79349308856544,1.03083893554666,4461718.32482878,-36.8686663294419,-71.3757734749843,838.526,"Chillán, Nevados de",-36.863,-71.377,1
68407,"2021-11-19 03:00:01",357070,0,1,1000,51.628710990502,84.8832021709634,6,1.52474590658935,1.33912897173698,3508160.06870986,-36.8715650228213,-71.3997002261797,2828.43,"Chillán, Nevados de",-36.863,-71.377,1
68408,"2021-11-19 05:18:04",357070,0,4,750,36.2458941898411,104.500081664241,5,2.99690142692071,1.2171840558824,19721493.1178183,-36.8652046152475,-71.379872411859,1060.66,"Chillán, Nevados de",-36.863,-71.377,1
68409,"2021-11-19 06:06:03",357070,0,3,750,39.0041501281893,-82.9412711461181,4,2.59532597989852,0.913510854673717,18636613.8563974,-36.8719597394271,-71.3800820675666,1060.66,"Chillán, Nevados de",-36.863,-71.377,1
68410,"2021-11-19 06:20:02",357070,0,2,1000,42.7676366694702,-83.2651135407906,4,1.23876355155166,0.840706986938081,7523269.07119658,-36.8632327741136,-71.365790980576,2236.07,"Chillán, Nevados de",-36.863,-71.377,1
68411,"2021-11-20 03:40:01",357070,0,1,1000,16.3925261834939,-100.710502723083,6,7.44084938795364,1.29850738260401,116090263.901108,-36.8630090110135,-71.377000245322,1414.21,"Chillán, Nevados de",-36.863,-71.377,1
68412,"2021-11-20 05:00:04",357070,0,4,750,54.0985177908039,107.549519596081,8,4.58604321859749,1.7548752452422,31372880.1047433,-36.8650358882635,-71.3882795019841,1677.05,"Chillán, Nevados de",-36.863,-71.377,1
68413,"2021-11-20 05:25:02",357070,0,2,1000,45.8857957957958,104.377457457457,11,4.13402915861854,2.23695783495242,35854648.0172898,-36.8630090110135,-71.377000245322,2236.07,"Chillán, Nevados de",-36.863,-71.377,1
68414,"2021-11-20 05:48:03",357070,0,3,750,12.4245497222897,-79.9936032120036,5,5.96381451422699,1.13019832316716,53562509.4171818,-36.8652046152475,-71.379872411859,1060.66,"Chillán, Nevados de",-36.863,-71.377,1
68415,"2021-11-20 06:36:04",357070,0,4,750,63.9898495697154,-87.5030000441555,14,5.54475731177449,2.97194586398721,28509966.8557927,-36.8721279134616,-71.3716741686415,2371.71,"Chillán, Nevados de",-36.863,-71.377,1
68416,"2021-11-21 02:45:01",357070,0,1,1000,61.3810945273632,86.7766417910448,18,6.99448667631067,4.77847402149776,41882639.1759641,-36.8711099574365,-71.4221205089533,5099.02,"Chillán, Nevados de",-36.863,-71.377,1
68417,"2021-11-21 04:25:01",357070,0,1,1000,63.5167590027701,-108.162382271468,5,1.44433546297786,1.33017311953166,2157668.29113329,-36.8542258333487,-71.3655132206251,2828.43,"Chillán, Nevados de",-36.863,-71.377,1
68418,"2021-11-21 04:36:04",357070,0,4,750,65.3890965384398,110.616741527523,19,9.43543505343013,4.25180014562858,57441154.3220759,-36.8579416434575,-71.4048816698902,3092.33,"Chillán, Nevados de",-36.863,-71.377,1
68419,"2021-11-21 05:30:03",357070,0,3,750,18.7187445816034,102.52133670847,6,6.07965944256324,1.48449195403202,50920199.7322865,-36.8652046152475,-71.379872411859,1060.66,"Chillán, Nevados de",-36.863,-71.377,1
68420,"2021-11-21 06:10:02",357070,0,2,1000,25.2523724616147,-81.330059435364,10,6.30473515274933,2.12412823422046,79013470.7601956,-36.8632327741136,-71.365790980576,2236.07,"Chillán, Nevados de",-36.863,-71.377,1
68421,"2021-11-21 06:18:04",357070,0,4,750,50.9263688617069,-84.6572281077635,10,8.17909273509139,2.36945270311577,64378073.6043299,-36.8653727482343,-71.37146525187,1677.05,"Chillán, Nevados de",-36.863,-71.377,1
68422,"2021-11-21 19:30:03",357070,1,3,750,62.8362025955014,-109.754432546797,6,11.7349110227405,5.34290062477951,70831465.2224056,-36.8653727482343,-71.37146525187,2371.71,"Chillán, Nevados de",-36.863,-71.377,1
68423,"2021-11-22 03:30:01",357070,0,1,1000,7.02873028391168,78.4842547318612,6,4.31949020764433,1.29928894878459,57081803.792449,-36.8630090110135,-71.377000245322,1414.21,"Chillán, Nevados de",-36.863,-71.377,1
68424,"2021-11-22 05:12:03",357070,0,3,750,42.782258043742,105.478227642378,11,10.8860402445702,2.50772969335448,92842153.7956591,-36.8650358882635,-71.3882795019841,1677.05,"Chillán, Nevados de",-36.863,-71.377,1
68425,"2021-11-22 05:15:02",357070,0,2,1000,56.8830919765166,106.268610567515,11,4.58919203962262,2.28068449846012,43630792.5279714,-36.8540021430746,-71.3767211723409,2828.43,"Chillán, Nevados de",-36.863,-71.377,1
68426,"2021-11-22 06:00:04",357070,0,4,750,30.3663473212592,-81.7718241722573,8,5.18981797582796,1.88955068674556,36571086.8971444,-36.8653727482343,-71.37146525187,1500,"Chillán, Nevados de",-36.863,-71.377,1
68427,"2021-11-23 04:10:01",357070,0,1,1000,55.1917384615384,-106.154846153846,11,4.22598937157517,2.81905479601288,26591063.4781273,-36.8630090110135,-71.377000245322,2236.07,"Chillán, Nevados de",-36.863,-71.377,1
68428,"2021-11-23 04:54:03",357070,0,3,750,58.0904697015768,108.481712575245,13,10.4789504693944,3.13940077819951,81331385.0155537,-36.8652046152475,-71.379872411859,2121.32,"Chillán, Nevados de",-36.863,-71.377,1
68429,"2021-11-23 05:42:04",357070,0,4,750,1.67476496256609,-15.202126660206,6,5.72464897644284,1.62339629606395,45447006.2644485,-36.8652046152475,-71.379872411859,1060.66,"Chillán, Nevados de",-36.863,-71.377,1
68430,"2021-11-23 05:55:02",357070,0,2,1000,2.78745044694909,-74.9264671589584,4,3.8892711933102,0.930386643351998,55922917.99421,-36.8632327741136,-71.365790980576,1000,"Chillán, Nevados de",-36.863,-71.377,1
68431,"2021-11-23 06:36:03",357070,0,3,750,60.5959176455757,-86.6939220622398,15,7.69315264022613,3.86415653782254,42430063.0597598,-36.8586175742942,-71.3712564047161,2704.16,"Chillán, Nevados de",-36.863,-71.377,1
68432,"2021-11-23 18:00:04",357070,1,4,750,44.6083710029252,83.9109691244436,6,12.9501352741032,6.10960594561642,75801615.6212936,-36.8719597394271,-71.3800820675666,1060.66,"Chillán, Nevados de",-36.863,-71.377,1
68433,"2021-11-23 18:54:03",357070,1,3,750,30.2490613238808,-103.906051677519,3,9.3730695604102,3.12360060186628,69251927.8968649,-36.8652046152475,-71.379872411859,750,"Chillán, Nevados de",-36.863,-71.377,1
68434,"2021-11-24 03:15:01",357070,0,1,1000,28.8197935267857,81.8545926339285,7,4.94317581914023,1.66501724633161,61957197.026083,-36.8630090110135,-71.377000245322,2236.07,"Chillán, Nevados de",-36.863,-71.377,1
68435,"2021-11-24 04:36:03",357070,0,3,750,68.0763154783757,111.545892506755,17,6.88787507104908,3.84870565713303,33677796.0679572,-36.8513564577969,-71.3962644660263,3181.98,"Chillán, Nevados de",-36.863,-71.377,1
68436,"2021-11-24 05:00:02",357070,0,2,1000,64.7610452961672,108.208745644599,13,4.72980576968384,3.52641139191568,22744153.7398182,-36.8724624790427,-71.3548581621105,2828.43,"Chillán, Nevados de",-36.863,-71.377,1
68437,"2021-11-24 05:24:04",357070,0,4,750,28.70380435842,103.53643668578,7,8.56494189406097,1.76361364262214,75367218.6862565,-36.8652046152475,-71.379872411859,1060.66,"Chillán, Nevados de",-36.863,-71.377,1
68438,"2021-11-24 06:12:03",357070,0,3,750,45.6427559798049,-83.8787041251648,10,6.14565359224405,2.54363761079408,39914839.5944426,-36.8653727482343,-71.37146525187,1677.05,"Chillán, Nevados de",-36.863,-71.377,1
68440,"2021-11-25 04:00:01",357070,0,1,1000,43.5087597571553,-104.147866435386,7,3.27248108831738,1.53186241884101,32897692.8531033,-36.8720158634551,-71.3772794423447,2236.07,"Chillán, Nevados de",-36.863,-71.377,1
68441,"2021-11-25 05:06:04",357070,0,4,750,49.2138718999842,106.58049661774,10,7.33743599261894,2.2908898954021,55922038.9397841,-36.8652046152475,-71.379872411859,2121.32,"Chillán, Nevados de",-36.863,-71.377,1
68442,"2021-11-25 05:45:02",357070,0,2,1000,20.3135296722763,101.408751107175,7,3.55552178061965,1.41487883709271,40458151.6326592,-36.8630090110135,-71.377000245322,2000,"Chillán, Nevados de",-36.863,-71.377,1
68443,"2021-11-25 05:54:03",357070,0,3,750,22.2268815031905,-81.0399531886159,6,4.96782573354427,1.46672840453809,38796534.7770498,-36.8652046152475,-71.379872411859,14407,"Chillán, Nevados de",-36.863,-71.377,1
68444,"2021-11-25 06:42:04",357070,0,4,750,67.2306354972782,-88.4008220240876,17,5.81535518983338,3.63463136327907,24165145.9030049,-36.8721279134616,-71.3716741686415,2371.71,"Chillán, Nevados de",-36.863,-71.377,1
68445,"2021-11-26 03:05:01",357070,0,1,1000,45.3040322580646,83.8841176470588,7,3.45675526678199,1.59975174361063,35097366.5879388,-36.8630090110135,-71.377000245322,2000,"Chillán, Nevados de",-36.863,-71.377,1
68446,"2021-11-26 05:36:03",357070,0,3,750,8.77013480397221,101.380206733976,6,5.58098711971826,1.39860665816243,46346003.4896155,-36.8652046152475,-71.379872411859,1060.66,"Chillán, Nevados de",-36.863,-71.377,1
68447,"2021-11-26 06:24:04",357070,0,4,750,55.8687757512355,-85.6035250866121,6,3.23488373727578,1.31840062177973,21237028.5235905,-36.8653727482343,-71.37146525187,1060.66,"Chillán, Nevados de",-36.863,-71.377,1
68448,"2021-11-26 06:25:02",357070,0,2,1000,49.443715651135,-84.156045400239,6,1.92118690168045,1.2211541439745,13230619.1206424,-36.8632327741136,-71.365790980576,2000,"Chillán, Nevados de",-36.863,-71.377,1
68449,"2021-11-27 03:45:01",357070,0,1,1000,26.8488486140725,-102.051092750533,1,0.389954632064542,0.209848391307158,3404007.95031457,-36.8630090110135,-71.377000245322,0,"Chillán, Nevados de",-36.863,-71.377,1
68450,"2021-11-27 05:18:03",357070,0,3,750,35.781820200214,104.482605664632,5,1.64597296007608,1.10828980723463,5958201.43742433,-36.8652046152475,-71.379872411859,1060.66,"Chillán, Nevados de",-36.863,-71.377,1
68451,"2021-11-27 05:30:02",357070,0,2,1000,38.7843562066307,103.403469545104,4,0.860348212988233,0.734857470225459,2371775.03821643,-36.8537773972255,-71.3879290000715,1414.21,"Chillán, Nevados de",-36.863,-71.377,1
68452,"2021-11-27 06:06:04",357070,0,4,750,38.2021271461159,-82.7391451506359,4,1.9394709708508,0.827918676056466,12317388.8666898,-36.8653727482343,-71.37146525187,1060.66,"Chillán, Nevados de",-36.863,-71.377,1
68453,"2021-11-28 02:50:01",357070,0,1,1000,56.9000988142293,85.8547628458498,12,3.19808062587231,2.16754241158665,19477172.249999,-36.8632327741136,-71.365790980576,2236.07,"Chillán, Nevados de",-36.863,-71.377,1
68454,"2021-11-28 05:00:03",357070,0,3,750,53.7486257986246,107.457480598138,9,5.57450503080386,1.5767351834574,44300287.120908,-36.8652046152475,-71.379872411859,1677.05,"Chillán, Nevados de",-36.863,-71.377,1
68455,"2021-11-28 05:48:04",357070,0,4,750,11.2678497481439,-79.5396102221511,3,2.35059297205578,0.521360016479726,20270187.6889772,-36.8652046152475,-71.379872411859,1060.66,"Chillán, Nevados de",-36.863,-71.377,1
68456,"2021-11-28 06:15:02",357070,0,2,1000,34.6549113149847,-82.3339204892966,9,4.80943191233197,1.46365375919021,63235207.0943792,-36.8632327741136,-71.365790980576,3162.28,"Chillán, Nevados de",-36.863,-71.377,1
68457,"2021-11-28 06:42:03",357070,0,3,750,64.2630985636078,-87.6064100418441,12,3.6086190784119,2.04379879830306,17340164.7289561,-36.8653727482343,-71.37146525187,2371.71,"Chillán, Nevados de",-36.863,-71.377,1
68458,"2021-11-29 03:35:01",357070,0,1,1000,4.9022821414615,-97.7558030480656,5,2.48513266092524,1.11085198158928,25973904.8394496,-36.8630090110135,-71.377000245322,1414.21,"Chillán, Nevados de",-36.863,-71.377,1
68459,"2021-11-29 04:42:03",357070,0,3,750,65.1798295431173,110.514073529818,17,6.11946728073033,3.72444532603264,26539837.0354938,-36.8581115169141,-71.3964754588476,2704.16,"Chillán, Nevados de",-36.863,-71.377,1
68460,"2021-11-29 05:20:02",357070,0,2,1000,51.9296927374302,105.335600558659,14,4.01069026898627,3.06715215400238,17832870.3731956,-36.8722396993981,-71.3660688639861,2828.43,"Chillán, Nevados de",-36.863,-71.377,1
68461,"2021-11-29 05:30:04",357070,0,4,750,19.8157565570833,102.52040870849,4,3.50373792591003,0.971728737451247,28057826.8196089,-36.8652046152475,-71.379872411859,1060.66,"Chillán, Nevados de",-36.863,-71.377,1
68462,"2021-11-30 02:40:01",357070,0,1,1000,65.0867906976744,87.7142790697674,9,2.72627498031268,2.12529399169458,11358540.6848823,-36.8722396993981,-71.3660688639861,2828.43,"Chillán, Nevados de",-36.863,-71.377,1
68463,"2021-11-30 05:12:04",357070,0,4,375,43.3871201951499,105.555306782533,3,0.397100557072326,0.197414146985027,505456.225533477,-36.8651203260042,-71.3840759656699,530.33,"Chillán, Nevados de",-36.863,-71.377,1
68464,"2021-11-30 06:00:02",357070,0,2,1000,14.3550164473684,-80.1491447368421,5,1.92288693905309,1.02579595150195,16955019.6647165,-36.8632327741136,-71.365790980576,1414.21,"Chillán, Nevados de",-36.863,-71.377,1
68465,"2021-11-30 06:00:03",357070,0,3,750,31.0736273054503,-81.9744181677289,6,2.59621129759766,1.36361567309496,13658700.2640206,-36.8653727482343,-71.37146525187,1060.66,"Chillán, Nevados de",-36.863,-71.377,1
68466,"2021-12-01 03:20:01",357070,0,1,1000,18.5110558659218,80.6526312849162,5,2.26702653609451,1.02411825974404,23490966.4230238,-36.8717909712506,-71.3884898966035,1414.21,"Chillán, Nevados de",-36.863,-71.377,1
68467,"2021-12-01 04:54:04",357070,0,4,750,58.5294766917642,108.578294573086,11,4.43455943555225,2.29804816693905,23675215.49532,-36.8582807965494,-71.388069177474,2121.32,"Chillán, Nevados de",-36.863,-71.377,1
68468,"2021-12-01 05:05:02",357070,0,2,1000,61.1832070707071,107.268080808081,12,2.7271720387406,2.39874212783911,6207325.31603801,-36.8722396993981,-71.3660688639861,2828.43,"Chillán, Nevados de",-36.863,-71.377,1
68469,"2021-12-01 05:42:03",357070,0,3,750,2.04529395428412,-41.2267880785095,3,3.24868778507608,0.650372593018651,28792580.2219863,-36.8652046152475,-71.379872411859,1060.66,"Chillán, Nevados de",-36.863,-71.377,1
68470,"2021-12-01 06:30:04",357070,0,4,750,60.1192356562303,-86.5151040662367,9,2.48493357727232,1.86492223503856,6870500.68612784,-36.8719597394271,-71.3800820675666,1677.05,"Chillán, Nevados de",-36.863,-71.377,1
68471,"2021-12-02 05:24:03",357070,0,3,375,27.9034483111242,103.530450654985,4,0.599338491431324,0.374274152211051,569694.108651317,-36.8652046152475,-71.379872411859,530.33,"Chillán, Nevados de",-36.863,-71.377,1
68472,"2021-12-04 04:48:03",357070,0,3,750,61.9215756159449,109.478664552961,11,2.9945335108054,2.26986932832164,8030184.97214819,-36.8582807965494,-71.388069177474,2121.32,"Chillán, Nevados de",-36.863,-71.377,1
68473,"2021-12-04 05:35:02",357070,0,2,1000,30.2835100864553,102.42916426513,5,1.3239198066135,0.902634387163909,7962294.42759726,-36.8632327741136,-71.365790980576,1414.21,"Chillán, Nevados de",-36.863,-71.377,1
68474,"2021-12-04 05:36:04",357070,0,4,750,9.95626077746022,101.334202735004,3,1.43451199829548,0.615064165146061,9080506.30108696,-36.8652046152475,-71.379872411859,750,"Chillán, Nevados de",-36.863,-71.377,1
68475,"2021-12-04 06:30:03",357070,0,3,375,56.1784150624713,-85.7445550155201,10,4.67929198613661,1.10314834349568,9052113.59543486,-36.8686663294419,-71.3757734749843,1185.85,"Chillán, Nevados de",-36.863,-71.377,1
68476,"2021-12-05 03:00:01",357070,0,1,1000,51.6224897959184,84.8797959183673,4,1.18660542551512,1.00976058203724,3342367.54173186,-36.8627841919951,-71.3882093860254,2236.07,"Chillán, Nevados de",-36.863,-71.377,1
68477,"2021-12-05 05:18:04",357070,0,4,750,36.6108631816834,104.580537662443,4,1.48117227599155,0.979919840440937,5554503.5514452,-36.8652046152475,-71.379872411859,750,"Chillán, Nevados de",-36.863,-71.377,1
68478,"2021-12-05 06:06:03",357070,0,3,750,38.7920331329305,-82.8966991471143,3,1.23983659718644,0.752777936612568,5397218.7824842,-36.8652046152475,-71.379872411859,1060.66,"Chillán, Nevados de",-36.863,-71.377,1
68479,"2021-12-05 06:20:02",357070,0,2,1000,42.7202859545837,-83.2585702270816,1,0.258325878077598,0.221657283751645,693036.432760506,-36.8630090110135,-71.377000245322,0,"Chillán, Nevados de",-36.863,-71.377,1
68480,"2021-12-06 03:40:01",357070,0,1,1000,16.3830749895266,-100.706992040218,7,3.59142502692529,2.08943864670806,28387542.5861057,-36.8720158634551,-71.3772794423447,2236.07,"Chillán, Nevados de",-36.863,-71.377,1
68481,"2021-12-06 05:00:04",357070,0,4,750,54.3131627860062,107.601826594912,6,2.90988857080181,1.83349102336935,11927830.3224859,-36.8582807965494,-71.388069177474,1500,"Chillán, Nevados de",-36.863,-71.377,1
68482,"2021-12-06 05:25:02",357070,0,2,1000,45.8870150753769,104.382572864322,7,2.39035553650653,2.04280329524453,6568737.35985193,-36.8627841919951,-71.3882093860254,2000,"Chillán, Nevados de",-36.863,-71.377,1
68483,"2021-12-06 05:48:03",357070,0,3,750,12.1796647277633,-80.0025532118035,5,2.20982657221586,1.61602211350756,6580095.65806139,-36.8653727482343,-71.37146525187,1060.66,"Chillán, Nevados de",-36.863,-71.377,1
68484,"2021-12-06 06:36:04",357070,0,4,375,63.7684994113595,-87.4244108818211,10,3.45579926693298,1.69550652076368,4455741.01374103,-36.8652887559915,-71.3756688405821,1185.85,"Chillán, Nevados de",-36.863,-71.377,1
68485,"2021-12-07 02:45:01",357070,0,1,1000,61.3887871287129,86.7889603960396,10,3.51011343845879,3.08074949417156,8114978.54702868,-36.8630090110135,-71.377000245322,2236.07,"Chillán, Nevados de",-36.863,-71.377,1
68486,"2021-12-07 04:36:04",357070,0,4,750,65.530370535282,110.669375526347,11,4.19459530309833,3.05293841436018,12650985.3983296,-36.8581115169141,-71.3964754588476,2704.16,"Chillán, Nevados de",-36.863,-71.377,1
68487,"2021-12-07 06:10:02",357070,0,2,1000,25.2499850746269,-81.3206019900497,3,1.09024494466732,0.869639024924486,4169451.8831395,-36.8632327741136,-71.365790980576,2000,"Chillán, Nevados de",-36.863,-71.377,1
68488,"2021-12-07 06:18:04",357070,0,4,375,50.6235218985484,-84.5937476333544,7,3.21500779841563,1.2082070838045,5079714.30885943,-36.8652887559915,-71.3756688405821,838.526,"Chillán, Nevados de",-36.863,-71.377,1
68489,"2021-12-08 03:30:01",357070,0,1,1000,7.05410996835444,78.4968670886076,3,0.982903440179467,0.668446655422605,5943233.23190468,-36.8630090110135,-71.377000245322,1414.21,"Chillán, Nevados de",-36.863,-71.377,1
68490,"2021-12-08 05:12:03",357070,0,3,375,42.8412701964164,105.50231864651,8,2.03959294571611,1.03638061656529,2539381.20816302,-36.8652046152475,-71.379872411859,530.33,"Chillán, Nevados de",-36.863,-71.377,1
68491,"2021-12-08 06:00:04",357070,0,4,375,29.9750500166112,-81.7181360697834,6,1.71176765971422,0.731200102588399,2482061.62897473,-36.8652887559915,-71.3756688405821,838.526,"Chillán, Nevados de",-36.863,-71.377,1
68492,"2021-12-09 04:54:03",357070,0,3,375,58.092518589036,108.475094401427,13,4.4976715814972,1.9154059748439,6536359.81684116,-36.8684978788954,-71.3841809695033,1125,"Chillán, Nevados de",-36.863,-71.377,1
68493,"2021-12-09 05:42:04",357070,0,4,375,1.08322206249394,-10.3970410138659,6,1.93179974993207,0.871865775453391,2682957.87289916,-36.8652887559915,-71.3756688405821,530.33,"Chillán, Nevados de",-36.863,-71.377,1
68494,"2021-12-09 05:55:02",357070,0,2,1000,2.85761960326721,-75.0921353558927,2,0.582145210497483,0.466018062919114,2194803.08923118,-36.8630090110135,-71.377000245322,1000,"Chillán, Nevados de",-36.863,-71.377,1
68495,"2021-12-09 06:36:03",357070,0,3,375,60.3971347652697,-86.6429679259387,10,1.92252407484856,1.36451581106122,1412458.41771169,-36.8652887559915,-71.3756688405821,1500,"Chillán, Nevados de",-36.863,-71.377,1
68496,"2021-12-10 03:15:01",357070,0,1,1000,28.8584507829978,81.86322147651,2,0.595308776724205,0.536480564908958,1111853.20330817,-36.8717909712506,-71.3884898966035,1414.21,"Chillán, Nevados de",-36.863,-71.377,1
68497,"2021-12-10 04:36:03",357070,0,3,375,68.0213984796032,111.535508935558,21,4.55553985365232,3.15608480387189,3542370.59475673,-36.8617427709321,-71.383970979333,2186.61,"Chillán, Nevados de",-36.863,-71.377,1
68498,"2021-12-10 05:24:04",357070,0,4,375,28.9741713705599,103.59186506314,9,2.39963303198011,1.31853129360646,2736538.77525831,-36.8652046152475,-71.379872411859,838.526,"Chillán, Nevados de",-36.863,-71.377,1
68499,"2021-12-10 06:12:03",357070,0,3,750,45.4645579837879,-83.8446081259269,7,2.64491264532381,1.91625724734854,8074412.62881353,-36.8653727482343,-71.37146525187,1677.05,"Chillán, Nevados de",-36.863,-71.377,1
68500,"2021-12-11 05:06:04",357070,0,4,375,49.3597514661944,106.58508707329,8,1.60271579766941,1.07245414362746,1342224.81179368,-36.8617427709321,-71.383970979333,838.526,"Chillán, Nevados de",-36.863,-71.377,1
68501,"2021-12-11 05:45:02",357070,0,2,1000,20.1733186231244,101.39940423654,7,6.81480017286934,1.59010193334449,98746796.7270197,-36.8632327741136,-71.365790980576,1414.21,"Chillán, Nevados de",-36.863,-71.377,1
68502,"2021-12-11 05:54:03",357070,0,3,750,21.9802365087034,-81.0217321890231,6,9.57690877856074,1.54369122793898,89018091.9828275,-36.8652046152475,-71.379872411859,1060.66,"Chillán, Nevados de",-36.863,-71.377,1
68503,"2021-12-11 06:42:04",357070,0,4,750,67.1095414999848,-88.4002680241,13,4.74306967950274,2.832849700901,21167625.1378805,-36.8653727482343,-71.37146525187,2371.71,"Chillán, Nevados de",-36.863,-71.377,1
68504,"2021-12-12 04:42:04",357070,0,4,375,62.2522335855954,109.603151872399,8,0.939370433400901,0.637183579325481,764910.474378407,-36.8615737675852,-71.3923776650764,1677.05,"Chillán, Nevados de",-36.863,-71.377,1
68505,"2021-12-13 03:45:01",357070,0,1,1000,26.786771109931,-102.04331386086,7,1.88755918536508,1.20748328853701,12853434.4500506,-36.8630090110135,-71.377000245322,2000,"Chillán, Nevados de",-36.863,-71.377,1
68506,"2021-12-13 05:18:03",357070,0,3,375,36.1302979393687,104.542251636404,7,1.4792023150815,0.66665418497621,2056762.45432903,-36.8652046152475,-71.379872411859,750,"Chillán, Nevados de",-36.863,-71.377,1
68507,"2021-12-13 05:30:02",357070,0,2,1000,38.6300308880309,103.383444015444,4,0.722521395274673,0.654631282054175,1283123.13986742,-36.8630090110135,-71.377000245322,1414.21,"Chillán, Nevados de",-36.863,-71.377,1
68508,"2021-12-13 06:06:04",357070,0,4,375,37.7922928090981,-82.6817334946637,6,1.21142984361202,0.589503115084238,1574252.03158596,-36.8686663294419,-71.3757734749843,838.526,"Chillán, Nevados de",-36.863,-71.377,1
68509,"2021-12-14 05:00:03",357070,0,3,375,53.8293505988643,107.489339985807,6,1.2512970153375,0.604007259316408,1638452.1949284,-36.8652046152475,-71.379872411859,530.33,"Chillán, Nevados de",-36.863,-71.377,1
68510,"2021-12-14 05:48:04",357070,0,4,375,10.7772356334472,-79.5175613676351,5,1.14112721746725,0.518875329129146,1575075.09235583,-36.8652046152475,-71.379872411859,530.33,"Chillán, Nevados de",-36.863,-71.377,1
68511,"2021-12-14 06:15:02",357070,0,2,1000,34.8350613496933,-82.3539202453988,1,0.184491487911848,0.171484810399216,245826.204988757,-36.8630090110135,-71.377000245322,0,"Chillán, Nevados de",-36.863,-71.377,1
68512,"2021-12-14 06:42:03",357070,0,3,375,64.0802938317749,-87.5739777736156,9,1.4678039889448,0.888917640472415,1465306.06957073,-36.8653727482343,-71.37146525187,1546.16,"Chillán, Nevados de",-36.863,-71.377,1
68513,"2021-12-15 04:42:03",357070,0,3,375,65.1596834523569,110.51474403537,14,2.8585541104173,1.58332641305722,3227920.1089427,-36.8650358882635,-71.3882795019841,1912.13,"Chillán, Nevados de",-36.863,-71.377,1
68514,"2021-12-15 05:30:04",357070,0,4,375,20.1586015780222,102.5661295036,6,1.12123867892416,0.704842775408391,1054002.13077429,-36.8652046152475,-71.379872411859,530.33,"Chillán, Nevados de",-36.863,-71.377,1
68515,"2021-12-15 06:18:03",357070,0,3,375,51.1305189137743,-84.7685370387347,5,0.770422784100837,0.583963106484515,471976.058966313,-36.8652887559915,-71.3756688405821,838.526,"Chillán, Nevados de",-36.863,-71.377,1
68516,"2021-12-16 05:12:04",357070,0,4,375,43.6831026342816,105.608914436945,7,1.68856070674318,0.96739643170206,1825447.07119784,-36.8651203260042,-71.3840759656699,530.33,"Chillán, Nevados de",-36.863,-71.377,1
68517,"2021-12-16 06:00:02",357070,0,2,1000,14.6750204918033,-80.1846024590164,2,0.541514134672689,0.452644388577892,1679638.20119168,-36.8630090110135,-71.377000245322,1000,"Chillán, Nevados de",-36.863,-71.377,1
68518,"2021-12-16 06:00:03",357070,0,3,375,30.7731843053248,-81.9453902617024,5,1.60612683917751,0.691245590935671,2315793.15961215,-36.8652887559915,-71.3756688405821,838.526,"Chillán, Nevados de",-36.863,-71.377,1
68519,"2021-12-17 03:20:01",357070,0,1,1000,18.5805320069204,80.6111980968858,4,1.41376352981469,0.996177890553389,7892368.58203865,-36.8720158634551,-71.3772794423447,1414.21,"Chillán, Nevados de",-36.863,-71.377,1
68520,"2021-12-17 05:05:02",357070,0,2,1000,61.0431172069825,107.234588528678,11,3.1158294921825,2.76512696086359,6628277.8419274,-36.8720158634551,-71.3772794423447,2236.07,"Chillán, Nevados de",-36.863,-71.377,1
68521,"2021-12-17 05:42:03",357070,0,3,375,1.55442210367654,-57.3471493393093,4,1.91255472674366,0.534692136495031,3487714.68156685,-36.8652887559915,-71.3756688405821,530.33,"Chillán, Nevados de",-36.863,-71.377,1
68522,"2021-12-17 06:30:04",357070,0,4,375,59.8525981607799,-86.4465171840342,7,2.01255193983435,0.95751189430567,2670570.11524446,-36.8653727482343,-71.37146525187,838.526,"Chillán, Nevados de",-36.863,-71.377,1
68523,"2021-12-18 04:30:04",357070,0,4,375,68.3861562809601,111.684549248099,5,0.903290052161581,0.667427564301931,597026.922394739,-36.8547339884471,-71.3963699536472,2515.58,"Chillán, Nevados de",-36.863,-71.377,1
68524,"2021-12-18 05:24:03",357070,0,3,375,28.1606411350572,103.569505333565,4,0.957558958137719,0.527616804181824,1088291.07720086,-36.8652046152475,-71.379872411859,530.33,"Chillán, Nevados de",-36.863,-71.377,1
68525,"2021-12-18 05:50:02",357070,0,2,1000,8.84034716679968,99.7875897845172,4,1.20333220161084,0.929429315337233,5176764.55057116,-36.8630090110135,-71.377000245322,1414.21,"Chillán, Nevados de",-36.863,-71.377,1
68526,"2021-12-18 06:12:04",357070,0,4,375,44.5400112856936,-83.6042758408474,5,1.85078325854956,0.691673830311031,2933995.74022877,-36.8652887559915,-71.3756688405821,530.33,"Chillán, Nevados de",-36.863,-71.377,1
68527,"2021-12-19 05:06:03",357070,0,3,375,48.8411267068232,106.511748552113,11,2.96397995912117,1.4825556432029,3749855.29966812,-36.8618270498877,-71.3797676102055,838.526,"Chillán, Nevados de",-36.863,-71.377,1
68528,"2021-12-19 05:54:04",357070,0,4,750,20.651095538412,-80.6969521962825,3,1.49163935912156,0.779496315280943,7891435.1045588,-36.8652046152475,-71.379872411859,750,"Chillán, Nevados de",-36.863,-71.377,1
68529,"2021-12-19 06:48:03",357070,0,3,375,67.3254039979834,-88.5042140496512,10,1.75687629199754,1.35788022216052,1009958.80177496,-36.8687503319371,-71.371569701552,1546.16,"Chillán, Nevados de",-36.863,-71.377,1
68530,"2021-12-20 04:48:03",357070,0,3,375,61.9138940728826,109.506954074068,13,3.18165298066852,1.84388533501016,3386224.35307272,-36.8617427709321,-71.383970979333,1352.08,"Chillán, Nevados de",-36.863,-71.377,1
68531,"2021-12-20 05:36:04",357070,0,4,750,10.4411677666217,101.367254734265,4,1.8895272134767,1.06711301542699,9113377.33213838,-36.8652046152475,-71.379872411859,1060.66,"Chillán, Nevados de",-36.863,-71.377,1
68532,"2021-12-20 05:40:02",357070,0,2,1000,29.9445129059118,102.482756036636,5,1.54868427267869,1.15328884581878,7472973.56765238,-36.8630090110135,-71.377000245322,1414.21,"Chillán, Nevados de",-36.863,-71.377,1
68533,"2021-12-20 06:24:03",357070,0,3,750,56.105199745951,-85.6932170846073,5,1.81141911942847,1.25047386893651,6215974.55701395,-36.8653727482343,-71.37146525187,1500,"Chillán, Nevados de",-36.863,-71.377,1
68534,"2021-12-21 02:55:01",357070,0,1,1000,51.6516415868673,84.8901915184679,11,3.27369694242676,2.69932140128519,10855697.7275756,-36.8717909712506,-71.3884898966035,2236.07,"Chillán, Nevados de",-36.863,-71.377,1
68535,"2021-12-21 05:18:04",357070,0,4,375,37.1276032932703,104.638799026233,4,1.63635252100935,0.552476059693283,2743562.29270631,-36.8652046152475,-71.379872411859,375,"Chillán, Nevados de",-36.863,-71.377,1
68536,"2021-12-21 06:06:03",357070,0,3,375,38.5167252985421,-82.8822147967346,6,1.30999406341401,0.747547572490281,1423692.68015068,-36.8652887559915,-71.3756688405821,838.526,"Chillán, Nevados de",-36.863,-71.377,1
68537,"2021-12-21 06:20:02",357070,0,2,1000,42.910306122449,-83.2817431972789,12,4.39313770350456,2.69722795701395,32052694.2086724,-36.8632327741136,-71.365790980576,3162.28,"Chillán, Nevados de",-36.863,-71.377,1
68538,"2021-12-22 03:40:01",357070,0,1,1000,16.3368925135926,-100.700012547051,3,1.12412823928439,0.844461961564324,5285692.64890923,-36.8630090110135,-71.377000245322,1414.21,"Chillán, Nevados de",-36.863,-71.377,1
68539,"2021-12-22 05:00:04",357070,0,4,750,54.5548541377468,107.702054735529,3,1.22196345971033,0,13540882.587915,-36.8650358882635,-71.3882795019841,750,"Chillán, Nevados de",-36.863,-71.377,1
68540,"2021-12-22 05:48:03",357070,0,3,375,11.7973436120995,-79.9183236880968,3,1.16518861131519,0.47524001857017,1746432.37538583,-36.8652887559915,-71.3756688405821,838.526,"Chillán, Nevados de",-36.863,-71.377,1
68541,"2021-12-22 06:36:04",357070,0,4,375,63.5898925475267,-87.373622560666,6,1.34974094641875,0.932465551183107,1056228.34419021,-36.8652887559915,-71.3756688405821,838.526,"Chillán, Nevados de",-36.863,-71.377,1
68542,"2021-12-23 04:36:04",357070,0,4,375,65.5857301968594,110.666435915903,7,1.84216428072622,1.30703645077349,1354542.31956785,-36.8581962309604,-71.3922723269368,1875,"Chillán, Nevados de",-36.863,-71.377,1
68543,"2021-12-23 05:30:03",357070,0,3,375,19.2053114670324,102.58598698851,7,2.42089093388172,1.28961604163554,2863539.57099815,-36.8652046152475,-71.379872411859,838.526,"Chillán, Nevados de",-36.863,-71.377,1
68544,"2021-12-23 06:18:04",357070,0,4,375,50.3495140774624,-84.54577613906,6,1.42346096887475,1.07475110772169,882671.836043668,-36.8652887559915,-71.3756688405821,838.526,"Chillán, Nevados de",-36.863,-71.377,1
68545,"2021-12-24 05:12:03",357070,0,3,375,43.0519948732955,105.536618293498,7,1.71153915822444,1.00870676203566,1779044.50285285,-36.8652046152475,-71.379872411859,530.33,"Chillán, Nevados de",-36.863,-71.377,1
68546,"2021-12-24 06:00:04",357070,0,4,375,29.5383481008032,-81.6716437170769,4,1.55179342310265,0.583718625183659,2450439.33223245,-36.8652887559915,-71.3756688405821,838.526,"Chillán, Nevados de",-36.863,-71.377,1
68547,"2021-12-25 04:10:01",357070,0,1,1000,55.1604199066874,-106.14531881804,8,2.78054017877551,2.44642540301126,6314769.26194423,-36.8542258333487,-71.3655132206251,2828.43,"Chillán, Nevados de",-36.863,-71.377,1
68548,"2021-12-25 04:54:03",357070,0,3,750,58.3215576964116,108.539690573949,10,3.94061050996534,3.01675978572739,10237420.8379618,-36.8650358882635,-71.3882795019841,1677.05,"Chillán, Nevados de",-36.863,-71.377,1
68549,"2021-12-25 05:42:04",357070,0,4,750,1.5555609652305,13.071954707819,5,2.50698760609373,1.56864149010356,10398047.8978161,-36.8652046152475,-71.379872411859,1060.66,"Chillán, Nevados de",-36.863,-71.377,1
68550,"2021-12-25 05:55:02",357070,0,2,1000,3.10741809672387,-75.7197659906397,4,1.500289793178,1.10246128995981,7518958.71082387,-36.8630090110135,-71.377000245322,1414.21,"Chillán, Nevados de",-36.863,-71.377,1
68551,"2021-12-26 04:36:03",357070,0,3,375,68.111721227081,111.578806824397,11,2.48072183714927,1.9947663784324,1230074.75487706,-36.8615737675852,-71.3923776650764,1546.16,"Chillán, Nevados de",-36.863,-71.377,1
68552,"2021-12-26 05:24:04",357070,0,4,750,29.5152783402821,103.660971682997,6,2.84916353141055,2.03378591410263,9035403.22179342,-36.8652046152475,-71.379872411859,1060.66,"Chillán, Nevados de",-36.863,-71.377,1
68553,"2021-12-26 06:12:03",357070,0,3,375,45.1837039521388,-83.807794428899,4,2.21217555672118,0.693439413977635,3844300.8613196,-36.8652887559915,-71.3756688405821,838.526,"Chillán, Nevados de",-36.863,-71.377,1
68554,"2021-12-27 04:00:01",357070,0,1,1000,43.4583666377063,-104.136620330148,2,0.600702410862821,0.526558435333332,1401321.13750733,-36.8632327741136,-71.365790980576,1000,"Chillán, Nevados de",-36.863,-71.377,1
68555,"2021-12-27 05:06:04",357070,0,4,375,49.6369838247943,106.640028323635,6,1.74819597051988,1.00091096560692,1891565.16868594,-36.8617427709321,-71.383970979333,1060.66,"Chillán, Nevados de",-36.863,-71.377,1
68556,"2021-12-27 05:45:02",357070,0,2,1000,19.9898014997794,101.382284958094,2,0.676057276904115,0.531128597326245,2739152.04402174,-36.8630090110135,-71.377000245322,1000,"Chillán, Nevados de",-36.863,-71.377,1
68557,"2021-12-27 05:54:03",357070,0,3,750,21.6119325169357,-80.9258961911652,6,2.53032747056543,1.7199219403584,8980306.28160671,-36.8652046152475,-71.379872411859,1677.05,"Chillán, Nevados de",-36.863,-71.377,1
68558,"2021-12-27 06:42:04",357070,0,4,375,66.8565034866653,-88.3039828459865,6,0.986377494792333,0.782337411927413,516476.459751829,-36.8619951623533,-71.3713608195923,838.526,"Chillán, Nevados de",-36.863,-71.377,1
68559,"2021-12-28 04:42:04",357070,0,4,375,62.4344303083642,109.66011422563,5,0.678043891931495,0.660157346457664,45275.318230634,-36.8615737675852,-71.3923776650764,1677.05,"Chillán, Nevados de",-36.863,-71.377,1
68560,"2021-12-28 05:36:03",357070,0,3,375,9.36517923975182,101.53669849628,4,1.23325285297957,0.684819513243921,1388221.89120587,-36.8652046152475,-71.379872411859,530.33,"Chillán, Nevados de",-36.863,-71.377,1
68561,"2021-12-28 06:24:04",357070,0,4,375,55.3291083478581,-85.4789146742845,3,0.912992260542433,0.483820013913326,1086342.24927993,-36.8652887559915,-71.3756688405821,530.33,"Chillán, Nevados de",-36.863,-71.377,1
68562,"2021-12-29 03:45:01",357070,0,1,1000,26.7766277217207,-102.037482740308,1,0.317681301691504,0.273899061850375,827484.332997337,-36.8630090110135,-71.377000245322,0,"Chillán, Nevados de",-36.863,-71.377,1
68563,"2021-12-29 05:18:03",357070,0,3,375,36.3980023158653,104.581580256861,5,2.18749435727781,0.823700990445737,3452101.95979368,-36.8652046152475,-71.379872411859,530.33,"Chillán, Nevados de",-36.863,-71.377,1
68564,"2021-12-29 05:30:02",357070,0,2,1000,38.513371559633,103.379181957187,1,0.291659931751265,0.272108387465592,369524.186999236,-36.8720158634551,-71.3772794423447,1000,"Chillán, Nevados de",-36.863,-71.377,1
68565,"2021-12-29 06:06:04",357070,0,4,375,37.4076273482265,-82.6172575038498,4,1.14423045979436,0.611581036717525,1348268.85216325,-36.8652887559915,-71.3756688405821,750,"Chillán, Nevados de",-36.863,-71.377,1
68566,"2021-12-30 05:00:03",357070,0,3,375,53.9810385099315,107.526483956585,6,1.36230998573026,0.730989252387196,1598030.60627463,-36.8684978788954,-71.3841809695033,750,"Chillán, Nevados de",-36.863,-71.377,1
68567,"2021-12-30 05:48:04",357070,0,4,375,10.2095263182057,-79.3868741147132,3,0.672932424963782,0.357130259653321,799374.230942104,-36.8652887559915,-71.3756688405821,530.33,"Chillán, Nevados de",-36.863,-71.377,1
68568,"2021-12-31 04:42:03",357070,0,3,375,65.2660401583128,110.555369704876,8,1.46170710192893,1.04694334214444,1049870.7669545,-36.8582807965494,-71.388069177474,1352.08,"Chillán, Nevados de",-36.863,-71.377,1
68569,"2021-12-31 05:30:04",357070,0,4,375,20.6757951944513,102.631208653436,4,0.990066082341318,0.555715952482385,1099448.76620542,-36.8652046152475,-71.379872411859,530.33,"Chillán, Nevados de",-36.863,-71.377,1
68571,"2022-01-01 05:12:04",357070,0,4,375,44.0215135421577,105.665630278291,6,1.30789979058244,0.71569743333727,1499012.21677684,-36.8651203260042,-71.3840759656699,1060.66,"Chillán, Nevados de",-36.863,-71.377,1
68572,"2022-01-01 06:00:03",357070,0,3,375,30.4266517487827,-81.8930279241272,4,0.715077309340212,0.4797095309338,595774.68909123,-36.8652887559915,-71.3756688405821,838.526,"Chillán, Nevados de",-36.863,-71.377,1
68573,"2022-01-04 05:06:03",357070,0,3,375,49.0477502713638,106.555713520954,1,0.137282677129562,0.113589014722876,59974.5829669232,-36.8652046152475,-71.379872411859,0,"Chillán, Nevados de",-36.863,-71.377,1
68574,"2022-01-04 05:54:04",357070,0,4,375,20.0673271589739,-80.6167857660427,2,0.257002754978962,0.213737014665049,109516.405169592,-36.8686663294419,-71.3757734749843,530.33,"Chillán, Nevados de",-36.863,-71.377,1
68575,"2022-01-05 03:50:01",357070,0,1,1000,35.7897073791349,-103.072220101781,3,0.848268348919051,0.747116135202374,1911776.83924521,-36.8630090110135,-71.377000245322,1000,"Chillán, Nevados de",-36.863,-71.377,1
68576,"2022-01-05 04:48:03",357070,0,3,375,62.0502269867717,109.555221476114,8,2.29861649106827,1.14371236761835,2923351.0624826,-36.8650358882635,-71.3882795019841,1185.85,"Chillán, Nevados de",-36.863,-71.377,1
68577,"2022-01-05 05:36:04",357070,0,4,375,11.0088399988218,101.461907747166,4,1.03449046187778,0.574573483252538,1164164.85214513,-36.8652887559915,-71.3756688405821,530.33,"Chillán, Nevados de",-36.863,-71.377,1
68578,"2022-01-05 05:40:02",357070,0,2,1000,30.0205344827586,102.405902298851,1,0.25750750372673,0.238375744505976,361590.249272254,-36.8630090110135,-71.377000245322,0,"Chillán, Nevados de",-36.863,-71.377,1
68579,"2022-01-05 06:24:03",357070,0,3,375,55.8243158109365,-85.6442044505971,7,1.76179894072959,1.02659699279003,1860979.93072201,-36.8653727482343,-71.37146525187,1185.85,"Chillán, Nevados de",-36.863,-71.377,1
68580,"2022-01-06 05:18:04",357070,0,4,375,37.5108254456578,104.696662747483,5,1.20746186467042,0.733090901791235,1200751.49978793,-36.8652046152475,-71.379872411859,530.33,"Chillán, Nevados de",-36.863,-71.377,1
68581,"2022-01-06 06:06:03",357070,0,3,375,38.2068943177109,-82.847572380074,2,0.491000706786555,0.273433853518146,550716.097335661,-36.8652887559915,-71.3756688405821,530.33,"Chillán, Nevados de",-36.863,-71.377,1
68582,"2022-01-06 06:20:02",357070,0,2,1000,42.8775484414491,-83.2757287278854,6,2.05525486885995,1.41312948148971,12136169.8212975,-36.8632327741136,-71.365790980576,2236.07,"Chillán, Nevados de",-36.863,-71.377,1
68583,"2022-01-07 03:40:01",357070,0,1,1000,16.2871553884712,-100.690626566416,5,2.1759364457432,1.33219289411248,15946753.1258204,-36.8720158634551,-71.3772794423447,1414.21,"Chillán, Nevados de",-36.863,-71.377,1
68584,"2022-01-07 04:54:04",357070,0,4,750,54.8453487741109,107.688159592982,8,3.14232391576605,2.22852648051609,10126017.8293635,-36.8650358882635,-71.3882795019841,1677.05,"Chillán, Nevados de",-36.863,-71.377,1
68585,"2022-01-07 05:25:02",357070,0,2,1000,45.7459900497512,104.371114427861,6,1.73772933365897,1.52825792829221,3959009.56143178,-36.8632327741136,-71.365790980576,2000,"Chillán, Nevados de",-36.863,-71.377,1
68586,"2022-01-07 05:48:03",357070,0,3,750,11.3891197454333,-79.902989214029,4,1.75647559767759,1.11248440228576,7136227.43393575,-36.8653727482343,-71.37146525187,1060.66,"Chillán, Nevados de",-36.863,-71.377,1
68587,"2022-01-07 06:36:04",357070,0,4,375,63.3732742692245,-87.3157563003165,11,3.54625810724237,1.51861360269293,5132475.15214077,-36.8653727482343,-71.37146525187,1185.85,"Chillán, Nevados de",-36.863,-71.377,1
68588,"2022-01-08 04:36:04",357070,0,4,375,65.7611116912562,110.729600231028,9,2.16721725252719,1.69785945514192,1188061.92463145,-36.8581962309604,-71.3922723269368,1875,"Chillán, Nevados de",-36.863,-71.377,1
68589,"2022-01-08 05:30:03",357070,0,3,375,19.6108905515817,102.623797092567,4,1.80820709490377,0.706723849579871,2788129.46472612,-36.8652046152475,-71.379872411859,530.33,"Chillán, Nevados de",-36.863,-71.377,1
68590,"2022-01-08 06:10:02",357070,0,2,1000,25.4008726178536,-81.3231444332999,1,0.32624333971083,0.29265598172535,634801.065925572,-36.8630090110135,-71.377000245322,0,"Chillán, Nevados de",-36.863,-71.377,1
68591,"2022-01-08 06:18:04",357070,0,4,375,50.0278192432478,-84.4938006724916,6,1.56624084349297,1.07883837159273,1233737.50699749,-36.8653727482343,-71.37146525187,1125,"Chillán, Nevados de",-36.863,-71.377,1
68592,"2022-01-09 05:12:03",357070,0,3,375,43.3201297506739,105.586736668897,6,1.15289040996818,0.903487697415841,631300.616148116,-36.8686663294419,-71.3757734749843,838.526,"Chillán, Nevados de",-36.863,-71.377,1
68593,"2022-01-09 06:00:04",357070,0,4,375,29.023198542242,-81.6132894298111,6,1.79882642173818,0.836400564070348,2436140.4522217,-36.8652887559915,-71.3756688405821,838.526,"Chillán, Nevados de",-36.863,-71.377,1
68594,"2022-01-09 06:54:03",357070,0,3,375,69.876123467414,-89.3220513867791,21,4.13769296637565,2.44908831418937,4274280.52584651,-36.8623296054485,-71.3545470297935,2730.04,"Chillán, Nevados de",-36.863,-71.377,1
68595,"2022-01-10 04:54:03",357070,0,3,375,58.393373277563,108.560550370031,4,0.836759176168634,0.672376592503955,416093.414901218,-36.8617427709321,-71.383970979333,838.526,"Chillán, Nevados de",-36.863,-71.377,1
68596,"2022-01-10 05:42:04",357070,0,4,375,1.18831767859355,44.1162904193504,3,1.12739556185126,0.495105543292591,1600484.10947663,-36.8652046152475,-71.379872411859,530.33,"Chillán, Nevados de",-36.863,-71.377,1
68597,"2022-01-10 05:55:02",357070,0,2,1000,2.95056009334889,-75.23501361338,1,0.406807816471668,0.273011784790806,2528744.99876829,-36.8630090110135,-71.377000245322,0,"Chillán, Nevados de",-36.863,-71.377,1
68598,"2022-01-10 06:30:03",357070,0,3,375,60.0826497859629,-86.5765498169066,8,1.75517723873857,1.34839713410813,1029662.1398458,-36.8653727482343,-71.37146525187,1185.85,"Chillán, Nevados de",-36.863,-71.377,1
68599,"2022-01-11 03:15:01",357070,0,1,1000,28.971738642737,81.8832136848009,1,0.337385888395602,0.297914356443958,746011.953886058,-36.8630090110135,-71.377000245322,0,"Chillán, Nevados de",-36.863,-71.377,1
68600,"2022-01-11 04:36:03",357070,0,3,375,68.2259953036304,111.630148867132,10,2.23602640199857,1.73394696607605,1270888.57217888,-36.8616583434973,-71.3881743309669,1590.99,"Chillán, Nevados de",-36.863,-71.377,1
68601,"2022-01-11 05:24:04",357070,0,4,375,29.9062684379508,103.709064407377,3,1.09957587746205,0.487689622381212,1548837.08317338,-36.8652887559915,-71.3756688405821,530.33,"Chillán, Nevados de",-36.863,-71.377,1
68602,"2022-01-11 06:12:03",357070,0,3,375,44.9014475516412,-83.7565338258011,5,1.24381206111974,0.813760325644225,1088568.4554224,-36.8652887559915,-71.3756688405821,838.526,"Chillán, Nevados de",-36.863,-71.377,1
68603,"2022-01-12 05:54:03",357070,0,3,375,21.145517873679,-80.8863703961201,4,1.45841507243713,0.752838185092681,1785991.49609063,-36.8652887559915,-71.3756688405821,19198.4,"Chillán, Nevados de",-36.863,-71.377,1
68604,"2022-01-12 06:42:04",357070,0,4,375,66.6630729984914,-88.2380233470437,10,2.18216764265179,1.71606284559464,1179827.76755091,-36.8653727482343,-71.37146525187,1546.16,"Chillán, Nevados de",-36.863,-71.377,1
68605,"2022-01-13 04:42:04",357070,0,4,375,62.6384782813585,109.725460075523,11,3.46184406374222,1.90809939217803,3932916.19989684,-36.8615737675852,-71.3923776650764,1677.05,"Chillán, Nevados de",-36.863,-71.377,1
68606,"2022-01-13 05:36:03",357070,0,3,375,9.82725547973655,101.565006321895,6,1.95426261169647,1.09901775070403,2164838.55438713,-36.8652887559915,-71.3756688405821,530.33,"Chillán, Nevados de",-36.863,-71.377,1
68607,"2022-01-13 06:24:04",357070,0,4,375,55.024335811995,-85.4033770177873,5,2.04226563178325,0.93511260671031,2802481.09471587,-36.8652887559915,-71.3756688405821,838.526,"Chillán, Nevados de",-36.863,-71.377,1
68608,"2022-01-13 06:25:02",357070,0,2,1000,49.5124940334129,-84.1710023866349,1,0.303205009973094,0.292352440418134,205113.564588742,-36.8634554812588,-71.3545815923702,2000,"Chillán, Nevados de",-36.863,-71.377,1
68609,"2022-01-14 03:45:01",357070,0,1,1000,26.6793763213531,-102.024545454545,7,3.76531328824364,1.91320163256305,35004910.2923631,-36.8720158634551,-71.3772794423447,2236.07,"Chillán, Nevados de",-36.863,-71.377,1
68610,"2022-01-14 05:18:03",357070,0,3,375,36.7265944900039,104.635735974883,7,1.94290382586887,1.1091990494718,2110315.21525509,-36.8686663294419,-71.3757734749843,838.526,"Chillán, Nevados de",-36.863,-71.377,1
68611,"2022-01-14 06:06:04",357070,0,4,375,37.0031166836739,-82.5586118587427,3,0.910357509341059,0.477110452029264,1096656.61382048,-36.8686663294419,-71.3757734749843,530.33,"Chillán, Nevados de",-36.863,-71.377,1
68612,"2022-01-15 05:00:03",357070,0,3,375,54.1795733993861,107.57543870312,4,1.13749714807138,0.626293873889161,1293983.28777375,-36.8652046152475,-71.379872411859,375,"Chillán, Nevados de",-36.863,-71.377,1
68613,"2022-01-15 05:48:04",357070,0,4,375,9.68475558363094,-79.3551136610699,4,1.15124397743534,0.619124316233503,1346927.89241716,-36.8652887559915,-71.3756688405821,530.33,"Chillán, Nevados de",-36.863,-71.377,1
68614,"2022-01-15 06:15:02",357070,0,2,1000,34.7656441717791,-82.3457116564417,1,0.277495561124652,0.257395607725298,379889.119247798,-36.8630090110135,-71.377000245322,0,"Chillán, Nevados de",-36.863,-71.377,1
68615,"2022-01-16 05:30:04",357070,0,4,375,21.0900881878675,102.680467790383,4,0.98377625785552,0.57187811331777,1042617.17836118,-36.8652887559915,-71.3756688405821,530.33,"Chillán, Nevados de",-36.863,-71.377,1
68616,"2022-01-18 03:20:01",357070,0,1,1000,18.5982928942807,80.6188994800694,2,0.330910294348394,0.291428102572233,746213.424569457,-36.8630090110135,-71.377000245322,1000,"Chillán, Nevados de",-36.863,-71.377,1
68617,"2022-01-18 04:48:04",357070,0,4,375,58.9561273087581,108.700389151776,6,1.08039070281951,0.5028622226131,1461868.96552248,-36.8582807965494,-71.388069177474,1352.08,"Chillán, Nevados de",-36.863,-71.377,1
68618,"2022-01-18 05:42:03",357070,0,3,375,1.1023960457375,-15.2390205840636,3,0.562355979895254,0.242538695802096,809537.500360807,-36.8686663294419,-71.3757734749843,530.33,"Chillán, Nevados de",-36.863,-71.377,1
68619,"2022-01-18 06:30:04",357070,0,4,375,59.4968800936723,-86.3628612388373,4,0.61501327985644,0.327649617539435,727389.270239918,-36.8686663294419,-71.3757734749843,838.526,"Chillán, Nevados de",-36.863,-71.377,1
68620,"2022-01-19 04:30:04",357070,0,4,375,68.5905641385232,111.773845262854,6,0.740795495577516,0.601062959721448,353697.981385671,-36.8580266544125,-71.4006785731756,2186.61,"Chillán, Nevados de",-36.863,-71.377,1
68621,"2022-01-19 05:24:03",357070,0,3,375,28.8891692662917,103.653537276413,6,2.30181358618848,0.656403896372563,4164943.27734654,-36.8652046152475,-71.379872411859,750,"Chillán, Nevados de",-36.863,-71.377,1
68622,"2022-01-19 06:12:04",357070,0,4,375,44.0328079622468,-83.5433327211089,2,0.323067095180479,0.180006144187193,362123.032201756,-36.8686663294419,-71.3757734749843,530.33,"Chillán, Nevados de",-36.863,-71.377,1
68623,"2022-01-20 03:10:01",357070,0,1,1000,37.790072833212,82.9103495994173,1,0.230628308481363,0.213712678670317,319705.403428771,-36.8630090110135,-71.377000245322,0,"Chillán, Nevados de",-36.863,-71.377,1
68624,"2022-01-20 05:06:03",357070,0,3,375,49.3018769259453,106.601584014153,6,1.04072557030698,0.732468642148607,780275.349400878,-36.8652046152475,-71.379872411859,838.526,"Chillán, Nevados de",-36.863,-71.377,1
68625,"2022-01-20 05:54:04",357070,0,4,375,19.8924860285606,-80.5953929353947,5,1.28905567423317,0.602018545688106,1739062.73162969,-36.8685821784274,-71.3799772309783,530.33,"Chillán, Nevados de",-36.863,-71.377,1
68626,"2022-01-20 06:48:03",357070,0,3,375,67.0616473233251,-88.4787046604624,6,0.875580204105631,0.696209339873945,454032.500086454,-36.8653727482343,-71.37146525187,1125,"Chillán, Nevados de",-36.863,-71.377,1
68627,"2022-01-21 04:48:03",357070,0,3,375,62.2161529932232,109.607421157033,4,0.634716021576204,0.516187119438804,300026.283535295,-36.8650358882635,-71.3882795019841,838.526,"Chillán, Nevados de",-36.863,-71.377,1
68628,"2022-01-21 05:36:04",357070,0,4,375,11.1200101530664,101.475065053439,4,1.23798892113654,0.505112008757721,1855094.68445888,-36.8652887559915,-71.3756688405821,530.33,"Chillán, Nevados de",-36.863,-71.377,1
68629,"2022-01-21 05:40:02",357070,0,2,1000,30.313747113164,102.442453810624,2,0.525515027830118,0.443856829039678,1543339.95713932,-36.8630090110135,-71.377000245322,1000,"Chillán, Nevados de",-36.863,-71.377,1
68630,"2022-01-21 06:24:03",357070,0,3,375,55.5919201634269,-85.591725311731,5,0.82717511396675,0.606200012095208,559343.22661234,-36.8652887559915,-71.3756688405821,838.526,"Chillán, Nevados de",-36.863,-71.377,1
68631,"2022-01-22 05:18:04",357070,0,4,375,37.5347550932362,104.701838337698,2,0.295354666930683,0.241183033194231,137121.947895394,-36.8652046152475,-71.379872411859,375,"Chillán, Nevados de",-36.863,-71.377,1
68632,"2022-01-22 06:06:03",357070,0,3,375,37.8506098165386,-82.7976272663351,2,0.33394502702719,0.231208555634461,260051.693212844,-36.8652887559915,-71.3756688405821,530.33,"Chillán, Nevados de",-36.863,-71.377,1
68633,"2022-01-23 05:25:02",357070,0,2,1000,45.9848684210526,104.402155870445,4,0.948769556624502,0.882592753096014,1250741.58668843,-36.8630090110135,-71.377000245322,1414.21,"Chillán, Nevados de",-36.863,-71.377,1
68634,"2022-01-23 05:48:03",357070,0,3,375,10.8510995978967,-79.8399298315771,3,0.689431005020989,0.371044929445296,805914.753800971,-36.8652887559915,-71.3756688405821,750,"Chillán, Nevados de",-36.863,-71.377,1
68635,"2022-01-23 06:36:04",357070,0,4,375,63.3764178431088,-87.3154524207902,4,0.591450497462729,0.47457218993981,295848.215917389,-36.8653727482343,-71.37146525187,838.526,"Chillán, Nevados de",-36.863,-71.377,1
68636,"2022-01-24 04:36:04",357070,0,4,375,65.7303974964557,110.723553737425,3,0.558296635270155,0.440506537810219,298156.184195463,-36.8581962309604,-71.3922723269368,1590.99,"Chillán, Nevados de",-36.863,-71.377,1
68637,"2022-01-24 05:30:03",357070,0,3,375,20.0874225431371,102.681893767873,3,0.681001509687704,0.430452306279291,634202.671127544,-36.8652887559915,-71.3756688405821,530.33,"Chillán, Nevados de",-36.863,-71.377,1
68638,"2022-01-24 06:10:02",357070,0,2,1000,25.0407944389275,-81.2934508440914,4,1.59502449765688,0.928599725723409,12595428.1895426,-36.8630090110135,-71.377000245322,1414.21,"Chillán, Nevados de",-36.863,-71.377,1
68639,"2022-01-24 06:18:04",357070,0,4,375,50.0445913521764,-84.4852311159939,5,1.41970454572307,0.704343922583357,1810756.5773224,-36.8686663294419,-71.3757734749843,838.526,"Chillán, Nevados de",-36.863,-71.377,1
68640,"2022-01-25 05:12:03",357070,0,3,375,43.6335864405844,105.635104071803,3,0.624201916388487,0.459728560881486,416323.181127097,-36.8652046152475,-71.379872411859,375,"Chillán, Nevados de",-36.863,-71.377,1
68641,"2022-01-25 06:00:04",357070,0,4,375,29.1491730639493,-81.6264462705784,2,0.40208194777143,0.295796363778037,269035.384483276,-36.8686663294419,-71.3757734749843,530.33,"Chillán, Nevados de",-36.863,-71.377,1
68642,"2022-01-25 06:54:03",357070,0,3,375,69.8017177446128,-89.3164173644896,12,2.18567758257464,1.70495605652652,1216826.3628093,-36.8654565919739,-71.3672616457533,1875,"Chillán, Nevados de",-36.863,-71.377,1
68643,"2022-01-26 04:10:01",357070,0,1,1000,55.1802786377709,-106.14173374613,3,0.889585677506934,0.816910177961409,1373566.94141042,-36.8630090110135,-71.377000245322,1414.21,"Chillán, Nevados de",-36.863,-71.377,1
68644,"2022-01-26 04:54:03",357070,0,3,375,58.5927651040745,108.613380119316,8,2.7766071924574,1.27219260982087,3808049.41229873,-36.8650358882635,-71.3882795019841,1185.85,"Chillán, Nevados de",-36.863,-71.377,1
68645,"2022-01-26 05:42:04",357070,0,4,375,1.10985516023414,34.2323589973728,3,1.25857668698729,0.462837543761282,2014214.70629083,-36.8652046152475,-71.379872411859,530.33,"Chillán, Nevados de",-36.863,-71.377,1
68646,"2022-01-26 05:55:02",357070,0,2,1000,2.49336572094831,-72.6436494364555,2,0.571097049866279,0.496855004622256,1403174.65511205,-36.8630090110135,-71.377000245322,1000,"Chillán, Nevados de",-36.863,-71.377,1
68647,"2022-01-26 06:30:03",357070,0,3,375,59.8622965410995,-86.5168932982171,6,1.70114389638629,0.888819904142718,2056195.10536655,-36.8653727482343,-71.37146525187,1125,"Chillán, Nevados de",-36.863,-71.377,1
68648,"2022-01-27 03:15:01",357070,0,1,1000,28.8468903803132,81.8736968680089,1,0.32325011632227,0.280234409620501,812996.856663424,-36.8630090110135,-71.377000245322,0,"Chillán, Nevados de",-36.863,-71.377,1
68649,"2022-01-27 04:36:03",357070,0,3,375,68.3646170165326,111.681552668042,15,3.86498033600015,2.62209005936745,3146066.01272654,-36.8581115169141,-71.3964754588476,2186.61,"Chillán, Nevados de",-36.863,-71.377,1
68650,"2022-01-27 05:24:04",357070,0,4,375,29.6611182488258,103.683034101986,4,1.09198161833446,0.680718219432102,1041010.4784716,-36.8652046152475,-71.379872411859,530.33,"Chillán, Nevados de",-36.863,-71.377,1
68651,"2022-01-27 06:12:03",357070,0,3,375,44.5703841866585,-83.7052159592825,8,1.92605989150979,1.3140112153178,1549248.21161096,-36.8652887559915,-71.3756688405821,838.526,"Chillán, Nevados de",-36.863,-71.377,1
68652,"2022-01-28 04:00:01",357070,0,1,1000,43.5022406277245,-104.135867480384,3,1.0452008002073,0.942549721892696,1940105.38014607,-36.8630090110135,-71.377000245322,1000,"Chillán, Nevados de",-36.863,-71.377,1
68653,"2022-01-28 05:06:04",357070,0,4,375,49.7567718384323,106.668978446126,11,5.00297253757686,2.10606740328943,7332791.12116507,-36.8651203260042,-71.3840759656699,1352.08,"Chillán, Nevados de",-36.863,-71.377,1
68654,"2022-01-28 05:45:02",357070,0,2,1000,20.6300177619893,101.457979573712,5,3.02234222187064,1.46092144693385,29510852.6463054,-36.8630090110135,-71.377000245322,1414.21,"Chillán, Nevados de",-36.863,-71.377,1
68655,"2022-01-28 05:54:03",357070,0,3,750,20.6878925375896,-80.8340361932185,5,2.43157266522631,1.67303876350784,8405503.79841774,-36.8652046152475,-71.379872411859,1677.05,"Chillán, Nevados de",-36.863,-71.377,1
68656,"2022-01-28 06:42:04",357070,0,4,375,66.7709372781823,-88.2714139561837,10,2.08989628576297,1.73151921967712,907141.948529814,-36.8687503319371,-71.371569701552,1352.08,"Chillán, Nevados de",-36.863,-71.377,1
68657,"2022-01-29 04:42:04",357070,0,4,375,62.4837301876381,109.684327518092,10,2.57472928658157,1.47532272199051,2782872.86662113,-36.8615737675852,-71.3923776650764,1677.05,"Chillán, Nevados de",-36.863,-71.377,1
68658,"2022-01-29 05:36:03",357070,0,3,375,10.3592780478241,101.64463399237,4,0.926678868378944,0.579583911161232,878584.110457334,-36.8686663294419,-71.3757734749843,530.33,"Chillán, Nevados de",-36.863,-71.377,1
68659,"2022-01-29 06:24:04",357070,0,4,375,55.223871605645,-85.4542435720751,5,1.05636239073894,0.736108495412868,810642.67254412,-36.8652887559915,-71.3756688405821,838.526,"Chillán, Nevados de",-36.863,-71.377,1
68660,"2022-01-30 05:18:03",357070,0,3,750,36.9493051741187,104.684198660126,7,2.68019299537579,1.78191952456462,9953992.89842626,-36.8652046152475,-71.379872411859,1060.66,"Chillán, Nevados de",-36.863,-71.377,1
68661,"2022-01-30 05:30:02",357070,0,2,1000,39.0534482758621,103.446771159875,4,0.984822472988483,0.875244509235349,2071023.51493423,-36.8632327741136,-71.365790980576,1414.21,"Chillán, Nevados de",-36.863,-71.377,1
68662,"2022-01-30 06:06:04",357070,0,4,375,37.3260468063218,-82.6175572186653,5,0.957117004749074,0.655527457056034,763398.542598008,-36.8652887559915,-71.3756688405821,838.526,"Chillán, Nevados de",-36.863,-71.377,1
68663,"2022-01-31 05:00:03",357070,0,3,375,54.4228640018338,107.634718019158,6,1.23483034100295,0.842020818421459,994299.104034392,-36.8652046152475,-71.379872411859,750,"Chillán, Nevados de",-36.863,-71.377,1
68664,"2022-01-31 05:48:04",357070,0,4,375,10.1478236073754,-79.386999307382,4,1.30569513863425,0.577661744697907,1842834.52840136,-36.8686663294419,-71.3757734749843,530.33,"Chillán, Nevados de",-36.863,-71.377,1
68665,"2022-01-31 06:15:02",357070,0,2,1000,34.3360414129111,-82.2856394640682,4,1.11113645310413,0.90189712025119,3954623.39092065,-36.8722396993981,-71.3660688639861,1414.21,"Chillán, Nevados de",-36.863,-71.377,1
68666,"2022-01-31 06:36:03",357070,0,3,375,63.5907753054912,-87.4432186435618,8,1.53177637866269,1.08591050386631,1128597.99557835,-36.8687503319371,-71.371569701552,1185.85,"Chillán, Nevados de",-36.863,-71.377,1
68667,"2022-02-01 03:35:01",357070,0,1,1000,4.92087993742667,-97.7762768869769,1,0.320957968943153,0.283458842604701,708733.48779674,-36.8630090110135,-71.377000245322,0,"Chillán, Nevados de",-36.863,-71.377,1
68668,"2022-02-01 04:42:03",357070,0,3,375,65.5644717705296,110.66292696688,13,2.988130472256,2.09964971763791,2248966.91012702,-36.8581962309604,-71.3922723269368,1875,"Chillán, Nevados de",-36.863,-71.377,1
68669,"2022-02-01 05:30:04",357070,0,4,375,20.6639046082444,102.63482161608,6,1.49085294036544,0.962614991167318,1337102.30890776,-36.8652887559915,-71.3756688405821,530.33,"Chillán, Nevados de",-36.863,-71.377,1
68670,"2022-02-01 06:18:03",357070,0,3,375,50.3660273265693,-84.6268330123935,5,1.24445670447684,0.777207500411872,1182724.54778944,-36.8687503319371,-71.371569701552,838.526,"Chillán, Nevados de",-36.863,-71.377,1
68671,"2022-02-02 05:12:04",357070,0,4,375,43.9672388684861,105.665528222982,7,3.02637170056983,1.05601776291619,4987458.40468576,-36.8651203260042,-71.3840759656699,838.526,"Chillán, Nevados de",-36.863,-71.377,1
68672,"2022-02-02 06:00:02",357070,0,2,1000,13.8829397293973,-80.0756170561706,1,0.278404612815341,0.241936984733219,689238.170752108,-36.8630090110135,-71.377000245322,0,"Chillán, Nevados de",-36.863,-71.377,1
68673,"2022-02-02 06:00:03",357070,0,3,375,29.5661102154491,-81.7917120348727,4,1.06517913814422,0.600955655069567,1175065.69153271,-36.8686663294419,-71.3757734749843,530.33,"Chillán, Nevados de",-36.863,-71.377,1
68675,"2022-02-03 06:30:04",357070,0,4,375,59.6694110246142,-86.4028237169376,3,0.48002668902389,0.407460624404587,183682.851067611,-36.8686663294419,-71.3757734749843,838.526,"Chillán, Nevados de",-36.863,-71.377,1
68676,"2022-02-04 05:24:03",357070,0,3,375,29.2923539964276,103.708951897041,4,0.838801695289495,0.446860755818423,992100.50303615,-36.8652046152475,-71.379872411859,530.33,"Chillán, Nevados de",-36.863,-71.377,1
68677,"2022-02-05 05:06:03",357070,0,3,375,49.5312836484025,106.648705190521,6,0.987803608961466,0.726443373248814,661568.096647651,-36.8618270498877,-71.3797676102055,838.526,"Chillán, Nevados de",-36.863,-71.377,1
68678,"2022-02-05 05:54:04",357070,0,4,375,20.2884112349106,-80.6314858112628,4,0.723214072587078,0.474260074943037,630164.80653648,-36.8652887559915,-71.3756688405821,838.526,"Chillán, Nevados de",-36.863,-71.377,1
68679,"2022-02-05 06:42:03",357070,0,3,375,66.9094606239351,-88.3783981161429,20,6.80718215282181,2.37658216275441,11214956.2248581,-36.8653727482343,-71.37146525187,2855.91,"Chillán, Nevados de",-36.863,-71.377,1
68680,"2022-02-06 04:48:03",357070,0,3,750,62.4421076043101,109.701877547972,9,2.67665748741637,2.20691133008665,5205374.60590989,-36.864866567298,-71.3966865219996,2250,"Chillán, Nevados de",-36.863,-71.377,1
68681,"2022-02-06 05:36:04",357070,0,4,375,10.6927788200384,101.423256496851,5,2.44336341283367,0.697475696085776,4419278.2830181,-36.8685821784274,-71.3799772309783,530.33,"Chillán, Nevados de",-36.863,-71.377,1
68682,"2022-02-06 06:24:03",357070,0,3,375,55.421912719668,-85.5549381516299,8,1.51953542226488,1.06400394958344,1153064.04022489,-36.8686663294419,-71.3757734749843,1060.66,"Chillán, Nevados de",-36.863,-71.377,1
68683,"2022-02-07 05:18:04",357070,0,4,375,37.2582806548387,104.665238915907,3,1.79888067033893,0.467519316037096,3370008.42807652,-36.8652046152475,-71.379872411859,530.33,"Chillán, Nevados de",-36.863,-71.377,1
68684,"2022-02-07 06:06:03",357070,0,3,375,37.6248313521265,-82.7601246507479,2,0.573346074172308,0.291665943704235,713002.83024731,-36.8686663294419,-71.3757734749843,530.33,"Chillán, Nevados de",-36.863,-71.377,1
68685,"2022-02-08 03:40:01",357070,0,1,1000,16.4512327044025,-100.702528301887,2,0.721715620492278,0.539716911977627,3439775.59092689,-36.8630090110135,-71.377000245322,1000,"Chillán, Nevados de",-36.863,-71.377,1
68686,"2022-02-08 05:00:04",357070,0,4,375,54.5104693858792,107.643044245198,10,3.13384034564351,1.49625088592872,4145148.31990306,-36.8650358882635,-71.3882795019841,1060.66,"Chillán, Nevados de",-36.863,-71.377,1
68687,"2022-02-08 05:25:02",357070,0,2,1000,46.4332642487047,104.468269430052,2,0.531456256744782,0.488327074278829,815141.548606511,-36.8630090110135,-71.377000245322,1000,"Chillán, Nevados de",-36.863,-71.377,1
68688,"2022-02-08 05:48:03",357070,0,3,375,10.5643441008065,-79.8092674250026,3,1.21595466808963,0.469662763995921,1889051.38223721,-36.8652046152475,-71.379872411859,530.33,"Chillán, Nevados de",-36.863,-71.377,1
68689,"2022-02-08 06:36:04",357070,0,4,375,63.5083856466632,-87.3536752710851,3,0.374679071070786,0.297084556852114,196411.114116014,-36.8652887559915,-71.3756688405821,1352.08,"Chillán, Nevados de",-36.863,-71.377,1
68690,"2022-02-09 02:45:01",357070,0,1,1000,61.3760049627792,86.7977667493797,7,2.29969618917575,2.0963391411233,3843448.20819133,-36.8720158634551,-71.3772794423447,2828.43,"Chillán, Nevados de",-36.863,-71.377,1
68691,"2022-02-09 04:36:04",357070,0,4,375,65.60022727201,110.683483351558,19,8.93189153447931,3.34978057260375,14129718.3722475,-36.8615737675852,-71.3923776650764,2019.44,"Chillán, Nevados de",-36.863,-71.377,1
68692,"2022-02-09 05:30:03",357070,0,3,750,20.3766285445469,102.755681703231,4,1.99315480203038,1.20268259070848,8759420.19171079,-36.8652046152475,-71.379872411859,1060.66,"Chillán, Nevados de",-36.863,-71.377,1
68693,"2022-02-09 06:10:02",357070,0,2,1000,24.3397471374046,-81.2438549618321,3,0.984190310529638,0.826261407715067,2984856.26319539,-36.8630090110135,-71.377000245322,1414.21,"Chillán, Nevados de",-36.863,-71.377,1
68694,"2022-02-09 06:18:04",357070,0,4,375,50.2771294812339,-84.5348923027231,7,2.90050267700812,1.14964749975237,4431852.16742862,-36.8686663294419,-71.3757734749843,1060.66,"Chillán, Nevados de",-36.863,-71.377,1
68695,"2022-02-10 03:25:01",357070,0,1,1000,6.98904893449093,78.4786306235201,3,1.19696378254483,0.834087457847606,6858362.53677758,-36.8630090110135,-71.377000245322,1000,"Chillán, Nevados de",-36.863,-71.377,1
68696,"2022-02-10 05:12:03",357070,0,3,375,43.7450816473392,105.650729460996,12,2.91656512010939,1.91327009633775,2539590.52892196,-36.8652046152475,-71.379872411859,838.526,"Chillán, Nevados de",-36.863,-71.377,1
68697,"2022-02-10 06:00:04",357070,0,4,375,29.4788230380494,-81.6502217580001,3,1.44512307375973,0.461363023856681,2490142.62631708,-36.8652887559915,-71.3756688405821,530.33,"Chillán, Nevados de",-36.863,-71.377,1
68698,"2022-02-10 06:54:03",357070,0,3,375,69.7820084402505,-89.346010502961,21,6.78964163985994,3.17152354578131,9158361.42563653,-36.8688341859111,-71.3673659107122,2186.61,"Chillán, Nevados de",-36.863,-71.377,1
68699,"2022-02-11 04:54:03",357070,0,3,375,58.6440743577184,108.628284681829,7,1.48620489250329,0.879489251105063,1535748.96728926,-36.8617427709321,-71.383970979333,1125,"Chillán, Nevados de",-36.863,-71.377,1
68700,"2022-02-11 05:42:04",357070,0,4,750,1.55322496528272,13.1029257071268,4,1.52394171098153,0.945699746720416,6407643.7664685,-36.8653727482343,-71.37146525187,1060.66,"Chillán, Nevados de",-36.863,-71.377,1
68701,"2022-02-11 05:55:02",357070,0,2,1000,1.74595794392523,-49.968812305296,1,0.237186753814236,0.206573575526515,578589.069637926,-36.8630090110135,-71.377000245322,0,"Chillán, Nevados de",-36.863,-71.377,1
68702,"2022-02-11 06:30:03",357070,0,3,375,59.8210925588769,-86.5107252541265,3,0.711116820206717,0.379135995819547,840326.461730025,-36.8686663294419,-71.3757734749843,838.526,"Chillán, Nevados de",-36.863,-71.377,1
68703,"2022-02-12 05:24:04",357070,0,4,750,29.3913373430524,103.677452682628,6,2.25608042698244,1.59564567842202,7318442.55748514,-36.8652046152475,-71.379872411859,1060.66,"Chillán, Nevados de",-36.863,-71.377,1
68704,"2022-02-12 06:12:03",357070,0,3,375,44.5154063954094,-83.6834982442859,4,0.776420937742849,0.540341531201773,597575.9978071,-36.8652887559915,-71.3756688405821,838.526,"Chillán, Nevados de",-36.863,-71.377,1
68705,"2022-02-12 17:42:04",357070,1,4,750,60.3110636519426,86.7496740609936,11,43.3658080832738,12.8630296538852,257160242.87105,-36.8719597394271,-71.3800820675666,2121.32,"Chillán, Nevados de",-36.863,-71.377,1
68706,"2022-02-13 05:06:04",357070,0,4,750,49.6760338896541,106.657651616016,7,2.56071570139071,2.05820444901873,5568452.81534696,-36.8652046152475,-71.379872411859,1677.05,"Chillán, Nevados de",-36.863,-71.377,1
68707,"2022-02-13 05:45:02",357070,0,2,1000,21.465671641791,101.545689733152,4,1.46013329054288,1.04456583502681,7854224.9092538,-36.8630090110135,-71.377000245322,1414.21,"Chillán, Nevados de",-36.863,-71.377,1
68708,"2022-02-13 05:54:03",357070,0,3,375,20.6389024712541,-80.8590972524927,8,2.92586234139311,1.26797373259734,4196530.54101429,-36.8652887559915,-71.3756688405821,1060.66,"Chillán, Nevados de",-36.863,-71.377,1
68709,"2022-02-13 06:42:04",357070,0,4,375,66.8850144191847,-88.3119136219725,14,3.87571565484652,2.09586798867032,4505239.40500852,-36.8687503319371,-71.371569701552,1546.16,"Chillán, Nevados de",-36.863,-71.377,1
68710,"2022-02-14 04:42:04",357070,0,4,375,62.3470024155778,109.647611823443,9,1.86588117305576,1.38884534601699,1207496.93719189,-36.8616583434973,-71.3881743309669,1546.16,"Chillán, Nevados de",-36.863,-71.377,1
68711,"2022-02-14 05:36:03",357070,0,3,750,10.411625767282,101.623172728545,3,1.35313019283186,0.869475099431006,5359503.00374822,-36.8652046152475,-71.379872411859,750,"Chillán, Nevados de",-36.863,-71.377,1
68712,"2022-02-14 06:24:04",357070,0,4,375,55.3964148620202,-85.4796249053217,2,0.542849704850982,0.298142012417321,619416.346472705,-36.8652887559915,-71.3756688405821,530.33,"Chillán, Nevados de",-36.863,-71.377,1
68713,"2022-02-15 03:45:01",357070,0,1,1000,26.8537852206273,-102.037166400851,2,0.571111817551871,0.507162404448602,1208643.90765177,-36.8630090110135,-71.377000245322,1000,"Chillán, Nevados de",-36.863,-71.377,1
68714,"2022-02-15 05:18:03",357070,0,3,375,37.0427219337801,104.672585737227,4,1.23060320165056,0.612523447646371,1564514.37732311,-36.8652046152475,-71.379872411859,530.33,"Chillán, Nevados de",-36.863,-71.377,1
68715,"2022-02-15 06:06:04",357070,0,4,375,37.5791766740777,-82.6532134409691,5,1.27256413873582,0.718421844214148,1402672.68300799,-36.8652887559915,-71.3756688405821,838.526,"Chillán, Nevados de",-36.863,-71.377,1
68716,"2022-02-16 05:00:03",357070,0,3,375,54.3708144377114,107.625359620384,4,0.780984468788191,0.553463996728492,575911.194901113,-36.8617427709321,-71.383970979333,530.33,"Chillán, Nevados de",-36.863,-71.377,1
68717,"2022-02-16 05:48:04",357070,0,4,375,10.5323817229044,-79.4482020494869,2,0.350389015182913,0.260453798784119,227648.516509449,-36.8652887559915,-71.3756688405821,530.33,"Chillán, Nevados de",-36.863,-71.377,1
68718,"2022-02-16 06:15:02",357070,0,2,1000,33.5753405017921,-82.1959438470729,6,1.78661829850454,1.31305722373558,8950304.31313343,-36.8632327741136,-71.365790980576,2236.07,"Chillán, Nevados de",-36.863,-71.377,1
68719,"2022-02-16 06:36:03",357070,0,3,375,63.6429495441824,-87.4528025100971,16,3.35987441538418,2.12203901632599,3133270.85386603,-36.8687503319371,-71.371569701552,1912.13,"Chillán, Nevados de",-36.863,-71.377,1
68720,"2022-02-17 04:42:03",357070,0,3,375,65.5154506568277,110.651613284319,6,1.37184429663546,0.998636571470869,944682.054322864,-36.8649513020275,-71.3924830207709,1546.16,"Chillán, Nevados de",-36.863,-71.377,1
68721,"2022-02-17 05:30:04",357070,0,4,375,20.316424550633,102.599145674621,5,1.32788689734851,0.810511112990816,1309607.45415541,-36.8652046152475,-71.379872411859,530.33,"Chillán, Nevados de",-36.863,-71.377,1
68722,"2022-02-17 06:18:03",357070,0,3,375,50.4550683232476,-84.6366748539471,8,2.1315765694216,1.26481299318391,2193995.30235164,-36.8686663294419,-71.3757734749843,1185.85,"Chillán, Nevados de",-36.863,-71.377,1
68723,"2022-02-18 05:12:04",357070,0,4,375,43.7382915516968,105.629239550362,5,1.34337206474367,0.724664851315435,1566102.63399022,-36.8652046152475,-71.379872411859,375,"Chillán, Nevados de",-36.863,-71.377,1
68724,"2022-02-18 06:00:03",357070,0,3,375,29.7586350470811,-81.8063610261715,3,0.654312814121176,0.433936650330311,557827.164595626,-36.8652887559915,-71.3756688405821,838.526,"Chillán, Nevados de",-36.863,-71.377,1
68725,"2022-02-19 04:54:04",357070,0,4,375,58.6343197994307,108.626148876939,4,0.712587494451847,0.525720130090081,473008.01604072,-36.8617427709321,-71.383970979333,838.526,"Chillán, Nevados de",-36.863,-71.377,1
68726,"2022-02-19 05:42:03",357070,0,3,375,1.04499526149304,-1.29416428016509,4,0.833009717276931,0.524336291523498,781329.608938376,-36.8652046152475,-71.379872411859,838.526,"Chillán, Nevados de",-36.863,-71.377,1
68727,"2022-02-19 06:30:04",357070,0,4,375,59.7989468617651,-86.4283147125036,4,0.629721314034784,0.48091244056398,376672.460972973,-36.8652887559915,-71.3756688405821,838.526,"Chillán, Nevados de",-36.863,-71.377,1
68728,"2022-02-20 04:30:04",357070,0,4,375,68.374811652051,111.697121657538,1,0.168371948411372,0.139372234659257,73405.5254350401,-36.8581962309604,-71.3922723269368,1352.08,"Chillán, Nevados de",-36.863,-71.377,1
68729,"2022-02-20 05:24:03",357070,0,3,375,29.1012314329304,103.687263499696,2,0.382294942207965,0.254723335841836,322915.628614262,-36.8652046152475,-71.379872411859,375,"Chillán, Nevados de",-36.863,-71.377,1
68730,"2022-02-20 05:50:02",357070,0,2,1000,10.9594753833737,100.197836965295,7,15.4860026286963,1.55639470888484,263269589.684437,-36.8630090110135,-71.377000245322,1414.21,"Chillán, Nevados de",-36.863,-71.377,1
68731,"2022-02-20 06:12:04",357070,0,4,750,44.5699070037849,-83.6057171312666,6,6.04338650283391,1.4062681914219,51385067.2883344,-36.8652046152475,-71.379872411859,1677.05,"Chillán, Nevados de",-36.863,-71.377,1
68732,"2022-02-21 05:06:03",357070,0,3,375,49.4146916435871,106.625619754136,7,0.8921865943979,0.738447298608731,389152.592466333,-36.8651203260042,-71.3840759656699,750,"Chillán, Nevados de",-36.863,-71.377,1
68733,"2022-02-21 05:54:04",357070,0,4,375,20.6118372659674,-80.6501627140604,5,1.79226410720105,0.612712261896018,2985740.60842836,-36.8652046152475,-71.379872411859,838.526,"Chillán, Nevados de",-36.863,-71.377,1
68734,"2022-02-21 06:42:03",357070,0,3,375,66.9812919836162,-88.3969929562165,14,3.27092377579901,1.53325771923114,4398467.20568742,-36.8653727482343,-71.37146525187,1912.13,"Chillán, Nevados de",-36.863,-71.377,1
68735,"2022-02-23 05:18:04",357070,0,4,750,36.9177151748247,104.641231661086,5,1.5303106345442,1.0305154872604,5538354.97583863,-36.8652046152475,-71.379872411859,750,"Chillán, Nevados de",-36.863,-71.377,1
68736,"2022-02-23 06:06:03",357070,0,3,375,37.7608228516879,-82.7585968394841,8,2.73536869453952,1.0025651816768,4386158.89193375,-36.8686663294419,-71.3757734749843,1060.66,"Chillán, Nevados de",-36.863,-71.377,1
68737,"2022-02-23 06:20:02",357070,0,2,1000,41.3858158319871,-83.0702988691438,9,2.70051149554761,2.00350414521114,13173438.9213592,-36.8634554812588,-71.3545815923702,2236.07,"Chillán, Nevados de",-36.863,-71.377,1
68739,"2022-02-25 04:36:04",357070,0,4,375,65.5004320549631,110.651501522871,2,0.281913355034056,0.218440176406161,160666.483401859,-36.8582807965494,-71.388069177474,1352.08,"Chillán, Nevados de",-36.863,-71.377,1
68740,"2022-02-25 05:30:03",357070,0,3,375,20.1148963148437,102.682365827746,4,0.71979003757906,0.449217918071872,684885.67750257,-36.8652046152475,-71.379872411859,530.33,"Chillán, Nevados de",-36.863,-71.377,1
68741,"2022-02-25 06:18:04",357070,0,4,375,50.4437304554188,-84.5554788429429,3,0.403933383271875,0.332470693283278,180889.934033634,-36.8652887559915,-71.3756688405821,838.526,"Chillán, Nevados de",-36.863,-71.377,1
68742,"2022-02-26 03:25:02",357070,0,2,1000,7.063033530572,78.5128796844182,1,0.234491596877319,0.204575423881774,565415.669615804,-36.8630090110135,-71.377000245322,0,"Chillán, Nevados de",-36.863,-71.377,1
68743,"2022-02-26 05:12:03",357070,0,3,375,43.6204560332518,105.635338824575,5,1.05231740095387,0.63807292194691,1048556.33748637,-36.8652046152475,-71.379872411859,530.33,"Chillán, Nevados de",-36.863,-71.377,1
68744,"2022-02-26 06:00:04",357070,0,4,375,29.7457212374559,-81.6753525499023,3,0.44030864641546,0.355911937116247,213629.170413632,-36.8652887559915,-71.3756688405821,838.526,"Chillán, Nevados de",-36.863,-71.377,1
68745,"2022-02-27 04:54:03",357070,0,3,375,58.5696703645094,108.608215581118,4,0.810600156560785,0.437400042765689,944662.788043838,-36.8617427709321,-71.383970979333,838.526,"Chillán, Nevados de",-36.863,-71.377,1
68746,"2022-02-27 05:42:04",357070,0,4,375,1.05156750507182,-1.44035952834258,3,0.612351335978359,0.333381739965639,706141.789907197,-36.8652887559915,-71.3756688405821,530.33,"Chillán, Nevados de",-36.863,-71.377,1
68747,"2022-02-27 06:30:03",357070,0,3,750,59.9967316589685,-86.5497070654633,7,1.95270334281565,1.44324648028194,5645418.8579517,-36.8653727482343,-71.37146525187,1677.05,"Chillán, Nevados de",-36.863,-71.377,1
68748,"2022-02-28 03:15:02",357070,0,2,1000,28.8310708310095,81.8756385945343,3,0.71273758066808,0.569090421795017,2714931.30270089,-36.8720158634551,-71.3772794423447,1414.21,"Chillán, Nevados de",-36.863,-71.377,1
68749,"2022-02-28 05:24:04",357070,0,4,375,29.0588946698783,103.615110901124,3,1.02722329658211,0.331938622091399,1759939.33230461,-36.8652046152475,-71.379872411859,530.33,"Chillán, Nevados de",-36.863,-71.377,1
68750,"2022-02-28 06:12:03",357070,0,3,375,44.665940953341,-83.7242489094506,7,1.13939094780461,0.779134346464625,911899.522141833,-36.8652887559915,-71.3756688405821,838.526,"Chillán, Nevados de",-36.863,-71.377,1
68751,"2022-03-01 03:55:02",357070,0,2,1000,43.5112771503041,-104.129026933102,1,0.270518301722181,0.248160464736637,422563.119026778,-36.8630090110135,-71.377000245322,0,"Chillán, Nevados de",-36.863,-71.377,1
68752,"2022-03-01 05:06:04",357070,0,4,375,49.3784523283762,106.604160723639,5,1.11198153865503,0.695468199934449,1054299.38863646,-36.8651203260042,-71.3840759656699,838.526,"Chillán, Nevados de",-36.863,-71.377,1
68753,"2022-03-01 05:45:02",357070,0,2,1000,22.7041050674105,101.673351929335,2,0.530849215497081,0.453053001843807,1470348.43804687,-36.8630090110135,-71.377000245322,1000,"Chillán, Nevados de",-36.863,-71.377,1
68754,"2022-03-01 05:54:03",357070,0,3,375,20.8125385631537,-80.8397365470314,3,0.985783249875544,0.427588629961336,1412930.13165784,-36.8686663294419,-71.3757734749843,530.33,"Chillán, Nevados de",-36.863,-71.377,1
68755,"2022-03-01 06:42:04",357070,0,4,375,66.9811070920325,-88.3380436592263,4,0.708476655990867,0.602069202408329,269343.866880798,-36.8619951623533,-71.3713608195923,838.526,"Chillán, Nevados de",-36.863,-71.377,1
68756,"2022-03-02 04:48:04",357070,0,4,375,62.2434348329866,109.619692859975,10,2.05081137500746,1.49639816444163,1403358.43924476,-36.8581962309604,-71.3922723269368,1590.99,"Chillán, Nevados de",-36.863,-71.377,1
68758,"2022-03-02 06:24:04",357070,0,4,375,55.5408940107102,-85.5124249931548,3,0.62885637705301,0.455229028127183,439494.226968499,-36.8652887559915,-71.3756688405821,750,"Chillán, Nevados de",-36.863,-71.377,1
68759,"2022-03-03 05:18:03",357070,0,3,375,36.9255448572008,104.662193289425,3,0.899963727644625,0.497809615786352,1017952.59564126,-36.8652046152475,-71.379872411859,375,"Chillán, Nevados de",-36.863,-71.377,1
68760,"2022-03-03 06:06:04",357070,0,4,375,37.7791988754392,-82.6641071483022,2,0.601552312545286,0.318168312431451,717315.750288143,-36.8686663294419,-71.3757734749843,530.33,"Chillán, Nevados de",-36.863,-71.377,1
68761,"2022-03-04 05:00:03",357070,0,3,375,54.2973707330403,107.605033118218,1,0.198544976573367,0.140469508858381,147003.527653558,-36.8617427709321,-71.383970979333,530.33,"Chillán, Nevados de",-36.863,-71.377,1
68762,"2022-03-04 05:48:04",357070,0,4,375,10.838879451831,-79.5213782020131,2,0.461229223277302,0.260231056754755,508776.609010196,-36.8652887559915,-71.3756688405821,375,"Chillán, Nevados de",-36.863,-71.377,1
68763,"2022-03-04 06:36:03",357070,0,3,375,63.7068153868199,-87.4601830441071,4,0.666042728321233,0.495978393837156,430475.34666282,-36.8653727482343,-71.37146525187,1125,"Chillán, Nevados de",-36.863,-71.377,1
68764,"2022-03-05 04:42:03",357070,0,3,375,65.4683579211344,110.639751555847,11,1.95465505816374,1.32582222510096,1591733.10869016,-36.8614890431978,-71.3965809816307,1912.13,"Chillán, Nevados de",-36.863,-71.377,1
68765,"2022-03-05 05:30:04",357070,0,4,375,20.0401954822626,102.569803667192,3,0.666915622210983,0.343879608616454,817684.90941115,-36.8652887559915,-71.3756688405821,530.33,"Chillán, Nevados de",-36.863,-71.377,1
68766,"2022-03-05 06:18:03",357070,0,3,375,50.5511827061772,-84.6535277986069,6,0.796946842783055,0.659327961811811,348347.792458461,-36.8654565919739,-71.3672616457533,1546.16,"Chillán, Nevados de",-36.863,-71.377,1
68767,"2022-03-08 05:24:03",357070,0,3,375,28.9715911803293,103.668079548272,9,2.5161844890634,1.07606038187202,3645314.14632817,-36.8652046152475,-71.379872411859,530.33,"Chillán, Nevados de",-36.863,-71.377,1
68768,"2022-03-08 05:50:02",357070,0,2,1000,12.5171896763622,100.442163047931,1,0.213182290026779,0.189901462967115,440007.631427662,-36.8632327741136,-71.365790980576,1000,"Chillán, Nevados de",-36.863,-71.377,1
68769,"2022-03-08 06:12:04",357070,0,4,375,44.6929641843408,-83.6393548286932,6,1.03388320759578,0.698264586751411,849534.63401231,-36.8652887559915,-71.3756688405821,838.526,"Chillán, Nevados de",-36.863,-71.377,1
68771,"2022-03-10 04:48:03",357070,0,3,375,62.231204438531,109.612077805519,9,1.51628639501507,1.09372919708931,1069597.90724958,-36.8650358882635,-71.3882795019841,1185.85,"Chillán, Nevados de",-36.863,-71.377,1
68772,"2022-03-10 05:36:04",357070,0,4,375,10.0709812361828,101.353004679427,4,1.03344203729731,0.491666830775064,1371368.49150943,-36.8652887559915,-71.3756688405821,530.33,"Chillán, Nevados de",-36.863,-71.377,1
68773,"2022-03-10 06:24:03",357070,0,3,375,55.6031167165157,-85.5965104524299,6,1.02952864701504,0.740168143833553,732443.773678133,-36.8653727482343,-71.37146525187,1185.85,"Chillán, Nevados de",-36.863,-71.377,1
68774,"2022-03-11 05:18:04",357070,0,4,375,36.8507650094764,104.614193714978,3,0.58024229217133,0.416474891361052,414536.233301016,-36.8652046152475,-71.379872411859,375,"Chillán, Nevados de",-36.863,-71.377,1
68775,"2022-03-11 06:06:03",357070,0,3,375,37.872810228186,-82.7921706939359,5,0.988487429091764,0.694623722127688,743842.508252819,-36.8652887559915,-71.3756688405821,838.526,"Chillán, Nevados de",-36.863,-71.377,1
68776,"2022-03-11 17:36:04",357070,1,4,375,63.8291130104768,87.6231089447034,15,35.9601846451172,10.6325801617945,64110498.8484108,-36.8686663294419,-71.3757734749843,1352.08,"Chillán, Nevados de",-36.863,-71.377,1
68777,"2022-03-12 05:00:04",357070,0,4,375,54.2445468158513,107.586803796798,5,1.00126365533169,0.716688889970642,720329.874820151,-36.8618270498877,-71.3797676102055,838.526,"Chillán, Nevados de",-36.863,-71.377,1
68778,"2022-03-12 05:48:03",357070,0,3,375,10.920819446734,-79.8458683881424,4,1.7405516238343,0.578133057858559,2942371.9951261,-36.8686663294419,-71.3757734749843,530.33,"Chillán, Nevados de",-36.863,-71.377,1
68779,"2022-03-12 06:36:04",357070,0,4,375,63.7248660073755,-87.4067402307155,2,0.362607551281956,0.280021943251754,209044.820326449,-36.8652887559915,-71.3756688405821,530.33,"Chillán, Nevados de",-36.863,-71.377,1
68780,"2022-03-13 04:42:04",357070,0,4,375,65.4274377088668,110.627469220851,2,0.374918122643726,0.288953563313069,217597.790805725,-36.8582807965494,-71.388069177474,1060.66,"Chillán, Nevados de",-36.863,-71.377,1
68781,"2022-03-13 05:30:03",357070,0,3,375,19.9941618172466,102.673037956651,4,0.835849271692763,0.580370992888908,646679.393222257,-36.8652046152475,-71.379872411859,530.33,"Chillán, Nevados de",-36.863,-71.377,1
68782,"2022-03-13 06:18:04",357070,0,4,375,50.5838292011168,-84.5775829436669,4,0.733585174768424,0.574095065436041,403709.339247593,-36.8652887559915,-71.3756688405821,838.526,"Chillán, Nevados de",-36.863,-71.377,1
68783,"2022-03-14 03:25:02",357070,0,2,1000,6.87458563535912,78.4424033149171,2,0.93898687310043,0.569710339463632,6979326.48573549,-36.8630090110135,-71.377000245322,1414.21,"Chillán, Nevados de",-36.863,-71.377,1
68784,"2022-03-14 05:12:03",357070,0,3,375,43.5500804100997,105.619954599849,3,0.928096293969562,0.496302590203241,1092977.8126585,-36.8652046152475,-71.379872411859,530.33,"Chillán, Nevados de",-36.863,-71.377,1
68785,"2022-03-14 06:00:04",357070,0,4,375,29.9629776877355,-81.7012286453846,4,1.05846443021811,0.646537407875655,1042690.27530433,-36.8686663294419,-71.3757734749843,1060.66,"Chillán, Nevados de",-36.863,-71.377,1
68786,"2022-03-14 06:54:03",357070,0,3,375,69.8246627864113,-89.3127691866758,4,0.789693068074549,0.652657845662713,346870.40672996,-36.8654565919739,-71.3672616457533,1546.16,"Chillán, Nevados de",-36.863,-71.377,1
68787,"2022-03-15 04:54:03",357070,0,3,375,58.5273397086503,108.600124268691,6,1.54449781500917,1.12082050444625,1072433.19236239,-36.8617427709321,-71.383970979333,1060.66,"Chillán, Nevados de",-36.863,-71.377,1
68788,"2022-03-15 05:42:04",357070,0,4,375,1.09726443002977,-13.2868463349102,2,0.631362740130609,0.365316276023437,673430.112271281,-36.8686663294419,-71.3757734749843,530.33,"Chillán, Nevados de",-36.863,-71.377,1
68789,"2022-03-15 06:30:03",357070,0,3,375,59.9524805201159,-86.5296509353047,4,0.838201766409736,0.71547842570645,310643.456155193,-36.8653727482343,-71.37146525187,1060.66,"Chillán, Nevados de",-36.863,-71.377,1
68790,"2022-03-16 03:15:02",357070,0,2,1000,28.7013670505759,81.7724186279419,2,0.660045549887603,0.569185006800515,1717264.26434595,-36.8627841919951,-71.3882093860254,1000,"Chillán, Nevados de",-36.863,-71.377,1
68791,"2022-03-16 04:36:03",357070,0,3,375,68.3124958731858,111.672606328763,5,1.12637635893811,0.816507515801008,784355.50919079,-36.8582807965494,-71.388069177474,1352.08,"Chillán, Nevados de",-36.863,-71.377,1
68792,"2022-03-16 05:24:04",357070,0,4,375,28.8701478017726,103.59622165216,5,1.48753267364069,0.870251084478782,1562494.02256607,-36.8652046152475,-71.379872411859,530.33,"Chillán, Nevados de",-36.863,-71.377,1
68793,"2022-03-16 06:12:03",357070,0,3,375,44.7365486764972,-83.7335641733271,4,0.922513440931876,0.670287168129636,638447.753030671,-36.8687503319371,-71.371569701552,838.526,"Chillán, Nevados de",-36.863,-71.377,1
68794,"2022-03-17 05:06:04",357070,0,4,375,49.2642489700089,106.58508347287,5,0.578470625388779,0.410604045632295,424912.2800086,-36.8617427709321,-71.383970979333,838.526,"Chillán, Nevados de",-36.863,-71.377,1
68795,"2022-03-17 05:54:03",357070,0,3,375,20.9116311378979,-80.8550244887674,4,0.604995918089035,0.493380010850376,282527.765197855,-36.8652887559915,-71.3756688405821,530.33,"Chillán, Nevados de",-36.863,-71.377,1
68796,"2022-03-18 03:00:02",357070,0,2,1000,45.2125235404896,83.8923917137477,2,0.420360979634945,0.3731994503311,891352.903842658,-36.8627841919951,-71.3882093860254,1000,"Chillán, Nevados de",-36.863,-71.377,1
68797,"2022-03-18 04:48:04",357070,0,4,375,62.1738992277119,109.600661760551,8,1.13798860966507,0.849081498873253,731296.124191782,-36.8582807965494,-71.388069177474,1352.08,"Chillán, Nevados de",-36.863,-71.377,1
68798,"2022-03-18 05:36:03",357070,0,3,375,10.059003676931,101.606812624481,5,0.82616700695956,0.54668638374941,707435.327500692,-36.8652046152475,-71.379872411859,530.33,"Chillán, Nevados de",-36.863,-71.377,1
68799,"2022-03-18 06:24:04",357070,0,4,375,55.6462640981144,-85.5266816392096,5,0.969849199494602,0.542966371920293,1080547.15729747,-36.8686663294419,-71.3757734749843,838.526,"Chillán, Nevados de",-36.863,-71.377,1
68800,"2022-03-20 06:36:03",357070,0,3,375,63.7364333579884,-87.467135168703,3,0.500669685832625,0.38220807484959,299855.952800806,-36.8653727482343,-71.37146525187,1125,"Chillán, Nevados de",-36.863,-71.377,1
68801,"2022-03-22 05:12:04",357070,0,4,375,43.4514861802325,105.588137919543,4,1.16026536794042,0.468207953207324,1751770.33104315,-36.8652046152475,-71.379872411859,530.33,"Chillán, Nevados de",-36.863,-71.377,1
68802,"2022-03-22 06:00:02",357070,0,2,1000,9.25515079365079,-79.306876984127,1,0.233119083402209,0.190634363176583,802961.212264327,-36.8630090110135,-71.377000245322,0,"Chillán, Nevados de",-36.863,-71.377,1
68803,"2022-03-22 06:00:03",357070,0,3,375,29.9408900822961,-81.8207518293537,6,1.23991979571634,0.692632124972074,1385321.91657143,-36.8653727482343,-71.37146525187,1060.66,"Chillán, Nevados de",-36.863,-71.377,1
68804,"2022-03-23 03:20:02",357070,0,2,1000,18.3363962019853,80.5962969356927,2,0.525562798837448,0.430091772343504,1804402.40073556,-36.8630090110135,-71.377000245322,1000,"Chillán, Nevados de",-36.863,-71.377,1
68805,"2022-03-23 05:42:03",357070,0,3,375,1.08310854848666,-11.7819477237884,5,0.921909215355853,0.611766846176229,785047.871985923,-36.8686663294419,-71.3757734749843,838.526,"Chillán, Nevados de",-36.863,-71.377,1
68806,"2022-03-24 04:36:04",357070,0,4,375,68.2636567208451,111.663322912748,2,0.231719850925812,0.183345265747398,122448.168732861,-36.8581962309604,-71.3922723269368,1590.99,"Chillán, Nevados de",-36.863,-71.377,1
68807,"2022-03-24 05:24:03",357070,0,3,375,28.9328782176076,103.663956031276,5,1.28501509848061,0.431946183392828,2159330.69131596,-36.8652046152475,-71.379872411859,530.33,"Chillán, Nevados de",-36.863,-71.377,1
68808,"2022-03-24 06:12:04",357070,0,4,375,44.817939790244,-83.6554644892473,5,0.776248316289911,0.459147324177478,802661.886284594,-36.8652887559915,-71.3756688405821,750,"Chillán, Nevados de",-36.863,-71.377,1
68809,"2022-03-25 05:06:03",357070,0,3,375,49.3183102782999,106.609701966562,5,0.805846287659512,0.606939104540816,503483.807269201,-36.8686663294419,-71.3757734749843,838.526,"Chillán, Nevados de",-36.863,-71.377,1
68810,"2022-03-25 05:54:04",357070,0,4,750,21.0839155287378,-80.6950011963261,5,5.57137943856666,1.15796885763922,48906105.9999022,-36.8652046152475,-71.379872411859,1060.66,"Chillán, Nevados de",-36.863,-71.377,1
68811,"2022-03-25 06:30:02",357070,0,2,1000,52.4693741677763,-84.6302130492677,3,0.744211076975087,0.683228760704299,1152565.7775179,-36.8724624790427,-71.3548581621105,2236.07,"Chillán, Nevados de",-36.863,-71.377,1
68812,"2022-03-25 06:42:03",357070,0,3,375,67.0461256690323,-88.4164250468602,18,6.23936623402262,2.14029366212784,10375777.4476086,-36.8653727482343,-71.37146525187,2730.04,"Chillán, Nevados de",-36.863,-71.377,1
68813,"2022-03-26 03:50:02",357070,0,2,1000,35.9621944977607,-103.075150351887,1,0.259841633578133,0.234250022068369,483681.457534537,-36.8630090110135,-71.377000245322,0,"Chillán, Nevados de",-36.863,-71.377,1
68814,"2022-03-26 04:48:03",357070,0,3,375,62.2188280140151,109.60988768187,11,2.62221600011233,1.53225782552361,2758956.62942769,-36.8616583434973,-71.3881743309669,1352.08,"Chillán, Nevados de",-36.863,-71.377,1
68815,"2022-03-26 05:35:02",357070,0,2,1000,34.7038924050633,102.966753164557,3,0.717462554075791,0.648104384423233,1310869.40643335,-36.8542258333487,-71.3655132206251,1414.21,"Chillán, Nevados de",-36.863,-71.377,1
68816,"2022-03-26 05:36:04",357070,0,4,375,9.89524166808239,101.318931588378,6,2.04418069661146,0.829359523199189,3075016.09519982,-36.8685821784274,-71.3799772309783,530.33,"Chillán, Nevados de",-36.863,-71.377,1
68817,"2022-03-26 06:24:03",357070,0,3,375,55.6214183661293,-85.5955174245223,4,0.936469868428137,0.524989979573185,1041558.4686641,-36.8686663294419,-71.3757734749843,1125,"Chillán, Nevados de",-36.863,-71.377,1
68818,"2022-03-27 05:18:04",357070,0,4,375,36.7431738505853,104.603798325416,3,0.585106759549731,0.344617242735305,608739.089436515,-36.8652046152475,-71.379872411859,530.33,"Chillán, Nevados de",-36.863,-71.377,1
68819,"2022-03-27 06:06:03",357070,0,3,375,37.9008052433122,-82.7968377629348,4,0.881046925280246,0.499175125990277,966612.991952736,-36.8780360518159,-71.4139256440071,3354.1,"Chillán, Nevados de",-36.863,-71.377,1
68821,"2022-03-28 05:00:04",357070,0,4,375,54.1755508395552,107.574464338258,7,1.69357080573784,0.859549860096298,2111115.51865515,-36.8617427709321,-71.383970979333,1060.66,"Chillán, Nevados de",-36.863,-71.377,1
68822,"2022-03-28 05:48:03",357070,0,3,375,10.9474201774396,-79.8234517240783,5,1.46837947642752,0.615023003913457,2160058.57105122,-36.8686663294419,-71.3757734749843,838.526,"Chillán, Nevados de",-36.863,-71.377,1
68823,"2022-03-28 06:36:04",357070,0,4,375,63.7827567330197,-87.4201789245597,5,0.810458456973601,0.617341354348277,488827.666020351,-36.8653727482343,-71.37146525187,838.526,"Chillán, Nevados de",-36.863,-71.377,1
68824,"2022-03-30 05:12:03",357070,0,3,375,43.5394386448814,105.627032154196,5,0.655953498274364,0.47883366719493,448334.572419818,-36.8652046152475,-71.379872411859,530.33,"Chillán, Nevados de",-36.863,-71.377,1
68825,"2022-03-30 06:00:04",357070,0,4,375,30.1077592588137,-81.7265947193559,2,0.278671965776916,0.188002518355729,229507.038784881,-36.8652887559915,-71.3756688405821,750,"Chillán, Nevados de",-36.863,-71.377,1
68826,"2022-03-30 06:54:03",357070,0,3,375,69.8291788345833,-89.2903336714213,20,3.8296980166334,1.84056575468072,5034991.0380677,-36.8655402872085,-71.3630580222628,2651.65,"Chillán, Nevados de",-36.863,-71.377,1
68827,"2022-03-31 04:10:01",357070,0,1,1000,55.2180533751962,-106.13808477237,10,2.65810291573641,1.98696974590891,12684416.9097398,-36.8627841919951,-71.3882093860254,2236.07,"Chillán, Nevados de",-36.863,-71.377,1
68828,"2022-03-31 04:54:03",357070,0,3,750,58.6002846901815,108.64967857149,10,3.53029192003145,1.93675055220543,17658430.282222,-36.8650358882635,-71.3882795019841,2250,"Chillán, Nevados de",-36.863,-71.377,1
68829,"2022-03-31 05:42:04",357070,0,4,750,1.61667096386459,-8.151355817803,5,1.89410557383247,1.02735028831962,9604732.00758929,-36.8652046152475,-71.379872411859,1060.66,"Chillán, Nevados de",-36.863,-71.377,1
68830,"2022-03-31 05:55:02",357070,0,2,1000,4.04430865648257,97.7597845671759,3,1.00913236527262,0.544925628074919,8773507.33303659,-36.8630090110135,-71.377000245322,1414.21,"Chillán, Nevados de",-36.863,-71.377,1
68831,"2022-03-31 06:30:03",357070,0,3,375,59.9577372864159,-86.534372038087,11,3.40146375327208,1.18142506621822,5619472.92660506,-36.8653727482343,-71.37146525187,1185.85,"Chillán, Nevados de",-36.863,-71.377,1
68832,"2022-04-01 05:24:04",357070,0,4,750,28.8896563542658,103.586369684664,3,1.27799859919623,0.696959360740744,6438641.06113488,-36.8652046152475,-71.379872411859,750,"Chillán, Nevados de",-36.863,-71.377,1
68833,"2022-04-01 06:12:03",357070,0,3,375,44.7292556042908,-83.7205856764276,7,2.761218747278,1.02357177912694,4398418.88813237,-36.8652887559915,-71.3756688405821,10672.7,"Chillán, Nevados de",-36.863,-71.377,1
68834,"2022-04-02 05:06:04",357070,0,4,375,49.1998759921,106.574798601133,11,2.70870348231929,1.36786508588295,3393997.1909795,-36.8652046152475,-71.379872411859,838.526,"Chillán, Nevados de",-36.863,-71.377,1
68835,"2022-04-02 05:54:03",357070,0,3,375,20.9013858567507,-80.8472292885063,3,0.635374506718406,0.386458459208148,630068.745260342,-36.8652887559915,-71.3756688405821,530.33,"Chillán, Nevados de",-36.863,-71.377,1
68836,"2022-04-02 06:42:04",357070,0,4,375,67.1081328556205,-88.361449893046,10,1.72444936108168,1.22954313003899,1252731.39732682,-36.8686663294419,-71.3757734749843,1185.85,"Chillán, Nevados de",-36.863,-71.377,1
68837,"2022-04-03 06:24:04",357070,0,4,375,55.7104066786643,-85.5355435071333,1,0.0889637359363706,0.0741010220225617,37621.2445943289,-36.8653727482343,-71.37146525187,750,"Chillán, Nevados de",-36.863,-71.377,1
68838,"2022-04-04 03:45:01",357070,0,1,1000,26.999204909285,-102.041648879402,6,1.88150882452867,1.10369055055815,14700765.3780428,-36.8630090110135,-71.377000245322,1414.21,"Chillán, Nevados de",-36.863,-71.377,1
68839,"2022-04-04 05:18:03",357070,0,3,375,36.8771420328745,104.657859462736,4,0.605949808110264,0.437923420365321,425316.793979389,-36.8652046152475,-71.379872411859,375,"Chillán, Nevados de",-36.863,-71.377,1
68840,"2022-04-04 06:06:04",357070,0,4,750,38.1171911480144,-82.723260150991,3,1.10766631421766,0.606575800524529,5552709.25486199,-36.8719597394271,-71.3800820675666,1060.66,"Chillán, Nevados de",-36.863,-71.377,1
68841,"2022-04-05 05:00:03",357070,0,3,375,54.2760555435923,107.606725973181,4,1.12643206471727,0.477145790647865,1643505.88123819,-36.8618270498877,-71.3797676102055,530.33,"Chillán, Nevados de",-36.863,-71.377,1
68842,"2022-04-05 05:48:04",357070,0,4,375,11.1706094297643,-79.5711747256454,4,1.10204667909259,0.494072163495715,1538935.49260458,-36.8686663294419,-71.3757734749843,530.33,"Chillán, Nevados de",-36.863,-71.377,1
68843,"2022-04-05 06:36:03",357070,0,3,375,63.7202382229809,-87.4664828992662,4,0.630881780570538,0.476528453425134,390706.859336805,-36.8653727482343,-71.37146525187,838.526,"Chillán, Nevados de",-36.863,-71.377,1
68844,"2022-04-06 04:42:03",357070,0,3,375,65.460863362417,110.63775915496,12,1.91356735591188,1.50911075135277,1023780.78029025,-36.8616583434973,-71.3881743309669,1912.13,"Chillán, Nevados de",-36.863,-71.377,1
68845,"2022-04-06 05:30:04",357070,0,4,750,19.8129325571464,102.548338707866,4,1.41622378728672,0.945913771443658,5211622.86306098,-36.8652046152475,-71.379872411859,1060.66,"Chillán, Nevados de",-36.863,-71.377,1
68846,"2022-04-06 06:18:03",357070,0,3,375,50.5624526513537,-84.6520877437327,5,0.864193979830883,0.633045169129437,585095.427088037,-36.8652887559915,-71.3756688405821,838.526,"Chillán, Nevados de",-36.863,-71.377,1
68847,"2022-04-07 05:12:04",357070,0,4,375,43.3980456319198,105.580549096401,5,1.07348092099336,0.65725749732197,1053565.54116821,-36.8652046152475,-71.379872411859,530.33,"Chillán, Nevados de",-36.863,-71.377,1
68848,"2022-04-07 06:00:03",357070,0,3,375,29.9265713102482,-81.8349342924654,4,2.10039599793866,0.521742343320758,3995967.06325156,-36.8686663294419,-71.3757734749843,838.526,"Chillán, Nevados de",-36.863,-71.377,1
68849,"2022-04-08 04:54:04",357070,0,4,375,58.428946534272,108.575374101269,5,0.887659791684318,0.624100380252133,667134.760187718,-36.8617427709321,-71.383970979333,1060.66,"Chillán, Nevados de",-36.863,-71.377,1
68850,"2022-04-08 05:42:03",357070,0,3,375,1.07276031759896,-8.21322982640115,5,1.32304010023112,0.654460405702581,1692342.35177537,-36.8652046152475,-71.379872411859,530.33,"Chillán, Nevados de",-36.863,-71.377,1
68851,"2022-04-08 06:30:04",357070,0,4,375,60.0386324234293,-86.4761416948348,4,0.62312267998575,0.481798924245466,357725.756717594,-36.8653727482343,-71.37146525187,838.526,"Chillán, Nevados de",-36.863,-71.377,1
68852,"2022-04-09 05:24:03",357070,0,3,375,28.9836726152007,103.673908559495,2,0.306326824501832,0.248989272436924,145135.678664299,-36.8652046152475,-71.379872411859,530.33,"Chillán, Nevados de",-36.863,-71.377,1
68853,"2022-04-09 06:12:04",357070,0,4,375,44.867022704209,-83.654317823475,3,0.452959383785824,0.354115168580616,250199.419738183,-36.8686663294419,-71.3757734749843,838.526,"Chillán, Nevados de",-36.863,-71.377,1
68854,"2022-04-10 05:06:03",357070,0,3,375,49.3516981876837,106.615882250519,6,0.846170002370873,0.631091869243962,544416.524477494,-36.8618270498877,-71.3797676102055,530.33,"Chillán, Nevados de",-36.863,-71.377,1
68855,"2022-04-10 05:54:04",357070,0,4,375,21.1194916666997,-80.7088240008587,3,0.445010782885966,0.314934429072068,329255.770591428,-36.8686663294419,-71.3757734749843,530.33,"Chillán, Nevados de",-36.863,-71.377,1
68856,"2022-04-11 04:48:03",357070,0,3,375,62.2418368955873,109.617627891094,8,1.0288075145018,0.623217147295201,1026650.61699169,-36.8650358882635,-71.3882795019841,1185.85,"Chillán, Nevados de",-36.863,-71.377,1
68857,"2022-04-11 05:36:04",357070,0,4,375,9.82701008962755,101.311843669066,3,0.55122937684113,0.22312293059391,830519.442063277,-36.8652887559915,-71.3756688405821,530.33,"Chillán, Nevados de",-36.863,-71.377,1
68858,"2022-04-11 06:24:03",357070,0,3,375,55.5830771267145,-85.5847689433222,4,0.50035188698818,0.300349671961328,506255.606786719,-36.8686663294419,-71.3757734749843,1125,"Chillán, Nevados de",-36.863,-71.377,1
68859,"2022-04-12 05:18:04",357070,0,4,375,36.7069946919841,104.599643000753,2,0.221504976919407,0.184917280462873,92612.6066556025,-36.8652046152475,-71.379872411859,375,"Chillán, Nevados de",-36.863,-71.377,1
68860,"2022-04-12 06:06:03",357070,0,3,375,37.8289437303058,-82.7660417478101,2,0.248813601992825,0.174102105883213,189113.474527455,-36.8652887559915,-71.3756688405821,530.33,"Chillán, Nevados de",-36.863,-71.377,1
68861,"2022-04-13 05:00:04",357070,0,4,375,54.1590298153844,107.569995585304,5,0.712562568710639,0.475396009401906,600327.853250231,-36.8651203260042,-71.3840759656699,838.526,"Chillán, Nevados de",-36.863,-71.377,1
68862,"2022-04-13 05:48:03",357070,0,3,375,10.8521311860074,-79.7850233595229,3,0.598044878783305,0.292249895982591,774043.550214306,-36.8652887559915,-71.3756688405821,375,"Chillán, Nevados de",-36.863,-71.377,1
68863,"2022-04-13 06:36:04",357070,0,4,375,63.8081707032755,-87.4201971210113,12,2.30438978288613,1.21017912984346,2769720.71551425,-36.8619951623533,-71.3713608195923,1352.08,"Chillán, Nevados de",-36.863,-71.377,1
68864,"2022-04-14 04:42:04",357070,0,4,375,65.3775231485424,110.612456111052,6,0.99672137336449,0.769652754667732,574767.44107617,-36.8582807965494,-71.388069177474,1352.08,"Chillán, Nevados de",-36.863,-71.377,1
68865,"2022-04-14 05:30:03",357070,0,3,375,20.0607596824905,102.712432262466,6,2.58131669608846,0.861766180687914,4352612.24210764,-36.8652046152475,-71.379872411859,6058.31,"Chillán, Nevados de",-36.863,-71.377,1
68866,"2022-04-14 06:18:04",357070,0,4,375,50.7091216236121,-84.5918313950887,4,0.729923893154161,0.51317322261984,548650.134789999,-36.8652887559915,-71.3756688405821,838.526,"Chillán, Nevados de",-36.863,-71.377,1
68868,"2022-04-15 05:12:03",357070,0,3,750,43.7136330229241,105.672030638046,7,5.93951244237239,1.61436931766926,47927992.2506165,-36.8652046152475,-71.379872411859,1060.66,"Chillán, Nevados de",-36.863,-71.377,1
68869,"2022-04-15 06:00:04",357070,0,4,375,30.1467698746053,-81.7315707944324,6,2.32963004561644,0.727250399297379,4056023.47974512,-36.8652046152475,-71.379872411859,838.526,"Chillán, Nevados de",-36.863,-71.377,1
68870,"2022-04-15 06:54:03",357070,0,3,375,69.8176306159058,-89.357853987127,12,2.28815245328964,1.54927492328238,1870283.74783088,-36.8653727482343,-71.37146525187,1352.08,"Chillán, Nevados de",-36.863,-71.377,1
68871,"2022-04-16 04:54:03",357070,0,3,375,58.5667920127494,108.615878812479,3,0.523429286530125,0.349546558258155,440140.655938425,-36.8618270498877,-71.3797676102055,750,"Chillán, Nevados de",-36.863,-71.377,1
68872,"2022-04-16 05:42:04",357070,0,4,375,1.15447577394042,-20.6787155105174,3,0.695226386907828,0.3856653490666,783576.37703561,-36.8686663294419,-71.3757734749843,530.33,"Chillán, Nevados de",-36.863,-71.377,1
68873,"2022-04-16 06:30:03",357070,0,3,375,59.9160551104665,-86.5201494971871,4,0.626912131337856,0.509406987502706,297434.895332723,-36.8652887559915,-71.3756688405821,838.526,"Chillán, Nevados de",-36.863,-71.377,1
68874,"2022-04-17 04:30:03",357070,0,3,375,68.3349607367455,111.661173604807,4,0.642097297966851,0.537400677077143,265013.321627075,-36.8581962309604,-71.3922723269368,1677.05,"Chillán, Nevados de",-36.863,-71.377,1
68875,"2022-04-17 05:24:04",357070,0,4,375,28.7419142511852,103.585534631204,4,0.904023890213073,0.52717653830353,953894.859521033,-36.8652046152475,-71.379872411859,530.33,"Chillán, Nevados de",-36.863,-71.377,1
68876,"2022-04-17 06:12:03",357070,0,3,375,44.6459215285327,-83.7016603879895,5,0.867925243389175,0.624098890586233,617185.455532446,-36.8687503319371,-71.371569701552,838.526,"Chillán, Nevados de",-36.863,-71.377,1
68877,"2022-04-18 03:55:01",357070,0,1,1000,43.8848586572438,-104.170459363958,3,0.68644666466079,0.625724924677016,1147640.88569331,-36.8630090110135,-71.377000245322,1000,"Chillán, Nevados de",-36.863,-71.377,1
68878,"2022-04-18 05:06:04",357070,0,4,375,49.199151218194,106.576091279144,8,1.29969750418594,0.969828316413096,834981.381550005,-36.8618270498877,-71.3797676102055,838.526,"Chillán, Nevados de",-36.863,-71.377,1
68879,"2022-04-18 05:54:03",357070,0,3,375,20.7728133210585,-80.824645457544,3,0.591187304727994,0.359100450128727,587469.850704393,-36.8652887559915,-71.3756688405821,838.526,"Chillán, Nevados de",-36.863,-71.377,1
68880,"2022-04-18 06:48:04",357070,0,4,375,67.1168500116344,-88.3614278205367,9,1.64532617042299,1.09087889903493,1403444.65570101,-36.8653727482343,-71.37146525187,1185.85,"Chillán, Nevados de",-36.863,-71.377,1
68883,"2022-04-19 06:24:04",357070,0,4,375,55.7139785075222,-85.5295845989143,1,0.125965138634462,0.103908273357609,55831.4402320352,-36.8652887559915,-71.3756688405821,375,"Chillán, Nevados de",-36.863,-71.377,1
68884,"2022-04-21 05:00:03",357070,0,3,375,54.3455311316627,107.622393322161,5,0.715335935142113,0.312383250674028,1019973.98255984,-36.8617427709321,-71.383970979333,530.33,"Chillán, Nevados de",-36.863,-71.377,1
68885,"2022-04-21 05:48:04",357070,0,4,375,11.1575800271485,-79.5504530270739,2,0.284525606834701,0.147630704918481,346515.22047543,-36.8686663294419,-71.3757734749843,530.33,"Chillán, Nevados de",-36.863,-71.377,1
68887,"2022-04-25 05:24:03",357070,0,3,375,29.1344240955387,103.693146018023,2,0.178345458114945,0.1343382190585,111393.323861625,-36.8652887559915,-71.3756688405821,375,"Chillán, Nevados de",-36.863,-71.377,1
68888,"2022-04-28 05:18:04",357070,0,4,375,36.7476188786555,104.606753502641,3,0.336513658085412,0.227049681284583,277080.691277098,-36.8652046152475,-71.379872411859,375,"Chillán, Nevados de",-36.863,-71.377,1
68889,"2022-04-28 06:06:03",357070,0,3,375,37.6871993136418,-82.7448593609353,4,0.392433025383968,0.249109049118018,362788.814923184,-36.8652887559915,-71.3756688405821,750,"Chillán, Nevados de",-36.863,-71.377,1
68890,"2022-04-29 05:00:04",357070,0,4,375,54.2616336553572,107.543880829538,5,1.03424106039687,0.376132711592981,1665836.75790983,-36.8651203260042,-71.3840759656699,838.526,"Chillán, Nevados de",-36.863,-71.377,1
68891,"2022-04-29 05:48:03",357070,0,3,375,10.6346954194259,-79.7962617522631,5,1.11487494791973,0.407591014142962,1790312.45737243,-36.8686663294419,-71.3757734749843,838.526,"Chillán, Nevados de",-36.863,-71.377,1
68892,"2022-04-29 06:36:04",357070,0,4,375,63.7501475196381,-87.4530449973336,5,0.563495308030133,0.408649394062444,391953.719730713,-36.8687503319371,-71.371569701552,1060.66,"Chillán, Nevados de",-36.863,-71.377,1
68893,"2022-04-30 05:30:03",357070,0,3,375,20.2734324109403,102.714170420528,5,0.641011222026977,0.422819332243808,552298.221013645,-36.8652046152475,-71.379872411859,530.33,"Chillán, Nevados de",-36.863,-71.377,1
68894,"2022-04-30 06:18:04",357070,0,4,375,50.6232397109732,-84.6308021376582,4,0.443026493396421,0.340217988058406,260234.029136852,-36.8652887559915,-71.3756688405821,530.33,"Chillán, Nevados de",-36.863,-71.377,1
68895,"2022-05-01 03:25:01",357070,0,1,1000,6.14130863224281,78.1403035080805,2,0.355845370401754,0.275796648917003,1512920.83606179,-36.8630090110135,-71.377000245322,1000,"Chillán, Nevados de",-36.863,-71.377,1
68896,"2022-05-01 05:12:03",357070,0,3,375,43.7453600656659,105.66366228819,4,0.573927447981792,0.315187593551491,654935.256526699,-36.8652887559915,-71.3756688405821,530.33,"Chillán, Nevados de",-36.863,-71.377,1
68897,"2022-05-01 06:00:04",357070,0,4,375,29.9948937564507,-81.7513095774845,4,0.59676143798657,0.319543567283569,701707.735216971,-36.8653727482343,-71.37146525187,838.526,"Chillán, Nevados de",-36.863,-71.377,1
68898,"2022-05-02 04:54:03",357070,0,3,375,58.6587758986367,108.642403574292,3,0.294296758236749,0.231820725392923,158142.458135937,-36.8650358882635,-71.3882795019841,1125,"Chillán, Nevados de",-36.863,-71.377,1
68899,"2022-05-02 05:42:04",357070,0,4,375,1.10361113265505,-12.5726326696812,3,0.87150324630597,0.217570858363481,1655266.35697942,-36.8652046152475,-71.379872411859,530.33,"Chillán, Nevados de",-36.863,-71.377,1
68900,"2022-05-02 05:50:02",357070,0,2,1000,11.1081792376318,100.233710462287,2,0.309960445106031,0.246505219815506,1199303.75799094,-36.8630090110135,-71.377000245322,1000,"Chillán, Nevados de",-36.863,-71.377,1
68901,"2022-05-02 06:30:03",357070,0,3,375,59.8143018239657,-86.4948400207126,4,0.497170925218348,0.339857283205083,398200.156346077,-36.8653727482343,-71.37146525187,838.526,"Chillán, Nevados de",-36.863,-71.377,1
68902,"2022-05-03 05:24:04",357070,0,4,375,28.8799302001827,103.554636786368,6,1.48401056966995,0.70226461459999,1978794.44877084,-36.8652046152475,-71.379872411859,530.33,"Chillán, Nevados de",-36.863,-71.377,1
68903,"2022-05-03 06:12:03",357070,0,3,375,44.4833942681432,-83.6798371139728,2,0.303602618195859,0.238143638306012,165693.042846177,-36.8652887559915,-71.3756688405821,530.33,"Chillán, Nevados de",-36.863,-71.377,1
68904,"2022-05-04 03:55:01",357070,0,1,1000,44.0321321585903,-104.188643171806,8,1.69398726445392,1.09116351169244,11393368.9271921,-36.8630090110135,-71.377000245322,2236.07,"Chillán, Nevados de",-36.863,-71.377,1
68905,"2022-05-04 05:06:04",357070,0,4,375,49.2785167168586,106.540711296671,6,1.15494711506959,0.596191550515814,1414350.02277676,-36.8652046152475,-71.379872411859,530.33,"Chillán, Nevados de",-36.863,-71.377,1
68906,"2022-05-04 05:54:03",357070,0,3,375,20.5281139835968,-80.820139688262,3,0.534092645502466,0.285051673267289,630384.960970292,-36.8652887559915,-71.3756688405821,750,"Chillán, Nevados de",-36.863,-71.377,1
68907,"2022-05-04 06:48:04",357070,0,4,375,67.0765098563776,-88.4061534910722,6,0.753894053155019,0.595233376476317,401609.837842965,-36.8653727482343,-71.37146525187,1125,"Chillán, Nevados de",-36.863,-71.377,1
68908,"2022-05-05 04:48:04",357070,0,4,750,62.288296607748,109.610499550014,8,1.99986031214331,1.49556066629412,5588270.45056643,-36.8650358882635,-71.3882795019841,1677.05,"Chillán, Nevados de",-36.863,-71.377,1
68909,"2022-05-05 05:36:03",357070,0,3,375,10.4871165665153,101.666793469802,3,1.21204870330566,0.323373680019355,2249458.65269346,-36.8686663294419,-71.3757734749843,530.33,"Chillán, Nevados de",-36.863,-71.377,1
68910,"2022-05-05 06:24:04",357070,0,4,375,55.6689489960554,-85.5744056486505,4,0.862871342409803,0.425932014081764,1106002.67483035,-36.8653727482343,-71.37146525187,838.526,"Chillán, Nevados de",-36.863,-71.377,1
68911,"2022-05-06 05:18:03",357070,0,3,375,37.1689876105394,104.702756328713,3,0.565462824870291,0.263056085114232,765467.060007523,-36.8652046152475,-71.379872411859,530.33,"Chillán, Nevados de",-36.863,-71.377,1
68912,"2022-05-06 06:06:04",357070,0,4,375,37.9620070783512,-82.7257195598729,7,1.52356271698956,0.603399889330475,2329162.15751206,-36.8653727482343,-71.37146525187,838.526,"Chillán, Nevados de",-36.863,-71.377,1
68913,"2022-05-07 05:00:03",357070,0,3,375,54.4699354956698,107.657906406179,5,0.719770677814346,0.429274792707962,735317.709175535,-36.8651203260042,-71.3840759656699,750,"Chillán, Nevados de",-36.863,-71.377,1
68914,"2022-05-07 05:48:04",357070,0,4,375,11.0670859476863,-79.5811927038224,5,1.18793070173254,0.483957831959506,1781931.326613,-36.8652046152475,-71.379872411859,838.526,"Chillán, Nevados de",-36.863,-71.377,1
68915,"2022-05-07 06:36:03",357070,0,3,375,63.5571155129151,-87.4257991133241,4,0.545142340582969,0.392161377831929,387233.061963571,-36.8653727482343,-71.37146525187,1185.85,"Chillán, Nevados de",-36.863,-71.377,1
68918,"2022-05-09 05:12:04",357070,0,4,375,43.4607420819641,105.543033076459,5,0.911411367670899,0.482160724820052,1086540.68971621,-36.8652046152475,-71.379872411859,530.33,"Chillán, Nevados de",-36.863,-71.377,1
68919,"2022-05-09 05:55:02",357070,0,2,1000,1.59001166861143,60.6192687670167,1,0.188954265440838,0.1536090303474,668024.943265972,-36.8630090110135,-71.377000245322,0,"Chillán, Nevados de",-36.863,-71.377,1
68920,"2022-05-09 06:00:03",357070,0,3,375,29.4993362632794,-81.7648132758427,6,0.87300407594673,0.555644835222316,803315.578083674,-36.8652046152475,-71.379872411859,838.526,"Chillán, Nevados de",-36.863,-71.377,1
68921,"2022-05-10 05:42:03",357070,0,3,375,1.03860626595399,15.7572166629393,5,0.595010062786398,0.375176308613669,556454.190249721,-36.8652046152475,-71.379872411859,530.33,"Chillán, Nevados de",-36.863,-71.377,1
68922,"2022-05-11 05:24:03",357070,0,3,375,29.3972873056125,103.729501470448,6,0.991332330307585,0.683906777211932,778170.931273371,-36.8652046152475,-71.379872411859,530.33,"Chillán, Nevados de",-36.863,-71.377,1
68923,"2022-05-13 04:48:03",357070,0,3,375,62.4160917839415,109.684841234914,6,0.528374931713628,0.35608601943955,436106.309193761,-36.8616583434973,-71.3881743309669,1125,"Chillán, Nevados de",-36.863,-71.377,1
68924,"2022-05-13 05:30:02",357070,0,2,1000,42.0943191673894,103.858933217693,1,0.131185365609022,0.123870653434423,138248.060099935,-36.8720158634551,-71.3772794423447,1000,"Chillán, Nevados de",-36.863,-71.377,1
68925,"2022-05-13 05:36:04",357070,0,4,375,9.87941012815511,101.277416795353,3,0.959077766228225,0.206899350374321,1903951.61513019,-36.8652887559915,-71.3756688405821,530.33,"Chillán, Nevados de",-36.863,-71.377,1
68926,"2022-05-13 06:24:03",357070,0,3,375,55.3402333309506,-85.5396900958362,4,0.394797751185827,0.270012338940759,315863.07474533,-36.8652887559915,-71.3756688405821,838.526,"Chillán, Nevados de",-36.863,-71.377,1
68927,"2022-05-15 05:00:04",357070,0,4,375,54.1795045815337,107.528930162,6,1.30218600792035,0.527213503502471,1961649.15180777,-36.8651203260042,-71.3840759656699,530.33,"Chillán, Nevados de",-36.863,-71.377,1
68928,"2022-05-15 05:48:03",357070,0,3,375,10.2734900245586,-79.7369337016116,3,0.65263141956695,0.250550134643345,1017768.25246287,-36.8652046152475,-71.379872411859,530.33,"Chillán, Nevados de",-36.863,-71.377,1
68929,"2022-05-15 06:36:04",357070,0,4,375,63.7996647904433,-87.467749347278,6,1.12267579927805,0.526360705015913,1509422.58235104,-36.8686663294419,-71.3757734749843,838.526,"Chillán, Nevados de",-36.863,-71.377,1
68930,"2022-05-16 04:42:04",357070,0,4,375,65.3934825330666,110.569914804676,5,0.532290694478671,0.423701991476718,274865.154473693,-36.8582807965494,-71.388069177474,1590.99,"Chillán, Nevados de",-36.863,-71.377,1
68931,"2022-05-16 05:30:03",357070,0,3,375,20.6072259509001,102.751225128716,4,0.83483686160645,0.340787694717501,1250561.95368765,-36.8685821784274,-71.3799772309783,530.33,"Chillán, Nevados de",-36.863,-71.377,1
68932,"2022-05-16 06:00:02",357070,0,2,1000,8.43528644804425,-79.1132714342157,1,0.198410594424822,0.139601221259721,1111497.15282041,-36.8630090110135,-71.377000245322,0,"Chillán, Nevados de",-36.863,-71.377,1
68933,"2022-05-16 06:18:04",357070,0,4,375,50.7021649282509,-84.6413329065135,9,1.10351932296895,0.751637756468882,890700.215203297,-36.8686663294419,-71.3757734749843,1185.85,"Chillán, Nevados de",-36.863,-71.377,1
68934,"2022-05-17 03:25:01",357070,0,1,1000,6.22841132520645,78.1809005112073,2,0.458827130766228,0.320005467858528,2623729.42895553,-36.8720158634551,-71.3772794423447,1000,"Chillán, Nevados de",-36.863,-71.377,1
68935,"2022-05-17 05:12:03",357070,0,3,375,43.9661877563751,105.704783521533,5,1.60029721372368,0.473973004904127,2851008.15357449,-36.8685821784274,-71.3799772309783,838.526,"Chillán, Nevados de",-36.863,-71.377,1
68936,"2022-05-17 06:00:04",357070,0,4,375,30.1192180101329,-81.7665501416628,7,1.48181952489516,0.694585106175151,1992687.12238503,-36.8652046152475,-71.379872411859,16912.5,"Chillán, Nevados de",-36.863,-71.377,1
68937,"2022-05-17 06:48:03",357070,0,3,375,69.7229085539311,-89.2687877318139,17,3.10636835847101,1.71033536340206,3533708.51876827,-36.8687503319371,-71.371569701552,2019.44,"Chillán, Nevados de",-36.863,-71.377,1
68938,"2022-05-18 04:54:03",357070,0,3,375,58.7999745291167,108.68415333915,2,0.293558046165163,0.188937857108473,264819.853549747,-36.8617427709321,-71.383970979333,530.33,"Chillán, Nevados de",-36.863,-71.377,1
68939,"2022-05-18 05:42:04",357070,0,4,375,1.14835890320061,-20.3030865340489,3,0.664351425194577,0.3193049584243,873398.869012265,-36.8652887559915,-71.3756688405821,530.33,"Chillán, Nevados de",-36.863,-71.377,1
68940,"2022-05-18 06:30:03",357070,0,3,375,59.6563925896111,-86.461597512177,7,1.15292337105333,0.718472339133793,1099704.17454632,-36.8686663294419,-71.3757734749843,1125,"Chillán, Nevados de",-36.863,-71.377,1
68941,"2022-05-21 04:48:04",357070,0,4,375,62.1385461358477,109.542825274299,8,0.785528905706453,0.585018266794651,507542.554745499,-36.8616583434973,-71.3881743309669,1352.08,"Chillán, Nevados de",-36.863,-71.377,1
68942,"2022-05-21 05:36:03",357070,0,3,375,10.8901416169174,101.706236121245,3,0.387497705664752,0.220955742182961,421559.345063284,-36.8652046152475,-71.379872411859,530.33,"Chillán, Nevados de",-36.863,-71.377,1
68943,"2022-05-21 06:20:02",357070,0,2,1000,37.5732122905028,-82.6149441340782,6,0.888505101940249,0.719808014265366,3188374.95705528,-36.8630090110135,-71.377000245322,2000,"Chillán, Nevados de",-36.863,-71.377,1
68944,"2022-05-21 06:24:04",357070,0,4,375,55.7166042349934,-85.5783084206191,5,0.854535114915225,0.300965255301978,1401223.70714603,-36.8652887559915,-71.3756688405821,838.526,"Chillán, Nevados de",-36.863,-71.377,1
68946,"2022-05-25 06:00:03",357070,0,3,375,29.1469724633615,-81.7404514608921,2,0.204029952113783,0.161729674811181,107072.576922212,-36.8686663294419,-71.3757734749843,530.33,"Chillán, Nevados de",-36.863,-71.377,1
68947,"2022-05-26 04:54:04",357070,0,4,375,58.4259754800839,108.529333850133,6,0.569430294339284,0.41591594878386,388583.187187168,-36.8650358882635,-71.3882795019841,838.526,"Chillán, Nevados de",-36.863,-71.377,1
68948,"2022-05-26 05:42:03",357070,0,3,375,1.12053670125697,35.5393930271684,2,0.31367227489634,0.150111465324006,414013.29922997,-36.8652887559915,-71.3756688405821,530.33,"Chillán, Nevados de",-36.863,-71.377,1
68949,"2022-05-26 06:30:04",357070,0,4,375,60.0572787018036,-86.5316393504879,8,1.21799054184151,0.609160286773868,1541101.58313997,-36.8652887559915,-71.3756688405821,1185.85,"Chillán, Nevados de",-36.863,-71.377,1
68950,"2022-05-27 05:24:03",357070,0,3,375,29.7514967708996,103.770008669571,5,0.340452493848886,0.263726401674388,194212.920816698,-36.8652046152475,-71.379872411859,530.33,"Chillán, Nevados de",-36.863,-71.377,1
68951,"2022-05-27 05:40:02",357070,0,2,1000,28.7082389231632,102.26938867078,5,0.504946987777049,0.327848393011573,3347163.4410675,-36.8722396993981,-71.3660688639861,1414.21,"Chillán, Nevados de",-36.863,-71.377,1
68952,"2022-05-27 06:12:04",357070,0,4,375,44.8918638988813,-83.7105066686997,5,0.245644001581857,0.138525257703265,271144.320442684,-36.8687503319371,-71.371569701552,838.526,"Chillán, Nevados de",-36.863,-71.377,1
68953,"2022-05-28 05:06:03",357070,0,3,375,49.849319433198,106.716827799735,5,0.534087552274968,0.279029941723405,645614.576708646,-36.8686663294419,-71.3757734749843,530.33,"Chillán, Nevados de",-36.863,-71.377,1
68954,"2022-05-28 05:54:04",357070,0,4,375,21.1479085785207,-80.7730160973957,4,0.385543750293484,0.236104735627188,378267.505874062,-36.8686663294419,-71.3757734749843,838.526,"Chillán, Nevados de",-36.863,-71.377,1
68955,"2022-05-28 06:25:02",357070,0,2,1000,43.7265918895599,-83.365539257981,1,0.114381474147205,0.10444218138051,187852.633290537,-36.8720158634551,-71.3772794423447,1000,"Chillán, Nevados de",-36.863,-71.377,1
68956,"2022-05-29 03:50:01",357070,0,1,1000,36.1648676565526,-103.096804389929,1,0.110499960870832,0.0873244659124769,438016.854712913,-36.8630090110135,-71.377000245322,0,"Chillán, Nevados de",-36.863,-71.377,1
68957,"2022-05-29 04:42:03",357070,0,3,375,62.5673379763201,109.723401477844,12,1.36489617184123,0.526264363138992,2122786.76577754,-36.8650358882635,-71.3882795019841,1352.08,"Chillán, Nevados de",-36.863,-71.377,1
68958,"2022-05-29 05:36:04",357070,0,4,375,9.80689038790086,101.270357415698,3,0.488156801850829,0.151474503596004,852227.067457528,-36.8652046152475,-71.379872411859,530.33,"Chillán, Nevados de",-36.863,-71.377,1
68959,"2022-05-29 06:24:03",357070,0,3,375,55.1213573890815,-85.4960789142406,5,0.525231933188861,0.26770422596324,651867.008914853,-36.8653727482343,-71.37146525187,838.526,"Chillán, Nevados de",-36.863,-71.377,1
68960,"2022-05-30 05:18:04",357070,0,4,375,36.6899774502323,104.556193519861,4,0.43646373833463,0.232705372072032,515763.364602201,-36.8652046152475,-71.379872411859,530.33,"Chillán, Nevados de",-36.863,-71.377,1
68961,"2022-05-30 06:06:03",357070,0,3,375,37.133593945619,-82.6696130215806,3,0.388283716375908,0.165524354248917,563859.635383946,-36.8652887559915,-71.3756688405821,530.33,"Chillán, Nevados de",-36.863,-71.377,1
68962,"2022-05-31 05:00:04",357070,0,4,375,54.1473964544543,107.52544787175,4,0.39218512418701,0.233809746636833,400887.674423886,-36.8651203260042,-71.3840759656699,530.33,"Chillán, Nevados de",-36.863,-71.377,1
68963,"2022-05-31 05:48:03",357070,0,3,375,9.78569007236964,-79.7089093004756,5,0.484684645227353,0.296217330351235,477057.890780174,-36.8686663294419,-71.3757734749843,838.526,"Chillán, Nevados de",-36.863,-71.377,1
68964,"2022-05-31 06:36:04",357070,0,4,375,63.8187610386372,-87.4713991218463,5,0.454764841840267,0.308910805126806,369193.030430946,-36.8654565919739,-71.3672616457533,1546.16,"Chillán, Nevados de",-36.863,-71.377,1
68965,"2022-06-01 04:42:04",357070,0,4,375,65.3709975782295,110.566056606466,4,0.315045974894466,0.22565783338548,226263.733194622,-36.8581962309604,-71.3922723269368,1352.08,"Chillán, Nevados de",-36.863,-71.377,1
68966,"2022-06-01 05:30:03",357070,0,3,375,21.0510863609839,102.805822889,3,0.518782631165666,0.176538559105749,866305.307401666,-36.8652887559915,-71.3756688405821,530.33,"Chillán, Nevados de",-36.863,-71.377,1
68967,"2022-06-01 06:00:02",357070,0,2,1000,2.92092217898833,-75.2516459143969,1,0.115422076180288,0.099906376811009,293246.718079383,-36.8630090110135,-71.377000245322,0,"Chillán, Nevados de",-36.863,-71.377,1
68968,"2022-06-01 06:18:04",357070,0,4,375,50.7096525702546,-84.640082367406,5,0.579169855207546,0.295157387063272,718906.559990194,-36.8653727482343,-71.37146525187,838.526,"Chillán, Nevados de",-36.863,-71.377,1
68969,"2022-06-08 05:00:03",357070,0,3,375,54.6911625262699,107.70441640484,3,0.44284423566482,0.244347691226655,502444.378109106,-36.8652046152475,-71.379872411859,375,"Chillán, Nevados de",-36.863,-71.377,1
68970,"2022-06-08 05:48:04",357070,0,4,375,11.183663841585,-79.5730379925055,4,1.12155301320382,0.342777969364768,1971274.3297176,-36.8652887559915,-71.3756688405821,530.33,"Chillán, Nevados de",-36.863,-71.377,1
68971,"2022-06-08 06:05:02",357070,0,2,1000,12.0756774193548,-79.7985,1,0.159434859638098,0.14152999002918,338402.035608556,-36.8630090110135,-71.377000245322,0,"Chillán, Nevados de",-36.863,-71.377,1
68972,"2022-06-08 06:36:03",357070,0,3,375,63.3867706406472,-87.3765574575394,12,1.76986432362863,1.01155402772657,1919472.93650211,-36.8654565919739,-71.3672616457533,1546.16,"Chillán, Nevados de",-36.863,-71.377,1
68973,"2022-06-09 04:36:03",357070,0,3,375,65.7227349717646,110.737593146517,7,0.681949445816826,0.454976214040985,574525.992932597,-36.8616583434973,-71.3881743309669,1352.08,"Chillán, Nevados de",-36.863,-71.377,1
68974,"2022-06-09 05:30:04",357070,0,4,375,19.7477636077752,102.497732907191,6,1.07153286189794,0.417371942675112,1655844.82678279,-36.8686663294419,-71.3757734749843,750,"Chillán, Nevados de",-36.863,-71.377,1
68975,"2022-06-09 06:18:03",357070,0,3,375,50.0671685375913,-84.5579108683842,4,0.354844494812488,0.280086542705748,189231.066270184,-36.8687503319371,-71.371569701552,838.526,"Chillán, Nevados de",-36.863,-71.377,1
68976,"2022-06-10 05:12:04",357070,0,4,375,43.3865316583757,105.536676493059,6,0.667720912526901,0.44866431277286,554487.018127415,-36.8652046152475,-71.379872411859,530.33,"Chillán, Nevados de",-36.863,-71.377,1
68977,"2022-06-10 05:50:02",357070,0,2,1000,12.2771178149205,100.412217692621,1,0.166968253430475,0.136242653200152,580713.844353099,-36.8630090110135,-71.377000245322,0,"Chillán, Nevados de",-36.863,-71.377,1
68978,"2022-06-10 06:00:03",357070,0,3,375,29.1888018908503,-81.7460928390281,3,0.539003072398013,0.24185607346348,752153.341053035,-36.8686663294419,-71.3757734749843,530.33,"Chillán, Nevados de",-36.863,-71.377,1
68979,"2022-06-11 05:42:03",357070,0,3,375,1.09253479606715,30.9370771621176,3,0.487269548417061,0.284196371364994,514028.979413045,-36.8652887559915,-71.3756688405821,530.33,"Chillán, Nevados de",-36.863,-71.377,1
68980,"2022-06-11 06:30:04",357070,0,4,375,60.0443281977364,-86.5306850195417,8,1.31690255419275,0.783406800311336,1350411.12701232,-36.8653727482343,-71.37146525187,1185.85,"Chillán, Nevados de",-36.863,-71.377,1
68981,"2022-06-12 05:24:03",357070,0,3,375,29.6245373495359,103.757305429381,3,0.388790830028145,0.272718065332692,293809.185635366,-36.8652046152475,-71.379872411859,375,"Chillán, Nevados de",-36.863,-71.377,1
68982,"2022-06-13 05:06:03",357070,0,3,375,49.7330611123088,106.699690336413,1,0.117744784642279,0.0906732393219254,68524.8490921449,-36.8652046152475,-71.379872411859,0,"Chillán, Nevados de",-36.863,-71.377,1
68983,"2022-06-13 05:54:04",357070,0,4,375,21.1288483947039,-80.7792696845481,3,0.351641446285601,0.254490411069302,245913.557891255,-36.8652887559915,-71.3756688405821,838.526,"Chillán, Nevados de",-36.863,-71.377,1
68984,"2022-06-13 06:42:03",357070,0,3,375,66.792320343393,-88.3293718990172,8,1.15091801355069,0.743510540278476,1031250.1667203,-36.8653727482343,-71.37146525187,1185.85,"Chillán, Nevados de",-36.863,-71.377,1
68985,"2022-06-14 04:48:03",357070,0,3,375,62.4565356282091,109.752039069342,2,0.185210120591669,0.146991573804627,96740.6965546995,-36.8616583434973,-71.3881743309669,1060.66,"Chillán, Nevados de",-36.863,-71.377,1
68986,"2022-06-14 05:36:04",357070,0,4,375,9.82845655983225,101.273632381486,4,0.402277026627614,0.302568498299432,252387.21233071,-36.8652887559915,-71.3756688405821,530.33,"Chillán, Nevados de",-36.863,-71.377,1
68987,"2022-06-14 06:24:03",357070,0,3,375,55.2508636406425,-85.5076469770558,2,0.200018484714005,0.146887352142065,134488.179322724,-36.8653727482343,-71.37146525187,750,"Chillán, Nevados de",-36.863,-71.377,1
68989,"2022-06-16 03:35:01",357070,0,1,1000,16.883470761464,-100.738216238957,1,0.147374732706924,0.113889426177185,632872.293412055,-36.8630090110135,-71.377000245322,0,"Chillán, Nevados de",-36.863,-71.377,1
68990,"2022-06-16 05:00:04",357070,0,4,375,54.1561462314387,107.529557822121,4,0.386578260141007,0.228428543452261,400316.470368388,-36.8617427709321,-71.383970979333,530.33,"Chillán, Nevados de",-36.863,-71.377,1
68991,"2022-06-16 05:48:03",357070,0,3,375,10.2171902207468,-79.7564012872316,2,0.245502131212916,0.117625766490082,323687.048204673,-36.8686663294419,-71.3757734749843,530.33,"Chillán, Nevados de",-36.863,-71.377,1
68992,"2022-06-16 06:36:04",357070,0,4,375,63.8003157196406,-87.467098144066,6,0.503523855984567,0.342794314265705,406846.65247587,-36.8687503319371,-71.371569701552,1060.66,"Chillán, Nevados de",-36.863,-71.377,1
68993,"2022-06-18 05:12:03",357070,0,3,375,43.9369382462032,105.699634750178,3,0.317536940599569,0.20311463727571,289631.455288518,-36.8652046152475,-71.379872411859,375,"Chillán, Nevados de",-36.863,-71.377,1
68994,"2022-06-18 06:00:04",357070,0,4,375,30.1078988931502,-81.7688885628201,2,0.216312156755045,0.139698092079792,193929.351209233,-36.8652887559915,-71.3756688405821,750,"Chillán, Nevados de",-36.863,-71.377,1
68995,"2022-06-19 05:42:04",357070,0,4,375,1.14397333736028,-19.0820090074461,1,0.0738322115573105,0.0615354219480614,31126.2486984118,-36.8686663294419,-71.3757734749843,530.33,"Chillán, Nevados de",-36.863,-71.377,1
68997,"2022-06-20 05:24:04",357070,0,4,375,28.7631743139647,103.546360537772,2,0.0960801414486764,0.0667462306354078,74251.4617460863,-36.8652046152475,-71.379872411859,375,"Chillán, Nevados de",-36.863,-71.377,1
68998,"2022-06-22 05:36:03",357070,0,3,375,10.6104379754376,101.681882444496,4,0.959307632234139,0.289141214294106,1696358.74541071,-36.8652046152475,-71.379872411859,19557.6,"Chillán, Nevados de",-36.863,-71.377,1
68999,"2022-06-25 05:30:04",357070,0,4,375,19.8147024465541,102.507343186169,4,0.585596229739281,0.200725223924164,974204.733469516,-36.8685821784274,-71.3799772309783,530.33,"Chillán, Nevados de",-36.863,-71.377,1
69000,"2022-06-25 06:18:03",357070,0,3,375,50.3378181247491,-84.6115209284869,4,0.353490411578876,0.247197259138754,269054.54211406,-36.8687503319371,-71.371569701552,838.526,"Chillán, Nevados de",-36.863,-71.377,1
69001,"2022-06-26 05:12:04",357070,0,4,375,43.4349190572416,105.546182395482,5,0.806232689023867,0.378241149942021,1083353.58330092,-36.8617427709321,-71.383970979333,838.526,"Chillán, Nevados de",-36.863,-71.377,1
69002,"2022-06-26 05:45:02",357070,0,2,1000,18.3181955863263,101.20552574643,1,0.143099036354438,0.129297197117294,260854.761582022,-36.8630090110135,-71.377000245322,0,"Chillán, Nevados de",-36.863,-71.377,1
69003,"2022-06-26 06:00:03",357070,0,3,375,29.5839703677177,-81.7861013544699,5,0.552638835349357,0.403341519334025,377908.831163809,-36.8652887559915,-71.3756688405821,838.526,"Chillán, Nevados de",-36.863,-71.377,1
69004,"2022-06-27 05:42:03",357070,0,3,375,1.03365036535338,8.44710913416687,3,0.791020525449767,0.225731336430846,1430888.25970414,-36.8686663294419,-71.3757734749843,530.33,"Chillán, Nevados de",-36.863,-71.377,1
69005,"2022-06-27 06:30:04",357070,0,4,375,60.0067150889664,-86.5216023221126,4,0.382778583848758,0.297221888561116,216565.384946845,-36.8653727482343,-71.37146525187,1185.85,"Chillán, Nevados de",-36.863,-71.377,1
69007,"2022-06-30 04:48:03",357070,0,3,375,62.3241121177461,109.654743907639,5,0.360969349833695,0.261502488189593,251775.493536632,-36.8616583434973,-71.3881743309669,1352.08,"Chillán, Nevados de",-36.863,-71.377,1
69008,"2022-06-30 05:36:04",357070,0,4,375,9.92854933072931,101.29667587303,4,0.314787073732509,0.212487831348668,258944.957284097,-36.8652046152475,-71.379872411859,375,"Chillán, Nevados de",-36.863,-71.377,1
69009,"2022-06-30 06:24:03",357070,0,3,375,55.4688657838532,-85.5621937130601,3,0.264711751531667,0.16553813222425,251033.223871898,-36.8686663294419,-71.3757734749843,750,"Chillán, Nevados de",-36.863,-71.377,1
69010,"2022-07-02 05:00:04",357070,0,4,375,54.2025682795484,107.540720706255,5,0.444989796371161,0.247030404497647,501084.710679832,-36.8651203260042,-71.3840759656699,530.33,"Chillán, Nevados de",-36.863,-71.377,1
69011,"2022-07-02 05:48:03",357070,0,3,375,10.6629973635819,-79.7785131191751,3,0.227808732332551,0.144916674622818,209820.521077763,-36.8686663294419,-71.3757734749843,530.33,"Chillán, Nevados de",-36.863,-71.377,1
69012,"2022-07-02 06:36:04",357070,0,4,375,63.7546502496136,-87.4568726863348,2,0.133653471438068,0.105522931803842,71205.4284491345,-36.8653727482343,-71.37146525187,750,"Chillán, Nevados de",-36.863,-71.377,1
69013,"2022-07-03 04:42:04",357070,0,4,375,65.4122732367169,110.581345721085,4,0.275274227527726,0.216847687920292,147892.178381318,-36.8615737675852,-71.3923776650764,1677.05,"Chillán, Nevados de",-36.863,-71.377,1
69014,"2022-07-03 05:30:03",357070,0,3,375,20.2057882585515,102.710182503996,6,0.796802364469773,0.358069179919955,1110543.37339173,-36.8685821784274,-71.3799772309783,530.33,"Chillán, Nevados de",-36.863,-71.377,1
69015,"2022-07-03 06:18:04",357070,0,4,375,50.6424281884055,-84.6366129743542,1,0.0715790576927946,0.0580846025876715,34157.8394848429,-36.8686663294419,-71.3757734749843,530.33,"Chillán, Nevados de",-36.863,-71.377,1
69018,"2022-07-07 05:54:03",357070,0,3,375,20.7591094803693,-80.8287581158316,3,0.270279212199921,0.188325048843966,207446.475994761,-36.8685821784274,-71.3799772309783,530.33,"Chillán, Nevados de",-36.863,-71.377,1
69019,"2022-07-08 05:36:03",357070,0,3,375,10.1869193151749,101.642039880538,3,0.540244739334888,0.226273794359148,794738.954469843,-36.8652046152475,-71.379872411859,530.33,"Chillán, Nevados de",-36.863,-71.377,1
69020,"2022-07-08 06:24:04",357070,0,4,375,55.6402576902227,-85.5781340274663,2,0.201024124491065,0.155801640039182,114469.413768828,-36.8652887559915,-71.3756688405821,530.33,"Chillán, Nevados de",-36.863,-71.377,1
69021,"2022-07-11 03:30:01",357070,0,1,1000,5.39225048923679,-98.0438199608611,1,0.131456047848993,0.0814935361923143,944291.47031122,-36.8630090110135,-71.377000245322,0,"Chillán, Nevados de",-36.863,-71.377,1
69022,"2022-07-11 05:30:04",357070,0,4,375,19.9489993653903,102.52009646927,3,0.460249776088372,0.127016667685945,843496.305643645,-36.8652887559915,-71.3756688405821,375,"Chillán, Nevados de",-36.863,-71.377,1
69023,"2022-07-11 06:18:03",357070,0,3,375,50.5504454683611,-84.6439177203757,4,0.296003707692783,0.186749839668235,276548.853437138,-36.8686663294419,-71.3757734749843,530.33,"Chillán, Nevados de",-36.863,-71.377,1
69024,"2022-07-15 05:06:03",357070,0,3,375,49.2956837385811,106.612034091199,1,0.0497110138488247,0.0382423025760643,29030.1754091748,-36.8652046152475,-71.379872411859,0,"Chillán, Nevados de",-36.863,-71.377,1
69025,"2022-07-15 05:54:04",357070,0,4,375,20.8792850253138,-80.722076368373,5,0.412195007072326,0.217236021357641,493489.932590297,-36.8686663294419,-71.3757734749843,530.33,"Chillán, Nevados de",-36.863,-71.377,1
69026,"2022-07-18 03:35:01",357070,0,1,1000,16.7653490328007,-100.720761143818,4,0.656406870262177,0.485412324428417,3231796.91625807,-36.8720158634551,-71.3772794423447,1414.21,"Chillán, Nevados de",-36.863,-71.377,1
69027,"2022-07-18 05:00:04",357070,0,4,375,54.2858531037704,107.555064091603,9,0.875118267974139,0.532475542438595,867314.399011846,-36.8651203260042,-71.3840759656699,838.526,"Chillán, Nevados de",-36.863,-71.377,1
69028,"2022-07-18 05:48:03",357070,0,3,375,11.0338548374414,-79.794263342846,4,0.592137006229289,0.243117513770754,883455.590285667,-36.8652046152475,-71.379872411859,530.33,"Chillán, Nevados de",-36.863,-71.377,1
69029,"2022-07-18 06:36:04",357070,0,4,375,63.7076858595452,-87.4419119495288,5,0.418519040953274,0.306344976774121,283940.599953481,-36.8652887559915,-71.3756688405821,838.526,"Chillán, Nevados de",-36.863,-71.377,1
69030,"2022-07-19 04:42:04",357070,0,4,375,65.4667666526457,110.597845354032,5,0.567259395510811,0.427448048579703,353897.471919366,-36.8582807965494,-71.388069177474,1352.08,"Chillán, Nevados de",-36.863,-71.377,1
69032,"2022-07-19 06:18:04",357070,0,4,375,50.5374858852258,-84.6090641207391,5,0.674533726925485,0.436124846422467,603472.478773263,-36.8686663294419,-71.3757734749843,838.526,"Chillán, Nevados de",-36.863,-71.377,1
69033,"2022-07-20 05:12:03",357070,0,3,375,43.4553119427344,105.624529631938,3,0.438435549149082,0.215467715950914,564387.327782862,-36.8652046152475,-71.379872411859,375,"Chillán, Nevados de",-36.863,-71.377,1
69034,"2022-07-20 06:00:04",357070,0,4,375,29.861988622072,-81.7298625073615,3,0.326152536135596,0.216883907352116,276586.216608182,-36.8652046152475,-71.379872411859,530.33,"Chillán, Nevados de",-36.863,-71.377,1
69035,"2022-07-21 05:42:04",357070,0,4,375,1.06352292422774,-5.96971294720362,2,0.241499574112714,0.186268249899954,139804.28941355,-36.8620789958595,-71.3671573981681,1352.08,"Chillán, Nevados de",-36.863,-71.377,1
69036,"2022-07-23 05:06:04",357070,0,4,375,49.3835662369009,106.562871521225,2,0.103257691585902,0.0848624205373142,46563.0298417378,-36.8652046152475,-71.379872411859,375,"Chillán, Nevados de",-36.863,-71.377,1
69037,"2022-07-25 05:18:03",357070,0,3,375,36.7041142979962,104.649540101702,1,0.0523374553372907,0.0421254359447068,25849.1740874778,-36.8652046152475,-71.379872411859,0,"Chillán, Nevados de",-36.863,-71.377,1
69039,"2022-07-27 05:30:04",357070,0,4,375,20.1505319672175,102.543304367924,3,0.284257894595896,0.217611265211721,168699.280628692,-36.8652046152475,-71.379872411859,375,"Chillán, Nevados de",-36.863,-71.377,1
69040,"2022-07-28 05:12:04",357070,0,4,375,43.6605812966229,105.576939334341,8,0.869136718682517,0.477275649002332,991898.332627967,-36.8617427709321,-71.383970979333,1060.66,"Chillán, Nevados de",-36.863,-71.377,1
69041,"2022-07-29 03:15:01",357070,0,1,1000,18.3735631193451,80.6149375269281,1,0.195174770012349,0.162660574879115,614518.288018137,-36.8630090110135,-71.377000245322,0,"Chillán, Nevados de",-36.863,-71.377,1
69042,"2022-07-29 04:54:04",357070,0,4,375,58.6039673091742,108.575634638782,5,0.688976769126431,0.500059700137022,478196.330879441,-36.8617427709321,-71.383970979333,838.526,"Chillán, Nevados de",-36.863,-71.377,1
69043,"2022-07-29 06:30:04",357070,0,4,375,59.8634645205331,-86.4776869559619,3,0.443004362871349,0.290193799207044,386801.739275273,-36.8686663294419,-71.3757734749843,838.526,"Chillán, Nevados de",-36.863,-71.377,1
69044,"2022-07-30 04:30:04",357070,0,4,375,68.368457190133,111.649893383592,6,0.668510680783536,0.471440662222764,498833.484481954,-36.8581962309604,-71.3922723269368,2019.44,"Chillán, Nevados de",-36.863,-71.377,1
69045,"2022-07-31 05:54:04",357070,0,4,375,20.6871898867959,-80.7215506363455,4,0.638321519940083,0.373066197720722,671427.534367756,-36.8652046152475,-71.379872411859,530.33,"Chillán, Nevados de",-36.863,-71.377,1
69046,"2022-07-31 06:10:02",357070,0,2,1000,23.8618313140727,-81.1937977632805,2,0.358365069497348,0.303621303090002,1034657.18509883,-36.8720158634551,-71.3772794423447,1000,"Chillán, Nevados de",-36.863,-71.377,1
69047,"2022-08-02 05:18:04",357070,0,4,375,37.0525973379749,104.60096917455,5,0.519150876090597,0.278195206454409,609919.038766603,-36.8652046152475,-71.379872411859,530.33,"Chillán, Nevados de",-36.863,-71.377,1
69048,"2022-08-03 03:35:01",357070,0,1,1000,16.690247691016,-100.707057094878,1,0.128834224887631,0.102983480049432,488579.07744196,-36.8630090110135,-71.377000245322,0,"Chillán, Nevados de",-36.863,-71.377,1
69050,"2022-08-03 06:36:04",357070,0,4,375,63.6324332736165,-87.4201426123086,11,1.30341318179095,0.682020062592647,1572901.33297071,-36.8686663294419,-71.3757734749843,1352.08,"Chillán, Nevados de",-36.863,-71.377,1
69051,"2022-08-04 05:45:02",357070,0,2,1000,23.3605228136882,101.748365019011,1,0.124113520770253,0.106874341119014,325820.495408428,-36.8630090110135,-71.377000245322,0,"Chillán, Nevados de",-36.863,-71.377,1
69052,"2022-08-04 06:18:04",357070,0,4,375,50.4181485495178,-84.5858201106725,4,0.363800339486378,0.257677148068689,268624.328276026,-36.8652887559915,-71.3756688405821,750,"Chillán, Nevados de",-36.863,-71.377,1
69053,"2022-08-08 06:42:04",357070,0,4,375,66.9310624581423,-88.3505826154128,6,0.584317136747056,0.358482227533125,571644.613947761,-36.8686663294419,-71.3757734749843,838.526,"Chillán, Nevados de",-36.863,-71.377,1
69054,"2022-08-09 06:24:04",357070,0,4,375,55.430305421626,-85.51791787497,3,0.45243454981179,0.239972226146965,537795.25677659,-36.8686663294419,-71.3757734749843,838.526,"Chillán, Nevados de",-36.863,-71.377,1
69055,"2022-08-10 06:06:04",357070,0,4,375,37.5999640045737,-82.6949070682115,2,0.184174345491252,0.139485706356505,113118.11780983,-36.8652887559915,-71.3756688405821,750,"Chillán, Nevados de",-36.863,-71.377,1
69056,"2022-08-11 05:00:03",357070,0,3,375,54.0239375408064,107.559203321563,5,0.755867626220745,0.363343865282019,993575.76987615,-36.8651203260042,-71.3840759656699,838.526,"Chillán, Nevados de",-36.863,-71.377,1
69057,"2022-08-11 05:48:04",357070,0,4,375,10.5061563305377,-79.51491355425,3,0.401283125825204,0.223328545648844,450447.531071412,-36.8686663294419,-71.3757734749843,530.33,"Chillán, Nevados de",-36.863,-71.377,1
69058,"2022-08-12 05:30:04",357070,0,4,375,20.3935244919969,102.572503240748,4,0.227724772151722,0.178818113625486,123794.979394534,-36.8652046152475,-71.379872411859,530.33,"Chillán, Nevados de",-36.863,-71.377,1
69059,"2022-08-12 06:18:03",357070,0,3,375,50.8792439681819,-84.7058810133025,1,0.0747639128673645,0.0582193038378601,41878.5416059331,-36.8652887559915,-71.3756688405821,375,"Chillán, Nevados de",-36.863,-71.377,1
69061,"2022-08-18 05:18:04",357070,0,4,375,37.2382833592431,104.626784759969,4,0.429289646476041,0.231850148181058,499768.730059175,-36.8685821784274,-71.3799772309783,530.33,"Chillán, Nevados de",-36.863,-71.377,1
69062,"2022-08-18 06:06:03",357070,0,3,375,38.3119114685377,-82.8190000211475,2,0.189636399763411,0.11260749555621,194979.413774477,-36.8652887559915,-71.3756688405821,530.33,"Chillán, Nevados de",-36.863,-71.377,1
69063,"2022-08-19 05:48:03",357070,0,3,375,11.5770211153667,-79.897381745184,3,0.54462614822542,0.274867181825782,682827.383699083,-36.8652887559915,-71.3756688405821,530.33,"Chillán, Nevados de",-36.863,-71.377,1
69064,"2022-08-19 06:36:04",357070,0,4,375,63.5527883726926,-87.3982848990857,2,0.229312158921274,0.173775347050563,140577.555047736,-36.8652887559915,-71.3756688405821,838.526,"Chillán, Nevados de",-36.863,-71.377,1
69065,"2022-08-20 04:36:04",357070,0,4,375,65.6082535097288,110.640793716996,3,0.315779490911344,0.244204465779933,181174.282363884,-36.8615737675852,-71.3923776650764,1677.05,"Chillán, Nevados de",-36.863,-71.377,1
69066,"2022-08-20 05:30:03",357070,0,3,375,19.3703505099639,102.621605049803,6,1.0099628067875,0.503223709506735,1282683.33999194,-36.8652046152475,-71.379872411859,1912.13,"Chillán, Nevados de",-36.863,-71.377,1
69067,"2022-08-20 06:18:04",357070,0,4,375,50.3282328366566,-84.5729593274796,6,1.31722101803024,0.528926060571209,1995371.61106818,-36.8652887559915,-71.3756688405821,838.526,"Chillán, Nevados de",-36.863,-71.377,1
69068,"2022-08-21 05:12:03",357070,0,3,375,43.1320718390763,105.571620640522,5,1.50424050038226,0.455668297910179,2654198.38750746,-36.8652046152475,-71.379872411859,375,"Chillán, Nevados de",-36.863,-71.377,1
69069,"2022-08-21 06:00:04",357070,0,4,375,29.5459528805129,-81.6914449014421,6,0.948739320556877,0.543271959903462,1026339.25665396,-36.8686663294419,-71.3757734749843,530.33,"Chillán, Nevados de",-36.863,-71.377,1
69070,"2022-08-22 04:54:03",357070,0,3,375,58.2566383411541,108.542945283645,8,1.00662553840432,0.662141523649068,871975.162349225,-36.8651203260042,-71.3840759656699,1060.66,"Chillán, Nevados de",-36.863,-71.377,1
69071,"2022-08-22 05:42:04",357070,0,4,375,1.0363495969345,10.5404783845561,3,0.547294016841408,0.246825599075144,760560.682470857,-36.8652046152475,-71.379872411859,530.33,"Chillán, Nevados de",-36.863,-71.377,1
69072,"2022-08-22 06:30:03",357070,0,3,375,60.2135996882301,-86.5868381947309,8,1.07905900271133,0.646652464106481,1094529.05084353,-36.8653727482343,-71.37146525187,1185.85,"Chillán, Nevados de",-36.863,-71.377,1
69073,"2022-08-23 05:24:04",357070,0,4,375,29.300061799704,103.606750044412,2,0.4645521073236,0.171970959878744,740596.029469791,-36.8652887559915,-71.3756688405821,375,"Chillán, Nevados de",-36.863,-71.377,1
69074,"2022-08-23 06:12:03",357070,0,3,375,45.1452235957151,-83.7838156261118,4,0.457060267028399,0.351852018518748,266308.379040054,-36.8686663294419,-71.3757734749843,1060.66,"Chillán, Nevados de",-36.863,-71.377,1
69075,"2022-08-24 05:06:04",357070,0,4,375,49.5385770102611,106.591440522417,8,1.17917651850163,0.676168444740453,1273239.18670797,-36.8617427709321,-71.383970979333,1352.08,"Chillán, Nevados de",-36.863,-71.377,1
69076,"2022-08-24 05:54:03",357070,0,3,375,21.5468160471095,-80.9198527185138,3,0.425170705070443,0.265309663898575,404648.26046629,-36.8652887559915,-71.3756688405821,530.33,"Chillán, Nevados de",-36.863,-71.377,1
69077,"2022-08-24 06:42:04",357070,0,4,375,66.9276289613715,-88.3559247616422,11,1.39918081534019,0.86648077015057,1348396.98938623,-36.8652887559915,-71.3756688405821,1060.66,"Chillán, Nevados de",-36.863,-71.377,1
69078,"2022-08-25 04:48:04",357070,0,4,375,62.3167636622432,109.673183299249,1,0.110357614942496,0.0844651037353087,65540.4189931933,-36.8650358882635,-71.3882795019841,750,"Chillán, Nevados de",-36.863,-71.377,1
69079,"2022-08-25 05:36:03",357070,0,3,375,9.34697584411647,101.552961666789,6,0.991015752430568,0.485090384303296,1280623.58807216,-36.8685821784274,-71.3799772309783,838.526,"Chillán, Nevados de",-36.863,-71.377,1
69080,"2022-08-25 06:00:02",357070,0,2,1000,1.27761182419292,-13.2361493582264,1,0.15127166439951,0.132137447096608,361636.707024842,-36.8630090110135,-71.377000245322,0,"Chillán, Nevados de",-36.863,-71.377,1
69081,"2022-08-25 06:24:04",357070,0,4,375,55.4562984810883,-85.5323986469354,3,0.31695854688256,0.237226522767961,201821.68604008,-36.8652887559915,-71.3756688405821,838.526,"Chillán, Nevados de",-36.863,-71.377,1
69082,"2022-08-26 05:18:03",357070,0,3,375,36.3495959255151,104.59582588296,8,1.16608503718768,0.680474540191131,1229201.5705225,-36.8651203260042,-71.3840759656699,838.526,"Chillán, Nevados de",-36.863,-71.377,1
69083,"2022-08-26 06:06:04",357070,0,4,375,37.6379773218599,-82.6782666169935,4,0.498136748010569,0.335059426825192,412789.469250485,-36.8652887559915,-71.3756688405821,530.33,"Chillán, Nevados de",-36.863,-71.377,1
69084,"2022-08-27 05:00:03",357070,0,3,375,53.9355754856716,107.540205901714,5,0.647548374814149,0.320827807078042,827011.437082021,-36.8651203260042,-71.3840759656699,530.33,"Chillán, Nevados de",-36.863,-71.377,1
69085,"2022-08-27 05:48:04",357070,0,4,375,10.6095341423163,-79.4883086369925,3,0.358490241738695,0.194741422282189,414489.199249279,-36.8652046152475,-71.379872411859,530.33,"Chillán, Nevados de",-36.863,-71.377,1
69086,"2022-08-28 04:42:03",357070,0,3,375,65.2219227647428,110.56778854494,5,0.510444459433249,0.353351083656617,397642.6074346,-36.8616583434973,-71.3881743309669,1590.99,"Chillán, Nevados de",-36.863,-71.377,1
69087,"2022-08-28 05:30:04",357070,0,4,375,20.2629010622404,102.557044424843,6,0.897629585601378,0.440520940195294,1157056.25868415,-36.8652046152475,-71.379872411859,530.33,"Chillán, Nevados de",-36.863,-71.377,1
69088,"2022-08-28 06:18:03",357070,0,3,375,50.9621174180894,-84.7122779089377,4,0.676521681086926,0.320355570937217,901545.466316451,-36.8652887559915,-71.3756688405821,838.526,"Chillán, Nevados de",-36.863,-71.377,1
69089,"2022-08-28 06:30:02",357070,0,2,1000,47.4700105596621,-83.8538225976769,2,0.285464132583487,0.256153102904583,553978.460931276,-36.8632327741136,-71.365790980576,2236.07,"Chillán, Nevados de",-36.863,-71.377,1
69090,"2022-08-29 05:12:04",357070,0,4,375,43.7249616945766,105.58975166739,6,1.01188470737363,0.533156553343973,1211780.63988756,-36.8651203260042,-71.3840759656699,530.33,"Chillán, Nevados de",-36.863,-71.377,1
69091,"2022-08-29 06:00:03",357070,0,3,375,30.5567612422288,-81.8893421031644,4,0.638917718754029,0.370237151621696,680097.685553717,-36.8686663294419,-71.3757734749843,838.526,"Chillán, Nevados de",-36.863,-71.377,1
69092,"2022-08-30 03:15:01",357070,0,1,1000,17.5602780153978,80.5139007698888,2,0.397920241290099,0.311577610398857,1631875.72384447,-36.8630090110135,-71.377000245322,1000,"Chillán, Nevados de",-36.863,-71.377,1
69093,"2022-08-30 04:54:04",357070,0,4,750,58.7282216873219,108.593528572745,7,1.84006377288565,1.26906499014886,6327380.26120206,-36.8650358882635,-71.3882795019841,1677.05,"Chillán, Nevados de",-36.863,-71.377,1
69094,"2022-08-30 05:42:03",357070,0,3,375,1.41865742961145,-46.9282393991395,5,1.75641797545643,0.491735902723766,3201226.49660455,-36.8652887559915,-71.3756688405821,838.526,"Chillán, Nevados de",-36.863,-71.377,1
69095,"2022-08-30 06:15:02",357070,0,2,1000,31.1232118451025,-81.9031662870159,3,0.592855528718227,0.480435168646349,2124744.80535849,-36.8632327741136,-71.365790980576,1414.21,"Chillán, Nevados de",-36.863,-71.377,1
69096,"2022-08-30 06:30:04",357070,0,4,375,59.8551395626371,-86.4737929349183,7,1.44362235546384,0.672465047522632,1951991.93572619,-36.8686663294419,-71.3757734749843,1060.66,"Chillán, Nevados de",-36.863,-71.377,1
69097,"2022-08-31 05:24:03",357070,0,3,375,28.2871125712433,103.602631966346,2,0.196754440491512,0.129338889418278,170645.613654124,-36.8652046152475,-71.379872411859,375,"Chillán, Nevados de",-36.863,-71.377,1
69098,"2022-08-31 06:12:04",357070,0,4,375,44.5852150121297,-83.6492450084446,3,0.284311972037369,0.202889709582792,206100.101838148,-36.8686663294419,-71.3757734749843,530.33,"Chillán, Nevados de",-36.863,-71.377,1
69099,"2022-09-01 05:06:03",357070,0,3,750,48.9906499049736,106.568208618015,7,1.57309748432157,1.00389946375532,6307425.56539971,-36.8650358882635,-71.3882795019841,1677.05,"Chillán, Nevados de",-36.863,-71.377,1
69100,"2022-09-01 05:54:04",357070,0,4,375,20.7052739009503,-80.7015140248584,3,0.373017965847813,0.210470483566411,411448.3145248,-36.8652046152475,-71.379872411859,530.33,"Chillán, Nevados de",-36.863,-71.377,1
69101,"2022-09-02 04:48:03",357070,0,3,375,61.9418355698863,109.542297414526,9,1.03719967549503,0.647657596611918,986028.387172889,-36.8615737675852,-71.3923776650764,1546.16,"Chillán, Nevados de",-36.863,-71.377,1
69102,"2022-09-02 05:36:04",357070,0,4,375,10.2649474897378,101.32825121095,4,0.551034977975532,0.317457602345261,591242.732064122,-36.8652887559915,-71.3756688405821,530.33,"Chillán, Nevados de",-36.863,-71.377,1
69103,"2022-09-02 06:24:03",357070,0,3,375,55.9654581420195,-85.6539371065408,6,1.0370591818411,0.457792036922147,1466269.96057609,-36.8652887559915,-71.3756688405821,838.526,"Chillán, Nevados de",-36.863,-71.377,1
69104,"2022-09-03 05:18:04",357070,0,4,375,36.997870987814,104.592858536029,3,0.516940332141518,0.281333758825157,596379.138707039,-36.8652046152475,-71.379872411859,375,"Chillán, Nevados de",-36.863,-71.377,1
69105,"2022-09-03 06:06:03",357070,0,3,375,38.4449968816026,-82.8458840321977,3,0.479552761801051,0.283626707000903,495937.826212876,-36.8652887559915,-71.3756688405821,530.33,"Chillán, Nevados de",-36.863,-71.377,1
69106,"2022-09-04 05:00:04",357070,0,4,375,54.3466074632523,107.564759661671,4,0.549414602294858,0.375451543945313,440343.991447287,-36.8617427709321,-71.383970979333,1060.66,"Chillán, Nevados de",-36.863,-71.377,1
69107,"2022-09-04 05:48:03",357070,0,3,375,11.7510067335597,-79.9155441479151,5,1.32324735647201,0.477615894706732,2140504.63759335,-36.8652046152475,-71.379872411859,838.526,"Chillán, Nevados de",-36.863,-71.377,1
69108,"2022-09-04 06:36:04",357070,0,4,375,63.6825809059006,-87.4295110980069,5,0.738181599634866,0.478329158118744,657751.492587683,-36.8686663294419,-71.3757734749843,838.526,"Chillán, Nevados de",-36.863,-71.377,1
69109,"2022-09-05 04:36:04",357070,0,4,375,65.499864348343,110.606068610934,1,0.119431341792379,0.0926849782570614,67701.7326987733,-36.8614890431978,-71.3965809816307,1546.16,"Chillán, Nevados de",-36.863,-71.377,1
69110,"2022-09-05 05:30:03",357070,0,3,375,19.2140276253959,102.604841846254,4,0.962454948963737,0.378561088433596,1477981.33446692,-36.8652046152475,-71.379872411859,530.33,"Chillán, Nevados de",-36.863,-71.377,1
69111,"2022-09-05 06:18:04",357070,0,4,375,50.5226784915832,-84.6057687250274,3,0.413336765287305,0.300165196786581,286465.532767455,-36.8653727482343,-71.37146525187,838.526,"Chillán, Nevados de",-36.863,-71.377,1
69112,"2022-09-06 05:12:03",357070,0,3,375,43.0317570852929,105.559609530286,5,0.697722986302873,0.497619802621947,506511.183692344,-36.8652046152475,-71.379872411859,530.33,"Chillán, Nevados de",-36.863,-71.377,1
69113,"2022-09-06 06:00:04",357070,0,4,375,29.8646486481244,-81.746868607536,3,0.499929839464832,0.300712005004221,504270.143478422,-36.8652887559915,-71.3756688405821,375,"Chillán, Nevados de",-36.863,-71.377,1
69114,"2022-09-07 04:54:03",357070,0,3,375,58.193824224307,108.529638931201,1,0.0942991028866193,0.0658087609935345,72116.177916871,-36.8650358882635,-71.3882795019841,750,"Chillán, Nevados de",-36.863,-71.377,1
69115,"2022-09-07 05:42:04",357070,0,4,375,1.06628033548806,-4.90879993464042,4,0.407145486366928,0.308819429155809,248887.832315644,-36.8686663294419,-71.3757734749843,530.33,"Chillán, Nevados de",-36.863,-71.377,1
69117,"2022-09-09 05:06:04",357070,0,4,375,49.3596590262001,106.561606529054,4,0.321402756237488,0.241690880618386,201770.685160853,-36.8651203260042,-71.3840759656699,838.526,"Chillán, Nevados de",-36.863,-71.377,1
69118,"2022-09-09 05:54:03",357070,0,3,375,21.6807395784892,-80.9185161724027,3,0.465472791221265,0.182691956868965,715788.986954259,-36.8652046152475,-71.379872411859,530.33,"Chillán, Nevados de",-36.863,-71.377,1
69119,"2022-09-09 06:42:04",357070,0,4,375,67.0329024802301,-88.3770438769117,14,1.28341692719607,0.793898273482593,1239094.09221225,-36.8686663294419,-71.3757734749843,2019.44,"Chillán, Nevados de",-36.863,-71.377,1
69120,"2022-09-10 02:55:01",357070,0,1,1000,44.662843866171,83.8300650557621,1,0.149636020870783,0.126946085320657,428839.781897382,-36.8627841919951,-71.3882093860254,1000,"Chillán, Nevados de",-36.863,-71.377,1
69121,"2022-09-10 04:48:04",357070,0,4,375,62.2374192161525,109.574113031166,10,1.46036254855643,0.744079342847487,1813091.86445076,-36.8615737675852,-71.3923776650764,1677.05,"Chillán, Nevados de",-36.863,-71.377,1
69122,"2022-09-10 05:36:03",357070,0,3,375,9.20384274354476,101.509791145449,3,0.523704973110272,0.228111263250305,748221.578083041,-36.8685821784274,-71.3799772309783,530.33,"Chillán, Nevados de",-36.863,-71.377,1
69123,"2022-09-10 06:24:04",357070,0,4,375,55.6043296933652,-85.5539331640025,2,0.231294688411512,0.159311681980205,182206.985029245,-36.8652887559915,-71.3756688405821,750,"Chillán, Nevados de",-36.863,-71.377,1
69124,"2022-09-11 05:18:03",357070,0,3,375,36.2537228271293,104.589863865273,6,0.820504651433254,0.429738634891974,989126.479370115,-36.8652046152475,-71.379872411859,530.33,"Chillán, Nevados de",-36.863,-71.377,1
69125,"2022-09-11 06:06:04",357070,0,4,375,37.8669634737617,-82.7019762935432,3,0.328864768131933,0.215458341164147,287060.018262208,-36.8685821784274,-71.3799772309783,530.33,"Chillán, Nevados de",-36.863,-71.377,1
69126,"2022-09-12 05:00:03",357070,0,3,375,53.878602432571,107.531929422281,7,0.732800480757944,0.404522230485319,830954.321002583,-36.8651203260042,-71.3840759656699,838.526,"Chillán, Nevados de",-36.863,-71.377,1
69127,"2022-09-12 05:48:04",357070,0,4,375,10.9392626364857,-79.5423874254973,5,0.576256887866923,0.294461825563245,713293.751456185,-36.8686663294419,-71.3757734749843,1875,"Chillán, Nevados de",-36.863,-71.377,1
69128,"2022-09-12 06:42:03",357070,0,3,375,64.0195126922568,-87.53758794023,2,0.175271829056002,0.129137670431722,116777.089017707,-36.8654565919739,-71.3672616457533,1125,"Chillán, Nevados de",-36.863,-71.377,1
69129,"2022-09-13 05:30:04",357070,0,4,375,19.9644449762951,102.523166722513,4,0.891110137734525,0.31865081421967,1449037.66264697,-36.8652046152475,-71.379872411859,530.33,"Chillán, Nevados de",-36.863,-71.377,1
69130,"2022-09-13 06:18:03",357070,0,3,375,51.0493161204712,-84.7320717476764,3,0.312803400314975,0.229816604360338,210060.327260174,-36.8687503319371,-71.371569701552,1060.66,"Chillán, Nevados de",-36.863,-71.377,1
69131,"2022-09-14 05:12:04",357070,0,4,375,43.525068954477,105.557596671778,5,0.576059844529404,0.391062051658279,468275.663205037,-36.8651203260042,-71.3840759656699,838.526,"Chillán, Nevados de",-36.863,-71.377,1
69132,"2022-09-14 06:00:03",357070,0,3,375,30.6728750141351,-81.9120176897208,4,0.525767405376242,0.326478877441372,504449.08633514,-36.8652887559915,-71.3756688405821,838.526,"Chillán, Nevados de",-36.863,-71.377,1
69133,"2022-09-15 04:54:04",357070,0,4,375,58.5098530531912,108.552233705234,6,0.7357686259551,0.538672757504959,498898.917014419,-36.8650358882635,-71.3882795019841,838.526,"Chillán, Nevados de",-36.863,-71.377,1
69134,"2022-09-15 05:42:03",357070,0,3,375,1.49446111252775,-52.5926229300709,2,0.370905329847188,0.185397609040036,469566.418293104,-36.8652887559915,-71.3756688405821,530.33,"Chillán, Nevados de",-36.863,-71.377,1
69135,"2022-09-15 06:30:04",357070,0,4,375,59.9760128239709,-86.5000343014413,3,0.337916133625682,0.274705629343594,160001.588964033,-36.8686663294419,-71.3757734749843,530.33,"Chillán, Nevados de",-36.863,-71.377,1
69136,"2022-09-16 05:24:03",357070,0,3,375,28.1982330305491,103.594740671804,1,0.0318956217093061,0.0246238898834147,18406.5711842877,-36.8652046152475,-71.379872411859,0,"Chillán, Nevados de",-36.863,-71.377,1
69137,"2022-09-16 06:12:04",357070,0,4,375,44.776619930638,-83.6823290999025,2,0.0793571343061737,0.0593226828167573,50712.2053325853,-36.8686663294419,-71.3757734749843,530.33,"Chillán, Nevados de",-36.863,-71.377,1
69138,"2022-09-17 05:06:03",357070,0,3,375,48.8454354569168,106.536014053509,7,0.781921222739997,0.530893461588054,635414.020415856,-36.8651203260042,-71.3840759656699,838.526,"Chillán, Nevados de",-36.863,-71.377,1
69139,"2022-09-17 05:54:04",357070,0,4,375,20.9881955970652,-80.7513406864811,3,0.373823456911331,0.228369795954865,368179.579296055,-36.8686663294419,-71.3757734749843,530.33,"Chillán, Nevados de",-36.863,-71.377,1
69140,"2022-09-19 05:18:04",357070,0,4,750,36.6616331805486,104.526938663641,5,1.37168084315224,0.601637552736042,8533042.21192445,-36.8652046152475,-71.379872411859,1060.66,"Chillán, Nevados de",-36.863,-71.377,1
69141,"2022-09-19 05:45:02",357070,0,2,1000,23.554661259542,101.774150763359,5,0.910149549331449,0.48839836536888,7971097.37689255,-36.8630090110135,-71.377000245322,1414.21,"Chillán, Nevados de",-36.863,-71.377,1
69142,"2022-09-19 06:06:03",357070,0,3,375,38.5029912293433,-82.8405538128787,6,2.01305961115522,0.329344866103477,4261902.94841221,-36.8686663294419,-71.3757734749843,838.526,"Chillán, Nevados de",-36.863,-71.377,1
69143,"2022-09-20 03:30:01",357070,0,1,1000,17.4609682875264,-100.80621564482,4,0.380379229916037,0.304283980560597,1438200.21281781,-36.8630090110135,-71.377000245322,1414.21,"Chillán, Nevados de",-36.863,-71.377,1
69144,"2022-09-20 05:00:04",357070,0,4,375,54.2140877129302,107.539700732844,8,1.29125501812784,0.415957373959142,2215597.16180203,-36.8617427709321,-71.383970979333,1060.66,"Chillán, Nevados de",-36.863,-71.377,1
69145,"2022-09-20 05:48:03",357070,0,3,375,11.8256748678291,-79.8805245303206,10,1.55713386046981,0.587056928552177,2455507.23391652,-36.8652046152475,-71.379872411859,838.526,"Chillán, Nevados de",-36.863,-71.377,1
69146,"2022-09-20 06:36:04",357070,0,4,375,63.7687791107065,-87.4519118025914,6,0.503929960953799,0.313068470989857,483118.14647123,-36.8653727482343,-71.37146525187,838.526,"Chillán, Nevados de",-36.863,-71.377,1
69148,"2022-09-23 04:54:03",357070,0,3,375,58.1687068415209,108.527011210963,1,0.070689315977153,0.0582830531809613,31403.3527028603,-36.8616583434973,-71.3881743309669,838.526,"Chillán, Nevados de",-36.863,-71.377,1
69150,"2022-09-24 06:12:03",357070,0,3,375,45.2782789414219,-83.7984990963255,3,0.319745058145022,0.25170591728567,172224.075300235,-36.8652887559915,-71.3756688405821,838.526,"Chillán, Nevados de",-36.863,-71.377,1
69151,"2022-09-25 05:54:03",357070,0,3,375,21.7322540505047,-80.9230385907992,1,0.101593017579719,0.0790911357641477,56957.8883456646,-36.8686663294419,-71.3757734749843,530.33,"Chillán, Nevados de",-36.863,-71.377,1
69152,"2022-09-26 04:48:04",357070,0,4,375,62.1452715008942,109.552409321867,2,0.180813088439165,0.139462242839016,104669.327925377,-36.8616583434973,-71.3881743309669,1185.85,"Chillán, Nevados de",-36.863,-71.377,1
69153,"2022-09-26 05:36:03",357070,0,3,375,9.15864889107237,101.505850888792,3,0.284031387297952,0.209193426270987,189433.588849506,-36.8652887559915,-71.3756688405821,530.33,"Chillán, Nevados de",-36.863,-71.377,1
69154,"2022-09-26 06:24:04",357070,0,4,375,55.7152171679881,-85.5801613257892,2,0.185232209486572,0.135983539851629,124660.695013448,-36.8652887559915,-71.3756688405821,530.33,"Chillán, Nevados de",-36.863,-71.377,1
69155,"2022-09-27 05:18:03",357070,0,3,375,36.2234355042948,104.588338333287,7,0.909715897379427,0.549012156383868,913031.34439501,-36.8651203260042,-71.3840759656699,750,"Chillán, Nevados de",-36.863,-71.377,1
69156,"2022-09-27 06:06:04",357070,0,4,375,38.0444441624281,-82.7417302477649,4,0.521861987082145,0.330429934251827,484562.383726744,-36.8652887559915,-71.3756688405821,750,"Chillán, Nevados de",-36.863,-71.377,1
69158,"2022-09-28 05:48:04",357070,0,4,375,11.1722405873786,-79.5752066380746,3,0.549124794557803,0.276519527658502,690032.081838857,-36.8652046152475,-71.379872411859,530.33,"Chillán, Nevados de",-36.863,-71.377,1
69159,"2022-09-28 06:42:03",357070,0,3,375,64.0269642680942,-87.5372103429646,6,0.767638868624625,0.535998635412486,586339.340318227,-36.8686663294419,-71.3757734749843,838.526,"Chillán, Nevados de",-36.863,-71.377,1
69160,"2022-09-29 05:30:04",357070,0,4,375,19.7423484762014,102.503956918146,4,0.529238349643473,0.387422805562244,358970.595955612,-36.8652046152475,-71.379872411859,530.33,"Chillán, Nevados de",-36.863,-71.377,1
69161,"2022-09-29 06:18:03",357070,0,3,375,51.0444819489977,-84.7201777758414,8,1.03535792244319,0.792840855635734,613871.325356362,-36.8653727482343,-71.37146525187,1125,"Chillán, Nevados de",-36.863,-71.377,1
69162,"2022-09-30 05:12:04",357070,0,4,375,43.3808988052235,105.539999193672,5,0.691725135003911,0.435814470447417,647773.869658625,-36.8652046152475,-71.379872411859,530.33,"Chillán, Nevados de",-36.863,-71.377,1
69163,"2022-09-30 06:00:03",357070,0,3,375,30.6790581463757,-81.9005194203831,5,0.963224278595102,0.447195310214537,1306198.3262133,-36.8686663294419,-71.3757734749843,1060.66,"Chillán, Nevados de",-36.863,-71.377,1
69166,"2022-10-02 06:12:04",357070,0,4,375,44.8916641370082,-83.6956513649096,2,0.304460854335058,0.21801940246781,218804.925038971,-36.8652887559915,-71.3756688405821,530.33,"Chillán, Nevados de",-36.863,-71.377,1
69167,"2022-10-03 03:00:01",357070,0,1,1000,37.0617569444444,82.8446527777778,3,0.73499435067019,0.590350406230062,2733770.54991843,-36.8630090110135,-71.377000245322,2000,"Chillán, Nevados de",-36.863,-71.377,1
69168,"2022-10-03 05:06:03",357070,0,3,375,48.8519888230977,106.539490568512,7,2.01903505238753,0.735006495182205,3250197.28542598,-36.8651203260042,-71.3840759656699,1060.66,"Chillán, Nevados de",-36.863,-71.377,1
69169,"2022-10-03 05:54:04",357070,0,4,375,21.1715017101862,-80.7679551504035,4,0.734130082575143,0.263982665232975,1190060.65014736,-36.8686663294419,-71.3757734749843,530.33,"Chillán, Nevados de",-36.863,-71.377,1
69170,"2022-10-03 06:48:03",357070,0,3,375,67.3023393039258,-88.4852888244541,7,0.611178667942972,0.317559170378059,743224.353211185,-36.8686663294419,-71.3757734749843,838.526,"Chillán, Nevados de",-36.863,-71.377,1
69171,"2022-10-04 03:45:01",357070,0,1,1000,36.5152875082617,-103.13555849306,2,0.310117701467789,0.238709917496046,1349607.11706594,-36.8630090110135,-71.377000245322,1000,"Chillán, Nevados de",-36.863,-71.377,1
69172,"2022-10-04 04:48:03",357070,0,3,375,61.9151277275274,109.543534124903,2,0.116602856086825,0.0823244311001854,86767.2632474323,-36.8616583434973,-71.3881743309669,1185.85,"Chillán, Nevados de",-36.863,-71.377,1
69173,"2022-10-05 05:18:04",357070,0,4,375,36.6592241497897,104.551319348008,3,0.51546031786095,0.211757825756426,768746.933139577,-36.8652046152475,-71.379872411859,375,"Chillán, Nevados de",-36.863,-71.377,1
69174,"2022-10-05 06:06:03",357070,0,3,375,38.4985775516915,-82.8548671351436,5,0.706799000571529,0.337152688379704,935667.227735556,-36.8652046152475,-71.379872411859,838.526,"Chillán, Nevados de",-36.863,-71.377,1
69175,"2022-10-08 06:00:04",357070,0,4,375,30.2037133841291,-81.7743175495886,2,0.147710226150298,0.104832660744175,108533.837434249,-36.8686663294419,-71.3757734749843,530.33,"Chillán, Nevados de",-36.863,-71.377,1
69176,"2022-10-09 04:00:01",357070,0,1,1000,55.5068336025848,-106.1849273021,4,0.580442967120468,0.50554165117739,1415634.87132417,-36.8630090110135,-71.377000245322,1414.21,"Chillán, Nevados de",-36.863,-71.377,1
69177,"2022-10-09 04:54:03",357070,0,3,750,58.3054466967717,108.544323573845,10,1.89500321032184,1.26572330994992,6973207.89599635,-36.8650358882635,-71.3882795019841,1677.05,"Chillán, Nevados de",-36.863,-71.377,1
69178,"2022-10-09 05:15:02",357070,0,2,1000,58.380897155361,106.622253829322,2,0.266715642470553,0.245835423873204,394636.131489893,-36.8537773972255,-71.3879290000715,1414.21,"Chillán, Nevados de",-36.863,-71.377,1
69179,"2022-10-09 05:42:04",357070,0,4,375,1.18883714402381,-24.8632266287296,8,1.95480380828358,0.50755093515308,3663358.83511159,-36.8652046152475,-71.379872411859,838.526,"Chillán, Nevados de",-36.863,-71.377,1
69180,"2022-10-10 03:05:01",357070,0,1,1000,28.2282109331861,81.834445057979,6,1.51076095107678,0.832690562661916,12815530.3410409,-36.8630090110135,-71.377000245322,2236.07,"Chillán, Nevados de",-36.863,-71.377,1
69181,"2022-10-10 04:36:03",357070,0,3,375,68.0821384552041,111.606106376377,23,4.59144705708807,1.65524549680972,7432260.19945459,-36.8615737675852,-71.3923776650764,2515.58,"Chillán, Nevados de",-36.863,-71.377,1
69182,"2022-10-10 05:24:04",357070,0,4,750,28.7681713569812,103.55030468547,5,1.39823291785341,0.750742529418265,7175002.86684696,-36.858449482348,-71.3796628260149,1060.66,"Chillán, Nevados de",-36.863,-71.377,1
69183,"2022-10-10 06:00:02",357070,0,2,1000,1.86883883495146,75.3161165048544,3,0.753855768710316,0.389753509434084,6881532.70032079,-36.8630090110135,-71.377000245322,1000,"Chillán, Nevados de",-36.863,-71.377,1
69184,"2022-10-10 06:12:03",357070,0,3,375,45.2317415007343,-83.7683410859746,6,2.23251093087363,0.470990591352441,4458848.359413,-36.8686663294419,-71.3757734749843,838.526,"Chillán, Nevados de",-36.863,-71.377,1
69185,"2022-10-11 05:06:04",357070,0,4,375,49.132748689112,106.526539825204,7,1.11214918287273,0.562575949252211,1391107.24760194,-36.8618270498877,-71.3797676102055,838.526,"Chillán, Nevados de",-36.863,-71.377,1
69186,"2022-10-11 05:54:03",357070,0,3,375,21.6789778747728,-80.9165463795977,4,0.705207974854859,0.342835770957312,917254.641115665,-36.8652046152475,-71.379872411859,530.33,"Chillán, Nevados de",-36.863,-71.377,1
69187,"2022-10-11 06:42:04",357070,0,4,375,67.1339253790706,-88.4133273083945,7,0.845481100561484,0.572491152282884,691005.806580208,-36.8619951623533,-71.3713608195923,1352.08,"Chillán, Nevados de",-36.863,-71.377,1
69188,"2022-10-12 05:36:03",357070,0,3,375,9.2386961904613,101.526073788501,2,0.25758123831808,0.177966824107523,201523.985970471,-36.8686663294419,-71.3757734749843,530.33,"Chillán, Nevados de",-36.863,-71.377,1
69189,"2022-10-12 06:24:04",357070,0,4,375,55.7534416743459,-85.5738107805665,2,0.235007361883097,0.181316653051136,135904.606730902,-36.8686663294419,-71.3757734749843,530.33,"Chillán, Nevados de",-36.863,-71.377,1
69190,"2022-10-13 05:18:03",357070,0,3,375,36.2951129963985,104.602480327011,4,0.611087033916451,0.283956464236308,828049.254502861,-36.8652046152475,-71.379872411859,375,"Chillán, Nevados de",-36.863,-71.377,1
69191,"2022-10-13 06:06:04",357070,0,4,750,38.1610331470344,-82.7475651504478,6,3.85221059764338,0.876587326665259,32973625.3715263,-36.8653727482343,-71.37146525187,1500,"Chillán, Nevados de",-36.863,-71.377,1
69192,"2022-10-13 06:30:02",357070,0,2,1000,45.98580131209,-83.6550984067479,8,2.17872876941513,1.02565544447592,21793085.841351,-36.8632327741136,-71.365790980576,2236.07,"Chillán, Nevados de",-36.863,-71.377,1
69193,"2022-10-14 05:00:03",357070,0,3,375,53.9138504983383,107.546876019654,6,2.14791186499744,0.515797433182092,4131289.65553259,-36.8617427709321,-71.383970979333,1060.66,"Chillán, Nevados de",-36.863,-71.377,1
69194,"2022-10-14 05:48:04",357070,0,4,750,11.3299757467553,-79.6634132193839,3,0.95261877501129,0.498472062893288,5032513.2536576,-36.8652046152475,-71.379872411859,1060.66,"Chillán, Nevados de",-36.863,-71.377,1
69195,"2022-10-14 06:42:03",357070,0,3,375,63.9917572282215,-87.5124364110471,11,1.92089640088503,0.885234477778987,2621519.24286217,-36.8652887559915,-71.3756688405821,1500,"Chillán, Nevados de",-36.863,-71.377,1
69196,"2022-10-15 04:42:03",357070,0,3,375,65.2115293480959,110.581924068586,8,1.01207885667279,0.762690681918145,631263.817347706,-36.8614890431978,-71.3965809816307,2019.44,"Chillán, Nevados de",-36.863,-71.377,1
69197,"2022-10-15 05:30:04",357070,0,4,375,19.6479952964407,102.496244416669,4,0.77746363219626,0.362876898266501,1049422.6702597,-36.8652046152475,-71.379872411859,530.33,"Chillán, Nevados de",-36.863,-71.377,1
69198,"2022-10-15 06:15:02",357070,0,2,1000,28.7115271739131,-81.6255978260869,3,0.562371815187586,0.457115140983787,1989351.14245181,-36.8632327741136,-71.365790980576,1414.21,"Chillán, Nevados de",-36.863,-71.377,1
69199,"2022-10-15 06:18:03",357070,0,3,375,50.9863559344758,-84.6943041704574,8,1.43379970686276,0.698227352166343,1861917.52282531,-36.8685821784274,-71.3799772309783,1185.85,"Chillán, Nevados de",-36.863,-71.377,1
69200,"2022-10-16 05:12:04",357070,0,4,750,43.427399029322,105.558121640592,6,1.51467160461351,1.0560823284479,5081742.41651019,-36.858449482348,-71.3796628260149,1060.66,"Chillán, Nevados de",-36.863,-71.377,1
69201,"2022-10-16 05:20:02",357070,0,2,1000,55.5698977853492,106.049778534923,7,1.28936184244624,1.11469485177629,3301206.12366207,-36.8630090110135,-71.377000245322,2236.07,"Chillán, Nevados de",-36.863,-71.377,1
69202,"2022-10-16 06:00:03",357070,0,3,750,30.6261023154533,-81.9026441693332,4,1.14857972098126,0.696104917005064,5013986.42156123,-36.8652046152475,-71.379872411859,1060.66,"Chillán, Nevados de",-36.863,-71.377,1
69203,"2022-10-16 19:12:04",357070,1,4,750,49.5813878917696,-106.751804613911,11,27.3967616012631,3.3690186658935,266257426.402564,-36.8653727482343,-71.37146525187,1677.05,"Chillán, Nevados de",-36.863,-71.377,1
69204,"2022-10-17 04:54:04",357070,0,4,375,58.3793856183214,108.528555376252,12,2.35381023640318,1.10340979856303,3165076.10828289,-36.8616583434973,-71.3881743309669,1352.08,"Chillán, Nevados de",-36.863,-71.377,1
69205,"2022-10-17 05:42:03",357070,0,3,375,1.40594835925163,-45.8237009735407,7,1.84370433401191,0.71261824483863,2863061.66321986,-36.8652887559915,-71.3756688405821,530.33,"Chillán, Nevados de",-36.863,-71.377,1
69206,"2022-10-17 06:00:02",357070,0,2,1000,5.50563110590075,-78.1438999609223,3,0.662791184208566,0.490965548200722,3247504.52054825,-36.8632327741136,-71.365790980576,1000,"Chillán, Nevados de",-36.863,-71.377,1
69207,"2022-10-17 06:30:04",357070,0,4,375,60.0788934113386,-86.5274254826554,10,2.20731064886129,1.0068575149352,3038646.99525042,-36.8686663294419,-71.3757734749843,1060.66,"Chillán, Nevados de",-36.863,-71.377,1
69208,"2022-10-18 05:24:03",357070,0,3,375,28.3346541455584,103.619454174652,2,0.259716413522824,0.190923046066422,174133.211374017,-36.8651203260042,-71.3840759656699,375,"Chillán, Nevados de",-36.863,-71.377,1
69209,"2022-10-18 06:12:04",357070,0,4,375,44.916516510339,-83.6882333774435,3,0.455063396732324,0.300230220604522,391921.4770735,-36.8652887559915,-71.3756688405821,838.526,"Chillán, Nevados de",-36.863,-71.377,1
69210,"2022-10-19 05:06:03",357070,0,3,375,48.9396582191544,106.563895970527,5,0.850972010724928,0.494406943804169,902555.325643171,-36.8652046152475,-71.379872411859,375,"Chillán, Nevados de",-36.863,-71.377,1
69211,"2022-10-19 05:54:04",357070,0,4,375,21.2114866151619,-80.7496476265302,4,0.808703491704989,0.404023367239255,1024346.56505389,-36.8652887559915,-71.3756688405821,530.33,"Chillán, Nevados de",-36.863,-71.377,1
69212,"2022-10-19 06:48:03",357070,0,3,375,67.2544515288505,-88.4510717447242,7,1.06306320184716,0.670993807037742,992425.655611349,-36.8653727482343,-71.37146525187,838.526,"Chillán, Nevados de",-36.863,-71.377,1
69213,"2022-10-20 04:48:03",357070,0,3,375,61.9757964294785,109.567897934863,1,0.127089808710263,0.100643914833896,66941.1688745521,-36.8616583434973,-71.3881743309669,838.526,"Chillán, Nevados de",-36.863,-71.377,1
69214,"2022-10-20 05:36:04",357070,0,4,375,9.721785046824,101.261802480521,2,0.284201945280288,0.16760450914982,295137.260205247,-36.8652887559915,-71.3756688405821,375,"Chillán, Nevados de",-36.863,-71.377,1
69215,"2022-10-22 05:00:04",357070,0,4,375,54.1031237488697,107.527711939651,4,0.494124883155197,0.370709165755544,312396.034667871,-36.8582807965494,-71.388069177474,1060.66,"Chillán, Nevados de",-36.863,-71.377,1
69216,"2022-10-22 05:48:03",357070,0,3,375,11.6045750987837,-79.8373305937201,4,0.48476695137403,0.374206721854897,279855.580970304,-36.8685821784274,-71.3799772309783,530.33,"Chillán, Nevados de",-36.863,-71.377,1
69217,"2022-10-22 06:36:04",357070,0,4,375,63.8296660656738,-87.4638147371045,5,0.628162682951216,0.475515270426507,386388.762953171,-36.8652887559915,-71.3756688405821,750,"Chillán, Nevados de",-36.863,-71.377,1
69218,"2022-10-23 05:30:03",357070,0,3,375,19.3656080294515,102.634019173749,1,0.084537465811448,0.0707494288252913,34900.9686212092,-36.8652046152475,-71.379872411859,0,"Chillán, Nevados de",-36.863,-71.377,1
69219,"2022-10-23 06:18:04",357070,0,4,375,50.7415225302515,-84.6328273626656,2,0.207569208923317,0.174459687739769,83808.4754958567,-36.8652887559915,-71.3756688405821,530.33,"Chillán, Nevados de",-36.863,-71.377,1
69220,"2022-10-24 05:12:03",357070,0,3,375,43.1477413943255,105.588808229594,1,0.113473445098372,0.0926953793235157,52594.4789926043,-36.8685821784274,-71.3799772309783,375,"Chillán, Nevados de",-36.863,-71.377,1
69221,"2022-10-24 06:00:04",357070,0,4,375,30.1976944843645,-81.7615095434153,2,0.251806886062099,0.188340605024379,160649.023876728,-36.8652887559915,-71.3756688405821,375,"Chillán, Nevados de",-36.863,-71.377,1
69222,"2022-10-25 05:42:04",357070,0,4,375,1.1875874810828,-25.1359538398984,1,0.108610019502144,0.077285334660534,79290.6085053264,-36.8652046152475,-71.379872411859,0,"Chillán, Nevados de",-36.863,-71.377,1
69223,"2022-11-04 05:54:04",357070,0,4,375,21.1287426216584,-80.7412745639508,1,0.143094648280512,0.116367424135701,67653.2861165529,-36.8652046152475,-71.379872411859,0,"Chillán, Nevados de",-36.863,-71.377,1
69224,"2022-11-15 05:48:04",357070,0,4,375,11.03245106416,-79.5491340949179,1,0.149630369560361,0.120266793081916,74326.5529610638,-36.8652046152475,-71.379872411859,0,"Chillán, Nevados de",-36.863,-71.377,1
69225,"2022-11-16 05:30:04",357070,0,4,375,19.8990004983223,102.525960613113,1,0.142332632364911,0.116806710131403,64612.4906535683,-36.8652046152475,-71.379872411859,0,"Chillán, Nevados de",-36.863,-71.377,1
69226,"2022-11-17 06:00:03",357070,0,3,375,29.9670150815686,-81.8235195277074,1,0.114437281565785,0.104833662548339,24309.1606379112,-36.8652046152475,-71.379872411859,0,"Chillán, Nevados de",-36.863,-71.377,1
69227,"2022-11-19 06:12:04",357070,0,4,375,44.7386075230018,-83.6650714459625,1,0.131423085245566,0.10975538490089,54846.3664974604,-36.8686663294419,-71.3757734749843,530.33,"Chillán, Nevados de",-36.863,-71.377,1
69228,"2022-11-21 05:36:04",357070,0,4,375,10.0779378953995,101.321383993255,1,0.135862749381911,0.108888771213192,68277.8822395696,-36.8652046152475,-71.379872411859,0,"Chillán, Nevados de",-36.863,-71.377,1
69229,"2022-11-21 06:24:03",357070,0,3,375,55.5536704240526,-85.5564857684348,2,0.260482134663128,0.202290962302127,147296.405038784,-36.8686663294419,-71.3757734749843,530.33,"Chillán, Nevados de",-36.863,-71.377,1
69230,"2022-11-22 05:18:04",357070,0,4,375,36.8835675577319,104.595422740302,1,0.161140834432531,0.121022843980667,101548.663331281,-36.8651203260042,-71.3840759656699,375,"Chillán, Nevados de",-36.863,-71.377,1
69232,"2022-12-01 05:00:03",357070,0,3,375,54.4864274021429,107.675974604749,2,0.244918965452231,0.199251093581274,115596.800673359,-36.8651203260042,-71.3840759656699,530.33,"Chillán, Nevados de",-36.863,-71.377,1
69233,"2022-12-01 05:48:04",357070,0,4,375,10.6892860047335,-79.4887765141488,1,0.121294327461707,0.103187661659135,45832.4978127607,-36.8652046152475,-71.379872411859,0,"Chillán, Nevados de",-36.863,-71.377,1
69234,"2022-12-03 05:12:04",357070,0,4,375,43.721678388073,105.605086792005,1,0.15526608276745,0.133207361635336,55836.1378656645,-36.8617427709321,-71.383970979333,530.33,"Chillán, Nevados de",-36.863,-71.377,1
69236,"2022-12-17 05:48:04",357070,0,4,375,10.7008059269616,-79.4732211753907,1,0.162262174641909,0.141393282731148,52824.3826491137,-36.8652046152475,-71.379872411859,0,"Chillán, Nevados de",-36.863,-71.377,1
69237,"2023-01-08 05:36:04",357070,0,4,375,10.0602132860131,101.322075448642,1,0.204989829616132,0.183570913276999,54216.631983431,-36.8652046152475,-71.379872411859,0,"Chillán, Nevados de",-36.863,-71.377,1
69238,"2023-01-13 05:42:04",357070,0,4,375,1.08901960524707,-9.88113042125996,1,0.15458350438848,0.131635477096847,58087.1940819482,-36.8652046152475,-71.379872411859,0,"Chillán, Nevados de",-36.863,-71.377,1
69241,"2023-01-28 05:12:03",357070,0,3,375,43.4587174373583,105.647958637024,4,1.10450398042462,0.578054452599033,1332575.36730852,-36.8551560225663,-71.3753550419743,1677.05,"Chillán, Nevados de",-36.863,-71.377,1
69243,"2023-02-01 05:36:03",357070,0,3,375,9.98217388940038,101.636222996361,1,0.189651935247679,0.155776110430624,85748.1815681703,-36.8652046152475,-71.379872411859,0,"Chillán, Nevados de",-36.863,-71.377,1
69245,"2023-02-07 06:12:04",357070,0,4,375,44.5876309210207,-83.6195560081622,1,0.201268398154476,0.184071081628201,43530.7074571348,-36.8652887559915,-71.3756688405821,375,"Chillán, Nevados de",-36.863,-71.377,1
69256,"2023-04-15 06:12:03",357070,0,3,375,37.6129171984255,-82.7763883842542,1,0.117812590139292,0.104441856572416,33844.6693411558,-36.8652887559915,-71.3756688405821,375,"Chillán, Nevados de",-36.863,-71.377,1
69264,"2023-05-05 05:42:04",357070,0,4,375,1.23600873214463,-30.0630707922504,1,0.129051475579819,0.106042272108617,58242.0462864815,-36.8652046152475,-71.379872411859,0,"Chillán, Nevados de",-36.863,-71.377,1
69274,"2023-07-21 05:48:03",357070,0,3,375,10.7844938269377,-79.8108714764119,2,0.0460939787091429,0.0313088505881124,37424.8555563583,-36.8686663294419,-71.3757734749843,838.526,"Chillán, Nevados de",-36.863,-71.377,1
69279,"2023-09-19 05:24:03",357070,0,3,375,28.9022202934467,103.637439778912,1,0.0541731523175018,0.0455639286629595,21792.0973755601,-36.8652046152475,-71.379872411859,0,"Chillán, Nevados de",-36.863,-71.377,1
69290,"2023-10-24 06:06:03",357070,0,3,375,37.7874816547358,-82.7652412146106,1,0.0912713922402887,0.0707232598571334,52012.460094862,-36.8721279134616,-71.3716741686415,1060.66,"Chillán, Nevados de",-36.863,-71.377,1
69293,"2023-11-13 05:42:04",357070,0,4,375,1.10013647524357,-13.1601439739646,1,0.0845810684759929,0.0617793598435599,57716.8249758461,-36.8652046152475,-71.379872411859,0,"Chillán, Nevados de",-36.863,-71.377,1
69316,"2024-05-24 04:36:03",357070,0,3,375,68.127841076502,111.594553462346,12,12.1544218515354,0.657240819560815,29102239.4871857,-36.8651203260042,-71.3840759656699,838.526,"Chillán, Nevados de",-36.863,-71.377,1
69327,"2024-10-13 05:36:04",357070,0,4,375,10.1547877457089,101.310896914959,1,0.0841786777704986,0.0705574302397174,34478.7828122899,-36.8652046152475,-71.379872411859,0,"Chillán, Nevados de",-36.863,-71.377,1
69341,"2025-02-14 17:30:04",357070,1,4,750,67.0281015018052,88.5502270207481,12,27.6204611025228,5.63329562064174,243645277.496095,-36.8272206494119,-71.580486949571,20012.5,"Chillán, Nevados de",-36.863,-71.377,1
69342,"2025-02-14 18:48:03",357070,1,3,750,20.8073505349195,-102.956769698737,7,59.6446782164777,5.35042715568469,601648169.567412,-36.8204665004429,-71.5802600210106,19282.4,"Chillán, Nevados de",-36.863,-71.377,1
69343,"2025-02-14 19:12:04",357070,1,4,750,49.6221328908589,-106.738359614212,7,51.0853960800493,4.56903950216619,515459376.328668,-36.8204665004429,-71.5802600210106,19282.4,"Chillán, Nevados de",-36.863,-71.377,1
69344,"2025-02-14 19:25:02",357070,1,2,1000,24.2578440366972,81.0415550458715,7,25.4726034946834,4.89285812261339,388957187.532124,-36.8137730994536,-71.5772330917723,20615.5,"Chillán, Nevados de",-36.863,-71.377,1
69345,"2025-02-15 04:48:04",357070,0,4,750,58.4705856930805,108.556006573584,4,2.6333115510458,1.42706260214836,13366746.1649698,-36.813712342582,-71.5800331680515,18973.7,"Chillán, Nevados de",-36.863,-71.377,1
69346,"2025-02-15 06:06:03",357070,0,3,750,38.7481771339107,-82.8746551476071,8,6.20759419112063,2.73458595992595,38485272.4619261,-36.8206486179912,-71.5718590304019,19282.4,"Chillán, Nevados de",-36.863,-71.377,1
69347,"2025-02-15 06:30:02",357070,0,2,1000,36.5090454246215,103.300822909809,6,3.7202092190348,2.20373492338749,28661364.1877341,-36.8137730994536,-71.5772330917723,18973.7,"Chillán, Nevados de",-36.863,-71.377,1
69348,"2025-02-15 06:30:04",357070,0,4,750,60.2196636539856,-86.5382510657193,6,3.66234415773874,1.9736202915129,18713171.342615,-36.8206486179912,-71.5718590304019,18750,"Chillán, Nevados de",-36.863,-71.377,1
69349,"2025-02-15 14:20:01",357070,1,1,1000,45.7276294277929,-83.8802906448683,4,7.78415183879366,2.27458847548909,104130747.566456,-36.8230211090393,-71.5663335532418,18439.1,"Chillán, Nevados de",-36.863,-71.377,1
69350,"2025-02-15 18:30:03",357070,1,3,750,10.1700557726815,80.2978062052041,5,13.4931607957883,3.46502824833001,111124243.791522,-36.8208301427811,-71.5634579644364,17827.3,"Chillán, Nevados de",-36.863,-71.377,1
69351,"2025-02-15 20:05:02",357070,1,2,1000,42.9679324894515,-104.338101265823,15,65.139696298975,10.2021050403338,1038320474.78832,-36.8322682064743,-71.5554313947998,19235.4,"Chillán, Nevados de",-36.863,-71.377,1
69352,"2025-02-16 02:20:01",357070,0,1,1000,35.4456917245736,82.7291408717625,5,2.85031406234839,1.85099045222073,18887216.2314127,-36.8230211090393,-71.5663335532418,17720,"Chillán, Nevados de",-36.863,-71.377,1
69353,"2025-02-16 05:48:03",357070,0,3,750,12.0582657304768,-79.921375213618,6,3.75499854576533,1.99661233630191,19485117.1836165,-36.8208301427811,-71.5634579644364,18554,"Chillán, Nevados de",-36.863,-71.377,1
69354,"2025-02-16 06:12:04",357070,0,4,375,45.0013498209406,-83.6820639629581,16,8.13536081078804,3.32682095892545,12171616.5000272,-36.8208301427811,-71.5634579644364,18190.4,"Chillán, Nevados de",-36.863,-71.377,1
69355,"2025-02-16 18:12:03",357070,1,3,750,37.3305631655969,82.8461681482438,2,8.32020171280321,1.4023865524367,76658039.2458114,-36.8210110747961,-71.5550568233591,16380.2,"Chillán, Nevados de",-36.863,-71.377,1
69356,"2025-02-16 18:30:04",357070,1,4,750,1.55413296526242,-6.51410485439841,5,15.6622339431579,4.02378145669279,128968601.615641,-36.8279457400252,-71.546879588378,16920.8,"Chillán, Nevados de",-36.863,-71.377,1
69357,"2025-02-17 05:30:03",357070,0,3,750,19.0847555734225,102.621247706236,5,3.12193674267105,1.70586601383786,15691833.7638828,-36.8210110747961,-71.5550568233591,17315.1,"Chillán, Nevados de",-36.863,-71.377,1
69358,"2025-02-17 05:54:04",357070,0,4,750,21.3251915233448,-80.7514151950652,8,5.5050600090249,2.76987831606834,30309232.1350748,-36.8210110747961,-71.5550568233591,17315.1,"Chillán, Nevados de",-36.863,-71.377,1
69359,"2025-02-17 17:48:03",357070,1,3,750,55.3912607619088,85.6703210851191,9,32.7293345080163,5.22714063729972,158605943.559445,-36.8211914140194,-71.546655607415,16920.8,"Chillán, Nevados de",-36.863,-71.377,1
69360,"2025-02-17 18:12:04",357070,1,4,750,29.7443113351628,82.1162751645582,9,56.8449951075996,5.86890539198305,564878794.161176,-36.8211914140194,-71.546655607415,16190.3,"Chillán, Nevados de",-36.863,-71.377,1
69361,"2025-02-18 05:12:03",357070,0,3,750,43.0445950378783,105.578600640134,5,3.31707870733061,2.15029490037054,12929423.0608763,-36.8211914140194,-71.546655607415,15892.2,"Chillán, Nevados de",-36.863,-71.377,1
69362,"2025-02-18 05:36:04",357070,0,4,750,9.71146278293189,101.294492735892,8,6.38717575958777,3.39343275576583,33174414.6611018,-36.8211914140194,-71.546655607415,18554,"Chillán, Nevados de",-36.863,-71.377,1
69363,"2025-02-18 06:45:02",357070,0,2,1000,3.27265793528505,96.847342064715,8,5.90674910318614,3.38098899296063,47736866.0832622,-36.8144970458462,-71.5436315247341,19646.9,"Chillán, Nevados de",-36.863,-71.377,1
69364,"2025-02-18 19:12:03",357070,1,3,750,49.8097408866655,-106.772624613446,4,9.3431859180316,3.55264116882488,64166474.0021471,-36.828125530338,-71.538477560848,15297.1,"Chillán, Nevados de",-36.863,-71.377,1
69365,"2025-02-19 02:40:01",357070,0,1,1000,2.01047473200613,-78.6264050535988,8,6.35855049704457,3.76243136005361,49066651.6891291,-36.8135296769049,-71.5884333464692,20396.1,"Chillán, Nevados de",-36.863,-71.377,1
69366,"2025-02-19 04:54:03",357070,0,3,375,58.1606899665235,108.532360609884,19,9.71854180018991,4.51977455712696,13159379.5840031,-36.8246585364226,-71.5425667683726,19832.5,"Chillán, Nevados de",-36.863,-71.377,1
69367,"2025-02-19 05:18:04",357070,0,4,750,36.3971531864602,104.542970663282,5,3.09773044794038,1.95054339435639,12712266.5375276,-36.8135296769049,-71.5884333464692,19471.1,"Chillán, Nevados de",-36.863,-71.377,1
69368,"2025-02-19 06:30:03",357070,0,3,750,60.436139649147,-86.6205490638798,3,2.15987750244978,1.265944936809,9905890.24300689,-36.8343386094568,-71.5639089492011,19282.4,"Chillán, Nevados de",-36.863,-71.377,1
69369,"2025-02-20 04:36:03",357070,0,3,375,68.0714596525908,111.597646421918,10,6.0157434657909,2.33332393597806,9321124.43483875,-36.8246585364226,-71.5425667683726,15772.3,"Chillán, Nevados de",-36.863,-71.377,1
69370,"2025-02-20 04:54:04",357070,0,4,375,54.1196040446721,107.529695337962,9,5.56637315088434,1.90850554824875,9258977.36917135,-36.8246585364226,-71.5425667683726,16920.8,"Chillán, Nevados de",-36.863,-71.377,1
69371,"2025-02-20 06:12:03",357070,0,3,375,45.3074330002603,-83.773176569123,14,8.14448873694536,2.9110477948743,13247147.3846174,-36.8342478768585,-71.5681102286036,17139.6,"Chillán, Nevados de",-36.863,-71.377,1
69372,"2025-02-20 06:36:04",357070,0,4,375,63.874192968983,-87.4578275182106,10,4.4346024802813,1.98335041368696,6204731.79356692,-36.8342478768585,-71.5681102286036,17508.9,"Chillán, Nevados de",-36.863,-71.377,1
69373,"2025-02-20 18:36:03",357070,1,3,750,1.5683119649455,-17.3915896112677,3,7.51729027614517,2.08354751343245,60212661.9893103,-36.8213711604344,-71.538254316849,14943.6,"Chillán, Nevados de",-36.863,-71.377,1
69374,"2025-02-21 04:36:04",357070,0,4,375,65.3643543082236,110.573866518866,12,6.66241991277535,2.64443189245288,10170532.1764412,-36.8246585364226,-71.5425667683726,16380.2,"Chillán, Nevados de",-36.863,-71.377,1
69375,"2025-02-21 05:54:03",357070,0,3,375,21.7543026243598,-80.9110367428255,17,8.82593342249687,3.89796265492054,12473926.0054276,-36.8342478768585,-71.5681102286036,20464.1,"Chillán, Nevados de",-36.863,-71.377,1
69376,"2025-02-21 06:18:04",357070,0,4,375,50.7969673902757,-84.6320963965637,5,2.35292807406992,1.15403150897425,3034706.93039841,-36.8305977205617,-71.5806004422099,18753.8,"Chillán, Nevados de",-36.863,-71.377,1
69377,"2025-02-22 03:00:01",357070,0,1,1000,37.6580999342538,-103.071650230112,5,2.99784729674393,2.00060672607216,18847846.7856964,-36.841273894076,-71.5557312017657,17117.2,"Chillán, Nevados de",-36.863,-71.377,1
69378,"2025-02-22 05:36:03",357070,0,3,750,9.25438979314827,101.597286729124,6,4.04596581424267,2.11330118417243,21416339.9319659,-36.828125530338,-71.538477560848,20919.5,"Chillán, Nevados de",-36.863,-71.377,1
69379,"2025-02-22 06:00:04",357070,0,4,750,30.3033573226672,-81.796665171702,2,1.45010485795728,0.789354616611917,7321938.61190833,-36.828125530338,-71.538477560848,16033.2,"Chillán, Nevados de",-36.863,-71.377,1
69380,"2025-02-23 05:18:03",357070,0,3,750,36.106895192948,104.575352662559,6,4.04065084155081,2.44689454299552,17660811.9833658,-36.8345196298532,-71.555506334054,16920.8,"Chillán, Nevados de",-36.863,-71.377,1
69381,"2025-02-23 05:42:04",357070,0,4,750,1.64667896319386,-11.6774607389884,6,4.02330272575363,2.479901550564,17102814.27257,-36.8345196298532,-71.555506334054,16652.7,"Chillán, Nevados de",-36.863,-71.377,1
69382,"2025-02-24 02:40:01",357070,0,1,1000,6.35097523219814,-98.3960874613004,4,2.29013164381739,1.63457507559696,12390019.1393661,-36.841273894076,-71.5557312017657,19416.5,"Chillán, Nevados de",-36.863,-71.377,1
69383,"2025-02-24 05:24:04",357070,0,4,375,28.7036203944407,103.551326427017,11,7.55656617511723,2.67952843801552,12345001.7720387,-36.841273894076,-71.5557312017657,20012.5,"Chillán, Nevados de",-36.863,-71.377,1
69384,"2025-02-25 04:42:03",357070,0,3,375,65.232319397559,110.580925632899,4,2.22652225531011,1.10151406565176,2847676.98007269,-36.8379870618905,-71.5514172385199,15967.3,"Chillán, Nevados de",-36.863,-71.377,1
69385,"2025-02-25 05:00:04",357070,0,4,375,49.1910480963316,106.54387084467,9,4.83321199114249,2.27770989195215,6468614.68857554,-36.8379870618905,-71.5514172385199,16033.2,"Chillán, Nevados de",-36.863,-71.377,1
69386,"2025-02-25 06:42:04",357070,0,4,375,67.1524177016686,-88.3911905225336,1,0.416299112769559,0.276332272688548,354291.063955058,-36.8345196298532,-71.555506334054,16033.2,"Chillán, Nevados de",-36.863,-71.377,1
69387,"2025-02-25 18:42:03",357070,1,3,750,10.6548417618457,-102.105202717771,6,23.132631188329,4.65892047159787,204711806.879777,-36.8347000571688,-71.5471036439882,16033.2,"Chillán, Nevados de",-36.863,-71.377,1
69388,"2025-02-25 19:06:04",357070,1,4,750,43.776096021528,-105.754355636206,6,15.7978612782638,4.31884706194796,127201826.28455,-36.8347000571688,-71.5471036439882,16033.2,"Chillán, Nevados de",-36.863,-71.377,1
69389,"2025-02-25 20:05:02",357070,1,2,1000,42.2758540630182,-104.244013266998,5,12.8602707955658,4.42137792372219,159495075.277844,-36.8415143907429,-71.5445266151613,16278.8,"Chillán, Nevados de",-36.863,-71.377,1
69390,"2025-02-26 02:20:01",357070,0,1,1000,28.5400107584723,81.9574878967187,5,4.13969383106591,1.98933615121707,40641760.149143,-36.8325086248616,-71.5442281191145,16278.8,"Chillán, Nevados de",-36.863,-71.377,1
69391,"2025-02-26 04:42:04",357070,0,4,750,62.2533656085288,109.576092550783,7,5.02573339555443,2.44805019186405,28563952.000894,-36.8347000571688,-71.5471036439882,16190.3,"Chillán, Nevados de",-36.863,-71.377,1
69392,"2025-02-26 06:00:03",357070,0,3,750,30.6319673153222,-81.8654971701635,7,4.81754201550076,2.69355087228436,23536476.8557667,-36.8347000571688,-71.5471036439882,15909.9,"Chillán, Nevados de",-36.863,-71.377,1
69393,"2025-02-26 06:24:04",357070,0,4,375,55.7557603431656,-85.5599397307572,11,6.09684996199803,2.70200143226918,8593210.34087615,-36.8347000571688,-71.5471036439882,21193.3,"Chillán, Nevados de",-36.863,-71.377,1
69394,"2025-02-26 07:05:02",357070,0,2,1000,31.500418079096,-81.7677344632768,5,2.85573342948124,1.86005652214012,18818293.548747,-36.8327479889295,-71.533024710837,16278.8,"Chillán, Nevados de",-36.863,-71.377,1
69395,"2025-02-26 18:24:03",357070,1,3,750,20.5030825417204,81.0814141876891,9,77.4249131679432,7.37766004528025,776211123.665508,-36.828125530338,-71.538477560848,15461.6,"Chillán, Nevados de",-36.863,-71.377,1
69396,"2025-02-26 18:42:04",357070,1,4,750,20.1819245488988,-103.049998696653,9,52.9695498801695,7.25519948157217,506572145.354457,-36.828125530338,-71.538477560848,15909.9,"Chillán, Nevados de",-36.863,-71.377,1
69397,"2025-02-27 03:00:01",357070,0,1,1000,40.5084482758621,-103.493793103448,11,9.53196198300408,4.84583475939376,88567804.5262352,-36.8237421293777,-71.5327276577808,20396.1,"Chillán, Nevados de",-36.863,-71.377,1
69398,"2025-02-27 05:42:03",357070,0,3,750,1.76405296057034,-23.2344354806699,15,23.2059888425346,6.45796882879873,185588996.77721,-36.8215503140246,-71.5298529519063,21476.7,"Chillán, Nevados de",-36.863,-71.377,1
69399,"2025-02-27 06:06:04",357070,0,4,750,38.1566521471323,-82.7391961506348,12,13.3010177692291,4.92632021574143,92802117.2645853,-36.813712342582,-71.5800331680515,20744,"Chillán, Nevados de",-36.863,-71.377,1
69400,"2025-02-27 06:10:02",357070,0,2,1000,57.2161969111969,106.443108108108,7,4.76870185413433,3.21087738625592,29442882.442902,-36.8149744086696,-71.5212298167245,15231.5,"Chillán, Nevados de",-36.863,-71.377,1
69401,"2025-02-27 18:00:03",357070,1,3,750,44.5325180046206,83.8094981267117,14,129.081252537145,10.6829185114272,1312001538.92248,-36.8284833320391,-71.5216732828254,14943.6,"Chillán, Nevados de",-36.863,-71.377,1
69402,"2025-02-27 18:24:04",357070,1,4,750,10.8467927575553,80.5871231987374,9,191.252470946256,7.24212884405168,2039064603.42005,-36.8217288747736,-71.5214515128318,20744,"Chillán, Nevados de",-36.863,-71.377,1
69403,"2025-02-27 19:42:03",357070,1,3,750,68.537877468059,-111.766823501817,23,111.262262852057,13.561918665279,266427416.344979,-36.8219068426649,-71.5130499998705,14484.9,"Chillán, Nevados de",-36.863,-71.377,1
69404,"2025-02-27 19:45:02",357070,1,2,1000,11.4222244250595,-100.423132434576,10,124.664651123938,9.40423885621174,2178421791.86003,-36.8329862986386,-71.5218211705483,14317.8,"Chillán, Nevados de",-36.863,-71.377,1
69405,"2025-02-28 02:05:01",357070,0,1,1000,51.9973677069199,85.0589687924016,18,19.6895660356222,7.19534939378771,236140694.530671,-36.8242175395891,-71.5103230667541,14560.2,"Chillán, Nevados de",-36.863,-71.377,1
69406,"2025-02-28 05:24:03",357070,0,3,750,28.4966213630509,103.641260683437,13,13.3423593332944,4.64680747688238,96357584.0088656,-36.8220842176821,-71.5046484132675,14735.2,"Chillán, Nevados de",-36.863,-71.377,1
69407,"2025-02-28 05:48:04",357070,0,4,750,11.2093947494505,-79.5624932216397,15,16.2322222067618,5.48984530250528,119038964.070292,-36.8220842176821,-71.5046484132675,14943.6,"Chillán, Nevados de",-36.863,-71.377,1
69408,"2025-02-28 06:50:02",357070,0,2,1000,4.62347665847666,98.6548402948403,6,5.36541126585886,2.33345907360484,57303896.433601,-36.8154475566442,-71.4988275834797,13000,"Chillán, Nevados de",-36.863,-71.377,1
69409,"2025-03-01 05:30:04",357070,0,4,375,19.800924227848,102.523219302903,4,1.66855612927239,0.95944952832694,1794926.08364316,-36.8319496480374,-71.5175828954555,13290,"Chillán, Nevados de",-36.863,-71.377,1
69410,"2025-03-01 17:48:04",357070,1,4,750,55.6356327564467,85.7583750831509,6,14.2907334728027,3.54630745537739,119061670.805594,-36.835237780465,-71.5218951267308,13829.3,"Chillán, Nevados de",-36.863,-71.377,1
69411,"2025-03-01 19:25:02",357070,1,2,1000,26.02306621881,81.2381621880998,3,6.30812144380398,2.70290854490363,68138523.7892166,-36.8419922200504,-71.5221170445737,14142.1,"Chillán, Nevados de",-36.863,-71.377,1
69412,"2025-03-04 05:48:03",357070,0,3,375,11.4494160909554,-79.9052253174786,3,1.50061671812448,0.526018349334193,2466952.12100041,-36.835237780465,-71.5218951267308,13384.9,"Chillán, Nevados de",-36.863,-71.377,1
69413,"2025-03-05 05:30:03",357070,0,3,375,19.5674185168013,102.651049748795,4,1.67875273726017,0.765860171146193,2310759.30797601,-36.835237780465,-71.5218951267308,13463.5,"Chillán, Nevados de",-36.863,-71.377,1
69414,"2025-03-05 05:54:04",357070,0,4,375,20.9934515855543,-80.7079328162114,3,1.12249160280461,0.605316913767977,1309098.43162398,-36.835237780465,-71.5218951267308,13098.2,"Chillán, Nevados de",-36.863,-71.377,1
69415,"2025-03-06 05:36:04",357070,0,4,375,10.0131978272051,101.311169417949,1,0.327674397982469,0.231791921360671,242702.518948928,-36.8353268820228,-71.5176936423135,12733.4,"Chillán, Nevados de",-36.863,-71.377,1
