fecha_utc,volcano_id,volcan,sensor,vrp_mw,distancia_km,dentro_radio,clasificacion,capturado_utc,origen
2026-01-10T19:12:00,355030,Isluga,VIIRS375,0,0.00,1,sin anomalia,2026-10-05T14:24:05,mendoza
2026-01-10T19:12:00,355030,Isluga,VIIRS750,0,0.00,1,sin anomalia,2026-10-05T14:24:05,mendoza
2026-01-10T20:00:00,355030,Isluga,MODIS,0,0.00,1,sin anomalia,2026-10-05T14:24:05,mendoza
2026-01-11T02:25:00,355030,Isluga,MODIS,0,0.00,1,sin anomalia,2026-10-05T14:24:05,mendoza
2026-01-11T05:00:01,355030,Isluga,VIIRS750,0,0.00,1,sin anomalia,2026-10-05T14:24:05,mendoza
2026-01-11T06:42:01,355030,Isluga,VIIRS375,0,0.00,1,sin anomalia,2026-10-05T14:24:05,mendoza
2026-01-11T06:42:01,355030,Isluga,VIIRS750,0,0.00,1,sin anomalia,2026-10-05T14:24:05,mendoza
2026-01-11T13:15:00,355030,Isluga,MODIS,0,0.00,1,sin anomalia,2026-10-05T14:24:05,mendoza
2026-01-11T17:30:01,355030,Isluga,VIIRS375,0,0.00,1,sin anomalia,2026-10-05T14:24:05,mendoza
2026-01-11T17:30:01,355030,Isluga,VIIRS750,0,0.00,1,sin anomalia,2026-10-05T14:24:05,mendoza
2026-01-11T18:48:00,355030,Isluga,VIIRS375,0,0.00,1,sin anomalia,2026-10-05T14:24:05,mendoza
2026-01-11T18:48:00,355030,Isluga,VIIRS750,0,0.00,1,sin anomalia,2026-10-05T14:24:05,mendoza
2026-01-11T20:35:00,355030,Isluga,MODIS,0,0.00,1,sin anomalia,2026-10-05T14:24:05,mendoza
2026-01-12T01:25:00,355030,Isluga,MODIS,0,0.00,1,sin anomalia,2026-10-05T14:24:05,mendoza
2026-01-12T06:24:01,355030,Isluga,VIIRS375,0,0.00,1,sin anomalia,2026-10-05T14:24:05,mendoza
2026-01-12T06:24:01,355030,Isluga,VIIRS750,0,0.00,1,sin anomalia,2026-10-05T14:24:05,mendoza
2026-01-12T13:55:00,355030,Isluga,MODIS,0,0.00,1,sin anomalia,2026-10-05T14:24:05,mendoza
2026-01-12T18:30:00,355030,Isluga,VIIRS375,0,0.00,1,sin anomalia,2026-10-05T14:24:05,mendoza
2026-01-12T18:30:00,355030,Isluga,VIIRS750,0,0.00,1,sin anomalia,2026-10-05T14:24:05,mendoza
2026-01-12T18:54:01,355030,Isluga,VIIRS375,0,0.00,1,sin anomalia,2026-10-05T14:24:05,mendoza
2026-01-12T18:54:01,355030,Isluga,VIIRS750,0,0.00,1,sin anomalia,2026-10-05T14:24:05,mendoza
2026-01-12T19:35:00,355030,Isluga,MODIS,0,0.00,1,sin anomalia,2026-10-05T14:24:05,mendoza
2026-01-13T02:05:00,355030,Isluga,MODIS,0,0.00,1,sin anomalia,2026-10-05T14:24:05,mendoza
2026-01-13T06:06:01,355030,Isluga,VIIRS375,0,0.00,1,sin anomalia,2026-10-05T14:24:05,mendoza
2026-01-13T06:06:01,355030,Isluga,VIIRS750,0,0.00,1,sin anomalia,2026-10-05T14:24:05,mendoza
2026-01-13T12:55:00,355030,Isluga,MODIS,0,0.00,1,sin anomalia,2026-10-05T14:24:05,mendoza
2026-01-13T18:12:00,355030,Isluga,VIIRS375,0.23,2.52,1,muy baja,2026-10-05T14:24:05,mendoza
2026-01-13T18:12:00,355030,Isluga,VIIRS750,0,0.00,1,sin anomalia,2026-10-05T14:24:05,mendoza
2026-01-13T18:36:01,355030,Isluga,VIIRS375,0,0.00,1,sin anomalia,2026-10-05T14:24:05,mendoza
2026-01-13T18:36:01,355030,Isluga,VIIRS750,0,0.00,1,sin anomalia,2026-10-05T14:24:05,mendoza
2026-01-13T20:15:00,355030,Isluga,MODIS,0,0.00,1,sin anomalia,2026-10-05T14:24:05,mendoza
2026-01-14T01:05:00,355030,Isluga,MODIS,0,0.00,1,sin anomalia,2026-10-05T14:24:05,mendoza
2026-01-14T05:42:01,355030,Isluga,VIIRS375,0,0.00,1,sin anomalia,2026-10-05T14:24:05,mendoza
2026-01-14T05:42:01,355030,Isluga,VIIRS750,0,0.00,1,sin anomalia,2026-10-05T14:24:05,mendoza
2026-01-14T07:05:00,355030,Isluga,MODIS,0,0.00,1,sin anomalia,2026-10-05T14:24:05,mendoza
2026-01-14T13:35:00,355030,Isluga,MODIS,0,0.00,1,sin anomalia,2026-10-05T14:24:05,mendoza
2026-01-14T17:54:00,355030,Isluga,VIIRS375,0,0.00,1,sin anomalia,2026-10-05T14:24:05,mendoza
2026-01-14T17:54:00,355030,Isluga,VIIRS750,0,0.00,1,sin anomalia,2026-10-05T14:24:05,mendoza
2026-01-14T18:12:01,355030,Isluga,VIIRS375,0,0.00,1,sin anomalia,2026-10-05T14:24:05,mendoza
2026-01-14T18:12:01,355030,Isluga,VIIRS750,0,0.00,1,sin anomalia,2026-10-05T14:24:05,mendoza
2026-01-15T05:24:01,355030,Isluga,VIIRS375,0,0.00,1,sin anomalia,2026-10-05T14:24:05,mendoza
2026-01-15T05:24:01,355030,Isluga,VIIRS750,0,0.00,1,sin anomalia,2026-10-05T14:24:05,mendoza
2026-01-15T06:48:00,355030,Isluga,VIIRS375,0,0.00,1,sin anomalia,2026-10-05T14:24:05,mendoza
2026-01-15T06:48:00,355030,Isluga,VIIRS750,0,0.00,1,sin anomalia,2026-10-05T14:24:05,mendoza
2026-01-15T07:45:00,355030,Isluga,MODIS,0,0.00,1,sin anomalia,2026-10-05T14:24:05,mendoza
2026-01-15T17:36:00,355030,Isluga,VIIRS750,0,0.00,1,sin anomalia,2026-10-05T14:24:05,mendoza
2026-01-15T17:54:01,355030,Isluga,VIIRS375,0,0.00,1,sin anomalia,2026-10-05T14:24:05,mendoza
2026-01-15T17:54:01,355030,Isluga,VIIRS750,0,0.00,1,sin anomalia,2026-10-05T14:24:05,mendoza
2026-01-15T19:55:00,355030,Isluga,MODIS,0,0.00,1,sin anomalia,2026-10-05T14:24:05,mendoza
2026-01-16T02:25:00,355030,Isluga,MODIS,0,0.00,1,sin anomalia,2026-10-05T14:24:05,mendoza
2026-01-16T05:06:01,355030,Isluga,VIIRS375,0,0.00,1,sin anomalia,2026-10-05T14:24:05,mendoza
2026-01-16T05:06:01,355030,Isluga,VIIRS750,0,0.00,1,sin anomalia,2026-10-05T14:24:05,mendoza
2026-01-16T06:24:00,355030,Isluga,VIIRS375,0,0.00,1,sin anomalia,2026-10-05T14:24:05,mendoza
2026-01-16T06:24:00,355030,Isluga,VIIRS750,0,0.00,1,sin anomalia,2026-10-05T14:24:05,mendoza
2026-01-16T13:15:00,355030,Isluga,MODIS,0,0.00,1,sin anomalia,2026-10-05T14:24:05,mendoza
2026-01-16T17:36:01,355030,Isluga,VIIRS375,0,0.00,1,sin anomalia,2026-10-05T14:24:05,mendoza
2026-01-16T17:36:01,355030,Isluga,VIIRS750,0,0.00,1,sin anomalia,2026-10-05T14:24:05,mendoza
2026-01-16T18:54:00,355030,Isluga,VIIRS375,0,0.00,1,sin anomalia,2026-10-05T14:24:05,mendoza
2026-01-16T18:54:00,355030,Isluga,VIIRS750,0,0.00,1,sin anomalia,2026-10-05T14:24:05,mendoza
2026-01-16T20:30:00,355030,Isluga,MODIS,0,0.00,1,sin anomalia,2026-10-05T14:24:05,mendoza
2026-01-17T01:25:00,355030,Isluga,MODIS,0,0.00,1,sin anomalia,2026-10-05T14:24:05,mendoza
2026-01-17T04:48:01,355030,Isluga,VIIRS750,0,0.00,1,sin anomalia,2026-10-05T14:24:05,mendoza
2026-01-17T06:30:01,355030,Isluga,VIIRS375,0,0.00,1,sin anomalia,2026-10-05T14:24:05,mendoza
2026-01-17T06:30:01,355030,Isluga,VIIRS750,0,0.00,1,sin anomalia,2026-10-05T14:24:05,mendoza
2026-01-17T13:55:00,355030,Isluga,MODIS,0,0.00,1,sin anomalia,2026-10-05T14:24:05,mendoza
2026-01-17T17:18:01,355030,Isluga,VIIRS375,0,0.00,1,sin anomalia,2026-10-05T14:24:05,mendoza
2026-01-17T17:18:01,355030,Isluga,VIIRS750,0,0.00,1,sin anomalia,2026-10-05T14:24:05,mendoza
2026-01-17T18:36:00,355030,Isluga,VIIRS375,0,0.00,1,sin anomalia,2026-10-05T14:24:05,mendoza
2026-01-17T18:36:00,355030,Isluga,VIIRS750,0,0.00,1,sin anomalia,2026-10-05T14:24:05,mendoza
2026-01-17T19:00:01,355030,Isluga,VIIRS375,0,0.00,1,sin anomalia,2026-10-05T14:24:05,mendoza
2026-01-17T19:00:01,355030,Isluga,VIIRS750,0,0.00,1,sin anomalia,2026-10-05T14:24:05,mendoza
2026-01-17T19:30:00,355030,Isluga,MODIS,0,0.00,1,sin anomalia,2026-10-05T14:24:05,mendoza
2026-01-18T02:05:00,355030,Isluga,MODIS,0,0.00,1,sin anomalia,2026-10-05T14:24:05,mendoza
2026-01-18T06:12:01,355030,Isluga,VIIRS375,0,0.00,1,sin anomalia,2026-10-05T14:24:05,mendoza
2026-01-18T18:42:01,355030,Isluga,VIIRS375,0,0.00,1,sin anomalia,2026-10-05T14:24:05,mendoza
2026-01-18T18:42:01,355030,Isluga,VIIRS750,0,0.00,1,sin anomalia,2026-10-05T14:24:05,mendoza
2026-01-18T20:10:00,355030,Isluga,MODIS,0,0.00,1,sin anomalia,2026-10-05T14:24:05,mendoza
2026-01-19T01:05:00,355030,Isluga,MODIS,0,0.00,1,sin anomalia,2026-10-05T14:24:05,mendoza
2026-01-19T05:48:01,355030,Isluga,VIIRS375,0,0.00,1,sin anomalia,2026-10-05T14:24:05,mendoza
2026-01-19T05:48:01,355030,Isluga,VIIRS750,0,0.00,1,sin anomalia,2026-10-05T14:24:05,mendoza
2026-01-19T07:00:00,355030,Isluga,MODIS,0,0.00,1,sin anomalia,2026-10-05T14:24:05,mendoza
2026-01-19T13:35:00,355030,Isluga,MODIS,0,0.00,1,sin anomalia,2026-10-05T14:24:05,mendoza
2026-01-19T18:00:00,355030,Isluga,VIIRS375,0,0.00,1,sin anomalia,2026-10-05T14:24:05,mendoza
2026-01-19T18:00:00,355030,Isluga,VIIRS750,0,0.00,1,sin anomalia,2026-10-05T14:24:05,mendoza
2026-01-19T19:10:00,355030,Isluga,MODIS,0,0.00,1,sin anomalia,2026-10-05T14:24:05,mendoza
2026-01-20T01:45:00,355030,Isluga,MODIS,0,0.00,1,sin anomalia,2026-10-05T14:24:05,mendoza
2026-01-20T05:30:01,355030,Isluga,VIIRS375,0,0.00,1,sin anomalia,2026-10-05T14:24:05,mendoza
2026-01-20T05:30:01,355030,Isluga,VIIRS750,0,0.00,1,sin anomalia,2026-10-05T14:24:05,mendoza
2026-01-20T07:40:00,355030,Isluga,MODIS,0,0.00,1,sin anomalia,2026-10-05T14:24:05,mendoza
2026-01-20T17:42:00,355030,Isluga,VIIRS750,0,0.00,1,sin anomalia,2026-10-05T14:24:05,mendoza
2026-01-20T18:00:01,355030,Isluga,VIIRS375,0,0.00,1,sin anomalia,2026-10-05T14:24:05,mendoza
2026-01-20T18:00:01,355030,Isluga,VIIRS750,0,0.00,1,sin anomalia,2026-10-05T14:24:05,mendoza
2026-01-20T19:50:00,355030,Isluga,MODIS,0,0.00,1,sin anomalia,2026-10-05T14:24:05,mendoza
2026-01-21T02:20:00,355030,Isluga,MODIS,0,0.00,1,sin anomalia,2026-10-05T14:24:05,mendoza
2026-01-21T05:12:01,355030,Isluga,VIIRS375,0.09,19.36,0,fuera de radio,2026-10-05T14:24:05,mendoza
2026-01-21T05:12:01,355030,Isluga,VIIRS750,0,0.00,1,sin anomalia,2026-10-05T14:24:05,mendoza
2026-01-21T06:30:00,355030,Isluga,VIIRS375,0,0.00,1,sin anomalia,2026-10-05T14:24:05,mendoza
2026-01-21T06:30:00,355030,Isluga,VIIRS750,0,0.00,1,sin anomalia,2026-10-05T14:24:05,mendoza
2026-01-21T13:15:00,355030,Isluga,MODIS,0,0.00,1,sin anomalia,2026-10-05T14:24:05,mendoza
2026-01-21T17:24:00,355030,Isluga,VIIRS375,0,0.00,1,sin anomalia,2026-10-05T14:24:05,mendoza
2026-01-21T17:24:00,355030,Isluga,VIIRS750,0,0.00,1,sin anomalia,2026-10-05T14:24:05,mendoza
2026-01-21T17:42:01,355030,Isluga,VIIRS375,0,0.00,1,sin anomalia,2026-10-05T14:24:05,mendoza
2026-01-21T17:42:01,355030,Isluga,VIIRS750,0,0.00,1,sin anomalia,2026-10-05T14:24:05,mendoza
2026-01-21T19:06:00,355030,Isluga,VIIRS375,0,0.00,1,sin anomalia,2026-10-05T14:24:05,mendoza
2026-01-21T19:06:00,355030,Isluga,VIIRS750,0,0.00,1,sin anomalia,2026-10-05T14:24:05,mendoza
2026-01-21T20:25:00,355030,Isluga,MODIS,0,0.00,1,sin anomalia,2026-10-05T14:24:05,mendoza
2026-01-22T01:25:00,355030,Isluga,MODIS,0,0.00,1,sin anomalia,2026-10-05T14:24:05,mendoza
2026-01-22T04:54:01,355030,Isluga,VIIRS375,0,0.00,1,sin anomalia,2026-10-05T14:24:05,mendoza
2026-01-22T04:54:01,355030,Isluga,VIIRS750,0,0.00,1,sin anomalia,2026-10-05T14:24:05,mendoza
2026-01-22T06:36:01,355030,Isluga,VIIRS375,0,0.00,1,sin anomalia,2026-10-05T14:24:05,mendoza
2026-01-22T06:36:01,355030,Isluga,VIIRS750,0,0.00,1,sin anomalia,2026-10-05T14:24:05,mendoza
2026-01-22T07:20:00,355030,Isluga,MODIS,0,0.00,1,sin anomalia,2026-10-05T14:24:05,mendoza
2026-01-22T13:55:00,355030,Isluga,MODIS,0,0.00,1,sin anomalia,2026-10-05T14:24:05,mendoza
2026-01-22T17:24:01,355030,Isluga,VIIRS375,0,0.00,1,sin anomalia,2026-10-05T14:24:05,mendoza
2026-01-22T17:24:01,355030,Isluga,VIIRS750,0,0.00,1,sin anomalia,2026-10-05T14:24:05,mendoza
2026-01-22T18:42:00,355030,Isluga,VIIRS750,0,0.00,1,sin anomalia,2026-10-05T14:24:05,mendoza
2026-01-22T19:06:01,355030,Isluga,VIIRS375,0,0.00,1,sin anomalia,2026-10-05T14:24:05,mendoza
2026-01-22T19:06:01,355030,Isluga,VIIRS750,0,0.00,1,sin anomalia,2026-10-05T14:24:05,mendoza
2026-01-22T19:25:00,355030,Isluga,MODIS,0,0.00,1,sin anomalia,2026-10-05T14:24:05,mendoza
2026-01-23T02:05:00,355030,Isluga,MODIS,0,0.00,1,sin anomalia,2026-10-05T14:24:05,mendoza
2026-01-23T05:54:00,355030,Isluga,VIIRS375,0,0.00,1,sin anomalia,2026-10-05T14:24:05,mendoza
2026-01-23T05:54:00,355030,Isluga,VIIRS750,0,0.00,1,sin anomalia,2026-10-05T14:24:05,mendoza
2026-01-23T06:18:01,355030,Isluga,VIIRS375,0,0.00,1,sin anomalia,2026-10-05T14:24:05,mendoza
2026-01-23T06:18:01,355030,Isluga,VIIRS750,0,0.00,1,sin anomalia,2026-10-05T14:24:05,mendoza
2026-01-23T07:55:00,355030,Isluga,MODIS,0,0.00,1,sin anomalia,2026-10-05T14:24:05,mendoza
2026-01-23T12:55:00,355030,Isluga,MODIS,0,0.00,1,sin anomalia,2026-10-05T14:24:05,mendoza
2026-01-23T18:24:00,355030,Isluga,VIIRS375,0,0.00,1,sin anomalia,2026-10-05T14:24:05,mendoza
2026-01-23T18:24:00,355030,Isluga,VIIRS750,0.32,30.27,0,fuera de radio,2026-10-05T14:24:05,mendoza
2026-01-23T18:48:01,355030,Isluga,VIIRS375,0.48,18.14,0,fuera de radio,2026-10-05T14:24:05,mendoza
2026-01-23T18:48:01,355030,Isluga,VIIRS750,0,0.00,1,sin anomalia,2026-10-05T14:24:05,mendoza
2026-01-23T20:05:00,355030,Isluga,MODIS,0,0.00,1,sin anomalia,2026-10-05T14:24:05,mendoza
2026-01-24T01:05:00,355030,Isluga,MODIS,0,0.00,1,sin anomalia,2026-10-05T14:24:05,mendoza
2026-01-24T06:00:01,355030,Isluga,VIIRS375,0,0.00,1,sin anomalia,2026-10-05T14:24:05,mendoza
2026-01-24T06:00:01,355030,Isluga,VIIRS750,0,0.00,1,sin anomalia,2026-10-05T14:24:05,mendoza
2026-01-24T06:55:00,355030,Isluga,MODIS,0,0.00,1,sin anomalia,2026-10-05T14:24:05,mendoza
2026-01-24T13:35:00,355030,Isluga,MODIS,0,0.00,1,sin anomalia,2026-10-05T14:24:05,mendoza
2026-01-24T18:06:00,355030,Isluga,VIIRS750,0,0.00,1,sin anomalia,2026-10-05T14:24:05,mendoza
2026-01-24T18:30:01,355030,Isluga,VIIRS375,0,0.00,1,sin anomalia,2026-10-05T14:24:05,mendoza
2026-01-24T18:30:01,355030,Isluga,VIIRS750,0,0.00,1,sin anomalia,2026-10-05T14:24:05,mendoza
2026-01-25T01:45:00,355030,Isluga,MODIS,0,0.00,1,sin anomalia,2026-10-05T14:24:05,mendoza
2026-01-25T05:36:01,355030,Isluga,VIIRS375,0,0.00,1,sin anomalia,2026-10-05T14:24:05,mendoza
2026-01-25T05:36:01,355030,Isluga,VIIRS750,0,0.00,1,sin anomalia,2026-10-05T14:24:05,mendoza
2026-01-25T07:35:00,355030,Isluga,MODIS,0,0.00,1,sin anomalia,2026-10-05T14:24:05,mendoza
2026-01-25T17:48:00,355030,Isluga,VIIRS375,0,0.00,1,sin anomalia,2026-10-05T14:24:05,mendoza
2026-01-25T17:48:00,355030,Isluga,VIIRS750,0,0.00,1,sin anomalia,2026-10-05T14:24:05,mendoza
2026-01-25T18:06:01,355030,Isluga,VIIRS375,0,0.00,1,sin anomalia,2026-10-05T14:24:05,mendoza
2026-01-25T18:06:01,355030,Isluga,VIIRS750,0,0.00,1,sin anomalia,2026-10-05T14:24:05,mendoza
2026-01-25T19:45:00,355030,Isluga,MODIS,0,0.00,1,sin anomalia,2026-10-05T14:24:05,mendoza
2026-01-26T02:20:00,355030,Isluga,MODIS,0,0.00,1,sin anomalia,2026-10-05T14:24:05,mendoza
2026-01-26T05:18:01,355030,Isluga,VIIRS375,0.3,0.84,1,muy baja,2026-10-05T14:24:05,mendoza
2026-01-26T05:18:01,355030,Isluga,VIIRS750,0,0.00,1,sin anomalia,2026-10-05T14:24:05,mendoza
2026-01-26T06:42:00,355030,Isluga,VIIRS375,1.66,17.83,0,fuera de radio,2026-10-05T14:24:05,mendoza
2026-01-26T06:42:00,355030,Isluga,VIIRS750,0,0.00,1,sin anomalia,2026-10-05T14:24:05,mendoza
2026-01-26T08:15:00,355030,Isluga,MODIS,0,0.00,1,sin anomalia,2026-10-05T14:24:05,mendoza
2026-01-26T13:15:00,355030,Isluga,MODIS,0,0.00,1,sin anomalia,2026-10-05T14:24:05,mendoza
2026-01-26T17:30:00,355030,Isluga,VIIRS375,0,0.00,1,sin anomalia,2026-10-05T14:24:05,mendoza
2026-01-26T17:30:00,355030,Isluga,VIIRS750,0,0.00,1,sin anomalia,2026-10-05T14:24:05,mendoza
2026-01-26T17:48:01,355030,Isluga,VIIRS375,0,0.00,1,sin anomalia,2026-10-05T14:24:05,mendoza
2026-01-26T17:48:01,355030,Isluga,VIIRS750,0,0.00,1,sin anomalia,2026-10-05T14:24:05,mendoza
2026-01-26T19:12:00,355030,Isluga,VIIRS375,0,0.00,1,sin anomalia,2026-10-05T14:24:05,mendoza
2026-01-26T20:20:00,355030,Isluga,MODIS,0,0.00,1,sin anomalia,2026-10-05T14:24:05,mendoza
2026-01-27T01:25:00,355030,Isluga,MODIS,0,0.00,1,sin anomalia,2026-10-05T14:24:05,mendoza
2026-01-27T05:00:01,355030,Isluga,VIIRS375,0,0.00,1,sin anomalia,2026-10-05T14:24:05,mendoza
2026-01-27T05:00:01,355030,Isluga,VIIRS750,0,0.00,1,sin anomalia,2026-10-05T14:24:05,mendoza
2026-01-27T06:42:01,355030,Isluga,VIIRS375,0,0.00,1,sin anomalia,2026-10-05T14:24:05,mendoza
2026-01-27T06:42:01,355030,Isluga,VIIRS750,0,0.00,1,sin anomalia,2026-10-05T14:24:05,mendoza
2026-01-27T07:15:00,355030,Isluga,MODIS,0,0.00,1,sin anomalia,2026-10-05T14:24:05,mendoza
2026-01-27T13:55:00,355030,Isluga,MODIS,0,0.00,1,sin anomalia,2026-10-05T14:24:05,mendoza
2026-01-27T17:30:01,355030,Isluga,VIIRS375,0,0.00,1,sin anomalia,2026-10-05T14:24:05,mendoza
2026-01-27T17:30:01,355030,Isluga,VIIRS750,0,0.00,1,sin anomalia,2026-10-05T14:24:05,mendoza
2026-01-27T18:48:00,355030,Isluga,VIIRS375,0,0.00,1,sin anomalia,2026-10-05T14:24:05,mendoza
2026-01-27T18:48:00,355030,Isluga,VIIRS750,0,0.00,1,sin anomalia,2026-10-05T14:24:05,mendoza
2026-01-27T19:20:00,355030,Isluga,MODIS,0,0.00,1,sin anomalia,2026-10-05T14:24:05,mendoza
2026-01-28T02:00:00,355030,Isluga,MODIS,0,0.00,1,sin anomalia,2026-10-05T14:24:05,mendoza
2026-01-28T06:24:01,355030,Isluga,VIIRS375,0,0.00,1,sin anomalia,2026-10-05T14:24:05,mendoza
2026-01-28T06:24:01,355030,Isluga,VIIRS750,0,0.00,1,sin anomalia,2026-10-05T14:24:05,mendoza
2026-01-28T07:50:00,355030,Isluga,MODIS,0,0.00,1,sin anomalia,2026-10-05T14:24:05,mendoza
2026-01-28T12:55:00,355030,Isluga,MODIS,0,0.00,1,sin anomalia,2026-10-05T14:24:05,mendoza
2026-01-28T18:30:00,355030,Isluga,VIIRS375,0,0.00,1,sin anomalia,2026-10-05T14:24:05,mendoza
2026-01-28T18:30:00,355030,Isluga,VIIRS750,0,0.00,1,sin anomalia,2026-10-05T14:24:05,mendoza
2026-01-28T18:54:01,355030,Isluga,VIIRS375,0,0.00,1,sin anomalia,2026-10-05T14:24:05,mendoza
2026-01-28T18:54:01,355030,Isluga,VIIRS750,0.43,19.12,0,fuera de radio,2026-10-05T14:24:05,mendoza
2026-01-28T20:00:00,355030,Isluga,MODIS,0,0.00,1,sin anomalia,2026-10-05T14:24:05,mendoza
2026-01-29T01:05:00,355030,Isluga,MODIS,0,0.00,1,sin anomalia,2026-10-05T14:24:05,mendoza
2026-01-29T06:06:01,355030,Isluga,VIIRS375,0.11,23.85,0,fuera de radio,2026-10-05T14:24:05,mendoza
2026-01-29T06:06:01,355030,Isluga,VIIRS750,0,0.00,1,sin anomalia,2026-10-05T14:24:05,mendoza
2026-01-29T06:50:00,355030,Isluga,MODIS,0,0.00,1,sin anomalia,2026-10-05T14:24:05,mendoza
2026-01-29T13:35:00,355030,Isluga,MODIS,0,0.00,1,sin anomalia,2026-10-05T14:24:05,mendoza
2026-01-29T18:36:01,355030,Isluga,VIIRS375,0,0.00,1,sin anomalia,2026-10-05T14:24:05,mendoza
2026-01-29T18:36:01,355030,Isluga,VIIRS750,0,0.00,1,sin anomalia,2026-10-05T14:24:05,mendoza
2026-01-29T20:40:00,355030,Isluga,MODIS,0,0.00,1,sin anomalia,2026-10-05T14:24:05,mendoza
2026-01-30T01:45:00,355030,Isluga,MODIS,0,0.00,1,sin anomalia,2026-10-05T14:24:05,mendoza
2026-01-30T05:42:01,355030,Isluga,VIIRS375,0,0.00,1,sin anomalia,2026-10-05T14:24:05,mendoza
2026-01-30T05:42:01,355030,Isluga,VIIRS750,0,0.00,1,sin anomalia,2026-10-05T14:24:05,mendoza
2026-01-30T07:30:00,355030,Isluga,MODIS,0,0.00,1,sin anomalia,2026-10-05T14:24:05,mendoza
2026-01-30T17:54:00,355030,Isluga,VIIRS375,0.86,17.91,0,fuera de radio,2026-10-05T14:24:05,mendoza
2026-01-30T17:54:00,355030,Isluga,VIIRS750,0,0.00,1,sin anomalia,2026-10-05T14:24:05,mendoza
2026-01-30T18:12:01,355030,Isluga,VIIRS375,0,0.00,1,sin anomalia,2026-10-05T14:24:05,mendoza
2026-01-30T18:12:01,355030,Isluga,VIIRS750,0,0.00,1,sin anomalia,2026-10-05T14:24:05,mendoza
2026-01-30T19:40:00,355030,Isluga,MODIS,0,0.00,1,sin anomalia,2026-10-05T14:24:05,mendoza
2026-01-31T02:20:00,355030,Isluga,MODIS,0,0.00,1,sin anomalia,2026-10-05T14:24:05,mendoza
2026-01-31T05:24:01,355030,Isluga,VIIRS375,0,0.00,1,sin anomalia,2026-10-05T14:24:05,mendoza
2026-01-31T05:24:01,355030,Isluga,VIIRS750,0,0.00,1,sin anomalia,2026-10-05T14:24:05,mendoza
2026-01-31T06:48:00,355030,Isluga,VIIRS375,0,0.00,1,sin anomalia,2026-10-05T14:24:05,mendoza
2026-01-31T06:48:00,355030,Isluga,VIIRS750,0,0.00,1,sin anomalia,2026-10-05T14:24:05,mendoza
2026-01-31T08:10:00,355030,Isluga,MODIS,0,0.00,1,sin anomalia,2026-10-05T14:24:05,mendoza
2026-01-31T13:15:00,355030,Isluga,MODIS,0,0.00,1,sin anomalia,2026-10-05T14:24:05,mendoza
2026-01-31T17:36:00,355030,Isluga,VIIRS375,0,0.00,1,sin anomalia,2026-10-05T14:24:05,mendoza
2026-01-31T17:36:00,355030,Isluga,VIIRS750,0,0.00,1,sin anomalia,2026-10-05T14:24:05,mendoza
2026-01-31T17:54:01,355030,Isluga,VIIRS375,0,0.00,1,sin anomalia,2026-10-05T14:24:05,mendoza
2026-01-31T17:54:01,355030,Isluga,VIIRS750,0,0.00,1,sin anomalia,2026-10-05T14:24:05,mendoza
2026-01-31T20:15:00,355030,Isluga,MODIS,0,0.00,1,sin anomalia,2026-10-05T14:24:05,mendoza
2026-02-01T01:25:00,355030,Isluga,MODIS,0,0.00,1,sin anomalia,2026-10-05T14:24:05,mendoza
2026-02-01T05:06:01,355030,Isluga,VIIRS375,0.11,0.53,1,muy baja,2026-10-05T14:24:05,mendoza
2026-02-01T05:06:01,355030,Isluga,VIIRS750,0,0.00,1,sin anomalia,2026-10-05T14:24:05,mendoza
2026-02-01T06:24:00,355030,Isluga,VIIRS375,0,0.00,1,sin anomalia,2026-10-05T14:24:05,mendoza
2026-02-01T06:24:00,355030,Isluga,VIIRS750,0,0.00,1,sin anomalia,2026-10-05T14:24:05,mendoza
2026-02-01T07:10:00,355030,Isluga,MODIS,0,0.00,1,sin anomalia,2026-10-05T14:24:05,mendoza
2026-02-01T13:55:00,355030,Isluga,MODIS,0,0.00,1,sin anomalia,2026-10-05T14:24:05,mendoza
2026-02-01T17:18:00,355030,Isluga,VIIRS375,0,0.00,1,sin anomalia,2026-10-05T14:24:05,mendoza
2026-02-01T17:18:00,355030,Isluga,VIIRS750,0,0.00,1,sin anomalia,2026-10-05T14:24:05,mendoza
2026-02-01T17:36:01,355030,Isluga,VIIRS375,0,0.00,1,sin anomalia,2026-10-05T14:24:05,mendoza
2026-02-01T17:36:01,355030,Isluga,VIIRS750,0,0.00,1,sin anomalia,2026-10-05T14:24:05,mendoza
2026-02-01T18:54:00,355030,Isluga,VIIRS375,0,0.00,1,sin anomalia,2026-10-05T14:24:05,mendoza
2026-02-01T18:54:00,355030,Isluga,VIIRS750,0,0.00,1,sin anomalia,2026-10-05T14:24:05,mendoza
2026-02-01T19:15:00,355030,Isluga,MODIS,0,0.00,1,sin anomalia,2026-10-05T14:24:05,mendoza
2026-02-02T02:00:00,355030,Isluga,MODIS,0,0.00,1,sin anomalia,2026-10-05T14:24:05,mendoza
2026-02-02T04:48:01,355030,Isluga,VIIRS375,0,0.00,1,sin anomalia,2026-10-05T14:24:05,mendoza
2026-02-02T04:48:01,355030,Isluga,VIIRS750,0,0.00,1,sin anomalia,2026-10-05T14:24:05,mendoza
2026-02-02T06:06:00,355030,Isluga,VIIRS375,0.1,0.84,1,muy baja,2026-10-05T14:24:05,mendoza
2026-02-02T06:30:01,355030,Isluga,VIIRS375,0,0.00,1,sin anomalia,2026-10-05T14:24:05,mendoza
2026-02-02T06:30:01,355030,Isluga,VIIRS750,0,0.00,1,sin anomalia,2026-10-05T14:24:05,mendoza
2026-02-02T07:45:00,355030,Isluga,MODIS,0,0.00,1,sin anomalia,2026-10-05T14:24:05,mendoza
2026-02-02T12:55:00,355030,Isluga,MODIS,0,0.00,1,sin anomalia,2026-10-05T14:24:05,mendoza
2026-02-02T19:00:01,355030,Isluga,VIIRS375,0,0.00,1,sin anomalia,2026-10-05T14:24:05,mendoza
2026-02-02T19:00:01,355030,Isluga,VIIRS750,0,0.00,1,sin anomalia,2026-10-05T14:24:05,mendoza
2026-02-03T01:05:00,355030,Isluga,MODIS,0,0.00,1,sin anomalia,2026-10-05T14:24:05,mendoza
2026-02-03T05:48:00,355030,Isluga,VIIRS750,0,0.00,1,sin anomalia,2026-10-05T14:24:05,mendoza
2026-02-03T06:12:01,355030,Isluga,VIIRS375,0.07,0.53,1,muy baja,2026-10-05T14:24:05,mendoza
2026-02-03T06:12:01,355030,Isluga,VIIRS750,0,0.00,1,sin anomalia,2026-10-05T14:24:05,mendoza
2026-02-03T06:45:00,355030,Isluga,MODIS,0,0.00,1,sin anomalia,2026-10-05T14:24:05,mendoza
2026-02-03T13:35:00,355030,Isluga,MODIS,0,0.00,1,sin anomalia,2026-10-05T14:24:05,mendoza
2026-02-03T18:18:00,355030,Isluga,VIIRS375,0,0.00,1,sin anomalia,2026-10-05T14:24:05,mendoza
2026-02-03T18:18:00,355030,Isluga,VIIRS750,0,0.00,1,sin anomalia,2026-10-05T14:24:05,mendoza
2026-02-03T18:42:01,355030,Isluga,VIIRS375,0,0.00,1,sin anomalia,2026-10-05T14:24:05,mendoza
2026-02-03T18:42:01,355030,Isluga,VIIRS750,0,0.00,1,sin anomalia,2026-10-05T14:24:05,mendoza
2026-02-03T20:35:00,355030,Isluga,MODIS,0,0.00,1,sin anomalia,2026-10-05T14:24:05,mendoza
2026-02-04T01:40:00,355030,Isluga,MODIS,0,0.00,1,sin anomalia,2026-10-05T14:24:05,mendoza
2026-02-04T05:54:01,355030,Isluga,VIIRS375,0,0.00,1,sin anomalia,2026-10-05T14:24:05,mendoza
2026-02-04T05:54:01,355030,Isluga,VIIRS750,0,0.00,1,sin anomalia,2026-10-05T14:24:05,mendoza
2026-02-04T07:25:00,355030,Isluga,MODIS,0,0.00,1,sin anomalia,2026-10-05T14:24:05,mendoza
2026-02-04T18:00:00,355030,Isluga,VIIRS375,0,0.00,1,sin anomalia,2026-10-05T14:24:05,mendoza
2026-02-04T18:00:00,355030,Isluga,VIIRS750,0,0.00,1,sin anomalia,2026-10-05T14:24:05,mendoza
2026-02-04T18:24:01,355030,Isluga,VIIRS375,0,0.00,1,sin anomalia,2026-10-05T14:24:05,mendoza
2026-02-04T18:24:01,355030,Isluga,VIIRS750,0,0.00,1,sin anomalia,2026-10-05T14:24:05,mendoza
2026-02-04T19:35:00,355030,Isluga,MODIS,0,0.00,1,sin anomalia,2026-10-05T14:24:05,mendoza
2026-02-05T02:20:00,355030,Isluga,MODIS,0,0.00,1,sin anomalia,2026-10-05T14:24:05,mendoza
2026-02-05T05:30:01,355030,Isluga,VIIRS375,0,0.00,1,sin anomalia,2026-10-05T14:24:05,mendoza
2026-02-05T05:30:01,355030,Isluga,VIIRS750,0,0.00,1,sin anomalia,2026-10-05T14:24:05,mendoza
2026-02-05T08:05:00,355030,Isluga,MODIS,0,0.00,1,sin anomalia,2026-10-05T14:24:05,mendoza
2026-02-05T13:15:00,355030,Isluga,MODIS,0,0.00,1,sin anomalia,2026-10-05T14:24:05,mendoza
2026-02-05T17:42:00,355030,Isluga,VIIRS375,0,0.00,1,sin anomalia,2026-10-05T14:24:05,mendoza
2026-02-05T18:00:01,355030,Isluga,VIIRS375,0,0.00,1,sin anomalia,2026-10-05T14:24:05,mendoza
2026-02-05T18:00:01,355030,Isluga,VIIRS750,0,0.00,1,sin anomalia,2026-10-05T14:24:05,mendoza
2026-02-05T20:10:00,355030,Isluga,MODIS,0,0.00,1,sin anomalia,2026-10-05T14:24:05,mendoza
2026-02-06T01:20:00,355030,Isluga,MODIS,0,0.00,1,sin anomalia,2026-10-05T14:24:05,mendoza
2026-02-06T05:12:01,355030,Isluga,VIIRS375,0.16,0.75,1,muy baja,2026-10-05T14:24:05,mendoza
2026-02-06T05:12:01,355030,Isluga,VIIRS750,0,0.00,1,sin anomalia,2026-10-05T14:24:05,mendoza
2026-02-06T06:36:00,355030,Isluga,VIIRS375,0.09,0.84,1,muy baja,2026-10-05T14:24:05,mendoza
2026-02-06T06:36:00,355030,Isluga,VIIRS750,0,0.00,1,sin anomalia,2026-10-05T14:24:05,mendoza
2026-02-06T07:05:00,355030,Isluga,MODIS,0,0.00,1,sin anomalia,2026-10-05T14:24:05,mendoza
2026-02-06T13:50:00,355030,Isluga,MODIS,0,0.00,1,sin anomalia,2026-10-05T14:24:05,mendoza
2026-02-06T17:24:00,355030,Isluga,VIIRS375,0,0.00,1,sin anomalia,2026-10-05T14:24:05,mendoza
2026-02-06T17:24:00,355030,Isluga,VIIRS750,0,0.00,1,sin anomalia,2026-10-05T14:24:05,mendoza
2026-02-06T17:42:01,355030,Isluga,VIIRS375,0,0.00,1,sin anomalia,2026-10-05T14:24:05,mendoza
2026-02-06T17:42:01,355030,Isluga,VIIRS750,0,0.00,1,sin anomalia,2026-10-05T14:24:05,mendoza
2026-02-06T19:06:00,355030,Isluga,VIIRS375,0,0.00,1,sin anomalia,2026-10-05T14:24:05,mendoza
2026-02-06T19:06:00,355030,Isluga,VIIRS750,0,0.00,1,sin anomalia,2026-10-05T14:24:05,mendoza
2026-02-06T19:10:00,355030,Isluga,MODIS,0,0.00,1,sin anomalia,2026-10-05T14:24:05,mendoza
2026-02-07T02:00:00,355030,Isluga,MODIS,0,0.00,1,sin anomalia,2026-10-05T14:24:05,mendoza
2026-02-07T04:54:01,355030,Isluga,VIIRS375,0,0.00,1,sin anomalia,2026-10-05T14:24:05,mendoza
2026-02-07T04:54:01,355030,Isluga,VIIRS750,0,0.00,1,sin anomalia,2026-10-05T14:24:05,mendoza
2026-02-07T06:36:01,355030,Isluga,VIIRS375,0.04,0.53,1,muy baja,2026-10-05T14:24:05,mendoza
2026-02-07T06:36:01,355030,Isluga,VIIRS750,0,0.00,1,sin anomalia,2026-10-05T14:24:05,mendoza
2026-02-07T07:40:00,355030,Isluga,MODIS,0,0.00,1,sin anomalia,2026-10-05T14:24:05,mendoza
2026-02-07T12:55:00,355030,Isluga,MODIS,0,0.00,1,sin anomalia,2026-10-05T14:24:05,mendoza
2026-02-07T17:24:01,355030,Isluga,VIIRS375,0,0.00,1,sin anomalia,2026-10-05T14:24:05,mendoza
2026-02-07T17:24:01,355030,Isluga,VIIRS750,0,0.00,1,sin anomalia,2026-10-05T14:24:05,mendoza
2026-02-07T18:42:00,355030,Isluga,VIIRS375,0,0.00,1,sin anomalia,2026-10-05T14:24:05,mendoza
2026-02-07T18:42:00,355030,Isluga,VIIRS750,0,0.00,1,sin anomalia,2026-10-05T14:24:05,mendoza
2026-02-07T19:06:01,355030,Isluga,VIIRS375,0,0.00,1,sin anomalia,2026-10-05T14:24:05,mendoza
2026-02-07T19:06:01,355030,Isluga,VIIRS750,0,0.00,1,sin anomalia,2026-10-05T14:24:05,mendoza
2026-02-07T19:50:00,355030,Isluga,MODIS,0,0.00,1,sin anomalia,2026-10-05T14:24:05,mendoza
2026-02-08T01:05:00,355030,Isluga,MODIS,0,0.00,1,sin anomalia,2026-10-05T14:24:05,mendoza
2026-02-08T06:18:01,355030,Isluga,VIIRS375,0,0.00,1,sin anomalia,2026-10-05T14:24:05,mendoza
2026-02-08T06:18:01,355030,Isluga,VIIRS750,0,0.00,1,sin anomalia,2026-10-05T14:24:05,mendoza
2026-02-08T13:30:00,355030,Isluga,MODIS,0,0.00,1,sin anomalia,2026-10-05T14:24:05,mendoza
2026-02-08T18:24:00,355030,Isluga,VIIRS375,0,0.00,1,sin anomalia,2026-10-05T14:24:05,mendoza
2026-02-08T18:24:00,355030,Isluga,VIIRS750,0,0.00,1,sin anomalia,2026-10-05T14:24:05,mendoza
2026-02-08T18:48:01,355030,Isluga,VIIRS375,0,0.00,1,sin anomalia,2026-10-05T14:24:05,mendoza
2026-02-08T18:48:01,355030,Isluga,VIIRS750,0,0.00,1,sin anomalia,2026-10-05T14:24:05,mendoza
2026-02-08T20:30:00,355030,Isluga,MODIS,0,0.00,1,sin anomalia,2026-10-05T14:24:05,mendoza
2026-02-09T01:40:00,355030,Isluga,MODIS,0,0.00,1,sin anomalia,2026-10-05T14:24:05,mendoza
2026-02-09T06:00:01,355030,Isluga,VIIRS375,0.1,0.53,1,muy baja,2026-10-05T14:24:05,mendoza
2026-02-09T06:00:01,355030,Isluga,VIIRS750,0,0.00,1,sin anomalia,2026-10-05T14:24:05,mendoza
2026-02-09T07:20:00,355030,Isluga,MODIS,0,0.00,1,sin anomalia,2026-10-05T14:24:05,mendoza
2026-02-09T18:06:00,355030,Isluga,VIIRS375,0,0.00,1,sin anomalia,2026-10-05T14:24:05,mendoza
2026-02-09T18:30:01,355030,Isluga,VIIRS375,0,0.00,1,sin anomalia,2026-10-05T14:24:05,mendoza
2026-02-09T18:30:01,355030,Isluga,VIIRS750,0,0.00,1,sin anomalia,2026-10-05T14:24:05,mendoza
2026-02-09T19:30:00,355030,Isluga,MODIS,0,0.00,1,sin anomalia,2026-10-05T14:24:05,mendoza
2026-02-10T02:20:00,355030,Isluga,MODIS,0,0.00,1,sin anomalia,2026-10-05T14:24:05,mendoza
2026-02-10T05:36:01,355030,Isluga,VIIRS375,0.36,0.53,1,muy baja,2026-10-05T14:24:05,mendoza
2026-02-10T05:36:01,355030,Isluga,VIIRS750,0,0.00,1,sin anomalia,2026-10-05T14:24:05,mendoza
2026-02-10T08:00:00,355030,Isluga,MODIS,0,0.00,1,sin anomalia,2026-10-05T14:24:05,mendoza
2026-02-10T13:15:00,355030,Isluga,MODIS,0,0.00,1,sin anomalia,2026-10-05T14:24:05,mendoza
2026-02-10T18:06:01,355030,Isluga,VIIRS375,0,0.00,1,sin anomalia,2026-10-05T14:24:05,mendoza
2026-02-10T18:06:01,355030,Isluga,VIIRS750,0,0.00,1,sin anomalia,2026-10-05T14:24:05,mendoza
2026-02-10T20:05:00,355030,Isluga,MODIS,0,0.00,1,sin anomalia,2026-10-05T14:24:05,mendoza
2026-02-11T01:20:00,355030,Isluga,MODIS,0,0.00,1,sin anomalia,2026-10-05T14:24:05,mendoza
2026-02-11T05:18:01,355030,Isluga,VIIRS375,0,0.00,1,sin anomalia,2026-10-05T14:24:05,mendoza
2026-02-11T05:18:01,355030,Isluga,VIIRS750,0,0.00,1,sin anomalia,2026-10-05T14:24:05,mendoza
2026-02-11T06:42:00,355030,Isluga,VIIRS375,0,0.00,1,sin anomalia,2026-10-05T14:24:05,mendoza
2026-02-11T06:42:00,355030,Isluga,VIIRS750,0,0.00,1,sin anomalia,2026-10-05T14:24:05,mendoza
2026-02-11T07:00:00,355030,Isluga,MODIS,0,0.00,1,sin anomalia,2026-10-05T14:24:05,mendoza
2026-02-11T13:50:00,355030,Isluga,MODIS,0,0.00,1,sin anomalia,2026-10-05T14:24:05,mendoza
2026-02-11T17:30:00,355030,Isluga,VIIRS375,0,0.00,1,sin anomalia,2026-10-05T14:24:05,mendoza
2026-02-11T17:30:00,355030,Isluga,VIIRS750,0,0.00,1,sin anomalia,2026-10-05T14:24:05,mendoza
2026-02-11T17:48:01,355030,Isluga,VIIRS375,0,0.00,1,sin anomalia,2026-10-05T14:24:05,mendoza
2026-02-11T17:48:01,355030,Isluga,VIIRS750,0,0.00,1,sin anomalia,2026-10-05T14:24:05,mendoza
2026-02-11T19:12:00,355030,Isluga,VIIRS375,0,0.00,1,sin anomalia,2026-10-05T14:24:05,mendoza
2026-02-11T19:12:00,355030,Isluga,VIIRS750,0,0.00,1,sin anomalia,2026-10-05T14:24:05,mendoza
2026-02-12T02:00:00,355030,Isluga,MODIS,0,0.00,1,sin anomalia,2026-10-05T14:24:05,mendoza
2026-02-12T05:00:01,355030,Isluga,VIIRS375,0,0.00,1,sin anomalia,2026-10-05T14:24:05,mendoza
2026-02-12T05:00:01,355030,Isluga,VIIRS750,0,0.00,1,sin anomalia,2026-10-05T14:24:05,mendoza
2026-02-12T06:42:01,355030,Isluga,VIIRS375,0,0.00,1,sin anomalia,2026-10-05T14:24:05,mendoza
2026-02-12T06:42:01,355030,Isluga,VIIRS750,0,0.00,1,sin anomalia,2026-10-05T14:24:05,mendoza
2026-02-12T07:35:00,355030,Isluga,MODIS,0,0.00,1,sin anomalia,2026-10-05T14:24:05,mendoza
2026-02-12T12:55:00,355030,Isluga,MODIS,0,0.00,1,sin anomalia,2026-10-05T14:24:05,mendoza
2026-02-12T17:30:01,355030,Isluga,VIIRS375,0,0.00,1,sin anomalia,2026-10-05T14:24:05,mendoza
2026-02-12T17:30:01,355030,Isluga,VIIRS750,0,0.00,1,sin anomalia,2026-10-05T14:24:05,mendoza
2026-02-12T18:48:00,355030,Isluga,VIIRS375,0,0.00,1,sin anomalia,2026-10-05T14:24:05,mendoza
2026-02-12T18:48:00,355030,Isluga,VIIRS750,0,0.00,1,sin anomalia,2026-10-05T14:24:05,mendoza
2026-02-13T01:00:00,355030,Isluga,MODIS,0,0.00,1,sin anomalia,2026-10-05T14:24:05,mendoza
2026-02-13T06:00:00,355030,Isluga,VIIRS375,0,0.00,1,sin anomalia,2026-10-05T14:24:05,mendoza
2026-02-13T06:24:01,355030,Isluga,VIIRS375,0,0.00,1,sin anomalia,2026-10-05T14:24:05,mendoza
2026-02-13T06:24:01,355030,Isluga,VIIRS750,0,0.00,1,sin anomalia,2026-10-05T14:24:05,mendoza
2026-02-13T08:15:00,355030,Isluga,MODIS,0,0.00,1,sin anomalia,2026-10-05T14:24:05,mendoza
2026-02-13T13:30:00,355030,Isluga,MODIS,0,0.00,1,sin anomalia,2026-10-05T14:24:05,mendoza
2026-02-13T17:12:01,355030,Isluga,VIIRS375,0,0.00,1,sin anomalia,2026-10-05T14:24:05,mendoza
2026-02-13T18:30:00,355030,Isluga,VIIRS375,0,0.00,1,sin anomalia,2026-10-05T14:24:05,mendoza
2026-02-13T18:30:00,355030,Isluga,VIIRS750,0,0.00,1,sin anomalia,2026-10-05T14:24:05,mendoza
2026-02-13T18:54:01,355030,Isluga,VIIRS375,0,0.00,1,sin anomalia,2026-10-05T14:24:05,mendoza
2026-02-13T18:54:01,355030,Isluga,VIIRS750,0,0.00,1,sin anomalia,2026-10-05T14:24:05,mendoza
2026-02-13T20:25:00,355030,Isluga,MODIS,0,0.00,1,sin anomalia,2026-10-05T14:24:05,mendoza
2026-02-14T06:06:01,355030,Isluga,VIIRS375,0,0.00,1,sin anomalia,2026-10-05T14:24:05,mendoza
2026-02-14T06:06:01,355030,Isluga,VIIRS750,0,0.00,1,sin anomalia,2026-10-05T14:24:05,mendoza
2026-02-14T07:15:00,355030,Isluga,MODIS,0,0.00,1,sin anomalia,2026-10-05T14:24:05,mendoza
2026-02-14T18:12:00,355030,Isluga,VIIRS375,0,0.00,1,sin anomalia,2026-10-05T14:24:05,mendoza
2026-02-14T18:36:01,355030,Isluga,VIIRS375,0,0.00,1,sin anomalia,2026-10-05T14:24:05,mendoza
2026-02-14T18:36:01,355030,Isluga,VIIRS750,0,0.00,1,sin anomalia,2026-10-05T14:24:05,mendoza
2026-02-14T19:25:00,355030,Isluga,MODIS,0,0.00,1,sin anomalia,2026-10-05T14:24:05,mendoza
2026-02-15T02:20:00,355030,Isluga,MODIS,0,0.00,1,sin anomalia,2026-10-05T14:24:05,mendoza
2026-02-15T05:24:00,355030,Isluga,VIIRS750,0,0.00,1,sin anomalia,2026-10-05T14:24:05,mendoza
2026-02-15T07:55:00,355030,Isluga,MODIS,0,0.00,1,sin anomalia,2026-10-05T14:24:05,mendoza
2026-02-15T13:10:00,355030,Isluga,MODIS,0,0.00,1,sin anomalia,2026-10-05T14:24:05,mendoza
2026-02-15T17:54:00,355030,Isluga,VIIRS375,0,0.00,1,sin anomalia,2026-10-05T14:24:05,mendoza
2026-02-15T17:54:00,355030,Isluga,VIIRS750,0,0.00,1,sin anomalia,2026-10-05T14:24:05,mendoza
2026-02-15T18:18:01,355030,Isluga,VIIRS375,0,0.00,1,sin anomalia,2026-10-05T14:24:05,mendoza
2026-02-15T18:18:01,355030,Isluga,VIIRS750,0,0.00,1,sin anomalia,2026-10-05T14:24:05,mendoza
2026-02-15T20:00:00,355030,Isluga,MODIS,0,0.00,1,sin anomalia,2026-10-05T14:24:05,mendoza
2026-02-16T01:20:00,355030,Isluga,MODIS,0,0.00,1,sin anomalia,2026-10-05T14:24:05,mendoza
2026-02-16T05:24:01,355030,Isluga,VIIRS375,0,0.00,1,sin anomalia,2026-10-05T14:24:05,mendoza
2026-02-16T05:24:01,355030,Isluga,VIIRS750,0,0.00,1,sin anomalia,2026-10-05T14:24:05,mendoza
2026-02-16T06:48:00,355030,Isluga,VIIRS375,0,0.00,1,sin anomalia,2026-10-05T14:24:05,mendoza
2026-02-16T06:48:00,355030,Isluga,VIIRS750,0,0.00,1,sin anomalia,2026-10-05T14:24:05,mendoza
2026-02-16T06:55:00,355030,Isluga,MODIS,0,0.00,1,sin anomalia,2026-10-05T14:24:05,mendoza
2026-02-16T13:50:00,355030,Isluga,MODIS,0,0.00,1,sin anomalia,2026-10-05T14:24:05,mendoza
2026-02-16T17:36:00,355030,Isluga,VIIRS750,0,0.00,1,sin anomalia,2026-10-05T14:24:05,mendoza
2026-02-16T17:54:01,355030,Isluga,VIIRS375,0,0.00,1,sin anomalia,2026-10-05T14:24:05,mendoza
2026-02-16T17:54:01,355030,Isluga,VIIRS750,0,0.00,1,sin anomalia,2026-10-05T14:24:05,mendoza
2026-02-16T19:18:00,355030,Isluga,VIIRS375,0,0.00,1,sin anomalia,2026-10-05T14:24:05,mendoza
2026-02-16T19:18:00,355030,Isluga,VIIRS750,0,0.00,1,sin anomalia,2026-10-05T14:24:05,mendoza
2026-02-16T20:40:00,355030,Isluga,MODIS,0,0.00,1,sin anomalia,2026-10-05T14:24:05,mendoza
2026-02-17T02:00:00,355030,Isluga,MODIS,0,0.00,1,sin anomalia,2026-10-05T14:24:05,mendoza
2026-02-17T05:06:01,355030,Isluga,VIIRS375,0,0.00,1,sin anomalia,2026-10-05T14:24:05,mendoza
2026-02-17T05:06:01,355030,Isluga,VIIRS750,0,0.00,1,sin anomalia,2026-10-05T14:24:05,mendoza
2026-02-17T06:30:00,355030,Isluga,VIIRS375,0,0.00,1,sin anomalia,2026-10-05T14:24:05,mendoza
2026-02-17T06:30:00,355030,Isluga,VIIRS750,0,0.00,1,sin anomalia,2026-10-05T14:24:05,mendoza
2026-02-17T07:30:00,355030,Isluga,MODIS,0,0.00,1,sin anomalia,2026-10-05T14:24:05,mendoza
2026-02-17T12:50:00,355030,Isluga,MODIS,0,0.00,1,sin anomalia,2026-10-05T14:24:05,mendoza
2026-02-17T17:18:00,355030,Isluga,VIIRS375,0,0.00,1,sin anomalia,2026-10-05T14:24:05,mendoza
2026-02-17T17:18:00,355030,Isluga,VIIRS750,0,0.00,1,sin anomalia,2026-10-05T14:24:05,mendoza
2026-02-17T17:36:01,355030,Isluga,VIIRS375,0,0.00,1,sin anomalia,2026-10-05T14:24:05,mendoza
2026-02-17T17:36:01,355030,Isluga,VIIRS750,0,0.00,1,sin anomalia,2026-10-05T14:24:05,mendoza
2026-02-17T19:00:00,355030,Isluga,VIIRS375,0,0.00,1,sin anomalia,2026-10-05T14:24:05,mendoza
2026-02-17T19:40:00,355030,Isluga,MODIS,0,0.00,1,sin anomalia,2026-10-05T14:24:05,mendoza
2026-02-18T01:00:00,355030,Isluga,MODIS,0,0.00,1,sin anomalia,2026-10-05T14:24:05,mendoza
2026-02-18T04:48:01,355030,Isluga,VIIRS375,0,0.00,1,sin anomalia,2026-10-05T14:24:05,mendoza
2026-02-18T04:48:01,355030,Isluga,VIIRS750,0,0.00,1,sin anomalia,2026-10-05T14:24:05,mendoza
2026-02-18T06:30:01,355030,Isluga,VIIRS375,0,0.00,1,sin anomalia,2026-10-05T14:24:05,mendoza
2026-02-18T06:30:01,355030,Isluga,VIIRS750,0,0.00,1,sin anomalia,2026-10-05T14:24:05,mendoza
2026-02-18T08:10:00,355030,Isluga,MODIS,0,0.00,1,sin anomalia,2026-10-05T14:24:05,mendoza
2026-02-18T13:30:00,355030,Isluga,MODIS,0,0.00,1,sin anomalia,2026-10-05T14:24:05,mendoza
2026-02-18T17:18:01,355030,Isluga,VIIRS375,0,0.00,1,sin anomalia,2026-10-05T14:24:05,mendoza
2026-02-18T17:18:01,355030,Isluga,VIIRS750,0,0.00,1,sin anomalia,2026-10-05T14:24:05,mendoza
2026-02-18T19:00:01,355030,Isluga,VIIRS375,0,0.00,1,sin anomalia,2026-10-05T14:24:05,mendoza
2026-02-18T19:00:01,355030,Isluga,VIIRS750,0,0.00,1,sin anomalia,2026-10-05T14:24:05,mendoza
2026-02-18T20:20:00,355030,Isluga,MODIS,0,0.00,1,sin anomalia,2026-10-05T14:24:05,mendoza
2026-02-19T01:40:00,355030,Isluga,MODIS,0,0.00,1,sin anomalia,2026-10-05T14:24:05,mendoza
2026-02-19T06:12:01,355030,Isluga,VIIRS375,0,0.00,1,sin anomalia,2026-10-05T14:24:05,mendoza
2026-02-19T06:12:01,355030,Isluga,VIIRS750,0,0.00,1,sin anomalia,2026-10-05T14:24:05,mendoza
2026-02-19T07:10:00,355030,Isluga,MODIS,0,0.00,1,sin anomalia,2026-10-05T14:24:05,mendoza
2026-02-19T18:18:00,355030,Isluga,VIIRS375,0,0.00,1,sin anomalia,2026-10-05T14:24:05,mendoza
2026-02-19T18:18:00,355030,Isluga,VIIRS750,0,0.00,1,sin anomalia,2026-10-05T14:24:05,mendoza
2026-02-19T18:42:01,355030,Isluga,VIIRS750,0,0.00,1,sin anomalia,2026-10-05T14:24:05,mendoza
2026-02-19T19:20:00,355030,Isluga,MODIS,0,0.00,1,sin anomalia,2026-10-05T14:24:05,mendoza
2026-02-20T02:20:00,355030,Isluga,MODIS,0,0.00,1,sin anomalia,2026-10-05T14:24:05,mendoza
2026-02-20T05:54:01,355030,Isluga,VIIRS375,0,0.00,1,sin anomalia,2026-10-05T14:24:05,mendoza
2026-02-20T05:54:01,355030,Isluga,VIIRS750,0,0.00,1,sin anomalia,2026-10-05T14:24:05,mendoza
2026-02-20T07:50:00,355030,Isluga,MODIS,0,0.00,1,sin anomalia,2026-10-05T14:24:05,mendoza
2026-02-20T13:10:00,355030,Isluga,MODIS,0,0.00,1,sin anomalia,2026-10-05T14:24:05,mendoza
2026-02-20T18:24:01,355030,Isluga,VIIRS375,0,0.00,1,sin anomalia,2026-10-05T14:24:05,mendoza
2026-02-20T18:24:01,355030,Isluga,VIIRS750,0,0.00,1,sin anomalia,2026-10-05T14:24:05,mendoza
2026-02-20T19:55:00,355030,Isluga,MODIS,0,0.00,1,sin anomalia,2026-10-05T14:24:05,mendoza
2026-02-21T05:30:01,355030,Isluga,VIIRS375,0.18,0.84,1,muy baja,2026-10-05T14:24:05,mendoza
2026-02-21T05:30:01,355030,Isluga,VIIRS750,0,0.00,1,sin anomalia,2026-10-05T14:24:05,mendoza
2026-02-21T13:50:00,355030,Isluga,MODIS,0,0.00,1,sin anomalia,2026-10-05T14:24:05,mendoza
2026-02-21T17:42:00,355030,Isluga,VIIRS750,0,0.00,1,sin anomalia,2026-10-05T14:24:05,mendoza
2026-02-21T18:00:01,355030,Isluga,VIIRS375,0,0.00,1,sin anomalia,2026-10-05T14:24:05,mendoza
2026-02-21T18:00:01,355030,Isluga,VIIRS750,0,0.00,1,sin anomalia,2026-10-05T14:24:05,mendoza
2026-02-21T20:35:00,355030,Isluga,MODIS,0,0.00,1,sin anomalia,2026-10-05T14:24:05,mendoza
2026-02-22T05:12:01,355030,Isluga,VIIRS375,0.12,0.75,1,muy baja,2026-10-05T14:24:05,mendoza
2026-02-22T05:12:01,355030,Isluga,VIIRS750,0,0.00,1,sin anomalia,2026-10-05T14:24:05,mendoza
2026-02-22T06:36:00,355030,Isluga,VIIRS375,3.04,21.85,0,fuera de radio,2026-10-05T14:24:05,mendoza
2026-02-22T06:36:00,355030,Isluga,VIIRS750,0,0.00,1,sin anomalia,2026-10-05T14:24:05,mendoza
2026-02-22T07:25:00,355030,Isluga,MODIS,0,0.00,1,sin anomalia,2026-10-05T14:24:05,mendoza
2026-02-22T12:50:00,355030,Isluga,MODIS,0,0.00,1,sin anomalia,2026-10-05T14:24:05,mendoza
2026-02-22T17:24:00,355030,Isluga,VIIRS375,0,0.00,1,sin anomalia,2026-10-05T14:24:05,mendoza
2026-02-22T17:24:00,355030,Isluga,VIIRS750,0,0.00,1,sin anomalia,2026-10-05T14:24:05,mendoza
2026-02-22T17:42:01,355030,Isluga,VIIRS375,0,0.00,1,sin anomalia,2026-10-05T14:24:05,mendoza
2026-02-22T17:42:01,355030,Isluga,VIIRS750,0,0.00,1,sin anomalia,2026-10-05T14:24:05,mendoza
2026-02-22T19:06:00,355030,Isluga,VIIRS375,0,0.00,1,sin anomalia,2026-10-05T14:24:05,mendoza
2026-02-22T19:06:00,355030,Isluga,VIIRS750,0,0.00,1,sin anomalia,2026-10-05T14:24:05,mendoza
2026-02-23T01:00:00,355030,Isluga,MODIS,0,0.00,1,sin anomalia,2026-10-05T14:24:05,mendoza
2026-02-23T04:54:01,355030,Isluga,VIIRS375,0.25,1.91,1,muy baja,2026-10-05T14:24:05,mendoza
2026-02-23T04:54:01,355030,Isluga,VIIRS750,0,0.00,1,sin anomalia,2026-10-05T14:24:05,mendoza
2026-02-23T06:36:01,355030,Isluga,VIIRS375,0,0.00,1,sin anomalia,2026-10-05T14:24:05,mendoza
2026-02-23T06:36:01,355030,Isluga,VIIRS750,0,0.00,1,sin anomalia,2026-10-05T14:24:05,mendoza
2026-02-23T08:05:00,355030,Isluga,MODIS,0,0.00,1,sin anomalia,2026-10-05T14:24:05,mendoza
2026-02-23T13:30:00,355030,Isluga,MODIS,0,0.00,1,sin anomalia,2026-10-05T14:24:05,mendoza
2026-02-23T19:06:01,355030,Isluga,VIIRS375,0,0.00,1,sin anomalia,2026-10-05T14:24:05,mendoza
2026-02-23T19:06:01,355030,Isluga,VIIRS750,0,0.00,1,sin anomalia,2026-10-05T14:24:05,mendoza
2026-02-23T20:15:00,355030,Isluga,MODIS,0,0.00,1,sin anomalia,2026-10-05T14:24:05,mendoza
2026-02-24T01:40:00,355030,Isluga,MODIS,0,0.00,1,sin anomalia,2026-10-05T14:24:05,mendoza
2026-02-24T06:18:01,355030,Isluga,VIIRS375,0,0.00,1,sin anomalia,2026-10-05T14:24:05,mendoza
2026-02-24T06:18:01,355030,Isluga,VIIRS750,0,0.00,1,sin anomalia,2026-10-05T14:24:05,mendoza
2026-02-24T07:05:00,355030,Isluga,MODIS,0,0.00,1,sin anomalia,2026-10-05T14:24:05,mendoza
2026-02-24T18:24:00,355030,Isluga,VIIRS750,0,0.00,1,sin anomalia,2026-10-05T14:24:05,mendoza
2026-02-24T18:48:01,355030,Isluga,VIIRS375,0,0.00,1,sin anomalia,2026-10-05T14:24:05,mendoza
2026-02-24T18:48:01,355030,Isluga,VIIRS750,0,0.00,1,sin anomalia,2026-10-05T14:24:05,mendoza
2026-02-25T02:20:00,355030,Isluga,MODIS,0,0.00,1,sin anomalia,2026-10-05T14:24:05,mendoza
2026-02-25T06:00:01,355030,Isluga,VIIRS375,0.24,0.53,1,muy baja,2026-10-05T14:24:05,mendoza
2026-02-25T06:00:01,355030,Isluga,VIIRS750,0,0.00,1,sin anomalia,2026-10-05T14:24:05,mendoza
2026-02-25T07:40:00,355030,Isluga,MODIS,0,0.00,1,sin anomalia,2026-10-05T14:24:05,mendoza
2026-02-25T13:10:00,355030,Isluga,MODIS,0,0.00,1,sin anomalia,2026-10-05T14:24:05,mendoza
2026-02-25T18:06:00,355030,Isluga,VIIRS375,0,0.00,1,sin anomalia,2026-10-05T14:24:05,mendoza
2026-02-25T18:06:00,355030,Isluga,VIIRS750,0,0.00,1,sin anomalia,2026-10-05T14:24:05,mendoza
2026-02-25T18:30:01,355030,Isluga,VIIRS375,0,0.00,1,sin anomalia,2026-10-05T14:24:05,mendoza
2026-02-25T18:30:01,355030,Isluga,VIIRS750,0,0.00,1,sin anomalia,2026-10-05T14:24:05,mendoza
2026-02-25T19:50:00,355030,Isluga,MODIS,0,0.00,1,sin anomalia,2026-10-05T14:24:05,mendoza
2026-02-26T05:36:01,355030,Isluga,VIIRS375,0.35,0.84,1,muy baja,2026-10-05T14:24:05,mendoza
2026-02-26T05:36:01,355030,Isluga,VIIRS750,0.17,0.75,1,muy baja,2026-10-05T14:24:05,mendoza
2026-02-26T13:50:00,355030,Isluga,MODIS,0,0.00,1,sin anomalia,2026-10-05T14:24:05,mendoza
2026-02-26T17:48:00,355030,Isluga,VIIRS375,0,0.00,1,sin anomalia,2026-10-05T14:24:05,mendoza
2026-02-26T17:48:00,355030,Isluga,VIIRS750,0,0.00,1,sin anomalia,2026-10-05T14:24:05,mendoza
2026-02-26T18:12:01,355030,Isluga,VIIRS375,0,0.00,1,sin anomalia,2026-10-05T14:24:05,mendoza
2026-02-26T18:12:01,355030,Isluga,VIIRS750,0,0.00,1,sin anomalia,2026-10-05T14:24:05,mendoza
2026-02-26T20:30:00,355030,Isluga,MODIS,0,0.00,1,sin anomalia,2026-10-05T14:24:05,mendoza
2026-02-27T02:00:00,355030,Isluga,MODIS,0,0.00,1,sin anomalia,2026-10-05T14:24:05,mendoza
2026-02-27T05:18:01,355030,Isluga,VIIRS375,0.38,0.84,1,muy baja,2026-10-05T14:24:05,mendoza
2026-02-27T05:18:01,355030,Isluga,VIIRS750,1.05,3.18,1,baja,2026-10-05T14:24:05,mendoza
2026-02-27T06:42:00,355030,Isluga,VIIRS375,0,0.00,1,sin anomalia,2026-10-05T14:24:05,mendoza
2026-02-27T06:42:00,355030,Isluga,VIIRS750,0,0.00,1,sin anomalia,2026-10-05T14:24:05,mendoza
2026-02-27T07:20:00,355030,Isluga,MODIS,0,0.00,1,sin anomalia,2026-10-05T14:24:05,mendoza
2026-02-27T12:50:00,355030,Isluga,MODIS,0,0.00,1,sin anomalia,2026-10-05T14:24:05,mendoza
2026-02-27T17:30:00,355030,Isluga,VIIRS375,0,0.00,1,sin anomalia,2026-10-05T14:24:05,mendoza
2026-02-27T17:30:00,355030,Isluga,VIIRS750,0,0.00,1,sin anomalia,2026-10-05T14:24:05,mendoza
2026-02-27T17:48:01,355030,Isluga,VIIRS375,0,0.00,1,sin anomalia,2026-10-05T14:24:05,mendoza
2026-02-27T17:48:01,355030,Isluga,VIIRS750,0,0.00,1,sin anomalia,2026-10-05T14:24:05,mendoza
2026-02-27T19:12:00,355030,Isluga,VIIRS375,0,0.00,1,sin anomalia,2026-10-05T14:24:05,mendoza
2026-02-27T19:12:00,355030,Isluga,VIIRS750,0,0.00,1,sin anomalia,2026-10-05T14:24:05,mendoza
2026-02-27T19:30:00,355030,Isluga,MODIS,0,0.00,1,sin anomalia,2026-10-05T14:24:05,mendoza
2026-02-28T01:00:00,355030,Isluga,MODIS,0,0.00,1,sin anomalia,2026-10-05T14:24:05,mendoza
2026-02-28T05:00:01,355030,Isluga,VIIRS375,0.53,1.55,1,muy baja,2026-10-05T14:24:05,mendoza
2026-02-28T05:00:01,355030,Isluga,VIIRS750,0,0.00,1,sin anomalia,2026-10-05T14:24:05,mendoza
2026-02-28T06:42:01,355030,Isluga,VIIRS375,0,0.00,1,sin anomalia,2026-10-05T14:24:05,mendoza
2026-02-28T06:42:01,355030,Isluga,VIIRS750,0,0.00,1,sin anomalia,2026-10-05T14:24:05,mendoza
2026-02-28T08:00:00,355030,Isluga,MODIS,0,0.00,1,sin anomalia,2026-10-05T14:24:05,mendoza
2026-02-28T13:30:00,355030,Isluga,MODIS,0,0.00,1,sin anomalia,2026-10-05T14:24:05,mendoza
2026-02-28T17:30:01,355030,Isluga,VIIRS375,0,0.00,1,sin anomalia,2026-10-05T14:24:05,mendoza
2026-02-28T17:30:01,355030,Isluga,VIIRS750,0,0.00,1,sin anomalia,2026-10-05T14:24:05,mendoza
2026-02-28T20:05:00,355030,Isluga,MODIS,0,0.00,1,sin anomalia,2026-10-05T14:24:05,mendoza
2026-03-01T01:40:00,355030,Isluga,MODIS,0,0.00,1,sin anomalia,2026-10-05T14:24:05,mendoza
2026-03-01T06:24:01,355030,Isluga,VIIRS375,0.06,0.53,1,muy baja,2026-10-05T14:24:05,mendoza
2026-03-01T06:24:01,355030,Isluga,VIIRS750,0,0.00,1,sin anomalia,2026-10-05T14:24:05,mendoza
2026-03-01T07:00:00,355030,Isluga,MODIS,0,0.00,1,sin anomalia,2026-10-05T14:24:05,mendoza
2026-03-01T17:12:01,355030,Isluga,VIIRS375,0,0.00,1,sin anomalia,2026-10-05T14:24:05,mendoza
2026-03-01T18:54:01,355030,Isluga,VIIRS375,0,0.00,1,sin anomalia,2026-10-05T14:24:05,mendoza
2026-03-01T18:54:01,355030,Isluga,VIIRS750,0,0.00,1,sin anomalia,2026-10-05T14:24:05,mendoza
2026-03-02T02:20:00,355030,Isluga,MODIS,0,0.00,1,sin anomalia,2026-10-05T14:24:05,mendoza
2026-03-02T06:06:01,355030,Isluga,VIIRS375,0.25,0.53,1,muy baja,2026-10-05T14:24:05,mendoza
2026-03-02T06:06:01,355030,Isluga,VIIRS750,0,0.00,1,sin anomalia,2026-10-05T14:24:05,mendoza
2026-03-02T07:35:00,355030,Isluga,MODIS,0,0.00,1,sin anomalia,2026-10-05T14:24:05,mendoza
2026-03-02T13:10:00,355030,Isluga,MODIS,0,0.00,1,sin anomalia,2026-10-05T14:24:05,mendoza
2026-03-02T18:36:01,355030,Isluga,VIIRS375,0,0.00,1,sin anomalia,2026-10-05T14:24:05,mendoza
2026-03-02T19:45:00,355030,Isluga,MODIS,0,0.00,1,sin anomalia,2026-10-05T14:24:05,mendoza
2026-03-03T01:20:00,355030,Isluga,MODIS,0,0.00,1,sin anomalia,2026-10-05T14:24:05,mendoza
2026-03-03T05:48:01,355030,Isluga,VIIRS375,0.3,0.53,1,muy baja,2026-10-05T14:24:05,mendoza
2026-03-03T05:48:01,355030,Isluga,VIIRS750,0.35,0.75,1,muy baja,2026-10-05T14:24:05,mendoza
2026-03-03T08:15:00,355030,Isluga,MODIS,0,0.00,1,sin anomalia,2026-10-05T14:24:05,mendoza
2026-03-03T13:50:00,355030,Isluga,MODIS,0,0.00,1,sin anomalia,2026-10-05T14:24:05,mendoza
2026-03-03T18:18:01,355030,Isluga,VIIRS375,0,0.00,1,sin anomalia,2026-10-05T14:24:05,mendoza
2026-03-03T18:18:01,355030,Isluga,VIIRS750,0,0.00,1,sin anomalia,2026-10-05T14:24:05,mendoza
2026-03-04T02:00:00,355030,Isluga,MODIS,0,0.00,1,sin anomalia,2026-10-05T14:24:05,mendoza
2026-03-04T05:24:01,355030,Isluga,VIIRS375,0,0.00,1,sin anomalia,2026-10-05T14:24:05,mendoza
2026-03-04T05:24:01,355030,Isluga,VIIRS750,0,0.00,1,sin anomalia,2026-10-05T14:24:05,mendoza
2026-03-04T06:48:00,355030,Isluga,VIIRS375,0,0.00,1,sin anomalia,2026-10-05T14:24:05,mendoza
2026-03-04T06:48:00,355030,Isluga,VIIRS750,0,0.00,1,sin anomalia,2026-10-05T14:24:05,mendoza
2026-03-04T07:15:00,355030,Isluga,MODIS,0,0.00,1,sin anomalia,2026-10-05T14:24:05,mendoza
2026-03-04T12:50:00,355030,Isluga,MODIS,0,0.00,1,sin anomalia,2026-10-05T14:24:05,mendoza
2026-03-04T17:36:00,355030,Isluga,VIIRS375,0,0.00,1,sin anomalia,2026-10-05T14:24:05,mendoza
2026-03-04T17:36:00,355030,Isluga,VIIRS750,0,0.00,1,sin anomalia,2026-10-05T14:24:05,mendoza
2026-03-04T17:54:01,355030,Isluga,VIIRS375,0,0.00,1,sin anomalia,2026-10-05T14:24:05,mendoza
2026-03-04T17:54:01,355030,Isluga,VIIRS750,0,0.00,1,sin anomalia,2026-10-05T14:24:05,mendoza
2026-03-04T19:18:00,355030,Isluga,VIIRS375,0,0.00,1,sin anomalia,2026-10-05T14:24:05,mendoza
2026-03-04T19:18:00,355030,Isluga,VIIRS750,0,0.00,1,sin anomalia,2026-10-05T14:24:05,mendoza
2026-03-04T19:25:00,355030,Isluga,MODIS,0,0.00,1,sin anomalia,2026-10-05T14:24:05,mendoza
2026-03-05T01:00:00,355030,Isluga,MODIS,0,0.00,1,sin anomalia,2026-10-05T14:24:05,mendoza
2026-03-05T05:06:01,355030,Isluga,VIIRS375,0.48,1.06,1,muy baja,2026-10-05T14:24:05,mendoza
2026-03-05T05:06:01,355030,Isluga,VIIRS750,0,0.00,1,sin anomalia,2026-10-05T14:24:05,mendoza
2026-03-05T06:30:00,355030,Isluga,VIIRS375,0.6,14.08,0,fuera de radio,2026-10-05T14:24:05,mendoza
2026-03-05T06:30:00,355030,Isluga,VIIRS750,0,0.00,1,sin anomalia,2026-10-05T14:24:05,mendoza
2026-03-05T07:55:00,355030,Isluga,MODIS,0,0.00,1,sin anomalia,2026-10-05T14:24:05,mendoza
2026-03-05T13:30:00,355030,Isluga,MODIS,0,0.00,1,sin anomalia,2026-10-05T14:24:05,mendoza
2026-03-05T17:18:00,355030,Isluga,VIIRS750,0,0.00,1,sin anomalia,2026-10-05T14:24:05,mendoza
2026-03-05T17:36:01,355030,Isluga,VIIRS375,0,0.00,1,sin anomalia,2026-10-05T14:24:05,mendoza
2026-03-05T17:36:01,355030,Isluga,VIIRS750,0,0.00,1,sin anomalia,2026-10-05T14:24:05,mendoza
2026-03-05T19:00:00,355030,Isluga,VIIRS375,0,0.00,1,sin anomalia,2026-10-05T14:24:05,mendoza
2026-03-05T19:00:00,355030,Isluga,VIIRS750,0,0.00,1,sin anomalia,2026-10-05T14:24:05,mendoza
2026-03-05T20:00:00,355030,Isluga,MODIS,0,0.00,1,sin anomalia,2026-10-05T14:24:05,mendoza
2026-03-06T01:40:00,355030,Isluga,MODIS,0,0.00,1,sin anomalia,2026-10-05T14:24:05,mendoza
2026-03-06T04:48:01,355030,Isluga,VIIRS375,0,0.00,1,sin anomalia,2026-10-05T14:24:05,mendoza
2026-03-06T04:48:01,355030,Isluga,VIIRS750,0,0.00,1,sin anomalia,2026-10-05T14:24:05,mendoza
2026-03-06T06:30:01,355030,Isluga,VIIRS375,0,0.00,1,sin anomalia,2026-10-05T14:24:05,mendoza
2026-03-06T06:30:01,355030,Isluga,VIIRS750,0,0.00,1,sin anomalia,2026-10-05T14:24:05,mendoza
2026-03-06T06:55:00,355030,Isluga,MODIS,0,0.00,1,sin anomalia,2026-10-05T14:24:05,mendoza
2026-03-06T17:18:01,355030,Isluga,VIIRS375,0,0.00,1,sin anomalia,2026-10-05T14:24:05,mendoza
2026-03-06T17:18:01,355030,Isluga,VIIRS750,0,0.00,1,sin anomalia,2026-10-05T14:24:05,mendoza
2026-03-06T19:00:01,355030,Isluga,VIIRS375,0,0.00,1,sin anomalia,2026-10-05T14:24:05,mendoza
2026-03-06T19:00:01,355030,Isluga,VIIRS750,0,0.00,1,sin anomalia,2026-10-05T14:24:05,mendoza
2026-03-06T20:40:00,355030,Isluga,MODIS,0,0.00,1,sin anomalia,2026-10-05T14:24:05,mendoza
2026-03-07T02:15:00,355030,Isluga,MODIS,0,0.00,1,sin anomalia,2026-10-05T14:24:05,mendoza
2026-03-07T06:12:01,355030,Isluga,VIIRS375,0.14,0.84,1,muy baja,2026-10-05T14:24:05,mendoza
2026-03-07T06:12:01,355030,Isluga,VIIRS750,0,0.00,1,sin anomalia,2026-10-05T14:24:05,mendoza
2026-03-07T07:30:00,355030,Isluga,MODIS,0,0.00,1,sin anomalia,2026-10-05T14:24:05,mendoza
2026-03-07T13:10:00,355030,Isluga,MODIS,0,0.00,1,sin anomalia,2026-10-05T14:24:05,mendoza
2026-03-07T18:18:00,355030,Isluga,VIIRS375,0,0.00,1,sin anomalia,2026-10-05T14:24:05,mendoza
2026-03-07T18:18:00,355030,Isluga,VIIRS750,0,0.00,1,sin anomalia,2026-10-05T14:24:05,mendoza
2026-03-07T18:42:01,355030,Isluga,VIIRS375,0,0.00,1,sin anomalia,2026-10-05T14:24:05,mendoza
2026-03-07T18:42:01,355030,Isluga,VIIRS750,0,0.00,1,sin anomalia,2026-10-05T14:24:05,mendoza
2026-03-07T19:40:00,355030,Isluga,MODIS,0,0.00,1,sin anomalia,2026-10-05T14:24:05,mendoza
2026-03-08T01:20:00,355030,Isluga,MODIS,0,0.00,1,sin anomalia,2026-10-05T14:24:05,mendoza
2026-03-08T05:54:01,355030,Isluga,VIIRS375,0.22,0.53,1,muy baja,2026-10-05T14:24:05,mendoza
2026-03-08T05:54:01,355030,Isluga,VIIRS750,0,0.00,1,sin anomalia,2026-10-05T14:24:05,mendoza
2026-03-08T08:10:00,355030,Isluga,MODIS,0,0.00,1,sin anomalia,2026-10-05T14:24:05,mendoza
2026-03-08T13:50:00,355030,Isluga,MODIS,0,0.00,1,sin anomalia,2026-10-05T14:24:05,mendoza
2026-03-08T18:24:01,355030,Isluga,VIIRS375,0,0.00,1,sin anomalia,2026-10-05T14:24:05,mendoza
2026-03-08T18:24:01,355030,Isluga,VIIRS750,0,0.00,1,sin anomalia,2026-10-05T14:24:05,mendoza
2026-03-09T02:00:00,355030,Isluga,MODIS,0,0.00,1,sin anomalia,2026-10-05T14:24:05,mendoza
2026-03-09T05:30:01,355030,Isluga,VIIRS375,0.31,0.84,1,muy baja,2026-10-05T14:24:05,mendoza
2026-03-09T05:30:01,355030,Isluga,VIIRS750,0.25,0.75,1,muy baja,2026-10-05T14:24:05,mendoza
2026-03-09T07:10:00,355030,Isluga,MODIS,0,0.00,1,sin anomalia,2026-10-05T14:24:05,mendoza
2026-03-09T12:50:00,355030,Isluga,MODIS,0,0.00,1,sin anomalia,2026-10-05T14:24:05,mendoza
2026-03-09T17:42:00,355030,Isluga,VIIRS375,0,0.00,1,sin anomalia,2026-10-05T14:24:05,mendoza
2026-03-09T17:42:00,355030,Isluga,VIIRS750,0,0.00,1,sin anomalia,2026-10-05T14:24:05,mendoza
2026-03-09T18:00:01,355030,Isluga,VIIRS375,0,0.00,1,sin anomalia,2026-10-05T14:24:05,mendoza
2026-03-09T18:00:01,355030,Isluga,VIIRS750,0,0.00,1,sin anomalia,2026-10-05T14:24:05,mendoza
2026-03-09T19:20:00,355030,Isluga,MODIS,0,0.00,1,sin anomalia,2026-10-05T14:24:05,mendoza
2026-03-10T01:00:00,355030,Isluga,MODIS,0,0.00,1,sin anomalia,2026-10-05T14:24:05,mendoza
2026-03-10T05:12:01,355030,Isluga,VIIRS375,0.35,0.84,1,muy baja,2026-10-05T14:24:05,mendoza
2026-03-10T05:12:01,355030,Isluga,VIIRS750,0,0.00,1,sin anomalia,2026-10-05T14:24:05,mendoza
2026-03-10T06:36:00,355030,Isluga,VIIRS375,0,0.00,1,sin anomalia,2026-10-05T14:24:05,mendoza
2026-03-10T06:36:00,355030,Isluga,VIIRS750,0,0.00,1,sin anomalia,2026-10-05T14:24:05,mendoza
2026-03-10T07:50:00,355030,Isluga,MODIS,0,0.00,1,sin anomalia,2026-10-05T14:24:05,mendoza
2026-03-10T13:30:00,355030,Isluga,MODIS,0,0.00,1,sin anomalia,2026-10-05T14:24:05,mendoza
2026-03-10T17:24:00,355030,Isluga,VIIRS375,0,0.00,1,sin anomalia,2026-10-05T14:24:05,mendoza
2026-03-10T17:24:00,355030,Isluga,VIIRS750,0,0.00,1,sin anomalia,2026-10-05T14:24:05,mendoza
2026-03-10T17:42:01,355030,Isluga,VIIRS375,0,0.00,1,sin anomalia,2026-10-05T14:24:05,mendoza
2026-03-10T17:42:01,355030,Isluga,VIIRS750,0,0.00,1,sin anomalia,2026-10-05T14:24:05,mendoza
2026-03-10T19:06:00,355030,Isluga,VIIRS375,0,0.00,1,sin anomalia,2026-10-05T14:24:05,mendoza
2026-03-10T19:06:00,355030,Isluga,VIIRS750,0,0.00,1,sin anomalia,2026-10-05T14:24:05,mendoza
2026-03-11T01:40:00,355030,Isluga,MODIS,0,0.00,1,sin anomalia,2026-10-05T14:24:05,mendoza
2026-03-11T04:54:01,355030,Isluga,VIIRS375,0.13,1.91,1,muy baja,2026-10-05T14:24:05,mendoza
2026-03-11T04:54:01,355030,Isluga,VIIRS750,0,0.00,1,sin anomalia,2026-10-05T14:24:05,mendoza
2026-03-11T06:36:01,355030,Isluga,VIIRS375,0.05,0.53,1,muy baja,2026-10-05T14:24:05,mendoza
2026-03-11T18:42:00,355030,Isluga,VIIRS375,0,0.00,1,sin anomalia,2026-10-05T14:24:05,mendoza
2026-03-11T18:42:00,355030,Isluga,VIIRS750,0,0.00,1,sin anomalia,2026-10-05T14:24:05,mendoza
2026-03-11T19:06:01,355030,Isluga,VIIRS375,0,0.00,1,sin anomalia,2026-10-05T14:24:05,mendoza
2026-03-11T19:06:01,355030,Isluga,VIIRS750,0,0.00,1,sin anomalia,2026-10-05T14:24:05,mendoza
2026-03-11T20:35:00,355030,Isluga,MODIS,0,0.00,1,sin anomalia,2026-10-05T14:24:05,mendoza
2026-03-12T02:15:00,355030,Isluga,MODIS,0,0.00,1,sin anomalia,2026-10-05T14:24:05,mendoza
2026-03-12T06:18:01,355030,Isluga,VIIRS375,0,0.00,1,sin anomalia,2026-10-05T14:24:05,mendoza
2026-03-12T06:18:01,355030,Isluga,VIIRS750,0,0.00,1,sin anomalia,2026-10-05T14:24:05,mendoza
2026-03-12T07:25:00,355030,Isluga,MODIS,0,0.00,1,sin anomalia,2026-10-05T14:24:05,mendoza
2026-03-12T13:10:00,355030,Isluga,MODIS,0,0.00,1,sin anomalia,2026-10-05T14:24:05,mendoza
2026-03-12T18:24:00,355030,Isluga,VIIRS750,0,0.00,1,sin anomalia,2026-10-05T14:24:05,mendoza
2026-03-12T18:48:01,355030,Isluga,VIIRS375,0,0.00,1,sin anomalia,2026-10-05T14:24:05,mendoza
2026-03-12T18:48:01,355030,Isluga,VIIRS750,0,0.00,1,sin anomalia,2026-10-05T14:24:05,mendoza
2026-03-13T01:20:00,355030,Isluga,MODIS,0,0.00,1,sin anomalia,2026-10-05T14:24:05,mendoza
2026-03-13T06:00:01,355030,Isluga,VIIRS375,0.28,0.53,1,muy baja,2026-10-05T14:24:05,mendoza
2026-03-13T06:00:01,355030,Isluga,VIIRS750,0.22,0.75,1,muy baja,2026-10-05T14:24:05,mendoza
2026-03-13T08:05:00,355030,Isluga,MODIS,0,0.00,1,sin anomalia,2026-10-05T14:24:05,mendoza
2026-03-13T13:50:00,355030,Isluga,MODIS,0,0.00,1,sin anomalia,2026-10-05T14:24:05,mendoza
2026-03-13T18:06:00,355030,Isluga,VIIRS375,0,0.00,1,sin anomalia,2026-10-05T14:24:05,mendoza
2026-03-13T18:06:00,355030,Isluga,VIIRS750,0,0.00,1,sin anomalia,2026-10-05T14:24:05,mendoza
2026-03-13T18:30:01,355030,Isluga,VIIRS375,0,0.00,1,sin anomalia,2026-10-05T14:24:05,mendoza
2026-03-13T18:30:01,355030,Isluga,VIIRS750,0,0.00,1,sin anomalia,2026-10-05T14:24:05,mendoza
2026-03-13T20:15:00,355030,Isluga,MODIS,0,0.00,1,sin anomalia,2026-10-05T14:24:05,mendoza
2026-03-14T01:55:00,355030,Isluga,MODIS,0,0.00,1,sin anomalia,2026-10-05T14:24:05,mendoza
2026-03-14T05:42:01,355030,Isluga,VIIRS375,0.24,0.53,1,muy baja,2026-10-05T14:24:05,mendoza
2026-03-14T05:42:01,355030,Isluga,VIIRS750,0,0.00,1,sin anomalia,2026-10-05T14:24:05,mendoza
2026-03-14T12:50:00,355030,Isluga,MODIS,0,0.00,1,sin anomalia,2026-10-05T14:24:05,mendoza
2026-03-14T18:12:01,355030,Isluga,VIIRS375,0,0.00,1,sin anomalia,2026-10-05T14:24:05,mendoza
2026-03-14T18:12:01,355030,Isluga,VIIRS750,0,0.00,1,sin anomalia,2026-10-05T14:24:05,mendoza
2026-03-15T01:00:00,355030,Isluga,MODIS,0,0.00,1,sin anomalia,2026-10-05T14:24:05,mendoza
2026-03-15T05:18:01,355030,Isluga,VIIRS375,0.2,0.84,1,muy baja,2026-10-05T14:24:05,mendoza
2026-03-15T05:18:01,355030,Isluga,VIIRS750,0,0.00,1,sin anomalia,2026-10-05T14:24:05,mendoza
2026-03-15T06:42:00,355030,Isluga,VIIRS375,0,0.00,1,sin anomalia,2026-10-05T14:24:05,mendoza
2026-03-15T06:42:00,355030,Isluga,VIIRS750,0,0.00,1,sin anomalia,2026-10-05T14:24:05,mendoza
2026-03-15T07:40:00,355030,Isluga,MODIS,0,0.00,1,sin anomalia,2026-10-05T14:24:05,mendoza
2026-03-15T13:30:00,355030,Isluga,MODIS,0,0.00,1,sin anomalia,2026-10-05T14:24:05,mendoza
2026-03-15T17:30:00,355030,Isluga,VIIRS375,7.49,25.73,0,fuera de radio,2026-10-05T14:24:05,mendoza
2026-03-15T17:30:00,355030,Isluga,VIIRS750,0,0.00,1,sin anomalia,2026-10-05T14:24:05,mendoza
2026-03-15T17:48:01,355030,Isluga,VIIRS375,0,0.00,1,sin anomalia,2026-10-05T14:24:05,mendoza
2026-03-15T17:48:01,355030,Isluga,VIIRS750,0,0.00,1,sin anomalia,2026-10-05T14:24:05,mendoza
2026-03-15T19:12:00,355030,Isluga,VIIRS375,0,0.00,1,sin anomalia,2026-10-05T14:24:05,mendoza
2026-03-15T19:12:00,355030,Isluga,VIIRS750,0,0.00,1,sin anomalia,2026-10-05T14:24:05,mendoza
2026-03-15T19:50:00,355030,Isluga,MODIS,0,0.00,1,sin anomalia,2026-10-05T14:24:05,mendoza
2026-03-16T05:00:01,355030,Isluga,VIIRS375,0.57,1.13,1,muy baja,2026-10-05T14:24:05,mendoza
2026-03-16T05:00:01,355030,Isluga,VIIRS750,0,0.00,1,sin anomalia,2026-10-05T14:24:05,mendoza
2026-03-16T06:42:01,355030,Isluga,VIIRS375,0,0.00,1,sin anomalia,2026-10-05T14:24:05,mendoza
2026-03-16T06:42:01,355030,Isluga,VIIRS750,0,0.00,1,sin anomalia,2026-10-05T14:24:05,mendoza
2026-03-16T08:20:00,355030,Isluga,MODIS,0,0.00,1,sin anomalia,2026-10-05T14:24:05,mendoza
2026-03-16T17:30:01,355030,Isluga,VIIRS375,0,0.00,1,sin anomalia,2026-10-05T14:24:05,mendoza
2026-03-16T17:30:01,355030,Isluga,VIIRS750,0,0.00,1,sin anomalia,2026-10-05T14:24:05,mendoza
2026-03-16T18:54:00,355030,Isluga,VIIRS375,0,0.00,1,sin anomalia,2026-10-05T14:24:05,mendoza
2026-03-16T18:54:00,355030,Isluga,VIIRS750,0,0.00,1,sin anomalia,2026-10-05T14:24:05,mendoza
2026-03-16T20:30:00,355030,Isluga,MODIS,0,0.00,1,sin anomalia,2026-10-05T14:24:05,mendoza
2026-03-17T02:15:00,355030,Isluga,MODIS,0,0.00,1,sin anomalia,2026-10-05T14:24:05,mendoza
2026-03-17T06:24:01,355030,Isluga,VIIRS375,0.05,0.53,1,muy baja,2026-10-05T14:24:05,mendoza
2026-03-17T06:24:01,355030,Isluga,VIIRS750,0,0.00,1,sin anomalia,2026-10-05T14:24:05,mendoza
2026-03-17T07:20:00,355030,Isluga,MODIS,0,0.00,1,sin anomalia,2026-10-05T14:24:05,mendoza
2026-03-17T13:10:00,355030,Isluga,MODIS,0,0.00,1,sin anomalia,2026-10-05T14:24:05,mendoza
2026-03-17T18:30:00,355030,Isluga,VIIRS750,0,0.00,1,sin anomalia,2026-10-05T14:24:05,mendoza
2026-03-17T18:54:01,355030,Isluga,VIIRS375,0,0.00,1,sin anomalia,2026-10-05T14:24:05,mendoza
2026-03-17T18:54:01,355030,Isluga,VIIRS750,0,0.00,1,sin anomalia,2026-10-05T14:24:05,mendoza
2026-03-17T19:30:00,355030,Isluga,MODIS,0,0.00,1,sin anomalia,2026-10-05T14:24:05,mendoza
2026-03-18T01:15:00,355030,Isluga,MODIS,0,0.00,1,sin anomalia,2026-10-05T14:24:05,mendoza
2026-03-18T06:06:01,355030,Isluga,VIIRS375,0,0.00,1,sin anomalia,2026-10-05T14:24:05,mendoza
2026-03-18T06:06:01,355030,Isluga,VIIRS750,0,0.00,1,sin anomalia,2026-10-05T14:24:05,mendoza
2026-03-18T13:45:00,355030,Isluga,MODIS,0,0.00,1,sin anomalia,2026-10-05T14:24:05,mendoza
2026-03-18T18:12:00,355030,Isluga,VIIRS375,0,0.00,1,sin anomalia,2026-10-05T14:24:05,mendoza
2026-03-18T18:36:01,355030,Isluga,VIIRS375,0,0.00,1,sin anomalia,2026-10-05T14:24:05,mendoza
2026-03-18T18:36:01,355030,Isluga,VIIRS750,0,0.00,1,sin anomalia,2026-10-05T14:24:05,mendoza
2026-03-18T20:05:00,355030,Isluga,MODIS,0,0.00,1,sin anomalia,2026-10-05T14:24:05,mendoza
2026-03-19T05:48:01,355030,Isluga,VIIRS375,0.35,0.53,1,muy baja,2026-10-05T14:24:05,mendoza
2026-03-19T05:48:01,355030,Isluga,VIIRS750,0,0.00,1,sin anomalia,2026-10-05T14:24:05,mendoza
2026-03-19T07:00:00,355030,Isluga,MODIS,0,0.00,1,sin anomalia,2026-10-05T14:24:05,mendoza
2026-03-19T12:50:00,355030,Isluga,MODIS,0,0.00,1,sin anomalia,2026-10-05T14:24:05,mendoza
2026-03-19T17:54:00,355030,Isluga,VIIRS375,0,0.00,1,sin anomalia,2026-10-05T14:24:05,mendoza
2026-03-19T18:18:01,355030,Isluga,VIIRS375,0,0.00,1,sin anomalia,2026-10-05T14:24:05,mendoza
2026-03-19T18:18:01,355030,Isluga,VIIRS750,0,0.00,1,sin anomalia,2026-10-05T14:24:05,mendoza
2026-03-19T20:45:00,355030,Isluga,MODIS,0,0.00,1,sin anomalia,2026-10-05T14:24:05,mendoza
2026-03-20T05:24:01,355030,Isluga,VIIRS375,0.46,0.75,1,muy baja,2026-10-05T14:24:05,mendoza
2026-03-20T05:24:01,355030,Isluga,VIIRS750,0,0.00,1,sin anomalia,2026-10-05T14:24:05,mendoza
2026-03-20T06:48:00,355030,Isluga,VIIRS375,0,0.00,1,sin anomalia,2026-10-05T14:24:05,mendoza
2026-03-20T06:48:00,355030,Isluga,VIIRS750,0,0.00,1,sin anomalia,2026-10-05T14:24:05,mendoza
2026-03-20T07:35:00,355030,Isluga,MODIS,0,0.00,1,sin anomalia,2026-10-05T14:24:05,mendoza
2026-03-20T13:25:00,355030,Isluga,MODIS,0,0.00,1,sin anomalia,2026-10-05T14:24:05,mendoza
2026-03-20T17:54:01,355030,Isluga,VIIRS375,0,0.00,1,sin anomalia,2026-10-05T14:24:05,mendoza
2026-03-20T17:54:01,355030,Isluga,VIIRS750,0,0.00,1,sin anomalia,2026-10-05T14:24:05,mendoza
2026-03-20T19:18:00,355030,Isluga,VIIRS375,0,0.00,1,sin anomalia,2026-10-05T14:24:05,mendoza
2026-03-20T19:18:00,355030,Isluga,VIIRS750,0,0.00,1,sin anomalia,2026-10-05T14:24:05,mendoza
2026-03-20T19:45:00,355030,Isluga,MODIS,0,0.00,1,sin anomalia,2026-10-05T14:24:05,mendoza
2026-03-21T01:35:00,355030,Isluga,MODIS,0,0.00,1,sin anomalia,2026-10-05T14:24:05,mendoza
2026-03-21T05:06:01,355030,Isluga,VIIRS375,0.63,1.06,1,muy baja,2026-10-05T14:24:05,mendoza
2026-03-21T05:06:01,355030,Isluga,VIIRS750,0.2,0.75,1,muy baja,2026-10-05T14:24:05,mendoza
2026-03-21T06:30:00,355030,Isluga,VIIRS375,0,0.00,1,sin anomalia,2026-10-05T14:24:05,mendoza
2026-03-21T06:30:00,355030,Isluga,VIIRS750,0,0.00,1,sin anomalia,2026-10-05T14:24:05,mendoza
2026-03-21T08:15:00,355030,Isluga,MODIS,0,0.00,1,sin anomalia,2026-10-05T14:24:05,mendoza
2026-03-21T17:18:00,355030,Isluga,VIIRS375,0,0.00,1,sin anomalia,2026-10-05T14:24:05,mendoza
2026-03-21T17:36:01,355030,Isluga,VIIRS375,0,0.00,1,sin anomalia,2026-10-05T14:24:05,mendoza
2026-03-21T17:36:01,355030,Isluga,VIIRS750,0,0.00,1,sin anomalia,2026-10-05T14:24:05,mendoza
2026-03-21T19:00:00,355030,Isluga,VIIRS375,0,0.00,1,sin anomalia,2026-10-05T14:24:05,mendoza
2026-03-21T19:00:00,355030,Isluga,VIIRS750,0,0.00,1,sin anomalia,2026-10-05T14:24:05,mendoza
2026-03-21T20:25:00,355030,Isluga,MODIS,0,0.00,1,sin anomalia,2026-10-05T14:24:05,mendoza
2026-03-22T02:15:00,355030,Isluga,MODIS,0,0.00,1,sin anomalia,2026-10-05T14:24:05,mendoza
2026-03-22T04:48:01,355030,Isluga,VIIRS375,0,0.00,1,sin anomalia,2026-10-05T14:24:05,mendoza
2026-03-22T04:48:01,355030,Isluga,VIIRS750,0,0.00,1,sin anomalia,2026-10-05T14:24:05,mendoza
2026-03-22T06:30:01,355030,Isluga,VIIRS375,0,0.00,1,sin anomalia,2026-10-05T14:24:05,mendoza
2026-03-22T06:30:01,355030,Isluga,VIIRS750,0,0.00,1,sin anomalia,2026-10-05T14:24:05,mendoza
2026-03-22T07:15:00,355030,Isluga,MODIS,0,0.00,1,sin anomalia,2026-10-05T14:24:05,mendoza
2026-03-22T13:05:00,355030,Isluga,MODIS,0,0.00,1,sin anomalia,2026-10-05T14:24:05,mendoza
2026-03-22T17:18:01,355030,Isluga,VIIRS375,0,0.00,1,sin anomalia,2026-10-05T14:24:05,mendoza
2026-03-22T17:18:01,355030,Isluga,VIIRS750,0,0.00,1,sin anomalia,2026-10-05T14:24:05,mendoza
2026-03-22T19:00:01,355030,Isluga,VIIRS375,0,0.00,1,sin anomalia,2026-10-05T14:24:05,mendoza
2026-03-22T19:00:01,355030,Isluga,VIIRS750,0,0.00,1,sin anomalia,2026-10-05T14:24:05,mendoza
2026-03-22T19:25:00,355030,Isluga,MODIS,0,0.00,1,sin anomalia,2026-10-05T14:24:05,mendoza
2026-03-23T01:15:00,355030,Isluga,MODIS,0,0.00,1,sin anomalia,2026-10-05T14:24:05,mendoza
2026-03-23T06:12:01,355030,Isluga,VIIRS375,0.14,0.53,1,muy baja,2026-10-05T14:24:05,mendoza
2026-03-23T06:12:01,355030,Isluga,VIIRS750,0,0.00,1,sin anomalia,2026-10-05T14:24:05,mendoza
2026-03-23T07:55:00,355030,Isluga,MODIS,0,0.00,1,sin anomalia,2026-10-05T14:24:05,mendoza
2026-03-23T13:45:00,355030,Isluga,MODIS,0,0.00,1,sin anomalia,2026-10-05T14:24:05,mendoza
2026-03-23T18:18:00,355030,Isluga,VIIRS375,0,0.00,1,sin anomalia,2026-10-05T14:24:05,mendoza
2026-03-23T18:18:00,355030,Isluga,VIIRS750,0,0.00,1,sin anomalia,2026-10-05T14:24:05,mendoza
2026-03-23T18:42:01,355030,Isluga,VIIRS375,0,0.00,1,sin anomalia,2026-10-05T14:24:05,mendoza
2026-03-23T18:42:01,355030,Isluga,VIIRS750,0,0.00,1,sin anomalia,2026-10-05T14:24:05,mendoza
2026-03-23T20:00:00,355030,Isluga,MODIS,0,0.00,1,sin anomalia,2026-10-05T14:24:05,mendoza
2026-03-24T01:55:00,355030,Isluga,MODIS,0,0.00,1,sin anomalia,2026-10-05T14:24:05,mendoza
2026-03-24T05:54:01,355030,Isluga,VIIRS375,0.13,0.53,1,muy baja,2026-10-05T14:24:05,mendoza
2026-03-24T05:54:01,355030,Isluga,VIIRS750,0,0.00,1,sin anomalia,2026-10-05T14:24:05,mendoza
2026-03-24T06:55:00,355030,Isluga,MODIS,0,0.00,1,sin anomalia,2026-10-05T14:24:05,mendoza
2026-03-24T12:50:00,355030,Isluga,MODIS,0,0.00,1,sin anomalia,2026-10-05T14:24:05,mendoza
2026-03-24T18:00:00,355030,Isluga,VIIRS750,0,0.00,1,sin anomalia,2026-10-05T14:24:05,mendoza
2026-03-24T18:24:01,355030,Isluga,VIIRS375,0,0.00,1,sin anomalia,2026-10-05T14:24:05,mendoza
2026-03-24T18:24:01,355030,Isluga,VIIRS750,1.68,28.11,0,fuera de radio,2026-10-05T14:24:05,mendoza
2026-03-24T20:40:00,355030,Isluga,MODIS,0,0.00,1,sin anomalia,2026-10-05T14:24:05,mendoza
2026-03-25T05:30:01,355030,Isluga,VIIRS375,0.58,26.01,0,fuera de radio,2026-10-05T14:24:05,mendoza
2026-03-25T05:30:01,355030,Isluga,VIIRS750,0.19,0.00,1,muy baja,2026-10-05T14:24:05,mendoza
2026-03-25T07:30:00,355030,Isluga,MODIS,0,0.00,1,sin anomalia,2026-10-05T14:24:05,mendoza
2026-03-25T13:25:00,355030,Isluga,MODIS,0,0.00,1,sin anomalia,2026-10-05T14:24:05,mendoza
2026-03-25T17:42:00,355030,Isluga,VIIRS750,0,0.00,1,sin anomalia,2026-10-05T14:24:05,mendoza
2026-03-25T18:06:01,355030,Isluga,VIIRS375,0,0.00,1,sin anomalia,2026-10-05T14:24:05,mendoza
2026-03-25T18:06:01,355030,Isluga,VIIRS750,0,0.00,1,sin anomalia,2026-10-05T14:24:05,mendoza
2026-03-25T19:40:00,355030,Isluga,MODIS,0,0.00,1,sin anomalia,2026-10-05T14:24:05,mendoza
2026-03-26T01:35:00,355030,Isluga,MODIS,0,0.00,1,sin anomalia,2026-10-05T14:24:05,mendoza
2026-03-26T05:12:01,355030,Isluga,VIIRS375,0.21,22.75,0,fuera de radio,2026-10-05T14:24:05,mendoza
2026-03-26T05:12:01,355030,Isluga,VIIRS750,0,0.00,1,sin anomalia,2026-10-05T14:24:05,mendoza
2026-03-26T06:36:00,355030,Isluga,VIIRS375,0,0.00,1,sin anomalia,2026-10-05T14:24:05,mendoza
2026-03-26T06:36:00,355030,Isluga,VIIRS750,0,0.00,1,sin anomalia,2026-10-05T14:24:05,mendoza
2026-03-26T08:10:00,355030,Isluga,MODIS,0,0.00,1,sin anomalia,2026-10-05T14:24:05,mendoza
2026-03-26T17:24:00,355030,Isluga,VIIRS750,0,0.00,1,sin anomalia,2026-10-05T14:24:05,mendoza
2026-03-26T17:42:01,355030,Isluga,VIIRS375,0,0.00,1,sin anomalia,2026-10-05T14:24:05,mendoza
2026-03-26T19:06:00,355030,Isluga,VIIRS375,0,0.00,1,sin anomalia,2026-10-05T14:24:05,mendoza
2026-03-26T19:06:00,355030,Isluga,VIIRS750,0,0.00,1,sin anomalia,2026-10-05T14:24:05,mendoza
2026-03-26T20:20:00,355030,Isluga,MODIS,0,0.00,1,sin anomalia,2026-10-05T14:24:05,mendoza
2026-03-27T04:54:01,355030,Isluga,VIIRS375,2.14,30.50,0,fuera de radio,2026-10-05T14:24:05,mendoza
2026-03-27T04:54:01,355030,Isluga,VIIRS750,0,0.00,1,sin anomalia,2026-10-05T14:24:05,mendoza
2026-03-27T06:36:01,355030,Isluga,VIIRS375,0,0.00,1,sin anomalia,2026-10-05T14:24:05,mendoza
2026-03-27T06:36:01,355030,Isluga,VIIRS750,0,0.00,1,sin anomalia,2026-10-05T14:24:05,mendoza
2026-03-27T07:10:00,355030,Isluga,MODIS,0,0.00,1,sin anomalia,2026-10-05T14:24:05,mendoza
2026-03-27T13:05:00,355030,Isluga,MODIS,0,0.00,1,sin anomalia,2026-10-05T14:24:05,mendoza
2026-03-27T17:24:01,355030,Isluga,VIIRS375,0,0.00,1,sin anomalia,2026-10-05T14:24:05,mendoza
2026-03-27T17:24:01,355030,Isluga,VIIRS750,0,0.00,1,sin anomalia,2026-10-05T14:24:05,mendoza
2026-03-27T18:48:00,355030,Isluga,VIIRS375,0,0.00,1,sin anomalia,2026-10-05T14:24:05,mendoza
2026-03-27T18:48:00,355030,Isluga,VIIRS750,0,0.00,1,sin anomalia,2026-10-05T14:24:05,mendoza
2026-03-27T19:06:01,355030,Isluga,VIIRS375,0,0.00,1,sin anomalia,2026-10-05T14:24:05,mendoza
2026-03-27T19:06:01,355030,Isluga,VIIRS750,0,0.00,1,sin anomalia,2026-10-05T14:24:05,mendoza
2026-03-27T19:20:00,355030,Isluga,MODIS,0,0.00,1,sin anomalia,2026-10-05T14:24:05,mendoza
2026-03-28T01:15:00,355030,Isluga,MODIS,0,0.00,1,sin anomalia,2026-10-05T14:24:05,mendoza
2026-03-28T06:18:01,355030,Isluga,VIIRS375,0.78,20.47,0,fuera de radio,2026-10-05T14:24:05,mendoza
2026-03-28T06:18:01,355030,Isluga,VIIRS750,0,0.00,1,sin anomalia,2026-10-05T14:24:05,mendoza
2026-03-28T07:50:00,355030,Isluga,MODIS,0,0.00,1,sin anomalia,2026-10-05T14:24:05,mendoza
2026-03-28T13:45:00,355030,Isluga,MODIS,0,0.00,1,sin anomalia,2026-10-05T14:24:05,mendoza
2026-03-28T18:24:00,355030,Isluga,VIIRS375,0,0.00,1,sin anomalia,2026-10-05T14:24:05,mendoza
2026-03-28T18:24:00,355030,Isluga,VIIRS750,0,0.00,1,sin anomalia,2026-10-05T14:24:05,mendoza
2026-03-28T19:55:00,355030,Isluga,MODIS,0,0.00,1,sin anomalia,2026-10-05T14:24:05,mendoza
2026-03-29T01:55:00,355030,Isluga,MODIS,0,0.00,1,sin anomalia,2026-10-05T14:24:05,mendoza
2026-03-29T06:00:01,355030,Isluga,VIIRS375,0,0.00,1,sin anomalia,2026-10-05T14:24:05,mendoza
2026-03-29T06:00:01,355030,Isluga,VIIRS750,0,0.00,1,sin anomalia,2026-10-05T14:24:05,mendoza
2026-03-29T12:45:00,355030,Isluga,MODIS,0,0.00,1,sin anomalia,2026-10-05T14:24:05,mendoza
2026-03-29T18:06:00,355030,Isluga,VIIRS375,0,0.00,1,sin anomalia,2026-10-05T14:24:05,mendoza
2026-03-29T18:06:00,355030,Isluga,VIIRS750,0,0.00,1,sin anomalia,2026-10-05T14:24:05,mendoza
2026-03-29T18:30:01,355030,Isluga,VIIRS375,0,0.00,1,sin anomalia,2026-10-05T14:24:05,mendoza
2026-03-29T18:30:01,355030,Isluga,VIIRS750,0,0.00,1,sin anomalia,2026-10-05T14:24:05,mendoza
2026-03-29T20:35:00,355030,Isluga,MODIS,0,0.00,1,sin anomalia,2026-10-05T14:24:05,mendoza
2026-03-30T05:42:01,355030,Isluga,VIIRS375,0,0.00,1,sin anomalia,2026-10-05T14:24:05,mendoza
2026-03-30T05:42:01,355030,Isluga,VIIRS750,0,0.00,1,sin anomalia,2026-10-05T14:24:05,mendoza
2026-03-30T07:25:00,355030,Isluga,MODIS,0,0.00,1,sin anomalia,2026-10-05T14:24:05,mendoza
2026-03-30T13:25:00,355030,Isluga,MODIS,0,0.00,1,sin anomalia,2026-10-05T14:24:05,mendoza
2026-03-30T17:48:00,355030,Isluga,VIIRS375,0,0.00,1,sin anomalia,2026-10-05T14:24:05,mendoza
2026-03-30T18:12:01,355030,Isluga,VIIRS375,0,0.00,1,sin anomalia,2026-10-05T14:24:05,mendoza
2026-03-30T18:12:01,355030,Isluga,VIIRS750,0,0.00,1,sin anomalia,2026-10-05T14:24:05,mendoza
2026-03-30T19:35:00,355030,Isluga,MODIS,0,0.00,1,sin anomalia,2026-10-05T14:24:05,mendoza
2026-03-31T01:35:00,355030,Isluga,MODIS,0,0.00,1,sin anomalia,2026-10-05T14:24:05,mendoza
2026-03-31T05:18:01,355030,Isluga,VIIRS375,2.14,24.10,0,fuera de radio,2026-10-05T14:24:05,mendoza
2026-03-31T05:18:01,355030,Isluga,VIIRS750,0,0.00,1,sin anomalia,2026-10-05T14:24:05,mendoza
2026-03-31T06:42:00,355030,Isluga,VIIRS375,0,0.00,1,sin anomalia,2026-10-05T14:24:05,mendoza
2026-03-31T08:05:00,355030,Isluga,MODIS,0,0.00,1,sin anomalia,2026-10-05T14:24:05,mendoza
2026-03-31T17:48:01,355030,Isluga,VIIRS375,0,0.00,1,sin anomalia,2026-10-05T14:24:05,mendoza
2026-03-31T17:48:01,355030,Isluga,VIIRS750,0,0.00,1,sin anomalia,2026-10-05T14:24:05,mendoza
2026-03-31T19:12:00,355030,Isluga,VIIRS375,0,0.00,1,sin anomalia,2026-10-05T14:24:05,mendoza
2026-03-31T19:12:00,355030,Isluga,VIIRS750,0,0.00,1,sin anomalia,2026-10-05T14:24:05,mendoza
2026-03-31T20:10:00,355030,Isluga,MODIS,0,0.00,1,sin anomalia,2026-10-05T14:24:05,mendoza
2026-04-01T02:15:00,355030,Isluga,MODIS,0,0.00,1,sin anomalia,2026-10-05T14:24:05,mendoza
2026-04-01T05:00:01,355030,Isluga,VIIRS375,0,0.00,1,sin anomalia,2026-10-05T14:24:05,mendoza
2026-04-01T05:00:01,355030,Isluga,VIIRS750,0,0.00,1,sin anomalia,2026-10-05T14:24:05,mendoza
2026-04-01T06:42:01,355030,Isluga,VIIRS375,0,0.00,1,sin anomalia,2026-10-05T14:24:05,mendoza
2026-04-01T06:42:01,355030,Isluga,VIIRS750,0,0.00,1,sin anomalia,2026-10-05T14:24:05,mendoza
2026-04-01T07:05:00,355030,Isluga,MODIS,0,0.00,1,sin anomalia,2026-10-05T14:24:05,mendoza
2026-04-01T13:05:00,355030,Isluga,MODIS,0,0.00,1,sin anomalia,2026-10-05T14:24:05,mendoza
2026-04-01T17:30:01,355030,Isluga,VIIRS375,0,0.00,1,sin anomalia,2026-10-05T14:24:05,mendoza
2026-04-01T17:30:01,355030,Isluga,VIIRS750,0,0.00,1,sin anomalia,2026-10-05T14:24:05,mendoza
2026-04-01T18:54:00,355030,Isluga,VIIRS750,0,0.00,1,sin anomalia,2026-10-05T14:24:05,mendoza
2026-04-01T19:12:01,355030,Isluga,VIIRS375,0,0.00,1,sin anomalia,2026-10-05T14:24:05,mendoza
2026-04-01T19:12:01,355030,Isluga,VIIRS750,0,0.00,1,sin anomalia,2026-10-05T14:24:05,mendoza
2026-04-02T01:15:00,355030,Isluga,MODIS,0,0.00,1,sin anomalia,2026-10-05T14:24:05,mendoza
2026-04-02T06:24:01,355030,Isluga,VIIRS375,0,0.00,1,sin anomalia,2026-10-05T14:24:05,mendoza
2026-04-02T06:24:01,355030,Isluga,VIIRS750,0,0.00,1,sin anomalia,2026-10-05T14:24:05,mendoza
2026-04-02T07:40:00,355030,Isluga,MODIS,0,0.00,1,sin anomalia,2026-10-05T14:24:05,mendoza
2026-04-02T13:45:00,355030,Isluga,MODIS,0,0.00,1,sin anomalia,2026-10-05T14:24:05,mendoza
2026-04-02T18:36:00,355030,Isluga,VIIRS375,0,0.00,1,sin anomalia,2026-10-05T14:24:05,mendoza
2026-04-02T18:54:01,355030,Isluga,VIIRS375,0,0.00,1,sin anomalia,2026-10-05T14:24:05,mendoza
2026-04-02T18:54:01,355030,Isluga,VIIRS750,0,0.00,1,sin anomalia,2026-10-05T14:24:05,mendoza
2026-04-02T19:50:00,355030,Isluga,MODIS,0,0.00,1,sin anomalia,2026-10-05T14:24:05,mendoza
2026-04-03T01:55:00,355030,Isluga,MODIS,0,0.00,1,sin anomalia,2026-10-05T14:24:05,mendoza
2026-04-03T05:12:02,355030,Isluga,VIIRS750,0,0.00,1,sin anomalia,2026-10-05T14:24:05,mendoza
2026-04-03T06:06:01,355030,Isluga,VIIRS375,0.34,14.59,0,fuera de radio,2026-10-05T14:24:05,mendoza
2026-04-03T06:06:01,355030,Isluga,VIIRS750,0,0.00,1,sin anomalia,2026-10-05T14:24:05,mendoza
2026-04-03T08:20:00,355030,Isluga,MODIS,0,0.00,1,sin anomalia,2026-10-05T14:24:05,mendoza
2026-04-03T12:45:00,355030,Isluga,MODIS,0,0.00,1,sin anomalia,2026-10-05T14:24:05,mendoza
2026-04-03T17:42:02,355030,Isluga,VIIRS750,0,0.00,1,sin anomalia,2026-10-05T14:24:05,mendoza
2026-04-03T18:12:00,355030,Isluga,VIIRS375,0,0.00,1,sin anomalia,2026-10-05T14:24:05,mendoza
2026-04-03T18:12:00,355030,Isluga,VIIRS750,0,0.00,1,sin anomalia,2026-10-05T14:24:05,mendoza
2026-04-03T18:36:01,355030,Isluga,VIIRS375,0,0.00,1,sin anomalia,2026-10-05T14:24:05,mendoza
2026-04-03T18:36:01,355030,Isluga,VIIRS750,0,0.00,1,sin anomalia,2026-10-05T14:24:05,mendoza
2026-04-03T20:30:00,355030,Isluga,MODIS,0,0.00,1,sin anomalia,2026-10-05T14:24:05,mendoza
2026-04-04T04:54:02,355030,Isluga,VIIRS750,0,0.00,1,sin anomalia,2026-10-05T14:24:05,mendoza
2026-04-04T05:48:01,355030,Isluga,VIIRS375,0.18,0.53,1,muy baja,2026-10-05T14:24:05,mendoza
2026-04-04T05:48:01,355030,Isluga,VIIRS750,0,0.00,1,sin anomalia,2026-10-05T14:24:05,mendoza
2026-04-04T06:36:02,355030,Isluga,VIIRS750,0,0.00,1,sin anomalia,2026-10-05T14:24:05,mendoza
2026-04-04T07:20:00,355030,Isluga,MODIS,0,0.00,1,sin anomalia,2026-10-05T14:24:05,mendoza
2026-04-04T13:25:00,355030,Isluga,MODIS,0,0.00,1,sin anomalia,2026-10-05T14:24:05,mendoza
2026-04-04T17:24:02,355030,Isluga,VIIRS750,0,0.00,1,sin anomalia,2026-10-05T14:24:05,mendoza
2026-04-04T18:18:01,355030,Isluga,VIIRS375,0,0.00,1,sin anomalia,2026-10-05T14:24:05,mendoza
2026-04-04T19:06:02,355030,Isluga,VIIRS750,0,0.00,1,sin anomalia,2026-10-05T14:24:05,mendoza
2026-04-04T19:30:00,355030,Isluga,MODIS,0,0.00,1,sin anomalia,2026-10-05T14:24:05,mendoza
2026-04-05T01:35:00,355030,Isluga,MODIS,0,0.00,1,sin anomalia,2026-10-05T14:24:05,mendoza
2026-04-05T05:24:01,355030,Isluga,VIIRS375,0.3,0.75,1,muy baja,2026-10-05T14:24:05,mendoza
2026-04-05T05:24:01,355030,Isluga,VIIRS750,0,0.00,1,sin anomalia,2026-10-05T14:24:05,mendoza
2026-04-05T06:18:02,355030,Isluga,VIIRS750,0,0.00,1,sin anomalia,2026-10-05T14:24:05,mendoza
2026-04-05T06:48:00,355030,Isluga,VIIRS750,0,0.00,1,sin anomalia,2026-10-05T14:24:05,mendoza
2026-04-05T08:00:00,355030,Isluga,MODIS,0,0.00,1,sin anomalia,2026-10-05T14:24:05,mendoza
2026-04-05T17:36:00,355030,Isluga,VIIRS750,0,0.00,1,sin anomalia,2026-10-05T14:24:05,mendoza
2026-04-05T17:54:01,355030,Isluga,VIIRS375,0,0.00,1,sin anomalia,2026-10-05T14:24:05,mendoza
2026-04-05T17:54:01,355030,Isluga,VIIRS750,0,0.00,1,sin anomalia,2026-10-05T14:24:05,mendoza
2026-04-05T18:48:02,355030,Isluga,VIIRS750,0,0.00,1,sin anomalia,2026-10-05T14:24:05,mendoza
2026-04-05T19:18:00,355030,Isluga,VIIRS375,0,0.00,1,sin anomalia,2026-10-05T14:24:05,mendoza
2026-04-05T19:18:00,355030,Isluga,VIIRS750,0,0.00,1,sin anomalia,2026-10-05T14:24:05,mendoza
2026-04-05T20:05:00,355030,Isluga,MODIS,0,0.00,1,sin anomalia,2026-10-05T14:24:05,mendoza
2026-04-06T02:15:00,355030,Isluga,MODIS,0,0.00,1,sin anomalia,2026-10-05T14:24:05,mendoza
2026-04-06T05:06:01,355030,Isluga,VIIRS375,0.16,0.84,1,muy baja,2026-10-05T14:24:05,mendoza
2026-04-06T05:06:01,355030,Isluga,VIIRS750,0,0.00,1,sin anomalia,2026-10-05T14:24:05,mendoza
2026-04-06T05:54:02,355030,Isluga,VIIRS750,0,0.00,1,sin anomalia,2026-10-05T14:24:05,mendoza
2026-04-06T06:30:00,355030,Isluga,VIIRS375,6.37,15.92,0,fuera de radio,2026-10-05T14:24:05,mendoza
2026-04-06T06:30:00,355030,Isluga,VIIRS750,0,0.00,1,sin anomalia,2026-10-05T14:24:05,mendoza
2026-04-06T07:00:00,355030,Isluga,MODIS,0,0.00,1,sin anomalia,2026-10-05T14:24:05,mendoza
2026-04-06T13:05:00,355030,Isluga,MODIS,0,0.00,1,sin anomalia,2026-10-05T14:24:05,mendoza
2026-04-06T17:18:00,355030,Isluga,VIIRS375,0,0.00,1,sin anomalia,2026-10-05T14:24:05,mendoza
2026-04-06T17:18:00,355030,Isluga,VIIRS750,0,0.00,1,sin anomalia,2026-10-05T14:24:05,mendoza
2026-04-06T17:36:01,355030,Isluga,VIIRS375,0,0.00,1,sin anomalia,2026-10-05T14:24:05,mendoza
2026-04-06T17:36:01,355030,Isluga,VIIRS750,0,0.00,1,sin anomalia,2026-10-05T14:24:05,mendoza
2026-04-06T18:30:02,355030,Isluga,VIIRS750,0,0.00,1,sin anomalia,2026-10-05T14:24:05,mendoza
2026-04-06T19:00:00,355030,Isluga,VIIRS750,0,0.00,1,sin anomalia,2026-10-05T14:24:05,mendoza
2026-04-06T20:45:00,355030,Isluga,MODIS,0,0.00,1,sin anomalia,2026-10-05T14:24:05,mendoza
2026-04-07T01:15:00,355030,Isluga,MODIS,0,0.00,1,sin anomalia,2026-10-05T14:24:05,mendoza
2026-04-07T04:48:01,355030,Isluga,VIIRS375,0,0.00,1,sin anomalia,2026-10-05T14:24:05,mendoza
2026-04-07T04:48:01,355030,Isluga,VIIRS750,0,0.00,1,sin anomalia,2026-10-05T14:24:05,mendoza
2026-04-07T05:36:02,355030,Isluga,VIIRS750,0.19,0.00,1,muy baja,2026-10-05T14:24:05,mendoza
2026-04-07T06:30:01,355030,Isluga,VIIRS375,0.13,0.84,1,muy baja,2026-10-05T14:24:05,mendoza
2026-04-07T06:30:01,355030,Isluga,VIIRS750,0,0.00,1,sin anomalia,2026-10-05T14:24:05,mendoza
2026-04-07T07:35:00,355030,Isluga,MODIS,0,0.00,1,sin anomalia,2026-10-05T14:24:05,mendoza
2026-04-07T13:45:00,355030,Isluga,MODIS,0,0.00,1,sin anomalia,2026-10-05T14:24:05,mendoza
2026-04-07T17:18:01,355030,Isluga,VIIRS375,0,0.00,1,sin anomalia,2026-10-05T14:24:05,mendoza
2026-04-07T17:18:01,355030,Isluga,VIIRS750,0,0.00,1,sin anomalia,2026-10-05T14:24:05,mendoza
2026-04-07T18:06:02,355030,Isluga,VIIRS750,0,0.00,1,sin anomalia,2026-10-05T14:24:05,mendoza
2026-04-07T18:42:00,355030,Isluga,VIIRS750,0,0.00,1,sin anomalia,2026-10-05T14:24:05,mendoza
2026-04-07T19:00:01,355030,Isluga,VIIRS375,0,0.00,1,sin anomalia,2026-10-05T14:24:05,mendoza
2026-04-07T19:00:01,355030,Isluga,VIIRS750,0,0.00,1,sin anomalia,2026-10-05T14:24:05,mendoza
2026-04-07T19:45:00,355030,Isluga,MODIS,0,0.00,1,sin anomalia,2026-10-05T14:24:05,mendoza
2026-04-08T01:55:00,355030,Isluga,MODIS,0,0.00,1,sin anomalia,2026-10-05T14:24:05,mendoza
2026-04-08T05:18:02,355030,Isluga,VIIRS750,0,0.00,1,sin anomalia,2026-10-05T14:24:05,mendoza
2026-04-08T06:12:01,355030,Isluga,VIIRS375,0,0.00,1,sin anomalia,2026-10-05T14:24:05,mendoza
2026-04-08T06:12:01,355030,Isluga,VIIRS750,0,0.00,1,sin anomalia,2026-10-05T14:24:05,mendoza
2026-04-08T12:45:00,355030,Isluga,MODIS,0,0.00,1,sin anomalia,2026-10-05T14:24:05,mendoza
2026-04-08T17:48:02,355030,Isluga,VIIRS750,0,0.00,1,sin anomalia,2026-10-05T14:24:05,mendoza
2026-04-08T18:42:01,355030,Isluga,VIIRS375,0,0.00,1,sin anomalia,2026-10-05T14:24:05,mendoza
2026-04-08T18:42:01,355030,Isluga,VIIRS750,0,0.00,1,sin anomalia,2026-10-05T14:24:05,mendoza
2026-04-08T20:25:00,355030,Isluga,MODIS,0,0.00,1,sin anomalia,2026-10-05T14:24:05,mendoza
2026-04-09T05:00:02,355030,Isluga,VIIRS375,0,0.00,1,sin anomalia,2026-10-05T14:24:05,mendoza
2026-04-09T05:54:01,355030,Isluga,VIIRS375,0,0.00,1,sin anomalia,2026-10-05T14:24:05,mendoza
2026-04-09T05:54:01,355030,Isluga,VIIRS750,0,0.00,1,sin anomalia,2026-10-05T14:24:05,mendoza
2026-04-09T06:42:02,355030,Isluga,VIIRS375,0,0.00,1,sin anomalia,2026-10-05T14:24:05,mendoza
2026-04-09T06:42:02,355030,Isluga,VIIRS750,0,0.00,1,sin anomalia,2026-10-05T14:24:05,mendoza
2026-04-09T07:15:00,355030,Isluga,MODIS,0,0.00,1,sin anomalia,2026-10-05T14:24:05,mendoza
2026-04-09T13:25:00,355030,Isluga,MODIS,0,0.00,1,sin anomalia,2026-10-05T14:24:05,mendoza
2026-04-09T17:30:02,355030,Isluga,VIIRS375,0,0.00,1,sin anomalia,2026-10-05T14:24:05,mendoza
2026-04-09T17:30:02,355030,Isluga,VIIRS750,0,0.00,1,sin anomalia,2026-10-05T14:24:05,mendoza
2026-04-09T18:00:00,355030,Isluga,VIIRS375,0,0.00,1,sin anomalia,2026-10-05T14:24:05,mendoza
2026-04-09T18:24:01,355030,Isluga,VIIRS750,0,0.00,1,sin anomalia,2026-10-05T14:24:05,mendoza
2026-04-09T19:25:00,355030,Isluga,MODIS,0,0.00,1,sin anomalia,2026-10-05T14:24:05,mendoza
2026-04-10T01:35:00,355030,Isluga,MODIS,0,0.00,1,sin anomalia,2026-10-05T14:24:05,mendoza
2026-04-10T05:36:01,355030,Isluga,VIIRS375,0,0.00,1,sin anomalia,2026-10-05T14:24:05,mendoza
2026-04-10T05:36:01,355030,Isluga,VIIRS750,0,0.00,1,sin anomalia,2026-10-05T14:24:05,mendoza
2026-04-10T06:24:02,355030,Isluga,VIIRS375,0,0.00,1,sin anomalia,2026-10-05T14:24:05,mendoza
2026-04-10T06:24:02,355030,Isluga,VIIRS750,0,0.00,1,sin anomalia,2026-10-05T14:24:05,mendoza
2026-04-10T07:50:00,355030,Isluga,MODIS,0,0.00,1,sin anomalia,2026-10-05T14:24:05,mendoza
2026-04-10T17:42:00,355030,Isluga,VIIRS750,0,0.00,1,sin anomalia,2026-10-05T14:24:05,mendoza
2026-04-10T18:06:01,355030,Isluga,VIIRS375,0,0.00,1,sin anomalia,2026-10-05T14:24:05,mendoza
2026-04-10T18:06:01,355030,Isluga,VIIRS750,0,0.00,1,sin anomalia,2026-10-05T14:24:05,mendoza
2026-04-10T18:54:02,355030,Isluga,VIIRS375,0,0.00,1,sin anomalia,2026-10-05T14:24:05,mendoza
2026-04-10T18:54:02,355030,Isluga,VIIRS750,0,0.00,1,sin anomalia,2026-10-05T14:24:05,mendoza
2026-04-10T20:00:00,355030,Isluga,MODIS,0,0.00,1,sin anomalia,2026-10-05T14:24:05,mendoza
2026-04-11T02:10:00,355030,Isluga,MODIS,0,0.00,1,sin anomalia,2026-10-05T14:24:05,mendoza
2026-04-11T05:12:01,355030,Isluga,VIIRS375,0.06,0.84,1,muy baja,2026-10-05T14:24:05,mendoza
2026-04-11T05:12:01,355030,Isluga,VIIRS750,0,0.00,1,sin anomalia,2026-10-05T14:24:05,mendoza
2026-04-11T06:06:02,355030,Isluga,VIIRS375,0.12,0.53,1,muy baja,2026-10-05T14:24:05,mendoza
2026-04-11T06:36:00,355030,Isluga,VIIRS375,0,0.00,1,sin anomalia,2026-10-05T14:24:05,mendoza
2026-04-11T06:36:00,355030,Isluga,VIIRS750,0,0.00,1,sin anomalia,2026-10-05T14:24:05,mendoza
2026-04-11T13:05:00,355030,Isluga,MODIS,0,0.00,1,sin anomalia,2026-10-05T14:24:05,mendoza
2026-04-11T17:24:00,355030,Isluga,VIIRS750,0,0.00,1,sin anomalia,2026-10-05T14:24:05,mendoza
2026-04-11T17:42:01,355030,Isluga,VIIRS375,0,0.00,1,sin anomalia,2026-10-05T14:24:05,mendoza
2026-04-11T17:42:01,355030,Isluga,VIIRS750,0,0.00,1,sin anomalia,2026-10-05T14:24:05,mendoza
2026-04-11T18:36:02,355030,Isluga,VIIRS375,0,0.00,1,sin anomalia,2026-10-05T14:24:05,mendoza
2026-04-11T18:36:02,355030,Isluga,VIIRS750,0,0.00,1,sin anomalia,2026-10-05T14:24:05,mendoza
2026-04-11T19:06:00,355030,Isluga,VIIRS375,0,0.00,1,sin anomalia,2026-10-05T14:24:05,mendoza
2026-04-11T19:06:00,355030,Isluga,VIIRS750,0,0.00,1,sin anomalia,2026-10-05T14:24:05,mendoza
2026-04-11T20:40:00,355030,Isluga,MODIS,0,0.00,1,sin anomalia,2026-10-05T14:24:05,mendoza
2026-04-12T01:15:00,355030,Isluga,MODIS,0,0.00,1,sin anomalia,2026-10-05T14:24:05,mendoza
2026-04-12T04:54:01,355030,Isluga,VIIRS375,0.24,33.70,0,fuera de radio,2026-10-05T14:24:05,mendoza
2026-04-12T04:54:01,355030,Isluga,VIIRS750,0,0.00,1,sin anomalia,2026-10-05T14:24:05,mendoza
2026-04-12T05:42:02,355030,Isluga,VIIRS375,0.3,0.84,1,muy baja,2026-10-05T14:24:05,mendoza
2026-04-12T06:36:01,355030,Isluga,VIIRS375,0.67,19.89,0,fuera de radio,2026-10-05T14:24:05,mendoza
2026-04-12T06:36:01,355030,Isluga,VIIRS750,0,0.00,1,sin anomalia,2026-10-05T14:24:05,mendoza
2026-04-12T07:30:00,355030,Isluga,MODIS,0,0.00,1,sin anomalia,2026-10-05T14:24:05,mendoza
2026-04-12T13:45:00,355030,Isluga,MODIS,0,0.00,1,sin anomalia,2026-10-05T14:24:05,mendoza
2026-04-12T17:24:01,355030,Isluga,VIIRS375,0,0.00,1,sin anomalia,2026-10-05T14:24:05,mendoza
2026-04-12T17:24:01,355030,Isluga,VIIRS750,0,0.00,1,sin anomalia,2026-10-05T14:24:05,mendoza
2026-04-12T18:12:02,355030,Isluga,VIIRS375,0,0.00,1,sin anomalia,2026-10-05T14:24:05,mendoza
2026-04-12T18:12:02,355030,Isluga,VIIRS750,0,0.00,1,sin anomalia,2026-10-05T14:24:05,mendoza
2026-04-12T18:48:00,355030,Isluga,VIIRS375,0,0.00,1,sin anomalia,2026-10-05T14:24:05,mendoza
2026-04-12T18:48:00,355030,Isluga,VIIRS750,0,0.00,1,sin anomalia,2026-10-05T14:24:05,mendoza
2026-04-12T19:06:01,355030,Isluga,VIIRS375,0,0.00,1,sin anomalia,2026-10-05T14:24:05,mendoza
2026-04-12T19:06:01,355030,Isluga,VIIRS750,0,0.00,1,sin anomalia,2026-10-05T14:24:05,mendoza
2026-04-12T19:40:00,355030,Isluga,MODIS,0,0.00,1,sin anomalia,2026-10-05T14:24:05,mendoza
2026-04-13T01:50:00,355030,Isluga,MODIS,0,0.00,1,sin anomalia,2026-10-05T14:24:05,mendoza
2026-04-13T05:24:02,355030,Isluga,VIIRS750,0,0.00,1,sin anomalia,2026-10-05T14:24:05,mendoza
2026-04-13T06:18:01,355030,Isluga,VIIRS375,0.07,0.53,1,muy baja,2026-10-05T14:24:05,mendoza
2026-04-13T06:18:01,355030,Isluga,VIIRS750,0,0.00,1,sin anomalia,2026-10-05T14:24:05,mendoza
2026-04-13T08:10:00,355030,Isluga,MODIS,0,0.00,1,sin anomalia,2026-10-05T14:24:05,mendoza
2026-04-13T12:45:00,355030,Isluga,MODIS,0,0.00,1,sin anomalia,2026-10-05T14:24:05,mendoza
2026-04-13T17:54:02,355030,Isluga,VIIRS750,0,0.00,1,sin anomalia,2026-10-05T14:24:05,mendoza
2026-04-13T18:30:00,355030,Isluga,VIIRS750,0,0.00,1,sin anomalia,2026-10-05T14:24:05,mendoza
2026-04-13T18:48:01,355030,Isluga,VIIRS375,0,0.00,1,sin anomalia,2026-10-05T14:24:05,mendoza
2026-04-13T18:48:01,355030,Isluga,VIIRS750,0,0.00,1,sin anomalia,2026-10-05T14:24:05,mendoza
2026-04-13T20:15:00,355030,Isluga,MODIS,0,0.00,1,sin anomalia,2026-10-05T14:24:05,mendoza
2026-04-14T05:06:02,355030,Isluga,VIIRS375,0.33,24.13,0,fuera de radio,2026-10-05T14:24:05,mendoza
2026-04-14T05:06:02,355030,Isluga,VIIRS750,0.81,27.18,0,fuera de radio,2026-10-05T14:24:05,mendoza
2026-04-14T06:00:01,355030,Isluga,VIIRS375,0.08,0.84,1,muy baja,2026-10-05T14:24:05,mendoza
2026-04-14T06:00:01,355030,Isluga,VIIRS750,0,0.00,1,sin anomalia,2026-10-05T14:24:05,mendoza
2026-04-14T07:10:00,355030,Isluga,MODIS,0,0.00,1,sin anomalia,2026-10-05T14:24:05,mendoza
2026-04-14T13:25:00,355030,Isluga,MODIS,0,0.00,1,sin anomalia,2026-10-05T14:24:05,mendoza
2026-04-14T17:36:02,355030,Isluga,VIIRS375,0,0.00,1,sin anomalia,2026-10-05T14:24:05,mendoza
2026-04-14T17:36:02,355030,Isluga,VIIRS750,0,0.00,1,sin anomalia,2026-10-05T14:24:05,mendoza
2026-04-14T18:06:00,355030,Isluga,VIIRS375,0,0.00,1,sin anomalia,2026-10-05T14:24:05,mendoza
2026-04-14T18:06:00,355030,Isluga,VIIRS750,0,0.00,1,sin anomalia,2026-10-05T14:24:05,mendoza
2026-04-14T18:30:01,355030,Isluga,VIIRS375,0,0.00,1,sin anomalia,2026-10-05T14:24:05,mendoza
2026-04-14T18:30:01,355030,Isluga,VIIRS750,0,0.00,1,sin anomalia,2026-10-05T14:24:05,mendoza
2026-04-15T01:30:00,355030,Isluga,MODIS,0,0.00,1,sin anomalia,2026-10-05T14:24:05,mendoza
2026-04-15T04:48:02,355030,Isluga,VIIRS375,0,0.00,1,sin anomalia,2026-10-05T14:24:05,mendoza
2026-04-15T04:48:02,355030,Isluga,VIIRS750,0,0.00,1,sin anomalia,2026-10-05T14:24:05,mendoza
2026-04-15T05:30:02,355030,Isluga,VIIRS375,0,0.00,1,sin anomalia,2026-10-05T14:24:05,mendoza
2026-04-15T05:42:01,355030,Isluga,VIIRS375,0.24,0.53,1,muy baja,2026-10-05T14:24:05,mendoza
2026-04-15T05:42:01,355030,Isluga,VIIRS750,0.27,0.75,1,muy baja,2026-10-05T14:24:05,mendoza
2026-04-15T06:30:02,355030,Isluga,VIIRS375,0,0.00,1,sin anomalia,2026-10-05T14:24:05,mendoza
2026-04-15T06:30:02,355030,Isluga,VIIRS750,0,0.00,1,sin anomalia,2026-10-05T14:24:05,mendoza
2026-04-15T07:45:00,355030,Isluga,MODIS,0,0.00,1,sin anomalia,2026-10-05T14:24:05,mendoza
2026-04-15T17:18:02,355030,Isluga,VIIRS375,0,0.00,1,sin anomalia,2026-10-05T14:24:05,mendoza
2026-04-15T17:18:02,355030,Isluga,VIIRS750,0,0.00,1,sin anomalia,2026-10-05T14:24:05,mendoza
2026-04-15T17:48:00,355030,Isluga,VIIRS375,0,0.00,1,sin anomalia,2026-10-05T14:24:05,mendoza
2026-04-15T17:48:00,355030,Isluga,VIIRS750,0,0.00,1,sin anomalia,2026-10-05T14:24:05,mendoza
2026-04-15T18:12:01,355030,Isluga,VIIRS375,0,0.00,1,sin anomalia,2026-10-05T14:24:05,mendoza
2026-04-15T18:12:01,355030,Isluga,VIIRS750,0,0.00,1,sin anomalia,2026-10-05T14:24:05,mendoza
2026-04-15T19:00:02,355030,Isluga,VIIRS375,0,0.00,1,sin anomalia,2026-10-05T14:24:05,mendoza
2026-04-15T19:00:02,355030,Isluga,VIIRS750,0,0.00,1,sin anomalia,2026-10-05T14:24:05,mendoza
2026-04-15T19:55:00,355030,Isluga,MODIS,0,0.00,1,sin anomalia,2026-10-05T14:24:05,mendoza
2026-04-16T02:10:00,355030,Isluga,MODIS,0,0.00,1,sin anomalia,2026-10-05T14:24:05,mendoza
2026-04-16T05:18:01,355030,Isluga,VIIRS375,0.76,21.14,0,fuera de radio,2026-10-05T14:24:05,mendoza
2026-04-16T05:18:01,355030,Isluga,VIIRS750,0,0.00,1,sin anomalia,2026-10-05T14:24:05,mendoza
2026-04-16T06:12:02,355030,Isluga,VIIRS375,0,0.00,1,sin anomalia,2026-10-05T14:24:05,mendoza
2026-04-16T06:12:02,355030,Isluga,VIIRS750,0,0.00,1,sin anomalia,2026-10-05T14:24:05,mendoza
2026-04-16T06:42:00,355030,Isluga,VIIRS375,0,0.00,1,sin anomalia,2026-10-05T14:24:05,mendoza
2026-04-16T06:42:00,355030,Isluga,VIIRS750,0,0.00,1,sin anomalia,2026-10-05T14:24:05,mendoza
2026-04-16T08:25:00,355030,Isluga,MODIS,0,0.00,1,sin anomalia,2026-10-05T14:24:05,mendoza
2026-04-16T13:05:00,355030,Isluga,MODIS,0,0.00,1,sin anomalia,2026-10-05T14:24:05,mendoza
2026-04-16T17:30:00,355030,Isluga,VIIRS375,0,0.00,1,sin anomalia,2026-10-05T14:24:05,mendoza
2026-04-16T17:30:00,355030,Isluga,VIIRS750,0,0.00,1,sin anomalia,2026-10-05T14:24:05,mendoza
2026-04-16T17:48:01,355030,Isluga,VIIRS375,0,0.00,1,sin anomalia,2026-10-05T14:24:05,mendoza
2026-04-16T17:48:01,355030,Isluga,VIIRS750,0,0.00,1,sin anomalia,2026-10-05T14:24:05,mendoza
2026-04-16T18:42:02,355030,Isluga,VIIRS750,0,0.00,1,sin anomalia,2026-10-05T14:24:05,mendoza
2026-04-16T19:12:00,355030,Isluga,VIIRS375,0,0.00,1,sin anomalia,2026-10-05T14:24:05,mendoza
2026-04-16T19:12:00,355030,Isluga,VIIRS750,0,0.00,1,sin anomalia,2026-10-05T14:24:05,mendoza
2026-04-16T20:35:00,355030,Isluga,MODIS,0,0.00,1,sin anomalia,2026-10-05T14:24:05,mendoza
2026-04-17T01:10:00,355030,Isluga,MODIS,0,0.00,1,sin anomalia,2026-10-05T14:24:05,mendoza
2026-04-17T05:00:01,355030,Isluga,VIIRS375,0.26,0.84,1,muy baja,2026-10-05T14:24:05,mendoza
2026-04-17T05:00:01,355030,Isluga,VIIRS750,0,0.00,1,sin anomalia,2026-10-05T14:24:05,mendoza
2026-04-17T05:48:02,355030,Isluga,VIIRS375,0.24,0.84,1,muy baja,2026-10-05T14:24:05,mendoza
2026-04-17T05:48:02,355030,Isluga,VIIRS750,0,0.00,1,sin anomalia,2026-10-05T14:24:05,mendoza
2026-04-17T06:42:01,355030,Isluga,VIIRS375,0,0.00,1,sin anomalia,2026-10-05T14:24:05,mendoza
2026-04-17T06:42:01,355030,Isluga,VIIRS750,0,0.00,1,sin anomalia,2026-10-05T14:24:05,mendoza
2026-04-17T07:25:00,355030,Isluga,MODIS,0,0.00,1,sin anomalia,2026-10-05T14:24:05,mendoza
2026-04-17T13:40:00,355030,Isluga,MODIS,0,0.00,1,sin anomalia,2026-10-05T14:24:05,mendoza
2026-04-17T17:30:01,355030,Isluga,VIIRS375,0,0.00,1,sin anomalia,2026-10-05T14:24:05,mendoza
2026-04-17T17:30:01,355030,Isluga,VIIRS750,0,0.00,1,sin anomalia,2026-10-05T14:24:05,mendoza
2026-04-17T18:18:02,355030,Isluga,VIIRS375,0,0.00,1,sin anomalia,2026-10-05T14:24:05,mendoza
2026-04-17T18:18:02,355030,Isluga,VIIRS750,0,0.00,1,sin anomalia,2026-10-05T14:24:05,mendoza
2026-04-17T18:54:00,355030,Isluga,VIIRS750,0,0.00,1,sin anomalia,2026-10-05T14:24:05,mendoza
2026-04-17T19:12:01,355030,Isluga,VIIRS375,0,0.00,1,sin anomalia,2026-10-05T14:24:05,mendoza
2026-04-17T19:12:01,355030,Isluga,VIIRS750,0,0.00,1,sin anomalia,2026-10-05T14:24:05,mendoza
2026-04-17T19:35:00,355030,Isluga,MODIS,0,0.00,1,sin anomalia,2026-10-05T14:24:05,mendoza
2026-04-18T01:50:00,355030,Isluga,MODIS,0,0.00,1,sin anomalia,2026-10-05T14:24:05,mendoza
2026-04-18T05:30:02,355030,Isluga,VIIRS375,0.44,0.53,1,muy baja,2026-10-05T14:24:05,mendoza
2026-04-18T05:30:02,355030,Isluga,VIIRS750,0,0.00,1,sin anomalia,2026-10-05T14:24:05,mendoza
2026-04-18T06:24:01,355030,Isluga,VIIRS375,0.04,0.53,1,muy baja,2026-10-05T14:24:05,mendoza
2026-04-18T06:24:01,355030,Isluga,VIIRS750,0,0.00,1,sin anomalia,2026-10-05T14:24:05,mendoza
2026-04-18T08:00:00,355030,Isluga,MODIS,0,0.00,1,sin anomalia,2026-10-05T14:24:05,mendoza
2026-04-18T12:45:00,355030,Isluga,MODIS,0,0.00,1,sin anomalia,2026-10-05T14:24:05,mendoza
2026-04-18T18:00:02,355030,Isluga,VIIRS375,0,0.00,1,sin anomalia,2026-10-05T14:24:05,mendoza
2026-04-18T18:36:00,355030,Isluga,VIIRS750,0,0.00,1,sin anomalia,2026-10-05T14:24:05,mendoza
2026-04-18T18:54:01,355030,Isluga,VIIRS375,0,0.00,1,sin anomalia,2026-10-05T14:24:05,mendoza
2026-04-18T18:54:01,355030,Isluga,VIIRS750,0,0.00,1,sin anomalia,2026-10-05T14:24:05,mendoza
2026-04-18T20:10:00,355030,Isluga,MODIS,0,0.00,1,sin anomalia,2026-10-05T14:24:05,mendoza
2026-04-19T05:12:02,355030,Isluga,VIIRS375,0.32,0.84,1,muy baja,2026-10-05T14:24:05,mendoza
2026-04-19T05:12:02,355030,Isluga,VIIRS750,0,0.00,1,sin anomalia,2026-10-05T14:24:05,mendoza
2026-04-19T06:06:01,355030,Isluga,VIIRS375,0.35,3.09,1,muy baja,2026-10-05T14:24:05,mendoza
2026-04-19T06:06:01,355030,Isluga,VIIRS750,0,0.00,1,sin anomalia,2026-10-05T14:24:05,mendoza
2026-04-19T07:05:00,355030,Isluga,MODIS,0,0.00,1,sin anomalia,2026-10-05T14:24:05,mendoza
2026-04-19T13:20:00,355030,Isluga,MODIS,0,0.00,1,sin anomalia,2026-10-05T14:24:05,mendoza
2026-04-19T17:42:02,355030,Isluga,VIIRS375,0,0.00,1,sin anomalia,2026-10-05T14:24:05,mendoza
2026-04-19T17:42:02,355030,Isluga,VIIRS750,0,0.00,1,sin anomalia,2026-10-05T14:24:05,mendoza
2026-04-19T18:36:01,355030,Isluga,VIIRS375,0,0.00,1,sin anomalia,2026-10-05T14:24:05,mendoza
2026-04-19T18:36:01,355030,Isluga,VIIRS750,0,0.00,1,sin anomalia,2026-10-05T14:24:05,mendoza
2026-04-20T01:30:00,355030,Isluga,MODIS,0,0.00,1,sin anomalia,2026-10-05T14:24:05,mendoza
2026-04-20T04:54:02,355030,Isluga,VIIRS750,0,0.00,1,sin anomalia,2026-10-05T14:24:05,mendoza
2026-04-20T05:48:01,355030,Isluga,VIIRS375,0,0.00,1,sin anomalia,2026-10-05T14:24:05,mendoza
2026-04-20T05:48:01,355030,Isluga,VIIRS750,0,0.00,1,sin anomalia,2026-10-05T14:24:05,mendoza
2026-04-20T06:36:02,355030,Isluga,VIIRS750,0,0.00,1,sin anomalia,2026-10-05T14:24:05,mendoza
2026-04-20T07:40:00,355030,Isluga,MODIS,0,0.00,1,sin anomalia,2026-10-05T14:24:05,mendoza
2026-04-20T17:24:02,355030,Isluga,VIIRS750,0,0.00,1,sin anomalia,2026-10-05T14:24:05,mendoza
2026-04-20T17:54:00,355030,Isluga,VIIRS750,0,0.00,1,sin anomalia,2026-10-05T14:24:05,mendoza
2026-04-20T18:18:01,355030,Isluga,VIIRS375,0,0.00,1,sin anomalia,2026-10-05T14:24:05,mendoza
2026-04-20T18:18:01,355030,Isluga,VIIRS750,0,0.00,1,sin anomalia,2026-10-05T14:24:05,mendoza
2026-04-20T19:06:02,355030,Isluga,VIIRS375,0,0.00,1,sin anomalia,2026-10-05T14:24:05,mendoza
2026-04-20T19:06:02,355030,Isluga,VIIRS750,0,0.00,1,sin anomalia,2026-10-05T14:24:05,mendoza
2026-04-20T19:50:00,355030,Isluga,MODIS,0,0.00,1,sin anomalia,2026-10-05T14:24:05,mendoza
2026-04-21T02:10:00,355030,Isluga,MODIS,0,0.00,1,sin anomalia,2026-10-05T14:24:05,mendoza
2026-04-21T05:24:01,355030,Isluga,VIIRS375,0.5,0.53,1,muy baja,2026-10-05T14:24:05,mendoza
2026-04-21T05:24:01,355030,Isluga,VIIRS750,0.22,0.75,1,muy baja,2026-10-05T14:24:05,mendoza
2026-04-21T06:18:02,355030,Isluga,VIIRS375,0.08,0.38,1,muy baja,2026-10-05T14:24:05,mendoza
2026-04-21T06:18:02,355030,Isluga,VIIRS750,0,0.00,1,sin anomalia,2026-10-05T14:24:05,mendoza
2026-04-21T06:48:00,355030,Isluga,VIIRS375,0,0.00,1,sin anomalia,2026-10-05T14:24:05,mendoza
2026-04-21T06:48:00,355030,Isluga,VIIRS750,0,0.00,1,sin anomalia,2026-10-05T14:24:05,mendoza
2026-04-21T08:20:00,355030,Isluga,MODIS,0,0.00,1,sin anomalia,2026-10-05T14:24:05,mendoza
2026-04-21T13:00:00,355030,Isluga,MODIS,0,0.00,1,sin anomalia,2026-10-05T14:24:05,mendoza
2026-04-21T17:36:00,355030,Isluga,VIIRS375,0,0.00,1,sin anomalia,2026-10-05T14:24:05,mendoza
2026-04-21T17:36:00,355030,Isluga,VIIRS750,0,0.00,1,sin anomalia,2026-10-05T14:24:05,mendoza
2026-04-21T17:54:01,355030,Isluga,VIIRS375,0,0.00,1,sin anomalia,2026-10-05T14:24:05,mendoza
2026-04-21T17:54:01,355030,Isluga,VIIRS750,0,0.00,1,sin anomalia,2026-10-05T14:24:05,mendoza
2026-04-21T18:48:02,355030,Isluga,VIIRS375,0,0.00,1,sin anomalia,2026-10-05T14:24:05,mendoza
2026-04-21T18:48:02,355030,Isluga,VIIRS750,0,0.00,1,sin anomalia,2026-10-05T14:24:05,mendoza
2026-04-21T19:18:00,355030,Isluga,VIIRS375,0,0.00,1,sin anomalia,2026-10-05T14:24:05,mendoza
2026-04-21T19:18:00,355030,Isluga,VIIRS750,0,0.00,1,sin anomalia,2026-10-05T14:24:05,mendoza
2026-04-21T20:25:00,355030,Isluga,MODIS,0,0.00,1,sin anomalia,2026-10-05T14:24:05,mendoza
2026-04-22T01:10:00,355030,Isluga,MODIS,0,0.00,1,sin anomalia,2026-10-05T14:24:05,mendoza
2026-04-22T05:06:01,355030,Isluga,VIIRS375,0,0.00,1,sin anomalia,2026-10-05T14:24:05,mendoza
2026-04-22T05:06:01,355030,Isluga,VIIRS750,0,0.00,1,sin anomalia,2026-10-05T14:24:05,mendoza
2026-04-22T05:54:02,355030,Isluga,VIIRS375,0,0.00,1,sin anomalia,2026-10-05T14:24:05,mendoza
2026-04-22T05:54:02,355030,Isluga,VIIRS750,0,0.00,1,sin anomalia,2026-10-05T14:24:05,mendoza
2026-04-22T06:30:00,355030,Isluga,VIIRS375,0,0.00,1,sin anomalia,2026-10-05T14:24:05,mendoza
2026-04-22T06:30:00,355030,Isluga,VIIRS750,0,0.00,1,sin anomalia,2026-10-05T14:24:05,mendoza
2026-04-22T07:20:00,355030,Isluga,MODIS,0,0.00,1,sin anomalia,2026-10-05T14:24:05,mendoza
2026-04-22T13:40:00,355030,Isluga,MODIS,0,0.00,1,sin anomalia,2026-10-05T14:24:05,mendoza
2026-04-22T17:18:00,355030,Isluga,VIIRS375,0,0.00,1,sin anomalia,2026-10-05T14:24:05,mendoza
2026-04-22T17:18:00,355030,Isluga,VIIRS750,0,0.00,1,sin anomalia,2026-10-05T14:24:05,mendoza
2026-04-22T17:36:01,355030,Isluga,VIIRS375,0,0.00,1,sin anomalia,2026-10-05T14:24:05,mendoza
2026-04-22T18:24:02,355030,Isluga,VIIRS750,0,0.00,1,sin anomalia,2026-10-05T14:24:05,mendoza
2026-04-22T19:00:00,355030,Isluga,VIIRS375,0,0.00,1,sin anomalia,2026-10-05T14:24:05,mendoza
2026-04-22T19:00:00,355030,Isluga,VIIRS750,0,0.00,1,sin anomalia,2026-10-05T14:24:05,mendoza
2026-04-22T19:25:00,355030,Isluga,MODIS,0,0.00,1,sin anomalia,2026-10-05T14:24:05,mendoza
2026-04-23T01:50:00,355030,Isluga,MODIS,0,0.00,1,sin anomalia,2026-10-05T14:24:05,mendoza
2026-04-23T04:48:01,355030,Isluga,VIIRS375,0,0.00,1,sin anomalia,2026-10-05T14:24:05,mendoza
2026-04-23T04:48:01,355030,Isluga,VIIRS750,0,0.00,1,sin anomalia,2026-10-05T14:24:05,mendoza
2026-04-23T05:36:02,355030,Isluga,VIIRS750,0,0.00,1,sin anomalia,2026-10-05T14:24:05,mendoza
2026-04-23T06:30:01,355030,Isluga,VIIRS375,1.6,29.03,0,fuera de radio,2026-10-05T14:24:05,mendoza
2026-04-23T06:30:01,355030,Isluga,VIIRS750,0,0.00,1,sin anomalia,2026-10-05T14:24:05,mendoza
2026-04-23T07:55:00,355030,Isluga,MODIS,0,0.00,1,sin anomalia,2026-10-05T14:24:05,mendoza
2026-04-23T12:40:00,355030,Isluga,MODIS,0,0.00,1,sin anomalia,2026-10-05T14:24:05,mendoza
2026-04-23T17:18:01,355030,Isluga,VIIRS375,0,0.00,1,sin anomalia,2026-10-05T14:24:05,mendoza
2026-04-23T18:42:00,355030,Isluga,VIIRS375,0,0.00,1,sin anomalia,2026-10-05T14:24:05,mendoza
2026-04-23T19:00:01,355030,Isluga,VIIRS375,0,0.00,1,sin anomalia,2026-10-05T14:24:05,mendoza
2026-04-23T19:00:01,355030,Isluga,VIIRS750,0,0.00,1,sin anomalia,2026-10-05T14:24:05,mendoza
2026-04-23T20:05:00,355030,Isluga,MODIS,0,0.00,1,sin anomalia,2026-10-05T14:24:05,mendoza
2026-04-24T05:18:02,355030,Isluga,VIIRS375,0.34,0.84,1,muy baja,2026-10-05T14:24:05,mendoza
2026-04-24T05:18:02,355030,Isluga,VIIRS750,0,0.00,1,sin anomalia,2026-10-05T14:24:05,mendoza
2026-04-24T06:12:01,355030,Isluga,VIIRS375,0,0.00,1,sin anomalia,2026-10-05T14:24:05,mendoza
2026-04-24T06:12:01,355030,Isluga,VIIRS750,0,0.00,1,sin anomalia,2026-10-05T14:24:05,mendoza
2026-04-24T13:20:00,355030,Isluga,MODIS,0,0.00,1,sin anomalia,2026-10-05T14:24:05,mendoza
2026-04-24T17:48:02,355030,Isluga,VIIRS375,0,0.00,1,sin anomalia,2026-10-05T14:24:05,mendoza
2026-04-24T17:48:02,355030,Isluga,VIIRS750,0,0.00,1,sin anomalia,2026-10-05T14:24:05,mendoza
2026-04-24T18:24:00,355030,Isluga,VIIRS375,0,0.00,1,sin anomalia,2026-10-05T14:24:05,mendoza
2026-04-24T18:24:00,355030,Isluga,VIIRS750,0,0.00,1,sin anomalia,2026-10-05T14:24:05,mendoza
2026-04-24T18:42:01,355030,Isluga,VIIRS375,0,0.00,1,sin anomalia,2026-10-05T14:24:05,mendoza
2026-04-24T18:42:01,355030,Isluga,VIIRS750,0,0.00,1,sin anomalia,2026-10-05T14:24:05,mendoza
2026-04-24T20:45:00,355030,Isluga,MODIS,0,0.00,1,sin anomalia,2026-10-05T14:24:05,mendoza
2026-04-25T01:30:00,355030,Isluga,MODIS,0,0.00,1,sin anomalia,2026-10-05T14:24:05,mendoza
2026-04-25T05:54:01,355030,Isluga,VIIRS375,0.31,7.73,0,fuera de radio,2026-10-05T14:24:05,mendoza
2026-04-25T05:54:01,355030,Isluga,VIIRS750,0,0.00,1,sin anomalia,2026-10-05T14:24:05,mendoza
2026-04-25T06:42:02,355030,Isluga,VIIRS375,0,0.00,1,sin anomalia,2026-10-05T14:24:05,mendoza
2026-04-25T06:42:02,355030,Isluga,VIIRS750,0,0.00,1,sin anomalia,2026-10-05T14:24:05,mendoza
2026-04-25T07:35:00,355030,Isluga,MODIS,0,0.00,1,sin anomalia,2026-10-05T14:24:05,mendoza
2026-04-25T14:00:00,355030,Isluga,MODIS,0,0.00,1,sin anomalia,2026-10-05T14:24:05,mendoza
2026-04-25T17:30:02,355030,Isluga,VIIRS375,0,0.00,1,sin anomalia,2026-10-05T14:24:05,mendoza
2026-04-25T17:30:02,355030,Isluga,VIIRS750,0,0.00,1,sin anomalia,2026-10-05T14:24:05,mendoza
2026-04-25T18:00:00,355030,Isluga,VIIRS750,0,0.00,1,sin anomalia,2026-10-05T14:24:05,mendoza
2026-04-25T18:24:01,355030,Isluga,VIIRS750,0,0.00,1,sin anomalia,2026-10-05T14:24:05,mendoza
2026-04-25T19:12:02,355030,Isluga,VIIRS375,0,0.00,1,sin anomalia,2026-10-05T14:24:05,mendoza
2026-04-25T19:45:00,355030,Isluga,MODIS,0,0.00,1,sin anomalia,2026-10-05T14:24:05,mendoza
2026-04-26T02:10:00,355030,Isluga,MODIS,0,0.00,1,sin anomalia,2026-10-05T14:24:05,mendoza
2026-04-26T05:36:01,355030,Isluga,VIIRS375,0,0.00,1,sin anomalia,2026-10-05T14:24:05,mendoza
2026-04-26T06:24:02,355030,Isluga,VIIRS375,0,0.00,1,sin anomalia,2026-10-05T14:24:05,mendoza
2026-04-26T06:24:02,355030,Isluga,VIIRS750,0,0.00,1,sin anomalia,2026-10-05T14:24:05,mendoza
2026-04-26T08:15:00,355030,Isluga,MODIS,0,0.00,1,sin anomalia,2026-10-05T14:24:05,mendoza
2026-04-26T13:00:00,355030,Isluga,MODIS,0,0.00,1,sin anomalia,2026-10-05T14:24:05,mendoza
2026-04-26T18:06:01,355030,Isluga,VIIRS375,0,0.00,1,sin anomalia,2026-10-05T14:24:05,mendoza
2026-04-26T18:06:01,355030,Isluga,VIIRS750,0,0.00,1,sin anomalia,2026-10-05T14:24:05,mendoza
2026-04-26T18:54:02,355030,Isluga,VIIRS375,0,0.00,1,sin anomalia,2026-10-05T14:24:05,mendoza
2026-04-26T18:54:02,355030,Isluga,VIIRS750,0,0.00,1,sin anomalia,2026-10-05T14:24:05,mendoza
2026-04-26T20:20:00,355030,Isluga,MODIS,0,0.00,1,sin anomalia,2026-10-05T14:24:05,mendoza
2026-04-27T01:10:00,355030,Isluga,MODIS,0,0.00,1,sin anomalia,2026-10-05T14:24:05,mendoza
2026-04-27T05:12:01,355030,Isluga,VIIRS375,0.71,26.36,0,fuera de radio,2026-10-05T14:24:05,mendoza
2026-04-27T05:12:01,355030,Isluga,VIIRS750,0,0.00,1,sin anomalia,2026-10-05T14:24:05,mendoza
2026-04-27T06:36:00,355030,Isluga,VIIRS375,0,0.00,1,sin anomalia,2026-10-05T14:24:05,mendoza
2026-04-27T06:36:00,355030,Isluga,VIIRS750,0,0.00,1,sin anomalia,2026-10-05T14:24:05,mendoza
2026-04-27T07:15:00,355030,Isluga,MODIS,0,0.00,1,sin anomalia,2026-10-05T14:24:05,mendoza
2026-04-27T13:40:00,355030,Isluga,MODIS,0,0.00,1,sin anomalia,2026-10-05T14:24:05,mendoza
2026-04-27T17:24:00,355030,Isluga,VIIRS750,0,0.00,1,sin anomalia,2026-10-05T14:24:05,mendoza
2026-04-27T17:42:01,355030,Isluga,VIIRS375,0,0.00,1,sin anomalia,2026-10-05T14:24:05,mendoza
2026-04-27T17:42:01,355030,Isluga,VIIRS750,0,0.00,1,sin anomalia,2026-10-05T14:24:05,mendoza
2026-04-27T18:36:02,355030,Isluga,VIIRS375,0,0.00,1,sin anomalia,2026-10-05T14:24:05,mendoza
2026-04-27T18:36:02,355030,Isluga,VIIRS750,0,0.00,1,sin anomalia,2026-10-05T14:24:05,mendoza
2026-04-27T19:06:00,355030,Isluga,VIIRS375,0,0.00,1,sin anomalia,2026-10-05T14:24:05,mendoza
2026-04-27T19:06:00,355030,Isluga,VIIRS750,0,0.00,1,sin anomalia,2026-10-05T14:24:05,mendoza
2026-04-28T01:50:00,355030,Isluga,MODIS,0,0.00,1,sin anomalia,2026-10-05T14:24:05,mendoza
2026-04-28T04:54:01,355030,Isluga,VIIRS375,0.15,0.75,1,muy baja,2026-10-05T14:24:05,mendoza
2026-04-28T04:54:01,355030,Isluga,VIIRS750,0,0.00,1,sin anomalia,2026-10-05T14:24:05,mendoza
2026-04-28T05:42:02,355030,Isluga,VIIRS750,0.33,0.75,1,muy baja,2026-10-05T14:24:05,mendoza
2026-04-28T06:36:01,355030,Isluga,VIIRS375,0,0.00,1,sin anomalia,2026-10-05T14:24:05,mendoza
2026-04-28T06:36:01,355030,Isluga,VIIRS750,0,0.00,1,sin anomalia,2026-10-05T14:24:05,mendoza
2026-04-28T07:50:00,355030,Isluga,MODIS,0,0.00,1,sin anomalia,2026-10-05T14:24:05,mendoza
2026-04-28T12:40:00,355030,Isluga,MODIS,0,0.00,1,sin anomalia,2026-10-05T14:24:05,mendoza
2026-04-28T17:24:01,355030,Isluga,VIIRS750,0,0.00,1,sin anomalia,2026-10-05T14:24:05,mendoza
2026-04-28T18:12:02,355030,Isluga,VIIRS375,0,0.00,1,sin anomalia,2026-10-05T14:24:05,mendoza
2026-04-28T18:12:02,355030,Isluga,VIIRS750,0,0.00,1,sin anomalia,2026-10-05T14:24:05,mendoza
2026-04-28T19:06:01,355030,Isluga,VIIRS375,0,0.00,1,sin anomalia,2026-10-05T14:24:05,mendoza
2026-04-28T19:06:01,355030,Isluga,VIIRS750,0,0.00,1,sin anomalia,2026-10-05T14:24:05,mendoza
2026-04-28T20:00:00,355030,Isluga,MODIS,0,0.00,1,sin anomalia,2026-10-05T14:24:05,mendoza
2026-04-29T05:24:02,355030,Isluga,VIIRS750,0,0.00,1,sin anomalia,2026-10-05T14:24:05,mendoza
2026-04-29T06:18:01,355030,Isluga,VIIRS375,0.69,22.37,0,fuera de radio,2026-10-05T14:24:05,mendoza
2026-04-29T06:18:01,355030,Isluga,VIIRS750,0,0.00,1,sin anomalia,2026-10-05T14:24:05,mendoza
2026-04-29T13:20:00,355030,Isluga,MODIS,0,0.00,1,sin anomalia,2026-10-05T14:24:05,mendoza
2026-04-29T17:54:02,355030,Isluga,VIIRS375,0,0.00,1,sin anomalia,2026-10-05T14:24:05,mendoza
2026-04-29T17:54:02,355030,Isluga,VIIRS750,0,0.00,1,sin anomalia,2026-10-05T14:24:05,mendoza
2026-04-29T18:48:01,355030,Isluga,VIIRS375,0,0.00,1,sin anomalia,2026-10-05T14:24:05,mendoza
2026-04-29T18:48:01,355030,Isluga,VIIRS750,0,0.00,1,sin anomalia,2026-10-05T14:24:05,mendoza
2026-04-29T20:35:00,355030,Isluga,MODIS,0,0.00,1,sin anomalia,2026-10-05T14:24:05,mendoza
2026-04-30T01:30:00,355030,Isluga,MODIS,0,0.00,1,sin anomalia,2026-10-05T14:24:05,mendoza
2026-04-30T05:06:02,355030,Isluga,VIIRS375,0.27,1.06,1,muy baja,2026-10-05T14:24:05,mendoza
2026-04-30T06:00:01,355030,Isluga,VIIRS375,0,0.00,1,sin anomalia,2026-10-05T14:24:05,mendoza
2026-04-30T06:00:01,355030,Isluga,VIIRS750,0,0.00,1,sin anomalia,2026-10-05T14:24:05,mendoza
2026-04-30T07:30:00,355030,Isluga,MODIS,0,0.00,1,sin anomalia,2026-10-05T14:24:05,mendoza
2026-04-30T14:00:00,355030,Isluga,MODIS,0,0.00,1,sin anomalia,2026-10-05T14:24:05,mendoza
2026-04-30T17:36:02,355030,Isluga,VIIRS750,0,0.00,1,sin anomalia,2026-10-05T14:24:05,mendoza
2026-04-30T18:12:00,355030,Isluga,VIIRS750,0,0.00,1,sin anomalia,2026-10-05T14:24:05,mendoza
2026-04-30T18:30:01,355030,Isluga,VIIRS375,0,0.00,1,sin anomalia,2026-10-05T14:24:05,mendoza
2026-04-30T18:30:01,355030,Isluga,VIIRS750,0,0.00,1,sin anomalia,2026-10-05T14:24:05,mendoza
2026-04-30T19:35:00,355030,Isluga,MODIS,0,0.00,1,sin anomalia,2026-10-05T14:24:05,mendoza
2026-05-01T02:10:00,355030,Isluga,MODIS,0,0.00,1,sin anomalia,2026-10-05T14:24:05,mendoza
2026-05-01T04:48:02,355030,Isluga,VIIRS750,0,0.00,1,sin anomalia,2026-10-05T14:24:05,mendoza
2026-05-01T05:42:01,355030,Isluga,VIIRS375,0.32,0.53,1,muy baja,2026-10-05T14:24:05,mendoza
2026-05-01T05:42:01,355030,Isluga,VIIRS750,0.43,0.75,1,muy baja,2026-10-05T14:24:05,mendoza
2026-05-01T06:30:02,355030,Isluga,VIIRS375,0,0.00,1,sin anomalia,2026-10-05T14:24:05,mendoza
2026-05-01T06:30:02,355030,Isluga,VIIRS750,0,0.00,1,sin anomalia,2026-10-05T14:24:05,mendoza
2026-05-01T08:05:00,355030,Isluga,MODIS,0,0.00,1,sin anomalia,2026-10-05T14:24:05,mendoza
2026-05-01T13:00:00,355030,Isluga,MODIS,0,0.00,1,sin anomalia,2026-10-05T14:24:05,mendoza
2026-05-01T17:18:02,355030,Isluga,VIIRS750,0,0.00,1,sin anomalia,2026-10-05T14:24:05,mendoza
2026-05-01T18:12:01,355030,Isluga,VIIRS375,0,0.00,1,sin anomalia,2026-10-05T14:24:05,mendoza
2026-05-01T18:12:01,355030,Isluga,VIIRS750,0,0.00,1,sin anomalia,2026-10-05T14:24:05,mendoza
2026-05-01T19:00:02,355030,Isluga,VIIRS375,0,0.00,1,sin anomalia,2026-10-05T14:24:05,mendoza
2026-05-01T19:00:02,355030,Isluga,VIIRS750,0,0.00,1,sin anomalia,2026-10-05T14:24:05,mendoza
2026-05-01T20:15:00,355030,Isluga,MODIS,0,0.00,1,sin anomalia,2026-10-05T14:24:05,mendoza
2026-05-02T01:10:00,355030,Isluga,MODIS,0,0.00,1,sin anomalia,2026-10-05T14:24:05,mendoza
2026-05-02T05:18:01,355030,Isluga,VIIRS375,0.6,0.84,1,muy baja,2026-10-05T14:24:05,mendoza
2026-05-02T05:18:01,355030,Isluga,VIIRS750,0,0.00,1,sin anomalia,2026-10-05T14:24:05,mendoza
2026-05-02T06:12:02,355030,Isluga,VIIRS375,0.32,29.96,0,fuera de radio,2026-10-05T14:24:05,mendoza
2026-05-02T06:12:02,355030,Isluga,VIIRS750,0,0.00,1,sin anomalia,2026-10-05T14:24:05,mendoza
2026-05-02T06:42:00,355030,Isluga,VIIRS375,0,0.00,1,sin anomalia,2026-10-05T14:24:05,mendoza
2026-05-02T06:42:00,355030,Isluga,VIIRS750,0,0.00,1,sin anomalia,2026-10-05T14:24:05,mendoza
2026-05-02T07:05:00,355030,Isluga,MODIS,0,0.00,1,sin anomalia,2026-10-05T14:24:05,mendoza
2026-05-02T13:40:00,355030,Isluga,MODIS,0,0.00,1,sin anomalia,2026-10-05T14:24:05,mendoza
2026-05-02T17:30:00,355030,Isluga,VIIRS750,0,0.00,1,sin anomalia,2026-10-05T14:24:05,mendoza
2026-05-02T17:48:01,355030,Isluga,VIIRS375,0,0.00,1,sin anomalia,2026-10-05T14:24:05,mendoza
2026-05-02T17:48:01,355030,Isluga,VIIRS750,0,0.00,1,sin anomalia,2026-10-05T14:24:05,mendoza
2026-05-02T18:42:02,355030,Isluga,VIIRS375,0,0.00,1,sin anomalia,2026-10-05T14:24:05,mendoza
2026-05-02T18:42:02,355030,Isluga,VIIRS750,0,0.00,1,sin anomalia,2026-10-05T14:24:05,mendoza
2026-05-02T19:12:00,355030,Isluga,VIIRS375,0,0.00,1,sin anomalia,2026-10-05T14:24:05,mendoza
2026-05-02T19:12:00,355030,Isluga,VIIRS750,0,0.00,1,sin anomalia,2026-10-05T14:24:05,mendoza
2026-05-03T01:50:00,355030,Isluga,MODIS,0,0.00,1,sin anomalia,2026-10-05T14:24:05,mendoza
2026-05-03T05:00:01,355030,Isluga,VIIRS375,0.24,1.55,1,muy baja,2026-10-05T14:24:05,mendoza
2026-05-03T05:00:01,355030,Isluga,VIIRS750,0,0.00,1,sin anomalia,2026-10-05T14:24:05,mendoza
2026-05-03T05:48:02,355030,Isluga,VIIRS375,0.31,0.84,1,muy baja,2026-10-05T14:24:05,mendoza
2026-05-03T05:48:02,355030,Isluga,VIIRS750,0,0.00,1,sin anomalia,2026-10-05T14:24:05,mendoza
2026-05-03T06:42:01,355030,Isluga,VIIRS375,0,0.00,1,sin anomalia,2026-10-05T14:24:05,mendoza
2026-05-03T06:42:01,355030,Isluga,VIIRS750,0,0.00,1,sin anomalia,2026-10-05T14:24:05,mendoza
2026-05-03T07:45:00,355030,Isluga,MODIS,0,0.00,1,sin anomalia,2026-10-05T14:24:05,mendoza
2026-05-03T12:40:00,355030,Isluga,MODIS,0,0.00,1,sin anomalia,2026-10-05T14:24:05,mendoza
2026-05-03T17:30:01,355030,Isluga,VIIRS375,0,0.00,1,sin anomalia,2026-10-05T14:24:05,mendoza
2026-05-03T17:30:01,355030,Isluga,VIIRS750,0,0.00,1,sin anomalia,2026-10-05T14:24:05,mendoza
2026-05-03T19:12:01,355030,Isluga,VIIRS375,0,0.00,1,sin anomalia,2026-10-05T14:24:05,mendoza
2026-05-03T19:12:01,355030,Isluga,VIIRS750,0,0.00,1,sin anomalia,2026-10-05T14:24:05,mendoza
2026-05-04T05:30:02,355030,Isluga,VIIRS375,0.32,0.84,1,muy baja,2026-10-05T14:24:05,mendoza
2026-05-04T05:30:02,355030,Isluga,VIIRS750,0,0.00,1,sin anomalia,2026-10-05T14:24:05,mendoza
2026-05-04T06:24:01,355030,Isluga,VIIRS375,0.19,0.84,1,muy baja,2026-10-05T14:24:05,mendoza
2026-05-04T06:24:01,355030,Isluga,VIIRS750,0,0.00,1,sin anomalia,2026-10-05T14:24:05,mendoza
2026-05-04T08:25:00,355030,Isluga,MODIS,0,0.00,1,sin anomalia,2026-10-05T14:24:05,mendoza
2026-05-04T13:20:00,355030,Isluga,MODIS,0,0.00,1,sin anomalia,2026-10-05T14:24:05,mendoza
2026-05-04T18:00:02,355030,Isluga,VIIRS375,0,0.00,1,sin anomalia,2026-10-05T14:24:05,mendoza
2026-05-04T18:00:02,355030,Isluga,VIIRS750,0,0.00,1,sin anomalia,2026-10-05T14:24:05,mendoza
2026-05-04T18:36:00,355030,Isluga,VIIRS375,0,0.00,1,sin anomalia,2026-10-05T14:24:05,mendoza
2026-05-04T18:36:00,355030,Isluga,VIIRS750,0,0.00,1,sin anomalia,2026-10-05T14:24:05,mendoza
2026-05-04T18:54:01,355030,Isluga,VIIRS375,0,0.00,1,sin anomalia,2026-10-05T14:24:05,mendoza
2026-05-04T18:54:01,355030,Isluga,VIIRS750,0,0.00,1,sin anomalia,2026-10-05T14:24:05,mendoza
2026-05-04T20:30:00,355030,Isluga,MODIS,0,0.00,1,sin anomalia,2026-10-05T14:24:05,mendoza
2026-05-05T01:30:00,355030,Isluga,MODIS,0,0.00,1,sin anomalia,2026-10-05T14:24:05,mendoza
2026-05-05T05:12:02,355030,Isluga,VIIRS750,0,0.00,1,sin anomalia,2026-10-05T14:24:05,mendoza
2026-05-05T06:06:01,355030,Isluga,VIIRS375,0.15,0.75,1,muy baja,2026-10-05T14:24:05,mendoza
2026-05-05T06:06:01,355030,Isluga,VIIRS750,0,0.00,1,sin anomalia,2026-10-05T14:24:05,mendoza
2026-05-05T07:25:00,355030,Isluga,MODIS,0,0.00,1,sin anomalia,2026-10-05T14:24:05,mendoza
2026-05-05T14:00:00,355030,Isluga,MODIS,0,0.00,1,sin anomalia,2026-10-05T14:24:05,mendoza
2026-05-06T02:05:00,355030,Isluga,MODIS,0,0.00,1,sin anomalia,2026-10-05T14:24:05,mendoza
2026-05-06T04:54:02,355030,Isluga,VIIRS375,0.53,1.55,1,muy baja,2026-10-05T14:24:05,mendoza
2026-05-06T04:54:02,355030,Isluga,VIIRS750,0,0.00,1,sin anomalia,2026-10-05T14:24:05,mendoza
2026-05-06T05:48:01,355030,Isluga,VIIRS375,0.42,0.75,1,muy baja,2026-10-05T14:24:05,mendoza
2026-05-06T05:48:01,355030,Isluga,VIIRS750,0,0.00,1,sin anomalia,2026-10-05T14:24:05,mendoza
2026-05-06T06:36:02,355030,Isluga,VIIRS375,0,0.00,1,sin anomalia,2026-10-05T14:24:05,mendoza
2026-05-06T06:36:02,355030,Isluga,VIIRS750,0,0.00,1,sin anomalia,2026-10-05T14:24:05,mendoza
2026-05-06T08:00:00,355030,Isluga,MODIS,0,0.00,1,sin anomalia,2026-10-05T14:24:05,mendoza
2026-05-06T13:00:00,355030,Isluga,MODIS,0,0.00,1,sin anomalia,2026-10-05T14:24:05,mendoza
2026-05-06T18:18:01,355030,Isluga,VIIRS375,0,0.00,1,sin anomalia,2026-10-05T14:24:05,mendoza
2026-05-06T18:18:01,355030,Isluga,VIIRS750,0,0.00,1,sin anomalia,2026-10-05T14:24:05,mendoza
2026-05-06T20:10:00,355030,Isluga,MODIS,0,0.00,1,sin anomalia,2026-10-05T14:24:05,mendoza
2026-05-07T01:10:00,355030,Isluga,MODIS,0,0.00,1,sin anomalia,2026-10-05T14:24:05,mendoza
2026-05-07T05:24:01,355030,Isluga,VIIRS375,1.14,8.91,0,fuera de radio,2026-10-05T14:24:05,mendoza
2026-05-07T05:24:01,355030,Isluga,VIIRS750,0,0.00,1,sin anomalia,2026-10-05T14:24:05,mendoza
2026-05-07T06:18:02,355030,Isluga,VIIRS375,0,0.00,1,sin anomalia,2026-10-05T14:24:05,mendoza
2026-05-07T06:18:02,355030,Isluga,VIIRS750,0,0.00,1,sin anomalia,2026-10-05T14:24:05,mendoza
2026-05-07T06:48:00,355030,Isluga,VIIRS375,0,0.00,1,sin anomalia,2026-10-05T14:24:05,mendoza
2026-05-07T06:48:00,355030,Isluga,VIIRS750,0,0.00,1,sin anomalia,2026-10-05T14:24:05,mendoza
2026-05-07T07:00:00,355030,Isluga,MODIS,0,0.00,1,sin anomalia,2026-10-05T14:24:05,mendoza
2026-05-07T13:40:00,355030,Isluga,MODIS,0,0.00,1,sin anomalia,2026-10-05T14:24:05,mendoza
2026-05-07T17:54:01,355030,Isluga,VIIRS375,0,0.00,1,sin anomalia,2026-10-05T14:24:05,mendoza
2026-05-07T17:54:01,355030,Isluga,VIIRS750,0,0.00,1,sin anomalia,2026-10-05T14:24:05,mendoza
2026-05-07T18:48:02,355030,Isluga,VIIRS375,0,0.00,1,sin anomalia,2026-10-05T14:24:05,mendoza
2026-05-07T18:48:02,355030,Isluga,VIIRS750,0,0.00,1,sin anomalia,2026-10-05T14:24:05,mendoza
2026-05-07T19:18:00,355030,Isluga,VIIRS375,0,0.00,1,sin anomalia,2026-10-05T14:24:05,mendoza
2026-05-07T19:18:00,355030,Isluga,VIIRS750,0,0.00,1,sin anomalia,2026-10-05T14:24:05,mendoza
2026-05-07T20:45:00,355030,Isluga,MODIS,0,0.00,1,sin anomalia,2026-10-05T14:24:05,mendoza
2026-05-08T01:50:00,355030,Isluga,MODIS,0,0.00,1,sin anomalia,2026-10-05T14:24:05,mendoza
2026-05-08T05:06:01,355030,Isluga,VIIRS375,0.74,0.84,1,muy baja,2026-10-05T14:24:05,mendoza
2026-05-08T05:06:01,355030,Isluga,VIIRS750,0,0.00,1,sin anomalia,2026-10-05T14:24:05,mendoza
2026-05-08T05:54:02,355030,Isluga,VIIRS375,0.13,0.53,1,muy baja,2026-10-05T14:24:05,mendoza
2026-05-08T05:54:02,355030,Isluga,VIIRS750,0,0.00,1,sin anomalia,2026-10-05T14:24:05,mendoza
2026-05-08T06:30:00,355030,Isluga,VIIRS375,0,0.00,1,sin anomalia,2026-10-05T14:24:05,mendoza
2026-05-08T06:30:00,355030,Isluga,VIIRS750,0,0.00,1,sin anomalia,2026-10-05T14:24:05,mendoza
2026-05-08T07:40:00,355030,Isluga,MODIS,0,0.00,1,sin anomalia,2026-10-05T14:24:05,mendoza
2026-05-08T12:40:00,355030,Isluga,MODIS,0,0.00,1,sin anomalia,2026-10-05T14:24:05,mendoza
2026-05-08T17:36:01,355030,Isluga,VIIRS375,0,0.00,1,sin anomalia,2026-10-05T14:24:05,mendoza
2026-05-08T17:36:01,355030,Isluga,VIIRS750,0,0.00,1,sin anomalia,2026-10-05T14:24:05,mendoza
2026-05-08T18:24:02,355030,Isluga,VIIRS375,0,0.00,1,sin anomalia,2026-10-05T14:24:05,mendoza
2026-05-08T18:24:02,355030,Isluga,VIIRS750,0,0.00,1,sin anomalia,2026-10-05T14:24:05,mendoza
2026-05-08T19:00:00,355030,Isluga,VIIRS375,0,0.00,1,sin anomalia,2026-10-05T14:24:05,mendoza
2026-05-08T19:00:00,355030,Isluga,VIIRS750,0,0.00,1,sin anomalia,2026-10-05T14:24:05,mendoza
2026-05-08T19:45:00,355030,Isluga,MODIS,0,0.00,1,sin anomalia,2026-10-05T14:24:05,mendoza
2026-05-09T04:48:01,355030,Isluga,VIIRS375,0,0.00,1,sin anomalia,2026-10-05T14:24:05,mendoza
2026-05-09T04:48:01,355030,Isluga,VIIRS750,0,0.00,1,sin anomalia,2026-10-05T14:24:05,mendoza
2026-05-09T05:36:02,355030,Isluga,VIIRS375,0.31,0.53,1,muy baja,2026-10-05T14:24:05,mendoza
2026-05-09T05:36:02,355030,Isluga,VIIRS750,0,0.00,1,sin anomalia,2026-10-05T14:24:05,mendoza
2026-05-09T06:30:01,355030,Isluga,VIIRS375,0.1,0.53,1,muy baja,2026-10-05T14:24:05,mendoza
2026-05-09T06:30:01,355030,Isluga,VIIRS750,0,0.00,1,sin anomalia,2026-10-05T14:24:05,mendoza
2026-05-09T08:15:00,355030,Isluga,MODIS,0,0.00,1,sin anomalia,2026-10-05T14:24:05,mendoza
2026-05-09T13:20:00,355030,Isluga,MODIS,0,0.00,1,sin anomalia,2026-10-05T14:24:05,mendoza
2026-05-09T17:18:01,355030,Isluga,VIIRS375,0,0.00,1,sin anomalia,2026-10-05T14:24:05,mendoza
2026-05-09T17:18:01,355030,Isluga,VIIRS750,0,0.00,1,sin anomalia,2026-10-05T14:24:05,mendoza
2026-05-09T18:06:02,355030,Isluga,VIIRS375,0,0.00,1,sin anomalia,2026-10-05T14:24:05,mendoza
2026-05-09T18:06:02,355030,Isluga,VIIRS750,0,0.00,1,sin anomalia,2026-10-05T14:24:05,mendoza
2026-05-09T18:42:00,355030,Isluga,VIIRS750,0,0.00,1,sin anomalia,2026-10-05T14:24:05,mendoza
2026-05-09T19:00:01,355030,Isluga,VIIRS375,0,0.00,1,sin anomalia,2026-10-05T14:24:05,mendoza
2026-05-09T19:00:01,355030,Isluga,VIIRS750,0,0.00,1,sin anomalia,2026-10-05T14:24:05,mendoza
2026-05-09T20:25:00,355030,Isluga,MODIS,0,0.00,1,sin anomalia,2026-10-05T14:24:05,mendoza
2026-05-10T01:30:00,355030,Isluga,MODIS,0,0.00,1,sin anomalia,2026-10-05T14:24:05,mendoza
2026-05-10T06:12:01,355030,Isluga,VIIRS375,0.37,11.03,0,fuera de radio,2026-10-05T14:24:05,mendoza
2026-05-10T06:12:01,355030,Isluga,VIIRS750,0,0.00,1,sin anomalia,2026-10-05T14:24:05,mendoza
2026-05-10T07:15:00,355030,Isluga,MODIS,0,0.00,1,sin anomalia,2026-10-05T14:24:05,mendoza
2026-05-10T13:55:00,355030,Isluga,MODIS,0,0.00,1,sin anomalia,2026-10-05T14:24:05,mendoza
2026-05-10T17:48:02,355030,Isluga,VIIRS375,0,0.00,1,sin anomalia,2026-10-05T14:24:05,mendoza
2026-05-10T17:48:02,355030,Isluga,VIIRS750,0,0.00,1,sin anomalia,2026-10-05T14:24:05,mendoza
2026-05-10T18:24:00,355030,Isluga,VIIRS375,0,0.00,1,sin anomalia,2026-10-05T14:24:05,mendoza
2026-05-10T18:24:00,355030,Isluga,VIIRS750,0,0.00,1,sin anomalia,2026-10-05T14:24:05,mendoza
2026-05-10T18:42:01,355030,Isluga,VIIRS375,0,0.00,1,sin anomalia,2026-10-05T14:24:05,mendoza
2026-05-10T18:42:01,355030,Isluga,VIIRS750,0,0.00,1,sin anomalia,2026-10-05T14:24:05,mendoza
2026-05-10T19:25:00,355030,Isluga,MODIS,0,0.00,1,sin anomalia,2026-10-05T14:24:05,mendoza
2026-05-11T02:05:00,355030,Isluga,MODIS,0,0.00,1,sin anomalia,2026-10-05T14:24:05,mendoza
2026-05-11T05:54:01,355030,Isluga,VIIRS375,0.45,10.98,0,fuera de radio,2026-10-05T14:24:05,mendoza
2026-05-11T05:54:01,355030,Isluga,VIIRS750,0.27,0.00,1,muy baja,2026-10-05T14:24:05,mendoza
2026-05-11T06:42:02,355030,Isluga,VIIRS375,0,0.00,1,sin anomalia,2026-10-05T14:24:05,mendoza
2026-05-11T06:42:02,355030,Isluga,VIIRS750,0,0.00,1,sin anomalia,2026-10-05T14:24:05,mendoza
2026-05-11T07:55:00,355030,Isluga,MODIS,0,0.00,1,sin anomalia,2026-10-05T14:24:05,mendoza
2026-05-11T13:00:00,355030,Isluga,MODIS,0,0.00,1,sin anomalia,2026-10-05T14:24:05,mendoza
2026-05-11T17:30:02,355030,Isluga,VIIRS750,0,0.00,1,sin anomalia,2026-10-05T14:24:05,mendoza
2026-05-11T18:06:00,355030,Isluga,VIIRS750,0,0.00,1,sin anomalia,2026-10-05T14:24:05,mendoza
2026-05-11T18:24:01,355030,Isluga,VIIRS375,0,0.00,1,sin anomalia,2026-10-05T14:24:05,mendoza
2026-05-11T18:24:01,355030,Isluga,VIIRS750,0,0.00,1,sin anomalia,2026-10-05T14:24:05,mendoza
2026-05-11T19:12:02,355030,Isluga,VIIRS375,0,0.00,1,sin anomalia,2026-10-05T14:24:05,mendoza
2026-05-11T20:05:00,355030,Isluga,MODIS,0,0.00,1,sin anomalia,2026-10-05T14:24:05,mendoza
2026-05-12T01:10:00,355030,Isluga,MODIS,0,0.00,1,sin anomalia,2026-10-05T14:24:05,mendoza
2026-05-12T05:36:01,355030,Isluga,VIIRS375,0,0.00,1,sin anomalia,2026-10-05T14:24:05,mendoza
2026-05-12T05:36:01,355030,Isluga,VIIRS750,0,0.00,1,sin anomalia,2026-10-05T14:24:05,mendoza
2026-05-12T06:24:02,355030,Isluga,VIIRS375,0,0.00,1,sin anomalia,2026-10-05T14:24:05,mendoza
2026-05-12T06:24:02,355030,Isluga,VIIRS750,0,0.00,1,sin anomalia,2026-10-05T14:24:05,mendoza
2026-05-12T13:35:00,355030,Isluga,MODIS,0,0.00,1,sin anomalia,2026-10-05T14:24:05,mendoza
2026-05-12T17:42:00,355030,Isluga,VIIRS375,0,0.00,1,sin anomalia,2026-10-05T14:24:05,mendoza
2026-05-12T17:42:00,355030,Isluga,VIIRS750,0,0.00,1,sin anomalia,2026-10-05T14:24:05,mendoza
2026-05-12T18:06:01,355030,Isluga,VIIRS375,0,0.00,1,sin anomalia,2026-10-05T14:24:05,mendoza
2026-05-12T18:06:01,355030,Isluga,VIIRS750,0,0.00,1,sin anomalia,2026-10-05T14:24:05,mendoza
2026-05-12T18:54:02,355030,Isluga,VIIRS750,0,0.00,1,sin anomalia,2026-10-05T14:24:05,mendoza
2026-05-12T20:40:00,355030,Isluga,MODIS,0,0.00,1,sin anomalia,2026-10-05T14:24:05,mendoza
2026-05-13T01:45:00,355030,Isluga,MODIS,0,0.00,1,sin anomalia,2026-10-05T14:24:05,mendoza
2026-05-13T05:12:01,355030,Isluga,VIIRS375,0,0.00,1,sin anomalia,2026-10-05T14:24:05,mendoza
2026-05-13T05:12:01,355030,Isluga,VIIRS750,0,0.00,1,sin anomalia,2026-10-05T14:24:05,mendoza
2026-05-13T06:00:02,355030,Isluga,VIIRS375,0,0.00,1,sin anomalia,2026-10-05T14:24:05,mendoza
2026-05-13T06:00:02,355030,Isluga,VIIRS750,0,0.00,1,sin anomalia,2026-10-05T14:24:05,mendoza
2026-05-13T06:36:00,355030,Isluga,VIIRS375,1.6,20.76,0,fuera de radio,2026-10-05T14:24:05,mendoza
2026-05-13T06:36:00,355030,Isluga,VIIRS750,0,0.00,1,sin anomalia,2026-10-05T14:24:05,mendoza
2026-05-13T07:35:00,355030,Isluga,MODIS,0,0.00,1,sin anomalia,2026-10-05T14:24:05,mendoza
2026-05-13T12:40:00,355030,Isluga,MODIS,0,0.00,1,sin anomalia,2026-10-05T14:24:05,mendoza
2026-05-13T17:42:01,355030,Isluga,VIIRS375,0,0.00,1,sin anomalia,2026-10-05T14:24:05,mendoza
2026-05-13T17:42:01,355030,Isluga,VIIRS750,0,0.00,1,sin anomalia,2026-10-05T14:24:05,mendoza
2026-05-13T18:36:02,355030,Isluga,VIIRS375,0,0.00,1,sin anomalia,2026-10-05T14:24:05,mendoza
2026-05-13T18:36:02,355030,Isluga,VIIRS750,0,0.00,1,sin anomalia,2026-10-05T14:24:05,mendoza
2026-05-13T19:06:00,355030,Isluga,VIIRS375,0,0.00,1,sin anomalia,2026-10-05T14:24:05,mendoza
2026-05-13T19:06:00,355030,Isluga,VIIRS750,0,0.00,1,sin anomalia,2026-10-05T14:24:05,mendoza
2026-05-13T19:40:00,355030,Isluga,MODIS,0,0.00,1,sin anomalia,2026-10-05T14:24:05,mendoza
2026-05-14T04:54:01,355030,Isluga,VIIRS750,0,0.00,1,sin anomalia,2026-10-05T14:24:05,mendoza
2026-05-14T05:42:02,355030,Isluga,VIIRS375,0.07,0.53,1,muy baja,2026-10-05T14:24:05,mendoza
2026-05-14T06:18:00,355030,Isluga,VIIRS375,0,0.00,1,sin anomalia,2026-10-05T14:24:05,mendoza
2026-05-14T06:36:01,355030,Isluga,VIIRS375,0,0.00,1,sin anomalia,2026-10-05T14:24:05,mendoza
2026-05-14T06:36:01,355030,Isluga,VIIRS750,0,0.00,1,sin anomalia,2026-10-05T14:24:05,mendoza
2026-05-14T08:10:00,355030,Isluga,MODIS,0,0.00,1,sin anomalia,2026-10-05T14:24:05,mendoza
2026-05-14T13:20:00,355030,Isluga,MODIS,0,0.00,1,sin anomalia,2026-10-05T14:24:05,mendoza
2026-05-14T17:24:01,355030,Isluga,VIIRS375,0,0.00,1,sin anomalia,2026-10-05T14:24:05,mendoza
2026-05-14T17:24:01,355030,Isluga,VIIRS750,0,0.00,1,sin anomalia,2026-10-05T14:24:05,mendoza
2026-05-14T18:12:02,355030,Isluga,VIIRS750,0,0.00,1,sin anomalia,2026-10-05T14:24:05,mendoza
2026-05-14T18:48:00,355030,Isluga,VIIRS750,0,0.00,1,sin anomalia,2026-10-05T14:24:05,mendoza
2026-05-14T19:06:01,355030,Isluga,VIIRS375,0,0.00,1,sin anomalia,2026-10-05T14:24:05,mendoza
2026-05-14T19:06:01,355030,Isluga,VIIRS750,0,0.00,1,sin anomalia,2026-10-05T14:24:05,mendoza
2026-05-14T20:20:00,355030,Isluga,MODIS,0,0.00,1,sin anomalia,2026-10-05T14:24:05,mendoza
2026-05-15T01:25:00,355030,Isluga,MODIS,0,0.00,1,sin anomalia,2026-10-05T14:24:05,mendoza
2026-05-15T05:24:02,355030,Isluga,VIIRS750,0.15,1.06,1,muy baja,2026-10-05T14:24:05,mendoza
2026-05-15T06:18:01,355030,Isluga,VIIRS375,0,0.00,1,sin anomalia,2026-10-05T14:24:05,mendoza
2026-05-15T06:18:01,355030,Isluga,VIIRS750,0,0.00,1,sin anomalia,2026-10-05T14:24:05,mendoza
2026-05-15T07:10:00,355030,Isluga,MODIS,0,0.00,1,sin anomalia,2026-10-05T14:24:05,mendoza
2026-05-15T13:55:00,355030,Isluga,MODIS,0,0.00,1,sin anomalia,2026-10-05T14:24:05,mendoza
2026-05-15T17:54:02,355030,Isluga,VIIRS750,0,0.00,1,sin anomalia,2026-10-05T14:24:05,mendoza
2026-05-15T18:30:00,355030,Isluga,VIIRS750,0,0.00,1,sin anomalia,2026-10-05T14:24:05,mendoza
2026-05-15T18:48:01,355030,Isluga,VIIRS375,0,0.00,1,sin anomalia,2026-10-05T14:24:05,mendoza
2026-05-15T18:48:01,355030,Isluga,VIIRS750,0,0.00,1,sin anomalia,2026-10-05T14:24:05,mendoza
2026-05-16T02:05:00,355030,Isluga,MODIS,0,0.00,1,sin anomalia,2026-10-05T14:24:05,mendoza
2026-05-16T05:06:02,355030,Isluga,VIIRS750,0,0.00,1,sin anomalia,2026-10-05T14:24:05,mendoza
2026-05-16T06:00:01,355030,Isluga,VIIRS375,0.08,0.53,1,muy baja,2026-10-05T14:24:05,mendoza
2026-05-16T06:00:01,355030,Isluga,VIIRS750,0,0.00,1,sin anomalia,2026-10-05T14:24:05,mendoza
2026-05-16T07:50:00,355030,Isluga,MODIS,0,0.00,1,sin anomalia,2026-10-05T14:24:05,mendoza
2026-05-16T13:00:00,355030,Isluga,MODIS,0,0.00,1,sin anomalia,2026-10-05T14:24:05,mendoza
2026-05-16T17:36:02,355030,Isluga,VIIRS375,0,0.00,1,sin anomalia,2026-10-05T14:24:05,mendoza
2026-05-16T18:30:01,355030,Isluga,VIIRS375,2.91,26.69,0,fuera de radio,2026-10-05T14:24:05,mendoza
2026-05-16T18:30:01,355030,Isluga,VIIRS750,0,0.00,1,sin anomalia,2026-10-05T14:24:05,mendoza
2026-05-16T19:55:00,355030,Isluga,MODIS,0,0.00,1,sin anomalia,2026-10-05T14:24:05,mendoza
2026-05-17T01:05:00,355030,Isluga,MODIS,0,0.00,1,sin anomalia,2026-10-05T14:24:05,mendoza
2026-05-17T04:48:02,355030,Isluga,VIIRS750,0,0.00,1,sin anomalia,2026-10-05T14:24:05,mendoza
2026-05-17T05:42:01,355030,Isluga,VIIRS375,0.25,0.53,1,muy baja,2026-10-05T14:24:05,mendoza
2026-05-17T05:42:01,355030,Isluga,VIIRS750,0.24,0.75,1,muy baja,2026-10-05T14:24:05,mendoza
2026-05-17T06:30:02,355030,Isluga,VIIRS375,0,0.00,1,sin anomalia,2026-10-05T14:24:05,mendoza
2026-05-17T06:30:02,355030,Isluga,VIIRS750,0,0.00,1,sin anomalia,2026-10-05T14:24:05,mendoza
2026-05-17T08:25:00,355030,Isluga,MODIS,0,0.00,1,sin anomalia,2026-10-05T14:24:05,mendoza
2026-05-17T13:35:00,355030,Isluga,MODIS,0,0.00,1,sin anomalia,2026-10-05T14:24:05,mendoza
2026-05-17T17:18:02,355030,Isluga,VIIRS375,0,0.00,1,sin anomalia,2026-10-05T14:24:05,mendoza
2026-05-17T17:18:02,355030,Isluga,VIIRS750,0,0.00,1,sin anomalia,2026-10-05T14:24:05,mendoza
2026-05-17T18:12:01,355030,Isluga,VIIRS375,0,0.00,1,sin anomalia,2026-10-05T14:24:05,mendoza
2026-05-17T18:12:01,355030,Isluga,VIIRS750,0,0.00,1,sin anomalia,2026-10-05T14:24:05,mendoza
2026-05-17T19:00:02,355030,Isluga,VIIRS375,0,0.00,1,sin anomalia,2026-10-05T14:24:05,mendoza
2026-05-17T19:00:02,355030,Isluga,VIIRS750,0,0.00,1,sin anomalia,2026-10-05T14:24:05,mendoza
2026-05-17T20:35:00,355030,Isluga,MODIS,0,0.00,1,sin anomalia,2026-10-05T14:24:05,mendoza
2026-05-18T01:45:00,355030,Isluga,MODIS,0,0.00,1,sin anomalia,2026-10-05T14:24:05,mendoza
2026-05-18T05:18:01,355030,Isluga,VIIRS375,0.27,0.75,1,muy baja,2026-10-05T14:24:05,mendoza
2026-05-18T05:18:01,355030,Isluga,VIIRS750,0,0.00,1,sin anomalia,2026-10-05T14:24:05,mendoza
2026-05-18T06:12:02,355030,Isluga,VIIRS375,0.06,0.53,1,muy baja,2026-10-05T14:24:05,mendoza
2026-05-18T06:12:02,355030,Isluga,VIIRS750,0,0.00,1,sin anomalia,2026-10-05T14:24:05,mendoza
2026-05-18T06:42:00,355030,Isluga,VIIRS375,0,0.00,1,sin anomalia,2026-10-05T14:24:05,mendoza
2026-05-18T06:42:00,355030,Isluga,VIIRS750,0,0.00,1,sin anomalia,2026-10-05T14:24:05,mendoza
2026-05-18T07:25:00,355030,Isluga,MODIS,0,0.00,1,sin anomalia,2026-10-05T14:24:05,mendoza
2026-05-18T12:40:00,355030,Isluga,MODIS,0,0.00,1,sin anomalia,2026-10-05T14:24:05,mendoza
2026-05-18T17:48:01,355030,Isluga,VIIRS375,0,0.00,1,sin anomalia,2026-10-05T14:24:05,mendoza
2026-05-18T18:42:02,355030,Isluga,VIIRS750,0,0.00,1,sin anomalia,2026-10-05T14:24:05,mendoza
2026-05-18T19:12:00,355030,Isluga,VIIRS375,0,0.00,1,sin anomalia,2026-10-05T14:24:05,mendoza
2026-05-18T19:12:00,355030,Isluga,VIIRS750,0,0.00,1,sin anomalia,2026-10-05T14:24:05,mendoza
2026-05-18T19:35:00,355030,Isluga,MODIS,0,0.00,1,sin anomalia,2026-10-05T14:24:05,mendoza
2026-05-19T05:00:01,355030,Isluga,VIIRS375,0.23,0.84,1,muy baja,2026-10-05T14:24:05,mendoza
2026-05-19T05:00:01,355030,Isluga,VIIRS750,0,0.00,1,sin anomalia,2026-10-05T14:24:05,mendoza
2026-05-19T05:48:02,355030,Isluga,VIIRS750,0,0.00,1,sin anomalia,2026-10-05T14:24:05,mendoza
2026-05-19T06:42:01,355030,Isluga,VIIRS375,0,0.00,1,sin anomalia,2026-10-05T14:24:05,mendoza
2026-05-19T06:42:01,355030,Isluga,VIIRS750,0,0.00,1,sin anomalia,2026-10-05T14:24:05,mendoza
2026-05-19T08:05:00,355030,Isluga,MODIS,0,0.00,1,sin anomalia,2026-10-05T14:24:05,mendoza
2026-05-19T13:15:00,355030,Isluga,MODIS,0,0.00,1,sin anomalia,2026-10-05T14:24:05,mendoza
2026-05-19T17:30:01,355030,Isluga,VIIRS375,0,0.00,1,sin anomalia,2026-10-05T14:24:05,mendoza
2026-05-19T17:30:01,355030,Isluga,VIIRS750,0,0.00,1,sin anomalia,2026-10-05T14:24:05,mendoza
2026-05-19T18:18:02,355030,Isluga,VIIRS750,0,0.00,1,sin anomalia,2026-10-05T14:24:05,mendoza
2026-05-19T19:12:01,355030,Isluga,VIIRS375,0,0.00,1,sin anomalia,2026-10-05T14:24:05,mendoza
2026-05-19T19:12:01,355030,Isluga,VIIRS750,0,0.00,1,sin anomalia,2026-10-05T14:24:05,mendoza
2026-05-19T20:15:00,355030,Isluga,MODIS,0,0.00,1,sin anomalia,2026-10-05T14:24:05,mendoza
2026-05-20T05:30:02,355030,Isluga,VIIRS375,0.36,0.84,1,muy baja,2026-10-05T14:24:05,mendoza
2026-05-20T06:24:01,355030,Isluga,VIIRS375,0,0.00,1,sin anomalia,2026-10-05T14:24:05,mendoza
2026-05-20T06:24:01,355030,Isluga,VIIRS750,0,0.00,1,sin anomalia,2026-10-05T14:24:05,mendoza
2026-05-20T07:05:00,355030,Isluga,MODIS,0,0.00,1,sin anomalia,2026-10-05T14:24:05,mendoza
2026-05-20T13:55:00,355030,Isluga,MODIS,0,0.00,1,sin anomalia,2026-10-05T14:24:05,mendoza
2026-05-20T18:54:01,355030,Isluga,VIIRS375,0,0.00,1,sin anomalia,2026-10-05T14:24:05,mendoza
2026-05-20T18:54:01,355030,Isluga,VIIRS750,0,0.00,1,sin anomalia,2026-10-05T14:24:05,mendoza
2026-05-20T20:50:00,355030,Isluga,MODIS,0,0.00,1,sin anomalia,2026-10-05T14:24:05,mendoza
2026-05-21T02:05:00,355030,Isluga,MODIS,0,0.00,1,sin anomalia,2026-10-05T14:24:05,mendoza
2026-05-21T05:12:02,355030,Isluga,VIIRS375,0.33,1.06,1,muy baja,2026-10-05T14:24:05,mendoza
2026-05-21T05:48:00,355030,Isluga,VIIRS375,0.22,0.84,1,muy baja,2026-10-05T14:24:05,mendoza
2026-05-21T06:06:01,355030,Isluga,VIIRS375,0.1,0.53,1,muy baja,2026-10-05T14:24:05,mendoza
2026-05-21T06:06:01,355030,Isluga,VIIRS750,0,0.00,1,sin anomalia,2026-10-05T14:24:05,mendoza
2026-05-21T07:45:00,355030,Isluga,MODIS,0,0.00,1,sin anomalia,2026-10-05T14:24:05,mendoza
2026-05-21T12:55:00,355030,Isluga,MODIS,0,0.00,1,sin anomalia,2026-10-05T14:24:05,mendoza
2026-05-21T17:42:02,355030,Isluga,VIIRS375,0,0.00,1,sin anomalia,2026-10-05T14:24:05,mendoza
2026-05-21T17:42:02,355030,Isluga,VIIRS750,0,0.00,1,sin anomalia,2026-10-05T14:24:05,mendoza
2026-05-21T18:18:00,355030,Isluga,VIIRS375,0,0.00,1,sin anomalia,2026-10-05T14:24:05,mendoza
2026-05-21T18:18:00,355030,Isluga,VIIRS750,0,0.00,1,sin anomalia,2026-10-05T14:24:05,mendoza
2026-05-21T18:36:01,355030,Isluga,VIIRS375,0,0.00,1,sin anomalia,2026-10-05T14:24:05,mendoza
2026-05-21T18:36:01,355030,Isluga,VIIRS750,0,0.00,1,sin anomalia,2026-10-05T14:24:05,mendoza
2026-05-21T19:50:00,355030,Isluga,MODIS,0,0.00,1,sin anomalia,2026-10-05T14:24:05,mendoza
2026-05-22T01:05:00,355030,Isluga,MODIS,0,0.00,1,sin anomalia,2026-10-05T14:24:05,mendoza
2026-05-22T05:48:01,355030,Isluga,VIIRS375,0.81,13.92,0,fuera de radio,2026-10-05T14:24:05,mendoza
2026-05-22T05:48:01,355030,Isluga,VIIRS750,0.36,0.75,1,muy baja,2026-10-05T14:24:05,mendoza
2026-05-22T06:36:02,355030,Isluga,VIIRS375,0,0.00,1,sin anomalia,2026-10-05T14:24:05,mendoza
2026-05-22T06:36:02,355030,Isluga,VIIRS750,0,0.00,1,sin anomalia,2026-10-05T14:24:05,mendoza
2026-05-22T08:20:00,355030,Isluga,MODIS,0,0.00,1,sin anomalia,2026-10-05T14:24:05,mendoza
2026-05-22T13:35:00,355030,Isluga,MODIS,0,0.00,1,sin anomalia,2026-10-05T14:24:05,mendoza
2026-05-22T18:18:01,355030,Isluga,VIIRS375,0,0.00,1,sin anomalia,2026-10-05T14:24:05,mendoza
2026-05-22T18:18:01,355030,Isluga,VIIRS750,0,0.00,1,sin anomalia,2026-10-05T14:24:05,mendoza
2026-05-22T19:06:02,355030,Isluga,VIIRS375,0,0.00,1,sin anomalia,2026-10-05T14:24:05,mendoza
2026-05-22T19:06:02,355030,Isluga,VIIRS750,0,0.00,1,sin anomalia,2026-10-05T14:24:05,mendoza
2026-05-22T20:30:00,355030,Isluga,MODIS,0,0.00,1,sin anomalia,2026-10-05T14:24:05,mendoza
2026-05-23T01:45:00,355030,Isluga,MODIS,0,0.00,1,sin anomalia,2026-10-05T14:24:05,mendoza
2026-05-23T05:30:01,355030,Isluga,VIIRS375,0.49,0.53,1,muy baja,2026-10-05T14:24:05,mendoza
2026-05-23T05:30:01,355030,Isluga,VIIRS750,0,0.00,1,sin anomalia,2026-10-05T14:24:05,mendoza
2026-05-23T06:18:02,355030,Isluga,VIIRS375,0,0.00,1,sin anomalia,2026-10-05T14:24:05,mendoza
2026-05-23T06:18:02,355030,Isluga,VIIRS750,0,0.00,1,sin anomalia,2026-10-05T14:24:05,mendoza
2026-05-23T06:48:00,355030,Isluga,VIIRS375,0,0.00,1,sin anomalia,2026-10-05T14:24:05,mendoza
2026-05-23T06:48:00,355030,Isluga,VIIRS750,0,0.00,1,sin anomalia,2026-10-05T14:24:05,mendoza
2026-05-23T07:20:00,355030,Isluga,MODIS,0,0.00,1,sin anomalia,2026-10-05T14:24:05,mendoza
2026-05-23T12:35:00,355030,Isluga,MODIS,0,0.00,1,sin anomalia,2026-10-05T14:24:05,mendoza
2026-05-23T18:00:01,355030,Isluga,VIIRS375,0,0.00,1,sin anomalia,2026-10-05T14:24:05,mendoza
2026-05-23T18:00:01,355030,Isluga,VIIRS750,0,0.00,1,sin anomalia,2026-10-05T14:24:05,mendoza
2026-05-23T18:48:02,355030,Isluga,VIIRS375,0,0.00,1,sin anomalia,2026-10-05T14:24:05,mendoza
2026-05-23T18:48:02,355030,Isluga,VIIRS750,0,0.00,1,sin anomalia,2026-10-05T14:24:05,mendoza
2026-05-23T19:18:00,355030,Isluga,VIIRS375,0,0.00,1,sin anomalia,2026-10-05T14:24:05,mendoza
2026-05-23T19:18:00,355030,Isluga,VIIRS750,0,0.00,1,sin anomalia,2026-10-05T14:24:05,mendoza
2026-05-24T05:06:01,355030,Isluga,VIIRS375,0,0.00,1,sin anomalia,2026-10-05T14:24:05,mendoza
2026-05-24T05:06:01,355030,Isluga,VIIRS750,0,0.00,1,sin anomalia,2026-10-05T14:24:05,mendoza
2026-05-24T05:54:02,355030,Isluga,VIIRS375,0.07,0.53,1,muy baja,2026-10-05T14:24:05,mendoza
2026-05-24T05:54:02,355030,Isluga,VIIRS750,0,0.00,1,sin anomalia,2026-10-05T14:24:05,mendoza
2026-05-24T06:30:00,355030,Isluga,VIIRS375,0,0.00,1,sin anomalia,2026-10-05T14:24:05,mendoza
2026-05-24T06:30:00,355030,Isluga,VIIRS750,0,0.00,1,sin anomalia,2026-10-05T14:24:05,mendoza
2026-05-24T13:15:00,355030,Isluga,MODIS,0,0.00,1,sin anomalia,2026-10-05T14:24:05,mendoza
2026-05-24T17:18:00,355030,Isluga,VIIRS375,0,0.00,1,sin anomalia,2026-10-05T14:24:05,mendoza
2026-05-24T17:18:00,355030,Isluga,VIIRS750,0,0.00,1,sin anomalia,2026-10-05T14:24:05,mendoza
2026-05-24T17:36:01,355030,Isluga,VIIRS375,0,0.00,1,sin anomalia,2026-10-05T14:24:05,mendoza
2026-05-24T17:36:01,355030,Isluga,VIIRS750,0,0.00,1,sin anomalia,2026-10-05T14:24:05,mendoza
2026-05-24T18:24:02,355030,Isluga,VIIRS375,0,0.00,1,sin anomalia,2026-10-05T14:24:05,mendoza
2026-05-24T18:24:02,355030,Isluga,VIIRS750,0,0.00,1,sin anomalia,2026-10-05T14:24:05,mendoza
2026-05-24T19:00:00,355030,Isluga,VIIRS375,0,0.00,1,sin anomalia,2026-10-05T14:24:05,mendoza
2026-05-24T19:00:00,355030,Isluga,VIIRS750,0,0.00,1,sin anomalia,2026-10-05T14:24:05,mendoza
2026-05-24T20:05:00,355030,Isluga,MODIS,0,0.00,1,sin anomalia,2026-10-05T14:24:05,mendoza
2026-05-25T01:25:00,355030,Isluga,MODIS,0,0.00,1,sin anomalia,2026-10-05T14:24:05,mendoza
2026-05-25T04:48:01,355030,Isluga,VIIRS750,0,0.00,1,sin anomalia,2026-10-05T14:24:05,mendoza
2026-05-25T05:36:02,355030,Isluga,VIIRS750,0.27,0.00,1,muy baja,2026-10-05T14:24:05,mendoza
2026-05-25T06:30:01,355030,Isluga,VIIRS375,0.04,0.53,1,muy baja,2026-10-05T14:24:05,mendoza
2026-05-25T06:30:01,355030,Isluga,VIIRS750,0,0.00,1,sin anomalia,2026-10-05T14:24:05,mendoza
2026-05-25T13:55:00,355030,Isluga,MODIS,0,0.00,1,sin anomalia,2026-10-05T14:24:05,mendoza
2026-05-25T17:18:01,355030,Isluga,VIIRS375,0,0.00,1,sin anomalia,2026-10-05T14:24:05,mendoza
2026-05-25T17:18:01,355030,Isluga,VIIRS750,0,0.00,1,sin anomalia,2026-10-05T14:24:05,mendoza
2026-05-25T18:06:02,355030,Isluga,VIIRS375,0,0.00,1,sin anomalia,2026-10-05T14:24:05,mendoza
2026-05-25T18:06:02,355030,Isluga,VIIRS750,0,0.00,1,sin anomalia,2026-10-05T14:24:05,mendoza
2026-05-25T18:42:00,355030,Isluga,VIIRS750,0,0.00,1,sin anomalia,2026-10-05T14:24:05,mendoza
2026-05-25T19:00:01,355030,Isluga,VIIRS375,0,0.00,1,sin anomalia,2026-10-05T14:24:05,mendoza
2026-05-25T19:00:01,355030,Isluga,VIIRS750,0,0.00,1,sin anomalia,2026-10-05T14:24:05,mendoza
2026-05-25T20:45:00,355030,Isluga,MODIS,0,0.00,1,sin anomalia,2026-10-05T14:24:05,mendoza
2026-05-26T02:05:00,355030,Isluga,MODIS,0,0.00,1,sin anomalia,2026-10-05T14:24:05,mendoza
2026-05-26T05:18:02,355030,Isluga,VIIRS750,0,0.00,1,sin anomalia,2026-10-05T14:24:05,mendoza
2026-05-26T06:12:01,355030,Isluga,VIIRS375,0,0.00,1,sin anomalia,2026-10-05T14:24:05,mendoza
2026-05-26T06:12:01,355030,Isluga,VIIRS750,0,0.00,1,sin anomalia,2026-10-05T14:24:05,mendoza
2026-05-26T07:35:00,355030,Isluga,MODIS,0,0.00,1,sin anomalia,2026-10-05T14:24:05,mendoza
2026-05-26T17:48:02,355030,Isluga,VIIRS375,0,0.00,1,sin anomalia,2026-10-05T14:24:05,mendoza
2026-05-26T18:24:00,355030,Isluga,VIIRS375,0,0.00,1,sin anomalia,2026-10-05T14:24:05,mendoza
2026-05-26T18:42:01,355030,Isluga,VIIRS375,0,0.00,1,sin anomalia,2026-10-05T14:24:05,mendoza
2026-05-26T18:42:01,355030,Isluga,VIIRS750,0,0.00,1,sin anomalia,2026-10-05T14:24:05,mendoza
2026-05-26T19:45:00,355030,Isluga,MODIS,0,0.00,1,sin anomalia,2026-10-05T14:24:05,mendoza
2026-05-27T01:05:00,355030,Isluga,MODIS,0,0.00,1,sin anomalia,2026-10-05T14:24:05,mendoza
2026-05-27T05:36:00,355030,Isluga,VIIRS750,0,0.00,1,sin anomalia,2026-10-05T14:24:05,mendoza
2026-05-27T05:54:01,355030,Isluga,VIIRS750,0.26,0.75,1,muy baja,2026-10-05T14:24:05,mendoza
2026-05-27T06:42:02,355030,Isluga,VIIRS375,0,0.00,1,sin anomalia,2026-10-05T14:24:05,mendoza
2026-05-27T06:42:02,355030,Isluga,VIIRS750,0,0.00,1,sin anomalia,2026-10-05T14:24:05,mendoza
2026-05-27T08:15:00,355030,Isluga,MODIS,0,0.00,1,sin anomalia,2026-10-05T14:24:05,mendoza
2026-05-27T13:35:00,355030,Isluga,MODIS,0,0.00,1,sin anomalia,2026-10-05T14:24:05,mendoza
2026-05-27T17:30:02,355030,Isluga,VIIRS375,3.06,24.07,0,fuera de radio,2026-10-05T14:24:05,mendoza
2026-05-27T17:30:02,355030,Isluga,VIIRS750,0,0.00,1,sin anomalia,2026-10-05T14:24:05,mendoza
2026-05-27T18:06:00,355030,Isluga,VIIRS375,0,0.00,1,sin anomalia,2026-10-05T14:24:05,mendoza
2026-05-27T18:06:00,355030,Isluga,VIIRS750,0,0.00,1,sin anomalia,2026-10-05T14:24:05,mendoza
2026-05-27T18:24:01,355030,Isluga,VIIRS375,0,0.00,1,sin anomalia,2026-10-05T14:24:05,mendoza
2026-05-27T18:24:01,355030,Isluga,VIIRS750,0,0.00,1,sin anomalia,2026-10-05T14:24:05,mendoza
2026-05-27T19:12:02,355030,Isluga,VIIRS375,0,0.00,1,sin anomalia,2026-10-05T14:24:05,mendoza
2026-05-27T19:12:02,355030,Isluga,VIIRS750,0,0.00,1,sin anomalia,2026-10-05T14:24:05,mendoza
2026-05-27T20:25:00,355030,Isluga,MODIS,0,0.00,1,sin anomalia,2026-10-05T14:24:05,mendoza
2026-05-28T01:45:00,355030,Isluga,MODIS,0,0.00,1,sin anomalia,2026-10-05T14:24:05,mendoza
2026-05-28T05:36:01,355030,Isluga,VIIRS375,0.4,0.75,1,muy baja,2026-10-05T14:24:05,mendoza
2026-05-28T05:36:01,355030,Isluga,VIIRS750,0.24,0.00,1,muy baja,2026-10-05T14:24:05,mendoza
2026-05-28T06:24:02,355030,Isluga,VIIRS375,0,0.00,1,sin anomalia,2026-10-05T14:24:05,mendoza
2026-05-28T06:24:02,355030,Isluga,VIIRS750,0,0.00,1,sin anomalia,2026-10-05T14:24:05,mendoza
2026-05-28T07:15:00,355030,Isluga,MODIS,0,0.00,1,sin anomalia,2026-10-05T14:24:05,mendoza
2026-05-28T12:35:00,355030,Isluga,MODIS,0,0.00,1,sin anomalia,2026-10-05T14:24:05,mendoza
2026-05-28T18:06:01,355030,Isluga,VIIRS375,0,0.00,1,sin anomalia,2026-10-05T14:24:05,mendoza
2026-05-28T18:06:01,355030,Isluga,VIIRS750,0,0.00,1,sin anomalia,2026-10-05T14:24:05,mendoza
2026-05-28T18:54:02,355030,Isluga,VIIRS375,0,0.00,1,sin anomalia,2026-10-05T14:24:05,mendoza
2026-05-28T18:54:02,355030,Isluga,VIIRS750,0,0.00,1,sin anomalia,2026-10-05T14:24:05,mendoza
2026-05-29T05:12:01,355030,Isluga,VIIRS375,0.49,0.53,1,muy baja,2026-10-05T14:24:05,mendoza
2026-05-29T05:12:01,355030,Isluga,VIIRS750,0,0.00,1,sin anomalia,2026-10-05T14:24:05,mendoza
2026-05-29T06:00:02,355030,Isluga,VIIRS375,0.15,0.53,1,muy baja,2026-10-05T14:24:05,mendoza
2026-05-29T06:00:02,355030,Isluga,VIIRS750,0,0.00,1,sin anomalia,2026-10-05T14:24:05,mendoza
2026-05-29T06:36:00,355030,Isluga,VIIRS375,0.45,15.66,0,fuera de radio,2026-10-05T14:24:05,mendoza
2026-05-29T06:36:00,355030,Isluga,VIIRS750,0,0.00,1,sin anomalia,2026-10-05T14:24:05,mendoza
2026-05-29T07:50:00,355030,Isluga,MODIS,0,0.00,1,sin anomalia,2026-10-05T14:24:05,mendoza
2026-05-29T13:15:00,355030,Isluga,MODIS,0,0.00,1,sin anomalia,2026-10-05T14:24:05,mendoza
2026-05-29T17:48:01,355030,Isluga,VIIRS375,0,0.00,1,sin anomalia,2026-10-05T14:24:05,mendoza
2026-05-29T17:48:01,355030,Isluga,VIIRS750,0,0.00,1,sin anomalia,2026-10-05T14:24:05,mendoza
2026-05-29T18:30:02,355030,Isluga,VIIRS375,0,0.00,1,sin anomalia,2026-10-05T14:24:05,mendoza
2026-05-29T18:30:02,355030,Isluga,VIIRS750,0,0.00,1,sin anomalia,2026-10-05T14:24:05,mendoza
2026-05-29T19:06:00,355030,Isluga,VIIRS375,0,0.00,1,sin anomalia,2026-10-05T14:24:05,mendoza
2026-05-29T19:06:00,355030,Isluga,VIIRS750,0,0.00,1,sin anomalia,2026-10-05T14:24:05,mendoza
2026-05-29T20:00:00,355030,Isluga,MODIS,0,0.00,1,sin anomalia,2026-10-05T14:24:05,mendoza
2026-05-30T01:25:00,355030,Isluga,MODIS,0,0.00,1,sin anomalia,2026-10-05T14:24:05,mendoza
2026-05-30T04:54:01,355030,Isluga,VIIRS375,0.34,0.53,1,muy baja,2026-10-05T14:24:05,mendoza
2026-05-30T04:54:01,355030,Isluga,VIIRS750,0,0.00,1,sin anomalia,2026-10-05T14:24:05,mendoza
2026-05-30T06:36:01,355030,Isluga,VIIRS375,0,0.00,1,sin anomalia,2026-10-05T14:24:05,mendoza
2026-05-30T06:36:01,355030,Isluga,VIIRS750,0,0.00,1,sin anomalia,2026-10-05T14:24:05,mendoza
2026-05-30T08:30:00,355030,Isluga,MODIS,0,0.00,1,sin anomalia,2026-10-05T14:24:05,mendoza
2026-05-30T13:55:00,355030,Isluga,MODIS,0,0.00,1,sin anomalia,2026-10-05T14:24:05,mendoza
2026-05-30T17:24:01,355030,Isluga,VIIRS375,3.96,19.96,0,fuera de radio,2026-10-05T14:24:05,mendoza
2026-05-30T17:24:01,355030,Isluga,VIIRS750,0,0.00,1,sin anomalia,2026-10-05T14:24:05,mendoza
2026-05-30T18:12:02,355030,Isluga,VIIRS375,7.11,19.96,0,fuera de radio,2026-10-05T14:24:05,mendoza
2026-05-30T19:06:01,355030,Isluga,VIIRS375,55.85,20.46,0,fuera de radio,2026-10-05T14:24:05,mendoza
2026-05-30T19:06:01,355030,Isluga,VIIRS750,33.6,20.80,0,fuera de radio,2026-10-05T14:24:05,mendoza
2026-05-30T20:40:00,355030,Isluga,MODIS,0,0.00,1,sin anomalia,2026-10-05T14:24:05,mendoza
2026-05-31T02:00:00,355030,Isluga,MODIS,0,0.00,1,sin anomalia,2026-10-05T14:24:05,mendoza
2026-05-31T05:24:02,355030,Isluga,VIIRS750,0.3,1.06,1,muy baja,2026-10-05T14:24:05,mendoza
2026-05-31T06:18:01,355030,Isluga,VIIRS375,0,0.00,1,sin anomalia,2026-10-05T14:24:05,mendoza
2026-05-31T06:18:01,355030,Isluga,VIIRS750,0,0.00,1,sin anomalia,2026-10-05T14:24:05,mendoza
2026-05-31T07:30:00,355030,Isluga,MODIS,0,0.00,1,sin anomalia,2026-10-05T14:24:05,mendoza
2026-05-31T12:55:00,355030,Isluga,MODIS,0,0.00,1,sin anomalia,2026-10-05T14:24:05,mendoza
2026-05-31T17:54:02,355030,Isluga,VIIRS750,0,0.00,1,sin anomalia,2026-10-05T14:24:05,mendoza
2026-05-31T18:30:00,355030,Isluga,VIIRS750,0,0.00,1,sin anomalia,2026-10-05T14:24:05,mendoza
2026-05-31T18:48:01,355030,Isluga,VIIRS375,0,0.00,1,sin anomalia,2026-10-05T14:24:05,mendoza
2026-05-31T18:48:01,355030,Isluga,VIIRS750,0,0.00,1,sin anomalia,2026-10-05T14:24:05,mendoza
2026-05-31T19:40:00,355030,Isluga,MODIS,0,0.00,1,sin anomalia,2026-10-05T14:24:05,mendoza
2026-06-01T01:05:00,355030,Isluga,MODIS,0,0.00,1,sin anomalia,2026-10-05T14:24:05,mendoza
2026-06-01T05:06:02,355030,Isluga,VIIRS750,0,0.00,1,sin anomalia,2026-10-05T14:24:05,mendoza
2026-06-01T06:00:01,355030,Isluga,VIIRS375,0.25,0.53,1,muy baja,2026-10-05T14:24:05,mendoza
2026-06-01T06:00:01,355030,Isluga,VIIRS750,0,0.00,1,sin anomalia,2026-10-05T14:24:05,mendoza
2026-06-01T08:10:00,355030,Isluga,MODIS,0,0.00,1,sin anomalia,2026-10-05T14:24:05,mendoza
2026-06-01T13:35:00,355030,Isluga,MODIS,0,0.00,1,sin anomalia,2026-10-05T14:24:05,mendoza
2026-06-01T17:36:02,355030,Isluga,VIIRS375,0,0.00,1,sin anomalia,2026-10-05T14:24:05,mendoza
2026-06-01T17:36:02,355030,Isluga,VIIRS750,0,0.00,1,sin anomalia,2026-10-05T14:24:05,mendoza
2026-06-01T18:30:01,355030,Isluga,VIIRS375,4.12,28.81,0,fuera de radio,2026-10-05T14:24:05,mendoza
2026-06-01T18:30:01,355030,Isluga,VIIRS750,0,0.00,1,sin anomalia,2026-10-05T14:24:05,mendoza
2026-06-01T20:15:00,355030,Isluga,MODIS,0,0.00,1,sin anomalia,2026-10-05T14:24:05,mendoza
2026-06-02T01:45:00,355030,Isluga,MODIS,0,0.00,1,sin anomalia,2026-10-05T14:24:05,mendoza
2026-06-02T05:42:01,355030,Isluga,VIIRS375,0.33,0.75,1,muy baja,2026-10-05T14:24:05,mendoza
2026-06-02T05:42:01,355030,Isluga,VIIRS750,0.26,0.75,1,muy baja,2026-10-05T14:24:05,mendoza
2026-06-02T06:30:02,355030,Isluga,VIIRS375,0,0.00,1,sin anomalia,2026-10-05T14:24:05,mendoza
2026-06-02T06:30:02,355030,Isluga,VIIRS750,0,0.00,1,sin anomalia,2026-10-05T14:24:05,mendoza
2026-06-02T07:10:00,355030,Isluga,MODIS,0,0.00,1,sin anomalia,2026-10-05T14:24:05,mendoza
2026-06-02T12:35:00,355030,Isluga,MODIS,0,0.00,1,sin anomalia,2026-10-05T14:24:05,mendoza
2026-06-02T17:18:02,355030,Isluga,VIIRS375,0,0.00,1,sin anomalia,2026-10-05T14:24:05,mendoza
2026-06-02T17:18:02,355030,Isluga,VIIRS750,0,0.00,1,sin anomalia,2026-10-05T14:24:05,mendoza
2026-06-02T17:54:00,355030,Isluga,VIIRS375,0,0.00,1,sin anomalia,2026-10-05T14:24:05,mendoza
2026-06-02T17:54:00,355030,Isluga,VIIRS750,0,0.00,1,sin anomalia,2026-10-05T14:24:05,mendoza
2026-06-02T18:12:01,355030,Isluga,VIIRS375,0,0.00,1,sin anomalia,2026-10-05T14:24:05,mendoza
2026-06-02T18:12:01,355030,Isluga,VIIRS750,0,0.00,1,sin anomalia,2026-10-05T14:24:05,mendoza
2026-06-02T19:00:02,355030,Isluga,VIIRS375,0,0.00,1,sin anomalia,2026-10-05T14:24:05,mendoza
2026-06-02T19:00:02,355030,Isluga,VIIRS750,0,0.00,1,sin anomalia,2026-10-05T14:24:05,mendoza
2026-06-02T20:55:00,355030,Isluga,MODIS,0,0.00,1,sin anomalia,2026-10-05T14:24:05,mendoza
2026-06-03T05:24:01,355030,Isluga,VIIRS375,0.47,0.84,1,muy baja,2026-10-05T14:24:05,mendoza
2026-06-03T05:24:01,355030,Isluga,VIIRS750,0.2,0.75,1,muy baja,2026-10-05T14:24:05,mendoza
2026-06-03T06:06:02,355030,Isluga,VIIRS375,0.1,0.38,1,muy baja,2026-10-05T14:24:05,mendoza
2026-06-03T06:06:02,355030,Isluga,VIIRS750,0,0.00,1,sin anomalia,2026-10-05T14:24:05,mendoza
2026-06-03T06:42:00,355030,Isluga,VIIRS375,0,0.00,1,sin anomalia,2026-10-05T14:24:05,mendoza
2026-06-03T06:42:00,355030,Isluga,VIIRS750,0,0.00,1,sin anomalia,2026-10-05T14:24:05,mendoza
2026-06-03T07:45:00,355030,Isluga,MODIS,0,0.00,1,sin anomalia,2026-10-05T14:24:05,mendoza
2026-06-03T13:15:00,355030,Isluga,MODIS,0,0.00,1,sin anomalia,2026-10-05T14:24:05,mendoza
2026-06-03T17:30:00,355030,Isluga,VIIRS375,0,0.00,1,sin anomalia,2026-10-05T14:24:05,mendoza
2026-06-03T17:30:00,355030,Isluga,VIIRS750,0,0.00,1,sin anomalia,2026-10-05T14:24:05,mendoza
2026-06-03T17:54:01,355030,Isluga,VIIRS375,0,0.00,1,sin anomalia,2026-10-05T14:24:05,mendoza
2026-06-03T17:54:01,355030,Isluga,VIIRS750,0,0.00,1,sin anomalia,2026-10-05T14:24:05,mendoza
2026-06-03T18:42:02,355030,Isluga,VIIRS750,0,0.00,1,sin anomalia,2026-10-05T14:24:05,mendoza
2026-06-03T19:12:00,355030,Isluga,VIIRS375,0,0.00,1,sin anomalia,2026-10-05T14:24:05,mendoza
2026-06-03T19:12:00,355030,Isluga,VIIRS750,0,0.00,1,sin anomalia,2026-10-05T14:24:05,mendoza
2026-06-03T19:55:00,355030,Isluga,MODIS,0,0.00,1,sin anomalia,2026-10-05T14:24:05,mendoza
2026-06-04T01:25:00,355030,Isluga,MODIS,0,0.00,1,sin anomalia,2026-10-05T14:24:05,mendoza
2026-06-04T05:00:01,355030,Isluga,VIIRS375,0.69,1.13,1,muy baja,2026-10-05T14:24:05,mendoza
2026-06-04T05:00:01,355030,Isluga,VIIRS750,0,0.00,1,sin anomalia,2026-10-05T14:24:05,mendoza
2026-06-04T06:42:01,355030,Isluga,VIIRS375,0,0.00,1,sin anomalia,2026-10-05T14:24:05,mendoza
2026-06-04T06:42:01,355030,Isluga,VIIRS750,0,0.00,1,sin anomalia,2026-10-05T14:24:05,mendoza
2026-06-04T08:25:00,355030,Isluga,MODIS,0,0.00,1,sin anomalia,2026-10-05T14:24:05,mendoza
2026-06-04T13:50:00,355030,Isluga,MODIS,0,0.00,1,sin anomalia,2026-10-05T14:24:05,mendoza
2026-06-04T17:30:01,355030,Isluga,VIIRS375,0,0.00,1,sin anomalia,2026-10-05T14:24:05,mendoza
2026-06-04T18:18:02,355030,Isluga,VIIRS375,0,0.00,1,sin anomalia,2026-10-05T14:24:05,mendoza
2026-06-04T19:12:01,355030,Isluga,VIIRS375,0,0.00,1,sin anomalia,2026-10-05T14:24:05,mendoza
2026-06-04T19:12:01,355030,Isluga,VIIRS750,0,0.00,1,sin anomalia,2026-10-05T14:24:05,mendoza
2026-06-04T20:30:00,355030,Isluga,MODIS,0,0.00,1,sin anomalia,2026-10-05T14:24:05,mendoza
2026-06-04T20:35:00,355030,Isluga,MODIS,0,0.00,1,sin anomalia,2026-10-05T14:24:05,mendoza
2026-06-05T05:30:02,355030,Isluga,VIIRS375,0.36,0.75,1,muy baja,2026-10-05T14:24:05,mendoza
2026-06-05T05:30:02,355030,Isluga,VIIRS750,0.18,1.06,1,muy baja,2026-10-05T14:24:05,mendoza
2026-06-05T06:24:01,355030,Isluga,VIIRS375,0,0.00,1,sin anomalia,2026-10-05T14:24:05,mendoza
2026-06-05T06:24:01,355030,Isluga,VIIRS750,0,0.00,1,sin anomalia,2026-10-05T14:24:05,mendoza
2026-06-05T07:25:00,355030,Isluga,MODIS,0,0.00,1,sin anomalia,2026-10-05T14:24:05,mendoza
2026-06-05T12:55:00,355030,Isluga,MODIS,0,0.00,1,sin anomalia,2026-10-05T14:24:05,mendoza
2026-06-05T18:00:02,355030,Isluga,VIIRS375,0,0.00,1,sin anomalia,2026-10-05T14:24:05,mendoza
2026-06-05T18:00:02,355030,Isluga,VIIRS750,0,0.00,1,sin anomalia,2026-10-05T14:24:05,mendoza
2026-06-05T18:36:00,355030,Isluga,VIIRS375,0,0.00,1,sin anomalia,2026-10-05T14:24:05,mendoza
2026-06-05T18:36:00,355030,Isluga,VIIRS750,0,0.00,1,sin anomalia,2026-10-05T14:24:05,mendoza
2026-06-05T18:54:01,355030,Isluga,VIIRS375,0,0.00,1,sin anomalia,2026-10-05T14:24:05,mendoza
2026-06-05T18:54:01,355030,Isluga,VIIRS750,0,0.00,1,sin anomalia,2026-10-05T14:24:05,mendoza
2026-06-05T19:35:00,355030,Isluga,MODIS,0,0.00,1,sin anomalia,2026-10-05T14:24:05,mendoza
2026-06-06T01:05:00,355030,Isluga,MODIS,0,0.00,1,sin anomalia,2026-10-05T14:24:05,mendoza
2026-06-06T05:12:02,355030,Isluga,VIIRS375,0.5,0.84,1,muy baja,2026-10-05T14:24:05,mendoza
2026-06-06T05:12:02,355030,Isluga,VIIRS750,0.19,0.75,1,muy baja,2026-10-05T14:24:05,mendoza
2026-06-06T06:06:01,355030,Isluga,VIIRS375,0.11,0.84,1,muy baja,2026-10-05T14:24:05,mendoza
2026-06-06T06:06:01,355030,Isluga,VIIRS750,0,0.00,1,sin anomalia,2026-10-05T14:24:05,mendoza
2026-06-06T08:00:00,355030,Isluga,MODIS,0,0.00,1,sin anomalia,2026-10-05T14:24:05,mendoza
2026-06-06T13:30:00,355030,Isluga,MODIS,0,0.00,1,sin anomalia,2026-10-05T14:24:05,mendoza
2026-06-06T17:42:02,355030,Isluga,VIIRS375,0,0.00,1,sin anomalia,2026-10-05T14:24:05,mendoza
2026-06-06T17:42:02,355030,Isluga,VIIRS750,0,0.00,1,sin anomalia,2026-10-05T14:24:05,mendoza
2026-06-06T18:36:01,355030,Isluga,VIIRS375,0,0.00,1,sin anomalia,2026-10-05T14:24:05,mendoza
2026-06-06T18:36:01,355030,Isluga,VIIRS750,0,0.00,1,sin anomalia,2026-10-05T14:24:05,mendoza
2026-06-06T20:10:00,355030,Isluga,MODIS,0,0.00,1,sin anomalia,2026-10-05T14:24:05,mendoza
2026-06-07T01:40:00,355030,Isluga,MODIS,0,0.00,1,sin anomalia,2026-10-05T14:24:05,mendoza
2026-06-07T04:54:02,355030,Isluga,VIIRS375,0,0.00,1,sin anomalia,2026-10-05T14:24:05,mendoza
2026-06-07T04:54:02,355030,Isluga,VIIRS750,0,0.00,1,sin anomalia,2026-10-05T14:24:05,mendoza
2026-06-07T05:48:01,355030,Isluga,VIIRS375,0.27,0.75,1,muy baja,2026-10-05T14:24:05,mendoza
2026-06-07T05:48:01,355030,Isluga,VIIRS750,0.2,0.75,1,muy baja,2026-10-05T14:24:05,mendoza
2026-06-07T06:36:02,355030,Isluga,VIIRS375,0,0.00,1,sin anomalia,2026-10-05T14:24:05,mendoza
2026-06-07T06:36:02,355030,Isluga,VIIRS750,0,0.00,1,sin anomalia,2026-10-05T14:24:05,mendoza
2026-06-07T12:35:00,355030,Isluga,MODIS,0,0.00,1,sin anomalia,2026-10-05T14:24:05,mendoza
2026-06-07T18:18:01,355030,Isluga,VIIRS375,0,0.00,1,sin anomalia,2026-10-05T14:24:05,mendoza
2026-06-07T18:18:01,355030,Isluga,VIIRS750,0,0.00,1,sin anomalia,2026-10-05T14:24:05,mendoza
2026-06-07T19:06:02,355030,Isluga,VIIRS375,0,0.00,1,sin anomalia,2026-10-05T14:24:05,mendoza
2026-06-07T19:06:02,355030,Isluga,VIIRS750,0,0.00,1,sin anomalia,2026-10-05T14:24:05,mendoza
2026-06-07T20:50:00,355030,Isluga,MODIS,0,0.00,1,sin anomalia,2026-10-05T14:24:05,mendoza
2026-06-08T05:30:01,355030,Isluga,VIIRS375,0.38,0.84,1,muy baja,2026-10-05T14:24:05,mendoza
2026-06-08T05:30:01,355030,Isluga,VIIRS750,0.21,0.75,1,muy baja,2026-10-05T14:24:05,mendoza
2026-06-08T06:18:02,355030,Isluga,VIIRS375,0.37,3.46,1,muy baja,2026-10-05T14:24:05,mendoza
2026-06-08T06:18:02,355030,Isluga,VIIRS750,0,0.00,1,sin anomalia,2026-10-05T14:24:05,mendoza
2026-06-08T06:48:00,355030,Isluga,VIIRS375,0,0.00,1,sin anomalia,2026-10-05T14:24:05,mendoza
2026-06-08T06:48:00,355030,Isluga,VIIRS750,0,0.00,1,sin anomalia,2026-10-05T14:24:05,mendoza
2026-06-08T07:40:00,355030,Isluga,MODIS,0,0.00,1,sin anomalia,2026-10-05T14:24:05,mendoza
2026-06-08T13:10:00,355030,Isluga,MODIS,0,0.00,1,sin anomalia,2026-10-05T14:24:05,mendoza
2026-06-08T18:00:01,355030,Isluga,VIIRS375,0,0.00,1,sin anomalia,2026-10-05T14:24:05,mendoza
2026-06-08T18:00:01,355030,Isluga,VIIRS750,0,0.00,1,sin anomalia,2026-10-05T14:24:05,mendoza
2026-06-08T18:48:02,355030,Isluga,VIIRS375,0,0.00,1,sin anomalia,2026-10-05T14:24:05,mendoza
2026-06-08T18:48:02,355030,Isluga,VIIRS750,0,0.00,1,sin anomalia,2026-10-05T14:24:05,mendoza
2026-06-08T19:18:00,355030,Isluga,VIIRS375,0,0.00,1,sin anomalia,2026-10-05T14:24:05,mendoza
2026-06-08T19:18:00,355030,Isluga,VIIRS750,0,0.00,1,sin anomalia,2026-10-05T14:24:05,mendoza
2026-06-08T19:50:00,355030,Isluga,MODIS,0,0.00,1,sin anomalia,2026-10-05T14:24:05,mendoza
2026-06-09T01:20:00,355030,Isluga,MODIS,0,0.00,1,sin anomalia,2026-10-05T14:24:05,mendoza
2026-06-09T05:12:01,355030,Isluga,VIIRS375,0,0.00,1,sin anomalia,2026-10-05T14:24:05,mendoza
2026-06-09T05:12:01,355030,Isluga,VIIRS750,0,0.00,1,sin anomalia,2026-10-05T14:24:05,mendoza
2026-06-09T05:54:02,355030,Isluga,VIIRS750,0,0.00,1,sin anomalia,2026-10-05T14:24:05,mendoza
2026-06-09T06:30:00,355030,Isluga,VIIRS375,0,0.00,1,sin anomalia,2026-10-05T14:24:05,mendoza
2026-06-09T06:30:00,355030,Isluga,VIIRS750,0,0.00,1,sin anomalia,2026-10-05T14:24:05,mendoza
2026-06-09T08:20:00,355030,Isluga,MODIS,0,0.00,1,sin anomalia,2026-10-05T14:24:05,mendoza
2026-06-09T13:50:00,355030,Isluga,MODIS,0,0.00,1,sin anomalia,2026-10-05T14:24:05,mendoza
2026-06-09T17:42:01,355030,Isluga,VIIRS375,0,0.00,1,sin anomalia,2026-10-05T14:24:05,mendoza
2026-06-09T17:42:01,355030,Isluga,VIIRS750,0,0.00,1,sin anomalia,2026-10-05T14:24:05,mendoza
2026-06-09T18:24:02,355030,Isluga,VIIRS375,0.17,27.90,0,fuera de radio,2026-10-05T14:24:05,mendoza
2026-06-09T18:24:02,355030,Isluga,VIIRS750,0,0.00,1,sin anomalia,2026-10-05T14:24:05,mendoza
2026-06-09T19:00:00,355030,Isluga,VIIRS375,0,0.00,1,sin anomalia,2026-10-05T14:24:05,mendoza
2026-06-09T19:00:00,355030,Isluga,VIIRS750,0,0.00,1,sin anomalia,2026-10-05T14:24:05,mendoza
2026-06-09T20:25:00,355030,Isluga,MODIS,0,0.00,1,sin anomalia,2026-10-05T14:24:05,mendoza
2026-06-10T02:00:00,355030,Isluga,MODIS,0,0.00,1,sin anomalia,2026-10-05T14:24:05,mendoza
2026-06-10T04:48:01,355030,Isluga,VIIRS375,2.15,3.75,1,baja,2026-10-05T14:24:05,mendoza
2026-06-10T04:48:01,355030,Isluga,VIIRS750,0,0.00,1,sin anomalia,2026-10-05T14:24:05,mendoza
2026-06-10T05:36:02,355030,Isluga,VIIRS750,0,0.00,1,sin anomalia,2026-10-05T14:24:05,mendoza
2026-06-10T06:30:01,355030,Isluga,VIIRS375,0,0.00,1,sin anomalia,2026-10-05T14:24:05,mendoza
2026-06-10T06:30:01,355030,Isluga,VIIRS750,0,0.00,1,sin anomalia,2026-10-05T14:24:05,mendoza
2026-06-10T07:20:00,355030,Isluga,MODIS,0,0.00,1,sin anomalia,2026-10-05T14:24:05,mendoza
2026-06-10T12:50:00,355030,Isluga,MODIS,0,0.00,1,sin anomalia,2026-10-05T14:24:05,mendoza
2026-06-10T17:18:01,355030,Isluga,VIIRS375,0,0.00,1,sin anomalia,2026-10-05T14:24:05,mendoza
2026-06-10T17:18:01,355030,Isluga,VIIRS750,0,0.00,1,sin anomalia,2026-10-05T14:24:05,mendoza
2026-06-10T18:06:02,355030,Isluga,VIIRS375,0,0.00,1,sin anomalia,2026-10-05T14:24:05,mendoza
2026-06-10T18:06:02,355030,Isluga,VIIRS750,0,0.00,1,sin anomalia,2026-10-05T14:24:05,mendoza
2026-06-10T18:42:00,355030,Isluga,VIIRS375,0,0.00,1,sin anomalia,2026-10-05T14:24:05,mendoza
2026-06-10T18:42:00,355030,Isluga,VIIRS750,0,0.00,1,sin anomalia,2026-10-05T14:24:05,mendoza
2026-06-10T19:00:01,355030,Isluga,VIIRS375,0,0.00,1,sin anomalia,2026-10-05T14:24:05,mendoza
2026-06-10T19:00:01,355030,Isluga,VIIRS750,0,0.00,1,sin anomalia,2026-10-05T14:24:05,mendoza
2026-06-11T01:00:00,355030,Isluga,MODIS,0,0.00,1,sin anomalia,2026-10-05T14:24:05,mendoza
2026-06-11T05:18:02,355030,Isluga,VIIRS375,0.21,0.84,1,muy baja,2026-10-05T14:24:05,mendoza
2026-06-11T06:12:01,355030,Isluga,VIIRS375,0.06,0.38,1,muy baja,2026-10-05T14:24:05,mendoza
2026-06-11T06:12:01,355030,Isluga,VIIRS750,0,0.00,1,sin anomalia,2026-10-05T14:24:05,mendoza
2026-06-11T07:55:00,355030,Isluga,MODIS,0,0.00,1,sin anomalia,2026-10-05T14:24:05,mendoza
2026-06-11T13:30:00,355030,Isluga,MODIS,0,0.00,1,sin anomalia,2026-10-05T14:24:05,mendoza
2026-06-11T17:48:02,355030,Isluga,VIIRS375,0,0.00,1,sin anomalia,2026-10-05T14:24:05,mendoza
2026-06-11T18:24:00,355030,Isluga,VIIRS375,0,0.00,1,sin anomalia,2026-10-05T14:24:05,mendoza
2026-06-11T18:42:01,355030,Isluga,VIIRS375,0,0.00,1,sin anomalia,2026-10-05T14:24:05,mendoza
2026-06-11T18:42:01,355030,Isluga,VIIRS750,0,0.00,1,sin anomalia,2026-10-05T14:24:05,mendoza
2026-06-11T20:05:00,355030,Isluga,MODIS,0,0.00,1,sin anomalia,2026-10-05T14:24:05,mendoza
2026-06-12T01:40:00,355030,Isluga,MODIS,0,0.00,1,sin anomalia,2026-10-05T14:24:05,mendoza
2026-06-12T05:54:01,355030,Isluga,VIIRS375,0.15,0.84,1,muy baja,2026-10-05T14:24:05,mendoza
2026-06-12T05:54:01,355030,Isluga,VIIRS750,0,0.00,1,sin anomalia,2026-10-05T14:24:05,mendoza
2026-06-12T06:42:02,355030,Isluga,VIIRS375,0,0.00,1,sin anomalia,2026-10-05T14:24:05,mendoza
2026-06-12T06:42:02,355030,Isluga,VIIRS750,0,0.00,1,sin anomalia,2026-10-05T14:24:05,mendoza
2026-06-12T12:30:00,355030,Isluga,MODIS,0,0.00,1,sin anomalia,2026-10-05T14:24:05,mendoza
2026-06-12T18:24:01,355030,Isluga,VIIRS375,0,0.00,1,sin anomalia,2026-10-05T14:24:05,mendoza
2026-06-12T18:24:01,355030,Isluga,VIIRS750,0,0.00,1,sin anomalia,2026-10-05T14:24:05,mendoza
2026-06-12T19:12:02,355030,Isluga,VIIRS375,0,0.00,1,sin anomalia,2026-10-05T14:24:05,mendoza
2026-06-12T19:12:02,355030,Isluga,VIIRS750,0,0.00,1,sin anomalia,2026-10-05T14:24:05,mendoza
2026-06-13T05:36:01,355030,Isluga,VIIRS375,0.3,0.53,1,muy baja,2026-10-05T14:24:05,mendoza
2026-06-13T06:24:02,355030,Isluga,VIIRS375,0,0.00,1,sin anomalia,2026-10-05T14:24:05,mendoza
2026-06-13T06:24:02,355030,Isluga,VIIRS750,0,0.00,1,sin anomalia,2026-10-05T14:24:05,mendoza
2026-06-13T07:35:00,355030,Isluga,MODIS,0,0.00,1,sin anomalia,2026-10-05T14:24:05,mendoza
2026-06-13T13:10:00,355030,Isluga,MODIS,0,0.00,1,sin anomalia,2026-10-05T14:24:05,mendoza
2026-06-13T17:48:00,355030,Isluga,VIIRS750,0,0.00,1,sin anomalia,2026-10-05T14:24:05,mendoza
2026-06-13T18:06:01,355030,Isluga,VIIRS375,0,0.00,1,sin anomalia,2026-10-05T14:24:05,mendoza
2026-06-13T18:06:01,355030,Isluga,VIIRS750,0,0.00,1,sin anomalia,2026-10-05T14:24:05,mendoza
2026-06-13T18:54:02,355030,Isluga,VIIRS375,0,0.00,1,sin anomalia,2026-10-05T14:24:05,mendoza
2026-06-13T18:54:02,355030,Isluga,VIIRS750,0,0.00,1,sin anomalia,2026-10-05T14:24:05,mendoza
2026-06-14T01:20:00,355030,Isluga,MODIS,0,0.00,1,sin anomalia,2026-10-05T14:24:05,mendoza
2026-06-14T05:18:01,355030,Isluga,VIIRS375,1.58,21.24,0,fuera de radio,2026-10-05T14:24:05,mendoza
2026-06-14T05:18:01,355030,Isluga,VIIRS750,0,0.00,1,sin anomalia,2026-10-05T14:24:05,mendoza
2026-06-14T06:00:02,355030,Isluga,VIIRS375,0.42,12.26,0,fuera de radio,2026-10-05T14:24:05,mendoza
2026-06-14T06:00:02,355030,Isluga,VIIRS750,0,0.00,1,sin anomalia,2026-10-05T14:24:05,mendoza
2026-06-14T06:36:00,355030,Isluga,VIIRS375,0,0.00,1,sin anomalia,2026-10-05T14:24:05,mendoza
2026-06-14T06:36:00,355030,Isluga,VIIRS750,0,0.00,1,sin anomalia,2026-10-05T14:24:05,mendoza
2026-06-14T08:10:00,355030,Isluga,MODIS,0,0.00,1,sin anomalia,2026-10-05T14:24:05,mendoza
2026-06-14T13:50:00,355030,Isluga,MODIS,0,0.00,1,sin anomalia,2026-10-05T14:24:05,mendoza
2026-06-14T17:48:01,355030,Isluga,VIIRS375,0,0.00,1,sin anomalia,2026-10-05T14:24:05,mendoza
2026-06-14T17:48:01,355030,Isluga,VIIRS750,0,0.00,1,sin anomalia,2026-10-05T14:24:05,mendoza
2026-06-14T18:30:02,355030,Isluga,VIIRS375,0,0.00,1,sin anomalia,2026-10-05T14:24:05,mendoza
2026-06-14T18:30:02,355030,Isluga,VIIRS750,0,0.00,1,sin anomalia,2026-10-05T14:24:05,mendoza
2026-06-14T19:06:00,355030,Isluga,VIIRS375,0,0.00,1,sin anomalia,2026-10-05T14:24:05,mendoza
2026-06-14T19:06:00,355030,Isluga,VIIRS750,0,0.00,1,sin anomalia,2026-10-05T14:24:05,mendoza
2026-06-14T20:20:00,355030,Isluga,MODIS,0,0.00,1,sin anomalia,2026-10-05T14:24:05,mendoza
2026-06-15T02:00:00,355030,Isluga,MODIS,0,0.00,1,sin anomalia,2026-10-05T14:24:05,mendoza
2026-06-15T04:54:01,355030,Isluga,VIIRS375,0.05,0.38,1,muy baja,2026-10-05T14:24:05,mendoza
2026-06-15T04:54:01,355030,Isluga,VIIRS750,0,0.00,1,sin anomalia,2026-10-05T14:24:05,mendoza
2026-06-15T05:42:02,355030,Isluga,VIIRS750,0,0.00,1,sin anomalia,2026-10-05T14:24:05,mendoza
2026-06-15T06:36:01,355030,Isluga,VIIRS375,0,0.00,1,sin anomalia,2026-10-05T14:24:05,mendoza
2026-06-15T06:36:01,355030,Isluga,VIIRS750,0,0.00,1,sin anomalia,2026-10-05T14:24:05,mendoza
2026-06-15T07:10:00,355030,Isluga,MODIS,0,0.00,1,sin anomalia,2026-10-05T14:24:05,mendoza
2026-06-15T12:50:00,355030,Isluga,MODIS,0,0.00,1,sin anomalia,2026-10-05T14:24:05,mendoza
2026-06-15T18:12:02,355030,Isluga,VIIRS375,0,0.00,1,sin anomalia,2026-10-05T14:24:05,mendoza
2026-06-15T18:12:02,355030,Isluga,VIIRS750,0,0.00,1,sin anomalia,2026-10-05T14:24:05,mendoza
2026-06-15T18:48:00,355030,Isluga,VIIRS375,0,0.00,1,sin anomalia,2026-10-05T14:24:05,mendoza
2026-06-15T18:48:00,355030,Isluga,VIIRS750,0,0.00,1,sin anomalia,2026-10-05T14:24:05,mendoza
2026-06-15T19:06:01,355030,Isluga,VIIRS375,0,0.00,1,sin anomalia,2026-10-05T14:24:05,mendoza
2026-06-15T19:06:01,355030,Isluga,VIIRS750,0,0.00,1,sin anomalia,2026-10-05T14:24:05,mendoza
2026-06-16T01:00:00,355030,Isluga,MODIS,1.42,23.09,0,fuera de radio,2026-10-05T14:24:05,mendoza
2026-06-16T05:24:02,355030,Isluga,VIIRS375,0.52,4.14,1,muy baja,2026-10-05T14:24:05,mendoza
2026-06-16T05:24:02,355030,Isluga,VIIRS750,0,0.00,1,sin anomalia,2026-10-05T14:24:05,mendoza
2026-06-16T06:18:01,355030,Isluga,VIIRS375,0,0.00,1,sin anomalia,2026-10-05T14:24:05,mendoza
2026-06-16T06:18:01,355030,Isluga,VIIRS750,0,0.00,1,sin anomalia,2026-10-05T14:24:05,mendoza
2026-06-16T07:50:00,355030,Isluga,MODIS,0,0.00,1,sin anomalia,2026-10-05T14:24:05,mendoza
2026-06-16T18:48:01,355030,Isluga,VIIRS375,0,0.00,1,sin anomalia,2026-10-05T14:24:05,mendoza
2026-06-16T18:48:01,355030,Isluga,VIIRS750,0,0.00,1,sin anomalia,2026-10-05T14:24:05,mendoza
2026-06-16T20:00:00,355030,Isluga,MODIS,0,0.00,1,sin anomalia,2026-10-05T14:24:05,mendoza
2026-06-17T01:40:00,355030,Isluga,MODIS,0,0.00,1,sin anomalia,2026-10-05T14:24:05,mendoza
2026-06-17T05:06:02,355030,Isluga,VIIRS750,0,0.00,1,sin anomalia,2026-10-05T14:24:05,mendoza
2026-06-17T06:00:01,355030,Isluga,VIIRS375,0.22,0.84,1,muy baja,2026-10-05T14:24:05,mendoza
2026-06-17T06:00:01,355030,Isluga,VIIRS750,0,0.00,1,sin anomalia,2026-10-05T14:24:05,mendoza
2026-06-17T08:25:00,355030,Isluga,MODIS,0,0.00,1,sin anomalia,2026-10-05T14:24:05,mendoza
2026-06-17T12:30:00,355030,Isluga,MODIS,0,0.00,1,sin anomalia,2026-10-05T14:24:05,mendoza
2026-06-17T18:30:01,355030,Isluga,VIIRS375,0,0.00,1,sin anomalia,2026-10-05T14:24:05,mendoza
2026-06-17T18:30:01,355030,Isluga,VIIRS750,0,0.00,1,sin anomalia,2026-10-05T14:24:05,mendoza
2026-06-17T20:35:00,355030,Isluga,MODIS,0,0.00,1,sin anomalia,2026-10-05T14:24:05,mendoza
2026-06-18T05:42:01,355030,Isluga,VIIRS375,0.15,0.38,1,muy baja,2026-10-05T14:24:05,mendoza
2026-06-18T05:42:01,355030,Isluga,VIIRS750,0,0.00,1,sin anomalia,2026-10-05T14:24:05,mendoza
2026-06-18T06:30:02,355030,Isluga,VIIRS375,0,0.00,1,sin anomalia,2026-10-05T14:24:05,mendoza
2026-06-18T06:30:02,355030,Isluga,VIIRS750,0,0.00,1,sin anomalia,2026-10-05T14:24:05,mendoza
2026-06-18T07:25:00,355030,Isluga,MODIS,0,0.00,1,sin anomalia,2026-10-05T14:24:05,mendoza
2026-06-18T13:10:00,355030,Isluga,MODIS,0,0.00,1,sin anomalia,2026-10-05T14:24:05,mendoza
2026-06-18T17:18:02,355030,Isluga,VIIRS375,0,0.00,1,sin anomalia,2026-10-05T14:24:05,mendoza
2026-06-18T17:18:02,355030,Isluga,VIIRS750,0,0.00,1,sin anomalia,2026-10-05T14:24:05,mendoza
2026-06-18T19:00:02,355030,Isluga,VIIRS375,0,0.00,1,sin anomalia,2026-10-05T14:24:05,mendoza
2026-06-18T19:00:02,355030,Isluga,VIIRS750,0,0.00,1,sin anomalia,2026-10-05T14:24:05,mendoza
2026-06-18T19:35:00,355030,Isluga,MODIS,0,0.00,1,sin anomalia,2026-10-05T14:24:05,mendoza
2026-06-19T01:20:00,355030,Isluga,MODIS,0,0.00,1,sin anomalia,2026-10-05T14:24:05,mendoza
2026-06-19T05:24:01,355030,Isluga,VIIRS375,0.37,0.53,1,muy baja,2026-10-05T14:24:05,mendoza
2026-06-19T05:24:01,355030,Isluga,VIIRS750,0.18,0.00,1,muy baja,2026-10-05T14:24:05,mendoza
2026-06-19T06:06:02,355030,Isluga,VIIRS375,0.06,0.53,1,muy baja,2026-10-05T14:24:05,mendoza
2026-06-19T06:06:02,355030,Isluga,VIIRS750,0,0.00,1,sin anomalia,2026-10-05T14:24:05,mendoza
2026-06-19T06:42:00,355030,Isluga,VIIRS375,0,0.00,1,sin anomalia,2026-10-05T14:24:05,mendoza
2026-06-19T06:42:00,355030,Isluga,VIIRS750,0,0.00,1,sin anomalia,2026-10-05T14:24:05,mendoza
2026-06-19T08:05:00,355030,Isluga,MODIS,0,0.00,1,sin anomalia,2026-10-05T14:24:05,mendoza
2026-06-19T13:50:00,355030,Isluga,MODIS,0,0.00,1,sin anomalia,2026-10-05T14:24:05,mendoza
2026-06-19T17:36:00,355030,Isluga,VIIRS375,0,0.00,1,sin anomalia,2026-10-05T14:24:05,mendoza
2026-06-19T17:54:01,355030,Isluga,VIIRS375,0,0.00,1,sin anomalia,2026-10-05T14:24:05,mendoza
2026-06-19T18:36:02,355030,Isluga,VIIRS375,0,0.00,1,sin anomalia,2026-10-05T14:24:05,mendoza
2026-06-19T18:36:02,355030,Isluga,VIIRS750,0,0.00,1,sin anomalia,2026-10-05T14:24:05,mendoza
2026-06-19T19:12:00,355030,Isluga,VIIRS375,0,0.00,1,sin anomalia,2026-10-05T14:24:05,mendoza
2026-06-19T19:12:00,355030,Isluga,VIIRS750,0,0.00,1,sin anomalia,2026-10-05T14:24:05,mendoza
2026-06-19T20:15:00,355030,Isluga,MODIS,0,0.00,1,sin anomalia,2026-10-05T14:24:05,mendoza
2026-06-20T02:00:00,355030,Isluga,MODIS,0,0.00,1,sin anomalia,2026-10-05T14:24:05,mendoza
2026-06-20T05:06:01,355030,Isluga,VIIRS375,0.42,1.19,1,muy baja,2026-10-05T14:24:05,mendoza
2026-06-20T05:06:01,355030,Isluga,VIIRS750,0,0.00,1,sin anomalia,2026-10-05T14:24:05,mendoza
2026-06-20T05:48:02,355030,Isluga,VIIRS375,0.38,0.84,1,muy baja,2026-10-05T14:24:05,mendoza
2026-06-20T05:48:02,355030,Isluga,VIIRS750,0.27,0.75,1,muy baja,2026-10-05T14:24:05,mendoza
2026-06-20T06:24:00,355030,Isluga,VIIRS375,0,0.00,1,sin anomalia,2026-10-05T14:24:05,mendoza
2026-06-20T06:42:01,355030,Isluga,VIIRS375,0,0.00,1,sin anomalia,2026-10-05T14:24:05,mendoza
2026-06-20T06:42:01,355030,Isluga,VIIRS750,0,0.00,1,sin anomalia,2026-10-05T14:24:05,mendoza
2026-06-20T07:05:00,355030,Isluga,MODIS,0,0.00,1,sin anomalia,2026-10-05T14:24:05,mendoza
2026-06-20T12:50:00,355030,Isluga,MODIS,0,0.00,1,sin anomalia,2026-10-05T14:24:05,mendoza
2026-06-20T17:36:01,355030,Isluga,VIIRS375,0,0.00,1,sin anomalia,2026-10-05T14:24:05,mendoza
2026-06-20T17:36:01,355030,Isluga,VIIRS750,0,0.00,1,sin anomalia,2026-10-05T14:24:05,mendoza
2026-06-20T18:18:02,355030,Isluga,VIIRS750,0,0.00,1,sin anomalia,2026-10-05T14:24:05,mendoza
2026-06-20T18:54:00,355030,Isluga,VIIRS375,0,0.00,1,sin anomalia,2026-10-05T14:24:05,mendoza
2026-06-20T18:54:00,355030,Isluga,VIIRS750,0,0.00,1,sin anomalia,2026-10-05T14:24:05,mendoza
2026-06-20T19:12:01,355030,Isluga,VIIRS375,0,0.00,1,sin anomalia,2026-10-05T14:24:05,mendoza
2026-06-20T19:12:01,355030,Isluga,VIIRS750,0,0.00,1,sin anomalia,2026-10-05T14:24:05,mendoza
2026-06-20T20:50:00,355030,Isluga,MODIS,0,0.00,1,sin anomalia,2026-10-05T14:24:05,mendoza
2026-06-21T01:00:00,355030,Isluga,MODIS,0,0.00,1,sin anomalia,2026-10-05T14:24:05,mendoza
2026-06-21T05:30:02,355030,Isluga,VIIRS375,0.28,0.84,1,muy baja,2026-10-05T14:24:05,mendoza
2026-06-21T05:30:02,355030,Isluga,VIIRS750,0,0.00,1,sin anomalia,2026-10-05T14:24:05,mendoza
2026-06-21T06:24:01,355030,Isluga,VIIRS375,0.11,0.84,1,muy baja,2026-10-05T14:24:05,mendoza
2026-06-21T06:24:01,355030,Isluga,VIIRS750,0,0.00,1,sin anomalia,2026-10-05T14:24:05,mendoza
2026-06-21T07:45:00,355030,Isluga,MODIS,0,0.00,1,sin anomalia,2026-10-05T14:24:05,mendoza
2026-06-21T13:30:00,355030,Isluga,MODIS,0,0.00,1,sin anomalia,2026-10-05T14:24:05,mendoza
2026-06-21T18:00:02,355030,Isluga,VIIRS375,0,0.00,1,sin anomalia,2026-10-05T14:24:05,mendoza
2026-06-21T18:54:01,355030,Isluga,VIIRS375,22.03,23.93,0,fuera de radio,2026-10-05T14:24:05,mendoza
2026-06-21T18:54:01,355030,Isluga,VIIRS750,18.51,23.72,0,fuera de radio,2026-10-05T14:24:05,mendoza
2026-06-21T19:50:00,355030,Isluga,MODIS,0,0.00,1,sin anomalia,2026-10-05T14:24:05,mendoza
2026-06-22T01:40:00,355030,Isluga,MODIS,0,0.00,1,sin anomalia,2026-10-05T14:24:05,mendoza
2026-06-22T05:12:02,355030,Isluga,VIIRS375,0.58,0.84,1,muy baja,2026-10-05T14:24:05,mendoza
2026-06-22T05:12:02,355030,Isluga,VIIRS750,0.22,0.75,1,muy baja,2026-10-05T14:24:05,mendoza
2026-06-22T05:48:00,355030,Isluga,VIIRS375,0.27,0.84,1,muy baja,2026-10-05T14:24:05,mendoza
2026-06-22T06:06:01,355030,Isluga,VIIRS375,0,0.00,1,sin anomalia,2026-10-05T14:24:05,mendoza
2026-06-22T06:06:01,355030,Isluga,VIIRS750,0,0.00,1,sin anomalia,2026-10-05T14:24:05,mendoza
2026-06-22T08:20:00,355030,Isluga,MODIS,0,0.00,1,sin anomalia,2026-10-05T14:24:05,mendoza
2026-06-22T12:30:00,355030,Isluga,MODIS,0,0.00,1,sin anomalia,2026-10-05T14:24:05,mendoza
2026-06-22T17:42:02,355030,Isluga,VIIRS375,0,0.00,1,sin anomalia,2026-10-05T14:24:05,mendoza
2026-06-22T17:42:02,355030,Isluga,VIIRS750,0,0.00,1,sin anomalia,2026-10-05T14:24:05,mendoza
2026-06-22T18:18:00,355030,Isluga,VIIRS375,0,0.00,1,sin anomalia,2026-10-05T14:24:05,mendoza
2026-06-22T18:18:00,355030,Isluga,VIIRS750,0,0.00,1,sin anomalia,2026-10-05T14:24:05,mendoza
2026-06-22T18:36:01,355030,Isluga,VIIRS375,0,0.00,1,sin anomalia,2026-10-05T14:24:05,mendoza
2026-06-22T18:36:01,355030,Isluga,VIIRS750,0,0.00,1,sin anomalia,2026-10-05T14:24:05,mendoza
2026-06-22T20:30:00,355030,Isluga,MODIS,0,0.00,1,sin anomalia,2026-10-05T14:24:05,mendoza
2026-06-23T02:15:00,355030,Isluga,MODIS,0,0.00,1,sin anomalia,2026-10-05T14:24:05,mendoza
2026-06-23T04:54:02,355030,Isluga,VIIRS375,0,0.00,1,sin anomalia,2026-10-05T14:24:05,mendoza
2026-06-23T04:54:02,355030,Isluga,VIIRS750,0,0.00,1,sin anomalia,2026-10-05T14:24:05,mendoza
2026-06-23T05:48:01,355030,Isluga,VIIRS375,0.15,0.75,1,muy baja,2026-10-05T14:24:05,mendoza
2026-06-23T05:48:01,355030,Isluga,VIIRS750,0,0.00,1,sin anomalia,2026-10-05T14:24:05,mendoza
2026-06-23T06:36:02,355030,Isluga,VIIRS375,0,0.00,1,sin anomalia,2026-10-05T14:24:05,mendoza
2026-06-23T06:36:02,355030,Isluga,VIIRS750,0,0.00,1,sin anomalia,2026-10-05T14:24:05,mendoza
2026-06-23T07:20:00,355030,Isluga,MODIS,0,0.00,1,sin anomalia,2026-10-05T14:24:05,mendoza
2026-06-23T13:10:00,355030,Isluga,MODIS,0,0.00,1,sin anomalia,2026-10-05T14:24:05,mendoza
2026-06-23T17:24:02,355030,Isluga,VIIRS375,2.5,17.67,0,fuera de radio,2026-10-05T14:24:05,mendoza
2026-06-23T17:24:02,355030,Isluga,VIIRS750,0,0.00,1,sin anomalia,2026-10-05T14:24:05,mendoza
2026-06-23T18:00:00,355030,Isluga,VIIRS375,0,0.00,1,sin anomalia,2026-10-05T14:24:05,mendoza
2026-06-23T18:00:00,355030,Isluga,VIIRS750,0,0.00,1,sin anomalia,2026-10-05T14:24:05,mendoza
2026-06-23T18:18:01,355030,Isluga,VIIRS375,2.41,18.62,0,fuera de radio,2026-10-05T14:24:05,mendoza
2026-06-23T18:18:01,355030,Isluga,VIIRS750,0,0.00,1,sin anomalia,2026-10-05T14:24:05,mendoza
2026-06-23T19:06:02,355030,Isluga,VIIRS375,0,0.00,1,sin anomalia,2026-10-05T14:24:05,mendoza
2026-06-23T19:06:02,355030,Isluga,VIIRS750,0,0.00,1,sin anomalia,2026-10-05T14:24:05,mendoza
2026-06-23T19:30:00,355030,Isluga,MODIS,0,0.00,1,sin anomalia,2026-10-05T14:24:05,mendoza
2026-06-24T01:20:00,355030,Isluga,MODIS,2.16,21.63,0,fuera de radio,2026-10-05T14:24:05,mendoza
2026-06-24T05:30:01,355030,Isluga,VIIRS375,0.39,0.53,1,muy baja,2026-10-05T14:24:05,mendoza
2026-06-24T05:30:01,355030,Isluga,VIIRS750,0.19,0.75,1,muy baja,2026-10-05T14:24:05,mendoza
2026-06-24T06:12:02,355030,Isluga,VIIRS375,0,0.00,1,sin anomalia,2026-10-05T14:24:05,mendoza
2026-06-24T06:12:02,355030,Isluga,VIIRS750,0,0.00,1,sin anomalia,2026-10-05T14:24:05,mendoza
2026-06-24T06:48:00,355030,Isluga,VIIRS375,0,0.00,1,sin anomalia,2026-10-05T14:24:05,mendoza
2026-06-24T06:48:00,355030,Isluga,VIIRS750,0,0.00,1,sin anomalia,2026-10-05T14:24:05,mendoza
2026-06-24T08:00:00,355030,Isluga,MODIS,0,0.00,1,sin anomalia,2026-10-05T14:24:05,mendoza
2026-06-24T13:50:00,355030,Isluga,MODIS,0,0.00,1,sin anomalia,2026-10-05T14:24:05,mendoza
2026-06-24T17:42:00,355030,Isluga,VIIRS375,0,0.00,1,sin anomalia,2026-10-05T14:24:05,mendoza
2026-06-24T17:42:00,355030,Isluga,VIIRS750,0,0.00,1,sin anomalia,2026-10-05T14:24:05,mendoza
2026-06-24T18:00:01,355030,Isluga,VIIRS375,0,0.00,1,sin anomalia,2026-10-05T14:24:05,mendoza
2026-06-24T18:00:01,355030,Isluga,VIIRS750,0,0.00,1,sin anomalia,2026-10-05T14:24:05,mendoza
2026-06-24T19:18:00,355030,Isluga,VIIRS375,0,0.00,1,sin anomalia,2026-10-05T14:24:05,mendoza
2026-06-24T19:18:00,355030,Isluga,VIIRS750,0,0.00,1,sin anomalia,2026-10-05T14:24:05,mendoza
2026-06-24T20:05:00,355030,Isluga,MODIS,0,0.00,1,sin anomalia,2026-10-05T14:24:05,mendoza
2026-06-25T01:55:00,355030,Isluga,MODIS,0,0.00,1,sin anomalia,2026-10-05T14:24:05,mendoza
2026-06-25T05:12:01,355030,Isluga,VIIRS375,0.21,0.84,1,muy baja,2026-10-05T14:24:05,mendoza
2026-06-25T05:12:01,355030,Isluga,VIIRS750,0,0.00,1,sin anomalia,2026-10-05T14:24:05,mendoza
2026-06-25T05:54:02,355030,Isluga,VIIRS375,0.18,0.53,1,muy baja,2026-10-05T14:24:05,mendoza
2026-06-25T05:54:02,355030,Isluga,VIIRS750,0,0.00,1,sin anomalia,2026-10-05T14:24:05,mendoza
2026-06-25T06:30:00,355030,Isluga,VIIRS375,0.14,0.53,1,muy baja,2026-10-05T14:24:05,mendoza
2026-06-25T06:30:00,355030,Isluga,VIIRS750,0,0.00,1,sin anomalia,2026-10-05T14:24:05,mendoza
2026-06-25T12:50:00,355030,Isluga,MODIS,0,0.00,1,sin anomalia,2026-10-05T14:24:05,mendoza
2026-06-25T17:42:01,355030,Isluga,VIIRS375,0,0.00,1,sin anomalia,2026-10-05T14:24:05,mendoza
2026-06-25T18:24:02,355030,Isluga,VIIRS375,0,0.00,1,sin anomalia,2026-10-05T14:24:05,mendoza
2026-06-25T18:24:02,355030,Isluga,VIIRS750,0,0.00,1,sin anomalia,2026-10-05T14:24:05,mendoza
2026-06-25T19:00:00,355030,Isluga,VIIRS375,0,0.00,1,sin anomalia,2026-10-05T14:24:05,mendoza
2026-06-25T19:00:00,355030,Isluga,VIIRS750,0,0.00,1,sin anomalia,2026-10-05T14:24:05,mendoza
2026-06-25T20:45:00,355030,Isluga,MODIS,0,0.00,1,sin anomalia,2026-10-05T14:24:05,mendoza
2026-06-26T01:00:00,355030,Isluga,MODIS,0,0.00,1,sin anomalia,2026-10-05T14:24:05,mendoza
2026-06-26T06:12:00,355030,Isluga,VIIRS375,3.74,14.93,0,fuera de radio,2026-10-05T14:24:05,mendoza
2026-06-26T06:30:01,355030,Isluga,VIIRS375,0.05,0.53,1,muy baja,2026-10-05T14:24:05,mendoza
2026-06-26T06:30:01,355030,Isluga,VIIRS750,0,0.00,1,sin anomalia,2026-10-05T14:24:05,mendoza
2026-06-26T07:35:00,355030,Isluga,MODIS,0,0.00,1,sin anomalia,2026-10-05T14:24:05,mendoza
2026-06-26T17:18:01,355030,Isluga,VIIRS375,0,0.00,1,sin anomalia,2026-10-05T14:24:05,mendoza
2026-06-26T17:18:01,355030,Isluga,VIIRS750,0,0.00,1,sin anomalia,2026-10-05T14:24:05,mendoza
2026-06-26T18:06:02,355030,Isluga,VIIRS375,0,0.00,1,sin anomalia,2026-10-05T14:24:05,mendoza
2026-06-26T18:06:02,355030,Isluga,VIIRS750,0,0.00,1,sin anomalia,2026-10-05T14:24:05,mendoza
2026-06-26T18:42:00,355030,Isluga,VIIRS375,0,0.00,1,sin anomalia,2026-10-05T14:24:05,mendoza
2026-06-26T18:42:00,355030,Isluga,VIIRS750,0,0.00,1,sin anomalia,2026-10-05T14:24:05,mendoza
2026-06-26T19:00:01,355030,Isluga,VIIRS375,0,0.00,1,sin anomalia,2026-10-05T14:24:05,mendoza
2026-06-26T19:00:01,355030,Isluga,VIIRS750,0,0.00,1,sin anomalia,2026-10-05T14:24:05,mendoza
2026-06-27T01:35:00,355030,Isluga,MODIS,0,0.00,1,sin anomalia,2026-10-05T14:24:05,mendoza
2026-06-27T05:18:02,355030,Isluga,VIIRS375,0.64,23.86,0,fuera de radio,2026-10-05T14:24:05,mendoza
2026-06-27T05:18:02,355030,Isluga,VIIRS750,0,0.00,1,sin anomalia,2026-10-05T14:24:05,mendoza
2026-06-27T06:12:01,355030,Isluga,VIIRS375,0,0.00,1,sin anomalia,2026-10-05T14:24:05,mendoza
2026-06-27T06:12:01,355030,Isluga,VIIRS750,0,0.00,1,sin anomalia,2026-10-05T14:24:05,mendoza
2026-06-27T08:15:00,355030,Isluga,MODIS,0,0.00,1,sin anomalia,2026-10-05T14:24:05,mendoza
2026-06-27T12:30:00,355030,Isluga,MODIS,0,0.00,1,sin anomalia,2026-10-05T14:24:05,mendoza
2026-06-27T17:48:02,355030,Isluga,VIIRS375,0,0.00,1,sin anomalia,2026-10-05T14:24:05,mendoza
2026-06-27T17:48:02,355030,Isluga,VIIRS750,0,0.00,1,sin anomalia,2026-10-05T14:24:05,mendoza
2026-06-27T18:24:00,355030,Isluga,VIIRS375,0,0.00,1,sin anomalia,2026-10-05T14:24:05,mendoza
2026-06-27T18:24:00,355030,Isluga,VIIRS750,0,0.00,1,sin anomalia,2026-10-05T14:24:05,mendoza
2026-06-27T18:42:01,355030,Isluga,VIIRS375,0,0.00,1,sin anomalia,2026-10-05T14:24:05,mendoza
2026-06-27T18:42:01,355030,Isluga,VIIRS750,0,0.00,1,sin anomalia,2026-10-05T14:24:05,mendoza
2026-06-27T20:25:00,355030,Isluga,MODIS,0,0.00,1,sin anomalia,2026-10-05T14:24:05,mendoza
2026-06-28T02:15:00,355030,Isluga,MODIS,0,0.00,1,sin anomalia,2026-10-05T14:24:05,mendoza
2026-06-28T05:00:02,355030,Isluga,VIIRS375,0.09,0.38,1,muy baja,2026-10-05T14:24:05,mendoza
2026-06-28T05:00:02,355030,Isluga,VIIRS750,0,0.00,1,sin anomalia,2026-10-05T14:24:05,mendoza
2026-06-28T05:54:01,355030,Isluga,VIIRS375,0.24,0.84,1,muy baja,2026-10-05T14:24:05,mendoza
2026-06-28T05:54:01,355030,Isluga,VIIRS750,0,0.00,1,sin anomalia,2026-10-05T14:24:05,mendoza
2026-06-28T06:42:02,355030,Isluga,VIIRS375,0,0.00,1,sin anomalia,2026-10-05T14:24:05,mendoza
2026-06-28T06:42:02,355030,Isluga,VIIRS750,0,0.00,1,sin anomalia,2026-10-05T14:24:05,mendoza
2026-06-28T07:15:00,355030,Isluga,MODIS,0,0.00,1,sin anomalia,2026-10-05T14:24:05,mendoza
2026-06-28T18:24:01,355030,Isluga,VIIRS375,0,0.00,1,sin anomalia,2026-10-05T14:24:05,mendoza
2026-06-28T18:24:01,355030,Isluga,VIIRS750,0,0.00,1,sin anomalia,2026-10-05T14:24:05,mendoza
2026-06-29T01:15:00,355030,Isluga,MODIS,0,0.00,1,sin anomalia,2026-10-05T14:24:05,mendoza
2026-06-29T05:36:01,355030,Isluga,VIIRS375,0.2,0.84,1,muy baja,2026-10-05T14:24:05,mendoza
2026-06-29T05:36:01,355030,Isluga,VIIRS750,0,0.00,1,sin anomalia,2026-10-05T14:24:05,mendoza
2026-06-29T06:24:02,355030,Isluga,VIIRS375,0,0.00,1,sin anomalia,2026-10-05T14:24:05,mendoza
2026-06-29T06:24:02,355030,Isluga,VIIRS750,0,0.00,1,sin anomalia,2026-10-05T14:24:05,mendoza
2026-06-29T07:50:00,355030,Isluga,MODIS,0,0.00,1,sin anomalia,2026-10-05T14:24:05,mendoza
2026-06-29T13:45:00,355030,Isluga,MODIS,0,0.00,1,sin anomalia,2026-10-05T14:24:05,mendoza
2026-06-29T17:48:00,355030,Isluga,VIIRS750,0,0.00,1,sin anomalia,2026-10-05T14:24:05,mendoza
2026-06-29T18:06:01,355030,Isluga,VIIRS375,1.73,19.29,0,fuera de radio,2026-10-05T14:24:05,mendoza
2026-06-29T18:06:01,355030,Isluga,VIIRS750,0,0.00,1,sin anomalia,2026-10-05T14:24:05,mendoza
2026-06-29T18:54:02,355030,Isluga,VIIRS375,0,0.00,1,sin anomalia,2026-10-05T14:24:05,mendoza
2026-06-29T18:54:02,355030,Isluga,VIIRS750,0,0.00,1,sin anomalia,2026-10-05T14:24:05,mendoza
2026-06-29T20:00:00,355030,Isluga,MODIS,0,0.00,1,sin anomalia,2026-10-05T14:24:05,mendoza
2026-06-30T01:55:00,355030,Isluga,MODIS,0,0.00,1,sin anomalia,2026-10-05T14:24:05,mendoza
2026-06-30T05:18:01,355030,Isluga,VIIRS375,0.09,0.75,1,muy baja,2026-10-05T14:24:05,mendoza
2026-06-30T05:18:01,355030,Isluga,VIIRS750,0,0.00,1,sin anomalia,2026-10-05T14:24:05,mendoza
2026-06-30T06:00:02,355030,Isluga,VIIRS375,0,0.00,1,sin anomalia,2026-10-05T14:24:05,mendoza
2026-06-30T06:00:02,355030,Isluga,VIIRS750,0,0.00,1,sin anomalia,2026-10-05T14:24:05,mendoza
2026-06-30T06:36:00,355030,Isluga,VIIRS375,0,0.00,1,sin anomalia,2026-10-05T14:24:05,mendoza
2026-06-30T06:36:00,355030,Isluga,VIIRS750,0,0.00,1,sin anomalia,2026-10-05T14:24:05,mendoza
2026-06-30T08:30:00,355030,Isluga,MODIS,0,0.00,1,sin anomalia,2026-10-05T14:24:05,mendoza
2026-06-30T12:50:00,355030,Isluga,MODIS,0,0.00,1,sin anomalia,2026-10-05T14:24:05,mendoza
2026-06-30T17:30:00,355030,Isluga,VIIRS750,0,0.00,1,sin anomalia,2026-10-05T14:24:05,mendoza
2026-06-30T17:48:01,355030,Isluga,VIIRS375,0,0.00,1,sin anomalia,2026-10-05T14:24:05,mendoza
2026-06-30T17:48:01,355030,Isluga,VIIRS750,0,0.00,1,sin anomalia,2026-10-05T14:24:05,mendoza
2026-06-30T18:30:02,355030,Isluga,VIIRS375,0,0.00,1,sin anomalia,2026-10-05T14:24:05,mendoza
2026-06-30T18:30:02,355030,Isluga,VIIRS750,0,0.00,1,sin anomalia,2026-10-05T14:24:05,mendoza
2026-06-30T19:06:00,355030,Isluga,VIIRS375,0,0.00,1,sin anomalia,2026-10-05T14:24:05,mendoza
2026-06-30T19:06:00,355030,Isluga,VIIRS750,0,0.00,1,sin anomalia,2026-10-05T14:24:05,mendoza
2026-06-30T20:40:00,355030,Isluga,MODIS,0,0.00,1,sin anomalia,2026-10-05T14:24:05,mendoza
2026-07-01T00:55:00,355030,Isluga,MODIS,0,0.00,1,sin anomalia,2026-10-05T14:24:05,mendoza
2026-07-01T05:00:01,355030,Isluga,VIIRS375,0.21,19.58,0,fuera de radio,2026-10-05T14:24:05,mendoza
2026-07-01T05:00:01,355030,Isluga,VIIRS750,0,0.00,1,sin anomalia,2026-10-05T14:24:05,mendoza
2026-07-01T05:42:02,355030,Isluga,VIIRS375,0.1,0.75,1,muy baja,2026-10-05T14:24:05,mendoza
2026-07-01T06:36:01,355030,Isluga,VIIRS375,0,0.00,1,sin anomalia,2026-10-05T14:24:05,mendoza
2026-07-01T06:36:01,355030,Isluga,VIIRS750,0,0.00,1,sin anomalia,2026-10-05T14:24:05,mendoza
2026-07-01T07:30:00,355030,Isluga,MODIS,0,0.00,1,sin anomalia,2026-10-05T14:24:05,mendoza
2026-07-01T13:25:00,355030,Isluga,MODIS,0,0.00,1,sin anomalia,2026-10-05T14:24:05,mendoza
2026-07-01T17:30:01,355030,Isluga,VIIRS750,0,0.00,1,sin anomalia,2026-10-05T14:24:05,mendoza
2026-07-01T19:06:01,355030,Isluga,VIIRS375,0,0.00,1,sin anomalia,2026-10-05T14:24:05,mendoza
2026-07-01T19:06:01,355030,Isluga,VIIRS750,0,0.00,1,sin anomalia,2026-10-05T14:24:05,mendoza
2026-07-01T19:40:00,355030,Isluga,MODIS,0,0.00,1,sin anomalia,2026-10-05T14:24:05,mendoza
2026-07-02T01:35:00,355030,Isluga,MODIS,0,0.00,1,sin anomalia,2026-10-05T14:24:05,mendoza
2026-07-02T05:24:02,355030,Isluga,VIIRS375,0.37,14.14,0,fuera de radio,2026-10-05T14:24:05,mendoza
2026-07-02T06:18:01,355030,Isluga,VIIRS375,0,0.00,1,sin anomalia,2026-10-05T14:24:05,mendoza
2026-07-02T06:18:01,355030,Isluga,VIIRS750,0,0.00,1,sin anomalia,2026-10-05T14:24:05,mendoza
2026-07-02T08:10:00,355030,Isluga,MODIS,0,0.00,1,sin anomalia,2026-10-05T14:24:05,mendoza
2026-07-02T12:30:00,355030,Isluga,MODIS,0,0.00,1,sin anomalia,2026-10-05T14:24:05,mendoza
2026-07-02T17:54:02,355030,Isluga,VIIRS375,0,0.00,1,sin anomalia,2026-10-05T14:24:05,mendoza
2026-07-02T18:30:00,355030,Isluga,VIIRS375,0,0.00,1,sin anomalia,2026-10-05T14:24:05,mendoza
2026-07-02T18:48:01,355030,Isluga,VIIRS375,0,0.00,1,sin anomalia,2026-10-05T14:24:05,mendoza
2026-07-02T18:48:01,355030,Isluga,VIIRS750,0,0.00,1,sin anomalia,2026-10-05T14:24:05,mendoza
2026-07-02T20:15:00,355030,Isluga,MODIS,0,0.00,1,sin anomalia,2026-10-05T14:24:05,mendoza
2026-07-03T02:15:00,355030,Isluga,MODIS,0,0.00,1,sin anomalia,2026-10-05T14:24:05,mendoza
2026-07-03T05:06:02,355030,Isluga,VIIRS375,0,0.00,1,sin anomalia,2026-10-05T14:24:05,mendoza
2026-07-03T05:06:02,355030,Isluga,VIIRS750,0,0.00,1,sin anomalia,2026-10-05T14:24:05,mendoza
2026-07-03T05:42:00,355030,Isluga,VIIRS750,0,0.00,1,sin anomalia,2026-10-05T14:24:05,mendoza
2026-07-03T06:00:01,355030,Isluga,VIIRS375,0,0.00,1,sin anomalia,2026-10-05T14:24:05,mendoza
2026-07-03T06:00:01,355030,Isluga,VIIRS750,0,0.00,1,sin anomalia,2026-10-05T14:24:05,mendoza
2026-07-03T07:10:00,355030,Isluga,MODIS,0,0.00,1,sin anomalia,2026-10-05T14:24:05,mendoza
2026-07-03T13:05:00,355030,Isluga,MODIS,0,0.00,1,sin anomalia,2026-10-05T14:24:05,mendoza
2026-07-03T17:36:02,355030,Isluga,VIIRS750,0,0.00,1,sin anomalia,2026-10-05T14:24:05,mendoza
2026-07-03T18:12:00,355030,Isluga,VIIRS750,0,0.00,1,sin anomalia,2026-10-05T14:24:05,mendoza
2026-07-03T18:30:01,355030,Isluga,VIIRS375,0,0.00,1,sin anomalia,2026-10-05T14:24:05,mendoza
2026-07-03T18:30:01,355030,Isluga,VIIRS750,0,0.00,1,sin anomalia,2026-10-05T14:24:05,mendoza
2026-07-03T20:55:00,355030,Isluga,MODIS,0,0.00,1,sin anomalia,2026-10-05T14:24:05,mendoza
2026-07-04T01:15:00,355030,Isluga,MODIS,0,0.00,1,sin anomalia,2026-10-05T14:24:05,mendoza
2026-07-04T05:42:01,355030,Isluga,VIIRS375,0,0.00,1,sin anomalia,2026-10-05T14:24:05,mendoza
2026-07-04T05:42:01,355030,Isluga,VIIRS750,0,0.00,1,sin anomalia,2026-10-05T14:24:05,mendoza
2026-07-04T06:30:02,355030,Isluga,VIIRS375,0,0.00,1,sin anomalia,2026-10-05T14:24:05,mendoza
2026-07-04T06:30:02,355030,Isluga,VIIRS750,0,0.00,1,sin anomalia,2026-10-05T14:24:05,mendoza
2026-07-04T07:45:00,355030,Isluga,MODIS,0,0.00,1,sin anomalia,2026-10-05T14:24:05,mendoza
2026-07-04T13:45:00,355030,Isluga,MODIS,0,0.00,1,sin anomalia,2026-10-05T14:24:05,mendoza
2026-07-04T18:12:01,355030,Isluga,VIIRS375,0,0.00,1,sin anomalia,2026-10-05T14:24:05,mendoza
2026-07-04T18:12:01,355030,Isluga,VIIRS750,0,0.00,1,sin anomalia,2026-10-05T14:24:05,mendoza
2026-07-04T19:00:02,355030,Isluga,VIIRS375,0,0.00,1,sin anomalia,2026-10-05T14:24:05,mendoza
2026-07-04T19:00:02,355030,Isluga,VIIRS750,0,0.00,1,sin anomalia,2026-10-05T14:24:05,mendoza
2026-07-04T19:55:00,355030,Isluga,MODIS,0,0.00,1,sin anomalia,2026-10-05T14:24:05,mendoza
2026-07-05T01:55:00,355030,Isluga,MODIS,0,0.00,1,sin anomalia,2026-10-05T14:24:05,mendoza
2026-07-05T05:24:01,355030,Isluga,VIIRS375,0.27,3.82,1,muy baja,2026-10-05T14:24:05,mendoza
2026-07-05T05:24:01,355030,Isluga,VIIRS750,0,0.00,1,sin anomalia,2026-10-05T14:24:05,mendoza
2026-07-05T06:06:02,355030,Isluga,VIIRS375,0,0.00,1,sin anomalia,2026-10-05T14:24:05,mendoza
2026-07-05T06:06:02,355030,Isluga,VIIRS750,0,0.00,1,sin anomalia,2026-10-05T14:24:05,mendoza
2026-07-05T06:42:00,355030,Isluga,VIIRS375,0,0.00,1,sin anomalia,2026-10-05T14:24:05,mendoza
2026-07-05T06:42:00,355030,Isluga,VIIRS750,0,0.00,1,sin anomalia,2026-10-05T14:24:05,mendoza
2026-07-05T08:25:00,355030,Isluga,MODIS,0,0.00,1,sin anomalia,2026-10-05T14:24:05,mendoza
2026-07-05T12:45:00,355030,Isluga,MODIS,0,0.00,1,sin anomalia,2026-10-05T14:24:05,mendoza
2026-07-05T17:36:00,355030,Isluga,VIIRS375,0,0.00,1,sin anomalia,2026-10-05T14:24:05,mendoza
2026-07-05T17:36:00,355030,Isluga,VIIRS750,0,0.00,1,sin anomalia,2026-10-05T14:24:05,mendoza
2026-07-05T17:54:01,355030,Isluga,VIIRS375,0,0.00,1,sin anomalia,2026-10-05T14:24:05,mendoza
2026-07-05T17:54:01,355030,Isluga,VIIRS750,0,0.00,1,sin anomalia,2026-10-05T14:24:05,mendoza
2026-07-05T18:36:02,355030,Isluga,VIIRS375,0,0.00,1,sin anomalia,2026-10-05T14:24:05,mendoza
2026-07-05T18:36:02,355030,Isluga,VIIRS750,0,0.00,1,sin anomalia,2026-10-05T14:24:05,mendoza
2026-07-05T19:12:00,355030,Isluga,VIIRS375,0,0.00,1,sin anomalia,2026-10-05T14:24:05,mendoza
2026-07-05T19:12:00,355030,Isluga,VIIRS750,0,0.00,1,sin anomalia,2026-10-05T14:24:05,mendoza
2026-07-05T20:30:00,355030,Isluga,MODIS,0,0.00,1,sin anomalia,2026-10-05T14:24:05,mendoza
2026-07-06T00:55:00,355030,Isluga,MODIS,0,0.00,1,sin anomalia,2026-10-05T14:24:05,mendoza
2026-07-06T05:06:01,355030,Isluga,VIIRS375,0,0.00,1,sin anomalia,2026-10-05T14:24:05,mendoza
2026-07-06T05:06:01,355030,Isluga,VIIRS750,0,0.00,1,sin anomalia,2026-10-05T14:24:05,mendoza
2026-07-06T05:48:02,355030,Isluga,VIIRS375,0,0.00,1,sin anomalia,2026-10-05T14:24:05,mendoza
2026-07-06T05:48:02,355030,Isluga,VIIRS750,0,0.00,1,sin anomalia,2026-10-05T14:24:05,mendoza
2026-07-06T06:42:01,355030,Isluga,VIIRS375,0,0.00,1,sin anomalia,2026-10-05T14:24:05,mendoza
2026-07-06T06:42:01,355030,Isluga,VIIRS750,0,0.00,1,sin anomalia,2026-10-05T14:24:05,mendoza
2026-07-06T07:25:00,355030,Isluga,MODIS,0,0.00,1,sin anomalia,2026-10-05T14:24:05,mendoza
2026-07-06T13:25:00,355030,Isluga,MODIS,0,0.00,1,sin anomalia,2026-10-05T14:24:05,mendoza
2026-07-06T17:36:01,355030,Isluga,VIIRS375,0,0.00,1,sin anomalia,2026-10-05T14:24:05,mendoza
2026-07-06T17:36:01,355030,Isluga,VIIRS750,0,0.00,1,sin anomalia,2026-10-05T14:24:05,mendoza
2026-07-06T18:18:02,355030,Isluga,VIIRS375,0,0.00,1,sin anomalia,2026-10-05T14:24:05,mendoza
2026-07-06T18:18:02,355030,Isluga,VIIRS750,0,0.00,1,sin anomalia,2026-10-05T14:24:05,mendoza
2026-07-06T18:54:00,355030,Isluga,VIIRS375,0,0.00,1,sin anomalia,2026-10-05T14:24:05,mendoza
2026-07-06T18:54:00,355030,Isluga,VIIRS750,0,0.00,1,sin anomalia,2026-10-05T14:24:05,mendoza
2026-07-06T19:30:00,355030,Isluga,MODIS,0,0.00,1,sin anomalia,2026-10-05T14:24:05,mendoza
2026-07-07T01:35:00,355030,Isluga,MODIS,0,0.00,1,sin anomalia,2026-10-05T14:24:05,mendoza
2026-07-07T05:30:02,355030,Isluga,VIIRS375,0.52,20.87,0,fuera de radio,2026-10-05T14:24:05,mendoza
2026-07-07T05:30:02,355030,Isluga,VIIRS750,0.19,0.00,1,muy baja,2026-10-05T14:24:05,mendoza
2026-07-07T06:24:01,355030,Isluga,VIIRS375,0.09,0.53,1,muy baja,2026-10-05T14:24:05,mendoza
2026-07-07T06:24:01,355030,Isluga,VIIRS750,0,0.00,1,sin anomalia,2026-10-05T14:24:05,mendoza
2026-07-07T08:00:00,355030,Isluga,MODIS,0,0.00,1,sin anomalia,2026-10-05T14:24:05,mendoza
2026-07-07T12:25:00,355030,Isluga,MODIS,0,0.00,1,sin anomalia,2026-10-05T14:24:05,mendoza
2026-07-07T18:00:02,355030,Isluga,VIIRS750,0,0.00,1,sin anomalia,2026-10-05T14:24:05,mendoza
2026-07-07T18:54:01,355030,Isluga,VIIRS375,3.63,27.67,0,fuera de radio,2026-10-05T14:24:05,mendoza
2026-07-07T18:54:01,355030,Isluga,VIIRS750,0,0.00,1,sin anomalia,2026-10-05T14:24:05,mendoza
2026-07-07T20:10:00,355030,Isluga,MODIS,0,0.00,1,sin anomalia,2026-10-05T14:24:05,mendoza
2026-07-08T02:15:00,355030,Isluga,MODIS,0,0.00,1,sin anomalia,2026-10-05T14:24:05,mendoza
2026-07-08T05:12:02,355030,Isluga,VIIRS375,0.34,1.06,1,muy baja,2026-10-05T14:24:05,mendoza
2026-07-08T06:06:01,355030,Isluga,VIIRS375,0,0.00,1,sin anomalia,2026-10-05T14:24:05,mendoza
2026-07-08T06:06:01,355030,Isluga,VIIRS750,0,0.00,1,sin anomalia,2026-10-05T14:24:05,mendoza
2026-07-08T13:05:00,355030,Isluga,MODIS,0,0.00,1,sin anomalia,2026-10-05T14:24:05,mendoza
2026-07-08T18:18:00,355030,Isluga,VIIRS375,0,0.00,1,sin anomalia,2026-10-05T14:24:05,mendoza
2026-07-08T18:18:00,355030,Isluga,VIIRS750,0,0.00,1,sin anomalia,2026-10-05T14:24:05,mendoza
2026-07-08T18:36:01,355030,Isluga,VIIRS375,0,0.00,1,sin anomalia,2026-10-05T14:24:05,mendoza
2026-07-08T18:36:01,355030,Isluga,VIIRS750,0,0.00,1,sin anomalia,2026-10-05T14:24:05,mendoza
2026-07-08T20:50:00,355030,Isluga,MODIS,0,0.00,1,sin anomalia,2026-10-05T14:24:05,mendoza
2026-07-09T01:15:00,355030,Isluga,MODIS,0,0.00,1,sin anomalia,2026-10-05T14:24:05,mendoza
2026-07-09T04:54:02,355030,Isluga,VIIRS375,0.19,0.84,1,muy baja,2026-10-05T14:24:05,mendoza
2026-07-09T04:54:02,355030,Isluga,VIIRS750,0,0.00,1,sin anomalia,2026-10-05T14:24:05,mendoza
2026-07-09T05:48:01,355030,Isluga,VIIRS375,0.26,0.53,1,muy baja,2026-10-05T14:24:05,mendoza
2026-07-09T06:36:02,355030,Isluga,VIIRS375,0,0.00,1,sin anomalia,2026-10-05T14:24:05,mendoza
2026-07-09T06:36:02,355030,Isluga,VIIRS750,0,0.00,1,sin anomalia,2026-10-05T14:24:05,mendoza
2026-07-09T07:40:00,355030,Isluga,MODIS,0,0.00,1,sin anomalia,2026-10-05T14:24:05,mendoza
2026-07-09T13:45:00,355030,Isluga,MODIS,0,0.00,1,sin anomalia,2026-10-05T14:24:05,mendoza
2026-07-09T17:24:02,355030,Isluga,VIIRS375,0,0.00,1,sin anomalia,2026-10-05T14:24:05,mendoza
2026-07-09T17:24:02,355030,Isluga,VIIRS750,0,0.00,1,sin anomalia,2026-10-05T14:24:05,mendoza
2026-07-09T18:00:00,355030,Isluga,VIIRS375,0,0.00,1,sin anomalia,2026-10-05T14:24:05,mendoza
2026-07-09T18:00:00,355030,Isluga,VIIRS750,0,0.00,1,sin anomalia,2026-10-05T14:24:05,mendoza
2026-07-09T18:18:01,355030,Isluga,VIIRS375,0,0.00,1,sin anomalia,2026-10-05T14:24:05,mendoza
2026-07-09T18:18:01,355030,Isluga,VIIRS750,0,0.00,1,sin anomalia,2026-10-05T14:24:05,mendoza
2026-07-09T19:06:02,355030,Isluga,VIIRS375,0,0.00,1,sin anomalia,2026-10-05T14:24:05,mendoza
2026-07-09T19:06:02,355030,Isluga,VIIRS750,0,0.00,1,sin anomalia,2026-10-05T14:24:05,mendoza
2026-07-09T19:50:00,355030,Isluga,MODIS,0,0.00,1,sin anomalia,2026-10-05T14:24:05,mendoza
2026-07-10T01:55:00,355030,Isluga,MODIS,0,0.00,1,sin anomalia,2026-10-05T14:24:05,mendoza
2026-07-10T06:18:02,355030,Isluga,VIIRS375,0,0.00,1,sin anomalia,2026-10-05T14:24:05,mendoza
2026-07-10T06:18:02,355030,Isluga,VIIRS750,0,0.00,1,sin anomalia,2026-10-05T14:24:05,mendoza
2026-07-10T06:48:00,355030,Isluga,VIIRS375,0,0.00,1,sin anomalia,2026-10-05T14:24:05,mendoza
2026-07-10T06:48:00,355030,Isluga,VIIRS750,0,0.00,1,sin anomalia,2026-10-05T14:24:05,mendoza
2026-07-10T08:15:00,355030,Isluga,MODIS,0,0.00,1,sin anomalia,2026-10-05T14:24:05,mendoza
2026-07-10T12:45:00,355030,Isluga,MODIS,0,0.00,1,sin anomalia,2026-10-05T14:24:05,mendoza
2026-07-10T18:00:01,355030,Isluga,VIIRS375,0,0.00,1,sin anomalia,2026-10-05T14:24:05,mendoza
2026-07-10T18:00:01,355030,Isluga,VIIRS750,0,0.00,1,sin anomalia,2026-10-05T14:24:05,mendoza
2026-07-10T18:48:02,355030,Isluga,VIIRS375,0,0.00,1,sin anomalia,2026-10-05T14:24:05,mendoza
2026-07-10T18:48:02,355030,Isluga,VIIRS750,0,0.00,1,sin anomalia,2026-10-05T14:24:05,mendoza
2026-07-10T20:25:00,355030,Isluga,MODIS,0,0.00,1,sin anomalia,2026-10-05T14:24:05,mendoza
2026-07-11T00:55:00,355030,Isluga,MODIS,0,0.00,1,sin anomalia,2026-10-05T14:24:05,mendoza
2026-07-11T05:12:01,355030,Isluga,VIIRS375,0.3,0.53,1,muy baja,2026-10-05T14:24:05,mendoza
2026-07-11T05:12:01,355030,Isluga,VIIRS750,0,0.00,1,sin anomalia,2026-10-05T14:24:05,mendoza
2026-07-11T05:54:02,355030,Isluga,VIIRS375,0.15,0.53,1,muy baja,2026-10-05T14:24:05,mendoza
2026-07-11T05:54:02,355030,Isluga,VIIRS750,0,0.00,1,sin anomalia,2026-10-05T14:24:05,mendoza
2026-07-11T07:15:00,355030,Isluga,MODIS,0,0.00,1,sin anomalia,2026-10-05T14:24:05,mendoza
2026-07-11T13:25:00,355030,Isluga,MODIS,0,0.00,1,sin anomalia,2026-10-05T14:24:05,mendoza
2026-07-11T17:42:01,355030,Isluga,VIIRS375,0,0.00,1,sin anomalia,2026-10-05T14:24:05,mendoza
2026-07-11T17:42:01,355030,Isluga,VIIRS750,0,0.00,1,sin anomalia,2026-10-05T14:24:05,mendoza
2026-07-11T18:24:02,355030,Isluga,VIIRS375,0,0.00,1,sin anomalia,2026-10-05T14:24:05,mendoza
2026-07-11T18:24:02,355030,Isluga,VIIRS750,0,0.00,1,sin anomalia,2026-10-05T14:24:05,mendoza
2026-07-12T01:35:00,355030,Isluga,MODIS,0,0.00,1,sin anomalia,2026-10-05T14:24:05,mendoza
2026-07-12T04:54:01,355030,Isluga,VIIRS375,0,0.00,1,sin anomalia,2026-10-05T14:24:05,mendoza
2026-07-12T04:54:01,355030,Isluga,VIIRS750,0,0.00,1,sin anomalia,2026-10-05T14:24:05,mendoza
2026-07-12T05:36:02,355030,Isluga,VIIRS375,0.25,0.53,1,muy baja,2026-10-05T14:24:05,mendoza
2026-07-12T05:36:02,355030,Isluga,VIIRS750,0.18,0.75,1,muy baja,2026-10-05T14:24:05,mendoza
2026-07-12T06:30:01,355030,Isluga,VIIRS375,0.09,0.84,1,muy baja,2026-10-05T14:24:05,mendoza
2026-07-12T06:30:01,355030,Isluga,VIIRS750,0,0.00,1,sin anomalia,2026-10-05T14:24:05,mendoza
2026-07-12T07:55:00,355030,Isluga,MODIS,0,0.00,1,sin anomalia,2026-10-05T14:24:05,mendoza
2026-07-12T12:25:00,355030,Isluga,MODIS,0,0.00,1,sin anomalia,2026-10-05T14:24:05,mendoza
2026-07-12T17:24:01,355030,Isluga,VIIRS375,0,0.00,1,sin anomalia,2026-10-05T14:24:05,mendoza
2026-07-12T17:24:01,355030,Isluga,VIIRS750,0,0.00,1,sin anomalia,2026-10-05T14:24:05,mendoza
2026-07-12T18:06:02,355030,Isluga,VIIRS375,0,0.00,1,sin anomalia,2026-10-05T14:24:05,mendoza
2026-07-12T18:06:02,355030,Isluga,VIIRS750,0,0.00,1,sin anomalia,2026-10-05T14:24:05,mendoza
2026-07-12T19:00:01,355030,Isluga,VIIRS375,0,0.00,1,sin anomalia,2026-10-05T14:24:05,mendoza
2026-07-12T20:05:00,355030,Isluga,MODIS,0,0.00,1,sin anomalia,2026-10-05T14:24:05,mendoza
2026-07-13T02:10:00,355030,Isluga,MODIS,0,0.00,1,sin anomalia,2026-10-05T14:24:05,mendoza
2026-07-13T05:18:02,355030,Isluga,VIIRS375,0.35,0.84,1,muy baja,2026-10-05T14:24:05,mendoza
2026-07-13T05:18:02,355030,Isluga,VIIRS750,0.32,0.00,1,muy baja,2026-10-05T14:24:05,mendoza
2026-07-13T06:12:01,355030,Isluga,VIIRS375,0.13,0.84,1,muy baja,2026-10-05T14:24:05,mendoza
2026-07-13T06:12:01,355030,Isluga,VIIRS750,0,0.00,1,sin anomalia,2026-10-05T14:24:05,mendoza
2026-07-13T08:35:00,355030,Isluga,MODIS,0,0.00,1,sin anomalia,2026-10-05T14:24:05,mendoza
2026-07-13T13:05:00,355030,Isluga,MODIS,0,0.00,1,sin anomalia,2026-10-05T14:24:05,mendoza
2026-07-13T17:48:02,355030,Isluga,VIIRS375,0,0.00,1,sin anomalia,2026-10-05T14:24:05,mendoza
2026-07-13T17:48:02,355030,Isluga,VIIRS750,0,0.00,1,sin anomalia,2026-10-05T14:24:05,mendoza
2026-07-13T18:42:01,355030,Isluga,VIIRS375,0,0.00,1,sin anomalia,2026-10-05T14:24:05,mendoza
2026-07-13T18:42:01,355030,Isluga,VIIRS750,0,0.00,1,sin anomalia,2026-10-05T14:24:05,mendoza
2026-07-13T20:40:00,355030,Isluga,MODIS,0,0.00,1,sin anomalia,2026-10-05T14:24:05,mendoza
2026-07-14T01:15:00,355030,Isluga,MODIS,0,0.00,1,sin anomalia,2026-10-05T14:24:05,mendoza
2026-07-14T05:00:02,355030,Isluga,VIIRS375,0.2,0.75,1,muy baja,2026-10-05T14:24:05,mendoza
2026-07-14T05:00:02,355030,Isluga,VIIRS750,0,0.00,1,sin anomalia,2026-10-05T14:24:05,mendoza
2026-07-14T05:54:01,355030,Isluga,VIIRS375,0.3,0.53,1,muy baja,2026-10-05T14:24:05,mendoza
2026-07-14T05:54:01,355030,Isluga,VIIRS750,0,0.00,1,sin anomalia,2026-10-05T14:24:05,mendoza
2026-07-14T06:42:02,355030,Isluga,VIIRS375,0,0.00,1,sin anomalia,2026-10-05T14:24:05,mendoza
2026-07-14T06:42:02,355030,Isluga,VIIRS750,0,0.00,1,sin anomalia,2026-10-05T14:24:05,mendoza
2026-07-14T07:35:00,355030,Isluga,MODIS,0,0.00,1,sin anomalia,2026-10-05T14:24:05,mendoza
2026-07-14T13:45:00,355030,Isluga,MODIS,0,0.00,1,sin anomalia,2026-10-05T14:24:05,mendoza
2026-07-14T17:30:02,355030,Isluga,VIIRS375,0,0.00,1,sin anomalia,2026-10-05T14:24:05,mendoza
2026-07-14T17:30:02,355030,Isluga,VIIRS750,0,0.00,1,sin anomalia,2026-10-05T14:24:05,mendoza
2026-07-14T18:24:01,355030,Isluga,VIIRS375,0,0.00,1,sin anomalia,2026-10-05T14:24:05,mendoza
2026-07-14T18:24:01,355030,Isluga,VIIRS750,0,0.00,1,sin anomalia,2026-10-05T14:24:05,mendoza
2026-07-15T01:50:00,355030,Isluga,MODIS,0,0.00,1,sin anomalia,2026-10-05T14:24:05,mendoza
2026-07-15T05:36:01,355030,Isluga,VIIRS375,0.2,0.84,1,muy baja,2026-10-05T14:24:05,mendoza
2026-07-15T05:36:01,355030,Isluga,VIIRS750,0,0.00,1,sin anomalia,2026-10-05T14:24:05,mendoza
2026-07-15T06:24:02,355030,Isluga,VIIRS375,0,0.00,1,sin anomalia,2026-10-05T14:24:05,mendoza
2026-07-15T06:24:02,355030,Isluga,VIIRS750,0,0.00,1,sin anomalia,2026-10-05T14:24:05,mendoza
2026-07-15T08:10:00,355030,Isluga,MODIS,0,0.00,1,sin anomalia,2026-10-05T14:24:05,mendoza
2026-07-15T12:45:00,355030,Isluga,MODIS,0,0.00,1,sin anomalia,2026-10-05T14:24:05,mendoza
2026-07-15T18:06:01,355030,Isluga,VIIRS375,0,0.00,1,sin anomalia,2026-10-05T14:24:05,mendoza
2026-07-15T18:06:01,355030,Isluga,VIIRS750,0,0.00,1,sin anomalia,2026-10-05T14:24:05,mendoza
2026-07-15T18:54:02,355030,Isluga,VIIRS375,0,0.00,1,sin anomalia,2026-10-05T14:24:05,mendoza
2026-07-15T18:54:02,355030,Isluga,VIIRS750,0,0.00,1,sin anomalia,2026-10-05T14:24:05,mendoza
2026-07-15T20:20:00,355030,Isluga,MODIS,0,0.00,1,sin anomalia,2026-10-05T14:24:05,mendoza
2026-07-16T00:55:00,355030,Isluga,MODIS,0,0.00,1,sin anomalia,2026-10-05T14:24:05,mendoza
2026-07-16T05:18:01,355030,Isluga,VIIRS375,1.37,11.26,0,fuera de radio,2026-10-05T14:24:05,mendoza
2026-07-16T05:18:01,355030,Isluga,VIIRS750,0,0.00,1,sin anomalia,2026-10-05T14:24:05,mendoza
2026-07-16T06:00:02,355030,Isluga,VIIRS375,0.07,0.38,1,muy baja,2026-10-05T14:24:05,mendoza
2026-07-16T06:00:02,355030,Isluga,VIIRS750,0,0.00,1,sin anomalia,2026-10-05T14:24:05,mendoza
2026-07-16T07:10:00,355030,Isluga,MODIS,0,0.00,1,sin anomalia,2026-10-05T14:24:05,mendoza
2026-07-16T13:25:00,355030,Isluga,MODIS,0,0.00,1,sin anomalia,2026-10-05T14:24:05,mendoza
2026-07-16T18:30:02,355030,Isluga,VIIRS375,0,0.00,1,sin anomalia,2026-10-05T14:24:05,mendoza
2026-07-16T18:30:02,355030,Isluga,VIIRS750,0,0.00,1,sin anomalia,2026-10-05T14:24:05,mendoza
2026-07-16T20:55:00,355030,Isluga,MODIS,0,0.00,1,sin anomalia,2026-10-05T14:24:05,mendoza
2026-07-17T01:30:00,355030,Isluga,MODIS,0,0.00,1,sin anomalia,2026-10-05T14:24:05,mendoza
2026-07-17T05:42:02,355030,Isluga,VIIRS375,0.16,0.53,1,muy baja,2026-10-05T14:24:05,mendoza
2026-07-17T05:42:02,355030,Isluga,VIIRS750,0,0.00,1,sin anomalia,2026-10-05T14:24:05,mendoza
2026-07-17T06:36:01,355030,Isluga,VIIRS375,0,0.00,1,sin anomalia,2026-10-05T14:24:05,mendoza
2026-07-17T06:36:01,355030,Isluga,VIIRS750,0,0.00,1,sin anomalia,2026-10-05T14:24:05,mendoza
2026-07-17T07:50:00,355030,Isluga,MODIS,0,0.00,1,sin anomalia,2026-10-05T14:24:05,mendoza
2026-07-17T12:25:00,355030,Isluga,MODIS,0,0.00,1,sin anomalia,2026-10-05T14:24:05,mendoza
2026-07-17T17:30:01,355030,Isluga,VIIRS375,0,0.00,1,sin anomalia,2026-10-05T14:24:05,mendoza
2026-07-17T17:30:01,355030,Isluga,VIIRS750,0,0.00,1,sin anomalia,2026-10-05T14:24:05,mendoza
2026-07-17T18:12:02,355030,Isluga,VIIRS375,0,0.00,1,sin anomalia,2026-10-05T14:24:05,mendoza
2026-07-17T18:12:02,355030,Isluga,VIIRS750,0,0.00,1,sin anomalia,2026-10-05T14:24:05,mendoza
2026-07-17T18:48:00,355030,Isluga,VIIRS375,0,0.00,1,sin anomalia,2026-10-05T14:24:05,mendoza
2026-07-17T18:48:00,355030,Isluga,VIIRS750,0,0.00,1,sin anomalia,2026-10-05T14:24:05,mendoza
2026-07-17T19:06:01,355030,Isluga,VIIRS375,0,0.00,1,sin anomalia,2026-10-05T14:24:05,mendoza
2026-07-17T19:06:01,355030,Isluga,VIIRS750,0,0.00,1,sin anomalia,2026-10-05T14:24:05,mendoza
2026-07-17T19:55:00,355030,Isluga,MODIS,0,0.00,1,sin anomalia,2026-10-05T14:24:05,mendoza
2026-07-18T02:10:00,355030,Isluga,MODIS,0,0.00,1,sin anomalia,2026-10-05T14:24:05,mendoza
2026-07-18T06:18:01,355030,Isluga,VIIRS375,0.26,9.07,0,fuera de radio,2026-10-05T14:24:05,mendoza
2026-07-18T06:18:01,355030,Isluga,VIIRS750,0,0.00,1,sin anomalia,2026-10-05T14:24:05,mendoza
2026-07-18T08:25:00,355030,Isluga,MODIS,0,0.00,1,sin anomalia,2026-10-05T14:24:05,mendoza
2026-07-18T13:05:00,355030,Isluga,MODIS,0,0.00,1,sin anomalia,2026-10-05T14:24:05,mendoza
2026-07-18T17:54:02,355030,Isluga,VIIRS375,0,0.00,1,sin anomalia,2026-10-05T14:24:05,mendoza
2026-07-18T17:54:02,355030,Isluga,VIIRS750,0,0.00,1,sin anomalia,2026-10-05T14:24:05,mendoza
2026-07-18T18:30:00,355030,Isluga,VIIRS750,0,0.00,1,sin anomalia,2026-10-05T14:24:05,mendoza
2026-07-18T18:48:01,355030,Isluga,VIIRS375,0,0.00,1,sin anomalia,2026-10-05T14:24:05,mendoza
2026-07-18T18:48:01,355030,Isluga,VIIRS750,0,0.00,1,sin anomalia,2026-10-05T14:24:05,mendoza
2026-07-18T20:35:00,355030,Isluga,MODIS,0,0.00,1,sin anomalia,2026-10-05T14:24:05,mendoza
2026-07-19T01:10:00,355030,Isluga,MODIS,0,0.00,1,sin anomalia,2026-10-05T14:24:05,mendoza
2026-07-19T05:06:02,355030,Isluga,VIIRS750,0,0.00,1,sin anomalia,2026-10-05T14:24:05,mendoza
2026-07-19T06:00:01,355030,Isluga,VIIRS375,0.06,0.53,1,muy baja,2026-10-05T14:24:05,mendoza
2026-07-19T06:00:01,355030,Isluga,VIIRS750,0,0.00,1,sin anomalia,2026-10-05T14:24:05,mendoza
2026-07-19T07:25:00,355030,Isluga,MODIS,0,0.00,1,sin anomalia,2026-10-05T14:24:05,mendoza
2026-07-19T13:40:00,355030,Isluga,MODIS,0,0.00,1,sin anomalia,2026-10-05T14:24:05,mendoza
2026-07-19T17:36:02,355030,Isluga,VIIRS375,0,0.00,1,sin anomalia,2026-10-05T14:24:05,mendoza
2026-07-19T18:12:00,355030,Isluga,VIIRS375,0,0.00,1,sin anomalia,2026-10-05T14:24:05,mendoza
2026-07-19T18:30:01,355030,Isluga,VIIRS375,0,0.00,1,sin anomalia,2026-10-05T14:24:05,mendoza
2026-07-19T18:30:01,355030,Isluga,VIIRS750,0,0.00,1,sin anomalia,2026-10-05T14:24:05,mendoza
2026-07-19T19:35:00,355030,Isluga,MODIS,0,0.00,1,sin anomalia,2026-10-05T14:24:05,mendoza
2026-07-20T01:50:00,355030,Isluga,MODIS,0,0.00,1,sin anomalia,2026-10-05T14:24:05,mendoza
2026-07-20T04:48:02,355030,Isluga,VIIRS375,0,0.00,1,sin anomalia,2026-10-05T14:24:05,mendoza
2026-07-20T04:48:02,355030,Isluga,VIIRS750,0,0.00,1,sin anomalia,2026-10-05T14:24:05,mendoza
2026-07-20T05:42:01,355030,Isluga,VIIRS375,0.12,0.84,1,muy baja,2026-10-05T14:24:05,mendoza
2026-07-20T05:42:01,355030,Isluga,VIIRS750,0,0.00,1,sin anomalia,2026-10-05T14:24:05,mendoza
2026-07-20T06:30:02,355030,Isluga,VIIRS375,0,0.00,1,sin anomalia,2026-10-05T14:24:05,mendoza
2026-07-20T06:30:02,355030,Isluga,VIIRS750,0,0.00,1,sin anomalia,2026-10-05T14:24:05,mendoza
2026-07-20T08:05:00,355030,Isluga,MODIS,0,0.00,1,sin anomalia,2026-10-05T14:24:05,mendoza
2026-07-20T12:45:00,355030,Isluga,MODIS,0,0.00,1,sin anomalia,2026-10-05T14:24:05,mendoza
2026-07-20T17:54:00,355030,Isluga,VIIRS375,0,0.00,1,sin anomalia,2026-10-05T14:24:05,mendoza
2026-07-20T18:12:01,355030,Isluga,VIIRS375,0,0.00,1,sin anomalia,2026-10-05T14:24:05,mendoza
2026-07-20T18:12:01,355030,Isluga,VIIRS750,0,0.00,1,sin anomalia,2026-10-05T14:24:05,mendoza
2026-07-20T19:00:02,355030,Isluga,VIIRS375,0,0.00,1,sin anomalia,2026-10-05T14:24:05,mendoza
2026-07-20T19:00:02,355030,Isluga,VIIRS750,0,0.00,1,sin anomalia,2026-10-05T14:24:05,mendoza
2026-07-20T20:15:00,355030,Isluga,MODIS,0,0.00,1,sin anomalia,2026-10-05T14:24:05,mendoza
2026-07-21T00:50:00,355030,Isluga,MODIS,0,0.00,1,sin anomalia,2026-10-05T14:24:05,mendoza
2026-07-21T05:24:01,355030,Isluga,VIIRS375,0.18,0.75,1,muy baja,2026-10-05T14:24:05,mendoza
2026-07-21T05:24:01,355030,Isluga,VIIRS750,0,0.00,1,sin anomalia,2026-10-05T14:24:05,mendoza
2026-07-21T06:06:02,355030,Isluga,VIIRS375,0,0.00,1,sin anomalia,2026-10-05T14:24:05,mendoza
2026-07-21T06:06:02,355030,Isluga,VIIRS750,0,0.00,1,sin anomalia,2026-10-05T14:24:05,mendoza
2026-07-21T06:42:00,355030,Isluga,VIIRS375,0,0.00,1,sin anomalia,2026-10-05T14:24:05,mendoza
2026-07-21T06:42:00,355030,Isluga,VIIRS750,0,0.00,1,sin anomalia,2026-10-05T14:24:05,mendoza
2026-07-21T13:20:00,355030,Isluga,MODIS,0,0.00,1,sin anomalia,2026-10-05T14:24:05,mendoza
2026-07-21T17:54:01,355030,Isluga,VIIRS375,0,0.00,1,sin anomalia,2026-10-05T14:24:05,mendoza
2026-07-21T17:54:01,355030,Isluga,VIIRS750,0,0.00,1,sin anomalia,2026-10-05T14:24:05,mendoza
2026-07-21T19:12:00,355030,Isluga,VIIRS375,0,0.00,1,sin anomalia,2026-10-05T14:24:05,mendoza
2026-07-21T19:12:00,355030,Isluga,VIIRS750,0,0.00,1,sin anomalia,2026-10-05T14:24:05,mendoza
2026-07-21T20:50:00,355030,Isluga,MODIS,0,0.00,1,sin anomalia,2026-10-05T14:24:05,mendoza
2026-07-22T01:30:00,355030,Isluga,MODIS,0,0.00,1,sin anomalia,2026-10-05T14:24:05,mendoza
2026-07-22T05:06:01,355030,Isluga,VIIRS375,0.05,0.38,1,muy baja,2026-10-05T14:24:05,mendoza
2026-07-22T05:06:01,355030,Isluga,VIIRS750,0,0.00,1,sin anomalia,2026-10-05T14:24:05,mendoza
2026-07-22T06:42:01,355030,Isluga,VIIRS375,0,0.00,1,sin anomalia,2026-10-05T14:24:05,mendoza
2026-07-22T06:42:01,355030,Isluga,VIIRS750,0,0.00,1,sin anomalia,2026-10-05T14:24:05,mendoza
2026-07-22T07:45:00,355030,Isluga,MODIS,0,0.00,1,sin anomalia,2026-10-05T14:24:05,mendoza
2026-07-22T12:25:00,355030,Isluga,MODIS,0,0.00,1,sin anomalia,2026-10-05T14:24:05,mendoza
2026-07-22T17:36:01,355030,Isluga,VIIRS375,0,0.00,1,sin anomalia,2026-10-05T14:24:05,mendoza
2026-07-22T17:36:01,355030,Isluga,VIIRS750,0,0.00,1,sin anomalia,2026-10-05T14:24:05,mendoza
2026-07-22T18:18:02,355030,Isluga,VIIRS375,0,0.00,1,sin anomalia,2026-10-05T14:24:05,mendoza
2026-07-22T18:18:02,355030,Isluga,VIIRS750,0,0.00,1,sin anomalia,2026-10-05T14:24:05,mendoza
2026-07-22T18:54:00,355030,Isluga,VIIRS750,0,0.00,1,sin anomalia,2026-10-05T14:24:05,mendoza
2026-07-23T02:10:00,355030,Isluga,MODIS,0,0.00,1,sin anomalia,2026-10-05T14:24:05,mendoza
2026-07-23T06:24:01,355030,Isluga,VIIRS375,0.1,0.53,1,muy baja,2026-10-05T14:24:05,mendoza
2026-07-23T06:24:01,355030,Isluga,VIIRS750,0,0.00,1,sin anomalia,2026-10-05T14:24:05,mendoza
2026-07-23T08:20:00,355030,Isluga,MODIS,0,0.00,1,sin anomalia,2026-10-05T14:24:05,mendoza
2026-07-23T13:00:00,355030,Isluga,MODIS,0,0.00,1,sin anomalia,2026-10-05T14:24:05,mendoza
2026-07-23T18:00:02,355030,Isluga,VIIRS375,0,0.00,1,sin anomalia,2026-10-05T14:24:05,mendoza
2026-07-23T18:00:02,355030,Isluga,VIIRS750,0,0.00,1,sin anomalia,2026-10-05T14:24:05,mendoza
2026-07-23T18:36:00,355030,Isluga,VIIRS375,0,0.00,1,sin anomalia,2026-10-05T14:24:05,mendoza
2026-07-23T18:36:00,355030,Isluga,VIIRS750,0,0.00,1,sin anomalia,2026-10-05T14:24:05,mendoza
2026-07-23T18:54:01,355030,Isluga,VIIRS375,0,0.00,1,sin anomalia,2026-10-05T14:24:05,mendoza
2026-07-23T18:54:01,355030,Isluga,VIIRS750,0,0.00,1,sin anomalia,2026-10-05T14:24:05,mendoza
2026-07-23T20:30:00,355030,Isluga,MODIS,0,0.00,1,sin anomalia,2026-10-05T14:24:05,mendoza
2026-07-24T01:10:00,355030,Isluga,MODIS,0,0.00,1,sin anomalia,2026-10-05T14:24:05,mendoza
2026-07-24T05:12:02,355030,Isluga,VIIRS375,0.41,1.06,1,muy baja,2026-10-05T14:24:05,mendoza
2026-07-24T05:12:02,355030,Isluga,VIIRS750,0,0.00,1,sin anomalia,2026-10-05T14:24:05,mendoza
2026-07-24T06:06:01,355030,Isluga,VIIRS375,0.19,0.53,1,muy baja,2026-10-05T14:24:05,mendoza
2026-07-24T06:06:01,355030,Isluga,VIIRS750,0,0.00,1,sin anomalia,2026-10-05T14:24:05,mendoza
2026-07-24T07:20:00,355030,Isluga,MODIS,0,0.00,1,sin anomalia,2026-10-05T14:24:05,mendoza
2026-07-24T13:40:00,355030,Isluga,MODIS,0,0.00,1,sin anomalia,2026-10-05T14:24:05,mendoza
2026-07-24T17:42:02,355030,Isluga,VIIRS375,0,0.00,1,sin anomalia,2026-10-05T14:24:05,mendoza
2026-07-24T17:42:02,355030,Isluga,VIIRS750,0,0.00,1,sin anomalia,2026-10-05T14:24:05,mendoza
2026-07-24T18:18:00,355030,Isluga,VIIRS375,0,0.00,1,sin anomalia,2026-10-05T14:24:05,mendoza
2026-07-24T18:18:00,355030,Isluga,VIIRS750,0,0.00,1,sin anomalia,2026-10-05T14:24:05,mendoza
2026-07-24T18:36:01,355030,Isluga,VIIRS375,0,0.00,1,sin anomalia,2026-10-05T14:24:05,mendoza
2026-07-24T18:36:01,355030,Isluga,VIIRS750,0,0.00,1,sin anomalia,2026-10-05T14:24:05,mendoza
2026-07-25T01:50:00,355030,Isluga,MODIS,0,0.00,1,sin anomalia,2026-10-05T14:24:05,mendoza
2026-07-25T05:48:01,355030,Isluga,VIIRS375,0.29,0.53,1,muy baja,2026-10-05T14:24:05,mendoza
2026-07-25T05:48:01,355030,Isluga,VIIRS750,0,0.00,1,sin anomalia,2026-10-05T14:24:05,mendoza
2026-07-25T06:36:02,355030,Isluga,VIIRS375,0,0.00,1,sin anomalia,2026-10-05T14:24:05,mendoza
2026-07-25T06:36:02,355030,Isluga,VIIRS750,0,0.00,1,sin anomalia,2026-10-05T14:24:05,mendoza
2026-07-25T08:00:00,355030,Isluga,MODIS,0,0.00,1,sin anomalia,2026-10-05T14:24:05,mendoza
2026-07-25T12:40:00,355030,Isluga,MODIS,0,0.00,1,sin anomalia,2026-10-05T14:24:05,mendoza
2026-07-25T17:24:02,355030,Isluga,VIIRS750,0,0.00,1,sin anomalia,2026-10-05T14:24:05,mendoza
2026-07-25T18:18:01,355030,Isluga,VIIRS375,0,0.00,1,sin anomalia,2026-10-05T14:24:05,mendoza
2026-07-25T18:18:01,355030,Isluga,VIIRS750,0,0.00,1,sin anomalia,2026-10-05T14:24:05,mendoza
2026-07-25T19:06:02,355030,Isluga,VIIRS375,0,0.00,1,sin anomalia,2026-10-05T14:24:05,mendoza
2026-07-25T19:06:02,355030,Isluga,VIIRS750,0,0.00,1,sin anomalia,2026-10-05T14:24:05,mendoza
2026-07-25T20:05:00,355030,Isluga,MODIS,0,0.00,1,sin anomalia,2026-10-05T14:24:05,mendoza
2026-07-26T00:50:00,355030,Isluga,MODIS,0,0.00,1,sin anomalia,2026-10-05T14:24:05,mendoza
2026-07-26T05:30:01,355030,Isluga,VIIRS375,0.36,0.53,1,muy baja,2026-10-05T14:24:05,mendoza
2026-07-26T05:30:01,355030,Isluga,VIIRS750,0.48,0.75,1,muy baja,2026-10-05T14:24:05,mendoza
2026-07-26T06:18:02,355030,Isluga,VIIRS375,0.09,0.38,1,muy baja,2026-10-05T14:24:05,mendoza
2026-07-26T06:18:02,355030,Isluga,VIIRS750,0,0.00,1,sin anomalia,2026-10-05T14:24:05,mendoza
2026-07-26T06:48:00,355030,Isluga,VIIRS375,0,0.00,1,sin anomalia,2026-10-05T14:24:05,mendoza
2026-07-26T06:48:00,355030,Isluga,VIIRS750,0,0.00,1,sin anomalia,2026-10-05T14:24:05,mendoza
2026-07-26T08:35:00,355030,Isluga,MODIS,0,0.00,1,sin anomalia,2026-10-05T14:24:05,mendoza
2026-07-26T13:20:00,355030,Isluga,MODIS,0,0.00,1,sin anomalia,2026-10-05T14:24:05,mendoza
2026-07-26T18:00:01,355030,Isluga,VIIRS375,0,0.00,1,sin anomalia,2026-10-05T14:24:05,mendoza
2026-07-26T18:00:01,355030,Isluga,VIIRS750,0,0.00,1,sin anomalia,2026-10-05T14:24:05,mendoza
2026-07-26T18:48:02,355030,Isluga,VIIRS375,0,0.00,1,sin anomalia,2026-10-05T14:24:05,mendoza
2026-07-26T18:48:02,355030,Isluga,VIIRS750,0,0.00,1,sin anomalia,2026-10-05T14:24:05,mendoza
2026-07-26T20:45:00,355030,Isluga,MODIS,0,0.00,1,sin anomalia,2026-10-05T14:24:05,mendoza
2026-07-27T01:30:00,355030,Isluga,MODIS,0,0.00,1,sin anomalia,2026-10-05T14:24:05,mendoza
2026-07-27T05:12:01,355030,Isluga,VIIRS375,0.32,1.13,1,muy baja,2026-10-05T14:24:05,mendoza
2026-07-27T05:12:01,355030,Isluga,VIIRS750,0,0.00,1,sin anomalia,2026-10-05T14:24:05,mendoza
2026-07-27T05:54:02,355030,Isluga,VIIRS375,0.24,0.53,1,muy baja,2026-10-05T14:24:05,mendoza
2026-07-27T05:54:02,355030,Isluga,VIIRS750,0,0.00,1,sin anomalia,2026-10-05T14:24:05,mendoza
2026-07-27T06:30:00,355030,Isluga,VIIRS375,0.06,0.53,1,muy baja,2026-10-05T14:24:05,mendoza
2026-07-27T06:30:00,355030,Isluga,VIIRS750,0,0.00,1,sin anomalia,2026-10-05T14:24:05,mendoza
2026-07-27T07:35:00,355030,Isluga,MODIS,0,0.00,1,sin anomalia,2026-10-05T14:24:05,mendoza
2026-07-27T17:42:01,355030,Isluga,VIIRS375,0,0.00,1,sin anomalia,2026-10-05T14:24:05,mendoza
2026-07-27T17:42:01,355030,Isluga,VIIRS750,0,0.00,1,sin anomalia,2026-10-05T14:24:05,mendoza
2026-07-27T18:24:02,355030,Isluga,VIIRS375,0,0.00,1,sin anomalia,2026-10-05T14:24:05,mendoza
2026-07-27T18:24:02,355030,Isluga,VIIRS750,0,0.00,1,sin anomalia,2026-10-05T14:24:05,mendoza
2026-07-27T19:00:00,355030,Isluga,VIIRS375,0,0.00,1,sin anomalia,2026-10-05T14:24:05,mendoza
2026-07-27T19:00:00,355030,Isluga,VIIRS750,0,0.00,1,sin anomalia,2026-10-05T14:24:05,mendoza
2026-07-27T19:45:00,355030,Isluga,MODIS,0,0.00,1,sin anomalia,2026-10-05T14:24:05,mendoza
2026-07-28T02:10:00,355030,Isluga,MODIS,0,0.00,1,sin anomalia,2026-10-05T14:24:05,mendoza
2026-07-28T06:30:01,355030,Isluga,VIIRS375,0,0.00,1,sin anomalia,2026-10-05T14:24:05,mendoza
2026-07-28T06:30:01,355030,Isluga,VIIRS750,0,0.00,1,sin anomalia,2026-10-05T14:24:05,mendoza
2026-07-28T08:15:00,355030,Isluga,MODIS,0,0.00,1,sin anomalia,2026-10-05T14:24:05,mendoza
2026-07-28T13:00:00,355030,Isluga,MODIS,0,0.00,1,sin anomalia,2026-10-05T14:24:05,mendoza
2026-07-28T17:24:01,355030,Isluga,VIIRS375,0,0.00,1,sin anomalia,2026-10-05T14:24:05,mendoza
2026-07-28T18:06:02,355030,Isluga,VIIRS375,0,0.00,1,sin anomalia,2026-10-05T14:24:05,mendoza
2026-07-28T18:06:02,355030,Isluga,VIIRS750,0,0.00,1,sin anomalia,2026-10-05T14:24:05,mendoza
2026-07-28T18:42:00,355030,Isluga,VIIRS375,0,0.00,1,sin anomalia,2026-10-05T14:24:05,mendoza
2026-07-28T18:42:00,355030,Isluga,VIIRS750,0,0.00,1,sin anomalia,2026-10-05T14:24:05,mendoza
2026-07-28T19:00:01,355030,Isluga,VIIRS375,0,0.00,1,sin anomalia,2026-10-05T14:24:05,mendoza
2026-07-28T19:00:01,355030,Isluga,VIIRS750,0,0.00,1,sin anomalia,2026-10-05T14:24:05,mendoza
2026-07-28T20:25:00,355030,Isluga,MODIS,0,0.00,1,sin anomalia,2026-10-05T14:24:05,mendoza
2026-07-29T01:10:00,355030,Isluga,MODIS,0,0.00,1,sin anomalia,2026-10-05T14:24:05,mendoza
2026-07-29T05:18:02,355030,Isluga,VIIRS375,0,0.00,1,sin anomalia,2026-10-05T14:24:05,mendoza
2026-07-29T05:18:02,355030,Isluga,VIIRS750,0,0.00,1,sin anomalia,2026-10-05T14:24:05,mendoza
2026-07-29T06:12:01,355030,Isluga,VIIRS375,0,0.00,1,sin anomalia,2026-10-05T14:24:05,mendoza
2026-07-29T06:12:01,355030,Isluga,VIIRS750,0,0.00,1,sin anomalia,2026-10-05T14:24:05,mendoza
2026-07-29T07:15:00,355030,Isluga,MODIS,0,0.00,1,sin anomalia,2026-10-05T14:24:05,mendoza
2026-07-29T13:40:00,355030,Isluga,MODIS,0,0.00,1,sin anomalia,2026-10-05T14:24:05,mendoza
2026-07-29T18:24:00,355030,Isluga,VIIRS375,0,0.00,1,sin anomalia,2026-10-05T14:24:05,mendoza
2026-07-29T18:42:01,355030,Isluga,VIIRS375,0,0.00,1,sin anomalia,2026-10-05T14:24:05,mendoza
2026-07-29T18:42:01,355030,Isluga,VIIRS750,0,0.00,1,sin anomalia,2026-10-05T14:24:05,mendoza
2026-07-29T21:00:00,355030,Isluga,MODIS,0,0.00,1,sin anomalia,2026-10-05T14:24:05,mendoza
2026-07-30T01:50:00,355030,Isluga,MODIS,0,0.00,1,sin anomalia,2026-10-05T14:24:05,mendoza
2026-07-30T05:00:02,355030,Isluga,VIIRS375,0.32,1.19,1,muy baja,2026-10-05T14:24:05,mendoza
2026-07-30T05:00:02,355030,Isluga,VIIRS750,0,0.00,1,sin anomalia,2026-10-05T14:24:05,mendoza
2026-07-30T05:54:01,355030,Isluga,VIIRS375,0.24,0.84,1,muy baja,2026-10-05T14:24:05,mendoza
2026-07-30T05:54:01,355030,Isluga,VIIRS750,0,0.00,1,sin anomalia,2026-10-05T14:24:05,mendoza
2026-07-30T06:42:02,355030,Isluga,VIIRS375,0,0.00,1,sin anomalia,2026-10-05T14:24:05,mendoza
2026-07-30T06:42:02,355030,Isluga,VIIRS750,0,0.00,1,sin anomalia,2026-10-05T14:24:05,mendoza
2026-07-30T07:50:00,355030,Isluga,MODIS,0,0.00,1,sin anomalia,2026-10-05T14:24:05,mendoza
2026-07-30T12:40:00,355030,Isluga,MODIS,0,0.00,1,sin anomalia,2026-10-05T14:24:05,mendoza
2026-07-30T17:30:02,355030,Isluga,VIIRS375,0,0.00,1,sin anomalia,2026-10-05T14:24:05,mendoza
2026-07-30T17:30:02,355030,Isluga,VIIRS750,0,0.00,1,sin anomalia,2026-10-05T14:24:05,mendoza
2026-07-30T18:06:00,355030,Isluga,VIIRS750,0,0.00,1,sin anomalia,2026-10-05T14:24:05,mendoza
2026-07-30T18:24:01,355030,Isluga,VIIRS375,0,0.00,1,sin anomalia,2026-10-05T14:24:05,mendoza
2026-07-30T18:24:01,355030,Isluga,VIIRS750,0,0.00,1,sin anomalia,2026-10-05T14:24:05,mendoza
2026-07-30T20:00:00,355030,Isluga,MODIS,0,0.00,1,sin anomalia,2026-10-05T14:24:05,mendoza
2026-07-31T00:50:00,355030,Isluga,MODIS,0,0.00,1,sin anomalia,2026-10-05T14:24:05,mendoza
2026-07-31T06:24:02,355030,Isluga,VIIRS375,0.07,0.53,1,muy baja,2026-10-05T14:24:05,mendoza
2026-07-31T06:24:02,355030,Isluga,VIIRS750,0,0.00,1,sin anomalia,2026-10-05T14:24:05,mendoza
2026-07-31T08:30:00,355030,Isluga,MODIS,0,0.00,1,sin anomalia,2026-10-05T14:24:05,mendoza
2026-07-31T13:20:00,355030,Isluga,MODIS,0,0.00,1,sin anomalia,2026-10-05T14:24:05,mendoza
2026-07-31T17:48:00,355030,Isluga,VIIRS375,0,0.00,1,sin anomalia,2026-10-05T14:24:05,mendoza
2026-07-31T17:48:00,355030,Isluga,VIIRS750,0,0.00,1,sin anomalia,2026-10-05T14:24:05,mendoza
2026-07-31T18:06:01,355030,Isluga,VIIRS375,0,0.00,1,sin anomalia,2026-10-05T14:24:05,mendoza
2026-07-31T18:06:01,355030,Isluga,VIIRS750,0,0.00,1,sin anomalia,2026-10-05T14:24:05,mendoza
2026-07-31T18:54:02,355030,Isluga,VIIRS375,0,0.00,1,sin anomalia,2026-10-05T14:24:05,mendoza
2026-07-31T18:54:02,355030,Isluga,VIIRS750,0,0.00,1,sin anomalia,2026-10-05T14:24:05,mendoza
2026-07-31T20:40:00,355030,Isluga,MODIS,0,0.00,1,sin anomalia,2026-10-05T14:24:05,mendoza
2026-08-01T01:30:00,355030,Isluga,MODIS,0,0.00,1,sin anomalia,2026-10-05T14:24:05,mendoza
2026-08-01T05:18:01,355030,Isluga,VIIRS375,0.39,0.75,1,muy baja,2026-10-05T14:24:05,mendoza
2026-08-01T05:18:01,355030,Isluga,VIIRS750,0,0.00,1,sin anomalia,2026-10-05T14:24:05,mendoza
2026-08-01T06:00:02,355030,Isluga,VIIRS375,0,0.00,1,sin anomalia,2026-10-05T14:24:05,mendoza
2026-08-01T06:00:02,355030,Isluga,VIIRS750,0,0.00,1,sin anomalia,2026-10-05T14:24:05,mendoza
2026-08-01T06:36:00,355030,Isluga,VIIRS375,0,0.00,1,sin anomalia,2026-10-05T14:24:05,mendoza
2026-08-01T06:36:00,355030,Isluga,VIIRS750,0,0.00,1,sin anomalia,2026-10-05T14:24:05,mendoza
2026-08-01T07:30:00,355030,Isluga,MODIS,0,0.00,1,sin anomalia,2026-10-05T14:24:05,mendoza
2026-08-01T17:30:00,355030,Isluga,VIIRS375,0,0.00,1,sin anomalia,2026-10-05T14:24:05,mendoza
2026-08-01T17:30:00,355030,Isluga,VIIRS750,0,0.00,1,sin anomalia,2026-10-05T14:24:05,mendoza
2026-08-01T17:48:01,355030,Isluga,VIIRS750,0,0.00,1,sin anomalia,2026-10-05T14:24:05,mendoza
2026-08-01T18:30:02,355030,Isluga,VIIRS375,0,0.00,1,sin anomalia,2026-10-05T14:24:05,mendoza
2026-08-01T18:30:02,355030,Isluga,VIIRS750,0,0.00,1,sin anomalia,2026-10-05T14:24:05,mendoza
2026-08-01T19:06:00,355030,Isluga,VIIRS375,1.67,11.75,0,fuera de radio,2026-10-05T14:24:05,mendoza
2026-08-01T19:06:00,355030,Isluga,VIIRS750,0,0.00,1,sin anomalia,2026-10-05T14:24:05,mendoza
2026-08-01T19:40:00,355030,Isluga,MODIS,0,0.00,1,sin anomalia,2026-10-05T14:24:05,mendoza
2026-08-02T02:05:00,355030,Isluga,MODIS,0,0.00,1,sin anomalia,2026-10-05T14:24:05,mendoza
2026-08-02T05:00:01,355030,Isluga,VIIRS375,0.23,0.84,1,muy baja,2026-10-05T14:24:05,mendoza
2026-08-02T05:00:01,355030,Isluga,VIIRS750,0,0.00,1,sin anomalia,2026-10-05T14:24:05,mendoza
2026-08-02T05:42:02,355030,Isluga,VIIRS375,0.24,0.84,1,muy baja,2026-10-05T14:24:05,mendoza
2026-08-02T05:42:02,355030,Isluga,VIIRS750,0,0.00,1,sin anomalia,2026-10-05T14:24:05,mendoza
2026-08-02T06:36:01,355030,Isluga,VIIRS375,0,0.00,1,sin anomalia,2026-10-05T14:24:05,mendoza
2026-08-02T06:36:01,355030,Isluga,VIIRS750,0,0.00,1,sin anomalia,2026-10-05T14:24:05,mendoza
2026-08-02T08:10:00,355030,Isluga,MODIS,0,0.00,1,sin anomalia,2026-10-05T14:24:05,mendoza
2026-08-02T13:00:00,355030,Isluga,MODIS,0,0.00,1,sin anomalia,2026-10-05T14:24:05,mendoza
2026-08-02T17:30:01,355030,Isluga,VIIRS375,0,0.00,1,sin anomalia,2026-10-05T14:24:05,mendoza
2026-08-02T17:30:01,355030,Isluga,VIIRS750,0,0.00,1,sin anomalia,2026-10-05T14:24:05,mendoza
2026-08-02T19:06:01,355030,Isluga,VIIRS375,0,0.00,1,sin anomalia,2026-10-05T14:24:05,mendoza
2026-08-02T19:06:01,355030,Isluga,VIIRS750,0,0.00,1,sin anomalia,2026-10-05T14:24:05,mendoza
2026-08-02T20:15:00,355030,Isluga,MODIS,0,0.00,1,sin anomalia,2026-10-05T14:24:05,mendoza
2026-08-03T01:10:00,355030,Isluga,MODIS,0,0.00,1,sin anomalia,2026-10-05T14:24:05,mendoza
2026-08-03T05:24:02,355030,Isluga,VIIRS375,1.58,24.19,0,fuera de radio,2026-10-05T14:24:05,mendoza
2026-08-03T05:24:02,355030,Isluga,VIIRS750,0.25,1.06,1,muy baja,2026-10-05T14:24:05,mendoza
2026-08-03T06:18:01,355030,Isluga,VIIRS375,0,0.00,1,sin anomalia,2026-10-05T14:24:05,mendoza
2026-08-03T06:18:01,355030,Isluga,VIIRS750,0,0.00,1,sin anomalia,2026-10-05T14:24:05,mendoza
2026-08-03T13:40:00,355030,Isluga,MODIS,0,0.00,1,sin anomalia,2026-10-05T14:24:05,mendoza
2026-08-03T17:54:02,355030,Isluga,VIIRS375,6.94,17.63,0,fuera de radio,2026-10-05T14:24:05,mendoza
2026-08-03T17:54:02,355030,Isluga,VIIRS750,10.9,17.78,0,fuera de radio,2026-10-05T14:24:05,mendoza
2026-08-03T18:48:01,355030,Isluga,VIIRS375,1.58,17.96,0,fuera de radio,2026-10-05T14:24:05,mendoza
2026-08-03T18:48:01,355030,Isluga,VIIRS750,0,0.00,1,sin anomalia,2026-10-05T14:24:05,mendoza
2026-08-03T20:55:00,355030,Isluga,MODIS,0,0.00,1,sin anomalia,2026-10-05T14:24:05,mendoza
2026-08-04T01:45:00,355030,Isluga,MODIS,0,0.00,1,sin anomalia,2026-10-05T14:24:05,mendoza
2026-08-04T06:00:01,355030,Isluga,VIIRS375,0.48,6.39,0,fuera de radio,2026-10-05T14:24:05,mendoza
2026-08-04T06:00:01,355030,Isluga,VIIRS750,0,0.00,1,sin anomalia,2026-10-05T14:24:05,mendoza
2026-08-04T07:45:00,355030,Isluga,MODIS,0,0.00,1,sin anomalia,2026-10-05T14:24:05,mendoza
2026-08-04T12:40:00,355030,Isluga,MODIS,0,0.00,1,sin anomalia,2026-10-05T14:24:05,mendoza
2026-08-04T18:12:00,355030,Isluga,VIIRS750,0,0.00,1,sin anomalia,2026-10-05T14:24:05,mendoza
2026-08-04T18:30:01,355030,Isluga,VIIRS375,0,0.00,1,sin anomalia,2026-10-05T14:24:05,mendoza
2026-08-04T18:30:01,355030,Isluga,VIIRS750,0,0.00,1,sin anomalia,2026-10-05T14:24:05,mendoza
2026-08-04T19:55:00,355030,Isluga,MODIS,0,0.00,1,sin anomalia,2026-10-05T14:24:05,mendoza
2026-08-05T00:50:00,355030,Isluga,MODIS,0,0.00,1,sin anomalia,2026-10-05T14:24:05,mendoza
2026-08-05T04:48:02,355030,Isluga,VIIRS375,0.06,0.38,1,muy baja,2026-10-05T14:24:05,mendoza
2026-08-05T04:48:02,355030,Isluga,VIIRS750,0,0.00,1,sin anomalia,2026-10-05T14:24:05,mendoza
2026-08-05T05:42:01,355030,Isluga,VIIRS375,0.34,0.53,1,muy baja,2026-10-05T14:24:05,mendoza
2026-08-05T05:42:01,355030,Isluga,VIIRS750,0,0.00,1,sin anomalia,2026-10-05T14:24:05,mendoza
2026-08-05T06:30:02,355030,Isluga,VIIRS375,0,0.00,1,sin anomalia,2026-10-05T14:24:05,mendoza
2026-08-05T06:30:02,355030,Isluga,VIIRS750,0,0.00,1,sin anomalia,2026-10-05T14:24:05,mendoza
2026-08-05T08:25:00,355030,Isluga,MODIS,0,0.00,1,sin anomalia,2026-10-05T14:24:05,mendoza
2026-08-05T13:20:00,355030,Isluga,MODIS,0,0.00,1,sin anomalia,2026-10-05T14:24:05,mendoza
2026-08-05T17:18:02,355030,Isluga,VIIRS375,0,0.00,1,sin anomalia,2026-10-05T14:24:05,mendoza
2026-08-05T17:18:02,355030,Isluga,VIIRS750,0,0.00,1,sin anomalia,2026-10-05T14:24:05,mendoza
2026-08-05T17:54:00,355030,Isluga,VIIRS375,0,0.00,1,sin anomalia,2026-10-05T14:24:05,mendoza
2026-08-05T17:54:00,355030,Isluga,VIIRS750,0,0.00,1,sin anomalia,2026-10-05T14:24:05,mendoza
2026-08-05T19:00:02,355030,Isluga,VIIRS375,0,0.00,1,sin anomalia,2026-10-05T14:24:05,mendoza
2026-08-05T19:00:02,355030,Isluga,VIIRS750,0,0.00,1,sin anomalia,2026-10-05T14:24:05,mendoza
2026-08-05T20:30:00,355030,Isluga,MODIS,0,0.00,1,sin anomalia,2026-10-05T14:24:05,mendoza
2026-08-06T05:24:01,355030,Isluga,VIIRS750,0,0.00,1,sin anomalia,2026-10-05T14:24:05,mendoza
2026-08-06T06:06:02,355030,Isluga,VIIRS375,0.15,0.53,1,muy baja,2026-10-05T14:24:05,mendoza
2026-08-06T06:06:02,355030,Isluga,VIIRS750,0,0.00,1,sin anomalia,2026-10-05T14:24:05,mendoza
2026-08-06T06:42:00,355030,Isluga,VIIRS375,0,0.00,1,sin anomalia,2026-10-05T14:24:05,mendoza
2026-08-06T06:42:00,355030,Isluga,VIIRS750,0,0.00,1,sin anomalia,2026-10-05T14:24:05,mendoza
2026-08-06T07:25:00,355030,Isluga,MODIS,0,0.00,1,sin anomalia,2026-10-05T14:24:05,mendoza
2026-08-06T17:54:01,355030,Isluga,VIIRS375,0,0.00,1,sin anomalia,2026-10-05T14:24:05,mendoza
2026-08-06T17:54:01,355030,Isluga,VIIRS750,0,0.00,1,sin anomalia,2026-10-05T14:24:05,mendoza
2026-08-06T18:42:02,355030,Isluga,VIIRS375,0,0.00,1,sin anomalia,2026-10-05T14:24:05,mendoza
2026-08-06T18:42:02,355030,Isluga,VIIRS750,0,0.00,1,sin anomalia,2026-10-05T14:24:05,mendoza
2026-08-06T19:12:00,355030,Isluga,VIIRS375,0,0.00,1,sin anomalia,2026-10-05T14:24:05,mendoza
2026-08-06T19:12:00,355030,Isluga,VIIRS750,0,0.00,1,sin anomalia,2026-10-05T14:24:05,mendoza
2026-08-07T02:05:00,355030,Isluga,MODIS,0,0.00,1,sin anomalia,2026-10-05T14:24:05,mendoza
2026-08-07T05:48:02,355030,Isluga,VIIRS375,0.29,0.53,1,muy baja,2026-10-05T14:24:05,mendoza
2026-08-07T05:48:02,355030,Isluga,VIIRS750,0.31,1.06,1,muy baja,2026-10-05T14:24:05,mendoza
2026-08-07T06:48:01,355030,Isluga,VIIRS375,0,0.00,1,sin anomalia,2026-10-05T14:24:05,mendoza
2026-08-07T06:48:01,355030,Isluga,VIIRS750,0,0.00,1,sin anomalia,2026-10-05T14:24:05,mendoza
2026-08-07T08:00:00,355030,Isluga,MODIS,0,0.00,1,sin anomalia,2026-10-05T14:24:05,mendoza
2026-08-07T13:00:00,355030,Isluga,MODIS,0,0.00,1,sin anomalia,2026-10-05T14:24:05,mendoza
2026-08-07T17:36:01,355030,Isluga,VIIRS375,0,0.00,1,sin anomalia,2026-10-05T14:24:05,mendoza
2026-08-07T18:18:02,355030,Isluga,VIIRS375,0,0.00,1,sin anomalia,2026-10-05T14:24:05,mendoza
2026-08-07T18:18:02,355030,Isluga,VIIRS750,0,0.00,1,sin anomalia,2026-10-05T14:24:05,mendoza
2026-08-07T18:54:00,355030,Isluga,VIIRS375,0,0.00,1,sin anomalia,2026-10-05T14:24:05,mendoza
2026-08-07T18:54:00,355030,Isluga,VIIRS750,0,0.00,1,sin anomalia,2026-10-05T14:24:05,mendoza
2026-08-07T20:10:00,355030,Isluga,MODIS,0,0.00,1,sin anomalia,2026-10-05T14:24:05,mendoza
2026-08-08T01:05:00,355030,Isluga,MODIS,0,0.00,1,sin anomalia,2026-10-05T14:24:05,mendoza
2026-08-08T05:30:02,355030,Isluga,VIIRS375,0.29,0.53,1,muy baja,2026-10-05T14:24:05,mendoza
2026-08-08T05:30:02,355030,Isluga,VIIRS750,0,0.00,1,sin anomalia,2026-10-05T14:24:05,mendoza
2026-08-08T06:06:00,355030,Isluga,VIIRS750,0,0.00,1,sin anomalia,2026-10-05T14:24:05,mendoza
2026-08-08T06:24:01,355030,Isluga,VIIRS375,0,0.00,1,sin anomalia,2026-10-05T14:24:05,mendoza
2026-08-08T06:24:01,355030,Isluga,VIIRS750,0,0.00,1,sin anomalia,2026-10-05T14:24:05,mendoza
2026-08-08T08:40:00,355030,Isluga,MODIS,0,0.00,1,sin anomalia,2026-10-05T14:24:05,mendoza
2026-08-08T13:35:00,355030,Isluga,MODIS,0,0.00,1,sin anomalia,2026-10-05T14:24:05,mendoza
2026-08-08T18:00:02,355030,Isluga,VIIRS375,2.65,17.43,0,fuera de radio,2026-10-05T14:24:05,mendoza
2026-08-08T18:00:02,355030,Isluga,VIIRS750,0,0.00,1,sin anomalia,2026-10-05T14:24:05,mendoza
2026-08-08T18:36:00,355030,Isluga,VIIRS375,10.41,17.43,0,fuera de radio,2026-10-05T14:24:05,mendoza
2026-08-08T18:36:00,355030,Isluga,VIIRS750,19.2,17.32,0,fuera de radio,2026-10-05T14:24:05,mendoza
2026-08-08T18:54:01,355030,Isluga,VIIRS375,2.67,17.43,0,fuera de radio,2026-10-05T14:24:05,mendoza
2026-08-08T18:54:01,355030,Isluga,VIIRS750,0,0.00,1,sin anomalia,2026-10-05T14:24:05,mendoza
2026-08-08T20:50:00,355030,Isluga,MODIS,0,0.00,1,sin anomalia,2026-10-05T14:24:05,mendoza
2026-08-09T01:45:00,355030,Isluga,MODIS,0,0.00,1,sin anomalia,2026-10-05T14:24:05,mendoza
2026-08-09T05:12:02,355030,Isluga,VIIRS375,0.99,15.95,0,fuera de radio,2026-10-05T14:24:05,mendoza
2026-08-09T05:12:02,355030,Isluga,VIIRS750,0,0.00,1,sin anomalia,2026-10-05T14:24:05,mendoza
2026-08-09T05:48:00,355030,Isluga,VIIRS375,0.17,0.84,1,muy baja,2026-10-05T14:24:05,mendoza
2026-08-09T05:48:00,355030,Isluga,VIIRS750,0,0.00,1,sin anomalia,2026-10-05T14:24:05,mendoza
2026-08-09T06:06:01,355030,Isluga,VIIRS375,0.08,0.53,1,muy baja,2026-10-05T14:24:05,mendoza
2026-08-09T06:06:01,355030,Isluga,VIIRS750,0,0.00,1,sin anomalia,2026-10-05T14:24:05,mendoza
2026-08-09T07:40:00,355030,Isluga,MODIS,0,0.00,1,sin anomalia,2026-10-05T14:24:05,mendoza
2026-08-09T12:40:00,355030,Isluga,MODIS,0,0.00,1,sin anomalia,2026-10-05T14:24:05,mendoza
2026-08-09T17:42:02,355030,Isluga,VIIRS375,0,0.00,1,sin anomalia,2026-10-05T14:24:05,mendoza
2026-08-09T17:42:02,355030,Isluga,VIIRS750,0,0.00,1,sin anomalia,2026-10-05T14:24:05,mendoza
2026-08-09T18:18:00,355030,Isluga,VIIRS375,0,0.00,1,sin anomalia,2026-10-05T14:24:05,mendoza
2026-08-09T18:18:00,355030,Isluga,VIIRS750,0,0.00,1,sin anomalia,2026-10-05T14:24:05,mendoza
2026-08-09T18:36:01,355030,Isluga,VIIRS375,0,0.00,1,sin anomalia,2026-10-05T14:24:05,mendoza
2026-08-09T18:36:01,355030,Isluga,VIIRS750,0,0.00,1,sin anomalia,2026-10-05T14:24:05,mendoza
2026-08-09T19:50:00,355030,Isluga,MODIS,0,0.00,1,sin anomalia,2026-10-05T14:24:05,mendoza
2026-08-10T00:45:00,355030,Isluga,MODIS,0,0.00,1,sin anomalia,2026-10-05T14:24:05,mendoza
2026-08-10T04:54:02,355030,Isluga,VIIRS375,0.44,13.53,0,fuera de radio,2026-10-05T14:24:05,mendoza
2026-08-10T04:54:02,355030,Isluga,VIIRS750,0,0.00,1,sin anomalia,2026-10-05T14:24:05,mendoza
2026-08-10T05:48:01,355030,Isluga,VIIRS375,0,0.00,1,sin anomalia,2026-10-05T14:24:05,mendoza
2026-08-10T05:48:01,355030,Isluga,VIIRS750,0,0.00,1,sin anomalia,2026-10-05T14:24:05,mendoza
2026-08-10T06:36:02,355030,Isluga,VIIRS375,0.17,27.87,0,fuera de radio,2026-10-05T14:24:05,mendoza
2026-08-10T06:36:02,355030,Isluga,VIIRS750,0,0.00,1,sin anomalia,2026-10-05T14:24:05,mendoza
2026-08-10T08:15:00,355030,Isluga,MODIS,0,0.00,1,sin anomalia,2026-10-05T14:24:05,mendoza
2026-08-10T13:15:00,355030,Isluga,MODIS,0,0.00,1,sin anomalia,2026-10-05T14:24:05,mendoza
2026-08-10T18:00:00,355030,Isluga,VIIRS375,0,0.00,1,sin anomalia,2026-10-05T14:24:05,mendoza
2026-08-10T18:00:00,355030,Isluga,VIIRS750,0,0.00,1,sin anomalia,2026-10-05T14:24:05,mendoza
2026-08-10T19:06:02,355030,Isluga,VIIRS375,0,0.00,1,sin anomalia,2026-10-05T14:24:05,mendoza
2026-08-10T19:06:02,355030,Isluga,VIIRS750,0,0.00,1,sin anomalia,2026-10-05T14:24:05,mendoza
2026-08-10T20:25:00,355030,Isluga,MODIS,0,0.00,1,sin anomalia,2026-10-05T14:24:05,mendoza
2026-08-11T01:25:00,355030,Isluga,MODIS,0,0.00,1,sin anomalia,2026-10-05T14:24:05,mendoza
2026-08-11T05:30:01,355030,Isluga,VIIRS375,0.22,13.77,0,fuera de radio,2026-10-05T14:24:05,mendoza
2026-08-11T05:30:01,355030,Isluga,VIIRS750,0,0.00,1,sin anomalia,2026-10-05T14:24:05,mendoza
2026-08-11T06:18:02,355030,Isluga,VIIRS375,0,0.00,1,sin anomalia,2026-10-05T14:24:05,mendoza
2026-08-11T06:54:00,355030,Isluga,VIIRS375,0,0.00,1,sin anomalia,2026-10-05T14:24:05,mendoza
2026-08-11T06:54:00,355030,Isluga,VIIRS750,0,0.00,1,sin anomalia,2026-10-05T14:24:05,mendoza
2026-08-11T07:20:00,355030,Isluga,MODIS,0,0.00,1,sin anomalia,2026-10-05T14:24:05,mendoza
2026-08-11T17:42:00,355030,Isluga,VIIRS375,0,0.00,1,sin anomalia,2026-10-05T14:24:05,mendoza
2026-08-11T17:42:00,355030,Isluga,VIIRS750,0,0.00,1,sin anomalia,2026-10-05T14:24:05,mendoza
2026-08-11T18:00:01,355030,Isluga,VIIRS375,0,0.00,1,sin anomalia,2026-10-05T14:24:05,mendoza
2026-08-11T18:00:01,355030,Isluga,VIIRS750,0,0.00,1,sin anomalia,2026-10-05T14:24:05,mendoza
2026-08-11T18:48:02,355030,Isluga,VIIRS375,0,0.00,1,sin anomalia,2026-10-05T14:24:05,mendoza
2026-08-11T18:48:02,355030,Isluga,VIIRS750,0,0.00,1,sin anomalia,2026-10-05T14:24:05,mendoza
2026-08-11T21:05:00,355030,Isluga,MODIS,0,0.00,1,sin anomalia,2026-10-05T14:24:05,mendoza
2026-08-12T02:05:00,355030,Isluga,MODIS,0,0.00,1,sin anomalia,2026-10-05T14:24:05,mendoza
2026-08-12T05:12:01,355030,Isluga,VIIRS375,0,0.00,1,sin anomalia,2026-10-05T14:24:05,mendoza
2026-08-12T05:12:01,355030,Isluga,VIIRS750,0,0.00,1,sin anomalia,2026-10-05T14:24:05,mendoza
2026-08-12T05:54:02,355030,Isluga,VIIRS375,0,0.00,1,sin anomalia,2026-10-05T14:24:05,mendoza
2026-08-12T05:54:02,355030,Isluga,VIIRS750,0,0.00,1,sin anomalia,2026-10-05T14:24:05,mendoza
2026-08-12T06:30:00,355030,Isluga,VIIRS375,0,0.00,1,sin anomalia,2026-10-05T14:24:05,mendoza
2026-08-12T06:30:00,355030,Isluga,VIIRS750,0,0.00,1,sin anomalia,2026-10-05T14:24:05,mendoza
2026-08-12T07:55:00,355030,Isluga,MODIS,0,0.00,1,sin anomalia,2026-10-05T14:24:05,mendoza
2026-08-12T12:55:00,355030,Isluga,MODIS,0,0.00,1,sin anomalia,2026-10-05T14:24:05,mendoza
2026-08-12T17:24:00,355030,Isluga,VIIRS375,0,0.00,1,sin anomalia,2026-10-05T14:24:05,mendoza
2026-08-12T17:24:00,355030,Isluga,VIIRS750,0,0.00,1,sin anomalia,2026-10-05T14:24:05,mendoza
2026-08-12T17:42:01,355030,Isluga,VIIRS375,0,0.00,1,sin anomalia,2026-10-05T14:24:05,mendoza
2026-08-12T18:24:02,355030,Isluga,VIIRS375,0,0.00,1,sin anomalia,2026-10-05T14:24:05,mendoza
2026-08-12T18:24:02,355030,Isluga,VIIRS750,0,0.00,1,sin anomalia,2026-10-05T14:24:05,mendoza
2026-08-12T19:00:00,355030,Isluga,VIIRS375,0,0.00,1,sin anomalia,2026-10-05T14:24:05,mendoza
2026-08-12T19:00:00,355030,Isluga,VIIRS750,0,0.00,1,sin anomalia,2026-10-05T14:24:05,mendoza
2026-08-12T20:05:00,355030,Isluga,MODIS,0,0.00,1,sin anomalia,2026-10-05T14:24:05,mendoza
2026-08-13T01:05:00,355030,Isluga,MODIS,0,0.00,1,sin anomalia,2026-10-05T14:24:05,mendoza
2026-08-13T04:54:01,355030,Isluga,VIIRS375,0,0.00,1,sin anomalia,2026-10-05T14:24:05,mendoza
2026-08-13T04:54:01,355030,Isluga,VIIRS750,0,0.00,1,sin anomalia,2026-10-05T14:24:05,mendoza
2026-08-13T05:36:02,355030,Isluga,VIIRS375,0,0.00,1,sin anomalia,2026-10-05T14:24:05,mendoza
2026-08-13T05:36:02,355030,Isluga,VIIRS750,0,0.00,1,sin anomalia,2026-10-05T14:24:05,mendoza
2026-08-13T06:30:01,355030,Isluga,VIIRS375,0,0.00,1,sin anomalia,2026-10-05T14:24:05,mendoza
2026-08-13T06:30:01,355030,Isluga,VIIRS750,0,0.00,1,sin anomalia,2026-10-05T14:24:05,mendoza
2026-08-13T08:35:00,355030,Isluga,MODIS,0,0.00,1,sin anomalia,2026-10-05T14:24:05,mendoza
2026-08-13T13:35:00,355030,Isluga,MODIS,0,0.00,1,sin anomalia,2026-10-05T14:24:05,mendoza
2026-08-13T17:24:01,355030,Isluga,VIIRS375,0,0.00,1,sin anomalia,2026-10-05T14:24:05,mendoza
2026-08-13T17:24:01,355030,Isluga,VIIRS750,0,0.00,1,sin anomalia,2026-10-05T14:24:05,mendoza
2026-08-13T18:06:02,355030,Isluga,VIIRS375,0,0.00,1,sin anomalia,2026-10-05T14:24:05,mendoza
2026-08-13T18:06:02,355030,Isluga,VIIRS750,0,0.00,1,sin anomalia,2026-10-05T14:24:05,mendoza
2026-08-13T18:42:00,355030,Isluga,VIIRS375,0,0.00,1,sin anomalia,2026-10-05T14:24:05,mendoza
2026-08-13T18:42:00,355030,Isluga,VIIRS750,0,0.00,1,sin anomalia,2026-10-05T14:24:05,mendoza
2026-08-13T19:00:01,355030,Isluga,VIIRS375,0,0.00,1,sin anomalia,2026-10-05T14:24:05,mendoza
2026-08-13T19:00:01,355030,Isluga,VIIRS750,0,0.00,1,sin anomalia,2026-10-05T14:24:05,mendoza
2026-08-13T20:40:00,355030,Isluga,MODIS,0,0.00,1,sin anomalia,2026-10-05T14:24:05,mendoza
2026-08-14T01:45:00,355030,Isluga,MODIS,0,0.00,1,sin anomalia,2026-10-05T14:24:05,mendoza
2026-08-14T05:18:02,355030,Isluga,VIIRS375,0.25,0.84,1,muy baja,2026-10-05T14:24:05,mendoza
2026-08-14T05:18:02,355030,Isluga,VIIRS750,0.12,1.06,1,muy baja,2026-10-05T14:24:05,mendoza
2026-08-14T06:12:01,355030,Isluga,VIIRS375,0.09,0.53,1,muy baja,2026-10-05T14:24:05,mendoza
2026-08-14T06:12:01,355030,Isluga,VIIRS750,0,0.00,1,sin anomalia,2026-10-05T14:24:05,mendoza
2026-08-14T07:35:00,355030,Isluga,MODIS,0,0.00,1,sin anomalia,2026-10-05T14:24:05,mendoza
2026-08-14T12:35:00,355030,Isluga,MODIS,0,0.00,1,sin anomalia,2026-10-05T14:24:05,mendoza
2026-08-14T17:48:02,355030,Isluga,VIIRS375,0,0.00,1,sin anomalia,2026-10-05T14:24:05,mendoza
2026-08-14T18:42:01,355030,Isluga,VIIRS375,0,0.00,1,sin anomalia,2026-10-05T14:24:05,mendoza
2026-08-14T18:42:01,355030,Isluga,VIIRS750,0,0.00,1,sin anomalia,2026-10-05T14:24:05,mendoza
2026-08-14T19:40:00,355030,Isluga,MODIS,0,0.00,1,sin anomalia,2026-10-05T14:24:05,mendoza
2026-08-15T00:45:00,355030,Isluga,MODIS,0,0.00,1,sin anomalia,2026-10-05T14:24:05,mendoza
2026-08-15T05:00:02,355030,Isluga,VIIRS375,1.81,27.38,0,fuera de radio,2026-10-05T14:24:05,mendoza
2026-08-15T05:00:02,355030,Isluga,VIIRS750,0,0.00,1,sin anomalia,2026-10-05T14:24:05,mendoza
2026-08-15T05:54:01,355030,Isluga,VIIRS375,0.63,14.12,0,fuera de radio,2026-10-05T14:24:05,mendoza
2026-08-15T05:54:01,355030,Isluga,VIIRS750,0,0.00,1,sin anomalia,2026-10-05T14:24:05,mendoza
2026-08-15T06:42:02,355030,Isluga,VIIRS375,0,0.00,1,sin anomalia,2026-10-05T14:24:05,mendoza
2026-08-15T06:42:02,355030,Isluga,VIIRS750,0,0.00,1,sin anomalia,2026-10-05T14:24:05,mendoza
2026-08-15T08:10:00,355030,Isluga,MODIS,0,0.00,1,sin anomalia,2026-10-05T14:24:05,mendoza
2026-08-15T13:15:00,355030,Isluga,MODIS,0,0.00,1,sin anomalia,2026-10-05T14:24:05,mendoza
2026-08-15T18:24:01,355030,Isluga,VIIRS375,0,0.00,1,sin anomalia,2026-10-05T14:24:05,mendoza
2026-08-15T18:24:01,355030,Isluga,VIIRS750,0,0.00,1,sin anomalia,2026-10-05T14:24:05,mendoza
2026-08-15T20:20:00,355030,Isluga,MODIS,0,0.00,1,sin anomalia,2026-10-05T14:24:05,mendoza
2026-08-16T01:25:00,355030,Isluga,MODIS,0,0.00,1,sin anomalia,2026-10-05T14:24:05,mendoza
2026-08-16T05:36:01,355030,Isluga,VIIRS375,0.4,28.35,0,fuera de radio,2026-10-05T14:24:05,mendoza
2026-08-16T05:36:01,355030,Isluga,VIIRS750,0,0.00,1,sin anomalia,2026-10-05T14:24:05,mendoza
2026-08-16T06:24:02,355030,Isluga,VIIRS375,0,0.00,1,sin anomalia,2026-10-05T14:24:05,mendoza
2026-08-16T06:24:02,355030,Isluga,VIIRS750,0,0.00,1,sin anomalia,2026-10-05T14:24:05,mendoza
2026-08-16T17:48:00,355030,Isluga,VIIRS375,0,0.00,1,sin anomalia,2026-10-05T14:24:05,mendoza
2026-08-16T17:48:00,355030,Isluga,VIIRS750,0,0.00,1,sin anomalia,2026-10-05T14:24:05,mendoza
2026-08-16T18:06:01,355030,Isluga,VIIRS375,0,0.00,1,sin anomalia,2026-10-05T14:24:05,mendoza
2026-08-16T18:06:01,355030,Isluga,VIIRS750,0,0.00,1,sin anomalia,2026-10-05T14:24:05,mendoza
2026-08-16T18:54:02,355030,Isluga,VIIRS375,0,0.00,1,sin anomalia,2026-10-05T14:24:05,mendoza
2026-08-16T18:54:02,355030,Isluga,VIIRS750,0,0.00,1,sin anomalia,2026-10-05T14:24:05,mendoza
2026-08-16T20:55:00,355030,Isluga,MODIS,0,0.00,1,sin anomalia,2026-10-05T14:24:05,mendoza
2026-08-17T02:05:00,355030,Isluga,MODIS,0,0.00,1,sin anomalia,2026-10-05T14:24:05,mendoza
2026-08-17T05:18:01,355030,Isluga,VIIRS375,0,0.00,1,sin anomalia,2026-10-05T14:24:05,mendoza
2026-08-17T05:18:01,355030,Isluga,VIIRS750,0,0.00,1,sin anomalia,2026-10-05T14:24:05,mendoza
2026-08-17T06:00:02,355030,Isluga,VIIRS375,0,0.00,1,sin anomalia,2026-10-05T14:24:05,mendoza
2026-08-17T06:00:02,355030,Isluga,VIIRS750,0,0.00,1,sin anomalia,2026-10-05T14:24:05,mendoza
2026-08-17T06:36:00,355030,Isluga,VIIRS375,0,0.00,1,sin anomalia,2026-10-05T14:24:05,mendoza
2026-08-17T06:36:00,355030,Isluga,VIIRS750,0,0.00,1,sin anomalia,2026-10-05T14:24:05,mendoza
2026-08-17T07:50:00,355030,Isluga,MODIS,0,0.00,1,sin anomalia,2026-10-05T14:24:05,mendoza
2026-08-17T12:55:00,355030,Isluga,MODIS,0,0.00,1,sin anomalia,2026-10-05T14:24:05,mendoza
2026-08-17T17:30:00,355030,Isluga,VIIRS375,0,0.00,1,sin anomalia,2026-10-05T14:24:05,mendoza
2026-08-17T17:30:00,355030,Isluga,VIIRS750,0,0.00,1,sin anomalia,2026-10-05T14:24:05,mendoza
2026-08-17T18:30:02,355030,Isluga,VIIRS375,0,0.00,1,sin anomalia,2026-10-05T14:24:05,mendoza
2026-08-17T18:30:02,355030,Isluga,VIIRS750,0,0.00,1,sin anomalia,2026-10-05T14:24:05,mendoza
2026-08-17T19:06:00,355030,Isluga,VIIRS375,0,0.00,1,sin anomalia,2026-10-05T14:24:05,mendoza
2026-08-17T19:06:00,355030,Isluga,VIIRS750,0,0.00,1,sin anomalia,2026-10-05T14:24:05,mendoza
2026-08-17T20:00:00,355030,Isluga,MODIS,0,0.00,1,sin anomalia,2026-10-05T14:24:05,mendoza
2026-08-18T01:05:00,355030,Isluga,MODIS,0,0.00,1,sin anomalia,2026-10-05T14:24:05,mendoza
2026-08-18T05:00:01,355030,Isluga,VIIRS375,0,0.00,1,sin anomalia,2026-10-05T14:24:05,mendoza
2026-08-18T05:00:01,355030,Isluga,VIIRS750,0,0.00,1,sin anomalia,2026-10-05T14:24:05,mendoza
2026-08-18T05:42:02,355030,Isluga,VIIRS375,0.16,20.69,0,fuera de radio,2026-10-05T14:24:05,mendoza
2026-08-18T05:42:02,355030,Isluga,VIIRS750,0,0.00,1,sin anomalia,2026-10-05T14:24:05,mendoza
2026-08-18T06:18:00,355030,Isluga,VIIRS375,0,0.00,1,sin anomalia,2026-10-05T14:24:05,mendoza
2026-08-18T06:18:00,355030,Isluga,VIIRS750,0,0.00,1,sin anomalia,2026-10-05T14:24:05,mendoza
2026-08-18T06:42:01,355030,Isluga,VIIRS375,0,0.00,1,sin anomalia,2026-10-05T14:24:05,mendoza
2026-08-18T06:42:01,355030,Isluga,VIIRS750,0,0.00,1,sin anomalia,2026-10-05T14:24:05,mendoza
2026-08-18T08:25:00,355030,Isluga,MODIS,0,0.00,1,sin anomalia,2026-10-05T14:24:05,mendoza
2026-08-18T13:35:00,355030,Isluga,MODIS,0,0.00,1,sin anomalia,2026-10-05T14:24:05,mendoza
2026-08-18T17:30:01,355030,Isluga,VIIRS375,0.74,25.73,0,fuera de radio,2026-10-05T14:24:05,mendoza
2026-08-18T17:30:01,355030,Isluga,VIIRS750,0,0.00,1,sin anomalia,2026-10-05T14:24:05,mendoza
2026-08-18T18:12:02,355030,Isluga,VIIRS750,0,0.00,1,sin anomalia,2026-10-05T14:24:05,mendoza
2026-08-18T19:12:01,355030,Isluga,VIIRS375,0,0.00,1,sin anomalia,2026-10-05T14:24:05,mendoza
2026-08-18T19:12:01,355030,Isluga,VIIRS750,0,0.00,1,sin anomalia,2026-10-05T14:24:05,mendoza
2026-08-18T20:35:00,355030,Isluga,MODIS,0,0.00,1,sin anomalia,2026-10-05T14:24:05,mendoza
2026-08-19T01:45:00,355030,Isluga,MODIS,0,0.00,1,sin anomalia,2026-10-05T14:24:05,mendoza
2026-08-19T05:24:02,355030,Isluga,VIIRS375,0.12,0.84,1,muy baja,2026-10-05T14:24:05,mendoza
2026-08-19T05:24:02,355030,Isluga,VIIRS750,0,0.00,1,sin anomalia,2026-10-05T14:24:05,mendoza
2026-08-19T06:18:01,355030,Isluga,VIIRS375,0,0.00,1,sin anomalia,2026-10-05T14:24:05,mendoza
2026-08-19T06:18:01,355030,Isluga,VIIRS750,0,0.00,1,sin anomalia,2026-10-05T14:24:05,mendoza
2026-08-19T07:25:00,355030,Isluga,MODIS,0,0.00,1,sin anomalia,2026-10-05T14:24:05,mendoza
2026-08-19T12:35:00,355030,Isluga,MODIS,0,0.00,1,sin anomalia,2026-10-05T14:24:05,mendoza
2026-08-19T18:48:01,355030,Isluga,VIIRS375,0,0.00,1,sin anomalia,2026-10-05T14:24:05,mendoza
2026-08-19T18:48:01,355030,Isluga,VIIRS750,0,0.00,1,sin anomalia,2026-10-05T14:24:05,mendoza
2026-08-20T00:45:00,355030,Isluga,MODIS,0,0.00,1,sin anomalia,2026-10-05T14:24:05,mendoza
2026-08-20T05:06:02,355030,Isluga,VIIRS375,0.33,1.06,1,muy baja,2026-10-05T14:24:05,mendoza
2026-08-20T05:06:02,355030,Isluga,VIIRS750,0,0.00,1,sin anomalia,2026-10-05T14:24:05,mendoza
2026-08-20T06:00:01,355030,Isluga,VIIRS375,0.08,0.53,1,muy baja,2026-10-05T14:24:05,mendoza
2026-08-20T06:00:01,355030,Isluga,VIIRS750,0,0.00,1,sin anomalia,2026-10-05T14:24:05,mendoza
2026-08-20T08:05:00,355030,Isluga,MODIS,0,0.00,1,sin anomalia,2026-10-05T14:24:05,mendoza
2026-08-20T13:15:00,355030,Isluga,MODIS,0,0.00,1,sin anomalia,2026-10-05T14:24:05,mendoza
2026-08-20T18:12:00,355030,Isluga,VIIRS375,0,0.00,1,sin anomalia,2026-10-05T14:24:05,mendoza
2026-08-20T18:12:00,355030,Isluga,VIIRS750,0,0.00,1,sin anomalia,2026-10-05T14:24:05,mendoza
2026-08-20T18:30:01,355030,Isluga,VIIRS375,0,0.00,1,sin anomalia,2026-10-05T14:24:05,mendoza
2026-08-20T18:30:01,355030,Isluga,VIIRS750,0,0.00,1,sin anomalia,2026-10-05T14:24:05,mendoza
2026-08-20T20:15:00,355030,Isluga,MODIS,0,0.00,1,sin anomalia,2026-10-05T14:24:05,mendoza
2026-08-21T01:25:00,355030,Isluga,MODIS,0,0.00,1,sin anomalia,2026-10-05T14:24:05,mendoza
2026-08-21T04:48:02,355030,Isluga,VIIRS375,0.56,25.99,0,fuera de radio,2026-10-05T14:24:05,mendoza
2026-08-21T04:48:02,355030,Isluga,VIIRS750,0,0.00,1,sin anomalia,2026-10-05T14:24:05,mendoza
2026-08-21T05:42:01,355030,Isluga,VIIRS375,0.22,0.53,1,muy baja,2026-10-05T14:24:05,mendoza
2026-08-21T05:42:01,355030,Isluga,VIIRS750,0.28,0.75,1,muy baja,2026-10-05T14:24:05,mendoza
2026-08-21T06:30:02,355030,Isluga,VIIRS375,0,0.00,1,sin anomalia,2026-10-05T14:24:05,mendoza
2026-08-21T06:30:02,355030,Isluga,VIIRS750,0,0.00,1,sin anomalia,2026-10-05T14:24:05,mendoza
2026-08-21T17:18:02,355030,Isluga,VIIRS375,0,0.00,1,sin anomalia,2026-10-05T14:24:05,mendoza
2026-08-21T17:18:02,355030,Isluga,VIIRS750,0,0.00,1,sin anomalia,2026-10-05T14:24:05,mendoza
2026-08-21T17:54:00,355030,Isluga,VIIRS375,0,0.00,1,sin anomalia,2026-10-05T14:24:05,mendoza
2026-08-21T17:54:00,355030,Isluga,VIIRS750,0,0.00,1,sin anomalia,2026-10-05T14:24:05,mendoza
2026-08-21T18:12:01,355030,Isluga,VIIRS375,0,0.00,1,sin anomalia,2026-10-05T14:24:05,mendoza
2026-08-21T19:00:02,355030,Isluga,VIIRS375,0,0.00,1,sin anomalia,2026-10-05T14:24:05,mendoza
2026-08-21T19:00:02,355030,Isluga,VIIRS750,0,0.00,1,sin anomalia,2026-10-05T14:24:05,mendoza
2026-08-21T20:50:00,355030,Isluga,MODIS,0,0.00,1,sin anomalia,2026-10-05T14:24:05,mendoza
2026-08-22T02:00:00,355030,Isluga,MODIS,0,0.00,1,sin anomalia,2026-10-05T14:24:05,mendoza
2026-08-22T05:24:01,355030,Isluga,VIIRS375,0.06,0.84,1,muy baja,2026-10-05T14:24:05,mendoza
2026-08-22T05:24:01,355030,Isluga,VIIRS750,0,0.00,1,sin anomalia,2026-10-05T14:24:05,mendoza
2026-08-22T06:12:02,355030,Isluga,VIIRS375,0,0.00,1,sin anomalia,2026-10-05T14:24:05,mendoza
2026-08-22T06:12:02,355030,Isluga,VIIRS750,0,0.00,1,sin anomalia,2026-10-05T14:24:05,mendoza
2026-08-22T06:48:00,355030,Isluga,VIIRS375,0,0.00,1,sin anomalia,2026-10-05T14:24:05,mendoza
2026-08-22T06:48:00,355030,Isluga,VIIRS750,0,0.00,1,sin anomalia,2026-10-05T14:24:05,mendoza
2026-08-22T07:45:00,355030,Isluga,MODIS,0,0.00,1,sin anomalia,2026-10-05T14:24:05,mendoza
2026-08-22T12:55:00,355030,Isluga,MODIS,0,0.00,1,sin anomalia,2026-10-05T14:24:05,mendoza
2026-08-22T17:36:00,355030,Isluga,VIIRS375,0,0.00,1,sin anomalia,2026-10-05T14:24:05,mendoza
2026-08-22T17:36:00,355030,Isluga,VIIRS750,0,0.00,1,sin anomalia,2026-10-05T14:24:05,mendoza
2026-08-22T17:54:01,355030,Isluga,VIIRS375,0,0.00,1,sin anomalia,2026-10-05T14:24:05,mendoza
2026-08-22T17:54:01,355030,Isluga,VIIRS750,0,0.00,1,sin anomalia,2026-10-05T14:24:05,mendoza
2026-08-22T18:42:02,355030,Isluga,VIIRS375,0,0.00,1,sin anomalia,2026-10-05T14:24:05,mendoza
2026-08-22T19:18:00,355030,Isluga,VIIRS375,0,0.00,1,sin anomalia,2026-10-05T14:24:05,mendoza
2026-08-22T19:18:00,355030,Isluga,VIIRS750,0,0.00,1,sin anomalia,2026-10-05T14:24:05,mendoza
2026-08-22T19:50:00,355030,Isluga,MODIS,0,0.00,1,sin anomalia,2026-10-05T14:24:05,mendoza
2026-08-23T01:05:00,355030,Isluga,MODIS,0,0.00,1,sin anomalia,2026-10-05T14:24:05,mendoza
2026-08-23T05:06:01,355030,Isluga,VIIRS375,0,0.00,1,sin anomalia,2026-10-05T14:24:05,mendoza
2026-08-23T05:06:01,355030,Isluga,VIIRS750,0,0.00,1,sin anomalia,2026-10-05T14:24:05,mendoza
2026-08-23T05:48:02,355030,Isluga,VIIRS375,0,0.00,1,sin anomalia,2026-10-05T14:24:05,mendoza
2026-08-23T05:48:02,355030,Isluga,VIIRS750,0,0.00,1,sin anomalia,2026-10-05T14:24:05,mendoza
2026-08-23T06:48:01,355030,Isluga,VIIRS375,0,0.00,1,sin anomalia,2026-10-05T14:24:05,mendoza
2026-08-23T06:48:01,355030,Isluga,VIIRS750,0,0.00,1,sin anomalia,2026-10-05T14:24:05,mendoza
2026-08-23T13:35:00,355030,Isluga,MODIS,0,0.00,1,sin anomalia,2026-10-05T14:24:05,mendoza
2026-08-23T17:36:01,355030,Isluga,VIIRS375,0,0.00,1,sin anomalia,2026-10-05T14:24:05,mendoza
2026-08-23T17:36:01,355030,Isluga,VIIRS750,0,0.00,1,sin anomalia,2026-10-05T14:24:05,mendoza
2026-08-23T18:54:00,355030,Isluga,VIIRS375,0,0.00,1,sin anomalia,2026-10-05T14:24:05,mendoza
2026-08-23T18:54:00,355030,Isluga,VIIRS750,0,0.00,1,sin anomalia,2026-10-05T14:24:05,mendoza
2026-08-23T20:30:00,355030,Isluga,MODIS,0,0.00,1,sin anomalia,2026-10-05T14:24:05,mendoza
2026-08-24T01:40:00,355030,Isluga,MODIS,0,0.00,1,sin anomalia,2026-10-05T14:24:05,mendoza
2026-08-24T05:30:02,355030,Isluga,VIIRS375,0,0.00,1,sin anomalia,2026-10-05T14:24:05,mendoza
2026-08-24T05:30:02,355030,Isluga,VIIRS750,0,0.00,1,sin anomalia,2026-10-05T14:24:05,mendoza
2026-08-24T06:24:01,355030,Isluga,VIIRS375,0,0.00,1,sin anomalia,2026-10-05T14:24:05,mendoza
2026-08-24T06:24:01,355030,Isluga,VIIRS750,0,0.00,1,sin anomalia,2026-10-05T14:24:05,mendoza
2026-08-24T07:20:00,355030,Isluga,MODIS,0,0.00,1,sin anomalia,2026-10-05T14:24:05,mendoza
2026-08-24T12:35:00,355030,Isluga,MODIS,0,0.00,1,sin anomalia,2026-10-05T14:24:05,mendoza
2026-08-24T18:00:02,355030,Isluga,VIIRS375,0,0.00,1,sin anomalia,2026-10-05T14:24:05,mendoza
2026-08-24T18:00:02,355030,Isluga,VIIRS750,0,0.00,1,sin anomalia,2026-10-05T14:24:05,mendoza
2026-08-24T18:36:00,355030,Isluga,VIIRS375,0,0.00,1,sin anomalia,2026-10-05T14:24:05,mendoza
2026-08-24T18:36:00,355030,Isluga,VIIRS750,0,0.00,1,sin anomalia,2026-10-05T14:24:05,mendoza
2026-08-24T18:54:01,355030,Isluga,VIIRS375,0,0.00,1,sin anomalia,2026-10-05T14:24:05,mendoza
2026-08-24T18:54:01,355030,Isluga,VIIRS750,0,0.00,1,sin anomalia,2026-10-05T14:24:05,mendoza
2026-08-24T21:05:00,355030,Isluga,MODIS,0,0.00,1,sin anomalia,2026-10-05T14:24:05,mendoza
2026-08-25T00:45:00,355030,Isluga,MODIS,0,0.00,1,sin anomalia,2026-10-05T14:24:05,mendoza
2026-08-25T05:12:02,355030,Isluga,VIIRS375,0.57,2.73,1,muy baja,2026-10-05T14:24:05,mendoza
2026-08-25T05:12:02,355030,Isluga,VIIRS750,0,0.00,1,sin anomalia,2026-10-05T14:24:05,mendoza
2026-08-25T05:48:00,355030,Isluga,VIIRS750,0,0.00,1,sin anomalia,2026-10-05T14:24:05,mendoza
2026-08-25T06:06:01,355030,Isluga,VIIRS375,0,0.00,1,sin anomalia,2026-10-05T14:24:05,mendoza
2026-08-25T06:06:01,355030,Isluga,VIIRS750,0,0.00,1,sin anomalia,2026-10-05T14:24:05,mendoza
2026-08-25T08:00:00,355030,Isluga,MODIS,0,0.00,1,sin anomalia,2026-10-05T14:24:05,mendoza
2026-08-25T13:15:00,355030,Isluga,MODIS,0,0.00,1,sin anomalia,2026-10-05T14:24:05,mendoza
2026-08-25T18:36:01,355030,Isluga,VIIRS375,0,0.00,1,sin anomalia,2026-10-05T14:24:05,mendoza
2026-08-25T18:36:01,355030,Isluga,VIIRS750,0,0.00,1,sin anomalia,2026-10-05T14:24:05,mendoza
2026-08-26T01:20:00,355030,Isluga,MODIS,0,0.00,1,sin anomalia,2026-10-05T14:24:05,mendoza
2026-08-26T04:54:02,355030,Isluga,VIIRS375,1.83,24.24,0,fuera de radio,2026-10-05T14:24:05,mendoza
2026-08-26T04:54:02,355030,Isluga,VIIRS750,0,0.00,1,sin anomalia,2026-10-05T14:24:05,mendoza
2026-08-26T05:48:01,355030,Isluga,VIIRS375,0.2,0.84,1,muy baja,2026-10-05T14:24:05,mendoza
2026-08-26T05:48:01,355030,Isluga,VIIRS750,0,0.00,1,sin anomalia,2026-10-05T14:24:05,mendoza
2026-08-26T06:36:02,355030,Isluga,VIIRS375,0,0.00,1,sin anomalia,2026-10-05T14:24:05,mendoza
2026-08-26T06:36:02,355030,Isluga,VIIRS750,0,0.00,1,sin anomalia,2026-10-05T14:24:05,mendoza
2026-08-26T08:35:00,355030,Isluga,MODIS,0,0.00,1,sin anomalia,2026-10-05T14:24:05,mendoza
2026-08-26T18:18:01,355030,Isluga,VIIRS375,0,0.00,1,sin anomalia,2026-10-05T14:24:05,mendoza
2026-08-26T18:18:01,355030,Isluga,VIIRS750,0,0.00,1,sin anomalia,2026-10-05T14:24:05,mendoza
2026-08-26T19:06:02,355030,Isluga,VIIRS375,0,0.00,1,sin anomalia,2026-10-05T14:24:05,mendoza
2026-08-26T19:06:02,355030,Isluga,VIIRS750,0,0.00,1,sin anomalia,2026-10-05T14:24:05,mendoza
2026-08-26T20:45:00,355030,Isluga,MODIS,0,0.00,1,sin anomalia,2026-10-05T14:24:05,mendoza
2026-08-27T02:00:00,355030,Isluga,MODIS,0,0.00,1,sin anomalia,2026-10-05T14:24:05,mendoza
2026-08-27T05:12:00,355030,Isluga,VIIRS750,0,0.00,1,sin anomalia,2026-10-05T14:24:05,mendoza
2026-08-27T05:30:01,355030,Isluga,VIIRS375,0.33,0.84,1,muy baja,2026-10-05T14:24:05,mendoza
2026-08-27T05:30:01,355030,Isluga,VIIRS750,0,0.00,1,sin anomalia,2026-10-05T14:24:05,mendoza
2026-08-27T06:18:02,355030,Isluga,VIIRS375,1.18,18.84,0,fuera de radio,2026-10-05T14:24:05,mendoza
2026-08-27T06:18:02,355030,Isluga,VIIRS750,0,0.00,1,sin anomalia,2026-10-05T14:24:05,mendoza
2026-08-27T06:54:00,355030,Isluga,VIIRS375,0,0.00,1,sin anomalia,2026-10-05T14:24:05,mendoza
2026-08-27T06:54:00,355030,Isluga,VIIRS750,0,0.00,1,sin anomalia,2026-10-05T14:24:05,mendoza
2026-08-27T07:35:00,355030,Isluga,MODIS,0,0.00,1,sin anomalia,2026-10-05T14:24:05,mendoza
2026-08-27T12:55:00,355030,Isluga,MODIS,0,0.00,1,sin anomalia,2026-10-05T14:24:05,mendoza
2026-08-27T18:00:01,355030,Isluga,VIIRS375,0,0.00,1,sin anomalia,2026-10-05T14:24:05,mendoza
2026-08-27T18:00:01,355030,Isluga,VIIRS750,0,0.00,1,sin anomalia,2026-10-05T14:24:05,mendoza
2026-08-27T19:24:00,355030,Isluga,VIIRS375,0,0.00,1,sin anomalia,2026-10-05T14:24:05,mendoza
2026-08-27T19:24:00,355030,Isluga,VIIRS750,0,0.00,1,sin anomalia,2026-10-05T14:24:05,mendoza
2026-08-27T19:45:00,355030,Isluga,MODIS,0,0.00,1,sin anomalia,2026-10-05T14:24:05,mendoza
2026-08-28T01:00:00,355030,Isluga,MODIS,0,0.00,1,sin anomalia,2026-10-05T14:24:05,mendoza
2026-08-28T05:12:01,355030,Isluga,VIIRS375,0.33,1.13,1,muy baja,2026-10-05T14:24:05,mendoza
2026-08-28T05:12:01,355030,Isluga,VIIRS750,0,0.00,1,sin anomalia,2026-10-05T14:24:05,mendoza
2026-08-28T05:54:02,355030,Isluga,VIIRS375,0.17,0.84,1,muy baja,2026-10-05T14:24:05,mendoza
2026-08-28T05:54:02,355030,Isluga,VIIRS750,0,0.00,1,sin anomalia,2026-10-05T14:24:05,mendoza
2026-08-28T06:30:00,355030,Isluga,VIIRS375,0.05,0.84,1,muy baja,2026-10-05T14:24:05,mendoza
2026-08-28T06:30:00,355030,Isluga,VIIRS750,0,0.00,1,sin anomalia,2026-10-05T14:24:05,mendoza
2026-08-28T08:15:00,355030,Isluga,MODIS,0,0.00,1,sin anomalia,2026-10-05T14:24:05,mendoza
2026-08-28T13:30:00,355030,Isluga,MODIS,0,0.00,1,sin anomalia,2026-10-05T14:24:05,mendoza
2026-08-28T17:24:00,355030,Isluga,VIIRS375,0,0.00,1,sin anomalia,2026-10-05T14:24:05,mendoza
2026-08-28T17:24:00,355030,Isluga,VIIRS750,0,0.00,1,sin anomalia,2026-10-05T14:24:05,mendoza
2026-08-28T17:42:01,355030,Isluga,VIIRS375,0,0.00,1,sin anomalia,2026-10-05T14:24:05,mendoza
2026-08-28T17:42:01,355030,Isluga,VIIRS750,0,0.00,1,sin anomalia,2026-10-05T14:24:05,mendoza
2026-08-28T19:00:00,355030,Isluga,VIIRS375,0,0.00,1,sin anomalia,2026-10-05T14:24:05,mendoza
2026-08-28T19:00:00,355030,Isluga,VIIRS750,0,0.00,1,sin anomalia,2026-10-05T14:24:05,mendoza
2026-08-28T20:25:00,355030,Isluga,MODIS,0,0.00,1,sin anomalia,2026-10-05T14:24:05,mendoza
2026-08-29T01:40:00,355030,Isluga,MODIS,0,0.00,1,sin anomalia,2026-10-05T14:24:05,mendoza
2026-08-29T04:54:01,355030,Isluga,VIIRS375,0,0.00,1,sin anomalia,2026-10-05T14:24:05,mendoza
2026-08-29T04:54:01,355030,Isluga,VIIRS750,0,0.00,1,sin anomalia,2026-10-05T14:24:05,mendoza
2026-08-29T05:36:02,355030,Isluga,VIIRS375,0.35,0.75,1,muy baja,2026-10-05T14:24:05,mendoza
2026-08-29T05:36:02,355030,Isluga,VIIRS750,0,0.00,1,sin anomalia,2026-10-05T14:24:05,mendoza
2026-08-29T06:36:01,355030,Isluga,VIIRS375,0,0.00,1,sin anomalia,2026-10-05T14:24:05,mendoza
2026-08-29T06:36:01,355030,Isluga,VIIRS750,0,0.00,1,sin anomalia,2026-10-05T14:24:05,mendoza
2026-08-29T12:35:00,355030,Isluga,MODIS,0,0.00,1,sin anomalia,2026-10-05T14:24:05,mendoza
2026-08-29T17:24:01,355030,Isluga,VIIRS375,0,0.00,1,sin anomalia,2026-10-05T14:24:05,mendoza
2026-08-29T18:06:02,355030,Isluga,VIIRS375,0,0.00,1,sin anomalia,2026-10-05T14:24:05,mendoza
2026-08-29T19:06:01,355030,Isluga,VIIRS375,0,0.00,1,sin anomalia,2026-10-05T14:24:05,mendoza
2026-08-29T19:06:01,355030,Isluga,VIIRS750,0,0.00,1,sin anomalia,2026-10-05T14:24:05,mendoza
2026-08-29T21:00:00,355030,Isluga,MODIS,0,0.00,1,sin anomalia,2026-10-05T14:24:05,mendoza
2026-08-30T05:18:02,355030,Isluga,VIIRS375,2.41,26.32,0,fuera de radio,2026-10-05T14:24:05,mendoza
2026-08-30T05:18:02,355030,Isluga,VIIRS750,0.25,0.00,1,muy baja,2026-10-05T14:24:05,mendoza
2026-08-30T06:12:01,355030,Isluga,VIIRS375,0,0.00,1,sin anomalia,2026-10-05T14:24:05,mendoza
2026-08-30T06:12:01,355030,Isluga,VIIRS750,0,0.00,1,sin anomalia,2026-10-05T14:24:05,mendoza
2026-08-30T07:50:00,355030,Isluga,MODIS,0,0.00,1,sin anomalia,2026-10-05T14:24:05,mendoza
2026-08-30T13:10:00,355030,Isluga,MODIS,0,0.00,1,sin anomalia,2026-10-05T14:24:05,mendoza
2026-08-30T17:48:02,355030,Isluga,VIIRS375,0,0.00,1,sin anomalia,2026-10-05T14:24:05,mendoza
2026-08-30T17:48:02,355030,Isluga,VIIRS750,0,0.00,1,sin anomalia,2026-10-05T14:24:05,mendoza
2026-08-30T18:24:00,355030,Isluga,VIIRS375,0,0.00,1,sin anomalia,2026-10-05T14:24:05,mendoza
2026-08-30T18:24:00,355030,Isluga,VIIRS750,0,0.00,1,sin anomalia,2026-10-05T14:24:05,mendoza
2026-08-30T18:42:01,355030,Isluga,VIIRS375,0,0.00,1,sin anomalia,2026-10-05T14:24:05,mendoza
2026-08-30T18:42:01,355030,Isluga,VIIRS750,0,0.00,1,sin anomalia,2026-10-05T14:24:05,mendoza
2026-08-30T20:00:00,355030,Isluga,MODIS,0,0.00,1,sin anomalia,2026-10-05T14:24:05,mendoza
2026-08-31T01:20:00,355030,Isluga,MODIS,0,0.00,1,sin anomalia,2026-10-05T14:24:05,mendoza
2026-08-31T05:00:02,355030,Isluga,VIIRS375,0.1,0.53,1,muy baja,2026-10-05T14:24:05,mendoza
2026-08-31T05:00:02,355030,Isluga,VIIRS750,0,0.00,1,sin anomalia,2026-10-05T14:24:05,mendoza
2026-08-31T05:54:01,355030,Isluga,VIIRS375,0.36,9.74,0,fuera de radio,2026-10-05T14:24:05,mendoza
2026-08-31T05:54:01,355030,Isluga,VIIRS750,0,0.00,1,sin anomalia,2026-10-05T14:24:05,mendoza
2026-08-31T06:42:02,355030,Isluga,VIIRS375,0,0.00,1,sin anomalia,2026-10-05T14:24:05,mendoza
2026-08-31T06:42:02,355030,Isluga,VIIRS750,0,0.00,1,sin anomalia,2026-10-05T14:24:05,mendoza
2026-08-31T08:30:00,355030,Isluga,MODIS,0,0.00,1,sin anomalia,2026-10-05T14:24:05,mendoza
2026-08-31T18:06:00,355030,Isluga,VIIRS375,0,0.00,1,sin anomalia,2026-10-05T14:24:05,mendoza
2026-08-31T18:06:00,355030,Isluga,VIIRS750,0,0.00,1,sin anomalia,2026-10-05T14:24:05,mendoza
2026-08-31T18:24:01,355030,Isluga,VIIRS375,0,0.00,1,sin anomalia,2026-10-05T14:24:05,mendoza
2026-08-31T18:24:01,355030,Isluga,VIIRS750,0,0.00,1,sin anomalia,2026-10-05T14:24:05,mendoza
2026-08-31T20:40:00,355030,Isluga,MODIS,0,0.00,1,sin anomalia,2026-10-05T14:24:05,mendoza
2026-09-01T02:00:00,355030,Isluga,MODIS,0,0.00,1,sin anomalia,2026-10-05T14:24:05,mendoza
2026-09-01T05:18:00,355030,Isluga,VIIRS375,0.3,0.84,1,muy baja,2026-10-05T14:24:05,mendoza
2026-09-01T05:18:00,355030,Isluga,VIIRS750,0,0.00,1,sin anomalia,2026-10-05T14:24:05,mendoza
2026-09-01T05:36:01,355030,Isluga,VIIRS375,0.26,0.53,1,muy baja,2026-10-05T14:24:05,mendoza
2026-09-01T05:36:01,355030,Isluga,VIIRS750,0,0.00,1,sin anomalia,2026-10-05T14:24:05,mendoza
2026-09-01T06:24:02,355030,Isluga,VIIRS375,0,0.00,1,sin anomalia,2026-10-05T14:24:05,mendoza
2026-09-01T06:24:02,355030,Isluga,VIIRS750,0,0.00,1,sin anomalia,2026-10-05T14:24:05,mendoza
2026-09-01T07:30:00,355030,Isluga,MODIS,0,0.00,1,sin anomalia,2026-10-05T14:24:05,mendoza
2026-09-01T12:50:00,355030,Isluga,MODIS,0,0.00,1,sin anomalia,2026-10-05T14:24:05,mendoza
2026-09-01T17:48:00,355030,Isluga,VIIRS375,0,0.00,1,sin anomalia,2026-10-05T14:24:05,mendoza
2026-09-01T18:06:01,355030,Isluga,VIIRS750,0,0.00,1,sin anomalia,2026-10-05T14:24:05,mendoza
2026-09-01T18:54:02,355030,Isluga,VIIRS375,0,0.00,1,sin anomalia,2026-10-05T14:24:05,mendoza
2026-09-01T18:54:02,355030,Isluga,VIIRS750,0,0.00,1,sin anomalia,2026-10-05T14:24:05,mendoza
2026-09-02T01:00:00,355030,Isluga,MODIS,0,0.00,1,sin anomalia,2026-10-05T14:24:05,mendoza
2026-09-02T05:00:00,355030,Isluga,VIIRS375,0,0.00,1,sin anomalia,2026-10-05T14:24:05,mendoza
2026-09-02T05:00:00,355030,Isluga,VIIRS750,0,0.00,1,sin anomalia,2026-10-05T14:24:05,mendoza
2026-09-02T05:18:01,355030,Isluga,VIIRS375,0.43,0.84,1,muy baja,2026-10-05T14:24:05,mendoza
2026-09-02T05:18:01,355030,Isluga,VIIRS750,0,0.00,1,sin anomalia,2026-10-05T14:24:05,mendoza
2026-09-02T06:00:02,355030,Isluga,VIIRS375,0.25,0.53,1,muy baja,2026-10-05T14:24:05,mendoza
2026-09-02T06:00:02,355030,Isluga,VIIRS750,0,0.00,1,sin anomalia,2026-10-05T14:24:05,mendoza
2026-09-02T06:42:00,355030,Isluga,VIIRS375,0,0.00,1,sin anomalia,2026-10-05T14:24:05,mendoza
2026-09-02T06:42:00,355030,Isluga,VIIRS750,0,0.00,1,sin anomalia,2026-10-05T14:24:05,mendoza
2026-09-02T08:05:00,355030,Isluga,MODIS,0,0.00,1,sin anomalia,2026-10-05T14:24:05,mendoza
2026-09-02T13:30:00,355030,Isluga,MODIS,0,0.00,1,sin anomalia,2026-10-05T14:24:05,mendoza
2026-09-02T17:30:00,355030,Isluga,VIIRS375,0,0.00,1,sin anomalia,2026-10-05T14:24:05,mendoza
2026-09-02T17:30:00,355030,Isluga,VIIRS750,0,0.00,1,sin anomalia,2026-10-05T14:24:05,mendoza
2026-09-02T17:48:01,355030,Isluga,VIIRS375,1.97,24.13,0,fuera de radio,2026-10-05T14:24:05,mendoza
2026-09-02T17:48:01,355030,Isluga,VIIRS750,0,0.00,1,sin anomalia,2026-10-05T14:24:05,mendoza
2026-09-02T18:30:02,355030,Isluga,VIIRS375,0,0.00,1,sin anomalia,2026-10-05T14:24:05,mendoza
2026-09-02T19:12:00,355030,Isluga,VIIRS375,0,0.00,1,sin anomalia,2026-10-05T14:24:05,mendoza
2026-09-02T19:12:00,355030,Isluga,VIIRS750,0,0.00,1,sin anomalia,2026-10-05T14:24:05,mendoza
2026-09-02T20:15:00,355030,Isluga,MODIS,0,0.00,1,sin anomalia,2026-10-05T14:24:05,mendoza
2026-09-03T01:40:00,355030,Isluga,MODIS,0,0.00,1,sin anomalia,2026-10-05T14:24:05,mendoza
2026-09-03T05:00:01,355030,Isluga,VIIRS375,0.41,1.19,1,muy baja,2026-10-05T14:24:05,mendoza
2026-09-03T05:00:01,355030,Isluga,VIIRS750,0,0.00,1,sin anomalia,2026-10-05T14:24:05,mendoza
2026-09-03T05:42:02,355030,Isluga,VIIRS375,0.31,0.84,1,muy baja,2026-10-05T14:24:05,mendoza
2026-09-03T05:42:02,355030,Isluga,VIIRS750,0,0.00,1,sin anomalia,2026-10-05T14:24:05,mendoza
2026-09-03T06:42:01,355030,Isluga,VIIRS375,0,0.00,1,sin anomalia,2026-10-05T14:24:05,mendoza
2026-09-03T06:42:01,355030,Isluga,VIIRS750,0,0.00,1,sin anomalia,2026-10-05T14:24:05,mendoza
2026-09-03T12:30:00,355030,Isluga,MODIS,0,0.00,1,sin anomalia,2026-10-05T14:24:05,mendoza
2026-09-03T17:30:01,355030,Isluga,VIIRS375,0,0.00,1,sin anomalia,2026-10-05T14:24:05,mendoza
2026-09-03T17:30:01,355030,Isluga,VIIRS750,0,0.00,1,sin anomalia,2026-10-05T14:24:05,mendoza
2026-09-03T19:12:01,355030,Isluga,VIIRS375,0,0.00,1,sin anomalia,2026-10-05T14:24:05,mendoza
2026-09-03T19:12:01,355030,Isluga,VIIRS750,0,0.00,1,sin anomalia,2026-10-05T14:24:05,mendoza
2026-09-03T20:55:00,355030,Isluga,MODIS,0,0.00,1,sin anomalia,2026-10-05T14:24:05,mendoza
2026-09-04T05:24:02,355030,Isluga,VIIRS375,0.26,0.53,1,muy baja,2026-10-05T14:24:05,mendoza
2026-09-04T05:24:02,355030,Isluga,VIIRS750,0,0.00,1,sin anomalia,2026-10-05T14:24:05,mendoza
2026-09-04T06:18:01,355030,Isluga,VIIRS375,0.08,0.53,1,muy baja,2026-10-05T14:24:05,mendoza
2026-09-04T06:18:01,355030,Isluga,VIIRS750,0,0.00,1,sin anomalia,2026-10-05T14:24:05,mendoza
2026-09-04T07:45:00,355030,Isluga,MODIS,0,0.00,1,sin anomalia,2026-10-05T14:24:05,mendoza
2026-09-04T13:10:00,355030,Isluga,MODIS,0,0.00,1,sin anomalia,2026-10-05T14:24:05,mendoza
2026-09-04T18:48:01,355030,Isluga,VIIRS375,0,0.00,1,sin anomalia,2026-10-05T14:24:05,mendoza
2026-09-04T18:48:01,355030,Isluga,VIIRS750,0,0.00,1,sin anomalia,2026-10-05T14:24:05,mendoza
2026-09-04T19:55:00,355030,Isluga,MODIS,0,0.00,1,sin anomalia,2026-10-05T14:24:05,mendoza
2026-09-05T01:20:00,355030,Isluga,MODIS,0,0.00,1,sin anomalia,2026-10-05T14:24:05,mendoza
2026-09-05T05:06:02,355030,Isluga,VIIRS375,0.35,0.84,1,muy baja,2026-10-05T14:24:05,mendoza
2026-09-05T05:06:02,355030,Isluga,VIIRS750,0,0.00,1,sin anomalia,2026-10-05T14:24:05,mendoza
2026-09-05T05:42:00,355030,Isluga,VIIRS375,0.33,0.84,1,muy baja,2026-10-05T14:24:05,mendoza
2026-09-05T05:42:00,355030,Isluga,VIIRS750,0.24,0.00,1,muy baja,2026-10-05T14:24:05,mendoza
2026-09-05T06:00:01,355030,Isluga,VIIRS375,0.11,0.53,1,muy baja,2026-10-05T14:24:05,mendoza
2026-09-05T06:00:01,355030,Isluga,VIIRS750,0,0.00,1,sin anomalia,2026-10-05T14:24:05,mendoza
2026-09-05T08:25:00,355030,Isluga,MODIS,0,0.00,1,sin anomalia,2026-10-05T14:24:05,mendoza
2026-09-05T17:36:02,355030,Isluga,VIIRS375,0,0.00,1,sin anomalia,2026-10-05T14:24:05,mendoza
2026-09-05T18:30:01,355030,Isluga,VIIRS375,0,0.00,1,sin anomalia,2026-10-05T14:24:05,mendoza
2026-09-05T18:30:01,355030,Isluga,VIIRS750,0,0.00,1,sin anomalia,2026-10-05T14:24:05,mendoza
2026-09-05T20:30:00,355030,Isluga,MODIS,0,0.00,1,sin anomalia,2026-10-05T14:24:05,mendoza
2026-09-06T02:00:00,355030,Isluga,MODIS,0,0.00,1,sin anomalia,2026-10-05T14:24:05,mendoza
2026-09-06T04:48:02,355030,Isluga,VIIRS375,0,0.00,1,sin anomalia,2026-10-05T14:24:05,mendoza
2026-09-06T04:48:02,355030,Isluga,VIIRS750,0,0.00,1,sin anomalia,2026-10-05T14:24:05,mendoza
2026-09-06T05:24:00,355030,Isluga,VIIRS375,0.29,0.75,1,muy baja,2026-10-05T14:24:05,mendoza
2026-09-06T05:24:00,355030,Isluga,VIIRS750,0,0.00,1,sin anomalia,2026-10-05T14:24:05,mendoza
2026-09-06T05:42:01,355030,Isluga,VIIRS375,0.27,0.53,1,muy baja,2026-10-05T14:24:05,mendoza
2026-09-06T05:42:01,355030,Isluga,VIIRS750,0,0.00,1,sin anomalia,2026-10-05T14:24:05,mendoza
2026-09-06T06:30:02,355030,Isluga,VIIRS375,2.27,20.14,0,fuera de radio,2026-10-05T14:24:05,mendoza
2026-09-06T06:30:02,355030,Isluga,VIIRS750,0,0.00,1,sin anomalia,2026-10-05T14:24:05,mendoza
2026-09-06T07:25:00,355030,Isluga,MODIS,0,0.00,1,sin anomalia,2026-10-05T14:24:05,mendoza
2026-09-06T12:50:00,355030,Isluga,MODIS,0,0.00,1,sin anomalia,2026-10-05T14:24:05,mendoza
2026-09-06T17:18:02,355030,Isluga,VIIRS375,0,0.00,1,sin anomalia,2026-10-05T14:24:05,mendoza
2026-09-06T17:54:00,355030,Isluga,VIIRS375,0,0.00,1,sin anomalia,2026-10-05T14:24:05,mendoza
2026-09-06T18:12:01,355030,Isluga,VIIRS375,0,0.00,1,sin anomalia,2026-10-05T14:24:05,mendoza
2026-09-06T18:12:01,355030,Isluga,VIIRS750,0,0.00,1,sin anomalia,2026-10-05T14:24:05,mendoza
2026-09-06T19:00:02,355030,Isluga,VIIRS375,0,0.00,1,sin anomalia,2026-10-05T14:24:05,mendoza
2026-09-06T19:00:02,355030,Isluga,VIIRS750,0,0.00,1,sin anomalia,2026-10-05T14:24:05,mendoza
2026-09-07T01:00:00,355030,Isluga,MODIS,0,0.00,1,sin anomalia,2026-10-05T14:24:05,mendoza
2026-09-07T05:06:00,355030,Isluga,VIIRS750,0,0.00,1,sin anomalia,2026-10-05T14:24:05,mendoza
2026-09-07T05:24:01,355030,Isluga,VIIRS375,0,0.00,1,sin anomalia,2026-10-05T14:24:05,mendoza
2026-09-07T05:24:01,355030,Isluga,VIIRS750,0,0.00,1,sin anomalia,2026-10-05T14:24:05,mendoza
2026-09-07T06:12:02,355030,Isluga,VIIRS375,0,0.00,1,sin anomalia,2026-10-05T14:24:05,mendoza
2026-09-07T06:12:02,355030,Isluga,VIIRS750,0,0.00,1,sin anomalia,2026-10-05T14:24:05,mendoza
2026-09-07T06:48:00,355030,Isluga,VIIRS375,0,0.00,1,sin anomalia,2026-10-05T14:24:05,mendoza
2026-09-07T06:48:00,355030,Isluga,VIIRS750,0,0.00,1,sin anomalia,2026-10-05T14:24:05,mendoza
2026-09-07T08:00:00,355030,Isluga,MODIS,0,0.00,1,sin anomalia,2026-10-05T14:24:05,mendoza
2026-09-07T13:30:00,355030,Isluga,MODIS,0,0.00,1,sin anomalia,2026-10-05T14:24:05,mendoza
2026-09-07T17:36:00,355030,Isluga,VIIRS375,0,0.00,1,sin anomalia,2026-10-05T14:24:05,mendoza
2026-09-07T17:36:00,355030,Isluga,VIIRS750,0,0.00,1,sin anomalia,2026-10-05T14:24:05,mendoza
2026-09-07T18:42:02,355030,Isluga,VIIRS375,0,0.00,1,sin anomalia,2026-10-05T14:24:05,mendoza
2026-09-07T19:18:00,355030,Isluga,VIIRS375,0,0.00,1,sin anomalia,2026-10-05T14:24:05,mendoza
2026-09-07T19:18:00,355030,Isluga,VIIRS750,0,0.00,1,sin anomalia,2026-10-05T14:24:05,mendoza
2026-09-07T20:10:00,355030,Isluga,MODIS,0,0.00,1,sin anomalia,2026-10-05T14:24:05,mendoza
2026-09-08T01:40:00,355030,Isluga,MODIS,0,0.00,1,sin anomalia,2026-10-05T14:24:05,mendoza
2026-09-08T05:06:01,355030,Isluga,VIIRS375,0,0.00,1,sin anomalia,2026-10-05T14:24:05,mendoza
2026-09-08T05:06:01,355030,Isluga,VIIRS750,0,0.00,1,sin anomalia,2026-10-05T14:24:05,mendoza
2026-09-08T05:48:02,355030,Isluga,VIIRS375,0,0.00,1,sin anomalia,2026-10-05T14:24:05,mendoza
2026-09-08T06:48:01,355030,Isluga,VIIRS375,0,0.00,1,sin anomalia,2026-10-05T14:24:05,mendoza
2026-09-08T06:48:01,355030,Isluga,VIIRS750,0,0.00,1,sin anomalia,2026-10-05T14:24:05,mendoza
2026-09-08T08:40:00,355030,Isluga,MODIS,0,0.00,1,sin anomalia,2026-10-05T14:24:05,mendoza
2026-09-08T12:30:00,355030,Isluga,MODIS,0,0.00,1,sin anomalia,2026-10-05T14:24:05,mendoza
2026-09-08T17:36:01,355030,Isluga,VIIRS375,0,0.00,1,sin anomalia,2026-10-05T14:24:05,mendoza
2026-09-08T18:18:02,355030,Isluga,VIIRS375,0,0.00,1,sin anomalia,2026-10-05T14:24:05,mendoza
2026-09-08T18:18:02,355030,Isluga,VIIRS750,0,0.00,1,sin anomalia,2026-10-05T14:24:05,mendoza
2026-09-08T18:54:00,355030,Isluga,VIIRS375,0,0.00,1,sin anomalia,2026-10-05T14:24:05,mendoza
2026-09-08T18:54:00,355030,Isluga,VIIRS750,0,0.00,1,sin anomalia,2026-10-05T14:24:05,mendoza
2026-09-08T20:45:00,355030,Isluga,MODIS,0,0.00,1,sin anomalia,2026-10-05T14:24:05,mendoza
2026-09-09T05:30:02,355030,Isluga,VIIRS375,0.15,0.84,1,muy baja,2026-10-05T14:24:05,mendoza
2026-09-09T05:30:02,355030,Isluga,VIIRS750,0,0.00,1,sin anomalia,2026-10-05T14:24:05,mendoza
2026-09-09T06:30:01,355030,Isluga,VIIRS375,0,0.00,1,sin anomalia,2026-10-05T14:24:05,mendoza
2026-09-09T06:30:01,355030,Isluga,VIIRS750,0,0.00,1,sin anomalia,2026-10-05T14:24:05,mendoza
2026-09-09T07:40:00,355030,Isluga,MODIS,0,0.00,1,sin anomalia,2026-10-05T14:24:05,mendoza
2026-09-09T13:10:00,355030,Isluga,MODIS,0,0.00,1,sin anomalia,2026-10-05T14:24:05,mendoza
2026-09-09T19:00:01,355030,Isluga,VIIRS375,0,0.00,1,sin anomalia,2026-10-05T14:24:05,mendoza
2026-09-09T19:00:01,355030,Isluga,VIIRS750,0,0.00,1,sin anomalia,2026-10-05T14:24:05,mendoza
2026-09-09T19:50:00,355030,Isluga,MODIS,0,0.00,1,sin anomalia,2026-10-05T14:24:05,mendoza
2026-09-10T01:20:00,355030,Isluga,MODIS,0,0.00,1,sin anomalia,2026-10-05T14:24:05,mendoza
2026-09-10T05:12:02,355030,Isluga,VIIRS375,0.34,0.84,1,muy baja,2026-10-05T14:24:05,mendoza
2026-09-10T05:12:02,355030,Isluga,VIIRS750,0,0.00,1,sin anomalia,2026-10-05T14:24:05,mendoza
2026-09-10T05:48:00,355030,Isluga,VIIRS375,0.12,0.53,1,muy baja,2026-10-05T14:24:05,mendoza
2026-09-10T05:48:00,355030,Isluga,VIIRS750,0,0.00,1,sin anomalia,2026-10-05T14:24:05,mendoza
2026-09-10T06:06:01,355030,Isluga,VIIRS375,0.08,0.53,1,muy baja,2026-10-05T14:24:05,mendoza
2026-09-10T06:06:01,355030,Isluga,VIIRS750,0,0.00,1,sin anomalia,2026-10-05T14:24:05,mendoza
2026-09-10T08:15:00,355030,Isluga,MODIS,0,0.00,1,sin anomalia,2026-10-05T14:24:05,mendoza
2026-09-10T17:42:02,355030,Isluga,VIIRS375,0,0.00,1,sin anomalia,2026-10-05T14:24:05,mendoza
2026-09-10T17:42:02,355030,Isluga,VIIRS750,0,0.00,1,sin anomalia,2026-10-05T14:24:05,mendoza
2026-09-10T18:18:00,355030,Isluga,VIIRS375,0,0.00,1,sin anomalia,2026-10-05T14:24:05,mendoza
2026-09-10T18:18:00,355030,Isluga,VIIRS750,0,0.00,1,sin anomalia,2026-10-05T14:24:05,mendoza
2026-09-10T18:36:01,355030,Isluga,VIIRS375,0,0.00,1,sin anomalia,2026-10-05T14:24:05,mendoza
2026-09-10T18:36:01,355030,Isluga,VIIRS750,0,0.00,1,sin anomalia,2026-10-05T14:24:05,mendoza
2026-09-10T20:25:00,355030,Isluga,MODIS,0,0.00,1,sin anomalia,2026-10-05T14:24:05,mendoza
2026-09-11T01:55:00,355030,Isluga,MODIS,0,0.00,1,sin anomalia,2026-10-05T14:24:05,mendoza
2026-09-11T04:54:02,355030,Isluga,VIIRS375,0,0.00,1,sin anomalia,2026-10-05T14:24:05,mendoza
2026-09-11T04:54:02,355030,Isluga,VIIRS750,0,0.00,1,sin anomalia,2026-10-05T14:24:05,mendoza
2026-09-11T05:30:00,355030,Isluga,VIIRS375,0.42,0.84,1,muy baja,2026-10-05T14:24:05,mendoza
2026-09-11T05:30:00,355030,Isluga,VIIRS750,0,0.00,1,sin anomalia,2026-10-05T14:24:05,mendoza
2026-09-11T05:48:01,355030,Isluga,VIIRS375,0.17,0.53,1,muy baja,2026-10-05T14:24:05,mendoza
2026-09-11T05:48:01,355030,Isluga,VIIRS750,0,0.00,1,sin anomalia,2026-10-05T14:24:05,mendoza
2026-09-11T06:36:02,355030,Isluga,VIIRS375,0,0.00,1,sin anomalia,2026-10-05T14:24:05,mendoza
2026-09-11T06:36:02,355030,Isluga,VIIRS750,0,0.00,1,sin anomalia,2026-10-05T14:24:05,mendoza
2026-09-11T07:15:00,355030,Isluga,MODIS,0,0.00,1,sin anomalia,2026-10-05T14:24:05,mendoza
2026-09-11T12:50:00,355030,Isluga,MODIS,0,0.00,1,sin anomalia,2026-10-05T14:24:05,mendoza
2026-09-11T17:24:02,355030,Isluga,VIIRS375,0,0.00,1,sin anomalia,2026-10-05T14:24:05,mendoza
2026-09-11T17:24:02,355030,Isluga,VIIRS750,0,0.00,1,sin anomalia,2026-10-05T14:24:05,mendoza
2026-09-11T18:00:00,355030,Isluga,VIIRS375,0,0.00,1,sin anomalia,2026-10-05T14:24:05,mendoza
2026-09-11T18:00:00,355030,Isluga,VIIRS750,0,0.00,1,sin anomalia,2026-10-05T14:24:05,mendoza
2026-09-11T18:18:01,355030,Isluga,VIIRS750,0,0.00,1,sin anomalia,2026-10-05T14:24:05,mendoza
2026-09-11T19:06:02,355030,Isluga,VIIRS375,0,0.00,1,sin anomalia,2026-10-05T14:24:05,mendoza
2026-09-11T19:06:02,355030,Isluga,VIIRS750,0,0.00,1,sin anomalia,2026-10-05T14:24:05,mendoza
2026-09-11T21:05:00,355030,Isluga,MODIS,0,0.00,1,sin anomalia,2026-10-05T14:24:05,mendoza
2026-09-12T01:00:00,355030,Isluga,MODIS,0,0.00,1,sin anomalia,2026-10-05T14:24:05,mendoza
2026-09-12T05:30:01,355030,Isluga,VIIRS375,0.09,0.75,1,muy baja,2026-10-05T14:24:05,mendoza
2026-09-12T05:30:01,355030,Isluga,VIIRS750,0,0.00,1,sin anomalia,2026-10-05T14:24:05,mendoza
2026-09-12T06:18:02,355030,Isluga,VIIRS375,0.21,22.06,0,fuera de radio,2026-10-05T14:24:05,mendoza
2026-09-12T06:18:02,355030,Isluga,VIIRS750,0,0.00,1,sin anomalia,2026-10-05T14:24:05,mendoza
2026-09-12T06:54:00,355030,Isluga,VIIRS375,0,0.00,1,sin anomalia,2026-10-05T14:24:05,mendoza
2026-09-12T06:54:00,355030,Isluga,VIIRS750,0,0.00,1,sin anomalia,2026-10-05T14:24:05,mendoza
2026-09-12T07:55:00,355030,Isluga,MODIS,0,0.00,1,sin anomalia,2026-10-05T14:24:05,mendoza
2026-09-12T13:25:00,355030,Isluga,MODIS,2.08,29.41,0,fuera de radio,2026-10-05T14:24:05,mendoza
2026-09-12T18:00:01,355030,Isluga,VIIRS375,0,0.00,1,sin anomalia,2026-10-05T14:24:05,mendoza
2026-09-12T18:00:01,355030,Isluga,VIIRS750,0,0.00,1,sin anomalia,2026-10-05T14:24:05,mendoza
2026-09-12T18:48:02,355030,Isluga,VIIRS375,0,0.00,1,sin anomalia,2026-10-05T14:24:05,mendoza
2026-09-12T18:48:02,355030,Isluga,VIIRS750,0,0.00,1,sin anomalia,2026-10-05T14:24:05,mendoza
2026-09-12T19:24:00,355030,Isluga,VIIRS375,0,0.00,1,sin anomalia,2026-10-05T14:24:05,mendoza
2026-09-12T19:24:00,355030,Isluga,VIIRS750,0,0.00,1,sin anomalia,2026-10-05T14:24:05,mendoza
2026-09-12T20:05:00,355030,Isluga,MODIS,0,0.00,1,sin anomalia,2026-10-05T14:24:05,mendoza
2026-09-13T01:35:00,355030,Isluga,MODIS,0,0.00,1,sin anomalia,2026-10-05T14:24:05,mendoza
2026-09-13T05:12:01,355030,Isluga,VIIRS375,0.07,0.38,1,muy baja,2026-10-05T14:24:05,mendoza
2026-09-13T05:12:01,355030,Isluga,VIIRS750,0,0.00,1,sin anomalia,2026-10-05T14:24:05,mendoza
2026-09-13T05:54:02,355030,Isluga,VIIRS375,0.12,0.53,1,muy baja,2026-10-05T14:24:05,mendoza
2026-09-13T05:54:02,355030,Isluga,VIIRS750,0,0.00,1,sin anomalia,2026-10-05T14:24:05,mendoza
2026-09-13T06:30:00,355030,Isluga,VIIRS375,0,0.00,1,sin anomalia,2026-10-05T14:24:05,mendoza
2026-09-13T06:30:00,355030,Isluga,VIIRS750,0,0.00,1,sin anomalia,2026-10-05T14:24:05,mendoza
2026-09-13T08:30:00,355030,Isluga,MODIS,0,0.00,1,sin anomalia,2026-10-05T14:24:05,mendoza
2026-09-13T12:30:00,355030,Isluga,MODIS,0,0.00,1,sin anomalia,2026-10-05T14:24:05,mendoza
2026-09-13T17:42:01,355030,Isluga,VIIRS375,0,0.00,1,sin anomalia,2026-10-05T14:24:05,mendoza
2026-09-13T17:42:01,355030,Isluga,VIIRS750,0,0.00,1,sin anomalia,2026-10-05T14:24:05,mendoza
2026-09-13T18:24:02,355030,Isluga,VIIRS375,0,0.00,1,sin anomalia,2026-10-05T14:24:05,mendoza
2026-09-13T18:24:02,355030,Isluga,VIIRS750,0,0.00,1,sin anomalia,2026-10-05T14:24:05,mendoza
2026-09-13T19:06:00,355030,Isluga,VIIRS375,0,0.00,1,sin anomalia,2026-10-05T14:24:05,mendoza
2026-09-13T19:06:00,355030,Isluga,VIIRS750,0,0.00,1,sin anomalia,2026-10-05T14:24:05,mendoza
2026-09-13T20:40:00,355030,Isluga,MODIS,0,0.00,1,sin anomalia,2026-10-05T14:24:05,mendoza
2026-09-14T04:54:01,355030,Isluga,VIIRS375,0,0.00,1,sin anomalia,2026-10-05T14:24:05,mendoza
2026-09-14T04:54:01,355030,Isluga,VIIRS750,0,0.00,1,sin anomalia,2026-10-05T14:24:05,mendoza
2026-09-14T05:36:02,355030,Isluga,VIIRS375,0.16,0.53,1,muy baja,2026-10-05T14:24:05,mendoza
2026-09-14T05:36:02,355030,Isluga,VIIRS750,0,0.00,1,sin anomalia,2026-10-05T14:24:05,mendoza
2026-09-14T06:36:01,355030,Isluga,VIIRS375,0,0.00,1,sin anomalia,2026-10-05T14:24:05,mendoza
2026-09-14T06:36:01,355030,Isluga,VIIRS750,0,0.00,1,sin anomalia,2026-10-05T14:24:05,mendoza
2026-09-14T07:30:00,355030,Isluga,MODIS,0,0.00,1,sin anomalia,2026-10-05T14:24:05,mendoza
2026-09-14T13:05:00,355030,Isluga,MODIS,0,0.00,1,sin anomalia,2026-10-05T14:24:05,mendoza
2026-09-14T17:24:01,355030,Isluga,VIIRS375,0,0.00,1,sin anomalia,2026-10-05T14:24:05,mendoza
2026-09-14T17:24:01,355030,Isluga,VIIRS750,0,0.00,1,sin anomalia,2026-10-05T14:24:05,mendoza
2026-09-14T19:06:01,355030,Isluga,VIIRS375,0,0.00,1,sin anomalia,2026-10-05T14:24:05,mendoza
2026-09-14T19:06:01,355030,Isluga,VIIRS750,0,0.00,1,sin anomalia,2026-10-05T14:24:05,mendoza
2026-09-15T01:15:00,355030,Isluga,MODIS,0,0.00,1,sin anomalia,2026-10-05T14:24:05,mendoza
2026-09-15T05:18:02,355030,Isluga,VIIRS375,0.4,1.06,1,muy baja,2026-10-05T14:24:05,mendoza
2026-09-15T05:18:02,355030,Isluga,VIIRS750,0,0.00,1,sin anomalia,2026-10-05T14:24:05,mendoza
2026-09-15T06:12:01,355030,Isluga,VIIRS375,0,0.00,1,sin anomalia,2026-10-05T14:24:05,mendoza
2026-09-15T06:12:01,355030,Isluga,VIIRS750,0,0.00,1,sin anomalia,2026-10-05T14:24:05,mendoza
2026-09-15T08:10:00,355030,Isluga,MODIS,0,0.00,1,sin anomalia,2026-10-05T14:24:05,mendoza
2026-09-15T18:42:01,355030,Isluga,VIIRS375,0,0.00,1,sin anomalia,2026-10-05T14:24:05,mendoza
2026-09-15T18:42:01,355030,Isluga,VIIRS750,0,0.00,1,sin anomalia,2026-10-05T14:24:05,mendoza
2026-09-15T20:20:00,355030,Isluga,MODIS,0,0.00,1,sin anomalia,2026-10-05T14:24:05,mendoza
2026-09-16T01:55:00,355030,Isluga,MODIS,0,0.00,1,sin anomalia,2026-10-05T14:24:05,mendoza
2026-09-16T05:00:02,355030,Isluga,VIIRS375,0.12,1.13,1,muy baja,2026-10-05T14:24:05,mendoza
2026-09-16T05:00:02,355030,Isluga,VIIRS750,0,0.00,1,sin anomalia,2026-10-05T14:24:05,mendoza
2026-09-16T05:54:01,355030,Isluga,VIIRS375,0.16,0.53,1,muy baja,2026-10-05T14:24:05,mendoza
2026-09-16T05:54:01,355030,Isluga,VIIRS750,0,0.00,1,sin anomalia,2026-10-05T14:24:05,mendoza
2026-09-16T06:42:02,355030,Isluga,VIIRS375,0,0.00,1,sin anomalia,2026-10-05T14:24:05,mendoza
2026-09-16T06:42:02,355030,Isluga,VIIRS750,0,0.00,1,sin anomalia,2026-10-05T14:24:05,mendoza
2026-09-16T12:45:00,355030,Isluga,MODIS,0,0.00,1,sin anomalia,2026-10-05T14:24:05,mendoza
2026-09-16T17:30:02,355030,Isluga,VIIRS375,0,0.00,1,sin anomalia,2026-10-05T14:24:05,mendoza
2026-09-16T17:30:02,355030,Isluga,VIIRS750,0,0.00,1,sin anomalia,2026-10-05T14:24:05,mendoza
2026-09-16T18:06:00,355030,Isluga,VIIRS375,0,0.00,1,sin anomalia,2026-10-05T14:24:05,mendoza
2026-09-16T18:06:00,355030,Isluga,VIIRS750,0,0.00,1,sin anomalia,2026-10-05T14:24:05,mendoza
2026-09-16T18:24:01,355030,Isluga,VIIRS375,0,0.00,1,sin anomalia,2026-10-05T14:24:05,mendoza
2026-09-16T18:24:01,355030,Isluga,VIIRS750,0,0.00,1,sin anomalia,2026-10-05T14:24:05,mendoza
2026-09-16T20:55:00,355030,Isluga,MODIS,0,0.00,1,sin anomalia,2026-10-05T14:24:05,mendoza
2026-09-17T00:55:00,355030,Isluga,MODIS,0,0.00,1,sin anomalia,2026-10-05T14:24:05,mendoza
2026-09-17T05:36:01,355030,Isluga,VIIRS375,1.17,20.12,0,fuera de radio,2026-10-05T14:24:05,mendoza
2026-09-17T05:36:01,355030,Isluga,VIIRS750,0,0.00,1,sin anomalia,2026-10-05T14:24:05,mendoza
2026-09-17T06:24:02,355030,Isluga,VIIRS375,0,0.00,1,sin anomalia,2026-10-05T14:24:05,mendoza
2026-09-17T06:24:02,355030,Isluga,VIIRS750,0,0.00,1,sin anomalia,2026-10-05T14:24:05,mendoza
2026-09-17T07:50:00,355030,Isluga,MODIS,0,0.00,1,sin anomalia,2026-10-05T14:24:05,mendoza
2026-09-17T13:25:00,355030,Isluga,MODIS,0,0.00,1,sin anomalia,2026-10-05T14:24:05,mendoza
2026-09-17T17:48:00,355030,Isluga,VIIRS375,0,0.00,1,sin anomalia,2026-10-05T14:24:05,mendoza
2026-09-17T17:48:00,355030,Isluga,VIIRS750,0,0.00,1,sin anomalia,2026-10-05T14:24:05,mendoza
2026-09-17T18:06:01,355030,Isluga,VIIRS750,3.54,21.80,0,fuera de radio,2026-10-05T14:24:05,mendoza
2026-09-17T18:54:02,355030,Isluga,VIIRS375,0,0.00,1,sin anomalia,2026-10-05T14:24:05,mendoza
2026-09-17T18:54:02,355030,Isluga,VIIRS750,0,0.00,1,sin anomalia,2026-10-05T14:24:05,mendoza
2026-09-17T19:55:00,355030,Isluga,MODIS,0,0.00,1,sin anomalia,2026-10-05T14:24:05,mendoza
2026-09-18T01:35:00,355030,Isluga,MODIS,0,0.00,1,sin anomalia,2026-10-05T14:24:05,mendoza
2026-09-18T05:18:01,355030,Isluga,VIIRS375,0,0.00,1,sin anomalia,2026-10-05T14:24:05,mendoza
2026-09-18T05:18:01,355030,Isluga,VIIRS750,0,0.00,1,sin anomalia,2026-10-05T14:24:05,mendoza
2026-09-18T06:00:02,355030,Isluga,VIIRS375,0,0.00,1,sin anomalia,2026-10-05T14:24:05,mendoza
2026-09-18T06:00:02,355030,Isluga,VIIRS750,0,0.00,1,sin anomalia,2026-10-05T14:24:05,mendoza
2026-09-18T06:42:00,355030,Isluga,VIIRS375,0,0.00,1,sin anomalia,2026-10-05T14:24:05,mendoza
2026-09-18T06:42:00,355030,Isluga,VIIRS750,0,0.00,1,sin anomalia,2026-10-05T14:24:05,mendoza
2026-09-18T08:25:00,355030,Isluga,MODIS,0,0.00,1,sin anomalia,2026-10-05T14:24:05,mendoza
2026-09-18T12:25:00,355030,Isluga,MODIS,0,0.00,1,sin anomalia,2026-10-05T14:24:05,mendoza
2026-09-18T17:48:01,355030,Isluga,VIIRS375,0,0.00,1,sin anomalia,2026-10-05T14:24:05,mendoza
2026-09-18T17:48:01,355030,Isluga,VIIRS750,0,0.00,1,sin anomalia,2026-10-05T14:24:05,mendoza
2026-09-18T18:30:02,355030,Isluga,VIIRS375,0,0.00,1,sin anomalia,2026-10-05T14:24:05,mendoza
2026-09-18T18:30:02,355030,Isluga,VIIRS750,0,0.00,1,sin anomalia,2026-10-05T14:24:05,mendoza
2026-09-18T19:12:00,355030,Isluga,VIIRS375,0,0.00,1,sin anomalia,2026-10-05T14:24:05,mendoza
2026-09-18T19:12:00,355030,Isluga,VIIRS750,0,0.00,1,sin anomalia,2026-10-05T14:24:05,mendoza
2026-09-18T20:35:00,355030,Isluga,MODIS,0,0.00,1,sin anomalia,2026-10-05T14:24:05,mendoza
2026-09-19T05:00:01,355030,Isluga,VIIRS375,0.34,17.08,0,fuera de radio,2026-10-05T14:24:05,mendoza
2026-09-19T05:00:01,355030,Isluga,VIIRS750,0,0.00,1,sin anomalia,2026-10-05T14:24:05,mendoza
2026-09-19T05:42:02,355030,Isluga,VIIRS375,0.06,0.53,1,muy baja,2026-10-05T14:24:05,mendoza
2026-09-19T05:42:02,355030,Isluga,VIIRS750,1.36,24.57,0,fuera de radio,2026-10-05T14:24:05,mendoza
2026-09-19T06:42:01,355030,Isluga,VIIRS375,0,0.00,1,sin anomalia,2026-10-05T14:24:05,mendoza
2026-09-19T06:42:01,355030,Isluga,VIIRS750,0,0.00,1,sin anomalia,2026-10-05T14:24:05,mendoza
2026-09-19T07:25:00,355030,Isluga,MODIS,0,0.00,1,sin anomalia,2026-10-05T14:24:05,mendoza
2026-09-19T13:05:00,355030,Isluga,MODIS,0,0.00,1,sin anomalia,2026-10-05T14:24:05,mendoza
2026-09-19T19:12:01,355030,Isluga,VIIRS375,0,0.00,1,sin anomalia,2026-10-05T14:24:05,mendoza
2026-09-19T19:12:01,355030,Isluga,VIIRS750,0,0.00,1,sin anomalia,2026-10-05T14:24:05,mendoza
2026-09-20T01:15:00,355030,Isluga,MODIS,0,0.00,1,sin anomalia,2026-10-05T14:24:05,mendoza
2026-09-20T05:24:02,355030,Isluga,VIIRS375,0.34,0.75,1,muy baja,2026-10-05T14:24:05,mendoza
2026-09-20T05:24:02,355030,Isluga,VIIRS750,0,0.00,1,sin anomalia,2026-10-05T14:24:05,mendoza
2026-09-20T06:00:00,355030,Isluga,VIIRS750,0.16,0.75,1,muy baja,2026-10-05T14:24:05,mendoza
2026-09-20T06:24:01,355030,Isluga,VIIRS375,0,0.00,1,sin anomalia,2026-10-05T14:24:05,mendoza
2026-09-20T06:24:01,355030,Isluga,VIIRS750,0,0.00,1,sin anomalia,2026-10-05T14:24:05,mendoza
2026-09-20T08:05:00,355030,Isluga,MODIS,0,0.00,1,sin anomalia,2026-10-05T14:24:05,mendoza
2026-09-20T13:45:00,355030,Isluga,MODIS,0,0.00,1,sin anomalia,2026-10-05T14:24:05,mendoza
2026-09-20T18:54:01,355030,Isluga,VIIRS375,0,0.00,1,sin anomalia,2026-10-05T14:24:05,mendoza
2026-09-20T18:54:01,355030,Isluga,VIIRS750,0,0.00,1,sin anomalia,2026-10-05T14:24:05,mendoza
2026-09-20T20:10:00,355030,Isluga,MODIS,0,0.00,1,sin anomalia,2026-10-05T14:24:05,mendoza
2026-09-21T01:55:00,355030,Isluga,MODIS,0,0.00,1,sin anomalia,2026-10-05T14:24:05,mendoza
2026-09-21T05:06:02,355030,Isluga,VIIRS375,0.23,1.06,1,muy baja,2026-10-05T14:24:05,mendoza
2026-09-21T05:06:02,355030,Isluga,VIIRS750,0,0.00,1,sin anomalia,2026-10-05T14:24:05,mendoza
2026-09-21T05:42:00,355030,Isluga,VIIRS375,0.42,15.83,0,fuera de radio,2026-10-05T14:24:05,mendoza
2026-09-21T05:42:00,355030,Isluga,VIIRS750,0,0.00,1,sin anomalia,2026-10-05T14:24:05,mendoza
2026-09-21T06:00:01,355030,Isluga,VIIRS375,0.12,0.53,1,muy baja,2026-10-05T14:24:05,mendoza
2026-09-21T06:00:01,355030,Isluga,VIIRS750,0,0.00,1,sin anomalia,2026-10-05T14:24:05,mendoza
2026-09-21T08:40:00,355030,Isluga,MODIS,0,0.00,1,sin anomalia,2026-10-05T14:24:05,mendoza
2026-09-21T12:45:00,355030,Isluga,MODIS,0,0.00,1,sin anomalia,2026-10-05T14:24:05,mendoza
2026-09-21T17:36:02,355030,Isluga,VIIRS375,0,0.00,1,sin anomalia,2026-10-05T14:24:05,mendoza
2026-09-21T17:36:02,355030,Isluga,VIIRS750,0,0.00,1,sin anomalia,2026-10-05T14:24:05,mendoza
2026-09-21T18:12:00,355030,Isluga,VIIRS375,0,0.00,1,sin anomalia,2026-10-05T14:24:05,mendoza
2026-09-21T18:12:00,355030,Isluga,VIIRS750,0,0.00,1,sin anomalia,2026-10-05T14:24:05,mendoza
2026-09-21T18:30:01,355030,Isluga,VIIRS375,0,0.00,1,sin anomalia,2026-10-05T14:24:05,mendoza
2026-09-21T18:30:01,355030,Isluga,VIIRS750,0,0.00,1,sin anomalia,2026-10-05T14:24:05,mendoza
2026-09-21T20:50:00,355030,Isluga,MODIS,0,0.00,1,sin anomalia,2026-10-05T14:24:05,mendoza
2026-09-22T00:55:00,355030,Isluga,MODIS,0,0.00,1,sin anomalia,2026-10-05T14:24:05,mendoza
2026-09-22T04:48:02,355030,Isluga,VIIRS375,0.06,0.53,1,muy baja,2026-10-05T14:24:05,mendoza
2026-09-22T04:48:02,355030,Isluga,VIIRS750,0,0.00,1,sin anomalia,2026-10-05T14:24:05,mendoza
2026-09-22T05:24:00,355030,Isluga,VIIRS750,0,0.00,1,sin anomalia,2026-10-05T14:24:05,mendoza
2026-09-22T05:42:01,355030,Isluga,VIIRS375,0.41,2.40,1,muy baja,2026-10-05T14:24:05,mendoza
2026-09-22T06:30:02,355030,Isluga,VIIRS375,0,0.00,1,sin anomalia,2026-10-05T14:24:05,mendoza
2026-09-22T07:40:00,355030,Isluga,MODIS,0,0.00,1,sin anomalia,2026-10-05T14:24:05,mendoza
2026-09-22T13:25:00,355030,Isluga,MODIS,0,0.00,1,sin anomalia,2026-10-05T14:24:05,mendoza
2026-09-22T17:18:02,355030,Isluga,VIIRS375,0,0.00,1,sin anomalia,2026-10-05T14:24:05,mendoza
2026-09-22T17:18:02,355030,Isluga,VIIRS750,0,0.00,1,sin anomalia,2026-10-05T14:24:05,mendoza
2026-09-22T18:12:01,355030,Isluga,VIIRS375,0,0.00,1,sin anomalia,2026-10-05T14:24:05,mendoza
2026-09-22T18:12:01,355030,Isluga,VIIRS750,0,0.00,1,sin anomalia,2026-10-05T14:24:05,mendoza
2026-09-22T19:00:02,355030,Isluga,VIIRS375,0,0.00,1,sin anomalia,2026-10-05T14:24:05,mendoza
2026-09-22T19:00:02,355030,Isluga,VIIRS750,0,0.00,1,sin anomalia,2026-10-05T14:24:05,mendoza
2026-09-22T19:50:00,355030,Isluga,MODIS,0,0.00,1,sin anomalia,2026-10-05T14:24:05,mendoza
2026-09-23T01:35:00,355030,Isluga,MODIS,0,0.00,1,sin anomalia,2026-10-05T14:24:05,mendoza
2026-09-23T05:24:01,355030,Isluga,VIIRS375,1.07,21.24,0,fuera de radio,2026-10-05T14:24:05,mendoza
2026-09-23T05:24:01,355030,Isluga,VIIRS750,0,0.00,1,sin anomalia,2026-10-05T14:24:05,mendoza
2026-09-23T06:12:02,355030,Isluga,VIIRS375,0,0.00,1,sin anomalia,2026-10-05T14:24:05,mendoza
2026-09-23T06:12:02,355030,Isluga,VIIRS750,0,0.00,1,sin anomalia,2026-10-05T14:24:05,mendoza
2026-09-23T06:48:00,355030,Isluga,VIIRS375,0,0.00,1,sin anomalia,2026-10-05T14:24:05,mendoza
2026-09-23T06:48:00,355030,Isluga,VIIRS750,0,0.00,1,sin anomalia,2026-10-05T14:24:05,mendoza
2026-09-23T08:20:00,355030,Isluga,MODIS,0,0.00,1,sin anomalia,2026-10-05T14:24:05,mendoza
2026-09-23T12:25:00,355030,Isluga,MODIS,0,0.00,1,sin anomalia,2026-10-05T14:24:05,mendoza
2026-09-23T17:36:00,355030,Isluga,VIIRS375,0,0.00,1,sin anomalia,2026-10-05T14:24:05,mendoza
2026-09-23T17:36:00,355030,Isluga,VIIRS750,0,0.00,1,sin anomalia,2026-10-05T14:24:05,mendoza
2026-09-23T17:54:01,355030,Isluga,VIIRS375,0,0.00,1,sin anomalia,2026-10-05T14:24:05,mendoza
2026-09-23T17:54:01,355030,Isluga,VIIRS750,0,0.00,1,sin anomalia,2026-10-05T14:24:05,mendoza
2026-09-23T18:42:02,355030,Isluga,VIIRS375,0,0.00,1,sin anomalia,2026-10-05T14:24:05,mendoza
2026-09-23T18:42:02,355030,Isluga,VIIRS750,0,0.00,1,sin anomalia,2026-10-05T14:24:05,mendoza
2026-09-23T19:18:00,355030,Isluga,VIIRS375,0,0.00,1,sin anomalia,2026-10-05T14:24:05,mendoza
2026-09-23T19:18:00,355030,Isluga,VIIRS750,0,0.00,1,sin anomalia,2026-10-05T14:24:05,mendoza
2026-09-23T20:30:00,355030,Isluga,MODIS,0,0.00,1,sin anomalia,2026-10-05T14:24:05,mendoza
2026-09-24T05:06:01,355030,Isluga,VIIRS375,0.36,1.19,1,muy baja,2026-10-05T14:24:05,mendoza
2026-09-24T05:06:01,355030,Isluga,VIIRS750,0,0.00,1,sin anomalia,2026-10-05T14:24:05,mendoza
2026-09-24T05:48:02,355030,Isluga,VIIRS375,0.26,0.53,1,muy baja,2026-10-05T14:24:05,mendoza
2026-09-24T05:48:02,355030,Isluga,VIIRS750,0,0.00,1,sin anomalia,2026-10-05T14:24:05,mendoza
2026-09-24T06:48:01,355030,Isluga,VIIRS375,0,0.00,1,sin anomalia,2026-10-05T14:24:05,mendoza
2026-09-24T06:48:01,355030,Isluga,VIIRS750,0,0.00,1,sin anomalia,2026-10-05T14:24:05,mendoza
2026-09-24T07:20:00,355030,Isluga,MODIS,0,0.00,1,sin anomalia,2026-10-05T14:24:05,mendoza
2026-09-24T13:05:00,355030,Isluga,MODIS,0,0.00,1,sin anomalia,2026-10-05T14:24:05,mendoza
2026-09-24T17:36:01,355030,Isluga,VIIRS375,0,0.00,1,sin anomalia,2026-10-05T14:24:05,mendoza
2026-09-24T17:36:01,355030,Isluga,VIIRS750,0,0.00,1,sin anomalia,2026-10-05T14:24:05,mendoza
2026-09-24T18:18:02,355030,Isluga,VIIRS375,0,0.00,1,sin anomalia,2026-10-05T14:24:05,mendoza
2026-09-24T18:18:02,355030,Isluga,VIIRS750,0,0.00,1,sin anomalia,2026-10-05T14:24:05,mendoza
2026-09-24T18:54:00,355030,Isluga,VIIRS375,0,0.00,1,sin anomalia,2026-10-05T14:24:05,mendoza
2026-09-24T18:54:00,355030,Isluga,VIIRS750,0,0.00,1,sin anomalia,2026-10-05T14:24:05,mendoza
2026-09-24T21:05:00,355030,Isluga,MODIS,0,0.00,1,sin anomalia,2026-10-05T14:24:05,mendoza
2026-09-25T01:15:00,355030,Isluga,MODIS,0,0.00,1,sin anomalia,2026-10-05T14:24:05,mendoza
2026-09-25T05:30:02,355030,Isluga,VIIRS375,0.67,19.94,0,fuera de radio,2026-10-05T14:24:05,mendoza
2026-09-25T05:30:02,355030,Isluga,VIIRS750,0,0.00,1,sin anomalia,2026-10-05T14:24:05,mendoza
2026-09-25T06:30:01,355030,Isluga,VIIRS375,0.83,9.96,0,fuera de radio,2026-10-05T14:24:05,mendoza
2026-09-25T06:30:01,355030,Isluga,VIIRS750,0,0.00,1,sin anomalia,2026-10-05T14:24:05,mendoza
2026-09-25T07:55:00,355030,Isluga,MODIS,0,0.00,1,sin anomalia,2026-10-05T14:24:05,mendoza
2026-09-25T13:45:00,355030,Isluga,MODIS,0,0.00,1,sin anomalia,2026-10-05T14:24:05,mendoza
2026-09-25T18:00:02,355030,Isluga,VIIRS375,0,0.00,1,sin anomalia,2026-10-05T14:24:05,mendoza
2026-09-25T18:00:02,355030,Isluga,VIIRS750,0,0.00,1,sin anomalia,2026-10-05T14:24:05,mendoza
2026-09-25T19:00:01,355030,Isluga,VIIRS375,10.67,11.77,0,fuera de radio,2026-10-05T14:24:05,mendoza
2026-09-25T19:00:01,355030,Isluga,VIIRS750,0,0.00,1,sin anomalia,2026-10-05T14:24:05,mendoza
2026-09-25T20:05:00,355030,Isluga,MODIS,0,0.00,1,sin anomalia,2026-10-05T14:24:05,mendoza
2026-09-26T01:50:00,355030,Isluga,MODIS,0,0.00,1,sin anomalia,2026-10-05T14:24:05,mendoza
2026-09-26T05:12:02,355030,Isluga,VIIRS375,0.27,0.84,1,muy baja,2026-10-05T14:24:05,mendoza
2026-09-26T05:12:02,355030,Isluga,VIIRS750,0,0.00,1,sin anomalia,2026-10-05T14:24:05,mendoza
2026-09-26T05:48:00,355030,Isluga,VIIRS375,0.23,0.75,1,muy baja,2026-10-05T14:24:05,mendoza
2026-09-26T05:48:00,355030,Isluga,VIIRS750,0,0.00,1,sin anomalia,2026-10-05T14:24:05,mendoza
2026-09-26T06:06:01,355030,Isluga,VIIRS375,0.15,0.53,1,muy baja,2026-10-05T14:24:05,mendoza
2026-09-26T06:06:01,355030,Isluga,VIIRS750,0,0.00,1,sin anomalia,2026-10-05T14:24:05,mendoza
2026-09-26T08:35:00,355030,Isluga,MODIS,0,0.00,1,sin anomalia,2026-10-05T14:24:05,mendoza
2026-09-26T12:45:00,355030,Isluga,MODIS,0,0.00,1,sin anomalia,2026-10-05T14:24:05,mendoza
2026-09-26T17:42:02,355030,Isluga,VIIRS375,0,0.00,1,sin anomalia,2026-10-05T14:24:05,mendoza
2026-09-26T17:42:02,355030,Isluga,VIIRS750,0,0.00,1,sin anomalia,2026-10-05T14:24:05,mendoza
2026-09-26T18:18:00,355030,Isluga,VIIRS375,0,0.00,1,sin anomalia,2026-10-05T14:24:05,mendoza
2026-09-26T18:18:00,355030,Isluga,VIIRS750,0,0.00,1,sin anomalia,2026-10-05T14:24:05,mendoza
2026-09-26T18:36:01,355030,Isluga,VIIRS375,0,0.00,1,sin anomalia,2026-10-05T14:24:05,mendoza
2026-09-26T18:36:01,355030,Isluga,VIIRS750,0,0.00,1,sin anomalia,2026-10-05T14:24:05,mendoza
2026-09-26T20:45:00,355030,Isluga,MODIS,0,0.00,1,sin anomalia,2026-10-05T14:24:05,mendoza
2026-09-27T00:55:00,355030,Isluga,MODIS,0,0.00,1,sin anomalia,2026-10-05T14:24:05,mendoza
2026-09-27T04:54:02,355030,Isluga,VIIRS375,0,0.00,1,sin anomalia,2026-10-05T14:24:05,mendoza
2026-09-27T04:54:02,355030,Isluga,VIIRS750,0,0.00,1,sin anomalia,2026-10-05T14:24:05,mendoza
2026-09-27T05:48:01,355030,Isluga,VIIRS375,0.12,0.53,1,muy baja,2026-10-05T14:24:05,mendoza
2026-09-27T05:48:01,355030,Isluga,VIIRS750,0,0.00,1,sin anomalia,2026-10-05T14:24:05,mendoza
2026-09-27T06:36:02,355030,Isluga,VIIRS375,0,0.00,1,sin anomalia,2026-10-05T14:24:05,mendoza
2026-09-27T06:36:02,355030,Isluga,VIIRS750,0,0.00,1,sin anomalia,2026-10-05T14:24:05,mendoza
2026-09-27T07:35:00,355030,Isluga,MODIS,0,0.00,1,sin anomalia,2026-10-05T14:24:05,mendoza
2026-09-27T13:25:00,355030,Isluga,MODIS,0,0.00,1,sin anomalia,2026-10-05T14:24:05,mendoza
2026-09-27T17:24:02,355030,Isluga,VIIRS375,0,0.00,1,sin anomalia,2026-10-05T14:24:05,mendoza
2026-09-27T17:24:02,355030,Isluga,VIIRS750,0,0.00,1,sin anomalia,2026-10-05T14:24:05,mendoza
2026-09-27T18:00:00,355030,Isluga,VIIRS375,0,0.00,1,sin anomalia,2026-10-05T14:24:05,mendoza
2026-09-27T18:00:00,355030,Isluga,VIIRS750,0,0.00,1,sin anomalia,2026-10-05T14:24:05,mendoza
2026-09-27T18:18:01,355030,Isluga,VIIRS375,0,0.00,1,sin anomalia,2026-10-05T14:24:05,mendoza
2026-09-27T18:18:01,355030,Isluga,VIIRS750,0,0.00,1,sin anomalia,2026-10-05T14:24:05,mendoza
2026-09-27T19:06:02,355030,Isluga,VIIRS375,0,0.00,1,sin anomalia,2026-10-05T14:24:05,mendoza
2026-09-27T19:06:02,355030,Isluga,VIIRS750,0,0.00,1,sin anomalia,2026-10-05T14:24:05,mendoza
2026-09-27T19:45:00,355030,Isluga,MODIS,0,0.00,1,sin anomalia,2026-10-05T14:24:05,mendoza
2026-09-28T01:30:00,355030,Isluga,MODIS,0,0.00,1,sin anomalia,2026-10-05T14:24:05,mendoza
2026-09-28T05:30:01,355030,Isluga,VIIRS375,0.26,0.84,1,muy baja,2026-10-05T14:24:05,mendoza
2026-09-28T05:30:01,355030,Isluga,VIIRS750,0,0.00,1,sin anomalia,2026-10-05T14:24:05,mendoza
2026-09-28T06:18:02,355030,Isluga,VIIRS375,0.13,0.53,1,muy baja,2026-10-05T14:24:05,mendoza
2026-09-28T06:18:02,355030,Isluga,VIIRS750,0,0.00,1,sin anomalia,2026-10-05T14:24:05,mendoza
2026-09-28T06:54:00,355030,Isluga,VIIRS375,0,0.00,1,sin anomalia,2026-10-05T14:24:05,mendoza
2026-09-28T06:54:00,355030,Isluga,VIIRS750,0,0.00,1,sin anomalia,2026-10-05T14:24:05,mendoza
2026-09-28T08:15:00,355030,Isluga,MODIS,0,0.00,1,sin anomalia,2026-10-05T14:24:05,mendoza
2026-09-28T12:25:00,355030,Isluga,MODIS,0,0.00,1,sin anomalia,2026-10-05T14:24:05,mendoza
2026-09-28T17:42:00,355030,Isluga,VIIRS375,0,0.00,1,sin anomalia,2026-10-05T14:24:05,mendoza
2026-09-28T17:42:00,355030,Isluga,VIIRS750,0,0.00,1,sin anomalia,2026-10-05T14:24:05,mendoza
2026-09-28T18:00:01,355030,Isluga,VIIRS375,0,0.00,1,sin anomalia,2026-10-05T14:24:05,mendoza
2026-09-28T18:00:01,355030,Isluga,VIIRS750,0,0.00,1,sin anomalia,2026-10-05T14:24:05,mendoza
2026-09-28T18:48:02,355030,Isluga,VIIRS375,0,0.00,1,sin anomalia,2026-10-05T14:24:05,mendoza
2026-09-28T18:48:02,355030,Isluga,VIIRS750,0,0.00,1,sin anomalia,2026-10-05T14:24:05,mendoza
2026-09-28T19:24:00,355030,Isluga,VIIRS375,0,0.00,1,sin anomalia,2026-10-05T14:24:05,mendoza
2026-09-28T19:24:00,355030,Isluga,VIIRS750,0,0.00,1,sin anomalia,2026-10-05T14:24:05,mendoza
2026-09-28T20:20:00,355030,Isluga,MODIS,0,0.00,1,sin anomalia,2026-10-05T14:24:05,mendoza
2026-09-29T05:12:01,355030,Isluga,VIIRS375,0,0.00,1,sin anomalia,2026-10-05T14:24:05,mendoza
2026-09-29T05:12:01,355030,Isluga,VIIRS750,0,0.00,1,sin anomalia,2026-10-05T14:24:05,mendoza
2026-09-29T05:54:02,355030,Isluga,VIIRS375,0.77,24.32,0,fuera de radio,2026-10-05T14:24:05,mendoza
2026-09-29T05:54:02,355030,Isluga,VIIRS750,0,0.00,1,sin anomalia,2026-10-05T14:24:05,mendoza
2026-09-29T06:36:00,355030,Isluga,VIIRS375,0,0.00,1,sin anomalia,2026-10-05T14:24:05,mendoza
2026-09-29T06:36:00,355030,Isluga,VIIRS750,0,0.00,1,sin anomalia,2026-10-05T14:24:05,mendoza
2026-09-29T13:05:00,355030,Isluga,MODIS,0,0.00,1,sin anomalia,2026-10-05T14:24:05,mendoza
2026-09-29T17:42:01,355030,Isluga,VIIRS375,0,0.00,1,sin anomalia,2026-10-05T14:24:05,mendoza
2026-09-29T17:42:01,355030,Isluga,VIIRS750,0,0.00,1,sin anomalia,2026-10-05T14:24:05,mendoza
2026-09-29T18:24:02,355030,Isluga,VIIRS375,0,0.00,1,sin anomalia,2026-10-05T14:24:05,mendoza
2026-09-29T18:24:02,355030,Isluga,VIIRS750,0,0.00,1,sin anomalia,2026-10-05T14:24:05,mendoza
2026-09-29T19:06:00,355030,Isluga,VIIRS375,0,0.00,1,sin anomalia,2026-10-05T14:24:05,mendoza
2026-09-29T19:06:00,355030,Isluga,VIIRS750,0,0.00,1,sin anomalia,2026-10-05T14:24:05,mendoza
2026-09-29T21:00:00,355030,Isluga,MODIS,0,0.00,1,sin anomalia,2026-10-05T14:24:05,mendoza
2026-09-30T01:10:00,355030,Isluga,MODIS,0,0.00,1,sin anomalia,2026-10-05T14:24:05,mendoza
2026-09-30T04:54:01,355030,Isluga,VIIRS375,0,0.00,1,sin anomalia,2026-10-05T14:24:05,mendoza
2026-09-30T04:54:01,355030,Isluga,VIIRS750,0,0.00,1,sin anomalia,2026-10-05T14:24:05,mendoza
2026-09-30T05:36:02,355030,Isluga,VIIRS375,0,0.00,1,sin anomalia,2026-10-05T14:24:05,mendoza
2026-09-30T05:36:02,355030,Isluga,VIIRS750,0,0.00,1,sin anomalia,2026-10-05T14:24:05,mendoza
2026-09-30T06:36:01,355030,Isluga,VIIRS375,0,0.00,1,sin anomalia,2026-10-05T14:24:05,mendoza
2026-09-30T06:36:01,355030,Isluga,VIIRS750,0,0.00,1,sin anomalia,2026-10-05T14:24:05,mendoza
2026-09-30T07:50:00,355030,Isluga,MODIS,0,0.00,1,sin anomalia,2026-10-05T14:24:05,mendoza
2026-09-30T13:40:00,355030,Isluga,MODIS,0,0.00,1,sin anomalia,2026-10-05T14:24:05,mendoza
2026-09-30T17:24:01,355030,Isluga,VIIRS375,0,0.00,1,sin anomalia,2026-10-05T14:24:05,mendoza
2026-09-30T17:24:01,355030,Isluga,VIIRS750,0,0.00,1,sin anomalia,2026-10-05T14:24:05,mendoza
2026-09-30T18:06:02,355030,Isluga,VIIRS375,0,0.00,1,sin anomalia,2026-10-05T14:24:05,mendoza
2026-09-30T18:06:02,355030,Isluga,VIIRS750,0,0.00,1,sin anomalia,2026-10-05T14:24:05,mendoza
2026-09-30T18:42:00,355030,Isluga,VIIRS375,0,0.00,1,sin anomalia,2026-10-05T14:24:05,mendoza
2026-09-30T18:42:00,355030,Isluga,VIIRS750,0,0.00,1,sin anomalia,2026-10-05T14:24:05,mendoza
2026-09-30T19:06:01,355030,Isluga,VIIRS375,0,0.00,1,sin anomalia,2026-10-05T14:24:05,mendoza
2026-09-30T19:06:01,355030,Isluga,VIIRS750,0,0.00,1,sin anomalia,2026-10-05T14:24:05,mendoza
2026-09-30T20:00:00,355030,Isluga,MODIS,0,0.00,1,sin anomalia,2026-10-05T14:24:05,mendoza
2026-10-01T01:50:00,355030,Isluga,MODIS,0,0.00,1,sin anomalia,2026-10-05T14:24:05,mendoza
2026-10-01T06:18:01,355030,Isluga,VIIRS375,0,0.00,1,sin anomalia,2026-10-05T14:24:05,mendoza
2026-10-01T06:18:01,355030,Isluga,VIIRS750,0,0.00,1,sin anomalia,2026-10-05T14:24:05,mendoza
2026-10-01T08:30:00,355030,Isluga,MODIS,0,0.00,1,sin anomalia,2026-10-05T14:24:05,mendoza
2026-10-01T12:45:00,355030,Isluga,MODIS,0,0.00,1,sin anomalia,2026-10-05T14:24:05,mendoza
2026-10-01T18:48:01,355030,Isluga,VIIRS375,3.48,26.55,0,fuera de radio,2026-10-05T14:24:05,mendoza
2026-10-01T18:48:01,355030,Isluga,VIIRS750,0,0.00,1,sin anomalia,2026-10-05T14:24:05,mendoza
2026-10-01T20:35:00,355030,Isluga,MODIS,0,0.00,1,sin anomalia,2026-10-05T14:24:05,mendoza
2026-10-02T00:50:00,355030,Isluga,MODIS,0,0.00,1,sin anomalia,2026-10-05T14:24:05,mendoza
2026-10-02T05:00:02,355030,Isluga,VIIRS375,0.27,0.84,1,muy baja,2026-10-05T14:24:05,mendoza
2026-10-02T05:00:02,355030,Isluga,VIIRS750,0,0.00,1,sin anomalia,2026-10-05T14:24:05,mendoza
2026-10-02T05:54:01,355030,Isluga,VIIRS375,0.26,0.53,1,muy baja,2026-10-05T14:24:05,mendoza
2026-10-02T05:54:01,355030,Isluga,VIIRS750,0,0.00,1,sin anomalia,2026-10-05T14:24:05,mendoza
2026-10-02T06:42:02,355030,Isluga,VIIRS375,0,0.00,1,sin anomalia,2026-10-05T14:24:05,mendoza
2026-10-02T06:42:02,355030,Isluga,VIIRS750,0,0.00,1,sin anomalia,2026-10-05T14:24:05,mendoza
2026-10-02T07:30:00,355030,Isluga,MODIS,0,0.00,1,sin anomalia,2026-10-05T14:24:05,mendoza
2026-10-02T13:20:00,355030,Isluga,MODIS,0,0.00,1,sin anomalia,2026-10-05T14:24:05,mendoza
2026-10-02T17:30:02,355030,Isluga,VIIRS375,0,0.00,1,sin anomalia,2026-10-05T14:24:05,mendoza
2026-10-02T18:06:00,355030,Isluga,VIIRS375,0,0.00,1,sin anomalia,2026-10-05T14:24:05,mendoza
2026-10-02T18:24:01,355030,Isluga,VIIRS375,0,0.00,1,sin anomalia,2026-10-05T14:24:05,mendoza
2026-10-02T18:24:01,355030,Isluga,VIIRS750,0,0.00,1,sin anomalia,2026-10-05T14:24:05,mendoza
2026-10-03T01:30:00,355030,Isluga,MODIS,0,0.00,1,sin anomalia,2026-10-05T14:24:05,mendoza
2026-10-03T05:18:00,355030,Isluga,VIIRS750,0,0.00,1,sin anomalia,2026-10-05T14:24:05,mendoza
2026-10-03T05:36:01,355030,Isluga,VIIRS375,0.26,0.84,1,muy baja,2026-10-05T14:24:05,mendoza
2026-10-03T05:36:01,355030,Isluga,VIIRS750,0,0.00,1,sin anomalia,2026-10-05T14:24:05,mendoza
2026-10-03T06:24:02,355030,Isluga,VIIRS375,0,0.00,1,sin anomalia,2026-10-05T14:24:05,mendoza
2026-10-03T06:24:02,355030,Isluga,VIIRS750,0,0.00,1,sin anomalia,2026-10-05T14:24:05,mendoza
2026-10-03T08:05:00,355030,Isluga,MODIS,0,0.00,1,sin anomalia,2026-10-05T14:24:05,mendoza
2026-10-03T12:25:00,355030,Isluga,MODIS,0,0.00,1,sin anomalia,2026-10-05T14:24:05,mendoza
2026-10-03T18:06:01,355030,Isluga,VIIRS375,0,0.00,1,sin anomalia,2026-10-05T14:24:05,mendoza
2026-10-03T18:06:01,355030,Isluga,VIIRS750,0,0.00,1,sin anomalia,2026-10-05T14:24:05,mendoza
2026-10-03T18:54:02,355030,Isluga,VIIRS375,0,0.00,1,sin anomalia,2026-10-05T14:24:05,mendoza
2026-10-03T18:54:02,355030,Isluga,VIIRS750,0,0.00,1,sin anomalia,2026-10-05T14:24:05,mendoza
2026-10-03T20:15:00,355030,Isluga,MODIS,0,0.00,1,sin anomalia,2026-10-05T14:24:05,mendoza
2026-10-04T05:18:01,355030,Isluga,VIIRS375,0.24,0.75,1,muy baja,2026-10-05T14:24:05,mendoza
2026-10-04T05:18:01,355030,Isluga,VIIRS750,0,0.00,1,sin anomalia,2026-10-05T14:24:05,mendoza
2026-10-04T06:00:02,355030,Isluga,VIIRS375,0,0.00,1,sin anomalia,2026-10-05T14:24:05,mendoza
2026-10-04T06:00:02,355030,Isluga,VIIRS750,0,0.00,1,sin anomalia,2026-10-05T14:24:05,mendoza
2026-10-04T06:42:00,355030,Isluga,VIIRS375,0,0.00,1,sin anomalia,2026-10-05T14:24:05,mendoza
2026-10-04T06:42:00,355030,Isluga,VIIRS750,0,0.00,1,sin anomalia,2026-10-05T14:24:05,mendoza
2026-10-04T08:45:00,355030,Isluga,MODIS,0,0.00,1,sin anomalia,2026-10-05T14:24:05,mendoza
2026-10-04T13:00:00,355030,Isluga,MODIS,0,0.00,1,sin anomalia,2026-10-05T14:24:05,mendoza
2026-10-04T17:30:00,355030,Isluga,VIIRS375,0,0.00,1,sin anomalia,2026-10-05T14:24:05,mendoza
2026-10-04T17:30:00,355030,Isluga,VIIRS750,0,0.00,1,sin anomalia,2026-10-05T14:24:05,mendoza
2026-10-04T17:48:01,355030,Isluga,VIIRS375,0,0.00,1,sin anomalia,2026-10-05T14:24:05,mendoza
2026-10-04T18:30:02,355030,Isluga,VIIRS375,0,0.00,1,sin anomalia,2026-10-05T14:24:05,mendoza
2026-10-04T18:30:02,355030,Isluga,VIIRS750,0,0.00,1,sin anomalia,2026-10-05T14:24:05,mendoza
2026-10-04T19:12:00,355030,Isluga,VIIRS375,0,0.00,1,sin anomalia,2026-10-05T14:24:05,mendoza
2026-10-04T19:12:00,355030,Isluga,VIIRS750,0,0.00,1,sin anomalia,2026-10-05T14:24:05,mendoza
2026-10-04T20:50:00,355030,Isluga,MODIS,0,0.00,1,sin anomalia,2026-10-05T14:24:05,mendoza
2026-10-05T01:10:00,355030,Isluga,MODIS,0,0.00,1,sin anomalia,2026-10-05T14:24:05,mendoza
2026-10-05T05:00:01,355030,Isluga,VIIRS375,1.9,23.05,0,fuera de radio,2026-10-05T14:24:05,mendoza
2026-10-05T05:00:01,355030,Isluga,VIIRS750,0,0.00,1,sin anomalia,2026-10-05T14:24:05,mendoza
2026-10-05T05:42:02,355030,Isluga,VIIRS375,0.09,0.53,1,muy baja,2026-10-05T14:24:05,mendoza
2026-10-05T05:42:02,355030,Isluga,VIIRS750,0,0.00,1,sin anomalia,2026-10-05T14:24:05,mendoza
2026-10-05T06:42:01,355030,Isluga,VIIRS375,0,0.00,1,sin anomalia,2026-10-05T14:24:05,mendoza
2026-10-05T06:42:01,355030,Isluga,VIIRS750,0,0.00,1,sin anomalia,2026-10-05T14:24:05,mendoza
2026-10-05T07:45:00,355030,Isluga,MODIS,0,0.00,1,sin anomalia,2026-10-05T14:24:05,mendoza
