fecha_utc,volcano_id,volcan,sensor,vrp_mw,distancia_km,dentro_radio,clasificacion,capturado_utc,origen
2026-01-11T06:24:00,355120,Lastarria,VIIRS375,0.15,1.55,1,muy baja,2026-10-05T14:24:05,mendoza
2026-01-11T06:24:00,355120,Lastarria,VIIRS750,0,0.00,1,sin anomalia,2026-10-05T14:24:05,mendoza
2026-01-11T13:15:00,355120,Lastarria,MODIS,0,0.00,1,sin anomalia,2026-10-05T14:24:05,mendoza
2026-01-11T17:30:01,355120,Lastarria,VIIRS375,0,0.00,1,sin anomalia,2026-10-05T14:24:05,mendoza
2026-01-11T17:30:01,355120,Lastarria,VIIRS750,0,0.00,1,sin anomalia,2026-10-05T14:24:05,mendoza
2026-01-11T18:48:00,355120,Lastarria,VIIRS750,0,0.00,1,sin anomalia,2026-10-05T14:24:05,mendoza
2026-01-11T19:12:01,355120,Lastarria,VIIRS375,0,0.00,1,sin anomalia,2026-10-05T14:24:05,mendoza
2026-01-11T19:12:01,355120,Lastarria,VIIRS750,0,0.00,1,sin anomalia,2026-10-05T14:24:05,mendoza
2026-01-11T20:35:00,355120,Lastarria,MODIS,0,0.00,1,sin anomalia,2026-10-05T14:24:05,mendoza
2026-01-12T01:25:00,355120,Lastarria,MODIS,0,0.00,1,sin anomalia,2026-10-05T14:24:05,mendoza
2026-01-12T04:42:01,355120,Lastarria,VIIRS375,0,0.00,1,sin anomalia,2026-10-05T14:24:05,mendoza
2026-01-12T04:42:01,355120,Lastarria,VIIRS750,0,0.00,1,sin anomalia,2026-10-05T14:24:05,mendoza
2026-01-12T06:24:01,355120,Lastarria,VIIRS375,0.87,5.03,0,fuera de radio,2026-10-05T14:24:05,mendoza
2026-01-12T06:24:01,355120,Lastarria,VIIRS750,0,0.00,1,sin anomalia,2026-10-05T14:24:05,mendoza
2026-01-12T07:30:00,355120,Lastarria,MODIS,0,0.00,1,sin anomalia,2026-10-05T14:24:05,mendoza
2026-01-12T13:55:00,355120,Lastarria,MODIS,0,0.00,1,sin anomalia,2026-10-05T14:24:05,mendoza
2026-01-12T18:30:00,355120,Lastarria,VIIRS375,0,0.00,1,sin anomalia,2026-10-05T14:24:05,mendoza
2026-01-12T18:30:00,355120,Lastarria,VIIRS750,0,0.00,1,sin anomalia,2026-10-05T14:24:05,mendoza
2026-01-12T18:48:01,355120,Lastarria,VIIRS375,0,0.00,1,sin anomalia,2026-10-05T14:24:05,mendoza
2026-01-12T18:48:01,355120,Lastarria,VIIRS750,0,0.00,1,sin anomalia,2026-10-05T14:24:05,mendoza
2026-01-12T19:35:00,355120,Lastarria,MODIS,0,0.00,1,sin anomalia,2026-10-05T14:24:05,mendoza
2026-01-13T02:00:00,355120,Lastarria,MODIS,0,0.00,1,sin anomalia,2026-10-05T14:24:05,mendoza
2026-01-13T06:06:01,355120,Lastarria,VIIRS375,0.13,2.40,1,muy baja,2026-10-05T14:24:05,mendoza
2026-01-13T06:06:01,355120,Lastarria,VIIRS750,0,0.00,1,sin anomalia,2026-10-05T14:24:05,mendoza
2026-01-13T12:55:00,355120,Lastarria,MODIS,0,0.00,1,sin anomalia,2026-10-05T14:24:05,mendoza
2026-01-13T18:12:00,355120,Lastarria,VIIRS375,0,0.00,1,sin anomalia,2026-10-05T14:24:05,mendoza
2026-01-13T18:12:00,355120,Lastarria,VIIRS750,0,0.00,1,sin anomalia,2026-10-05T14:24:05,mendoza
2026-01-13T18:30:01,355120,Lastarria,VIIRS375,0,0.00,1,sin anomalia,2026-10-05T14:24:05,mendoza
2026-01-13T18:30:01,355120,Lastarria,VIIRS750,0,0.00,1,sin anomalia,2026-10-05T14:24:05,mendoza
2026-01-13T20:15:00,355120,Lastarria,MODIS,0,0.00,1,sin anomalia,2026-10-05T14:24:05,mendoza
2026-01-14T05:48:01,355120,Lastarria,VIIRS375,0.07,2.40,1,muy baja,2026-10-05T14:24:05,mendoza
2026-01-14T05:48:01,355120,Lastarria,VIIRS750,0,0.00,1,sin anomalia,2026-10-05T14:24:05,mendoza
2026-01-14T07:10:00,355120,Lastarria,MODIS,0,0.00,1,sin anomalia,2026-10-05T14:24:05,mendoza
2026-01-14T13:35:00,355120,Lastarria,MODIS,0,0.00,1,sin anomalia,2026-10-05T14:24:05,mendoza
2026-01-14T17:54:00,355120,Lastarria,VIIRS375,0.96,10.30,0,fuera de radio,2026-10-05T14:24:05,mendoza
2026-01-14T17:54:00,355120,Lastarria,VIIRS750,0,0.00,1,sin anomalia,2026-10-05T14:24:05,mendoza
2026-01-14T18:12:01,355120,Lastarria,VIIRS375,0,0.00,1,sin anomalia,2026-10-05T14:24:05,mendoza
2026-01-14T18:12:01,355120,Lastarria,VIIRS750,0,0.00,1,sin anomalia,2026-10-05T14:24:05,mendoza
2026-01-14T19:15:00,355120,Lastarria,MODIS,0,0.00,1,sin anomalia,2026-10-05T14:24:05,mendoza
2026-01-15T01:40:00,355120,Lastarria,MODIS,0,0.00,1,sin anomalia,2026-10-05T14:24:05,mendoza
2026-01-15T05:30:01,355120,Lastarria,VIIRS375,0,0.00,1,sin anomalia,2026-10-05T14:24:05,mendoza
2026-01-15T05:30:01,355120,Lastarria,VIIRS750,0,0.00,1,sin anomalia,2026-10-05T14:24:05,mendoza
2026-01-15T06:48:00,355120,Lastarria,VIIRS375,0,0.00,1,sin anomalia,2026-10-05T14:24:05,mendoza
2026-01-15T06:48:00,355120,Lastarria,VIIRS750,0,0.00,1,sin anomalia,2026-10-05T14:24:05,mendoza
2026-01-15T07:45:00,355120,Lastarria,MODIS,0,0.00,1,sin anomalia,2026-10-05T14:24:05,mendoza
2026-01-15T12:40:00,355120,Lastarria,MODIS,0,0.00,1,sin anomalia,2026-10-05T14:24:05,mendoza
2026-01-15T17:36:00,355120,Lastarria,VIIRS750,0,0.00,1,sin anomalia,2026-10-05T14:24:05,mendoza
2026-01-15T17:54:01,355120,Lastarria,VIIRS375,0,0.00,1,sin anomalia,2026-10-05T14:24:05,mendoza
2026-01-15T17:54:01,355120,Lastarria,VIIRS750,0,0.00,1,sin anomalia,2026-10-05T14:24:05,mendoza
2026-01-15T19:12:00,355120,Lastarria,VIIRS375,0,0.00,1,sin anomalia,2026-10-05T14:24:05,mendoza
2026-01-15T19:12:00,355120,Lastarria,VIIRS750,0,0.00,1,sin anomalia,2026-10-05T14:24:05,mendoza
2026-01-15T19:50:00,355120,Lastarria,MODIS,0,0.00,1,sin anomalia,2026-10-05T14:24:05,mendoza
2026-01-16T02:20:00,355120,Lastarria,MODIS,0,0.00,1,sin anomalia,2026-10-05T14:24:05,mendoza
2026-01-16T05:06:01,355120,Lastarria,VIIRS375,0,0.00,1,sin anomalia,2026-10-05T14:24:05,mendoza
2026-01-16T05:06:01,355120,Lastarria,VIIRS750,0,0.00,1,sin anomalia,2026-10-05T14:24:05,mendoza
2026-01-16T06:30:00,355120,Lastarria,VIIRS375,0,0.00,1,sin anomalia,2026-10-05T14:24:05,mendoza
2026-01-16T06:30:00,355120,Lastarria,VIIRS750,0,0.00,1,sin anomalia,2026-10-05T14:24:05,mendoza
2026-01-16T06:45:00,355120,Lastarria,MODIS,0,0.00,1,sin anomalia,2026-10-05T14:24:05,mendoza
2026-01-16T13:15:00,355120,Lastarria,MODIS,0,0.00,1,sin anomalia,2026-10-05T14:24:05,mendoza
2026-01-16T17:36:01,355120,Lastarria,VIIRS375,0,0.00,1,sin anomalia,2026-10-05T14:24:05,mendoza
2026-01-16T17:36:01,355120,Lastarria,VIIRS750,0,0.00,1,sin anomalia,2026-10-05T14:24:05,mendoza
2026-01-16T19:18:01,355120,Lastarria,VIIRS375,0,0.00,1,sin anomalia,2026-10-05T14:24:05,mendoza
2026-01-16T19:18:01,355120,Lastarria,VIIRS750,0,0.00,1,sin anomalia,2026-10-05T14:24:05,mendoza
2026-01-16T20:30:00,355120,Lastarria,MODIS,0,0.00,1,sin anomalia,2026-10-05T14:24:05,mendoza
2026-01-17T01:20:00,355120,Lastarria,MODIS,0,0.00,1,sin anomalia,2026-10-05T14:24:05,mendoza
2026-01-17T01:25:00,355120,Lastarria,MODIS,0,0.00,1,sin anomalia,2026-10-05T14:24:05,mendoza
2026-01-17T04:48:01,355120,Lastarria,VIIRS750,0,0.00,1,sin anomalia,2026-10-05T14:24:05,mendoza
2026-01-17T06:30:01,355120,Lastarria,VIIRS375,0,0.00,1,sin anomalia,2026-10-05T14:24:05,mendoza
2026-01-17T06:30:01,355120,Lastarria,VIIRS750,0,0.00,1,sin anomalia,2026-10-05T14:24:05,mendoza
2026-01-17T13:55:00,355120,Lastarria,MODIS,0,0.00,1,sin anomalia,2026-10-05T14:24:05,mendoza
2026-01-17T17:18:01,355120,Lastarria,VIIRS375,0,0.00,1,sin anomalia,2026-10-05T14:24:05,mendoza
2026-01-17T17:18:01,355120,Lastarria,VIIRS750,0,0.00,1,sin anomalia,2026-10-05T14:24:05,mendoza
2026-01-17T18:36:00,355120,Lastarria,VIIRS375,0.37,22.50,0,fuera de radio,2026-10-05T14:24:05,mendoza
2026-01-17T18:36:00,355120,Lastarria,VIIRS750,0,0.00,1,sin anomalia,2026-10-05T14:24:05,mendoza
2026-01-17T18:54:01,355120,Lastarria,VIIRS375,0,0.00,1,sin anomalia,2026-10-05T14:24:05,mendoza
2026-01-17T18:54:01,355120,Lastarria,VIIRS750,0,0.00,1,sin anomalia,2026-10-05T14:24:05,mendoza
2026-01-17T19:30:00,355120,Lastarria,MODIS,0,0.00,1,sin anomalia,2026-10-05T14:24:05,mendoza
2026-01-18T02:00:00,355120,Lastarria,MODIS,0,0.00,1,sin anomalia,2026-10-05T14:24:05,mendoza
2026-01-18T06:12:01,355120,Lastarria,VIIRS375,0.07,1.55,1,muy baja,2026-10-05T14:24:05,mendoza
2026-01-18T18:36:01,355120,Lastarria,VIIRS375,0,0.00,1,sin anomalia,2026-10-05T14:24:05,mendoza
2026-01-18T18:36:01,355120,Lastarria,VIIRS750,0,0.00,1,sin anomalia,2026-10-05T14:24:05,mendoza
2026-01-18T20:10:00,355120,Lastarria,MODIS,0,0.00,1,sin anomalia,2026-10-05T14:24:05,mendoza
2026-01-19T05:54:01,355120,Lastarria,VIIRS375,0.14,2.40,1,muy baja,2026-10-05T14:24:05,mendoza
2026-01-19T05:54:01,355120,Lastarria,VIIRS750,0,0.00,1,sin anomalia,2026-10-05T14:24:05,mendoza
2026-01-19T07:05:00,355120,Lastarria,MODIS,0,0.00,1,sin anomalia,2026-10-05T14:24:05,mendoza
2026-01-19T13:35:00,355120,Lastarria,MODIS,0,0.00,1,sin anomalia,2026-10-05T14:24:05,mendoza
2026-01-19T18:00:00,355120,Lastarria,VIIRS750,0,0.00,1,sin anomalia,2026-10-05T14:24:05,mendoza
2026-01-19T18:18:01,355120,Lastarria,VIIRS375,0,0.00,1,sin anomalia,2026-10-05T14:24:05,mendoza
2026-01-19T18:18:01,355120,Lastarria,VIIRS750,0,0.00,1,sin anomalia,2026-10-05T14:24:05,mendoza
2026-01-20T01:40:00,355120,Lastarria,MODIS,0,0.00,1,sin anomalia,2026-10-05T14:24:05,mendoza
2026-01-20T05:36:01,355120,Lastarria,VIIRS375,0.12,2.40,1,muy baja,2026-10-05T14:24:05,mendoza
2026-01-20T05:36:01,355120,Lastarria,VIIRS750,0,0.00,1,sin anomalia,2026-10-05T14:24:05,mendoza
2026-01-20T07:40:00,355120,Lastarria,MODIS,0,0.00,1,sin anomalia,2026-10-05T14:24:05,mendoza
2026-01-20T17:42:00,355120,Lastarria,VIIRS750,0,0.00,1,sin anomalia,2026-10-05T14:24:05,mendoza
2026-01-20T18:00:01,355120,Lastarria,VIIRS375,0,0.00,1,sin anomalia,2026-10-05T14:24:05,mendoza
2026-01-20T18:00:01,355120,Lastarria,VIIRS750,0,0.00,1,sin anomalia,2026-10-05T14:24:05,mendoza
2026-01-20T19:18:00,355120,Lastarria,VIIRS375,0,0.00,1,sin anomalia,2026-10-05T14:24:05,mendoza
2026-01-20T19:18:00,355120,Lastarria,VIIRS750,0,0.00,1,sin anomalia,2026-10-05T14:24:05,mendoza
2026-01-20T19:45:00,355120,Lastarria,MODIS,0,0.00,1,sin anomalia,2026-10-05T14:24:05,mendoza
2026-01-21T05:12:01,355120,Lastarria,VIIRS375,0.07,2.40,1,muy baja,2026-10-05T14:24:05,mendoza
2026-01-21T05:12:01,355120,Lastarria,VIIRS750,0,0.00,1,sin anomalia,2026-10-05T14:24:05,mendoza
2026-01-21T06:36:00,355120,Lastarria,VIIRS375,0,0.00,1,sin anomalia,2026-10-05T14:24:05,mendoza
2026-01-21T06:36:00,355120,Lastarria,VIIRS750,0,0.00,1,sin anomalia,2026-10-05T14:24:05,mendoza
2026-01-21T06:40:00,355120,Lastarria,MODIS,0,0.00,1,sin anomalia,2026-10-05T14:24:05,mendoza
2026-01-21T13:15:00,355120,Lastarria,MODIS,0,0.00,1,sin anomalia,2026-10-05T14:24:05,mendoza
2026-01-21T17:18:00,355120,Lastarria,VIIRS375,0,0.00,1,sin anomalia,2026-10-05T14:24:05,mendoza
2026-01-21T17:18:00,355120,Lastarria,VIIRS750,0,0.00,1,sin anomalia,2026-10-05T14:24:05,mendoza
2026-01-21T17:42:01,355120,Lastarria,VIIRS375,0,0.00,1,sin anomalia,2026-10-05T14:24:05,mendoza
2026-01-21T17:42:01,355120,Lastarria,VIIRS750,0,0.00,1,sin anomalia,2026-10-05T14:24:05,mendoza
2026-01-21T19:00:00,355120,Lastarria,VIIRS375,0,0.00,1,sin anomalia,2026-10-05T14:24:05,mendoza
2026-01-21T19:00:00,355120,Lastarria,VIIRS750,0,0.00,1,sin anomalia,2026-10-05T14:24:05,mendoza
2026-01-21T20:25:00,355120,Lastarria,MODIS,0,0.00,1,sin anomalia,2026-10-05T14:24:05,mendoza
2026-01-22T01:20:00,355120,Lastarria,MODIS,0,0.00,1,sin anomalia,2026-10-05T14:24:05,mendoza
2026-01-22T04:54:01,355120,Lastarria,VIIRS375,0,0.00,1,sin anomalia,2026-10-05T14:24:05,mendoza
2026-01-22T04:54:01,355120,Lastarria,VIIRS750,0,0.00,1,sin anomalia,2026-10-05T14:24:05,mendoza
2026-01-22T06:18:00,355120,Lastarria,VIIRS750,0,0.00,1,sin anomalia,2026-10-05T14:24:05,mendoza
2026-01-22T06:36:01,355120,Lastarria,VIIRS375,0.64,30.83,0,fuera de radio,2026-10-05T14:24:05,mendoza
2026-01-22T06:36:01,355120,Lastarria,VIIRS750,0,0.00,1,sin anomalia,2026-10-05T14:24:05,mendoza
2026-01-22T07:20:00,355120,Lastarria,MODIS,0,0.00,1,sin anomalia,2026-10-05T14:24:05,mendoza
2026-01-22T13:55:00,355120,Lastarria,MODIS,0,0.00,1,sin anomalia,2026-10-05T14:24:05,mendoza
2026-01-22T17:24:01,355120,Lastarria,VIIRS375,0,0.00,1,sin anomalia,2026-10-05T14:24:05,mendoza
2026-01-22T17:24:01,355120,Lastarria,VIIRS750,0,0.00,1,sin anomalia,2026-10-05T14:24:05,mendoza
2026-01-22T18:42:00,355120,Lastarria,VIIRS750,0,0.00,1,sin anomalia,2026-10-05T14:24:05,mendoza
2026-01-22T19:06:01,355120,Lastarria,VIIRS375,0,0.00,1,sin anomalia,2026-10-05T14:24:05,mendoza
2026-01-22T19:06:01,355120,Lastarria,VIIRS750,0,0.00,1,sin anomalia,2026-10-05T14:24:05,mendoza
2026-01-22T19:25:00,355120,Lastarria,MODIS,0,0.00,1,sin anomalia,2026-10-05T14:24:05,mendoza
2026-01-23T02:00:00,355120,Lastarria,MODIS,0,0.00,1,sin anomalia,2026-10-05T14:24:05,mendoza
2026-01-23T04:36:01,355120,Lastarria,VIIRS375,0,0.00,1,sin anomalia,2026-10-05T14:24:05,mendoza
2026-01-23T04:36:01,355120,Lastarria,VIIRS750,0,0.00,1,sin anomalia,2026-10-05T14:24:05,mendoza
2026-01-23T06:18:01,355120,Lastarria,VIIRS375,0.21,1.91,1,muy baja,2026-10-05T14:24:05,mendoza
2026-01-23T06:18:01,355120,Lastarria,VIIRS750,0,0.00,1,sin anomalia,2026-10-05T14:24:05,mendoza
2026-01-23T08:00:00,355120,Lastarria,MODIS,0,0.00,1,sin anomalia,2026-10-05T14:24:05,mendoza
2026-01-23T12:55:00,355120,Lastarria,MODIS,0,0.00,1,sin anomalia,2026-10-05T14:24:05,mendoza
2026-01-23T18:24:00,355120,Lastarria,VIIRS375,0,0.00,1,sin anomalia,2026-10-05T14:24:05,mendoza
2026-01-23T18:24:00,355120,Lastarria,VIIRS750,0,0.00,1,sin anomalia,2026-10-05T14:24:05,mendoza
2026-01-23T18:42:01,355120,Lastarria,VIIRS375,0,0.00,1,sin anomalia,2026-10-05T14:24:05,mendoza
2026-01-23T18:42:01,355120,Lastarria,VIIRS750,0,0.00,1,sin anomalia,2026-10-05T14:24:05,mendoza
2026-01-23T20:05:00,355120,Lastarria,MODIS,0,0.00,1,sin anomalia,2026-10-05T14:24:05,mendoza
2026-01-24T06:00:01,355120,Lastarria,VIIRS375,0,0.00,1,sin anomalia,2026-10-05T14:24:05,mendoza
2026-01-24T06:00:01,355120,Lastarria,VIIRS750,0,0.00,1,sin anomalia,2026-10-05T14:24:05,mendoza
2026-01-24T07:00:00,355120,Lastarria,MODIS,0,0.00,1,sin anomalia,2026-10-05T14:24:05,mendoza
2026-01-24T13:35:00,355120,Lastarria,MODIS,0,0.00,1,sin anomalia,2026-10-05T14:24:05,mendoza
2026-01-24T18:06:00,355120,Lastarria,VIIRS750,0,0.00,1,sin anomalia,2026-10-05T14:24:05,mendoza
2026-01-24T18:24:01,355120,Lastarria,VIIRS375,0,0.00,1,sin anomalia,2026-10-05T14:24:05,mendoza
2026-01-24T18:24:01,355120,Lastarria,VIIRS750,0,0.00,1,sin anomalia,2026-10-05T14:24:05,mendoza
2026-01-24T20:40:00,355120,Lastarria,MODIS,0,0.00,1,sin anomalia,2026-10-05T14:24:05,mendoza
2026-01-25T01:40:00,355120,Lastarria,MODIS,0,0.00,1,sin anomalia,2026-10-05T14:24:05,mendoza
2026-01-25T05:42:01,355120,Lastarria,VIIRS375,0.14,2.40,1,muy baja,2026-10-05T14:24:05,mendoza
2026-01-25T05:42:01,355120,Lastarria,VIIRS750,0,0.00,1,sin anomalia,2026-10-05T14:24:05,mendoza
2026-01-25T07:35:00,355120,Lastarria,MODIS,0,0.00,1,sin anomalia,2026-10-05T14:24:05,mendoza
2026-01-25T12:35:00,355120,Lastarria,MODIS,0,0.00,1,sin anomalia,2026-10-05T14:24:05,mendoza
2026-01-25T17:48:00,355120,Lastarria,VIIRS375,0,0.00,1,sin anomalia,2026-10-05T14:24:05,mendoza
2026-01-25T17:48:00,355120,Lastarria,VIIRS750,0,0.00,1,sin anomalia,2026-10-05T14:24:05,mendoza
2026-01-25T18:06:01,355120,Lastarria,VIIRS375,0,0.00,1,sin anomalia,2026-10-05T14:24:05,mendoza
2026-01-25T18:06:01,355120,Lastarria,VIIRS750,0,0.00,1,sin anomalia,2026-10-05T14:24:05,mendoza
2026-01-25T19:40:00,355120,Lastarria,MODIS,0,0.00,1,sin anomalia,2026-10-05T14:24:05,mendoza
2026-01-26T02:20:00,355120,Lastarria,MODIS,0,0.00,1,sin anomalia,2026-10-05T14:24:05,mendoza
2026-01-26T05:24:01,355120,Lastarria,VIIRS375,0,0.00,1,sin anomalia,2026-10-05T14:24:05,mendoza
2026-01-26T05:24:01,355120,Lastarria,VIIRS750,0,0.00,1,sin anomalia,2026-10-05T14:24:05,mendoza
2026-01-26T06:42:00,355120,Lastarria,VIIRS375,0,0.00,1,sin anomalia,2026-10-05T14:24:05,mendoza
2026-01-26T06:42:00,355120,Lastarria,VIIRS750,0,0.00,1,sin anomalia,2026-10-05T14:24:05,mendoza
2026-01-26T13:15:00,355120,Lastarria,MODIS,0,0.00,1,sin anomalia,2026-10-05T14:24:05,mendoza
2026-01-26T17:30:00,355120,Lastarria,VIIRS375,0,0.00,1,sin anomalia,2026-10-05T14:24:05,mendoza
2026-01-26T17:30:00,355120,Lastarria,VIIRS750,0,0.00,1,sin anomalia,2026-10-05T14:24:05,mendoza
2026-01-26T17:48:01,355120,Lastarria,VIIRS375,0,0.00,1,sin anomalia,2026-10-05T14:24:05,mendoza
2026-01-26T17:48:01,355120,Lastarria,VIIRS750,0,0.00,1,sin anomalia,2026-10-05T14:24:05,mendoza
2026-01-26T19:06:00,355120,Lastarria,VIIRS375,0,0.00,1,sin anomalia,2026-10-05T14:24:05,mendoza
2026-01-26T19:06:00,355120,Lastarria,VIIRS750,0,0.00,1,sin anomalia,2026-10-05T14:24:05,mendoza
2026-01-26T20:20:00,355120,Lastarria,MODIS,0,0.00,1,sin anomalia,2026-10-05T14:24:05,mendoza
2026-01-27T01:20:00,355120,Lastarria,MODIS,0,0.00,1,sin anomalia,2026-10-05T14:24:05,mendoza
2026-01-27T05:00:01,355120,Lastarria,VIIRS375,0,0.00,1,sin anomalia,2026-10-05T14:24:05,mendoza
2026-01-27T05:00:01,355120,Lastarria,VIIRS750,0,0.00,1,sin anomalia,2026-10-05T14:24:05,mendoza
2026-01-27T07:15:00,355120,Lastarria,MODIS,0,0.00,1,sin anomalia,2026-10-05T14:24:05,mendoza
2026-01-27T13:55:00,355120,Lastarria,MODIS,0,0.00,1,sin anomalia,2026-10-05T14:24:05,mendoza
2026-01-27T17:30:01,355120,Lastarria,VIIRS375,0,0.00,1,sin anomalia,2026-10-05T14:24:05,mendoza
2026-01-27T17:30:01,355120,Lastarria,VIIRS750,0,0.00,1,sin anomalia,2026-10-05T14:24:05,mendoza
2026-01-27T18:48:00,355120,Lastarria,VIIRS375,0,0.00,1,sin anomalia,2026-10-05T14:24:05,mendoza
2026-01-27T18:48:00,355120,Lastarria,VIIRS750,0,0.00,1,sin anomalia,2026-10-05T14:24:05,mendoza
2026-01-27T19:12:01,355120,Lastarria,VIIRS375,0,0.00,1,sin anomalia,2026-10-05T14:24:05,mendoza
2026-01-27T19:12:01,355120,Lastarria,VIIRS750,0,0.00,1,sin anomalia,2026-10-05T14:24:05,mendoza
2026-01-27T19:20:00,355120,Lastarria,MODIS,0,0.00,1,sin anomalia,2026-10-05T14:24:05,mendoza
2026-01-28T02:00:00,355120,Lastarria,MODIS,0,0.00,1,sin anomalia,2026-10-05T14:24:05,mendoza
2026-01-28T04:42:01,355120,Lastarria,VIIRS375,0,0.00,1,sin anomalia,2026-10-05T14:24:05,mendoza
2026-01-28T04:42:01,355120,Lastarria,VIIRS750,0,0.00,1,sin anomalia,2026-10-05T14:24:05,mendoza
2026-01-28T06:24:01,355120,Lastarria,VIIRS375,0.13,1.55,1,muy baja,2026-10-05T14:24:05,mendoza
2026-01-28T06:24:01,355120,Lastarria,VIIRS750,0,0.00,1,sin anomalia,2026-10-05T14:24:05,mendoza
2026-01-28T07:55:00,355120,Lastarria,MODIS,0,0.00,1,sin anomalia,2026-10-05T14:24:05,mendoza
2026-01-28T12:55:00,355120,Lastarria,MODIS,0,0.00,1,sin anomalia,2026-10-05T14:24:05,mendoza
2026-01-28T18:30:00,355120,Lastarria,VIIRS375,0,0.00,1,sin anomalia,2026-10-05T14:24:05,mendoza
2026-01-28T18:30:00,355120,Lastarria,VIIRS750,0,0.00,1,sin anomalia,2026-10-05T14:24:05,mendoza
2026-01-28T18:48:01,355120,Lastarria,VIIRS375,0,0.00,1,sin anomalia,2026-10-05T14:24:05,mendoza
2026-01-28T18:48:01,355120,Lastarria,VIIRS750,0,0.00,1,sin anomalia,2026-10-05T14:24:05,mendoza
2026-01-28T20:00:00,355120,Lastarria,MODIS,0,0.00,1,sin anomalia,2026-10-05T14:24:05,mendoza
2026-01-29T06:06:01,355120,Lastarria,VIIRS375,0,0.00,1,sin anomalia,2026-10-05T14:24:05,mendoza
2026-01-29T06:06:01,355120,Lastarria,VIIRS750,0,0.00,1,sin anomalia,2026-10-05T14:24:05,mendoza
2026-01-29T06:55:00,355120,Lastarria,MODIS,0,0.00,1,sin anomalia,2026-10-05T14:24:05,mendoza
2026-01-29T13:35:00,355120,Lastarria,MODIS,0,0.00,1,sin anomalia,2026-10-05T14:24:05,mendoza
2026-01-29T18:30:01,355120,Lastarria,VIIRS375,0,0.00,1,sin anomalia,2026-10-05T14:24:05,mendoza
2026-01-29T18:30:01,355120,Lastarria,VIIRS750,0,0.00,1,sin anomalia,2026-10-05T14:24:05,mendoza
2026-01-29T20:35:00,355120,Lastarria,MODIS,0,0.00,1,sin anomalia,2026-10-05T14:24:05,mendoza
2026-01-30T01:40:00,355120,Lastarria,MODIS,0,0.00,1,sin anomalia,2026-10-05T14:24:05,mendoza
2026-01-30T05:48:01,355120,Lastarria,VIIRS375,0,0.00,1,sin anomalia,2026-10-05T14:24:05,mendoza
2026-01-30T05:48:01,355120,Lastarria,VIIRS750,0,0.00,1,sin anomalia,2026-10-05T14:24:05,mendoza
2026-01-30T07:30:00,355120,Lastarria,MODIS,0,0.00,1,sin anomalia,2026-10-05T14:24:05,mendoza
2026-01-30T12:35:00,355120,Lastarria,MODIS,0,0.00,1,sin anomalia,2026-10-05T14:24:05,mendoza
2026-01-30T17:54:00,355120,Lastarria,VIIRS375,0,0.00,1,sin anomalia,2026-10-05T14:24:05,mendoza
2026-01-30T17:54:00,355120,Lastarria,VIIRS750,0,0.00,1,sin anomalia,2026-10-05T14:24:05,mendoza
2026-01-30T18:12:01,355120,Lastarria,VIIRS375,0,0.00,1,sin anomalia,2026-10-05T14:24:05,mendoza
2026-01-30T18:12:01,355120,Lastarria,VIIRS750,0,0.00,1,sin anomalia,2026-10-05T14:24:05,mendoza
2026-01-30T19:35:00,355120,Lastarria,MODIS,0,0.00,1,sin anomalia,2026-10-05T14:24:05,mendoza
2026-01-31T02:20:00,355120,Lastarria,MODIS,0,0.00,1,sin anomalia,2026-10-05T14:24:05,mendoza
2026-01-31T05:30:01,355120,Lastarria,VIIRS375,0.06,2.70,1,muy baja,2026-10-05T14:24:05,mendoza
2026-01-31T05:30:01,355120,Lastarria,VIIRS750,0,0.00,1,sin anomalia,2026-10-05T14:24:05,mendoza
2026-01-31T06:48:00,355120,Lastarria,VIIRS375,0,0.00,1,sin anomalia,2026-10-05T14:24:05,mendoza
2026-01-31T06:48:00,355120,Lastarria,VIIRS750,0,0.00,1,sin anomalia,2026-10-05T14:24:05,mendoza
2026-01-31T08:10:00,355120,Lastarria,MODIS,0,0.00,1,sin anomalia,2026-10-05T14:24:05,mendoza
2026-01-31T13:15:00,355120,Lastarria,MODIS,0,0.00,1,sin anomalia,2026-10-05T14:24:05,mendoza
2026-01-31T17:36:00,355120,Lastarria,VIIRS375,0,0.00,1,sin anomalia,2026-10-05T14:24:05,mendoza
2026-01-31T17:36:00,355120,Lastarria,VIIRS750,0,0.00,1,sin anomalia,2026-10-05T14:24:05,mendoza
2026-01-31T17:54:01,355120,Lastarria,VIIRS375,0,0.00,1,sin anomalia,2026-10-05T14:24:05,mendoza
2026-01-31T17:54:01,355120,Lastarria,VIIRS750,0,0.00,1,sin anomalia,2026-10-05T14:24:05,mendoza
2026-01-31T19:12:00,355120,Lastarria,VIIRS375,0,0.00,1,sin anomalia,2026-10-05T14:24:05,mendoza
2026-01-31T19:12:00,355120,Lastarria,VIIRS750,0,0.00,1,sin anomalia,2026-10-05T14:24:05,mendoza
2026-01-31T20:15:00,355120,Lastarria,MODIS,0,0.00,1,sin anomalia,2026-10-05T14:24:05,mendoza
2026-02-01T01:20:00,355120,Lastarria,MODIS,0,0.00,1,sin anomalia,2026-10-05T14:24:05,mendoza
2026-02-01T05:06:01,355120,Lastarria,VIIRS375,0,0.00,1,sin anomalia,2026-10-05T14:24:05,mendoza
2026-02-01T05:06:01,355120,Lastarria,VIIRS750,0,0.00,1,sin anomalia,2026-10-05T14:24:05,mendoza
2026-02-01T06:30:00,355120,Lastarria,VIIRS375,0.09,1.55,1,muy baja,2026-10-05T14:24:05,mendoza
2026-02-01T06:30:00,355120,Lastarria,VIIRS750,0,0.00,1,sin anomalia,2026-10-05T14:24:05,mendoza
2026-02-01T07:10:00,355120,Lastarria,MODIS,0,0.00,1,sin anomalia,2026-10-05T14:24:05,mendoza
2026-02-01T13:55:00,355120,Lastarria,MODIS,0,0.00,1,sin anomalia,2026-10-05T14:24:05,mendoza
2026-02-01T17:36:01,355120,Lastarria,VIIRS375,0,0.00,1,sin anomalia,2026-10-05T14:24:05,mendoza
2026-02-01T17:36:01,355120,Lastarria,VIIRS750,0,0.00,1,sin anomalia,2026-10-05T14:24:05,mendoza
2026-02-01T18:54:00,355120,Lastarria,VIIRS375,0,0.00,1,sin anomalia,2026-10-05T14:24:05,mendoza
2026-02-01T18:54:00,355120,Lastarria,VIIRS750,0,0.00,1,sin anomalia,2026-10-05T14:24:05,mendoza
2026-02-01T19:15:00,355120,Lastarria,MODIS,0,0.00,1,sin anomalia,2026-10-05T14:24:05,mendoza
2026-02-01T19:18:01,355120,Lastarria,VIIRS375,0,0.00,1,sin anomalia,2026-10-05T14:24:05,mendoza
2026-02-01T19:18:01,355120,Lastarria,VIIRS750,0,0.00,1,sin anomalia,2026-10-05T14:24:05,mendoza
2026-02-02T02:00:00,355120,Lastarria,MODIS,0,0.00,1,sin anomalia,2026-10-05T14:24:05,mendoza
2026-02-02T04:48:01,355120,Lastarria,VIIRS375,0,0.00,1,sin anomalia,2026-10-05T14:24:05,mendoza
2026-02-02T04:48:01,355120,Lastarria,VIIRS750,0,0.00,1,sin anomalia,2026-10-05T14:24:05,mendoza
2026-02-02T06:12:00,355120,Lastarria,VIIRS375,0.05,1.19,1,muy baja,2026-10-05T14:24:05,mendoza
2026-02-02T06:12:00,355120,Lastarria,VIIRS750,0,0.00,1,sin anomalia,2026-10-05T14:24:05,mendoza
2026-02-02T06:30:01,355120,Lastarria,VIIRS375,0.1,1.55,1,muy baja,2026-10-05T14:24:05,mendoza
2026-02-02T06:30:01,355120,Lastarria,VIIRS750,0,0.00,1,sin anomalia,2026-10-05T14:24:05,mendoza
2026-02-02T07:50:00,355120,Lastarria,MODIS,0,0.00,1,sin anomalia,2026-10-05T14:24:05,mendoza
2026-02-02T12:55:00,355120,Lastarria,MODIS,0,0.00,1,sin anomalia,2026-10-05T14:24:05,mendoza
2026-02-02T19:00:01,355120,Lastarria,VIIRS375,0,0.00,1,sin anomalia,2026-10-05T14:24:05,mendoza
2026-02-02T19:00:01,355120,Lastarria,VIIRS750,0,0.00,1,sin anomalia,2026-10-05T14:24:05,mendoza
2026-02-02T19:55:00,355120,Lastarria,MODIS,0,0.00,1,sin anomalia,2026-10-05T14:24:05,mendoza
2026-02-03T05:48:00,355120,Lastarria,VIIRS750,0,0.00,1,sin anomalia,2026-10-05T14:24:05,mendoza
2026-02-03T06:12:01,355120,Lastarria,VIIRS375,0.04,1.19,1,muy baja,2026-10-05T14:24:05,mendoza
2026-02-03T06:12:01,355120,Lastarria,VIIRS750,0,0.00,1,sin anomalia,2026-10-05T14:24:05,mendoza
2026-02-03T06:50:00,355120,Lastarria,MODIS,0,0.00,1,sin anomalia,2026-10-05T14:24:05,mendoza
2026-02-03T13:35:00,355120,Lastarria,MODIS,0,0.00,1,sin anomalia,2026-10-05T14:24:05,mendoza
2026-02-03T18:18:00,355120,Lastarria,VIIRS375,0,0.00,1,sin anomalia,2026-10-05T14:24:05,mendoza
2026-02-03T18:18:00,355120,Lastarria,VIIRS750,0,0.00,1,sin anomalia,2026-10-05T14:24:05,mendoza
2026-02-03T18:36:01,355120,Lastarria,VIIRS375,0,0.00,1,sin anomalia,2026-10-05T14:24:05,mendoza
2026-02-03T18:36:01,355120,Lastarria,VIIRS750,0,0.00,1,sin anomalia,2026-10-05T14:24:05,mendoza
2026-02-03T20:30:00,355120,Lastarria,MODIS,0,0.00,1,sin anomalia,2026-10-05T14:24:05,mendoza
2026-02-04T05:54:01,355120,Lastarria,VIIRS375,0.07,1.35,1,muy baja,2026-10-05T14:24:05,mendoza
2026-02-04T05:54:01,355120,Lastarria,VIIRS750,0,0.00,1,sin anomalia,2026-10-05T14:24:05,mendoza
2026-02-04T07:25:00,355120,Lastarria,MODIS,0,0.00,1,sin anomalia,2026-10-05T14:24:05,mendoza
2026-02-04T12:35:00,355120,Lastarria,MODIS,0,0.00,1,sin anomalia,2026-10-05T14:24:05,mendoza
2026-02-04T18:00:00,355120,Lastarria,VIIRS375,-0.1,32.17,0,sin anomalia,2026-10-05T14:24:05,mendoza
2026-02-04T18:00:00,355120,Lastarria,VIIRS750,0,0.00,1,sin anomalia,2026-10-05T14:24:05,mendoza
2026-02-04T18:18:01,355120,Lastarria,VIIRS375,3.21,10.67,0,fuera de radio,2026-10-05T14:24:05,mendoza
2026-02-04T18:18:01,355120,Lastarria,VIIRS750,0,0.00,1,sin anomalia,2026-10-05T14:24:05,mendoza
2026-02-04T19:30:00,355120,Lastarria,MODIS,0,0.00,1,sin anomalia,2026-10-05T14:24:05,mendoza
2026-02-05T02:20:00,355120,Lastarria,MODIS,0,0.00,1,sin anomalia,2026-10-05T14:24:05,mendoza
2026-02-05T05:36:01,355120,Lastarria,VIIRS375,0.16,2.40,1,muy baja,2026-10-05T14:24:05,mendoza
2026-02-05T05:36:01,355120,Lastarria,VIIRS750,0,0.00,1,sin anomalia,2026-10-05T14:24:05,mendoza
2026-02-05T08:05:00,355120,Lastarria,MODIS,0,0.00,1,sin anomalia,2026-10-05T14:24:05,mendoza
2026-02-05T13:15:00,355120,Lastarria,MODIS,0,0.00,1,sin anomalia,2026-10-05T14:24:05,mendoza
2026-02-05T17:42:00,355120,Lastarria,VIIRS375,0.41,27.67,0,fuera de radio,2026-10-05T14:24:05,mendoza
2026-02-05T18:00:01,355120,Lastarria,VIIRS375,2.03,10.67,0,fuera de radio,2026-10-05T14:24:05,mendoza
2026-02-05T18:00:01,355120,Lastarria,VIIRS750,0,0.00,1,sin anomalia,2026-10-05T14:24:05,mendoza
2026-02-05T19:18:00,355120,Lastarria,VIIRS375,0,0.00,1,sin anomalia,2026-10-05T14:24:05,mendoza
2026-02-05T19:18:00,355120,Lastarria,VIIRS750,0,0.00,1,sin anomalia,2026-10-05T14:24:05,mendoza
2026-02-05T20:10:00,355120,Lastarria,MODIS,0,0.00,1,sin anomalia,2026-10-05T14:24:05,mendoza
2026-02-06T01:20:00,355120,Lastarria,MODIS,0,0.00,1,sin anomalia,2026-10-05T14:24:05,mendoza
2026-02-06T05:18:01,355120,Lastarria,VIIRS375,0,0.00,1,sin anomalia,2026-10-05T14:24:05,mendoza
2026-02-06T05:18:01,355120,Lastarria,VIIRS750,0,0.00,1,sin anomalia,2026-10-05T14:24:05,mendoza
2026-02-06T06:36:00,355120,Lastarria,VIIRS375,0.23,11.96,0,fuera de radio,2026-10-05T14:24:05,mendoza
2026-02-06T06:36:00,355120,Lastarria,VIIRS750,0,0.00,1,sin anomalia,2026-10-05T14:24:05,mendoza
2026-02-06T07:05:00,355120,Lastarria,MODIS,0,0.00,1,sin anomalia,2026-10-05T14:24:05,mendoza
2026-02-06T17:24:00,355120,Lastarria,VIIRS375,0,0.00,1,sin anomalia,2026-10-05T14:24:05,mendoza
2026-02-06T17:24:00,355120,Lastarria,VIIRS750,0,0.00,1,sin anomalia,2026-10-05T14:24:05,mendoza
2026-02-06T17:42:01,355120,Lastarria,VIIRS375,0,0.00,1,sin anomalia,2026-10-05T14:24:05,mendoza
2026-02-06T17:42:01,355120,Lastarria,VIIRS750,0,0.00,1,sin anomalia,2026-10-05T14:24:05,mendoza
2026-02-06T19:00:00,355120,Lastarria,VIIRS375,0,0.00,1,sin anomalia,2026-10-05T14:24:05,mendoza
2026-02-06T19:00:00,355120,Lastarria,VIIRS750,0,0.00,1,sin anomalia,2026-10-05T14:24:05,mendoza
2026-02-07T02:00:00,355120,Lastarria,MODIS,0,0.00,1,sin anomalia,2026-10-05T14:24:05,mendoza
2026-02-07T04:54:01,355120,Lastarria,VIIRS375,0,0.00,1,sin anomalia,2026-10-05T14:24:05,mendoza
2026-02-07T04:54:01,355120,Lastarria,VIIRS750,0,0.00,1,sin anomalia,2026-10-05T14:24:05,mendoza
2026-02-07T06:18:00,355120,Lastarria,VIIRS750,0,0.00,1,sin anomalia,2026-10-05T14:24:05,mendoza
2026-02-07T06:36:01,355120,Lastarria,VIIRS375,0,0.00,1,sin anomalia,2026-10-05T14:24:05,mendoza
2026-02-07T06:36:01,355120,Lastarria,VIIRS750,0,0.00,1,sin anomalia,2026-10-05T14:24:05,mendoza
2026-02-07T07:45:00,355120,Lastarria,MODIS,0,0.00,1,sin anomalia,2026-10-05T14:24:05,mendoza
2026-02-07T12:55:00,355120,Lastarria,MODIS,0,0.00,1,sin anomalia,2026-10-05T14:24:05,mendoza
2026-02-07T17:24:01,355120,Lastarria,VIIRS375,0.06,24.85,0,fuera de radio,2026-10-05T14:24:05,mendoza
2026-02-07T17:24:01,355120,Lastarria,VIIRS750,0,0.00,1,sin anomalia,2026-10-05T14:24:05,mendoza
2026-02-07T18:42:00,355120,Lastarria,VIIRS375,0,0.00,1,sin anomalia,2026-10-05T14:24:05,mendoza
2026-02-07T18:42:00,355120,Lastarria,VIIRS750,0,0.00,1,sin anomalia,2026-10-05T14:24:05,mendoza
2026-02-07T19:06:01,355120,Lastarria,VIIRS375,0,0.00,1,sin anomalia,2026-10-05T14:24:05,mendoza
2026-02-07T19:06:01,355120,Lastarria,VIIRS750,0,0.00,1,sin anomalia,2026-10-05T14:24:05,mendoza
2026-02-07T19:50:00,355120,Lastarria,MODIS,0,0.00,1,sin anomalia,2026-10-05T14:24:05,mendoza
2026-02-08T04:36:01,355120,Lastarria,VIIRS375,0,0.00,1,sin anomalia,2026-10-05T14:24:05,mendoza
2026-02-08T04:36:01,355120,Lastarria,VIIRS750,0,0.00,1,sin anomalia,2026-10-05T14:24:05,mendoza
2026-02-08T06:18:01,355120,Lastarria,VIIRS375,0,0.00,1,sin anomalia,2026-10-05T14:24:05,mendoza
2026-02-08T06:18:01,355120,Lastarria,VIIRS750,0,0.00,1,sin anomalia,2026-10-05T14:24:05,mendoza
2026-02-08T06:45:00,355120,Lastarria,MODIS,0,0.00,1,sin anomalia,2026-10-05T14:24:05,mendoza
2026-02-08T13:35:00,355120,Lastarria,MODIS,0,0.00,1,sin anomalia,2026-10-05T14:24:05,mendoza
2026-02-08T18:24:00,355120,Lastarria,VIIRS375,0,0.00,1,sin anomalia,2026-10-05T14:24:05,mendoza
2026-02-08T18:24:00,355120,Lastarria,VIIRS750,0,0.00,1,sin anomalia,2026-10-05T14:24:05,mendoza
2026-02-08T18:42:01,355120,Lastarria,VIIRS375,0,0.00,1,sin anomalia,2026-10-05T14:24:05,mendoza
2026-02-08T18:42:01,355120,Lastarria,VIIRS750,0,0.00,1,sin anomalia,2026-10-05T14:24:05,mendoza
2026-02-08T20:25:00,355120,Lastarria,MODIS,0,0.00,1,sin anomalia,2026-10-05T14:24:05,mendoza
2026-02-09T06:00:01,355120,Lastarria,VIIRS375,0.06,2.19,1,muy baja,2026-10-05T14:24:05,mendoza
2026-02-09T06:00:01,355120,Lastarria,VIIRS750,0,0.00,1,sin anomalia,2026-10-05T14:24:05,mendoza
2026-02-09T07:20:00,355120,Lastarria,MODIS,0,0.00,1,sin anomalia,2026-10-05T14:24:05,mendoza
2026-02-09T12:35:00,355120,Lastarria,MODIS,0,0.00,1,sin anomalia,2026-10-05T14:24:05,mendoza
2026-02-09T18:06:00,355120,Lastarria,VIIRS375,0,0.00,1,sin anomalia,2026-10-05T14:24:05,mendoza
2026-02-09T18:24:01,355120,Lastarria,VIIRS375,0.15,15.67,0,fuera de radio,2026-10-05T14:24:05,mendoza
2026-02-09T18:24:01,355120,Lastarria,VIIRS750,0,0.00,1,sin anomalia,2026-10-05T14:24:05,mendoza
2026-02-09T19:25:00,355120,Lastarria,MODIS,0,0.00,1,sin anomalia,2026-10-05T14:24:05,mendoza
2026-02-10T02:20:00,355120,Lastarria,MODIS,0,0.00,1,sin anomalia,2026-10-05T14:24:05,mendoza
2026-02-10T05:42:01,355120,Lastarria,VIIRS375,0.12,2.40,1,muy baja,2026-10-05T14:24:05,mendoza
2026-02-10T05:42:01,355120,Lastarria,VIIRS750,0,0.00,1,sin anomalia,2026-10-05T14:24:05,mendoza
2026-02-10T08:00:00,355120,Lastarria,MODIS,0,0.00,1,sin anomalia,2026-10-05T14:24:05,mendoza
2026-02-10T13:15:00,355120,Lastarria,MODIS,0,0.00,1,sin anomalia,2026-10-05T14:24:05,mendoza
2026-02-10T18:06:01,355120,Lastarria,VIIRS375,0.86,10.30,0,fuera de radio,2026-10-05T14:24:05,mendoza
2026-02-10T18:06:01,355120,Lastarria,VIIRS750,0,0.00,1,sin anomalia,2026-10-05T14:24:05,mendoza
2026-02-10T20:05:00,355120,Lastarria,MODIS,0,0.00,1,sin anomalia,2026-10-05T14:24:05,mendoza
2026-02-11T01:20:00,355120,Lastarria,MODIS,0,0.00,1,sin anomalia,2026-10-05T14:24:05,mendoza
2026-02-11T05:24:01,355120,Lastarria,VIIRS375,0,0.00,1,sin anomalia,2026-10-05T14:24:05,mendoza
2026-02-11T05:24:01,355120,Lastarria,VIIRS750,0,0.00,1,sin anomalia,2026-10-05T14:24:05,mendoza
2026-02-11T06:42:00,355120,Lastarria,VIIRS375,0,0.00,1,sin anomalia,2026-10-05T14:24:05,mendoza
2026-02-11T06:42:00,355120,Lastarria,VIIRS750,0,0.00,1,sin anomalia,2026-10-05T14:24:05,mendoza
2026-02-11T07:00:00,355120,Lastarria,MODIS,0,0.00,1,sin anomalia,2026-10-05T14:24:05,mendoza
2026-02-11T13:55:00,355120,Lastarria,MODIS,0,0.00,1,sin anomalia,2026-10-05T14:24:05,mendoza
2026-02-11T17:30:00,355120,Lastarria,VIIRS375,0,0.00,1,sin anomalia,2026-10-05T14:24:05,mendoza
2026-02-11T17:30:00,355120,Lastarria,VIIRS750,0,0.00,1,sin anomalia,2026-10-05T14:24:05,mendoza
2026-02-11T17:48:01,355120,Lastarria,VIIRS375,0,0.00,1,sin anomalia,2026-10-05T14:24:05,mendoza
2026-02-11T17:48:01,355120,Lastarria,VIIRS750,0,0.00,1,sin anomalia,2026-10-05T14:24:05,mendoza
2026-02-11T19:06:00,355120,Lastarria,VIIRS375,0,0.00,1,sin anomalia,2026-10-05T14:24:05,mendoza
2026-02-11T19:06:00,355120,Lastarria,VIIRS750,0,0.00,1,sin anomalia,2026-10-05T14:24:05,mendoza
2026-02-11T20:45:00,355120,Lastarria,MODIS,0,0.00,1,sin anomalia,2026-10-05T14:24:05,mendoza
2026-02-12T02:00:00,355120,Lastarria,MODIS,0,0.00,1,sin anomalia,2026-10-05T14:24:05,mendoza
2026-02-12T05:00:01,355120,Lastarria,VIIRS375,0,0.00,1,sin anomalia,2026-10-05T14:24:05,mendoza
2026-02-12T05:00:01,355120,Lastarria,VIIRS750,0,0.00,1,sin anomalia,2026-10-05T14:24:05,mendoza
2026-02-12T07:40:00,355120,Lastarria,MODIS,0,0.00,1,sin anomalia,2026-10-05T14:24:05,mendoza
2026-02-12T12:55:00,355120,Lastarria,MODIS,0,0.00,1,sin anomalia,2026-10-05T14:24:05,mendoza
2026-02-12T17:30:01,355120,Lastarria,VIIRS375,0,0.00,1,sin anomalia,2026-10-05T14:24:05,mendoza
2026-02-12T17:30:01,355120,Lastarria,VIIRS750,0,0.00,1,sin anomalia,2026-10-05T14:24:05,mendoza
2026-02-12T18:48:00,355120,Lastarria,VIIRS375,0,0.00,1,sin anomalia,2026-10-05T14:24:05,mendoza
2026-02-12T19:12:01,355120,Lastarria,VIIRS375,0,0.00,1,sin anomalia,2026-10-05T14:24:05,mendoza
2026-02-12T19:12:01,355120,Lastarria,VIIRS750,0,0.00,1,sin anomalia,2026-10-05T14:24:05,mendoza
2026-02-12T19:45:00,355120,Lastarria,MODIS,0,0.00,1,sin anomalia,2026-10-05T14:24:05,mendoza
2026-02-13T04:42:01,355120,Lastarria,VIIRS375,0,0.00,1,sin anomalia,2026-10-05T14:24:05,mendoza
2026-02-13T04:42:01,355120,Lastarria,VIIRS750,0,0.00,1,sin anomalia,2026-10-05T14:24:05,mendoza
2026-02-13T06:24:01,355120,Lastarria,VIIRS375,0.1,1.55,1,muy baja,2026-10-05T14:24:05,mendoza
2026-02-13T06:24:01,355120,Lastarria,VIIRS750,0,0.00,1,sin anomalia,2026-10-05T14:24:05,mendoza
2026-02-13T13:35:00,355120,Lastarria,MODIS,0,0.00,1,sin anomalia,2026-10-05T14:24:05,mendoza
2026-02-13T18:30:00,355120,Lastarria,VIIRS375,0.75,25.72,0,fuera de radio,2026-10-05T14:24:05,mendoza
2026-02-13T18:30:00,355120,Lastarria,VIIRS750,0,0.00,1,sin anomalia,2026-10-05T14:24:05,mendoza
2026-02-13T20:20:00,355120,Lastarria,MODIS,0,0.00,1,sin anomalia,2026-10-05T14:24:05,mendoza
2026-02-14T01:40:00,355120,Lastarria,MODIS,0,0.00,1,sin anomalia,2026-10-05T14:24:05,mendoza
2026-02-14T06:06:01,355120,Lastarria,VIIRS375,0.34,5.41,0,fuera de radio,2026-10-05T14:24:05,mendoza
2026-02-14T06:06:01,355120,Lastarria,VIIRS750,0,0.00,1,sin anomalia,2026-10-05T14:24:05,mendoza
2026-02-14T07:15:00,355120,Lastarria,MODIS,0,0.00,1,sin anomalia,2026-10-05T14:24:05,mendoza
2026-02-14T12:35:00,355120,Lastarria,MODIS,0,0.00,1,sin anomalia,2026-10-05T14:24:05,mendoza
2026-02-14T18:12:00,355120,Lastarria,VIIRS375,0.71,10.30,0,fuera de radio,2026-10-05T14:24:05,mendoza
2026-02-14T18:30:01,355120,Lastarria,VIIRS375,0,0.00,1,sin anomalia,2026-10-05T14:24:05,mendoza
2026-02-14T18:30:01,355120,Lastarria,VIIRS750,0,0.00,1,sin anomalia,2026-10-05T14:24:05,mendoza
2026-02-14T19:20:00,355120,Lastarria,MODIS,0,0.00,1,sin anomalia,2026-10-05T14:24:05,mendoza
2026-02-15T02:20:00,355120,Lastarria,MODIS,0,0.00,1,sin anomalia,2026-10-05T14:24:05,mendoza
2026-02-15T05:48:01,355120,Lastarria,VIIRS375,0.25,2.40,1,muy baja,2026-10-05T14:24:05,mendoza
2026-02-15T05:48:01,355120,Lastarria,VIIRS750,0,0.00,1,sin anomalia,2026-10-05T14:24:05,mendoza
2026-02-15T07:55:00,355120,Lastarria,MODIS,0,0.00,1,sin anomalia,2026-10-05T14:24:05,mendoza
2026-02-15T13:15:00,355120,Lastarria,MODIS,0,0.00,1,sin anomalia,2026-10-05T14:24:05,mendoza
2026-02-15T17:54:00,355120,Lastarria,VIIRS375,0,0.00,1,sin anomalia,2026-10-05T14:24:05,mendoza
2026-02-15T17:54:00,355120,Lastarria,VIIRS750,0,0.00,1,sin anomalia,2026-10-05T14:24:05,mendoza
2026-02-15T18:12:01,355120,Lastarria,VIIRS375,0.96,10.30,0,fuera de radio,2026-10-05T14:24:05,mendoza
2026-02-15T18:12:01,355120,Lastarria,VIIRS750,0,0.00,1,sin anomalia,2026-10-05T14:24:05,mendoza
2026-02-15T20:00:00,355120,Lastarria,MODIS,0,0.00,1,sin anomalia,2026-10-05T14:24:05,mendoza
2026-02-16T01:20:00,355120,Lastarria,MODIS,0,0.00,1,sin anomalia,2026-10-05T14:24:05,mendoza
2026-02-16T05:30:01,355120,Lastarria,VIIRS375,0.04,2.40,1,muy baja,2026-10-05T14:24:05,mendoza
2026-02-16T05:30:01,355120,Lastarria,VIIRS750,0,0.00,1,sin anomalia,2026-10-05T14:24:05,mendoza
2026-02-16T06:48:00,355120,Lastarria,VIIRS375,0,0.00,1,sin anomalia,2026-10-05T14:24:05,mendoza
2026-02-16T06:48:00,355120,Lastarria,VIIRS750,0,0.00,1,sin anomalia,2026-10-05T14:24:05,mendoza
2026-02-16T06:55:00,355120,Lastarria,MODIS,0,0.00,1,sin anomalia,2026-10-05T14:24:05,mendoza
2026-02-16T13:55:00,355120,Lastarria,MODIS,0,0.00,1,sin anomalia,2026-10-05T14:24:05,mendoza
2026-02-16T17:36:00,355120,Lastarria,VIIRS750,0,0.00,1,sin anomalia,2026-10-05T14:24:05,mendoza
2026-02-16T17:54:01,355120,Lastarria,VIIRS375,0,0.00,1,sin anomalia,2026-10-05T14:24:05,mendoza
2026-02-16T17:54:01,355120,Lastarria,VIIRS750,0,0.00,1,sin anomalia,2026-10-05T14:24:05,mendoza
2026-02-16T19:12:00,355120,Lastarria,VIIRS375,0.86,10.67,0,fuera de radio,2026-10-05T14:24:05,mendoza
2026-02-16T19:12:00,355120,Lastarria,VIIRS750,0,0.00,1,sin anomalia,2026-10-05T14:24:05,mendoza
2026-02-16T20:40:00,355120,Lastarria,MODIS,0,0.00,1,sin anomalia,2026-10-05T14:24:05,mendoza
2026-02-17T02:00:00,355120,Lastarria,MODIS,0,0.00,1,sin anomalia,2026-10-05T14:24:05,mendoza
2026-02-17T05:12:01,355120,Lastarria,VIIRS375,0,0.00,1,sin anomalia,2026-10-05T14:24:05,mendoza
2026-02-17T05:12:01,355120,Lastarria,VIIRS750,0,0.00,1,sin anomalia,2026-10-05T14:24:05,mendoza
2026-02-17T06:30:00,355120,Lastarria,VIIRS375,0,0.00,1,sin anomalia,2026-10-05T14:24:05,mendoza
2026-02-17T06:30:00,355120,Lastarria,VIIRS750,0,0.00,1,sin anomalia,2026-10-05T14:24:05,mendoza
2026-02-17T07:35:00,355120,Lastarria,MODIS,0,0.00,1,sin anomalia,2026-10-05T14:24:05,mendoza
2026-02-17T12:55:00,355120,Lastarria,MODIS,0,0.00,1,sin anomalia,2026-10-05T14:24:05,mendoza
2026-02-17T17:36:01,355120,Lastarria,VIIRS375,0,0.00,1,sin anomalia,2026-10-05T14:24:05,mendoza
2026-02-17T17:36:01,355120,Lastarria,VIIRS750,0,0.00,1,sin anomalia,2026-10-05T14:24:05,mendoza
2026-02-17T18:54:00,355120,Lastarria,VIIRS375,0,0.00,1,sin anomalia,2026-10-05T14:24:05,mendoza
2026-02-17T18:54:00,355120,Lastarria,VIIRS750,0,0.00,1,sin anomalia,2026-10-05T14:24:05,mendoza
2026-02-17T19:18:01,355120,Lastarria,VIIRS375,0,0.00,1,sin anomalia,2026-10-05T14:24:05,mendoza
2026-02-17T19:18:01,355120,Lastarria,VIIRS750,0,0.00,1,sin anomalia,2026-10-05T14:24:05,mendoza
2026-02-17T19:40:00,355120,Lastarria,MODIS,0,0.00,1,sin anomalia,2026-10-05T14:24:05,mendoza
2026-02-18T04:48:01,355120,Lastarria,VIIRS375,0,0.00,1,sin anomalia,2026-10-05T14:24:05,mendoza
2026-02-18T04:48:01,355120,Lastarria,VIIRS750,0,0.00,1,sin anomalia,2026-10-05T14:24:05,mendoza
2026-02-18T06:30:01,355120,Lastarria,VIIRS375,0,0.00,1,sin anomalia,2026-10-05T14:24:05,mendoza
2026-02-18T06:30:01,355120,Lastarria,VIIRS750,0,0.00,1,sin anomalia,2026-10-05T14:24:05,mendoza
2026-02-18T08:10:00,355120,Lastarria,MODIS,0,0.00,1,sin anomalia,2026-10-05T14:24:05,mendoza
2026-02-18T13:35:00,355120,Lastarria,MODIS,0,0.00,1,sin anomalia,2026-10-05T14:24:05,mendoza
2026-02-18T17:18:01,355120,Lastarria,VIIRS375,0,0.00,1,sin anomalia,2026-10-05T14:24:05,mendoza
2026-02-18T17:18:01,355120,Lastarria,VIIRS750,0,0.00,1,sin anomalia,2026-10-05T14:24:05,mendoza
2026-02-18T19:00:01,355120,Lastarria,VIIRS375,0,0.00,1,sin anomalia,2026-10-05T14:24:05,mendoza
2026-02-18T19:00:01,355120,Lastarria,VIIRS750,0,0.00,1,sin anomalia,2026-10-05T14:24:05,mendoza
2026-02-18T20:15:00,355120,Lastarria,MODIS,0,0.00,1,sin anomalia,2026-10-05T14:24:05,mendoza
2026-02-19T01:40:00,355120,Lastarria,MODIS,0,0.00,1,sin anomalia,2026-10-05T14:24:05,mendoza
2026-02-19T06:12:01,355120,Lastarria,VIIRS375,0,0.00,1,sin anomalia,2026-10-05T14:24:05,mendoza
2026-02-19T06:12:01,355120,Lastarria,VIIRS750,0,0.00,1,sin anomalia,2026-10-05T14:24:05,mendoza
2026-02-19T07:10:00,355120,Lastarria,MODIS,0,0.00,1,sin anomalia,2026-10-05T14:24:05,mendoza
2026-02-19T12:35:00,355120,Lastarria,MODIS,0,0.00,1,sin anomalia,2026-10-05T14:24:05,mendoza
2026-02-19T18:18:00,355120,Lastarria,VIIRS375,0,0.00,1,sin anomalia,2026-10-05T14:24:05,mendoza
2026-02-19T18:18:00,355120,Lastarria,VIIRS750,0,0.00,1,sin anomalia,2026-10-05T14:24:05,mendoza
2026-02-19T18:36:01,355120,Lastarria,VIIRS750,0,0.00,1,sin anomalia,2026-10-05T14:24:05,mendoza
2026-02-19T19:15:00,355120,Lastarria,MODIS,0,0.00,1,sin anomalia,2026-10-05T14:24:05,mendoza
2026-02-20T02:20:00,355120,Lastarria,MODIS,0,0.00,1,sin anomalia,2026-10-05T14:24:05,mendoza
2026-02-20T05:54:01,355120,Lastarria,VIIRS375,0.05,2.40,1,muy baja,2026-10-05T14:24:05,mendoza
2026-02-20T05:54:01,355120,Lastarria,VIIRS750,0,0.00,1,sin anomalia,2026-10-05T14:24:05,mendoza
2026-02-20T07:50:00,355120,Lastarria,MODIS,0,0.00,1,sin anomalia,2026-10-05T14:24:05,mendoza
2026-02-20T13:15:00,355120,Lastarria,MODIS,0,0.00,1,sin anomalia,2026-10-05T14:24:05,mendoza
2026-02-20T18:18:01,355120,Lastarria,VIIRS375,0,0.00,1,sin anomalia,2026-10-05T14:24:05,mendoza
2026-02-20T18:18:01,355120,Lastarria,VIIRS750,0,0.00,1,sin anomalia,2026-10-05T14:24:05,mendoza
2026-02-20T19:55:00,355120,Lastarria,MODIS,0,0.00,1,sin anomalia,2026-10-05T14:24:05,mendoza
2026-02-21T01:20:00,355120,Lastarria,MODIS,0,0.00,1,sin anomalia,2026-10-05T14:24:05,mendoza
2026-02-21T05:36:01,355120,Lastarria,VIIRS375,0.12,2.52,1,muy baja,2026-10-05T14:24:05,mendoza
2026-02-21T05:36:01,355120,Lastarria,VIIRS750,0,0.00,1,sin anomalia,2026-10-05T14:24:05,mendoza
2026-02-21T06:50:00,355120,Lastarria,MODIS,0,0.00,1,sin anomalia,2026-10-05T14:24:05,mendoza
2026-02-21T13:50:00,355120,Lastarria,MODIS,0,0.00,1,sin anomalia,2026-10-05T14:24:05,mendoza
2026-02-21T17:42:00,355120,Lastarria,VIIRS750,0,0.00,1,sin anomalia,2026-10-05T14:24:05,mendoza
2026-02-21T18:00:01,355120,Lastarria,VIIRS375,0,0.00,1,sin anomalia,2026-10-05T14:24:05,mendoza
2026-02-21T19:18:00,355120,Lastarria,VIIRS375,0,0.00,1,sin anomalia,2026-10-05T14:24:05,mendoza
2026-02-21T19:18:00,355120,Lastarria,VIIRS750,0,0.00,1,sin anomalia,2026-10-05T14:24:05,mendoza
2026-02-21T20:35:00,355120,Lastarria,MODIS,0,0.00,1,sin anomalia,2026-10-05T14:24:05,mendoza
2026-02-22T05:18:01,355120,Lastarria,VIIRS375,0.02,2.65,1,muy baja,2026-10-05T14:24:05,mendoza
2026-02-22T05:18:01,355120,Lastarria,VIIRS750,0,0.00,1,sin anomalia,2026-10-05T14:24:05,mendoza
2026-02-22T06:36:00,355120,Lastarria,VIIRS375,0.7,27.68,0,fuera de radio,2026-10-05T14:24:05,mendoza
2026-02-22T06:36:00,355120,Lastarria,VIIRS750,0,0.00,1,sin anomalia,2026-10-05T14:24:05,mendoza
2026-02-22T07:30:00,355120,Lastarria,MODIS,0,0.00,1,sin anomalia,2026-10-05T14:24:05,mendoza
2026-02-22T12:55:00,355120,Lastarria,MODIS,0,0.00,1,sin anomalia,2026-10-05T14:24:05,mendoza
2026-02-22T17:24:00,355120,Lastarria,VIIRS375,0,0.00,1,sin anomalia,2026-10-05T14:24:05,mendoza
2026-02-22T17:24:00,355120,Lastarria,VIIRS750,0,0.00,1,sin anomalia,2026-10-05T14:24:05,mendoza
2026-02-22T17:42:01,355120,Lastarria,VIIRS375,0.7,10.30,0,fuera de radio,2026-10-05T14:24:05,mendoza
2026-02-22T17:42:01,355120,Lastarria,VIIRS750,0,0.00,1,sin anomalia,2026-10-05T14:24:05,mendoza
2026-02-22T19:00:00,355120,Lastarria,VIIRS375,0,0.00,1,sin anomalia,2026-10-05T14:24:05,mendoza
2026-02-22T19:00:00,355120,Lastarria,VIIRS750,0,0.00,1,sin anomalia,2026-10-05T14:24:05,mendoza
2026-02-23T04:54:01,355120,Lastarria,VIIRS375,0,0.00,1,sin anomalia,2026-10-05T14:24:05,mendoza
2026-02-23T04:54:01,355120,Lastarria,VIIRS750,0,0.00,1,sin anomalia,2026-10-05T14:24:05,mendoza
2026-02-23T06:36:01,355120,Lastarria,VIIRS375,0,0.00,1,sin anomalia,2026-10-05T14:24:05,mendoza
2026-02-23T06:36:01,355120,Lastarria,VIIRS750,0,0.00,1,sin anomalia,2026-10-05T14:24:05,mendoza
2026-02-23T08:05:00,355120,Lastarria,MODIS,0,0.00,1,sin anomalia,2026-10-05T14:24:05,mendoza
2026-02-23T13:30:00,355120,Lastarria,MODIS,0,0.00,1,sin anomalia,2026-10-05T14:24:05,mendoza
2026-02-23T19:06:01,355120,Lastarria,VIIRS375,0,0.00,1,sin anomalia,2026-10-05T14:24:05,mendoza
2026-02-23T19:06:01,355120,Lastarria,VIIRS750,0,0.00,1,sin anomalia,2026-10-05T14:24:05,mendoza
2026-02-23T20:10:00,355120,Lastarria,MODIS,0,0.00,1,sin anomalia,2026-10-05T14:24:05,mendoza
2026-02-24T01:40:00,355120,Lastarria,MODIS,0,0.00,1,sin anomalia,2026-10-05T14:24:05,mendoza
2026-02-24T04:36:01,355120,Lastarria,VIIRS375,0,0.00,1,sin anomalia,2026-10-05T14:24:05,mendoza
2026-02-24T04:36:01,355120,Lastarria,VIIRS750,0,0.00,1,sin anomalia,2026-10-05T14:24:05,mendoza
2026-02-24T06:18:01,355120,Lastarria,VIIRS375,0,0.00,1,sin anomalia,2026-10-05T14:24:05,mendoza
2026-02-24T06:18:01,355120,Lastarria,VIIRS750,0,0.00,1,sin anomalia,2026-10-05T14:24:05,mendoza
2026-02-24T07:05:00,355120,Lastarria,MODIS,0,0.00,1,sin anomalia,2026-10-05T14:24:05,mendoza
2026-02-24T12:35:00,355120,Lastarria,MODIS,0,0.00,1,sin anomalia,2026-10-05T14:24:05,mendoza
2026-02-24T18:24:00,355120,Lastarria,VIIRS750,0,0.00,1,sin anomalia,2026-10-05T14:24:05,mendoza
2026-02-24T18:42:01,355120,Lastarria,VIIRS375,0,0.00,1,sin anomalia,2026-10-05T14:24:05,mendoza
2026-02-24T18:42:01,355120,Lastarria,VIIRS750,0,0.00,1,sin anomalia,2026-10-05T14:24:05,mendoza
2026-02-25T02:15:00,355120,Lastarria,MODIS,0,0.00,1,sin anomalia,2026-10-05T14:24:05,mendoza
2026-02-25T06:00:01,355120,Lastarria,VIIRS375,0.06,2.40,1,muy baja,2026-10-05T14:24:05,mendoza
2026-02-25T06:00:01,355120,Lastarria,VIIRS750,0,0.00,1,sin anomalia,2026-10-05T14:24:05,mendoza
2026-02-25T07:45:00,355120,Lastarria,MODIS,0,0.00,1,sin anomalia,2026-10-05T14:24:05,mendoza
2026-02-25T13:10:00,355120,Lastarria,MODIS,0,0.00,1,sin anomalia,2026-10-05T14:24:05,mendoza
2026-02-25T18:06:00,355120,Lastarria,VIIRS375,0,0.00,1,sin anomalia,2026-10-05T14:24:05,mendoza
2026-02-25T18:06:00,355120,Lastarria,VIIRS750,0,0.00,1,sin anomalia,2026-10-05T14:24:05,mendoza
2026-02-25T18:24:01,355120,Lastarria,VIIRS375,0,0.00,1,sin anomalia,2026-10-05T14:24:05,mendoza
2026-02-25T18:24:01,355120,Lastarria,VIIRS750,0,0.00,1,sin anomalia,2026-10-05T14:24:05,mendoza
2026-02-25T19:50:00,355120,Lastarria,MODIS,0,0.00,1,sin anomalia,2026-10-05T14:24:05,mendoza
2026-02-26T01:20:00,355120,Lastarria,MODIS,0,0.00,1,sin anomalia,2026-10-05T14:24:05,mendoza
2026-02-26T05:42:01,355120,Lastarria,VIIRS375,0.17,2.40,1,muy baja,2026-10-05T14:24:05,mendoza
2026-02-26T05:42:01,355120,Lastarria,VIIRS750,0,0.00,1,sin anomalia,2026-10-05T14:24:05,mendoza
2026-02-26T06:45:00,355120,Lastarria,MODIS,0,0.00,1,sin anomalia,2026-10-05T14:24:05,mendoza
2026-02-26T13:50:00,355120,Lastarria,MODIS,0,0.00,1,sin anomalia,2026-10-05T14:24:05,mendoza
2026-02-26T17:48:00,355120,Lastarria,VIIRS375,0,0.00,1,sin anomalia,2026-10-05T14:24:05,mendoza
2026-02-26T17:48:00,355120,Lastarria,VIIRS750,0,0.00,1,sin anomalia,2026-10-05T14:24:05,mendoza
2026-02-26T18:06:01,355120,Lastarria,VIIRS375,0,0.00,1,sin anomalia,2026-10-05T14:24:05,mendoza
2026-02-26T18:06:01,355120,Lastarria,VIIRS750,0,0.00,1,sin anomalia,2026-10-05T14:24:05,mendoza
2026-02-26T20:25:00,355120,Lastarria,MODIS,0,0.00,1,sin anomalia,2026-10-05T14:24:05,mendoza
2026-02-27T01:55:00,355120,Lastarria,MODIS,0,0.00,1,sin anomalia,2026-10-05T14:24:05,mendoza
2026-02-27T05:24:01,355120,Lastarria,VIIRS375,0,0.00,1,sin anomalia,2026-10-05T14:24:05,mendoza
2026-02-27T05:24:01,355120,Lastarria,VIIRS750,0,0.00,1,sin anomalia,2026-10-05T14:24:05,mendoza
2026-02-27T06:42:00,355120,Lastarria,VIIRS375,0,0.00,1,sin anomalia,2026-10-05T14:24:05,mendoza
2026-02-27T06:42:00,355120,Lastarria,VIIRS750,0,0.00,1,sin anomalia,2026-10-05T14:24:05,mendoza
2026-02-27T07:20:00,355120,Lastarria,MODIS,0,0.00,1,sin anomalia,2026-10-05T14:24:05,mendoza
2026-02-27T12:55:00,355120,Lastarria,MODIS,0,0.00,1,sin anomalia,2026-10-05T14:24:05,mendoza
2026-02-27T17:30:00,355120,Lastarria,VIIRS375,0,0.00,1,sin anomalia,2026-10-05T14:24:05,mendoza
2026-02-27T17:30:00,355120,Lastarria,VIIRS750,0,0.00,1,sin anomalia,2026-10-05T14:24:05,mendoza
2026-02-27T17:48:01,355120,Lastarria,VIIRS375,0,0.00,1,sin anomalia,2026-10-05T14:24:05,mendoza
2026-02-27T17:48:01,355120,Lastarria,VIIRS750,0,0.00,1,sin anomalia,2026-10-05T14:24:05,mendoza
2026-02-27T19:06:00,355120,Lastarria,VIIRS375,0,0.00,1,sin anomalia,2026-10-05T14:24:05,mendoza
2026-02-27T19:06:00,355120,Lastarria,VIIRS750,0,0.00,1,sin anomalia,2026-10-05T14:24:05,mendoza
2026-02-27T19:30:00,355120,Lastarria,MODIS,0,0.00,1,sin anomalia,2026-10-05T14:24:05,mendoza
2026-02-28T04:42:00,355120,Lastarria,VIIRS375,0,0.00,1,sin anomalia,2026-10-05T14:24:05,mendoza
2026-02-28T04:42:00,355120,Lastarria,VIIRS750,0,0.00,1,sin anomalia,2026-10-05T14:24:05,mendoza
2026-02-28T06:24:00,355120,Lastarria,VIIRS375,0,0.00,1,sin anomalia,2026-10-05T14:24:05,mendoza
2026-02-28T06:24:00,355120,Lastarria,VIIRS750,0,0.00,1,sin anomalia,2026-10-05T14:24:05,mendoza
2026-02-28T08:00:00,355120,Lastarria,MODIS,0,0.00,1,sin anomalia,2026-10-05T14:24:05,mendoza
2026-02-28T13:30:00,355120,Lastarria,MODIS,0,0.00,1,sin anomalia,2026-10-05T14:24:05,mendoza
2026-02-28T17:30:01,355120,Lastarria,VIIRS375,0,0.00,1,sin anomalia,2026-10-05T14:24:05,mendoza
2026-02-28T17:30:01,355120,Lastarria,VIIRS750,0,0.00,1,sin anomalia,2026-10-05T14:24:05,mendoza
2026-02-28T18:48:00,355120,Lastarria,VIIRS375,0,0.00,1,sin anomalia,2026-10-05T14:24:05,mendoza
2026-02-28T18:48:00,355120,Lastarria,VIIRS750,0,0.00,1,sin anomalia,2026-10-05T14:24:05,mendoza
2026-02-28T19:12:01,355120,Lastarria,VIIRS375,1.58,24.80,0,fuera de radio,2026-10-05T14:24:05,mendoza
2026-02-28T19:12:01,355120,Lastarria,VIIRS750,0,0.00,1,sin anomalia,2026-10-05T14:24:05,mendoza
2026-02-28T20:05:00,355120,Lastarria,MODIS,0,0.00,1,sin anomalia,2026-10-05T14:24:05,mendoza
2026-03-01T01:40:00,355120,Lastarria,MODIS,0,0.00,1,sin anomalia,2026-10-05T14:24:05,mendoza
2026-03-01T04:42:01,355120,Lastarria,VIIRS375,0.85,16.02,0,fuera de radio,2026-10-05T14:24:05,mendoza
2026-03-01T04:42:01,355120,Lastarria,VIIRS750,0,0.00,1,sin anomalia,2026-10-05T14:24:05,mendoza
2026-03-01T06:24:01,355120,Lastarria,VIIRS375,0.17,2.40,1,muy baja,2026-10-05T14:24:05,mendoza
2026-03-01T06:24:01,355120,Lastarria,VIIRS750,0,0.00,1,sin anomalia,2026-10-05T14:24:05,mendoza
2026-03-01T07:00:00,355120,Lastarria,MODIS,0,0.00,1,sin anomalia,2026-10-05T14:24:05,mendoza
2026-03-01T12:35:00,355120,Lastarria,MODIS,0,0.00,1,sin anomalia,2026-10-05T14:24:05,mendoza
2026-03-01T18:54:01,355120,Lastarria,VIIRS375,0,0.00,1,sin anomalia,2026-10-05T14:24:05,mendoza
2026-03-01T18:54:01,355120,Lastarria,VIIRS750,0,0.00,1,sin anomalia,2026-10-05T14:24:05,mendoza
2026-03-01T20:45:00,355120,Lastarria,MODIS,0,0.00,1,sin anomalia,2026-10-05T14:24:05,mendoza
2026-03-02T02:15:00,355120,Lastarria,MODIS,0,0.00,1,sin anomalia,2026-10-05T14:24:05,mendoza
2026-03-02T06:06:01,355120,Lastarria,VIIRS375,0.08,2.70,1,muy baja,2026-10-05T14:24:05,mendoza
2026-03-02T06:06:01,355120,Lastarria,VIIRS750,0,0.00,1,sin anomalia,2026-10-05T14:24:05,mendoza
2026-03-02T07:40:00,355120,Lastarria,MODIS,0,0.00,1,sin anomalia,2026-10-05T14:24:05,mendoza
2026-03-02T13:10:00,355120,Lastarria,MODIS,0,0.00,1,sin anomalia,2026-10-05T14:24:05,mendoza
2026-03-02T18:30:01,355120,Lastarria,VIIRS375,0,0.00,1,sin anomalia,2026-10-05T14:24:05,mendoza
2026-03-02T18:30:01,355120,Lastarria,VIIRS750,0,0.00,1,sin anomalia,2026-10-05T14:24:05,mendoza
2026-03-03T01:20:00,355120,Lastarria,MODIS,0,0.00,1,sin anomalia,2026-10-05T14:24:05,mendoza
2026-03-03T05:48:01,355120,Lastarria,VIIRS375,0.1,2.40,1,muy baja,2026-10-05T14:24:05,mendoza
2026-03-03T05:48:01,355120,Lastarria,VIIRS750,0,0.00,1,sin anomalia,2026-10-05T14:24:05,mendoza
2026-03-03T13:50:00,355120,Lastarria,MODIS,0,0.00,1,sin anomalia,2026-10-05T14:24:05,mendoza
2026-03-03T18:12:01,355120,Lastarria,VIIRS375,0,0.00,1,sin anomalia,2026-10-05T14:24:05,mendoza
2026-03-03T18:12:01,355120,Lastarria,VIIRS750,0,0.00,1,sin anomalia,2026-10-05T14:24:05,mendoza
2026-03-03T20:20:00,355120,Lastarria,MODIS,0,0.00,1,sin anomalia,2026-10-05T14:24:05,mendoza
2026-03-04T01:55:00,355120,Lastarria,MODIS,0,0.00,1,sin anomalia,2026-10-05T14:24:05,mendoza
2026-03-04T05:30:01,355120,Lastarria,VIIRS375,0,0.00,1,sin anomalia,2026-10-05T14:24:05,mendoza
2026-03-04T05:30:01,355120,Lastarria,VIIRS750,0,0.00,1,sin anomalia,2026-10-05T14:24:05,mendoza
2026-03-04T06:48:00,355120,Lastarria,VIIRS375,0,0.00,1,sin anomalia,2026-10-05T14:24:05,mendoza
2026-03-04T06:48:00,355120,Lastarria,VIIRS750,0,0.00,1,sin anomalia,2026-10-05T14:24:05,mendoza
2026-03-04T07:15:00,355120,Lastarria,MODIS,0,0.00,1,sin anomalia,2026-10-05T14:24:05,mendoza
2026-03-04T12:50:00,355120,Lastarria,MODIS,0,0.00,1,sin anomalia,2026-10-05T14:24:05,mendoza
2026-03-04T17:36:00,355120,Lastarria,VIIRS375,0,0.00,1,sin anomalia,2026-10-05T14:24:05,mendoza
2026-03-04T17:36:00,355120,Lastarria,VIIRS750,0,0.00,1,sin anomalia,2026-10-05T14:24:05,mendoza
2026-03-04T17:54:01,355120,Lastarria,VIIRS375,0,0.00,1,sin anomalia,2026-10-05T14:24:05,mendoza
2026-03-04T17:54:01,355120,Lastarria,VIIRS750,0,0.00,1,sin anomalia,2026-10-05T14:24:05,mendoza
2026-03-04T19:12:00,355120,Lastarria,VIIRS375,0,0.00,1,sin anomalia,2026-10-05T14:24:05,mendoza
2026-03-04T19:12:00,355120,Lastarria,VIIRS750,0,0.00,1,sin anomalia,2026-10-05T14:24:05,mendoza
2026-03-04T19:20:00,355120,Lastarria,MODIS,0,0.00,1,sin anomalia,2026-10-05T14:24:05,mendoza
2026-03-05T05:12:01,355120,Lastarria,VIIRS375,0,0.00,1,sin anomalia,2026-10-05T14:24:05,mendoza
2026-03-05T05:12:01,355120,Lastarria,VIIRS750,0,0.00,1,sin anomalia,2026-10-05T14:24:05,mendoza
2026-03-05T06:30:00,355120,Lastarria,VIIRS375,0.05,2.40,1,muy baja,2026-10-05T14:24:05,mendoza
2026-03-05T06:30:00,355120,Lastarria,VIIRS750,0,0.00,1,sin anomalia,2026-10-05T14:24:05,mendoza
2026-03-05T07:55:00,355120,Lastarria,MODIS,0,0.00,1,sin anomalia,2026-10-05T14:24:05,mendoza
2026-03-05T13:30:00,355120,Lastarria,MODIS,0,0.00,1,sin anomalia,2026-10-05T14:24:05,mendoza
2026-03-05T17:36:01,355120,Lastarria,VIIRS375,0,0.00,1,sin anomalia,2026-10-05T14:24:05,mendoza
2026-03-05T17:36:01,355120,Lastarria,VIIRS750,0,0.00,1,sin anomalia,2026-10-05T14:24:05,mendoza
2026-03-05T18:54:00,355120,Lastarria,VIIRS375,0,0.00,1,sin anomalia,2026-10-05T14:24:05,mendoza
2026-03-05T18:54:00,355120,Lastarria,VIIRS750,0,0.00,1,sin anomalia,2026-10-05T14:24:05,mendoza
2026-03-05T19:18:01,355120,Lastarria,VIIRS375,0,0.00,1,sin anomalia,2026-10-05T14:24:05,mendoza
2026-03-05T19:18:01,355120,Lastarria,VIIRS750,0,0.00,1,sin anomalia,2026-10-05T14:24:05,mendoza
2026-03-05T20:00:00,355120,Lastarria,MODIS,0,0.00,1,sin anomalia,2026-10-05T14:24:05,mendoza
2026-03-06T01:35:00,355120,Lastarria,MODIS,0,0.00,1,sin anomalia,2026-10-05T14:24:05,mendoza
2026-03-06T04:48:01,355120,Lastarria,VIIRS375,0,0.00,1,sin anomalia,2026-10-05T14:24:05,mendoza
2026-03-06T04:48:01,355120,Lastarria,VIIRS750,0,0.00,1,sin anomalia,2026-10-05T14:24:05,mendoza
2026-03-06T06:30:01,355120,Lastarria,VIIRS375,0,0.00,1,sin anomalia,2026-10-05T14:24:05,mendoza
2026-03-06T06:30:01,355120,Lastarria,VIIRS750,0,0.00,1,sin anomalia,2026-10-05T14:24:05,mendoza
2026-03-06T12:30:00,355120,Lastarria,MODIS,0,0.00,1,sin anomalia,2026-10-05T14:24:05,mendoza
2026-03-06T17:18:01,355120,Lastarria,VIIRS375,0,0.00,1,sin anomalia,2026-10-05T14:24:05,mendoza
2026-03-06T17:18:01,355120,Lastarria,VIIRS750,0,0.00,1,sin anomalia,2026-10-05T14:24:05,mendoza
2026-03-06T19:00:01,355120,Lastarria,VIIRS375,0,0.00,1,sin anomalia,2026-10-05T14:24:05,mendoza
2026-03-06T19:00:01,355120,Lastarria,VIIRS750,0,0.00,1,sin anomalia,2026-10-05T14:24:05,mendoza
2026-03-07T02:15:00,355120,Lastarria,MODIS,0,0.00,1,sin anomalia,2026-10-05T14:24:05,mendoza
2026-03-07T06:12:01,355120,Lastarria,VIIRS375,1.09,20.63,0,fuera de radio,2026-10-05T14:24:05,mendoza
2026-03-07T06:12:01,355120,Lastarria,VIIRS750,0,0.00,1,sin anomalia,2026-10-05T14:24:05,mendoza
2026-03-07T07:35:00,355120,Lastarria,MODIS,0,0.00,1,sin anomalia,2026-10-05T14:24:05,mendoza
2026-03-07T13:10:00,355120,Lastarria,MODIS,0,0.00,1,sin anomalia,2026-10-05T14:24:05,mendoza
2026-03-07T18:18:00,355120,Lastarria,VIIRS375,0,0.00,1,sin anomalia,2026-10-05T14:24:05,mendoza
2026-03-07T18:18:00,355120,Lastarria,VIIRS750,0,0.00,1,sin anomalia,2026-10-05T14:24:05,mendoza
2026-03-07T18:36:01,355120,Lastarria,VIIRS375,0,0.00,1,sin anomalia,2026-10-05T14:24:05,mendoza
2026-03-07T18:36:01,355120,Lastarria,VIIRS750,0,0.00,1,sin anomalia,2026-10-05T14:24:05,mendoza
2026-03-07T19:40:00,355120,Lastarria,MODIS,0,0.00,1,sin anomalia,2026-10-05T14:24:05,mendoza
2026-03-08T01:15:00,355120,Lastarria,MODIS,0,0.00,1,sin anomalia,2026-10-05T14:24:05,mendoza
2026-03-08T05:54:01,355120,Lastarria,VIIRS375,0.1,2.40,1,muy baja,2026-10-05T14:24:05,mendoza
2026-03-08T05:54:01,355120,Lastarria,VIIRS750,0,0.00,1,sin anomalia,2026-10-05T14:24:05,mendoza
2026-03-08T08:10:00,355120,Lastarria,MODIS,0,0.00,1,sin anomalia,2026-10-05T14:24:05,mendoza
2026-03-08T13:50:00,355120,Lastarria,MODIS,0,0.00,1,sin anomalia,2026-10-05T14:24:05,mendoza
2026-03-08T18:18:01,355120,Lastarria,VIIRS375,0,0.00,1,sin anomalia,2026-10-05T14:24:05,mendoza
2026-03-08T18:18:01,355120,Lastarria,VIIRS750,0,0.00,1,sin anomalia,2026-10-05T14:24:05,mendoza
2026-03-09T01:55:00,355120,Lastarria,MODIS,0,0.00,1,sin anomalia,2026-10-05T14:24:05,mendoza
2026-03-09T05:36:01,355120,Lastarria,VIIRS375,0.19,2.19,1,muy baja,2026-10-05T14:24:05,mendoza
2026-03-09T05:36:01,355120,Lastarria,VIIRS750,0,0.00,1,sin anomalia,2026-10-05T14:24:05,mendoza
2026-03-09T07:10:00,355120,Lastarria,MODIS,0,0.00,1,sin anomalia,2026-10-05T14:24:05,mendoza
2026-03-09T12:50:00,355120,Lastarria,MODIS,0,0.00,1,sin anomalia,2026-10-05T14:24:05,mendoza
2026-03-09T17:42:00,355120,Lastarria,VIIRS375,0,0.00,1,sin anomalia,2026-10-05T14:24:05,mendoza
2026-03-09T17:42:00,355120,Lastarria,VIIRS750,0,0.00,1,sin anomalia,2026-10-05T14:24:05,mendoza
2026-03-09T18:00:01,355120,Lastarria,VIIRS375,1.26,33.41,0,fuera de radio,2026-10-05T14:24:05,mendoza
2026-03-09T18:00:01,355120,Lastarria,VIIRS750,0,0.00,1,sin anomalia,2026-10-05T14:24:05,mendoza
2026-03-09T19:15:00,355120,Lastarria,MODIS,0,0.00,1,sin anomalia,2026-10-05T14:24:05,mendoza
2026-03-09T19:18:00,355120,Lastarria,VIIRS375,0,0.00,1,sin anomalia,2026-10-05T14:24:05,mendoza
2026-03-09T19:18:00,355120,Lastarria,VIIRS750,0,0.00,1,sin anomalia,2026-10-05T14:24:05,mendoza
2026-03-10T05:18:01,355120,Lastarria,VIIRS375,0,0.00,1,sin anomalia,2026-10-05T14:24:05,mendoza
2026-03-10T05:18:01,355120,Lastarria,VIIRS750,0,0.00,1,sin anomalia,2026-10-05T14:24:05,mendoza
2026-03-10T06:36:00,355120,Lastarria,VIIRS375,0.12,2.52,1,muy baja,2026-10-05T14:24:05,mendoza
2026-03-10T06:36:00,355120,Lastarria,VIIRS750,0,0.00,1,sin anomalia,2026-10-05T14:24:05,mendoza
2026-03-10T07:50:00,355120,Lastarria,MODIS,0,0.00,1,sin anomalia,2026-10-05T14:24:05,mendoza
2026-03-10T13:30:00,355120,Lastarria,MODIS,0,0.00,1,sin anomalia,2026-10-05T14:24:05,mendoza
2026-03-10T17:24:00,355120,Lastarria,VIIRS375,0,0.00,1,sin anomalia,2026-10-05T14:24:05,mendoza
2026-03-10T17:24:00,355120,Lastarria,VIIRS750,0,0.00,1,sin anomalia,2026-10-05T14:24:05,mendoza
2026-03-10T17:42:01,355120,Lastarria,VIIRS375,1.31,31.56,0,fuera de radio,2026-10-05T14:24:05,mendoza
2026-03-10T17:42:01,355120,Lastarria,VIIRS750,0,0.00,1,sin anomalia,2026-10-05T14:24:05,mendoza
2026-03-10T19:00:00,355120,Lastarria,VIIRS375,0,0.00,1,sin anomalia,2026-10-05T14:24:05,mendoza
2026-03-10T19:00:00,355120,Lastarria,VIIRS750,0,0.00,1,sin anomalia,2026-10-05T14:24:05,mendoza
2026-03-11T01:35:00,355120,Lastarria,MODIS,0,0.00,1,sin anomalia,2026-10-05T14:24:05,mendoza
2026-03-11T04:54:01,355120,Lastarria,VIIRS375,0.39,16.03,0,fuera de radio,2026-10-05T14:24:05,mendoza
2026-03-11T04:54:01,355120,Lastarria,VIIRS750,0,0.00,1,sin anomalia,2026-10-05T14:24:05,mendoza
2026-03-11T06:36:01,355120,Lastarria,VIIRS375,0,0.00,1,sin anomalia,2026-10-05T14:24:05,mendoza
2026-03-11T06:36:01,355120,Lastarria,VIIRS750,0,0.00,1,sin anomalia,2026-10-05T14:24:05,mendoza
2026-03-11T06:50:00,355120,Lastarria,MODIS,0,0.00,1,sin anomalia,2026-10-05T14:24:05,mendoza
2026-03-11T12:30:00,355120,Lastarria,MODIS,0,0.00,1,sin anomalia,2026-10-05T14:24:05,mendoza
2026-03-11T18:42:00,355120,Lastarria,VIIRS375,0,0.00,1,sin anomalia,2026-10-05T14:24:05,mendoza
2026-03-11T18:42:00,355120,Lastarria,VIIRS750,0,0.00,1,sin anomalia,2026-10-05T14:24:05,mendoza
2026-03-11T19:06:01,355120,Lastarria,VIIRS375,1,29.96,0,fuera de radio,2026-10-05T14:24:05,mendoza
2026-03-11T19:06:01,355120,Lastarria,VIIRS750,0,0.00,1,sin anomalia,2026-10-05T14:24:05,mendoza
2026-03-11T20:35:00,355120,Lastarria,MODIS,0,0.00,1,sin anomalia,2026-10-05T14:24:05,mendoza
2026-03-12T02:15:00,355120,Lastarria,MODIS,0,0.00,1,sin anomalia,2026-10-05T14:24:05,mendoza
2026-03-12T06:18:01,355120,Lastarria,VIIRS375,0.06,1.55,1,muy baja,2026-10-05T14:24:05,mendoza
2026-03-12T06:18:01,355120,Lastarria,VIIRS750,0,0.00,1,sin anomalia,2026-10-05T14:24:05,mendoza
2026-03-12T07:30:00,355120,Lastarria,MODIS,0,0.00,1,sin anomalia,2026-10-05T14:24:05,mendoza
2026-03-12T13:10:00,355120,Lastarria,MODIS,0,0.00,1,sin anomalia,2026-10-05T14:24:05,mendoza
2026-03-12T18:24:00,355120,Lastarria,VIIRS750,0,0.00,1,sin anomalia,2026-10-05T14:24:05,mendoza
2026-03-12T18:48:01,355120,Lastarria,VIIRS375,0,0.00,1,sin anomalia,2026-10-05T14:24:05,mendoza
2026-03-12T18:48:01,355120,Lastarria,VIIRS750,0,0.00,1,sin anomalia,2026-10-05T14:24:05,mendoza
2026-03-13T01:15:00,355120,Lastarria,MODIS,0,0.00,1,sin anomalia,2026-10-05T14:24:05,mendoza
2026-03-13T06:00:01,355120,Lastarria,VIIRS375,0.16,2.40,1,muy baja,2026-10-05T14:24:05,mendoza
2026-03-13T06:00:01,355120,Lastarria,VIIRS750,0,0.00,1,sin anomalia,2026-10-05T14:24:05,mendoza
2026-03-13T08:05:00,355120,Lastarria,MODIS,0,0.00,1,sin anomalia,2026-10-05T14:24:05,mendoza
2026-03-13T13:50:00,355120,Lastarria,MODIS,0,0.00,1,sin anomalia,2026-10-05T14:24:05,mendoza
2026-03-13T18:06:00,355120,Lastarria,VIIRS375,0,0.00,1,sin anomalia,2026-10-05T14:24:05,mendoza
2026-03-13T18:06:00,355120,Lastarria,VIIRS750,0,0.00,1,sin anomalia,2026-10-05T14:24:05,mendoza
2026-03-13T18:24:01,355120,Lastarria,VIIRS375,0,0.00,1,sin anomalia,2026-10-05T14:24:05,mendoza
2026-03-13T18:24:01,355120,Lastarria,VIIRS750,0,0.00,1,sin anomalia,2026-10-05T14:24:05,mendoza
2026-03-13T20:10:00,355120,Lastarria,MODIS,0,0.00,1,sin anomalia,2026-10-05T14:24:05,mendoza
2026-03-14T01:55:00,355120,Lastarria,MODIS,0,0.00,1,sin anomalia,2026-10-05T14:24:05,mendoza
2026-03-14T05:42:01,355120,Lastarria,VIIRS375,0.5,25.83,0,fuera de radio,2026-10-05T14:24:05,mendoza
2026-03-14T05:42:01,355120,Lastarria,VIIRS750,0,0.00,1,sin anomalia,2026-10-05T14:24:05,mendoza
2026-03-14T07:05:00,355120,Lastarria,MODIS,0,0.00,1,sin anomalia,2026-10-05T14:24:05,mendoza
2026-03-14T12:50:00,355120,Lastarria,MODIS,0,0.00,1,sin anomalia,2026-10-05T14:24:05,mendoza
2026-03-14T18:06:01,355120,Lastarria,VIIRS375,0,0.00,1,sin anomalia,2026-10-05T14:24:05,mendoza
2026-03-14T18:06:01,355120,Lastarria,VIIRS750,0,0.00,1,sin anomalia,2026-10-05T14:24:05,mendoza
2026-03-14T20:50:00,355120,Lastarria,MODIS,0,0.00,1,sin anomalia,2026-10-05T14:24:05,mendoza
2026-03-15T05:24:01,355120,Lastarria,VIIRS375,0.32,24.67,0,fuera de radio,2026-10-05T14:24:05,mendoza
2026-03-15T05:24:01,355120,Lastarria,VIIRS750,0,0.00,1,sin anomalia,2026-10-05T14:24:05,mendoza
2026-03-15T06:42:00,355120,Lastarria,VIIRS375,0,0.00,1,sin anomalia,2026-10-05T14:24:05,mendoza
2026-03-15T06:42:00,355120,Lastarria,VIIRS750,0,0.00,1,sin anomalia,2026-10-05T14:24:05,mendoza
2026-03-15T07:45:00,355120,Lastarria,MODIS,0,0.00,1,sin anomalia,2026-10-05T14:24:05,mendoza
2026-03-15T13:30:00,355120,Lastarria,MODIS,0,0.00,1,sin anomalia,2026-10-05T14:24:05,mendoza
2026-03-15T17:30:00,355120,Lastarria,VIIRS375,0.51,9.86,0,fuera de radio,2026-10-05T14:24:05,mendoza
2026-03-15T17:30:00,355120,Lastarria,VIIRS750,0,0.00,1,sin anomalia,2026-10-05T14:24:05,mendoza
2026-03-15T17:48:01,355120,Lastarria,VIIRS375,0,0.00,1,sin anomalia,2026-10-05T14:24:05,mendoza
2026-03-15T17:48:01,355120,Lastarria,VIIRS750,0,0.00,1,sin anomalia,2026-10-05T14:24:05,mendoza
2026-03-15T19:06:00,355120,Lastarria,VIIRS375,0,0.00,1,sin anomalia,2026-10-05T14:24:05,mendoza
2026-03-15T19:06:00,355120,Lastarria,VIIRS750,0,0.00,1,sin anomalia,2026-10-05T14:24:05,mendoza
2026-03-15T19:50:00,355120,Lastarria,MODIS,0,0.00,1,sin anomalia,2026-10-05T14:24:05,mendoza
2026-03-16T05:06:01,355120,Lastarria,VIIRS375,0,0.00,1,sin anomalia,2026-10-05T14:24:05,mendoza
2026-03-16T05:06:01,355120,Lastarria,VIIRS750,0,0.00,1,sin anomalia,2026-10-05T14:24:05,mendoza
2026-03-16T06:24:00,355120,Lastarria,VIIRS375,0.09,1.55,1,muy baja,2026-10-05T14:24:05,mendoza
2026-03-16T06:24:00,355120,Lastarria,VIIRS750,0,0.00,1,sin anomalia,2026-10-05T14:24:05,mendoza
2026-03-16T06:45:00,355120,Lastarria,MODIS,0,0.00,1,sin anomalia,2026-10-05T14:24:05,mendoza
2026-03-16T12:30:00,355120,Lastarria,MODIS,0,0.00,1,sin anomalia,2026-10-05T14:24:05,mendoza
2026-03-16T17:30:01,355120,Lastarria,VIIRS375,0,0.00,1,sin anomalia,2026-10-05T14:24:05,mendoza
2026-03-16T17:30:01,355120,Lastarria,VIIRS750,0,0.00,1,sin anomalia,2026-10-05T14:24:05,mendoza
2026-03-16T18:48:00,355120,Lastarria,VIIRS750,0,0.00,1,sin anomalia,2026-10-05T14:24:05,mendoza
2026-03-16T19:12:01,355120,Lastarria,VIIRS375,0,0.00,1,sin anomalia,2026-10-05T14:24:05,mendoza
2026-03-16T19:12:01,355120,Lastarria,VIIRS750,0,0.00,1,sin anomalia,2026-10-05T14:24:05,mendoza
2026-03-16T20:25:00,355120,Lastarria,MODIS,0,0.00,1,sin anomalia,2026-10-05T14:24:05,mendoza
2026-03-17T02:15:00,355120,Lastarria,MODIS,0,0.00,1,sin anomalia,2026-10-05T14:24:05,mendoza
2026-03-17T04:42:01,355120,Lastarria,VIIRS375,0,0.00,1,sin anomalia,2026-10-05T14:24:05,mendoza
2026-03-17T04:42:01,355120,Lastarria,VIIRS750,0,0.00,1,sin anomalia,2026-10-05T14:24:05,mendoza
2026-03-17T06:24:01,355120,Lastarria,VIIRS375,0.12,1.55,1,muy baja,2026-10-05T14:24:05,mendoza
2026-03-17T06:24:01,355120,Lastarria,VIIRS750,0,0.00,1,sin anomalia,2026-10-05T14:24:05,mendoza
2026-03-17T07:20:00,355120,Lastarria,MODIS,0,0.00,1,sin anomalia,2026-10-05T14:24:05,mendoza
2026-03-17T13:10:00,355120,Lastarria,MODIS,0,0.00,1,sin anomalia,2026-10-05T14:24:05,mendoza
2026-03-17T18:30:00,355120,Lastarria,VIIRS750,0,0.00,1,sin anomalia,2026-10-05T14:24:05,mendoza
2026-03-17T18:54:01,355120,Lastarria,VIIRS375,0,0.00,1,sin anomalia,2026-10-05T14:24:05,mendoza
2026-03-17T18:54:01,355120,Lastarria,VIIRS750,0,0.00,1,sin anomalia,2026-10-05T14:24:05,mendoza
2026-03-17T19:30:00,355120,Lastarria,MODIS,0,0.00,1,sin anomalia,2026-10-05T14:24:05,mendoza
2026-03-18T01:15:00,355120,Lastarria,MODIS,0,0.00,1,sin anomalia,2026-10-05T14:24:05,mendoza
2026-03-18T06:06:01,355120,Lastarria,VIIRS375,0,0.00,1,sin anomalia,2026-10-05T14:24:05,mendoza
2026-03-18T06:06:01,355120,Lastarria,VIIRS750,0,0.00,1,sin anomalia,2026-10-05T14:24:05,mendoza
2026-03-18T08:00:00,355120,Lastarria,MODIS,0,0.00,1,sin anomalia,2026-10-05T14:24:05,mendoza
2026-03-18T13:50:00,355120,Lastarria,MODIS,0,0.00,1,sin anomalia,2026-10-05T14:24:05,mendoza
2026-03-18T18:12:00,355120,Lastarria,VIIRS375,0,0.00,1,sin anomalia,2026-10-05T14:24:05,mendoza
2026-03-18T18:30:01,355120,Lastarria,VIIRS375,0,0.00,1,sin anomalia,2026-10-05T14:24:05,mendoza
2026-03-18T20:05:00,355120,Lastarria,MODIS,0,0.00,1,sin anomalia,2026-10-05T14:24:05,mendoza
2026-03-19T01:55:00,355120,Lastarria,MODIS,0,0.00,1,sin anomalia,2026-10-05T14:24:05,mendoza
2026-03-19T05:48:01,355120,Lastarria,VIIRS375,0.24,24.38,0,fuera de radio,2026-10-05T14:24:05,mendoza
2026-03-19T05:48:01,355120,Lastarria,VIIRS750,0,0.00,1,sin anomalia,2026-10-05T14:24:05,mendoza
2026-03-19T07:00:00,355120,Lastarria,MODIS,0,0.00,1,sin anomalia,2026-10-05T14:24:05,mendoza
2026-03-19T12:50:00,355120,Lastarria,MODIS,0,0.00,1,sin anomalia,2026-10-05T14:24:05,mendoza
2026-03-19T17:54:00,355120,Lastarria,VIIRS375,0,0.00,1,sin anomalia,2026-10-05T14:24:05,mendoza
2026-03-19T18:12:01,355120,Lastarria,VIIRS375,0,0.00,1,sin anomalia,2026-10-05T14:24:05,mendoza
2026-03-19T18:12:01,355120,Lastarria,VIIRS750,0,0.00,1,sin anomalia,2026-10-05T14:24:05,mendoza
2026-03-19T20:45:00,355120,Lastarria,MODIS,0,0.00,1,sin anomalia,2026-10-05T14:24:05,mendoza
2026-03-20T05:30:01,355120,Lastarria,VIIRS375,0,0.00,1,sin anomalia,2026-10-05T14:24:05,mendoza
2026-03-20T05:30:01,355120,Lastarria,VIIRS750,0,0.00,1,sin anomalia,2026-10-05T14:24:05,mendoza
2026-03-20T06:48:00,355120,Lastarria,VIIRS375,0,0.00,1,sin anomalia,2026-10-05T14:24:05,mendoza
2026-03-20T06:48:00,355120,Lastarria,VIIRS750,0,0.00,1,sin anomalia,2026-10-05T14:24:05,mendoza
2026-03-20T07:40:00,355120,Lastarria,MODIS,0,0.00,1,sin anomalia,2026-10-05T14:24:05,mendoza
2026-03-20T13:30:00,355120,Lastarria,MODIS,0,0.00,1,sin anomalia,2026-10-05T14:24:05,mendoza
2026-03-20T17:54:01,355120,Lastarria,VIIRS375,0.81,10.30,0,fuera de radio,2026-10-05T14:24:05,mendoza
2026-03-20T17:54:01,355120,Lastarria,VIIRS750,0,0.00,1,sin anomalia,2026-10-05T14:24:05,mendoza
2026-03-20T19:12:00,355120,Lastarria,VIIRS375,0.31,23.49,0,fuera de radio,2026-10-05T14:24:05,mendoza
2026-03-20T19:12:00,355120,Lastarria,VIIRS750,0,0.00,1,sin anomalia,2026-10-05T14:24:05,mendoza
2026-03-20T19:45:00,355120,Lastarria,MODIS,0,0.00,1,sin anomalia,2026-10-05T14:24:05,mendoza
2026-03-21T01:35:00,355120,Lastarria,MODIS,0,0.00,1,sin anomalia,2026-10-05T14:24:05,mendoza
2026-03-21T05:12:01,355120,Lastarria,VIIRS375,0,0.00,1,sin anomalia,2026-10-05T14:24:05,mendoza
2026-03-21T05:12:01,355120,Lastarria,VIIRS750,0,0.00,1,sin anomalia,2026-10-05T14:24:05,mendoza
2026-03-21T06:30:00,355120,Lastarria,VIIRS375,0.06,2.40,1,muy baja,2026-10-05T14:24:05,mendoza
2026-03-21T06:30:00,355120,Lastarria,VIIRS750,0,0.00,1,sin anomalia,2026-10-05T14:24:05,mendoza
2026-03-21T08:15:00,355120,Lastarria,MODIS,0,0.00,1,sin anomalia,2026-10-05T14:24:05,mendoza
2026-03-21T12:30:00,355120,Lastarria,MODIS,0,0.00,1,sin anomalia,2026-10-05T14:24:05,mendoza
2026-03-21T17:36:01,355120,Lastarria,VIIRS375,0,0.00,1,sin anomalia,2026-10-05T14:24:05,mendoza
2026-03-21T17:36:01,355120,Lastarria,VIIRS750,0,0.00,1,sin anomalia,2026-10-05T14:24:05,mendoza
2026-03-21T18:54:00,355120,Lastarria,VIIRS750,0,0.00,1,sin anomalia,2026-10-05T14:24:05,mendoza
2026-03-21T19:18:01,355120,Lastarria,VIIRS375,0,0.00,1,sin anomalia,2026-10-05T14:24:05,mendoza
2026-03-21T19:18:01,355120,Lastarria,VIIRS750,0,0.00,1,sin anomalia,2026-10-05T14:24:05,mendoza
2026-03-21T20:20:00,355120,Lastarria,MODIS,0,0.00,1,sin anomalia,2026-10-05T14:24:05,mendoza
2026-03-22T02:15:00,355120,Lastarria,MODIS,0,0.00,1,sin anomalia,2026-10-05T14:24:05,mendoza
2026-03-22T04:48:01,355120,Lastarria,VIIRS375,0,0.00,1,sin anomalia,2026-10-05T14:24:05,mendoza
2026-03-22T04:48:01,355120,Lastarria,VIIRS750,0,0.00,1,sin anomalia,2026-10-05T14:24:05,mendoza
2026-03-22T06:30:01,355120,Lastarria,VIIRS375,0,0.00,1,sin anomalia,2026-10-05T14:24:05,mendoza
2026-03-22T06:30:01,355120,Lastarria,VIIRS750,0,0.00,1,sin anomalia,2026-10-05T14:24:05,mendoza
2026-03-22T07:15:00,355120,Lastarria,MODIS,0,0.00,1,sin anomalia,2026-10-05T14:24:05,mendoza
2026-03-22T13:10:00,355120,Lastarria,MODIS,0,0.00,1,sin anomalia,2026-10-05T14:24:05,mendoza
2026-03-22T17:18:01,355120,Lastarria,VIIRS375,0,0.00,1,sin anomalia,2026-10-05T14:24:05,mendoza
2026-03-22T17:18:01,355120,Lastarria,VIIRS750,0,0.00,1,sin anomalia,2026-10-05T14:24:05,mendoza
2026-03-22T19:00:01,355120,Lastarria,VIIRS375,0,0.00,1,sin anomalia,2026-10-05T14:24:05,mendoza
2026-03-22T19:00:01,355120,Lastarria,VIIRS750,0,0.00,1,sin anomalia,2026-10-05T14:24:05,mendoza
2026-03-22T19:20:00,355120,Lastarria,MODIS,16.51,24.70,0,fuera de radio,2026-10-05T14:24:05,mendoza
2026-03-23T01:15:00,355120,Lastarria,MODIS,0,0.00,1,sin anomalia,2026-10-05T14:24:05,mendoza
2026-03-23T06:12:01,355120,Lastarria,VIIRS375,0.06,1.55,1,muy baja,2026-10-05T14:24:05,mendoza
2026-03-23T06:12:01,355120,Lastarria,VIIRS750,0,0.00,1,sin anomalia,2026-10-05T14:24:05,mendoza
2026-03-23T07:55:00,355120,Lastarria,MODIS,0,0.00,1,sin anomalia,2026-10-05T14:24:05,mendoza
2026-03-23T13:50:00,355120,Lastarria,MODIS,0,0.00,1,sin anomalia,2026-10-05T14:24:05,mendoza
2026-03-23T18:18:00,355120,Lastarria,VIIRS375,0,0.00,1,sin anomalia,2026-10-05T14:24:05,mendoza
2026-03-23T18:18:00,355120,Lastarria,VIIRS750,0,0.00,1,sin anomalia,2026-10-05T14:24:05,mendoza
2026-03-23T20:00:00,355120,Lastarria,MODIS,0,0.00,1,sin anomalia,2026-10-05T14:24:05,mendoza
2026-03-24T01:55:00,355120,Lastarria,MODIS,0,0.00,1,sin anomalia,2026-10-05T14:24:05,mendoza
2026-03-24T05:54:01,355120,Lastarria,VIIRS375,0.27,2.40,1,muy baja,2026-10-05T14:24:05,mendoza
2026-03-24T05:54:01,355120,Lastarria,VIIRS750,0,0.00,1,sin anomalia,2026-10-05T14:24:05,mendoza
2026-03-24T06:55:00,355120,Lastarria,MODIS,0,0.00,1,sin anomalia,2026-10-05T14:24:05,mendoza
2026-03-24T12:50:00,355120,Lastarria,MODIS,0,0.00,1,sin anomalia,2026-10-05T14:24:05,mendoza
2026-03-24T18:00:00,355120,Lastarria,VIIRS750,0,0.00,1,sin anomalia,2026-10-05T14:24:05,mendoza
2026-03-24T18:18:01,355120,Lastarria,VIIRS375,0,0.00,1,sin anomalia,2026-10-05T14:24:05,mendoza
2026-03-24T18:18:01,355120,Lastarria,VIIRS750,0,0.00,1,sin anomalia,2026-10-05T14:24:05,mendoza
2026-03-24T20:40:00,355120,Lastarria,MODIS,0,0.00,1,sin anomalia,2026-10-05T14:24:05,mendoza
2026-03-25T05:36:01,355120,Lastarria,VIIRS375,0.13,2.40,1,muy baja,2026-10-05T14:24:05,mendoza
2026-03-25T05:36:01,355120,Lastarria,VIIRS750,0,0.00,1,sin anomalia,2026-10-05T14:24:05,mendoza
2026-03-25T07:35:00,355120,Lastarria,MODIS,0,0.00,1,sin anomalia,2026-10-05T14:24:05,mendoza
2026-03-25T13:30:00,355120,Lastarria,MODIS,0,0.00,1,sin anomalia,2026-10-05T14:24:05,mendoza
2026-03-25T17:42:00,355120,Lastarria,VIIRS750,0,0.00,1,sin anomalia,2026-10-05T14:24:05,mendoza
2026-03-25T18:00:01,355120,Lastarria,VIIRS375,0,0.00,1,sin anomalia,2026-10-05T14:24:05,mendoza
2026-03-25T18:00:01,355120,Lastarria,VIIRS750,0,0.00,1,sin anomalia,2026-10-05T14:24:05,mendoza
2026-03-25T19:24:00,355120,Lastarria,VIIRS750,0,0.00,1,sin anomalia,2026-10-05T14:24:05,mendoza
2026-03-25T19:40:00,355120,Lastarria,MODIS,0,0.00,1,sin anomalia,2026-10-05T14:24:05,mendoza
2026-03-26T01:35:00,355120,Lastarria,MODIS,0,0.00,1,sin anomalia,2026-10-05T14:24:05,mendoza
2026-03-26T05:18:01,355120,Lastarria,VIIRS375,0,0.00,1,sin anomalia,2026-10-05T14:24:05,mendoza
2026-03-26T05:18:01,355120,Lastarria,VIIRS750,0,0.00,1,sin anomalia,2026-10-05T14:24:05,mendoza
2026-03-26T06:36:00,355120,Lastarria,VIIRS375,0.11,1.55,1,muy baja,2026-10-05T14:24:05,mendoza
2026-03-26T06:36:00,355120,Lastarria,VIIRS750,0,0.00,1,sin anomalia,2026-10-05T14:24:05,mendoza
2026-03-26T08:10:00,355120,Lastarria,MODIS,0,0.00,1,sin anomalia,2026-10-05T14:24:05,mendoza
2026-03-26T12:30:00,355120,Lastarria,MODIS,0,0.00,1,sin anomalia,2026-10-05T14:24:05,mendoza
2026-03-26T17:24:00,355120,Lastarria,VIIRS750,0,0.00,1,sin anomalia,2026-10-05T14:24:05,mendoza
2026-03-26T17:42:01,355120,Lastarria,VIIRS375,0,0.00,1,sin anomalia,2026-10-05T14:24:05,mendoza
2026-03-26T17:42:01,355120,Lastarria,VIIRS750,0,0.00,1,sin anomalia,2026-10-05T14:24:05,mendoza
2026-03-26T19:00:00,355120,Lastarria,VIIRS375,0,0.00,1,sin anomalia,2026-10-05T14:24:05,mendoza
2026-03-26T19:00:00,355120,Lastarria,VIIRS750,0,0.00,1,sin anomalia,2026-10-05T14:24:05,mendoza
2026-03-26T20:15:00,355120,Lastarria,MODIS,0,0.00,1,sin anomalia,2026-10-05T14:24:05,mendoza
2026-03-27T05:00:01,355120,Lastarria,VIIRS375,0,0.00,1,sin anomalia,2026-10-05T14:24:05,mendoza
2026-03-27T05:00:01,355120,Lastarria,VIIRS750,0,0.00,1,sin anomalia,2026-10-05T14:24:05,mendoza
2026-03-27T06:36:01,355120,Lastarria,VIIRS375,0,0.00,1,sin anomalia,2026-10-05T14:24:05,mendoza
2026-03-27T06:36:01,355120,Lastarria,VIIRS750,0,0.00,1,sin anomalia,2026-10-05T14:24:05,mendoza
2026-03-27T07:10:00,355120,Lastarria,MODIS,0,0.00,1,sin anomalia,2026-10-05T14:24:05,mendoza
2026-03-27T13:10:00,355120,Lastarria,MODIS,0,0.00,1,sin anomalia,2026-10-05T14:24:05,mendoza
2026-03-27T17:24:01,355120,Lastarria,VIIRS375,0,0.00,1,sin anomalia,2026-10-05T14:24:05,mendoza
2026-03-27T17:24:01,355120,Lastarria,VIIRS750,0,0.00,1,sin anomalia,2026-10-05T14:24:05,mendoza
2026-03-27T18:42:00,355120,Lastarria,VIIRS375,0,0.00,1,sin anomalia,2026-10-05T14:24:05,mendoza
2026-03-27T18:42:00,355120,Lastarria,VIIRS750,0,0.00,1,sin anomalia,2026-10-05T14:24:05,mendoza
2026-03-27T19:06:01,355120,Lastarria,VIIRS375,0,0.00,1,sin anomalia,2026-10-05T14:24:05,mendoza
2026-03-27T19:06:01,355120,Lastarria,VIIRS750,0,0.00,1,sin anomalia,2026-10-05T14:24:05,mendoza
2026-03-28T01:15:00,355120,Lastarria,MODIS,0,0.00,1,sin anomalia,2026-10-05T14:24:05,mendoza
2026-03-28T06:18:01,355120,Lastarria,VIIRS375,0.19,2.40,1,muy baja,2026-10-05T14:24:05,mendoza
2026-03-28T06:18:01,355120,Lastarria,VIIRS750,0,0.00,1,sin anomalia,2026-10-05T14:24:05,mendoza
2026-03-28T07:50:00,355120,Lastarria,MODIS,0,0.00,1,sin anomalia,2026-10-05T14:24:05,mendoza
2026-03-28T13:45:00,355120,Lastarria,MODIS,0,0.00,1,sin anomalia,2026-10-05T14:24:05,mendoza
2026-03-28T18:24:00,355120,Lastarria,VIIRS375,0,0.00,1,sin anomalia,2026-10-05T14:24:05,mendoza
2026-03-28T18:24:00,355120,Lastarria,VIIRS750,0,0.00,1,sin anomalia,2026-10-05T14:24:05,mendoza
2026-03-28T19:55:00,355120,Lastarria,MODIS,0,0.00,1,sin anomalia,2026-10-05T14:24:05,mendoza
2026-03-29T01:55:00,355120,Lastarria,MODIS,0,0.00,1,sin anomalia,2026-10-05T14:24:05,mendoza
2026-03-29T06:00:01,355120,Lastarria,VIIRS375,0.05,2.40,1,muy baja,2026-10-05T14:24:05,mendoza
2026-03-29T06:00:01,355120,Lastarria,VIIRS750,0,0.00,1,sin anomalia,2026-10-05T14:24:05,mendoza
2026-03-29T06:50:00,355120,Lastarria,MODIS,0,0.00,1,sin anomalia,2026-10-05T14:24:05,mendoza
2026-03-29T12:50:00,355120,Lastarria,MODIS,0,0.00,1,sin anomalia,2026-10-05T14:24:05,mendoza
2026-03-29T18:06:00,355120,Lastarria,VIIRS375,0,0.00,1,sin anomalia,2026-10-05T14:24:05,mendoza
2026-03-29T18:06:00,355120,Lastarria,VIIRS750,0,0.00,1,sin anomalia,2026-10-05T14:24:05,mendoza
2026-03-29T18:24:01,355120,Lastarria,VIIRS375,0,0.00,1,sin anomalia,2026-10-05T14:24:05,mendoza
2026-03-29T18:24:01,355120,Lastarria,VIIRS750,0,0.00,1,sin anomalia,2026-10-05T14:24:05,mendoza
2026-03-29T20:35:00,355120,Lastarria,MODIS,0,0.00,1,sin anomalia,2026-10-05T14:24:05,mendoza
2026-03-30T05:42:01,355120,Lastarria,VIIRS375,0.21,2.70,1,muy baja,2026-10-05T14:24:05,mendoza
2026-03-30T05:42:01,355120,Lastarria,VIIRS750,0,0.00,1,sin anomalia,2026-10-05T14:24:05,mendoza
2026-03-30T07:25:00,355120,Lastarria,MODIS,0,0.00,1,sin anomalia,2026-10-05T14:24:05,mendoza
2026-03-30T13:25:00,355120,Lastarria,MODIS,0,0.00,1,sin anomalia,2026-10-05T14:24:05,mendoza
2026-03-30T17:48:00,355120,Lastarria,VIIRS375,0,0.00,1,sin anomalia,2026-10-05T14:24:05,mendoza
2026-03-30T18:06:01,355120,Lastarria,VIIRS375,0,0.00,1,sin anomalia,2026-10-05T14:24:05,mendoza
2026-03-30T18:06:01,355120,Lastarria,VIIRS750,0,0.00,1,sin anomalia,2026-10-05T14:24:05,mendoza
2026-03-31T01:35:00,355120,Lastarria,MODIS,0,0.00,1,sin anomalia,2026-10-05T14:24:05,mendoza
2026-03-31T05:24:01,355120,Lastarria,VIIRS375,0,0.00,1,sin anomalia,2026-10-05T14:24:05,mendoza
2026-03-31T05:24:01,355120,Lastarria,VIIRS750,0,0.00,1,sin anomalia,2026-10-05T14:24:05,mendoza
2026-03-31T06:42:00,355120,Lastarria,VIIRS375,0,0.00,1,sin anomalia,2026-10-05T14:24:05,mendoza
2026-03-31T06:42:00,355120,Lastarria,VIIRS750,0,0.00,1,sin anomalia,2026-10-05T14:24:05,mendoza
2026-03-31T08:05:00,355120,Lastarria,MODIS,0,0.00,1,sin anomalia,2026-10-05T14:24:05,mendoza
2026-03-31T12:30:00,355120,Lastarria,MODIS,0,0.00,1,sin anomalia,2026-10-05T14:24:05,mendoza
2026-03-31T17:48:01,355120,Lastarria,VIIRS375,0,0.00,1,sin anomalia,2026-10-05T14:24:05,mendoza
2026-03-31T17:48:01,355120,Lastarria,VIIRS750,0,0.00,1,sin anomalia,2026-10-05T14:24:05,mendoza
2026-03-31T19:06:00,355120,Lastarria,VIIRS375,0,0.00,1,sin anomalia,2026-10-05T14:24:05,mendoza
2026-03-31T19:06:00,355120,Lastarria,VIIRS750,0,0.00,1,sin anomalia,2026-10-05T14:24:05,mendoza
2026-03-31T20:10:00,355120,Lastarria,MODIS,0,0.00,1,sin anomalia,2026-10-05T14:24:05,mendoza
2026-04-01T02:10:00,355120,Lastarria,MODIS,0,0.00,1,sin anomalia,2026-10-05T14:24:05,mendoza
2026-04-01T05:06:01,355120,Lastarria,VIIRS375,0.45,18.78,0,fuera de radio,2026-10-05T14:24:05,mendoza
2026-04-01T05:06:01,355120,Lastarria,VIIRS750,0,0.00,1,sin anomalia,2026-10-05T14:24:05,mendoza
2026-04-01T06:24:00,355120,Lastarria,VIIRS750,0,0.00,1,sin anomalia,2026-10-05T14:24:05,mendoza
2026-04-01T07:05:00,355120,Lastarria,MODIS,0,0.00,1,sin anomalia,2026-10-05T14:24:05,mendoza
2026-04-01T13:05:00,355120,Lastarria,MODIS,0,0.00,1,sin anomalia,2026-10-05T14:24:05,mendoza
2026-04-01T17:30:01,355120,Lastarria,VIIRS375,0,0.00,1,sin anomalia,2026-10-05T14:24:05,mendoza
2026-04-01T17:30:01,355120,Lastarria,VIIRS750,0,0.00,1,sin anomalia,2026-10-05T14:24:05,mendoza
2026-04-01T18:48:00,355120,Lastarria,VIIRS750,0,0.00,1,sin anomalia,2026-10-05T14:24:05,mendoza
2026-04-01T19:12:01,355120,Lastarria,VIIRS375,0,0.00,1,sin anomalia,2026-10-05T14:24:05,mendoza
2026-04-01T19:12:01,355120,Lastarria,VIIRS750,0,0.00,1,sin anomalia,2026-10-05T14:24:05,mendoza
2026-04-01T20:50:00,355120,Lastarria,MODIS,0,0.00,1,sin anomalia,2026-10-05T14:24:05,mendoza
2026-04-02T01:15:00,355120,Lastarria,MODIS,0,0.00,1,sin anomalia,2026-10-05T14:24:05,mendoza
2026-04-02T04:42:01,355120,Lastarria,VIIRS375,0,0.00,1,sin anomalia,2026-10-05T14:24:05,mendoza
2026-04-02T04:42:01,355120,Lastarria,VIIRS750,0,0.00,1,sin anomalia,2026-10-05T14:24:05,mendoza
2026-04-02T06:24:01,355120,Lastarria,VIIRS375,0,0.00,1,sin anomalia,2026-10-05T14:24:05,mendoza
2026-04-02T06:24:01,355120,Lastarria,VIIRS750,0,0.00,1,sin anomalia,2026-10-05T14:24:05,mendoza
2026-04-02T07:45:00,355120,Lastarria,MODIS,0,0.00,1,sin anomalia,2026-10-05T14:24:05,mendoza
2026-04-02T13:45:00,355120,Lastarria,MODIS,0,0.00,1,sin anomalia,2026-10-05T14:24:05,mendoza
2026-04-02T18:30:00,355120,Lastarria,VIIRS375,0,0.00,1,sin anomalia,2026-10-05T14:24:05,mendoza
2026-04-02T18:54:01,355120,Lastarria,VIIRS375,0,0.00,1,sin anomalia,2026-10-05T14:24:05,mendoza
2026-04-02T18:54:01,355120,Lastarria,VIIRS750,0,0.00,1,sin anomalia,2026-10-05T14:24:05,mendoza
2026-04-02T19:50:00,355120,Lastarria,MODIS,0,0.00,1,sin anomalia,2026-10-05T14:24:05,mendoza
2026-04-03T01:50:00,355120,Lastarria,MODIS,0,0.00,1,sin anomalia,2026-10-05T14:24:05,mendoza
2026-04-03T05:12:02,355120,Lastarria,VIIRS750,0,0.00,1,sin anomalia,2026-10-05T14:24:05,mendoza
2026-04-03T06:06:01,355120,Lastarria,VIIRS375,0.17,2.40,1,muy baja,2026-10-05T14:24:05,mendoza
2026-04-03T06:06:01,355120,Lastarria,VIIRS750,0,0.00,1,sin anomalia,2026-10-05T14:24:05,mendoza
2026-04-03T12:50:00,355120,Lastarria,MODIS,0,0.00,1,sin anomalia,2026-10-05T14:24:05,mendoza
2026-04-03T17:42:02,355120,Lastarria,VIIRS750,0,0.00,1,sin anomalia,2026-10-05T14:24:05,mendoza
2026-04-03T18:12:00,355120,Lastarria,VIIRS375,0,0.00,1,sin anomalia,2026-10-05T14:24:05,mendoza
2026-04-03T18:12:00,355120,Lastarria,VIIRS750,0,0.00,1,sin anomalia,2026-10-05T14:24:05,mendoza
2026-04-03T18:30:01,355120,Lastarria,VIIRS375,0,0.00,1,sin anomalia,2026-10-05T14:24:05,mendoza
2026-04-03T18:30:01,355120,Lastarria,VIIRS750,0,0.00,1,sin anomalia,2026-10-05T14:24:05,mendoza
2026-04-03T20:25:00,355120,Lastarria,MODIS,0,0.00,1,sin anomalia,2026-10-05T14:24:05,mendoza
2026-04-04T04:54:02,355120,Lastarria,VIIRS750,0,0.00,1,sin anomalia,2026-10-05T14:24:05,mendoza
2026-04-04T05:48:01,355120,Lastarria,VIIRS375,0.11,2.70,1,muy baja,2026-10-05T14:24:05,mendoza
2026-04-04T05:48:01,355120,Lastarria,VIIRS750,0,0.00,1,sin anomalia,2026-10-05T14:24:05,mendoza
2026-04-04T06:36:02,355120,Lastarria,VIIRS750,0,0.00,1,sin anomalia,2026-10-05T14:24:05,mendoza
2026-04-04T07:20:00,355120,Lastarria,MODIS,0,0.00,1,sin anomalia,2026-10-05T14:24:05,mendoza
2026-04-04T13:25:00,355120,Lastarria,MODIS,0,0.00,1,sin anomalia,2026-10-05T14:24:05,mendoza
2026-04-04T17:24:02,355120,Lastarria,VIIRS750,0,0.00,1,sin anomalia,2026-10-05T14:24:05,mendoza
2026-04-04T18:12:01,355120,Lastarria,VIIRS375,0,0.00,1,sin anomalia,2026-10-05T14:24:05,mendoza
2026-04-04T18:12:01,355120,Lastarria,VIIRS750,0,0.00,1,sin anomalia,2026-10-05T14:24:05,mendoza
2026-04-04T19:00:02,355120,Lastarria,VIIRS750,0,0.00,1,sin anomalia,2026-10-05T14:24:05,mendoza
2026-04-04T19:25:00,355120,Lastarria,MODIS,0,0.00,1,sin anomalia,2026-10-05T14:24:05,mendoza
2026-04-05T01:30:00,355120,Lastarria,MODIS,0,0.00,1,sin anomalia,2026-10-05T14:24:05,mendoza
2026-04-05T05:30:01,355120,Lastarria,VIIRS750,0,0.00,1,sin anomalia,2026-10-05T14:24:05,mendoza
2026-04-05T06:18:02,355120,Lastarria,VIIRS750,0,0.00,1,sin anomalia,2026-10-05T14:24:05,mendoza
2026-04-05T06:48:00,355120,Lastarria,VIIRS375,0,0.00,1,sin anomalia,2026-10-05T14:24:05,mendoza
2026-04-05T06:48:00,355120,Lastarria,VIIRS750,0,0.00,1,sin anomalia,2026-10-05T14:24:05,mendoza
2026-04-05T08:00:00,355120,Lastarria,MODIS,0,0.00,1,sin anomalia,2026-10-05T14:24:05,mendoza
2026-04-05T12:30:00,355120,Lastarria,MODIS,0,0.00,1,sin anomalia,2026-10-05T14:24:05,mendoza
2026-04-05T17:36:00,355120,Lastarria,VIIRS750,0,0.00,1,sin anomalia,2026-10-05T14:24:05,mendoza
2026-04-05T17:54:01,355120,Lastarria,VIIRS375,2.31,10.67,0,fuera de radio,2026-10-05T14:24:05,mendoza
2026-04-05T17:54:01,355120,Lastarria,VIIRS750,0,0.00,1,sin anomalia,2026-10-05T14:24:05,mendoza
2026-04-05T18:42:02,355120,Lastarria,VIIRS750,0,0.00,1,sin anomalia,2026-10-05T14:24:05,mendoza
2026-04-05T19:18:00,355120,Lastarria,VIIRS375,0,0.00,1,sin anomalia,2026-10-05T14:24:05,mendoza
2026-04-05T19:18:00,355120,Lastarria,VIIRS750,0,0.00,1,sin anomalia,2026-10-05T14:24:05,mendoza
2026-04-05T20:05:00,355120,Lastarria,MODIS,0,0.00,1,sin anomalia,2026-10-05T14:24:05,mendoza
2026-04-06T02:10:00,355120,Lastarria,MODIS,0,0.00,1,sin anomalia,2026-10-05T14:24:05,mendoza
2026-04-06T05:12:01,355120,Lastarria,VIIRS375,0,0.00,1,sin anomalia,2026-10-05T14:24:05,mendoza
2026-04-06T05:12:01,355120,Lastarria,VIIRS750,0,0.00,1,sin anomalia,2026-10-05T14:24:05,mendoza
2026-04-06T06:00:02,355120,Lastarria,VIIRS750,0,0.00,1,sin anomalia,2026-10-05T14:24:05,mendoza
2026-04-06T06:30:00,355120,Lastarria,VIIRS375,0.11,2.19,1,muy baja,2026-10-05T14:24:05,mendoza
2026-04-06T06:30:00,355120,Lastarria,VIIRS750,0,0.00,1,sin anomalia,2026-10-05T14:24:05,mendoza
2026-04-06T07:00:00,355120,Lastarria,MODIS,0,0.00,1,sin anomalia,2026-10-05T14:24:05,mendoza
2026-04-06T17:36:01,355120,Lastarria,VIIRS375,2.14,10.30,0,fuera de radio,2026-10-05T14:24:05,mendoza
2026-04-06T17:36:01,355120,Lastarria,VIIRS750,0,0.00,1,sin anomalia,2026-10-05T14:24:05,mendoza
2026-04-06T18:24:02,355120,Lastarria,VIIRS750,0,0.00,1,sin anomalia,2026-10-05T14:24:05,mendoza
2026-04-06T18:54:00,355120,Lastarria,VIIRS375,3.43,10.67,0,fuera de radio,2026-10-05T14:24:05,mendoza
2026-04-06T18:54:00,355120,Lastarria,VIIRS750,0,0.00,1,sin anomalia,2026-10-05T14:24:05,mendoza
2026-04-06T19:18:01,355120,Lastarria,VIIRS375,0,0.00,1,sin anomalia,2026-10-05T14:24:05,mendoza
2026-04-06T19:18:01,355120,Lastarria,VIIRS750,0,0.00,1,sin anomalia,2026-10-05T14:24:05,mendoza
2026-04-06T20:45:00,355120,Lastarria,MODIS,0,0.00,1,sin anomalia,2026-10-05T14:24:05,mendoza
2026-04-07T01:10:00,355120,Lastarria,MODIS,0,0.00,1,sin anomalia,2026-10-05T14:24:05,mendoza
2026-04-07T04:48:01,355120,Lastarria,VIIRS375,0,0.00,1,sin anomalia,2026-10-05T14:24:05,mendoza
2026-04-07T04:48:01,355120,Lastarria,VIIRS750,0,0.00,1,sin anomalia,2026-10-05T14:24:05,mendoza
2026-04-07T05:42:02,355120,Lastarria,VIIRS750,0,0.00,1,sin anomalia,2026-10-05T14:24:05,mendoza
2026-04-07T06:30:01,355120,Lastarria,VIIRS375,0.09,1.55,1,muy baja,2026-10-05T14:24:05,mendoza
2026-04-07T06:30:01,355120,Lastarria,VIIRS750,0,0.00,1,sin anomalia,2026-10-05T14:24:05,mendoza
2026-04-07T07:40:00,355120,Lastarria,MODIS,0,0.00,1,sin anomalia,2026-10-05T14:24:05,mendoza
2026-04-07T13:45:00,355120,Lastarria,MODIS,0,0.00,1,sin anomalia,2026-10-05T14:24:05,mendoza
2026-04-07T17:18:01,355120,Lastarria,VIIRS375,0.61,9.86,0,fuera de radio,2026-10-05T14:24:05,mendoza
2026-04-07T17:18:01,355120,Lastarria,VIIRS750,0,0.00,1,sin anomalia,2026-10-05T14:24:05,mendoza
2026-04-07T18:36:00,355120,Lastarria,VIIRS750,0,0.00,1,sin anomalia,2026-10-05T14:24:05,mendoza
2026-04-07T19:00:01,355120,Lastarria,VIIRS375,2.87,10.67,0,fuera de radio,2026-10-05T14:24:05,mendoza
2026-04-07T19:45:00,355120,Lastarria,MODIS,0,0.00,1,sin anomalia,2026-10-05T14:24:05,mendoza
2026-04-08T01:50:00,355120,Lastarria,MODIS,0,0.00,1,sin anomalia,2026-10-05T14:24:05,mendoza
2026-04-08T05:18:02,355120,Lastarria,VIIRS750,0,0.00,1,sin anomalia,2026-10-05T14:24:05,mendoza
2026-04-08T06:12:01,355120,Lastarria,VIIRS375,0.16,1.55,1,muy baja,2026-10-05T14:24:05,mendoza
2026-04-08T06:12:01,355120,Lastarria,VIIRS750,0,0.00,1,sin anomalia,2026-10-05T14:24:05,mendoza
2026-04-08T12:45:00,355120,Lastarria,MODIS,0,0.00,1,sin anomalia,2026-10-05T14:24:05,mendoza
2026-04-08T17:48:02,355120,Lastarria,VIIRS750,0,0.00,1,sin anomalia,2026-10-05T14:24:05,mendoza
2026-04-08T18:18:00,355120,Lastarria,VIIRS375,3.21,10.67,0,fuera de radio,2026-10-05T14:24:05,mendoza
2026-04-08T18:42:01,355120,Lastarria,VIIRS375,1.98,10.30,0,fuera de radio,2026-10-05T14:24:05,mendoza
2026-04-08T18:42:01,355120,Lastarria,VIIRS750,0,0.00,1,sin anomalia,2026-10-05T14:24:05,mendoza
2026-04-08T20:20:00,355120,Lastarria,MODIS,0,0.00,1,sin anomalia,2026-10-05T14:24:05,mendoza
2026-04-09T05:00:02,355120,Lastarria,VIIRS375,0,0.00,1,sin anomalia,2026-10-05T14:24:05,mendoza
2026-04-09T05:54:01,355120,Lastarria,VIIRS375,0.44,18.10,0,fuera de radio,2026-10-05T14:24:05,mendoza
2026-04-09T05:54:01,355120,Lastarria,VIIRS750,0,0.00,1,sin anomalia,2026-10-05T14:24:05,mendoza
2026-04-09T07:15:00,355120,Lastarria,MODIS,0,0.00,1,sin anomalia,2026-10-05T14:24:05,mendoza
2026-04-09T13:25:00,355120,Lastarria,MODIS,0,0.00,1,sin anomalia,2026-10-05T14:24:05,mendoza
2026-04-09T17:30:02,355120,Lastarria,VIIRS375,1.12,10.30,0,fuera de radio,2026-10-05T14:24:05,mendoza
2026-04-09T17:30:02,355120,Lastarria,VIIRS750,0,0.00,1,sin anomalia,2026-10-05T14:24:05,mendoza
2026-04-09T18:00:00,355120,Lastarria,VIIRS375,0,0.00,1,sin anomalia,2026-10-05T14:24:05,mendoza
2026-04-09T18:18:01,355120,Lastarria,VIIRS375,2.9,10.67,0,fuera de radio,2026-10-05T14:24:05,mendoza
2026-04-09T18:18:01,355120,Lastarria,VIIRS750,0,0.00,1,sin anomalia,2026-10-05T14:24:05,mendoza
2026-04-09T19:12:02,355120,Lastarria,VIIRS750,0,0.00,1,sin anomalia,2026-10-05T14:24:05,mendoza
2026-04-09T19:20:00,355120,Lastarria,MODIS,0,0.00,1,sin anomalia,2026-10-05T14:24:05,mendoza
2026-04-10T01:30:00,355120,Lastarria,MODIS,0,0.00,1,sin anomalia,2026-10-05T14:24:05,mendoza
2026-04-10T04:42:02,355120,Lastarria,VIIRS375,0,0.00,1,sin anomalia,2026-10-05T14:24:05,mendoza
2026-04-10T04:42:02,355120,Lastarria,VIIRS750,0,0.00,1,sin anomalia,2026-10-05T14:24:05,mendoza
2026-04-10T05:36:01,355120,Lastarria,VIIRS375,0.34,25.33,0,fuera de radio,2026-10-05T14:24:05,mendoza
2026-04-10T05:36:01,355120,Lastarria,VIIRS750,0,0.00,1,sin anomalia,2026-10-05T14:24:05,mendoza
2026-04-10T06:24:02,355120,Lastarria,VIIRS750,0,0.00,1,sin anomalia,2026-10-05T14:24:05,mendoza
2026-04-10T07:55:00,355120,Lastarria,MODIS,0,0.00,1,sin anomalia,2026-10-05T14:24:05,mendoza
2026-04-10T12:25:00,355120,Lastarria,MODIS,0,0.00,1,sin anomalia,2026-10-05T14:24:05,mendoza
2026-04-10T17:42:00,355120,Lastarria,VIIRS750,0,0.00,1,sin anomalia,2026-10-05T14:24:05,mendoza
2026-04-10T18:00:01,355120,Lastarria,VIIRS375,0,0.00,1,sin anomalia,2026-10-05T14:24:05,mendoza
2026-04-10T18:00:01,355120,Lastarria,VIIRS750,0,0.00,1,sin anomalia,2026-10-05T14:24:05,mendoza
2026-04-10T18:48:02,355120,Lastarria,VIIRS375,0,0.00,1,sin anomalia,2026-10-05T14:24:05,mendoza
2026-04-10T19:24:00,355120,Lastarria,VIIRS375,0,0.00,1,sin anomalia,2026-10-05T14:24:05,mendoza
2026-04-10T19:24:00,355120,Lastarria,VIIRS750,0,0.00,1,sin anomalia,2026-10-05T14:24:05,mendoza
2026-04-11T02:10:00,355120,Lastarria,MODIS,0,0.00,1,sin anomalia,2026-10-05T14:24:05,mendoza
2026-04-11T05:18:01,355120,Lastarria,VIIRS375,0,0.00,1,sin anomalia,2026-10-05T14:24:05,mendoza
2026-04-11T05:18:01,355120,Lastarria,VIIRS750,0,0.00,1,sin anomalia,2026-10-05T14:24:05,mendoza
2026-04-11T06:06:02,355120,Lastarria,VIIRS375,0.12,2.40,1,muy baja,2026-10-05T14:24:05,mendoza
2026-04-11T06:36:00,355120,Lastarria,VIIRS375,0,0.00,1,sin anomalia,2026-10-05T14:24:05,mendoza
2026-04-11T06:36:00,355120,Lastarria,VIIRS750,0,0.00,1,sin anomalia,2026-10-05T14:24:05,mendoza
2026-04-11T06:55:00,355120,Lastarria,MODIS,0,0.00,1,sin anomalia,2026-10-05T14:24:05,mendoza
2026-04-11T13:05:00,355120,Lastarria,MODIS,0,0.00,1,sin anomalia,2026-10-05T14:24:05,mendoza
2026-04-11T17:24:00,355120,Lastarria,VIIRS750,0,0.00,1,sin anomalia,2026-10-05T14:24:05,mendoza
2026-04-11T17:42:01,355120,Lastarria,VIIRS375,0.03,30.50,0,fuera de radio,2026-10-05T14:24:05,mendoza
2026-04-11T17:42:01,355120,Lastarria,VIIRS750,0,0.00,1,sin anomalia,2026-10-05T14:24:05,mendoza
2026-04-11T18:30:02,355120,Lastarria,VIIRS375,0,0.00,1,sin anomalia,2026-10-05T14:24:05,mendoza
2026-04-11T18:30:02,355120,Lastarria,VIIRS750,0,0.00,1,sin anomalia,2026-10-05T14:24:05,mendoza
2026-04-11T19:06:00,355120,Lastarria,VIIRS375,0,0.00,1,sin anomalia,2026-10-05T14:24:05,mendoza
2026-04-11T19:06:00,355120,Lastarria,VIIRS750,0,0.00,1,sin anomalia,2026-10-05T14:24:05,mendoza
2026-04-11T20:35:00,355120,Lastarria,MODIS,0,0.00,1,sin anomalia,2026-10-05T14:24:05,mendoza
2026-04-12T05:00:01,355120,Lastarria,VIIRS375,0,0.00,1,sin anomalia,2026-10-05T14:24:05,mendoza
2026-04-12T05:00:01,355120,Lastarria,VIIRS750,0,0.00,1,sin anomalia,2026-10-05T14:24:05,mendoza
2026-04-12T05:48:02,355120,Lastarria,VIIRS375,0.15,2.40,1,muy baja,2026-10-05T14:24:05,mendoza
2026-04-12T05:48:02,355120,Lastarria,VIIRS750,0,0.00,1,sin anomalia,2026-10-05T14:24:05,mendoza
2026-04-12T06:36:01,355120,Lastarria,VIIRS375,0,0.00,1,sin anomalia,2026-10-05T14:24:05,mendoza
2026-04-12T06:36:01,355120,Lastarria,VIIRS750,0,0.00,1,sin anomalia,2026-10-05T14:24:05,mendoza
2026-04-12T07:30:00,355120,Lastarria,MODIS,0,0.00,1,sin anomalia,2026-10-05T14:24:05,mendoza
2026-04-12T13:45:00,355120,Lastarria,MODIS,0,0.00,1,sin anomalia,2026-10-05T14:24:05,mendoza
2026-04-12T17:24:01,355120,Lastarria,VIIRS375,0,0.00,1,sin anomalia,2026-10-05T14:24:05,mendoza
2026-04-12T17:24:01,355120,Lastarria,VIIRS750,0,0.00,1,sin anomalia,2026-10-05T14:24:05,mendoza
2026-04-12T18:12:02,355120,Lastarria,VIIRS375,1.38,10.30,0,fuera de radio,2026-10-05T14:24:05,mendoza
2026-04-12T18:12:02,355120,Lastarria,VIIRS750,0,0.00,1,sin anomalia,2026-10-05T14:24:05,mendoza
2026-04-12T18:42:00,355120,Lastarria,VIIRS375,0,0.00,1,sin anomalia,2026-10-05T14:24:05,mendoza
2026-04-12T18:42:00,355120,Lastarria,VIIRS750,0,0.00,1,sin anomalia,2026-10-05T14:24:05,mendoza
2026-04-12T19:06:01,355120,Lastarria,VIIRS375,2.97,10.67,0,fuera de radio,2026-10-05T14:24:05,mendoza
2026-04-12T19:06:01,355120,Lastarria,VIIRS750,0,0.00,1,sin anomalia,2026-10-05T14:24:05,mendoza
2026-04-12T19:35:00,355120,Lastarria,MODIS,0,0.00,1,sin anomalia,2026-10-05T14:24:05,mendoza
2026-04-13T05:30:02,355120,Lastarria,VIIRS750,0,0.00,1,sin anomalia,2026-10-05T14:24:05,mendoza
2026-04-13T06:18:01,355120,Lastarria,VIIRS375,0.23,2.70,1,muy baja,2026-10-05T14:24:05,mendoza
2026-04-13T06:18:01,355120,Lastarria,VIIRS750,0,0.00,1,sin anomalia,2026-10-05T14:24:05,mendoza
2026-04-13T08:10:00,355120,Lastarria,MODIS,0,0.00,1,sin anomalia,2026-10-05T14:24:05,mendoza
2026-04-13T12:45:00,355120,Lastarria,MODIS,0,0.00,1,sin anomalia,2026-10-05T14:24:05,mendoza
2026-04-13T17:54:02,355120,Lastarria,VIIRS750,0,0.00,1,sin anomalia,2026-10-05T14:24:05,mendoza
2026-04-13T18:24:00,355120,Lastarria,VIIRS750,0,0.00,1,sin anomalia,2026-10-05T14:24:05,mendoza
2026-04-13T18:48:01,355120,Lastarria,VIIRS375,0,0.00,1,sin anomalia,2026-10-05T14:24:05,mendoza
2026-04-13T18:48:01,355120,Lastarria,VIIRS750,0,0.00,1,sin anomalia,2026-10-05T14:24:05,mendoza
2026-04-13T20:15:00,355120,Lastarria,MODIS,0,0.00,1,sin anomalia,2026-10-05T14:24:05,mendoza
2026-04-14T02:30:00,355120,Lastarria,MODIS,0,0.00,1,sin anomalia,2026-10-05T14:24:05,mendoza
2026-04-14T05:06:02,355120,Lastarria,VIIRS375,0,0.00,1,sin anomalia,2026-10-05T14:24:05,mendoza
2026-04-14T05:06:02,355120,Lastarria,VIIRS750,0,0.00,1,sin anomalia,2026-10-05T14:24:05,mendoza
2026-04-14T06:00:01,355120,Lastarria,VIIRS375,1.13,24.12,0,fuera de radio,2026-10-05T14:24:05,mendoza
2026-04-14T06:00:01,355120,Lastarria,VIIRS750,0,0.00,1,sin anomalia,2026-10-05T14:24:05,mendoza
2026-04-14T07:10:00,355120,Lastarria,MODIS,0,0.00,1,sin anomalia,2026-10-05T14:24:05,mendoza
2026-04-14T13:25:00,355120,Lastarria,MODIS,0,0.00,1,sin anomalia,2026-10-05T14:24:05,mendoza
2026-04-14T17:36:02,355120,Lastarria,VIIRS375,0,0.00,1,sin anomalia,2026-10-05T14:24:05,mendoza
2026-04-14T17:36:02,355120,Lastarria,VIIRS750,0,0.00,1,sin anomalia,2026-10-05T14:24:05,mendoza
2026-04-14T18:06:00,355120,Lastarria,VIIRS375,0,0.00,1,sin anomalia,2026-10-05T14:24:05,mendoza
2026-04-14T18:06:00,355120,Lastarria,VIIRS750,0,0.00,1,sin anomalia,2026-10-05T14:24:05,mendoza
2026-04-14T18:24:01,355120,Lastarria,VIIRS375,0,0.00,1,sin anomalia,2026-10-05T14:24:05,mendoza
2026-04-14T18:24:01,355120,Lastarria,VIIRS750,0,0.00,1,sin anomalia,2026-10-05T14:24:05,mendoza
2026-04-14T19:18:02,355120,Lastarria,VIIRS375,0,0.00,1,sin anomalia,2026-10-05T14:24:05,mendoza
2026-04-14T19:18:02,355120,Lastarria,VIIRS750,0,0.00,1,sin anomalia,2026-10-05T14:24:05,mendoza
2026-04-14T20:55:00,355120,Lastarria,MODIS,0,0.00,1,sin anomalia,2026-10-05T14:24:05,mendoza
2026-04-15T01:30:00,355120,Lastarria,MODIS,0,0.00,1,sin anomalia,2026-10-05T14:24:05,mendoza
2026-04-15T04:48:02,355120,Lastarria,VIIRS375,0,0.00,1,sin anomalia,2026-10-05T14:24:05,mendoza
2026-04-15T04:48:02,355120,Lastarria,VIIRS750,0,0.00,1,sin anomalia,2026-10-05T14:24:05,mendoza
2026-04-15T05:42:01,355120,Lastarria,VIIRS375,0.14,2.70,1,muy baja,2026-10-05T14:24:05,mendoza
2026-04-15T05:42:01,355120,Lastarria,VIIRS750,0,0.00,1,sin anomalia,2026-10-05T14:24:05,mendoza
2026-04-15T06:30:02,355120,Lastarria,VIIRS375,0.16,1.91,1,muy baja,2026-10-05T14:24:05,mendoza
2026-04-15T06:30:02,355120,Lastarria,VIIRS750,0,0.00,1,sin anomalia,2026-10-05T14:24:05,mendoza
2026-04-15T07:50:00,355120,Lastarria,MODIS,0,0.00,1,sin anomalia,2026-10-05T14:24:05,mendoza
2026-04-15T12:25:00,355120,Lastarria,MODIS,0,0.00,1,sin anomalia,2026-10-05T14:24:05,mendoza
2026-04-15T17:18:02,355120,Lastarria,VIIRS375,0,0.00,1,sin anomalia,2026-10-05T14:24:05,mendoza
2026-04-15T17:18:02,355120,Lastarria,VIIRS750,0,0.00,1,sin anomalia,2026-10-05T14:24:05,mendoza
2026-04-15T17:48:00,355120,Lastarria,VIIRS375,0,0.00,1,sin anomalia,2026-10-05T14:24:05,mendoza
2026-04-15T17:48:00,355120,Lastarria,VIIRS750,0,0.00,1,sin anomalia,2026-10-05T14:24:05,mendoza
2026-04-15T18:06:01,355120,Lastarria,VIIRS750,0,0.00,1,sin anomalia,2026-10-05T14:24:05,mendoza
2026-04-15T18:54:02,355120,Lastarria,VIIRS375,1.29,10.30,0,fuera de radio,2026-10-05T14:24:05,mendoza
2026-04-15T18:54:02,355120,Lastarria,VIIRS750,0,0.00,1,sin anomalia,2026-10-05T14:24:05,mendoza
2026-04-15T19:55:00,355120,Lastarria,MODIS,0,0.00,1,sin anomalia,2026-10-05T14:24:05,mendoza
2026-04-16T02:10:00,355120,Lastarria,MODIS,0,0.00,1,sin anomalia,2026-10-05T14:24:05,mendoza
2026-04-16T05:24:01,355120,Lastarria,VIIRS375,0.07,2.40,1,muy baja,2026-10-05T14:24:05,mendoza
2026-04-16T05:24:01,355120,Lastarria,VIIRS750,0,0.00,1,sin anomalia,2026-10-05T14:24:05,mendoza
2026-04-16T06:12:02,355120,Lastarria,VIIRS375,0.46,9.58,0,fuera de radio,2026-10-05T14:24:05,mendoza
2026-04-16T06:12:02,355120,Lastarria,VIIRS750,0,0.00,1,sin anomalia,2026-10-05T14:24:05,mendoza
2026-04-16T06:42:00,355120,Lastarria,VIIRS375,0.09,1.55,1,muy baja,2026-10-05T14:24:05,mendoza
2026-04-16T06:42:00,355120,Lastarria,VIIRS750,0,0.00,1,sin anomalia,2026-10-05T14:24:05,mendoza
2026-04-16T06:50:00,355120,Lastarria,MODIS,0,0.00,1,sin anomalia,2026-10-05T14:24:05,mendoza
2026-04-16T13:05:00,355120,Lastarria,MODIS,0,0.00,1,sin anomalia,2026-10-05T14:24:05,mendoza
2026-04-16T17:30:00,355120,Lastarria,VIIRS375,1.88,10.67,0,fuera de radio,2026-10-05T14:24:05,mendoza
2026-04-16T17:30:00,355120,Lastarria,VIIRS750,0,0.00,1,sin anomalia,2026-10-05T14:24:05,mendoza
2026-04-16T17:48:01,355120,Lastarria,VIIRS375,0,0.00,1,sin anomalia,2026-10-05T14:24:05,mendoza
2026-04-16T17:48:01,355120,Lastarria,VIIRS750,0,0.00,1,sin anomalia,2026-10-05T14:24:05,mendoza
2026-04-16T18:36:02,355120,Lastarria,VIIRS750,0,0.00,1,sin anomalia,2026-10-05T14:24:05,mendoza
2026-04-16T19:12:00,355120,Lastarria,VIIRS375,0.81,10.24,0,fuera de radio,2026-10-05T14:24:05,mendoza
2026-04-16T19:12:00,355120,Lastarria,VIIRS750,0,0.00,1,sin anomalia,2026-10-05T14:24:05,mendoza
2026-04-16T20:30:00,355120,Lastarria,MODIS,0,0.00,1,sin anomalia,2026-10-05T14:24:05,mendoza
2026-04-17T01:10:00,355120,Lastarria,MODIS,0,0.00,1,sin anomalia,2026-10-05T14:24:05,mendoza
2026-04-17T05:06:01,355120,Lastarria,VIIRS375,0,0.00,1,sin anomalia,2026-10-05T14:24:05,mendoza
2026-04-17T05:06:01,355120,Lastarria,VIIRS750,0,0.00,1,sin anomalia,2026-10-05T14:24:05,mendoza
2026-04-17T05:54:02,355120,Lastarria,VIIRS375,0.21,2.40,1,muy baja,2026-10-05T14:24:05,mendoza
2026-04-17T05:54:02,355120,Lastarria,VIIRS750,0,0.00,1,sin anomalia,2026-10-05T14:24:05,mendoza
2026-04-17T06:24:00,355120,Lastarria,VIIRS375,0.18,2.40,1,muy baja,2026-10-05T14:24:05,mendoza
2026-04-17T06:24:00,355120,Lastarria,VIIRS750,0,0.00,1,sin anomalia,2026-10-05T14:24:05,mendoza
2026-04-17T07:25:00,355120,Lastarria,MODIS,0,0.00,1,sin anomalia,2026-10-05T14:24:05,mendoza
2026-04-17T13:45:00,355120,Lastarria,MODIS,0,0.00,1,sin anomalia,2026-10-05T14:24:05,mendoza
2026-04-17T17:30:01,355120,Lastarria,VIIRS375,1.23,10.30,0,fuera de radio,2026-10-05T14:24:05,mendoza
2026-04-17T17:30:01,355120,Lastarria,VIIRS750,0,0.00,1,sin anomalia,2026-10-05T14:24:05,mendoza
2026-04-17T18:18:02,355120,Lastarria,VIIRS375,0,0.00,1,sin anomalia,2026-10-05T14:24:05,mendoza
2026-04-17T18:18:02,355120,Lastarria,VIIRS750,0,0.00,1,sin anomalia,2026-10-05T14:24:05,mendoza
2026-04-17T18:48:00,355120,Lastarria,VIIRS750,0,0.00,1,sin anomalia,2026-10-05T14:24:05,mendoza
2026-04-17T19:12:01,355120,Lastarria,VIIRS375,2.85,10.30,0,fuera de radio,2026-10-05T14:24:05,mendoza
2026-04-17T19:12:01,355120,Lastarria,VIIRS750,0,0.00,1,sin anomalia,2026-10-05T14:24:05,mendoza
2026-04-17T19:30:00,355120,Lastarria,MODIS,0,0.00,1,sin anomalia,2026-10-05T14:24:05,mendoza
2026-04-18T01:50:00,355120,Lastarria,MODIS,0,0.00,1,sin anomalia,2026-10-05T14:24:05,mendoza
2026-04-18T04:42:01,355120,Lastarria,VIIRS750,0,0.00,1,sin anomalia,2026-10-05T14:24:05,mendoza
2026-04-18T05:36:02,355120,Lastarria,VIIRS375,0.15,2.19,1,muy baja,2026-10-05T14:24:05,mendoza
2026-04-18T05:36:02,355120,Lastarria,VIIRS750,0,0.00,1,sin anomalia,2026-10-05T14:24:05,mendoza
2026-04-18T06:24:01,355120,Lastarria,VIIRS375,0.1,1.55,1,muy baja,2026-10-05T14:24:05,mendoza
2026-04-18T06:24:01,355120,Lastarria,VIIRS750,0,0.00,1,sin anomalia,2026-10-05T14:24:05,mendoza
2026-04-18T08:05:00,355120,Lastarria,MODIS,0,0.00,1,sin anomalia,2026-10-05T14:24:05,mendoza
2026-04-18T12:45:00,355120,Lastarria,MODIS,0,0.00,1,sin anomalia,2026-10-05T14:24:05,mendoza
2026-04-18T18:00:02,355120,Lastarria,VIIRS375,0,0.00,1,sin anomalia,2026-10-05T14:24:05,mendoza
2026-04-18T18:00:02,355120,Lastarria,VIIRS750,0,0.00,1,sin anomalia,2026-10-05T14:24:05,mendoza
2026-04-18T18:30:00,355120,Lastarria,VIIRS750,0,0.00,1,sin anomalia,2026-10-05T14:24:05,mendoza
2026-04-18T18:54:01,355120,Lastarria,VIIRS375,3.74,10.67,0,fuera de radio,2026-10-05T14:24:05,mendoza
2026-04-18T18:54:01,355120,Lastarria,VIIRS750,0,0.00,1,sin anomalia,2026-10-05T14:24:05,mendoza
2026-04-18T20:10:00,355120,Lastarria,MODIS,0,0.00,1,sin anomalia,2026-10-05T14:24:05,mendoza
2026-04-19T02:30:00,355120,Lastarria,MODIS,0,0.00,1,sin anomalia,2026-10-05T14:24:05,mendoza
2026-04-19T05:12:02,355120,Lastarria,VIIRS375,0,0.00,1,sin anomalia,2026-10-05T14:24:05,mendoza
2026-04-19T05:12:02,355120,Lastarria,VIIRS750,0,0.00,1,sin anomalia,2026-10-05T14:24:05,mendoza
2026-04-19T06:06:01,355120,Lastarria,VIIRS375,0.03,1.55,1,muy baja,2026-10-05T14:24:05,mendoza
2026-04-19T06:06:01,355120,Lastarria,VIIRS750,0,0.00,1,sin anomalia,2026-10-05T14:24:05,mendoza
2026-04-19T07:05:00,355120,Lastarria,MODIS,0,0.00,1,sin anomalia,2026-10-05T14:24:05,mendoza
2026-04-19T13:25:00,355120,Lastarria,MODIS,0,0.00,1,sin anomalia,2026-10-05T14:24:05,mendoza
2026-04-19T17:42:02,355120,Lastarria,VIIRS375,3.31,10.67,0,fuera de radio,2026-10-05T14:24:05,mendoza
2026-04-19T17:42:02,355120,Lastarria,VIIRS750,0,0.00,1,sin anomalia,2026-10-05T14:24:05,mendoza
2026-04-19T18:12:00,355120,Lastarria,VIIRS375,2.23,10.88,0,fuera de radio,2026-10-05T14:24:05,mendoza
2026-04-19T18:12:00,355120,Lastarria,VIIRS750,0,0.00,1,sin anomalia,2026-10-05T14:24:05,mendoza
2026-04-19T18:30:01,355120,Lastarria,VIIRS375,0,0.00,1,sin anomalia,2026-10-05T14:24:05,mendoza
2026-04-19T18:30:01,355120,Lastarria,VIIRS750,0,0.00,1,sin anomalia,2026-10-05T14:24:05,mendoza
2026-04-20T01:30:00,355120,Lastarria,MODIS,0,0.00,1,sin anomalia,2026-10-05T14:24:05,mendoza
2026-04-20T04:54:02,355120,Lastarria,VIIRS750,0,0.00,1,sin anomalia,2026-10-05T14:24:05,mendoza
2026-04-20T05:48:01,355120,Lastarria,VIIRS375,0.08,2.40,1,muy baja,2026-10-05T14:24:05,mendoza
2026-04-20T05:48:01,355120,Lastarria,VIIRS750,0,0.00,1,sin anomalia,2026-10-05T14:24:05,mendoza
2026-04-20T06:36:02,355120,Lastarria,VIIRS750,0,0.00,1,sin anomalia,2026-10-05T14:24:05,mendoza
2026-04-20T07:40:00,355120,Lastarria,MODIS,0,0.00,1,sin anomalia,2026-10-05T14:24:05,mendoza
2026-04-20T12:25:00,355120,Lastarria,MODIS,0,0.00,1,sin anomalia,2026-10-05T14:24:05,mendoza
2026-04-20T17:24:02,355120,Lastarria,VIIRS750,0,0.00,1,sin anomalia,2026-10-05T14:24:05,mendoza
2026-04-20T17:54:00,355120,Lastarria,VIIRS750,0,0.00,1,sin anomalia,2026-10-05T14:24:05,mendoza
2026-04-20T18:12:01,355120,Lastarria,VIIRS375,0,0.00,1,sin anomalia,2026-10-05T14:24:05,mendoza
2026-04-20T18:12:01,355120,Lastarria,VIIRS750,0,0.00,1,sin anomalia,2026-10-05T14:24:05,mendoza
2026-04-20T19:00:02,355120,Lastarria,VIIRS375,0,0.00,1,sin anomalia,2026-10-05T14:24:05,mendoza
2026-04-20T19:00:02,355120,Lastarria,VIIRS750,0,0.00,1,sin anomalia,2026-10-05T14:24:05,mendoza
2026-04-20T19:50:00,355120,Lastarria,MODIS,0,0.00,1,sin anomalia,2026-10-05T14:24:05,mendoza
2026-04-21T05:30:01,355120,Lastarria,VIIRS375,0,0.00,1,sin anomalia,2026-10-05T14:24:05,mendoza
2026-04-21T05:30:01,355120,Lastarria,VIIRS750,0,0.00,1,sin anomalia,2026-10-05T14:24:05,mendoza
2026-04-21T06:18:02,355120,Lastarria,VIIRS375,0,0.00,1,sin anomalia,2026-10-05T14:24:05,mendoza
2026-04-21T06:18:02,355120,Lastarria,VIIRS750,0,0.00,1,sin anomalia,2026-10-05T14:24:05,mendoza
2026-04-21T06:48:00,355120,Lastarria,VIIRS375,0,0.00,1,sin anomalia,2026-10-05T14:24:05,mendoza
2026-04-21T06:48:00,355120,Lastarria,VIIRS750,0,0.00,1,sin anomalia,2026-10-05T14:24:05,mendoza
2026-04-21T08:20:00,355120,Lastarria,MODIS,0,0.00,1,sin anomalia,2026-10-05T14:24:05,mendoza
2026-04-21T13:05:00,355120,Lastarria,MODIS,0,0.00,1,sin anomalia,2026-10-05T14:24:05,mendoza
2026-04-21T17:36:00,355120,Lastarria,VIIRS375,0,0.00,1,sin anomalia,2026-10-05T14:24:05,mendoza
2026-04-21T17:36:00,355120,Lastarria,VIIRS750,0,0.00,1,sin anomalia,2026-10-05T14:24:05,mendoza
2026-04-21T17:54:01,355120,Lastarria,VIIRS375,1.83,10.67,0,fuera de radio,2026-10-05T14:24:05,mendoza
2026-04-21T17:54:01,355120,Lastarria,VIIRS750,0,0.00,1,sin anomalia,2026-10-05T14:24:05,mendoza
2026-04-21T18:42:02,355120,Lastarria,VIIRS375,1.18,10.30,0,fuera de radio,2026-10-05T14:24:05,mendoza
2026-04-21T18:42:02,355120,Lastarria,VIIRS750,0,0.00,1,sin anomalia,2026-10-05T14:24:05,mendoza
2026-04-21T19:18:00,355120,Lastarria,VIIRS375,3.66,10.61,0,fuera de radio,2026-10-05T14:24:05,mendoza
2026-04-21T19:18:00,355120,Lastarria,VIIRS750,0,0.00,1,sin anomalia,2026-10-05T14:24:05,mendoza
2026-04-21T20:25:00,355120,Lastarria,MODIS,0,0.00,1,sin anomalia,2026-10-05T14:24:05,mendoza
2026-04-22T01:10:00,355120,Lastarria,MODIS,0,0.00,1,sin anomalia,2026-10-05T14:24:05,mendoza
2026-04-22T05:12:01,355120,Lastarria,VIIRS375,0,0.00,1,sin anomalia,2026-10-05T14:24:05,mendoza
2026-04-22T05:12:01,355120,Lastarria,VIIRS750,0,0.00,1,sin anomalia,2026-10-05T14:24:05,mendoza
2026-04-22T06:00:02,355120,Lastarria,VIIRS375,0.6,20.80,0,fuera de radio,2026-10-05T14:24:05,mendoza
2026-04-22T06:00:02,355120,Lastarria,VIIRS750,0,0.00,1,sin anomalia,2026-10-05T14:24:05,mendoza
2026-04-22T06:30:00,355120,Lastarria,VIIRS375,0.05,1.55,1,muy baja,2026-10-05T14:24:05,mendoza
2026-04-22T06:30:00,355120,Lastarria,VIIRS750,0,0.00,1,sin anomalia,2026-10-05T14:24:05,mendoza
2026-04-22T07:20:00,355120,Lastarria,MODIS,0,0.00,1,sin anomalia,2026-10-05T14:24:05,mendoza
2026-04-22T13:45:00,355120,Lastarria,MODIS,0,0.00,1,sin anomalia,2026-10-05T14:24:05,mendoza
2026-04-22T17:36:01,355120,Lastarria,VIIRS375,0,0.00,1,sin anomalia,2026-10-05T14:24:05,mendoza
2026-04-22T18:24:02,355120,Lastarria,VIIRS750,0,0.00,1,sin anomalia,2026-10-05T14:24:05,mendoza
2026-04-22T19:00:00,355120,Lastarria,VIIRS375,1.01,10.67,0,fuera de radio,2026-10-05T14:24:05,mendoza
2026-04-22T19:00:00,355120,Lastarria,VIIRS750,0,0.00,1,sin anomalia,2026-10-05T14:24:05,mendoza
2026-04-22T19:18:01,355120,Lastarria,VIIRS375,0.74,10.24,0,fuera de radio,2026-10-05T14:24:05,mendoza
2026-04-22T19:18:01,355120,Lastarria,VIIRS750,0,0.00,1,sin anomalia,2026-10-05T14:24:05,mendoza
2026-04-22T19:25:00,355120,Lastarria,MODIS,0,0.00,1,sin anomalia,2026-10-05T14:24:05,mendoza
2026-04-23T01:50:00,355120,Lastarria,MODIS,0,0.00,1,sin anomalia,2026-10-05T14:24:05,mendoza
2026-04-23T04:48:01,355120,Lastarria,VIIRS375,0,0.00,1,sin anomalia,2026-10-05T14:24:05,mendoza
2026-04-23T04:48:01,355120,Lastarria,VIIRS750,0,0.00,1,sin anomalia,2026-10-05T14:24:05,mendoza
2026-04-23T05:42:02,355120,Lastarria,VIIRS750,0,0.00,1,sin anomalia,2026-10-05T14:24:05,mendoza
2026-04-23T06:30:01,355120,Lastarria,VIIRS375,0.07,1.91,1,muy baja,2026-10-05T14:24:05,mendoza
2026-04-23T06:30:01,355120,Lastarria,VIIRS750,0,0.00,1,sin anomalia,2026-10-05T14:24:05,mendoza
2026-04-23T08:00:00,355120,Lastarria,MODIS,0,0.00,1,sin anomalia,2026-10-05T14:24:05,mendoza
2026-04-23T12:45:00,355120,Lastarria,MODIS,0,0.00,1,sin anomalia,2026-10-05T14:24:05,mendoza
2026-04-23T17:18:01,355120,Lastarria,VIIRS375,1.54,10.67,0,fuera de radio,2026-10-05T14:24:05,mendoza
2026-04-23T18:36:00,355120,Lastarria,VIIRS375,2.52,10.67,0,fuera de radio,2026-10-05T14:24:05,mendoza
2026-04-23T19:00:01,355120,Lastarria,VIIRS375,3.33,10.88,0,fuera de radio,2026-10-05T14:24:05,mendoza
2026-04-23T19:00:01,355120,Lastarria,VIIRS750,0,0.00,1,sin anomalia,2026-10-05T14:24:05,mendoza
2026-04-23T20:05:00,355120,Lastarria,MODIS,0,0.00,1,sin anomalia,2026-10-05T14:24:05,mendoza
2026-04-24T05:18:02,355120,Lastarria,VIIRS375,0,0.00,1,sin anomalia,2026-10-05T14:24:05,mendoza
2026-04-24T05:18:02,355120,Lastarria,VIIRS750,0,0.00,1,sin anomalia,2026-10-05T14:24:05,mendoza
2026-04-24T06:12:01,355120,Lastarria,VIIRS750,0,0.00,1,sin anomalia,2026-10-05T14:24:05,mendoza
2026-04-24T07:00:00,355120,Lastarria,MODIS,0,0.00,1,sin anomalia,2026-10-05T14:24:05,mendoza
2026-04-24T13:25:00,355120,Lastarria,MODIS,0,0.00,1,sin anomalia,2026-10-05T14:24:05,mendoza
2026-04-24T17:48:02,355120,Lastarria,VIIRS375,2.27,10.67,0,fuera de radio,2026-10-05T14:24:05,mendoza
2026-04-24T17:48:02,355120,Lastarria,VIIRS750,0,0.00,1,sin anomalia,2026-10-05T14:24:05,mendoza
2026-04-24T18:18:00,355120,Lastarria,VIIRS375,2.16,10.67,0,fuera de radio,2026-10-05T14:24:05,mendoza
2026-04-24T18:18:00,355120,Lastarria,VIIRS750,0,0.00,1,sin anomalia,2026-10-05T14:24:05,mendoza
2026-04-24T18:42:01,355120,Lastarria,VIIRS375,2.8,11.31,0,fuera de radio,2026-10-05T14:24:05,mendoza
2026-04-24T18:42:01,355120,Lastarria,VIIRS750,0,0.00,1,sin anomalia,2026-10-05T14:24:05,mendoza
2026-04-24T20:40:00,355120,Lastarria,MODIS,0,0.00,1,sin anomalia,2026-10-05T14:24:05,mendoza
2026-04-25T01:30:00,355120,Lastarria,MODIS,0,0.00,1,sin anomalia,2026-10-05T14:24:05,mendoza
2026-04-25T05:54:01,355120,Lastarria,VIIRS375,0.14,2.70,1,muy baja,2026-10-05T14:24:05,mendoza
2026-04-25T05:54:01,355120,Lastarria,VIIRS750,0,0.00,1,sin anomalia,2026-10-05T14:24:05,mendoza
2026-04-25T06:42:02,355120,Lastarria,VIIRS375,0,0.00,1,sin anomalia,2026-10-05T14:24:05,mendoza
2026-04-25T06:42:02,355120,Lastarria,VIIRS750,0,0.00,1,sin anomalia,2026-10-05T14:24:05,mendoza
2026-04-25T07:35:00,355120,Lastarria,MODIS,0,0.00,1,sin anomalia,2026-10-05T14:24:05,mendoza
2026-04-25T12:25:00,355120,Lastarria,MODIS,0,0.00,1,sin anomalia,2026-10-05T14:24:05,mendoza
2026-04-25T17:30:02,355120,Lastarria,VIIRS375,2.85,10.67,0,fuera de radio,2026-10-05T14:24:05,mendoza
2026-04-25T17:30:02,355120,Lastarria,VIIRS750,0,0.00,1,sin anomalia,2026-10-05T14:24:05,mendoza
2026-04-25T18:00:00,355120,Lastarria,VIIRS750,0,0.00,1,sin anomalia,2026-10-05T14:24:05,mendoza
2026-04-25T18:18:01,355120,Lastarria,VIIRS375,4.9,11.31,0,fuera de radio,2026-10-05T14:24:05,mendoza
2026-04-25T18:18:01,355120,Lastarria,VIIRS750,0,0.00,1,sin anomalia,2026-10-05T14:24:05,mendoza
2026-04-25T19:12:02,355120,Lastarria,VIIRS375,0,0.00,1,sin anomalia,2026-10-05T14:24:05,mendoza
2026-04-25T19:12:02,355120,Lastarria,VIIRS750,0,0.00,1,sin anomalia,2026-10-05T14:24:05,mendoza
2026-04-25T19:40:00,355120,Lastarria,MODIS,0,0.00,1,sin anomalia,2026-10-05T14:24:05,mendoza
2026-04-26T02:10:00,355120,Lastarria,MODIS,0,0.00,1,sin anomalia,2026-10-05T14:24:05,mendoza
2026-04-26T04:42:02,355120,Lastarria,VIIRS375,0,0.00,1,sin anomalia,2026-10-05T14:24:05,mendoza
2026-04-26T04:42:02,355120,Lastarria,VIIRS750,0,0.00,1,sin anomalia,2026-10-05T14:24:05,mendoza
2026-04-26T05:36:01,355120,Lastarria,VIIRS375,0.31,29.03,0,fuera de radio,2026-10-05T14:24:05,mendoza
2026-04-26T06:24:02,355120,Lastarria,VIIRS375,0.11,1.55,1,muy baja,2026-10-05T14:24:05,mendoza
2026-04-26T06:24:02,355120,Lastarria,VIIRS750,0,0.00,1,sin anomalia,2026-10-05T14:24:05,mendoza
2026-04-26T08:15:00,355120,Lastarria,MODIS,0,0.00,1,sin anomalia,2026-10-05T14:24:05,mendoza
2026-04-26T13:05:00,355120,Lastarria,MODIS,0,0.00,1,sin anomalia,2026-10-05T14:24:05,mendoza
2026-04-26T18:00:01,355120,Lastarria,VIIRS375,3.86,10.30,0,fuera de radio,2026-10-05T14:24:05,mendoza
2026-04-26T18:00:01,355120,Lastarria,VIIRS750,0,0.00,1,sin anomalia,2026-10-05T14:24:05,mendoza
2026-04-26T18:48:02,355120,Lastarria,VIIRS375,4.41,11.31,0,fuera de radio,2026-10-05T14:24:05,mendoza
2026-04-26T18:48:02,355120,Lastarria,VIIRS750,0,0.00,1,sin anomalia,2026-10-05T14:24:05,mendoza
2026-04-26T19:24:00,355120,Lastarria,VIIRS375,0,0.00,1,sin anomalia,2026-10-05T14:24:05,mendoza
2026-04-26T19:24:00,355120,Lastarria,VIIRS750,0,0.00,1,sin anomalia,2026-10-05T14:24:05,mendoza
2026-04-26T20:20:00,355120,Lastarria,MODIS,0,0.00,1,sin anomalia,2026-10-05T14:24:05,mendoza
2026-04-27T01:10:00,355120,Lastarria,MODIS,0,0.00,1,sin anomalia,2026-10-05T14:24:05,mendoza
2026-04-27T05:18:01,355120,Lastarria,VIIRS375,0,0.00,1,sin anomalia,2026-10-05T14:24:05,mendoza
2026-04-27T05:18:01,355120,Lastarria,VIIRS750,0,0.00,1,sin anomalia,2026-10-05T14:24:05,mendoza
2026-04-27T06:06:02,355120,Lastarria,VIIRS375,0.14,2.40,1,muy baja,2026-10-05T14:24:05,mendoza
2026-04-27T06:06:02,355120,Lastarria,VIIRS750,0,0.00,1,sin anomalia,2026-10-05T14:24:05,mendoza
2026-04-27T06:36:00,355120,Lastarria,VIIRS375,0,0.00,1,sin anomalia,2026-10-05T14:24:05,mendoza
2026-04-27T06:36:00,355120,Lastarria,VIIRS750,0,0.00,1,sin anomalia,2026-10-05T14:24:05,mendoza
2026-04-27T07:15:00,355120,Lastarria,MODIS,0,0.00,1,sin anomalia,2026-10-05T14:24:05,mendoza
2026-04-27T13:40:00,355120,Lastarria,MODIS,0,0.00,1,sin anomalia,2026-10-05T14:24:05,mendoza
2026-04-27T17:24:00,355120,Lastarria,VIIRS750,0,0.00,1,sin anomalia,2026-10-05T14:24:05,mendoza
2026-04-27T17:42:01,355120,Lastarria,VIIRS375,3.66,10.67,0,fuera de radio,2026-10-05T14:24:05,mendoza
2026-04-27T17:42:01,355120,Lastarria,VIIRS750,0,0.00,1,sin anomalia,2026-10-05T14:24:05,mendoza
2026-04-27T18:30:02,355120,Lastarria,VIIRS375,2.7,11.31,0,fuera de radio,2026-10-05T14:24:05,mendoza
2026-04-27T18:30:02,355120,Lastarria,VIIRS750,0,0.00,1,sin anomalia,2026-10-05T14:24:05,mendoza
2026-04-27T19:06:00,355120,Lastarria,VIIRS375,4.84,10.88,0,fuera de radio,2026-10-05T14:24:05,mendoza
2026-04-27T19:06:00,355120,Lastarria,VIIRS750,0,0.00,1,sin anomalia,2026-10-05T14:24:05,mendoza
2026-04-28T01:50:00,355120,Lastarria,MODIS,0,0.00,1,sin anomalia,2026-10-05T14:24:05,mendoza
2026-04-28T05:00:01,355120,Lastarria,VIIRS375,0,0.00,1,sin anomalia,2026-10-05T14:24:05,mendoza
2026-04-28T05:00:01,355120,Lastarria,VIIRS750,0,0.00,1,sin anomalia,2026-10-05T14:24:05,mendoza
2026-04-28T05:48:02,355120,Lastarria,VIIRS750,0,0.00,1,sin anomalia,2026-10-05T14:24:05,mendoza
2026-04-28T06:36:01,355120,Lastarria,VIIRS375,0,0.00,1,sin anomalia,2026-10-05T14:24:05,mendoza
2026-04-28T06:36:01,355120,Lastarria,VIIRS750,0,0.00,1,sin anomalia,2026-10-05T14:24:05,mendoza
2026-04-28T07:50:00,355120,Lastarria,MODIS,0,0.00,1,sin anomalia,2026-10-05T14:24:05,mendoza
2026-04-28T12:45:00,355120,Lastarria,MODIS,0,0.00,1,sin anomalia,2026-10-05T14:24:05,mendoza
2026-04-28T17:24:01,355120,Lastarria,VIIRS750,0,0.00,1,sin anomalia,2026-10-05T14:24:05,mendoza
2026-04-28T18:12:02,355120,Lastarria,VIIRS375,0,0.00,1,sin anomalia,2026-10-05T14:24:05,mendoza
2026-04-28T18:12:02,355120,Lastarria,VIIRS750,0,0.00,1,sin anomalia,2026-10-05T14:24:05,mendoza
2026-04-28T19:06:01,355120,Lastarria,VIIRS375,4.01,10.67,0,fuera de radio,2026-10-05T14:24:05,mendoza
2026-04-28T19:06:01,355120,Lastarria,VIIRS750,0,0.00,1,sin anomalia,2026-10-05T14:24:05,mendoza
2026-04-28T20:00:00,355120,Lastarria,MODIS,0,0.00,1,sin anomalia,2026-10-05T14:24:05,mendoza
2026-04-29T02:25:00,355120,Lastarria,MODIS,0,0.00,1,sin anomalia,2026-10-05T14:24:05,mendoza
2026-04-29T06:18:01,355120,Lastarria,VIIRS375,0.1,1.55,1,muy baja,2026-10-05T14:24:05,mendoza
2026-04-29T06:18:01,355120,Lastarria,VIIRS750,0,0.00,1,sin anomalia,2026-10-05T14:24:05,mendoza
2026-04-29T06:55:00,355120,Lastarria,MODIS,0,0.00,1,sin anomalia,2026-10-05T14:24:05,mendoza
2026-04-29T13:20:00,355120,Lastarria,MODIS,0,0.00,1,sin anomalia,2026-10-05T14:24:05,mendoza
2026-04-29T17:54:02,355120,Lastarria,VIIRS375,0,0.00,1,sin anomalia,2026-10-05T14:24:05,mendoza
2026-04-29T17:54:02,355120,Lastarria,VIIRS750,0,0.00,1,sin anomalia,2026-10-05T14:24:05,mendoza
2026-04-29T18:48:01,355120,Lastarria,VIIRS375,3.86,10.67,0,fuera de radio,2026-10-05T14:24:05,mendoza
2026-04-29T18:48:01,355120,Lastarria,VIIRS750,0,0.00,1,sin anomalia,2026-10-05T14:24:05,mendoza
2026-04-29T20:35:00,355120,Lastarria,MODIS,0,0.00,1,sin anomalia,2026-10-05T14:24:05,mendoza
2026-04-30T01:30:00,355120,Lastarria,MODIS,0,0.00,1,sin anomalia,2026-10-05T14:24:05,mendoza
2026-04-30T05:06:02,355120,Lastarria,VIIRS375,0,0.00,1,sin anomalia,2026-10-05T14:24:05,mendoza
2026-04-30T06:00:01,355120,Lastarria,VIIRS375,0.05,2.40,1,muy baja,2026-10-05T14:24:05,mendoza
2026-04-30T06:00:01,355120,Lastarria,VIIRS750,0,0.00,1,sin anomalia,2026-10-05T14:24:05,mendoza
2026-04-30T07:30:00,355120,Lastarria,MODIS,0,0.00,1,sin anomalia,2026-10-05T14:24:05,mendoza
2026-04-30T12:25:00,355120,Lastarria,MODIS,0,0.00,1,sin anomalia,2026-10-05T14:24:05,mendoza
2026-04-30T17:36:02,355120,Lastarria,VIIRS750,0,0.00,1,sin anomalia,2026-10-05T14:24:05,mendoza
2026-04-30T18:06:00,355120,Lastarria,VIIRS750,0,0.00,1,sin anomalia,2026-10-05T14:24:05,mendoza
2026-04-30T18:24:01,355120,Lastarria,VIIRS375,1.84,10.30,0,fuera de radio,2026-10-05T14:24:05,mendoza
2026-04-30T18:24:01,355120,Lastarria,VIIRS750,0,0.00,1,sin anomalia,2026-10-05T14:24:05,mendoza
2026-04-30T19:18:02,355120,Lastarria,VIIRS375,2.63,10.30,0,fuera de radio,2026-10-05T14:24:05,mendoza
2026-04-30T19:18:02,355120,Lastarria,VIIRS750,0,0.00,1,sin anomalia,2026-10-05T14:24:05,mendoza
2026-04-30T19:35:00,355120,Lastarria,MODIS,0,0.00,1,sin anomalia,2026-10-05T14:24:05,mendoza
2026-05-01T02:05:00,355120,Lastarria,MODIS,0,0.00,1,sin anomalia,2026-10-05T14:24:05,mendoza
2026-05-01T04:48:02,355120,Lastarria,VIIRS750,0,0.00,1,sin anomalia,2026-10-05T14:24:05,mendoza
2026-05-01T05:42:01,355120,Lastarria,VIIRS375,0.11,2.19,1,muy baja,2026-10-05T14:24:05,mendoza
2026-05-01T05:42:01,355120,Lastarria,VIIRS750,0,0.00,1,sin anomalia,2026-10-05T14:24:05,mendoza
2026-05-01T06:30:02,355120,Lastarria,VIIRS375,0.09,1.55,1,muy baja,2026-10-05T14:24:05,mendoza
2026-05-01T06:30:02,355120,Lastarria,VIIRS750,0,0.00,1,sin anomalia,2026-10-05T14:24:05,mendoza
2026-05-01T08:10:00,355120,Lastarria,MODIS,0,0.00,1,sin anomalia,2026-10-05T14:24:05,mendoza
2026-05-01T13:00:00,355120,Lastarria,MODIS,0,0.00,1,sin anomalia,2026-10-05T14:24:05,mendoza
2026-05-01T17:18:02,355120,Lastarria,VIIRS750,0,0.00,1,sin anomalia,2026-10-05T14:24:05,mendoza
2026-05-01T18:06:01,355120,Lastarria,VIIRS375,4.01,10.67,0,fuera de radio,2026-10-05T14:24:05,mendoza
2026-05-01T18:06:01,355120,Lastarria,VIIRS750,0,0.00,1,sin anomalia,2026-10-05T14:24:05,mendoza
2026-05-01T18:54:02,355120,Lastarria,VIIRS375,0.89,10.88,0,fuera de radio,2026-10-05T14:24:05,mendoza
2026-05-01T18:54:02,355120,Lastarria,VIIRS750,0,0.00,1,sin anomalia,2026-10-05T14:24:05,mendoza
2026-05-01T20:15:00,355120,Lastarria,MODIS,0,0.00,1,sin anomalia,2026-10-05T14:24:05,mendoza
2026-05-02T01:10:00,355120,Lastarria,MODIS,0,0.00,1,sin anomalia,2026-10-05T14:24:05,mendoza
2026-05-02T05:24:01,355120,Lastarria,VIIRS375,0,0.00,1,sin anomalia,2026-10-05T14:24:05,mendoza
2026-05-02T05:24:01,355120,Lastarria,VIIRS750,0,0.00,1,sin anomalia,2026-10-05T14:24:05,mendoza
2026-05-02T06:12:02,355120,Lastarria,VIIRS375,0.2,2.40,1,muy baja,2026-10-05T14:24:05,mendoza
2026-05-02T06:12:02,355120,Lastarria,VIIRS750,0,0.00,1,sin anomalia,2026-10-05T14:24:05,mendoza
2026-05-02T06:42:00,355120,Lastarria,VIIRS375,0.1,1.55,1,muy baja,2026-10-05T14:24:05,mendoza
2026-05-02T06:42:00,355120,Lastarria,VIIRS750,0,0.00,1,sin anomalia,2026-10-05T14:24:05,mendoza
2026-05-02T07:10:00,355120,Lastarria,MODIS,0,0.00,1,sin anomalia,2026-10-05T14:24:05,mendoza
2026-05-02T13:40:00,355120,Lastarria,MODIS,0,0.00,1,sin anomalia,2026-10-05T14:24:05,mendoza
2026-05-02T17:30:00,355120,Lastarria,VIIRS750,0,0.00,1,sin anomalia,2026-10-05T14:24:05,mendoza
2026-05-02T17:48:01,355120,Lastarria,VIIRS375,3.88,10.67,0,fuera de radio,2026-10-05T14:24:05,mendoza
2026-05-02T17:48:01,355120,Lastarria,VIIRS750,0,0.00,1,sin anomalia,2026-10-05T14:24:05,mendoza
2026-05-02T18:36:02,355120,Lastarria,VIIRS375,1.67,10.30,0,fuera de radio,2026-10-05T14:24:05,mendoza
2026-05-02T18:36:02,355120,Lastarria,VIIRS750,0,0.00,1,sin anomalia,2026-10-05T14:24:05,mendoza
2026-05-02T19:12:00,355120,Lastarria,VIIRS375,0.87,10.30,0,fuera de radio,2026-10-05T14:24:05,mendoza
2026-05-02T19:12:00,355120,Lastarria,VIIRS750,0,0.00,1,sin anomalia,2026-10-05T14:24:05,mendoza
2026-05-02T20:50:00,355120,Lastarria,MODIS,0,0.00,1,sin anomalia,2026-10-05T14:24:05,mendoza
2026-05-03T01:45:00,355120,Lastarria,MODIS,0,0.00,1,sin anomalia,2026-10-05T14:24:05,mendoza
2026-05-03T05:06:01,355120,Lastarria,VIIRS375,0.19,16.22,0,fuera de radio,2026-10-05T14:24:05,mendoza
2026-05-03T05:06:01,355120,Lastarria,VIIRS750,0,0.00,1,sin anomalia,2026-10-05T14:24:05,mendoza
2026-05-03T05:54:02,355120,Lastarria,VIIRS375,1.06,17.67,0,fuera de radio,2026-10-05T14:24:05,mendoza
2026-05-03T05:54:02,355120,Lastarria,VIIRS750,0,0.00,1,sin anomalia,2026-10-05T14:24:05,mendoza
2026-05-03T06:24:00,355120,Lastarria,VIIRS375,0.04,1.35,1,muy baja,2026-10-05T14:24:05,mendoza
2026-05-03T06:24:00,355120,Lastarria,VIIRS750,0,0.00,1,sin anomalia,2026-10-05T14:24:05,mendoza
2026-05-03T07:45:00,355120,Lastarria,MODIS,0,0.00,1,sin anomalia,2026-10-05T14:24:05,mendoza
2026-05-03T12:40:00,355120,Lastarria,MODIS,0,0.00,1,sin anomalia,2026-10-05T14:24:05,mendoza
2026-05-03T17:30:01,355120,Lastarria,VIIRS375,1.53,10.30,0,fuera de radio,2026-10-05T14:24:05,mendoza
2026-05-03T17:30:01,355120,Lastarria,VIIRS750,0,0.00,1,sin anomalia,2026-10-05T14:24:05,mendoza
2026-05-03T19:12:01,355120,Lastarria,VIIRS375,0,0.00,1,sin anomalia,2026-10-05T14:24:05,mendoza
2026-05-03T19:12:01,355120,Lastarria,VIIRS750,0,0.00,1,sin anomalia,2026-10-05T14:24:05,mendoza
2026-05-04T02:25:00,355120,Lastarria,MODIS,0,0.00,1,sin anomalia,2026-10-05T14:24:05,mendoza
2026-05-04T04:42:01,355120,Lastarria,VIIRS375,0,0.00,1,sin anomalia,2026-10-05T14:24:05,mendoza
2026-05-04T04:42:01,355120,Lastarria,VIIRS750,0,0.00,1,sin anomalia,2026-10-05T14:24:05,mendoza
2026-05-04T05:36:02,355120,Lastarria,VIIRS375,0.07,2.19,1,muy baja,2026-10-05T14:24:05,mendoza
2026-05-04T05:36:02,355120,Lastarria,VIIRS750,0,0.00,1,sin anomalia,2026-10-05T14:24:05,mendoza
2026-05-04T06:24:01,355120,Lastarria,VIIRS375,0.09,1.55,1,muy baja,2026-10-05T14:24:05,mendoza
2026-05-04T06:24:01,355120,Lastarria,VIIRS750,0,0.00,1,sin anomalia,2026-10-05T14:24:05,mendoza
2026-05-04T08:25:00,355120,Lastarria,MODIS,0,0.00,1,sin anomalia,2026-10-05T14:24:05,mendoza
2026-05-04T13:20:00,355120,Lastarria,MODIS,0,0.00,1,sin anomalia,2026-10-05T14:24:05,mendoza
2026-05-04T18:00:02,355120,Lastarria,VIIRS375,3.12,10.67,0,fuera de radio,2026-10-05T14:24:05,mendoza
2026-05-04T18:00:02,355120,Lastarria,VIIRS750,0,0.00,1,sin anomalia,2026-10-05T14:24:05,mendoza
2026-05-04T18:30:00,355120,Lastarria,VIIRS375,1.44,10.30,0,fuera de radio,2026-10-05T14:24:05,mendoza
2026-05-04T18:30:00,355120,Lastarria,VIIRS750,0,0.00,1,sin anomalia,2026-10-05T14:24:05,mendoza
2026-05-04T18:54:01,355120,Lastarria,VIIRS375,3.67,10.88,0,fuera de radio,2026-10-05T14:24:05,mendoza
2026-05-04T18:54:01,355120,Lastarria,VIIRS750,0,0.00,1,sin anomalia,2026-10-05T14:24:05,mendoza
2026-05-04T20:30:00,355120,Lastarria,MODIS,0,0.00,1,sin anomalia,2026-10-05T14:24:05,mendoza
2026-05-05T01:25:00,355120,Lastarria,MODIS,0,0.00,1,sin anomalia,2026-10-05T14:24:05,mendoza
2026-05-05T05:12:02,355120,Lastarria,VIIRS750,0,0.00,1,sin anomalia,2026-10-05T14:24:05,mendoza
2026-05-05T06:06:01,355120,Lastarria,VIIRS375,0.08,1.19,1,muy baja,2026-10-05T14:24:05,mendoza
2026-05-05T06:06:01,355120,Lastarria,VIIRS750,0,0.00,1,sin anomalia,2026-10-05T14:24:05,mendoza
2026-05-05T07:25:00,355120,Lastarria,MODIS,0,0.00,1,sin anomalia,2026-10-05T14:24:05,mendoza
2026-05-06T02:05:00,355120,Lastarria,MODIS,0,0.00,1,sin anomalia,2026-10-05T14:24:05,mendoza
2026-05-06T04:54:02,355120,Lastarria,VIIRS375,0.61,24.48,0,fuera de radio,2026-10-05T14:24:05,mendoza
2026-05-06T04:54:02,355120,Lastarria,VIIRS750,0,0.00,1,sin anomalia,2026-10-05T14:24:05,mendoza
2026-05-06T05:48:01,355120,Lastarria,VIIRS375,0,0.00,1,sin anomalia,2026-10-05T14:24:05,mendoza
2026-05-06T05:48:01,355120,Lastarria,VIIRS750,0,0.00,1,sin anomalia,2026-10-05T14:24:05,mendoza
2026-05-06T06:36:02,355120,Lastarria,VIIRS375,0,0.00,1,sin anomalia,2026-10-05T14:24:05,mendoza
2026-05-06T06:36:02,355120,Lastarria,VIIRS750,0,0.00,1,sin anomalia,2026-10-05T14:24:05,mendoza
2026-05-06T08:00:00,355120,Lastarria,MODIS,0,0.00,1,sin anomalia,2026-10-05T14:24:05,mendoza
2026-05-06T13:00:00,355120,Lastarria,MODIS,0,0.00,1,sin anomalia,2026-10-05T14:24:05,mendoza
2026-05-06T18:12:01,355120,Lastarria,VIIRS375,0,0.00,1,sin anomalia,2026-10-05T14:24:05,mendoza
2026-05-06T18:12:01,355120,Lastarria,VIIRS750,0,0.00,1,sin anomalia,2026-10-05T14:24:05,mendoza
2026-05-06T20:10:00,355120,Lastarria,MODIS,0,0.00,1,sin anomalia,2026-10-05T14:24:05,mendoza
2026-05-07T01:05:00,355120,Lastarria,MODIS,0,0.00,1,sin anomalia,2026-10-05T14:24:05,mendoza
2026-05-07T05:30:01,355120,Lastarria,VIIRS375,0.3,13.73,0,fuera de radio,2026-10-05T14:24:05,mendoza
2026-05-07T05:30:01,355120,Lastarria,VIIRS750,0,0.00,1,sin anomalia,2026-10-05T14:24:05,mendoza
2026-05-07T06:18:02,355120,Lastarria,VIIRS375,0.08,1.55,1,muy baja,2026-10-05T14:24:05,mendoza
2026-05-07T06:18:02,355120,Lastarria,VIIRS750,0,0.00,1,sin anomalia,2026-10-05T14:24:05,mendoza
2026-05-07T07:05:00,355120,Lastarria,MODIS,0,0.00,1,sin anomalia,2026-10-05T14:24:05,mendoza
2026-05-07T13:40:00,355120,Lastarria,MODIS,0,0.00,1,sin anomalia,2026-10-05T14:24:05,mendoza
2026-05-07T17:54:01,355120,Lastarria,VIIRS375,2.39,10.67,0,fuera de radio,2026-10-05T14:24:05,mendoza
2026-05-07T17:54:01,355120,Lastarria,VIIRS750,0,0.00,1,sin anomalia,2026-10-05T14:24:05,mendoza
2026-05-07T18:42:02,355120,Lastarria,VIIRS375,2.58,10.67,0,fuera de radio,2026-10-05T14:24:05,mendoza
2026-05-07T19:18:00,355120,Lastarria,VIIRS375,4.18,10.30,0,fuera de radio,2026-10-05T14:24:05,mendoza
2026-05-07T19:18:00,355120,Lastarria,VIIRS750,0,0.00,1,sin anomalia,2026-10-05T14:24:05,mendoza
2026-05-07T20:45:00,355120,Lastarria,MODIS,0,0.00,1,sin anomalia,2026-10-05T14:24:05,mendoza
2026-05-08T01:45:00,355120,Lastarria,MODIS,0,0.00,1,sin anomalia,2026-10-05T14:24:05,mendoza
2026-05-08T05:12:01,355120,Lastarria,VIIRS375,0,0.00,1,sin anomalia,2026-10-05T14:24:05,mendoza
2026-05-08T05:12:01,355120,Lastarria,VIIRS750,0,0.00,1,sin anomalia,2026-10-05T14:24:05,mendoza
2026-05-08T06:00:02,355120,Lastarria,VIIRS375,0,0.00,1,sin anomalia,2026-10-05T14:24:05,mendoza
2026-05-08T06:00:02,355120,Lastarria,VIIRS750,0,0.00,1,sin anomalia,2026-10-05T14:24:05,mendoza
2026-05-08T06:30:00,355120,Lastarria,VIIRS375,0.04,1.19,1,muy baja,2026-10-05T14:24:05,mendoza
2026-05-08T06:30:00,355120,Lastarria,VIIRS750,0,0.00,1,sin anomalia,2026-10-05T14:24:05,mendoza
2026-05-08T07:40:00,355120,Lastarria,MODIS,0,0.00,1,sin anomalia,2026-10-05T14:24:05,mendoza
2026-05-08T12:40:00,355120,Lastarria,MODIS,0,0.00,1,sin anomalia,2026-10-05T14:24:05,mendoza
2026-05-08T17:36:01,355120,Lastarria,VIIRS375,0,0.00,1,sin anomalia,2026-10-05T14:24:05,mendoza
2026-05-08T19:18:01,355120,Lastarria,VIIRS375,0,0.00,1,sin anomalia,2026-10-05T14:24:05,mendoza
2026-05-08T19:18:01,355120,Lastarria,VIIRS750,0,0.00,1,sin anomalia,2026-10-05T14:24:05,mendoza
2026-05-08T19:45:00,355120,Lastarria,MODIS,0,0.00,1,sin anomalia,2026-10-05T14:24:05,mendoza
2026-05-09T02:25:00,355120,Lastarria,MODIS,0,0.00,1,sin anomalia,2026-10-05T14:24:05,mendoza
2026-05-09T04:48:01,355120,Lastarria,VIIRS375,0.55,18.33,0,fuera de radio,2026-10-05T14:24:05,mendoza
2026-05-09T04:48:01,355120,Lastarria,VIIRS750,0,0.00,1,sin anomalia,2026-10-05T14:24:05,mendoza
2026-05-09T05:42:02,355120,Lastarria,VIIRS375,0.06,2.40,1,muy baja,2026-10-05T14:24:05,mendoza
2026-05-09T05:42:02,355120,Lastarria,VIIRS750,0,0.00,1,sin anomalia,2026-10-05T14:24:05,mendoza
2026-05-09T06:30:01,355120,Lastarria,VIIRS375,0,0.00,1,sin anomalia,2026-10-05T14:24:05,mendoza
2026-05-09T06:30:01,355120,Lastarria,VIIRS750,0,0.00,1,sin anomalia,2026-10-05T14:24:05,mendoza
2026-05-09T08:20:00,355120,Lastarria,MODIS,0,0.00,1,sin anomalia,2026-10-05T14:24:05,mendoza
2026-05-09T13:20:00,355120,Lastarria,MODIS,0,0.00,1,sin anomalia,2026-10-05T14:24:05,mendoza
2026-05-09T17:18:01,355120,Lastarria,VIIRS375,3.63,10.30,0,fuera de radio,2026-10-05T14:24:05,mendoza
2026-05-09T17:18:01,355120,Lastarria,VIIRS750,0,0.00,1,sin anomalia,2026-10-05T14:24:05,mendoza
2026-05-09T18:06:02,355120,Lastarria,VIIRS375,3.18,10.67,0,fuera de radio,2026-10-05T14:24:05,mendoza
2026-05-09T18:06:02,355120,Lastarria,VIIRS750,0,0.00,1,sin anomalia,2026-10-05T14:24:05,mendoza
2026-05-09T18:42:00,355120,Lastarria,VIIRS750,0,0.00,1,sin anomalia,2026-10-05T14:24:05,mendoza
2026-05-09T19:00:01,355120,Lastarria,VIIRS375,3.84,10.67,0,fuera de radio,2026-10-05T14:24:05,mendoza
2026-05-09T19:00:01,355120,Lastarria,VIIRS750,0,0.00,1,sin anomalia,2026-10-05T14:24:05,mendoza
2026-05-09T20:25:00,355120,Lastarria,MODIS,0,0.00,1,sin anomalia,2026-10-05T14:24:05,mendoza
2026-05-10T01:25:00,355120,Lastarria,MODIS,0,0.00,1,sin anomalia,2026-10-05T14:24:05,mendoza
2026-05-10T06:12:01,355120,Lastarria,VIIRS375,0.05,1.55,1,muy baja,2026-10-05T14:24:05,mendoza
2026-05-10T06:12:01,355120,Lastarria,VIIRS750,0,0.00,1,sin anomalia,2026-10-05T14:24:05,mendoza
2026-05-10T07:20:00,355120,Lastarria,MODIS,0,0.00,1,sin anomalia,2026-10-05T14:24:05,mendoza
2026-05-10T17:48:02,355120,Lastarria,VIIRS375,0,0.00,1,sin anomalia,2026-10-05T14:24:05,mendoza
2026-05-10T17:48:02,355120,Lastarria,VIIRS750,0,0.00,1,sin anomalia,2026-10-05T14:24:05,mendoza
2026-05-10T18:18:00,355120,Lastarria,VIIRS375,3.16,10.88,0,fuera de radio,2026-10-05T14:24:05,mendoza
2026-05-10T18:18:00,355120,Lastarria,VIIRS750,0,0.00,1,sin anomalia,2026-10-05T14:24:05,mendoza
2026-05-10T18:42:01,355120,Lastarria,VIIRS375,2.78,10.67,0,fuera de radio,2026-10-05T14:24:05,mendoza
2026-05-10T18:42:01,355120,Lastarria,VIIRS750,0,0.00,1,sin anomalia,2026-10-05T14:24:05,mendoza
2026-05-11T02:05:00,355120,Lastarria,MODIS,0,0.00,1,sin anomalia,2026-10-05T14:24:05,mendoza
2026-05-11T05:54:01,355120,Lastarria,VIIRS375,0.09,2.40,1,muy baja,2026-10-05T14:24:05,mendoza
2026-05-11T05:54:01,355120,Lastarria,VIIRS750,0,0.00,1,sin anomalia,2026-10-05T14:24:05,mendoza
2026-05-11T07:55:00,355120,Lastarria,MODIS,0,0.00,1,sin anomalia,2026-10-05T14:24:05,mendoza
2026-05-11T13:00:00,355120,Lastarria,MODIS,0,0.00,1,sin anomalia,2026-10-05T14:24:05,mendoza
2026-05-11T17:30:02,355120,Lastarria,VIIRS750,0,0.00,1,sin anomalia,2026-10-05T14:24:05,mendoza
2026-05-11T18:00:00,355120,Lastarria,VIIRS750,0,0.00,1,sin anomalia,2026-10-05T14:24:05,mendoza
2026-05-11T18:18:01,355120,Lastarria,VIIRS375,1.51,10.30,0,fuera de radio,2026-10-05T14:24:05,mendoza
2026-05-11T18:18:01,355120,Lastarria,VIIRS750,0,0.00,1,sin anomalia,2026-10-05T14:24:05,mendoza
2026-05-11T19:06:02,355120,Lastarria,VIIRS375,0,0.00,1,sin anomalia,2026-10-05T14:24:05,mendoza
2026-05-11T19:06:02,355120,Lastarria,VIIRS750,0,0.00,1,sin anomalia,2026-10-05T14:24:05,mendoza
2026-05-11T20:00:00,355120,Lastarria,MODIS,0,0.00,1,sin anomalia,2026-10-05T14:24:05,mendoza
2026-05-12T01:05:00,355120,Lastarria,MODIS,0,0.00,1,sin anomalia,2026-10-05T14:24:05,mendoza
2026-05-12T04:42:02,355120,Lastarria,VIIRS750,0,0.00,1,sin anomalia,2026-10-05T14:24:05,mendoza
2026-05-12T05:36:01,355120,Lastarria,VIIRS375,1.01,3.77,0,fuera de radio,2026-10-05T14:24:05,mendoza
2026-05-12T05:36:01,355120,Lastarria,VIIRS750,0,0.00,1,sin anomalia,2026-10-05T14:24:05,mendoza
2026-05-12T06:24:02,355120,Lastarria,VIIRS375,0.06,1.19,1,muy baja,2026-10-05T14:24:05,mendoza
2026-05-12T06:24:02,355120,Lastarria,VIIRS750,0,0.00,1,sin anomalia,2026-10-05T14:24:05,mendoza
2026-05-12T06:55:00,355120,Lastarria,MODIS,0,0.00,1,sin anomalia,2026-10-05T14:24:05,mendoza
2026-05-12T13:40:00,355120,Lastarria,MODIS,0,0.00,1,sin anomalia,2026-10-05T14:24:05,mendoza
2026-05-12T17:42:00,355120,Lastarria,VIIRS750,0,0.00,1,sin anomalia,2026-10-05T14:24:05,mendoza
2026-05-12T18:00:01,355120,Lastarria,VIIRS375,3.83,10.88,0,fuera de radio,2026-10-05T14:24:05,mendoza
2026-05-12T18:00:01,355120,Lastarria,VIIRS750,0,0.00,1,sin anomalia,2026-10-05T14:24:05,mendoza
2026-05-12T18:48:02,355120,Lastarria,VIIRS375,1.19,10.67,0,fuera de radio,2026-10-05T14:24:05,mendoza
2026-05-12T18:48:02,355120,Lastarria,VIIRS750,0,0.00,1,sin anomalia,2026-10-05T14:24:05,mendoza
2026-05-12T19:24:00,355120,Lastarria,VIIRS375,0,0.00,1,sin anomalia,2026-10-05T14:24:05,mendoza
2026-05-12T19:24:00,355120,Lastarria,VIIRS750,0,0.00,1,sin anomalia,2026-10-05T14:24:05,mendoza
2026-05-12T20:40:00,355120,Lastarria,MODIS,0,0.00,1,sin anomalia,2026-10-05T14:24:05,mendoza
2026-05-13T01:45:00,355120,Lastarria,MODIS,0,0.00,1,sin anomalia,2026-10-05T14:24:05,mendoza
2026-05-13T05:18:01,355120,Lastarria,VIIRS375,0,0.00,1,sin anomalia,2026-10-05T14:24:05,mendoza
2026-05-13T05:18:01,355120,Lastarria,VIIRS750,0,0.00,1,sin anomalia,2026-10-05T14:24:05,mendoza
2026-05-13T06:06:02,355120,Lastarria,VIIRS375,0.64,28.47,0,fuera de radio,2026-10-05T14:24:05,mendoza
2026-05-13T06:06:02,355120,Lastarria,VIIRS750,0,0.00,1,sin anomalia,2026-10-05T14:24:05,mendoza
2026-05-13T06:36:00,355120,Lastarria,VIIRS375,0.07,1.19,1,muy baja,2026-10-05T14:24:05,mendoza
2026-05-13T06:36:00,355120,Lastarria,VIIRS750,0,0.00,1,sin anomalia,2026-10-05T14:24:05,mendoza
2026-05-13T07:35:00,355120,Lastarria,MODIS,0,0.00,1,sin anomalia,2026-10-05T14:24:05,mendoza
2026-05-13T12:40:00,355120,Lastarria,MODIS,0,0.00,1,sin anomalia,2026-10-05T14:24:05,mendoza
2026-05-13T17:42:01,355120,Lastarria,VIIRS375,0,0.00,1,sin anomalia,2026-10-05T14:24:05,mendoza
2026-05-13T17:42:01,355120,Lastarria,VIIRS750,0,0.00,1,sin anomalia,2026-10-05T14:24:05,mendoza
2026-05-13T18:30:02,355120,Lastarria,VIIRS375,0,0.00,1,sin anomalia,2026-10-05T14:24:05,mendoza
2026-05-13T18:30:02,355120,Lastarria,VIIRS750,0,0.00,1,sin anomalia,2026-10-05T14:24:05,mendoza
2026-05-13T19:06:00,355120,Lastarria,VIIRS375,0,0.00,1,sin anomalia,2026-10-05T14:24:05,mendoza
2026-05-13T19:06:00,355120,Lastarria,VIIRS750,0,0.00,1,sin anomalia,2026-10-05T14:24:05,mendoza
2026-05-13T19:40:00,355120,Lastarria,MODIS,0,0.00,1,sin anomalia,2026-10-05T14:24:05,mendoza
2026-05-14T02:25:00,355120,Lastarria,MODIS,0,0.00,1,sin anomalia,2026-10-05T14:24:05,mendoza
2026-05-14T05:00:01,355120,Lastarria,VIIRS750,0,0.00,1,sin anomalia,2026-10-05T14:24:05,mendoza
2026-05-14T05:48:02,355120,Lastarria,VIIRS375,0.14,2.40,1,muy baja,2026-10-05T14:24:05,mendoza
2026-05-14T06:18:00,355120,Lastarria,VIIRS375,0.14,2.40,1,muy baja,2026-10-05T14:24:05,mendoza
2026-05-14T06:36:01,355120,Lastarria,VIIRS375,0.11,1.55,1,muy baja,2026-10-05T14:24:05,mendoza
2026-05-14T06:36:01,355120,Lastarria,VIIRS750,0,0.00,1,sin anomalia,2026-10-05T14:24:05,mendoza
2026-05-14T08:10:00,355120,Lastarria,MODIS,0,0.00,1,sin anomalia,2026-10-05T14:24:05,mendoza
2026-05-14T13:20:00,355120,Lastarria,MODIS,0,0.00,1,sin anomalia,2026-10-05T14:24:05,mendoza
2026-05-14T17:24:01,355120,Lastarria,VIIRS375,1.49,10.67,0,fuera de radio,2026-10-05T14:24:05,mendoza
2026-05-14T17:24:01,355120,Lastarria,VIIRS750,0,0.00,1,sin anomalia,2026-10-05T14:24:05,mendoza
2026-05-14T18:12:02,355120,Lastarria,VIIRS750,0,0.00,1,sin anomalia,2026-10-05T14:24:05,mendoza
2026-05-14T18:48:00,355120,Lastarria,VIIRS750,0,0.00,1,sin anomalia,2026-10-05T14:24:05,mendoza
2026-05-14T19:06:01,355120,Lastarria,VIIRS375,0,0.00,1,sin anomalia,2026-10-05T14:24:05,mendoza
2026-05-14T19:06:01,355120,Lastarria,VIIRS750,0,0.00,1,sin anomalia,2026-10-05T14:24:05,mendoza
2026-05-14T20:20:00,355120,Lastarria,MODIS,0,0.00,1,sin anomalia,2026-10-05T14:24:05,mendoza
2026-05-15T01:25:00,355120,Lastarria,MODIS,0,0.00,1,sin anomalia,2026-10-05T14:24:05,mendoza
2026-05-15T05:24:02,355120,Lastarria,VIIRS750,0,0.00,1,sin anomalia,2026-10-05T14:24:05,mendoza
2026-05-15T06:18:01,355120,Lastarria,VIIRS375,0.04,1.19,1,muy baja,2026-10-05T14:24:05,mendoza
2026-05-15T06:18:01,355120,Lastarria,VIIRS750,0,0.00,1,sin anomalia,2026-10-05T14:24:05,mendoza
2026-05-15T07:10:00,355120,Lastarria,MODIS,0,0.00,1,sin anomalia,2026-10-05T14:24:05,mendoza
2026-05-15T17:54:02,355120,Lastarria,VIIRS750,0,0.00,1,sin anomalia,2026-10-05T14:24:05,mendoza
2026-05-15T18:48:01,355120,Lastarria,VIIRS375,0,0.00,1,sin anomalia,2026-10-05T14:24:05,mendoza
2026-05-15T18:48:01,355120,Lastarria,VIIRS750,0,0.00,1,sin anomalia,2026-10-05T14:24:05,mendoza
2026-05-15T20:55:00,355120,Lastarria,MODIS,0,0.00,1,sin anomalia,2026-10-05T14:24:05,mendoza
2026-05-16T02:05:00,355120,Lastarria,MODIS,0,0.00,1,sin anomalia,2026-10-05T14:24:05,mendoza
2026-05-16T05:06:02,355120,Lastarria,VIIRS750,0,0.00,1,sin anomalia,2026-10-05T14:24:05,mendoza
2026-05-16T06:00:01,355120,Lastarria,VIIRS375,0.06,1.35,1,muy baja,2026-10-05T14:24:05,mendoza
2026-05-16T06:00:01,355120,Lastarria,VIIRS750,0,0.00,1,sin anomalia,2026-10-05T14:24:05,mendoza
2026-05-16T07:50:00,355120,Lastarria,MODIS,0,0.00,1,sin anomalia,2026-10-05T14:24:05,mendoza
2026-05-16T13:00:00,355120,Lastarria,MODIS,0,0.00,1,sin anomalia,2026-10-05T14:24:05,mendoza
2026-05-16T17:36:02,355120,Lastarria,VIIRS375,0,0.00,1,sin anomalia,2026-10-05T14:24:05,mendoza
2026-05-16T18:24:01,355120,Lastarria,VIIRS375,0,0.00,1,sin anomalia,2026-10-05T14:24:05,mendoza
2026-05-16T18:24:01,355120,Lastarria,VIIRS750,0,0.00,1,sin anomalia,2026-10-05T14:24:05,mendoza
2026-05-16T19:18:02,355120,Lastarria,VIIRS375,0,0.00,1,sin anomalia,2026-10-05T14:24:05,mendoza
2026-05-16T19:18:02,355120,Lastarria,VIIRS750,0,0.00,1,sin anomalia,2026-10-05T14:24:05,mendoza
2026-05-16T19:55:00,355120,Lastarria,MODIS,0,0.00,1,sin anomalia,2026-10-05T14:24:05,mendoza
2026-05-17T04:48:02,355120,Lastarria,VIIRS750,0,0.00,1,sin anomalia,2026-10-05T14:24:05,mendoza
2026-05-17T05:42:01,355120,Lastarria,VIIRS375,0,0.00,1,sin anomalia,2026-10-05T14:24:05,mendoza
2026-05-17T05:42:01,355120,Lastarria,VIIRS750,0,0.00,1,sin anomalia,2026-10-05T14:24:05,mendoza
2026-05-17T06:30:02,355120,Lastarria,VIIRS375,0,0.00,1,sin anomalia,2026-10-05T14:24:05,mendoza
2026-05-17T06:30:02,355120,Lastarria,VIIRS750,0,0.00,1,sin anomalia,2026-10-05T14:24:05,mendoza
2026-05-17T13:40:00,355120,Lastarria,MODIS,0,0.00,1,sin anomalia,2026-10-05T14:24:05,mendoza
2026-05-17T17:18:02,355120,Lastarria,VIIRS375,0,0.00,1,sin anomalia,2026-10-05T14:24:05,mendoza
2026-05-17T17:18:02,355120,Lastarria,VIIRS750,0,0.00,1,sin anomalia,2026-10-05T14:24:05,mendoza
2026-05-17T17:48:00,355120,Lastarria,VIIRS375,0,0.00,1,sin anomalia,2026-10-05T14:24:05,mendoza
2026-05-17T17:48:00,355120,Lastarria,VIIRS750,0,0.00,1,sin anomalia,2026-10-05T14:24:05,mendoza
2026-05-17T18:06:01,355120,Lastarria,VIIRS375,0,0.00,1,sin anomalia,2026-10-05T14:24:05,mendoza
2026-05-17T18:06:01,355120,Lastarria,VIIRS750,0,0.00,1,sin anomalia,2026-10-05T14:24:05,mendoza
2026-05-17T18:54:02,355120,Lastarria,VIIRS375,0,0.00,1,sin anomalia,2026-10-05T14:24:05,mendoza
2026-05-17T18:54:02,355120,Lastarria,VIIRS750,0,0.00,1,sin anomalia,2026-10-05T14:24:05,mendoza
2026-05-17T20:35:00,355120,Lastarria,MODIS,0,0.00,1,sin anomalia,2026-10-05T14:24:05,mendoza
2026-05-18T01:45:00,355120,Lastarria,MODIS,0,0.00,1,sin anomalia,2026-10-05T14:24:05,mendoza
2026-05-18T05:24:01,355120,Lastarria,VIIRS375,0,0.00,1,sin anomalia,2026-10-05T14:24:05,mendoza
2026-05-18T05:24:01,355120,Lastarria,VIIRS750,0,0.00,1,sin anomalia,2026-10-05T14:24:05,mendoza
2026-05-18T06:12:02,355120,Lastarria,VIIRS375,0.08,1.19,1,muy baja,2026-10-05T14:24:05,mendoza
2026-05-18T06:42:00,355120,Lastarria,VIIRS375,0,0.00,1,sin anomalia,2026-10-05T14:24:05,mendoza
2026-05-18T06:42:00,355120,Lastarria,VIIRS750,0,0.00,1,sin anomalia,2026-10-05T14:24:05,mendoza
2026-05-18T07:30:00,355120,Lastarria,MODIS,0,0.00,1,sin anomalia,2026-10-05T14:24:05,mendoza
2026-05-18T12:40:00,355120,Lastarria,MODIS,0,0.00,1,sin anomalia,2026-10-05T14:24:05,mendoza
2026-05-18T17:48:01,355120,Lastarria,VIIRS375,3.09,10.88,0,fuera de radio,2026-10-05T14:24:05,mendoza
2026-05-18T18:36:02,355120,Lastarria,VIIRS375,5.12,11.31,0,fuera de radio,2026-10-05T14:24:05,mendoza
2026-05-18T18:36:02,355120,Lastarria,VIIRS750,0,0.00,1,sin anomalia,2026-10-05T14:24:05,mendoza
2026-05-18T19:12:00,355120,Lastarria,VIIRS375,2.27,10.61,0,fuera de radio,2026-10-05T14:24:05,mendoza
2026-05-18T19:12:00,355120,Lastarria,VIIRS750,0,0.00,1,sin anomalia,2026-10-05T14:24:05,mendoza
2026-05-18T19:35:00,355120,Lastarria,MODIS,0,0.00,1,sin anomalia,2026-10-05T14:24:05,mendoza
2026-05-19T02:25:00,355120,Lastarria,MODIS,0,0.00,1,sin anomalia,2026-10-05T14:24:05,mendoza
2026-05-19T05:06:01,355120,Lastarria,VIIRS375,0.79,15.30,0,fuera de radio,2026-10-05T14:24:05,mendoza
2026-05-19T05:06:01,355120,Lastarria,VIIRS750,0,0.00,1,sin anomalia,2026-10-05T14:24:05,mendoza
2026-05-19T05:54:02,355120,Lastarria,VIIRS375,0,0.00,1,sin anomalia,2026-10-05T14:24:05,mendoza
2026-05-19T05:54:02,355120,Lastarria,VIIRS750,0,0.00,1,sin anomalia,2026-10-05T14:24:05,mendoza
2026-05-19T06:24:00,355120,Lastarria,VIIRS375,0.17,2.40,1,muy baja,2026-10-05T14:24:05,mendoza
2026-05-19T06:24:00,355120,Lastarria,VIIRS750,0,0.00,1,sin anomalia,2026-10-05T14:24:05,mendoza
2026-05-19T08:05:00,355120,Lastarria,MODIS,0,0.00,1,sin anomalia,2026-10-05T14:24:05,mendoza
2026-05-19T13:20:00,355120,Lastarria,MODIS,0,0.00,1,sin anomalia,2026-10-05T14:24:05,mendoza
2026-05-19T17:30:01,355120,Lastarria,VIIRS375,4.7,10.67,0,fuera de radio,2026-10-05T14:24:05,mendoza
2026-05-19T17:30:01,355120,Lastarria,VIIRS750,0,0.00,1,sin anomalia,2026-10-05T14:24:05,mendoza
2026-05-19T18:18:02,355120,Lastarria,VIIRS750,0,0.00,1,sin anomalia,2026-10-05T14:24:05,mendoza
2026-05-19T19:12:01,355120,Lastarria,VIIRS375,1.83,10.67,0,fuera de radio,2026-10-05T14:24:05,mendoza
2026-05-19T19:12:01,355120,Lastarria,VIIRS750,0,0.00,1,sin anomalia,2026-10-05T14:24:05,mendoza
2026-05-19T20:10:00,355120,Lastarria,MODIS,0,0.00,1,sin anomalia,2026-10-05T14:24:05,mendoza
2026-05-20T01:25:00,355120,Lastarria,MODIS,0,0.00,1,sin anomalia,2026-10-05T14:24:05,mendoza
2026-05-20T04:42:01,355120,Lastarria,VIIRS375,0,0.00,1,sin anomalia,2026-10-05T14:24:05,mendoza
2026-05-20T04:42:01,355120,Lastarria,VIIRS750,0,0.00,1,sin anomalia,2026-10-05T14:24:05,mendoza
2026-05-20T05:36:02,355120,Lastarria,VIIRS375,0,0.00,1,sin anomalia,2026-10-05T14:24:05,mendoza
2026-05-20T06:24:01,355120,Lastarria,VIIRS375,0,0.00,1,sin anomalia,2026-10-05T14:24:05,mendoza
2026-05-20T06:24:01,355120,Lastarria,VIIRS750,0,0.00,1,sin anomalia,2026-10-05T14:24:05,mendoza
2026-05-20T07:05:00,355120,Lastarria,MODIS,0,0.00,1,sin anomalia,2026-10-05T14:24:05,mendoza
2026-05-20T18:54:01,355120,Lastarria,VIIRS375,0,0.00,1,sin anomalia,2026-10-05T14:24:05,mendoza
2026-05-20T18:54:01,355120,Lastarria,VIIRS750,0,0.00,1,sin anomalia,2026-10-05T14:24:05,mendoza
2026-05-20T20:50:00,355120,Lastarria,MODIS,0,0.00,1,sin anomalia,2026-10-05T14:24:05,mendoza
2026-05-21T02:05:00,355120,Lastarria,MODIS,0,0.00,1,sin anomalia,2026-10-05T14:24:05,mendoza
2026-05-21T05:48:00,355120,Lastarria,VIIRS375,0,0.00,1,sin anomalia,2026-10-05T14:24:05,mendoza
2026-05-21T06:06:01,355120,Lastarria,VIIRS375,0,0.00,1,sin anomalia,2026-10-05T14:24:05,mendoza
2026-05-21T06:06:01,355120,Lastarria,VIIRS750,0,0.00,1,sin anomalia,2026-10-05T14:24:05,mendoza
2026-05-21T07:45:00,355120,Lastarria,MODIS,0,0.00,1,sin anomalia,2026-10-05T14:24:05,mendoza
2026-05-21T13:00:00,355120,Lastarria,MODIS,0,0.00,1,sin anomalia,2026-10-05T14:24:05,mendoza
2026-05-21T17:42:02,355120,Lastarria,VIIRS375,1.62,10.24,0,fuera de radio,2026-10-05T14:24:05,mendoza
2026-05-21T17:42:02,355120,Lastarria,VIIRS750,0,0.00,1,sin anomalia,2026-10-05T14:24:05,mendoza
2026-05-21T18:12:00,355120,Lastarria,VIIRS375,4.65,10.88,0,fuera de radio,2026-10-05T14:24:05,mendoza
2026-05-21T18:12:00,355120,Lastarria,VIIRS750,0,0.00,1,sin anomalia,2026-10-05T14:24:05,mendoza
2026-05-21T18:36:01,355120,Lastarria,VIIRS375,2.6,10.88,0,fuera de radio,2026-10-05T14:24:05,mendoza
2026-05-21T18:36:01,355120,Lastarria,VIIRS750,0,0.00,1,sin anomalia,2026-10-05T14:24:05,mendoza
2026-05-21T19:50:00,355120,Lastarria,MODIS,0,0.00,1,sin anomalia,2026-10-05T14:24:05,mendoza
2026-05-22T01:05:00,355120,Lastarria,MODIS,0,0.00,1,sin anomalia,2026-10-05T14:24:05,mendoza
2026-05-22T05:48:01,355120,Lastarria,VIIRS375,0.06,2.19,1,muy baja,2026-10-05T14:24:05,mendoza
2026-05-22T05:48:01,355120,Lastarria,VIIRS750,0,0.00,1,sin anomalia,2026-10-05T14:24:05,mendoza
2026-05-22T06:36:02,355120,Lastarria,VIIRS375,0.04,1.19,1,muy baja,2026-10-05T14:24:05,mendoza
2026-05-22T06:36:02,355120,Lastarria,VIIRS750,0,0.00,1,sin anomalia,2026-10-05T14:24:05,mendoza
2026-05-22T08:20:00,355120,Lastarria,MODIS,0,0.00,1,sin anomalia,2026-10-05T14:24:05,mendoza
2026-05-22T13:35:00,355120,Lastarria,MODIS,0,0.00,1,sin anomalia,2026-10-05T14:24:05,mendoza
2026-05-22T18:12:01,355120,Lastarria,VIIRS375,1.08,11.31,0,fuera de radio,2026-10-05T14:24:05,mendoza
2026-05-22T18:12:01,355120,Lastarria,VIIRS750,0,0.00,1,sin anomalia,2026-10-05T14:24:05,mendoza
2026-05-22T19:00:02,355120,Lastarria,VIIRS375,0,0.00,1,sin anomalia,2026-10-05T14:24:05,mendoza
2026-05-22T19:00:02,355120,Lastarria,VIIRS750,0,0.00,1,sin anomalia,2026-10-05T14:24:05,mendoza
2026-05-22T20:25:00,355120,Lastarria,MODIS,0,0.00,1,sin anomalia,2026-10-05T14:24:05,mendoza
2026-05-23T01:45:00,355120,Lastarria,MODIS,0,0.00,1,sin anomalia,2026-10-05T14:24:05,mendoza
2026-05-23T05:30:01,355120,Lastarria,VIIRS375,0.05,2.19,1,muy baja,2026-10-05T14:24:05,mendoza
2026-05-23T05:30:01,355120,Lastarria,VIIRS750,0,0.00,1,sin anomalia,2026-10-05T14:24:05,mendoza
2026-05-23T06:18:02,355120,Lastarria,VIIRS375,0,0.00,1,sin anomalia,2026-10-05T14:24:05,mendoza
2026-05-23T06:18:02,355120,Lastarria,VIIRS750,0,0.00,1,sin anomalia,2026-10-05T14:24:05,mendoza
2026-05-23T07:20:00,355120,Lastarria,MODIS,0,0.00,1,sin anomalia,2026-10-05T14:24:05,mendoza
2026-05-23T12:40:00,355120,Lastarria,MODIS,0,0.00,1,sin anomalia,2026-10-05T14:24:05,mendoza
2026-05-23T17:54:01,355120,Lastarria,VIIRS375,2.19,10.67,0,fuera de radio,2026-10-05T14:24:05,mendoza
2026-05-23T17:54:01,355120,Lastarria,VIIRS750,0,0.00,1,sin anomalia,2026-10-05T14:24:05,mendoza
2026-05-23T18:42:02,355120,Lastarria,VIIRS375,2.37,10.67,0,fuera de radio,2026-10-05T14:24:05,mendoza
2026-05-23T18:42:02,355120,Lastarria,VIIRS750,0,0.00,1,sin anomalia,2026-10-05T14:24:05,mendoza
2026-05-23T19:18:00,355120,Lastarria,VIIRS375,0,0.00,1,sin anomalia,2026-10-05T14:24:05,mendoza
2026-05-23T19:18:00,355120,Lastarria,VIIRS750,0,0.00,1,sin anomalia,2026-10-05T14:24:05,mendoza
2026-05-23T19:30:00,355120,Lastarria,MODIS,0,0.00,1,sin anomalia,2026-10-05T14:24:05,mendoza
2026-05-24T02:20:00,355120,Lastarria,MODIS,0,0.00,1,sin anomalia,2026-10-05T14:24:05,mendoza
2026-05-24T05:12:01,355120,Lastarria,VIIRS375,0,0.00,1,sin anomalia,2026-10-05T14:24:05,mendoza
2026-05-24T05:12:01,355120,Lastarria,VIIRS750,0,0.00,1,sin anomalia,2026-10-05T14:24:05,mendoza
2026-05-24T06:00:02,355120,Lastarria,VIIRS375,0.14,2.40,1,muy baja,2026-10-05T14:24:05,mendoza
2026-05-24T06:00:02,355120,Lastarria,VIIRS750,0,0.00,1,sin anomalia,2026-10-05T14:24:05,mendoza
2026-05-24T06:30:00,355120,Lastarria,VIIRS375,0.07,1.55,1,muy baja,2026-10-05T14:24:05,mendoza
2026-05-24T06:30:00,355120,Lastarria,VIIRS750,0,0.00,1,sin anomalia,2026-10-05T14:24:05,mendoza
2026-05-24T13:15:00,355120,Lastarria,MODIS,0,0.00,1,sin anomalia,2026-10-05T14:24:05,mendoza
2026-05-24T17:36:01,355120,Lastarria,VIIRS375,4.18,10.67,0,fuera de radio,2026-10-05T14:24:05,mendoza
2026-05-24T17:36:01,355120,Lastarria,VIIRS750,0,0.00,1,sin anomalia,2026-10-05T14:24:05,mendoza
2026-05-24T18:24:02,355120,Lastarria,VIIRS750,0,0.00,1,sin anomalia,2026-10-05T14:24:05,mendoza
2026-05-24T19:00:00,355120,Lastarria,VIIRS750,0,0.00,1,sin anomalia,2026-10-05T14:24:05,mendoza
2026-05-24T19:18:01,355120,Lastarria,VIIRS375,0,0.00,1,sin anomalia,2026-10-05T14:24:05,mendoza
2026-05-24T19:18:01,355120,Lastarria,VIIRS750,0,0.00,1,sin anomalia,2026-10-05T14:24:05,mendoza
2026-05-24T20:05:00,355120,Lastarria,MODIS,0,0.00,1,sin anomalia,2026-10-05T14:24:05,mendoza
2026-05-25T01:25:00,355120,Lastarria,MODIS,0,0.00,1,sin anomalia,2026-10-05T14:24:05,mendoza
2026-05-25T04:54:01,355120,Lastarria,VIIRS750,0,0.00,1,sin anomalia,2026-10-05T14:24:05,mendoza
2026-05-25T05:42:02,355120,Lastarria,VIIRS750,0,0.00,1,sin anomalia,2026-10-05T14:24:05,mendoza
2026-05-25T06:30:01,355120,Lastarria,VIIRS375,0.07,2.40,1,muy baja,2026-10-05T14:24:05,mendoza
2026-05-25T06:30:01,355120,Lastarria,VIIRS750,0,0.00,1,sin anomalia,2026-10-05T14:24:05,mendoza
2026-05-25T07:00:00,355120,Lastarria,MODIS,0,0.00,1,sin anomalia,2026-10-05T14:24:05,mendoza
2026-05-25T17:18:01,355120,Lastarria,VIIRS375,1.58,10.67,0,fuera de radio,2026-10-05T14:24:05,mendoza
2026-05-25T17:18:01,355120,Lastarria,VIIRS750,0,0.00,1,sin anomalia,2026-10-05T14:24:05,mendoza
2026-05-25T18:06:02,355120,Lastarria,VIIRS375,2.54,10.88,0,fuera de radio,2026-10-05T14:24:05,mendoza
2026-05-25T18:06:02,355120,Lastarria,VIIRS750,0,0.00,1,sin anomalia,2026-10-05T14:24:05,mendoza
2026-05-25T18:42:00,355120,Lastarria,VIIRS750,0,0.00,1,sin anomalia,2026-10-05T14:24:05,mendoza
2026-05-25T19:00:01,355120,Lastarria,VIIRS375,3.82,10.67,0,fuera de radio,2026-10-05T14:24:05,mendoza
2026-05-25T19:00:01,355120,Lastarria,VIIRS750,0,0.00,1,sin anomalia,2026-10-05T14:24:05,mendoza
2026-05-25T20:45:00,355120,Lastarria,MODIS,0,0.00,1,sin anomalia,2026-10-05T14:24:05,mendoza
2026-05-26T02:00:00,355120,Lastarria,MODIS,0,0.00,1,sin anomalia,2026-10-05T14:24:05,mendoza
2026-05-26T05:18:02,355120,Lastarria,VIIRS750,0,0.00,1,sin anomalia,2026-10-05T14:24:05,mendoza
2026-05-26T06:12:01,355120,Lastarria,VIIRS375,0.04,1.19,1,muy baja,2026-10-05T14:24:05,mendoza
2026-05-26T06:12:01,355120,Lastarria,VIIRS750,0,0.00,1,sin anomalia,2026-10-05T14:24:05,mendoza
2026-05-26T07:40:00,355120,Lastarria,MODIS,0,0.00,1,sin anomalia,2026-10-05T14:24:05,mendoza
2026-05-26T12:55:00,355120,Lastarria,MODIS,0,0.00,1,sin anomalia,2026-10-05T14:24:05,mendoza
2026-05-26T17:48:02,355120,Lastarria,VIIRS375,0,0.00,1,sin anomalia,2026-10-05T14:24:05,mendoza
2026-05-26T18:42:01,355120,Lastarria,VIIRS375,1.99,10.30,0,fuera de radio,2026-10-05T14:24:05,mendoza
2026-05-26T18:42:01,355120,Lastarria,VIIRS750,0,0.00,1,sin anomalia,2026-10-05T14:24:05,mendoza
2026-05-26T19:45:00,355120,Lastarria,MODIS,0,0.00,1,sin anomalia,2026-10-05T14:24:05,mendoza
2026-05-27T01:05:00,355120,Lastarria,MODIS,0,0.00,1,sin anomalia,2026-10-05T14:24:05,mendoza
2026-05-27T05:36:00,355120,Lastarria,VIIRS750,0,0.00,1,sin anomalia,2026-10-05T14:24:05,mendoza
2026-05-27T05:54:01,355120,Lastarria,VIIRS375,0.03,1.19,1,muy baja,2026-10-05T14:24:05,mendoza
2026-05-27T05:54:01,355120,Lastarria,VIIRS750,0,0.00,1,sin anomalia,2026-10-05T14:24:05,mendoza
2026-05-27T08:15:00,355120,Lastarria,MODIS,0,0.00,1,sin anomalia,2026-10-05T14:24:05,mendoza
2026-05-27T13:35:00,355120,Lastarria,MODIS,0,0.00,1,sin anomalia,2026-10-05T14:24:05,mendoza
2026-05-27T17:30:02,355120,Lastarria,VIIRS375,0,0.00,1,sin anomalia,2026-10-05T14:24:05,mendoza
2026-05-27T17:30:02,355120,Lastarria,VIIRS750,0,0.00,1,sin anomalia,2026-10-05T14:24:05,mendoza
2026-05-27T18:00:00,355120,Lastarria,VIIRS375,3.45,10.67,0,fuera de radio,2026-10-05T14:24:05,mendoza
2026-05-27T18:00:00,355120,Lastarria,VIIRS750,0,0.00,1,sin anomalia,2026-10-05T14:24:05,mendoza
2026-05-27T18:18:01,355120,Lastarria,VIIRS375,0,0.00,1,sin anomalia,2026-10-05T14:24:05,mendoza
2026-05-27T19:06:02,355120,Lastarria,VIIRS375,0,0.00,1,sin anomalia,2026-10-05T14:24:05,mendoza
2026-05-27T19:06:02,355120,Lastarria,VIIRS750,0,0.00,1,sin anomalia,2026-10-05T14:24:05,mendoza
2026-05-27T20:20:00,355120,Lastarria,MODIS,0,0.00,1,sin anomalia,2026-10-05T14:24:05,mendoza
2026-05-28T01:40:00,355120,Lastarria,MODIS,0,0.00,1,sin anomalia,2026-10-05T14:24:05,mendoza
2026-05-28T05:36:01,355120,Lastarria,VIIRS375,0.03,1.35,1,muy baja,2026-10-05T14:24:05,mendoza
2026-05-28T05:36:01,355120,Lastarria,VIIRS750,0,0.00,1,sin anomalia,2026-10-05T14:24:05,mendoza
2026-05-28T06:24:02,355120,Lastarria,VIIRS375,0.04,1.19,1,muy baja,2026-10-05T14:24:05,mendoza
2026-05-28T06:24:02,355120,Lastarria,VIIRS750,0,0.00,1,sin anomalia,2026-10-05T14:24:05,mendoza
2026-05-28T07:15:00,355120,Lastarria,MODIS,0,0.00,1,sin anomalia,2026-10-05T14:24:05,mendoza
2026-05-28T12:35:00,355120,Lastarria,MODIS,0,0.00,1,sin anomalia,2026-10-05T14:24:05,mendoza
2026-05-28T18:00:01,355120,Lastarria,VIIRS375,3.45,10.67,0,fuera de radio,2026-10-05T14:24:05,mendoza
2026-05-28T18:00:01,355120,Lastarria,VIIRS750,0,0.00,1,sin anomalia,2026-10-05T14:24:05,mendoza
2026-05-28T18:48:02,355120,Lastarria,VIIRS375,3.79,10.67,0,fuera de radio,2026-10-05T14:24:05,mendoza
2026-05-28T18:48:02,355120,Lastarria,VIIRS750,0,0.00,1,sin anomalia,2026-10-05T14:24:05,mendoza
2026-05-28T19:24:00,355120,Lastarria,VIIRS375,0.59,9.81,0,fuera de radio,2026-10-05T14:24:05,mendoza
2026-05-28T19:24:00,355120,Lastarria,VIIRS750,0,0.00,1,sin anomalia,2026-10-05T14:24:05,mendoza
2026-05-28T21:00:00,355120,Lastarria,MODIS,0,0.00,1,sin anomalia,2026-10-05T14:24:05,mendoza
2026-05-29T02:20:00,355120,Lastarria,MODIS,0,0.00,1,sin anomalia,2026-10-05T14:24:05,mendoza
2026-05-29T05:18:01,355120,Lastarria,VIIRS375,0,0.00,1,sin anomalia,2026-10-05T14:24:05,mendoza
2026-05-29T05:18:01,355120,Lastarria,VIIRS750,0,0.00,1,sin anomalia,2026-10-05T14:24:05,mendoza
2026-05-29T06:06:02,355120,Lastarria,VIIRS375,0.18,2.40,1,muy baja,2026-10-05T14:24:05,mendoza
2026-05-29T06:06:02,355120,Lastarria,VIIRS750,0,0.00,1,sin anomalia,2026-10-05T14:24:05,mendoza
2026-05-29T06:36:00,355120,Lastarria,VIIRS375,0,0.00,1,sin anomalia,2026-10-05T14:24:05,mendoza
2026-05-29T06:36:00,355120,Lastarria,VIIRS750,0,0.00,1,sin anomalia,2026-10-05T14:24:05,mendoza
2026-05-29T07:55:00,355120,Lastarria,MODIS,0,0.00,1,sin anomalia,2026-10-05T14:24:05,mendoza
2026-05-29T13:15:00,355120,Lastarria,MODIS,0,0.00,1,sin anomalia,2026-10-05T14:24:05,mendoza
2026-05-29T17:42:01,355120,Lastarria,VIIRS375,1.11,10.30,0,fuera de radio,2026-10-05T14:24:05,mendoza
2026-05-29T17:42:01,355120,Lastarria,VIIRS750,0,0.00,1,sin anomalia,2026-10-05T14:24:05,mendoza
2026-05-29T18:30:02,355120,Lastarria,VIIRS375,0,0.00,1,sin anomalia,2026-10-05T14:24:05,mendoza
2026-05-29T18:30:02,355120,Lastarria,VIIRS750,0,0.00,1,sin anomalia,2026-10-05T14:24:05,mendoza
2026-05-29T19:06:00,355120,Lastarria,VIIRS375,0.79,9.81,0,fuera de radio,2026-10-05T14:24:05,mendoza
2026-05-29T19:06:00,355120,Lastarria,VIIRS750,0,0.00,1,sin anomalia,2026-10-05T14:24:05,mendoza
2026-05-29T20:00:00,355120,Lastarria,MODIS,0,0.00,1,sin anomalia,2026-10-05T14:24:05,mendoza
2026-05-30T01:20:00,355120,Lastarria,MODIS,0,0.00,1,sin anomalia,2026-10-05T14:24:05,mendoza
2026-05-30T05:00:01,355120,Lastarria,VIIRS375,0.25,19.80,0,fuera de radio,2026-10-05T14:24:05,mendoza
2026-05-30T05:00:01,355120,Lastarria,VIIRS750,0,0.00,1,sin anomalia,2026-10-05T14:24:05,mendoza
2026-05-30T06:36:01,355120,Lastarria,VIIRS375,0.08,1.19,1,muy baja,2026-10-05T14:24:05,mendoza
2026-05-30T06:36:01,355120,Lastarria,VIIRS750,0,0.00,1,sin anomalia,2026-10-05T14:24:05,mendoza
2026-05-30T06:55:00,355120,Lastarria,MODIS,0,0.00,1,sin anomalia,2026-10-05T14:24:05,mendoza
2026-05-30T17:24:01,355120,Lastarria,VIIRS375,2,10.30,0,fuera de radio,2026-10-05T14:24:05,mendoza
2026-05-30T17:24:01,355120,Lastarria,VIIRS750,0,0.00,1,sin anomalia,2026-10-05T14:24:05,mendoza
2026-05-30T18:12:02,355120,Lastarria,VIIRS375,1.5,10.30,0,fuera de radio,2026-10-05T14:24:05,mendoza
2026-05-30T19:06:01,355120,Lastarria,VIIRS375,1.54,10.30,0,fuera de radio,2026-10-05T14:24:05,mendoza
2026-05-30T19:06:01,355120,Lastarria,VIIRS750,0,0.00,1,sin anomalia,2026-10-05T14:24:05,mendoza
2026-05-30T20:35:00,355120,Lastarria,MODIS,0,0.00,1,sin anomalia,2026-10-05T14:24:05,mendoza
2026-05-31T05:24:02,355120,Lastarria,VIIRS750,0,0.00,1,sin anomalia,2026-10-05T14:24:05,mendoza
2026-05-31T06:18:01,355120,Lastarria,VIIRS375,0.12,1.19,1,muy baja,2026-10-05T14:24:05,mendoza
2026-05-31T06:18:01,355120,Lastarria,VIIRS750,0,0.00,1,sin anomalia,2026-10-05T14:24:05,mendoza
2026-05-31T07:30:00,355120,Lastarria,MODIS,0,0.00,1,sin anomalia,2026-10-05T14:24:05,mendoza
2026-05-31T12:55:00,355120,Lastarria,MODIS,0,0.00,1,sin anomalia,2026-10-05T14:24:05,mendoza
2026-05-31T17:54:02,355120,Lastarria,VIIRS750,0,0.00,1,sin anomalia,2026-10-05T14:24:05,mendoza
2026-05-31T18:30:00,355120,Lastarria,VIIRS750,0,0.00,1,sin anomalia,2026-10-05T14:24:05,mendoza
2026-05-31T18:48:01,355120,Lastarria,VIIRS375,0.96,10.30,0,fuera de radio,2026-10-05T14:24:05,mendoza
2026-05-31T18:48:01,355120,Lastarria,VIIRS750,0,0.00,1,sin anomalia,2026-10-05T14:24:05,mendoza
2026-06-01T01:00:00,355120,Lastarria,MODIS,0,0.00,1,sin anomalia,2026-10-05T14:24:05,mendoza
2026-06-01T05:06:02,355120,Lastarria,VIIRS750,0,0.00,1,sin anomalia,2026-10-05T14:24:05,mendoza
2026-06-01T06:00:01,355120,Lastarria,VIIRS375,0.12,2.40,1,muy baja,2026-10-05T14:24:05,mendoza
2026-06-01T06:00:01,355120,Lastarria,VIIRS750,0,0.00,1,sin anomalia,2026-10-05T14:24:05,mendoza
2026-06-01T08:10:00,355120,Lastarria,MODIS,0,0.00,1,sin anomalia,2026-10-05T14:24:05,mendoza
2026-06-01T13:35:00,355120,Lastarria,MODIS,0,0.00,1,sin anomalia,2026-10-05T14:24:05,mendoza
2026-06-01T17:36:02,355120,Lastarria,VIIRS375,0.6,10.30,0,fuera de radio,2026-10-05T14:24:05,mendoza
2026-06-01T17:36:02,355120,Lastarria,VIIRS750,0,0.00,1,sin anomalia,2026-10-05T14:24:05,mendoza
2026-06-01T18:30:01,355120,Lastarria,VIIRS375,0,0.00,1,sin anomalia,2026-10-05T14:24:05,mendoza
2026-06-01T18:30:01,355120,Lastarria,VIIRS750,0,0.00,1,sin anomalia,2026-10-05T14:24:05,mendoza
2026-06-01T19:12:02,355120,Lastarria,VIIRS375,0,0.00,1,sin anomalia,2026-10-05T14:24:05,mendoza
2026-06-01T19:12:02,355120,Lastarria,VIIRS750,0,0.00,1,sin anomalia,2026-10-05T14:24:05,mendoza
2026-06-01T20:15:00,355120,Lastarria,MODIS,0,0.00,1,sin anomalia,2026-10-05T14:24:05,mendoza
2026-06-02T01:40:00,355120,Lastarria,MODIS,0,0.00,1,sin anomalia,2026-10-05T14:24:05,mendoza
2026-06-02T05:42:01,355120,Lastarria,VIIRS375,0.48,16.66,0,fuera de radio,2026-10-05T14:24:05,mendoza
2026-06-02T05:42:01,355120,Lastarria,VIIRS750,0,0.00,1,sin anomalia,2026-10-05T14:24:05,mendoza
2026-06-02T06:30:02,355120,Lastarria,VIIRS375,0.03,1.19,1,muy baja,2026-10-05T14:24:05,mendoza
2026-06-02T06:30:02,355120,Lastarria,VIIRS750,0,0.00,1,sin anomalia,2026-10-05T14:24:05,mendoza
2026-06-02T07:10:00,355120,Lastarria,MODIS,0,0.00,1,sin anomalia,2026-10-05T14:24:05,mendoza
2026-06-02T12:35:00,355120,Lastarria,MODIS,0,0.00,1,sin anomalia,2026-10-05T14:24:05,mendoza
2026-06-02T17:18:02,355120,Lastarria,VIIRS375,0,0.00,1,sin anomalia,2026-10-05T14:24:05,mendoza
2026-06-02T17:18:02,355120,Lastarria,VIIRS750,0,0.00,1,sin anomalia,2026-10-05T14:24:05,mendoza
2026-06-02T17:48:00,355120,Lastarria,VIIRS375,0,0.00,1,sin anomalia,2026-10-05T14:24:05,mendoza
2026-06-02T17:48:00,355120,Lastarria,VIIRS750,0,0.00,1,sin anomalia,2026-10-05T14:24:05,mendoza
2026-06-02T18:06:01,355120,Lastarria,VIIRS375,0,0.00,1,sin anomalia,2026-10-05T14:24:05,mendoza
2026-06-02T18:06:01,355120,Lastarria,VIIRS750,0,0.00,1,sin anomalia,2026-10-05T14:24:05,mendoza
2026-06-02T18:54:02,355120,Lastarria,VIIRS375,0,0.00,1,sin anomalia,2026-10-05T14:24:05,mendoza
2026-06-02T18:54:02,355120,Lastarria,VIIRS750,0,0.00,1,sin anomalia,2026-10-05T14:24:05,mendoza
2026-06-02T20:55:00,355120,Lastarria,MODIS,0,0.00,1,sin anomalia,2026-10-05T14:24:05,mendoza
2026-06-03T05:24:01,355120,Lastarria,VIIRS375,0,0.00,1,sin anomalia,2026-10-05T14:24:05,mendoza
2026-06-03T05:24:01,355120,Lastarria,VIIRS750,0,0.00,1,sin anomalia,2026-10-05T14:24:05,mendoza
2026-06-03T06:12:02,355120,Lastarria,VIIRS375,0.1,1.55,1,muy baja,2026-10-05T14:24:05,mendoza
2026-06-03T06:12:02,355120,Lastarria,VIIRS750,0,0.00,1,sin anomalia,2026-10-05T14:24:05,mendoza
2026-06-03T06:42:00,355120,Lastarria,VIIRS375,0,0.00,1,sin anomalia,2026-10-05T14:24:05,mendoza
2026-06-03T06:42:00,355120,Lastarria,VIIRS750,0,0.00,1,sin anomalia,2026-10-05T14:24:05,mendoza
2026-06-03T07:50:00,355120,Lastarria,MODIS,0,0.00,1,sin anomalia,2026-10-05T14:24:05,mendoza
2026-06-03T13:15:00,355120,Lastarria,MODIS,0,0.00,1,sin anomalia,2026-10-05T14:24:05,mendoza
2026-06-03T17:30:00,355120,Lastarria,VIIRS375,2.59,10.67,0,fuera de radio,2026-10-05T14:24:05,mendoza
2026-06-03T17:30:00,355120,Lastarria,VIIRS750,0,0.00,1,sin anomalia,2026-10-05T14:24:05,mendoza
2026-06-03T17:48:01,355120,Lastarria,VIIRS375,3.21,11.31,0,fuera de radio,2026-10-05T14:24:05,mendoza
2026-06-03T17:48:01,355120,Lastarria,VIIRS750,0,0.00,1,sin anomalia,2026-10-05T14:24:05,mendoza
2026-06-03T18:36:02,355120,Lastarria,VIIRS375,0,0.00,1,sin anomalia,2026-10-05T14:24:05,mendoza
2026-06-03T18:36:02,355120,Lastarria,VIIRS750,0,0.00,1,sin anomalia,2026-10-05T14:24:05,mendoza
2026-06-03T19:12:00,355120,Lastarria,VIIRS375,0,0.00,1,sin anomalia,2026-10-05T14:24:05,mendoza
2026-06-03T19:12:00,355120,Lastarria,VIIRS750,0,0.00,1,sin anomalia,2026-10-05T14:24:05,mendoza
2026-06-03T19:55:00,355120,Lastarria,MODIS,0,0.00,1,sin anomalia,2026-10-05T14:24:05,mendoza
2026-06-04T01:20:00,355120,Lastarria,MODIS,0,0.00,1,sin anomalia,2026-10-05T14:24:05,mendoza
2026-06-04T05:06:01,355120,Lastarria,VIIRS375,0,0.00,1,sin anomalia,2026-10-05T14:24:05,mendoza
2026-06-04T05:06:01,355120,Lastarria,VIIRS750,0,0.00,1,sin anomalia,2026-10-05T14:24:05,mendoza
2026-06-04T05:54:02,355120,Lastarria,VIIRS375,0.16,2.40,1,muy baja,2026-10-05T14:24:05,mendoza
2026-06-04T05:54:02,355120,Lastarria,VIIRS750,0,0.00,1,sin anomalia,2026-10-05T14:24:05,mendoza
2026-06-04T06:24:00,355120,Lastarria,VIIRS375,0.13,2.40,1,muy baja,2026-10-05T14:24:05,mendoza
2026-06-04T06:24:00,355120,Lastarria,VIIRS750,0,0.00,1,sin anomalia,2026-10-05T14:24:05,mendoza
2026-06-04T08:25:00,355120,Lastarria,MODIS,0,0.00,1,sin anomalia,2026-10-05T14:24:05,mendoza
2026-06-04T17:30:01,355120,Lastarria,VIIRS375,2.19,20.80,0,fuera de radio,2026-10-05T14:24:05,mendoza
2026-06-04T18:18:02,355120,Lastarria,VIIRS375,0.69,11.31,0,fuera de radio,2026-10-05T14:24:05,mendoza
2026-06-04T19:12:01,355120,Lastarria,VIIRS375,2.19,10.67,0,fuera de radio,2026-10-05T14:24:05,mendoza
2026-06-04T19:12:01,355120,Lastarria,VIIRS750,0,0.00,1,sin anomalia,2026-10-05T14:24:05,mendoza
2026-06-04T20:30:00,355120,Lastarria,MODIS,0,0.00,1,sin anomalia,2026-10-05T14:24:05,mendoza
2026-06-05T04:48:01,355120,Lastarria,VIIRS750,0,0.00,1,sin anomalia,2026-10-05T14:24:05,mendoza
2026-06-05T05:30:02,355120,Lastarria,VIIRS375,0.14,2.40,1,muy baja,2026-10-05T14:24:05,mendoza
2026-06-05T05:30:02,355120,Lastarria,VIIRS750,0,0.00,1,sin anomalia,2026-10-05T14:24:05,mendoza
2026-06-05T06:24:01,355120,Lastarria,VIIRS375,0.08,1.55,1,muy baja,2026-10-05T14:24:05,mendoza
2026-06-05T06:24:01,355120,Lastarria,VIIRS750,0,0.00,1,sin anomalia,2026-10-05T14:24:05,mendoza
2026-06-05T07:25:00,355120,Lastarria,MODIS,0,0.00,1,sin anomalia,2026-10-05T14:24:05,mendoza
2026-06-05T12:55:00,355120,Lastarria,MODIS,0,0.00,1,sin anomalia,2026-10-05T14:24:05,mendoza
2026-06-05T18:00:02,355120,Lastarria,VIIRS375,0.86,11.31,0,fuera de radio,2026-10-05T14:24:05,mendoza
2026-06-05T18:00:02,355120,Lastarria,VIIRS750,0,0.00,1,sin anomalia,2026-10-05T14:24:05,mendoza
2026-06-05T18:36:00,355120,Lastarria,VIIRS375,3.3,10.67,0,fuera de radio,2026-10-05T14:24:05,mendoza
2026-06-05T18:36:00,355120,Lastarria,VIIRS750,0,0.00,1,sin anomalia,2026-10-05T14:24:05,mendoza
2026-06-05T18:54:01,355120,Lastarria,VIIRS375,2.39,10.67,0,fuera de radio,2026-10-05T14:24:05,mendoza
2026-06-05T18:54:01,355120,Lastarria,VIIRS750,0,0.00,1,sin anomalia,2026-10-05T14:24:05,mendoza
2026-06-05T19:30:00,355120,Lastarria,MODIS,0,0.00,1,sin anomalia,2026-10-05T14:24:05,mendoza
2026-06-06T01:00:00,355120,Lastarria,MODIS,0,0.00,1,sin anomalia,2026-10-05T14:24:05,mendoza
2026-06-06T05:12:02,355120,Lastarria,VIIRS375,0,0.00,1,sin anomalia,2026-10-05T14:24:05,mendoza
2026-06-06T05:12:02,355120,Lastarria,VIIRS750,0,0.00,1,sin anomalia,2026-10-05T14:24:05,mendoza
2026-06-06T06:06:01,355120,Lastarria,VIIRS375,0.03,1.35,1,muy baja,2026-10-05T14:24:05,mendoza
2026-06-06T06:06:01,355120,Lastarria,VIIRS750,0,0.00,1,sin anomalia,2026-10-05T14:24:05,mendoza
2026-06-06T08:05:00,355120,Lastarria,MODIS,0,0.00,1,sin anomalia,2026-10-05T14:24:05,mendoza
2026-06-06T13:35:00,355120,Lastarria,MODIS,0,0.00,1,sin anomalia,2026-10-05T14:24:05,mendoza
2026-06-06T17:42:02,355120,Lastarria,VIIRS375,0,0.00,1,sin anomalia,2026-10-05T14:24:05,mendoza
2026-06-06T17:42:02,355120,Lastarria,VIIRS750,0,0.00,1,sin anomalia,2026-10-05T14:24:05,mendoza
2026-06-06T18:36:01,355120,Lastarria,VIIRS375,0,0.00,1,sin anomalia,2026-10-05T14:24:05,mendoza
2026-06-06T18:36:01,355120,Lastarria,VIIRS750,0,0.00,1,sin anomalia,2026-10-05T14:24:05,mendoza
2026-06-06T20:10:00,355120,Lastarria,MODIS,0,0.00,1,sin anomalia,2026-10-05T14:24:05,mendoza
2026-06-07T01:40:00,355120,Lastarria,MODIS,0,0.00,1,sin anomalia,2026-10-05T14:24:05,mendoza
2026-06-07T04:54:02,355120,Lastarria,VIIRS375,0,0.00,1,sin anomalia,2026-10-05T14:24:05,mendoza
2026-06-07T04:54:02,355120,Lastarria,VIIRS750,0,0.00,1,sin anomalia,2026-10-05T14:24:05,mendoza
2026-06-07T05:48:01,355120,Lastarria,VIIRS375,0.09,2.19,1,muy baja,2026-10-05T14:24:05,mendoza
2026-06-07T05:48:01,355120,Lastarria,VIIRS750,0,0.00,1,sin anomalia,2026-10-05T14:24:05,mendoza
2026-06-07T06:36:02,355120,Lastarria,VIIRS375,0,0.00,1,sin anomalia,2026-10-05T14:24:05,mendoza
2026-06-07T06:36:02,355120,Lastarria,VIIRS750,0,0.00,1,sin anomalia,2026-10-05T14:24:05,mendoza
2026-06-07T07:05:00,355120,Lastarria,MODIS,0,0.00,1,sin anomalia,2026-10-05T14:24:05,mendoza
2026-06-07T12:35:00,355120,Lastarria,MODIS,0,0.00,1,sin anomalia,2026-10-05T14:24:05,mendoza
2026-06-07T17:24:02,355120,Lastarria,VIIRS750,0,0.00,1,sin anomalia,2026-10-05T14:24:05,mendoza
2026-06-07T19:00:02,355120,Lastarria,VIIRS375,5.13,11.31,0,fuera de radio,2026-10-05T14:24:05,mendoza
2026-06-07T19:00:02,355120,Lastarria,VIIRS750,0,0.00,1,sin anomalia,2026-10-05T14:24:05,mendoza
2026-06-07T20:45:00,355120,Lastarria,MODIS,0,0.00,1,sin anomalia,2026-10-05T14:24:05,mendoza
2026-06-08T02:20:00,355120,Lastarria,MODIS,0,0.00,1,sin anomalia,2026-10-05T14:24:05,mendoza
2026-06-08T05:30:01,355120,Lastarria,VIIRS375,0,0.00,1,sin anomalia,2026-10-05T14:24:05,mendoza
2026-06-08T05:30:01,355120,Lastarria,VIIRS750,0,0.00,1,sin anomalia,2026-10-05T14:24:05,mendoza
2026-06-08T06:18:02,355120,Lastarria,VIIRS375,0.17,2.40,1,muy baja,2026-10-05T14:24:05,mendoza
2026-06-08T06:18:02,355120,Lastarria,VIIRS750,0,0.00,1,sin anomalia,2026-10-05T14:24:05,mendoza
2026-06-08T07:40:00,355120,Lastarria,MODIS,0,0.00,1,sin anomalia,2026-10-05T14:24:05,mendoza
2026-06-08T13:15:00,355120,Lastarria,MODIS,0,0.00,1,sin anomalia,2026-10-05T14:24:05,mendoza
2026-06-08T17:54:01,355120,Lastarria,VIIRS375,0,0.00,1,sin anomalia,2026-10-05T14:24:05,mendoza
2026-06-08T17:54:01,355120,Lastarria,VIIRS750,0,0.00,1,sin anomalia,2026-10-05T14:24:05,mendoza
2026-06-08T18:42:02,355120,Lastarria,VIIRS375,0,0.00,1,sin anomalia,2026-10-05T14:24:05,mendoza
2026-06-08T18:42:02,355120,Lastarria,VIIRS750,0,0.00,1,sin anomalia,2026-10-05T14:24:05,mendoza
2026-06-08T19:18:00,355120,Lastarria,VIIRS375,0,0.00,1,sin anomalia,2026-10-05T14:24:05,mendoza
2026-06-08T19:18:00,355120,Lastarria,VIIRS750,0,0.00,1,sin anomalia,2026-10-05T14:24:05,mendoza
2026-06-08T19:45:00,355120,Lastarria,MODIS,0,0.00,1,sin anomalia,2026-10-05T14:24:05,mendoza
2026-06-09T01:20:00,355120,Lastarria,MODIS,0,0.00,1,sin anomalia,2026-10-05T14:24:05,mendoza
2026-06-09T05:12:01,355120,Lastarria,VIIRS375,0,0.00,1,sin anomalia,2026-10-05T14:24:05,mendoza
2026-06-09T05:12:01,355120,Lastarria,VIIRS750,0,0.00,1,sin anomalia,2026-10-05T14:24:05,mendoza
2026-06-09T06:00:02,355120,Lastarria,VIIRS750,0,0.00,1,sin anomalia,2026-10-05T14:24:05,mendoza
2026-06-09T06:30:00,355120,Lastarria,VIIRS375,0,0.00,1,sin anomalia,2026-10-05T14:24:05,mendoza
2026-06-09T06:30:00,355120,Lastarria,VIIRS750,0,0.00,1,sin anomalia,2026-10-05T14:24:05,mendoza
2026-06-09T08:20:00,355120,Lastarria,MODIS,0,0.00,1,sin anomalia,2026-10-05T14:24:05,mendoza
2026-06-09T13:55:00,355120,Lastarria,MODIS,0,0.00,1,sin anomalia,2026-10-05T14:24:05,mendoza
2026-06-09T17:36:01,355120,Lastarria,VIIRS375,0,0.00,1,sin anomalia,2026-10-05T14:24:05,mendoza
2026-06-09T17:36:01,355120,Lastarria,VIIRS750,0,0.00,1,sin anomalia,2026-10-05T14:24:05,mendoza
2026-06-09T18:24:02,355120,Lastarria,VIIRS750,0,0.00,1,sin anomalia,2026-10-05T14:24:05,mendoza
2026-06-09T19:00:00,355120,Lastarria,VIIRS750,0,0.00,1,sin anomalia,2026-10-05T14:24:05,mendoza
2026-06-09T19:18:01,355120,Lastarria,VIIRS375,0,0.00,1,sin anomalia,2026-10-05T14:24:05,mendoza
2026-06-09T19:18:01,355120,Lastarria,VIIRS750,0,0.00,1,sin anomalia,2026-10-05T14:24:05,mendoza
2026-06-09T20:25:00,355120,Lastarria,MODIS,0,0.00,1,sin anomalia,2026-10-05T14:24:05,mendoza
2026-06-10T02:00:00,355120,Lastarria,MODIS,0,0.00,1,sin anomalia,2026-10-05T14:24:05,mendoza
2026-06-10T04:54:01,355120,Lastarria,VIIRS375,0,0.00,1,sin anomalia,2026-10-05T14:24:05,mendoza
2026-06-10T04:54:01,355120,Lastarria,VIIRS750,0,0.00,1,sin anomalia,2026-10-05T14:24:05,mendoza
2026-06-10T05:42:02,355120,Lastarria,VIIRS750,0,0.00,1,sin anomalia,2026-10-05T14:24:05,mendoza
2026-06-10T06:30:01,355120,Lastarria,VIIRS375,0,0.00,1,sin anomalia,2026-10-05T14:24:05,mendoza
2026-06-10T06:30:01,355120,Lastarria,VIIRS750,0,0.00,1,sin anomalia,2026-10-05T14:24:05,mendoza
2026-06-10T07:20:00,355120,Lastarria,MODIS,0,0.00,1,sin anomalia,2026-10-05T14:24:05,mendoza
2026-06-10T12:55:00,355120,Lastarria,MODIS,0,0.00,1,sin anomalia,2026-10-05T14:24:05,mendoza
2026-06-10T17:18:01,355120,Lastarria,VIIRS375,0,0.00,1,sin anomalia,2026-10-05T14:24:05,mendoza
2026-06-10T17:18:01,355120,Lastarria,VIIRS750,0,0.00,1,sin anomalia,2026-10-05T14:24:05,mendoza
2026-06-10T18:06:02,355120,Lastarria,VIIRS375,0,0.00,1,sin anomalia,2026-10-05T14:24:05,mendoza
2026-06-10T18:06:02,355120,Lastarria,VIIRS750,0,0.00,1,sin anomalia,2026-10-05T14:24:05,mendoza
2026-06-10T18:42:00,355120,Lastarria,VIIRS375,0,0.00,1,sin anomalia,2026-10-05T14:24:05,mendoza
2026-06-10T18:42:00,355120,Lastarria,VIIRS750,0,0.00,1,sin anomalia,2026-10-05T14:24:05,mendoza
2026-06-10T19:00:01,355120,Lastarria,VIIRS375,0,0.00,1,sin anomalia,2026-10-05T14:24:05,mendoza
2026-06-10T19:00:01,355120,Lastarria,VIIRS750,0,0.00,1,sin anomalia,2026-10-05T14:24:05,mendoza
2026-06-11T01:00:00,355120,Lastarria,MODIS,0,0.00,1,sin anomalia,2026-10-05T14:24:05,mendoza
2026-06-11T05:18:02,355120,Lastarria,VIIRS375,0,0.00,1,sin anomalia,2026-10-05T14:24:05,mendoza
2026-06-11T06:12:01,355120,Lastarria,VIIRS375,0,0.00,1,sin anomalia,2026-10-05T14:24:05,mendoza
2026-06-11T06:12:01,355120,Lastarria,VIIRS750,0,0.00,1,sin anomalia,2026-10-05T14:24:05,mendoza
2026-06-11T07:55:00,355120,Lastarria,MODIS,0,0.00,1,sin anomalia,2026-10-05T14:24:05,mendoza
2026-06-11T13:35:00,355120,Lastarria,MODIS,0,0.00,1,sin anomalia,2026-10-05T14:24:05,mendoza
2026-06-11T17:48:02,355120,Lastarria,VIIRS375,0,0.00,1,sin anomalia,2026-10-05T14:24:05,mendoza
2026-06-11T18:42:01,355120,Lastarria,VIIRS375,0,0.00,1,sin anomalia,2026-10-05T14:24:05,mendoza
2026-06-11T18:42:01,355120,Lastarria,VIIRS750,0,0.00,1,sin anomalia,2026-10-05T14:24:05,mendoza
2026-06-11T20:05:00,355120,Lastarria,MODIS,0,0.00,1,sin anomalia,2026-10-05T14:24:05,mendoza
2026-06-12T01:40:00,355120,Lastarria,MODIS,0,0.00,1,sin anomalia,2026-10-05T14:24:05,mendoza
2026-06-12T05:54:01,355120,Lastarria,VIIRS375,0.21,2.40,1,muy baja,2026-10-05T14:24:05,mendoza
2026-06-12T05:54:01,355120,Lastarria,VIIRS750,0,0.00,1,sin anomalia,2026-10-05T14:24:05,mendoza
2026-06-12T07:00:00,355120,Lastarria,MODIS,0,0.00,1,sin anomalia,2026-10-05T14:24:05,mendoza
2026-06-12T18:24:01,355120,Lastarria,VIIRS750,0,0.00,1,sin anomalia,2026-10-05T14:24:05,mendoza
2026-06-12T19:06:02,355120,Lastarria,VIIRS375,0,0.00,1,sin anomalia,2026-10-05T14:24:05,mendoza
2026-06-12T19:06:02,355120,Lastarria,VIIRS750,0,0.00,1,sin anomalia,2026-10-05T14:24:05,mendoza
2026-06-12T20:40:00,355120,Lastarria,MODIS,0,0.00,1,sin anomalia,2026-10-05T14:24:05,mendoza
2026-06-13T02:20:00,355120,Lastarria,MODIS,0,0.00,1,sin anomalia,2026-10-05T14:24:05,mendoza
2026-06-13T05:36:01,355120,Lastarria,VIIRS375,0.06,2.19,1,muy baja,2026-10-05T14:24:05,mendoza
2026-06-13T06:24:02,355120,Lastarria,VIIRS375,0.16,2.40,1,muy baja,2026-10-05T14:24:05,mendoza
2026-06-13T06:24:02,355120,Lastarria,VIIRS750,0,0.00,1,sin anomalia,2026-10-05T14:24:05,mendoza
2026-06-13T07:35:00,355120,Lastarria,MODIS,0,0.00,1,sin anomalia,2026-10-05T14:24:05,mendoza
2026-06-13T13:15:00,355120,Lastarria,MODIS,0,0.00,1,sin anomalia,2026-10-05T14:24:05,mendoza
2026-06-13T17:42:00,355120,Lastarria,VIIRS750,0,0.00,1,sin anomalia,2026-10-05T14:24:05,mendoza
2026-06-13T18:00:01,355120,Lastarria,VIIRS375,0.51,11.31,0,fuera de radio,2026-10-05T14:24:05,mendoza
2026-06-13T18:00:01,355120,Lastarria,VIIRS750,0,0.00,1,sin anomalia,2026-10-05T14:24:05,mendoza
2026-06-13T18:48:02,355120,Lastarria,VIIRS375,0.66,10.67,0,fuera de radio,2026-10-05T14:24:05,mendoza
2026-06-13T18:48:02,355120,Lastarria,VIIRS750,0,0.00,1,sin anomalia,2026-10-05T14:24:05,mendoza
2026-06-13T19:24:00,355120,Lastarria,VIIRS375,0,0.00,1,sin anomalia,2026-10-05T14:24:05,mendoza
2026-06-13T19:24:00,355120,Lastarria,VIIRS750,0,0.00,1,sin anomalia,2026-10-05T14:24:05,mendoza
2026-06-13T19:40:00,355120,Lastarria,MODIS,0,0.00,1,sin anomalia,2026-10-05T14:24:05,mendoza
2026-06-14T01:20:00,355120,Lastarria,MODIS,0,0.00,1,sin anomalia,2026-10-05T14:24:05,mendoza
2026-06-14T05:18:01,355120,Lastarria,VIIRS375,0,0.00,1,sin anomalia,2026-10-05T14:24:05,mendoza
2026-06-14T05:18:01,355120,Lastarria,VIIRS750,0,0.00,1,sin anomalia,2026-10-05T14:24:05,mendoza
2026-06-14T06:06:02,355120,Lastarria,VIIRS375,0.03,2.40,1,muy baja,2026-10-05T14:24:05,mendoza
2026-06-14T06:06:02,355120,Lastarria,VIIRS750,0,0.00,1,sin anomalia,2026-10-05T14:24:05,mendoza
2026-06-14T06:36:00,355120,Lastarria,VIIRS375,0,0.00,1,sin anomalia,2026-10-05T14:24:05,mendoza
2026-06-14T06:36:00,355120,Lastarria,VIIRS750,0,0.00,1,sin anomalia,2026-10-05T14:24:05,mendoza
2026-06-14T08:15:00,355120,Lastarria,MODIS,0,0.00,1,sin anomalia,2026-10-05T14:24:05,mendoza
2026-06-14T17:42:01,355120,Lastarria,VIIRS375,0,0.00,1,sin anomalia,2026-10-05T14:24:05,mendoza
2026-06-14T17:42:01,355120,Lastarria,VIIRS750,0,0.00,1,sin anomalia,2026-10-05T14:24:05,mendoza
2026-06-14T18:30:02,355120,Lastarria,VIIRS375,0.09,27.59,0,fuera de radio,2026-10-05T14:24:05,mendoza
2026-06-14T18:30:02,355120,Lastarria,VIIRS750,0,0.00,1,sin anomalia,2026-10-05T14:24:05,mendoza
2026-06-14T19:06:00,355120,Lastarria,VIIRS375,0,0.00,1,sin anomalia,2026-10-05T14:24:05,mendoza
2026-06-14T19:06:00,355120,Lastarria,VIIRS750,0,0.00,1,sin anomalia,2026-10-05T14:24:05,mendoza
2026-06-14T20:20:00,355120,Lastarria,MODIS,0,0.00,1,sin anomalia,2026-10-05T14:24:05,mendoza
2026-06-15T02:00:00,355120,Lastarria,MODIS,0,0.00,1,sin anomalia,2026-10-05T14:24:05,mendoza
2026-06-15T05:00:01,355120,Lastarria,VIIRS375,0,0.00,1,sin anomalia,2026-10-05T14:24:05,mendoza
2026-06-15T05:00:01,355120,Lastarria,VIIRS750,0,0.00,1,sin anomalia,2026-10-05T14:24:05,mendoza
2026-06-15T05:48:02,355120,Lastarria,VIIRS750,0,0.00,1,sin anomalia,2026-10-05T14:24:05,mendoza
2026-06-15T06:36:01,355120,Lastarria,VIIRS375,0,0.00,1,sin anomalia,2026-10-05T14:24:05,mendoza
2026-06-15T06:36:01,355120,Lastarria,VIIRS750,0,0.00,1,sin anomalia,2026-10-05T14:24:05,mendoza
2026-06-15T07:15:00,355120,Lastarria,MODIS,0,0.00,1,sin anomalia,2026-10-05T14:24:05,mendoza
2026-06-15T12:55:00,355120,Lastarria,MODIS,0,0.00,1,sin anomalia,2026-10-05T14:24:05,mendoza
2026-06-15T18:12:02,355120,Lastarria,VIIRS375,2.79,10.67,0,fuera de radio,2026-10-05T14:24:05,mendoza
2026-06-15T18:12:02,355120,Lastarria,VIIRS750,0,0.00,1,sin anomalia,2026-10-05T14:24:05,mendoza
2026-06-15T18:48:00,355120,Lastarria,VIIRS375,0,0.00,1,sin anomalia,2026-10-05T14:24:05,mendoza
2026-06-15T18:48:00,355120,Lastarria,VIIRS750,0,0.00,1,sin anomalia,2026-10-05T14:24:05,mendoza
2026-06-15T19:06:01,355120,Lastarria,VIIRS375,2.38,10.30,0,fuera de radio,2026-10-05T14:24:05,mendoza
2026-06-15T19:06:01,355120,Lastarria,VIIRS750,0,0.00,1,sin anomalia,2026-10-05T14:24:05,mendoza
2026-06-15T20:55:00,355120,Lastarria,MODIS,0,0.00,1,sin anomalia,2026-10-05T14:24:05,mendoza
2026-06-16T01:00:00,355120,Lastarria,MODIS,0,0.00,1,sin anomalia,2026-10-05T14:24:05,mendoza
2026-06-16T05:24:02,355120,Lastarria,VIIRS375,0,0.00,1,sin anomalia,2026-10-05T14:24:05,mendoza
2026-06-16T05:24:02,355120,Lastarria,VIIRS750,0,0.00,1,sin anomalia,2026-10-05T14:24:05,mendoza
2026-06-16T06:18:01,355120,Lastarria,VIIRS375,0,0.00,1,sin anomalia,2026-10-05T14:24:05,mendoza
2026-06-16T06:18:01,355120,Lastarria,VIIRS750,0,0.00,1,sin anomalia,2026-10-05T14:24:05,mendoza
2026-06-16T07:50:00,355120,Lastarria,MODIS,0,0.00,1,sin anomalia,2026-10-05T14:24:05,mendoza
2026-06-16T18:48:01,355120,Lastarria,VIIRS375,1.64,11.31,0,fuera de radio,2026-10-05T14:24:05,mendoza
2026-06-16T18:48:01,355120,Lastarria,VIIRS750,0,0.00,1,sin anomalia,2026-10-05T14:24:05,mendoza
2026-06-16T19:55:00,355120,Lastarria,MODIS,0,0.00,1,sin anomalia,2026-10-05T14:24:05,mendoza
2026-06-17T01:40:00,355120,Lastarria,MODIS,0,0.00,1,sin anomalia,2026-10-05T14:24:05,mendoza
2026-06-17T05:06:02,355120,Lastarria,VIIRS750,0,0.00,1,sin anomalia,2026-10-05T14:24:05,mendoza
2026-06-17T06:00:01,355120,Lastarria,VIIRS375,0.1,2.40,1,muy baja,2026-10-05T14:24:05,mendoza
2026-06-17T06:00:01,355120,Lastarria,VIIRS750,0,0.00,1,sin anomalia,2026-10-05T14:24:05,mendoza
2026-06-17T08:30:00,355120,Lastarria,MODIS,0,0.00,1,sin anomalia,2026-10-05T14:24:05,mendoza
2026-06-17T12:35:00,355120,Lastarria,MODIS,0,0.00,1,sin anomalia,2026-10-05T14:24:05,mendoza
2026-06-17T18:30:01,355120,Lastarria,VIIRS375,0,0.00,1,sin anomalia,2026-10-05T14:24:05,mendoza
2026-06-17T18:30:01,355120,Lastarria,VIIRS750,0,0.00,1,sin anomalia,2026-10-05T14:24:05,mendoza
2026-06-17T19:12:02,355120,Lastarria,VIIRS375,0,0.00,1,sin anomalia,2026-10-05T14:24:05,mendoza
2026-06-17T19:12:02,355120,Lastarria,VIIRS750,0,0.00,1,sin anomalia,2026-10-05T14:24:05,mendoza
2026-06-17T20:35:00,355120,Lastarria,MODIS,0,0.00,1,sin anomalia,2026-10-05T14:24:05,mendoza
2026-06-18T02:15:00,355120,Lastarria,MODIS,0,0.00,1,sin anomalia,2026-10-05T14:24:05,mendoza
2026-06-18T05:42:01,355120,Lastarria,VIIRS375,0,0.00,1,sin anomalia,2026-10-05T14:24:05,mendoza
2026-06-18T05:42:01,355120,Lastarria,VIIRS750,0,0.00,1,sin anomalia,2026-10-05T14:24:05,mendoza
2026-06-18T06:30:02,355120,Lastarria,VIIRS375,0,0.00,1,sin anomalia,2026-10-05T14:24:05,mendoza
2026-06-18T06:30:02,355120,Lastarria,VIIRS750,0,0.00,1,sin anomalia,2026-10-05T14:24:05,mendoza
2026-06-18T07:30:00,355120,Lastarria,MODIS,0,0.00,1,sin anomalia,2026-10-05T14:24:05,mendoza
2026-06-18T13:10:00,355120,Lastarria,MODIS,0,0.00,1,sin anomalia,2026-10-05T14:24:05,mendoza
2026-06-18T17:18:02,355120,Lastarria,VIIRS375,0,0.00,1,sin anomalia,2026-10-05T14:24:05,mendoza
2026-06-18T17:18:02,355120,Lastarria,VIIRS750,0,0.00,1,sin anomalia,2026-10-05T14:24:05,mendoza
2026-06-18T18:54:02,355120,Lastarria,VIIRS375,0,0.00,1,sin anomalia,2026-10-05T14:24:05,mendoza
2026-06-18T18:54:02,355120,Lastarria,VIIRS750,0,0.00,1,sin anomalia,2026-10-05T14:24:05,mendoza
2026-06-18T19:35:00,355120,Lastarria,MODIS,0,0.00,1,sin anomalia,2026-10-05T14:24:05,mendoza
2026-06-19T01:20:00,355120,Lastarria,MODIS,0,0.00,1,sin anomalia,2026-10-05T14:24:05,mendoza
2026-06-19T05:24:01,355120,Lastarria,VIIRS375,0,0.00,1,sin anomalia,2026-10-05T14:24:05,mendoza
2026-06-19T05:24:01,355120,Lastarria,VIIRS750,0,0.00,1,sin anomalia,2026-10-05T14:24:05,mendoza
2026-06-19T06:12:02,355120,Lastarria,VIIRS375,0,0.00,1,sin anomalia,2026-10-05T14:24:05,mendoza
2026-06-19T06:12:02,355120,Lastarria,VIIRS750,0,0.00,1,sin anomalia,2026-10-05T14:24:05,mendoza
2026-06-19T06:48:00,355120,Lastarria,VIIRS375,0,0.00,1,sin anomalia,2026-10-05T14:24:05,mendoza
2026-06-19T06:48:00,355120,Lastarria,VIIRS750,0,0.00,1,sin anomalia,2026-10-05T14:24:05,mendoza
2026-06-19T08:05:00,355120,Lastarria,MODIS,0,0.00,1,sin anomalia,2026-10-05T14:24:05,mendoza
2026-06-19T13:50:00,355120,Lastarria,MODIS,0,0.00,1,sin anomalia,2026-10-05T14:24:05,mendoza
2026-06-19T17:48:01,355120,Lastarria,VIIRS375,0,0.00,1,sin anomalia,2026-10-05T14:24:05,mendoza
2026-06-19T17:48:01,355120,Lastarria,VIIRS750,0,0.00,1,sin anomalia,2026-10-05T14:24:05,mendoza
2026-06-19T18:36:02,355120,Lastarria,VIIRS375,0,0.00,1,sin anomalia,2026-10-05T14:24:05,mendoza
2026-06-19T18:36:02,355120,Lastarria,VIIRS750,0,0.00,1,sin anomalia,2026-10-05T14:24:05,mendoza
2026-06-19T19:12:00,355120,Lastarria,VIIRS375,0,0.00,1,sin anomalia,2026-10-05T14:24:05,mendoza
2026-06-19T19:12:00,355120,Lastarria,VIIRS750,0,0.00,1,sin anomalia,2026-10-05T14:24:05,mendoza
2026-06-19T20:10:00,355120,Lastarria,MODIS,0,0.00,1,sin anomalia,2026-10-05T14:24:05,mendoza
2026-06-20T01:55:00,355120,Lastarria,MODIS,0,0.00,1,sin anomalia,2026-10-05T14:24:05,mendoza
2026-06-20T05:06:01,355120,Lastarria,VIIRS375,0,0.00,1,sin anomalia,2026-10-05T14:24:05,mendoza
2026-06-20T05:06:01,355120,Lastarria,VIIRS750,0,0.00,1,sin anomalia,2026-10-05T14:24:05,mendoza
2026-06-20T05:54:02,355120,Lastarria,VIIRS375,0,0.00,1,sin anomalia,2026-10-05T14:24:05,mendoza
2026-06-20T05:54:02,355120,Lastarria,VIIRS750,0,0.00,1,sin anomalia,2026-10-05T14:24:05,mendoza
2026-06-20T06:24:00,355120,Lastarria,VIIRS375,0,0.00,1,sin anomalia,2026-10-05T14:24:05,mendoza
2026-06-20T06:24:00,355120,Lastarria,VIIRS750,0,0.00,1,sin anomalia,2026-10-05T14:24:05,mendoza
2026-06-20T07:05:00,355120,Lastarria,MODIS,0,0.00,1,sin anomalia,2026-10-05T14:24:05,mendoza
2026-06-20T12:50:00,355120,Lastarria,MODIS,0,0.00,1,sin anomalia,2026-10-05T14:24:05,mendoza
2026-06-20T17:30:01,355120,Lastarria,VIIRS375,0,0.00,1,sin anomalia,2026-10-05T14:24:05,mendoza
2026-06-20T17:30:01,355120,Lastarria,VIIRS750,0,0.00,1,sin anomalia,2026-10-05T14:24:05,mendoza
2026-06-20T18:18:02,355120,Lastarria,VIIRS750,0,0.00,1,sin anomalia,2026-10-05T14:24:05,mendoza
2026-06-20T18:54:00,355120,Lastarria,VIIRS375,0,0.00,1,sin anomalia,2026-10-05T14:24:05,mendoza
2026-06-20T18:54:00,355120,Lastarria,VIIRS750,0,0.00,1,sin anomalia,2026-10-05T14:24:05,mendoza
2026-06-20T19:12:01,355120,Lastarria,VIIRS375,0,0.00,1,sin anomalia,2026-10-05T14:24:05,mendoza
2026-06-20T19:12:01,355120,Lastarria,VIIRS750,0,0.00,1,sin anomalia,2026-10-05T14:24:05,mendoza
2026-06-20T20:50:00,355120,Lastarria,MODIS,0,0.00,1,sin anomalia,2026-10-05T14:24:05,mendoza
2026-06-21T01:00:00,355120,Lastarria,MODIS,0,0.00,1,sin anomalia,2026-10-05T14:24:05,mendoza
2026-06-21T04:48:01,355120,Lastarria,VIIRS375,0.44,20.46,0,fuera de radio,2026-10-05T14:24:05,mendoza
2026-06-21T04:48:01,355120,Lastarria,VIIRS750,0,0.00,1,sin anomalia,2026-10-05T14:24:05,mendoza
2026-06-21T05:30:02,355120,Lastarria,VIIRS375,0.13,2.40,1,muy baja,2026-10-05T14:24:05,mendoza
2026-06-21T05:30:02,355120,Lastarria,VIIRS750,0,0.00,1,sin anomalia,2026-10-05T14:24:05,mendoza
2026-06-21T06:24:01,355120,Lastarria,VIIRS375,0.07,1.55,1,muy baja,2026-10-05T14:24:05,mendoza
2026-06-21T06:24:01,355120,Lastarria,VIIRS750,0,0.00,1,sin anomalia,2026-10-05T14:24:05,mendoza
2026-06-21T07:45:00,355120,Lastarria,MODIS,0,0.00,1,sin anomalia,2026-10-05T14:24:05,mendoza
2026-06-21T13:30:00,355120,Lastarria,MODIS,0,0.00,1,sin anomalia,2026-10-05T14:24:05,mendoza
2026-06-21T18:54:01,355120,Lastarria,VIIRS375,0,0.00,1,sin anomalia,2026-10-05T14:24:05,mendoza
2026-06-21T18:54:01,355120,Lastarria,VIIRS750,0,0.00,1,sin anomalia,2026-10-05T14:24:05,mendoza
2026-06-21T19:50:00,355120,Lastarria,MODIS,0,0.00,1,sin anomalia,2026-10-05T14:24:05,mendoza
2026-06-22T01:35:00,355120,Lastarria,MODIS,0,0.00,1,sin anomalia,2026-10-05T14:24:05,mendoza
2026-06-22T05:12:02,355120,Lastarria,VIIRS375,0,0.00,1,sin anomalia,2026-10-05T14:24:05,mendoza
2026-06-22T05:12:02,355120,Lastarria,VIIRS750,0,0.00,1,sin anomalia,2026-10-05T14:24:05,mendoza
2026-06-22T05:48:00,355120,Lastarria,VIIRS375,0,0.00,1,sin anomalia,2026-10-05T14:24:05,mendoza
2026-06-22T06:06:01,355120,Lastarria,VIIRS375,0.04,2.40,1,muy baja,2026-10-05T14:24:05,mendoza
2026-06-22T06:06:01,355120,Lastarria,VIIRS750,0,0.00,1,sin anomalia,2026-10-05T14:24:05,mendoza
2026-06-22T08:20:00,355120,Lastarria,MODIS,0,0.00,1,sin anomalia,2026-10-05T14:24:05,mendoza
2026-06-22T12:30:00,355120,Lastarria,MODIS,0,0.00,1,sin anomalia,2026-10-05T14:24:05,mendoza
2026-06-22T17:42:02,355120,Lastarria,VIIRS375,1.35,11.31,0,fuera de radio,2026-10-05T14:24:05,mendoza
2026-06-22T17:42:02,355120,Lastarria,VIIRS750,0,0.00,1,sin anomalia,2026-10-05T14:24:05,mendoza
2026-06-22T18:18:00,355120,Lastarria,VIIRS375,2.43,10.67,0,fuera de radio,2026-10-05T14:24:05,mendoza
2026-06-22T18:18:00,355120,Lastarria,VIIRS750,0,0.00,1,sin anomalia,2026-10-05T14:24:05,mendoza
2026-06-22T18:36:01,355120,Lastarria,VIIRS375,0.96,11.31,0,fuera de radio,2026-10-05T14:24:05,mendoza
2026-06-22T20:30:00,355120,Lastarria,MODIS,0,0.00,1,sin anomalia,2026-10-05T14:24:05,mendoza
2026-06-23T02:15:00,355120,Lastarria,MODIS,0,0.00,1,sin anomalia,2026-10-05T14:24:05,mendoza
2026-06-23T04:54:02,355120,Lastarria,VIIRS375,0.44,11.91,0,fuera de radio,2026-10-05T14:24:05,mendoza
2026-06-23T04:54:02,355120,Lastarria,VIIRS750,0,0.00,1,sin anomalia,2026-10-05T14:24:05,mendoza
2026-06-23T05:48:01,355120,Lastarria,VIIRS750,0,0.00,1,sin anomalia,2026-10-05T14:24:05,mendoza
2026-06-23T06:36:02,355120,Lastarria,VIIRS375,0,0.00,1,sin anomalia,2026-10-05T14:24:05,mendoza
2026-06-23T06:36:02,355120,Lastarria,VIIRS750,0,0.00,1,sin anomalia,2026-10-05T14:24:05,mendoza
2026-06-23T07:25:00,355120,Lastarria,MODIS,0,0.00,1,sin anomalia,2026-10-05T14:24:05,mendoza
2026-06-23T13:10:00,355120,Lastarria,MODIS,0,0.00,1,sin anomalia,2026-10-05T14:24:05,mendoza
2026-06-23T17:24:02,355120,Lastarria,VIIRS375,2.06,10.67,0,fuera de radio,2026-10-05T14:24:05,mendoza
2026-06-23T17:24:02,355120,Lastarria,VIIRS750,0,0.00,1,sin anomalia,2026-10-05T14:24:05,mendoza
2026-06-23T17:54:00,355120,Lastarria,VIIRS375,2.3,10.67,0,fuera de radio,2026-10-05T14:24:05,mendoza
2026-06-23T17:54:00,355120,Lastarria,VIIRS750,0,0.00,1,sin anomalia,2026-10-05T14:24:05,mendoza
2026-06-23T18:18:01,355120,Lastarria,VIIRS375,0,0.00,1,sin anomalia,2026-10-05T14:24:05,mendoza
2026-06-23T18:18:01,355120,Lastarria,VIIRS750,0,0.00,1,sin anomalia,2026-10-05T14:24:05,mendoza
2026-06-23T19:00:02,355120,Lastarria,VIIRS375,2.57,10.67,0,fuera de radio,2026-10-05T14:24:05,mendoza
2026-06-23T19:00:02,355120,Lastarria,VIIRS750,0,0.00,1,sin anomalia,2026-10-05T14:24:05,mendoza
2026-06-24T01:15:00,355120,Lastarria,MODIS,0,0.00,1,sin anomalia,2026-10-05T14:24:05,mendoza
2026-06-24T05:30:01,355120,Lastarria,VIIRS375,0.36,24.98,0,fuera de radio,2026-10-05T14:24:05,mendoza
2026-06-24T05:30:01,355120,Lastarria,VIIRS750,0,0.00,1,sin anomalia,2026-10-05T14:24:05,mendoza
2026-06-24T06:18:02,355120,Lastarria,VIIRS750,0,0.00,1,sin anomalia,2026-10-05T14:24:05,mendoza
2026-06-24T08:00:00,355120,Lastarria,MODIS,0,0.00,1,sin anomalia,2026-10-05T14:24:05,mendoza
2026-06-24T13:50:00,355120,Lastarria,MODIS,0,0.00,1,sin anomalia,2026-10-05T14:24:05,mendoza
2026-06-24T17:36:00,355120,Lastarria,VIIRS750,0,0.00,1,sin anomalia,2026-10-05T14:24:05,mendoza
2026-06-24T18:42:02,355120,Lastarria,VIIRS375,0.76,9.86,0,fuera de radio,2026-10-05T14:24:05,mendoza
2026-06-24T18:42:02,355120,Lastarria,VIIRS750,0,0.00,1,sin anomalia,2026-10-05T14:24:05,mendoza
2026-06-24T19:18:00,355120,Lastarria,VIIRS375,1.87,10.24,0,fuera de radio,2026-10-05T14:24:05,mendoza
2026-06-24T19:18:00,355120,Lastarria,VIIRS750,0,0.00,1,sin anomalia,2026-10-05T14:24:05,mendoza
2026-06-24T20:05:00,355120,Lastarria,MODIS,0,0.00,1,sin anomalia,2026-10-05T14:24:05,mendoza
2026-06-25T01:55:00,355120,Lastarria,MODIS,0,0.00,1,sin anomalia,2026-10-05T14:24:05,mendoza
2026-06-25T05:12:01,355120,Lastarria,VIIRS375,0,0.00,1,sin anomalia,2026-10-05T14:24:05,mendoza
2026-06-25T05:12:01,355120,Lastarria,VIIRS750,0,0.00,1,sin anomalia,2026-10-05T14:24:05,mendoza
2026-06-25T06:00:02,355120,Lastarria,VIIRS375,0.11,2.40,1,muy baja,2026-10-05T14:24:05,mendoza
2026-06-25T06:00:02,355120,Lastarria,VIIRS750,0,0.00,1,sin anomalia,2026-10-05T14:24:05,mendoza
2026-06-25T06:30:00,355120,Lastarria,VIIRS375,0,0.00,1,sin anomalia,2026-10-05T14:24:05,mendoza
2026-06-25T06:30:00,355120,Lastarria,VIIRS750,0,0.00,1,sin anomalia,2026-10-05T14:24:05,mendoza
2026-06-25T07:00:00,355120,Lastarria,MODIS,0,0.00,1,sin anomalia,2026-10-05T14:24:05,mendoza
2026-06-25T12:50:00,355120,Lastarria,MODIS,0,0.00,1,sin anomalia,2026-10-05T14:24:05,mendoza
2026-06-25T17:36:01,355120,Lastarria,VIIRS375,2.42,10.67,0,fuera de radio,2026-10-05T14:24:05,mendoza
2026-06-25T17:36:01,355120,Lastarria,VIIRS750,0,0.00,1,sin anomalia,2026-10-05T14:24:05,mendoza
2026-06-25T18:24:02,355120,Lastarria,VIIRS750,0,0.00,1,sin anomalia,2026-10-05T14:24:05,mendoza
2026-06-25T19:18:01,355120,Lastarria,VIIRS375,0,0.00,1,sin anomalia,2026-10-05T14:24:05,mendoza
2026-06-25T19:18:01,355120,Lastarria,VIIRS750,0,0.00,1,sin anomalia,2026-10-05T14:24:05,mendoza
2026-06-25T20:45:00,355120,Lastarria,MODIS,0,0.00,1,sin anomalia,2026-10-05T14:24:05,mendoza
2026-06-26T06:12:00,355120,Lastarria,VIIRS375,0.51,5.03,0,fuera de radio,2026-10-05T14:24:05,mendoza
2026-06-26T06:30:01,355120,Lastarria,VIIRS375,0,0.00,1,sin anomalia,2026-10-05T14:24:05,mendoza
2026-06-26T06:30:01,355120,Lastarria,VIIRS750,0,0.00,1,sin anomalia,2026-10-05T14:24:05,mendoza
2026-06-26T07:40:00,355120,Lastarria,MODIS,0,0.00,1,sin anomalia,2026-10-05T14:24:05,mendoza
2026-06-26T13:30:00,355120,Lastarria,MODIS,0,0.00,1,sin anomalia,2026-10-05T14:24:05,mendoza
2026-06-26T17:18:01,355120,Lastarria,VIIRS375,0,0.00,1,sin anomalia,2026-10-05T14:24:05,mendoza
2026-06-26T17:18:01,355120,Lastarria,VIIRS750,0,0.00,1,sin anomalia,2026-10-05T14:24:05,mendoza
2026-06-26T18:06:02,355120,Lastarria,VIIRS375,0,0.00,1,sin anomalia,2026-10-05T14:24:05,mendoza
2026-06-26T18:06:02,355120,Lastarria,VIIRS750,0,0.00,1,sin anomalia,2026-10-05T14:24:05,mendoza
2026-06-26T18:42:00,355120,Lastarria,VIIRS375,1.05,10.30,0,fuera de radio,2026-10-05T14:24:05,mendoza
2026-06-26T18:42:00,355120,Lastarria,VIIRS750,0,0.00,1,sin anomalia,2026-10-05T14:24:05,mendoza
2026-06-26T19:00:01,355120,Lastarria,VIIRS750,0,0.00,1,sin anomalia,2026-10-05T14:24:05,mendoza
2026-06-27T01:35:00,355120,Lastarria,MODIS,0,0.00,1,sin anomalia,2026-10-05T14:24:05,mendoza
2026-06-27T05:18:02,355120,Lastarria,VIIRS375,0,0.00,1,sin anomalia,2026-10-05T14:24:05,mendoza
2026-06-27T05:18:02,355120,Lastarria,VIIRS750,0,0.00,1,sin anomalia,2026-10-05T14:24:05,mendoza
2026-06-27T06:12:01,355120,Lastarria,VIIRS375,0.04,1.19,1,muy baja,2026-10-05T14:24:05,mendoza
2026-06-27T06:12:01,355120,Lastarria,VIIRS750,0,0.00,1,sin anomalia,2026-10-05T14:24:05,mendoza
2026-06-27T08:15:00,355120,Lastarria,MODIS,0,0.00,1,sin anomalia,2026-10-05T14:24:05,mendoza
2026-06-27T12:30:00,355120,Lastarria,MODIS,0,0.00,1,sin anomalia,2026-10-05T14:24:05,mendoza
2026-06-27T17:48:02,355120,Lastarria,VIIRS375,1.64,10.67,0,fuera de radio,2026-10-05T14:24:05,mendoza
2026-06-27T17:48:02,355120,Lastarria,VIIRS750,0,0.00,1,sin anomalia,2026-10-05T14:24:05,mendoza
2026-06-27T18:24:00,355120,Lastarria,VIIRS375,1.81,10.67,0,fuera de radio,2026-10-05T14:24:05,mendoza
2026-06-27T18:24:00,355120,Lastarria,VIIRS750,0,0.00,1,sin anomalia,2026-10-05T14:24:05,mendoza
2026-06-27T18:42:01,355120,Lastarria,VIIRS375,2.96,10.24,0,fuera de radio,2026-10-05T14:24:05,mendoza
2026-06-27T18:42:01,355120,Lastarria,VIIRS750,0,0.00,1,sin anomalia,2026-10-05T14:24:05,mendoza
2026-06-27T20:20:00,355120,Lastarria,MODIS,0,0.00,1,sin anomalia,2026-10-05T14:24:05,mendoza
2026-06-28T02:15:00,355120,Lastarria,MODIS,0,0.00,1,sin anomalia,2026-10-05T14:24:05,mendoza
2026-06-28T05:00:02,355120,Lastarria,VIIRS375,0,0.00,1,sin anomalia,2026-10-05T14:24:05,mendoza
2026-06-28T05:00:02,355120,Lastarria,VIIRS750,0,0.00,1,sin anomalia,2026-10-05T14:24:05,mendoza
2026-06-28T05:54:01,355120,Lastarria,VIIRS375,0.09,2.70,1,muy baja,2026-10-05T14:24:05,mendoza
2026-06-28T05:54:01,355120,Lastarria,VIIRS750,0,0.00,1,sin anomalia,2026-10-05T14:24:05,mendoza
2026-06-28T07:15:00,355120,Lastarria,MODIS,0,0.00,1,sin anomalia,2026-10-05T14:24:05,mendoza
2026-06-28T13:10:00,355120,Lastarria,MODIS,0,0.00,1,sin anomalia,2026-10-05T14:24:05,mendoza
2026-06-28T19:06:02,355120,Lastarria,VIIRS375,1.5,10.67,0,fuera de radio,2026-10-05T14:24:05,mendoza
2026-06-28T19:06:02,355120,Lastarria,VIIRS750,0,0.00,1,sin anomalia,2026-10-05T14:24:05,mendoza
2026-06-28T21:00:00,355120,Lastarria,MODIS,0,0.00,1,sin anomalia,2026-10-05T14:24:05,mendoza
2026-06-29T01:15:00,355120,Lastarria,MODIS,0,0.00,1,sin anomalia,2026-10-05T14:24:05,mendoza
2026-06-29T04:42:02,355120,Lastarria,VIIRS375,0,0.00,1,sin anomalia,2026-10-05T14:24:05,mendoza
2026-06-29T04:42:02,355120,Lastarria,VIIRS750,1.53,24.42,0,fuera de radio,2026-10-05T14:24:05,mendoza
2026-06-29T05:36:01,355120,Lastarria,VIIRS375,0.78,26.50,0,fuera de radio,2026-10-05T14:24:05,mendoza
2026-06-29T05:36:01,355120,Lastarria,VIIRS750,0,0.00,1,sin anomalia,2026-10-05T14:24:05,mendoza
2026-06-29T06:24:02,355120,Lastarria,VIIRS375,0.11,2.40,1,muy baja,2026-10-05T14:24:05,mendoza
2026-06-29T06:24:02,355120,Lastarria,VIIRS750,0,0.00,1,sin anomalia,2026-10-05T14:24:05,mendoza
2026-06-29T07:55:00,355120,Lastarria,MODIS,0,0.00,1,sin anomalia,2026-10-05T14:24:05,mendoza
2026-06-29T13:50:00,355120,Lastarria,MODIS,0,0.00,1,sin anomalia,2026-10-05T14:24:05,mendoza
2026-06-29T17:42:00,355120,Lastarria,VIIRS750,0,0.00,1,sin anomalia,2026-10-05T14:24:05,mendoza
2026-06-29T18:06:01,355120,Lastarria,VIIRS375,5.05,11.31,0,fuera de radio,2026-10-05T14:24:05,mendoza
2026-06-29T18:06:01,355120,Lastarria,VIIRS750,0,0.00,1,sin anomalia,2026-10-05T14:24:05,mendoza
2026-06-29T18:48:02,355120,Lastarria,VIIRS375,2.67,10.67,0,fuera de radio,2026-10-05T14:24:05,mendoza
2026-06-29T18:48:02,355120,Lastarria,VIIRS750,0,0.00,1,sin anomalia,2026-10-05T14:24:05,mendoza
2026-06-29T19:24:00,355120,Lastarria,VIIRS375,0,0.00,1,sin anomalia,2026-10-05T14:24:05,mendoza
2026-06-29T19:24:00,355120,Lastarria,VIIRS750,0,0.00,1,sin anomalia,2026-10-05T14:24:05,mendoza
2026-06-29T20:00:00,355120,Lastarria,MODIS,0,0.00,1,sin anomalia,2026-10-05T14:24:05,mendoza
2026-06-30T01:55:00,355120,Lastarria,MODIS,0,0.00,1,sin anomalia,2026-10-05T14:24:05,mendoza
2026-06-30T05:18:01,355120,Lastarria,VIIRS375,0,0.00,1,sin anomalia,2026-10-05T14:24:05,mendoza
2026-06-30T05:18:01,355120,Lastarria,VIIRS750,0,0.00,1,sin anomalia,2026-10-05T14:24:05,mendoza
2026-06-30T06:06:02,355120,Lastarria,VIIRS375,0.13,2.70,1,muy baja,2026-10-05T14:24:05,mendoza
2026-06-30T06:06:02,355120,Lastarria,VIIRS750,0,0.00,1,sin anomalia,2026-10-05T14:24:05,mendoza
2026-06-30T06:42:00,355120,Lastarria,VIIRS375,0.07,1.55,1,muy baja,2026-10-05T14:24:05,mendoza
2026-06-30T06:42:00,355120,Lastarria,VIIRS750,0,0.00,1,sin anomalia,2026-10-05T14:24:05,mendoza
2026-06-30T12:50:00,355120,Lastarria,MODIS,0,0.00,1,sin anomalia,2026-10-05T14:24:05,mendoza
2026-06-30T17:42:01,355120,Lastarria,VIIRS375,4.04,10.67,0,fuera de radio,2026-10-05T14:24:05,mendoza
2026-06-30T17:42:01,355120,Lastarria,VIIRS750,0,0.00,1,sin anomalia,2026-10-05T14:24:05,mendoza
2026-06-30T18:30:02,355120,Lastarria,VIIRS375,3.81,10.67,0,fuera de radio,2026-10-05T14:24:05,mendoza
2026-06-30T18:30:02,355120,Lastarria,VIIRS750,0,0.00,1,sin anomalia,2026-10-05T14:24:05,mendoza
2026-06-30T19:06:00,355120,Lastarria,VIIRS375,2.32,10.61,0,fuera de radio,2026-10-05T14:24:05,mendoza
2026-06-30T19:06:00,355120,Lastarria,VIIRS750,0,0.00,1,sin anomalia,2026-10-05T14:24:05,mendoza
2026-06-30T20:35:00,355120,Lastarria,MODIS,0,0.00,1,sin anomalia,2026-10-05T14:24:05,mendoza
2026-07-01T00:55:00,355120,Lastarria,MODIS,0,0.00,1,sin anomalia,2026-10-05T14:24:05,mendoza
2026-07-01T05:00:01,355120,Lastarria,VIIRS375,0,0.00,1,sin anomalia,2026-10-05T14:24:05,mendoza
2026-07-01T05:00:01,355120,Lastarria,VIIRS750,0,0.00,1,sin anomalia,2026-10-05T14:24:05,mendoza
2026-07-01T05:48:02,355120,Lastarria,VIIRS375,0.07,1.50,1,muy baja,2026-10-05T14:24:05,mendoza
2026-07-01T06:42:01,355120,Lastarria,VIIRS750,0,0.00,1,sin anomalia,2026-10-05T14:24:05,mendoza
2026-07-01T07:30:00,355120,Lastarria,MODIS,0,0.00,1,sin anomalia,2026-10-05T14:24:05,mendoza
2026-07-01T13:30:00,355120,Lastarria,MODIS,0,0.00,1,sin anomalia,2026-10-05T14:24:05,mendoza
2026-07-01T17:24:01,355120,Lastarria,VIIRS750,0.22,14.33,0,fuera de radio,2026-10-05T14:24:05,mendoza
2026-07-01T19:06:01,355120,Lastarria,VIIRS375,1.2,10.67,0,fuera de radio,2026-10-05T14:24:05,mendoza
2026-07-01T19:06:01,355120,Lastarria,VIIRS750,0,0.00,1,sin anomalia,2026-10-05T14:24:05,mendoza
2026-07-01T19:35:00,355120,Lastarria,MODIS,0,0.00,1,sin anomalia,2026-10-05T14:24:05,mendoza
2026-07-02T01:35:00,355120,Lastarria,MODIS,0,0.00,1,sin anomalia,2026-10-05T14:24:05,mendoza
2026-07-02T04:42:01,355120,Lastarria,VIIRS375,0,0.00,1,sin anomalia,2026-10-05T14:24:05,mendoza
2026-07-02T04:42:01,355120,Lastarria,VIIRS750,0,0.00,1,sin anomalia,2026-10-05T14:24:05,mendoza
2026-07-02T05:24:02,355120,Lastarria,VIIRS375,0,0.00,1,sin anomalia,2026-10-05T14:24:05,mendoza
2026-07-02T06:18:01,355120,Lastarria,VIIRS375,0.06,1.55,1,muy baja,2026-10-05T14:24:05,mendoza
2026-07-02T06:18:01,355120,Lastarria,VIIRS750,0,0.00,1,sin anomalia,2026-10-05T14:24:05,mendoza
2026-07-02T08:10:00,355120,Lastarria,MODIS,0,0.00,1,sin anomalia,2026-10-05T14:24:05,mendoza
2026-07-02T12:30:00,355120,Lastarria,MODIS,0,0.00,1,sin anomalia,2026-10-05T14:24:05,mendoza
2026-07-02T17:54:02,355120,Lastarria,VIIRS375,2.32,10.67,0,fuera de radio,2026-10-05T14:24:05,mendoza
2026-07-02T18:30:00,355120,Lastarria,VIIRS375,2.8,10.67,0,fuera de radio,2026-10-05T14:24:05,mendoza
2026-07-02T18:48:01,355120,Lastarria,VIIRS375,0,0.00,1,sin anomalia,2026-10-05T14:24:05,mendoza
2026-07-02T18:48:01,355120,Lastarria,VIIRS750,0,0.00,1,sin anomalia,2026-10-05T14:24:05,mendoza
2026-07-02T20:15:00,355120,Lastarria,MODIS,0,0.00,1,sin anomalia,2026-10-05T14:24:05,mendoza
2026-07-03T02:15:00,355120,Lastarria,MODIS,0,0.00,1,sin anomalia,2026-10-05T14:24:05,mendoza
2026-07-03T05:06:02,355120,Lastarria,VIIRS375,0.28,20.93,0,fuera de radio,2026-10-05T14:24:05,mendoza
2026-07-03T05:06:02,355120,Lastarria,VIIRS750,0,0.00,1,sin anomalia,2026-10-05T14:24:05,mendoza
2026-07-03T05:42:00,355120,Lastarria,VIIRS750,0,0.00,1,sin anomalia,2026-10-05T14:24:05,mendoza
2026-07-03T06:00:01,355120,Lastarria,VIIRS375,0,0.00,1,sin anomalia,2026-10-05T14:24:05,mendoza
2026-07-03T06:00:01,355120,Lastarria,VIIRS750,0,0.00,1,sin anomalia,2026-10-05T14:24:05,mendoza
2026-07-03T07:10:00,355120,Lastarria,MODIS,0,0.00,1,sin anomalia,2026-10-05T14:24:05,mendoza
2026-07-03T13:10:00,355120,Lastarria,MODIS,0,0.00,1,sin anomalia,2026-10-05T14:24:05,mendoza
2026-07-03T17:36:02,355120,Lastarria,VIIRS750,0,0.00,1,sin anomalia,2026-10-05T14:24:05,mendoza
2026-07-03T18:12:00,355120,Lastarria,VIIRS750,0,0.00,1,sin anomalia,2026-10-05T14:24:05,mendoza
2026-07-03T18:30:01,355120,Lastarria,VIIRS375,0,0.00,1,sin anomalia,2026-10-05T14:24:05,mendoza
2026-07-03T18:30:01,355120,Lastarria,VIIRS750,0,0.00,1,sin anomalia,2026-10-05T14:24:05,mendoza
2026-07-03T19:12:02,355120,Lastarria,VIIRS375,0,0.00,1,sin anomalia,2026-10-05T14:24:05,mendoza
2026-07-03T19:12:02,355120,Lastarria,VIIRS750,4.1,13.42,0,fuera de radio,2026-10-05T14:24:05,mendoza
2026-07-03T20:55:00,355120,Lastarria,MODIS,0,0.00,1,sin anomalia,2026-10-05T14:24:05,mendoza
2026-07-04T01:15:00,355120,Lastarria,MODIS,0,0.00,1,sin anomalia,2026-10-05T14:24:05,mendoza
2026-07-04T05:42:01,355120,Lastarria,VIIRS375,0,0.00,1,sin anomalia,2026-10-05T14:24:05,mendoza
2026-07-04T05:42:01,355120,Lastarria,VIIRS750,0,0.00,1,sin anomalia,2026-10-05T14:24:05,mendoza
2026-07-04T06:30:02,355120,Lastarria,VIIRS375,0,0.00,1,sin anomalia,2026-10-05T14:24:05,mendoza
2026-07-04T06:30:02,355120,Lastarria,VIIRS750,0,0.00,1,sin anomalia,2026-10-05T14:24:05,mendoza
2026-07-04T07:50:00,355120,Lastarria,MODIS,0,0.00,1,sin anomalia,2026-10-05T14:24:05,mendoza
2026-07-04T13:45:00,355120,Lastarria,MODIS,0,0.00,1,sin anomalia,2026-10-05T14:24:05,mendoza
2026-07-04T18:12:01,355120,Lastarria,VIIRS375,0,0.00,1,sin anomalia,2026-10-05T14:24:05,mendoza
2026-07-04T18:12:01,355120,Lastarria,VIIRS750,0,0.00,1,sin anomalia,2026-10-05T14:24:05,mendoza
2026-07-04T18:54:02,355120,Lastarria,VIIRS375,0,0.00,1,sin anomalia,2026-10-05T14:24:05,mendoza
2026-07-04T18:54:02,355120,Lastarria,VIIRS750,0,0.00,1,sin anomalia,2026-10-05T14:24:05,mendoza
2026-07-04T19:55:00,355120,Lastarria,MODIS,0,0.00,1,sin anomalia,2026-10-05T14:24:05,mendoza
2026-07-05T01:55:00,355120,Lastarria,MODIS,0,0.00,1,sin anomalia,2026-10-05T14:24:05,mendoza
2026-07-05T05:24:01,355120,Lastarria,VIIRS375,0,0.00,1,sin anomalia,2026-10-05T14:24:05,mendoza
2026-07-05T05:24:01,355120,Lastarria,VIIRS750,0,0.00,1,sin anomalia,2026-10-05T14:24:05,mendoza
2026-07-05T06:12:02,355120,Lastarria,VIIRS375,0.5,7.05,0,fuera de radio,2026-10-05T14:24:05,mendoza
2026-07-05T06:12:02,355120,Lastarria,VIIRS750,0,0.00,1,sin anomalia,2026-10-05T14:24:05,mendoza
2026-07-05T06:48:00,355120,Lastarria,VIIRS375,0,0.00,1,sin anomalia,2026-10-05T14:24:05,mendoza
2026-07-05T06:48:00,355120,Lastarria,VIIRS750,0,0.00,1,sin anomalia,2026-10-05T14:24:05,mendoza
2026-07-05T08:25:00,355120,Lastarria,MODIS,0,0.00,1,sin anomalia,2026-10-05T14:24:05,mendoza
2026-07-05T12:50:00,355120,Lastarria,MODIS,0,0.00,1,sin anomalia,2026-10-05T14:24:05,mendoza
2026-07-05T17:30:00,355120,Lastarria,VIIRS375,0,0.00,1,sin anomalia,2026-10-05T14:24:05,mendoza
2026-07-05T17:30:00,355120,Lastarria,VIIRS750,0,0.00,1,sin anomalia,2026-10-05T14:24:05,mendoza
2026-07-05T18:36:02,355120,Lastarria,VIIRS375,0,0.00,1,sin anomalia,2026-10-05T14:24:05,mendoza
2026-07-05T18:36:02,355120,Lastarria,VIIRS750,0,0.00,1,sin anomalia,2026-10-05T14:24:05,mendoza
2026-07-05T19:12:00,355120,Lastarria,VIIRS375,0,0.00,1,sin anomalia,2026-10-05T14:24:05,mendoza
2026-07-05T19:12:00,355120,Lastarria,VIIRS750,0,0.00,1,sin anomalia,2026-10-05T14:24:05,mendoza
2026-07-05T20:30:00,355120,Lastarria,MODIS,0,0.00,1,sin anomalia,2026-10-05T14:24:05,mendoza
2026-07-06T00:55:00,355120,Lastarria,MODIS,0,0.00,1,sin anomalia,2026-10-05T14:24:05,mendoza
2026-07-06T05:06:01,355120,Lastarria,VIIRS375,0,0.00,1,sin anomalia,2026-10-05T14:24:05,mendoza
2026-07-06T05:06:01,355120,Lastarria,VIIRS750,0,0.00,1,sin anomalia,2026-10-05T14:24:05,mendoza
2026-07-06T05:54:02,355120,Lastarria,VIIRS375,0.09,2.19,1,muy baja,2026-10-05T14:24:05,mendoza
2026-07-06T05:54:02,355120,Lastarria,VIIRS750,0,0.00,1,sin anomalia,2026-10-05T14:24:05,mendoza
2026-07-06T06:24:00,355120,Lastarria,VIIRS375,0,0.00,1,sin anomalia,2026-10-05T14:24:05,mendoza
2026-07-06T06:24:00,355120,Lastarria,VIIRS750,0,0.00,1,sin anomalia,2026-10-05T14:24:05,mendoza
2026-07-06T07:25:00,355120,Lastarria,MODIS,0,0.00,1,sin anomalia,2026-10-05T14:24:05,mendoza
2026-07-06T13:25:00,355120,Lastarria,MODIS,0,0.00,1,sin anomalia,2026-10-05T14:24:05,mendoza
2026-07-06T17:30:01,355120,Lastarria,VIIRS375,1.1,10.30,0,fuera de radio,2026-10-05T14:24:05,mendoza
2026-07-06T18:18:02,355120,Lastarria,VIIRS375,1.22,10.30,0,fuera de radio,2026-10-05T14:24:05,mendoza
2026-07-06T18:18:02,355120,Lastarria,VIIRS750,0,0.00,1,sin anomalia,2026-10-05T14:24:05,mendoza
2026-07-06T19:12:01,355120,Lastarria,VIIRS375,0.59,10.30,0,fuera de radio,2026-10-05T14:24:05,mendoza
2026-07-06T19:12:01,355120,Lastarria,VIIRS750,0,0.00,1,sin anomalia,2026-10-05T14:24:05,mendoza
2026-07-07T04:48:01,355120,Lastarria,VIIRS375,0.43,24.51,0,fuera de radio,2026-10-05T14:24:05,mendoza
2026-07-07T04:48:01,355120,Lastarria,VIIRS750,0,0.00,1,sin anomalia,2026-10-05T14:24:05,mendoza
2026-07-07T05:30:02,355120,Lastarria,VIIRS375,0.16,2.40,1,muy baja,2026-10-05T14:24:05,mendoza
2026-07-07T05:30:02,355120,Lastarria,VIIRS750,0,0.00,1,sin anomalia,2026-10-05T14:24:05,mendoza
2026-07-07T06:30:01,355120,Lastarria,VIIRS375,0,0.00,1,sin anomalia,2026-10-05T14:24:05,mendoza
2026-07-07T06:30:01,355120,Lastarria,VIIRS750,0,0.00,1,sin anomalia,2026-10-05T14:24:05,mendoza
2026-07-07T08:05:00,355120,Lastarria,MODIS,0,0.00,1,sin anomalia,2026-10-05T14:24:05,mendoza
2026-07-07T12:30:00,355120,Lastarria,MODIS,0,0.00,1,sin anomalia,2026-10-05T14:24:05,mendoza
2026-07-07T18:00:02,355120,Lastarria,VIIRS750,0,0.00,1,sin anomalia,2026-10-05T14:24:05,mendoza
2026-07-07T18:54:01,355120,Lastarria,VIIRS375,1.35,10.30,0,fuera de radio,2026-10-05T14:24:05,mendoza
2026-07-07T18:54:01,355120,Lastarria,VIIRS750,0,0.00,1,sin anomalia,2026-10-05T14:24:05,mendoza
2026-07-07T20:10:00,355120,Lastarria,MODIS,0,0.00,1,sin anomalia,2026-10-05T14:24:05,mendoza
2026-07-08T02:10:00,355120,Lastarria,MODIS,0,0.00,1,sin anomalia,2026-10-05T14:24:05,mendoza
2026-07-08T05:12:02,355120,Lastarria,VIIRS375,0,0.00,1,sin anomalia,2026-10-05T14:24:05,mendoza
2026-07-08T06:06:01,355120,Lastarria,VIIRS375,0.27,14.29,0,fuera de radio,2026-10-05T14:24:05,mendoza
2026-07-08T06:06:01,355120,Lastarria,VIIRS750,0,0.00,1,sin anomalia,2026-10-05T14:24:05,mendoza
2026-07-08T07:05:00,355120,Lastarria,MODIS,0,0.00,1,sin anomalia,2026-10-05T14:24:05,mendoza
2026-07-08T13:05:00,355120,Lastarria,MODIS,0,0.00,1,sin anomalia,2026-10-05T14:24:05,mendoza
2026-07-08T18:18:00,355120,Lastarria,VIIRS375,2.78,10.67,0,fuera de radio,2026-10-05T14:24:05,mendoza
2026-07-08T18:18:00,355120,Lastarria,VIIRS750,0,0.00,1,sin anomalia,2026-10-05T14:24:05,mendoza
2026-07-08T18:36:01,355120,Lastarria,VIIRS375,1.06,10.30,0,fuera de radio,2026-10-05T14:24:05,mendoza
2026-07-08T18:36:01,355120,Lastarria,VIIRS750,0,0.00,1,sin anomalia,2026-10-05T14:24:05,mendoza
2026-07-08T20:45:00,355120,Lastarria,MODIS,0,0.00,1,sin anomalia,2026-10-05T14:24:05,mendoza
2026-07-09T01:15:00,355120,Lastarria,MODIS,0,0.00,1,sin anomalia,2026-10-05T14:24:05,mendoza
2026-07-09T04:54:02,355120,Lastarria,VIIRS375,0,0.00,1,sin anomalia,2026-10-05T14:24:05,mendoza
2026-07-09T04:54:02,355120,Lastarria,VIIRS750,0,0.00,1,sin anomalia,2026-10-05T14:24:05,mendoza
2026-07-09T05:48:01,355120,Lastarria,VIIRS375,0.54,30.52,0,fuera de radio,2026-10-05T14:24:05,mendoza
2026-07-09T06:36:02,355120,Lastarria,VIIRS375,0,0.00,1,sin anomalia,2026-10-05T14:24:05,mendoza
2026-07-09T06:36:02,355120,Lastarria,VIIRS750,0,0.00,1,sin anomalia,2026-10-05T14:24:05,mendoza
2026-07-09T07:40:00,355120,Lastarria,MODIS,0,0.00,1,sin anomalia,2026-10-05T14:24:05,mendoza
2026-07-09T13:45:00,355120,Lastarria,MODIS,0,0.00,1,sin anomalia,2026-10-05T14:24:05,mendoza
2026-07-09T17:24:02,355120,Lastarria,VIIRS375,2.62,19.40,0,fuera de radio,2026-10-05T14:24:05,mendoza
2026-07-09T17:24:02,355120,Lastarria,VIIRS750,0,0.00,1,sin anomalia,2026-10-05T14:24:05,mendoza
2026-07-09T18:00:00,355120,Lastarria,VIIRS375,2.16,10.67,0,fuera de radio,2026-10-05T14:24:05,mendoza
2026-07-09T18:00:00,355120,Lastarria,VIIRS750,0,0.00,1,sin anomalia,2026-10-05T14:24:05,mendoza
2026-07-09T18:18:01,355120,Lastarria,VIIRS375,0,0.00,1,sin anomalia,2026-10-05T14:24:05,mendoza
2026-07-09T18:18:01,355120,Lastarria,VIIRS750,0,0.00,1,sin anomalia,2026-10-05T14:24:05,mendoza
2026-07-09T19:00:02,355120,Lastarria,VIIRS750,0,0.00,1,sin anomalia,2026-10-05T14:24:05,mendoza
2026-07-09T19:45:00,355120,Lastarria,MODIS,0,0.00,1,sin anomalia,2026-10-05T14:24:05,mendoza
2026-07-10T01:50:00,355120,Lastarria,MODIS,0,0.00,1,sin anomalia,2026-10-05T14:24:05,mendoza
2026-07-10T06:18:02,355120,Lastarria,VIIRS375,0,0.00,1,sin anomalia,2026-10-05T14:24:05,mendoza
2026-07-10T06:18:02,355120,Lastarria,VIIRS750,0,0.00,1,sin anomalia,2026-10-05T14:24:05,mendoza
2026-07-10T12:45:00,355120,Lastarria,MODIS,0,0.00,1,sin anomalia,2026-10-05T14:24:05,mendoza
2026-07-10T18:00:01,355120,Lastarria,VIIRS375,1.43,10.30,0,fuera de radio,2026-10-05T14:24:05,mendoza
2026-07-10T18:00:01,355120,Lastarria,VIIRS750,0,0.00,1,sin anomalia,2026-10-05T14:24:05,mendoza
2026-07-10T18:42:02,355120,Lastarria,VIIRS375,3.28,10.67,0,fuera de radio,2026-10-05T14:24:05,mendoza
2026-07-10T18:42:02,355120,Lastarria,VIIRS750,0,0.00,1,sin anomalia,2026-10-05T14:24:05,mendoza
2026-07-10T20:25:00,355120,Lastarria,MODIS,0,0.00,1,sin anomalia,2026-10-05T14:24:05,mendoza
2026-07-11T00:55:00,355120,Lastarria,MODIS,0,0.00,1,sin anomalia,2026-10-05T14:24:05,mendoza
2026-07-11T05:12:01,355120,Lastarria,VIIRS375,0,0.00,1,sin anomalia,2026-10-05T14:24:05,mendoza
2026-07-11T05:12:01,355120,Lastarria,VIIRS750,0,0.00,1,sin anomalia,2026-10-05T14:24:05,mendoza
2026-07-11T06:00:02,355120,Lastarria,VIIRS375,0.04,2.40,1,muy baja,2026-10-05T14:24:05,mendoza
2026-07-11T06:00:02,355120,Lastarria,VIIRS750,0,0.00,1,sin anomalia,2026-10-05T14:24:05,mendoza
2026-07-11T07:20:00,355120,Lastarria,MODIS,0,0.00,1,sin anomalia,2026-10-05T14:24:05,mendoza
2026-07-11T13:25:00,355120,Lastarria,MODIS,0,0.00,1,sin anomalia,2026-10-05T14:24:05,mendoza
2026-07-11T17:36:01,355120,Lastarria,VIIRS375,3.17,10.67,0,fuera de radio,2026-10-05T14:24:05,mendoza
2026-07-11T17:36:01,355120,Lastarria,VIIRS750,0,0.00,1,sin anomalia,2026-10-05T14:24:05,mendoza
2026-07-11T18:24:02,355120,Lastarria,VIIRS375,2.63,10.30,0,fuera de radio,2026-10-05T14:24:05,mendoza
2026-07-11T18:24:02,355120,Lastarria,VIIRS750,0,0.00,1,sin anomalia,2026-10-05T14:24:05,mendoza
2026-07-11T19:18:01,355120,Lastarria,VIIRS375,0,0.00,1,sin anomalia,2026-10-05T14:24:05,mendoza
2026-07-11T19:18:01,355120,Lastarria,VIIRS750,0,0.00,1,sin anomalia,2026-10-05T14:24:05,mendoza
2026-07-11T21:00:00,355120,Lastarria,MODIS,0,0.00,1,sin anomalia,2026-10-05T14:24:05,mendoza
2026-07-12T01:30:00,355120,Lastarria,MODIS,0,0.00,1,sin anomalia,2026-10-05T14:24:05,mendoza
2026-07-12T04:54:01,355120,Lastarria,VIIRS375,0,0.00,1,sin anomalia,2026-10-05T14:24:05,mendoza
2026-07-12T04:54:01,355120,Lastarria,VIIRS750,0,0.00,1,sin anomalia,2026-10-05T14:24:05,mendoza
2026-07-12T06:36:01,355120,Lastarria,VIIRS375,0.09,1.55,1,muy baja,2026-10-05T14:24:05,mendoza
2026-07-12T06:36:01,355120,Lastarria,VIIRS750,0,0.00,1,sin anomalia,2026-10-05T14:24:05,mendoza
2026-07-12T07:55:00,355120,Lastarria,MODIS,0,0.00,1,sin anomalia,2026-10-05T14:24:05,mendoza
2026-07-12T12:25:00,355120,Lastarria,MODIS,0,0.00,1,sin anomalia,2026-10-05T14:24:05,mendoza
2026-07-12T17:18:01,355120,Lastarria,VIIRS375,0,0.00,1,sin anomalia,2026-10-05T14:24:05,mendoza
2026-07-12T17:18:01,355120,Lastarria,VIIRS750,0,0.00,1,sin anomalia,2026-10-05T14:24:05,mendoza
2026-07-12T18:06:02,355120,Lastarria,VIIRS375,0,0.00,1,sin anomalia,2026-10-05T14:24:05,mendoza
2026-07-12T18:06:02,355120,Lastarria,VIIRS750,0,0.00,1,sin anomalia,2026-10-05T14:24:05,mendoza
2026-07-12T19:00:01,355120,Lastarria,VIIRS375,0,0.00,1,sin anomalia,2026-10-05T14:24:05,mendoza
2026-07-12T19:00:01,355120,Lastarria,VIIRS750,0,0.00,1,sin anomalia,2026-10-05T14:24:05,mendoza
2026-07-12T20:00:00,355120,Lastarria,MODIS,0,0.00,1,sin anomalia,2026-10-05T14:24:05,mendoza
2026-07-13T02:10:00,355120,Lastarria,MODIS,0,0.00,1,sin anomalia,2026-10-05T14:24:05,mendoza
2026-07-13T05:18:02,355120,Lastarria,VIIRS375,0.11,2.40,1,muy baja,2026-10-05T14:24:05,mendoza
2026-07-13T05:18:02,355120,Lastarria,VIIRS750,0,0.00,1,sin anomalia,2026-10-05T14:24:05,mendoza
2026-07-13T06:12:01,355120,Lastarria,VIIRS375,0.17,2.40,1,muy baja,2026-10-05T14:24:05,mendoza
2026-07-13T06:12:01,355120,Lastarria,VIIRS750,0,0.00,1,sin anomalia,2026-10-05T14:24:05,mendoza
2026-07-13T13:05:00,355120,Lastarria,MODIS,0,0.00,1,sin anomalia,2026-10-05T14:24:05,mendoza
2026-07-13T17:48:02,355120,Lastarria,VIIRS375,0,0.00,1,sin anomalia,2026-10-05T14:24:05,mendoza
2026-07-13T17:48:02,355120,Lastarria,VIIRS750,0,0.00,1,sin anomalia,2026-10-05T14:24:05,mendoza
2026-07-13T18:42:01,355120,Lastarria,VIIRS375,1.16,10.30,0,fuera de radio,2026-10-05T14:24:05,mendoza
2026-07-13T18:42:01,355120,Lastarria,VIIRS750,0,0.00,1,sin anomalia,2026-10-05T14:24:05,mendoza
2026-07-13T20:40:00,355120,Lastarria,MODIS,0,0.00,1,sin anomalia,2026-10-05T14:24:05,mendoza
2026-07-14T01:10:00,355120,Lastarria,MODIS,0,0.00,1,sin anomalia,2026-10-05T14:24:05,mendoza
2026-07-14T05:00:02,355120,Lastarria,VIIRS375,0,0.00,1,sin anomalia,2026-10-05T14:24:05,mendoza
2026-07-14T05:00:02,355120,Lastarria,VIIRS750,0,0.00,1,sin anomalia,2026-10-05T14:24:05,mendoza
2026-07-14T05:54:01,355120,Lastarria,VIIRS375,0.3,2.40,1,muy baja,2026-10-05T14:24:05,mendoza
2026-07-14T05:54:01,355120,Lastarria,VIIRS750,0,0.00,1,sin anomalia,2026-10-05T14:24:05,mendoza
2026-07-14T07:35:00,355120,Lastarria,MODIS,0,0.00,1,sin anomalia,2026-10-05T14:24:05,mendoza
2026-07-14T13:45:00,355120,Lastarria,MODIS,0,0.00,1,sin anomalia,2026-10-05T14:24:05,mendoza
2026-07-14T17:30:02,355120,Lastarria,VIIRS375,0.82,10.67,0,fuera de radio,2026-10-05T14:24:05,mendoza
2026-07-14T17:30:02,355120,Lastarria,VIIRS750,0,0.00,1,sin anomalia,2026-10-05T14:24:05,mendoza
2026-07-14T18:24:01,355120,Lastarria,VIIRS375,2.27,10.30,0,fuera de radio,2026-10-05T14:24:05,mendoza
2026-07-14T18:24:01,355120,Lastarria,VIIRS750,0,0.00,1,sin anomalia,2026-10-05T14:24:05,mendoza
2026-07-14T19:06:02,355120,Lastarria,VIIRS375,0,0.00,1,sin anomalia,2026-10-05T14:24:05,mendoza
2026-07-14T19:06:02,355120,Lastarria,VIIRS750,0,0.00,1,sin anomalia,2026-10-05T14:24:05,mendoza
2026-07-15T01:50:00,355120,Lastarria,MODIS,0,0.00,1,sin anomalia,2026-10-05T14:24:05,mendoza
2026-07-15T04:42:02,355120,Lastarria,VIIRS375,0,0.00,1,sin anomalia,2026-10-05T14:24:05,mendoza
2026-07-15T04:42:02,355120,Lastarria,VIIRS750,0,0.00,1,sin anomalia,2026-10-05T14:24:05,mendoza
2026-07-15T05:36:01,355120,Lastarria,VIIRS375,0.04,1.19,1,muy baja,2026-10-05T14:24:05,mendoza
2026-07-15T05:36:01,355120,Lastarria,VIIRS750,0,0.00,1,sin anomalia,2026-10-05T14:24:05,mendoza
2026-07-15T06:24:02,355120,Lastarria,VIIRS375,0.12,1.55,1,muy baja,2026-10-05T14:24:05,mendoza
2026-07-15T06:24:02,355120,Lastarria,VIIRS750,0,0.00,1,sin anomalia,2026-10-05T14:24:05,mendoza
2026-07-15T08:10:00,355120,Lastarria,MODIS,0,0.00,1,sin anomalia,2026-10-05T14:24:05,mendoza
2026-07-15T12:45:00,355120,Lastarria,MODIS,0,0.00,1,sin anomalia,2026-10-05T14:24:05,mendoza
2026-07-15T18:06:01,355120,Lastarria,VIIRS375,0,0.00,1,sin anomalia,2026-10-05T14:24:05,mendoza
2026-07-15T18:06:01,355120,Lastarria,VIIRS750,0,0.00,1,sin anomalia,2026-10-05T14:24:05,mendoza
2026-07-15T18:48:02,355120,Lastarria,VIIRS375,0,0.00,1,sin anomalia,2026-10-05T14:24:05,mendoza
2026-07-15T18:48:02,355120,Lastarria,VIIRS750,0,0.00,1,sin anomalia,2026-10-05T14:24:05,mendoza
2026-07-15T20:20:00,355120,Lastarria,MODIS,0,0.00,1,sin anomalia,2026-10-05T14:24:05,mendoza
2026-07-16T00:50:00,355120,Lastarria,MODIS,0,0.00,1,sin anomalia,2026-10-05T14:24:05,mendoza
2026-07-16T05:18:01,355120,Lastarria,VIIRS375,0,0.00,1,sin anomalia,2026-10-05T14:24:05,mendoza
2026-07-16T05:18:01,355120,Lastarria,VIIRS750,0,0.00,1,sin anomalia,2026-10-05T14:24:05,mendoza
2026-07-16T06:06:02,355120,Lastarria,VIIRS375,0.08,1.55,1,muy baja,2026-10-05T14:24:05,mendoza
2026-07-16T06:06:02,355120,Lastarria,VIIRS750,0,0.00,1,sin anomalia,2026-10-05T14:24:05,mendoza
2026-07-16T07:15:00,355120,Lastarria,MODIS,0,0.00,1,sin anomalia,2026-10-05T14:24:05,mendoza
2026-07-16T13:25:00,355120,Lastarria,MODIS,0,0.00,1,sin anomalia,2026-10-05T14:24:05,mendoza
2026-07-16T18:30:02,355120,Lastarria,VIIRS750,0,0.00,1,sin anomalia,2026-10-05T14:24:05,mendoza
2026-07-16T20:55:00,355120,Lastarria,MODIS,0,0.00,1,sin anomalia,2026-10-05T14:24:05,mendoza
2026-07-17T01:30:00,355120,Lastarria,MODIS,0,0.00,1,sin anomalia,2026-10-05T14:24:05,mendoza
2026-07-17T05:48:02,355120,Lastarria,VIIRS375,0.21,8.75,0,fuera de radio,2026-10-05T14:24:05,mendoza
2026-07-17T05:48:02,355120,Lastarria,VIIRS750,0,0.00,1,sin anomalia,2026-10-05T14:24:05,mendoza
2026-07-17T06:42:01,355120,Lastarria,VIIRS375,0,0.00,1,sin anomalia,2026-10-05T14:24:05,mendoza
2026-07-17T06:42:01,355120,Lastarria,VIIRS750,0,0.00,1,sin anomalia,2026-10-05T14:24:05,mendoza
2026-07-17T07:50:00,355120,Lastarria,MODIS,0,0.00,1,sin anomalia,2026-10-05T14:24:05,mendoza
2026-07-17T12:25:00,355120,Lastarria,MODIS,0,0.00,1,sin anomalia,2026-10-05T14:24:05,mendoza
2026-07-17T17:24:01,355120,Lastarria,VIIRS375,0,0.00,1,sin anomalia,2026-10-05T14:24:05,mendoza
2026-07-17T17:24:01,355120,Lastarria,VIIRS750,0,0.00,1,sin anomalia,2026-10-05T14:24:05,mendoza
2026-07-17T18:12:02,355120,Lastarria,VIIRS375,0,0.00,1,sin anomalia,2026-10-05T14:24:05,mendoza
2026-07-17T18:12:02,355120,Lastarria,VIIRS750,0,0.00,1,sin anomalia,2026-10-05T14:24:05,mendoza
2026-07-17T18:48:00,355120,Lastarria,VIIRS375,0,0.00,1,sin anomalia,2026-10-05T14:24:05,mendoza
2026-07-17T18:48:00,355120,Lastarria,VIIRS750,0,0.00,1,sin anomalia,2026-10-05T14:24:05,mendoza
2026-07-17T19:06:01,355120,Lastarria,VIIRS375,0,0.00,1,sin anomalia,2026-10-05T14:24:05,mendoza
2026-07-17T19:06:01,355120,Lastarria,VIIRS750,0,0.00,1,sin anomalia,2026-10-05T14:24:05,mendoza
2026-07-17T19:55:00,355120,Lastarria,MODIS,0,0.00,1,sin anomalia,2026-10-05T14:24:05,mendoza
2026-07-18T02:10:00,355120,Lastarria,MODIS,0,0.00,1,sin anomalia,2026-10-05T14:24:05,mendoza
2026-07-18T04:42:01,355120,Lastarria,VIIRS375,0,0.00,1,sin anomalia,2026-10-05T14:24:05,mendoza
2026-07-18T04:42:01,355120,Lastarria,VIIRS750,0,0.00,1,sin anomalia,2026-10-05T14:24:05,mendoza
2026-07-18T06:24:01,355120,Lastarria,VIIRS375,0,0.00,1,sin anomalia,2026-10-05T14:24:05,mendoza
2026-07-18T06:24:01,355120,Lastarria,VIIRS750,0,0.00,1,sin anomalia,2026-10-05T14:24:05,mendoza
2026-07-18T08:30:00,355120,Lastarria,MODIS,0,0.00,1,sin anomalia,2026-10-05T14:24:05,mendoza
2026-07-18T13:05:00,355120,Lastarria,MODIS,0,0.00,1,sin anomalia,2026-10-05T14:24:05,mendoza
2026-07-18T17:54:02,355120,Lastarria,VIIRS375,0,0.00,1,sin anomalia,2026-10-05T14:24:05,mendoza
2026-07-18T17:54:02,355120,Lastarria,VIIRS750,0,0.00,1,sin anomalia,2026-10-05T14:24:05,mendoza
2026-07-18T18:30:00,355120,Lastarria,VIIRS750,0,0.00,1,sin anomalia,2026-10-05T14:24:05,mendoza
2026-07-18T18:48:01,355120,Lastarria,VIIRS375,0,0.00,1,sin anomalia,2026-10-05T14:24:05,mendoza
2026-07-18T18:48:01,355120,Lastarria,VIIRS750,0,0.00,1,sin anomalia,2026-10-05T14:24:05,mendoza
2026-07-18T20:35:00,355120,Lastarria,MODIS,0,0.00,1,sin anomalia,2026-10-05T14:24:05,mendoza
2026-07-19T01:10:00,355120,Lastarria,MODIS,0,0.00,1,sin anomalia,2026-10-05T14:24:05,mendoza
2026-07-19T05:06:02,355120,Lastarria,VIIRS750,0,0.00,1,sin anomalia,2026-10-05T14:24:05,mendoza
2026-07-19T06:00:01,355120,Lastarria,VIIRS375,0,0.00,1,sin anomalia,2026-10-05T14:24:05,mendoza
2026-07-19T06:00:01,355120,Lastarria,VIIRS750,0,0.00,1,sin anomalia,2026-10-05T14:24:05,mendoza
2026-07-19T07:30:00,355120,Lastarria,MODIS,0,0.00,1,sin anomalia,2026-10-05T14:24:05,mendoza
2026-07-19T13:45:00,355120,Lastarria,MODIS,0,0.00,1,sin anomalia,2026-10-05T14:24:05,mendoza
2026-07-19T17:36:02,355120,Lastarria,VIIRS375,0,0.00,1,sin anomalia,2026-10-05T14:24:05,mendoza
2026-07-19T18:12:00,355120,Lastarria,VIIRS375,0,0.00,1,sin anomalia,2026-10-05T14:24:05,mendoza
2026-07-19T18:30:01,355120,Lastarria,VIIRS375,0,0.00,1,sin anomalia,2026-10-05T14:24:05,mendoza
2026-07-19T18:30:01,355120,Lastarria,VIIRS750,0,0.00,1,sin anomalia,2026-10-05T14:24:05,mendoza
2026-07-19T19:12:02,355120,Lastarria,VIIRS375,0,0.00,1,sin anomalia,2026-10-05T14:24:05,mendoza
2026-07-19T19:12:02,355120,Lastarria,VIIRS750,0,0.00,1,sin anomalia,2026-10-05T14:24:05,mendoza
2026-07-19T19:35:00,355120,Lastarria,MODIS,0,0.00,1,sin anomalia,2026-10-05T14:24:05,mendoza
2026-07-20T01:50:00,355120,Lastarria,MODIS,0,0.00,1,sin anomalia,2026-10-05T14:24:05,mendoza
2026-07-20T04:48:02,355120,Lastarria,VIIRS375,0,0.00,1,sin anomalia,2026-10-05T14:24:05,mendoza
2026-07-20T04:48:02,355120,Lastarria,VIIRS750,0.61,23.68,0,fuera de radio,2026-10-05T14:24:05,mendoza
2026-07-20T05:42:01,355120,Lastarria,VIIRS375,0.75,15.50,0,fuera de radio,2026-10-05T14:24:05,mendoza
2026-07-20T05:42:01,355120,Lastarria,VIIRS750,0,0.00,1,sin anomalia,2026-10-05T14:24:05,mendoza
2026-07-20T06:30:02,355120,Lastarria,VIIRS375,0,0.00,1,sin anomalia,2026-10-05T14:24:05,mendoza
2026-07-20T06:30:02,355120,Lastarria,VIIRS750,0,0.00,1,sin anomalia,2026-10-05T14:24:05,mendoza
2026-07-20T08:05:00,355120,Lastarria,MODIS,0,0.00,1,sin anomalia,2026-10-05T14:24:05,mendoza
2026-07-20T12:45:00,355120,Lastarria,MODIS,0,0.00,1,sin anomalia,2026-10-05T14:24:05,mendoza
2026-07-20T17:18:02,355120,Lastarria,VIIRS375,0,0.00,1,sin anomalia,2026-10-05T14:24:05,mendoza
2026-07-20T17:54:00,355120,Lastarria,VIIRS375,0,0.00,1,sin anomalia,2026-10-05T14:24:05,mendoza
2026-07-20T18:12:01,355120,Lastarria,VIIRS375,0,0.00,1,sin anomalia,2026-10-05T14:24:05,mendoza
2026-07-20T18:12:01,355120,Lastarria,VIIRS750,0,0.00,1,sin anomalia,2026-10-05T14:24:05,mendoza
2026-07-20T18:54:02,355120,Lastarria,VIIRS375,0,0.00,1,sin anomalia,2026-10-05T14:24:05,mendoza
2026-07-20T18:54:02,355120,Lastarria,VIIRS750,0,0.00,1,sin anomalia,2026-10-05T14:24:05,mendoza
2026-07-20T20:10:00,355120,Lastarria,MODIS,0,0.00,1,sin anomalia,2026-10-05T14:24:05,mendoza
2026-07-21T00:50:00,355120,Lastarria,MODIS,0,0.00,1,sin anomalia,2026-10-05T14:24:05,mendoza
2026-07-21T05:24:01,355120,Lastarria,VIIRS375,0,0.00,1,sin anomalia,2026-10-05T14:24:05,mendoza
2026-07-21T05:24:01,355120,Lastarria,VIIRS750,0,0.00,1,sin anomalia,2026-10-05T14:24:05,mendoza
2026-07-21T06:12:02,355120,Lastarria,VIIRS375,0,0.00,1,sin anomalia,2026-10-05T14:24:05,mendoza
2026-07-21T06:12:02,355120,Lastarria,VIIRS750,0,0.00,1,sin anomalia,2026-10-05T14:24:05,mendoza
2026-07-21T06:48:00,355120,Lastarria,VIIRS375,0,0.00,1,sin anomalia,2026-10-05T14:24:05,mendoza
2026-07-21T06:48:00,355120,Lastarria,VIIRS750,0,0.00,1,sin anomalia,2026-10-05T14:24:05,mendoza
2026-07-21T13:25:00,355120,Lastarria,MODIS,0,0.00,1,sin anomalia,2026-10-05T14:24:05,mendoza
2026-07-21T17:54:01,355120,Lastarria,VIIRS375,0,0.00,1,sin anomalia,2026-10-05T14:24:05,mendoza
2026-07-21T17:54:01,355120,Lastarria,VIIRS750,0,0.00,1,sin anomalia,2026-10-05T14:24:05,mendoza
2026-07-21T18:36:02,355120,Lastarria,VIIRS375,0.21,18.23,0,fuera de radio,2026-10-05T14:24:05,mendoza
2026-07-21T18:36:02,355120,Lastarria,VIIRS750,0,0.00,1,sin anomalia,2026-10-05T14:24:05,mendoza
2026-07-21T19:12:00,355120,Lastarria,VIIRS375,0.5,7.13,0,fuera de radio,2026-10-05T14:24:05,mendoza
2026-07-21T19:12:00,355120,Lastarria,VIIRS750,0,0.00,1,sin anomalia,2026-10-05T14:24:05,mendoza
2026-07-21T20:50:00,355120,Lastarria,MODIS,0,0.00,1,sin anomalia,2026-10-05T14:24:05,mendoza
2026-07-22T01:30:00,355120,Lastarria,MODIS,0,0.00,1,sin anomalia,2026-10-05T14:24:05,mendoza
2026-07-22T05:06:01,355120,Lastarria,VIIRS375,0.13,17.82,0,fuera de radio,2026-10-05T14:24:05,mendoza
2026-07-22T05:06:01,355120,Lastarria,VIIRS750,0,0.00,1,sin anomalia,2026-10-05T14:24:05,mendoza
2026-07-22T05:54:02,355120,Lastarria,VIIRS375,0,0.00,1,sin anomalia,2026-10-05T14:24:05,mendoza
2026-07-22T06:30:00,355120,Lastarria,VIIRS375,0,0.00,1,sin anomalia,2026-10-05T14:24:05,mendoza
2026-07-22T07:45:00,355120,Lastarria,MODIS,0,0.00,1,sin anomalia,2026-10-05T14:24:05,mendoza
2026-07-22T12:25:00,355120,Lastarria,MODIS,0,0.00,1,sin anomalia,2026-10-05T14:24:05,mendoza
2026-07-22T17:30:01,355120,Lastarria,VIIRS375,0,0.00,1,sin anomalia,2026-10-05T14:24:05,mendoza
2026-07-22T17:30:01,355120,Lastarria,VIIRS750,0,0.00,1,sin anomalia,2026-10-05T14:24:05,mendoza
2026-07-22T19:12:01,355120,Lastarria,VIIRS375,0,0.00,1,sin anomalia,2026-10-05T14:24:05,mendoza
2026-07-22T19:12:01,355120,Lastarria,VIIRS750,0,0.00,1,sin anomalia,2026-10-05T14:24:05,mendoza
2026-07-23T02:10:00,355120,Lastarria,MODIS,0,0.00,1,sin anomalia,2026-10-05T14:24:05,mendoza
2026-07-23T06:30:01,355120,Lastarria,VIIRS375,0,0.00,1,sin anomalia,2026-10-05T14:24:05,mendoza
2026-07-23T06:30:01,355120,Lastarria,VIIRS750,0,0.00,1,sin anomalia,2026-10-05T14:24:05,mendoza
2026-07-23T08:20:00,355120,Lastarria,MODIS,0,0.00,1,sin anomalia,2026-10-05T14:24:05,mendoza
2026-07-23T13:05:00,355120,Lastarria,MODIS,0,0.00,1,sin anomalia,2026-10-05T14:24:05,mendoza
2026-07-23T18:00:02,355120,Lastarria,VIIRS375,0,0.00,1,sin anomalia,2026-10-05T14:24:05,mendoza
2026-07-23T18:00:02,355120,Lastarria,VIIRS750,0,0.00,1,sin anomalia,2026-10-05T14:24:05,mendoza
2026-07-23T18:36:00,355120,Lastarria,VIIRS375,0,0.00,1,sin anomalia,2026-10-05T14:24:05,mendoza
2026-07-23T18:36:00,355120,Lastarria,VIIRS750,0,0.00,1,sin anomalia,2026-10-05T14:24:05,mendoza
2026-07-23T18:54:01,355120,Lastarria,VIIRS375,0,0.00,1,sin anomalia,2026-10-05T14:24:05,mendoza
2026-07-23T18:54:01,355120,Lastarria,VIIRS750,0,0.00,1,sin anomalia,2026-10-05T14:24:05,mendoza
2026-07-23T20:25:00,355120,Lastarria,MODIS,0,0.00,1,sin anomalia,2026-10-05T14:24:05,mendoza
2026-07-24T01:10:00,355120,Lastarria,MODIS,0,0.00,1,sin anomalia,2026-10-05T14:24:05,mendoza
2026-07-24T05:12:02,355120,Lastarria,VIIRS375,0,0.00,1,sin anomalia,2026-10-05T14:24:05,mendoza
2026-07-24T05:12:02,355120,Lastarria,VIIRS750,0,0.00,1,sin anomalia,2026-10-05T14:24:05,mendoza
2026-07-24T06:06:01,355120,Lastarria,VIIRS375,0.08,2.40,1,muy baja,2026-10-05T14:24:05,mendoza
2026-07-24T06:06:01,355120,Lastarria,VIIRS750,0,0.00,1,sin anomalia,2026-10-05T14:24:05,mendoza
2026-07-24T07:20:00,355120,Lastarria,MODIS,0,0.00,1,sin anomalia,2026-10-05T14:24:05,mendoza
2026-07-24T13:40:00,355120,Lastarria,MODIS,0,0.00,1,sin anomalia,2026-10-05T14:24:05,mendoza
2026-07-24T17:42:02,355120,Lastarria,VIIRS375,0,0.00,1,sin anomalia,2026-10-05T14:24:05,mendoza
2026-07-24T17:42:02,355120,Lastarria,VIIRS750,0,0.00,1,sin anomalia,2026-10-05T14:24:05,mendoza
2026-07-24T18:18:00,355120,Lastarria,VIIRS375,0,0.00,1,sin anomalia,2026-10-05T14:24:05,mendoza
2026-07-24T18:18:00,355120,Lastarria,VIIRS750,0,0.00,1,sin anomalia,2026-10-05T14:24:05,mendoza
2026-07-24T18:36:01,355120,Lastarria,VIIRS375,0,0.00,1,sin anomalia,2026-10-05T14:24:05,mendoza
2026-07-24T21:05:00,355120,Lastarria,MODIS,0,0.00,1,sin anomalia,2026-10-05T14:24:05,mendoza
2026-07-25T01:50:00,355120,Lastarria,MODIS,0,0.00,1,sin anomalia,2026-10-05T14:24:05,mendoza
2026-07-25T05:48:01,355120,Lastarria,VIIRS375,0.14,2.70,1,muy baja,2026-10-05T14:24:05,mendoza
2026-07-25T05:48:01,355120,Lastarria,VIIRS750,0,0.00,1,sin anomalia,2026-10-05T14:24:05,mendoza
2026-07-25T06:36:02,355120,Lastarria,VIIRS375,0,0.00,1,sin anomalia,2026-10-05T14:24:05,mendoza
2026-07-25T06:36:02,355120,Lastarria,VIIRS750,0,0.00,1,sin anomalia,2026-10-05T14:24:05,mendoza
2026-07-25T08:00:00,355120,Lastarria,MODIS,0,0.00,1,sin anomalia,2026-10-05T14:24:05,mendoza
2026-07-25T12:45:00,355120,Lastarria,MODIS,0,0.00,1,sin anomalia,2026-10-05T14:24:05,mendoza
2026-07-25T17:24:02,355120,Lastarria,VIIRS750,0,0.00,1,sin anomalia,2026-10-05T14:24:05,mendoza
2026-07-25T18:18:01,355120,Lastarria,VIIRS375,0,0.00,1,sin anomalia,2026-10-05T14:24:05,mendoza
2026-07-25T18:18:01,355120,Lastarria,VIIRS750,0,0.00,1,sin anomalia,2026-10-05T14:24:05,mendoza
2026-07-25T19:00:02,355120,Lastarria,VIIRS375,0,0.00,1,sin anomalia,2026-10-05T14:24:05,mendoza
2026-07-25T19:00:02,355120,Lastarria,VIIRS750,0,0.00,1,sin anomalia,2026-10-05T14:24:05,mendoza
2026-07-25T20:05:00,355120,Lastarria,MODIS,0,0.00,1,sin anomalia,2026-10-05T14:24:05,mendoza
2026-07-26T00:50:00,355120,Lastarria,MODIS,0,0.00,1,sin anomalia,2026-10-05T14:24:05,mendoza
2026-07-26T05:30:01,355120,Lastarria,VIIRS375,0,0.00,1,sin anomalia,2026-10-05T14:24:05,mendoza
2026-07-26T05:30:01,355120,Lastarria,VIIRS750,0,0.00,1,sin anomalia,2026-10-05T14:24:05,mendoza
2026-07-26T06:18:02,355120,Lastarria,VIIRS375,0.08,1.55,1,muy baja,2026-10-05T14:24:05,mendoza
2026-07-26T06:18:02,355120,Lastarria,VIIRS750,0,0.00,1,sin anomalia,2026-10-05T14:24:05,mendoza
2026-07-26T13:20:00,355120,Lastarria,MODIS,0,0.00,1,sin anomalia,2026-10-05T14:24:05,mendoza
2026-07-26T18:00:01,355120,Lastarria,VIIRS375,0,0.00,1,sin anomalia,2026-10-05T14:24:05,mendoza
2026-07-26T18:00:01,355120,Lastarria,VIIRS750,0,0.00,1,sin anomalia,2026-10-05T14:24:05,mendoza
2026-07-26T18:42:02,355120,Lastarria,VIIRS375,0,0.00,1,sin anomalia,2026-10-05T14:24:05,mendoza
2026-07-26T18:42:02,355120,Lastarria,VIIRS750,0,0.00,1,sin anomalia,2026-10-05T14:24:05,mendoza
2026-07-26T19:18:00,355120,Lastarria,VIIRS375,0,0.00,1,sin anomalia,2026-10-05T14:24:05,mendoza
2026-07-26T19:18:00,355120,Lastarria,VIIRS750,0,0.00,1,sin anomalia,2026-10-05T14:24:05,mendoza
2026-07-26T20:45:00,355120,Lastarria,MODIS,0,0.00,1,sin anomalia,2026-10-05T14:24:05,mendoza
2026-07-27T05:12:01,355120,Lastarria,VIIRS375,0.26,30.46,0,fuera de radio,2026-10-05T14:24:05,mendoza
2026-07-27T05:12:01,355120,Lastarria,VIIRS750,0,0.00,1,sin anomalia,2026-10-05T14:24:05,mendoza
2026-07-27T06:00:02,355120,Lastarria,VIIRS375,0.04,2.40,1,muy baja,2026-10-05T14:24:05,mendoza
2026-07-27T06:00:02,355120,Lastarria,VIIRS750,0,0.00,1,sin anomalia,2026-10-05T14:24:05,mendoza
2026-07-27T06:36:00,355120,Lastarria,VIIRS375,0,0.00,1,sin anomalia,2026-10-05T14:24:05,mendoza
2026-07-27T06:36:00,355120,Lastarria,VIIRS750,0,0.00,1,sin anomalia,2026-10-05T14:24:05,mendoza
2026-07-27T07:40:00,355120,Lastarria,MODIS,0,0.00,1,sin anomalia,2026-10-05T14:24:05,mendoza
2026-07-27T12:25:00,355120,Lastarria,MODIS,0,0.00,1,sin anomalia,2026-10-05T14:24:05,mendoza
2026-07-27T17:42:01,355120,Lastarria,VIIRS375,0,0.00,1,sin anomalia,2026-10-05T14:24:05,mendoza
2026-07-27T17:42:01,355120,Lastarria,VIIRS750,0,0.00,1,sin anomalia,2026-10-05T14:24:05,mendoza
2026-07-27T18:24:02,355120,Lastarria,VIIRS375,0,0.00,1,sin anomalia,2026-10-05T14:24:05,mendoza
2026-07-27T18:24:02,355120,Lastarria,VIIRS750,0,0.00,1,sin anomalia,2026-10-05T14:24:05,mendoza
2026-07-27T19:00:00,355120,Lastarria,VIIRS375,0,0.00,1,sin anomalia,2026-10-05T14:24:05,mendoza
2026-07-27T19:00:00,355120,Lastarria,VIIRS750,0,0.00,1,sin anomalia,2026-10-05T14:24:05,mendoza
2026-07-27T19:18:01,355120,Lastarria,VIIRS375,0,0.00,1,sin anomalia,2026-10-05T14:24:05,mendoza
2026-07-27T19:18:01,355120,Lastarria,VIIRS750,0,0.00,1,sin anomalia,2026-10-05T14:24:05,mendoza
2026-07-27T19:45:00,355120,Lastarria,MODIS,0,0.00,1,sin anomalia,2026-10-05T14:24:05,mendoza
2026-07-28T02:05:00,355120,Lastarria,MODIS,0,0.00,1,sin anomalia,2026-10-05T14:24:05,mendoza
2026-07-28T06:36:01,355120,Lastarria,VIIRS375,0,0.00,1,sin anomalia,2026-10-05T14:24:05,mendoza
2026-07-28T06:36:01,355120,Lastarria,VIIRS750,0,0.00,1,sin anomalia,2026-10-05T14:24:05,mendoza
2026-07-28T08:15:00,355120,Lastarria,MODIS,0,0.00,1,sin anomalia,2026-10-05T14:24:05,mendoza
2026-07-28T13:00:00,355120,Lastarria,MODIS,0,0.00,1,sin anomalia,2026-10-05T14:24:05,mendoza
2026-07-28T17:18:01,355120,Lastarria,VIIRS375,0,0.00,1,sin anomalia,2026-10-05T14:24:05,mendoza
2026-07-28T18:06:02,355120,Lastarria,VIIRS375,0,0.00,1,sin anomalia,2026-10-05T14:24:05,mendoza
2026-07-28T18:06:02,355120,Lastarria,VIIRS750,0,0.00,1,sin anomalia,2026-10-05T14:24:05,mendoza
2026-07-28T18:42:00,355120,Lastarria,VIIRS375,0,0.00,1,sin anomalia,2026-10-05T14:24:05,mendoza
2026-07-28T18:42:00,355120,Lastarria,VIIRS750,0,0.00,1,sin anomalia,2026-10-05T14:24:05,mendoza
2026-07-28T19:00:01,355120,Lastarria,VIIRS750,0,0.00,1,sin anomalia,2026-10-05T14:24:05,mendoza
2026-07-28T20:20:00,355120,Lastarria,MODIS,0,0.00,1,sin anomalia,2026-10-05T14:24:05,mendoza
2026-07-29T01:10:00,355120,Lastarria,MODIS,0,0.00,1,sin anomalia,2026-10-05T14:24:05,mendoza
2026-07-29T05:18:02,355120,Lastarria,VIIRS375,0,0.00,1,sin anomalia,2026-10-05T14:24:05,mendoza
2026-07-29T05:18:02,355120,Lastarria,VIIRS750,0,0.00,1,sin anomalia,2026-10-05T14:24:05,mendoza
2026-07-29T06:18:01,355120,Lastarria,VIIRS375,0,0.00,1,sin anomalia,2026-10-05T14:24:05,mendoza
2026-07-29T06:18:01,355120,Lastarria,VIIRS750,0,0.00,1,sin anomalia,2026-10-05T14:24:05,mendoza
2026-07-29T07:15:00,355120,Lastarria,MODIS,0,0.00,1,sin anomalia,2026-10-05T14:24:05,mendoza
2026-07-29T13:40:00,355120,Lastarria,MODIS,0,0.00,1,sin anomalia,2026-10-05T14:24:05,mendoza
2026-07-29T18:24:00,355120,Lastarria,VIIRS375,0,0.00,1,sin anomalia,2026-10-05T14:24:05,mendoza
2026-07-29T18:42:01,355120,Lastarria,VIIRS375,0,0.00,1,sin anomalia,2026-10-05T14:24:05,mendoza
2026-07-29T18:42:01,355120,Lastarria,VIIRS750,0,0.00,1,sin anomalia,2026-10-05T14:24:05,mendoza
2026-07-29T21:00:00,355120,Lastarria,MODIS,0,0.00,1,sin anomalia,2026-10-05T14:24:05,mendoza
2026-07-30T01:45:00,355120,Lastarria,MODIS,0,0.00,1,sin anomalia,2026-10-05T14:24:05,mendoza
2026-07-30T05:00:02,355120,Lastarria,VIIRS375,0,0.00,1,sin anomalia,2026-10-05T14:24:05,mendoza
2026-07-30T05:00:02,355120,Lastarria,VIIRS750,0,0.00,1,sin anomalia,2026-10-05T14:24:05,mendoza
2026-07-30T05:54:01,355120,Lastarria,VIIRS375,0.12,2.40,1,muy baja,2026-10-05T14:24:05,mendoza
2026-07-30T05:54:01,355120,Lastarria,VIIRS750,0,0.00,1,sin anomalia,2026-10-05T14:24:05,mendoza
2026-07-30T07:55:00,355120,Lastarria,MODIS,0,0.00,1,sin anomalia,2026-10-05T14:24:05,mendoza
2026-07-30T12:40:00,355120,Lastarria,MODIS,0,0.00,1,sin anomalia,2026-10-05T14:24:05,mendoza
2026-07-30T17:30:02,355120,Lastarria,VIIRS750,0,0.00,1,sin anomalia,2026-10-05T14:24:05,mendoza
2026-07-30T18:06:00,355120,Lastarria,VIIRS750,0,0.00,1,sin anomalia,2026-10-05T14:24:05,mendoza
2026-07-30T18:24:01,355120,Lastarria,VIIRS375,0,0.00,1,sin anomalia,2026-10-05T14:24:05,mendoza
2026-07-30T18:24:01,355120,Lastarria,VIIRS750,0,0.00,1,sin anomalia,2026-10-05T14:24:05,mendoza
2026-07-30T19:06:02,355120,Lastarria,VIIRS375,0,0.00,1,sin anomalia,2026-10-05T14:24:05,mendoza
2026-07-30T19:06:02,355120,Lastarria,VIIRS750,0,0.00,1,sin anomalia,2026-10-05T14:24:05,mendoza
2026-07-30T20:00:00,355120,Lastarria,MODIS,0,0.00,1,sin anomalia,2026-10-05T14:24:05,mendoza
2026-07-31T00:50:00,355120,Lastarria,MODIS,0,0.00,1,sin anomalia,2026-10-05T14:24:05,mendoza
2026-07-31T06:24:02,355120,Lastarria,VIIRS375,0,0.00,1,sin anomalia,2026-10-05T14:24:05,mendoza
2026-07-31T06:24:02,355120,Lastarria,VIIRS750,2.28,23.82,0,fuera de radio,2026-10-05T14:24:05,mendoza
2026-07-31T08:30:00,355120,Lastarria,MODIS,0,0.00,1,sin anomalia,2026-10-05T14:24:05,mendoza
2026-07-31T13:20:00,355120,Lastarria,MODIS,0,0.00,1,sin anomalia,2026-10-05T14:24:05,mendoza
2026-07-31T17:48:00,355120,Lastarria,VIIRS375,0,0.00,1,sin anomalia,2026-10-05T14:24:05,mendoza
2026-07-31T17:48:00,355120,Lastarria,VIIRS750,0,0.00,1,sin anomalia,2026-10-05T14:24:05,mendoza
2026-07-31T18:06:01,355120,Lastarria,VIIRS375,0,0.00,1,sin anomalia,2026-10-05T14:24:05,mendoza
2026-07-31T18:06:01,355120,Lastarria,VIIRS750,0,0.00,1,sin anomalia,2026-10-05T14:24:05,mendoza
2026-07-31T18:48:02,355120,Lastarria,VIIRS375,0,0.00,1,sin anomalia,2026-10-05T14:24:05,mendoza
2026-07-31T18:48:02,355120,Lastarria,VIIRS750,0,0.00,1,sin anomalia,2026-10-05T14:24:05,mendoza
2026-07-31T19:24:00,355120,Lastarria,VIIRS375,0,0.00,1,sin anomalia,2026-10-05T14:24:05,mendoza
2026-07-31T19:24:00,355120,Lastarria,VIIRS750,0,0.00,1,sin anomalia,2026-10-05T14:24:05,mendoza
2026-07-31T20:35:00,355120,Lastarria,MODIS,0,0.00,1,sin anomalia,2026-10-05T14:24:05,mendoza
2026-08-01T01:25:00,355120,Lastarria,MODIS,0,0.00,1,sin anomalia,2026-10-05T14:24:05,mendoza
2026-08-01T05:18:01,355120,Lastarria,VIIRS375,0,0.00,1,sin anomalia,2026-10-05T14:24:05,mendoza
2026-08-01T05:18:01,355120,Lastarria,VIIRS750,0,0.00,1,sin anomalia,2026-10-05T14:24:05,mendoza
2026-08-01T06:06:02,355120,Lastarria,VIIRS375,0.06,1.55,1,muy baja,2026-10-05T14:24:05,mendoza
2026-08-01T06:06:02,355120,Lastarria,VIIRS750,0,0.00,1,sin anomalia,2026-10-05T14:24:05,mendoza
2026-08-01T06:42:00,355120,Lastarria,VIIRS750,0,0.00,1,sin anomalia,2026-10-05T14:24:05,mendoza
2026-08-01T07:30:00,355120,Lastarria,MODIS,0,0.00,1,sin anomalia,2026-10-05T14:24:05,mendoza
2026-08-01T12:20:00,355120,Lastarria,MODIS,0,0.00,1,sin anomalia,2026-10-05T14:24:05,mendoza
2026-08-01T17:24:00,355120,Lastarria,VIIRS375,0,0.00,1,sin anomalia,2026-10-05T14:24:05,mendoza
2026-08-01T17:24:00,355120,Lastarria,VIIRS750,0,0.00,1,sin anomalia,2026-10-05T14:24:05,mendoza
2026-08-01T17:48:01,355120,Lastarria,VIIRS750,0,0.00,1,sin anomalia,2026-10-05T14:24:05,mendoza
2026-08-01T18:30:02,355120,Lastarria,VIIRS375,0,0.00,1,sin anomalia,2026-10-05T14:24:05,mendoza
2026-08-01T18:30:02,355120,Lastarria,VIIRS750,0,0.00,1,sin anomalia,2026-10-05T14:24:05,mendoza
2026-08-01T19:06:00,355120,Lastarria,VIIRS375,0,0.00,1,sin anomalia,2026-10-05T14:24:05,mendoza
2026-08-01T19:06:00,355120,Lastarria,VIIRS750,0,0.00,1,sin anomalia,2026-10-05T14:24:05,mendoza
2026-08-01T19:35:00,355120,Lastarria,MODIS,0,0.00,1,sin anomalia,2026-10-05T14:24:05,mendoza
2026-08-02T02:05:00,355120,Lastarria,MODIS,0,0.00,1,sin anomalia,2026-10-05T14:24:05,mendoza
2026-08-02T05:00:01,355120,Lastarria,VIIRS375,0,0.00,1,sin anomalia,2026-10-05T14:24:05,mendoza
2026-08-02T05:00:01,355120,Lastarria,VIIRS750,0,0.00,1,sin anomalia,2026-10-05T14:24:05,mendoza
2026-08-02T05:48:02,355120,Lastarria,VIIRS375,0.13,2.40,1,muy baja,2026-10-05T14:24:05,mendoza
2026-08-02T05:48:02,355120,Lastarria,VIIRS750,0,0.00,1,sin anomalia,2026-10-05T14:24:05,mendoza
2026-08-02T06:42:01,355120,Lastarria,VIIRS375,0,0.00,1,sin anomalia,2026-10-05T14:24:05,mendoza
2026-08-02T06:42:01,355120,Lastarria,VIIRS750,0,0.00,1,sin anomalia,2026-10-05T14:24:05,mendoza
2026-08-02T08:10:00,355120,Lastarria,MODIS,0,0.00,1,sin anomalia,2026-10-05T14:24:05,mendoza
2026-08-02T13:00:00,355120,Lastarria,MODIS,0,0.00,1,sin anomalia,2026-10-05T14:24:05,mendoza
2026-08-02T17:24:01,355120,Lastarria,VIIRS375,0,0.00,1,sin anomalia,2026-10-05T14:24:05,mendoza
2026-08-02T17:24:01,355120,Lastarria,VIIRS750,0,0.00,1,sin anomalia,2026-10-05T14:24:05,mendoza
2026-08-02T19:06:01,355120,Lastarria,VIIRS375,0,0.00,1,sin anomalia,2026-10-05T14:24:05,mendoza
2026-08-02T19:06:01,355120,Lastarria,VIIRS750,0,0.00,1,sin anomalia,2026-10-05T14:24:05,mendoza
2026-08-02T20:15:00,355120,Lastarria,MODIS,0,0.00,1,sin anomalia,2026-10-05T14:24:05,mendoza
2026-08-03T01:05:00,355120,Lastarria,MODIS,0,0.00,1,sin anomalia,2026-10-05T14:24:05,mendoza
2026-08-03T04:42:01,355120,Lastarria,VIIRS375,0,0.00,1,sin anomalia,2026-10-05T14:24:05,mendoza
2026-08-03T04:42:01,355120,Lastarria,VIIRS750,0,0.00,1,sin anomalia,2026-10-05T14:24:05,mendoza
2026-08-03T05:24:02,355120,Lastarria,VIIRS375,0.19,7.05,0,fuera de radio,2026-10-05T14:24:05,mendoza
2026-08-03T05:24:02,355120,Lastarria,VIIRS750,0,0.00,1,sin anomalia,2026-10-05T14:24:05,mendoza
2026-08-03T06:24:01,355120,Lastarria,VIIRS375,0.03,2.40,1,muy baja,2026-10-05T14:24:05,mendoza
2026-08-03T06:24:01,355120,Lastarria,VIIRS750,0,0.00,1,sin anomalia,2026-10-05T14:24:05,mendoza
2026-08-03T07:10:00,355120,Lastarria,MODIS,0,0.00,1,sin anomalia,2026-10-05T14:24:05,mendoza
2026-08-03T13:40:00,355120,Lastarria,MODIS,0,0.00,1,sin anomalia,2026-10-05T14:24:05,mendoza
2026-08-03T17:54:02,355120,Lastarria,VIIRS375,0,0.00,1,sin anomalia,2026-10-05T14:24:05,mendoza
2026-08-03T17:54:02,355120,Lastarria,VIIRS750,0,0.00,1,sin anomalia,2026-10-05T14:24:05,mendoza
2026-08-03T18:48:01,355120,Lastarria,VIIRS375,0,0.00,1,sin anomalia,2026-10-05T14:24:05,mendoza
2026-08-03T18:48:01,355120,Lastarria,VIIRS750,0,0.00,1,sin anomalia,2026-10-05T14:24:05,mendoza
2026-08-03T20:55:00,355120,Lastarria,MODIS,0,0.00,1,sin anomalia,2026-10-05T14:24:05,mendoza
2026-08-04T01:45:00,355120,Lastarria,MODIS,0,0.00,1,sin anomalia,2026-10-05T14:24:05,mendoza
2026-08-04T06:00:01,355120,Lastarria,VIIRS375,0.05,1.55,1,muy baja,2026-10-05T14:24:05,mendoza
2026-08-04T06:00:01,355120,Lastarria,VIIRS750,0,0.00,1,sin anomalia,2026-10-05T14:24:05,mendoza
2026-08-04T12:40:00,355120,Lastarria,MODIS,0,0.00,1,sin anomalia,2026-10-05T14:24:05,mendoza
2026-08-04T18:12:00,355120,Lastarria,VIIRS750,0,0.00,1,sin anomalia,2026-10-05T14:24:05,mendoza
2026-08-04T18:30:01,355120,Lastarria,VIIRS375,0,0.00,1,sin anomalia,2026-10-05T14:24:05,mendoza
2026-08-04T18:30:01,355120,Lastarria,VIIRS750,0,0.00,1,sin anomalia,2026-10-05T14:24:05,mendoza
2026-08-04T19:55:00,355120,Lastarria,MODIS,0,0.00,1,sin anomalia,2026-10-05T14:24:05,mendoza
2026-08-05T00:45:00,355120,Lastarria,MODIS,0,0.00,1,sin anomalia,2026-10-05T14:24:05,mendoza
2026-08-05T04:48:02,355120,Lastarria,VIIRS375,0,0.00,1,sin anomalia,2026-10-05T14:24:05,mendoza
2026-08-05T04:48:02,355120,Lastarria,VIIRS750,0,0.00,1,sin anomalia,2026-10-05T14:24:05,mendoza
2026-08-05T05:42:01,355120,Lastarria,VIIRS375,0.08,1.50,1,muy baja,2026-10-05T14:24:05,mendoza
2026-08-05T05:42:01,355120,Lastarria,VIIRS750,0,0.00,1,sin anomalia,2026-10-05T14:24:05,mendoza
2026-08-05T06:30:02,355120,Lastarria,VIIRS375,0,0.00,1,sin anomalia,2026-10-05T14:24:05,mendoza
2026-08-05T06:30:02,355120,Lastarria,VIIRS750,0,0.00,1,sin anomalia,2026-10-05T14:24:05,mendoza
2026-08-05T08:25:00,355120,Lastarria,MODIS,0,0.00,1,sin anomalia,2026-10-05T14:24:05,mendoza
2026-08-05T13:20:00,355120,Lastarria,MODIS,0,0.00,1,sin anomalia,2026-10-05T14:24:05,mendoza
2026-08-05T17:18:02,355120,Lastarria,VIIRS375,0,0.00,1,sin anomalia,2026-10-05T14:24:05,mendoza
2026-08-05T17:18:02,355120,Lastarria,VIIRS750,0,0.00,1,sin anomalia,2026-10-05T14:24:05,mendoza
2026-08-05T17:54:00,355120,Lastarria,VIIRS375,0,0.00,1,sin anomalia,2026-10-05T14:24:05,mendoza
2026-08-05T17:54:00,355120,Lastarria,VIIRS750,0,0.00,1,sin anomalia,2026-10-05T14:24:05,mendoza
2026-08-05T18:54:02,355120,Lastarria,VIIRS375,0,0.00,1,sin anomalia,2026-10-05T14:24:05,mendoza
2026-08-05T18:54:02,355120,Lastarria,VIIRS750,0,0.00,1,sin anomalia,2026-10-05T14:24:05,mendoza
2026-08-05T20:30:00,355120,Lastarria,MODIS,0,0.00,1,sin anomalia,2026-10-05T14:24:05,mendoza
2026-08-06T01:25:00,355120,Lastarria,MODIS,0,0.00,1,sin anomalia,2026-10-05T14:24:05,mendoza
2026-08-06T05:24:01,355120,Lastarria,VIIRS750,0,0.00,1,sin anomalia,2026-10-05T14:24:05,mendoza
2026-08-06T06:12:02,355120,Lastarria,VIIRS375,0.94,21.76,0,fuera de radio,2026-10-05T14:24:05,mendoza
2026-08-06T06:12:02,355120,Lastarria,VIIRS750,0,0.00,1,sin anomalia,2026-10-05T14:24:05,mendoza
2026-08-06T06:48:00,355120,Lastarria,VIIRS375,0,0.00,1,sin anomalia,2026-10-05T14:24:05,mendoza
2026-08-06T06:48:00,355120,Lastarria,VIIRS750,0,0.00,1,sin anomalia,2026-10-05T14:24:05,mendoza
2026-08-06T07:25:00,355120,Lastarria,MODIS,0,0.00,1,sin anomalia,2026-10-05T14:24:05,mendoza
2026-08-06T12:20:00,355120,Lastarria,MODIS,0,0.00,1,sin anomalia,2026-10-05T14:24:05,mendoza
2026-08-06T17:54:01,355120,Lastarria,VIIRS375,0,0.00,1,sin anomalia,2026-10-05T14:24:05,mendoza
2026-08-06T17:54:01,355120,Lastarria,VIIRS750,0,0.00,1,sin anomalia,2026-10-05T14:24:05,mendoza
2026-08-06T18:36:02,355120,Lastarria,VIIRS375,0,0.00,1,sin anomalia,2026-10-05T14:24:05,mendoza
2026-08-06T18:36:02,355120,Lastarria,VIIRS750,0,0.00,1,sin anomalia,2026-10-05T14:24:05,mendoza
2026-08-06T19:12:00,355120,Lastarria,VIIRS375,0,0.00,1,sin anomalia,2026-10-05T14:24:05,mendoza
2026-08-06T19:12:00,355120,Lastarria,VIIRS750,0,0.00,1,sin anomalia,2026-10-05T14:24:05,mendoza
2026-08-06T21:10:00,355120,Lastarria,MODIS,0,0.00,1,sin anomalia,2026-10-05T14:24:05,mendoza
2026-08-07T02:05:00,355120,Lastarria,MODIS,0,0.00,1,sin anomalia,2026-10-05T14:24:05,mendoza
2026-08-07T05:54:02,355120,Lastarria,VIIRS375,0.07,2.40,1,muy baja,2026-10-05T14:24:05,mendoza
2026-08-07T05:54:02,355120,Lastarria,VIIRS750,0,0.00,1,sin anomalia,2026-10-05T14:24:05,mendoza
2026-08-07T06:30:00,355120,Lastarria,VIIRS375,0.05,1.55,1,muy baja,2026-10-05T14:24:05,mendoza
2026-08-07T06:30:00,355120,Lastarria,VIIRS750,0,0.00,1,sin anomalia,2026-10-05T14:24:05,mendoza
2026-08-07T08:05:00,355120,Lastarria,MODIS,0,0.00,1,sin anomalia,2026-10-05T14:24:05,mendoza
2026-08-07T13:00:00,355120,Lastarria,MODIS,0,0.00,1,sin anomalia,2026-10-05T14:24:05,mendoza
2026-08-07T17:36:01,355120,Lastarria,VIIRS375,0,0.00,1,sin anomalia,2026-10-05T14:24:05,mendoza
2026-08-07T18:18:02,355120,Lastarria,VIIRS375,0,0.00,1,sin anomalia,2026-10-05T14:24:05,mendoza
2026-08-07T18:18:02,355120,Lastarria,VIIRS750,0,0.00,1,sin anomalia,2026-10-05T14:24:05,mendoza
2026-08-07T18:54:00,355120,Lastarria,VIIRS375,0,0.00,1,sin anomalia,2026-10-05T14:24:05,mendoza
2026-08-07T18:54:00,355120,Lastarria,VIIRS750,0,0.00,1,sin anomalia,2026-10-05T14:24:05,mendoza
2026-08-07T19:12:01,355120,Lastarria,VIIRS375,0,0.00,1,sin anomalia,2026-10-05T14:24:05,mendoza
2026-08-07T19:12:01,355120,Lastarria,VIIRS750,0,0.00,1,sin anomalia,2026-10-05T14:24:05,mendoza
2026-08-07T20:10:00,355120,Lastarria,MODIS,0,0.00,1,sin anomalia,2026-10-05T14:24:05,mendoza
2026-08-08T01:05:00,355120,Lastarria,MODIS,0,0.00,1,sin anomalia,2026-10-05T14:24:05,mendoza
2026-08-08T04:48:01,355120,Lastarria,VIIRS375,0,0.00,1,sin anomalia,2026-10-05T14:24:05,mendoza
2026-08-08T04:48:01,355120,Lastarria,VIIRS750,0,0.00,1,sin anomalia,2026-10-05T14:24:05,mendoza
2026-08-08T06:30:01,355120,Lastarria,VIIRS375,0.78,6.45,0,fuera de radio,2026-10-05T14:24:05,mendoza
2026-08-08T06:30:01,355120,Lastarria,VIIRS750,0,0.00,1,sin anomalia,2026-10-05T14:24:05,mendoza
2026-08-08T13:40:00,355120,Lastarria,MODIS,0,0.00,1,sin anomalia,2026-10-05T14:24:05,mendoza
2026-08-08T18:00:02,355120,Lastarria,VIIRS375,0,0.00,1,sin anomalia,2026-10-05T14:24:05,mendoza
2026-08-08T18:00:02,355120,Lastarria,VIIRS750,0,0.00,1,sin anomalia,2026-10-05T14:24:05,mendoza
2026-08-08T18:36:00,355120,Lastarria,VIIRS375,0,0.00,1,sin anomalia,2026-10-05T14:24:05,mendoza
2026-08-08T18:36:00,355120,Lastarria,VIIRS750,0,0.00,1,sin anomalia,2026-10-05T14:24:05,mendoza
2026-08-08T18:54:01,355120,Lastarria,VIIRS375,0,0.00,1,sin anomalia,2026-10-05T14:24:05,mendoza
2026-08-08T18:54:01,355120,Lastarria,VIIRS750,0,0.00,1,sin anomalia,2026-10-05T14:24:05,mendoza
2026-08-08T20:45:00,355120,Lastarria,MODIS,0,0.00,1,sin anomalia,2026-10-05T14:24:05,mendoza
2026-08-09T01:45:00,355120,Lastarria,MODIS,0,0.00,1,sin anomalia,2026-10-05T14:24:05,mendoza
2026-08-09T05:12:02,355120,Lastarria,VIIRS375,0,0.00,1,sin anomalia,2026-10-05T14:24:05,mendoza
2026-08-09T05:12:02,355120,Lastarria,VIIRS750,0.83,15.61,0,fuera de radio,2026-10-05T14:24:05,mendoza
2026-08-09T05:48:00,355120,Lastarria,VIIRS375,0.1,2.40,1,muy baja,2026-10-05T14:24:05,mendoza
2026-08-09T05:48:00,355120,Lastarria,VIIRS750,0,0.00,1,sin anomalia,2026-10-05T14:24:05,mendoza
2026-08-09T06:12:01,355120,Lastarria,VIIRS375,0.08,2.40,1,muy baja,2026-10-05T14:24:05,mendoza
2026-08-09T06:12:01,355120,Lastarria,VIIRS750,0,0.00,1,sin anomalia,2026-10-05T14:24:05,mendoza
2026-08-09T12:40:00,355120,Lastarria,MODIS,0,0.00,1,sin anomalia,2026-10-05T14:24:05,mendoza
2026-08-09T17:42:02,355120,Lastarria,VIIRS375,0,0.00,1,sin anomalia,2026-10-05T14:24:05,mendoza
2026-08-09T17:42:02,355120,Lastarria,VIIRS750,0,0.00,1,sin anomalia,2026-10-05T14:24:05,mendoza
2026-08-09T18:18:00,355120,Lastarria,VIIRS375,0,0.00,1,sin anomalia,2026-10-05T14:24:05,mendoza
2026-08-09T18:18:00,355120,Lastarria,VIIRS750,0,0.00,1,sin anomalia,2026-10-05T14:24:05,mendoza
2026-08-09T18:36:01,355120,Lastarria,VIIRS375,0,0.00,1,sin anomalia,2026-10-05T14:24:05,mendoza
2026-08-09T18:36:01,355120,Lastarria,VIIRS750,0,0.00,1,sin anomalia,2026-10-05T14:24:05,mendoza
2026-08-09T19:45:00,355120,Lastarria,MODIS,0,0.00,1,sin anomalia,2026-10-05T14:24:05,mendoza
2026-08-10T00:45:00,355120,Lastarria,MODIS,0,0.00,1,sin anomalia,2026-10-05T14:24:05,mendoza
2026-08-10T04:54:02,355120,Lastarria,VIIRS375,0,0.00,1,sin anomalia,2026-10-05T14:24:05,mendoza
2026-08-10T04:54:02,355120,Lastarria,VIIRS750,0,0.00,1,sin anomalia,2026-10-05T14:24:05,mendoza
2026-08-10T05:48:01,355120,Lastarria,VIIRS375,0,0.00,1,sin anomalia,2026-10-05T14:24:05,mendoza
2026-08-10T05:48:01,355120,Lastarria,VIIRS750,0,0.00,1,sin anomalia,2026-10-05T14:24:05,mendoza
2026-08-10T06:36:02,355120,Lastarria,VIIRS375,0,0.00,1,sin anomalia,2026-10-05T14:24:05,mendoza
2026-08-10T06:36:02,355120,Lastarria,VIIRS750,0,0.00,1,sin anomalia,2026-10-05T14:24:05,mendoza
2026-08-10T08:20:00,355120,Lastarria,MODIS,0,0.00,1,sin anomalia,2026-10-05T14:24:05,mendoza
2026-08-10T13:20:00,355120,Lastarria,MODIS,0,0.00,1,sin anomalia,2026-10-05T14:24:05,mendoza
2026-08-10T18:00:00,355120,Lastarria,VIIRS375,0,0.00,1,sin anomalia,2026-10-05T14:24:05,mendoza
2026-08-10T18:00:00,355120,Lastarria,VIIRS750,0,0.00,1,sin anomalia,2026-10-05T14:24:05,mendoza
2026-08-10T19:00:02,355120,Lastarria,VIIRS375,0.69,29.14,0,fuera de radio,2026-10-05T14:24:05,mendoza
2026-08-10T19:00:02,355120,Lastarria,VIIRS750,0,0.00,1,sin anomalia,2026-10-05T14:24:05,mendoza
2026-08-10T20:25:00,355120,Lastarria,MODIS,0,0.00,1,sin anomalia,2026-10-05T14:24:05,mendoza
2026-08-11T01:25:00,355120,Lastarria,MODIS,0,0.00,1,sin anomalia,2026-10-05T14:24:05,mendoza
2026-08-11T05:30:01,355120,Lastarria,VIIRS375,0,0.00,1,sin anomalia,2026-10-05T14:24:05,mendoza
2026-08-11T05:30:01,355120,Lastarria,VIIRS750,0,0.00,1,sin anomalia,2026-10-05T14:24:05,mendoza
2026-08-11T06:18:02,355120,Lastarria,VIIRS750,0,0.00,1,sin anomalia,2026-10-05T14:24:05,mendoza
2026-08-11T07:20:00,355120,Lastarria,MODIS,0,0.00,1,sin anomalia,2026-10-05T14:24:05,mendoza
2026-08-11T12:20:00,355120,Lastarria,MODIS,0,0.00,1,sin anomalia,2026-10-05T14:24:05,mendoza
2026-08-11T17:42:00,355120,Lastarria,VIIRS375,0,0.00,1,sin anomalia,2026-10-05T14:24:05,mendoza
2026-08-11T17:42:00,355120,Lastarria,VIIRS750,0,0.00,1,sin anomalia,2026-10-05T14:24:05,mendoza
2026-08-11T18:00:01,355120,Lastarria,VIIRS750,0,0.00,1,sin anomalia,2026-10-05T14:24:05,mendoza
2026-08-11T18:42:02,355120,Lastarria,VIIRS375,0,0.00,1,sin anomalia,2026-10-05T14:24:05,mendoza
2026-08-11T19:18:00,355120,Lastarria,VIIRS375,0,0.00,1,sin anomalia,2026-10-05T14:24:05,mendoza
2026-08-11T19:18:00,355120,Lastarria,VIIRS750,0,0.00,1,sin anomalia,2026-10-05T14:24:05,mendoza
2026-08-11T21:00:00,355120,Lastarria,MODIS,0,0.00,1,sin anomalia,2026-10-05T14:24:05,mendoza
2026-08-12T02:05:00,355120,Lastarria,MODIS,0,0.00,1,sin anomalia,2026-10-05T14:24:05,mendoza
2026-08-12T04:54:00,355120,Lastarria,VIIRS375,0,0.00,1,sin anomalia,2026-10-05T14:24:05,mendoza
2026-08-12T04:54:00,355120,Lastarria,VIIRS750,0,0.00,1,sin anomalia,2026-10-05T14:24:05,mendoza
2026-08-12T05:12:01,355120,Lastarria,VIIRS750,0,0.00,1,sin anomalia,2026-10-05T14:24:05,mendoza
2026-08-12T06:00:02,355120,Lastarria,VIIRS375,0,0.00,1,sin anomalia,2026-10-05T14:24:05,mendoza
2026-08-12T06:00:02,355120,Lastarria,VIIRS750,0,0.00,1,sin anomalia,2026-10-05T14:24:05,mendoza
2026-08-12T06:36:00,355120,Lastarria,VIIRS375,0,0.00,1,sin anomalia,2026-10-05T14:24:05,mendoza
2026-08-12T06:36:00,355120,Lastarria,VIIRS750,0,0.00,1,sin anomalia,2026-10-05T14:24:05,mendoza
2026-08-12T07:55:00,355120,Lastarria,MODIS,0,0.00,1,sin anomalia,2026-10-05T14:24:05,mendoza
2026-08-12T13:00:00,355120,Lastarria,MODIS,0,0.00,1,sin anomalia,2026-10-05T14:24:05,mendoza
2026-08-12T17:42:01,355120,Lastarria,VIIRS375,0,0.00,1,sin anomalia,2026-10-05T14:24:05,mendoza
2026-08-12T19:18:01,355120,Lastarria,VIIRS375,0,0.00,1,sin anomalia,2026-10-05T14:24:05,mendoza
2026-08-12T19:18:01,355120,Lastarria,VIIRS750,0,0.00,1,sin anomalia,2026-10-05T14:24:05,mendoza
2026-08-12T20:00:00,355120,Lastarria,MODIS,0,0.00,1,sin anomalia,2026-10-05T14:24:05,mendoza
2026-08-13T01:05:00,355120,Lastarria,MODIS,0,0.00,1,sin anomalia,2026-10-05T14:24:05,mendoza
2026-08-13T04:54:01,355120,Lastarria,VIIRS375,0,0.00,1,sin anomalia,2026-10-05T14:24:05,mendoza
2026-08-13T04:54:01,355120,Lastarria,VIIRS750,0,0.00,1,sin anomalia,2026-10-05T14:24:05,mendoza
2026-08-13T05:42:02,355120,Lastarria,VIIRS375,0.27,13.73,0,fuera de radio,2026-10-05T14:24:05,mendoza
2026-08-13T05:42:02,355120,Lastarria,VIIRS750,0,0.00,1,sin anomalia,2026-10-05T14:24:05,mendoza
2026-08-13T06:36:01,355120,Lastarria,VIIRS375,0,0.00,1,sin anomalia,2026-10-05T14:24:05,mendoza
2026-08-13T06:36:01,355120,Lastarria,VIIRS750,0,0.00,1,sin anomalia,2026-10-05T14:24:05,mendoza
2026-08-13T08:35:00,355120,Lastarria,MODIS,0,0.00,1,sin anomalia,2026-10-05T14:24:05,mendoza
2026-08-13T13:35:00,355120,Lastarria,MODIS,0,0.00,1,sin anomalia,2026-10-05T14:24:05,mendoza
2026-08-13T17:18:01,355120,Lastarria,VIIRS375,0,0.00,1,sin anomalia,2026-10-05T14:24:05,mendoza
2026-08-13T17:18:01,355120,Lastarria,VIIRS750,0,0.00,1,sin anomalia,2026-10-05T14:24:05,mendoza
2026-08-13T18:06:02,355120,Lastarria,VIIRS375,0,0.00,1,sin anomalia,2026-10-05T14:24:05,mendoza
2026-08-13T18:06:02,355120,Lastarria,VIIRS750,0,0.00,1,sin anomalia,2026-10-05T14:24:05,mendoza
2026-08-13T18:42:00,355120,Lastarria,VIIRS375,0,0.00,1,sin anomalia,2026-10-05T14:24:05,mendoza
2026-08-13T18:42:00,355120,Lastarria,VIIRS750,0,0.00,1,sin anomalia,2026-10-05T14:24:05,mendoza
2026-08-13T19:00:01,355120,Lastarria,VIIRS375,0,0.00,1,sin anomalia,2026-10-05T14:24:05,mendoza
2026-08-13T19:00:01,355120,Lastarria,VIIRS750,0,0.00,1,sin anomalia,2026-10-05T14:24:05,mendoza
2026-08-13T20:40:00,355120,Lastarria,MODIS,0,0.00,1,sin anomalia,2026-10-05T14:24:05,mendoza
2026-08-14T01:45:00,355120,Lastarria,MODIS,0,0.00,1,sin anomalia,2026-10-05T14:24:05,mendoza
2026-08-14T05:18:02,355120,Lastarria,VIIRS375,0,0.00,1,sin anomalia,2026-10-05T14:24:05,mendoza
2026-08-14T05:18:02,355120,Lastarria,VIIRS750,0,0.00,1,sin anomalia,2026-10-05T14:24:05,mendoza
2026-08-14T06:18:01,355120,Lastarria,VIIRS375,0,0.00,1,sin anomalia,2026-10-05T14:24:05,mendoza
2026-08-14T06:18:01,355120,Lastarria,VIIRS750,0,0.00,1,sin anomalia,2026-10-05T14:24:05,mendoza
2026-08-14T07:35:00,355120,Lastarria,MODIS,0,0.00,1,sin anomalia,2026-10-05T14:24:05,mendoza
2026-08-14T12:40:00,355120,Lastarria,MODIS,0,0.00,1,sin anomalia,2026-10-05T14:24:05,mendoza
2026-08-14T17:48:02,355120,Lastarria,VIIRS375,0,0.00,1,sin anomalia,2026-10-05T14:24:05,mendoza
2026-08-14T18:42:01,355120,Lastarria,VIIRS375,0,0.00,1,sin anomalia,2026-10-05T14:24:05,mendoza
2026-08-14T18:42:01,355120,Lastarria,VIIRS750,0,0.00,1,sin anomalia,2026-10-05T14:24:05,mendoza
2026-08-14T19:40:00,355120,Lastarria,MODIS,0,0.00,1,sin anomalia,2026-10-05T14:24:05,mendoza
2026-08-15T00:45:00,355120,Lastarria,MODIS,0,0.00,1,sin anomalia,2026-10-05T14:24:05,mendoza
2026-08-15T05:00:02,355120,Lastarria,VIIRS375,1.36,17.51,0,fuera de radio,2026-10-05T14:24:05,mendoza
2026-08-15T05:00:02,355120,Lastarria,VIIRS750,0,0.00,1,sin anomalia,2026-10-05T14:24:05,mendoza
2026-08-15T05:54:01,355120,Lastarria,VIIRS375,0,0.00,1,sin anomalia,2026-10-05T14:24:05,mendoza
2026-08-15T05:54:01,355120,Lastarria,VIIRS750,0,0.00,1,sin anomalia,2026-10-05T14:24:05,mendoza
2026-08-15T08:15:00,355120,Lastarria,MODIS,0,0.00,1,sin anomalia,2026-10-05T14:24:05,mendoza
2026-08-15T13:15:00,355120,Lastarria,MODIS,0,0.00,1,sin anomalia,2026-10-05T14:24:05,mendoza
2026-08-15T18:24:01,355120,Lastarria,VIIRS750,0,0.00,1,sin anomalia,2026-10-05T14:24:05,mendoza
2026-08-15T19:06:02,355120,Lastarria,VIIRS375,0,0.00,1,sin anomalia,2026-10-05T14:24:05,mendoza
2026-08-15T19:06:02,355120,Lastarria,VIIRS750,0,0.00,1,sin anomalia,2026-10-05T14:24:05,mendoza
2026-08-15T20:20:00,355120,Lastarria,MODIS,0,0.00,1,sin anomalia,2026-10-05T14:24:05,mendoza
2026-08-16T01:25:00,355120,Lastarria,MODIS,0,0.00,1,sin anomalia,2026-10-05T14:24:05,mendoza
2026-08-16T04:42:02,355120,Lastarria,VIIRS375,0,0.00,1,sin anomalia,2026-10-05T14:24:05,mendoza
2026-08-16T04:42:02,355120,Lastarria,VIIRS750,0,0.00,1,sin anomalia,2026-10-05T14:24:05,mendoza
2026-08-16T05:36:01,355120,Lastarria,VIIRS375,0,0.00,1,sin anomalia,2026-10-05T14:24:05,mendoza
2026-08-16T05:36:01,355120,Lastarria,VIIRS750,0,0.00,1,sin anomalia,2026-10-05T14:24:05,mendoza
2026-08-16T06:24:02,355120,Lastarria,VIIRS375,0,0.00,1,sin anomalia,2026-10-05T14:24:05,mendoza
2026-08-16T06:24:02,355120,Lastarria,VIIRS750,0,0.00,1,sin anomalia,2026-10-05T14:24:05,mendoza
2026-08-16T07:15:00,355120,Lastarria,MODIS,0,0.00,1,sin anomalia,2026-10-05T14:24:05,mendoza
2026-08-16T12:20:00,355120,Lastarria,MODIS,0,0.00,1,sin anomalia,2026-10-05T14:24:05,mendoza
2026-08-16T17:48:00,355120,Lastarria,VIIRS375,0,0.00,1,sin anomalia,2026-10-05T14:24:05,mendoza
2026-08-16T17:48:00,355120,Lastarria,VIIRS750,0,0.00,1,sin anomalia,2026-10-05T14:24:05,mendoza
2026-08-16T18:06:01,355120,Lastarria,VIIRS375,0,0.00,1,sin anomalia,2026-10-05T14:24:05,mendoza
2026-08-16T18:06:01,355120,Lastarria,VIIRS750,0,0.00,1,sin anomalia,2026-10-05T14:24:05,mendoza
2026-08-16T19:24:00,355120,Lastarria,VIIRS375,0,0.00,1,sin anomalia,2026-10-05T14:24:05,mendoza
2026-08-16T19:24:00,355120,Lastarria,VIIRS750,0,0.00,1,sin anomalia,2026-10-05T14:24:05,mendoza
2026-08-16T20:55:00,355120,Lastarria,MODIS,0,0.00,1,sin anomalia,2026-10-05T14:24:05,mendoza
2026-08-17T02:00:00,355120,Lastarria,MODIS,0,0.00,1,sin anomalia,2026-10-05T14:24:05,mendoza
2026-08-17T05:18:01,355120,Lastarria,VIIRS375,0,0.00,1,sin anomalia,2026-10-05T14:24:05,mendoza
2026-08-17T05:18:01,355120,Lastarria,VIIRS750,0,0.00,1,sin anomalia,2026-10-05T14:24:05,mendoza
2026-08-17T06:06:02,355120,Lastarria,VIIRS375,0,0.00,1,sin anomalia,2026-10-05T14:24:05,mendoza
2026-08-17T06:06:02,355120,Lastarria,VIIRS750,0,0.00,1,sin anomalia,2026-10-05T14:24:05,mendoza
2026-08-17T06:42:00,355120,Lastarria,VIIRS375,0,0.00,1,sin anomalia,2026-10-05T14:24:05,mendoza
2026-08-17T06:42:00,355120,Lastarria,VIIRS750,0,0.00,1,sin anomalia,2026-10-05T14:24:05,mendoza
2026-08-17T07:50:00,355120,Lastarria,MODIS,0,0.00,1,sin anomalia,2026-10-05T14:24:05,mendoza
2026-08-17T12:55:00,355120,Lastarria,MODIS,0,0.00,1,sin anomalia,2026-10-05T14:24:05,mendoza
2026-08-17T17:24:00,355120,Lastarria,VIIRS375,0,0.00,1,sin anomalia,2026-10-05T14:24:05,mendoza
2026-08-17T17:24:00,355120,Lastarria,VIIRS750,0,0.00,1,sin anomalia,2026-10-05T14:24:05,mendoza
2026-08-17T18:30:02,355120,Lastarria,VIIRS375,0,0.00,1,sin anomalia,2026-10-05T14:24:05,mendoza
2026-08-17T18:30:02,355120,Lastarria,VIIRS750,0,0.00,1,sin anomalia,2026-10-05T14:24:05,mendoza
2026-08-17T19:06:00,355120,Lastarria,VIIRS375,0,0.00,1,sin anomalia,2026-10-05T14:24:05,mendoza
2026-08-17T19:06:00,355120,Lastarria,VIIRS750,0,0.00,1,sin anomalia,2026-10-05T14:24:05,mendoza
2026-08-17T19:55:00,355120,Lastarria,MODIS,0,0.00,1,sin anomalia,2026-10-05T14:24:05,mendoza
2026-08-18T01:05:00,355120,Lastarria,MODIS,0,0.00,1,sin anomalia,2026-10-05T14:24:05,mendoza
2026-08-18T05:00:01,355120,Lastarria,VIIRS375,0,0.00,1,sin anomalia,2026-10-05T14:24:05,mendoza
2026-08-18T05:48:02,355120,Lastarria,VIIRS375,0.24,23.89,0,fuera de radio,2026-10-05T14:24:05,mendoza
2026-08-18T05:48:02,355120,Lastarria,VIIRS750,0,0.00,1,sin anomalia,2026-10-05T14:24:05,mendoza
2026-08-18T06:24:00,355120,Lastarria,VIIRS375,0,0.00,1,sin anomalia,2026-10-05T14:24:05,mendoza
2026-08-18T06:24:00,355120,Lastarria,VIIRS750,0,0.00,1,sin anomalia,2026-10-05T14:24:05,mendoza
2026-08-18T06:42:01,355120,Lastarria,VIIRS375,0,0.00,1,sin anomalia,2026-10-05T14:24:05,mendoza
2026-08-18T06:42:01,355120,Lastarria,VIIRS750,0,0.00,1,sin anomalia,2026-10-05T14:24:05,mendoza
2026-08-18T08:30:00,355120,Lastarria,MODIS,0,0.00,1,sin anomalia,2026-10-05T14:24:05,mendoza
2026-08-18T13:35:00,355120,Lastarria,MODIS,0,0.00,1,sin anomalia,2026-10-05T14:24:05,mendoza
2026-08-18T17:30:01,355120,Lastarria,VIIRS375,0,0.00,1,sin anomalia,2026-10-05T14:24:05,mendoza
2026-08-18T17:30:01,355120,Lastarria,VIIRS750,0,0.00,1,sin anomalia,2026-10-05T14:24:05,mendoza
2026-08-18T18:12:02,355120,Lastarria,VIIRS750,0,0.00,1,sin anomalia,2026-10-05T14:24:05,mendoza
2026-08-18T19:06:01,355120,Lastarria,VIIRS375,0,0.00,1,sin anomalia,2026-10-05T14:24:05,mendoza
2026-08-18T19:06:01,355120,Lastarria,VIIRS750,0,0.00,1,sin anomalia,2026-10-05T14:24:05,mendoza
2026-08-18T20:35:00,355120,Lastarria,MODIS,0,0.00,1,sin anomalia,2026-10-05T14:24:05,mendoza
2026-08-19T01:40:00,355120,Lastarria,MODIS,0,0.00,1,sin anomalia,2026-10-05T14:24:05,mendoza
2026-08-19T04:42:01,355120,Lastarria,VIIRS375,0,0.00,1,sin anomalia,2026-10-05T14:24:05,mendoza
2026-08-19T04:42:01,355120,Lastarria,VIIRS750,0,0.00,1,sin anomalia,2026-10-05T14:24:05,mendoza
2026-08-19T05:24:02,355120,Lastarria,VIIRS375,0.14,17.82,0,fuera de radio,2026-10-05T14:24:05,mendoza
2026-08-19T05:24:02,355120,Lastarria,VIIRS750,0,0.00,1,sin anomalia,2026-10-05T14:24:05,mendoza
2026-08-19T06:24:01,355120,Lastarria,VIIRS375,0,0.00,1,sin anomalia,2026-10-05T14:24:05,mendoza
2026-08-19T06:24:01,355120,Lastarria,VIIRS750,0,0.00,1,sin anomalia,2026-10-05T14:24:05,mendoza
2026-08-19T07:30:00,355120,Lastarria,MODIS,0,0.00,1,sin anomalia,2026-10-05T14:24:05,mendoza
2026-08-19T12:35:00,355120,Lastarria,MODIS,0,0.00,1,sin anomalia,2026-10-05T14:24:05,mendoza
2026-08-19T18:48:01,355120,Lastarria,VIIRS375,0,0.00,1,sin anomalia,2026-10-05T14:24:05,mendoza
2026-08-19T18:48:01,355120,Lastarria,VIIRS750,0,0.00,1,sin anomalia,2026-10-05T14:24:05,mendoza
2026-08-19T21:10:00,355120,Lastarria,MODIS,0,0.00,1,sin anomalia,2026-10-05T14:24:05,mendoza
2026-08-20T05:06:02,355120,Lastarria,VIIRS375,0.48,23.28,0,fuera de radio,2026-10-05T14:24:05,mendoza
2026-08-20T05:06:02,355120,Lastarria,VIIRS750,0,0.00,1,sin anomalia,2026-10-05T14:24:05,mendoza
2026-08-20T06:06:01,355120,Lastarria,VIIRS375,0.22,14.12,0,fuera de radio,2026-10-05T14:24:05,mendoza
2026-08-20T06:06:01,355120,Lastarria,VIIRS750,0,0.00,1,sin anomalia,2026-10-05T14:24:05,mendoza
2026-08-20T08:05:00,355120,Lastarria,MODIS,0,0.00,1,sin anomalia,2026-10-05T14:24:05,mendoza
2026-08-20T13:15:00,355120,Lastarria,MODIS,0,0.00,1,sin anomalia,2026-10-05T14:24:05,mendoza
2026-08-20T18:12:00,355120,Lastarria,VIIRS375,0,0.00,1,sin anomalia,2026-10-05T14:24:05,mendoza
2026-08-20T18:12:00,355120,Lastarria,VIIRS750,0,0.00,1,sin anomalia,2026-10-05T14:24:05,mendoza
2026-08-20T18:30:01,355120,Lastarria,VIIRS375,0,0.00,1,sin anomalia,2026-10-05T14:24:05,mendoza
2026-08-20T18:30:01,355120,Lastarria,VIIRS750,0,0.00,1,sin anomalia,2026-10-05T14:24:05,mendoza
2026-08-20T20:10:00,355120,Lastarria,MODIS,0,0.00,1,sin anomalia,2026-10-05T14:24:05,mendoza
2026-08-21T01:20:00,355120,Lastarria,MODIS,0,0.00,1,sin anomalia,2026-10-05T14:24:05,mendoza
2026-08-21T04:48:02,355120,Lastarria,VIIRS375,0,0.00,1,sin anomalia,2026-10-05T14:24:05,mendoza
2026-08-21T04:48:02,355120,Lastarria,VIIRS750,0,0.00,1,sin anomalia,2026-10-05T14:24:05,mendoza
2026-08-21T05:42:01,355120,Lastarria,VIIRS375,0.11,2.40,1,muy baja,2026-10-05T14:24:05,mendoza
2026-08-21T05:42:01,355120,Lastarria,VIIRS750,0,0.00,1,sin anomalia,2026-10-05T14:24:05,mendoza
2026-08-21T06:30:02,355120,Lastarria,VIIRS375,0,0.00,1,sin anomalia,2026-10-05T14:24:05,mendoza
2026-08-21T06:30:02,355120,Lastarria,VIIRS750,0,0.00,1,sin anomalia,2026-10-05T14:24:05,mendoza
2026-08-21T07:05:00,355120,Lastarria,MODIS,0,0.00,1,sin anomalia,2026-10-05T14:24:05,mendoza
2026-08-21T12:15:00,355120,Lastarria,MODIS,0,0.00,1,sin anomalia,2026-10-05T14:24:05,mendoza
2026-08-21T17:18:02,355120,Lastarria,VIIRS375,0,0.00,1,sin anomalia,2026-10-05T14:24:05,mendoza
2026-08-21T17:18:02,355120,Lastarria,VIIRS750,0,0.00,1,sin anomalia,2026-10-05T14:24:05,mendoza
2026-08-21T17:54:00,355120,Lastarria,VIIRS375,0,0.00,1,sin anomalia,2026-10-05T14:24:05,mendoza
2026-08-21T17:54:00,355120,Lastarria,VIIRS750,0,0.00,1,sin anomalia,2026-10-05T14:24:05,mendoza
2026-08-21T18:12:01,355120,Lastarria,VIIRS375,0,0.00,1,sin anomalia,2026-10-05T14:24:05,mendoza
2026-08-21T18:54:02,355120,Lastarria,VIIRS375,0,0.00,1,sin anomalia,2026-10-05T14:24:05,mendoza
2026-08-21T18:54:02,355120,Lastarria,VIIRS750,0,0.00,1,sin anomalia,2026-10-05T14:24:05,mendoza
2026-08-21T20:50:00,355120,Lastarria,MODIS,0,0.00,1,sin anomalia,2026-10-05T14:24:05,mendoza
2026-08-22T02:00:00,355120,Lastarria,MODIS,0,0.00,1,sin anomalia,2026-10-05T14:24:05,mendoza
2026-08-22T05:24:01,355120,Lastarria,VIIRS375,0.17,21.19,0,fuera de radio,2026-10-05T14:24:05,mendoza
2026-08-22T05:24:01,355120,Lastarria,VIIRS750,0,0.00,1,sin anomalia,2026-10-05T14:24:05,mendoza
2026-08-22T06:12:02,355120,Lastarria,VIIRS375,0.07,1.35,1,muy baja,2026-10-05T14:24:05,mendoza
2026-08-22T06:12:02,355120,Lastarria,VIIRS750,0,0.00,1,sin anomalia,2026-10-05T14:24:05,mendoza
2026-08-22T06:48:00,355120,Lastarria,VIIRS375,0.09,1.55,1,muy baja,2026-10-05T14:24:05,mendoza
2026-08-22T06:48:00,355120,Lastarria,VIIRS750,0,0.00,1,sin anomalia,2026-10-05T14:24:05,mendoza
2026-08-22T07:45:00,355120,Lastarria,MODIS,0,0.00,1,sin anomalia,2026-10-05T14:24:05,mendoza
2026-08-22T12:55:00,355120,Lastarria,MODIS,0,0.00,1,sin anomalia,2026-10-05T14:24:05,mendoza
2026-08-22T17:36:00,355120,Lastarria,VIIRS375,0,0.00,1,sin anomalia,2026-10-05T14:24:05,mendoza
2026-08-22T17:36:00,355120,Lastarria,VIIRS750,0,0.00,1,sin anomalia,2026-10-05T14:24:05,mendoza
2026-08-22T17:54:01,355120,Lastarria,VIIRS375,0,0.00,1,sin anomalia,2026-10-05T14:24:05,mendoza
2026-08-22T17:54:01,355120,Lastarria,VIIRS750,0,0.00,1,sin anomalia,2026-10-05T14:24:05,mendoza
2026-08-22T18:36:02,355120,Lastarria,VIIRS375,0,0.00,1,sin anomalia,2026-10-05T14:24:05,mendoza
2026-08-22T19:12:00,355120,Lastarria,VIIRS375,0,0.00,1,sin anomalia,2026-10-05T14:24:05,mendoza
2026-08-22T19:12:00,355120,Lastarria,VIIRS750,0,0.00,1,sin anomalia,2026-10-05T14:24:05,mendoza
2026-08-22T19:50:00,355120,Lastarria,MODIS,0,0.00,1,sin anomalia,2026-10-05T14:24:05,mendoza
2026-08-23T01:00:00,355120,Lastarria,MODIS,0,0.00,1,sin anomalia,2026-10-05T14:24:05,mendoza
2026-08-23T05:06:01,355120,Lastarria,VIIRS375,0.46,14.15,0,fuera de radio,2026-10-05T14:24:05,mendoza
2026-08-23T05:06:01,355120,Lastarria,VIIRS750,0,0.00,1,sin anomalia,2026-10-05T14:24:05,mendoza
2026-08-23T05:54:02,355120,Lastarria,VIIRS375,0.23,9.84,0,fuera de radio,2026-10-05T14:24:05,mendoza
2026-08-23T05:54:02,355120,Lastarria,VIIRS750,0,0.00,1,sin anomalia,2026-10-05T14:24:05,mendoza
2026-08-23T06:30:00,355120,Lastarria,VIIRS375,0,0.00,1,sin anomalia,2026-10-05T14:24:05,mendoza
2026-08-23T06:30:00,355120,Lastarria,VIIRS750,0,0.00,1,sin anomalia,2026-10-05T14:24:05,mendoza
2026-08-23T13:35:00,355120,Lastarria,MODIS,0,0.00,1,sin anomalia,2026-10-05T14:24:05,mendoza
2026-08-23T17:36:01,355120,Lastarria,VIIRS375,0,0.00,1,sin anomalia,2026-10-05T14:24:05,mendoza
2026-08-23T17:36:01,355120,Lastarria,VIIRS750,0,0.00,1,sin anomalia,2026-10-05T14:24:05,mendoza
2026-08-23T18:54:00,355120,Lastarria,VIIRS750,0,0.00,1,sin anomalia,2026-10-05T14:24:05,mendoza
2026-08-23T19:12:01,355120,Lastarria,VIIRS375,0,0.00,1,sin anomalia,2026-10-05T14:24:05,mendoza
2026-08-23T19:12:01,355120,Lastarria,VIIRS750,0,0.00,1,sin anomalia,2026-10-05T14:24:05,mendoza
2026-08-23T20:25:00,355120,Lastarria,MODIS,0,0.00,1,sin anomalia,2026-10-05T14:24:05,mendoza
2026-08-24T01:40:00,355120,Lastarria,MODIS,0,0.00,1,sin anomalia,2026-10-05T14:24:05,mendoza
2026-08-24T04:48:01,355120,Lastarria,VIIRS375,0,0.00,1,sin anomalia,2026-10-05T14:24:05,mendoza
2026-08-24T04:48:01,355120,Lastarria,VIIRS750,0,0.00,1,sin anomalia,2026-10-05T14:24:05,mendoza
2026-08-24T06:30:01,355120,Lastarria,VIIRS375,0,0.00,1,sin anomalia,2026-10-05T14:24:05,mendoza
2026-08-24T06:30:01,355120,Lastarria,VIIRS750,0,0.00,1,sin anomalia,2026-10-05T14:24:05,mendoza
2026-08-24T07:20:00,355120,Lastarria,MODIS,0,0.00,1,sin anomalia,2026-10-05T14:24:05,mendoza
2026-08-24T12:35:00,355120,Lastarria,MODIS,0,0.00,1,sin anomalia,2026-10-05T14:24:05,mendoza
2026-08-24T18:00:02,355120,Lastarria,VIIRS375,0,0.00,1,sin anomalia,2026-10-05T14:24:05,mendoza
2026-08-24T18:00:02,355120,Lastarria,VIIRS750,0,0.00,1,sin anomalia,2026-10-05T14:24:05,mendoza
2026-08-24T18:36:00,355120,Lastarria,VIIRS375,0,0.00,1,sin anomalia,2026-10-05T14:24:05,mendoza
2026-08-24T18:36:00,355120,Lastarria,VIIRS750,0,0.00,1,sin anomalia,2026-10-05T14:24:05,mendoza
2026-08-24T18:54:01,355120,Lastarria,VIIRS375,0,0.00,1,sin anomalia,2026-10-05T14:24:05,mendoza
2026-08-24T18:54:01,355120,Lastarria,VIIRS750,0,0.00,1,sin anomalia,2026-10-05T14:24:05,mendoza
2026-08-24T21:05:00,355120,Lastarria,MODIS,0,0.00,1,sin anomalia,2026-10-05T14:24:05,mendoza
2026-08-25T05:12:02,355120,Lastarria,VIIRS375,0,0.00,1,sin anomalia,2026-10-05T14:24:05,mendoza
2026-08-25T05:12:02,355120,Lastarria,VIIRS750,0,0.00,1,sin anomalia,2026-10-05T14:24:05,mendoza
2026-08-25T05:48:00,355120,Lastarria,VIIRS750,0,0.00,1,sin anomalia,2026-10-05T14:24:05,mendoza
2026-08-25T06:12:01,355120,Lastarria,VIIRS375,0.07,1.55,1,muy baja,2026-10-05T14:24:05,mendoza
2026-08-25T06:12:01,355120,Lastarria,VIIRS750,0,0.00,1,sin anomalia,2026-10-05T14:24:05,mendoza
2026-08-25T08:00:00,355120,Lastarria,MODIS,0,0.00,1,sin anomalia,2026-10-05T14:24:05,mendoza
2026-08-25T13:15:00,355120,Lastarria,MODIS,0,0.00,1,sin anomalia,2026-10-05T14:24:05,mendoza
2026-08-25T18:36:01,355120,Lastarria,VIIRS375,0,0.00,1,sin anomalia,2026-10-05T14:24:05,mendoza
2026-08-25T18:36:01,355120,Lastarria,VIIRS750,0,0.00,1,sin anomalia,2026-10-05T14:24:05,mendoza
2026-08-25T20:05:00,355120,Lastarria,MODIS,0,0.00,1,sin anomalia,2026-10-05T14:24:05,mendoza
2026-08-26T01:20:00,355120,Lastarria,MODIS,0,0.00,1,sin anomalia,2026-10-05T14:24:05,mendoza
2026-08-26T04:54:02,355120,Lastarria,VIIRS375,0,0.00,1,sin anomalia,2026-10-05T14:24:05,mendoza
2026-08-26T04:54:02,355120,Lastarria,VIIRS750,0,0.00,1,sin anomalia,2026-10-05T14:24:05,mendoza
2026-08-26T05:48:01,355120,Lastarria,VIIRS375,0,0.00,1,sin anomalia,2026-10-05T14:24:05,mendoza
2026-08-26T05:48:01,355120,Lastarria,VIIRS750,0,0.00,1,sin anomalia,2026-10-05T14:24:05,mendoza
2026-08-26T06:36:02,355120,Lastarria,VIIRS375,0,0.00,1,sin anomalia,2026-10-05T14:24:05,mendoza
2026-08-26T06:36:02,355120,Lastarria,VIIRS750,0,0.00,1,sin anomalia,2026-10-05T14:24:05,mendoza
2026-08-26T08:40:00,355120,Lastarria,MODIS,0,0.00,1,sin anomalia,2026-10-05T14:24:05,mendoza
2026-08-26T12:15:00,355120,Lastarria,MODIS,0,0.00,1,sin anomalia,2026-10-05T14:24:05,mendoza
2026-08-26T18:18:01,355120,Lastarria,VIIRS375,0,0.00,1,sin anomalia,2026-10-05T14:24:05,mendoza
2026-08-26T18:18:01,355120,Lastarria,VIIRS750,0,0.00,1,sin anomalia,2026-10-05T14:24:05,mendoza
2026-08-26T19:00:02,355120,Lastarria,VIIRS375,0,0.00,1,sin anomalia,2026-10-05T14:24:05,mendoza
2026-08-26T19:00:02,355120,Lastarria,VIIRS750,0,0.00,1,sin anomalia,2026-10-05T14:24:05,mendoza
2026-08-26T20:45:00,355120,Lastarria,MODIS,0,0.00,1,sin anomalia,2026-10-05T14:24:05,mendoza
2026-08-27T02:00:00,355120,Lastarria,MODIS,0,0.00,1,sin anomalia,2026-10-05T14:24:05,mendoza
2026-08-27T05:12:00,355120,Lastarria,VIIRS750,0,0.00,1,sin anomalia,2026-10-05T14:24:05,mendoza
2026-08-27T05:30:01,355120,Lastarria,VIIRS375,0.05,2.40,1,muy baja,2026-10-05T14:24:05,mendoza
2026-08-27T05:30:01,355120,Lastarria,VIIRS750,0,0.00,1,sin anomalia,2026-10-05T14:24:05,mendoza
2026-08-27T06:18:02,355120,Lastarria,VIIRS375,0.48,10.10,0,fuera de radio,2026-10-05T14:24:05,mendoza
2026-08-27T06:18:02,355120,Lastarria,VIIRS750,0,0.00,1,sin anomalia,2026-10-05T14:24:05,mendoza
2026-08-27T06:54:00,355120,Lastarria,VIIRS375,0,0.00,1,sin anomalia,2026-10-05T14:24:05,mendoza
2026-08-27T06:54:00,355120,Lastarria,VIIRS750,0,0.00,1,sin anomalia,2026-10-05T14:24:05,mendoza
2026-08-27T07:40:00,355120,Lastarria,MODIS,0,0.00,1,sin anomalia,2026-10-05T14:24:05,mendoza
2026-08-27T12:55:00,355120,Lastarria,MODIS,0,0.00,1,sin anomalia,2026-10-05T14:24:05,mendoza
2026-08-27T18:00:01,355120,Lastarria,VIIRS375,0,0.00,1,sin anomalia,2026-10-05T14:24:05,mendoza
2026-08-27T18:00:01,355120,Lastarria,VIIRS750,0,0.00,1,sin anomalia,2026-10-05T14:24:05,mendoza
2026-08-27T19:18:00,355120,Lastarria,VIIRS375,0,0.00,1,sin anomalia,2026-10-05T14:24:05,mendoza
2026-08-27T19:18:00,355120,Lastarria,VIIRS750,0,0.00,1,sin anomalia,2026-10-05T14:24:05,mendoza
2026-08-27T19:45:00,355120,Lastarria,MODIS,0,0.00,1,sin anomalia,2026-10-05T14:24:05,mendoza
2026-08-28T01:00:00,355120,Lastarria,MODIS,0,0.00,1,sin anomalia,2026-10-05T14:24:05,mendoza
2026-08-28T05:12:01,355120,Lastarria,VIIRS375,0,0.00,1,sin anomalia,2026-10-05T14:24:05,mendoza
2026-08-28T05:12:01,355120,Lastarria,VIIRS750,0,0.00,1,sin anomalia,2026-10-05T14:24:05,mendoza
2026-08-28T06:00:02,355120,Lastarria,VIIRS375,0.07,2.40,1,muy baja,2026-10-05T14:24:05,mendoza
2026-08-28T06:00:02,355120,Lastarria,VIIRS750,0,0.00,1,sin anomalia,2026-10-05T14:24:05,mendoza
2026-08-28T06:36:00,355120,Lastarria,VIIRS375,0.06,1.55,1,muy baja,2026-10-05T14:24:05,mendoza
2026-08-28T06:36:00,355120,Lastarria,VIIRS750,0,0.00,1,sin anomalia,2026-10-05T14:24:05,mendoza
2026-08-28T08:15:00,355120,Lastarria,MODIS,0,0.00,1,sin anomalia,2026-10-05T14:24:05,mendoza
2026-08-28T13:35:00,355120,Lastarria,MODIS,0,0.00,1,sin anomalia,2026-10-05T14:24:05,mendoza
2026-08-28T17:42:01,355120,Lastarria,VIIRS750,0,0.00,1,sin anomalia,2026-10-05T14:24:05,mendoza
2026-08-28T19:18:01,355120,Lastarria,VIIRS375,0,0.00,1,sin anomalia,2026-10-05T14:24:05,mendoza
2026-08-28T19:18:01,355120,Lastarria,VIIRS750,0,0.00,1,sin anomalia,2026-10-05T14:24:05,mendoza
2026-08-28T20:20:00,355120,Lastarria,MODIS,0,0.00,1,sin anomalia,2026-10-05T14:24:05,mendoza
2026-08-29T01:40:00,355120,Lastarria,MODIS,0,0.00,1,sin anomalia,2026-10-05T14:24:05,mendoza
2026-08-29T04:54:01,355120,Lastarria,VIIRS375,0,0.00,1,sin anomalia,2026-10-05T14:24:05,mendoza
2026-08-29T04:54:01,355120,Lastarria,VIIRS750,0,0.00,1,sin anomalia,2026-10-05T14:24:05,mendoza
2026-08-29T05:42:02,355120,Lastarria,VIIRS375,0,0.00,1,sin anomalia,2026-10-05T14:24:05,mendoza
2026-08-29T05:42:02,355120,Lastarria,VIIRS750,0,0.00,1,sin anomalia,2026-10-05T14:24:05,mendoza
2026-08-29T06:36:01,355120,Lastarria,VIIRS375,0,0.00,1,sin anomalia,2026-10-05T14:24:05,mendoza
2026-08-29T06:36:01,355120,Lastarria,VIIRS750,0,0.00,1,sin anomalia,2026-10-05T14:24:05,mendoza
2026-08-29T07:15:00,355120,Lastarria,MODIS,0,0.00,1,sin anomalia,2026-10-05T14:24:05,mendoza
2026-08-29T12:35:00,355120,Lastarria,MODIS,0,0.00,1,sin anomalia,2026-10-05T14:24:05,mendoza
2026-08-29T17:24:01,355120,Lastarria,VIIRS375,0,0.00,1,sin anomalia,2026-10-05T14:24:05,mendoza
2026-08-29T18:06:02,355120,Lastarria,VIIRS375,0,0.00,1,sin anomalia,2026-10-05T14:24:05,mendoza
2026-08-29T19:00:01,355120,Lastarria,VIIRS375,0,0.00,1,sin anomalia,2026-10-05T14:24:05,mendoza
2026-08-29T19:00:01,355120,Lastarria,VIIRS750,0,0.00,1,sin anomalia,2026-10-05T14:24:05,mendoza
2026-08-29T21:00:00,355120,Lastarria,MODIS,0,0.00,1,sin anomalia,2026-10-05T14:24:05,mendoza
2026-08-30T05:18:02,355120,Lastarria,VIIRS375,1.29,17.27,0,fuera de radio,2026-10-05T14:24:05,mendoza
2026-08-30T05:18:02,355120,Lastarria,VIIRS750,0,0.00,1,sin anomalia,2026-10-05T14:24:05,mendoza
2026-08-30T06:18:01,355120,Lastarria,VIIRS375,0,0.00,1,sin anomalia,2026-10-05T14:24:05,mendoza
2026-08-30T06:18:01,355120,Lastarria,VIIRS750,0,0.00,1,sin anomalia,2026-10-05T14:24:05,mendoza
2026-08-30T07:55:00,355120,Lastarria,MODIS,0,0.00,1,sin anomalia,2026-10-05T14:24:05,mendoza
2026-08-30T13:15:00,355120,Lastarria,MODIS,0,0.00,1,sin anomalia,2026-10-05T14:24:05,mendoza
2026-08-30T17:48:02,355120,Lastarria,VIIRS375,0,0.00,1,sin anomalia,2026-10-05T14:24:05,mendoza
2026-08-30T17:48:02,355120,Lastarria,VIIRS750,0,0.00,1,sin anomalia,2026-10-05T14:24:05,mendoza
2026-08-30T18:24:00,355120,Lastarria,VIIRS375,0,0.00,1,sin anomalia,2026-10-05T14:24:05,mendoza
2026-08-30T18:24:00,355120,Lastarria,VIIRS750,0,0.00,1,sin anomalia,2026-10-05T14:24:05,mendoza
2026-08-30T18:42:01,355120,Lastarria,VIIRS375,0,0.00,1,sin anomalia,2026-10-05T14:24:05,mendoza
2026-08-30T18:42:01,355120,Lastarria,VIIRS750,0,0.00,1,sin anomalia,2026-10-05T14:24:05,mendoza
2026-08-30T20:00:00,355120,Lastarria,MODIS,0,0.00,1,sin anomalia,2026-10-05T14:24:05,mendoza
2026-08-31T01:20:00,355120,Lastarria,MODIS,0,0.00,1,sin anomalia,2026-10-05T14:24:05,mendoza
2026-08-31T05:00:02,355120,Lastarria,VIIRS375,0.4,28.13,0,fuera de radio,2026-10-05T14:24:05,mendoza
2026-08-31T05:00:02,355120,Lastarria,VIIRS750,0,0.00,1,sin anomalia,2026-10-05T14:24:05,mendoza
2026-08-31T06:00:01,355120,Lastarria,VIIRS375,0,0.00,1,sin anomalia,2026-10-05T14:24:05,mendoza
2026-08-31T06:00:01,355120,Lastarria,VIIRS750,0,0.00,1,sin anomalia,2026-10-05T14:24:05,mendoza
2026-08-31T08:30:00,355120,Lastarria,MODIS,0,0.00,1,sin anomalia,2026-10-05T14:24:05,mendoza
2026-08-31T12:15:00,355120,Lastarria,MODIS,0,0.00,1,sin anomalia,2026-10-05T14:24:05,mendoza
2026-08-31T18:06:00,355120,Lastarria,VIIRS375,0,0.00,1,sin anomalia,2026-10-05T14:24:05,mendoza
2026-08-31T18:06:00,355120,Lastarria,VIIRS750,0,0.00,1,sin anomalia,2026-10-05T14:24:05,mendoza
2026-08-31T18:24:01,355120,Lastarria,VIIRS375,0,0.00,1,sin anomalia,2026-10-05T14:24:05,mendoza
2026-08-31T19:06:02,355120,Lastarria,VIIRS375,0,0.00,1,sin anomalia,2026-10-05T14:24:05,mendoza
2026-08-31T19:06:02,355120,Lastarria,VIIRS750,0,0.00,1,sin anomalia,2026-10-05T14:24:05,mendoza
2026-08-31T20:35:00,355120,Lastarria,MODIS,0,0.00,1,sin anomalia,2026-10-05T14:24:05,mendoza
2026-09-01T02:00:00,355120,Lastarria,MODIS,0,0.00,1,sin anomalia,2026-10-05T14:24:05,mendoza
2026-09-01T04:42:02,355120,Lastarria,VIIRS375,0,0.00,1,sin anomalia,2026-10-05T14:24:05,mendoza
2026-09-01T04:42:02,355120,Lastarria,VIIRS750,0,0.00,1,sin anomalia,2026-10-05T14:24:05,mendoza
2026-09-01T05:18:00,355120,Lastarria,VIIRS375,0,0.00,1,sin anomalia,2026-10-05T14:24:05,mendoza
2026-09-01T05:18:00,355120,Lastarria,VIIRS750,0,0.00,1,sin anomalia,2026-10-05T14:24:05,mendoza
2026-09-01T05:36:01,355120,Lastarria,VIIRS375,0.04,1.55,1,muy baja,2026-10-05T14:24:05,mendoza
2026-09-01T05:36:01,355120,Lastarria,VIIRS750,0,0.00,1,sin anomalia,2026-10-05T14:24:05,mendoza
2026-09-01T06:24:02,355120,Lastarria,VIIRS375,0,0.00,1,sin anomalia,2026-10-05T14:24:05,mendoza
2026-09-01T06:24:02,355120,Lastarria,VIIRS750,0,0.00,1,sin anomalia,2026-10-05T14:24:05,mendoza
2026-09-01T07:30:00,355120,Lastarria,MODIS,0,0.00,1,sin anomalia,2026-10-05T14:24:05,mendoza
2026-09-01T12:55:00,355120,Lastarria,MODIS,0,0.00,1,sin anomalia,2026-10-05T14:24:05,mendoza
2026-09-01T17:48:00,355120,Lastarria,VIIRS375,0,0.00,1,sin anomalia,2026-10-05T14:24:05,mendoza
2026-09-01T18:06:01,355120,Lastarria,VIIRS750,0,0.00,1,sin anomalia,2026-10-05T14:24:05,mendoza
2026-09-01T18:48:02,355120,Lastarria,VIIRS375,0,0.00,1,sin anomalia,2026-10-05T14:24:05,mendoza
2026-09-01T18:48:02,355120,Lastarria,VIIRS750,0,0.00,1,sin anomalia,2026-10-05T14:24:05,mendoza
2026-09-01T19:24:00,355120,Lastarria,VIIRS375,0,0.00,1,sin anomalia,2026-10-05T14:24:05,mendoza
2026-09-01T19:24:00,355120,Lastarria,VIIRS750,0,0.00,1,sin anomalia,2026-10-05T14:24:05,mendoza
2026-09-02T01:00:00,355120,Lastarria,MODIS,0,0.00,1,sin anomalia,2026-10-05T14:24:05,mendoza
2026-09-02T05:00:00,355120,Lastarria,VIIRS375,0,0.00,1,sin anomalia,2026-10-05T14:24:05,mendoza
2026-09-02T05:00:00,355120,Lastarria,VIIRS750,0,0.00,1,sin anomalia,2026-10-05T14:24:05,mendoza
2026-09-02T05:18:01,355120,Lastarria,VIIRS375,0,0.00,1,sin anomalia,2026-10-05T14:24:05,mendoza
2026-09-02T05:18:01,355120,Lastarria,VIIRS750,0,0.00,1,sin anomalia,2026-10-05T14:24:05,mendoza
2026-09-02T06:06:02,355120,Lastarria,VIIRS375,0.1,2.40,1,muy baja,2026-10-05T14:24:05,mendoza
2026-09-02T06:06:02,355120,Lastarria,VIIRS750,0,0.00,1,sin anomalia,2026-10-05T14:24:05,mendoza
2026-09-02T06:42:00,355120,Lastarria,VIIRS375,0,0.00,1,sin anomalia,2026-10-05T14:24:05,mendoza
2026-09-02T06:42:00,355120,Lastarria,VIIRS750,0,0.00,1,sin anomalia,2026-10-05T14:24:05,mendoza
2026-09-02T08:10:00,355120,Lastarria,MODIS,0,0.00,1,sin anomalia,2026-10-05T14:24:05,mendoza
2026-09-02T13:30:00,355120,Lastarria,MODIS,0,0.00,1,sin anomalia,2026-10-05T14:24:05,mendoza
2026-09-02T17:30:00,355120,Lastarria,VIIRS375,0,0.00,1,sin anomalia,2026-10-05T14:24:05,mendoza
2026-09-02T17:30:00,355120,Lastarria,VIIRS750,0,0.00,1,sin anomalia,2026-10-05T14:24:05,mendoza
2026-09-02T17:48:01,355120,Lastarria,VIIRS375,0,0.00,1,sin anomalia,2026-10-05T14:24:05,mendoza
2026-09-02T17:48:01,355120,Lastarria,VIIRS750,0,0.00,1,sin anomalia,2026-10-05T14:24:05,mendoza
2026-09-02T18:30:02,355120,Lastarria,VIIRS375,0,0.00,1,sin anomalia,2026-10-05T14:24:05,mendoza
2026-09-02T19:06:00,355120,Lastarria,VIIRS375,0,0.00,1,sin anomalia,2026-10-05T14:24:05,mendoza
2026-09-02T19:06:00,355120,Lastarria,VIIRS750,0,0.00,1,sin anomalia,2026-10-05T14:24:05,mendoza
2026-09-02T20:15:00,355120,Lastarria,MODIS,0,0.00,1,sin anomalia,2026-10-05T14:24:05,mendoza
2026-09-03T01:40:00,355120,Lastarria,MODIS,0,0.00,1,sin anomalia,2026-10-05T14:24:05,mendoza
2026-09-03T05:00:01,355120,Lastarria,VIIRS375,0,0.00,1,sin anomalia,2026-10-05T14:24:05,mendoza
2026-09-03T05:00:01,355120,Lastarria,VIIRS750,0,0.00,1,sin anomalia,2026-10-05T14:24:05,mendoza
2026-09-03T05:48:02,355120,Lastarria,VIIRS375,0.17,2.40,1,muy baja,2026-10-05T14:24:05,mendoza
2026-09-03T05:48:02,355120,Lastarria,VIIRS750,0,0.00,1,sin anomalia,2026-10-05T14:24:05,mendoza
2026-09-03T06:42:01,355120,Lastarria,VIIRS375,0,0.00,1,sin anomalia,2026-10-05T14:24:05,mendoza
2026-09-03T06:42:01,355120,Lastarria,VIIRS750,0,0.00,1,sin anomalia,2026-10-05T14:24:05,mendoza
2026-09-03T07:10:00,355120,Lastarria,MODIS,0,0.00,1,sin anomalia,2026-10-05T14:24:05,mendoza
2026-09-03T12:35:00,355120,Lastarria,MODIS,0,0.00,1,sin anomalia,2026-10-05T14:24:05,mendoza
2026-09-03T17:30:01,355120,Lastarria,VIIRS375,0,0.00,1,sin anomalia,2026-10-05T14:24:05,mendoza
2026-09-03T17:30:01,355120,Lastarria,VIIRS750,0,0.00,1,sin anomalia,2026-10-05T14:24:05,mendoza
2026-09-03T19:06:01,355120,Lastarria,VIIRS375,0,0.00,1,sin anomalia,2026-10-05T14:24:05,mendoza
2026-09-03T19:06:01,355120,Lastarria,VIIRS750,0,0.00,1,sin anomalia,2026-10-05T14:24:05,mendoza
2026-09-03T20:50:00,355120,Lastarria,MODIS,0,0.00,1,sin anomalia,2026-10-05T14:24:05,mendoza
2026-09-04T05:24:02,355120,Lastarria,VIIRS375,0,0.00,1,sin anomalia,2026-10-05T14:24:05,mendoza
2026-09-04T05:24:02,355120,Lastarria,VIIRS750,0,0.00,1,sin anomalia,2026-10-05T14:24:05,mendoza
2026-09-04T06:24:01,355120,Lastarria,VIIRS375,0.14,2.40,1,muy baja,2026-10-05T14:24:05,mendoza
2026-09-04T06:24:01,355120,Lastarria,VIIRS750,0,0.00,1,sin anomalia,2026-10-05T14:24:05,mendoza
2026-09-04T07:45:00,355120,Lastarria,MODIS,0,0.00,1,sin anomalia,2026-10-05T14:24:05,mendoza
2026-09-04T13:10:00,355120,Lastarria,MODIS,0,0.00,1,sin anomalia,2026-10-05T14:24:05,mendoza
2026-09-04T18:48:01,355120,Lastarria,VIIRS375,0,0.00,1,sin anomalia,2026-10-05T14:24:05,mendoza
2026-09-04T18:48:01,355120,Lastarria,VIIRS750,0,0.00,1,sin anomalia,2026-10-05T14:24:05,mendoza
2026-09-04T19:50:00,355120,Lastarria,MODIS,0,0.00,1,sin anomalia,2026-10-05T14:24:05,mendoza
2026-09-05T01:15:00,355120,Lastarria,MODIS,0,0.00,1,sin anomalia,2026-10-05T14:24:05,mendoza
2026-09-05T05:06:02,355120,Lastarria,VIIRS375,0,0.00,1,sin anomalia,2026-10-05T14:24:05,mendoza
2026-09-05T05:06:02,355120,Lastarria,VIIRS750,0,0.00,1,sin anomalia,2026-10-05T14:24:05,mendoza
2026-09-05T05:42:00,355120,Lastarria,VIIRS375,0,0.00,1,sin anomalia,2026-10-05T14:24:05,mendoza
2026-09-05T05:42:00,355120,Lastarria,VIIRS750,0,0.00,1,sin anomalia,2026-10-05T14:24:05,mendoza
2026-09-05T06:06:01,355120,Lastarria,VIIRS375,0,0.00,1,sin anomalia,2026-10-05T14:24:05,mendoza
2026-09-05T06:06:01,355120,Lastarria,VIIRS750,0,0.00,1,sin anomalia,2026-10-05T14:24:05,mendoza
2026-09-05T08:25:00,355120,Lastarria,MODIS,0,0.00,1,sin anomalia,2026-10-05T14:24:05,mendoza
2026-09-05T12:15:00,355120,Lastarria,MODIS,0,0.00,1,sin anomalia,2026-10-05T14:24:05,mendoza
2026-09-05T17:36:02,355120,Lastarria,VIIRS375,0,0.00,1,sin anomalia,2026-10-05T14:24:05,mendoza
2026-09-05T18:30:01,355120,Lastarria,VIIRS375,0,0.00,1,sin anomalia,2026-10-05T14:24:05,mendoza
2026-09-05T18:30:01,355120,Lastarria,VIIRS750,0,0.00,1,sin anomalia,2026-10-05T14:24:05,mendoza
2026-09-05T20:30:00,355120,Lastarria,MODIS,0,0.00,1,sin anomalia,2026-10-05T14:24:05,mendoza
2026-09-06T01:55:00,355120,Lastarria,MODIS,0,0.00,1,sin anomalia,2026-10-05T14:24:05,mendoza
2026-09-06T04:48:02,355120,Lastarria,VIIRS375,2.68,28.13,0,fuera de radio,2026-10-05T14:24:05,mendoza
2026-09-06T04:48:02,355120,Lastarria,VIIRS750,0,0.00,1,sin anomalia,2026-10-05T14:24:05,mendoza
2026-09-06T05:24:00,355120,Lastarria,VIIRS375,0,0.00,1,sin anomalia,2026-10-05T14:24:05,mendoza
2026-09-06T05:24:00,355120,Lastarria,VIIRS750,0,0.00,1,sin anomalia,2026-10-05T14:24:05,mendoza
2026-09-06T05:42:01,355120,Lastarria,VIIRS375,0,0.00,1,sin anomalia,2026-10-05T14:24:05,mendoza
2026-09-06T05:42:01,355120,Lastarria,VIIRS750,0,0.00,1,sin anomalia,2026-10-05T14:24:05,mendoza
2026-09-06T06:30:02,355120,Lastarria,VIIRS375,0,0.00,1,sin anomalia,2026-10-05T14:24:05,mendoza
2026-09-06T06:30:02,355120,Lastarria,VIIRS750,0,0.00,1,sin anomalia,2026-10-05T14:24:05,mendoza
2026-09-06T07:25:00,355120,Lastarria,MODIS,0,0.00,1,sin anomalia,2026-10-05T14:24:05,mendoza
2026-09-06T12:50:00,355120,Lastarria,MODIS,0,0.00,1,sin anomalia,2026-10-05T14:24:05,mendoza
2026-09-06T17:18:02,355120,Lastarria,VIIRS375,4.23,12.47,0,fuera de radio,2026-10-05T14:24:05,mendoza
2026-09-06T17:54:00,355120,Lastarria,VIIRS375,0,0.00,1,sin anomalia,2026-10-05T14:24:05,mendoza
2026-09-06T18:12:01,355120,Lastarria,VIIRS375,0,0.00,1,sin anomalia,2026-10-05T14:24:05,mendoza
2026-09-06T18:12:01,355120,Lastarria,VIIRS750,0,0.00,1,sin anomalia,2026-10-05T14:24:05,mendoza
2026-09-06T18:54:02,355120,Lastarria,VIIRS375,0,0.00,1,sin anomalia,2026-10-05T14:24:05,mendoza
2026-09-06T18:54:02,355120,Lastarria,VIIRS750,0,0.00,1,sin anomalia,2026-10-05T14:24:05,mendoza
2026-09-06T21:10:00,355120,Lastarria,MODIS,0,0.00,1,sin anomalia,2026-10-05T14:24:05,mendoza
2026-09-07T00:55:00,355120,Lastarria,MODIS,0,0.00,1,sin anomalia,2026-10-05T14:24:05,mendoza
2026-09-07T05:06:00,355120,Lastarria,VIIRS750,0,0.00,1,sin anomalia,2026-10-05T14:24:05,mendoza
2026-09-07T05:24:01,355120,Lastarria,VIIRS375,0,0.00,1,sin anomalia,2026-10-05T14:24:05,mendoza
2026-09-07T05:24:01,355120,Lastarria,VIIRS750,0,0.00,1,sin anomalia,2026-10-05T14:24:05,mendoza
2026-09-07T06:12:02,355120,Lastarria,VIIRS375,0.06,1.55,1,muy baja,2026-10-05T14:24:05,mendoza
2026-09-07T06:12:02,355120,Lastarria,VIIRS750,0,0.00,1,sin anomalia,2026-10-05T14:24:05,mendoza
2026-09-07T06:48:00,355120,Lastarria,VIIRS375,0,0.00,1,sin anomalia,2026-10-05T14:24:05,mendoza
2026-09-07T06:48:00,355120,Lastarria,VIIRS750,0,0.00,1,sin anomalia,2026-10-05T14:24:05,mendoza
2026-09-07T08:05:00,355120,Lastarria,MODIS,0,0.00,1,sin anomalia,2026-10-05T14:24:05,mendoza
2026-09-07T13:30:00,355120,Lastarria,MODIS,0,0.00,1,sin anomalia,2026-10-05T14:24:05,mendoza
2026-09-07T17:36:00,355120,Lastarria,VIIRS375,0.94,14.64,0,fuera de radio,2026-10-05T14:24:05,mendoza
2026-09-07T17:36:00,355120,Lastarria,VIIRS750,0,0.00,1,sin anomalia,2026-10-05T14:24:05,mendoza
2026-09-07T18:36:02,355120,Lastarria,VIIRS375,0,0.00,1,sin anomalia,2026-10-05T14:24:05,mendoza
2026-09-07T19:12:00,355120,Lastarria,VIIRS375,0,0.00,1,sin anomalia,2026-10-05T14:24:05,mendoza
2026-09-07T19:12:00,355120,Lastarria,VIIRS750,0,0.00,1,sin anomalia,2026-10-05T14:24:05,mendoza
2026-09-07T20:10:00,355120,Lastarria,MODIS,0,0.00,1,sin anomalia,2026-10-05T14:24:05,mendoza
2026-09-08T01:35:00,355120,Lastarria,MODIS,0,0.00,1,sin anomalia,2026-10-05T14:24:05,mendoza
2026-09-08T05:06:01,355120,Lastarria,VIIRS375,3.98,25.80,0,fuera de radio,2026-10-05T14:24:05,mendoza
2026-09-08T05:06:01,355120,Lastarria,VIIRS750,0,0.00,1,sin anomalia,2026-10-05T14:24:05,mendoza
2026-09-08T05:54:02,355120,Lastarria,VIIRS375,0,0.00,1,sin anomalia,2026-10-05T14:24:05,mendoza
2026-09-08T05:54:02,355120,Lastarria,VIIRS750,0,0.00,1,sin anomalia,2026-10-05T14:24:05,mendoza
2026-09-08T06:30:00,355120,Lastarria,VIIRS375,0,0.00,1,sin anomalia,2026-10-05T14:24:05,mendoza
2026-09-08T06:30:00,355120,Lastarria,VIIRS750,0,0.00,1,sin anomalia,2026-10-05T14:24:05,mendoza
2026-09-08T08:40:00,355120,Lastarria,MODIS,0,0.00,1,sin anomalia,2026-10-05T14:24:05,mendoza
2026-09-08T12:30:00,355120,Lastarria,MODIS,0,0.00,1,sin anomalia,2026-10-05T14:24:05,mendoza
2026-09-08T17:36:01,355120,Lastarria,VIIRS375,0,0.00,1,sin anomalia,2026-10-05T14:24:05,mendoza
2026-09-08T18:18:02,355120,Lastarria,VIIRS375,0,0.00,1,sin anomalia,2026-10-05T14:24:05,mendoza
2026-09-08T18:18:02,355120,Lastarria,VIIRS750,0,0.00,1,sin anomalia,2026-10-05T14:24:05,mendoza
2026-09-08T18:54:00,355120,Lastarria,VIIRS375,0,0.00,1,sin anomalia,2026-10-05T14:24:05,mendoza
2026-09-08T18:54:00,355120,Lastarria,VIIRS750,0,0.00,1,sin anomalia,2026-10-05T14:24:05,mendoza
2026-09-08T19:12:01,355120,Lastarria,VIIRS375,0,0.00,1,sin anomalia,2026-10-05T14:24:05,mendoza
2026-09-08T19:12:01,355120,Lastarria,VIIRS750,0,0.00,1,sin anomalia,2026-10-05T14:24:05,mendoza
2026-09-08T20:45:00,355120,Lastarria,MODIS,0,0.00,1,sin anomalia,2026-10-05T14:24:05,mendoza
2026-09-09T04:48:01,355120,Lastarria,VIIRS375,0,0.00,1,sin anomalia,2026-10-05T14:24:05,mendoza
2026-09-09T04:48:01,355120,Lastarria,VIIRS750,0,0.00,1,sin anomalia,2026-10-05T14:24:05,mendoza
2026-09-09T05:36:02,355120,Lastarria,VIIRS375,0,0.00,1,sin anomalia,2026-10-05T14:24:05,mendoza
2026-09-09T05:36:02,355120,Lastarria,VIIRS750,0,0.00,1,sin anomalia,2026-10-05T14:24:05,mendoza
2026-09-09T06:30:01,355120,Lastarria,VIIRS375,0,0.00,1,sin anomalia,2026-10-05T14:24:05,mendoza
2026-09-09T06:30:01,355120,Lastarria,VIIRS750,0,0.00,1,sin anomalia,2026-10-05T14:24:05,mendoza
2026-09-09T07:40:00,355120,Lastarria,MODIS,0,0.00,1,sin anomalia,2026-10-05T14:24:05,mendoza
2026-09-09T13:10:00,355120,Lastarria,MODIS,0,0.00,1,sin anomalia,2026-10-05T14:24:05,mendoza
2026-09-09T18:54:01,355120,Lastarria,VIIRS375,0,0.00,1,sin anomalia,2026-10-05T14:24:05,mendoza
2026-09-09T18:54:01,355120,Lastarria,VIIRS750,0,0.00,1,sin anomalia,2026-10-05T14:24:05,mendoza
2026-09-09T19:45:00,355120,Lastarria,MODIS,0,0.00,1,sin anomalia,2026-10-05T14:24:05,mendoza
2026-09-10T01:15:00,355120,Lastarria,MODIS,0,0.00,1,sin anomalia,2026-10-05T14:24:05,mendoza
2026-09-10T05:12:02,355120,Lastarria,VIIRS375,0.99,24.38,0,fuera de radio,2026-10-05T14:24:05,mendoza
2026-09-10T05:12:02,355120,Lastarria,VIIRS750,0,0.00,1,sin anomalia,2026-10-05T14:24:05,mendoza
2026-09-10T05:48:00,355120,Lastarria,VIIRS375,0,0.00,1,sin anomalia,2026-10-05T14:24:05,mendoza
2026-09-10T05:48:00,355120,Lastarria,VIIRS750,0,0.00,1,sin anomalia,2026-10-05T14:24:05,mendoza
2026-09-10T06:12:01,355120,Lastarria,VIIRS375,0,0.00,1,sin anomalia,2026-10-05T14:24:05,mendoza
2026-09-10T06:12:01,355120,Lastarria,VIIRS750,0,0.00,1,sin anomalia,2026-10-05T14:24:05,mendoza
2026-09-10T08:20:00,355120,Lastarria,MODIS,0,0.00,1,sin anomalia,2026-10-05T14:24:05,mendoza
2026-09-10T12:10:00,355120,Lastarria,MODIS,0,0.00,1,sin anomalia,2026-10-05T14:24:05,mendoza
2026-09-10T17:42:02,355120,Lastarria,VIIRS375,0,0.00,1,sin anomalia,2026-10-05T14:24:05,mendoza
2026-09-10T17:42:02,355120,Lastarria,VIIRS750,0,0.00,1,sin anomalia,2026-10-05T14:24:05,mendoza
2026-09-10T18:18:00,355120,Lastarria,VIIRS375,0,0.00,1,sin anomalia,2026-10-05T14:24:05,mendoza
2026-09-10T18:18:00,355120,Lastarria,VIIRS750,0,0.00,1,sin anomalia,2026-10-05T14:24:05,mendoza
2026-09-10T18:36:01,355120,Lastarria,VIIRS375,0,0.00,1,sin anomalia,2026-10-05T14:24:05,mendoza
2026-09-10T18:36:01,355120,Lastarria,VIIRS750,0,0.00,1,sin anomalia,2026-10-05T14:24:05,mendoza
2026-09-10T20:25:00,355120,Lastarria,MODIS,0,0.00,1,sin anomalia,2026-10-05T14:24:05,mendoza
2026-09-11T01:55:00,355120,Lastarria,MODIS,0,0.00,1,sin anomalia,2026-10-05T14:24:05,mendoza
2026-09-11T04:54:02,355120,Lastarria,VIIRS375,0,0.00,1,sin anomalia,2026-10-05T14:24:05,mendoza
2026-09-11T04:54:02,355120,Lastarria,VIIRS750,0,0.00,1,sin anomalia,2026-10-05T14:24:05,mendoza
2026-09-11T05:30:00,355120,Lastarria,VIIRS375,0,0.00,1,sin anomalia,2026-10-05T14:24:05,mendoza
2026-09-11T05:30:00,355120,Lastarria,VIIRS750,0,0.00,1,sin anomalia,2026-10-05T14:24:05,mendoza
2026-09-11T05:54:01,355120,Lastarria,VIIRS375,0,0.00,1,sin anomalia,2026-10-05T14:24:05,mendoza
2026-09-11T05:54:01,355120,Lastarria,VIIRS750,0,0.00,1,sin anomalia,2026-10-05T14:24:05,mendoza
2026-09-11T06:36:02,355120,Lastarria,VIIRS375,0,0.00,1,sin anomalia,2026-10-05T14:24:05,mendoza
2026-09-11T06:36:02,355120,Lastarria,VIIRS750,0,0.00,1,sin anomalia,2026-10-05T14:24:05,mendoza
2026-09-11T07:20:00,355120,Lastarria,MODIS,0,0.00,1,sin anomalia,2026-10-05T14:24:05,mendoza
2026-09-11T12:50:00,355120,Lastarria,MODIS,0,0.00,1,sin anomalia,2026-10-05T14:24:05,mendoza
2026-09-11T17:24:02,355120,Lastarria,VIIRS375,0,0.00,1,sin anomalia,2026-10-05T14:24:05,mendoza
2026-09-11T17:24:02,355120,Lastarria,VIIRS750,0,0.00,1,sin anomalia,2026-10-05T14:24:05,mendoza
2026-09-11T18:00:00,355120,Lastarria,VIIRS375,0,0.00,1,sin anomalia,2026-10-05T14:24:05,mendoza
2026-09-11T18:00:00,355120,Lastarria,VIIRS750,0,0.00,1,sin anomalia,2026-10-05T14:24:05,mendoza
2026-09-11T18:18:01,355120,Lastarria,VIIRS750,0,0.00,1,sin anomalia,2026-10-05T14:24:05,mendoza
2026-09-11T19:00:02,355120,Lastarria,VIIRS375,0,0.00,1,sin anomalia,2026-10-05T14:24:05,mendoza
2026-09-11T19:00:02,355120,Lastarria,VIIRS750,0,0.00,1,sin anomalia,2026-10-05T14:24:05,mendoza
2026-09-11T21:00:00,355120,Lastarria,MODIS,0,0.00,1,sin anomalia,2026-10-05T14:24:05,mendoza
2026-09-12T00:55:00,355120,Lastarria,MODIS,0,0.00,1,sin anomalia,2026-10-05T14:24:05,mendoza
2026-09-12T05:30:01,355120,Lastarria,VIIRS375,0,0.00,1,sin anomalia,2026-10-05T14:24:05,mendoza
2026-09-12T05:30:01,355120,Lastarria,VIIRS750,0,0.00,1,sin anomalia,2026-10-05T14:24:05,mendoza
2026-09-12T06:18:02,355120,Lastarria,VIIRS375,0,0.00,1,sin anomalia,2026-10-05T14:24:05,mendoza
2026-09-12T06:18:02,355120,Lastarria,VIIRS750,0,0.00,1,sin anomalia,2026-10-05T14:24:05,mendoza
2026-09-12T06:54:00,355120,Lastarria,VIIRS375,0,0.00,1,sin anomalia,2026-10-05T14:24:05,mendoza
2026-09-12T06:54:00,355120,Lastarria,VIIRS750,0,0.00,1,sin anomalia,2026-10-05T14:24:05,mendoza
2026-09-12T07:55:00,355120,Lastarria,MODIS,0,0.00,1,sin anomalia,2026-10-05T14:24:05,mendoza
2026-09-12T13:30:00,355120,Lastarria,MODIS,0,0.00,1,sin anomalia,2026-10-05T14:24:05,mendoza
2026-09-12T18:00:01,355120,Lastarria,VIIRS375,0,0.00,1,sin anomalia,2026-10-05T14:24:05,mendoza
2026-09-12T18:00:01,355120,Lastarria,VIIRS750,0,0.00,1,sin anomalia,2026-10-05T14:24:05,mendoza
2026-09-12T18:42:02,355120,Lastarria,VIIRS375,0,0.00,1,sin anomalia,2026-10-05T14:24:05,mendoza
2026-09-12T18:42:02,355120,Lastarria,VIIRS750,0,0.00,1,sin anomalia,2026-10-05T14:24:05,mendoza
2026-09-12T19:18:00,355120,Lastarria,VIIRS375,0,0.00,1,sin anomalia,2026-10-05T14:24:05,mendoza
2026-09-12T19:18:00,355120,Lastarria,VIIRS750,0,0.00,1,sin anomalia,2026-10-05T14:24:05,mendoza
2026-09-12T20:00:00,355120,Lastarria,MODIS,0,0.00,1,sin anomalia,2026-10-05T14:24:05,mendoza
2026-09-13T01:35:00,355120,Lastarria,MODIS,0,0.00,1,sin anomalia,2026-10-05T14:24:05,mendoza
2026-09-13T04:54:00,355120,Lastarria,VIIRS750,0,0.00,1,sin anomalia,2026-10-05T14:24:05,mendoza
2026-09-13T05:12:01,355120,Lastarria,VIIRS375,0,0.00,1,sin anomalia,2026-10-05T14:24:05,mendoza
2026-09-13T05:12:01,355120,Lastarria,VIIRS750,0,0.00,1,sin anomalia,2026-10-05T14:24:05,mendoza
2026-09-13T06:00:02,355120,Lastarria,VIIRS375,0.04,1.19,1,muy baja,2026-10-05T14:24:05,mendoza
2026-09-13T06:00:02,355120,Lastarria,VIIRS750,0,0.00,1,sin anomalia,2026-10-05T14:24:05,mendoza
2026-09-13T06:36:00,355120,Lastarria,VIIRS375,0.04,1.55,1,muy baja,2026-10-05T14:24:05,mendoza
2026-09-13T06:36:00,355120,Lastarria,VIIRS750,0,0.00,1,sin anomalia,2026-10-05T14:24:05,mendoza
2026-09-13T08:35:00,355120,Lastarria,MODIS,0,0.00,1,sin anomalia,2026-10-05T14:24:05,mendoza
2026-09-13T12:30:00,355120,Lastarria,MODIS,0,0.00,1,sin anomalia,2026-10-05T14:24:05,mendoza
2026-09-13T17:42:01,355120,Lastarria,VIIRS375,0,0.00,1,sin anomalia,2026-10-05T14:24:05,mendoza
2026-09-13T17:42:01,355120,Lastarria,VIIRS750,0,0.00,1,sin anomalia,2026-10-05T14:24:05,mendoza
2026-09-13T18:24:02,355120,Lastarria,VIIRS375,0,0.00,1,sin anomalia,2026-10-05T14:24:05,mendoza
2026-09-13T18:24:02,355120,Lastarria,VIIRS750,0,0.00,1,sin anomalia,2026-10-05T14:24:05,mendoza
2026-09-13T19:18:01,355120,Lastarria,VIIRS375,0,0.00,1,sin anomalia,2026-10-05T14:24:05,mendoza
2026-09-13T19:18:01,355120,Lastarria,VIIRS750,0,0.00,1,sin anomalia,2026-10-05T14:24:05,mendoza
2026-09-13T20:40:00,355120,Lastarria,MODIS,0,0.00,1,sin anomalia,2026-10-05T14:24:05,mendoza
2026-09-14T02:15:00,355120,Lastarria,MODIS,0,0.00,1,sin anomalia,2026-10-05T14:24:05,mendoza
2026-09-14T04:54:01,355120,Lastarria,VIIRS375,0,0.00,1,sin anomalia,2026-10-05T14:24:05,mendoza
2026-09-14T04:54:01,355120,Lastarria,VIIRS750,0,0.00,1,sin anomalia,2026-10-05T14:24:05,mendoza
2026-09-14T05:42:02,355120,Lastarria,VIIRS375,0,0.00,1,sin anomalia,2026-10-05T14:24:05,mendoza
2026-09-14T05:42:02,355120,Lastarria,VIIRS750,0,0.00,1,sin anomalia,2026-10-05T14:24:05,mendoza
2026-09-14T06:36:01,355120,Lastarria,VIIRS375,0,0.00,1,sin anomalia,2026-10-05T14:24:05,mendoza
2026-09-14T06:36:01,355120,Lastarria,VIIRS750,0,0.00,1,sin anomalia,2026-10-05T14:24:05,mendoza
2026-09-14T07:35:00,355120,Lastarria,MODIS,0,0.00,1,sin anomalia,2026-10-05T14:24:05,mendoza
2026-09-14T13:10:00,355120,Lastarria,MODIS,0,0.00,1,sin anomalia,2026-10-05T14:24:05,mendoza
2026-09-14T17:24:01,355120,Lastarria,VIIRS375,0,0.00,1,sin anomalia,2026-10-05T14:24:05,mendoza
2026-09-14T17:24:01,355120,Lastarria,VIIRS750,0,0.00,1,sin anomalia,2026-10-05T14:24:05,mendoza
2026-09-14T19:00:01,355120,Lastarria,VIIRS375,0,0.00,1,sin anomalia,2026-10-05T14:24:05,mendoza
2026-09-14T19:00:01,355120,Lastarria,VIIRS750,0,0.00,1,sin anomalia,2026-10-05T14:24:05,mendoza
2026-09-15T01:15:00,355120,Lastarria,MODIS,0,0.00,1,sin anomalia,2026-10-05T14:24:05,mendoza
2026-09-15T05:18:02,355120,Lastarria,VIIRS375,0,0.00,1,sin anomalia,2026-10-05T14:24:05,mendoza
2026-09-15T05:18:02,355120,Lastarria,VIIRS750,0,0.00,1,sin anomalia,2026-10-05T14:24:05,mendoza
2026-09-15T06:18:01,355120,Lastarria,VIIRS375,0.03,1.19,1,muy baja,2026-10-05T14:24:05,mendoza
2026-09-15T06:18:01,355120,Lastarria,VIIRS750,0,0.00,1,sin anomalia,2026-10-05T14:24:05,mendoza
2026-09-15T08:10:00,355120,Lastarria,MODIS,0,0.00,1,sin anomalia,2026-10-05T14:24:05,mendoza
2026-09-15T12:10:00,355120,Lastarria,MODIS,0,0.00,1,sin anomalia,2026-10-05T14:24:05,mendoza
2026-09-15T18:42:01,355120,Lastarria,VIIRS375,0,0.00,1,sin anomalia,2026-10-05T14:24:05,mendoza
2026-09-15T18:42:01,355120,Lastarria,VIIRS750,0,0.00,1,sin anomalia,2026-10-05T14:24:05,mendoza
2026-09-15T20:15:00,355120,Lastarria,MODIS,0,0.00,1,sin anomalia,2026-10-05T14:24:05,mendoza
2026-09-16T01:55:00,355120,Lastarria,MODIS,0,0.00,1,sin anomalia,2026-10-05T14:24:05,mendoza
2026-09-16T05:00:02,355120,Lastarria,VIIRS375,0,0.00,1,sin anomalia,2026-10-05T14:24:05,mendoza
2026-09-16T05:00:02,355120,Lastarria,VIIRS750,1.48,26.42,0,fuera de radio,2026-10-05T14:24:05,mendoza
2026-09-16T06:00:01,355120,Lastarria,VIIRS375,0,0.00,1,sin anomalia,2026-10-05T14:24:05,mendoza
2026-09-16T06:00:01,355120,Lastarria,VIIRS750,0,0.00,1,sin anomalia,2026-10-05T14:24:05,mendoza
2026-09-16T07:10:00,355120,Lastarria,MODIS,0,0.00,1,sin anomalia,2026-10-05T14:24:05,mendoza
2026-09-16T12:50:00,355120,Lastarria,MODIS,0,0.00,1,sin anomalia,2026-10-05T14:24:05,mendoza
2026-09-16T17:30:02,355120,Lastarria,VIIRS375,0,0.00,1,sin anomalia,2026-10-05T14:24:05,mendoza
2026-09-16T17:30:02,355120,Lastarria,VIIRS750,0,0.00,1,sin anomalia,2026-10-05T14:24:05,mendoza
2026-09-16T18:06:00,355120,Lastarria,VIIRS375,0,0.00,1,sin anomalia,2026-10-05T14:24:05,mendoza
2026-09-16T18:06:00,355120,Lastarria,VIIRS750,0,0.00,1,sin anomalia,2026-10-05T14:24:05,mendoza
2026-09-16T19:06:02,355120,Lastarria,VIIRS375,0,0.00,1,sin anomalia,2026-10-05T14:24:05,mendoza
2026-09-16T19:06:02,355120,Lastarria,VIIRS750,0,0.00,1,sin anomalia,2026-10-05T14:24:05,mendoza
2026-09-16T20:55:00,355120,Lastarria,MODIS,0,0.00,1,sin anomalia,2026-10-05T14:24:05,mendoza
2026-09-17T00:55:00,355120,Lastarria,MODIS,0,0.00,1,sin anomalia,2026-10-05T14:24:05,mendoza
2026-09-17T04:42:02,355120,Lastarria,VIIRS375,0,0.00,1,sin anomalia,2026-10-05T14:24:05,mendoza
2026-09-17T04:42:02,355120,Lastarria,VIIRS750,0,0.00,1,sin anomalia,2026-10-05T14:24:05,mendoza
2026-09-17T05:36:01,355120,Lastarria,VIIRS375,0,0.00,1,sin anomalia,2026-10-05T14:24:05,mendoza
2026-09-17T05:36:01,355120,Lastarria,VIIRS750,0,0.00,1,sin anomalia,2026-10-05T14:24:05,mendoza
2026-09-17T06:24:02,355120,Lastarria,VIIRS375,0.8,8.79,0,fuera de radio,2026-10-05T14:24:05,mendoza
2026-09-17T06:24:02,355120,Lastarria,VIIRS750,0,0.00,1,sin anomalia,2026-10-05T14:24:05,mendoza
2026-09-17T07:50:00,355120,Lastarria,MODIS,0,0.00,1,sin anomalia,2026-10-05T14:24:05,mendoza
2026-09-17T13:30:00,355120,Lastarria,MODIS,0,0.00,1,sin anomalia,2026-10-05T14:24:05,mendoza
2026-09-17T17:48:00,355120,Lastarria,VIIRS375,0,0.00,1,sin anomalia,2026-10-05T14:24:05,mendoza
2026-09-17T17:48:00,355120,Lastarria,VIIRS750,0,0.00,1,sin anomalia,2026-10-05T14:24:05,mendoza
2026-09-17T18:06:01,355120,Lastarria,VIIRS750,0,0.00,1,sin anomalia,2026-10-05T14:24:05,mendoza
2026-09-17T18:48:02,355120,Lastarria,VIIRS375,4.97,16.88,0,fuera de radio,2026-10-05T14:24:05,mendoza
2026-09-17T18:48:02,355120,Lastarria,VIIRS750,0,0.00,1,sin anomalia,2026-10-05T14:24:05,mendoza
2026-09-17T19:24:00,355120,Lastarria,VIIRS375,0,0.00,1,sin anomalia,2026-10-05T14:24:05,mendoza
2026-09-17T19:24:00,355120,Lastarria,VIIRS750,0,0.00,1,sin anomalia,2026-10-05T14:24:05,mendoza
2026-09-17T19:55:00,355120,Lastarria,MODIS,0,0.00,1,sin anomalia,2026-10-05T14:24:05,mendoza
2026-09-18T01:35:00,355120,Lastarria,MODIS,0,0.00,1,sin anomalia,2026-10-05T14:24:05,mendoza
2026-09-18T05:18:01,355120,Lastarria,VIIRS375,0,0.00,1,sin anomalia,2026-10-05T14:24:05,mendoza
2026-09-18T05:18:01,355120,Lastarria,VIIRS750,0,0.00,1,sin anomalia,2026-10-05T14:24:05,mendoza
2026-09-18T06:06:02,355120,Lastarria,VIIRS375,0,0.00,1,sin anomalia,2026-10-05T14:24:05,mendoza
2026-09-18T06:06:02,355120,Lastarria,VIIRS750,0,0.00,1,sin anomalia,2026-10-05T14:24:05,mendoza
2026-09-18T06:42:00,355120,Lastarria,VIIRS375,0,0.00,1,sin anomalia,2026-10-05T14:24:05,mendoza
2026-09-18T06:42:00,355120,Lastarria,VIIRS750,0,0.00,1,sin anomalia,2026-10-05T14:24:05,mendoza
2026-09-18T08:25:00,355120,Lastarria,MODIS,0,0.00,1,sin anomalia,2026-10-05T14:24:05,mendoza
2026-09-18T12:30:00,355120,Lastarria,MODIS,0,0.00,1,sin anomalia,2026-10-05T14:24:05,mendoza
2026-09-18T17:48:01,355120,Lastarria,VIIRS375,0,0.00,1,sin anomalia,2026-10-05T14:24:05,mendoza
2026-09-18T17:48:01,355120,Lastarria,VIIRS750,0,0.00,1,sin anomalia,2026-10-05T14:24:05,mendoza
2026-09-18T18:30:02,355120,Lastarria,VIIRS375,0,0.00,1,sin anomalia,2026-10-05T14:24:05,mendoza
2026-09-18T18:30:02,355120,Lastarria,VIIRS750,0,0.00,1,sin anomalia,2026-10-05T14:24:05,mendoza
2026-09-18T19:06:00,355120,Lastarria,VIIRS375,0,0.00,1,sin anomalia,2026-10-05T14:24:05,mendoza
2026-09-18T19:06:00,355120,Lastarria,VIIRS750,0,0.00,1,sin anomalia,2026-10-05T14:24:05,mendoza
2026-09-18T20:35:00,355120,Lastarria,MODIS,0,0.00,1,sin anomalia,2026-10-05T14:24:05,mendoza
2026-09-19T02:10:00,355120,Lastarria,MODIS,0,0.00,1,sin anomalia,2026-10-05T14:24:05,mendoza
2026-09-19T05:00:01,355120,Lastarria,VIIRS375,0,0.00,1,sin anomalia,2026-10-05T14:24:05,mendoza
2026-09-19T05:00:01,355120,Lastarria,VIIRS750,0,0.00,1,sin anomalia,2026-10-05T14:24:05,mendoza
2026-09-19T05:48:02,355120,Lastarria,VIIRS375,0,0.00,1,sin anomalia,2026-10-05T14:24:05,mendoza
2026-09-19T05:48:02,355120,Lastarria,VIIRS750,0,0.00,1,sin anomalia,2026-10-05T14:24:05,mendoza
2026-09-19T06:42:01,355120,Lastarria,VIIRS375,0,0.00,1,sin anomalia,2026-10-05T14:24:05,mendoza
2026-09-19T06:42:01,355120,Lastarria,VIIRS750,0,0.00,1,sin anomalia,2026-10-05T14:24:05,mendoza
2026-09-19T07:30:00,355120,Lastarria,MODIS,0,0.00,1,sin anomalia,2026-10-05T14:24:05,mendoza
2026-09-19T13:05:00,355120,Lastarria,MODIS,0,0.00,1,sin anomalia,2026-10-05T14:24:05,mendoza
2026-09-19T19:06:01,355120,Lastarria,VIIRS375,0,0.00,1,sin anomalia,2026-10-05T14:24:05,mendoza
2026-09-19T19:06:01,355120,Lastarria,VIIRS750,0,0.00,1,sin anomalia,2026-10-05T14:24:05,mendoza
2026-09-19T21:10:00,355120,Lastarria,MODIS,0,0.00,1,sin anomalia,2026-10-05T14:24:05,mendoza
2026-09-20T01:15:00,355120,Lastarria,MODIS,0,0.00,1,sin anomalia,2026-10-05T14:24:05,mendoza
2026-09-20T04:42:01,355120,Lastarria,VIIRS375,0,0.00,1,sin anomalia,2026-10-05T14:24:05,mendoza
2026-09-20T04:42:01,355120,Lastarria,VIIRS750,0,0.00,1,sin anomalia,2026-10-05T14:24:05,mendoza
2026-09-20T05:24:02,355120,Lastarria,VIIRS375,0,0.00,1,sin anomalia,2026-10-05T14:24:05,mendoza
2026-09-20T05:24:02,355120,Lastarria,VIIRS750,0,0.00,1,sin anomalia,2026-10-05T14:24:05,mendoza
2026-09-20T06:06:00,355120,Lastarria,VIIRS750,0,0.00,1,sin anomalia,2026-10-05T14:24:05,mendoza
2026-09-20T06:24:01,355120,Lastarria,VIIRS375,0,0.00,1,sin anomalia,2026-10-05T14:24:05,mendoza
2026-09-20T06:24:01,355120,Lastarria,VIIRS750,0,0.00,1,sin anomalia,2026-10-05T14:24:05,mendoza
2026-09-20T08:05:00,355120,Lastarria,MODIS,0,0.00,1,sin anomalia,2026-10-05T14:24:05,mendoza
2026-09-20T12:10:00,355120,Lastarria,MODIS,0,0.00,1,sin anomalia,2026-10-05T14:24:05,mendoza
2026-09-20T18:48:01,355120,Lastarria,VIIRS375,0,0.00,1,sin anomalia,2026-10-05T14:24:05,mendoza
2026-09-20T18:48:01,355120,Lastarria,VIIRS750,0,0.00,1,sin anomalia,2026-10-05T14:24:05,mendoza
2026-09-20T20:10:00,355120,Lastarria,MODIS,0,0.00,1,sin anomalia,2026-10-05T14:24:05,mendoza
2026-09-21T01:50:00,355120,Lastarria,MODIS,0,0.00,1,sin anomalia,2026-10-05T14:24:05,mendoza
2026-09-21T05:06:02,355120,Lastarria,VIIRS375,0,0.00,1,sin anomalia,2026-10-05T14:24:05,mendoza
2026-09-21T05:06:02,355120,Lastarria,VIIRS750,0,0.00,1,sin anomalia,2026-10-05T14:24:05,mendoza
2026-09-21T05:42:00,355120,Lastarria,VIIRS750,0,0.00,1,sin anomalia,2026-10-05T14:24:05,mendoza
2026-09-21T06:06:01,355120,Lastarria,VIIRS375,0.05,1.35,1,muy baja,2026-10-05T14:24:05,mendoza
2026-09-21T06:06:01,355120,Lastarria,VIIRS750,0,0.00,1,sin anomalia,2026-10-05T14:24:05,mendoza
2026-09-21T08:45:00,355120,Lastarria,MODIS,0,0.00,1,sin anomalia,2026-10-05T14:24:05,mendoza
2026-09-21T12:45:00,355120,Lastarria,MODIS,0,0.00,1,sin anomalia,2026-10-05T14:24:05,mendoza
2026-09-21T17:36:02,355120,Lastarria,VIIRS375,0,0.00,1,sin anomalia,2026-10-05T14:24:05,mendoza
2026-09-21T17:36:02,355120,Lastarria,VIIRS750,0,0.00,1,sin anomalia,2026-10-05T14:24:05,mendoza
2026-09-21T18:12:00,355120,Lastarria,VIIRS375,2.45,23.84,0,fuera de radio,2026-10-05T14:24:05,mendoza
2026-09-21T18:12:00,355120,Lastarria,VIIRS750,0,0.00,1,sin anomalia,2026-10-05T14:24:05,mendoza
2026-09-21T18:30:01,355120,Lastarria,VIIRS375,0,0.00,1,sin anomalia,2026-10-05T14:24:05,mendoza
2026-09-21T18:30:01,355120,Lastarria,VIIRS750,0,0.00,1,sin anomalia,2026-10-05T14:24:05,mendoza
2026-09-21T20:50:00,355120,Lastarria,MODIS,0,0.00,1,sin anomalia,2026-10-05T14:24:05,mendoza
2026-09-22T00:55:00,355120,Lastarria,MODIS,0,0.00,1,sin anomalia,2026-10-05T14:24:05,mendoza
2026-09-22T04:48:02,355120,Lastarria,VIIRS375,0,0.00,1,sin anomalia,2026-10-05T14:24:05,mendoza
2026-09-22T05:48:01,355120,Lastarria,VIIRS375,0,0.00,1,sin anomalia,2026-10-05T14:24:05,mendoza
2026-09-22T05:48:01,355120,Lastarria,VIIRS750,0,0.00,1,sin anomalia,2026-10-05T14:24:05,mendoza
2026-09-22T06:30:02,355120,Lastarria,VIIRS375,0,0.00,1,sin anomalia,2026-10-05T14:24:05,mendoza
2026-09-22T07:45:00,355120,Lastarria,MODIS,0,0.00,1,sin anomalia,2026-10-05T14:24:05,mendoza
2026-09-22T13:25:00,355120,Lastarria,MODIS,0,0.00,1,sin anomalia,2026-10-05T14:24:05,mendoza
2026-09-22T17:18:02,355120,Lastarria,VIIRS375,0,0.00,1,sin anomalia,2026-10-05T14:24:05,mendoza
2026-09-22T17:18:02,355120,Lastarria,VIIRS750,0,0.00,1,sin anomalia,2026-10-05T14:24:05,mendoza
2026-09-22T18:12:01,355120,Lastarria,VIIRS375,0,0.00,1,sin anomalia,2026-10-05T14:24:05,mendoza
2026-09-22T18:12:01,355120,Lastarria,VIIRS750,0,0.00,1,sin anomalia,2026-10-05T14:24:05,mendoza
2026-09-22T18:54:02,355120,Lastarria,VIIRS375,0,0.00,1,sin anomalia,2026-10-05T14:24:05,mendoza
2026-09-22T18:54:02,355120,Lastarria,VIIRS750,0,0.00,1,sin anomalia,2026-10-05T14:24:05,mendoza
2026-09-22T19:50:00,355120,Lastarria,MODIS,0,0.00,1,sin anomalia,2026-10-05T14:24:05,mendoza
2026-09-23T01:30:00,355120,Lastarria,MODIS,0,0.00,1,sin anomalia,2026-10-05T14:24:05,mendoza
2026-09-23T05:24:01,355120,Lastarria,VIIRS375,0,0.00,1,sin anomalia,2026-10-05T14:24:05,mendoza
2026-09-23T05:24:01,355120,Lastarria,VIIRS750,0,0.00,1,sin anomalia,2026-10-05T14:24:05,mendoza
2026-09-23T06:12:02,355120,Lastarria,VIIRS375,0,0.00,1,sin anomalia,2026-10-05T14:24:05,mendoza
2026-09-23T06:12:02,355120,Lastarria,VIIRS750,0,0.00,1,sin anomalia,2026-10-05T14:24:05,mendoza
2026-09-23T06:48:00,355120,Lastarria,VIIRS375,0.03,2.25,1,muy baja,2026-10-05T14:24:05,mendoza
2026-09-23T06:48:00,355120,Lastarria,VIIRS750,0,0.00,1,sin anomalia,2026-10-05T14:24:05,mendoza
2026-09-23T08:20:00,355120,Lastarria,MODIS,0,0.00,1,sin anomalia,2026-10-05T14:24:05,mendoza
2026-09-23T12:25:00,355120,Lastarria,MODIS,0,0.00,1,sin anomalia,2026-10-05T14:24:05,mendoza
2026-09-23T17:36:00,355120,Lastarria,VIIRS375,0,0.00,1,sin anomalia,2026-10-05T14:24:05,mendoza
2026-09-23T17:36:00,355120,Lastarria,VIIRS750,0,0.00,1,sin anomalia,2026-10-05T14:24:05,mendoza
2026-09-23T17:54:01,355120,Lastarria,VIIRS375,0,0.00,1,sin anomalia,2026-10-05T14:24:05,mendoza
2026-09-23T17:54:01,355120,Lastarria,VIIRS750,0,0.00,1,sin anomalia,2026-10-05T14:24:05,mendoza
2026-09-23T18:36:02,355120,Lastarria,VIIRS375,0,0.00,1,sin anomalia,2026-10-05T14:24:05,mendoza
2026-09-23T18:36:02,355120,Lastarria,VIIRS750,0,0.00,1,sin anomalia,2026-10-05T14:24:05,mendoza
2026-09-23T19:12:00,355120,Lastarria,VIIRS375,0,0.00,1,sin anomalia,2026-10-05T14:24:05,mendoza
2026-09-23T19:12:00,355120,Lastarria,VIIRS750,0,0.00,1,sin anomalia,2026-10-05T14:24:05,mendoza
2026-09-23T20:25:00,355120,Lastarria,MODIS,0,0.00,1,sin anomalia,2026-10-05T14:24:05,mendoza
2026-09-24T02:10:00,355120,Lastarria,MODIS,0,0.00,1,sin anomalia,2026-10-05T14:24:05,mendoza
2026-09-24T04:48:00,355120,Lastarria,VIIRS375,0,0.00,1,sin anomalia,2026-10-05T14:24:05,mendoza
2026-09-24T05:06:01,355120,Lastarria,VIIRS375,0,0.00,1,sin anomalia,2026-10-05T14:24:05,mendoza
2026-09-24T05:06:01,355120,Lastarria,VIIRS750,0,0.00,1,sin anomalia,2026-10-05T14:24:05,mendoza
2026-09-24T05:54:02,355120,Lastarria,VIIRS375,0.12,2.40,1,muy baja,2026-10-05T14:24:05,mendoza
2026-09-24T05:54:02,355120,Lastarria,VIIRS750,0,0.00,1,sin anomalia,2026-10-05T14:24:05,mendoza
2026-09-24T06:30:00,355120,Lastarria,VIIRS375,0.07,1.55,1,muy baja,2026-10-05T14:24:05,mendoza
2026-09-24T06:30:00,355120,Lastarria,VIIRS750,0,0.00,1,sin anomalia,2026-10-05T14:24:05,mendoza
2026-09-24T07:20:00,355120,Lastarria,MODIS,0,0.00,1,sin anomalia,2026-10-05T14:24:05,mendoza
2026-09-24T13:05:00,355120,Lastarria,MODIS,0,0.00,1,sin anomalia,2026-10-05T14:24:05,mendoza
2026-09-24T17:36:01,355120,Lastarria,VIIRS375,0,0.00,1,sin anomalia,2026-10-05T14:24:05,mendoza
2026-09-24T17:36:01,355120,Lastarria,VIIRS750,0,0.00,1,sin anomalia,2026-10-05T14:24:05,mendoza
2026-09-24T18:18:02,355120,Lastarria,VIIRS375,0,0.00,1,sin anomalia,2026-10-05T14:24:05,mendoza
2026-09-24T18:18:02,355120,Lastarria,VIIRS750,0,0.00,1,sin anomalia,2026-10-05T14:24:05,mendoza
2026-09-24T18:54:00,355120,Lastarria,VIIRS375,0,0.00,1,sin anomalia,2026-10-05T14:24:05,mendoza
2026-09-24T18:54:00,355120,Lastarria,VIIRS750,0,0.00,1,sin anomalia,2026-10-05T14:24:05,mendoza
2026-09-24T19:12:01,355120,Lastarria,VIIRS375,0,0.00,1,sin anomalia,2026-10-05T14:24:05,mendoza
2026-09-24T19:12:01,355120,Lastarria,VIIRS750,0,0.00,1,sin anomalia,2026-10-05T14:24:05,mendoza
2026-09-24T21:05:00,355120,Lastarria,MODIS,0,0.00,1,sin anomalia,2026-10-05T14:24:05,mendoza
2026-09-25T01:10:00,355120,Lastarria,MODIS,0,0.00,1,sin anomalia,2026-10-05T14:24:05,mendoza
2026-09-25T04:48:01,355120,Lastarria,VIIRS375,0,0.00,1,sin anomalia,2026-10-05T14:24:05,mendoza
2026-09-25T04:48:01,355120,Lastarria,VIIRS750,0,0.00,1,sin anomalia,2026-10-05T14:24:05,mendoza
2026-09-25T05:36:02,355120,Lastarria,VIIRS375,0,0.00,1,sin anomalia,2026-10-05T14:24:05,mendoza
2026-09-25T05:36:02,355120,Lastarria,VIIRS750,0,0.00,1,sin anomalia,2026-10-05T14:24:05,mendoza
2026-09-25T06:30:01,355120,Lastarria,VIIRS375,0.1,1.91,1,muy baja,2026-10-05T14:24:05,mendoza
2026-09-25T06:30:01,355120,Lastarria,VIIRS750,0,0.00,1,sin anomalia,2026-10-05T14:24:05,mendoza
2026-09-25T08:00:00,355120,Lastarria,MODIS,0,0.00,1,sin anomalia,2026-10-05T14:24:05,mendoza
2026-09-25T18:00:02,355120,Lastarria,VIIRS375,0,0.00,1,sin anomalia,2026-10-05T14:24:05,mendoza
2026-09-25T18:00:02,355120,Lastarria,VIIRS750,0,0.00,1,sin anomalia,2026-10-05T14:24:05,mendoza
2026-09-25T18:54:01,355120,Lastarria,VIIRS375,0,0.00,1,sin anomalia,2026-10-05T14:24:05,mendoza
2026-09-25T18:54:01,355120,Lastarria,VIIRS750,0,0.00,1,sin anomalia,2026-10-05T14:24:05,mendoza
2026-09-25T20:05:00,355120,Lastarria,MODIS,0,0.00,1,sin anomalia,2026-10-05T14:24:05,mendoza
2026-09-26T01:50:00,355120,Lastarria,MODIS,0,0.00,1,sin anomalia,2026-10-05T14:24:05,mendoza
2026-09-26T05:12:02,355120,Lastarria,VIIRS375,0,0.00,1,sin anomalia,2026-10-05T14:24:05,mendoza
2026-09-26T05:12:02,355120,Lastarria,VIIRS750,0,0.00,1,sin anomalia,2026-10-05T14:24:05,mendoza
2026-09-26T05:48:00,355120,Lastarria,VIIRS375,0.32,2.40,1,muy baja,2026-10-05T14:24:05,mendoza
2026-09-26T05:48:00,355120,Lastarria,VIIRS750,0,0.00,1,sin anomalia,2026-10-05T14:24:05,mendoza
2026-09-26T06:12:01,355120,Lastarria,VIIRS375,0.05,1.19,1,muy baja,2026-10-05T14:24:05,mendoza
2026-09-26T06:12:01,355120,Lastarria,VIIRS750,0,0.00,1,sin anomalia,2026-10-05T14:24:05,mendoza
2026-09-26T08:35:00,355120,Lastarria,MODIS,0,0.00,1,sin anomalia,2026-10-05T14:24:05,mendoza
2026-09-26T12:45:00,355120,Lastarria,MODIS,0,0.00,1,sin anomalia,2026-10-05T14:24:05,mendoza
2026-09-26T17:42:02,355120,Lastarria,VIIRS375,0,0.00,1,sin anomalia,2026-10-05T14:24:05,mendoza
2026-09-26T17:42:02,355120,Lastarria,VIIRS750,0,0.00,1,sin anomalia,2026-10-05T14:24:05,mendoza
2026-09-26T18:18:00,355120,Lastarria,VIIRS375,0,0.00,1,sin anomalia,2026-10-05T14:24:05,mendoza
2026-09-26T18:18:00,355120,Lastarria,VIIRS750,0,0.00,1,sin anomalia,2026-10-05T14:24:05,mendoza
2026-09-26T18:36:01,355120,Lastarria,VIIRS375,0,0.00,1,sin anomalia,2026-10-05T14:24:05,mendoza
2026-09-26T18:36:01,355120,Lastarria,VIIRS750,0,0.00,1,sin anomalia,2026-10-05T14:24:05,mendoza
2026-09-26T20:40:00,355120,Lastarria,MODIS,0,0.00,1,sin anomalia,2026-10-05T14:24:05,mendoza
2026-09-27T00:50:00,355120,Lastarria,MODIS,0,0.00,1,sin anomalia,2026-10-05T14:24:05,mendoza
2026-09-27T04:54:02,355120,Lastarria,VIIRS375,0,0.00,1,sin anomalia,2026-10-05T14:24:05,mendoza
2026-09-27T04:54:02,355120,Lastarria,VIIRS750,0,0.00,1,sin anomalia,2026-10-05T14:24:05,mendoza
2026-09-27T05:54:01,355120,Lastarria,VIIRS375,0.05,2.40,1,muy baja,2026-10-05T14:24:05,mendoza
2026-09-27T05:54:01,355120,Lastarria,VIIRS750,0,0.00,1,sin anomalia,2026-10-05T14:24:05,mendoza
2026-09-27T06:36:02,355120,Lastarria,VIIRS375,0.05,1.19,1,muy baja,2026-10-05T14:24:05,mendoza
2026-09-27T06:36:02,355120,Lastarria,VIIRS750,0,0.00,1,sin anomalia,2026-10-05T14:24:05,mendoza
2026-09-27T07:35:00,355120,Lastarria,MODIS,0,0.00,1,sin anomalia,2026-10-05T14:24:05,mendoza
2026-09-27T13:25:00,355120,Lastarria,MODIS,0,0.00,1,sin anomalia,2026-10-05T14:24:05,mendoza
2026-09-27T17:24:02,355120,Lastarria,VIIRS375,0,0.00,1,sin anomalia,2026-10-05T14:24:05,mendoza
2026-09-27T17:24:02,355120,Lastarria,VIIRS750,0,0.00,1,sin anomalia,2026-10-05T14:24:05,mendoza
2026-09-27T18:00:00,355120,Lastarria,VIIRS375,0,0.00,1,sin anomalia,2026-10-05T14:24:05,mendoza
2026-09-27T18:00:00,355120,Lastarria,VIIRS750,0,0.00,1,sin anomalia,2026-10-05T14:24:05,mendoza
2026-09-27T18:18:01,355120,Lastarria,VIIRS375,0,0.00,1,sin anomalia,2026-10-05T14:24:05,mendoza
2026-09-27T18:18:01,355120,Lastarria,VIIRS750,0,0.00,1,sin anomalia,2026-10-05T14:24:05,mendoza
2026-09-27T19:00:02,355120,Lastarria,VIIRS375,0,0.00,1,sin anomalia,2026-10-05T14:24:05,mendoza
2026-09-27T19:00:02,355120,Lastarria,VIIRS750,0,0.00,1,sin anomalia,2026-10-05T14:24:05,mendoza
2026-09-28T01:30:00,355120,Lastarria,MODIS,0,0.00,1,sin anomalia,2026-10-05T14:24:05,mendoza
2026-09-28T05:30:01,355120,Lastarria,VIIRS375,0,0.00,1,sin anomalia,2026-10-05T14:24:05,mendoza
2026-09-28T05:30:01,355120,Lastarria,VIIRS750,0,0.00,1,sin anomalia,2026-10-05T14:24:05,mendoza
2026-09-28T06:18:02,355120,Lastarria,VIIRS375,0,0.00,1,sin anomalia,2026-10-05T14:24:05,mendoza
2026-09-28T06:18:02,355120,Lastarria,VIIRS750,0,0.00,1,sin anomalia,2026-10-05T14:24:05,mendoza
2026-09-28T06:54:00,355120,Lastarria,VIIRS375,0,0.00,1,sin anomalia,2026-10-05T14:24:05,mendoza
2026-09-28T06:54:00,355120,Lastarria,VIIRS750,0,0.00,1,sin anomalia,2026-10-05T14:24:05,mendoza
2026-09-28T08:15:00,355120,Lastarria,MODIS,0,0.00,1,sin anomalia,2026-10-05T14:24:05,mendoza
2026-09-28T12:25:00,355120,Lastarria,MODIS,0,0.00,1,sin anomalia,2026-10-05T14:24:05,mendoza
2026-09-28T17:42:00,355120,Lastarria,VIIRS375,70.67,32.35,0,fuera de radio,2026-10-05T14:24:05,mendoza
2026-09-28T17:42:00,355120,Lastarria,VIIRS750,0,0.00,1,sin anomalia,2026-10-05T14:24:05,mendoza
2026-09-28T18:00:01,355120,Lastarria,VIIRS375,0,0.00,1,sin anomalia,2026-10-05T14:24:05,mendoza
2026-09-28T18:00:01,355120,Lastarria,VIIRS750,0,0.00,1,sin anomalia,2026-10-05T14:24:05,mendoza
2026-09-28T18:42:02,355120,Lastarria,VIIRS375,0,0.00,1,sin anomalia,2026-10-05T14:24:05,mendoza
2026-09-28T18:42:02,355120,Lastarria,VIIRS750,0,0.00,1,sin anomalia,2026-10-05T14:24:05,mendoza
2026-09-28T19:18:00,355120,Lastarria,VIIRS375,0,0.00,1,sin anomalia,2026-10-05T14:24:05,mendoza
2026-09-28T19:18:00,355120,Lastarria,VIIRS750,0,0.00,1,sin anomalia,2026-10-05T14:24:05,mendoza
2026-09-28T20:20:00,355120,Lastarria,MODIS,0,0.00,1,sin anomalia,2026-10-05T14:24:05,mendoza
2026-09-29T02:10:00,355120,Lastarria,MODIS,0,0.00,1,sin anomalia,2026-10-05T14:24:05,mendoza
2026-09-29T05:12:01,355120,Lastarria,VIIRS375,0,0.00,1,sin anomalia,2026-10-05T14:24:05,mendoza
2026-09-29T05:12:01,355120,Lastarria,VIIRS750,0,0.00,1,sin anomalia,2026-10-05T14:24:05,mendoza
2026-09-29T06:00:02,355120,Lastarria,VIIRS375,0.42,24.98,0,fuera de radio,2026-10-05T14:24:05,mendoza
2026-09-29T06:00:02,355120,Lastarria,VIIRS750,0,0.00,1,sin anomalia,2026-10-05T14:24:05,mendoza
2026-09-29T06:36:00,355120,Lastarria,VIIRS375,0,0.00,1,sin anomalia,2026-10-05T14:24:05,mendoza
2026-09-29T06:36:00,355120,Lastarria,VIIRS750,0,0.00,1,sin anomalia,2026-10-05T14:24:05,mendoza
2026-09-29T07:15:00,355120,Lastarria,MODIS,0,0.00,1,sin anomalia,2026-10-05T14:24:05,mendoza
2026-09-29T13:05:00,355120,Lastarria,MODIS,0,0.00,1,sin anomalia,2026-10-05T14:24:05,mendoza
2026-09-29T17:42:01,355120,Lastarria,VIIRS375,0,0.00,1,sin anomalia,2026-10-05T14:24:05,mendoza
2026-09-29T17:42:01,355120,Lastarria,VIIRS750,0,0.00,1,sin anomalia,2026-10-05T14:24:05,mendoza
2026-09-29T18:24:02,355120,Lastarria,VIIRS375,0,0.00,1,sin anomalia,2026-10-05T14:24:05,mendoza
2026-09-29T18:24:02,355120,Lastarria,VIIRS750,0,0.00,1,sin anomalia,2026-10-05T14:24:05,mendoza
2026-09-29T19:00:00,355120,Lastarria,VIIRS375,0,0.00,1,sin anomalia,2026-10-05T14:24:05,mendoza
2026-09-29T19:00:00,355120,Lastarria,VIIRS750,0,0.00,1,sin anomalia,2026-10-05T14:24:05,mendoza
2026-09-29T20:55:00,355120,Lastarria,MODIS,0,0.00,1,sin anomalia,2026-10-05T14:24:05,mendoza
2026-09-30T01:10:00,355120,Lastarria,MODIS,0,0.00,1,sin anomalia,2026-10-05T14:24:05,mendoza
2026-09-30T04:54:01,355120,Lastarria,VIIRS375,0,0.00,1,sin anomalia,2026-10-05T14:24:05,mendoza
2026-09-30T04:54:01,355120,Lastarria,VIIRS750,0,0.00,1,sin anomalia,2026-10-05T14:24:05,mendoza
2026-09-30T05:42:02,355120,Lastarria,VIIRS375,0,0.00,1,sin anomalia,2026-10-05T14:24:05,mendoza
2026-09-30T05:42:02,355120,Lastarria,VIIRS750,0,0.00,1,sin anomalia,2026-10-05T14:24:05,mendoza
2026-09-30T06:36:01,355120,Lastarria,VIIRS375,0,0.00,1,sin anomalia,2026-10-05T14:24:05,mendoza
2026-09-30T06:36:01,355120,Lastarria,VIIRS750,0,0.00,1,sin anomalia,2026-10-05T14:24:05,mendoza
2026-09-30T07:50:00,355120,Lastarria,MODIS,0,0.00,1,sin anomalia,2026-10-05T14:24:05,mendoza
2026-09-30T17:24:01,355120,Lastarria,VIIRS375,0,0.00,1,sin anomalia,2026-10-05T14:24:05,mendoza
2026-09-30T17:24:01,355120,Lastarria,VIIRS750,0,0.00,1,sin anomalia,2026-10-05T14:24:05,mendoza
2026-09-30T18:06:02,355120,Lastarria,VIIRS375,0,0.00,1,sin anomalia,2026-10-05T14:24:05,mendoza
2026-09-30T18:06:02,355120,Lastarria,VIIRS750,0,0.00,1,sin anomalia,2026-10-05T14:24:05,mendoza
2026-09-30T18:42:00,355120,Lastarria,VIIRS375,0,0.00,1,sin anomalia,2026-10-05T14:24:05,mendoza
2026-09-30T18:42:00,355120,Lastarria,VIIRS750,0,0.00,1,sin anomalia,2026-10-05T14:24:05,mendoza
2026-09-30T19:00:01,355120,Lastarria,VIIRS375,0,0.00,1,sin anomalia,2026-10-05T14:24:05,mendoza
2026-09-30T19:00:01,355120,Lastarria,VIIRS750,0,0.00,1,sin anomalia,2026-10-05T14:24:05,mendoza
2026-09-30T19:55:00,355120,Lastarria,MODIS,0,0.00,1,sin anomalia,2026-10-05T14:24:05,mendoza
2026-10-01T01:50:00,355120,Lastarria,MODIS,0,0.00,1,sin anomalia,2026-10-05T14:24:05,mendoza
2026-10-01T06:18:01,355120,Lastarria,VIIRS375,0.56,7.44,0,fuera de radio,2026-10-05T14:24:05,mendoza
2026-10-01T06:18:01,355120,Lastarria,VIIRS750,0,0.00,1,sin anomalia,2026-10-05T14:24:05,mendoza
2026-10-01T08:30:00,355120,Lastarria,MODIS,0,0.00,1,sin anomalia,2026-10-05T14:24:05,mendoza
2026-10-01T12:45:00,355120,Lastarria,MODIS,0,0.00,1,sin anomalia,2026-10-05T14:24:05,mendoza
2026-10-01T18:42:01,355120,Lastarria,VIIRS375,0,0.00,1,sin anomalia,2026-10-05T14:24:05,mendoza
2026-10-01T18:42:01,355120,Lastarria,VIIRS750,0,0.00,1,sin anomalia,2026-10-05T14:24:05,mendoza
2026-10-01T20:35:00,355120,Lastarria,MODIS,0,0.00,1,sin anomalia,2026-10-05T14:24:05,mendoza
2026-10-02T00:50:00,355120,Lastarria,MODIS,0,0.00,1,sin anomalia,2026-10-05T14:24:05,mendoza
2026-10-02T05:00:02,355120,Lastarria,VIIRS375,0,0.00,1,sin anomalia,2026-10-05T14:24:05,mendoza
2026-10-02T05:00:02,355120,Lastarria,VIIRS750,0,0.00,1,sin anomalia,2026-10-05T14:24:05,mendoza
2026-10-02T06:00:01,355120,Lastarria,VIIRS375,0.18,2.40,1,muy baja,2026-10-05T14:24:05,mendoza
2026-10-02T06:00:01,355120,Lastarria,VIIRS750,0,0.00,1,sin anomalia,2026-10-05T14:24:05,mendoza
2026-10-02T07:30:00,355120,Lastarria,MODIS,0,0.00,1,sin anomalia,2026-10-05T14:24:05,mendoza
2026-10-02T13:25:00,355120,Lastarria,MODIS,0,0.00,1,sin anomalia,2026-10-05T14:24:05,mendoza
2026-10-02T17:30:02,355120,Lastarria,VIIRS375,0,0.00,1,sin anomalia,2026-10-05T14:24:05,mendoza
2026-10-02T18:06:00,355120,Lastarria,VIIRS375,0,0.00,1,sin anomalia,2026-10-05T14:24:05,mendoza
2026-10-02T18:24:01,355120,Lastarria,VIIRS375,0,0.00,1,sin anomalia,2026-10-05T14:24:05,mendoza
2026-10-02T19:06:02,355120,Lastarria,VIIRS375,0.56,15.26,0,fuera de radio,2026-10-05T14:24:05,mendoza
2026-10-02T19:06:02,355120,Lastarria,VIIRS750,0,0.00,1,sin anomalia,2026-10-05T14:24:05,mendoza
2026-10-02T21:15:00,355120,Lastarria,MODIS,0,0.00,1,sin anomalia,2026-10-05T14:24:05,mendoza
2026-10-03T01:30:00,355120,Lastarria,MODIS,0,0.00,1,sin anomalia,2026-10-05T14:24:05,mendoza
2026-10-03T04:42:02,355120,Lastarria,VIIRS375,0,0.00,1,sin anomalia,2026-10-05T14:24:05,mendoza
2026-10-03T04:42:02,355120,Lastarria,VIIRS750,0,0.00,1,sin anomalia,2026-10-05T14:24:05,mendoza
2026-10-03T05:18:00,355120,Lastarria,VIIRS375,0.1,2.73,1,muy baja,2026-10-05T14:24:05,mendoza
2026-10-03T05:18:00,355120,Lastarria,VIIRS750,0,0.00,1,sin anomalia,2026-10-05T14:24:05,mendoza
2026-10-03T05:42:01,355120,Lastarria,VIIRS375,0,0.00,1,sin anomalia,2026-10-05T14:24:05,mendoza
2026-10-03T05:42:01,355120,Lastarria,VIIRS750,0,0.00,1,sin anomalia,2026-10-05T14:24:05,mendoza
2026-10-03T06:24:02,355120,Lastarria,VIIRS375,0,0.00,1,sin anomalia,2026-10-05T14:24:05,mendoza
2026-10-03T06:24:02,355120,Lastarria,VIIRS750,0,0.00,1,sin anomalia,2026-10-05T14:24:05,mendoza
2026-10-03T08:10:00,355120,Lastarria,MODIS,0,0.00,1,sin anomalia,2026-10-05T14:24:05,mendoza
2026-10-03T12:25:00,355120,Lastarria,MODIS,0,0.00,1,sin anomalia,2026-10-05T14:24:05,mendoza
2026-10-03T18:06:01,355120,Lastarria,VIIRS375,0,0.00,1,sin anomalia,2026-10-05T14:24:05,mendoza
2026-10-03T18:06:01,355120,Lastarria,VIIRS750,0,0.00,1,sin anomalia,2026-10-05T14:24:05,mendoza
2026-10-03T18:48:02,355120,Lastarria,VIIRS375,0,0.00,1,sin anomalia,2026-10-05T14:24:05,mendoza
2026-10-03T18:48:02,355120,Lastarria,VIIRS750,0,0.00,1,sin anomalia,2026-10-05T14:24:05,mendoza
2026-10-03T19:24:00,355120,Lastarria,VIIRS375,0,0.00,1,sin anomalia,2026-10-05T14:24:05,mendoza
2026-10-03T19:24:00,355120,Lastarria,VIIRS750,0,0.00,1,sin anomalia,2026-10-05T14:24:05,mendoza
2026-10-03T20:15:00,355120,Lastarria,MODIS,0,0.00,1,sin anomalia,2026-10-05T14:24:05,mendoza
2026-10-04T02:10:00,355120,Lastarria,MODIS,0,0.00,1,sin anomalia,2026-10-05T14:24:05,mendoza
2026-10-04T05:18:01,355120,Lastarria,VIIRS375,0.49,20.43,0,fuera de radio,2026-10-05T14:24:05,mendoza
2026-10-04T05:18:01,355120,Lastarria,VIIRS750,0,0.00,1,sin anomalia,2026-10-05T14:24:05,mendoza
2026-10-04T06:06:02,355120,Lastarria,VIIRS375,0,0.00,1,sin anomalia,2026-10-05T14:24:05,mendoza
2026-10-04T06:06:02,355120,Lastarria,VIIRS750,0,0.00,1,sin anomalia,2026-10-05T14:24:05,mendoza
2026-10-04T06:42:00,355120,Lastarria,VIIRS375,0,0.00,1,sin anomalia,2026-10-05T14:24:05,mendoza
2026-10-04T06:42:00,355120,Lastarria,VIIRS750,0,0.00,1,sin anomalia,2026-10-05T14:24:05,mendoza
2026-10-04T13:05:00,355120,Lastarria,MODIS,0,0.00,1,sin anomalia,2026-10-05T14:24:05,mendoza
2026-10-04T17:30:00,355120,Lastarria,VIIRS375,0,0.00,1,sin anomalia,2026-10-05T14:24:05,mendoza
2026-10-04T17:30:00,355120,Lastarria,VIIRS750,0,0.00,1,sin anomalia,2026-10-05T14:24:05,mendoza
2026-10-04T17:48:01,355120,Lastarria,VIIRS375,0,0.00,1,sin anomalia,2026-10-05T14:24:05,mendoza
2026-10-04T18:30:02,355120,Lastarria,VIIRS375,0,0.00,1,sin anomalia,2026-10-05T14:24:05,mendoza
2026-10-04T18:30:02,355120,Lastarria,VIIRS750,0,0.00,1,sin anomalia,2026-10-05T14:24:05,mendoza
2026-10-04T19:06:00,355120,Lastarria,VIIRS375,0,0.00,1,sin anomalia,2026-10-05T14:24:05,mendoza
2026-10-04T19:06:00,355120,Lastarria,VIIRS750,0,0.00,1,sin anomalia,2026-10-05T14:24:05,mendoza
2026-10-04T20:50:00,355120,Lastarria,MODIS,0,0.00,1,sin anomalia,2026-10-05T14:24:05,mendoza
2026-10-05T01:10:00,355120,Lastarria,MODIS,0,0.00,1,sin anomalia,2026-10-05T14:24:05,mendoza
2026-10-05T05:00:01,355120,Lastarria,VIIRS375,0,0.00,1,sin anomalia,2026-10-05T14:24:05,mendoza
2026-10-05T05:00:01,355120,Lastarria,VIIRS750,0,0.00,1,sin anomalia,2026-10-05T14:24:05,mendoza
2026-10-05T05:48:02,355120,Lastarria,VIIRS375,0,0.00,1,sin anomalia,2026-10-05T14:24:05,mendoza
2026-10-05T05:48:02,355120,Lastarria,VIIRS750,0,0.00,1,sin anomalia,2026-10-05T14:24:05,mendoza
2026-10-05T06:42:01,355120,Lastarria,VIIRS375,0,0.00,1,sin anomalia,2026-10-05T14:24:05,mendoza
2026-10-05T06:42:01,355120,Lastarria,VIIRS750,0,0.00,1,sin anomalia,2026-10-05T14:24:05,mendoza
2026-10-05T07:45:00,355120,Lastarria,MODIS,0,0.00,1,sin anomalia,2026-10-05T14:24:05,mendoza
