fecha_utc,volcano_id,volcan,sensor,vrp_mw,distancia_km,dentro_radio,clasificacion,capturado_utc,origen,clase_mirova
2000-03-24T03:55:00,357070,Nevados de Chillan,MODIS,0.448,1.41,0,no volcanica,2026-10-05T18:06:10,mirova-archivo,0
2000-05-04T03:50:00,357070,Nevados de Chillan,MODIS,0.6153,2.24,0,no volcanica,2026-10-05T18:06:10,mirova-archivo,0
2000-05-05T04:35:00,357070,Nevados de Chillan,MODIS,0.2553,2.24,0,no volcanica,2026-10-05T18:06:10,mirova-archivo,0
2000-05-16T04:15:00,357070,Nevados de Chillan,MODIS,0.459,2.24,0,no volcanica,2026-10-05T18:06:10,mirova-archivo,0
2000-05-18T04:00:00,357070,Nevados de Chillan,MODIS,0.7273,2.24,0,no volcanica,2026-10-05T18:06:10,mirova-archivo,0
2000-05-25T04:10:00,357070,Nevados de Chillan,MODIS,0.885,15.52,0,no volcanica,2026-10-05T18:06:10,mirova-archivo,0
2000-06-07T03:35:00,357070,Nevados de Chillan,MODIS,0.4178,2.00,0,no volcanica,2026-10-05T18:06:10,mirova-archivo,0
2000-06-28T03:55:00,357070,Nevados de Chillan,MODIS,0.3511,2.24,0,no volcanica,2026-10-05T18:06:10,mirova-archivo,0
2000-07-03T04:15:00,357070,Nevados de Chillan,MODIS,0.3068,2.00,0,no volcanica,2026-10-05T18:06:10,mirova-archivo,0
2003-05-07T05:45:00,357070,Nevados de Chillan,MODIS,8.008,25.00,0,no volcanica,2026-10-05T18:06:10,mirova-archivo,0
2003-06-23T05:05:00,357070,Nevados de Chillan,MODIS,27.73,16.03,0,no volcanica,2026-10-05T18:06:10,mirova-archivo,0
2004-05-19T03:10:00,357070,Nevados de Chillan,MODIS,5.49,29.21,0,no volcanica,2026-10-05T18:06:10,mirova-archivo,0
2005-03-27T04:00:00,357070,Nevados de Chillan,MODIS,1.105,28.30,0,no volcanica,2026-10-05T18:06:10,mirova-archivo,0
2005-04-02T03:20:00,357070,Nevados de Chillan,MODIS,2.5,20.62,0,no volcanica,2026-10-05T18:06:10,mirova-archivo,0
2005-04-25T03:30:00,357070,Nevados de Chillan,MODIS,4.732,19.31,0,no volcanica,2026-10-05T18:06:10,mirova-archivo,0
2005-05-01T06:05:00,357070,Nevados de Chillan,MODIS,3.628,9.22,0,no volcanica,2026-10-05T18:06:10,mirova-archivo,0
2005-05-02T03:35:00,357070,Nevados de Chillan,MODIS,2.368,9.22,0,no volcanica,2026-10-05T18:06:10,mirova-archivo,0
2005-05-03T05:50:00,357070,Nevados de Chillan,MODIS,24.58,14.04,0,no volcanica,2026-10-05T18:06:10,mirova-archivo,0
2005-06-12T03:25:00,357070,Nevados de Chillan,MODIS,0.1306,2.00,0,no volcanica,2026-10-05T18:06:10,mirova-archivo,0
2006-05-09T03:10:00,357070,Nevados de Chillan,MODIS,1.174,24.33,0,no volcanica,2026-10-05T18:06:10,mirova-archivo,0
2006-05-10T03:50:00,357070,Nevados de Chillan,MODIS,2.14,15.81,0,no volcanica,2026-10-05T18:06:10,mirova-archivo,0
2006-05-11T06:10:00,357070,Nevados de Chillan,MODIS,1.696,18.03,0,no volcanica,2026-10-05T18:06:10,mirova-archivo,0
2006-05-12T03:40:00,357070,Nevados de Chillan,MODIS,6.63,22.83,0,no volcanica,2026-10-05T18:06:10,mirova-archivo,0
2006-05-14T03:25:00,357070,Nevados de Chillan,MODIS,4.942,18.25,0,no volcanica,2026-10-05T18:06:10,mirova-archivo,0
2007-05-27T05:45:00,357070,Nevados de Chillan,MODIS,2.072,25.30,0,no volcanica,2026-10-05T18:06:10,mirova-archivo,0
2008-01-17T03:45:00,357070,Nevados de Chillan,MODIS,0.6737,0.00,1,muy baja,2026-10-05T18:06:10,mirova-archivo,1
2008-01-18T06:05:00,357070,Nevados de Chillan,MODIS,0.5115,1.41,1,muy baja,2026-10-05T18:06:10,mirova-archivo,1
2008-01-19T03:35:00,357070,Nevados de Chillan,MODIS,0.5671,1.00,1,muy baja,2026-10-05T18:06:10,mirova-archivo,1
2008-01-20T05:55:00,357070,Nevados de Chillan,MODIS,1.231,1.41,1,baja,2026-10-05T18:06:10,mirova-archivo,1
2008-01-21T03:20:00,357070,Nevados de Chillan,MODIS,1.629,1.00,1,baja,2026-10-05T18:06:10,mirova-archivo,1
2008-01-22T05:40:00,357070,Nevados de Chillan,MODIS,0.8706,1.00,1,muy baja,2026-10-05T18:06:10,mirova-archivo,1
2008-01-24T03:55:00,357070,Nevados de Chillan,MODIS,0.6221,0.00,1,muy baja,2026-10-05T18:06:10,mirova-archivo,1
2008-01-24T05:30:00,357070,Nevados de Chillan,MODIS,0.4015,1.00,1,muy baja,2026-10-05T18:06:10,mirova-archivo,1
2008-01-25T06:15:00,357070,Nevados de Chillan,MODIS,2.066,2.24,1,baja,2026-10-05T18:06:10,mirova-archivo,1
2008-01-26T05:20:00,357070,Nevados de Chillan,MODIS,0.5596,2.24,1,muy baja,2026-10-05T18:06:10,mirova-archivo,1
2008-01-27T06:00:00,357070,Nevados de Chillan,MODIS,2.201,1.00,1,baja,2026-10-05T18:06:10,mirova-archivo,1
2008-01-28T03:30:00,357070,Nevados de Chillan,MODIS,2.93,1.00,1,baja,2026-10-05T18:06:10,mirova-archivo,1
2008-01-29T05:50:00,357070,Nevados de Chillan,MODIS,1.344,1.00,1,baja,2026-10-05T18:06:10,mirova-archivo,1
2008-01-31T04:00:00,357070,Nevados de Chillan,MODIS,1.773,1.00,1,baja,2026-10-05T18:06:10,mirova-archivo,1
2008-01-31T05:35:00,357070,Nevados de Chillan,MODIS,1.639,2.24,1,baja,2026-10-05T18:06:10,mirova-archivo,1
2008-02-01T06:20:00,357070,Nevados de Chillan,MODIS,0.6027,1.00,1,muy baja,2026-10-05T18:06:10,mirova-archivo,1
2008-02-02T03:45:00,357070,Nevados de Chillan,MODIS,3.621,1.00,1,baja,2026-10-05T18:06:10,mirova-archivo,1
2008-02-02T05:25:00,357070,Nevados de Chillan,MODIS,0.889,1.41,1,muy baja,2026-10-05T18:06:10,mirova-archivo,1
2008-02-03T02:50:00,357070,Nevados de Chillan,MODIS,0.2884,1.41,1,muy baja,2026-10-05T18:06:10,mirova-archivo,1
2008-02-03T06:05:00,357070,Nevados de Chillan,MODIS,4.201,2.00,1,baja,2026-10-05T18:06:10,mirova-archivo,1
2008-02-04T03:35:00,357070,Nevados de Chillan,MODIS,2.871,1.00,1,baja,2026-10-05T18:06:10,mirova-archivo,1
2008-02-06T03:20:00,357070,Nevados de Chillan,MODIS,3.67,1.41,1,baja,2026-10-05T18:06:10,mirova-archivo,1
2008-02-07T04:05:00,357070,Nevados de Chillan,MODIS,3.239,1.41,1,baja,2026-10-05T18:06:10,mirova-archivo,1
2008-02-07T05:40:00,357070,Nevados de Chillan,MODIS,2.777,1.41,1,baja,2026-10-05T18:06:10,mirova-archivo,1
2008-02-08T06:25:00,357070,Nevados de Chillan,MODIS,0.8152,1.41,1,muy baja,2026-10-05T18:06:10,mirova-archivo,1
2008-02-09T03:55:00,357070,Nevados de Chillan,MODIS,0.4368,0.00,1,muy baja,2026-10-05T18:06:10,mirova-archivo,1
2008-02-09T05:30:00,357070,Nevados de Chillan,MODIS,1.975,2.24,1,baja,2026-10-05T18:06:10,mirova-archivo,1
2008-02-10T02:55:00,357070,Nevados de Chillan,MODIS,3.319,2.00,1,baja,2026-10-05T18:06:10,mirova-archivo,1
2008-02-10T06:15:00,357070,Nevados de Chillan,MODIS,4.753,2.24,1,baja,2026-10-05T18:06:10,mirova-archivo,1
2008-02-11T03:40:00,357070,Nevados de Chillan,MODIS,4.577,1.41,1,baja,2026-10-05T18:06:10,mirova-archivo,1
2008-02-11T05:20:00,357070,Nevados de Chillan,MODIS,1.15,1.41,1,baja,2026-10-05T18:06:10,mirova-archivo,1
2008-02-12T06:00:00,357070,Nevados de Chillan,MODIS,3.701,1.00,1,baja,2026-10-05T18:06:10,mirova-archivo,1
2008-02-13T03:30:00,357070,Nevados de Chillan,MODIS,3.752,1.00,1,baja,2026-10-05T18:06:10,mirova-archivo,1
2008-02-14T05:50:00,357070,Nevados de Chillan,MODIS,2.901,1.41,1,baja,2026-10-05T18:06:10,mirova-archivo,1
2008-02-15T03:15:00,357070,Nevados de Chillan,MODIS,4.121,1.41,1,baja,2026-10-05T18:06:10,mirova-archivo,1
2008-02-15T06:30:00,357070,Nevados de Chillan,MODIS,1.902,2.24,1,baja,2026-10-05T18:06:10,mirova-archivo,1
2008-02-16T04:00:00,357070,Nevados de Chillan,MODIS,1.64,1.00,1,baja,2026-10-05T18:06:10,mirova-archivo,1
2008-02-16T05:35:00,357070,Nevados de Chillan,MODIS,0.3504,1.00,1,muy baja,2026-10-05T18:06:10,mirova-archivo,1
2008-02-17T03:05:00,357070,Nevados de Chillan,MODIS,2.077,2.00,1,baja,2026-10-05T18:06:10,mirova-archivo,1
2008-02-17T06:20:00,357070,Nevados de Chillan,MODIS,2.117,2.24,1,baja,2026-10-05T18:06:10,mirova-archivo,1
2008-02-18T03:45:00,357070,Nevados de Chillan,MODIS,6.033,1.00,1,baja,2026-10-05T18:06:10,mirova-archivo,1
2008-02-18T05:25:00,357070,Nevados de Chillan,MODIS,2.917,2.24,1,baja,2026-10-05T18:06:10,mirova-archivo,1
2008-02-19T02:50:00,357070,Nevados de Chillan,MODIS,0.5134,2.00,1,muy baja,2026-10-05T18:06:10,mirova-archivo,1
2008-02-19T06:05:00,357070,Nevados de Chillan,MODIS,4.065,2.00,1,baja,2026-10-05T18:06:10,mirova-archivo,1
2008-02-20T03:35:00,357070,Nevados de Chillan,MODIS,6.415,1.41,1,baja,2026-10-05T18:06:10,mirova-archivo,1
2008-02-20T05:10:00,357070,Nevados de Chillan,MODIS,0.1961,2.00,1,muy baja,2026-10-05T18:06:10,mirova-archivo,1
2008-02-21T05:55:00,357070,Nevados de Chillan,MODIS,2.143,1.00,1,baja,2026-10-05T18:06:10,mirova-archivo,1
2008-02-23T04:05:00,357070,Nevados de Chillan,MODIS,0.4852,1.00,1,muy baja,2026-10-05T18:06:10,mirova-archivo,1
2008-02-23T05:45:00,357070,Nevados de Chillan,MODIS,0.5546,1.00,1,muy baja,2026-10-05T18:06:10,mirova-archivo,1
2008-02-24T06:25:00,357070,Nevados de Chillan,MODIS,0.6799,2.00,1,muy baja,2026-10-05T18:06:10,mirova-archivo,1
2008-02-25T03:55:00,357070,Nevados de Chillan,MODIS,4.744,1.41,1,baja,2026-10-05T18:06:10,mirova-archivo,1
2008-02-25T05:30:00,357070,Nevados de Chillan,MODIS,0.6191,1.00,1,muy baja,2026-10-05T18:06:10,mirova-archivo,1
2008-02-26T06:15:00,357070,Nevados de Chillan,MODIS,2.012,2.00,1,baja,2026-10-05T18:06:10,mirova-archivo,1
2008-02-27T05:20:00,357070,Nevados de Chillan,MODIS,0.7205,2.00,1,muy baja,2026-10-05T18:06:10,mirova-archivo,1
2008-02-28T06:00:00,357070,Nevados de Chillan,MODIS,3.509,2.00,1,baja,2026-10-05T18:06:10,mirova-archivo,1
2008-02-29T03:30:00,357070,Nevados de Chillan,MODIS,2.643,0.00,1,baja,2026-10-05T18:06:10,mirova-archivo,1
2008-03-03T04:00:00,357070,Nevados de Chillan,MODIS,0.8485,1.00,1,muy baja,2026-10-05T18:06:10,mirova-archivo,1
2008-03-03T05:35:00,357070,Nevados de Chillan,MODIS,1.47,1.00,1,baja,2026-10-05T18:06:10,mirova-archivo,1
2008-03-04T06:20:00,357070,Nevados de Chillan,MODIS,0.4888,1.41,1,muy baja,2026-10-05T18:06:10,mirova-archivo,1
2008-03-05T03:45:00,357070,Nevados de Chillan,MODIS,1.156,1.00,1,baja,2026-10-05T18:06:10,mirova-archivo,1
2008-03-05T05:25:00,357070,Nevados de Chillan,MODIS,1.604,2.24,1,baja,2026-10-05T18:06:10,mirova-archivo,1
2008-03-06T06:05:00,357070,Nevados de Chillan,MODIS,0.9198,1.00,1,muy baja,2026-10-05T18:06:10,mirova-archivo,1
2008-03-07T03:35:00,357070,Nevados de Chillan,MODIS,1.523,0.00,1,baja,2026-10-05T18:06:10,mirova-archivo,1
2008-03-09T03:20:00,357070,Nevados de Chillan,MODIS,1.707,1.00,1,baja,2026-10-05T18:06:10,mirova-archivo,1
2008-03-11T03:10:00,357070,Nevados de Chillan,MODIS,1.224,1.00,1,baja,2026-10-05T18:06:10,mirova-archivo,1
2008-03-12T03:50:00,357070,Nevados de Chillan,MODIS,0.6102,0.00,1,muy baja,2026-10-05T18:06:10,mirova-archivo,1
2008-03-12T05:30:00,357070,Nevados de Chillan,MODIS,1.017,1.00,1,baja,2026-10-05T18:06:10,mirova-archivo,1
2008-03-18T03:15:00,357070,Nevados de Chillan,MODIS,1.775,1.00,1,baja,2026-10-05T18:06:10,mirova-archivo,1
2008-03-20T03:05:00,357070,Nevados de Chillan,MODIS,1.531,1.00,1,baja,2026-10-05T18:06:10,mirova-archivo,1
2008-03-20T06:20:00,357070,Nevados de Chillan,MODIS,1.141,2.24,1,baja,2026-10-05T18:06:10,mirova-archivo,1
2008-03-21T03:45:00,357070,Nevados de Chillan,MODIS,3.818,1.00,1,baja,2026-10-05T18:06:10,mirova-archivo,1
2008-03-21T05:25:00,357070,Nevados de Chillan,MODIS,0.7279,1.00,1,muy baja,2026-10-05T18:06:10,mirova-archivo,1
2008-03-22T06:05:00,357070,Nevados de Chillan,MODIS,1.593,1.41,1,baja,2026-10-05T18:06:10,mirova-archivo,1
2008-03-23T03:35:00,357070,Nevados de Chillan,MODIS,3.139,1.00,1,baja,2026-10-05T18:06:10,mirova-archivo,1
2008-03-24T05:55:00,357070,Nevados de Chillan,MODIS,3.372,1.00,1,baja,2026-10-05T18:06:10,mirova-archivo,1
2008-03-25T03:20:00,357070,Nevados de Chillan,MODIS,3.021,1.00,1,baja,2026-10-05T18:06:10,mirova-archivo,1
2008-03-26T04:05:00,357070,Nevados de Chillan,MODIS,0.9856,1.00,1,muy baja,2026-10-05T18:06:10,mirova-archivo,1
2008-03-26T05:45:00,357070,Nevados de Chillan,MODIS,3.265,1.00,1,baja,2026-10-05T18:06:10,mirova-archivo,1
2008-03-27T03:10:00,357070,Nevados de Chillan,MODIS,1.874,1.00,1,baja,2026-10-05T18:06:10,mirova-archivo,1
2008-03-28T03:50:00,357070,Nevados de Chillan,MODIS,2.909,1.00,1,baja,2026-10-05T18:06:10,mirova-archivo,1
2008-03-28T05:30:00,357070,Nevados de Chillan,MODIS,2.663,1.41,1,baja,2026-10-05T18:06:10,mirova-archivo,1
2008-03-29T06:15:00,357070,Nevados de Chillan,MODIS,2.593,1.41,1,baja,2026-10-05T18:06:10,mirova-archivo,1
2008-03-30T03:40:00,357070,Nevados de Chillan,MODIS,4.247,1.00,1,baja,2026-10-05T18:06:10,mirova-archivo,1
2008-03-30T05:20:00,357070,Nevados de Chillan,MODIS,1.67,2.00,1,baja,2026-10-05T18:06:10,mirova-archivo,1
2008-03-31T06:00:00,357070,Nevados de Chillan,MODIS,3.048,1.41,1,baja,2026-10-05T18:06:10,mirova-archivo,1
2008-04-01T03:30:00,357070,Nevados de Chillan,MODIS,4.592,1.00,1,baja,2026-10-05T18:06:10,mirova-archivo,1
2008-04-02T05:50:00,357070,Nevados de Chillan,MODIS,4.523,1.41,1,baja,2026-10-05T18:06:10,mirova-archivo,1
2008-04-03T03:15:00,357070,Nevados de Chillan,MODIS,4.637,1.00,1,baja,2026-10-05T18:06:10,mirova-archivo,1
2008-04-03T06:30:00,357070,Nevados de Chillan,MODIS,0.5711,1.00,1,muy baja,2026-10-05T18:06:10,mirova-archivo,1
2008-04-04T04:00:00,357070,Nevados de Chillan,MODIS,3.577,1.00,1,baja,2026-10-05T18:06:10,mirova-archivo,1
2008-04-04T05:35:00,357070,Nevados de Chillan,MODIS,6.226,2.24,1,baja,2026-10-05T18:06:10,mirova-archivo,1
2008-04-05T03:05:00,357070,Nevados de Chillan,MODIS,4.031,2.00,1,baja,2026-10-05T18:06:10,mirova-archivo,1
2008-04-05T06:20:00,357070,Nevados de Chillan,MODIS,0.7011,2.00,1,muy baja,2026-10-05T18:06:10,mirova-archivo,1
2008-04-05T18:20:00,357070,Nevados de Chillan,MODIS,74.46,27.80,0,no volcanica,2026-10-05T18:06:10,mirova-archivo,0
2008-04-07T06:05:00,357070,Nevados de Chillan,MODIS,3.803,2.00,1,baja,2026-10-05T18:06:10,mirova-archivo,1
2008-04-08T03:35:00,357070,Nevados de Chillan,MODIS,4.098,1.00,1,baja,2026-10-05T18:06:10,mirova-archivo,1
2008-04-08T05:10:00,357070,Nevados de Chillan,MODIS,0.3166,2.00,1,muy baja,2026-10-05T18:06:10,mirova-archivo,1
2008-04-09T05:55:00,357070,Nevados de Chillan,MODIS,4.82,1.00,1,baja,2026-10-05T18:06:10,mirova-archivo,1
2008-04-10T03:20:00,357070,Nevados de Chillan,MODIS,4.44,1.41,1,baja,2026-10-05T18:06:10,mirova-archivo,1
2008-04-12T03:10:00,357070,Nevados de Chillan,MODIS,2.528,1.00,1,baja,2026-10-05T18:06:10,mirova-archivo,1
2008-04-13T05:30:00,357070,Nevados de Chillan,MODIS,2.925,1.41,1,baja,2026-10-05T18:06:10,mirova-archivo,1
2008-04-14T02:55:00,357070,Nevados de Chillan,MODIS,2.883,2.24,1,baja,2026-10-05T18:06:10,mirova-archivo,1
2008-04-14T06:15:00,357070,Nevados de Chillan,MODIS,4.169,2.24,1,baja,2026-10-05T18:06:10,mirova-archivo,1
2008-04-15T03:40:00,357070,Nevados de Chillan,MODIS,3.022,1.00,1,baja,2026-10-05T18:06:10,mirova-archivo,1
2008-04-15T05:20:00,357070,Nevados de Chillan,MODIS,4.155,2.24,1,baja,2026-10-05T18:06:10,mirova-archivo,1
2008-04-16T06:00:00,357070,Nevados de Chillan,MODIS,3.363,1.41,1,baja,2026-10-05T18:06:10,mirova-archivo,1
2008-04-17T03:30:00,357070,Nevados de Chillan,MODIS,4.991,1.41,1,baja,2026-10-05T18:06:10,mirova-archivo,1
2008-04-18T04:10:00,357070,Nevados de Chillan,MODIS,0.7518,1.00,1,muy baja,2026-10-05T18:06:10,mirova-archivo,1
2008-04-18T05:50:00,357070,Nevados de Chillan,MODIS,4.562,1.41,1,baja,2026-10-05T18:06:10,mirova-archivo,1
2008-04-19T03:15:00,357070,Nevados de Chillan,MODIS,3.67,1.41,1,baja,2026-10-05T18:06:10,mirova-archivo,1
2008-04-20T04:00:00,357070,Nevados de Chillan,MODIS,1.816,1.41,1,baja,2026-10-05T18:06:10,mirova-archivo,1
2008-04-20T05:35:00,357070,Nevados de Chillan,MODIS,4.564,2.00,1,baja,2026-10-05T18:06:10,mirova-archivo,1
2008-04-21T03:05:00,357070,Nevados de Chillan,MODIS,2.621,2.00,1,baja,2026-10-05T18:06:10,mirova-archivo,1
2008-04-21T06:20:00,357070,Nevados de Chillan,MODIS,1.141,1.00,1,baja,2026-10-05T18:06:10,mirova-archivo,1
2008-04-22T03:45:00,357070,Nevados de Chillan,MODIS,0.5826,1.00,1,muy baja,2026-10-05T18:06:10,mirova-archivo,1
2008-04-23T02:50:00,357070,Nevados de Chillan,MODIS,0.541,2.00,1,muy baja,2026-10-05T18:06:10,mirova-archivo,1
2008-04-23T06:05:00,357070,Nevados de Chillan,MODIS,3.771,2.00,1,baja,2026-10-05T18:06:10,mirova-archivo,1
2008-04-24T03:35:00,357070,Nevados de Chillan,MODIS,4.225,1.00,1,baja,2026-10-05T18:06:10,mirova-archivo,1
2008-04-25T05:55:00,357070,Nevados de Chillan,MODIS,4.428,1.41,1,baja,2026-10-05T18:06:10,mirova-archivo,1
2008-04-26T03:20:00,357070,Nevados de Chillan,MODIS,5.479,1.41,1,baja,2026-10-05T18:06:10,mirova-archivo,1
2008-04-28T06:25:00,357070,Nevados de Chillan,MODIS,0.2527,2.00,1,muy baja,2026-10-05T18:06:10,mirova-archivo,1
2008-04-29T03:55:00,357070,Nevados de Chillan,MODIS,1.875,1.00,1,baja,2026-10-05T18:06:10,mirova-archivo,1
2008-04-29T05:30:00,357070,Nevados de Chillan,MODIS,1.814,1.41,1,baja,2026-10-05T18:06:10,mirova-archivo,1
2008-04-30T03:00:00,357070,Nevados de Chillan,MODIS,5.683,2.00,1,baja,2026-10-05T18:06:10,mirova-archivo,1
2008-04-30T06:15:00,357070,Nevados de Chillan,MODIS,3.79,2.00,1,baja,2026-10-05T18:06:10,mirova-archivo,1
2008-05-01T03:40:00,357070,Nevados de Chillan,MODIS,6.482,1.41,1,baja,2026-10-05T18:06:10,mirova-archivo,1
2008-05-01T05:20:00,357070,Nevados de Chillan,MODIS,2.632,2.00,1,baja,2026-10-05T18:06:10,mirova-archivo,1
2008-05-02T02:45:00,357070,Nevados de Chillan,MODIS,0.4726,1.00,1,muy baja,2026-10-05T18:06:10,mirova-archivo,1
2008-05-02T06:00:00,357070,Nevados de Chillan,MODIS,3.779,1.41,1,baja,2026-10-05T18:06:10,mirova-archivo,1
2008-05-03T03:30:00,357070,Nevados de Chillan,MODIS,6.328,1.41,1,baja,2026-10-05T18:06:10,mirova-archivo,1
2008-05-03T05:05:00,357070,Nevados de Chillan,MODIS,0.2386,1.41,1,muy baja,2026-10-05T18:06:10,mirova-archivo,1
2008-05-04T04:10:00,357070,Nevados de Chillan,MODIS,0.8097,1.00,1,muy baja,2026-10-05T18:06:10,mirova-archivo,1
2008-05-04T05:50:00,357070,Nevados de Chillan,MODIS,6.856,2.00,1,baja,2026-10-05T18:06:10,mirova-archivo,1
2008-05-05T03:15:00,357070,Nevados de Chillan,MODIS,2.571,1.00,1,baja,2026-10-05T18:06:10,mirova-archivo,1
2008-05-07T03:05:00,357070,Nevados de Chillan,MODIS,2.393,1.41,1,baja,2026-10-05T18:06:10,mirova-archivo,1
2008-05-07T06:20:00,357070,Nevados de Chillan,MODIS,1.66,2.24,1,baja,2026-10-05T18:06:10,mirova-archivo,1
2008-05-08T03:45:00,357070,Nevados de Chillan,MODIS,4.007,1.41,1,baja,2026-10-05T18:06:10,mirova-archivo,1
2008-05-08T05:25:00,357070,Nevados de Chillan,MODIS,4.718,2.00,1,baja,2026-10-05T18:06:10,mirova-archivo,1
2008-05-09T02:50:00,357070,Nevados de Chillan,MODIS,0.4238,2.00,1,muy baja,2026-10-05T18:06:10,mirova-archivo,1
2008-05-09T06:05:00,357070,Nevados de Chillan,MODIS,4.116,2.00,1,baja,2026-10-05T18:06:10,mirova-archivo,1
2008-05-10T03:35:00,357070,Nevados de Chillan,MODIS,4.674,1.41,1,baja,2026-10-05T18:06:10,mirova-archivo,1
2008-05-10T05:15:00,357070,Nevados de Chillan,MODIS,0.2869,2.00,1,muy baja,2026-10-05T18:06:10,mirova-archivo,1
2008-05-11T05:55:00,357070,Nevados de Chillan,MODIS,5.318,1.00,1,baja,2026-10-05T18:06:10,mirova-archivo,1
2008-05-12T03:20:00,357070,Nevados de Chillan,MODIS,7.005,1.41,1,baja,2026-10-05T18:06:10,mirova-archivo,1
2008-05-13T04:05:00,357070,Nevados de Chillan,MODIS,2.648,2.00,1,baja,2026-10-05T18:06:10,mirova-archivo,1
2008-05-13T05:45:00,357070,Nevados de Chillan,MODIS,4.895,1.41,1,baja,2026-10-05T18:06:10,mirova-archivo,1
2008-05-14T03:10:00,357070,Nevados de Chillan,MODIS,7.5,2.24,1,baja,2026-10-05T18:06:10,mirova-archivo,1
2008-05-14T06:25:00,357070,Nevados de Chillan,MODIS,0.6966,1.41,1,muy baja,2026-10-05T18:06:10,mirova-archivo,1
2008-05-15T05:30:00,357070,Nevados de Chillan,MODIS,2.905,2.24,1,baja,2026-10-05T18:06:10,mirova-archivo,1
2008-05-16T03:00:00,357070,Nevados de Chillan,MODIS,0.8336,1.41,1,muy baja,2026-10-05T18:06:10,mirova-archivo,1
2008-05-16T06:15:00,357070,Nevados de Chillan,MODIS,1.398,1.00,1,baja,2026-10-05T18:06:10,mirova-archivo,1
2008-05-17T05:20:00,357070,Nevados de Chillan,MODIS,0.5024,2.00,1,muy baja,2026-10-05T18:06:10,mirova-archivo,1
2008-05-24T03:45:00,357070,Nevados de Chillan,MODIS,3.188,1.41,1,baja,2026-10-05T18:06:10,mirova-archivo,1
2008-05-24T05:25:00,357070,Nevados de Chillan,MODIS,2.247,2.24,1,baja,2026-10-05T18:06:10,mirova-archivo,1
2008-05-25T02:50:00,357070,Nevados de Chillan,MODIS,0.9338,2.00,1,muy baja,2026-10-05T18:06:10,mirova-archivo,1
2008-05-28T03:20:00,357070,Nevados de Chillan,MODIS,4.914,1.41,1,baja,2026-10-05T18:06:10,mirova-archivo,1
2008-05-29T04:05:00,357070,Nevados de Chillan,MODIS,0.751,1.00,1,muy baja,2026-10-05T18:06:10,mirova-archivo,1
2008-05-29T05:45:00,357070,Nevados de Chillan,MODIS,4.121,1.41,1,baja,2026-10-05T18:06:10,mirova-archivo,1
2008-05-30T03:10:00,357070,Nevados de Chillan,MODIS,2.445,2.24,1,baja,2026-10-05T18:06:10,mirova-archivo,1
2008-05-30T06:25:00,357070,Nevados de Chillan,MODIS,1.699,2.24,1,baja,2026-10-05T18:06:10,mirova-archivo,1
2008-05-31T03:55:00,357070,Nevados de Chillan,MODIS,1.85,1.00,1,baja,2026-10-05T18:06:10,mirova-archivo,1
2008-05-31T05:30:00,357070,Nevados de Chillan,MODIS,3.194,2.24,1,baja,2026-10-05T18:06:10,mirova-archivo,1
2008-06-02T03:40:00,357070,Nevados de Chillan,MODIS,3.328,1.00,1,baja,2026-10-05T18:06:10,mirova-archivo,1
2008-06-09T03:45:00,357070,Nevados de Chillan,MODIS,1.693,1.00,1,baja,2026-10-05T18:06:10,mirova-archivo,1
2008-06-09T05:25:00,357070,Nevados de Chillan,MODIS,0.1699,1.00,1,muy baja,2026-10-05T18:06:10,mirova-archivo,1
2008-06-11T03:35:00,357070,Nevados de Chillan,MODIS,2.378,1.00,1,baja,2026-10-05T18:06:10,mirova-archivo,1
2008-06-12T05:55:00,357070,Nevados de Chillan,MODIS,2.96,2.00,1,baja,2026-10-05T18:06:10,mirova-archivo,1
2008-06-13T03:20:00,357070,Nevados de Chillan,MODIS,3.917,1.00,1,baja,2026-10-05T18:06:10,mirova-archivo,1
2008-06-14T05:45:00,357070,Nevados de Chillan,MODIS,2.034,1.00,1,baja,2026-10-05T18:06:10,mirova-archivo,1
2008-06-15T03:10:00,357070,Nevados de Chillan,MODIS,4.511,1.41,1,baja,2026-10-05T18:06:10,mirova-archivo,1
2008-06-15T06:25:00,357070,Nevados de Chillan,MODIS,2.592,2.24,1,baja,2026-10-05T18:06:10,mirova-archivo,1
2008-06-16T03:55:00,357070,Nevados de Chillan,MODIS,3.725,1.00,1,baja,2026-10-05T18:06:10,mirova-archivo,1
2008-06-16T05:30:00,357070,Nevados de Chillan,MODIS,3.5,1.41,1,baja,2026-10-05T18:06:10,mirova-archivo,1
2008-06-17T03:00:00,357070,Nevados de Chillan,MODIS,1.233,2.00,1,baja,2026-10-05T18:06:10,mirova-archivo,1
2008-06-17T06:15:00,357070,Nevados de Chillan,MODIS,1.554,1.41,1,baja,2026-10-05T18:06:10,mirova-archivo,1
2008-06-18T03:40:00,357070,Nevados de Chillan,MODIS,4.503,1.00,1,baja,2026-10-05T18:06:10,mirova-archivo,1
2008-06-21T04:10:00,357070,Nevados de Chillan,MODIS,1.114,2.00,1,baja,2026-10-05T18:06:10,mirova-archivo,1
2008-06-21T05:50:00,357070,Nevados de Chillan,MODIS,3.292,1.41,1,baja,2026-10-05T18:06:10,mirova-archivo,1
2008-06-22T03:15:00,357070,Nevados de Chillan,MODIS,0.7734,0.00,1,muy baja,2026-10-05T18:06:10,mirova-archivo,1
2008-06-24T03:05:00,357070,Nevados de Chillan,MODIS,2.937,1.41,1,baja,2026-10-05T18:06:10,mirova-archivo,1
2008-06-24T06:20:00,357070,Nevados de Chillan,MODIS,1.536,2.00,1,baja,2026-10-05T18:06:10,mirova-archivo,1
2008-06-25T03:45:00,357070,Nevados de Chillan,MODIS,0.4892,0.00,1,muy baja,2026-10-05T18:06:10,mirova-archivo,1
2008-06-25T05:25:00,357070,Nevados de Chillan,MODIS,1.981,2.24,1,baja,2026-10-05T18:06:10,mirova-archivo,1
2008-06-26T06:10:00,357070,Nevados de Chillan,MODIS,0.8244,1.00,1,muy baja,2026-10-05T18:06:10,mirova-archivo,1
2008-06-27T03:35:00,357070,Nevados de Chillan,MODIS,0.6202,1.00,1,muy baja,2026-10-05T18:06:10,mirova-archivo,1
2008-06-28T05:55:00,357070,Nevados de Chillan,MODIS,2.325,1.00,1,baja,2026-10-05T18:06:10,mirova-archivo,1
2008-06-29T03:20:00,357070,Nevados de Chillan,MODIS,2.967,1.00,1,baja,2026-10-05T18:06:10,mirova-archivo,1
2008-07-03T03:00:00,357070,Nevados de Chillan,MODIS,0.3875,1.00,1,muy baja,2026-10-05T18:06:10,mirova-archivo,1
2008-07-03T06:15:00,357070,Nevados de Chillan,MODIS,0.5946,2.00,1,muy baja,2026-10-05T18:06:10,mirova-archivo,1
2008-07-04T03:40:00,357070,Nevados de Chillan,MODIS,1.258,1.41,1,baja,2026-10-05T18:06:10,mirova-archivo,1
2008-07-06T03:30:00,357070,Nevados de Chillan,MODIS,2.176,1.00,1,baja,2026-10-05T18:06:10,mirova-archivo,1
2008-07-09T04:00:00,357070,Nevados de Chillan,MODIS,2.698,1.00,1,baja,2026-10-05T18:06:10,mirova-archivo,1
2008-07-09T05:40:00,357070,Nevados de Chillan,MODIS,0.9557,1.00,1,muy baja,2026-10-05T18:06:10,mirova-archivo,1
2008-07-15T03:20:00,357070,Nevados de Chillan,MODIS,1.674,1.00,1,baja,2026-10-05T18:06:10,mirova-archivo,1
2008-07-16T05:45:00,357070,Nevados de Chillan,MODIS,1.64,1.41,1,baja,2026-10-05T18:06:10,mirova-archivo,1
2008-07-18T05:30:00,357070,Nevados de Chillan,MODIS,1.958,2.00,1,baja,2026-10-05T18:06:10,mirova-archivo,1
2008-07-19T06:15:00,357070,Nevados de Chillan,MODIS,2.255,2.00,1,baja,2026-10-05T18:06:10,mirova-archivo,1
2008-07-20T03:40:00,357070,Nevados de Chillan,MODIS,1.204,1.00,1,baja,2026-10-05T18:06:10,mirova-archivo,1
2008-07-24T03:15:00,357070,Nevados de Chillan,MODIS,0.1133,0.00,1,muy baja,2026-10-05T18:06:10,mirova-archivo,1
2008-07-26T06:20:00,357070,Nevados de Chillan,MODIS,0.9345,2.00,1,muy baja,2026-10-05T18:06:10,mirova-archivo,1
2008-07-27T03:45:00,357070,Nevados de Chillan,MODIS,1.633,1.00,1,baja,2026-10-05T18:06:10,mirova-archivo,1
2008-07-27T05:25:00,357070,Nevados de Chillan,MODIS,0.5058,1.41,1,muy baja,2026-10-05T18:06:10,mirova-archivo,1
2008-07-28T06:10:00,357070,Nevados de Chillan,MODIS,2.345,2.00,1,baja,2026-10-05T18:06:10,mirova-archivo,1
2008-07-29T03:35:00,357070,Nevados de Chillan,MODIS,2.542,1.41,1,baja,2026-10-05T18:06:10,mirova-archivo,1
2008-08-05T03:40:00,357070,Nevados de Chillan,MODIS,1.302,0.00,1,baja,2026-10-05T18:06:10,mirova-archivo,1
2008-08-07T03:30:00,357070,Nevados de Chillan,MODIS,0.4059,0.00,1,muy baja,2026-10-05T18:06:10,mirova-archivo,1
2008-08-08T05:50:00,357070,Nevados de Chillan,MODIS,1.161,1.00,1,baja,2026-10-05T18:06:10,mirova-archivo,1
2008-08-09T03:15:00,357070,Nevados de Chillan,MODIS,0.7512,1.00,1,muy baja,2026-10-05T18:06:10,mirova-archivo,1
2008-08-12T03:45:00,357070,Nevados de Chillan,MODIS,1.007,1.00,1,baja,2026-10-05T18:06:10,mirova-archivo,1
2008-08-17T04:05:00,357070,Nevados de Chillan,MODIS,1.031,1.00,1,baja,2026-10-05T18:06:10,mirova-archivo,1
2008-08-17T05:45:00,357070,Nevados de Chillan,MODIS,1.359,1.41,1,baja,2026-10-05T18:06:10,mirova-archivo,1
2008-08-21T03:40:00,357070,Nevados de Chillan,MODIS,1.947,1.00,1,baja,2026-10-05T18:06:10,mirova-archivo,1
2008-08-21T05:20:00,357070,Nevados de Chillan,MODIS,0.1881,1.00,1,muy baja,2026-10-05T18:06:10,mirova-archivo,1
2008-08-22T06:05:00,357070,Nevados de Chillan,MODIS,1.279,2.00,1,baja,2026-10-05T18:06:10,mirova-archivo,1
2008-08-23T03:30:00,357070,Nevados de Chillan,MODIS,1.934,1.00,1,baja,2026-10-05T18:06:10,mirova-archivo,1
2008-08-24T05:50:00,357070,Nevados de Chillan,MODIS,0.4564,1.00,1,muy baja,2026-10-05T18:06:10,mirova-archivo,1
2008-09-03T03:10:00,357070,Nevados de Chillan,MODIS,0.5963,1.00,1,muy baja,2026-10-05T18:06:10,mirova-archivo,1
2008-09-05T06:15:00,357070,Nevados de Chillan,MODIS,0.4216,1.00,1,muy baja,2026-10-05T18:06:10,mirova-archivo,1
2008-09-06T03:40:00,357070,Nevados de Chillan,MODIS,0.7294,0.00,1,muy baja,2026-10-05T18:06:10,mirova-archivo,1
2008-09-11T05:40:00,357070,Nevados de Chillan,MODIS,0.4463,1.00,1,muy baja,2026-10-05T18:06:10,mirova-archivo,1
2008-09-13T03:45:00,357070,Nevados de Chillan,MODIS,0.5955,0.00,1,muy baja,2026-10-05T18:06:10,mirova-archivo,1
2008-09-15T03:35:00,357070,Nevados de Chillan,MODIS,1.101,1.00,1,baja,2026-10-05T18:06:10,mirova-archivo,1
2008-09-16T05:55:00,357070,Nevados de Chillan,MODIS,0.8603,1.00,1,muy baja,2026-10-05T18:06:10,mirova-archivo,1
2008-09-17T03:20:00,357070,Nevados de Chillan,MODIS,0.466,1.00,1,muy baja,2026-10-05T18:06:10,mirova-archivo,1
2008-09-20T03:55:00,357070,Nevados de Chillan,MODIS,1.073,1.00,1,baja,2026-10-05T18:06:10,mirova-archivo,1
2008-09-21T06:15:00,357070,Nevados de Chillan,MODIS,0.338,1.00,1,muy baja,2026-10-05T18:06:10,mirova-archivo,1
2008-09-23T06:05:00,357070,Nevados de Chillan,MODIS,0.4414,1.00,1,muy baja,2026-10-05T18:06:10,mirova-archivo,1
2008-09-28T06:20:00,357070,Nevados de Chillan,MODIS,0.3345,1.00,1,muy baja,2026-10-05T18:06:10,mirova-archivo,1
2008-09-29T03:45:00,357070,Nevados de Chillan,MODIS,0.5769,0.00,1,muy baja,2026-10-05T18:06:10,mirova-archivo,1
2008-10-04T05:45:00,357070,Nevados de Chillan,MODIS,0.61,1.00,1,muy baja,2026-10-05T18:06:10,mirova-archivo,1
2008-10-15T03:45:00,357070,Nevados de Chillan,MODIS,0.4809,0.00,1,muy baja,2026-10-05T18:06:10,mirova-archivo,1
2009-02-13T03:40:00,357070,Nevados de Chillan,MODIS,6.358,19.03,0,no volcanica,2026-10-05T18:06:10,mirova-archivo,0
2009-04-27T03:35:00,357070,Nevados de Chillan,MODIS,8.028,16.12,0,no volcanica,2026-10-05T18:06:10,mirova-archivo,0
2009-04-30T05:50:00,357070,Nevados de Chillan,MODIS,1.717,16.55,0,no volcanica,2026-10-05T18:06:10,mirova-archivo,0
2009-05-01T03:10:00,357070,Nevados de Chillan,MODIS,13.69,12.04,0,no volcanica,2026-10-05T18:06:10,mirova-archivo,0
2009-05-01T06:30:00,357070,Nevados de Chillan,MODIS,8.981,11.18,0,no volcanica,2026-10-05T18:06:10,mirova-archivo,0
2009-05-02T03:55:00,357070,Nevados de Chillan,MODIS,29.45,15.23,0,no volcanica,2026-10-05T18:06:10,mirova-archivo,0
2009-05-02T05:35:00,357070,Nevados de Chillan,MODIS,6.282,14.00,0,no volcanica,2026-10-05T18:06:10,mirova-archivo,0
2009-05-03T06:20:00,357070,Nevados de Chillan,MODIS,24.81,13.04,0,no volcanica,2026-10-05T18:06:10,mirova-archivo,0
2009-06-10T04:00:00,357070,Nevados de Chillan,MODIS,4.859,21.21,0,no volcanica,2026-10-05T18:06:10,mirova-archivo,0
2009-06-10T05:40:00,357070,Nevados de Chillan,MODIS,2.327,20.02,0,no volcanica,2026-10-05T18:06:10,mirova-archivo,0
2009-09-13T03:15:00,357070,Nevados de Chillan,MODIS,3.796,20.10,0,no volcanica,2026-10-05T18:06:10,mirova-archivo,0
2011-02-06T04:10:00,357070,Nevados de Chillan,MODIS,27.41,23.54,0,no volcanica,2026-10-05T18:06:10,mirova-archivo,0
2011-02-06T05:50:00,357070,Nevados de Chillan,MODIS,14.77,22.80,0,no volcanica,2026-10-05T18:06:10,mirova-archivo,0
2012-02-29T05:48:00,357070,Nevados de Chillan,VIIRS375,0.5694,25.33,0,no volcanica,2026-10-05T18:06:10,mirova-archivo,0
2012-04-08T05:18:00,357070,Nevados de Chillan,VIIRS375,0.3685,24.15,0,no volcanica,2026-10-05T18:06:10,mirova-archivo,0
2012-04-23T05:36:00,357070,Nevados de Chillan,VIIRS375,0.2778,25.51,0,no volcanica,2026-10-05T18:06:10,mirova-archivo,0
2012-05-01T04:42:00,357070,Nevados de Chillan,VIIRS375,1.091,20.14,0,no volcanica,2026-10-05T18:06:10,mirova-archivo,0
2012-05-01T06:24:00,357070,Nevados de Chillan,VIIRS375,0.2007,9.84,0,no volcanica,2026-10-05T18:06:10,mirova-archivo,0
2012-05-16T06:42:00,357070,Nevados de Chillan,VIIRS375,0.9017,28.76,0,no volcanica,2026-10-05T18:06:10,mirova-archivo,0
2012-05-27T04:54:00,357070,Nevados de Chillan,VIIRS375,0.1374,18.87,0,no volcanica,2026-10-05T18:06:10,mirova-archivo,0
2012-05-31T05:24:00,357070,Nevados de Chillan,VIIRS375,0.5348,22.29,0,no volcanica,2026-10-05T18:06:10,mirova-archivo,0
2012-06-04T05:48:00,357070,Nevados de Chillan,VIIRS375,3,14.08,0,no volcanica,2026-10-05T18:06:10,mirova-archivo,0
2012-06-07T04:48:00,357070,Nevados de Chillan,VIIRS375,0.1921,14.67,0,no volcanica,2026-10-05T18:06:10,mirova-archivo,0
2012-06-15T05:42:00,357070,Nevados de Chillan,VIIRS375,0.06738,28.38,0,no volcanica,2026-10-05T18:06:10,mirova-archivo,0
2012-06-28T04:54:00,357070,Nevados de Chillan,VIIRS375,0.5419,9.40,0,no volcanica,2026-10-05T18:06:10,mirova-archivo,0
2012-07-15T06:18:00,357070,Nevados de Chillan,VIIRS375,0.1545,12.17,0,no volcanica,2026-10-05T18:06:10,mirova-archivo,0
2012-08-01T06:00:00,357070,Nevados de Chillan,VIIRS375,0.1221,23.77,0,no volcanica,2026-10-05T18:06:10,mirova-archivo,0
2012-08-28T05:54:00,357070,Nevados de Chillan,VIIRS375,0.4513,18.81,0,no volcanica,2026-10-05T18:06:10,mirova-archivo,0
2012-10-30T06:12:00,357070,Nevados de Chillan,VIIRS375,0.3017,13.95,0,no volcanica,2026-10-05T18:06:10,mirova-archivo,0
2012-11-27T05:48:00,357070,Nevados de Chillan,VIIRS375,0.8958,24.45,0,no volcanica,2026-10-05T18:06:10,mirova-archivo,0
2013-01-06T06:36:00,357070,Nevados de Chillan,VIIRS375,1.804,3.99,0,no volcanica,2026-10-05T18:06:10,mirova-archivo,0
2013-01-22T04:54:00,357070,Nevados de Chillan,VIIRS375,0.5971,28.11,0,no volcanica,2026-10-05T18:06:10,mirova-archivo,0
2013-01-23T06:18:00,357070,Nevados de Chillan,VIIRS375,0.7361,2.40,0,no volcanica,2026-10-05T18:06:10,mirova-archivo,0
2013-03-17T06:24:00,357070,Nevados de Chillan,VIIRS375,0.831,27.51,0,no volcanica,2026-10-05T18:06:10,mirova-archivo,0
2013-04-12T06:36:00,357070,Nevados de Chillan,VIIRS375,2.114,18.79,0,no volcanica,2026-10-05T18:06:10,mirova-archivo,0
2013-04-17T03:15:00,357070,Nevados de Chillan,MODIS,7.535,24.04,0,no volcanica,2026-10-05T18:06:10,mirova-archivo,0
2013-04-17T05:06:00,357070,Nevados de Chillan,VIIRS375,8.026,22.89,0,no volcanica,2026-10-05T18:06:10,mirova-archivo,0
2013-04-19T06:06:00,357070,Nevados de Chillan,VIIRS375,0.6802,18.87,0,no volcanica,2026-10-05T18:06:10,mirova-archivo,0
2013-04-26T05:36:00,357070,Nevados de Chillan,VIIRS375,0.3251,13.08,0,no volcanica,2026-10-05T18:06:10,mirova-archivo,0
2013-05-08T05:12:00,357070,Nevados de Chillan,VIIRS375,0.2978,13.83,0,no volcanica,2026-10-05T18:06:10,mirova-archivo,0
2013-05-27T05:54:00,357070,Nevados de Chillan,VIIRS375,0.3988,14.99,0,no volcanica,2026-10-05T18:06:10,mirova-archivo,0
2013-06-23T05:48:00,357070,Nevados de Chillan,VIIRS375,0.2909,14.10,0,no volcanica,2026-10-05T18:06:10,mirova-archivo,0
2013-06-26T06:30:00,357070,Nevados de Chillan,VIIRS375,0.01596,1.88,0,no volcanica,2026-10-05T18:06:10,mirova-archivo,0
2013-06-27T06:12:00,357070,Nevados de Chillan,VIIRS375,0.1028,29.14,0,no volcanica,2026-10-05T18:06:10,mirova-archivo,0
2013-07-05T05:24:00,357070,Nevados de Chillan,VIIRS375,0.2805,18.02,0,no volcanica,2026-10-05T18:06:10,mirova-archivo,0
2013-07-25T05:48:00,357070,Nevados de Chillan,VIIRS375,0.5752,25.15,0,no volcanica,2026-10-05T18:06:10,mirova-archivo,0
2013-08-04T06:00:00,357070,Nevados de Chillan,VIIRS375,0.2197,23.26,0,no volcanica,2026-10-05T18:06:10,mirova-archivo,0
2013-08-05T05:42:00,357070,Nevados de Chillan,VIIRS375,0.539,6.10,0,no volcanica,2026-10-05T18:06:10,mirova-archivo,0
2013-08-07T05:06:00,357070,Nevados de Chillan,VIIRS375,0.06832,21.17,0,no volcanica,2026-10-05T18:06:10,mirova-archivo,0
2013-09-06T05:42:00,357070,Nevados de Chillan,VIIRS375,0.2487,13.83,0,no volcanica,2026-10-05T18:06:10,mirova-archivo,0
2013-09-28T05:30:00,357070,Nevados de Chillan,VIIRS375,0.6155,26.35,0,no volcanica,2026-10-05T18:06:10,mirova-archivo,0
2013-10-24T05:42:00,357070,Nevados de Chillan,VIIRS375,0.3393,14.20,0,no volcanica,2026-10-05T18:06:10,mirova-archivo,0
2013-11-13T06:06:00,357070,Nevados de Chillan,VIIRS375,0.3044,4.64,0,no volcanica,2026-10-05T18:06:10,mirova-archivo,0
2013-12-16T05:48:00,357070,Nevados de Chillan,VIIRS375,0.5915,8.91,0,no volcanica,2026-10-05T18:06:10,mirova-archivo,0
2014-01-21T04:36:00,357070,Nevados de Chillan,VIIRS375,0.06426,2.37,0,no volcanica,2026-10-05T18:06:10,mirova-archivo,0
2014-01-31T06:30:00,357070,Nevados de Chillan,VIIRS375,0.3969,20.01,0,no volcanica,2026-10-05T18:06:10,mirova-archivo,0
2014-03-26T04:36:00,357070,Nevados de Chillan,VIIRS375,0.7735,14.56,0,no volcanica,2026-10-05T18:06:10,mirova-archivo,0
2014-03-28T05:42:00,357070,Nevados de Chillan,VIIRS375,0.4826,23.40,0,no volcanica,2026-10-05T18:06:10,mirova-archivo,0
2014-04-08T05:36:00,357070,Nevados de Chillan,VIIRS375,0.2222,14.93,0,no volcanica,2026-10-05T18:06:10,mirova-archivo,0
2014-05-18T04:48:00,357070,Nevados de Chillan,VIIRS375,0.01835,2.02,0,no volcanica,2026-10-05T18:06:10,mirova-archivo,0
2014-06-03T04:48:00,357070,Nevados de Chillan,VIIRS375,6.838,23.48,0,no volcanica,2026-10-05T18:06:10,mirova-archivo,0
2014-07-12T05:54:00,357070,Nevados de Chillan,VIIRS375,0.03991,1.06,0,no volcanica,2026-10-05T18:06:10,mirova-archivo,0
2014-07-27T06:12:00,357070,Nevados de Chillan,VIIRS375,0.2056,21.52,0,no volcanica,2026-10-05T18:06:10,mirova-archivo,0
2014-09-11T05:12:00,357070,Nevados de Chillan,VIIRS375,0.5349,22.70,0,no volcanica,2026-10-05T18:06:10,mirova-archivo,0
2014-10-11T05:48:00,357070,Nevados de Chillan,VIIRS375,0.1715,11.47,0,no volcanica,2026-10-05T18:06:10,mirova-archivo,0
2014-10-15T06:18:00,357070,Nevados de Chillan,VIIRS375,1.314,20.67,0,no volcanica,2026-10-05T18:06:10,mirova-archivo,0
2014-10-26T06:12:00,357070,Nevados de Chillan,VIIRS375,0.7168,26.65,0,no volcanica,2026-10-05T18:06:10,mirova-archivo,0
2014-11-28T05:48:00,357070,Nevados de Chillan,VIIRS375,0.03908,2.02,0,no volcanica,2026-10-05T18:06:10,mirova-archivo,0
2014-12-20T05:36:00,357070,Nevados de Chillan,VIIRS375,0.1301,18.95,0,no volcanica,2026-10-05T18:06:10,mirova-archivo,0
2015-01-02T06:36:00,357070,Nevados de Chillan,VIIRS375,1.584,20.96,0,no volcanica,2026-10-05T18:06:10,mirova-archivo,0
2015-01-19T06:12:00,357070,Nevados de Chillan,VIIRS375,2.246,29.40,0,no volcanica,2026-10-05T18:06:10,mirova-archivo,0
2015-02-25T06:18:00,357070,Nevados de Chillan,VIIRS375,0.2216,24.38,0,no volcanica,2026-10-05T18:06:10,mirova-archivo,0
2015-02-26T06:00:00,357070,Nevados de Chillan,VIIRS375,0.2926,21.23,0,no volcanica,2026-10-05T18:06:10,mirova-archivo,0
2015-02-27T03:10:00,357070,Nevados de Chillan,MODIS,1.717,20.62,0,no volcanica,2026-10-05T18:06:10,mirova-archivo,0
2015-02-27T05:42:00,357070,Nevados de Chillan,VIIRS375,6.646,21.35,0,no volcanica,2026-10-05T18:06:10,mirova-archivo,0
2015-02-28T05:24:00,357070,Nevados de Chillan,VIIRS375,4.533,21.84,0,no volcanica,2026-10-05T18:06:10,mirova-archivo,0
2015-03-02T03:40:00,357070,Nevados de Chillan,MODIS,6.643,21.59,0,no volcanica,2026-10-05T18:06:10,mirova-archivo,0
2015-03-02T06:24:00,357070,Nevados de Chillan,VIIRS375,0.4219,21.38,0,no volcanica,2026-10-05T18:06:10,mirova-archivo,0
2015-03-05T05:30:00,357070,Nevados de Chillan,VIIRS375,4.394,21.74,0,no volcanica,2026-10-05T18:06:10,mirova-archivo,0
2015-03-05T05:50:00,357070,Nevados de Chillan,MODIS,1.552,21.84,0,no volcanica,2026-10-05T18:06:10,mirova-archivo,0
2015-03-06T03:15:00,357070,Nevados de Chillan,MODIS,4.317,22.56,0,no volcanica,2026-10-05T18:06:10,mirova-archivo,0
2015-03-06T05:12:00,357070,Nevados de Chillan,VIIRS750,6.271,21.84,0,no volcanica,2026-10-05T18:06:10,mirova-archivo,0
2015-03-07T04:54:00,357070,Nevados de Chillan,VIIRS375,12.03,22.10,0,no volcanica,2026-10-05T18:06:10,mirova-archivo,0
2015-03-07T05:40:00,357070,Nevados de Chillan,MODIS,9.2,21.84,0,no volcanica,2026-10-05T18:06:10,mirova-archivo,0
2015-03-07T06:30:00,357070,Nevados de Chillan,VIIRS375,6.789,22.20,0,no volcanica,2026-10-05T18:06:10,mirova-archivo,0
2015-03-08T06:12:00,357070,Nevados de Chillan,VIIRS750,66.04,22.56,0,no volcanica,2026-10-05T18:06:10,mirova-archivo,0
2015-03-08T06:20:00,357070,Nevados de Chillan,MODIS,41.08,22.14,0,no volcanica,2026-10-05T18:06:10,mirova-archivo,0
2015-03-09T03:45:00,357070,Nevados de Chillan,MODIS,262.5,23.77,0,no volcanica,2026-10-05T18:06:10,mirova-archivo,0
2015-03-09T05:25:00,357070,Nevados de Chillan,MODIS,202.2,24.35,0,no volcanica,2026-10-05T18:06:10,mirova-archivo,0
2015-03-09T05:54:00,357070,Nevados de Chillan,VIIRS750,253.2,23.49,0,no volcanica,2026-10-05T18:06:10,mirova-archivo,0
2015-03-10T05:36:00,357070,Nevados de Chillan,VIIRS750,31.09,23.68,0,no volcanica,2026-10-05T18:06:10,mirova-archivo,0
2015-03-10T06:10:00,357070,Nevados de Chillan,MODIS,38.17,23.35,0,no volcanica,2026-10-05T18:06:10,mirova-archivo,0
2015-03-11T03:35:00,357070,Nevados de Chillan,MODIS,69.45,23.19,0,no volcanica,2026-10-05T18:06:10,mirova-archivo,0
2015-03-11T05:18:00,357070,Nevados de Chillan,VIIRS750,33.89,23.55,0,no volcanica,2026-10-05T18:06:10,mirova-archivo,0
2015-03-11T06:54:00,357070,Nevados de Chillan,VIIRS375,13.57,23.86,0,no volcanica,2026-10-05T18:06:10,mirova-archivo,0
2015-03-12T04:15:00,357070,Nevados de Chillan,MODIS,4.172,23.35,0,no volcanica,2026-10-05T18:06:10,mirova-archivo,0
2015-03-12T05:00:00,357070,Nevados de Chillan,VIIRS750,46.44,23.44,0,no volcanica,2026-10-05T18:06:10,mirova-archivo,0
2015-03-12T05:55:00,357070,Nevados de Chillan,MODIS,48.46,23.35,0,no volcanica,2026-10-05T18:06:10,mirova-archivo,0
2015-03-12T06:36:00,357070,Nevados de Chillan,VIIRS375,8.893,23.77,0,no volcanica,2026-10-05T18:06:10,mirova-archivo,0
2015-03-13T03:20:00,357070,Nevados de Chillan,MODIS,126.9,23.09,0,no volcanica,2026-10-05T18:06:10,mirova-archivo,0
2015-03-13T04:36:00,357070,Nevados de Chillan,VIIRS750,7.325,18.52,0,no volcanica,2026-10-05T18:06:10,mirova-archivo,0
2015-03-13T06:18:00,357070,Nevados de Chillan,VIIRS750,22.44,22.70,0,no volcanica,2026-10-05T18:06:10,mirova-archivo,0
2015-03-14T04:05:00,357070,Nevados de Chillan,MODIS,44.61,23.19,0,no volcanica,2026-10-05T18:06:10,mirova-archivo,0
2015-03-14T05:45:00,357070,Nevados de Chillan,MODIS,34.27,23.09,0,no volcanica,2026-10-05T18:06:10,mirova-archivo,0
2015-03-14T06:00:00,357070,Nevados de Chillan,VIIRS750,53.81,23.36,0,no volcanica,2026-10-05T18:06:10,mirova-archivo,0
2015-03-15T05:42:00,357070,Nevados de Chillan,VIIRS750,31.1,24.42,0,no volcanica,2026-10-05T18:06:10,mirova-archivo,0
2015-03-15T06:25:00,357070,Nevados de Chillan,MODIS,11.14,24.74,0,no volcanica,2026-10-05T18:06:10,mirova-archivo,0
2015-03-16T03:55:00,357070,Nevados de Chillan,MODIS,34.37,24.74,0,no volcanica,2026-10-05T18:06:10,mirova-archivo,0
2015-03-16T05:24:00,357070,Nevados de Chillan,VIIRS750,24.11,24.93,0,no volcanica,2026-10-05T18:06:10,mirova-archivo,0
2015-03-16T05:30:00,357070,Nevados de Chillan,MODIS,9.562,24.33,0,no volcanica,2026-10-05T18:06:10,mirova-archivo,0
2015-03-17T03:00:00,357070,Nevados de Chillan,MODIS,71.55,25.63,0,no volcanica,2026-10-05T18:06:10,mirova-archivo,0
2015-03-18T03:40:00,357070,Nevados de Chillan,MODIS,1.889,18.68,0,no volcanica,2026-10-05T18:06:10,mirova-archivo,0
2015-03-18T06:24:00,357070,Nevados de Chillan,VIIRS375,4.154,25.28,0,no volcanica,2026-10-05T18:06:10,mirova-archivo,0
2015-03-19T06:00:00,357070,Nevados de Chillan,MODIS,1.84,17.09,0,no volcanica,2026-10-05T18:06:10,mirova-archivo,0
2015-03-19T06:06:00,357070,Nevados de Chillan,VIIRS375,2.424,25.28,0,no volcanica,2026-10-05T18:06:10,mirova-archivo,0
2015-03-20T03:30:00,357070,Nevados de Chillan,MODIS,1.922,17.46,0,no volcanica,2026-10-05T18:06:10,mirova-archivo,0
2015-03-20T05:48:00,357070,Nevados de Chillan,VIIRS375,2.24,17.78,0,no volcanica,2026-10-05T18:06:10,mirova-archivo,0
2015-03-31T05:42:00,357070,Nevados de Chillan,VIIRS375,0.7294,12.57,0,no volcanica,2026-10-05T18:06:10,mirova-archivo,0
2015-04-02T05:06:00,357070,Nevados de Chillan,VIIRS375,1.057,18.26,0,no volcanica,2026-10-05T18:06:10,mirova-archivo,0
2015-04-02T06:15:00,357070,Nevados de Chillan,MODIS,6.297,12.65,0,no volcanica,2026-10-05T18:06:10,mirova-archivo,0
2015-04-02T06:42:00,357070,Nevados de Chillan,VIIRS375,10.31,26.39,0,no volcanica,2026-10-05T18:06:10,mirova-archivo,0
2015-04-04T06:06:00,357070,Nevados de Chillan,VIIRS375,0.253,12.93,0,no volcanica,2026-10-05T18:06:10,mirova-archivo,0
2015-04-05T05:48:00,357070,Nevados de Chillan,VIIRS375,1.635,24.73,0,no volcanica,2026-10-05T18:06:10,mirova-archivo,0
2015-04-06T05:30:00,357070,Nevados de Chillan,VIIRS375,5.729,24.98,0,no volcanica,2026-10-05T18:06:10,mirova-archivo,0
2015-04-11T05:36:00,357070,Nevados de Chillan,VIIRS375,0.9052,20.66,0,no volcanica,2026-10-05T18:06:10,mirova-archivo,0
2015-05-09T05:06:00,357070,Nevados de Chillan,VIIRS375,0.4216,26.34,0,no volcanica,2026-10-05T18:06:10,mirova-archivo,0
2015-05-20T06:42:00,357070,Nevados de Chillan,VIIRS375,0.3718,20.52,0,no volcanica,2026-10-05T18:06:10,mirova-archivo,0
2015-05-28T05:54:00,357070,Nevados de Chillan,VIIRS375,0.2743,26.12,0,no volcanica,2026-10-05T18:06:10,mirova-archivo,0
2015-08-25T04:42:00,357070,Nevados de Chillan,VIIRS375,0.2095,12.76,0,no volcanica,2026-10-05T18:06:10,mirova-archivo,0
2015-09-01T05:54:00,357070,Nevados de Chillan,VIIRS375,0.2371,23.03,0,no volcanica,2026-10-05T18:06:10,mirova-archivo,0
2015-09-06T06:00:00,357070,Nevados de Chillan,VIIRS375,0.205,22.70,0,no volcanica,2026-10-05T18:06:10,mirova-archivo,0
2015-09-21T06:18:00,357070,Nevados de Chillan,VIIRS375,0.2027,26.85,0,no volcanica,2026-10-05T18:06:10,mirova-archivo,0
2015-09-27T06:06:00,357070,Nevados de Chillan,VIIRS375,0.194,24.98,0,no volcanica,2026-10-05T18:06:10,mirova-archivo,0
2015-11-24T06:18:00,357070,Nevados de Chillan,VIIRS375,1.128,20.83,0,no volcanica,2026-10-05T18:06:10,mirova-archivo,0
2016-02-02T06:00:00,357070,Nevados de Chillan,VIIRS375,0.591,28.12,0,no volcanica,2026-10-05T18:06:10,mirova-archivo,0
2016-02-20T05:24:00,357070,Nevados de Chillan,VIIRS375,0.4862,12.37,0,no volcanica,2026-10-05T18:06:10,mirova-archivo,0
2016-02-20T05:50:00,357070,Nevados de Chillan,MODIS,4.016,12.37,0,no volcanica,2026-10-05T18:06:10,mirova-archivo,0
2016-03-23T05:24:00,357070,Nevados de Chillan,VIIRS375,0.3074,18.74,0,no volcanica,2026-10-05T18:06:10,mirova-archivo,0
2016-05-19T05:54:00,357070,Nevados de Chillan,VIIRS375,0.1585,22.90,0,no volcanica,2026-10-05T18:06:10,mirova-archivo,0
2016-06-03T06:12:00,357070,Nevados de Chillan,VIIRS375,0.8812,17.24,0,no volcanica,2026-10-05T18:06:10,mirova-archivo,0
2016-07-17T05:48:00,357070,Nevados de Chillan,VIIRS375,0.4272,10.13,0,no volcanica,2026-10-05T18:06:10,mirova-archivo,0
2016-07-24T05:18:00,357070,Nevados de Chillan,VIIRS375,0.08339,4.64,0,no volcanica,2026-10-05T18:06:10,mirova-archivo,0
2016-09-04T05:30:00,357070,Nevados de Chillan,VIIRS375,2.763,29.53,0,no volcanica,2026-10-05T18:06:10,mirova-archivo,0
2016-09-19T05:48:00,357070,Nevados de Chillan,VIIRS375,0.3154,16.75,0,no volcanica,2026-10-05T18:06:10,mirova-archivo,0
2016-09-24T05:54:00,357070,Nevados de Chillan,VIIRS375,0.6206,28.47,0,no volcanica,2026-10-05T18:06:10,mirova-archivo,0
2016-11-01T05:42:00,357070,Nevados de Chillan,VIIRS375,0.3797,23.89,0,no volcanica,2026-10-05T18:06:10,mirova-archivo,0
2016-11-02T05:24:00,357070,Nevados de Chillan,VIIRS375,0.2148,11.41,0,no volcanica,2026-10-05T18:06:10,mirova-archivo,0
2016-11-12T05:36:00,357070,Nevados de Chillan,VIIRS375,0.4686,15.91,0,no volcanica,2026-10-05T18:06:10,mirova-archivo,0
2016-12-14T03:10:00,357070,Nevados de Chillan,MODIS,2.461,1.00,1,baja,2026-10-05T18:06:10,mirova-archivo,1
2016-12-14T05:36:00,357070,Nevados de Chillan,VIIRS375,1.069,24.82,0,no volcanica,2026-10-05T18:06:10,mirova-archivo,0
2016-12-29T05:54:00,357070,Nevados de Chillan,VIIRS375,0.1496,0.53,1,muy baja,2026-10-05T18:06:10,mirova-archivo,1
2017-01-09T05:48:00,357070,Nevados de Chillan,VIIRS375,0.2301,20.33,0,no volcanica,2026-10-05T18:06:10,mirova-archivo,0
2017-01-11T05:12:00,357070,Nevados de Chillan,VIIRS375,0.1538,23.78,0,no volcanica,2026-10-05T18:06:10,mirova-archivo,0
2017-02-17T05:18:00,357070,Nevados de Chillan,VIIRS375,0.3061,13.88,0,no volcanica,2026-10-05T18:06:10,mirova-archivo,0
2017-02-23T06:42:00,357070,Nevados de Chillan,VIIRS375,0.4328,24.93,0,no volcanica,2026-10-05T18:06:10,mirova-archivo,0
2017-03-10T05:24:00,357070,Nevados de Chillan,VIIRS375,0.199,0.53,1,muy baja,2026-10-05T18:06:10,mirova-archivo,1
2017-03-29T06:06:00,357070,Nevados de Chillan,VIIRS375,0.06577,0.38,1,muy baja,2026-10-05T18:06:10,mirova-archivo,1
2017-03-31T05:30:00,357070,Nevados de Chillan,VIIRS375,0.1171,0.53,1,muy baja,2026-10-05T18:06:10,mirova-archivo,1
2017-04-03T06:12:00,357070,Nevados de Chillan,VIIRS375,1.392,19.81,0,no volcanica,2026-10-05T18:06:10,mirova-archivo,0
2017-04-20T05:54:00,357070,Nevados de Chillan,VIIRS375,0.5104,27.13,0,no volcanica,2026-10-05T18:06:10,mirova-archivo,0
2017-04-26T05:42:00,357070,Nevados de Chillan,VIIRS375,0.04762,0.53,1,muy baja,2026-10-05T18:06:10,mirova-archivo,1
2017-04-28T06:42:00,357070,Nevados de Chillan,VIIRS375,0.1268,0.84,1,muy baja,2026-10-05T18:06:10,mirova-archivo,1
2017-05-18T05:30:00,357070,Nevados de Chillan,VIIRS375,0.1242,21.38,0,no volcanica,2026-10-05T18:06:10,mirova-archivo,0
2017-05-30T05:06:00,357070,Nevados de Chillan,VIIRS375,0.5118,5.00,0,no volcanica,2026-10-05T18:06:10,mirova-archivo,0
2017-06-13T05:42:00,357070,Nevados de Chillan,VIIRS375,0.1445,25.20,0,no volcanica,2026-10-05T18:06:10,mirova-archivo,0
2017-07-10T05:36:00,357070,Nevados de Chillan,VIIRS375,0.5872,4.39,0,no volcanica,2026-10-05T18:06:10,mirova-archivo,0
2017-08-30T06:18:00,357070,Nevados de Chillan,VIIRS375,0.9881,2.86,0,no volcanica,2026-10-05T18:06:10,mirova-archivo,0
2017-09-16T06:00:00,357070,Nevados de Chillan,VIIRS375,0.1686,16.25,0,no volcanica,2026-10-05T18:06:10,mirova-archivo,0
2017-10-04T05:24:00,357070,Nevados de Chillan,VIIRS375,0.1194,11.68,0,no volcanica,2026-10-05T18:06:10,mirova-archivo,0
2017-10-26T05:12:00,357070,Nevados de Chillan,VIIRS375,0.2098,14.43,0,no volcanica,2026-10-05T18:06:10,mirova-archivo,0
2017-11-03T06:00:00,357070,Nevados de Chillan,VIIRS375,0.4296,21.08,0,no volcanica,2026-10-05T18:06:10,mirova-archivo,0
2017-11-04T05:42:00,357070,Nevados de Chillan,VIIRS375,0.1934,18.17,0,no volcanica,2026-10-05T18:06:10,mirova-archivo,0
2017-11-22T05:06:00,357070,Nevados de Chillan,VIIRS375,0.2942,24.42,0,no volcanica,2026-10-05T18:06:10,mirova-archivo,0
2017-12-05T06:00:00,357070,Nevados de Chillan,VIIRS375,0.2683,0.38,1,muy baja,2026-10-05T18:06:10,mirova-archivo,1
2017-12-13T05:12:00,357070,Nevados de Chillan,VIIRS375,0.6729,11.94,0,no volcanica,2026-10-05T18:06:10,mirova-archivo,0
2017-12-14T04:54:00,357070,Nevados de Chillan,VIIRS375,0.04611,0.38,1,muy baja,2026-10-05T18:06:10,mirova-archivo,1
2017-12-17T05:36:00,357070,Nevados de Chillan,VIIRS375,1.276,0.75,1,baja,2026-10-05T18:06:10,mirova-archivo,1
2017-12-20T06:18:00,357070,Nevados de Chillan,VIIRS375,0.04564,0.38,1,muy baja,2026-10-05T18:06:10,mirova-archivo,1
2017-12-21T06:00:00,357070,Nevados de Chillan,MODIS,0.4446,1.00,1,muy baja,2026-10-05T18:06:10,mirova-archivo,1
2017-12-21T06:00:00,357070,Nevados de Chillan,VIIRS375,0.7506,0.84,1,muy baja,2026-10-05T18:06:10,mirova-archivo,1
2017-12-22T05:42:00,357070,Nevados de Chillan,VIIRS375,0.9909,0.53,1,muy baja,2026-10-05T18:06:10,mirova-archivo,1
2017-12-23T05:50:00,357070,Nevados de Chillan,MODIS,0.5046,0.00,1,muy baja,2026-10-05T18:06:10,mirova-archivo,1
2017-12-24T05:06:00,357070,Nevados de Chillan,VIIRS375,1.9,0.84,1,baja,2026-10-05T18:06:10,mirova-archivo,1
2017-12-25T06:24:00,357070,Nevados de Chillan,VIIRS375,0.06462,0.75,1,muy baja,2026-10-05T18:06:10,mirova-archivo,1
2017-12-26T06:06:00,357070,Nevados de Chillan,VIIRS375,0.09773,0.53,1,muy baja,2026-10-05T18:06:10,mirova-archivo,1
2017-12-27T03:45:00,357070,Nevados de Chillan,MODIS,0.4686,0.00,1,muy baja,2026-10-05T18:06:10,mirova-archivo,1
2017-12-27T05:48:00,357070,Nevados de Chillan,VIIRS375,0.59,0.53,1,muy baja,2026-10-05T18:06:10,mirova-archivo,1
2017-12-28T05:30:00,357070,Nevados de Chillan,VIIRS375,0.6344,0.53,1,muy baja,2026-10-05T18:06:10,mirova-archivo,1
2017-12-29T05:12:00,357070,Nevados de Chillan,VIIRS375,0.5948,0.53,1,muy baja,2026-10-05T18:06:10,mirova-archivo,1
2017-12-30T04:54:00,357070,Nevados de Chillan,VIIRS375,0.7916,0.84,1,muy baja,2026-10-05T18:06:10,mirova-archivo,1
2017-12-31T06:12:00,357070,Nevados de Chillan,VIIRS375,0.2157,0.53,1,muy baja,2026-10-05T18:06:10,mirova-archivo,1
2018-01-01T05:45:00,357070,Nevados de Chillan,MODIS,0.9525,1.00,1,muy baja,2026-10-05T18:06:10,mirova-archivo,1
2018-01-01T05:54:00,357070,Nevados de Chillan,VIIRS375,0.9104,0.53,1,muy baja,2026-10-05T18:06:10,mirova-archivo,1
2018-01-04T05:00:00,357070,Nevados de Chillan,VIIRS375,0.2858,0.53,1,muy baja,2026-10-05T18:06:10,mirova-archivo,1
2018-01-05T04:42:00,357070,Nevados de Chillan,VIIRS375,0.4986,1.55,1,muy baja,2026-10-05T18:06:10,mirova-archivo,1
2018-01-06T06:00:00,357070,Nevados de Chillan,VIIRS375,0.8987,0.84,1,muy baja,2026-10-05T18:06:10,mirova-archivo,1
2018-01-07T05:42:00,357070,Nevados de Chillan,VIIRS375,0.9903,0.53,1,muy baja,2026-10-05T18:06:10,mirova-archivo,1
2018-01-09T05:06:00,357070,Nevados de Chillan,VIIRS375,0.1651,0.53,1,muy baja,2026-10-05T18:06:10,mirova-archivo,1
2018-01-10T05:36:00,357070,Nevados de Chillan,VIIRS375,0.7126,0.53,1,muy baja,2026-10-05T18:06:10,mirova-archivo,1
2018-01-11T06:06:00,357070,Nevados de Chillan,VIIRS375,0.5535,0.53,1,muy baja,2026-10-05T18:06:10,mirova-archivo,1
2018-01-12T05:48:00,357070,Nevados de Chillan,VIIRS375,0.7177,0.53,1,muy baja,2026-10-05T18:06:10,mirova-archivo,1
2018-01-13T05:30:00,357070,Nevados de Chillan,VIIRS375,1.027,0.53,1,baja,2026-10-05T18:06:10,mirova-archivo,1
2018-01-14T05:12:00,357070,Nevados de Chillan,VIIRS375,0.9127,0.84,1,muy baja,2026-10-05T18:06:10,mirova-archivo,1
2018-01-14T06:00:00,357070,Nevados de Chillan,VIIRS375,0.4321,0.38,1,muy baja,2026-10-05T18:06:10,mirova-archivo,1
2018-01-16T05:24:00,357070,Nevados de Chillan,VIIRS375,0.691,0.53,1,muy baja,2026-10-05T18:06:10,mirova-archivo,1
2018-01-16T06:12:00,357070,Nevados de Chillan,VIIRS375,0.7384,0.53,1,muy baja,2026-10-05T18:06:10,mirova-archivo,1
2018-01-17T05:06:00,357070,Nevados de Chillan,VIIRS375,0.7182,0.84,1,muy baja,2026-10-05T18:06:10,mirova-archivo,1
2018-01-17T05:45:00,357070,Nevados de Chillan,MODIS,0.6366,0.00,1,muy baja,2026-10-05T18:06:10,mirova-archivo,1
2018-01-17T05:54:00,357070,Nevados de Chillan,VIIRS375,0.5994,0.53,1,muy baja,2026-10-05T18:06:10,mirova-archivo,1
2018-01-18T04:48:00,357070,Nevados de Chillan,VIIRS375,1.192,1.55,1,baja,2026-10-05T18:06:10,mirova-archivo,1
2018-01-18T05:36:00,357070,Nevados de Chillan,VIIRS375,0.5985,0.53,1,muy baja,2026-10-05T18:06:10,mirova-archivo,1
2018-01-18T06:24:00,357070,Nevados de Chillan,VIIRS375,0.1526,0.53,1,muy baja,2026-10-05T18:06:10,mirova-archivo,1
2018-01-19T05:18:00,357070,Nevados de Chillan,VIIRS375,0.07017,0.00,1,muy baja,2026-10-05T18:06:10,mirova-archivo,1
2018-01-19T06:06:00,357070,Nevados de Chillan,VIIRS375,0.06768,0.53,1,muy baja,2026-10-05T18:06:10,mirova-archivo,1
2018-01-20T05:00:00,357070,Nevados de Chillan,VIIRS375,0.5987,0.53,1,muy baja,2026-10-05T18:06:10,mirova-archivo,1
2018-01-20T05:48:00,357070,Nevados de Chillan,VIIRS375,0.5674,0.53,1,muy baja,2026-10-05T18:06:10,mirova-archivo,1
2018-01-21T05:30:00,357070,Nevados de Chillan,VIIRS375,0.779,0.53,1,muy baja,2026-10-05T18:06:10,mirova-archivo,1
2018-01-21T06:18:00,357070,Nevados de Chillan,VIIRS375,0.05716,0.53,1,muy baja,2026-10-05T18:06:10,mirova-archivo,1
2018-01-22T05:12:00,357070,Nevados de Chillan,VIIRS375,0.02766,0.53,1,muy baja,2026-10-05T18:06:10,mirova-archivo,1
2018-01-22T06:00:00,357070,Nevados de Chillan,VIIRS375,0.7271,5.00,0,no volcanica,2026-10-05T18:06:10,mirova-archivo,0
2018-01-23T05:42:00,357070,Nevados de Chillan,VIIRS375,0.5497,0.53,1,muy baja,2026-10-05T18:06:10,mirova-archivo,1
2018-01-24T05:24:00,357070,Nevados de Chillan,VIIRS375,0.5992,0.38,1,muy baja,2026-10-05T18:06:10,mirova-archivo,1
2018-01-24T06:12:00,357070,Nevados de Chillan,VIIRS375,0.807,0.53,1,muy baja,2026-10-05T18:06:10,mirova-archivo,1
2018-01-25T05:06:00,357070,Nevados de Chillan,VIIRS375,0.6018,0.53,1,muy baja,2026-10-05T18:06:10,mirova-archivo,1
2018-01-25T05:54:00,357070,Nevados de Chillan,VIIRS375,0.3467,0.38,1,muy baja,2026-10-05T18:06:10,mirova-archivo,1
2018-01-26T04:48:00,357070,Nevados de Chillan,VIIRS375,0.8083,1.06,1,muy baja,2026-10-05T18:06:10,mirova-archivo,1
2018-01-26T05:36:00,357070,Nevados de Chillan,VIIRS375,0.3401,0.38,1,muy baja,2026-10-05T18:06:10,mirova-archivo,1
2018-01-26T06:24:00,357070,Nevados de Chillan,VIIRS375,0.7529,28.23,0,no volcanica,2026-10-05T18:06:10,mirova-archivo,0
2018-01-27T05:18:00,357070,Nevados de Chillan,VIIRS375,0.2751,0.38,1,muy baja,2026-10-05T18:06:10,mirova-archivo,1
2018-01-27T06:06:00,357070,Nevados de Chillan,VIIRS375,0.5222,0.53,1,muy baja,2026-10-05T18:06:10,mirova-archivo,1
2018-01-28T05:00:00,357070,Nevados de Chillan,VIIRS375,0.219,0.53,1,muy baja,2026-10-05T18:06:10,mirova-archivo,1
2018-01-28T05:48:00,357070,Nevados de Chillan,VIIRS375,0.6535,0.53,1,muy baja,2026-10-05T18:06:10,mirova-archivo,1
2018-01-28T19:05:00,357070,Nevados de Chillan,MODIS,58.69,9.22,0,fuera de radio,2026-10-05T18:06:10,mirova-archivo,1
2018-01-29T05:30:00,357070,Nevados de Chillan,VIIRS375,0.8174,0.53,1,muy baja,2026-10-05T18:06:10,mirova-archivo,1
2018-01-29T06:18:00,357070,Nevados de Chillan,VIIRS375,0.2211,0.84,1,muy baja,2026-10-05T18:06:10,mirova-archivo,1
2018-01-30T03:35:00,357070,Nevados de Chillan,MODIS,0.5515,0.00,1,muy baja,2026-10-05T18:06:10,mirova-archivo,1
2018-01-30T05:12:00,357070,Nevados de Chillan,VIIRS375,0.3142,0.53,1,muy baja,2026-10-05T18:06:10,mirova-archivo,1
2018-01-30T06:00:00,357070,Nevados de Chillan,VIIRS375,1,0.53,1,baja,2026-10-05T18:06:10,mirova-archivo,1
2018-01-31T04:54:00,357070,Nevados de Chillan,VIIRS375,0.6545,0.84,1,muy baja,2026-10-05T18:06:10,mirova-archivo,1
2018-01-31T05:42:00,357070,Nevados de Chillan,VIIRS375,0.5139,0.53,1,muy baja,2026-10-05T18:06:10,mirova-archivo,1
2018-02-01T05:24:00,357070,Nevados de Chillan,VIIRS375,0.8902,0.53,1,muy baja,2026-10-05T18:06:10,mirova-archivo,1
2018-02-01T06:12:00,357070,Nevados de Chillan,VIIRS375,0.5596,0.53,1,muy baja,2026-10-05T18:06:10,mirova-archivo,1
2018-02-02T05:54:00,357070,Nevados de Chillan,VIIRS375,0.2081,0.53,1,muy baja,2026-10-05T18:06:10,mirova-archivo,1
2018-02-03T05:36:00,357070,Nevados de Chillan,VIIRS375,0.9869,27.99,0,no volcanica,2026-10-05T18:06:10,mirova-archivo,0
2018-02-04T05:18:00,357070,Nevados de Chillan,VIIRS375,0.6277,0.53,1,muy baja,2026-10-05T18:06:10,mirova-archivo,1
2018-02-04T06:06:00,357070,Nevados de Chillan,VIIRS375,0.4031,0.53,1,muy baja,2026-10-05T18:06:10,mirova-archivo,1
2018-02-05T05:00:00,357070,Nevados de Chillan,VIIRS375,0.4064,0.84,1,muy baja,2026-10-05T18:06:10,mirova-archivo,1
2018-02-05T05:48:00,357070,Nevados de Chillan,VIIRS375,0.7451,0.38,1,muy baja,2026-10-05T18:06:10,mirova-archivo,1
2018-02-06T04:36:00,357070,Nevados de Chillan,VIIRS375,1.971,1.68,1,baja,2026-10-05T18:06:10,mirova-archivo,1
2018-02-06T05:30:00,357070,Nevados de Chillan,VIIRS375,1.782,0.53,1,baja,2026-10-05T18:06:10,mirova-archivo,1
2018-02-07T05:12:00,357070,Nevados de Chillan,VIIRS375,0.2923,0.38,1,muy baja,2026-10-05T18:06:10,mirova-archivo,1
2018-02-07T06:00:00,357070,Nevados de Chillan,VIIRS375,0.5426,0.53,1,muy baja,2026-10-05T18:06:10,mirova-archivo,1
2018-02-08T04:54:00,357070,Nevados de Chillan,VIIRS375,0.9453,1.19,1,muy baja,2026-10-05T18:06:10,mirova-archivo,1
2018-02-08T05:42:00,357070,Nevados de Chillan,VIIRS375,0.7864,0.53,1,muy baja,2026-10-05T18:06:10,mirova-archivo,1
2018-02-09T05:24:00,357070,Nevados de Chillan,VIIRS375,0.9456,0.53,1,muy baja,2026-10-05T18:06:10,mirova-archivo,1
2018-02-09T06:12:00,357070,Nevados de Chillan,VIIRS375,0.4597,0.84,1,muy baja,2026-10-05T18:06:10,mirova-archivo,1
2018-02-10T05:06:00,357070,Nevados de Chillan,VIIRS375,1.583,9.07,0,fuera de radio,2026-10-05T18:06:10,mirova-archivo,1
2018-02-10T18:35:00,357070,Nevados de Chillan,MODIS,175.1,9.06,0,fuera de radio,2026-10-05T18:06:10,mirova-archivo,1
2018-02-11T04:48:00,357070,Nevados de Chillan,VIIRS375,0.952,0.84,1,muy baja,2026-10-05T18:06:10,mirova-archivo,1
2018-02-11T05:36:00,357070,Nevados de Chillan,VIIRS375,1.137,0.53,1,baja,2026-10-05T18:06:10,mirova-archivo,1
2018-02-11T06:24:00,357070,Nevados de Chillan,VIIRS375,0.1368,0.53,1,muy baja,2026-10-05T18:06:10,mirova-archivo,1
2018-02-12T05:18:00,357070,Nevados de Chillan,VIIRS375,1.049,0.38,1,baja,2026-10-05T18:06:10,mirova-archivo,1
2018-02-12T06:06:00,357070,Nevados de Chillan,VIIRS375,0.5692,0.84,1,muy baja,2026-10-05T18:06:10,mirova-archivo,1
2018-02-13T05:00:00,357070,Nevados de Chillan,VIIRS375,0.5993,0.53,1,muy baja,2026-10-05T18:06:10,mirova-archivo,1
2018-02-13T05:48:00,357070,Nevados de Chillan,VIIRS375,0.2576,0.53,1,muy baja,2026-10-05T18:06:10,mirova-archivo,1
2018-02-14T05:30:00,357070,Nevados de Chillan,VIIRS375,0.4215,0.38,1,muy baja,2026-10-05T18:06:10,mirova-archivo,1
2018-02-14T06:18:00,357070,Nevados de Chillan,VIIRS375,0.6203,0.84,1,muy baja,2026-10-05T18:06:10,mirova-archivo,1
2018-02-15T05:12:00,357070,Nevados de Chillan,VIIRS375,0.6253,0.53,1,muy baja,2026-10-05T18:06:10,mirova-archivo,1
2018-02-15T06:00:00,357070,Nevados de Chillan,VIIRS375,1.52,0.53,1,baja,2026-10-05T18:06:10,mirova-archivo,1
2018-02-16T04:54:00,357070,Nevados de Chillan,VIIRS375,0.5434,0.84,1,muy baja,2026-10-05T18:06:10,mirova-archivo,1
2018-02-17T06:12:00,357070,Nevados de Chillan,VIIRS375,0.5684,0.53,1,muy baja,2026-10-05T18:06:10,mirova-archivo,1
2018-02-18T05:54:00,357070,Nevados de Chillan,VIIRS375,0.3693,0.53,1,muy baja,2026-10-05T18:06:10,mirova-archivo,1
2018-02-19T05:36:00,357070,Nevados de Chillan,VIIRS375,0.4254,0.53,1,muy baja,2026-10-05T18:06:10,mirova-archivo,1
2018-02-21T05:00:00,357070,Nevados de Chillan,VIIRS375,0.6421,0.75,1,muy baja,2026-10-05T18:06:10,mirova-archivo,1
2018-02-22T04:36:00,357070,Nevados de Chillan,VIIRS375,0.04078,0.75,1,muy baja,2026-10-05T18:06:10,mirova-archivo,1
2018-02-22T06:18:00,357070,Nevados de Chillan,VIIRS375,0.2143,0.84,1,muy baja,2026-10-05T18:06:10,mirova-archivo,1
2018-02-24T05:42:00,357070,Nevados de Chillan,VIIRS375,0.7031,0.53,1,muy baja,2026-10-05T18:06:10,mirova-archivo,1
2018-02-25T05:24:00,357070,Nevados de Chillan,VIIRS375,1.038,0.84,1,baja,2026-10-05T18:06:10,mirova-archivo,1
2018-02-26T05:06:00,357070,Nevados de Chillan,VIIRS375,0.5941,0.38,1,muy baja,2026-10-05T18:06:10,mirova-archivo,1
2018-02-27T04:42:00,357070,Nevados de Chillan,VIIRS375,0.8412,1.35,1,muy baja,2026-10-05T18:06:10,mirova-archivo,1
2018-02-27T06:24:00,357070,Nevados de Chillan,VIIRS375,0.34,0.84,1,muy baja,2026-10-05T18:06:10,mirova-archivo,1
2018-02-28T06:06:00,357070,Nevados de Chillan,VIIRS375,0.4495,0.84,1,muy baja,2026-10-05T18:06:10,mirova-archivo,1
2018-03-01T05:48:00,357070,Nevados de Chillan,VIIRS375,0.5522,0.38,1,muy baja,2026-10-05T18:06:10,mirova-archivo,1
2018-03-02T05:30:00,357070,Nevados de Chillan,VIIRS375,0.8822,0.53,1,muy baja,2026-10-05T18:06:10,mirova-archivo,1
2018-03-03T05:12:00,357070,Nevados de Chillan,VIIRS375,0.4505,0.53,1,muy baja,2026-10-05T18:06:10,mirova-archivo,1
2018-03-04T04:54:00,357070,Nevados de Chillan,VIIRS375,1.243,0.84,1,baja,2026-10-05T18:06:10,mirova-archivo,1
2018-03-04T06:30:00,357070,Nevados de Chillan,VIIRS375,0.1089,0.38,1,muy baja,2026-10-05T18:06:10,mirova-archivo,1
2018-03-05T04:30:00,357070,Nevados de Chillan,VIIRS375,0.5135,2.02,1,muy baja,2026-10-05T18:06:10,mirova-archivo,1
2018-03-05T06:12:00,357070,Nevados de Chillan,VIIRS375,0.2425,0.38,1,muy baja,2026-10-05T18:06:10,mirova-archivo,1
2018-03-06T05:54:00,357070,Nevados de Chillan,VIIRS375,0.4853,0.53,1,muy baja,2026-10-05T18:06:10,mirova-archivo,1
2018-03-07T05:36:00,357070,Nevados de Chillan,VIIRS375,0.477,0.38,1,muy baja,2026-10-05T18:06:10,mirova-archivo,1
2018-03-08T03:55:00,357070,Nevados de Chillan,MODIS,0.6585,0.00,1,muy baja,2026-10-05T18:06:10,mirova-archivo,1
2018-03-08T05:18:00,357070,Nevados de Chillan,VIIRS375,1.856,17.11,0,fuera de radio,2026-10-05T18:06:10,mirova-archivo,1
2018-03-09T05:00:00,357070,Nevados de Chillan,VIIRS375,0.4732,0.53,1,muy baja,2026-10-05T18:06:10,mirova-archivo,1
2018-03-09T06:15:00,357070,Nevados de Chillan,MODIS,0.434,1.00,1,muy baja,2026-10-05T18:06:10,mirova-archivo,1
2018-03-09T06:36:00,357070,Nevados de Chillan,VIIRS375,0.2619,1.19,1,muy baja,2026-10-05T18:06:10,mirova-archivo,1
2018-03-11T05:12:00,357070,Nevados de Chillan,VIIRS375,0.5275,0.53,1,muy baja,2026-10-05T18:06:10,mirova-archivo,1
2018-03-11T06:00:00,357070,Nevados de Chillan,VIIRS375,0.9696,0.53,1,muy baja,2026-10-05T18:06:10,mirova-archivo,1
2018-03-12T04:54:00,357070,Nevados de Chillan,VIIRS375,0.2215,0.84,1,muy baja,2026-10-05T18:06:10,mirova-archivo,1
2018-03-12T05:42:00,357070,Nevados de Chillan,VIIRS375,0.8163,0.53,1,muy baja,2026-10-05T18:06:10,mirova-archivo,1
2018-03-14T05:06:00,357070,Nevados de Chillan,VIIRS375,0.6545,0.53,1,muy baja,2026-10-05T18:06:10,mirova-archivo,1
2018-03-15T06:24:00,357070,Nevados de Chillan,VIIRS375,1.063,0.84,1,baja,2026-10-05T18:06:10,mirova-archivo,1
2018-03-16T05:18:00,357070,Nevados de Chillan,VIIRS375,0.4444,0.53,1,muy baja,2026-10-05T18:06:10,mirova-archivo,1
2018-03-16T06:06:00,357070,Nevados de Chillan,VIIRS375,0.3674,0.75,1,muy baja,2026-10-05T18:06:10,mirova-archivo,1
2018-03-17T06:36:00,357070,Nevados de Chillan,VIIRS375,0.02776,1.59,1,muy baja,2026-10-05T18:06:10,mirova-archivo,1
2018-03-19T05:12:00,357070,Nevados de Chillan,VIIRS375,2.27,23.33,0,no volcanica,2026-10-05T18:06:10,mirova-archivo,0
2018-03-20T04:54:00,357070,Nevados de Chillan,VIIRS375,0.5047,0.53,1,muy baja,2026-10-05T18:06:10,mirova-archivo,1
2018-03-20T06:30:00,357070,Nevados de Chillan,VIIRS375,0.2582,0.84,1,muy baja,2026-10-05T18:06:10,mirova-archivo,1
2018-03-21T04:30:00,357070,Nevados de Chillan,VIIRS375,2.483,2.02,1,baja,2026-10-05T18:06:10,mirova-archivo,1
2018-03-21T06:12:00,357070,Nevados de Chillan,VIIRS375,0.228,0.84,1,muy baja,2026-10-05T18:06:10,mirova-archivo,1
2018-03-24T05:18:00,357070,Nevados de Chillan,VIIRS375,1.112,0.53,1,baja,2026-10-05T18:06:10,mirova-archivo,1
2018-03-25T05:00:00,357070,Nevados de Chillan,VIIRS375,0.4197,0.53,1,muy baja,2026-10-05T18:06:10,mirova-archivo,1
2018-03-26T06:18:00,357070,Nevados de Chillan,VIIRS375,0.05786,0.38,1,muy baja,2026-10-05T18:06:10,mirova-archivo,1
2018-03-27T05:12:00,357070,Nevados de Chillan,VIIRS375,0.7566,0.38,1,muy baja,2026-10-05T18:06:10,mirova-archivo,1
2018-03-27T06:00:00,357070,Nevados de Chillan,MODIS,0.4582,0.00,1,muy baja,2026-10-05T18:06:10,mirova-archivo,1
2018-03-27T06:00:00,357070,Nevados de Chillan,VIIRS375,0.9529,0.53,1,muy baja,2026-10-05T18:06:10,mirova-archivo,1
2018-03-28T04:54:00,357070,Nevados de Chillan,VIIRS375,0.4265,1.06,1,muy baja,2026-10-05T18:06:10,mirova-archivo,1
2018-03-28T05:42:00,357070,Nevados de Chillan,VIIRS375,0.2584,0.00,1,muy baja,2026-10-05T18:06:10,mirova-archivo,1
2018-03-28T06:30:00,357070,Nevados de Chillan,VIIRS375,0.5498,0.84,1,muy baja,2026-10-05T18:06:10,mirova-archivo,1
2018-03-29T04:30:00,357070,Nevados de Chillan,VIIRS375,0.1967,1.55,1,muy baja,2026-10-05T18:06:10,mirova-archivo,1
2018-03-29T05:24:00,357070,Nevados de Chillan,VIIRS375,1.517,0.84,1,baja,2026-10-05T18:06:10,mirova-archivo,1
2018-03-29T06:12:00,357070,Nevados de Chillan,VIIRS375,0.8423,1.12,1,muy baja,2026-10-05T18:06:10,mirova-archivo,1
2018-03-30T05:06:00,357070,Nevados de Chillan,VIIRS375,0.8643,0.53,1,muy baja,2026-10-05T18:06:10,mirova-archivo,1
2018-03-30T05:54:00,357070,Nevados de Chillan,VIIRS375,1.138,0.53,1,baja,2026-10-05T18:06:10,mirova-archivo,1
2018-03-31T04:48:00,357070,Nevados de Chillan,VIIRS375,1.76,1.19,1,baja,2026-10-05T18:06:10,mirova-archivo,1
2018-03-31T05:36:00,357070,Nevados de Chillan,VIIRS375,2.793,0.53,1,baja,2026-10-05T18:06:10,mirova-archivo,1
2018-03-31T05:40:00,357070,Nevados de Chillan,MODIS,1.106,1.00,1,baja,2026-10-05T18:06:10,mirova-archivo,1
2018-03-31T06:24:00,357070,Nevados de Chillan,VIIRS375,1.789,0.84,1,baja,2026-10-05T18:06:10,mirova-archivo,1
2018-04-01T05:18:00,357070,Nevados de Chillan,VIIRS375,1.679,0.53,1,baja,2026-10-05T18:06:10,mirova-archivo,1
2018-04-01T06:06:00,357070,Nevados de Chillan,VIIRS375,0.8723,0.53,1,muy baja,2026-10-05T18:06:10,mirova-archivo,1
2018-04-02T03:45:00,357070,Nevados de Chillan,MODIS,2.105,1.00,1,baja,2026-10-05T18:06:10,mirova-archivo,1
2018-04-02T05:00:00,357070,Nevados de Chillan,VIIRS375,1.565,0.53,1,baja,2026-10-05T18:06:10,mirova-archivo,1
2018-04-02T05:48:00,357070,Nevados de Chillan,VIIRS375,1.571,22.00,0,fuera de radio,2026-10-05T18:06:10,mirova-archivo,1
2018-04-03T04:36:00,357070,Nevados de Chillan,VIIRS375,1.955,1.59,1,baja,2026-10-05T18:06:10,mirova-archivo,1
2018-04-03T05:30:00,357070,Nevados de Chillan,VIIRS375,1.849,0.53,1,baja,2026-10-05T18:06:10,mirova-archivo,1
2018-04-03T06:18:00,357070,Nevados de Chillan,VIIRS375,0.7236,1.19,1,muy baja,2026-10-05T18:06:10,mirova-archivo,1
2018-04-04T03:35:00,357070,Nevados de Chillan,MODIS,0.5513,0.00,1,muy baja,2026-10-05T18:06:10,mirova-archivo,1
2018-04-04T05:12:00,357070,Nevados de Chillan,VIIRS375,0.6075,0.53,1,muy baja,2026-10-05T18:06:10,mirova-archivo,1
2018-04-04T06:00:00,357070,Nevados de Chillan,VIIRS375,1.047,0.53,1,baja,2026-10-05T18:06:10,mirova-archivo,1
2018-04-06T05:24:00,357070,Nevados de Chillan,VIIRS375,0.2494,0.53,1,muy baja,2026-10-05T18:06:10,mirova-archivo,1
2018-04-06T06:12:00,357070,Nevados de Chillan,VIIRS375,0.1259,0.84,1,muy baja,2026-10-05T18:06:10,mirova-archivo,1
2018-04-07T05:06:00,357070,Nevados de Chillan,VIIRS375,0.1781,0.38,1,muy baja,2026-10-05T18:06:10,mirova-archivo,1
2018-04-07T05:45:00,357070,Nevados de Chillan,MODIS,0.4174,0.00,1,muy baja,2026-10-05T18:06:10,mirova-archivo,1
2018-04-07T05:54:00,357070,Nevados de Chillan,VIIRS375,0.518,0.53,1,muy baja,2026-10-05T18:06:10,mirova-archivo,1
2018-04-08T05:36:00,357070,Nevados de Chillan,VIIRS375,0.3584,0.53,1,muy baja,2026-10-05T18:06:10,mirova-archivo,1
2018-04-08T06:24:00,357070,Nevados de Chillan,VIIRS375,0.1157,0.84,1,muy baja,2026-10-05T18:06:10,mirova-archivo,1
2018-04-09T03:55:00,357070,Nevados de Chillan,MODIS,0.4309,1.00,1,muy baja,2026-10-05T18:06:10,mirova-archivo,1
2018-04-09T05:18:00,357070,Nevados de Chillan,VIIRS375,1.673,0.53,1,baja,2026-10-05T18:06:10,mirova-archivo,1
2018-04-12T05:12:00,357070,Nevados de Chillan,VIIRS375,0.4389,0.84,1,muy baja,2026-10-05T18:06:10,mirova-archivo,1
2018-04-12T06:00:00,357070,Nevados de Chillan,VIIRS375,0.6072,0.84,1,muy baja,2026-10-05T18:06:10,mirova-archivo,1
2018-04-13T03:30:00,357070,Nevados de Chillan,MODIS,1.141,1.00,1,baja,2026-10-05T18:06:10,mirova-archivo,1
2018-04-13T04:54:00,357070,Nevados de Chillan,VIIRS375,0.6284,0.84,1,muy baja,2026-10-05T18:06:10,mirova-archivo,1
2018-04-13T05:42:00,357070,Nevados de Chillan,VIIRS375,0.6464,0.53,1,muy baja,2026-10-05T18:06:10,mirova-archivo,1
2018-04-13T06:30:00,357070,Nevados de Chillan,VIIRS375,0.21,0.53,1,muy baja,2026-10-05T18:06:10,mirova-archivo,1
2018-04-14T04:30:00,357070,Nevados de Chillan,VIIRS375,0.05667,1.35,1,muy baja,2026-10-05T18:06:10,mirova-archivo,1
2018-04-14T05:24:00,357070,Nevados de Chillan,VIIRS375,1.691,0.38,1,baja,2026-10-05T18:06:10,mirova-archivo,1
2018-04-14T05:50:00,357070,Nevados de Chillan,MODIS,1.939,1.00,1,baja,2026-10-05T18:06:10,mirova-archivo,1
2018-04-14T06:12:00,357070,Nevados de Chillan,VIIRS375,0.8687,0.53,1,muy baja,2026-10-05T18:06:10,mirova-archivo,1
2018-04-15T05:06:00,357070,Nevados de Chillan,VIIRS375,0.8605,0.53,1,muy baja,2026-10-05T18:06:10,mirova-archivo,1
2018-04-15T05:54:00,357070,Nevados de Chillan,VIIRS375,0.5884,0.53,1,muy baja,2026-10-05T18:06:10,mirova-archivo,1
2018-04-16T04:48:00,357070,Nevados de Chillan,VIIRS375,0.6277,1.35,1,muy baja,2026-10-05T18:06:10,mirova-archivo,1
2018-04-16T05:36:00,357070,Nevados de Chillan,VIIRS375,0.4494,0.53,1,muy baja,2026-10-05T18:06:10,mirova-archivo,1
2018-04-17T05:18:00,357070,Nevados de Chillan,VIIRS375,0.333,0.38,1,muy baja,2026-10-05T18:06:10,mirova-archivo,1
2018-04-17T06:06:00,357070,Nevados de Chillan,VIIRS375,0.1682,0.53,1,muy baja,2026-10-05T18:06:10,mirova-archivo,1
2018-04-18T03:45:00,357070,Nevados de Chillan,MODIS,0.5701,0.00,1,muy baja,2026-10-05T18:06:10,mirova-archivo,1
2018-04-18T05:00:00,357070,Nevados de Chillan,VIIRS375,0.5035,0.38,1,muy baja,2026-10-05T18:06:10,mirova-archivo,1
2018-04-18T05:48:00,357070,Nevados de Chillan,VIIRS375,0.5837,0.53,1,muy baja,2026-10-05T18:06:10,mirova-archivo,1
2018-04-19T04:36:00,357070,Nevados de Chillan,VIIRS375,0.6525,1.35,1,muy baja,2026-10-05T18:06:10,mirova-archivo,1
2018-04-19T05:30:00,357070,Nevados de Chillan,VIIRS375,0.3921,0.38,1,muy baja,2026-10-05T18:06:10,mirova-archivo,1
2018-04-19T06:18:00,357070,Nevados de Chillan,VIIRS375,0.362,0.38,1,muy baja,2026-10-05T18:06:10,mirova-archivo,1
2018-04-20T05:12:00,357070,Nevados de Chillan,VIIRS375,0.5346,0.53,1,muy baja,2026-10-05T18:06:10,mirova-archivo,1
2018-04-20T06:00:00,357070,Nevados de Chillan,VIIRS375,0.326,0.38,1,muy baja,2026-10-05T18:06:10,mirova-archivo,1
2018-04-21T04:54:00,357070,Nevados de Chillan,VIIRS375,1.231,0.84,1,baja,2026-10-05T18:06:10,mirova-archivo,1
2018-04-21T05:42:00,357070,Nevados de Chillan,VIIRS375,1.438,0.53,1,baja,2026-10-05T18:06:10,mirova-archivo,1
2018-04-21T06:30:00,357070,Nevados de Chillan,VIIRS375,0.9997,0.84,1,muy baja,2026-10-05T18:06:10,mirova-archivo,1
2018-04-22T03:25:00,357070,Nevados de Chillan,MODIS,0.3466,0.00,1,muy baja,2026-10-05T18:06:10,mirova-archivo,1
2018-04-22T04:30:00,357070,Nevados de Chillan,VIIRS375,0.0617,1.68,1,muy baja,2026-10-05T18:06:10,mirova-archivo,1
2018-04-22T05:24:00,357070,Nevados de Chillan,VIIRS375,0.03945,0.00,1,muy baja,2026-10-05T18:06:10,mirova-archivo,1
2018-04-23T05:06:00,357070,Nevados de Chillan,VIIRS375,0.9363,0.84,1,muy baja,2026-10-05T18:06:10,mirova-archivo,1
2018-04-23T05:54:00,357070,Nevados de Chillan,VIIRS375,0.875,19.63,0,no volcanica,2026-10-05T18:06:10,mirova-archivo,0
2018-04-24T03:10:00,357070,Nevados de Chillan,MODIS,0.2758,0.00,1,muy baja,2026-10-05T18:06:10,mirova-archivo,1
2018-04-24T04:42:00,357070,Nevados de Chillan,VIIRS375,1.262,1.59,1,baja,2026-10-05T18:06:10,mirova-archivo,1
2018-04-24T05:36:00,357070,Nevados de Chillan,VIIRS375,0.7126,0.53,1,muy baja,2026-10-05T18:06:10,mirova-archivo,1
2018-04-24T06:24:00,357070,Nevados de Chillan,VIIRS375,1.222,0.84,1,baja,2026-10-05T18:06:10,mirova-archivo,1
2018-04-25T05:18:00,357070,Nevados de Chillan,VIIRS375,0.363,0.53,1,muy baja,2026-10-05T18:06:10,mirova-archivo,1
2018-04-25T06:06:00,357070,Nevados de Chillan,VIIRS375,1.147,0.75,1,baja,2026-10-05T18:06:10,mirova-archivo,1
2018-04-26T05:00:00,357070,Nevados de Chillan,VIIRS375,0.3537,0.53,1,muy baja,2026-10-05T18:06:10,mirova-archivo,1
2018-04-26T05:48:00,357070,Nevados de Chillan,VIIRS375,0.5056,0.53,1,muy baja,2026-10-05T18:06:10,mirova-archivo,1
2018-04-28T05:12:00,357070,Nevados de Chillan,VIIRS375,0.2852,0.53,1,muy baja,2026-10-05T18:06:10,mirova-archivo,1
2018-04-28T06:00:00,357070,Nevados de Chillan,VIIRS375,0.8544,0.53,1,muy baja,2026-10-05T18:06:10,mirova-archivo,1
2018-04-29T04:54:00,357070,Nevados de Chillan,VIIRS375,0.4241,0.84,1,muy baja,2026-10-05T18:06:10,mirova-archivo,1
2018-04-29T05:42:00,357070,Nevados de Chillan,VIIRS375,0.651,0.53,1,muy baja,2026-10-05T18:06:10,mirova-archivo,1
2018-04-29T06:30:00,357070,Nevados de Chillan,VIIRS375,0.2932,0.75,1,muy baja,2026-10-05T18:06:10,mirova-archivo,1
2018-04-30T05:24:00,357070,Nevados de Chillan,VIIRS375,0.8135,0.53,1,muy baja,2026-10-05T18:06:10,mirova-archivo,1
2018-04-30T06:12:00,357070,Nevados de Chillan,VIIRS375,0.1994,0.84,1,muy baja,2026-10-05T18:06:10,mirova-archivo,1
2018-05-01T05:54:00,357070,Nevados de Chillan,VIIRS375,0.0605,0.38,1,muy baja,2026-10-05T18:06:10,mirova-archivo,1
2018-05-02T04:00:00,357070,Nevados de Chillan,MODIS,0.3273,1.00,1,muy baja,2026-10-05T18:06:10,mirova-archivo,1
2018-05-02T05:36:00,357070,Nevados de Chillan,VIIRS375,1.083,0.53,1,baja,2026-10-05T18:06:10,mirova-archivo,1
2018-05-02T05:40:00,357070,Nevados de Chillan,MODIS,0.8272,1.00,1,muy baja,2026-10-05T18:06:10,mirova-archivo,1
2018-05-02T06:24:00,357070,Nevados de Chillan,VIIRS375,0.244,0.75,1,muy baja,2026-10-05T18:06:10,mirova-archivo,1
2018-05-05T04:36:00,357070,Nevados de Chillan,VIIRS375,0.4323,1.35,1,muy baja,2026-10-05T18:06:10,mirova-archivo,1
2018-05-05T05:30:00,357070,Nevados de Chillan,VIIRS375,0.4063,0.53,1,muy baja,2026-10-05T18:06:10,mirova-archivo,1
2018-05-05T06:18:00,357070,Nevados de Chillan,VIIRS375,1.397,1.06,1,baja,2026-10-05T18:06:10,mirova-archivo,1
2018-05-06T03:35:00,357070,Nevados de Chillan,MODIS,2.773,1.41,1,baja,2026-10-05T18:06:10,mirova-archivo,1
2018-05-06T05:12:00,357070,Nevados de Chillan,VIIRS375,0.2753,0.38,1,muy baja,2026-10-05T18:06:10,mirova-archivo,1
2018-05-06T06:00:00,357070,Nevados de Chillan,VIIRS375,0.9465,0.53,1,muy baja,2026-10-05T18:06:10,mirova-archivo,1
2018-05-07T04:54:00,357070,Nevados de Chillan,VIIRS375,0.2735,0.84,1,muy baja,2026-10-05T18:06:10,mirova-archivo,1
2018-05-07T05:42:00,357070,Nevados de Chillan,VIIRS375,1.049,0.53,1,baja,2026-10-05T18:06:10,mirova-archivo,1
2018-05-07T06:30:00,357070,Nevados de Chillan,VIIRS375,0.08969,0.53,1,muy baja,2026-10-05T18:06:10,mirova-archivo,1
2018-05-08T03:25:00,357070,Nevados de Chillan,MODIS,0.9152,1.41,1,muy baja,2026-10-05T18:06:10,mirova-archivo,1
2018-05-08T05:24:00,357070,Nevados de Chillan,VIIRS375,0.8623,0.53,1,muy baja,2026-10-05T18:06:10,mirova-archivo,1
2018-05-08T06:12:00,357070,Nevados de Chillan,VIIRS375,0.8931,0.53,1,muy baja,2026-10-05T18:06:10,mirova-archivo,1
2018-05-09T05:06:00,357070,Nevados de Chillan,VIIRS375,0.4662,0.75,1,muy baja,2026-10-05T18:06:10,mirova-archivo,1
2018-05-09T05:54:00,357070,Nevados de Chillan,VIIRS375,0.5538,0.53,1,muy baja,2026-10-05T18:06:10,mirova-archivo,1
2018-05-10T04:42:00,357070,Nevados de Chillan,VIIRS375,2.769,1.35,1,baja,2026-10-05T18:06:10,mirova-archivo,1
2018-05-10T05:36:00,357070,Nevados de Chillan,VIIRS375,0.7203,0.53,1,muy baja,2026-10-05T18:06:10,mirova-archivo,1
2018-05-10T06:24:00,357070,Nevados de Chillan,VIIRS375,0.4668,0.84,1,muy baja,2026-10-05T18:06:10,mirova-archivo,1
2018-05-11T05:18:00,357070,Nevados de Chillan,VIIRS375,0.2186,0.38,1,muy baja,2026-10-05T18:06:10,mirova-archivo,1
2018-05-11T06:06:00,357070,Nevados de Chillan,VIIRS375,0.666,0.84,1,muy baja,2026-10-05T18:06:10,mirova-archivo,1
2018-05-12T05:00:00,357070,Nevados de Chillan,VIIRS375,0.7808,0.53,1,muy baja,2026-10-05T18:06:10,mirova-archivo,1
2018-05-12T05:48:00,357070,Nevados de Chillan,VIIRS375,1.053,0.53,1,baja,2026-10-05T18:06:10,mirova-archivo,1
2018-05-13T05:30:00,357070,Nevados de Chillan,VIIRS375,1.502,0.53,1,baja,2026-10-05T18:06:10,mirova-archivo,1
2018-05-14T05:12:00,357070,Nevados de Chillan,VIIRS375,0.727,14.14,0,no volcanica,2026-10-05T18:06:10,mirova-archivo,0
2018-05-15T05:42:00,357070,Nevados de Chillan,VIIRS375,0.4146,0.53,1,muy baja,2026-10-05T18:06:10,mirova-archivo,1
2018-05-15T06:30:00,357070,Nevados de Chillan,VIIRS375,0.2362,1.19,1,muy baja,2026-10-05T18:06:10,mirova-archivo,1
2018-05-19T05:18:00,357070,Nevados de Chillan,VIIRS375,0.6625,0.38,1,muy baja,2026-10-05T18:06:10,mirova-archivo,1
2018-05-19T06:06:00,357070,Nevados de Chillan,VIIRS375,0.6468,0.53,1,muy baja,2026-10-05T18:06:10,mirova-archivo,1
2018-05-20T05:00:00,357070,Nevados de Chillan,VIIRS375,0.7957,0.84,1,muy baja,2026-10-05T18:06:10,mirova-archivo,1
2018-05-20T05:48:00,357070,Nevados de Chillan,VIIRS375,0.1235,0.53,1,muy baja,2026-10-05T18:06:10,mirova-archivo,1
2018-05-21T04:36:00,357070,Nevados de Chillan,VIIRS375,2.784,1.88,1,baja,2026-10-05T18:06:10,mirova-archivo,1
2018-05-21T05:30:00,357070,Nevados de Chillan,VIIRS375,1.627,0.53,1,baja,2026-10-05T18:06:10,mirova-archivo,1
2018-05-21T06:18:00,357070,Nevados de Chillan,VIIRS375,1.001,0.84,1,baja,2026-10-05T18:06:10,mirova-archivo,1
2018-05-22T03:35:00,357070,Nevados de Chillan,MODIS,0.8889,0.00,1,muy baja,2026-10-05T18:06:10,mirova-archivo,1
2018-05-22T05:12:00,357070,Nevados de Chillan,VIIRS375,0.4114,0.53,1,muy baja,2026-10-05T18:06:10,mirova-archivo,1
2018-05-22T06:00:00,357070,Nevados de Chillan,VIIRS375,1.319,0.84,1,baja,2026-10-05T18:06:10,mirova-archivo,1
2018-05-23T04:54:00,357070,Nevados de Chillan,VIIRS375,1.314,23.03,0,no volcanica,2026-10-05T18:06:10,mirova-archivo,0
2018-05-23T05:42:00,357070,Nevados de Chillan,VIIRS375,0.8834,0.53,1,muy baja,2026-10-05T18:06:10,mirova-archivo,1
2018-05-23T06:30:00,357070,Nevados de Chillan,VIIRS375,0.1505,0.53,1,muy baja,2026-10-05T18:06:10,mirova-archivo,1
2018-05-24T04:30:00,357070,Nevados de Chillan,VIIRS375,1.016,1.91,1,baja,2026-10-05T18:06:10,mirova-archivo,1
2018-05-24T05:24:00,357070,Nevados de Chillan,VIIRS375,0.9418,0.38,1,muy baja,2026-10-05T18:06:10,mirova-archivo,1
2018-05-24T06:12:00,357070,Nevados de Chillan,VIIRS375,0.7614,0.84,1,muy baja,2026-10-05T18:06:10,mirova-archivo,1
2018-05-25T05:06:00,357070,Nevados de Chillan,VIIRS375,0.7394,11.63,0,no volcanica,2026-10-05T18:06:10,mirova-archivo,0
2018-05-25T05:54:00,357070,Nevados de Chillan,VIIRS375,0.7285,0.84,1,muy baja,2026-10-05T18:06:10,mirova-archivo,1
2018-05-26T04:42:00,357070,Nevados de Chillan,VIIRS375,0.04811,1.06,1,muy baja,2026-10-05T18:06:10,mirova-archivo,1
2018-05-27T05:18:00,357070,Nevados de Chillan,VIIRS375,0.2033,0.38,1,muy baja,2026-10-05T18:06:10,mirova-archivo,1
2018-05-27T05:30:00,357070,Nevados de Chillan,MODIS,0.8692,1.00,1,muy baja,2026-10-05T18:06:10,mirova-archivo,1
2018-05-27T06:06:00,357070,Nevados de Chillan,VIIRS375,0.3172,0.53,1,muy baja,2026-10-05T18:06:10,mirova-archivo,1
2018-05-30T05:12:00,357070,Nevados de Chillan,VIIRS375,0.478,0.53,1,muy baja,2026-10-05T18:06:10,mirova-archivo,1
2018-05-30T06:00:00,357070,Nevados de Chillan,VIIRS375,0.6168,0.53,1,muy baja,2026-10-05T18:06:10,mirova-archivo,1
2018-06-01T05:24:00,357070,Nevados de Chillan,VIIRS375,0.807,18.44,0,no volcanica,2026-10-05T18:06:10,mirova-archivo,0
2018-06-01T06:12:00,357070,Nevados de Chillan,VIIRS375,0.384,0.75,1,muy baja,2026-10-05T18:06:10,mirova-archivo,1
2018-06-02T05:06:00,357070,Nevados de Chillan,VIIRS375,2.208,0.84,1,baja,2026-10-05T18:06:10,mirova-archivo,1
2018-06-02T05:54:00,357070,Nevados de Chillan,VIIRS375,1.4,26.51,0,no volcanica,2026-10-05T18:06:10,mirova-archivo,0
2018-06-03T04:48:00,357070,Nevados de Chillan,VIIRS375,2.099,1.68,1,baja,2026-10-05T18:06:10,mirova-archivo,1
2018-06-03T05:36:00,357070,Nevados de Chillan,VIIRS375,0.8452,0.53,1,muy baja,2026-10-05T18:06:10,mirova-archivo,1
2018-06-03T06:24:00,357070,Nevados de Chillan,VIIRS375,1.411,0.84,1,baja,2026-10-05T18:06:10,mirova-archivo,1
2018-06-04T05:18:00,357070,Nevados de Chillan,VIIRS375,0.7924,0.53,1,muy baja,2026-10-05T18:06:10,mirova-archivo,1
2018-06-04T06:06:00,357070,Nevados de Chillan,VIIRS375,0.9348,0.84,1,muy baja,2026-10-05T18:06:10,mirova-archivo,1
2018-06-05T05:48:00,357070,Nevados de Chillan,VIIRS375,0.3278,0.53,1,muy baja,2026-10-05T18:06:10,mirova-archivo,1
2018-06-06T04:36:00,357070,Nevados de Chillan,VIIRS375,0.3427,1.68,1,muy baja,2026-10-05T18:06:10,mirova-archivo,1
2018-06-06T05:30:00,357070,Nevados de Chillan,VIIRS375,0.7341,0.53,1,muy baja,2026-10-05T18:06:10,mirova-archivo,1
2018-06-06T06:18:00,357070,Nevados de Chillan,VIIRS375,1.494,1.12,1,baja,2026-10-05T18:06:10,mirova-archivo,1
2018-06-07T05:12:00,357070,Nevados de Chillan,VIIRS375,1.781,7.83,0,fuera de radio,2026-10-05T18:06:10,mirova-archivo,1
2018-06-07T06:00:00,357070,Nevados de Chillan,VIIRS375,1.154,1.06,1,baja,2026-10-05T18:06:10,mirova-archivo,1
2018-06-12T05:18:00,357070,Nevados de Chillan,VIIRS375,0.2318,0.38,1,muy baja,2026-10-05T18:06:10,mirova-archivo,1
2018-06-12T06:06:00,357070,Nevados de Chillan,VIIRS375,0.1915,0.53,1,muy baja,2026-10-05T18:06:10,mirova-archivo,1
2018-06-13T05:00:00,357070,Nevados de Chillan,VIIRS375,0.1155,0.53,1,muy baja,2026-10-05T18:06:10,mirova-archivo,1
2018-06-13T05:48:00,357070,Nevados de Chillan,VIIRS375,0.4139,0.75,1,muy baja,2026-10-05T18:06:10,mirova-archivo,1
2018-06-13T06:15:00,357070,Nevados de Chillan,MODIS,0.237,1.41,1,muy baja,2026-10-05T18:06:10,mirova-archivo,1
2018-06-14T03:40:00,357070,Nevados de Chillan,MODIS,0.7111,0.00,1,muy baja,2026-10-05T18:06:10,mirova-archivo,1
2018-06-14T05:20:00,357070,Nevados de Chillan,MODIS,0.3315,1.00,1,muy baja,2026-10-05T18:06:10,mirova-archivo,1
2018-06-14T05:30:00,357070,Nevados de Chillan,VIIRS375,2.088,0.53,1,baja,2026-10-05T18:06:10,mirova-archivo,1
2018-06-14T06:18:00,357070,Nevados de Chillan,VIIRS375,0.7846,1.19,1,muy baja,2026-10-05T18:06:10,mirova-archivo,1
2018-06-15T05:12:00,357070,Nevados de Chillan,VIIRS375,0.1729,0.38,1,muy baja,2026-10-05T18:06:10,mirova-archivo,1
2018-06-16T03:30:00,357070,Nevados de Chillan,MODIS,0.7351,0.00,1,muy baja,2026-10-05T18:06:10,mirova-archivo,1
2018-06-16T04:48:00,357070,Nevados de Chillan,VIIRS375,0.2958,0.84,1,muy baja,2026-10-05T18:06:10,mirova-archivo,1
2018-06-16T05:42:00,357070,Nevados de Chillan,VIIRS375,0.6803,0.53,1,muy baja,2026-10-05T18:06:10,mirova-archivo,1
2018-06-16T06:30:00,357070,Nevados de Chillan,VIIRS375,0.2445,0.84,1,muy baja,2026-10-05T18:06:10,mirova-archivo,1
2018-06-17T04:30:00,357070,Nevados de Chillan,VIIRS375,1.696,1.88,1,baja,2026-10-05T18:06:10,mirova-archivo,1
2018-06-17T05:24:00,357070,Nevados de Chillan,VIIRS375,1.091,0.53,1,baja,2026-10-05T18:06:10,mirova-archivo,1
2018-06-17T05:50:00,357070,Nevados de Chillan,MODIS,0.5389,0.00,1,muy baja,2026-10-05T18:06:10,mirova-archivo,1
2018-06-17T06:12:00,357070,Nevados de Chillan,VIIRS375,0.9868,0.84,1,muy baja,2026-10-05T18:06:10,mirova-archivo,1
2018-06-18T05:54:00,357070,Nevados de Chillan,VIIRS375,0.5673,0.38,1,muy baja,2026-10-05T18:06:10,mirova-archivo,1
2018-06-20T05:18:00,357070,Nevados de Chillan,VIIRS375,0.9103,0.53,1,muy baja,2026-10-05T18:06:10,mirova-archivo,1
2018-06-20T06:06:00,357070,Nevados de Chillan,VIIRS375,2.041,0.84,1,baja,2026-10-05T18:06:10,mirova-archivo,1
2018-06-21T03:50:00,357070,Nevados de Chillan,MODIS,0.6397,0.00,1,muy baja,2026-10-05T18:06:10,mirova-archivo,1
2018-06-21T05:48:00,357070,Nevados de Chillan,VIIRS375,1.213,0.53,1,baja,2026-10-05T18:06:10,mirova-archivo,1
2018-06-22T04:36:00,357070,Nevados de Chillan,VIIRS375,2.324,1.68,1,baja,2026-10-05T18:06:10,mirova-archivo,1
2018-06-22T05:30:00,357070,Nevados de Chillan,VIIRS375,1.181,0.53,1,baja,2026-10-05T18:06:10,mirova-archivo,1
2018-06-22T06:18:00,357070,Nevados de Chillan,VIIRS375,1.216,1.19,1,baja,2026-10-05T18:06:10,mirova-archivo,1
2018-06-24T04:54:00,357070,Nevados de Chillan,VIIRS375,1.372,1.19,1,baja,2026-10-05T18:06:10,mirova-archivo,1
2018-06-24T05:42:00,357070,Nevados de Chillan,VIIRS375,2.26,0.53,1,baja,2026-10-05T18:06:10,mirova-archivo,1
2018-06-24T05:55:00,357070,Nevados de Chillan,MODIS,1.801,1.41,1,baja,2026-10-05T18:06:10,mirova-archivo,1
2018-06-24T06:30:00,357070,Nevados de Chillan,VIIRS375,1.16,1.19,1,baja,2026-10-05T18:06:10,mirova-archivo,1
2018-06-25T05:24:00,357070,Nevados de Chillan,VIIRS375,0.0299,0.53,1,muy baja,2026-10-05T18:06:10,mirova-archivo,1
2018-06-25T06:12:00,357070,Nevados de Chillan,VIIRS375,0.4047,0.84,1,muy baja,2026-10-05T18:06:10,mirova-archivo,1
2018-06-30T04:36:00,357070,Nevados de Chillan,VIIRS375,0.1525,1.68,1,muy baja,2026-10-05T18:06:10,mirova-archivo,1
2018-06-30T05:30:00,357070,Nevados de Chillan,VIIRS375,0.3052,0.53,1,muy baja,2026-10-05T18:06:10,mirova-archivo,1
2018-06-30T06:18:00,357070,Nevados de Chillan,VIIRS375,2.868,0.53,1,baja,2026-10-05T18:06:10,mirova-archivo,1
2018-07-01T05:12:00,357070,Nevados de Chillan,VIIRS375,0.7274,0.53,1,muy baja,2026-10-05T18:06:10,mirova-archivo,1
2018-07-08T05:30:00,357070,Nevados de Chillan,VIIRS375,0.5266,0.53,1,muy baja,2026-10-05T18:06:10,mirova-archivo,1
2018-07-08T06:18:00,357070,Nevados de Chillan,VIIRS375,0.3637,0.84,1,muy baja,2026-10-05T18:06:10,mirova-archivo,1
2018-07-09T05:12:00,357070,Nevados de Chillan,VIIRS375,3.255,0.75,1,baja,2026-10-05T18:06:10,mirova-archivo,1
2018-07-09T06:00:00,357070,Nevados de Chillan,VIIRS375,1.686,0.53,1,baja,2026-10-05T18:06:10,mirova-archivo,1
2018-07-10T04:54:00,357070,Nevados de Chillan,VIIRS375,0.9153,21.95,0,no volcanica,2026-10-05T18:06:10,mirova-archivo,0
2018-07-10T05:42:00,357070,Nevados de Chillan,VIIRS375,1.161,0.53,1,baja,2026-10-05T18:06:10,mirova-archivo,1
2018-07-10T05:55:00,357070,Nevados de Chillan,MODIS,2.424,1.00,1,baja,2026-10-05T18:06:10,mirova-archivo,1
2018-07-10T06:30:00,357070,Nevados de Chillan,VIIRS375,1.042,0.84,1,baja,2026-10-05T18:06:10,mirova-archivo,1
2018-07-11T05:24:00,357070,Nevados de Chillan,VIIRS375,1.012,0.53,1,baja,2026-10-05T18:06:10,mirova-archivo,1
2018-07-11T06:12:00,357070,Nevados de Chillan,VIIRS375,1.036,0.84,1,baja,2026-10-05T18:06:10,mirova-archivo,1
2018-07-12T05:06:00,357070,Nevados de Chillan,VIIRS375,0.07242,0.75,1,muy baja,2026-10-05T18:06:10,mirova-archivo,1
2018-07-12T05:54:00,357070,Nevados de Chillan,VIIRS375,0.0896,0.38,1,muy baja,2026-10-05T18:06:10,mirova-archivo,1
2018-07-15T05:48:00,357070,Nevados de Chillan,VIIRS375,0.2148,0.53,1,muy baja,2026-10-05T18:06:10,mirova-archivo,1
2018-07-15T06:15:00,357070,Nevados de Chillan,MODIS,0.8771,1.00,1,muy baja,2026-10-05T18:06:10,mirova-archivo,1
2018-07-15T06:36:00,357070,Nevados de Chillan,VIIRS375,0.03713,0.75,1,muy baja,2026-10-05T18:06:10,mirova-archivo,1
2018-07-16T03:40:00,357070,Nevados de Chillan,MODIS,0.5843,0.00,1,muy baja,2026-10-05T18:06:10,mirova-archivo,1
2018-07-18T05:42:00,357070,Nevados de Chillan,VIIRS375,0.8593,0.53,1,muy baja,2026-10-05T18:06:10,mirova-archivo,1
2018-07-18T06:30:00,357070,Nevados de Chillan,VIIRS375,0.494,0.84,1,muy baja,2026-10-05T18:06:10,mirova-archivo,1
2018-07-19T05:24:00,357070,Nevados de Chillan,VIIRS375,1.146,0.75,1,baja,2026-10-05T18:06:10,mirova-archivo,1
2018-07-19T05:50:00,357070,Nevados de Chillan,MODIS,0.9937,1.00,1,muy baja,2026-10-05T18:06:10,mirova-archivo,1
2018-07-20T05:06:00,357070,Nevados de Chillan,VIIRS375,0.4766,0.84,1,muy baja,2026-10-05T18:06:10,mirova-archivo,1
2018-07-20T05:54:00,357070,Nevados de Chillan,VIIRS375,1.082,0.53,1,baja,2026-10-05T18:06:10,mirova-archivo,1
2018-07-21T04:48:00,357070,Nevados de Chillan,VIIRS375,1.234,1.59,1,baja,2026-10-05T18:06:10,mirova-archivo,1
2018-07-21T05:36:00,357070,Nevados de Chillan,VIIRS375,0.4982,0.53,1,muy baja,2026-10-05T18:06:10,mirova-archivo,1
2018-07-21T06:24:00,357070,Nevados de Chillan,VIIRS375,0.1119,0.75,1,muy baja,2026-10-05T18:06:10,mirova-archivo,1
2018-07-23T05:00:00,357070,Nevados de Chillan,VIIRS375,2.024,0.84,1,baja,2026-10-05T18:06:10,mirova-archivo,1
2018-07-23T05:48:00,357070,Nevados de Chillan,VIIRS375,0.6815,0.53,1,muy baja,2026-10-05T18:06:10,mirova-archivo,1
2018-07-23T06:36:00,357070,Nevados de Chillan,VIIRS375,0.3918,1.19,1,muy baja,2026-10-05T18:06:10,mirova-archivo,1
2018-07-24T04:36:00,357070,Nevados de Chillan,VIIRS375,0.7021,1.35,1,muy baja,2026-10-05T18:06:10,mirova-archivo,1
2018-07-24T05:30:00,357070,Nevados de Chillan,VIIRS375,0.9849,0.53,1,muy baja,2026-10-05T18:06:10,mirova-archivo,1
2018-07-24T06:18:00,357070,Nevados de Chillan,VIIRS375,0.8321,1.19,1,muy baja,2026-10-05T18:06:10,mirova-archivo,1
2018-07-25T03:35:00,357070,Nevados de Chillan,MODIS,1.451,1.00,1,baja,2026-10-05T18:06:10,mirova-archivo,1
2018-07-25T05:12:00,357070,Nevados de Chillan,VIIRS375,0.6326,0.53,1,muy baja,2026-10-05T18:06:10,mirova-archivo,1
2018-07-25T06:00:00,357070,Nevados de Chillan,VIIRS375,1.406,0.53,1,baja,2026-10-05T18:06:10,mirova-archivo,1
2018-07-26T04:54:00,357070,Nevados de Chillan,VIIRS375,0.6945,1.19,1,muy baja,2026-10-05T18:06:10,mirova-archivo,1
2018-07-26T05:42:00,357070,Nevados de Chillan,VIIRS375,0.607,0.53,1,muy baja,2026-10-05T18:06:10,mirova-archivo,1
2018-07-26T06:30:00,357070,Nevados de Chillan,VIIRS375,0.358,1.06,1,muy baja,2026-10-05T18:06:10,mirova-archivo,1
2018-07-27T05:24:00,357070,Nevados de Chillan,VIIRS375,1.448,0.53,1,baja,2026-10-05T18:06:10,mirova-archivo,1
2018-07-28T05:54:00,357070,Nevados de Chillan,VIIRS375,0.04329,0.53,1,muy baja,2026-10-05T18:06:10,mirova-archivo,1
2018-07-29T04:42:00,357070,Nevados de Chillan,VIIRS375,0.1207,0.84,1,muy baja,2026-10-05T18:06:10,mirova-archivo,1
2018-07-29T05:36:00,357070,Nevados de Chillan,VIIRS375,0.3034,0.53,1,muy baja,2026-10-05T18:06:10,mirova-archivo,1
2018-07-30T05:18:00,357070,Nevados de Chillan,VIIRS375,2.488,0.84,1,baja,2026-10-05T18:06:10,mirova-archivo,1
2018-07-30T05:30:00,357070,Nevados de Chillan,MODIS,0.417,0.00,1,muy baja,2026-10-05T18:06:10,mirova-archivo,1
2018-07-30T06:06:00,357070,Nevados de Chillan,VIIRS375,0.714,0.84,1,muy baja,2026-10-05T18:06:10,mirova-archivo,1
2018-07-31T05:00:00,357070,Nevados de Chillan,VIIRS375,0.4425,0.53,1,muy baja,2026-10-05T18:06:10,mirova-archivo,1
2018-07-31T05:48:00,357070,Nevados de Chillan,VIIRS375,1.374,29.34,0,no volcanica,2026-10-05T18:06:10,mirova-archivo,0
2018-07-31T06:36:00,357070,Nevados de Chillan,VIIRS375,1.988,1.19,1,baja,2026-10-05T18:06:10,mirova-archivo,1
2018-08-01T04:42:00,357070,Nevados de Chillan,VIIRS375,0.3296,1.91,1,muy baja,2026-10-05T18:06:10,mirova-archivo,1
2018-08-01T05:30:00,357070,Nevados de Chillan,VIIRS375,0.6891,0.53,1,muy baja,2026-10-05T18:06:10,mirova-archivo,1
2018-08-01T06:18:00,357070,Nevados de Chillan,VIIRS375,0.9918,1.06,1,muy baja,2026-10-05T18:06:10,mirova-archivo,1
2018-08-02T05:12:00,357070,Nevados de Chillan,VIIRS375,0.4803,0.38,1,muy baja,2026-10-05T18:06:10,mirova-archivo,1
2018-08-02T06:00:00,357070,Nevados de Chillan,VIIRS375,0.3825,0.53,1,muy baja,2026-10-05T18:06:10,mirova-archivo,1
2018-08-04T05:24:00,357070,Nevados de Chillan,VIIRS375,0.2979,0.53,1,muy baja,2026-10-05T18:06:10,mirova-archivo,1
2018-08-04T06:12:00,357070,Nevados de Chillan,VIIRS375,0.205,0.84,1,muy baja,2026-10-05T18:06:10,mirova-archivo,1
2018-08-06T05:36:00,357070,Nevados de Chillan,VIIRS375,0.1387,12.11,0,no volcanica,2026-10-05T18:06:10,mirova-archivo,0
2018-08-08T05:00:00,357070,Nevados de Chillan,VIIRS375,0.2279,0.75,1,muy baja,2026-10-05T18:06:10,mirova-archivo,1
2018-08-08T05:48:00,357070,Nevados de Chillan,VIIRS375,0.275,0.53,1,muy baja,2026-10-05T18:06:10,mirova-archivo,1
2018-08-09T04:36:00,357070,Nevados de Chillan,VIIRS375,0.09886,1.19,1,muy baja,2026-10-05T18:06:10,mirova-archivo,1
2018-08-09T05:30:00,357070,Nevados de Chillan,VIIRS375,0.9957,0.53,1,muy baja,2026-10-05T18:06:10,mirova-archivo,1
2018-08-09T06:18:00,357070,Nevados de Chillan,VIIRS375,0.3456,0.53,1,muy baja,2026-10-05T18:06:10,mirova-archivo,1
2018-08-10T05:12:00,357070,Nevados de Chillan,VIIRS375,0.4986,0.53,1,muy baja,2026-10-05T18:06:10,mirova-archivo,1
2018-08-10T06:00:00,357070,Nevados de Chillan,VIIRS375,1.1,0.75,1,baja,2026-10-05T18:06:10,mirova-archivo,1
2018-08-10T06:48:00,357070,Nevados de Chillan,VIIRS375,0.8031,1.19,1,muy baja,2026-10-05T18:06:10,mirova-archivo,1
2018-08-11T05:42:00,357070,Nevados de Chillan,VIIRS375,0.3542,0.53,1,muy baja,2026-10-05T18:06:10,mirova-archivo,1
2018-08-11T05:55:00,357070,Nevados de Chillan,MODIS,0.2596,0.00,1,muy baja,2026-10-05T18:06:10,mirova-archivo,1
2018-08-11T06:30:00,357070,Nevados de Chillan,VIIRS375,0.2638,0.84,1,muy baja,2026-10-05T18:06:10,mirova-archivo,1
2018-08-12T05:24:00,357070,Nevados de Chillan,VIIRS375,0.02646,0.00,1,muy baja,2026-10-05T18:06:10,mirova-archivo,1
2018-08-12T06:12:00,357070,Nevados de Chillan,VIIRS375,0.02655,0.38,1,muy baja,2026-10-05T18:06:10,mirova-archivo,1
2018-08-14T04:42:00,357070,Nevados de Chillan,VIIRS375,1.131,1.35,1,baja,2026-10-05T18:06:10,mirova-archivo,1
2018-08-14T05:36:00,357070,Nevados de Chillan,VIIRS375,0.4324,0.53,1,muy baja,2026-10-05T18:06:10,mirova-archivo,1
2018-08-14T06:24:00,357070,Nevados de Chillan,VIIRS375,0.3554,0.53,1,muy baja,2026-10-05T18:06:10,mirova-archivo,1
2018-08-15T05:18:00,357070,Nevados de Chillan,VIIRS375,0.9835,17.57,0,no volcanica,2026-10-05T18:06:10,mirova-archivo,0
2018-08-15T06:06:00,357070,Nevados de Chillan,VIIRS375,0.8342,0.53,1,muy baja,2026-10-05T18:06:10,mirova-archivo,1
2018-08-16T05:00:00,357070,Nevados de Chillan,VIIRS375,0.4168,0.75,1,muy baja,2026-10-05T18:06:10,mirova-archivo,1
2018-08-16T05:48:00,357070,Nevados de Chillan,VIIRS375,0.33,0.38,1,muy baja,2026-10-05T18:06:10,mirova-archivo,1
2018-08-17T06:18:00,357070,Nevados de Chillan,VIIRS375,0.2613,17.69,0,no volcanica,2026-10-05T18:06:10,mirova-archivo,0
2018-08-19T04:54:00,357070,Nevados de Chillan,VIIRS375,0.662,0.84,1,muy baja,2026-10-05T18:06:10,mirova-archivo,1
2018-08-19T05:42:00,357070,Nevados de Chillan,VIIRS375,0.4996,0.53,1,muy baja,2026-10-05T18:06:10,mirova-archivo,1
2018-08-19T06:30:00,357070,Nevados de Chillan,VIIRS375,0.1801,0.53,1,muy baja,2026-10-05T18:06:10,mirova-archivo,1
2018-08-20T05:24:00,357070,Nevados de Chillan,VIIRS375,2.34,0.53,1,baja,2026-10-05T18:06:10,mirova-archivo,1
2018-08-20T06:12:00,357070,Nevados de Chillan,VIIRS375,1.004,0.84,1,baja,2026-10-05T18:06:10,mirova-archivo,1
2018-08-21T05:06:00,357070,Nevados de Chillan,VIIRS375,0.63,12.47,0,no volcanica,2026-10-05T18:06:10,mirova-archivo,0
2018-08-21T05:54:00,357070,Nevados de Chillan,VIIRS375,0.9164,0.53,1,muy baja,2026-10-05T18:06:10,mirova-archivo,1
2018-08-22T04:48:00,357070,Nevados de Chillan,VIIRS375,0.4078,1.35,1,muy baja,2026-10-05T18:06:10,mirova-archivo,1
2018-08-22T05:36:00,357070,Nevados de Chillan,VIIRS375,2.569,0.38,1,baja,2026-10-05T18:06:10,mirova-archivo,1
2018-08-22T06:24:00,357070,Nevados de Chillan,VIIRS375,0.4695,0.53,1,muy baja,2026-10-05T18:06:10,mirova-archivo,1
2018-08-24T05:00:00,357070,Nevados de Chillan,VIIRS375,0.2908,1.06,1,muy baja,2026-10-05T18:06:10,mirova-archivo,1
2018-08-24T05:48:00,357070,Nevados de Chillan,VIIRS375,0.1687,0.53,1,muy baja,2026-10-05T18:06:10,mirova-archivo,1
2018-08-24T06:36:00,357070,Nevados de Chillan,VIIRS375,0.3963,0.84,1,muy baja,2026-10-05T18:06:10,mirova-archivo,1
2018-08-26T05:12:00,357070,Nevados de Chillan,VIIRS375,0.9835,0.53,1,muy baja,2026-10-05T18:06:10,mirova-archivo,1
2018-08-26T06:00:00,357070,Nevados de Chillan,VIIRS375,0.343,0.84,1,muy baja,2026-10-05T18:06:10,mirova-archivo,1
2018-08-27T04:54:00,357070,Nevados de Chillan,VIIRS375,0.3827,1.06,1,muy baja,2026-10-05T18:06:10,mirova-archivo,1
2018-08-27T05:42:00,357070,Nevados de Chillan,VIIRS375,0.6789,0.53,1,muy baja,2026-10-05T18:06:10,mirova-archivo,1
2018-08-27T06:30:00,357070,Nevados de Chillan,VIIRS375,0.09277,0.53,1,muy baja,2026-10-05T18:06:10,mirova-archivo,1
2018-08-28T05:24:00,357070,Nevados de Chillan,VIIRS375,1.195,0.53,1,baja,2026-10-05T18:06:10,mirova-archivo,1
2018-08-28T06:12:00,357070,Nevados de Chillan,VIIRS375,0.1928,0.84,1,muy baja,2026-10-05T18:06:10,mirova-archivo,1
2018-08-30T04:42:00,357070,Nevados de Chillan,VIIRS375,0.1367,10.82,0,no volcanica,2026-10-05T18:06:10,mirova-archivo,0
2018-09-01T05:48:00,357070,Nevados de Chillan,VIIRS375,0.7924,0.53,1,muy baja,2026-10-05T18:06:10,mirova-archivo,1
2018-09-01T06:36:00,357070,Nevados de Chillan,VIIRS375,0.3866,1.19,1,muy baja,2026-10-05T18:06:10,mirova-archivo,1
2018-09-02T04:42:00,357070,Nevados de Chillan,VIIRS375,0.9813,1.68,1,muy baja,2026-10-05T18:06:10,mirova-archivo,1
2018-09-02T05:30:00,357070,Nevados de Chillan,VIIRS375,1.062,0.53,1,baja,2026-10-05T18:06:10,mirova-archivo,1
2018-09-02T06:18:00,357070,Nevados de Chillan,VIIRS375,0.5324,0.84,1,muy baja,2026-10-05T18:06:10,mirova-archivo,1
2018-09-03T05:12:00,357070,Nevados de Chillan,VIIRS375,1.762,0.53,1,baja,2026-10-05T18:06:10,mirova-archivo,1
2018-09-03T06:00:00,357070,Nevados de Chillan,VIIRS375,0.5978,0.75,1,muy baja,2026-10-05T18:06:10,mirova-archivo,1
2018-09-04T04:54:00,357070,Nevados de Chillan,VIIRS375,0.6443,0.84,1,muy baja,2026-10-05T18:06:10,mirova-archivo,1
2018-09-04T05:42:00,357070,Nevados de Chillan,VIIRS375,0.5794,0.53,1,muy baja,2026-10-05T18:06:10,mirova-archivo,1
2018-09-04T06:30:00,357070,Nevados de Chillan,VIIRS375,0.09447,0.84,1,muy baja,2026-10-05T18:06:10,mirova-archivo,1
2018-09-05T05:24:00,357070,Nevados de Chillan,VIIRS375,0.3218,0.38,1,muy baja,2026-10-05T18:06:10,mirova-archivo,1
2018-09-05T06:12:00,357070,Nevados de Chillan,VIIRS375,0.143,0.75,1,muy baja,2026-10-05T18:06:10,mirova-archivo,1
2018-09-06T05:06:00,357070,Nevados de Chillan,VIIRS375,0.05003,0.00,1,muy baja,2026-10-05T18:06:10,mirova-archivo,1
2018-09-06T05:54:00,357070,Nevados de Chillan,VIIRS375,1.608,0.53,1,baja,2026-10-05T18:06:10,mirova-archivo,1
2018-09-07T04:48:00,357070,Nevados de Chillan,VIIRS375,0.3085,1.19,1,muy baja,2026-10-05T18:06:10,mirova-archivo,1
2018-09-07T05:36:00,357070,Nevados de Chillan,VIIRS375,0.3364,0.38,1,muy baja,2026-10-05T18:06:10,mirova-archivo,1
2018-09-07T06:24:00,357070,Nevados de Chillan,VIIRS375,0.3679,1.06,1,muy baja,2026-10-05T18:06:10,mirova-archivo,1
2018-09-08T05:18:00,357070,Nevados de Chillan,VIIRS375,0.4597,0.53,1,muy baja,2026-10-05T18:06:10,mirova-archivo,1
2018-09-08T06:06:00,357070,Nevados de Chillan,VIIRS375,1.594,0.84,1,baja,2026-10-05T18:06:10,mirova-archivo,1
2018-09-09T05:00:00,357070,Nevados de Chillan,VIIRS375,0.2013,0.38,1,muy baja,2026-10-05T18:06:10,mirova-archivo,1
2018-09-09T05:48:00,357070,Nevados de Chillan,VIIRS375,1.246,0.53,1,baja,2026-10-05T18:06:10,mirova-archivo,1
2018-09-09T06:36:00,357070,Nevados de Chillan,VIIRS375,0.1329,0.53,1,muy baja,2026-10-05T18:06:10,mirova-archivo,1
2018-09-10T04:36:00,357070,Nevados de Chillan,VIIRS375,0.521,1.68,1,muy baja,2026-10-05T18:06:10,mirova-archivo,1
2018-09-10T05:30:00,357070,Nevados de Chillan,VIIRS375,0.4928,0.53,1,muy baja,2026-10-05T18:06:10,mirova-archivo,1
2018-09-11T05:12:00,357070,Nevados de Chillan,VIIRS375,0.695,0.53,1,muy baja,2026-10-05T18:06:10,mirova-archivo,1
2018-09-11T06:00:00,357070,Nevados de Chillan,VIIRS375,0.9462,0.84,1,muy baja,2026-10-05T18:06:10,mirova-archivo,1
2018-09-12T05:42:00,357070,Nevados de Chillan,VIIRS375,2.756,0.53,1,baja,2026-10-05T18:06:10,mirova-archivo,1
2018-09-12T05:55:00,357070,Nevados de Chillan,MODIS,5.174,1.00,1,baja,2026-10-05T18:06:10,mirova-archivo,1
2018-09-12T06:30:00,357070,Nevados de Chillan,VIIRS375,2.843,1.06,1,baja,2026-10-05T18:06:10,mirova-archivo,1
2018-09-13T04:36:00,357070,Nevados de Chillan,VIIRS375,1.515,1.91,1,baja,2026-10-05T18:06:10,mirova-archivo,1
2018-09-13T05:24:00,357070,Nevados de Chillan,VIIRS375,1.492,0.53,1,baja,2026-10-05T18:06:10,mirova-archivo,1
2018-09-13T06:12:00,357070,Nevados de Chillan,VIIRS375,0.5381,0.53,1,muy baja,2026-10-05T18:06:10,mirova-archivo,1
2018-09-14T04:05:00,357070,Nevados de Chillan,MODIS,6.174,2.24,1,baja,2026-10-05T18:06:10,mirova-archivo,1
2018-09-14T05:06:00,357070,Nevados de Chillan,VIIRS750,5.453,1.68,1,baja,2026-10-05T18:06:10,mirova-archivo,1
2018-09-14T05:45:00,357070,Nevados de Chillan,MODIS,4.062,1.00,1,baja,2026-10-05T18:06:10,mirova-archivo,1
2018-09-14T05:54:00,357070,Nevados de Chillan,VIIRS375,4.26,0.84,1,baja,2026-10-05T18:06:10,mirova-archivo,1
2018-09-14T06:42:00,357070,Nevados de Chillan,VIIRS375,1.539,1.19,1,baja,2026-10-05T18:06:10,mirova-archivo,1
2018-09-15T03:10:00,357070,Nevados de Chillan,MODIS,0.7815,1.00,1,muy baja,2026-10-05T18:06:10,mirova-archivo,1
2018-09-15T05:36:00,357070,Nevados de Chillan,VIIRS375,1.462,0.53,1,baja,2026-10-05T18:06:10,mirova-archivo,1
2018-09-15T06:24:00,357070,Nevados de Chillan,VIIRS375,1.106,0.53,1,baja,2026-10-05T18:06:10,mirova-archivo,1
2018-09-16T05:18:00,357070,Nevados de Chillan,VIIRS375,0.714,0.53,1,muy baja,2026-10-05T18:06:10,mirova-archivo,1
2018-09-16T06:06:00,357070,Nevados de Chillan,VIIRS375,0.8711,0.53,1,muy baja,2026-10-05T18:06:10,mirova-archivo,1
2018-09-22T05:54:00,357070,Nevados de Chillan,VIIRS375,0.1754,23.60,0,no volcanica,2026-10-05T18:06:10,mirova-archivo,0
2018-09-25T05:48:00,357070,Nevados de Chillan,VIIRS375,0.2581,0.38,1,muy baja,2026-10-05T18:06:10,mirova-archivo,1
2018-09-28T04:54:00,357070,Nevados de Chillan,VIIRS375,0.01591,3.23,0,no volcanica,2026-10-05T18:06:10,mirova-archivo,0
2018-09-29T05:24:00,357070,Nevados de Chillan,VIIRS375,0.1659,0.53,1,muy baja,2026-10-05T18:06:10,mirova-archivo,1
2018-09-30T05:06:00,357070,Nevados de Chillan,VIIRS375,0.7099,12.21,0,no volcanica,2026-10-05T18:06:10,mirova-archivo,0
2018-10-01T05:36:00,357070,Nevados de Chillan,VIIRS375,0.1725,0.53,1,muy baja,2026-10-05T18:06:10,mirova-archivo,1
2018-10-01T06:24:00,357070,Nevados de Chillan,VIIRS375,0.1119,0.53,1,muy baja,2026-10-05T18:06:10,mirova-archivo,1
2018-10-02T05:18:00,357070,Nevados de Chillan,VIIRS375,0.2455,0.38,1,muy baja,2026-10-05T18:06:10,mirova-archivo,1
2018-10-02T06:06:00,357070,Nevados de Chillan,VIIRS375,0.2174,0.53,1,muy baja,2026-10-05T18:06:10,mirova-archivo,1
2018-10-03T05:00:00,357070,Nevados de Chillan,VIIRS375,0.4583,0.53,1,muy baja,2026-10-05T18:06:10,mirova-archivo,1
2018-10-03T05:48:00,357070,Nevados de Chillan,VIIRS375,0.9917,0.53,1,muy baja,2026-10-05T18:06:10,mirova-archivo,1
2018-10-03T06:36:00,357070,Nevados de Chillan,VIIRS375,0.707,1.19,1,muy baja,2026-10-05T18:06:10,mirova-archivo,1
2018-10-04T05:30:00,357070,Nevados de Chillan,VIIRS375,0.3802,0.38,1,muy baja,2026-10-05T18:06:10,mirova-archivo,1
2018-10-04T06:18:00,357070,Nevados de Chillan,VIIRS375,0.3248,0.53,1,muy baja,2026-10-05T18:06:10,mirova-archivo,1
2018-10-05T05:12:00,357070,Nevados de Chillan,VIIRS375,0.03389,0.00,1,muy baja,2026-10-05T18:06:10,mirova-archivo,1
2018-10-05T06:00:00,357070,Nevados de Chillan,VIIRS375,0.2711,0.84,1,muy baja,2026-10-05T18:06:10,mirova-archivo,1
2018-10-06T03:30:00,357070,Nevados de Chillan,MODIS,4.034,1.41,1,baja,2026-10-05T18:06:10,mirova-archivo,1
2018-10-06T04:54:00,357070,Nevados de Chillan,VIIRS375,2.867,1.35,1,baja,2026-10-05T18:06:10,mirova-archivo,1
2018-10-06T05:42:00,357070,Nevados de Chillan,VIIRS375,2.278,0.53,1,baja,2026-10-05T18:06:10,mirova-archivo,1
2018-10-06T06:30:00,357070,Nevados de Chillan,VIIRS375,0.7086,0.84,1,muy baja,2026-10-05T18:06:10,mirova-archivo,1
2018-10-07T05:24:00,357070,Nevados de Chillan,VIIRS375,0.4321,0.38,1,muy baja,2026-10-05T18:06:10,mirova-archivo,1
2018-10-09T04:48:00,357070,Nevados de Chillan,VIIRS375,0.3251,1.19,1,muy baja,2026-10-05T18:06:10,mirova-archivo,1
2018-10-09T05:36:00,357070,Nevados de Chillan,VIIRS375,0.358,0.53,1,muy baja,2026-10-05T18:06:10,mirova-archivo,1
2018-10-10T05:18:00,357070,Nevados de Chillan,VIIRS375,1.344,25.15,0,no volcanica,2026-10-05T18:06:10,mirova-archivo,0
2018-10-10T06:06:00,357070,Nevados de Chillan,VIIRS375,0.6308,0.53,1,muy baja,2026-10-05T18:06:10,mirova-archivo,1
2018-10-11T05:00:00,357070,Nevados de Chillan,VIIRS375,1.106,18.31,0,no volcanica,2026-10-05T18:06:10,mirova-archivo,0
2018-10-11T05:48:00,357070,Nevados de Chillan,VIIRS375,0.2433,0.53,1,muy baja,2026-10-05T18:06:10,mirova-archivo,1
2018-10-12T05:30:00,357070,Nevados de Chillan,VIIRS375,0.5393,0.53,1,muy baja,2026-10-05T18:06:10,mirova-archivo,1
2018-10-12T06:18:00,357070,Nevados de Chillan,VIIRS375,0.3823,0.75,1,muy baja,2026-10-05T18:06:10,mirova-archivo,1
2018-10-13T05:12:00,357070,Nevados de Chillan,VIIRS375,1.146,0.84,1,baja,2026-10-05T18:06:10,mirova-archivo,1
2018-10-13T06:00:00,357070,Nevados de Chillan,VIIRS750,7.189,1.68,1,baja,2026-10-05T18:06:10,mirova-archivo,1
2018-10-14T04:54:00,357070,Nevados de Chillan,VIIRS375,2.282,1.35,1,baja,2026-10-05T18:06:10,mirova-archivo,1
2018-10-14T05:42:00,357070,Nevados de Chillan,VIIRS375,1.351,0.53,1,baja,2026-10-05T18:06:10,mirova-archivo,1
2018-10-14T05:55:00,357070,Nevados de Chillan,MODIS,1.399,1.00,1,baja,2026-10-05T18:06:10,mirova-archivo,1
2018-10-14T06:30:00,357070,Nevados de Chillan,VIIRS375,1.675,27.67,0,no volcanica,2026-10-05T18:06:10,mirova-archivo,0
2018-10-15T05:24:00,357070,Nevados de Chillan,VIIRS375,0.5497,0.53,1,muy baja,2026-10-05T18:06:10,mirova-archivo,1
2018-10-16T05:06:00,357070,Nevados de Chillan,VIIRS375,0.843,0.84,1,muy baja,2026-10-05T18:06:10,mirova-archivo,1
2018-10-16T05:54:00,357070,Nevados de Chillan,VIIRS375,0.5461,0.84,1,muy baja,2026-10-05T18:06:10,mirova-archivo,1
2018-10-18T06:06:00,357070,Nevados de Chillan,VIIRS375,0.1948,21.98,0,no volcanica,2026-10-05T18:06:10,mirova-archivo,0
2018-10-19T06:36:00,357070,Nevados de Chillan,VIIRS375,0.3798,1.12,1,muy baja,2026-10-05T18:06:10,mirova-archivo,1
2018-10-20T03:40:00,357070,Nevados de Chillan,MODIS,2.33,1.41,1,baja,2026-10-05T18:06:10,mirova-archivo,1
2018-10-20T04:42:00,357070,Nevados de Chillan,VIIRS375,0.2932,1.55,1,muy baja,2026-10-05T18:06:10,mirova-archivo,1
2018-10-20T05:30:00,357070,Nevados de Chillan,VIIRS375,0.5493,0.53,1,muy baja,2026-10-05T18:06:10,mirova-archivo,1
2018-10-20T06:18:00,357070,Nevados de Chillan,VIIRS375,0.6305,0.84,1,muy baja,2026-10-05T18:06:10,mirova-archivo,1
2018-10-21T05:12:00,357070,Nevados de Chillan,VIIRS375,0.5858,0.53,1,muy baja,2026-10-05T18:06:10,mirova-archivo,1
2018-10-21T06:00:00,357070,Nevados de Chillan,MODIS,0.607,1.00,1,muy baja,2026-10-05T18:06:10,mirova-archivo,1
2018-10-21T06:00:00,357070,Nevados de Chillan,VIIRS375,0.486,0.84,1,muy baja,2026-10-05T18:06:10,mirova-archivo,1
2018-10-22T04:54:00,357070,Nevados de Chillan,VIIRS375,0.07072,0.84,1,muy baja,2026-10-05T18:06:10,mirova-archivo,1
2018-10-22T05:42:00,357070,Nevados de Chillan,VIIRS375,0.5366,0.53,1,muy baja,2026-10-05T18:06:10,mirova-archivo,1
2018-10-23T05:24:00,357070,Nevados de Chillan,VIIRS375,0.1802,0.53,1,muy baja,2026-10-05T18:06:10,mirova-archivo,1
2018-10-26T05:18:00,357070,Nevados de Chillan,VIIRS375,0.2552,26.25,0,no volcanica,2026-10-05T18:06:10,mirova-archivo,0
2018-10-27T03:45:00,357070,Nevados de Chillan,MODIS,0.3493,0.00,1,muy baja,2026-10-05T18:06:10,mirova-archivo,1
2018-10-27T05:00:00,357070,Nevados de Chillan,VIIRS375,0.1033,0.53,1,muy baja,2026-10-05T18:06:10,mirova-archivo,1
2018-10-27T05:48:00,357070,Nevados de Chillan,VIIRS375,0.2608,0.53,1,muy baja,2026-10-05T18:06:10,mirova-archivo,1
2018-10-31T04:36:00,357070,Nevados de Chillan,VIIRS375,0.03458,1.91,1,muy baja,2026-10-05T18:06:10,mirova-archivo,1
2018-10-31T05:24:00,357070,Nevados de Chillan,VIIRS375,1.011,0.53,1,baja,2026-10-05T18:06:10,mirova-archivo,1
2018-10-31T06:12:00,357070,Nevados de Chillan,VIIRS375,0.2447,0.84,1,muy baja,2026-10-05T18:06:10,mirova-archivo,1
2018-10-31T06:40:00,357070,Nevados de Chillan,MODIS,4.763,2.24,1,baja,2026-10-05T18:06:10,mirova-archivo,1
2018-11-01T05:06:00,357070,Nevados de Chillan,VIIRS375,1.025,0.84,1,baja,2026-10-05T18:06:10,mirova-archivo,1
2018-11-03T05:18:00,357070,Nevados de Chillan,VIIRS375,0.3219,0.53,1,muy baja,2026-10-05T18:06:10,mirova-archivo,1
2018-11-03T06:06:00,357070,Nevados de Chillan,VIIRS375,0.291,0.53,1,muy baja,2026-10-05T18:06:10,mirova-archivo,1
2018-11-04T05:00:00,357070,Nevados de Chillan,VIIRS375,0.1023,0.53,1,muy baja,2026-10-05T18:06:10,mirova-archivo,1
2018-11-04T05:48:00,357070,Nevados de Chillan,VIIRS375,3.575,0.53,1,baja,2026-10-05T18:06:10,mirova-archivo,1
2018-11-05T04:42:00,357070,Nevados de Chillan,VIIRS375,0.1143,1.35,1,muy baja,2026-10-05T18:06:10,mirova-archivo,1
2018-11-05T06:18:00,357070,Nevados de Chillan,VIIRS375,0.494,0.53,1,muy baja,2026-10-05T18:06:10,mirova-archivo,1
2018-11-06T05:12:00,357070,Nevados de Chillan,VIIRS375,0.3282,0.53,1,muy baja,2026-10-05T18:06:10,mirova-archivo,1
2018-11-06T06:00:00,357070,Nevados de Chillan,MODIS,0.9225,1.00,1,muy baja,2026-10-05T18:06:10,mirova-archivo,1
2018-11-06T06:00:00,357070,Nevados de Chillan,VIIRS375,0.7106,0.84,1,muy baja,2026-10-05T18:06:10,mirova-archivo,1
2018-11-07T04:54:00,357070,Nevados de Chillan,VIIRS375,0.2448,0.84,1,muy baja,2026-10-05T18:06:10,mirova-archivo,1
2018-11-07T05:42:00,357070,Nevados de Chillan,VIIRS375,1.376,0.53,1,baja,2026-10-05T18:06:10,mirova-archivo,1
2018-11-07T06:30:00,357070,Nevados de Chillan,VIIRS375,0.5919,0.75,1,muy baja,2026-10-05T18:06:10,mirova-archivo,1
2018-11-08T04:10:00,357070,Nevados de Chillan,MODIS,3.958,2.24,1,baja,2026-10-05T18:06:10,mirova-archivo,1
2018-11-08T04:30:00,357070,Nevados de Chillan,VIIRS375,6.934,2.65,1,baja,2026-10-05T18:06:10,mirova-archivo,1
2018-11-08T05:24:00,357070,Nevados de Chillan,VIIRS750,12.57,1.06,1,moderada,2026-10-05T18:06:10,mirova-archivo,1
2018-11-08T05:50:00,357070,Nevados de Chillan,MODIS,7.779,1.00,1,baja,2026-10-05T18:06:10,mirova-archivo,1
2018-11-08T06:12:00,357070,Nevados de Chillan,VIIRS750,5.002,1.06,1,baja,2026-10-05T18:06:10,mirova-archivo,1
2018-11-09T05:06:00,357070,Nevados de Chillan,VIIRS375,2.47,0.84,1,baja,2026-10-05T18:06:10,mirova-archivo,1
2018-11-09T05:54:00,357070,Nevados de Chillan,VIIRS375,0.2665,0.38,1,muy baja,2026-10-05T18:06:10,mirova-archivo,1
2018-11-10T05:36:00,357070,Nevados de Chillan,VIIRS375,0.2863,0.53,1,muy baja,2026-10-05T18:06:10,mirova-archivo,1
2018-11-12T05:00:00,357070,Nevados de Chillan,VIIRS375,0.2812,1.06,1,muy baja,2026-10-05T18:06:10,mirova-archivo,1
2018-11-12T05:48:00,357070,Nevados de Chillan,VIIRS375,0.4372,0.53,1,muy baja,2026-10-05T18:06:10,mirova-archivo,1
2018-11-13T05:30:00,357070,Nevados de Chillan,VIIRS375,0.2669,0.53,1,muy baja,2026-10-05T18:06:10,mirova-archivo,1
2018-11-14T06:00:00,357070,Nevados de Chillan,VIIRS375,0.4744,0.53,1,muy baja,2026-10-05T18:06:10,mirova-archivo,1
2018-11-16T05:24:00,357070,Nevados de Chillan,VIIRS375,0.7194,0.53,1,muy baja,2026-10-05T18:06:10,mirova-archivo,1
2018-11-16T06:12:00,357070,Nevados de Chillan,VIIRS375,0.4198,0.84,1,muy baja,2026-10-05T18:06:10,mirova-archivo,1
2018-11-18T04:42:00,357070,Nevados de Chillan,VIIRS375,0.7468,1.35,1,muy baja,2026-10-05T18:06:10,mirova-archivo,1
2018-11-18T05:36:00,357070,Nevados de Chillan,VIIRS375,1.118,0.53,1,baja,2026-10-05T18:06:10,mirova-archivo,1
2018-11-18T06:24:00,357070,Nevados de Chillan,VIIRS375,0.4183,0.84,1,muy baja,2026-10-05T18:06:10,mirova-archivo,1
2018-11-19T05:18:00,357070,Nevados de Chillan,VIIRS375,0.38,0.38,1,muy baja,2026-10-05T18:06:10,mirova-archivo,1
2018-11-19T06:06:00,357070,Nevados de Chillan,VIIRS375,0.7497,0.53,1,muy baja,2026-10-05T18:06:10,mirova-archivo,1
2018-11-20T05:00:00,357070,Nevados de Chillan,VIIRS375,0.1437,0.38,1,muy baja,2026-10-05T18:06:10,mirova-archivo,1
2018-11-20T05:48:00,357070,Nevados de Chillan,VIIRS375,0.6344,0.38,1,muy baja,2026-10-05T18:06:10,mirova-archivo,1
2018-11-21T05:30:00,357070,Nevados de Chillan,VIIRS375,0.4929,0.53,1,muy baja,2026-10-05T18:06:10,mirova-archivo,1
2018-11-21T06:18:00,357070,Nevados de Chillan,VIIRS375,0.3384,0.84,1,muy baja,2026-10-05T18:06:10,mirova-archivo,1
2018-11-24T04:30:00,357070,Nevados de Chillan,VIIRS375,2.682,2.02,1,baja,2026-10-05T18:06:10,mirova-archivo,1
2018-11-24T05:24:00,357070,Nevados de Chillan,VIIRS375,1.921,0.75,1,baja,2026-10-05T18:06:10,mirova-archivo,1
2018-11-24T05:50:00,357070,Nevados de Chillan,MODIS,1.075,0.00,1,baja,2026-10-05T18:06:10,mirova-archivo,1
2018-11-24T06:12:00,357070,Nevados de Chillan,VIIRS375,1.256,0.84,1,baja,2026-10-05T18:06:10,mirova-archivo,1
2018-11-26T04:48:00,357070,Nevados de Chillan,VIIRS375,1.623,1.19,1,baja,2026-10-05T18:06:10,mirova-archivo,1
2018-11-26T05:35:00,357070,Nevados de Chillan,MODIS,0.4682,0.00,1,muy baja,2026-10-05T18:06:10,mirova-archivo,1
2018-11-26T05:36:00,357070,Nevados de Chillan,VIIRS375,1.131,0.53,1,baja,2026-10-05T18:06:10,mirova-archivo,1
2018-11-26T06:24:00,357070,Nevados de Chillan,VIIRS375,1.012,0.84,1,baja,2026-10-05T18:06:10,mirova-archivo,1
2018-11-27T05:18:00,357070,Nevados de Chillan,VIIRS375,1.783,0.38,1,baja,2026-10-05T18:06:10,mirova-archivo,1
2018-11-27T06:06:00,357070,Nevados de Chillan,VIIRS375,1.362,0.53,1,baja,2026-10-05T18:06:10,mirova-archivo,1
2018-11-28T03:45:00,357070,Nevados de Chillan,MODIS,0.6874,1.00,1,muy baja,2026-10-05T18:06:10,mirova-archivo,1
2018-11-28T05:00:00,357070,Nevados de Chillan,VIIRS375,0.898,0.84,1,muy baja,2026-10-05T18:06:10,mirova-archivo,1
2018-11-28T05:48:00,357070,Nevados de Chillan,VIIRS375,1.444,0.53,1,baja,2026-10-05T18:06:10,mirova-archivo,1
2018-11-29T04:36:00,357070,Nevados de Chillan,VIIRS375,3.185,1.91,1,baja,2026-10-05T18:06:10,mirova-archivo,1
2018-11-29T05:30:00,357070,Nevados de Chillan,VIIRS375,2.695,0.53,1,baja,2026-10-05T18:06:10,mirova-archivo,1
2018-11-29T06:18:00,357070,Nevados de Chillan,VIIRS375,2.24,1.19,1,baja,2026-10-05T18:06:10,mirova-archivo,1
2018-11-30T03:35:00,357070,Nevados de Chillan,MODIS,0.9103,0.00,1,muy baja,2026-10-05T18:06:10,mirova-archivo,1
2018-12-01T04:54:00,357070,Nevados de Chillan,VIIRS375,0.09704,0.84,1,muy baja,2026-10-05T18:06:10,mirova-archivo,1
2018-12-01T05:42:00,357070,Nevados de Chillan,VIIRS375,0.2944,0.00,1,muy baja,2026-10-05T18:06:10,mirova-archivo,1
2018-12-02T04:36:00,357070,Nevados de Chillan,VIIRS375,0.05839,1.55,1,muy baja,2026-10-05T18:06:10,mirova-archivo,1
2018-12-02T05:24:00,357070,Nevados de Chillan,VIIRS375,2.545,0.75,1,baja,2026-10-05T18:06:10,mirova-archivo,1
2018-12-02T06:12:00,357070,Nevados de Chillan,VIIRS750,7.507,1.50,1,baja,2026-10-05T18:06:10,mirova-archivo,1
2018-12-03T05:06:00,357070,Nevados de Chillan,VIIRS375,0.2838,0.38,1,muy baja,2026-10-05T18:06:10,mirova-archivo,1
2018-12-03T05:54:00,357070,Nevados de Chillan,VIIRS375,0.4802,0.53,1,muy baja,2026-10-05T18:06:10,mirova-archivo,1
2018-12-04T04:42:00,357070,Nevados de Chillan,VIIRS375,0.8314,1.19,1,muy baja,2026-10-05T18:06:10,mirova-archivo,1
2018-12-04T05:36:00,357070,Nevados de Chillan,VIIRS375,0.9739,0.53,1,muy baja,2026-10-05T18:06:10,mirova-archivo,1
2018-12-04T06:24:00,357070,Nevados de Chillan,VIIRS375,0.9927,0.75,1,muy baja,2026-10-05T18:06:10,mirova-archivo,1
2018-12-05T05:18:00,357070,Nevados de Chillan,VIIRS375,1.356,9.28,0,fuera de radio,2026-10-05T18:06:10,mirova-archivo,1
2018-12-06T05:48:00,357070,Nevados de Chillan,VIIRS375,0.5142,0.53,1,muy baja,2026-10-05T18:06:10,mirova-archivo,1
2018-12-07T04:42:00,357070,Nevados de Chillan,VIIRS375,0.4559,1.35,1,muy baja,2026-10-05T18:06:10,mirova-archivo,1
2018-12-07T05:30:00,357070,Nevados de Chillan,VIIRS375,0.6695,0.53,1,muy baja,2026-10-05T18:06:10,mirova-archivo,1
2018-12-07T06:18:00,357070,Nevados de Chillan,VIIRS750,48.89,2.25,1,moderada,2026-10-05T18:06:10,mirova-archivo,1
2018-12-08T05:12:00,357070,Nevados de Chillan,VIIRS375,0.8646,0.53,1,muy baja,2026-10-05T18:06:10,mirova-archivo,1
2018-12-08T06:00:00,357070,Nevados de Chillan,MODIS,0.9383,1.00,1,muy baja,2026-10-05T18:06:10,mirova-archivo,1
2018-12-08T06:00:00,357070,Nevados de Chillan,VIIRS375,2.024,0.53,1,baja,2026-10-05T18:06:10,mirova-archivo,1
2018-12-10T04:30:00,357070,Nevados de Chillan,VIIRS375,1.636,2.19,1,baja,2026-10-05T18:06:10,mirova-archivo,1
2018-12-10T05:24:00,357070,Nevados de Chillan,VIIRS375,2.329,0.53,1,baja,2026-10-05T18:06:10,mirova-archivo,1
2018-12-10T06:12:00,357070,Nevados de Chillan,VIIRS375,0.3423,0.53,1,muy baja,2026-10-05T18:06:10,mirova-archivo,1
2018-12-12T04:48:00,357070,Nevados de Chillan,VIIRS375,0.1171,0.84,1,muy baja,2026-10-05T18:06:10,mirova-archivo,1
2018-12-12T05:35:00,357070,Nevados de Chillan,MODIS,0.6561,0.00,1,muy baja,2026-10-05T18:06:10,mirova-archivo,1
2018-12-12T05:36:00,357070,Nevados de Chillan,VIIRS375,1.764,0.53,1,baja,2026-10-05T18:06:10,mirova-archivo,1
2018-12-12T06:24:00,357070,Nevados de Chillan,VIIRS375,0.2277,1.06,1,muy baja,2026-10-05T18:06:10,mirova-archivo,1
2018-12-13T06:06:00,357070,Nevados de Chillan,VIIRS375,1.786,0.53,1,baja,2026-10-05T18:06:10,mirova-archivo,1
2018-12-15T04:36:00,357070,Nevados de Chillan,VIIRS375,1.323,1.68,1,baja,2026-10-05T18:06:10,mirova-archivo,1
2018-12-15T05:30:00,357070,Nevados de Chillan,VIIRS375,2.45,0.53,1,baja,2026-10-05T18:06:10,mirova-archivo,1
2018-12-15T06:18:00,357070,Nevados de Chillan,VIIRS375,2.603,0.84,1,baja,2026-10-05T18:06:10,mirova-archivo,1
2018-12-16T03:35:00,357070,Nevados de Chillan,MODIS,1.234,0.00,1,baja,2026-10-05T18:06:10,mirova-archivo,1
2018-12-16T05:12:00,357070,Nevados de Chillan,VIIRS375,0.6443,0.53,1,muy baja,2026-10-05T18:06:10,mirova-archivo,1
2018-12-16T06:00:00,357070,Nevados de Chillan,VIIRS375,0.2059,0.53,1,muy baja,2026-10-05T18:06:10,mirova-archivo,1
2018-12-17T05:42:00,357070,Nevados de Chillan,VIIRS375,0.828,0.53,1,muy baja,2026-10-05T18:06:10,mirova-archivo,1
2018-12-17T05:55:00,357070,Nevados de Chillan,MODIS,0.4119,0.00,1,muy baja,2026-10-05T18:06:10,mirova-archivo,1
2018-12-18T03:20:00,357070,Nevados de Chillan,MODIS,3.182,1.41,1,baja,2026-10-05T18:06:10,mirova-archivo,1
2018-12-18T05:24:00,357070,Nevados de Chillan,VIIRS375,0.7237,0.38,1,muy baja,2026-10-05T18:06:10,mirova-archivo,1
2018-12-18T06:12:00,357070,Nevados de Chillan,VIIRS375,6.413,1.19,1,baja,2026-10-05T18:06:10,mirova-archivo,1
2018-12-19T05:06:00,357070,Nevados de Chillan,VIIRS375,3.457,0.84,1,baja,2026-10-05T18:06:10,mirova-archivo,1
2018-12-19T05:45:00,357070,Nevados de Chillan,MODIS,1.04,1.00,1,baja,2026-10-05T18:06:10,mirova-archivo,1
2018-12-19T05:54:00,357070,Nevados de Chillan,VIIRS375,1.105,0.53,1,baja,2026-10-05T18:06:10,mirova-archivo,1
2018-12-21T03:55:00,357070,Nevados de Chillan,MODIS,0.4365,0.00,1,muy baja,2026-10-05T18:06:10,mirova-archivo,1
2018-12-21T05:18:00,357070,Nevados de Chillan,VIIRS375,6.228,0.84,1,baja,2026-10-05T18:06:10,mirova-archivo,1
2018-12-21T06:06:00,357070,Nevados de Chillan,VIIRS375,0.6728,0.38,1,muy baja,2026-10-05T18:06:10,mirova-archivo,1
2018-12-22T05:00:00,357070,Nevados de Chillan,VIIRS375,0.9443,0.84,1,muy baja,2026-10-05T18:06:10,mirova-archivo,1
2018-12-22T05:48:00,357070,Nevados de Chillan,VIIRS375,1.177,0.38,1,baja,2026-10-05T18:06:10,mirova-archivo,1
2018-12-22T06:36:00,357070,Nevados de Chillan,VIIRS375,0.05343,0.75,1,muy baja,2026-10-05T18:06:10,mirova-archivo,1
2018-12-23T03:40:00,357070,Nevados de Chillan,MODIS,0.7036,0.00,1,muy baja,2026-10-05T18:06:10,mirova-archivo,1
2018-12-23T04:42:00,357070,Nevados de Chillan,VIIRS375,0.07447,1.35,1,muy baja,2026-10-05T18:06:10,mirova-archivo,1
2018-12-23T05:30:00,357070,Nevados de Chillan,VIIRS375,1.049,0.53,1,baja,2026-10-05T18:06:10,mirova-archivo,1
2018-12-23T06:18:00,357070,Nevados de Chillan,VIIRS375,2.01,0.84,1,baja,2026-10-05T18:06:10,mirova-archivo,1
2018-12-24T05:12:00,357070,Nevados de Chillan,VIIRS375,0.5913,0.53,1,muy baja,2026-10-05T18:06:10,mirova-archivo,1
2018-12-24T06:00:00,357070,Nevados de Chillan,VIIRS375,0.5035,0.84,1,muy baja,2026-10-05T18:06:10,mirova-archivo,1
2018-12-25T03:30:00,357070,Nevados de Chillan,MODIS,3.335,1.41,1,baja,2026-10-05T18:06:10,mirova-archivo,1
2018-12-25T04:54:00,357070,Nevados de Chillan,VIIRS375,4.474,1.19,1,baja,2026-10-05T18:06:10,mirova-archivo,1
2018-12-25T05:42:00,357070,Nevados de Chillan,VIIRS375,2.331,0.53,1,baja,2026-10-05T18:06:10,mirova-archivo,1
2018-12-25T06:30:00,357070,Nevados de Chillan,VIIRS375,0.8195,0.75,1,muy baja,2026-10-05T18:06:10,mirova-archivo,1
2018-12-26T04:30:00,357070,Nevados de Chillan,VIIRS375,1.447,2.02,1,baja,2026-10-05T18:06:10,mirova-archivo,1
2018-12-26T05:24:00,357070,Nevados de Chillan,VIIRS375,1.041,0.53,1,baja,2026-10-05T18:06:10,mirova-archivo,1
2018-12-26T06:12:00,357070,Nevados de Chillan,VIIRS375,1.311,0.53,1,baja,2026-10-05T18:06:10,mirova-archivo,1
2018-12-27T05:06:00,357070,Nevados de Chillan,VIIRS375,1.295,0.84,1,baja,2026-10-05T18:06:10,mirova-archivo,1
2018-12-27T05:54:00,357070,Nevados de Chillan,VIIRS375,0.4771,0.38,1,muy baja,2026-10-05T18:06:10,mirova-archivo,1
2018-12-28T04:48:00,357070,Nevados de Chillan,VIIRS375,1.708,1.59,1,baja,2026-10-05T18:06:10,mirova-archivo,1
2018-12-28T05:36:00,357070,Nevados de Chillan,VIIRS375,0.6011,0.53,1,muy baja,2026-10-05T18:06:10,mirova-archivo,1
2018-12-28T06:24:00,357070,Nevados de Chillan,VIIRS375,0.365,0.53,1,muy baja,2026-10-05T18:06:10,mirova-archivo,1
2018-12-29T03:05:00,357070,Nevados de Chillan,MODIS,7.435,2.24,1,baja,2026-10-05T18:06:10,mirova-archivo,1
2018-12-29T05:18:00,357070,Nevados de Chillan,VIIRS750,5.144,1.06,1,baja,2026-10-05T18:06:10,mirova-archivo,1
2018-12-29T06:06:00,357070,Nevados de Chillan,VIIRS750,9.262,1.06,1,baja,2026-10-05T18:06:10,mirova-archivo,1
2018-12-29T06:20:00,357070,Nevados de Chillan,MODIS,8.512,2.24,1,baja,2026-10-05T18:06:10,mirova-archivo,1
2018-12-30T03:45:00,357070,Nevados de Chillan,MODIS,0.3045,1.00,1,muy baja,2026-10-05T18:06:10,mirova-archivo,1
2018-12-30T05:00:00,357070,Nevados de Chillan,VIIRS375,2.55,16.03,0,no volcanica,2026-10-05T18:06:10,mirova-archivo,0
2018-12-30T05:48:00,357070,Nevados de Chillan,VIIRS375,0.8942,0.53,1,muy baja,2026-10-05T18:06:10,mirova-archivo,1
2018-12-30T06:36:00,357070,Nevados de Chillan,VIIRS375,0.7234,1.06,1,muy baja,2026-10-05T18:06:10,mirova-archivo,1
2018-12-31T04:36:00,357070,Nevados de Chillan,VIIRS375,0.4593,1.88,1,muy baja,2026-10-05T18:06:10,mirova-archivo,1
2018-12-31T05:30:00,357070,Nevados de Chillan,VIIRS375,0.4597,0.53,1,muy baja,2026-10-05T18:06:10,mirova-archivo,1
2018-12-31T06:18:00,357070,Nevados de Chillan,VIIRS375,0.8287,0.84,1,muy baja,2026-10-05T18:06:10,mirova-archivo,1
2019-01-01T05:12:00,357070,Nevados de Chillan,VIIRS375,0.7836,0.53,1,muy baja,2026-10-05T18:06:10,mirova-archivo,1
2019-01-01T06:00:00,357070,Nevados de Chillan,VIIRS375,1.788,0.53,1,baja,2026-10-05T18:06:10,mirova-archivo,1
2019-01-02T04:15:00,357070,Nevados de Chillan,MODIS,0.9309,1.41,1,muy baja,2026-10-05T18:06:10,mirova-archivo,1
2019-01-02T04:54:00,357070,Nevados de Chillan,VIIRS375,1.386,0.84,1,baja,2026-10-05T18:06:10,mirova-archivo,1
2019-01-02T05:42:00,357070,Nevados de Chillan,VIIRS375,0.9868,0.53,1,muy baja,2026-10-05T18:06:10,mirova-archivo,1
2019-01-02T05:55:00,357070,Nevados de Chillan,MODIS,0.5435,1.00,1,muy baja,2026-10-05T18:06:10,mirova-archivo,1
2019-01-02T06:30:00,357070,Nevados de Chillan,VIIRS375,0.5804,0.84,1,muy baja,2026-10-05T18:06:10,mirova-archivo,1
2019-01-03T03:20:00,357070,Nevados de Chillan,MODIS,1.115,1.00,1,baja,2026-10-05T18:06:10,mirova-archivo,1
2019-01-03T04:36:00,357070,Nevados de Chillan,VIIRS375,0.132,1.35,1,muy baja,2026-10-05T18:06:10,mirova-archivo,1
2019-01-03T05:24:00,357070,Nevados de Chillan,VIIRS375,2.051,0.53,1,baja,2026-10-05T18:06:10,mirova-archivo,1
2019-01-03T06:12:00,357070,Nevados de Chillan,VIIRS375,0.8148,0.75,1,muy baja,2026-10-05T18:06:10,mirova-archivo,1
2019-01-04T05:06:00,357070,Nevados de Chillan,VIIRS375,0.6549,1.19,1,muy baja,2026-10-05T18:06:10,mirova-archivo,1
2019-01-04T05:54:00,357070,Nevados de Chillan,VIIRS375,0.7693,23.60,0,no volcanica,2026-10-05T18:06:10,mirova-archivo,0
2019-01-04T06:42:00,357070,Nevados de Chillan,VIIRS375,1.572,1.88,1,baja,2026-10-05T18:06:10,mirova-archivo,1
2019-01-05T05:36:00,357070,Nevados de Chillan,VIIRS375,0.811,0.38,1,muy baja,2026-10-05T18:06:10,mirova-archivo,1
2019-01-05T06:24:00,357070,Nevados de Chillan,VIIRS375,2.431,0.84,1,baja,2026-10-05T18:06:10,mirova-archivo,1
2019-01-05T06:25:00,357070,Nevados de Chillan,MODIS,0.3476,0.00,1,muy baja,2026-10-05T18:06:10,mirova-archivo,1
2019-01-06T05:18:00,357070,Nevados de Chillan,VIIRS375,0.6504,0.38,1,muy baja,2026-10-05T18:06:10,mirova-archivo,1
2019-01-06T06:06:00,357070,Nevados de Chillan,VIIRS375,0.8487,0.84,1,muy baja,2026-10-05T18:06:10,mirova-archivo,1
2019-01-08T06:18:00,357070,Nevados de Chillan,VIIRS375,0.564,28.91,0,no volcanica,2026-10-05T18:06:10,mirova-archivo,0
2019-01-10T04:54:00,357070,Nevados de Chillan,VIIRS750,20.18,2.12,1,moderada,2026-10-05T18:06:10,mirova-archivo,1
2019-01-10T05:42:00,357070,Nevados de Chillan,VIIRS375,1.906,0.38,1,baja,2026-10-05T18:06:10,mirova-archivo,1
2019-01-10T06:30:00,357070,Nevados de Chillan,VIIRS375,0.2233,0.84,1,muy baja,2026-10-05T18:06:10,mirova-archivo,1
2019-01-11T04:30:00,357070,Nevados de Chillan,VIIRS375,0.04366,1.19,1,muy baja,2026-10-05T18:06:10,mirova-archivo,1
2019-01-11T05:24:00,357070,Nevados de Chillan,VIIRS375,0.4552,0.53,1,muy baja,2026-10-05T18:06:10,mirova-archivo,1
2019-01-11T05:50:00,357070,Nevados de Chillan,MODIS,1.002,0.00,1,baja,2026-10-05T18:06:10,mirova-archivo,1
2019-01-11T06:12:00,357070,Nevados de Chillan,VIIRS375,0.5367,0.53,1,muy baja,2026-10-05T18:06:10,mirova-archivo,1
2019-01-12T05:54:00,357070,Nevados de Chillan,VIIRS375,0.07422,0.53,1,muy baja,2026-10-05T18:06:10,mirova-archivo,1
2019-01-13T05:36:00,357070,Nevados de Chillan,VIIRS375,0.0293,0.38,1,muy baja,2026-10-05T18:06:10,mirova-archivo,1
2019-01-13T06:24:00,357070,Nevados de Chillan,VIIRS750,23.88,1.68,1,moderada,2026-10-05T18:06:10,mirova-archivo,1
2019-01-14T05:18:00,357070,Nevados de Chillan,VIIRS375,2.12,0.53,1,baja,2026-10-05T18:06:10,mirova-archivo,1
2019-01-14T06:06:00,357070,Nevados de Chillan,VIIRS375,2.512,0.53,1,baja,2026-10-05T18:06:10,mirova-archivo,1
2019-01-14T06:20:00,357070,Nevados de Chillan,MODIS,0.8517,2.00,1,muy baja,2026-10-05T18:06:10,mirova-archivo,1
2019-01-15T03:45:00,357070,Nevados de Chillan,MODIS,1.525,0.00,1,baja,2026-10-05T18:06:10,mirova-archivo,1
2019-01-15T05:00:00,357070,Nevados de Chillan,VIIRS375,1.334,0.84,1,baja,2026-10-05T18:06:10,mirova-archivo,1
2019-01-15T05:48:00,357070,Nevados de Chillan,VIIRS375,0.5564,0.53,1,muy baja,2026-10-05T18:06:10,mirova-archivo,1
2019-01-15T06:36:00,357070,Nevados de Chillan,VIIRS375,0.3617,1.06,1,muy baja,2026-10-05T18:06:10,mirova-archivo,1
2019-01-16T05:30:00,357070,Nevados de Chillan,VIIRS375,0.05924,0.53,1,muy baja,2026-10-05T18:06:10,mirova-archivo,1
2019-01-17T05:12:00,357070,Nevados de Chillan,VIIRS375,1.896,0.84,1,baja,2026-10-05T18:06:10,mirova-archivo,1
2019-01-17T06:00:00,357070,Nevados de Chillan,VIIRS375,0.4625,0.53,1,muy baja,2026-10-05T18:06:10,mirova-archivo,1
2019-01-18T04:54:00,357070,Nevados de Chillan,VIIRS375,3.502,1.06,1,baja,2026-10-05T18:06:10,mirova-archivo,1
2019-01-18T05:42:00,357070,Nevados de Chillan,VIIRS375,2.866,0.53,1,baja,2026-10-05T18:06:10,mirova-archivo,1
2019-01-18T05:55:00,357070,Nevados de Chillan,MODIS,0.6769,0.00,1,muy baja,2026-10-05T18:06:10,mirova-archivo,1
2019-01-18T06:30:00,357070,Nevados de Chillan,VIIRS375,0.8084,0.75,1,muy baja,2026-10-05T18:06:10,mirova-archivo,1
2019-01-19T04:36:00,357070,Nevados de Chillan,VIIRS375,0.05574,1.68,1,muy baja,2026-10-05T18:06:10,mirova-archivo,1
2019-01-19T05:24:00,357070,Nevados de Chillan,VIIRS375,2.736,0.53,1,baja,2026-10-05T18:06:10,mirova-archivo,1
2019-01-19T06:12:00,357070,Nevados de Chillan,VIIRS375,0.8622,0.53,1,muy baja,2026-10-05T18:06:10,mirova-archivo,1
2019-01-20T05:06:00,357070,Nevados de Chillan,VIIRS375,1.078,0.75,1,baja,2026-10-05T18:06:10,mirova-archivo,1
2019-01-20T05:45:00,357070,Nevados de Chillan,MODIS,0.9775,1.00,1,muy baja,2026-10-05T18:06:10,mirova-archivo,1
2019-01-20T05:54:00,357070,Nevados de Chillan,VIIRS375,1.81,0.84,1,baja,2026-10-05T18:06:10,mirova-archivo,1
2019-01-20T06:42:00,357070,Nevados de Chillan,VIIRS375,0.08449,0.75,1,muy baja,2026-10-05T18:06:10,mirova-archivo,1
2019-01-21T04:48:00,357070,Nevados de Chillan,VIIRS375,0.788,1.35,1,muy baja,2026-10-05T18:06:10,mirova-archivo,1
2019-01-21T05:36:00,357070,Nevados de Chillan,VIIRS375,1.156,0.53,1,baja,2026-10-05T18:06:10,mirova-archivo,1
2019-01-22T05:18:00,357070,Nevados de Chillan,VIIRS375,1.011,0.84,1,baja,2026-10-05T18:06:10,mirova-archivo,1
2019-01-22T06:06:00,357070,Nevados de Chillan,VIIRS375,0.5603,0.53,1,muy baja,2026-10-05T18:06:10,mirova-archivo,1
2019-01-23T05:00:00,357070,Nevados de Chillan,VIIRS375,2.831,0.53,1,baja,2026-10-05T18:06:10,mirova-archivo,1
2019-01-23T05:48:00,357070,Nevados de Chillan,VIIRS375,0.6874,0.53,1,muy baja,2026-10-05T18:06:10,mirova-archivo,1
2019-01-23T06:36:00,357070,Nevados de Chillan,VIIRS375,0.05573,0.38,1,muy baja,2026-10-05T18:06:10,mirova-archivo,1
2019-01-24T04:42:00,357070,Nevados de Chillan,VIIRS375,1.257,1.68,1,baja,2026-10-05T18:06:10,mirova-archivo,1
2019-01-24T05:30:00,357070,Nevados de Chillan,VIIRS375,0.2452,0.38,1,muy baja,2026-10-05T18:06:10,mirova-archivo,1
2019-01-24T06:18:00,357070,Nevados de Chillan,VIIRS375,0.7139,0.84,1,muy baja,2026-10-05T18:06:10,mirova-archivo,1
2019-01-25T05:12:00,357070,Nevados de Chillan,VIIRS375,0.2691,0.53,1,muy baja,2026-10-05T18:06:10,mirova-archivo,1
2019-01-25T06:00:00,357070,Nevados de Chillan,VIIRS375,0.1733,0.53,1,muy baja,2026-10-05T18:06:10,mirova-archivo,1
2019-01-26T04:54:00,357070,Nevados de Chillan,VIIRS375,1.432,1.06,1,baja,2026-10-05T18:06:10,mirova-archivo,1
2019-01-26T05:42:00,357070,Nevados de Chillan,VIIRS375,0.5853,0.00,1,muy baja,2026-10-05T18:06:10,mirova-archivo,1
2019-01-26T06:30:00,357070,Nevados de Chillan,VIIRS375,0.4438,0.75,1,muy baja,2026-10-05T18:06:10,mirova-archivo,1
2019-01-27T04:30:00,357070,Nevados de Chillan,VIIRS375,0.5419,2.02,1,muy baja,2026-10-05T18:06:10,mirova-archivo,1
2019-01-27T06:12:00,357070,Nevados de Chillan,VIIRS375,0.3741,0.75,1,muy baja,2026-10-05T18:06:10,mirova-archivo,1
2019-01-28T05:06:00,357070,Nevados de Chillan,VIIRS375,1.375,0.53,1,baja,2026-10-05T18:06:10,mirova-archivo,1
2019-01-28T05:54:00,357070,Nevados de Chillan,VIIRS375,1.084,0.53,1,baja,2026-10-05T18:06:10,mirova-archivo,1
2019-01-28T06:42:00,357070,Nevados de Chillan,VIIRS375,0.365,1.12,1,muy baja,2026-10-05T18:06:10,mirova-archivo,1
2019-01-29T04:00:00,357070,Nevados de Chillan,MODIS,0.6367,0.00,1,muy baja,2026-10-05T18:06:10,mirova-archivo,1
2019-01-29T04:48:00,357070,Nevados de Chillan,VIIRS375,0.5403,1.35,1,muy baja,2026-10-05T18:06:10,mirova-archivo,1
2019-01-29T05:36:00,357070,Nevados de Chillan,VIIRS375,0.462,0.53,1,muy baja,2026-10-05T18:06:10,mirova-archivo,1
2019-01-29T06:24:00,357070,Nevados de Chillan,VIIRS375,0.7678,0.75,1,muy baja,2026-10-05T18:06:10,mirova-archivo,1
2019-01-30T05:18:00,357070,Nevados de Chillan,VIIRS375,2.396,0.53,1,baja,2026-10-05T18:06:10,mirova-archivo,1
2019-01-30T06:06:00,357070,Nevados de Chillan,VIIRS375,0.8013,0.53,1,muy baja,2026-10-05T18:06:10,mirova-archivo,1
2019-01-31T05:00:00,357070,Nevados de Chillan,VIIRS375,0.8877,13.40,0,no volcanica,2026-10-05T18:06:10,mirova-archivo,0
2019-01-31T05:48:00,357070,Nevados de Chillan,VIIRS375,0.8336,0.53,1,muy baja,2026-10-05T18:06:10,mirova-archivo,1
2019-02-01T04:42:00,357070,Nevados de Chillan,VIIRS375,4.156,2.02,1,baja,2026-10-05T18:06:10,mirova-archivo,1
2019-02-01T05:30:00,357070,Nevados de Chillan,VIIRS375,2.973,0.53,1,baja,2026-10-05T18:06:10,mirova-archivo,1
2019-02-01T06:18:00,357070,Nevados de Chillan,VIIRS375,1.364,0.84,1,baja,2026-10-05T18:06:10,mirova-archivo,1
2019-02-02T05:12:00,357070,Nevados de Chillan,VIIRS375,1.147,0.53,1,baja,2026-10-05T18:06:10,mirova-archivo,1
2019-02-02T06:00:00,357070,Nevados de Chillan,VIIRS375,0.6352,0.53,1,muy baja,2026-10-05T18:06:10,mirova-archivo,1
2019-02-03T04:54:00,357070,Nevados de Chillan,VIIRS375,1.744,0.84,1,baja,2026-10-05T18:06:10,mirova-archivo,1
2019-02-03T05:42:00,357070,Nevados de Chillan,VIIRS375,0.9466,0.53,1,muy baja,2026-10-05T18:06:10,mirova-archivo,1
2019-02-03T06:30:00,357070,Nevados de Chillan,VIIRS375,0.6276,0.84,1,muy baja,2026-10-05T18:06:10,mirova-archivo,1
2019-02-04T05:24:00,357070,Nevados de Chillan,VIIRS375,1.29,0.38,1,baja,2026-10-05T18:06:10,mirova-archivo,1
2019-02-04T06:12:00,357070,Nevados de Chillan,VIIRS375,1.827,0.84,1,baja,2026-10-05T18:06:10,mirova-archivo,1
2019-02-05T05:06:00,357070,Nevados de Chillan,VIIRS375,0.8516,0.75,1,muy baja,2026-10-05T18:06:10,mirova-archivo,1
2019-02-05T05:54:00,357070,Nevados de Chillan,VIIRS375,1.08,0.53,1,baja,2026-10-05T18:06:10,mirova-archivo,1
2019-02-06T04:48:00,357070,Nevados de Chillan,VIIRS375,0.9,1.35,1,muy baja,2026-10-05T18:06:10,mirova-archivo,1
2019-02-06T05:36:00,357070,Nevados de Chillan,VIIRS375,1.373,27.07,0,no volcanica,2026-10-05T18:06:10,mirova-archivo,0
2019-02-06T06:24:00,357070,Nevados de Chillan,VIIRS375,0.2441,0.53,1,muy baja,2026-10-05T18:06:10,mirova-archivo,1
2019-02-06T18:30:00,357070,Nevados de Chillan,MODIS,83.14,27.66,0,no volcanica,2026-10-05T18:06:10,mirova-archivo,0
2019-02-07T05:18:00,357070,Nevados de Chillan,VIIRS375,1.125,27.05,0,no volcanica,2026-10-05T18:06:10,mirova-archivo,0
2019-02-07T06:06:00,357070,Nevados de Chillan,VIIRS375,0.7637,0.53,1,muy baja,2026-10-05T18:06:10,mirova-archivo,1
2019-02-08T05:00:00,357070,Nevados de Chillan,VIIRS375,0.1869,0.53,1,muy baja,2026-10-05T18:06:10,mirova-archivo,1
2019-02-08T05:48:00,357070,Nevados de Chillan,VIIRS375,1.627,13.02,0,fuera de radio,2026-10-05T18:06:10,mirova-archivo,1
2019-02-09T04:42:00,357070,Nevados de Chillan,VIIRS375,0.4999,1.55,1,muy baja,2026-10-05T18:06:10,mirova-archivo,1
2019-02-09T05:30:00,357070,Nevados de Chillan,VIIRS375,0.2496,0.00,1,muy baja,2026-10-05T18:06:10,mirova-archivo,1
2019-02-09T06:18:00,357070,Nevados de Chillan,VIIRS375,1.005,28.68,0,no volcanica,2026-10-05T18:06:10,mirova-archivo,0
2019-02-10T05:12:00,357070,Nevados de Chillan,VIIRS375,0.7966,0.38,1,muy baja,2026-10-05T18:06:10,mirova-archivo,1
2019-02-10T06:00:00,357070,Nevados de Chillan,MODIS,6.366,1.00,1,baja,2026-10-05T18:06:10,mirova-archivo,1
2019-02-10T06:00:00,357070,Nevados de Chillan,VIIRS750,5.482,1.06,1,baja,2026-10-05T18:06:10,mirova-archivo,1
2019-02-11T06:30:00,357070,Nevados de Chillan,VIIRS375,0.2138,0.75,1,muy baja,2026-10-05T18:06:10,mirova-archivo,1
2019-02-12T04:10:00,357070,Nevados de Chillan,MODIS,0.356,0.00,1,muy baja,2026-10-05T18:06:10,mirova-archivo,1
2019-02-12T04:36:00,357070,Nevados de Chillan,VIIRS375,0.5147,1.88,1,muy baja,2026-10-05T18:06:10,mirova-archivo,1
2019-02-12T05:24:00,357070,Nevados de Chillan,VIIRS375,1.058,0.53,1,baja,2026-10-05T18:06:10,mirova-archivo,1
2019-02-12T05:50:00,357070,Nevados de Chillan,MODIS,0.5828,0.00,1,muy baja,2026-10-05T18:06:10,mirova-archivo,1
2019-02-12T06:12:00,357070,Nevados de Chillan,VIIRS375,0.9186,0.53,1,muy baja,2026-10-05T18:06:10,mirova-archivo,1
2019-02-14T04:48:00,357070,Nevados de Chillan,VIIRS375,0.09787,1.06,1,muy baja,2026-10-05T18:06:10,mirova-archivo,1
2019-02-14T05:36:00,357070,Nevados de Chillan,VIIRS375,0.1966,0.38,1,muy baja,2026-10-05T18:06:10,mirova-archivo,1
2019-02-14T06:24:00,357070,Nevados de Chillan,VIIRS375,0.2757,0.84,1,muy baja,2026-10-05T18:06:10,mirova-archivo,1
2019-02-15T05:18:00,357070,Nevados de Chillan,VIIRS750,23.7,1.06,1,moderada,2026-10-05T18:06:10,mirova-archivo,1
2019-02-15T06:06:00,357070,Nevados de Chillan,VIIRS750,11.3,0.75,1,moderada,2026-10-05T18:06:10,mirova-archivo,1
2019-02-15T06:20:00,357070,Nevados de Chillan,MODIS,9.026,2.00,1,baja,2026-10-05T18:06:10,mirova-archivo,1
2019-02-16T03:45:00,357070,Nevados de Chillan,MODIS,0.8299,0.00,1,muy baja,2026-10-05T18:06:10,mirova-archivo,1
2019-02-16T05:00:00,357070,Nevados de Chillan,VIIRS375,1.759,0.84,1,baja,2026-10-05T18:06:10,mirova-archivo,1
2019-02-16T05:48:00,357070,Nevados de Chillan,VIIRS375,1.108,0.84,1,baja,2026-10-05T18:06:10,mirova-archivo,1
2019-02-16T06:36:00,357070,Nevados de Chillan,VIIRS375,3.96,0.84,1,baja,2026-10-05T18:06:10,mirova-archivo,1
2019-02-17T04:42:00,357070,Nevados de Chillan,VIIRS375,1.423,1.88,1,baja,2026-10-05T18:06:10,mirova-archivo,1
2019-02-17T05:30:00,357070,Nevados de Chillan,VIIRS375,2.547,0.53,1,baja,2026-10-05T18:06:10,mirova-archivo,1
2019-02-17T06:10:00,357070,Nevados de Chillan,MODIS,6.777,1.41,1,baja,2026-10-05T18:06:10,mirova-archivo,1
2019-02-17T06:18:00,357070,Nevados de Chillan,VIIRS750,5.656,2.25,1,baja,2026-10-05T18:06:10,mirova-archivo,1
2019-02-18T03:35:00,357070,Nevados de Chillan,MODIS,7.85,1.41,1,baja,2026-10-05T18:06:10,mirova-archivo,1
2019-02-18T05:12:00,357070,Nevados de Chillan,VIIRS375,1.169,0.84,1,baja,2026-10-05T18:06:10,mirova-archivo,1
2019-02-18T06:00:00,357070,Nevados de Chillan,VIIRS375,0.5249,0.84,1,muy baja,2026-10-05T18:06:10,mirova-archivo,1
2019-02-19T04:15:00,357070,Nevados de Chillan,MODIS,1.622,1.41,1,baja,2026-10-05T18:06:10,mirova-archivo,1
2019-02-19T04:54:00,357070,Nevados de Chillan,VIIRS375,3.888,1.19,1,baja,2026-10-05T18:06:10,mirova-archivo,1
2019-02-19T05:42:00,357070,Nevados de Chillan,VIIRS375,1.272,0.53,1,baja,2026-10-05T18:06:10,mirova-archivo,1
2019-02-19T06:30:00,357070,Nevados de Chillan,VIIRS375,3.207,1.19,1,baja,2026-10-05T18:06:10,mirova-archivo,1
2019-02-20T04:30:00,357070,Nevados de Chillan,VIIRS375,0.4699,1.68,1,muy baja,2026-10-05T18:06:10,mirova-archivo,1
2019-02-20T05:24:00,357070,Nevados de Chillan,VIIRS375,0.5056,0.53,1,muy baja,2026-10-05T18:06:10,mirova-archivo,1
2019-02-20T06:12:00,357070,Nevados de Chillan,VIIRS375,0.3538,0.53,1,muy baja,2026-10-05T18:06:10,mirova-archivo,1
2019-02-23T05:18:00,357070,Nevados de Chillan,VIIRS375,1.767,0.53,1,baja,2026-10-05T18:06:10,mirova-archivo,1
2019-02-23T05:30:00,357070,Nevados de Chillan,MODIS,0.3363,1.00,1,muy baja,2026-10-05T18:06:10,mirova-archivo,1
2019-02-23T06:06:00,357070,Nevados de Chillan,VIIRS375,1.719,0.53,1,baja,2026-10-05T18:06:10,mirova-archivo,1
2019-02-24T05:00:00,357070,Nevados de Chillan,VIIRS375,0.2146,0.38,1,muy baja,2026-10-05T18:06:10,mirova-archivo,1
2019-02-24T05:48:00,357070,Nevados de Chillan,VIIRS375,3.108,0.53,1,baja,2026-10-05T18:06:10,mirova-archivo,1
2019-02-24T06:15:00,357070,Nevados de Chillan,MODIS,0.3595,0.00,1,muy baja,2026-10-05T18:06:10,mirova-archivo,1
2019-02-24T06:36:00,357070,Nevados de Chillan,VIIRS375,0.8203,1.19,1,muy baja,2026-10-05T18:06:10,mirova-archivo,1
2019-02-25T03:40:00,357070,Nevados de Chillan,MODIS,0.5452,0.00,1,muy baja,2026-10-05T18:06:10,mirova-archivo,1
2019-02-25T04:42:00,357070,Nevados de Chillan,VIIRS375,0.6349,1.19,1,muy baja,2026-10-05T18:06:10,mirova-archivo,1
2019-02-25T05:30:00,357070,Nevados de Chillan,VIIRS375,0.5033,0.53,1,muy baja,2026-10-05T18:06:10,mirova-archivo,1
2019-02-25T06:18:00,357070,Nevados de Chillan,VIIRS375,1.391,0.84,1,baja,2026-10-05T18:06:10,mirova-archivo,1
2019-02-26T05:12:00,357070,Nevados de Chillan,VIIRS375,0.9762,0.53,1,muy baja,2026-10-05T18:06:10,mirova-archivo,1
2019-02-26T06:00:00,357070,Nevados de Chillan,VIIRS375,1.091,0.84,1,baja,2026-10-05T18:06:10,mirova-archivo,1
2019-02-27T03:30:00,357070,Nevados de Chillan,MODIS,1.632,1.00,1,baja,2026-10-05T18:06:10,mirova-archivo,1
2019-02-27T04:54:00,357070,Nevados de Chillan,VIIRS375,2.274,1.19,1,baja,2026-10-05T18:06:10,mirova-archivo,1
2019-02-27T05:42:00,357070,Nevados de Chillan,VIIRS375,1.31,0.53,1,baja,2026-10-05T18:06:10,mirova-archivo,1
2019-02-27T06:30:00,357070,Nevados de Chillan,VIIRS375,4.097,1.12,1,baja,2026-10-05T18:06:10,mirova-archivo,1
2019-02-28T05:24:00,357070,Nevados de Chillan,VIIRS375,0.5284,0.53,1,muy baja,2026-10-05T18:06:10,mirova-archivo,1
2019-02-28T06:12:00,357070,Nevados de Chillan,VIIRS375,3.409,0.84,1,baja,2026-10-05T18:06:10,mirova-archivo,1
2019-03-01T05:06:00,357070,Nevados de Chillan,VIIRS375,1.585,0.84,1,baja,2026-10-05T18:06:10,mirova-archivo,1
2019-03-01T05:54:00,357070,Nevados de Chillan,VIIRS375,0.6518,0.53,1,muy baja,2026-10-05T18:06:10,mirova-archivo,1
2019-03-02T04:00:00,357070,Nevados de Chillan,MODIS,12.16,1.41,1,moderada,2026-10-05T18:06:10,mirova-archivo,1
2019-03-02T04:48:00,357070,Nevados de Chillan,VIIRS750,6.053,2.12,1,baja,2026-10-05T18:06:10,mirova-archivo,1
2019-03-02T05:35:00,357070,Nevados de Chillan,MODIS,9.006,1.41,1,baja,2026-10-05T18:06:10,mirova-archivo,1
2019-03-02T05:36:00,357070,Nevados de Chillan,VIIRS750,12.68,0.75,1,moderada,2026-10-05T18:06:10,mirova-archivo,1
2019-03-02T06:24:00,357070,Nevados de Chillan,VIIRS750,8.691,1.06,1,baja,2026-10-05T18:06:10,mirova-archivo,1
2019-03-03T05:18:00,357070,Nevados de Chillan,VIIRS375,0.9677,0.53,1,muy baja,2026-10-05T18:06:10,mirova-archivo,1
2019-03-03T06:06:00,357070,Nevados de Chillan,VIIRS375,0.02589,0.38,1,muy baja,2026-10-05T18:06:10,mirova-archivo,1
2019-03-04T05:00:00,357070,Nevados de Chillan,VIIRS375,0.6635,0.53,1,muy baja,2026-10-05T18:06:10,mirova-archivo,1
2019-03-04T05:48:00,357070,Nevados de Chillan,VIIRS375,0.5342,8.75,0,no volcanica,2026-10-05T18:06:10,mirova-archivo,0
2019-03-05T04:42:00,357070,Nevados de Chillan,VIIRS375,0.6683,1.35,1,muy baja,2026-10-05T18:06:10,mirova-archivo,1
2019-03-05T05:30:00,357070,Nevados de Chillan,VIIRS375,0.3913,0.53,1,muy baja,2026-10-05T18:06:10,mirova-archivo,1
2019-03-05T06:18:00,357070,Nevados de Chillan,VIIRS375,0.9207,1.06,1,muy baja,2026-10-05T18:06:10,mirova-archivo,1
2019-03-06T05:12:00,357070,Nevados de Chillan,VIIRS375,1.414,27.05,0,no volcanica,2026-10-05T18:06:10,mirova-archivo,0
2019-03-06T06:00:00,357070,Nevados de Chillan,VIIRS375,1.774,0.84,1,baja,2026-10-05T18:06:10,mirova-archivo,1
2019-03-06T14:40:00,357070,Nevados de Chillan,MODIS,255.8,27.59,0,no volcanica,2026-10-05T18:06:10,mirova-archivo,0
2019-03-06T18:50:00,357070,Nevados de Chillan,MODIS,178.5,26.91,0,no volcanica,2026-10-05T18:06:10,mirova-archivo,0
2019-03-08T03:20:00,357070,Nevados de Chillan,MODIS,1.202,1.41,1,baja,2026-10-05T18:06:10,mirova-archivo,1
2019-03-08T04:30:00,357070,Nevados de Chillan,VIIRS375,2.798,2.02,1,baja,2026-10-05T18:06:10,mirova-archivo,1
2019-03-08T05:24:00,357070,Nevados de Chillan,VIIRS375,1.5,0.53,1,baja,2026-10-05T18:06:10,mirova-archivo,1
2019-03-08T06:12:00,357070,Nevados de Chillan,VIIRS375,1.929,0.84,1,baja,2026-10-05T18:06:10,mirova-archivo,1
2019-03-09T05:06:00,357070,Nevados de Chillan,VIIRS375,4.897,1.06,1,baja,2026-10-05T18:06:10,mirova-archivo,1
2019-03-09T05:45:00,357070,Nevados de Chillan,MODIS,1.637,1.00,1,baja,2026-10-05T18:06:10,mirova-archivo,1
2019-03-09T05:54:00,357070,Nevados de Chillan,VIIRS375,1.271,0.84,1,baja,2026-10-05T18:06:10,mirova-archivo,1
2019-03-09T06:42:00,357070,Nevados de Chillan,VIIRS375,0.2408,0.84,1,muy baja,2026-10-05T18:06:10,mirova-archivo,1
2019-03-10T04:48:00,357070,Nevados de Chillan,VIIRS375,6.519,1.68,1,baja,2026-10-05T18:06:10,mirova-archivo,1
2019-03-10T05:36:00,357070,Nevados de Chillan,VIIRS375,2.723,26.48,0,no volcanica,2026-10-05T18:06:10,mirova-archivo,0
2019-03-10T06:24:00,357070,Nevados de Chillan,VIIRS375,2.243,0.84,1,baja,2026-10-05T18:06:10,mirova-archivo,1
2019-03-11T03:55:00,357070,Nevados de Chillan,MODIS,0.3512,0.00,1,muy baja,2026-10-05T18:06:10,mirova-archivo,1
2019-03-11T05:18:00,357070,Nevados de Chillan,VIIRS375,3.03,0.53,1,baja,2026-10-05T18:06:10,mirova-archivo,1
2019-03-11T05:30:00,357070,Nevados de Chillan,MODIS,1.118,1.00,1,baja,2026-10-05T18:06:10,mirova-archivo,1
2019-03-11T06:06:00,357070,Nevados de Chillan,VIIRS375,1.094,0.53,1,baja,2026-10-05T18:06:10,mirova-archivo,1
2019-03-12T05:00:00,357070,Nevados de Chillan,VIIRS375,0.8398,0.38,1,muy baja,2026-10-05T18:06:10,mirova-archivo,1
2019-03-12T05:48:00,357070,Nevados de Chillan,VIIRS375,0.7669,0.53,1,muy baja,2026-10-05T18:06:10,mirova-archivo,1
2019-03-12T06:36:00,357070,Nevados de Chillan,VIIRS375,0.6376,1.19,1,muy baja,2026-10-05T18:06:10,mirova-archivo,1
2019-03-13T03:40:00,357070,Nevados de Chillan,MODIS,1.752,1.00,1,baja,2026-10-05T18:06:10,mirova-archivo,1
2019-03-13T04:36:00,357070,Nevados de Chillan,VIIRS375,1.919,29.96,0,no volcanica,2026-10-05T18:06:10,mirova-archivo,0
2019-03-13T05:30:00,357070,Nevados de Chillan,VIIRS375,0.8751,0.53,1,muy baja,2026-10-05T18:06:10,mirova-archivo,1
2019-03-13T06:18:00,357070,Nevados de Chillan,VIIRS375,0.9056,0.84,1,muy baja,2026-10-05T18:06:10,mirova-archivo,1
2019-03-14T05:12:00,357070,Nevados de Chillan,VIIRS375,0.7093,0.53,1,muy baja,2026-10-05T18:06:10,mirova-archivo,1
2019-03-14T06:00:00,357070,Nevados de Chillan,VIIRS375,0.2891,0.84,1,muy baja,2026-10-05T18:06:10,mirova-archivo,1
2019-03-15T04:54:00,357070,Nevados de Chillan,VIIRS375,0.5426,1.06,1,muy baja,2026-10-05T18:06:10,mirova-archivo,1
2019-03-15T05:42:00,357070,Nevados de Chillan,VIIRS375,0.7951,0.53,1,muy baja,2026-10-05T18:06:10,mirova-archivo,1
2019-03-15T06:30:00,357070,Nevados de Chillan,VIIRS375,0.9203,1.12,1,muy baja,2026-10-05T18:06:10,mirova-archivo,1
2019-03-16T04:36:00,357070,Nevados de Chillan,VIIRS375,0.1741,1.35,1,muy baja,2026-10-05T18:06:10,mirova-archivo,1
2019-03-16T05:24:00,357070,Nevados de Chillan,VIIRS375,0.3272,0.38,1,muy baja,2026-10-05T18:06:10,mirova-archivo,1
2019-03-16T06:12:00,357070,Nevados de Chillan,VIIRS375,1.083,0.84,1,baja,2026-10-05T18:06:10,mirova-archivo,1
2019-03-17T03:15:00,357070,Nevados de Chillan,MODIS,0.3659,0.00,1,muy baja,2026-10-05T18:06:10,mirova-archivo,1
2019-03-17T05:06:00,357070,Nevados de Chillan,VIIRS375,0.5434,0.53,1,muy baja,2026-10-05T18:06:10,mirova-archivo,1
2019-03-17T05:54:00,357070,Nevados de Chillan,VIIRS375,0.9144,0.53,1,muy baja,2026-10-05T18:06:10,mirova-archivo,1
2019-03-18T04:48:00,357070,Nevados de Chillan,VIIRS375,0.3779,1.55,1,muy baja,2026-10-05T18:06:10,mirova-archivo,1
2019-03-18T05:36:00,357070,Nevados de Chillan,VIIRS375,0.7114,0.00,1,muy baja,2026-10-05T18:06:10,mirova-archivo,1
2019-03-18T06:24:00,357070,Nevados de Chillan,VIIRS375,0.07723,0.53,1,muy baja,2026-10-05T18:06:10,mirova-archivo,1
2019-03-19T05:18:00,357070,Nevados de Chillan,VIIRS375,0.4893,0.38,1,muy baja,2026-10-05T18:06:10,mirova-archivo,1
2019-03-21T05:30:00,357070,Nevados de Chillan,VIIRS375,0.9823,0.53,1,muy baja,2026-10-05T18:06:10,mirova-archivo,1
2019-03-21T06:18:00,357070,Nevados de Chillan,VIIRS375,0.7206,0.84,1,muy baja,2026-10-05T18:06:10,mirova-archivo,1
2019-03-22T03:35:00,357070,Nevados de Chillan,MODIS,5.656,1.41,1,baja,2026-10-05T18:06:10,mirova-archivo,1
2019-03-22T05:12:00,357070,Nevados de Chillan,VIIRS750,5.074,1.06,1,baja,2026-10-05T18:06:10,mirova-archivo,1
2019-03-22T05:15:00,357070,Nevados de Chillan,MODIS,2.268,2.24,1,baja,2026-10-05T18:06:10,mirova-archivo,1
2019-03-22T06:00:00,357070,Nevados de Chillan,VIIRS375,4.723,0.84,1,baja,2026-10-05T18:06:10,mirova-archivo,1
2019-03-22T06:48:00,357070,Nevados de Chillan,VIIRS375,0.7518,0.84,1,muy baja,2026-10-05T18:06:10,mirova-archivo,1
2019-03-23T04:54:00,357070,Nevados de Chillan,VIIRS375,0.236,0.84,1,muy baja,2026-10-05T18:06:10,mirova-archivo,1
2019-03-24T04:30:00,357070,Nevados de Chillan,VIIRS375,0.5173,1.55,1,muy baja,2026-10-05T18:06:10,mirova-archivo,1
2019-03-24T05:24:00,357070,Nevados de Chillan,VIIRS375,6.182,26.78,0,no volcanica,2026-10-05T18:06:10,mirova-archivo,0
2019-03-24T06:12:00,357070,Nevados de Chillan,VIIRS375,4.459,26.52,0,no volcanica,2026-10-05T18:06:10,mirova-archivo,0
2019-03-25T05:06:00,357070,Nevados de Chillan,VIIRS375,3.137,7.95,0,no volcanica,2026-10-05T18:06:10,mirova-archivo,0
2019-03-25T05:54:00,357070,Nevados de Chillan,VIIRS375,1.322,26.25,0,no volcanica,2026-10-05T18:06:10,mirova-archivo,0
2019-03-26T04:48:00,357070,Nevados de Chillan,VIIRS375,1.187,1.35,1,baja,2026-10-05T18:06:10,mirova-archivo,1
2019-03-26T05:36:00,357070,Nevados de Chillan,VIIRS375,1.529,24.47,0,no volcanica,2026-10-05T18:06:10,mirova-archivo,0
2019-03-26T06:24:00,357070,Nevados de Chillan,VIIRS375,1.675,24.11,0,fuera de radio,2026-10-05T18:06:10,mirova-archivo,1
2019-03-27T05:18:00,357070,Nevados de Chillan,VIIRS375,0.6086,0.53,1,muy baja,2026-10-05T18:06:10,mirova-archivo,1
2019-03-27T06:06:00,357070,Nevados de Chillan,VIIRS375,0.07775,0.00,1,muy baja,2026-10-05T18:06:10,mirova-archivo,1
2019-03-27T19:10:00,357070,Nevados de Chillan,MODIS,362.4,19.24,0,no volcanica,2026-10-05T18:06:10,mirova-archivo,0
2019-03-28T05:00:00,357070,Nevados de Chillan,VIIRS375,1.855,17.27,0,no volcanica,2026-10-05T18:06:10,mirova-archivo,0
2019-03-28T05:48:00,357070,Nevados de Chillan,VIIRS375,1.982,18.28,0,no volcanica,2026-10-05T18:06:10,mirova-archivo,0
2019-03-28T06:36:00,357070,Nevados de Chillan,VIIRS375,2.088,1.88,1,baja,2026-10-05T18:06:10,mirova-archivo,1
2019-03-29T05:20:00,357070,Nevados de Chillan,MODIS,74.59,2.83,1,moderada,2026-10-05T18:06:10,mirova-archivo,1
2019-03-29T05:30:00,357070,Nevados de Chillan,VIIRS750,55.94,1.06,1,moderada,2026-10-05T18:06:10,mirova-archivo,1
2019-03-29T06:18:00,357070,Nevados de Chillan,VIIRS750,22.82,1.68,1,moderada,2026-10-05T18:06:10,mirova-archivo,1
2019-03-30T05:12:00,357070,Nevados de Chillan,VIIRS375,1.476,0.84,1,baja,2026-10-05T18:06:10,mirova-archivo,1
2019-03-30T06:00:00,357070,Nevados de Chillan,VIIRS375,0.9507,0.84,1,muy baja,2026-10-05T18:06:10,mirova-archivo,1
2019-03-31T05:42:00,357070,Nevados de Chillan,VIIRS375,0.1348,0.53,1,muy baja,2026-10-05T18:06:10,mirova-archivo,1
2019-04-01T04:36:00,357070,Nevados de Chillan,VIIRS375,0.8299,1.59,1,muy baja,2026-10-05T18:06:10,mirova-archivo,1
2019-04-01T05:24:00,357070,Nevados de Chillan,VIIRS375,0.7833,0.53,1,muy baja,2026-10-05T18:06:10,mirova-archivo,1
2019-04-01T06:12:00,357070,Nevados de Chillan,VIIRS375,1.128,0.75,1,baja,2026-10-05T18:06:10,mirova-archivo,1
2019-04-02T03:15:00,357070,Nevados de Chillan,MODIS,1.248,1.00,1,baja,2026-10-05T18:06:10,mirova-archivo,1
2019-04-02T05:06:00,357070,Nevados de Chillan,VIIRS375,0.346,0.75,1,muy baja,2026-10-05T18:06:10,mirova-archivo,1
2019-04-02T05:54:00,357070,Nevados de Chillan,VIIRS375,0.3733,0.53,1,muy baja,2026-10-05T18:06:10,mirova-archivo,1
2019-04-03T05:36:00,357070,Nevados de Chillan,VIIRS375,1.172,0.53,1,baja,2026-10-05T18:06:10,mirova-archivo,1
2019-04-03T06:24:00,357070,Nevados de Chillan,VIIRS375,0.3,0.53,1,muy baja,2026-10-05T18:06:10,mirova-archivo,1
2019-04-05T05:00:00,357070,Nevados de Chillan,VIIRS375,0.3916,0.53,1,muy baja,2026-10-05T18:06:10,mirova-archivo,1
2019-04-05T05:48:00,357070,Nevados de Chillan,VIIRS375,1.548,0.84,1,baja,2026-10-05T18:06:10,mirova-archivo,1
2019-04-05T06:36:00,357070,Nevados de Chillan,VIIRS375,0.4682,1.06,1,muy baja,2026-10-05T18:06:10,mirova-archivo,1
2019-04-06T04:42:00,357070,Nevados de Chillan,VIIRS375,0.4628,1.35,1,muy baja,2026-10-05T18:06:10,mirova-archivo,1
2019-04-06T05:30:00,357070,Nevados de Chillan,VIIRS375,1.015,0.53,1,baja,2026-10-05T18:06:10,mirova-archivo,1
2019-04-06T06:10:00,357070,Nevados de Chillan,MODIS,0.4511,0.00,1,muy baja,2026-10-05T18:06:10,mirova-archivo,1
2019-04-06T06:18:00,357070,Nevados de Chillan,VIIRS375,0.9092,0.84,1,muy baja,2026-10-05T18:06:10,mirova-archivo,1
2019-04-07T05:12:00,357070,Nevados de Chillan,VIIRS375,1.323,0.53,1,baja,2026-10-05T18:06:10,mirova-archivo,1
2019-04-07T06:00:00,357070,Nevados de Chillan,VIIRS375,0.6168,0.84,1,muy baja,2026-10-05T18:06:10,mirova-archivo,1
2019-04-08T04:54:00,357070,Nevados de Chillan,VIIRS375,0.7096,1.06,1,muy baja,2026-10-05T18:06:10,mirova-archivo,1
2019-04-08T05:42:00,357070,Nevados de Chillan,VIIRS375,1.749,0.38,1,baja,2026-10-05T18:06:10,mirova-archivo,1
2019-04-08T05:55:00,357070,Nevados de Chillan,MODIS,0.6564,0.00,1,muy baja,2026-10-05T18:06:10,mirova-archivo,1
2019-04-08T06:30:00,357070,Nevados de Chillan,VIIRS375,0.3979,0.84,1,muy baja,2026-10-05T18:06:10,mirova-archivo,1
2019-04-09T04:30:00,357070,Nevados de Chillan,VIIRS375,0.8683,1.68,1,muy baja,2026-10-05T18:06:10,mirova-archivo,1
2019-04-09T05:24:00,357070,Nevados de Chillan,VIIRS375,0.6865,0.53,1,muy baja,2026-10-05T18:06:10,mirova-archivo,1
2019-04-09T06:12:00,357070,Nevados de Chillan,VIIRS375,0.7687,0.53,1,muy baja,2026-10-05T18:06:10,mirova-archivo,1
2019-04-10T04:05:00,357070,Nevados de Chillan,MODIS,0.3491,1.41,1,muy baja,2026-10-05T18:06:10,mirova-archivo,1
2019-04-10T05:06:00,357070,Nevados de Chillan,VIIRS375,2.212,0.75,1,baja,2026-10-05T18:06:10,mirova-archivo,1
2019-04-10T05:45:00,357070,Nevados de Chillan,MODIS,3.171,1.41,1,baja,2026-10-05T18:06:10,mirova-archivo,1
2019-04-10T05:54:00,357070,Nevados de Chillan,VIIRS375,3.213,0.53,1,baja,2026-10-05T18:06:10,mirova-archivo,1
2019-04-11T03:10:00,357070,Nevados de Chillan,MODIS,2.067,2.00,1,baja,2026-10-05T18:06:10,mirova-archivo,1
2019-04-11T04:48:00,357070,Nevados de Chillan,VIIRS375,2.921,1.35,1,baja,2026-10-05T18:06:10,mirova-archivo,1
2019-04-11T05:36:00,357070,Nevados de Chillan,VIIRS375,2.091,0.53,1,baja,2026-10-05T18:06:10,mirova-archivo,1
2019-04-11T06:24:00,357070,Nevados de Chillan,VIIRS375,0.6246,0.84,1,muy baja,2026-10-05T18:06:10,mirova-archivo,1
2019-04-12T05:18:00,357070,Nevados de Chillan,VIIRS375,0.2115,0.38,1,muy baja,2026-10-05T18:06:10,mirova-archivo,1
2019-04-12T05:30:00,357070,Nevados de Chillan,MODIS,0.9535,1.00,1,muy baja,2026-10-05T18:06:10,mirova-archivo,1
2019-04-12T06:06:00,357070,Nevados de Chillan,VIIRS375,4.237,0.84,1,baja,2026-10-05T18:06:10,mirova-archivo,1
2019-04-14T05:30:00,357070,Nevados de Chillan,VIIRS375,0.2026,0.53,1,muy baja,2026-10-05T18:06:10,mirova-archivo,1
2019-04-15T05:12:00,357070,Nevados de Chillan,VIIRS375,0.8653,0.53,1,muy baja,2026-10-05T18:06:10,mirova-archivo,1
2019-04-15T06:00:00,357070,Nevados de Chillan,MODIS,0.5827,0.00,1,muy baja,2026-10-05T18:06:10,mirova-archivo,1
2019-04-15T06:00:00,357070,Nevados de Chillan,VIIRS375,1.095,0.84,1,baja,2026-10-05T18:06:10,mirova-archivo,1
2019-04-16T03:30:00,357070,Nevados de Chillan,MODIS,1.58,21.21,0,no volcanica,2026-10-05T18:06:10,mirova-archivo,0
2019-04-16T04:54:00,357070,Nevados de Chillan,VIIRS750,5.056,2.12,1,baja,2026-10-05T18:06:10,mirova-archivo,1
2019-04-16T05:42:00,357070,Nevados de Chillan,VIIRS375,4.389,21.73,0,no volcanica,2026-10-05T18:06:10,mirova-archivo,0
2019-04-16T06:30:00,357070,Nevados de Chillan,VIIRS375,2.307,21.58,0,no volcanica,2026-10-05T18:06:10,mirova-archivo,0
2019-04-16T18:45:00,357070,Nevados de Chillan,MODIS,125.8,9.00,0,no volcanica,2026-10-05T18:06:10,mirova-archivo,0
2019-04-17T04:36:00,357070,Nevados de Chillan,VIIRS375,0.08003,1.59,1,muy baja,2026-10-05T18:06:10,mirova-archivo,1
2019-04-17T05:24:00,357070,Nevados de Chillan,VIIRS375,3.443,19.45,0,no volcanica,2026-10-05T18:06:10,mirova-archivo,0
2019-04-17T06:12:00,357070,Nevados de Chillan,VIIRS375,2.156,9.49,0,no volcanica,2026-10-05T18:06:10,mirova-archivo,0
2019-04-18T05:06:00,357070,Nevados de Chillan,VIIRS750,8.644,1.68,1,baja,2026-10-05T18:06:10,mirova-archivo,1
2019-04-18T05:54:00,357070,Nevados de Chillan,VIIRS375,0.9532,0.84,1,muy baja,2026-10-05T18:06:10,mirova-archivo,1
2019-04-19T05:35:00,357070,Nevados de Chillan,MODIS,0.3223,0.00,1,muy baja,2026-10-05T18:06:10,mirova-archivo,1
2019-04-19T05:36:00,357070,Nevados de Chillan,VIIRS375,1.455,24.32,0,fuera de radio,2026-10-05T18:06:10,mirova-archivo,1
2019-04-19T06:24:00,357070,Nevados de Chillan,VIIRS375,0.6926,16.56,0,no volcanica,2026-10-05T18:06:10,mirova-archivo,0
2019-04-20T03:05:00,357070,Nevados de Chillan,MODIS,5.257,2.24,1,baja,2026-10-05T18:06:10,mirova-archivo,1
2019-04-20T05:18:00,357070,Nevados de Chillan,VIIRS375,1.235,0.53,1,baja,2026-10-05T18:06:10,mirova-archivo,1
2019-04-20T06:06:00,357070,Nevados de Chillan,VIIRS375,2.245,0.75,1,baja,2026-10-05T18:06:10,mirova-archivo,1
2019-04-21T03:45:00,357070,Nevados de Chillan,MODIS,0.5058,0.00,1,muy baja,2026-10-05T18:06:10,mirova-archivo,1
2019-04-21T05:00:00,357070,Nevados de Chillan,VIIRS375,1.194,0.75,1,baja,2026-10-05T18:06:10,mirova-archivo,1
2019-04-21T05:25:00,357070,Nevados de Chillan,MODIS,3.468,2.24,1,baja,2026-10-05T18:06:10,mirova-archivo,1
2019-04-21T05:48:00,357070,Nevados de Chillan,VIIRS375,2.246,0.53,1,baja,2026-10-05T18:06:10,mirova-archivo,1
2019-04-21T06:36:00,357070,Nevados de Chillan,VIIRS375,0.3178,0.84,1,muy baja,2026-10-05T18:06:10,mirova-archivo,1
2019-04-22T05:30:00,357070,Nevados de Chillan,VIIRS375,1.331,21.58,0,no volcanica,2026-10-05T18:06:10,mirova-archivo,0
2019-04-22T06:18:00,357070,Nevados de Chillan,VIIRS375,0.09839,0.75,1,muy baja,2026-10-05T18:06:10,mirova-archivo,1
2019-04-23T03:35:00,357070,Nevados de Chillan,MODIS,0.6626,0.00,1,muy baja,2026-10-05T18:06:10,mirova-archivo,1
2019-04-23T05:12:00,357070,Nevados de Chillan,VIIRS375,0.8987,0.53,1,muy baja,2026-10-05T18:06:10,mirova-archivo,1
2019-04-23T06:00:00,357070,Nevados de Chillan,VIIRS375,2.792,0.53,1,baja,2026-10-05T18:06:10,mirova-archivo,1
2019-04-24T04:54:00,357070,Nevados de Chillan,VIIRS375,0.3596,0.75,1,muy baja,2026-10-05T18:06:10,mirova-archivo,1
2019-04-24T05:42:00,357070,Nevados de Chillan,VIIRS375,1.571,11.39,0,fuera de radio,2026-10-05T18:06:10,mirova-archivo,1
2019-04-25T06:12:00,357070,Nevados de Chillan,VIIRS375,0.4801,11.68,0,no volcanica,2026-10-05T18:06:10,mirova-archivo,0
2019-04-26T04:05:00,357070,Nevados de Chillan,MODIS,0.5292,1.00,1,muy baja,2026-10-05T18:06:10,mirova-archivo,1
2019-04-26T05:06:00,357070,Nevados de Chillan,VIIRS375,0.7147,0.53,1,muy baja,2026-10-05T18:06:10,mirova-archivo,1
2019-04-26T05:45:00,357070,Nevados de Chillan,MODIS,2.222,1.00,1,baja,2026-10-05T18:06:10,mirova-archivo,1
2019-04-26T05:54:00,357070,Nevados de Chillan,VIIRS375,3.706,1.06,1,baja,2026-10-05T18:06:10,mirova-archivo,1
2019-04-26T06:42:00,357070,Nevados de Chillan,VIIRS375,1.087,1.55,1,baja,2026-10-05T18:06:10,mirova-archivo,1
2019-04-27T04:48:00,357070,Nevados de Chillan,VIIRS375,1.154,1.35,1,baja,2026-10-05T18:06:10,mirova-archivo,1
2019-04-27T06:24:00,357070,Nevados de Chillan,VIIRS375,0.1707,0.84,1,muy baja,2026-10-05T18:06:10,mirova-archivo,1
2019-04-28T05:18:00,357070,Nevados de Chillan,VIIRS375,0.3619,0.38,1,muy baja,2026-10-05T18:06:10,mirova-archivo,1
2019-04-28T06:06:00,357070,Nevados de Chillan,VIIRS375,0.2312,0.38,1,muy baja,2026-10-05T18:06:10,mirova-archivo,1
2019-04-29T05:00:00,357070,Nevados de Chillan,VIIRS375,1.617,6.68,0,no volcanica,2026-10-05T18:06:10,mirova-archivo,0
2019-04-29T05:48:00,357070,Nevados de Chillan,VIIRS375,1.964,6.76,0,fuera de radio,2026-10-05T18:06:10,mirova-archivo,1
2019-04-29T06:36:00,357070,Nevados de Chillan,VIIRS375,0.2145,1.12,1,muy baja,2026-10-05T18:06:10,mirova-archivo,1
2019-04-30T03:40:00,357070,Nevados de Chillan,MODIS,14.69,14.04,0,no volcanica,2026-10-05T18:06:10,mirova-archivo,0
2019-04-30T04:36:00,357070,Nevados de Chillan,VIIRS750,25.34,15.02,0,no volcanica,2026-10-05T18:06:10,mirova-archivo,0
2019-04-30T05:20:00,357070,Nevados de Chillan,MODIS,5.473,17.00,0,no volcanica,2026-10-05T18:06:10,mirova-archivo,0
2019-04-30T05:30:00,357070,Nevados de Chillan,VIIRS750,42.55,14.25,0,no volcanica,2026-10-05T18:06:10,mirova-archivo,0
2019-04-30T06:18:00,357070,Nevados de Chillan,VIIRS375,29.12,14.63,0,no volcanica,2026-10-05T18:06:10,mirova-archivo,0
2019-05-01T06:00:00,357070,Nevados de Chillan,VIIRS375,0.2238,7.20,0,no volcanica,2026-10-05T18:06:10,mirova-archivo,0
2019-05-05T04:48:00,357070,Nevados de Chillan,VIIRS375,0.4097,1.06,1,muy baja,2026-10-05T18:06:10,mirova-archivo,1
2019-05-05T05:35:00,357070,Nevados de Chillan,MODIS,1.122,1.00,1,baja,2026-10-05T18:06:10,mirova-archivo,1
2019-05-05T05:36:00,357070,Nevados de Chillan,VIIRS375,1.164,0.38,1,baja,2026-10-05T18:06:10,mirova-archivo,1
2019-05-05T06:24:00,357070,Nevados de Chillan,VIIRS375,0.4739,0.84,1,muy baja,2026-10-05T18:06:10,mirova-archivo,1
2019-05-06T05:18:00,357070,Nevados de Chillan,VIIRS375,0.6126,0.38,1,muy baja,2026-10-05T18:06:10,mirova-archivo,1
2019-05-06T06:06:00,357070,Nevados de Chillan,VIIRS375,1.095,0.75,1,baja,2026-10-05T18:06:10,mirova-archivo,1
2019-05-07T05:00:00,357070,Nevados de Chillan,VIIRS375,2.05,16.89,0,no volcanica,2026-10-05T18:06:10,mirova-archivo,0
2019-05-07T05:48:00,357070,Nevados de Chillan,VIIRS375,0.6229,0.53,1,muy baja,2026-10-05T18:06:10,mirova-archivo,1
2019-05-07T06:36:00,357070,Nevados de Chillan,VIIRS375,0.1612,0.75,1,muy baja,2026-10-05T18:06:10,mirova-archivo,1
2019-05-08T04:42:00,357070,Nevados de Chillan,VIIRS375,1.279,1.35,1,baja,2026-10-05T18:06:10,mirova-archivo,1
2019-05-08T05:30:00,357070,Nevados de Chillan,VIIRS375,0.8929,0.38,1,muy baja,2026-10-05T18:06:10,mirova-archivo,1
2019-05-08T06:10:00,357070,Nevados de Chillan,MODIS,1.751,1.00,1,baja,2026-10-05T18:06:10,mirova-archivo,1
2019-05-08T06:18:00,357070,Nevados de Chillan,VIIRS375,2.633,0.84,1,baja,2026-10-05T18:06:10,mirova-archivo,1
2019-05-09T03:35:00,357070,Nevados de Chillan,MODIS,2.668,1.41,1,baja,2026-10-05T18:06:10,mirova-archivo,1
2019-05-09T05:12:00,357070,Nevados de Chillan,VIIRS375,1.077,0.53,1,baja,2026-10-05T18:06:10,mirova-archivo,1
2019-05-09T06:00:00,357070,Nevados de Chillan,VIIRS375,0.5064,0.53,1,muy baja,2026-10-05T18:06:10,mirova-archivo,1
2019-05-10T04:54:00,357070,Nevados de Chillan,VIIRS375,0.7497,1.19,1,muy baja,2026-10-05T18:06:10,mirova-archivo,1
2019-05-10T05:42:00,357070,Nevados de Chillan,VIIRS375,0.8139,0.53,1,muy baja,2026-10-05T18:06:10,mirova-archivo,1
2019-05-10T05:55:00,357070,Nevados de Chillan,MODIS,0.5599,0.00,1,muy baja,2026-10-05T18:06:10,mirova-archivo,1
2019-05-10T06:30:00,357070,Nevados de Chillan,VIIRS375,0.2537,1.19,1,muy baja,2026-10-05T18:06:10,mirova-archivo,1
2019-05-11T03:20:00,357070,Nevados de Chillan,MODIS,1.155,1.00,1,baja,2026-10-05T18:06:10,mirova-archivo,1
2019-05-11T04:30:00,357070,Nevados de Chillan,VIIRS375,1.495,2.37,1,baja,2026-10-05T18:06:10,mirova-archivo,1
2019-05-11T05:24:00,357070,Nevados de Chillan,VIIRS375,2.131,0.53,1,baja,2026-10-05T18:06:10,mirova-archivo,1
2019-05-11T06:12:00,357070,Nevados de Chillan,VIIRS375,1.066,0.53,1,baja,2026-10-05T18:06:10,mirova-archivo,1
2019-05-12T05:45:00,357070,Nevados de Chillan,MODIS,0.7748,0.00,1,muy baja,2026-10-05T18:06:10,mirova-archivo,1
2019-05-12T05:54:00,357070,Nevados de Chillan,VIIRS375,2.517,0.84,1,baja,2026-10-05T18:06:10,mirova-archivo,1
2019-05-12T06:42:00,357070,Nevados de Chillan,VIIRS375,0.09201,0.84,1,muy baja,2026-10-05T18:06:10,mirova-archivo,1
2019-05-13T03:10:00,357070,Nevados de Chillan,MODIS,3.233,2.24,1,baja,2026-10-05T18:06:10,mirova-archivo,1
2019-05-13T04:48:00,357070,Nevados de Chillan,VIIRS375,4.808,1.19,1,baja,2026-10-05T18:06:10,mirova-archivo,1
2019-05-13T05:36:00,357070,Nevados de Chillan,VIIRS750,6.527,0.75,1,baja,2026-10-05T18:06:10,mirova-archivo,1
2019-05-13T06:24:00,357070,Nevados de Chillan,VIIRS375,4.919,1.06,1,baja,2026-10-05T18:06:10,mirova-archivo,1
2019-05-13T06:25:00,357070,Nevados de Chillan,MODIS,5.386,2.24,1,baja,2026-10-05T18:06:10,mirova-archivo,1
2019-05-14T03:55:00,357070,Nevados de Chillan,MODIS,0.7027,0.00,1,muy baja,2026-10-05T18:06:10,mirova-archivo,1
2019-05-14T05:18:00,357070,Nevados de Chillan,VIIRS375,0.9087,0.38,1,muy baja,2026-10-05T18:06:10,mirova-archivo,1
2019-05-14T06:06:00,357070,Nevados de Chillan,VIIRS375,0.9016,0.84,1,muy baja,2026-10-05T18:06:10,mirova-archivo,1
2019-05-15T05:00:00,357070,Nevados de Chillan,VIIRS375,5.5,21.11,0,no volcanica,2026-10-05T18:06:10,mirova-archivo,0
2019-05-15T05:48:00,357070,Nevados de Chillan,VIIRS375,3.291,20.89,0,no volcanica,2026-10-05T18:06:10,mirova-archivo,0
2019-05-15T06:36:00,357070,Nevados de Chillan,VIIRS375,0.2352,0.84,1,muy baja,2026-10-05T18:06:10,mirova-archivo,1
2019-05-16T05:30:00,357070,Nevados de Chillan,VIIRS375,1.311,18.39,0,no volcanica,2026-10-05T18:06:10,mirova-archivo,0
2019-05-17T05:12:00,357070,Nevados de Chillan,VIIRS750,6.992,8.11,0,no volcanica,2026-10-05T18:06:10,mirova-archivo,0
2019-05-17T06:00:00,357070,Nevados de Chillan,MODIS,38.77,7.21,0,no volcanica,2026-10-05T18:06:10,mirova-archivo,0
2019-05-17T06:00:00,357070,Nevados de Chillan,VIIRS750,47.63,1.68,1,moderada,2026-10-05T18:06:10,mirova-archivo,1
2019-05-18T03:30:00,357070,Nevados de Chillan,MODIS,0.737,0.00,1,muy baja,2026-10-05T18:06:10,mirova-archivo,1
2019-05-18T04:54:00,357070,Nevados de Chillan,VIIRS375,0.2997,0.84,1,muy baja,2026-10-05T18:06:10,mirova-archivo,1
2019-05-18T05:42:00,357070,Nevados de Chillan,VIIRS375,0.08092,0.53,1,muy baja,2026-10-05T18:06:10,mirova-archivo,1
2019-05-18T06:30:00,357070,Nevados de Chillan,VIIRS375,0.1884,0.75,1,muy baja,2026-10-05T18:06:10,mirova-archivo,1
2019-05-18T14:30:00,357070,Nevados de Chillan,MODIS,0.2513,1.00,1,muy baja,2026-10-05T18:06:10,mirova-archivo,1
2019-05-19T04:10:00,357070,Nevados de Chillan,MODIS,4.975,1.41,1,baja,2026-10-05T18:06:10,mirova-archivo,1
2019-05-19T04:36:00,357070,Nevados de Chillan,VIIRS375,3.089,1.88,1,baja,2026-10-05T18:06:10,mirova-archivo,1
2019-05-19T05:24:00,357070,Nevados de Chillan,VIIRS375,2.029,0.53,1,baja,2026-10-05T18:06:10,mirova-archivo,1
2019-05-19T05:50:00,357070,Nevados de Chillan,MODIS,1.248,1.41,1,baja,2026-10-05T18:06:10,mirova-archivo,1
2019-05-19T06:12:00,357070,Nevados de Chillan,VIIRS375,1.61,0.84,1,baja,2026-10-05T18:06:10,mirova-archivo,1
2019-05-20T05:06:00,357070,Nevados de Chillan,VIIRS375,0.5597,0.53,1,muy baja,2026-10-05T18:06:10,mirova-archivo,1
2019-05-20T05:54:00,357070,Nevados de Chillan,VIIRS750,9.991,1.68,1,baja,2026-10-05T18:06:10,mirova-archivo,1
2019-05-20T06:42:00,357070,Nevados de Chillan,VIIRS375,0.2507,1.50,1,muy baja,2026-10-05T18:06:10,mirova-archivo,1
2019-05-22T05:18:00,357070,Nevados de Chillan,VIIRS375,0.705,0.53,1,muy baja,2026-10-05T18:06:10,mirova-archivo,1
2019-05-22T06:06:00,357070,Nevados de Chillan,VIIRS375,0.6186,0.75,1,muy baja,2026-10-05T18:06:10,mirova-archivo,1
2019-05-23T03:45:00,357070,Nevados de Chillan,MODIS,1.66,0.00,1,baja,2026-10-05T18:06:10,mirova-archivo,1
2019-05-23T05:00:00,357070,Nevados de Chillan,VIIRS375,1.696,0.53,1,baja,2026-10-05T18:06:10,mirova-archivo,1
2019-05-23T05:48:00,357070,Nevados de Chillan,VIIRS375,0.5877,0.53,1,muy baja,2026-10-05T18:06:10,mirova-archivo,1
2019-05-23T06:36:00,357070,Nevados de Chillan,VIIRS375,0.06036,0.84,1,muy baja,2026-10-05T18:06:10,mirova-archivo,1
2019-05-24T04:42:00,357070,Nevados de Chillan,VIIRS375,0.7073,1.35,1,muy baja,2026-10-05T18:06:10,mirova-archivo,1
2019-05-24T05:30:00,357070,Nevados de Chillan,VIIRS375,0.8763,0.53,1,muy baja,2026-10-05T18:06:10,mirova-archivo,1
2019-05-24T06:18:00,357070,Nevados de Chillan,VIIRS375,0.5656,0.84,1,muy baja,2026-10-05T18:06:10,mirova-archivo,1
2019-05-25T06:00:00,357070,Nevados de Chillan,VIIRS375,0.1436,0.53,1,muy baja,2026-10-05T18:06:10,mirova-archivo,1
2019-06-03T04:54:00,357070,Nevados de Chillan,VIIRS375,0.02322,0.53,1,muy baja,2026-10-05T18:06:10,mirova-archivo,1
2019-06-03T06:30:00,357070,Nevados de Chillan,VIIRS375,0.2301,0.84,1,muy baja,2026-10-05T18:06:10,mirova-archivo,1
2019-06-06T05:36:00,357070,Nevados de Chillan,VIIRS375,1.173,25.92,0,no volcanica,2026-10-05T18:06:10,mirova-archivo,0
2019-06-07T05:18:00,357070,Nevados de Chillan,VIIRS375,0.07915,0.00,1,muy baja,2026-10-05T18:06:10,mirova-archivo,1
2019-06-07T06:06:00,357070,Nevados de Chillan,VIIRS375,0.445,0.53,1,muy baja,2026-10-05T18:06:10,mirova-archivo,1
2019-06-08T03:45:00,357070,Nevados de Chillan,MODIS,0.4766,0.00,1,muy baja,2026-10-05T18:06:10,mirova-archivo,1
2019-06-08T05:00:00,357070,Nevados de Chillan,VIIRS375,0.8501,0.84,1,muy baja,2026-10-05T18:06:10,mirova-archivo,1
2019-06-08T05:48:00,357070,Nevados de Chillan,VIIRS375,1.05,0.53,1,baja,2026-10-05T18:06:10,mirova-archivo,1
2019-06-09T04:42:00,357070,Nevados de Chillan,VIIRS375,0.4063,1.50,1,muy baja,2026-10-05T18:06:10,mirova-archivo,1
2019-06-09T05:30:00,357070,Nevados de Chillan,VIIRS375,0.5082,0.53,1,muy baja,2026-10-05T18:06:10,mirova-archivo,1
2019-06-09T06:18:00,357070,Nevados de Chillan,VIIRS375,1.571,0.84,1,baja,2026-10-05T18:06:10,mirova-archivo,1
2019-06-11T05:42:00,357070,Nevados de Chillan,VIIRS375,0.1176,0.38,1,muy baja,2026-10-05T18:06:10,mirova-archivo,1
2019-06-15T05:18:00,357070,Nevados de Chillan,VIIRS375,2.518,16.64,0,fuera de radio,2026-10-05T18:06:10,mirova-archivo,1
2019-06-15T05:30:00,357070,Nevados de Chillan,MODIS,0.2115,1.00,1,muy baja,2026-10-05T18:06:10,mirova-archivo,1
2019-06-17T05:30:00,357070,Nevados de Chillan,VIIRS375,0.3235,0.53,1,muy baja,2026-10-05T18:06:10,mirova-archivo,1
2019-06-17T06:18:00,357070,Nevados de Chillan,VIIRS375,0.1035,0.84,1,muy baja,2026-10-05T18:06:10,mirova-archivo,1
2019-06-19T04:54:00,357070,Nevados de Chillan,VIIRS375,0.3541,0.84,1,muy baja,2026-10-05T18:06:10,mirova-archivo,1
2019-06-19T05:42:00,357070,Nevados de Chillan,VIIRS375,0.3916,0.53,1,muy baja,2026-10-05T18:06:10,mirova-archivo,1
2019-06-19T06:30:00,357070,Nevados de Chillan,VIIRS375,0.4421,0.84,1,muy baja,2026-10-05T18:06:10,mirova-archivo,1
2019-06-20T05:24:00,357070,Nevados de Chillan,VIIRS375,0.2041,0.38,1,muy baja,2026-10-05T18:06:10,mirova-archivo,1
2019-06-20T05:50:00,357070,Nevados de Chillan,MODIS,0.157,0.00,1,muy baja,2026-10-05T18:06:10,mirova-archivo,1
2019-06-20T06:12:00,357070,Nevados de Chillan,VIIRS375,0.02105,0.38,1,muy baja,2026-10-05T18:06:10,mirova-archivo,1
2019-06-21T05:06:00,357070,Nevados de Chillan,VIIRS375,0.2437,25.09,0,no volcanica,2026-10-05T18:06:10,mirova-archivo,0
2019-06-21T05:54:00,357070,Nevados de Chillan,VIIRS375,0.3502,0.84,1,muy baja,2026-10-05T18:06:10,mirova-archivo,1
2019-06-22T04:48:00,357070,Nevados de Chillan,VIIRS375,0.7108,1.35,1,muy baja,2026-10-05T18:06:10,mirova-archivo,1
2019-06-22T05:36:00,357070,Nevados de Chillan,VIIRS375,0.2314,0.53,1,muy baja,2026-10-05T18:06:10,mirova-archivo,1
2019-06-22T06:24:00,357070,Nevados de Chillan,VIIRS375,0.1809,0.84,1,muy baja,2026-10-05T18:06:10,mirova-archivo,1
2019-06-23T06:06:00,357070,Nevados de Chillan,VIIRS375,0.1421,0.53,1,muy baja,2026-10-05T18:06:10,mirova-archivo,1
2019-06-24T05:00:00,357070,Nevados de Chillan,VIIRS375,0.2258,0.53,1,muy baja,2026-10-05T18:06:10,mirova-archivo,1
2019-06-24T05:48:00,357070,Nevados de Chillan,VIIRS375,0.3118,0.53,1,muy baja,2026-10-05T18:06:10,mirova-archivo,1
2019-06-24T06:36:00,357070,Nevados de Chillan,VIIRS375,0.4754,0.84,1,muy baja,2026-10-05T18:06:10,mirova-archivo,1
2019-06-26T06:00:00,357070,Nevados de Chillan,VIIRS375,1.406,5.21,0,no volcanica,2026-10-05T18:06:10,mirova-archivo,0
2019-06-27T05:42:00,357070,Nevados de Chillan,VIIRS375,0.131,24.68,0,no volcanica,2026-10-05T18:06:10,mirova-archivo,0
2019-06-30T04:48:00,357070,Nevados de Chillan,VIIRS375,1.217,1.35,1,baja,2026-10-05T18:06:10,mirova-archivo,1
2019-06-30T05:36:00,357070,Nevados de Chillan,VIIRS375,0.2163,0.38,1,muy baja,2026-10-05T18:06:10,mirova-archivo,1
2019-07-01T05:18:00,357070,Nevados de Chillan,VIIRS375,1.164,3.54,1,baja,2026-10-05T18:06:10,mirova-archivo,1
2019-07-01T06:06:00,357070,Nevados de Chillan,VIIRS375,0.8935,0.53,1,muy baja,2026-10-05T18:06:10,mirova-archivo,1
2019-07-04T05:12:00,357070,Nevados de Chillan,VIIRS375,3.11,0.84,1,baja,2026-10-05T18:06:10,mirova-archivo,1
2019-07-04T06:00:00,357070,Nevados de Chillan,MODIS,0.6843,1.00,1,muy baja,2026-10-05T18:06:10,mirova-archivo,1
2019-07-04T06:00:00,357070,Nevados de Chillan,VIIRS375,1.053,0.84,1,baja,2026-10-05T18:06:10,mirova-archivo,1
2019-07-05T04:54:00,357070,Nevados de Chillan,VIIRS375,1.026,0.84,1,baja,2026-10-05T18:06:10,mirova-archivo,1
2019-07-05T05:42:00,357070,Nevados de Chillan,VIIRS750,7.103,0.75,1,baja,2026-10-05T18:06:10,mirova-archivo,1
2019-07-05T06:30:00,357070,Nevados de Chillan,VIIRS375,1.284,0.84,1,baja,2026-10-05T18:06:10,mirova-archivo,1
2019-07-06T05:24:00,357070,Nevados de Chillan,VIIRS375,1.539,0.84,1,baja,2026-10-05T18:06:10,mirova-archivo,1
2019-07-06T05:50:00,357070,Nevados de Chillan,MODIS,0.5998,0.00,1,muy baja,2026-10-05T18:06:10,mirova-archivo,1
2019-07-06T06:12:00,357070,Nevados de Chillan,VIIRS375,0.6589,0.84,1,muy baja,2026-10-05T18:06:10,mirova-archivo,1
2019-07-07T05:06:00,357070,Nevados de Chillan,VIIRS375,0.4055,0.84,1,muy baja,2026-10-05T18:06:10,mirova-archivo,1
2019-07-07T05:54:00,357070,Nevados de Chillan,VIIRS375,0.1533,0.53,1,muy baja,2026-10-05T18:06:10,mirova-archivo,1
2019-07-09T05:18:00,357070,Nevados de Chillan,VIIRS375,0.5218,0.53,1,muy baja,2026-10-05T18:06:10,mirova-archivo,1
2019-07-09T06:06:00,357070,Nevados de Chillan,VIIRS375,3.229,1.06,1,baja,2026-10-05T18:06:10,mirova-archivo,1
2019-07-10T05:48:00,357070,Nevados de Chillan,VIIRS375,0.2981,0.38,1,muy baja,2026-10-05T18:06:10,mirova-archivo,1
2019-07-10T06:36:00,357070,Nevados de Chillan,VIIRS750,6.651,2.25,1,baja,2026-10-05T18:06:10,mirova-archivo,1
2019-07-11T05:30:00,357070,Nevados de Chillan,VIIRS375,0.2213,19.26,0,no volcanica,2026-10-05T18:06:10,mirova-archivo,0
2019-07-15T04:05:00,357070,Nevados de Chillan,MODIS,3.673,2.00,1,baja,2026-10-05T18:06:10,mirova-archivo,1
2019-07-15T05:06:00,357070,Nevados de Chillan,VIIRS375,0.582,0.84,1,muy baja,2026-10-05T18:06:10,mirova-archivo,1
2019-07-16T05:36:00,357070,Nevados de Chillan,VIIRS375,0.7188,0.38,1,muy baja,2026-10-05T18:06:10,mirova-archivo,1
2019-07-16T06:24:00,357070,Nevados de Chillan,VIIRS375,0.0687,0.53,1,muy baja,2026-10-05T18:06:10,mirova-archivo,1
2019-07-18T05:00:00,357070,Nevados de Chillan,VIIRS375,0.4699,0.53,1,muy baja,2026-10-05T18:06:10,mirova-archivo,1
2019-07-18T05:48:00,357070,Nevados de Chillan,VIIRS375,0.5062,0.53,1,muy baja,2026-10-05T18:06:10,mirova-archivo,1
2019-07-23T05:06:00,357070,Nevados de Chillan,VIIRS375,0.7097,1.06,1,muy baja,2026-10-05T18:06:10,mirova-archivo,1
2019-07-23T05:54:00,357070,Nevados de Chillan,VIIRS750,7.109,1.06,1,baja,2026-10-05T18:06:10,mirova-archivo,1
2019-07-24T04:48:00,357070,Nevados de Chillan,VIIRS375,2.223,1.06,1,baja,2026-10-05T18:06:10,mirova-archivo,1
2019-07-24T05:36:00,357070,Nevados de Chillan,VIIRS375,1.046,0.53,1,baja,2026-10-05T18:06:10,mirova-archivo,1
2019-07-24T06:24:00,357070,Nevados de Chillan,VIIRS375,0.3288,0.84,1,muy baja,2026-10-05T18:06:10,mirova-archivo,1
2019-07-25T05:18:00,357070,Nevados de Chillan,VIIRS375,1.22,8.63,0,no volcanica,2026-10-05T18:06:10,mirova-archivo,0
2019-07-25T06:06:00,357070,Nevados de Chillan,VIIRS375,0.6121,0.84,1,muy baja,2026-10-05T18:06:10,mirova-archivo,1
2019-07-26T05:48:00,357070,Nevados de Chillan,VIIRS375,0.06137,0.53,1,muy baja,2026-10-05T18:06:10,mirova-archivo,1
2019-07-27T04:36:00,357070,Nevados de Chillan,VIIRS375,1.188,1.55,1,baja,2026-10-05T18:06:10,mirova-archivo,1
2019-07-27T05:30:00,357070,Nevados de Chillan,VIIRS375,0.5262,0.53,1,muy baja,2026-10-05T18:06:10,mirova-archivo,1
2019-07-27T06:18:00,357070,Nevados de Chillan,VIIRS375,0.1557,0.53,1,muy baja,2026-10-05T18:06:10,mirova-archivo,1
2019-08-02T05:18:00,357070,Nevados de Chillan,VIIRS375,0.4156,0.53,1,muy baja,2026-10-05T18:06:10,mirova-archivo,1
2019-08-02T06:06:00,357070,Nevados de Chillan,VIIRS375,0.6526,0.53,1,muy baja,2026-10-05T18:06:10,mirova-archivo,1
2019-08-03T02:55:00,357070,Nevados de Chillan,MODIS,1.229,2.24,1,baja,2026-10-05T18:06:10,mirova-archivo,1
2019-08-03T05:00:00,357070,Nevados de Chillan,VIIRS375,0.8933,0.53,1,muy baja,2026-10-05T18:06:10,mirova-archivo,1
2019-08-03T05:48:00,357070,Nevados de Chillan,VIIRS375,0.6067,0.53,1,muy baja,2026-10-05T18:06:10,mirova-archivo,1
2019-08-04T03:40:00,357070,Nevados de Chillan,MODIS,5.913,1.41,1,baja,2026-10-05T18:06:10,mirova-archivo,1
2019-08-04T04:42:00,357070,Nevados de Chillan,VIIRS375,5.988,1.91,1,baja,2026-10-05T18:06:10,mirova-archivo,1
2019-08-04T05:20:00,357070,Nevados de Chillan,MODIS,0.2434,1.00,1,muy baja,2026-10-05T18:06:10,mirova-archivo,1
2019-08-04T05:30:00,357070,Nevados de Chillan,VIIRS375,1.967,0.53,1,baja,2026-10-05T18:06:10,mirova-archivo,1
2019-08-04T06:18:00,357070,Nevados de Chillan,VIIRS375,2.13,0.84,1,baja,2026-10-05T18:06:10,mirova-archivo,1
2019-08-05T05:12:00,357070,Nevados de Chillan,VIIRS375,1.148,0.53,1,baja,2026-10-05T18:06:10,mirova-archivo,1
2019-08-05T06:00:00,357070,Nevados de Chillan,MODIS,5.852,1.41,1,baja,2026-10-05T18:06:10,mirova-archivo,1
2019-08-05T06:00:00,357070,Nevados de Chillan,VIIRS750,5.11,1.06,1,baja,2026-10-05T18:06:10,mirova-archivo,1
2019-08-07T05:24:00,357070,Nevados de Chillan,VIIRS375,0.8626,0.53,1,muy baja,2026-10-05T18:06:10,mirova-archivo,1
2019-08-07T06:12:00,357070,Nevados de Chillan,VIIRS375,0.8561,0.53,1,muy baja,2026-10-05T18:06:10,mirova-archivo,1
2019-08-08T03:15:00,357070,Nevados de Chillan,MODIS,0.3331,1.41,1,muy baja,2026-10-05T18:06:10,mirova-archivo,1
2019-08-08T05:06:00,357070,Nevados de Chillan,VIIRS375,2.071,0.84,1,baja,2026-10-05T18:06:10,mirova-archivo,1
2019-08-08T05:54:00,357070,Nevados de Chillan,VIIRS375,1.172,0.53,1,baja,2026-10-05T18:06:10,mirova-archivo,1
2019-08-08T06:42:00,357070,Nevados de Chillan,VIIRS375,2.191,1.55,1,baja,2026-10-05T18:06:10,mirova-archivo,1
2019-08-09T04:00:00,357070,Nevados de Chillan,MODIS,8.307,2.00,1,baja,2026-10-05T18:06:10,mirova-archivo,1
2019-08-09T04:48:00,357070,Nevados de Chillan,VIIRS750,32.31,2.37,1,moderada,2026-10-05T18:06:10,mirova-archivo,1
2019-08-09T05:35:00,357070,Nevados de Chillan,MODIS,5.308,1.41,1,baja,2026-10-05T18:06:10,mirova-archivo,1
2019-08-09T05:36:00,357070,Nevados de Chillan,VIIRS375,4.292,0.38,1,baja,2026-10-05T18:06:10,mirova-archivo,1
2019-08-09T06:24:00,357070,Nevados de Chillan,VIIRS375,2.821,0.84,1,baja,2026-10-05T18:06:10,mirova-archivo,1
2019-08-10T03:05:00,357070,Nevados de Chillan,MODIS,0.4791,1.00,1,muy baja,2026-10-05T18:06:10,mirova-archivo,1
2019-08-10T05:18:00,357070,Nevados de Chillan,VIIRS375,1.068,0.53,1,baja,2026-10-05T18:06:10,mirova-archivo,1
2019-08-10T06:06:00,357070,Nevados de Chillan,VIIRS375,0.8259,0.84,1,muy baja,2026-10-05T18:06:10,mirova-archivo,1
2019-08-12T05:30:00,357070,Nevados de Chillan,VIIRS375,3.04,27.68,0,no volcanica,2026-10-05T18:06:10,mirova-archivo,0
2019-08-13T03:35:00,357070,Nevados de Chillan,MODIS,0.4963,0.00,1,muy baja,2026-10-05T18:06:10,mirova-archivo,1
2019-08-13T05:12:00,357070,Nevados de Chillan,VIIRS375,4.64,0.84,1,baja,2026-10-05T18:06:10,mirova-archivo,1
2019-08-13T06:00:00,357070,Nevados de Chillan,VIIRS375,3.299,0.53,1,baja,2026-10-05T18:06:10,mirova-archivo,1
2019-08-13T06:54:00,357070,Nevados de Chillan,VIIRS375,0.6845,1.19,1,muy baja,2026-10-05T18:06:10,mirova-archivo,1
2019-08-14T04:15:00,357070,Nevados de Chillan,MODIS,5.709,2.00,1,baja,2026-10-05T18:06:10,mirova-archivo,1
2019-08-14T04:54:00,357070,Nevados de Chillan,VIIRS750,5.882,2.12,1,baja,2026-10-05T18:06:10,mirova-archivo,1
2019-08-14T05:42:00,357070,Nevados de Chillan,VIIRS375,3.743,0.53,1,baja,2026-10-05T18:06:10,mirova-archivo,1
2019-08-14T05:55:00,357070,Nevados de Chillan,MODIS,3.43,1.00,1,baja,2026-10-05T18:06:10,mirova-archivo,1
2019-08-14T06:30:00,357070,Nevados de Chillan,VIIRS750,5.029,1.68,1,baja,2026-10-05T18:06:10,mirova-archivo,1
2019-08-15T04:36:00,357070,Nevados de Chillan,VIIRS375,1.004,1.68,1,baja,2026-10-05T18:06:10,mirova-archivo,1
2019-08-15T05:24:00,357070,Nevados de Chillan,VIIRS375,0.4851,0.53,1,muy baja,2026-10-05T18:06:10,mirova-archivo,1
2019-08-15T06:12:00,357070,Nevados de Chillan,VIIRS375,0.6309,0.84,1,muy baja,2026-10-05T18:06:10,mirova-archivo,1
2019-08-16T05:06:00,357070,Nevados de Chillan,VIIRS375,0.7746,0.75,1,muy baja,2026-10-05T18:06:10,mirova-archivo,1
2019-08-16T05:45:00,357070,Nevados de Chillan,MODIS,0.6931,1.00,1,muy baja,2026-10-05T18:06:10,mirova-archivo,1
2019-08-16T05:54:00,357070,Nevados de Chillan,VIIRS375,1.451,0.84,1,baja,2026-10-05T18:06:10,mirova-archivo,1
2019-08-16T06:42:00,357070,Nevados de Chillan,VIIRS375,0.6927,1.12,1,muy baja,2026-10-05T18:06:10,mirova-archivo,1
2019-08-18T05:18:00,357070,Nevados de Chillan,VIIRS375,2.797,0.53,1,baja,2026-10-05T18:06:10,mirova-archivo,1
2019-08-18T05:30:00,357070,Nevados de Chillan,MODIS,0.6014,1.00,1,muy baja,2026-10-05T18:06:10,mirova-archivo,1
2019-08-18T06:06:00,357070,Nevados de Chillan,VIIRS375,1.798,0.84,1,baja,2026-10-05T18:06:10,mirova-archivo,1
2019-08-19T05:48:00,357070,Nevados de Chillan,VIIRS375,0.1418,0.53,1,muy baja,2026-10-05T18:06:10,mirova-archivo,1
2019-08-19T06:15:00,357070,Nevados de Chillan,MODIS,0.4994,0.00,1,muy baja,2026-10-05T18:06:10,mirova-archivo,1
2019-08-19T06:36:00,357070,Nevados de Chillan,VIIRS375,0.3592,1.06,1,muy baja,2026-10-05T18:06:10,mirova-archivo,1
2019-08-20T04:42:00,357070,Nevados de Chillan,VIIRS375,0.0466,2.25,1,muy baja,2026-10-05T18:06:10,mirova-archivo,1
2019-08-20T06:18:00,357070,Nevados de Chillan,VIIRS375,1.53,1.19,1,baja,2026-10-05T18:06:10,mirova-archivo,1
2019-08-22T03:30:00,357070,Nevados de Chillan,MODIS,5.009,1.41,1,baja,2026-10-05T18:06:10,mirova-archivo,1
2019-08-22T05:05:00,357070,Nevados de Chillan,MODIS,5.298,2.83,1,baja,2026-10-05T18:06:10,mirova-archivo,1
2019-08-22T05:42:00,357070,Nevados de Chillan,VIIRS750,7.998,1.06,1,baja,2026-10-05T18:06:10,mirova-archivo,1
2019-08-22T06:30:00,357070,Nevados de Chillan,VIIRS750,12.5,1.68,1,moderada,2026-10-05T18:06:10,mirova-archivo,1
2019-08-22T06:45:00,357070,Nevados de Chillan,MODIS,0.4306,2.24,1,muy baja,2026-10-05T18:06:10,mirova-archivo,1
2019-08-23T04:10:00,357070,Nevados de Chillan,MODIS,1.003,2.24,1,baja,2026-10-05T18:06:10,mirova-archivo,1
2019-08-23T04:30:00,357070,Nevados de Chillan,VIIRS375,1.864,2.28,1,baja,2026-10-05T18:06:10,mirova-archivo,1
2019-08-23T05:24:00,357070,Nevados de Chillan,VIIRS375,4.154,0.53,1,baja,2026-10-05T18:06:10,mirova-archivo,1
2019-08-23T05:50:00,357070,Nevados de Chillan,MODIS,4.283,1.41,1,baja,2026-10-05T18:06:10,mirova-archivo,1
2019-08-23T06:12:00,357070,Nevados de Chillan,VIIRS375,2.59,0.84,1,baja,2026-10-05T18:06:10,mirova-archivo,1
2019-08-24T05:54:00,357070,Nevados de Chillan,VIIRS375,1.831,0.84,1,baja,2026-10-05T18:06:10,mirova-archivo,1
2019-08-25T05:36:00,357070,Nevados de Chillan,VIIRS375,0.5593,0.53,1,muy baja,2026-10-05T18:06:10,mirova-archivo,1
2019-08-26T06:06:00,357070,Nevados de Chillan,VIIRS375,0.1131,0.53,1,muy baja,2026-10-05T18:06:10,mirova-archivo,1
2019-08-27T05:00:00,357070,Nevados de Chillan,VIIRS375,1.341,0.75,1,baja,2026-10-05T18:06:10,mirova-archivo,1
2019-08-27T05:48:00,357070,Nevados de Chillan,VIIRS375,0.9652,0.53,1,muy baja,2026-10-05T18:06:10,mirova-archivo,1
2019-08-27T06:36:00,357070,Nevados de Chillan,VIIRS375,0.4808,0.75,1,muy baja,2026-10-05T18:06:10,mirova-archivo,1
2019-08-29T05:12:00,357070,Nevados de Chillan,VIIRS375,4.421,0.84,1,baja,2026-10-05T18:06:10,mirova-archivo,1
2019-08-29T06:00:00,357070,Nevados de Chillan,VIIRS375,3.368,0.53,1,baja,2026-10-05T18:06:10,mirova-archivo,1
2019-08-29T06:54:00,357070,Nevados de Chillan,VIIRS375,1.761,2.28,1,baja,2026-10-05T18:06:10,mirova-archivo,1
2019-08-30T04:54:00,357070,Nevados de Chillan,VIIRS375,0.5684,1.12,1,muy baja,2026-10-05T18:06:10,mirova-archivo,1
2019-08-30T05:42:00,357070,Nevados de Chillan,VIIRS375,3.37,0.53,1,baja,2026-10-05T18:06:10,mirova-archivo,1
2019-08-30T05:55:00,357070,Nevados de Chillan,MODIS,4.61,1.41,1,baja,2026-10-05T18:06:10,mirova-archivo,1
2019-08-30T06:30:00,357070,Nevados de Chillan,VIIRS750,8.196,2.37,1,baja,2026-10-05T18:06:10,mirova-archivo,1
2019-08-31T03:20:00,357070,Nevados de Chillan,MODIS,7.821,2.24,1,baja,2026-10-05T18:06:10,mirova-archivo,1
2019-08-31T04:36:00,357070,Nevados de Chillan,VIIRS375,8.919,2.25,1,baja,2026-10-05T18:06:10,mirova-archivo,1
2019-08-31T05:24:00,357070,Nevados de Chillan,VIIRS375,0.606,7.91,0,no volcanica,2026-10-05T18:06:10,mirova-archivo,0
2019-08-31T06:12:00,357070,Nevados de Chillan,VIIRS375,2.582,0.84,1,baja,2026-10-05T18:06:10,mirova-archivo,1
2019-09-01T04:05:00,357070,Nevados de Chillan,MODIS,7.465,2.00,1,baja,2026-10-05T18:06:10,mirova-archivo,1
2019-09-01T05:06:00,357070,Nevados de Chillan,VIIRS750,13.53,1.68,1,moderada,2026-10-05T18:06:10,mirova-archivo,1
2019-09-01T05:45:00,357070,Nevados de Chillan,MODIS,10.12,1.41,1,moderada,2026-10-05T18:06:10,mirova-archivo,1
2019-09-01T05:54:00,357070,Nevados de Chillan,VIIRS750,9.43,1.06,1,baja,2026-10-05T18:06:10,mirova-archivo,1
2019-09-01T06:42:00,357070,Nevados de Chillan,VIIRS750,23.98,3.00,1,moderada,2026-10-05T18:06:10,mirova-archivo,1
2019-09-02T03:10:00,357070,Nevados de Chillan,MODIS,7.329,2.83,1,baja,2026-10-05T18:06:10,mirova-archivo,1
2019-09-02T04:42:00,357070,Nevados de Chillan,VIIRS750,12.66,2.37,1,moderada,2026-10-05T18:06:10,mirova-archivo,1
2019-09-02T05:36:00,357070,Nevados de Chillan,VIIRS750,14.26,1.06,1,moderada,2026-10-05T18:06:10,mirova-archivo,1
2019-09-02T06:24:00,357070,Nevados de Chillan,VIIRS750,37.42,1.68,1,moderada,2026-10-05T18:06:10,mirova-archivo,1
2019-09-02T06:25:00,357070,Nevados de Chillan,MODIS,24.06,3.16,1,moderada,2026-10-05T18:06:10,mirova-archivo,1
2019-09-03T03:50:00,357070,Nevados de Chillan,MODIS,17.5,1.41,1,moderada,2026-10-05T18:06:10,mirova-archivo,1
2019-09-03T05:18:00,357070,Nevados de Chillan,VIIRS750,35.73,1.06,1,moderada,2026-10-05T18:06:10,mirova-archivo,1
2019-09-03T05:30:00,357070,Nevados de Chillan,MODIS,52.51,2.24,1,moderada,2026-10-05T18:06:10,mirova-archivo,1
2019-09-03T06:06:00,357070,Nevados de Chillan,VIIRS750,21.73,1.68,1,moderada,2026-10-05T18:06:10,mirova-archivo,1
2019-09-04T02:55:00,357070,Nevados de Chillan,MODIS,0.8327,2.83,1,muy baja,2026-10-05T18:06:10,mirova-archivo,1
2019-09-04T05:00:00,357070,Nevados de Chillan,VIIRS750,32.38,1.68,1,moderada,2026-10-05T18:06:10,mirova-archivo,1
2019-09-04T05:48:00,357070,Nevados de Chillan,VIIRS750,16.23,1.06,1,moderada,2026-10-05T18:06:10,mirova-archivo,1
2019-09-04T06:15:00,357070,Nevados de Chillan,MODIS,16.94,2.24,1,moderada,2026-10-05T18:06:10,mirova-archivo,1
2019-09-04T06:36:00,357070,Nevados de Chillan,VIIRS750,15.32,2.70,1,moderada,2026-10-05T18:06:10,mirova-archivo,1
2019-09-05T04:42:00,357070,Nevados de Chillan,VIIRS750,89.47,2.70,1,moderada,2026-10-05T18:06:10,mirova-archivo,1
2019-09-05T05:20:00,357070,Nevados de Chillan,MODIS,13.05,2.24,1,moderada,2026-10-05T18:06:10,mirova-archivo,1
2019-09-05T05:30:00,357070,Nevados de Chillan,VIIRS750,14.25,1.06,1,moderada,2026-10-05T18:06:10,mirova-archivo,1
2019-09-05T06:18:00,357070,Nevados de Chillan,VIIRS375,12.21,1.35,1,moderada,2026-10-05T18:06:10,mirova-archivo,1
2019-09-06T02:45:00,357070,Nevados de Chillan,MODIS,6.983,2.83,1,baja,2026-10-05T18:06:10,mirova-archivo,1
2019-09-07T03:30:00,357070,Nevados de Chillan,MODIS,1.895,1.00,1,baja,2026-10-05T18:06:10,mirova-archivo,1
2019-09-07T05:42:00,357070,Nevados de Chillan,VIIRS375,0.4055,14.64,0,no volcanica,2026-10-05T18:06:10,mirova-archivo,0
2019-09-08T04:10:00,357070,Nevados de Chillan,MODIS,0.9396,2.00,1,muy baja,2026-10-05T18:06:10,mirova-archivo,1
2019-09-08T05:24:00,357070,Nevados de Chillan,VIIRS375,3.785,0.53,1,baja,2026-10-05T18:06:10,mirova-archivo,1
2019-09-08T05:50:00,357070,Nevados de Chillan,MODIS,3.028,1.41,1,baja,2026-10-05T18:06:10,mirova-archivo,1
2019-09-08T06:12:00,357070,Nevados de Chillan,VIIRS375,0.4967,0.84,1,muy baja,2026-10-05T18:06:10,mirova-archivo,1
2019-09-10T05:35:00,357070,Nevados de Chillan,MODIS,1.919,1.00,1,baja,2026-10-05T18:06:10,mirova-archivo,1
2019-09-10T05:36:00,357070,Nevados de Chillan,VIIRS375,1.029,0.53,1,baja,2026-10-05T18:06:10,mirova-archivo,1
2019-09-10T06:24:00,357070,Nevados de Chillan,VIIRS375,0.08993,0.53,1,muy baja,2026-10-05T18:06:10,mirova-archivo,1
2019-09-11T05:18:00,357070,Nevados de Chillan,VIIRS750,72.8,1.06,1,moderada,2026-10-05T18:06:10,mirova-archivo,1
2019-09-11T06:06:00,357070,Nevados de Chillan,VIIRS750,5.147,0.75,1,baja,2026-10-05T18:06:10,mirova-archivo,1
2019-09-11T06:20:00,357070,Nevados de Chillan,MODIS,1.062,1.00,1,baja,2026-10-05T18:06:10,mirova-archivo,1
2019-09-12T03:45:00,357070,Nevados de Chillan,MODIS,23.11,1.41,1,moderada,2026-10-05T18:06:10,mirova-archivo,1
2019-09-12T05:00:00,357070,Nevados de Chillan,VIIRS750,27.7,1.68,1,moderada,2026-10-05T18:06:10,mirova-archivo,1
2019-09-12T05:25:00,357070,Nevados de Chillan,MODIS,12.83,2.24,1,moderada,2026-10-05T18:06:10,mirova-archivo,1
2019-09-12T05:48:00,357070,Nevados de Chillan,VIIRS750,26.28,1.06,1,moderada,2026-10-05T18:06:10,mirova-archivo,1
2019-09-12T06:36:00,357070,Nevados de Chillan,VIIRS750,13.16,2.37,1,moderada,2026-10-05T18:06:10,mirova-archivo,1
2019-09-13T02:50:00,357070,Nevados de Chillan,MODIS,13.8,2.83,1,moderada,2026-10-05T18:06:10,mirova-archivo,1
2019-09-13T04:30:00,357070,Nevados de Chillan,MODIS,2.108,2.24,1,baja,2026-10-05T18:06:10,mirova-archivo,1
2019-09-13T04:36:00,357070,Nevados de Chillan,VIIRS375,7.415,2.02,1,baja,2026-10-05T18:06:10,mirova-archivo,1
2019-09-13T05:30:00,357070,Nevados de Chillan,VIIRS750,16.62,1.06,1,moderada,2026-10-05T18:06:10,mirova-archivo,1
2019-09-13T06:05:00,357070,Nevados de Chillan,MODIS,14.46,2.24,1,moderada,2026-10-05T18:06:10,mirova-archivo,1
2019-09-13T06:18:00,357070,Nevados de Chillan,VIIRS750,13.32,1.68,1,moderada,2026-10-05T18:06:10,mirova-archivo,1
2019-09-14T03:35:00,357070,Nevados de Chillan,MODIS,9.075,1.41,1,baja,2026-10-05T18:06:10,mirova-archivo,1
2019-09-14T05:10:00,357070,Nevados de Chillan,MODIS,9.329,2.24,1,baja,2026-10-05T18:06:10,mirova-archivo,1
2019-09-14T05:12:00,357070,Nevados de Chillan,VIIRS750,15.76,1.68,1,moderada,2026-10-05T18:06:10,mirova-archivo,1
2019-09-14T06:00:00,357070,Nevados de Chillan,VIIRS750,12.87,1.68,1,moderada,2026-10-05T18:06:10,mirova-archivo,1
2019-09-14T06:54:00,357070,Nevados de Chillan,VIIRS375,1.328,1.35,1,baja,2026-10-05T18:06:10,mirova-archivo,1
2019-09-15T05:42:00,357070,Nevados de Chillan,VIIRS375,4.91,0.75,1,baja,2026-10-05T18:06:10,mirova-archivo,1
2019-09-15T06:30:00,357070,Nevados de Chillan,VIIRS375,0.2028,1.19,1,muy baja,2026-10-05T18:06:10,mirova-archivo,1
2019-09-16T03:20:00,357070,Nevados de Chillan,MODIS,15.65,2.24,1,moderada,2026-10-05T18:06:10,mirova-archivo,1
2019-09-16T04:36:00,357070,Nevados de Chillan,VIIRS375,2.221,2.52,1,baja,2026-10-05T18:06:10,mirova-archivo,1
2019-09-16T05:24:00,357070,Nevados de Chillan,VIIRS750,10.59,1.06,1,moderada,2026-10-05T18:06:10,mirova-archivo,1
2019-09-16T06:12:00,357070,Nevados de Chillan,VIIRS750,6.302,1.06,1,baja,2026-10-05T18:06:10,mirova-archivo,1
2019-09-16T06:40:00,357070,Nevados de Chillan,MODIS,0.1213,1.41,1,muy baja,2026-10-05T18:06:10,mirova-archivo,1
2019-09-17T04:05:00,357070,Nevados de Chillan,MODIS,8.301,2.00,1,baja,2026-10-05T18:06:10,mirova-archivo,1
2019-09-17T05:06:00,357070,Nevados de Chillan,VIIRS750,12.9,1.68,1,moderada,2026-10-05T18:06:10,mirova-archivo,1
2019-09-17T05:45:00,357070,Nevados de Chillan,MODIS,2.686,1.41,1,baja,2026-10-05T18:06:10,mirova-archivo,1
2019-09-17T05:54:00,357070,Nevados de Chillan,VIIRS750,8.644,1.06,1,baja,2026-10-05T18:06:10,mirova-archivo,1
2019-09-17T06:42:00,357070,Nevados de Chillan,VIIRS750,16.06,2.37,1,moderada,2026-10-05T18:06:10,mirova-archivo,1
2019-09-18T03:10:00,357070,Nevados de Chillan,MODIS,15.32,2.24,1,moderada,2026-10-05T18:06:10,mirova-archivo,1
2019-09-18T04:42:00,357070,Nevados de Chillan,VIIRS375,4.771,1.59,1,baja,2026-10-05T18:06:10,mirova-archivo,1
2019-09-18T05:36:00,357070,Nevados de Chillan,VIIRS750,13.8,0.75,1,moderada,2026-10-05T18:06:10,mirova-archivo,1
2019-09-18T06:24:00,357070,Nevados de Chillan,VIIRS750,11.69,1.68,1,moderada,2026-10-05T18:06:10,mirova-archivo,1
2019-09-18T06:25:00,357070,Nevados de Chillan,MODIS,5.706,2.24,1,baja,2026-10-05T18:06:10,mirova-archivo,1
2019-09-19T05:18:00,357070,Nevados de Chillan,VIIRS750,10.04,1.06,1,moderada,2026-10-05T18:06:10,mirova-archivo,1
2019-09-19T05:30:00,357070,Nevados de Chillan,MODIS,6.83,1.41,1,baja,2026-10-05T18:06:10,mirova-archivo,1
2019-09-19T06:06:00,357070,Nevados de Chillan,VIIRS750,8.104,1.06,1,baja,2026-10-05T18:06:10,mirova-archivo,1
2019-09-20T05:00:00,357070,Nevados de Chillan,VIIRS750,6.851,1.06,1,baja,2026-10-05T18:06:10,mirova-archivo,1
2019-09-20T05:48:00,357070,Nevados de Chillan,VIIRS750,6.504,1.06,1,baja,2026-10-05T18:06:10,mirova-archivo,1
2019-09-20T06:15:00,357070,Nevados de Chillan,MODIS,7.388,2.24,1,baja,2026-10-05T18:06:10,mirova-archivo,1
2019-09-20T06:36:00,357070,Nevados de Chillan,VIIRS750,7.488,2.25,1,baja,2026-10-05T18:06:10,mirova-archivo,1
2019-09-21T03:40:00,357070,Nevados de Chillan,MODIS,10.76,1.41,1,moderada,2026-10-05T18:06:10,mirova-archivo,1
2019-09-21T04:42:00,357070,Nevados de Chillan,VIIRS750,10.97,2.70,1,moderada,2026-10-05T18:06:10,mirova-archivo,1
2019-09-21T05:20:00,357070,Nevados de Chillan,MODIS,1.342,1.41,1,baja,2026-10-05T18:06:10,mirova-archivo,1
2019-09-21T05:30:00,357070,Nevados de Chillan,VIIRS750,9.778,1.06,1,baja,2026-10-05T18:06:10,mirova-archivo,1
2019-09-21T06:18:00,357070,Nevados de Chillan,VIIRS750,12.67,1.68,1,moderada,2026-10-05T18:06:10,mirova-archivo,1
2019-09-22T02:45:00,357070,Nevados de Chillan,MODIS,0.2736,2.24,1,muy baja,2026-10-05T18:06:10,mirova-archivo,1
2019-09-22T04:25:00,357070,Nevados de Chillan,MODIS,6.829,2.83,1,baja,2026-10-05T18:06:10,mirova-archivo,1
2019-09-22T05:12:00,357070,Nevados de Chillan,VIIRS750,11.92,1.06,1,moderada,2026-10-05T18:06:10,mirova-archivo,1
2019-09-22T06:00:00,357070,Nevados de Chillan,MODIS,18.6,1.41,1,moderada,2026-10-05T18:06:10,mirova-archivo,1
2019-09-22T06:00:00,357070,Nevados de Chillan,VIIRS750,21.22,1.06,1,moderada,2026-10-05T18:06:10,mirova-archivo,1
2019-09-23T05:42:00,357070,Nevados de Chillan,VIIRS750,15.56,0.75,1,moderada,2026-10-05T18:06:10,mirova-archivo,1
2019-09-23T06:30:00,357070,Nevados de Chillan,VIIRS750,11.78,1.68,1,moderada,2026-10-05T18:06:10,mirova-archivo,1
2019-09-24T04:10:00,357070,Nevados de Chillan,MODIS,9.105,2.24,1,baja,2026-10-05T18:06:10,mirova-archivo,1
2019-09-24T04:30:00,357070,Nevados de Chillan,VIIRS750,18.39,2.70,1,moderada,2026-10-05T18:06:10,mirova-archivo,1
2019-09-24T05:24:00,357070,Nevados de Chillan,VIIRS750,20.25,1.06,1,moderada,2026-10-05T18:06:10,mirova-archivo,1
2019-09-24T05:50:00,357070,Nevados de Chillan,MODIS,14.14,1.41,1,moderada,2026-10-05T18:06:10,mirova-archivo,1
2019-09-24T06:12:00,357070,Nevados de Chillan,VIIRS750,12.28,1.50,1,moderada,2026-10-05T18:06:10,mirova-archivo,1
2019-09-25T03:15:00,357070,Nevados de Chillan,MODIS,14.97,1.41,1,moderada,2026-10-05T18:06:10,mirova-archivo,1
2019-09-25T05:06:00,357070,Nevados de Chillan,VIIRS750,21.06,1.68,1,moderada,2026-10-05T18:06:10,mirova-archivo,1
2019-09-25T05:54:00,357070,Nevados de Chillan,VIIRS750,8.628,1.06,1,baja,2026-10-05T18:06:10,mirova-archivo,1
2019-09-25T06:30:00,357070,Nevados de Chillan,MODIS,26.88,3.16,1,moderada,2026-10-05T18:06:10,mirova-archivo,1
2019-09-25T06:42:00,357070,Nevados de Chillan,VIIRS750,11.52,2.37,1,moderada,2026-10-05T18:06:10,mirova-archivo,1
2019-09-26T04:00:00,357070,Nevados de Chillan,MODIS,8.296,1.41,1,baja,2026-10-05T18:06:10,mirova-archivo,1
2019-09-26T04:48:00,357070,Nevados de Chillan,VIIRS375,7.82,1.55,1,baja,2026-10-05T18:06:10,mirova-archivo,1
2019-09-26T05:36:00,357070,Nevados de Chillan,VIIRS750,9.481,0.75,1,baja,2026-10-05T18:06:10,mirova-archivo,1
2019-09-26T06:24:00,357070,Nevados de Chillan,VIIRS375,3.367,1.19,1,baja,2026-10-05T18:06:10,mirova-archivo,1
2019-09-27T03:05:00,357070,Nevados de Chillan,MODIS,6.177,2.24,1,baja,2026-10-05T18:06:10,mirova-archivo,1
2019-09-27T05:18:00,357070,Nevados de Chillan,VIIRS750,13.14,1.06,1,moderada,2026-10-05T18:06:10,mirova-archivo,1
2019-09-27T06:06:00,357070,Nevados de Chillan,VIIRS750,17.32,1.06,1,moderada,2026-10-05T18:06:10,mirova-archivo,1
2019-09-27T06:20:00,357070,Nevados de Chillan,MODIS,13.68,2.00,1,moderada,2026-10-05T18:06:10,mirova-archivo,1
2019-09-28T03:45:00,357070,Nevados de Chillan,MODIS,6.453,1.41,1,baja,2026-10-05T18:06:10,mirova-archivo,1
2019-09-28T05:00:00,357070,Nevados de Chillan,VIIRS750,23.33,1.68,1,moderada,2026-10-05T18:06:10,mirova-archivo,1
2019-09-28T05:25:00,357070,Nevados de Chillan,MODIS,5.502,2.83,1,baja,2026-10-05T18:06:10,mirova-archivo,1
2019-09-28T05:48:00,357070,Nevados de Chillan,VIIRS750,14.3,1.06,1,moderada,2026-10-05T18:06:10,mirova-archivo,1
2019-09-28T06:36:00,357070,Nevados de Chillan,VIIRS375,5.584,1.35,1,baja,2026-10-05T18:06:10,mirova-archivo,1
2019-09-29T02:50:00,357070,Nevados de Chillan,MODIS,4.739,2.24,1,baja,2026-10-05T18:06:10,mirova-archivo,1
2019-09-29T04:30:00,357070,Nevados de Chillan,MODIS,8.574,2.83,1,baja,2026-10-05T18:06:10,mirova-archivo,1
2019-09-29T04:36:00,357070,Nevados de Chillan,VIIRS750,18.02,2.37,1,moderada,2026-10-05T18:06:10,mirova-archivo,1
2019-09-29T05:30:00,357070,Nevados de Chillan,VIIRS750,12.73,1.06,1,moderada,2026-10-05T18:06:10,mirova-archivo,1
2019-09-29T06:18:00,357070,Nevados de Chillan,VIIRS750,9.596,1.68,1,baja,2026-10-05T18:06:10,mirova-archivo,1
2019-10-01T04:15:00,357070,Nevados de Chillan,MODIS,8.656,2.24,1,baja,2026-10-05T18:06:10,mirova-archivo,1
2019-10-01T04:54:00,357070,Nevados de Chillan,VIIRS750,16.83,1.68,1,moderada,2026-10-05T18:06:10,mirova-archivo,1
2019-10-01T05:42:00,357070,Nevados de Chillan,VIIRS750,8.062,1.06,1,baja,2026-10-05T18:06:10,mirova-archivo,1
2019-10-01T05:55:00,357070,Nevados de Chillan,MODIS,5.455,1.41,1,baja,2026-10-05T18:06:10,mirova-archivo,1
2019-10-01T06:30:00,357070,Nevados de Chillan,VIIRS375,4.723,1.19,1,baja,2026-10-05T18:06:10,mirova-archivo,1
2019-10-02T05:24:00,357070,Nevados de Chillan,VIIRS750,11.51,1.06,1,moderada,2026-10-05T18:06:10,mirova-archivo,1
2019-10-02T06:12:00,357070,Nevados de Chillan,VIIRS375,4.092,1.06,1,baja,2026-10-05T18:06:10,mirova-archivo,1
2019-10-02T06:40:00,357070,Nevados de Chillan,MODIS,2.848,2.24,1,baja,2026-10-05T18:06:10,mirova-archivo,1
2019-10-03T04:05:00,357070,Nevados de Chillan,MODIS,5.572,1.41,1,baja,2026-10-05T18:06:10,mirova-archivo,1
2019-10-03T05:06:00,357070,Nevados de Chillan,VIIRS750,5.848,1.68,1,baja,2026-10-05T18:06:10,mirova-archivo,1
2019-10-03T05:45:00,357070,Nevados de Chillan,MODIS,15.21,1.41,1,moderada,2026-10-05T18:06:10,mirova-archivo,1
2019-10-03T05:54:00,357070,Nevados de Chillan,VIIRS750,12.26,0.75,1,moderada,2026-10-05T18:06:10,mirova-archivo,1
2019-10-03T06:42:00,357070,Nevados de Chillan,VIIRS375,2.581,1.06,1,baja,2026-10-05T18:06:10,mirova-archivo,1
2019-10-04T03:10:00,357070,Nevados de Chillan,MODIS,2.329,2.00,1,baja,2026-10-05T18:06:10,mirova-archivo,1
2019-10-04T04:42:00,357070,Nevados de Chillan,VIIRS375,1.387,1.59,1,baja,2026-10-05T18:06:10,mirova-archivo,1
2019-10-04T05:36:00,357070,Nevados de Chillan,VIIRS750,7.485,1.06,1,baja,2026-10-05T18:06:10,mirova-archivo,1
2019-10-04T06:24:00,357070,Nevados de Chillan,VIIRS375,3.145,0.84,1,baja,2026-10-05T18:06:10,mirova-archivo,1
2019-10-04T06:25:00,357070,Nevados de Chillan,MODIS,1.784,2.24,1,baja,2026-10-05T18:06:10,mirova-archivo,1
2019-10-05T03:50:00,357070,Nevados de Chillan,MODIS,4.651,1.41,1,baja,2026-10-05T18:06:10,mirova-archivo,1
2019-10-05T05:18:00,357070,Nevados de Chillan,VIIRS375,4.079,0.84,1,baja,2026-10-05T18:06:10,mirova-archivo,1
2019-10-05T05:30:00,357070,Nevados de Chillan,MODIS,6.909,1.41,1,baja,2026-10-05T18:06:10,mirova-archivo,1
2019-10-05T06:06:00,357070,Nevados de Chillan,VIIRS750,5.381,1.06,1,baja,2026-10-05T18:06:10,mirova-archivo,1
2019-10-08T05:12:00,357070,Nevados de Chillan,VIIRS375,2.023,0.84,1,baja,2026-10-05T18:06:10,mirova-archivo,1
2019-10-08T06:00:00,357070,Nevados de Chillan,MODIS,27.38,1.41,1,moderada,2026-10-05T18:06:10,mirova-archivo,1
2019-10-08T06:00:00,357070,Nevados de Chillan,VIIRS750,27.46,1.68,1,moderada,2026-10-05T18:06:10,mirova-archivo,1
2019-10-09T03:30:00,357070,Nevados de Chillan,MODIS,6.493,1.41,1,baja,2026-10-05T18:06:10,mirova-archivo,1
2019-10-09T04:54:00,357070,Nevados de Chillan,VIIRS375,0.667,1.06,1,muy baja,2026-10-05T18:06:10,mirova-archivo,1
2019-10-09T05:42:00,357070,Nevados de Chillan,VIIRS375,4.166,0.53,1,baja,2026-10-05T18:06:10,mirova-archivo,1
2019-10-09T06:30:00,357070,Nevados de Chillan,VIIRS375,0.6331,0.84,1,muy baja,2026-10-05T18:06:10,mirova-archivo,1
2019-10-10T05:24:00,357070,Nevados de Chillan,VIIRS375,0.361,0.53,1,muy baja,2026-10-05T18:06:10,mirova-archivo,1
2019-10-10T05:50:00,357070,Nevados de Chillan,MODIS,44.67,1.41,1,moderada,2026-10-05T18:06:10,mirova-archivo,1
2019-10-10T06:12:00,357070,Nevados de Chillan,VIIRS750,10.49,1.68,1,moderada,2026-10-05T18:06:10,mirova-archivo,1
2019-10-11T03:15:00,357070,Nevados de Chillan,MODIS,2.048,2.24,1,baja,2026-10-05T18:06:10,mirova-archivo,1
2019-10-11T05:06:00,357070,Nevados de Chillan,VIIRS750,19.57,1.06,1,moderada,2026-10-05T18:06:10,mirova-archivo,1
2019-10-11T05:54:00,357070,Nevados de Chillan,VIIRS375,0.9868,7.05,0,fuera de radio,2026-10-05T18:06:10,mirova-archivo,1
2019-10-11T06:30:00,357070,Nevados de Chillan,MODIS,0.4978,2.24,1,muy baja,2026-10-05T18:06:10,mirova-archivo,1
2019-10-13T05:18:00,357070,Nevados de Chillan,VIIRS375,2.196,0.84,1,baja,2026-10-05T18:06:10,mirova-archivo,1
2019-10-13T06:06:00,357070,Nevados de Chillan,VIIRS375,4.794,0.84,1,baja,2026-10-05T18:06:10,mirova-archivo,1
2019-10-13T06:20:00,357070,Nevados de Chillan,MODIS,1.358,2.00,1,baja,2026-10-05T18:06:10,mirova-archivo,1
2019-10-16T03:35:00,357070,Nevados de Chillan,MODIS,20.92,1.00,1,moderada,2026-10-05T18:06:10,mirova-archivo,1
2019-10-16T05:12:00,357070,Nevados de Chillan,VIIRS750,18.06,1.06,1,moderada,2026-10-05T18:06:10,mirova-archivo,1
2019-10-16T06:00:00,357070,Nevados de Chillan,VIIRS750,24.48,1.68,1,moderada,2026-10-05T18:06:10,mirova-archivo,1
2019-10-16T06:54:00,357070,Nevados de Chillan,VIIRS750,8.11,2.37,1,baja,2026-10-05T18:06:10,mirova-archivo,1
2019-10-17T04:15:00,357070,Nevados de Chillan,MODIS,0.256,1.00,1,muy baja,2026-10-05T18:06:10,mirova-archivo,1
2019-10-17T04:54:00,357070,Nevados de Chillan,VIIRS375,0.8611,0.84,1,muy baja,2026-10-05T18:06:10,mirova-archivo,1
2019-10-17T05:42:00,357070,Nevados de Chillan,VIIRS750,23.45,1.06,1,moderada,2026-10-05T18:06:10,mirova-archivo,1
2019-10-17T05:55:00,357070,Nevados de Chillan,MODIS,14.27,1.00,1,moderada,2026-10-05T18:06:10,mirova-archivo,1
2019-10-17T06:30:00,357070,Nevados de Chillan,VIIRS750,11.8,2.12,1,moderada,2026-10-05T18:06:10,mirova-archivo,1
2019-10-18T03:20:00,357070,Nevados de Chillan,MODIS,18.82,2.24,1,moderada,2026-10-05T18:06:10,mirova-archivo,1
2019-10-18T04:36:00,357070,Nevados de Chillan,VIIRS750,8.253,2.70,1,baja,2026-10-05T18:06:10,mirova-archivo,1
2019-10-18T05:00:00,357070,Nevados de Chillan,MODIS,1.773,2.24,1,baja,2026-10-05T18:06:10,mirova-archivo,1
2019-10-18T05:24:00,357070,Nevados de Chillan,VIIRS750,18.56,1.06,1,moderada,2026-10-05T18:06:10,mirova-archivo,1
2019-10-18T06:12:00,357070,Nevados de Chillan,VIIRS750,11.28,1.68,1,moderada,2026-10-05T18:06:10,mirova-archivo,1
2019-10-18T06:40:00,357070,Nevados de Chillan,MODIS,3.678,2.24,1,baja,2026-10-05T18:06:10,mirova-archivo,1
2019-10-19T04:05:00,357070,Nevados de Chillan,MODIS,7.111,2.24,1,baja,2026-10-05T18:06:10,mirova-archivo,1
2019-10-19T05:06:00,357070,Nevados de Chillan,VIIRS750,12.58,1.68,1,moderada,2026-10-05T18:06:10,mirova-archivo,1
2019-10-19T05:45:00,357070,Nevados de Chillan,MODIS,6.819,1.00,1,baja,2026-10-05T18:06:10,mirova-archivo,1
2019-10-19T05:54:00,357070,Nevados de Chillan,VIIRS375,5.61,0.84,1,baja,2026-10-05T18:06:10,mirova-archivo,1
2019-10-19T06:42:00,357070,Nevados de Chillan,VIIRS375,3.264,1.55,1,baja,2026-10-05T18:06:10,mirova-archivo,1
2019-10-20T03:10:00,357070,Nevados de Chillan,MODIS,9.707,2.00,1,baja,2026-10-05T18:06:10,mirova-archivo,1
2019-10-20T04:42:00,357070,Nevados de Chillan,VIIRS375,13.57,1.59,1,moderada,2026-10-05T18:06:10,mirova-archivo,1
2019-10-20T05:36:00,357070,Nevados de Chillan,VIIRS750,12.53,1.06,1,moderada,2026-10-05T18:06:10,mirova-archivo,1
2019-10-20T06:24:00,357070,Nevados de Chillan,VIIRS750,11.46,1.68,1,moderada,2026-10-05T18:06:10,mirova-archivo,1
2019-10-20T06:25:00,357070,Nevados de Chillan,MODIS,11.98,2.24,1,moderada,2026-10-05T18:06:10,mirova-archivo,1
2019-10-21T03:50:00,357070,Nevados de Chillan,MODIS,6.959,1.41,1,baja,2026-10-05T18:06:10,mirova-archivo,1
2019-10-21T06:06:00,357070,Nevados de Chillan,VIIRS375,0.1197,0.38,1,muy baja,2026-10-05T18:06:10,mirova-archivo,1
2019-10-22T02:55:00,357070,Nevados de Chillan,MODIS,7.466,2.24,1,baja,2026-10-05T18:06:10,mirova-archivo,1
2019-10-22T05:00:00,357070,Nevados de Chillan,VIIRS750,16.81,1.68,1,moderada,2026-10-05T18:06:10,mirova-archivo,1
2019-10-22T05:48:00,357070,Nevados de Chillan,VIIRS750,6.859,0.75,1,baja,2026-10-05T18:06:10,mirova-archivo,1
2019-10-22T06:15:00,357070,Nevados de Chillan,MODIS,7.282,2.24,1,baja,2026-10-05T18:06:10,mirova-archivo,1
2019-10-22T06:36:00,357070,Nevados de Chillan,VIIRS375,5.273,1.19,1,baja,2026-10-05T18:06:10,mirova-archivo,1
2019-10-23T03:40:00,357070,Nevados de Chillan,MODIS,2.93,1.00,1,baja,2026-10-05T18:06:10,mirova-archivo,1
2019-10-23T04:42:00,357070,Nevados de Chillan,VIIRS375,4.074,1.68,1,baja,2026-10-05T18:06:10,mirova-archivo,1
2019-10-23T05:30:00,357070,Nevados de Chillan,VIIRS375,1.663,0.53,1,baja,2026-10-05T18:06:10,mirova-archivo,1
2019-10-23T06:18:00,357070,Nevados de Chillan,VIIRS375,2.506,1.06,1,baja,2026-10-05T18:06:10,mirova-archivo,1
2019-10-23T19:00:00,357070,Nevados de Chillan,MODIS,94.96,1.41,1,moderada,2026-10-05T18:06:10,mirova-archivo,1
2019-10-24T02:45:00,357070,Nevados de Chillan,MODIS,18.77,2.83,1,moderada,2026-10-05T18:06:10,mirova-archivo,1
2019-10-24T05:12:00,357070,Nevados de Chillan,VIIRS750,12.35,1.68,1,moderada,2026-10-05T18:06:10,mirova-archivo,1
2019-10-24T06:00:00,357070,Nevados de Chillan,MODIS,0.9912,1.00,1,muy baja,2026-10-05T18:06:10,mirova-archivo,1
2019-10-24T06:00:00,357070,Nevados de Chillan,VIIRS375,0.4824,0.84,1,muy baja,2026-10-05T18:06:10,mirova-archivo,1
2019-10-25T03:30:00,357070,Nevados de Chillan,MODIS,3.583,1.41,1,baja,2026-10-05T18:06:10,mirova-archivo,1
2019-10-25T04:54:00,357070,Nevados de Chillan,VIIRS375,4.273,1.19,1,baja,2026-10-05T18:06:10,mirova-archivo,1
2019-10-25T05:42:00,357070,Nevados de Chillan,VIIRS375,2.678,0.53,1,baja,2026-10-05T18:06:10,mirova-archivo,1
2019-10-25T06:30:00,357070,Nevados de Chillan,VIIRS375,2.045,1.12,1,baja,2026-10-05T18:06:10,mirova-archivo,1
2019-10-29T05:18:00,357070,Nevados de Chillan,VIIRS375,0.1146,0.38,1,muy baja,2026-10-05T18:06:10,mirova-archivo,1
2019-10-30T03:45:00,357070,Nevados de Chillan,MODIS,0.7373,0.00,1,muy baja,2026-10-05T18:06:10,mirova-archivo,1
2019-10-30T05:00:00,357070,Nevados de Chillan,VIIRS375,0.5697,0.84,1,muy baja,2026-10-05T18:06:10,mirova-archivo,1
2019-10-30T05:48:00,357070,Nevados de Chillan,VIIRS375,0.566,0.53,1,muy baja,2026-10-05T18:06:10,mirova-archivo,1
2019-10-30T06:36:00,357070,Nevados de Chillan,VIIRS375,0.6012,1.06,1,muy baja,2026-10-05T18:06:10,mirova-archivo,1
2019-10-31T06:18:00,357070,Nevados de Chillan,VIIRS375,2.337,0.84,1,baja,2026-10-05T18:06:10,mirova-archivo,1
2019-11-02T04:15:00,357070,Nevados de Chillan,MODIS,0.2221,2.24,1,muy baja,2026-10-05T18:06:10,mirova-archivo,1
2019-11-02T04:54:00,357070,Nevados de Chillan,VIIRS750,8.201,2.12,1,baja,2026-10-05T18:06:10,mirova-archivo,1
2019-11-02T05:42:00,357070,Nevados de Chillan,VIIRS750,7.235,1.06,1,baja,2026-10-05T18:06:10,mirova-archivo,1
2019-11-02T05:55:00,357070,Nevados de Chillan,MODIS,2.946,1.00,1,baja,2026-10-05T18:06:10,mirova-archivo,1
2019-11-02T06:30:00,357070,Nevados de Chillan,VIIRS750,7.885,1.68,1,baja,2026-10-05T18:06:10,mirova-archivo,1
2019-11-03T03:20:00,357070,Nevados de Chillan,MODIS,36.59,1.41,1,moderada,2026-10-05T18:06:10,mirova-archivo,1
2019-11-03T04:36:00,357070,Nevados de Chillan,VIIRS750,9.972,2.70,1,baja,2026-10-05T18:06:10,mirova-archivo,1
2019-11-03T05:00:00,357070,Nevados de Chillan,MODIS,0.6776,1.41,1,muy baja,2026-10-05T18:06:10,mirova-archivo,1
2019-11-03T05:24:00,357070,Nevados de Chillan,VIIRS375,4.914,0.75,1,baja,2026-10-05T18:06:10,mirova-archivo,1
2019-11-03T06:12:00,357070,Nevados de Chillan,VIIRS750,13.53,1.68,1,moderada,2026-10-05T18:06:10,mirova-archivo,1
2019-11-03T06:40:00,357070,Nevados de Chillan,MODIS,5.986,2.24,1,baja,2026-10-05T18:06:10,mirova-archivo,1
2019-11-04T04:05:00,357070,Nevados de Chillan,MODIS,18.3,2.00,1,moderada,2026-10-05T18:06:10,mirova-archivo,1
2019-11-04T05:06:00,357070,Nevados de Chillan,VIIRS375,4.995,1.35,1,baja,2026-10-05T18:06:10,mirova-archivo,1
2019-11-04T05:54:00,357070,Nevados de Chillan,VIIRS750,8.283,1.06,1,baja,2026-10-05T18:06:10,mirova-archivo,1
2019-11-04T06:42:00,357070,Nevados de Chillan,VIIRS375,0.06292,0.53,1,muy baja,2026-10-05T18:06:10,mirova-archivo,1
2019-11-05T03:10:00,357070,Nevados de Chillan,MODIS,5.025,2.00,1,baja,2026-10-05T18:06:10,mirova-archivo,1
2019-11-05T04:42:00,357070,Nevados de Chillan,VIIRS750,23,2.70,1,moderada,2026-10-05T18:06:10,mirova-archivo,1
2019-11-05T05:36:00,357070,Nevados de Chillan,VIIRS750,25.93,1.06,1,moderada,2026-10-05T18:06:10,mirova-archivo,1
2019-11-05T06:24:00,357070,Nevados de Chillan,VIIRS750,27.56,2.12,1,moderada,2026-10-05T18:06:10,mirova-archivo,1
2019-11-05T06:25:00,357070,Nevados de Chillan,MODIS,27.95,3.00,1,moderada,2026-10-05T18:06:10,mirova-archivo,1
2019-11-06T03:50:00,357070,Nevados de Chillan,MODIS,7.837,1.41,1,baja,2026-10-05T18:06:10,mirova-archivo,1
2019-11-06T05:18:00,357070,Nevados de Chillan,VIIRS750,18.01,1.06,1,moderada,2026-10-05T18:06:10,mirova-archivo,1
2019-11-06T06:06:00,357070,Nevados de Chillan,VIIRS750,13.55,1.06,1,moderada,2026-10-05T18:06:10,mirova-archivo,1
2019-11-07T02:55:00,357070,Nevados de Chillan,MODIS,2.915,1.41,1,baja,2026-10-05T18:06:10,mirova-archivo,1
2019-11-07T05:00:00,357070,Nevados de Chillan,VIIRS750,7.929,1.50,1,baja,2026-10-05T18:06:10,mirova-archivo,1
2019-11-07T05:48:00,357070,Nevados de Chillan,VIIRS750,13.59,0.75,1,moderada,2026-10-05T18:06:10,mirova-archivo,1
2019-11-07T06:15:00,357070,Nevados de Chillan,MODIS,6.178,2.00,1,baja,2026-10-05T18:06:10,mirova-archivo,1
2019-11-07T06:36:00,357070,Nevados de Chillan,VIIRS375,2.41,1.35,1,baja,2026-10-05T18:06:10,mirova-archivo,1
2019-11-08T03:40:00,357070,Nevados de Chillan,MODIS,0.8234,1.00,1,muy baja,2026-10-05T18:06:10,mirova-archivo,1
2019-11-08T05:20:00,357070,Nevados de Chillan,MODIS,0.8796,1.41,1,muy baja,2026-10-05T18:06:10,mirova-archivo,1
2019-11-08T05:30:00,357070,Nevados de Chillan,VIIRS750,11.41,1.06,1,moderada,2026-10-05T18:06:10,mirova-archivo,1
2019-11-08T06:18:00,357070,Nevados de Chillan,VIIRS375,1.823,1.19,1,baja,2026-10-05T18:06:10,mirova-archivo,1
2019-11-09T04:25:00,357070,Nevados de Chillan,MODIS,2.652,2.83,1,baja,2026-10-05T18:06:10,mirova-archivo,1
2019-11-09T05:12:00,357070,Nevados de Chillan,VIIRS375,5.17,0.84,1,baja,2026-10-05T18:06:10,mirova-archivo,1
2019-11-09T06:00:00,357070,Nevados de Chillan,MODIS,5.794,1.00,1,baja,2026-10-05T18:06:10,mirova-archivo,1
2019-11-09T06:00:00,357070,Nevados de Chillan,VIIRS750,6.366,1.50,1,baja,2026-10-05T18:06:10,mirova-archivo,1
2019-11-10T04:54:00,357070,Nevados de Chillan,VIIRS750,19.55,1.68,1,moderada,2026-10-05T18:06:10,mirova-archivo,1
2019-11-10T05:42:00,357070,Nevados de Chillan,VIIRS750,10.89,1.06,1,moderada,2026-10-05T18:06:10,mirova-archivo,1
2019-11-10T06:30:00,357070,Nevados de Chillan,VIIRS750,80.54,2.25,1,moderada,2026-10-05T18:06:10,mirova-archivo,1
2019-11-10T06:45:00,357070,Nevados de Chillan,MODIS,7.231,2.24,1,baja,2026-10-05T18:06:10,mirova-archivo,1
2019-11-11T04:10:00,357070,Nevados de Chillan,MODIS,34.27,2.24,1,moderada,2026-10-05T18:06:10,mirova-archivo,1
2019-11-11T04:30:00,357070,Nevados de Chillan,VIIRS750,9.035,2.70,1,baja,2026-10-05T18:06:10,mirova-archivo,1
2019-11-11T05:24:00,357070,Nevados de Chillan,VIIRS375,2.963,0.84,1,baja,2026-10-05T18:06:10,mirova-archivo,1
2019-11-11T05:50:00,357070,Nevados de Chillan,MODIS,15.27,1.41,1,moderada,2026-10-05T18:06:10,mirova-archivo,1
2019-11-11T06:12:00,357070,Nevados de Chillan,VIIRS750,9.27,1.06,1,baja,2026-10-05T18:06:10,mirova-archivo,1
2019-11-12T03:15:00,357070,Nevados de Chillan,MODIS,0.6691,0.00,1,muy baja,2026-10-05T18:06:10,mirova-archivo,1
2019-11-12T05:06:00,357070,Nevados de Chillan,VIIRS375,5.191,0.84,1,baja,2026-10-05T18:06:10,mirova-archivo,1
2019-11-12T05:54:00,357070,Nevados de Chillan,VIIRS750,7.43,1.06,1,baja,2026-10-05T18:06:10,mirova-archivo,1
2019-11-12T06:30:00,357070,Nevados de Chillan,MODIS,3.475,2.24,1,baja,2026-10-05T18:06:10,mirova-archivo,1
2019-11-12T06:42:00,357070,Nevados de Chillan,VIIRS750,9.324,2.70,1,baja,2026-10-05T18:06:10,mirova-archivo,1
2019-11-13T04:00:00,357070,Nevados de Chillan,MODIS,8.29,1.41,1,baja,2026-10-05T18:06:10,mirova-archivo,1
2019-11-13T04:48:00,357070,Nevados de Chillan,VIIRS750,10.36,2.37,1,moderada,2026-10-05T18:06:10,mirova-archivo,1
2019-11-13T05:35:00,357070,Nevados de Chillan,MODIS,11.18,1.41,1,moderada,2026-10-05T18:06:10,mirova-archivo,1
2019-11-13T05:36:00,357070,Nevados de Chillan,VIIRS750,16.31,1.06,1,moderada,2026-10-05T18:06:10,mirova-archivo,1
2019-11-13T06:24:00,357070,Nevados de Chillan,VIIRS750,7.358,1.68,1,baja,2026-10-05T18:06:10,mirova-archivo,1
2019-11-14T05:18:00,357070,Nevados de Chillan,VIIRS375,0.9263,0.53,1,muy baja,2026-10-05T18:06:10,mirova-archivo,1
2019-11-14T06:06:00,357070,Nevados de Chillan,VIIRS750,9.599,1.06,1,baja,2026-10-05T18:06:10,mirova-archivo,1
2019-11-14T06:20:00,357070,Nevados de Chillan,MODIS,6.08,2.83,1,baja,2026-10-05T18:06:10,mirova-archivo,1
2019-11-15T03:45:00,357070,Nevados de Chillan,MODIS,28.59,1.41,1,moderada,2026-10-05T18:06:10,mirova-archivo,1
2019-11-15T05:00:00,357070,Nevados de Chillan,VIIRS375,6.053,0.84,1,baja,2026-10-05T18:06:10,mirova-archivo,1
2019-11-15T05:25:00,357070,Nevados de Chillan,MODIS,24.17,2.00,1,moderada,2026-10-05T18:06:10,mirova-archivo,1
2019-11-15T05:48:00,357070,Nevados de Chillan,VIIRS750,14.76,1.06,1,moderada,2026-10-05T18:06:10,mirova-archivo,1
2019-11-15T06:36:00,357070,Nevados de Chillan,VIIRS375,5.217,1.88,1,baja,2026-10-05T18:06:10,mirova-archivo,1
2019-11-16T04:36:00,357070,Nevados de Chillan,VIIRS375,5.157,2.19,1,baja,2026-10-05T18:06:10,mirova-archivo,1
2019-11-16T05:30:00,357070,Nevados de Chillan,VIIRS750,33.38,1.06,1,moderada,2026-10-05T18:06:10,mirova-archivo,1
2019-11-16T06:05:00,357070,Nevados de Chillan,MODIS,32.8,2.24,1,moderada,2026-10-05T18:06:10,mirova-archivo,1
2019-11-16T06:18:00,357070,Nevados de Chillan,VIIRS750,47.33,2.37,1,moderada,2026-10-05T18:06:10,mirova-archivo,1
2019-11-17T03:35:00,357070,Nevados de Chillan,MODIS,18.6,1.41,1,moderada,2026-10-05T18:06:10,mirova-archivo,1
2019-11-17T05:10:00,357070,Nevados de Chillan,MODIS,8.909,2.24,1,baja,2026-10-05T18:06:10,mirova-archivo,1
2019-11-17T05:12:00,357070,Nevados de Chillan,VIIRS750,18.36,1.68,1,moderada,2026-10-05T18:06:10,mirova-archivo,1
2019-11-17T06:00:00,357070,Nevados de Chillan,VIIRS750,10.19,1.06,1,moderada,2026-10-05T18:06:10,mirova-archivo,1
2019-11-17T06:48:00,357070,Nevados de Chillan,VIIRS375,27.34,3.02,1,moderada,2026-10-05T18:06:10,mirova-archivo,1
2019-11-18T04:15:00,357070,Nevados de Chillan,MODIS,19.09,2.24,1,moderada,2026-10-05T18:06:10,mirova-archivo,1
2019-11-18T04:54:00,357070,Nevados de Chillan,VIIRS750,14.79,2.12,1,moderada,2026-10-05T18:06:10,mirova-archivo,1
2019-11-18T05:42:00,357070,Nevados de Chillan,VIIRS750,33.94,1.06,1,moderada,2026-10-05T18:06:10,mirova-archivo,1
2019-11-18T05:55:00,357070,Nevados de Chillan,MODIS,11.57,1.41,1,moderada,2026-10-05T18:06:10,mirova-archivo,1
2019-11-18T06:30:00,357070,Nevados de Chillan,VIIRS750,55.08,2.25,1,moderada,2026-10-05T18:06:10,mirova-archivo,1
2019-11-19T03:20:00,357070,Nevados de Chillan,MODIS,33.61,2.00,1,moderada,2026-10-05T18:06:10,mirova-archivo,1
2019-11-19T04:30:00,357070,Nevados de Chillan,VIIRS375,0.8766,19.01,0,no volcanica,2026-10-05T18:06:10,mirova-archivo,0
2019-11-19T05:24:00,357070,Nevados de Chillan,VIIRS750,46.55,1.06,1,moderada,2026-10-05T18:06:10,mirova-archivo,1
2019-11-19T06:12:00,357070,Nevados de Chillan,VIIRS750,20.21,1.06,1,moderada,2026-10-05T18:06:10,mirova-archivo,1
2019-11-19T06:40:00,357070,Nevados de Chillan,MODIS,8.392,2.24,1,baja,2026-10-05T18:06:10,mirova-archivo,1
2019-11-20T04:05:00,357070,Nevados de Chillan,MODIS,17.34,1.41,1,moderada,2026-10-05T18:06:10,mirova-archivo,1
2019-11-20T05:06:00,357070,Nevados de Chillan,VIIRS750,6.413,1.68,1,baja,2026-10-05T18:06:10,mirova-archivo,1
2019-11-20T05:45:00,357070,Nevados de Chillan,MODIS,4.264,1.41,1,baja,2026-10-05T18:06:10,mirova-archivo,1
2019-11-20T05:54:00,357070,Nevados de Chillan,VIIRS750,9.964,1.06,1,baja,2026-10-05T18:06:10,mirova-archivo,1
2019-11-20T06:42:00,357070,Nevados de Chillan,VIIRS375,8.244,1.19,1,baja,2026-10-05T18:06:10,mirova-archivo,1
2019-11-21T03:10:00,357070,Nevados de Chillan,MODIS,5.987,2.00,1,baja,2026-10-05T18:06:10,mirova-archivo,1
2019-11-21T05:36:00,357070,Nevados de Chillan,VIIRS750,8.986,0.75,1,baja,2026-10-05T18:06:10,mirova-archivo,1
2019-11-21T06:24:00,357070,Nevados de Chillan,VIIRS375,1.307,0.84,1,baja,2026-10-05T18:06:10,mirova-archivo,1
2019-11-22T03:50:00,357070,Nevados de Chillan,MODIS,7.063,1.00,1,baja,2026-10-05T18:06:10,mirova-archivo,1
2019-11-22T05:18:00,357070,Nevados de Chillan,VIIRS750,8.087,1.06,1,baja,2026-10-05T18:06:10,mirova-archivo,1
2019-11-22T05:30:00,357070,Nevados de Chillan,MODIS,5.798,1.41,1,baja,2026-10-05T18:06:10,mirova-archivo,1
2019-11-22T06:06:00,357070,Nevados de Chillan,VIIRS750,6.115,1.06,1,baja,2026-10-05T18:06:10,mirova-archivo,1
2019-11-23T02:55:00,357070,Nevados de Chillan,MODIS,2.468,2.24,1,baja,2026-10-05T18:06:10,mirova-archivo,1
2019-11-23T05:00:00,357070,Nevados de Chillan,VIIRS375,3.539,0.84,1,baja,2026-10-05T18:06:10,mirova-archivo,1
2019-11-23T05:48:00,357070,Nevados de Chillan,VIIRS750,7.111,0.75,1,baja,2026-10-05T18:06:10,mirova-archivo,1
2019-11-23T06:15:00,357070,Nevados de Chillan,MODIS,8.038,2.24,1,baja,2026-10-05T18:06:10,mirova-archivo,1
2019-11-23T06:36:00,357070,Nevados de Chillan,VIIRS750,8.027,2.25,1,baja,2026-10-05T18:06:10,mirova-archivo,1
2019-11-24T05:30:00,357070,Nevados de Chillan,VIIRS750,6.258,1.06,1,baja,2026-10-05T18:06:10,mirova-archivo,1
2019-11-25T05:12:00,357070,Nevados de Chillan,VIIRS375,5.941,0.84,1,baja,2026-10-05T18:06:10,mirova-archivo,1
2019-11-26T03:30:00,357070,Nevados de Chillan,MODIS,5.099,1.41,1,baja,2026-10-05T18:06:10,mirova-archivo,1
2019-11-26T04:54:00,357070,Nevados de Chillan,VIIRS375,5.007,1.59,1,baja,2026-10-05T18:06:10,mirova-archivo,1
2019-11-26T05:42:00,357070,Nevados de Chillan,VIIRS750,50.19,1.06,1,moderada,2026-10-05T18:06:10,mirova-archivo,1
2019-11-26T06:30:00,357070,Nevados de Chillan,VIIRS750,18.69,1.68,1,moderada,2026-10-05T18:06:10,mirova-archivo,1
2019-11-26T06:45:00,357070,Nevados de Chillan,MODIS,0.5708,1.41,1,muy baja,2026-10-05T18:06:10,mirova-archivo,1
2019-11-27T04:30:00,357070,Nevados de Chillan,VIIRS375,8.769,2.52,1,baja,2026-10-05T18:06:10,mirova-archivo,1
2019-11-27T05:24:00,357070,Nevados de Chillan,VIIRS375,4.053,0.53,1,baja,2026-10-05T18:06:10,mirova-archivo,1
2019-11-27T06:12:00,357070,Nevados de Chillan,VIIRS375,2.228,0.84,1,baja,2026-10-05T18:06:10,mirova-archivo,1
2019-11-28T03:15:00,357070,Nevados de Chillan,MODIS,5.605,1.41,1,baja,2026-10-05T18:06:10,mirova-archivo,1
2019-11-28T05:06:00,357070,Nevados de Chillan,VIIRS750,6.017,1.68,1,baja,2026-10-05T18:06:10,mirova-archivo,1
2019-11-28T05:54:00,357070,Nevados de Chillan,VIIRS750,9.724,1.06,1,baja,2026-10-05T18:06:10,mirova-archivo,1
2019-11-28T06:42:00,357070,Nevados de Chillan,VIIRS375,2.564,1.91,1,baja,2026-10-05T18:06:10,mirova-archivo,1
2019-11-30T03:05:00,357070,Nevados de Chillan,MODIS,5.691,2.00,1,baja,2026-10-05T18:06:10,mirova-archivo,1
2019-11-30T05:18:00,357070,Nevados de Chillan,VIIRS750,17.79,0.75,1,moderada,2026-10-05T18:06:10,mirova-archivo,1
2019-11-30T06:06:00,357070,Nevados de Chillan,VIIRS750,43.31,1.06,1,moderada,2026-10-05T18:06:10,mirova-archivo,1
2019-11-30T06:20:00,357070,Nevados de Chillan,MODIS,15.42,2.83,1,moderada,2026-10-05T18:06:10,mirova-archivo,1
2019-12-01T03:45:00,357070,Nevados de Chillan,MODIS,48.92,1.41,1,moderada,2026-10-05T18:06:10,mirova-archivo,1
2019-12-01T05:00:00,357070,Nevados de Chillan,VIIRS375,7.876,1.06,1,baja,2026-10-05T18:06:10,mirova-archivo,1
2019-12-01T05:48:00,357070,Nevados de Chillan,VIIRS750,69.43,1.06,1,moderada,2026-10-05T18:06:10,mirova-archivo,1
2019-12-01T06:36:00,357070,Nevados de Chillan,VIIRS750,29.97,2.37,1,moderada,2026-10-05T18:06:10,mirova-archivo,1
2019-12-02T02:50:00,357070,Nevados de Chillan,MODIS,0.6028,1.00,1,muy baja,2026-10-05T18:06:10,mirova-archivo,1
2019-12-02T04:30:00,357070,Nevados de Chillan,MODIS,4.7,2.24,1,baja,2026-10-05T18:06:10,mirova-archivo,1
2019-12-02T05:30:00,357070,Nevados de Chillan,VIIRS750,9.96,1.06,1,baja,2026-10-05T18:06:10,mirova-archivo,1
2019-12-02T06:05:00,357070,Nevados de Chillan,MODIS,7.903,1.41,1,baja,2026-10-05T18:06:10,mirova-archivo,1
2019-12-02T06:18:00,357070,Nevados de Chillan,VIIRS750,6.444,1.68,1,baja,2026-10-05T18:06:10,mirova-archivo,1
2019-12-03T03:35:00,357070,Nevados de Chillan,MODIS,12.19,1.41,1,moderada,2026-10-05T18:06:10,mirova-archivo,1
2019-12-03T05:10:00,357070,Nevados de Chillan,MODIS,1.872,1.41,1,baja,2026-10-05T18:06:10,mirova-archivo,1
2019-12-03T05:12:00,357070,Nevados de Chillan,VIIRS375,3.16,0.53,1,baja,2026-10-05T18:06:10,mirova-archivo,1
2019-12-03T06:00:00,357070,Nevados de Chillan,VIIRS750,21.67,1.68,1,moderada,2026-10-05T18:06:10,mirova-archivo,1
2019-12-03T06:48:00,357070,Nevados de Chillan,VIIRS750,10.7,2.70,1,moderada,2026-10-05T18:06:10,mirova-archivo,1
2019-12-04T04:15:00,357070,Nevados de Chillan,MODIS,1.613,2.24,1,baja,2026-10-05T18:06:10,mirova-archivo,1
2019-12-04T04:54:00,357070,Nevados de Chillan,VIIRS750,12.4,2.37,1,moderada,2026-10-05T18:06:10,mirova-archivo,1
2019-12-04T05:42:00,357070,Nevados de Chillan,VIIRS750,24.59,1.06,1,moderada,2026-10-05T18:06:10,mirova-archivo,1
2019-12-04T06:30:00,357070,Nevados de Chillan,VIIRS375,7.472,2.65,1,baja,2026-10-05T18:06:10,mirova-archivo,1
2019-12-05T03:20:00,357070,Nevados de Chillan,MODIS,7.059,1.41,1,baja,2026-10-05T18:06:10,mirova-archivo,1
2019-12-05T04:30:00,357070,Nevados de Chillan,VIIRS375,10.09,2.19,1,moderada,2026-10-05T18:06:10,mirova-archivo,1
2019-12-05T05:24:00,357070,Nevados de Chillan,VIIRS375,1.477,0.53,1,baja,2026-10-05T18:06:10,mirova-archivo,1
2019-12-05T06:12:00,357070,Nevados de Chillan,VIIRS375,0.5475,0.53,1,muy baja,2026-10-05T18:06:10,mirova-archivo,1
2019-12-06T04:05:00,357070,Nevados de Chillan,MODIS,19.58,2.00,1,moderada,2026-10-05T18:06:10,mirova-archivo,1
2019-12-06T05:06:00,357070,Nevados de Chillan,VIIRS750,24.98,2.12,1,moderada,2026-10-05T18:06:10,mirova-archivo,1
2019-12-06T05:45:00,357070,Nevados de Chillan,MODIS,15.77,1.41,1,moderada,2026-10-05T18:06:10,mirova-archivo,1
2019-12-06T05:54:00,357070,Nevados de Chillan,VIIRS750,29.95,1.06,1,moderada,2026-10-05T18:06:10,mirova-archivo,1
2019-12-06T06:42:00,357070,Nevados de Chillan,VIIRS750,34.89,2.70,1,moderada,2026-10-05T18:06:10,mirova-archivo,1
2019-12-07T03:10:00,357070,Nevados de Chillan,MODIS,29.79,2.24,1,moderada,2026-10-05T18:06:10,mirova-archivo,1
2019-12-07T04:42:00,357070,Nevados de Chillan,VIIRS375,10.35,1.88,1,moderada,2026-10-05T18:06:10,mirova-archivo,1
2019-12-07T05:36:00,357070,Nevados de Chillan,VIIRS750,23.82,1.06,1,moderada,2026-10-05T18:06:10,mirova-archivo,1
2019-12-07T06:24:00,357070,Nevados de Chillan,VIIRS750,9.886,1.50,1,baja,2026-10-05T18:06:10,mirova-archivo,1
2019-12-07T06:25:00,357070,Nevados de Chillan,MODIS,10.89,2.24,1,moderada,2026-10-05T18:06:10,mirova-archivo,1
2019-12-08T03:50:00,357070,Nevados de Chillan,MODIS,0.8381,1.00,1,muy baja,2026-10-05T18:06:10,mirova-archivo,1
2019-12-08T05:18:00,357070,Nevados de Chillan,VIIRS375,1.256,0.53,1,baja,2026-10-05T18:06:10,mirova-archivo,1
2019-12-08T05:30:00,357070,Nevados de Chillan,MODIS,0.3238,0.00,1,muy baja,2026-10-05T18:06:10,mirova-archivo,1
2019-12-08T06:06:00,357070,Nevados de Chillan,VIIRS375,1.524,0.84,1,baja,2026-10-05T18:06:10,mirova-archivo,1
2019-12-09T02:55:00,357070,Nevados de Chillan,MODIS,10.46,2.24,1,moderada,2026-10-05T18:06:10,mirova-archivo,1
2019-12-09T05:00:00,357070,Nevados de Chillan,VIIRS750,7.276,1.68,1,baja,2026-10-05T18:06:10,mirova-archivo,1
2019-12-09T05:48:00,357070,Nevados de Chillan,VIIRS750,40.17,0.75,1,moderada,2026-10-05T18:06:10,mirova-archivo,1
2019-12-09T06:15:00,357070,Nevados de Chillan,MODIS,16.34,2.00,1,moderada,2026-10-05T18:06:10,mirova-archivo,1
2019-12-09T06:36:00,357070,Nevados de Chillan,VIIRS750,15.29,2.37,1,moderada,2026-10-05T18:06:10,mirova-archivo,1
2019-12-10T03:40:00,357070,Nevados de Chillan,MODIS,53.35,1.41,1,moderada,2026-10-05T18:06:10,mirova-archivo,1
2019-12-10T05:20:00,357070,Nevados de Chillan,MODIS,5.281,2.24,1,baja,2026-10-05T18:06:10,mirova-archivo,1
2019-12-10T05:30:00,357070,Nevados de Chillan,VIIRS750,8.521,0.75,1,baja,2026-10-05T18:06:10,mirova-archivo,1
2019-12-10T06:18:00,357070,Nevados de Chillan,VIIRS375,4.573,1.06,1,baja,2026-10-05T18:06:10,mirova-archivo,1
2019-12-11T05:12:00,357070,Nevados de Chillan,VIIRS750,41.68,1.68,1,moderada,2026-10-05T18:06:10,mirova-archivo,1
2019-12-11T06:00:00,357070,Nevados de Chillan,MODIS,2.131,1.41,1,baja,2026-10-05T18:06:10,mirova-archivo,1
2019-12-11T06:00:00,357070,Nevados de Chillan,VIIRS750,6.476,1.50,1,baja,2026-10-05T18:06:10,mirova-archivo,1
2019-12-12T03:30:00,357070,Nevados de Chillan,MODIS,0.7322,1.00,1,muy baja,2026-10-05T18:06:10,mirova-archivo,1
2019-12-12T04:54:00,357070,Nevados de Chillan,VIIRS375,3.38,1.59,1,baja,2026-10-05T18:06:10,mirova-archivo,1
2019-12-12T05:42:00,357070,Nevados de Chillan,VIIRS375,1.857,0.53,1,baja,2026-10-05T18:06:10,mirova-archivo,1
2019-12-12T06:30:00,357070,Nevados de Chillan,VIIRS375,0.9848,0.75,1,muy baja,2026-10-05T18:06:10,mirova-archivo,1
2019-12-12T06:45:00,357070,Nevados de Chillan,MODIS,0.1971,0.00,1,muy baja,2026-10-05T18:06:10,mirova-archivo,1
2019-12-14T05:06:00,357070,Nevados de Chillan,VIIRS375,0.7892,0.84,1,muy baja,2026-10-05T18:06:10,mirova-archivo,1
2019-12-14T05:54:00,357070,Nevados de Chillan,VIIRS375,0.6755,23.15,0,no volcanica,2026-10-05T18:06:10,mirova-archivo,0
2019-12-15T04:00:00,357070,Nevados de Chillan,MODIS,3.093,1.00,1,baja,2026-10-05T18:06:10,mirova-archivo,1
2019-12-15T04:48:00,357070,Nevados de Chillan,VIIRS375,2.517,1.68,1,baja,2026-10-05T18:06:10,mirova-archivo,1
2019-12-15T05:35:00,357070,Nevados de Chillan,MODIS,1.272,1.00,1,baja,2026-10-05T18:06:10,mirova-archivo,1
2019-12-15T05:36:00,357070,Nevados de Chillan,VIIRS375,2.534,0.38,1,baja,2026-10-05T18:06:10,mirova-archivo,1
2019-12-15T06:24:00,357070,Nevados de Chillan,VIIRS375,1.354,1.06,1,baja,2026-10-05T18:06:10,mirova-archivo,1
2019-12-16T05:18:00,357070,Nevados de Chillan,VIIRS375,0.6057,0.53,1,muy baja,2026-10-05T18:06:10,mirova-archivo,1
2019-12-16T06:06:00,357070,Nevados de Chillan,VIIRS375,0.4262,0.53,1,muy baja,2026-10-05T18:06:10,mirova-archivo,1
2019-12-17T05:00:00,357070,Nevados de Chillan,VIIRS375,0.2822,0.84,1,muy baja,2026-10-05T18:06:10,mirova-archivo,1
2019-12-17T05:48:00,357070,Nevados de Chillan,VIIRS375,0.7247,29.44,0,no volcanica,2026-10-05T18:06:10,mirova-archivo,0
2019-12-17T06:36:00,357070,Nevados de Chillan,VIIRS375,0.2472,0.75,1,muy baja,2026-10-05T18:06:10,mirova-archivo,1
2019-12-18T05:30:00,357070,Nevados de Chillan,VIIRS375,0.2149,0.38,1,muy baja,2026-10-05T18:06:10,mirova-archivo,1
2019-12-21T05:24:00,357070,Nevados de Chillan,VIIRS375,0.1132,0.00,1,muy baja,2026-10-05T18:06:10,mirova-archivo,1
2019-12-21T06:12:00,357070,Nevados de Chillan,VIIRS375,0.1278,0.53,1,muy baja,2026-10-05T18:06:10,mirova-archivo,1
2019-12-22T05:54:00,357070,Nevados de Chillan,VIIRS375,0.2184,0.53,1,muy baja,2026-10-05T18:06:10,mirova-archivo,1
2019-12-23T05:36:00,357070,Nevados de Chillan,VIIRS375,0.1684,0.38,1,muy baja,2026-10-05T18:06:10,mirova-archivo,1
2019-12-23T06:24:00,357070,Nevados de Chillan,VIIRS375,0.05625,0.38,1,muy baja,2026-10-05T18:06:10,mirova-archivo,1
2019-12-25T05:00:00,357070,Nevados de Chillan,VIIRS375,0.06228,0.38,1,muy baja,2026-10-05T18:06:10,mirova-archivo,1
2019-12-26T05:30:00,357070,Nevados de Chillan,VIIRS375,0.06789,0.00,1,muy baja,2026-10-05T18:06:10,mirova-archivo,1
2019-12-31T05:36:00,357070,Nevados de Chillan,VIIRS375,0.135,0.00,1,muy baja,2026-10-05T18:06:10,mirova-archivo,1
2020-01-03T05:30:00,357070,Nevados de Chillan,VIIRS375,0.1374,0.00,1,muy baja,2026-10-05T18:06:10,mirova-archivo,1
2020-01-04T05:12:00,357070,Nevados de Chillan,VIIRS375,0.06077,0.00,1,muy baja,2026-10-05T18:06:10,mirova-archivo,1
2020-01-11T05:30:00,357070,Nevados de Chillan,VIIRS375,0.08215,0.00,1,muy baja,2026-10-05T18:06:10,mirova-archivo,1
2020-01-18T05:00:00,357070,Nevados de Chillan,VIIRS375,0.0862,0.53,1,muy baja,2026-10-05T18:06:10,mirova-archivo,1
2020-01-18T05:48:00,357070,Nevados de Chillan,VIIRS375,0.1032,0.38,1,muy baja,2026-10-05T18:06:10,mirova-archivo,1
2020-01-19T05:30:00,357070,Nevados de Chillan,VIIRS375,0.1532,0.00,1,muy baja,2026-10-05T18:06:10,mirova-archivo,1
2020-01-21T05:42:00,357070,Nevados de Chillan,VIIRS375,0.1487,0.00,1,muy baja,2026-10-05T18:06:10,mirova-archivo,1
2020-01-22T05:24:00,357070,Nevados de Chillan,VIIRS375,0.1151,0.53,1,muy baja,2026-10-05T18:06:10,mirova-archivo,1
2020-01-23T05:06:00,357070,Nevados de Chillan,VIIRS375,0.6091,1.06,1,muy baja,2026-10-05T18:06:10,mirova-archivo,1
2020-01-23T05:54:00,357070,Nevados de Chillan,VIIRS375,0.2285,0.53,1,muy baja,2026-10-05T18:06:10,mirova-archivo,1
2020-01-24T04:48:00,357070,Nevados de Chillan,VIIRS375,0.5335,1.35,1,muy baja,2026-10-05T18:06:10,mirova-archivo,1
2020-01-24T05:36:00,357070,Nevados de Chillan,VIIRS375,0.4106,0.38,1,muy baja,2026-10-05T18:06:10,mirova-archivo,1
2020-01-24T06:24:00,357070,Nevados de Chillan,VIIRS375,0.1031,0.38,1,muy baja,2026-10-05T18:06:10,mirova-archivo,1
2020-01-25T05:18:00,357070,Nevados de Chillan,VIIRS375,0.2549,0.38,1,muy baja,2026-10-05T18:06:10,mirova-archivo,1
2020-01-25T06:06:00,357070,Nevados de Chillan,VIIRS375,0.08546,0.38,1,muy baja,2026-10-05T18:06:10,mirova-archivo,1
2020-01-26T05:00:00,357070,Nevados de Chillan,VIIRS375,0.7667,0.53,1,muy baja,2026-10-05T18:06:10,mirova-archivo,1
2020-01-26T05:48:00,357070,Nevados de Chillan,VIIRS375,0.1858,0.38,1,muy baja,2026-10-05T18:06:10,mirova-archivo,1
2020-01-27T04:36:00,357070,Nevados de Chillan,VIIRS375,0.1142,1.88,1,muy baja,2026-10-05T18:06:10,mirova-archivo,1
2020-01-27T05:30:00,357070,Nevados de Chillan,VIIRS375,0.1534,0.38,1,muy baja,2026-10-05T18:06:10,mirova-archivo,1
2020-01-27T06:18:00,357070,Nevados de Chillan,VIIRS375,0.1884,0.75,1,muy baja,2026-10-05T18:06:10,mirova-archivo,1
2020-01-28T05:12:00,357070,Nevados de Chillan,VIIRS375,0.06484,0.53,1,muy baja,2026-10-05T18:06:10,mirova-archivo,1
2020-01-28T06:00:00,357070,Nevados de Chillan,VIIRS375,0.1631,0.38,1,muy baja,2026-10-05T18:06:10,mirova-archivo,1
2020-01-29T03:30:00,357070,Nevados de Chillan,MODIS,0.5623,1.00,1,muy baja,2026-10-05T18:06:10,mirova-archivo,1
2020-01-29T04:54:00,357070,Nevados de Chillan,VIIRS375,3.042,1.35,1,baja,2026-10-05T18:06:10,mirova-archivo,1
2020-01-29T05:42:00,357070,Nevados de Chillan,VIIRS375,1.375,0.53,1,baja,2026-10-05T18:06:10,mirova-archivo,1
2020-01-29T06:30:00,357070,Nevados de Chillan,VIIRS375,0.3691,0.53,1,muy baja,2026-10-05T18:06:10,mirova-archivo,1
2020-01-30T04:30:00,357070,Nevados de Chillan,VIIRS375,0.0685,1.68,1,muy baja,2026-10-05T18:06:10,mirova-archivo,1
2020-01-30T05:24:00,357070,Nevados de Chillan,VIIRS375,0.3174,0.53,1,muy baja,2026-10-05T18:06:10,mirova-archivo,1
2020-01-30T06:12:00,357070,Nevados de Chillan,VIIRS375,0.203,0.75,1,muy baja,2026-10-05T18:06:10,mirova-archivo,1
2020-01-31T03:15:00,357070,Nevados de Chillan,MODIS,1.065,1.41,1,baja,2026-10-05T18:06:10,mirova-archivo,1
2020-01-31T05:06:00,357070,Nevados de Chillan,VIIRS375,1.939,1.19,1,baja,2026-10-05T18:06:10,mirova-archivo,1
2020-01-31T05:54:00,357070,Nevados de Chillan,VIIRS375,1.439,0.38,1,baja,2026-10-05T18:06:10,mirova-archivo,1
2020-01-31T06:42:00,357070,Nevados de Chillan,VIIRS375,0.6018,0.84,1,muy baja,2026-10-05T18:06:10,mirova-archivo,1
2020-02-01T04:42:00,357070,Nevados de Chillan,VIIRS375,0.5402,1.35,1,muy baja,2026-10-05T18:06:10,mirova-archivo,1
2020-02-01T05:36:00,357070,Nevados de Chillan,VIIRS375,1.677,0.53,1,baja,2026-10-05T18:06:10,mirova-archivo,1
2020-02-01T06:24:00,357070,Nevados de Chillan,VIIRS375,0.9277,0.84,1,muy baja,2026-10-05T18:06:10,mirova-archivo,1
2020-02-02T05:18:00,357070,Nevados de Chillan,VIIRS375,1.062,0.53,1,baja,2026-10-05T18:06:10,mirova-archivo,1
2020-02-02T06:06:00,357070,Nevados de Chillan,VIIRS375,1.416,21.87,0,fuera de radio,2026-10-05T18:06:10,mirova-archivo,1
2020-02-03T03:45:00,357070,Nevados de Chillan,MODIS,2.114,1.00,1,baja,2026-10-05T18:06:10,mirova-archivo,1
2020-02-03T05:00:00,357070,Nevados de Chillan,VIIRS375,0.5306,1.06,1,muy baja,2026-10-05T18:06:10,mirova-archivo,1
2020-02-03T05:48:00,357070,Nevados de Chillan,VIIRS375,1.082,0.75,1,baja,2026-10-05T18:06:10,mirova-archivo,1
2020-02-03T06:36:00,357070,Nevados de Chillan,VIIRS375,0.2368,0.75,1,muy baja,2026-10-05T18:06:10,mirova-archivo,1
2020-02-04T05:30:00,357070,Nevados de Chillan,VIIRS375,1.078,0.53,1,baja,2026-10-05T18:06:10,mirova-archivo,1
2020-02-04T06:18:00,357070,Nevados de Chillan,VIIRS375,1.7,1.12,1,baja,2026-10-05T18:06:10,mirova-archivo,1
2020-02-05T06:00:00,357070,Nevados de Chillan,VIIRS375,0.1348,0.38,1,muy baja,2026-10-05T18:06:10,mirova-archivo,1
2020-02-07T05:24:00,357070,Nevados de Chillan,VIIRS375,0.07514,0.00,1,muy baja,2026-10-05T18:06:10,mirova-archivo,1
2020-02-11T05:48:00,357070,Nevados de Chillan,VIIRS375,0.07851,0.38,1,muy baja,2026-10-05T18:06:10,mirova-archivo,1
2020-02-11T06:36:00,357070,Nevados de Chillan,VIIRS375,0.06234,0.38,1,muy baja,2026-10-05T18:06:10,mirova-archivo,1
2020-02-12T05:30:00,357070,Nevados de Chillan,VIIRS375,0.2044,0.00,1,muy baja,2026-10-05T18:06:10,mirova-archivo,1
2020-02-12T06:18:00,357070,Nevados de Chillan,VIIRS375,0.06952,0.38,1,muy baja,2026-10-05T18:06:10,mirova-archivo,1
2020-02-13T06:00:00,357070,Nevados de Chillan,VIIRS375,0.1612,0.84,1,muy baja,2026-10-05T18:06:10,mirova-archivo,1
2020-02-14T04:54:00,357070,Nevados de Chillan,VIIRS375,1.181,1.06,1,baja,2026-10-05T18:06:10,mirova-archivo,1
2020-02-14T05:42:00,357070,Nevados de Chillan,VIIRS375,1.12,28.58,0,no volcanica,2026-10-05T18:06:10,mirova-archivo,0
2020-02-14T06:30:00,357070,Nevados de Chillan,VIIRS375,0.1711,0.53,1,muy baja,2026-10-05T18:06:10,mirova-archivo,1
2020-02-15T04:36:00,357070,Nevados de Chillan,VIIRS375,4.477,21.80,0,no volcanica,2026-10-05T18:06:10,mirova-archivo,0
2020-02-15T06:12:00,357070,Nevados de Chillan,VIIRS375,0.05954,0.38,1,muy baja,2026-10-05T18:06:10,mirova-archivo,1
2020-02-16T05:06:00,357070,Nevados de Chillan,VIIRS375,0.06035,0.00,1,muy baja,2026-10-05T18:06:10,mirova-archivo,1
2020-02-16T05:54:00,357070,Nevados de Chillan,VIIRS375,0.7722,19.12,0,no volcanica,2026-10-05T18:06:10,mirova-archivo,0
2020-02-17T04:42:00,357070,Nevados de Chillan,VIIRS375,0.5303,21.54,0,no volcanica,2026-10-05T18:06:10,mirova-archivo,0
2020-02-18T05:18:00,357070,Nevados de Chillan,VIIRS375,0.08024,0.00,1,muy baja,2026-10-05T18:06:10,mirova-archivo,1
2020-02-18T06:06:00,357070,Nevados de Chillan,VIIRS375,0.1981,0.38,1,muy baja,2026-10-05T18:06:10,mirova-archivo,1
2020-02-19T05:00:00,357070,Nevados de Chillan,VIIRS375,3.296,13.65,0,no volcanica,2026-10-05T18:06:10,mirova-archivo,0
2020-02-19T05:48:00,357070,Nevados de Chillan,VIIRS375,0.7489,0.53,1,muy baja,2026-10-05T18:06:10,mirova-archivo,1
2020-02-20T06:18:00,357070,Nevados de Chillan,VIIRS375,0.1596,0.38,1,muy baja,2026-10-05T18:06:10,mirova-archivo,1
2020-02-21T05:12:00,357070,Nevados de Chillan,VIIRS375,0.1742,0.38,1,muy baja,2026-10-05T18:06:10,mirova-archivo,1
2020-02-21T06:00:00,357070,Nevados de Chillan,VIIRS375,0.06839,0.00,1,muy baja,2026-10-05T18:06:10,mirova-archivo,1
2020-02-22T05:42:00,357070,Nevados de Chillan,VIIRS375,0.1021,0.00,1,muy baja,2026-10-05T18:06:10,mirova-archivo,1
2020-02-23T05:24:00,357070,Nevados de Chillan,VIIRS375,0.09898,0.38,1,muy baja,2026-10-05T18:06:10,mirova-archivo,1
2020-02-23T06:12:00,357070,Nevados de Chillan,VIIRS375,0.09217,0.38,1,muy baja,2026-10-05T18:06:10,mirova-archivo,1
2020-02-25T05:36:00,357070,Nevados de Chillan,VIIRS375,0.1915,0.38,1,muy baja,2026-10-05T18:06:10,mirova-archivo,1
2020-02-25T06:24:00,357070,Nevados de Chillan,VIIRS375,0.1138,0.53,1,muy baja,2026-10-05T18:06:10,mirova-archivo,1
2020-02-26T05:18:00,357070,Nevados de Chillan,VIIRS375,0.165,0.38,1,muy baja,2026-10-05T18:06:10,mirova-archivo,1
2020-02-26T06:06:00,357070,Nevados de Chillan,VIIRS375,0.07353,0.38,1,muy baja,2026-10-05T18:06:10,mirova-archivo,1
2020-02-27T05:00:00,357070,Nevados de Chillan,VIIRS375,0.2012,0.38,1,muy baja,2026-10-05T18:06:10,mirova-archivo,1
2020-02-27T05:48:00,357070,Nevados de Chillan,VIIRS375,0.3097,0.38,1,muy baja,2026-10-05T18:06:10,mirova-archivo,1
2020-02-27T06:36:00,357070,Nevados de Chillan,VIIRS375,0.07441,0.75,1,muy baja,2026-10-05T18:06:10,mirova-archivo,1
2020-02-27T18:06:00,357070,Nevados de Chillan,VIIRS750,52.47,15.09,0,no volcanica,2026-10-05T18:06:10,mirova-archivo,0
2020-02-28T05:30:00,357070,Nevados de Chillan,VIIRS375,0.359,0.53,1,muy baja,2026-10-05T18:06:10,mirova-archivo,1
2020-02-28T06:18:00,357070,Nevados de Chillan,VIIRS375,0.2093,0.84,1,muy baja,2026-10-05T18:06:10,mirova-archivo,1
2020-02-29T05:12:00,357070,Nevados de Chillan,VIIRS375,0.818,14.93,0,no volcanica,2026-10-05T18:06:10,mirova-archivo,0
2020-02-29T06:00:00,357070,Nevados de Chillan,VIIRS375,0.1158,0.00,1,muy baja,2026-10-05T18:06:10,mirova-archivo,1
2020-03-01T04:54:00,357070,Nevados de Chillan,VIIRS375,0.05314,0.53,1,muy baja,2026-10-05T18:06:10,mirova-archivo,1
2020-03-01T05:42:00,357070,Nevados de Chillan,VIIRS375,0.1536,0.00,1,muy baja,2026-10-05T18:06:10,mirova-archivo,1
2020-03-01T06:30:00,357070,Nevados de Chillan,VIIRS375,0.223,0.53,1,muy baja,2026-10-05T18:06:10,mirova-archivo,1
2020-03-02T05:24:00,357070,Nevados de Chillan,VIIRS375,0.1196,0.00,1,muy baja,2026-10-05T18:06:10,mirova-archivo,1
2020-03-02T06:12:00,357070,Nevados de Chillan,VIIRS375,0.1111,0.53,1,muy baja,2026-10-05T18:06:10,mirova-archivo,1
2020-03-03T05:06:00,357070,Nevados de Chillan,VIIRS375,0.09384,0.00,1,muy baja,2026-10-05T18:06:10,mirova-archivo,1
2020-03-03T05:54:00,357070,Nevados de Chillan,VIIRS375,0.274,0.53,1,muy baja,2026-10-05T18:06:10,mirova-archivo,1
2020-03-04T05:36:00,357070,Nevados de Chillan,VIIRS375,0.3379,0.38,1,muy baja,2026-10-05T18:06:10,mirova-archivo,1
2020-03-04T06:24:00,357070,Nevados de Chillan,VIIRS375,0.08549,0.53,1,muy baja,2026-10-05T18:06:10,mirova-archivo,1
2020-03-05T05:18:00,357070,Nevados de Chillan,VIIRS375,0.2783,0.38,1,muy baja,2026-10-05T18:06:10,mirova-archivo,1
2020-03-05T06:06:00,357070,Nevados de Chillan,VIIRS375,0.3484,0.53,1,muy baja,2026-10-05T18:06:10,mirova-archivo,1
2020-03-06T05:00:00,357070,Nevados de Chillan,VIIRS375,0.3966,0.53,1,muy baja,2026-10-05T18:06:10,mirova-archivo,1
2020-03-06T05:48:00,357070,Nevados de Chillan,VIIRS375,0.3419,0.53,1,muy baja,2026-10-05T18:06:10,mirova-archivo,1
2020-03-07T05:30:00,357070,Nevados de Chillan,VIIRS375,0.1261,0.38,1,muy baja,2026-10-05T18:06:10,mirova-archivo,1
2020-03-08T05:12:00,357070,Nevados de Chillan,VIIRS375,0.3162,0.38,1,muy baja,2026-10-05T18:06:10,mirova-archivo,1
2020-03-08T06:00:00,357070,Nevados de Chillan,VIIRS375,0.2888,0.53,1,muy baja,2026-10-05T18:06:10,mirova-archivo,1
2020-03-09T04:54:00,357070,Nevados de Chillan,VIIRS375,0.1429,0.53,1,muy baja,2026-10-05T18:06:10,mirova-archivo,1
2020-03-09T05:42:00,357070,Nevados de Chillan,VIIRS375,0.3386,0.38,1,muy baja,2026-10-05T18:06:10,mirova-archivo,1
2020-03-09T06:30:00,357070,Nevados de Chillan,VIIRS375,0.9318,22.66,0,no volcanica,2026-10-05T18:06:10,mirova-archivo,0
2020-03-09T18:54:00,357070,Nevados de Chillan,VIIRS750,82.29,29.21,0,no volcanica,2026-10-05T18:06:10,mirova-archivo,0
2020-03-10T05:24:00,357070,Nevados de Chillan,VIIRS375,0.2336,0.38,1,muy baja,2026-10-05T18:06:10,mirova-archivo,1
2020-03-11T19:06:00,357070,Nevados de Chillan,VIIRS750,151.6,26.85,0,no volcanica,2026-10-05T18:06:10,mirova-archivo,0
2020-03-12T03:10:00,357070,Nevados de Chillan,MODIS,24.56,26.63,0,no volcanica,2026-10-05T18:06:10,mirova-archivo,0
2020-03-12T04:48:00,357070,Nevados de Chillan,VIIRS750,18.53,26.85,0,no volcanica,2026-10-05T18:06:10,mirova-archivo,0
2020-03-12T05:36:00,357070,Nevados de Chillan,VIIRS750,12.5,26.25,0,no volcanica,2026-10-05T18:06:10,mirova-archivo,0
2020-03-12T06:24:00,357070,Nevados de Chillan,VIIRS375,0.1101,0.53,1,muy baja,2026-10-05T18:06:10,mirova-archivo,1
2020-03-13T05:18:00,357070,Nevados de Chillan,VIIRS375,3.795,26.78,0,no volcanica,2026-10-05T18:06:10,mirova-archivo,0
2020-03-13T06:06:00,357070,Nevados de Chillan,VIIRS375,0.969,26.18,0,no volcanica,2026-10-05T18:06:10,mirova-archivo,0
2020-03-14T05:00:00,357070,Nevados de Chillan,VIIRS375,0.1203,0.38,1,muy baja,2026-10-05T18:06:10,mirova-archivo,1
2020-03-14T05:48:00,357070,Nevados de Chillan,VIIRS375,0.3297,0.53,1,muy baja,2026-10-05T18:06:10,mirova-archivo,1
2020-03-14T06:36:00,357070,Nevados de Chillan,VIIRS375,0.2141,0.84,1,muy baja,2026-10-05T18:06:10,mirova-archivo,1
2020-03-15T05:30:00,357070,Nevados de Chillan,VIIRS375,1.148,25.81,0,no volcanica,2026-10-05T18:06:10,mirova-archivo,0
2020-03-15T06:18:00,357070,Nevados de Chillan,VIIRS375,0.1882,0.53,1,muy baja,2026-10-05T18:06:10,mirova-archivo,1
2020-03-16T06:00:00,357070,Nevados de Chillan,VIIRS375,0.2294,0.53,1,muy baja,2026-10-05T18:06:10,mirova-archivo,1
2020-03-18T05:24:00,357070,Nevados de Chillan,VIIRS375,0.2178,0.38,1,muy baja,2026-10-05T18:06:10,mirova-archivo,1
2020-03-20T05:36:00,357070,Nevados de Chillan,VIIRS375,0.3153,0.38,1,muy baja,2026-10-05T18:06:10,mirova-archivo,1
2020-03-20T06:24:00,357070,Nevados de Chillan,VIIRS375,1.868,0.84,1,baja,2026-10-05T18:06:10,mirova-archivo,1
2020-03-21T05:18:00,357070,Nevados de Chillan,VIIRS375,0.1027,0.00,1,muy baja,2026-10-05T18:06:10,mirova-archivo,1
2020-03-21T06:06:00,357070,Nevados de Chillan,VIIRS375,1.15,21.87,0,no volcanica,2026-10-05T18:06:10,mirova-archivo,0
2020-03-25T05:42:00,357070,Nevados de Chillan,VIIRS375,0.3295,0.38,1,muy baja,2026-10-05T18:06:10,mirova-archivo,1
2020-03-25T06:30:00,357070,Nevados de Chillan,VIIRS375,0.7783,1.06,1,muy baja,2026-10-05T18:06:10,mirova-archivo,1
2020-03-29T06:06:00,357070,Nevados de Chillan,VIIRS375,0.03771,0.38,1,muy baja,2026-10-05T18:06:10,mirova-archivo,1
2020-03-30T19:00:00,357070,Nevados de Chillan,VIIRS750,55.9,18.12,0,no volcanica,2026-10-05T18:06:10,mirova-archivo,0
2020-03-31T03:40:00,357070,Nevados de Chillan,MODIS,17.21,18.79,0,no volcanica,2026-10-05T18:06:10,mirova-archivo,0
2020-03-31T04:36:00,357070,Nevados de Chillan,VIIRS375,0.2907,1.35,1,muy baja,2026-10-05T18:06:10,mirova-archivo,1
2020-03-31T05:30:00,357070,Nevados de Chillan,VIIRS375,5.937,18.66,0,no volcanica,2026-10-05T18:06:10,mirova-archivo,0
2020-03-31T06:18:00,357070,Nevados de Chillan,VIIRS375,3.199,18.62,0,no volcanica,2026-10-05T18:06:10,mirova-archivo,0
2020-03-31T18:42:00,357070,Nevados de Chillan,VIIRS750,97.01,18.81,0,no volcanica,2026-10-05T18:06:10,mirova-archivo,0
2020-04-01T05:12:00,357070,Nevados de Chillan,VIIRS375,0.1809,0.38,1,muy baja,2026-10-05T18:06:10,mirova-archivo,1
2020-04-02T03:30:00,357070,Nevados de Chillan,MODIS,14.46,1.41,1,moderada,2026-10-05T18:06:10,mirova-archivo,1
2020-04-02T04:54:00,357070,Nevados de Chillan,VIIRS375,2.261,1.35,1,baja,2026-10-05T18:06:10,mirova-archivo,1
2020-04-02T05:42:00,357070,Nevados de Chillan,VIIRS375,3.099,18.81,0,fuera de radio,2026-10-05T18:06:10,mirova-archivo,1
2020-04-02T06:30:00,357070,Nevados de Chillan,VIIRS750,5.465,18.52,0,no volcanica,2026-10-05T18:06:10,mirova-archivo,0
2020-04-03T05:24:00,357070,Nevados de Chillan,VIIRS375,0.19,0.38,1,muy baja,2026-10-05T18:06:10,mirova-archivo,1
2020-04-03T06:12:00,357070,Nevados de Chillan,VIIRS375,0.3794,18.17,0,no volcanica,2026-10-05T18:06:10,mirova-archivo,0
2020-04-05T05:36:00,357070,Nevados de Chillan,VIIRS375,0.1538,0.00,1,muy baja,2026-10-05T18:06:10,mirova-archivo,1
2020-04-05T06:24:00,357070,Nevados de Chillan,VIIRS375,0.05259,0.38,1,muy baja,2026-10-05T18:06:10,mirova-archivo,1
2020-04-06T05:18:00,357070,Nevados de Chillan,VIIRS375,0.3981,0.53,1,muy baja,2026-10-05T18:06:10,mirova-archivo,1
2020-04-06T06:06:00,357070,Nevados de Chillan,VIIRS375,1.05,0.84,1,baja,2026-10-05T18:06:10,mirova-archivo,1
2020-04-07T05:00:00,357070,Nevados de Chillan,VIIRS375,0.1603,0.53,1,muy baja,2026-10-05T18:06:10,mirova-archivo,1
2020-04-08T05:30:00,357070,Nevados de Chillan,VIIRS375,0.04664,0.38,1,muy baja,2026-10-05T18:06:10,mirova-archivo,1
2020-04-08T06:10:00,357070,Nevados de Chillan,MODIS,27.16,1.41,1,moderada,2026-10-05T18:06:10,mirova-archivo,1
2020-04-08T06:18:00,357070,Nevados de Chillan,VIIRS750,12.37,1.68,1,moderada,2026-10-05T18:06:10,mirova-archivo,1
2020-04-09T03:35:00,357070,Nevados de Chillan,MODIS,5.002,1.41,1,baja,2026-10-05T18:06:10,mirova-archivo,1
2020-04-09T05:12:00,357070,Nevados de Chillan,VIIRS375,3.31,0.75,1,baja,2026-10-05T18:06:10,mirova-archivo,1
2020-04-09T06:00:00,357070,Nevados de Chillan,VIIRS375,1.736,0.84,1,baja,2026-10-05T18:06:10,mirova-archivo,1
2020-04-09T06:48:00,357070,Nevados de Chillan,VIIRS375,0.3828,0.84,1,muy baja,2026-10-05T18:06:10,mirova-archivo,1
2020-04-10T05:42:00,357070,Nevados de Chillan,VIIRS375,1.112,6.01,0,no volcanica,2026-10-05T18:06:10,mirova-archivo,0
2020-04-10T06:30:00,357070,Nevados de Chillan,VIIRS375,0.4179,0.84,1,muy baja,2026-10-05T18:06:10,mirova-archivo,1
2020-04-10T18:54:00,357070,Nevados de Chillan,VIIRS750,67.57,23.96,0,no volcanica,2026-10-05T18:06:10,mirova-archivo,0
2020-04-11T04:30:00,357070,Nevados de Chillan,VIIRS375,5.586,2.28,1,baja,2026-10-05T18:06:10,mirova-archivo,1
2020-04-11T05:00:00,357070,Nevados de Chillan,MODIS,0.5074,2.00,1,muy baja,2026-10-05T18:06:10,mirova-archivo,1
2020-04-11T05:24:00,357070,Nevados de Chillan,VIIRS375,3.242,0.53,1,baja,2026-10-05T18:06:10,mirova-archivo,1
2020-04-11T06:12:00,357070,Nevados de Chillan,VIIRS375,0.3299,1.06,1,muy baja,2026-10-05T18:06:10,mirova-archivo,1
2020-04-12T05:06:00,357070,Nevados de Chillan,VIIRS375,2.603,26.25,0,no volcanica,2026-10-05T18:06:10,mirova-archivo,0
2020-04-12T05:54:00,357070,Nevados de Chillan,VIIRS375,0.6568,0.84,1,muy baja,2026-10-05T18:06:10,mirova-archivo,1
2020-04-12T06:48:00,357070,Nevados de Chillan,VIIRS375,0.06861,0.75,1,muy baja,2026-10-05T18:06:10,mirova-archivo,1
2020-04-13T04:48:00,357070,Nevados de Chillan,VIIRS750,11.82,2.37,1,moderada,2026-10-05T18:06:10,mirova-archivo,1
2020-04-13T05:36:00,357070,Nevados de Chillan,VIIRS375,2.757,0.53,1,baja,2026-10-05T18:06:10,mirova-archivo,1
2020-04-13T06:24:00,357070,Nevados de Chillan,VIIRS375,0.5362,0.84,1,muy baja,2026-10-05T18:06:10,mirova-archivo,1
2020-04-14T05:18:00,357070,Nevados de Chillan,VIIRS375,2.501,24.45,0,no volcanica,2026-10-05T18:06:10,mirova-archivo,0
2020-04-14T06:06:00,357070,Nevados de Chillan,VIIRS375,0.194,0.38,1,muy baja,2026-10-05T18:06:10,mirova-archivo,1
2020-04-16T05:20:00,357070,Nevados de Chillan,MODIS,1.684,24.21,0,no volcanica,2026-10-05T18:06:10,mirova-archivo,0
2020-04-16T05:30:00,357070,Nevados de Chillan,VIIRS750,24.42,24.01,0,no volcanica,2026-10-05T18:06:10,mirova-archivo,0
2020-04-16T06:18:00,357070,Nevados de Chillan,VIIRS750,33.34,24.49,0,no volcanica,2026-10-05T18:06:10,mirova-archivo,0
2020-04-17T05:12:00,357070,Nevados de Chillan,VIIRS375,6.859,22.66,0,no volcanica,2026-10-05T18:06:10,mirova-archivo,0
2020-04-17T06:00:00,357070,Nevados de Chillan,MODIS,10.41,22.80,0,no volcanica,2026-10-05T18:06:10,mirova-archivo,0
2020-04-17T06:00:00,357070,Nevados de Chillan,VIIRS750,11.58,22.86,0,no volcanica,2026-10-05T18:06:10,mirova-archivo,0
2020-04-18T04:54:00,357070,Nevados de Chillan,VIIRS750,144.9,2.25,1,alta,2026-10-05T18:06:10,mirova-archivo,1
2020-04-18T05:42:00,357070,Nevados de Chillan,VIIRS750,21.34,1.06,1,moderada,2026-10-05T18:06:10,mirova-archivo,1
2020-04-18T06:30:00,357070,Nevados de Chillan,VIIRS375,6.079,1.19,1,baja,2026-10-05T18:06:10,mirova-archivo,1
2020-04-18T18:00:00,357070,Nevados de Chillan,VIIRS750,302,22.16,0,no volcanica,2026-10-05T18:06:10,mirova-archivo,0
2020-04-19T05:24:00,357070,Nevados de Chillan,VIIRS375,2.707,21.73,0,no volcanica,2026-10-05T18:06:10,mirova-archivo,0
2020-04-20T03:15:00,357070,Nevados de Chillan,MODIS,3.276,1.41,1,baja,2026-10-05T18:06:10,mirova-archivo,1
2020-04-20T05:06:00,357070,Nevados de Chillan,VIIRS375,0.5492,0.84,1,muy baja,2026-10-05T18:06:10,mirova-archivo,1
2020-04-20T05:54:00,357070,Nevados de Chillan,VIIRS375,0.2864,0.53,1,muy baja,2026-10-05T18:06:10,mirova-archivo,1
2020-04-20T18:35:00,357070,Nevados de Chillan,MODIS,181.6,21.02,0,no volcanica,2026-10-05T18:06:10,mirova-archivo,0
2020-04-21T04:00:00,357070,Nevados de Chillan,MODIS,13.66,2.00,1,moderada,2026-10-05T18:06:10,mirova-archivo,1
2020-04-21T05:35:00,357070,Nevados de Chillan,MODIS,11.07,21.02,0,no volcanica,2026-10-05T18:06:10,mirova-archivo,0
2020-04-21T05:36:00,357070,Nevados de Chillan,VIIRS750,10.39,20.80,0,no volcanica,2026-10-05T18:06:10,mirova-archivo,0
2020-04-21T06:24:00,357070,Nevados de Chillan,VIIRS375,3.848,0.84,1,baja,2026-10-05T18:06:10,mirova-archivo,1
2020-04-22T05:18:00,357070,Nevados de Chillan,VIIRS375,0.2979,0.38,1,muy baja,2026-10-05T18:06:10,mirova-archivo,1
2020-04-22T06:06:00,357070,Nevados de Chillan,VIIRS375,0.1056,0.53,1,muy baja,2026-10-05T18:06:10,mirova-archivo,1
2020-04-26T04:54:00,357070,Nevados de Chillan,VIIRS375,0.6804,0.84,1,muy baja,2026-10-05T18:06:10,mirova-archivo,1
2020-04-26T05:42:00,357070,Nevados de Chillan,VIIRS750,11.81,0.75,1,moderada,2026-10-05T18:06:10,mirova-archivo,1
2020-04-26T05:55:00,357070,Nevados de Chillan,MODIS,3.811,1.00,1,baja,2026-10-05T18:06:10,mirova-archivo,1
2020-04-26T06:30:00,357070,Nevados de Chillan,VIIRS375,1.243,0.84,1,baja,2026-10-05T18:06:10,mirova-archivo,1
2020-04-29T04:48:00,357070,Nevados de Chillan,VIIRS375,0.2723,0.84,1,muy baja,2026-10-05T18:06:10,mirova-archivo,1
2020-04-29T05:36:00,357070,Nevados de Chillan,VIIRS375,0.1178,0.53,1,muy baja,2026-10-05T18:06:10,mirova-archivo,1
2020-04-29T06:24:00,357070,Nevados de Chillan,VIIRS375,0.1147,0.84,1,muy baja,2026-10-05T18:06:10,mirova-archivo,1
2020-05-01T05:00:00,357070,Nevados de Chillan,VIIRS375,0.076,0.38,1,muy baja,2026-10-05T18:06:10,mirova-archivo,1
2020-05-01T05:48:00,357070,Nevados de Chillan,VIIRS375,0.3044,0.53,1,muy baja,2026-10-05T18:06:10,mirova-archivo,1
2020-05-02T05:30:00,357070,Nevados de Chillan,VIIRS375,0.1791,0.38,1,muy baja,2026-10-05T18:06:10,mirova-archivo,1
2020-05-02T06:18:00,357070,Nevados de Chillan,VIIRS375,0.2129,0.53,1,muy baja,2026-10-05T18:06:10,mirova-archivo,1
2020-05-03T06:00:00,357070,Nevados de Chillan,VIIRS375,0.05648,0.00,1,muy baja,2026-10-05T18:06:10,mirova-archivo,1
2020-05-05T05:24:00,357070,Nevados de Chillan,VIIRS375,0.04854,0.38,1,muy baja,2026-10-05T18:06:10,mirova-archivo,1
2020-05-05T06:12:00,357070,Nevados de Chillan,VIIRS375,0.1868,0.38,1,muy baja,2026-10-05T18:06:10,mirova-archivo,1
2020-05-06T05:06:00,357070,Nevados de Chillan,VIIRS375,0.8926,17.27,0,no volcanica,2026-10-05T18:06:10,mirova-archivo,0
2020-05-06T05:54:00,357070,Nevados de Chillan,VIIRS375,0.512,24.90,0,no volcanica,2026-10-05T18:06:10,mirova-archivo,0
2020-05-06T06:42:00,357070,Nevados de Chillan,VIIRS375,0.1734,0.84,1,muy baja,2026-10-05T18:06:10,mirova-archivo,1
2020-05-07T05:36:00,357070,Nevados de Chillan,VIIRS375,0.3117,0.38,1,muy baja,2026-10-05T18:06:10,mirova-archivo,1
2020-05-07T06:24:00,357070,Nevados de Chillan,VIIRS375,0.1708,0.53,1,muy baja,2026-10-05T18:06:10,mirova-archivo,1
2020-05-07T17:54:00,357070,Nevados de Chillan,VIIRS750,53.05,11.86,0,no volcanica,2026-10-05T18:06:10,mirova-archivo,0
2020-05-08T05:18:00,357070,Nevados de Chillan,VIIRS375,0.1903,0.00,1,muy baja,2026-10-05T18:06:10,mirova-archivo,1
2020-05-08T06:06:00,357070,Nevados de Chillan,VIIRS375,0.1822,0.53,1,muy baja,2026-10-05T18:06:10,mirova-archivo,1
2020-05-11T05:12:00,357070,Nevados de Chillan,VIIRS375,0.227,0.53,1,muy baja,2026-10-05T18:06:10,mirova-archivo,1
2020-05-11T06:00:00,357070,Nevados de Chillan,VIIRS375,0.1368,0.53,1,muy baja,2026-10-05T18:06:10,mirova-archivo,1
2020-05-12T05:42:00,357070,Nevados de Chillan,VIIRS375,0.1642,0.53,1,muy baja,2026-10-05T18:06:10,mirova-archivo,1
2020-05-13T05:24:00,357070,Nevados de Chillan,VIIRS375,0.04867,0.38,1,muy baja,2026-10-05T18:06:10,mirova-archivo,1
2020-05-13T06:12:00,357070,Nevados de Chillan,VIIRS375,0.2785,0.53,1,muy baja,2026-10-05T18:06:10,mirova-archivo,1
2020-05-16T05:18:00,357070,Nevados de Chillan,VIIRS375,0.4046,0.38,1,muy baja,2026-10-05T18:06:10,mirova-archivo,1
2020-05-16T06:06:00,357070,Nevados de Chillan,VIIRS375,0.6912,0.53,1,muy baja,2026-10-05T18:06:10,mirova-archivo,1
2020-05-17T05:00:00,357070,Nevados de Chillan,VIIRS375,0.3881,12.89,0,no volcanica,2026-10-05T18:06:10,mirova-archivo,0
2020-05-17T05:48:00,357070,Nevados de Chillan,VIIRS750,7.553,16.50,0,no volcanica,2026-10-05T18:06:10,mirova-archivo,0
2020-05-17T06:15:00,357070,Nevados de Chillan,MODIS,4.523,16.03,0,no volcanica,2026-10-05T18:06:10,mirova-archivo,0
2020-05-17T06:36:00,357070,Nevados de Chillan,VIIRS750,7.494,16.50,0,no volcanica,2026-10-05T18:06:10,mirova-archivo,0
2020-05-18T05:30:00,357070,Nevados de Chillan,VIIRS375,0.08941,0.00,1,muy baja,2026-10-05T18:06:10,mirova-archivo,1
2020-05-21T05:24:00,357070,Nevados de Chillan,VIIRS375,0.1042,0.38,1,muy baja,2026-10-05T18:06:10,mirova-archivo,1
2020-05-21T06:12:00,357070,Nevados de Chillan,VIIRS375,0.297,0.84,1,muy baja,2026-10-05T18:06:10,mirova-archivo,1
2020-05-22T05:54:00,357070,Nevados de Chillan,VIIRS375,0.4074,0.53,1,muy baja,2026-10-05T18:06:10,mirova-archivo,1
2020-05-22T06:42:00,357070,Nevados de Chillan,VIIRS375,0.5233,1.19,1,muy baja,2026-10-05T18:06:10,mirova-archivo,1
2020-05-23T05:36:00,357070,Nevados de Chillan,VIIRS375,0.3288,0.38,1,muy baja,2026-10-05T18:06:10,mirova-archivo,1
2020-05-23T06:24:00,357070,Nevados de Chillan,VIIRS375,0.6007,0.84,1,muy baja,2026-10-05T18:06:10,mirova-archivo,1
2020-05-25T05:00:00,357070,Nevados de Chillan,VIIRS375,0.1657,0.38,1,muy baja,2026-10-05T18:06:10,mirova-archivo,1
2020-05-25T05:48:00,357070,Nevados de Chillan,VIIRS375,0.38,0.53,1,muy baja,2026-10-05T18:06:10,mirova-archivo,1
2020-05-25T06:36:00,357070,Nevados de Chillan,VIIRS375,0.4052,0.84,1,muy baja,2026-10-05T18:06:10,mirova-archivo,1
2020-05-26T05:30:00,357070,Nevados de Chillan,VIIRS375,0.6906,11.28,0,no volcanica,2026-10-05T18:06:10,mirova-archivo,0
2020-05-31T06:24:00,357070,Nevados de Chillan,VIIRS375,0.2063,0.53,1,muy baja,2026-10-05T18:06:10,mirova-archivo,1
2020-06-01T06:06:00,357070,Nevados de Chillan,VIIRS375,0.1432,0.53,1,muy baja,2026-10-05T18:06:10,mirova-archivo,1
2020-06-03T06:18:00,357070,Nevados de Chillan,VIIRS375,0.2269,23.44,0,no volcanica,2026-10-05T18:06:10,mirova-archivo,0
2020-06-04T06:00:00,357070,Nevados de Chillan,MODIS,2.567,1.00,1,baja,2026-10-05T18:06:10,mirova-archivo,1
2020-06-04T06:00:00,357070,Nevados de Chillan,VIIRS375,3.089,1.06,1,baja,2026-10-05T18:06:10,mirova-archivo,1
2020-06-05T04:54:00,357070,Nevados de Chillan,VIIRS375,0.1933,0.53,1,muy baja,2026-10-05T18:06:10,mirova-archivo,1
2020-06-05T05:42:00,357070,Nevados de Chillan,VIIRS375,0.1993,0.53,1,muy baja,2026-10-05T18:06:10,mirova-archivo,1
2020-06-05T06:30:00,357070,Nevados de Chillan,VIIRS375,0.1039,0.53,1,muy baja,2026-10-05T18:06:10,mirova-archivo,1
2020-06-10T03:45:00,357070,Nevados de Chillan,MODIS,5.897,1.41,1,baja,2026-10-05T18:06:10,mirova-archivo,1
2020-06-10T05:00:00,357070,Nevados de Chillan,VIIRS375,8.437,0.84,1,baja,2026-10-05T18:06:10,mirova-archivo,1
2020-06-10T05:25:00,357070,Nevados de Chillan,MODIS,4.907,2.24,1,baja,2026-10-05T18:06:10,mirova-archivo,1
2020-06-10T05:48:00,357070,Nevados de Chillan,VIIRS750,5.841,1.06,1,baja,2026-10-05T18:06:10,mirova-archivo,1
2020-06-10T06:36:00,357070,Nevados de Chillan,VIIRS750,13.16,2.37,1,moderada,2026-10-05T18:06:10,mirova-archivo,1
2020-06-13T04:15:00,357070,Nevados de Chillan,MODIS,2.189,1.41,1,baja,2026-10-05T18:06:10,mirova-archivo,1
2020-06-13T04:54:00,357070,Nevados de Chillan,VIIRS375,2.25,1.12,1,baja,2026-10-05T18:06:10,mirova-archivo,1
2020-06-13T05:42:00,357070,Nevados de Chillan,VIIRS375,2.048,0.84,1,baja,2026-10-05T18:06:10,mirova-archivo,1
2020-06-13T05:55:00,357070,Nevados de Chillan,MODIS,3.631,1.41,1,baja,2026-10-05T18:06:10,mirova-archivo,1
2020-06-13T06:30:00,357070,Nevados de Chillan,VIIRS375,4.412,1.19,1,baja,2026-10-05T18:06:10,mirova-archivo,1
2020-06-14T03:20:00,357070,Nevados de Chillan,MODIS,2.577,1.41,1,baja,2026-10-05T18:06:10,mirova-archivo,1
2020-06-14T04:30:00,357070,Nevados de Chillan,VIIRS375,0.1088,1.91,1,muy baja,2026-10-05T18:06:10,mirova-archivo,1
2020-06-14T05:24:00,357070,Nevados de Chillan,VIIRS375,5.865,0.53,1,baja,2026-10-05T18:06:10,mirova-archivo,1
2020-06-14T06:12:00,357070,Nevados de Chillan,VIIRS375,2.714,0.84,1,baja,2026-10-05T18:06:10,mirova-archivo,1
2020-06-15T04:05:00,357070,Nevados de Chillan,MODIS,1.191,1.00,1,baja,2026-10-05T18:06:10,mirova-archivo,1
2020-06-15T05:06:00,357070,Nevados de Chillan,VIIRS375,2.492,0.53,1,baja,2026-10-05T18:06:10,mirova-archivo,1
2020-06-15T05:54:00,357070,Nevados de Chillan,VIIRS375,3.803,0.84,1,baja,2026-10-05T18:06:10,mirova-archivo,1
2020-06-15T06:42:00,357070,Nevados de Chillan,VIIRS375,1.086,1.35,1,baja,2026-10-05T18:06:10,mirova-archivo,1
2020-06-21T04:54:00,357070,Nevados de Chillan,VIIRS375,0.3994,0.84,1,muy baja,2026-10-05T18:06:10,mirova-archivo,1
2020-06-21T05:42:00,357070,Nevados de Chillan,VIIRS375,0.3851,0.53,1,muy baja,2026-10-05T18:06:10,mirova-archivo,1
2020-06-21T06:30:00,357070,Nevados de Chillan,VIIRS375,0.3822,0.84,1,muy baja,2026-10-05T18:06:10,mirova-archivo,1
2020-06-23T05:54:00,357070,Nevados de Chillan,VIIRS375,0.04841,0.38,1,muy baja,2026-10-05T18:06:10,mirova-archivo,1
2020-06-24T04:42:00,357070,Nevados de Chillan,VIIRS375,0.8444,1.19,1,muy baja,2026-10-05T18:06:10,mirova-archivo,1
2020-06-24T06:24:00,357070,Nevados de Chillan,VIIRS375,0.2272,25.48,0,no volcanica,2026-10-05T18:06:10,mirova-archivo,0
2020-06-25T05:18:00,357070,Nevados de Chillan,VIIRS375,2.648,0.53,1,baja,2026-10-05T18:06:10,mirova-archivo,1
2020-06-25T06:06:00,357070,Nevados de Chillan,VIIRS375,1.696,0.53,1,baja,2026-10-05T18:06:10,mirova-archivo,1
2020-06-25T06:20:00,357070,Nevados de Chillan,MODIS,0.4901,1.00,1,muy baja,2026-10-05T18:06:10,mirova-archivo,1
2020-06-27T05:30:00,357070,Nevados de Chillan,VIIRS375,0.07145,0.38,1,muy baja,2026-10-05T18:06:10,mirova-archivo,1
2020-06-27T06:10:00,357070,Nevados de Chillan,MODIS,1.946,1.00,1,baja,2026-10-05T18:06:10,mirova-archivo,1
2020-06-27T06:18:00,357070,Nevados de Chillan,VIIRS375,1.264,0.84,1,baja,2026-10-05T18:06:10,mirova-archivo,1
2020-06-28T05:12:00,357070,Nevados de Chillan,VIIRS375,0.5107,27.98,0,no volcanica,2026-10-05T18:06:10,mirova-archivo,0
2020-07-02T03:10:00,357070,Nevados de Chillan,MODIS,1.105,1.41,1,baja,2026-10-05T18:06:10,mirova-archivo,1
2020-07-02T04:48:00,357070,Nevados de Chillan,VIIRS375,1.896,1.35,1,baja,2026-10-05T18:06:10,mirova-archivo,1
2020-07-02T05:36:00,357070,Nevados de Chillan,VIIRS375,2.333,0.53,1,baja,2026-10-05T18:06:10,mirova-archivo,1
2020-07-02T06:24:00,357070,Nevados de Chillan,VIIRS375,1.681,0.84,1,baja,2026-10-05T18:06:10,mirova-archivo,1
2020-07-02T06:25:00,357070,Nevados de Chillan,MODIS,0.9774,2.00,1,muy baja,2026-10-05T18:06:10,mirova-archivo,1
2020-07-04T05:00:00,357070,Nevados de Chillan,VIIRS375,0.9533,0.53,1,muy baja,2026-10-05T18:06:10,mirova-archivo,1
2020-07-04T05:48:00,357070,Nevados de Chillan,VIIRS375,1.381,0.53,1,baja,2026-10-05T18:06:10,mirova-archivo,1
2020-07-04T06:15:00,357070,Nevados de Chillan,MODIS,0.3676,1.00,1,muy baja,2026-10-05T18:06:10,mirova-archivo,1
2020-07-04T06:36:00,357070,Nevados de Chillan,VIIRS375,0.3474,0.84,1,muy baja,2026-10-05T18:06:10,mirova-archivo,1
2020-07-06T05:12:00,357070,Nevados de Chillan,VIIRS375,1.531,1.06,1,baja,2026-10-05T18:06:10,mirova-archivo,1
2020-07-06T06:00:00,357070,Nevados de Chillan,VIIRS375,0.1224,0.84,1,muy baja,2026-10-05T18:06:10,mirova-archivo,1
2020-07-07T03:30:00,357070,Nevados de Chillan,MODIS,2.191,1.41,1,baja,2026-10-05T18:06:10,mirova-archivo,1
2020-07-07T05:42:00,357070,Nevados de Chillan,VIIRS375,1.844,0.53,1,baja,2026-10-05T18:06:10,mirova-archivo,1
2020-07-07T06:30:00,357070,Nevados de Chillan,VIIRS375,2.505,0.84,1,baja,2026-10-05T18:06:10,mirova-archivo,1
2020-07-09T03:15:00,357070,Nevados de Chillan,MODIS,0.7607,1.41,1,muy baja,2026-10-05T18:06:10,mirova-archivo,1
2020-07-09T05:06:00,357070,Nevados de Chillan,VIIRS375,0.07949,0.53,1,muy baja,2026-10-05T18:06:10,mirova-archivo,1
2020-07-11T03:05:00,357070,Nevados de Chillan,MODIS,0.196,1.00,1,muy baja,2026-10-05T18:06:10,mirova-archivo,1
2020-07-11T05:18:00,357070,Nevados de Chillan,VIIRS375,2.154,0.53,1,baja,2026-10-05T18:06:10,mirova-archivo,1
2020-07-11T06:06:00,357070,Nevados de Chillan,VIIRS375,1.466,0.84,1,baja,2026-10-05T18:06:10,mirova-archivo,1
2020-07-11T06:20:00,357070,Nevados de Chillan,MODIS,0.6597,1.00,1,muy baja,2026-10-05T18:06:10,mirova-archivo,1
2020-07-14T03:35:00,357070,Nevados de Chillan,MODIS,2.015,1.41,1,baja,2026-10-05T18:06:10,mirova-archivo,1
2020-07-14T05:12:00,357070,Nevados de Chillan,VIIRS375,4.687,0.53,1,baja,2026-10-05T18:06:10,mirova-archivo,1
2020-07-14T06:00:00,357070,Nevados de Chillan,VIIRS375,2.61,0.84,1,baja,2026-10-05T18:06:10,mirova-archivo,1
2020-07-14T06:48:00,357070,Nevados de Chillan,VIIRS375,0.5619,0.75,1,muy baja,2026-10-05T18:06:10,mirova-archivo,1
2020-07-15T04:15:00,357070,Nevados de Chillan,MODIS,0.2131,0.00,1,muy baja,2026-10-05T18:06:10,mirova-archivo,1
2020-07-15T04:54:00,357070,Nevados de Chillan,VIIRS375,2.887,1.35,1,baja,2026-10-05T18:06:10,mirova-archivo,1
2020-07-15T05:42:00,357070,Nevados de Chillan,VIIRS375,2.634,0.53,1,baja,2026-10-05T18:06:10,mirova-archivo,1
2020-07-15T05:55:00,357070,Nevados de Chillan,MODIS,3.098,1.41,1,baja,2026-10-05T18:06:10,mirova-archivo,1
2020-07-15T06:30:00,357070,Nevados de Chillan,VIIRS375,2.986,0.84,1,baja,2026-10-05T18:06:10,mirova-archivo,1
2020-07-16T03:20:00,357070,Nevados de Chillan,MODIS,0.2585,1.41,1,muy baja,2026-10-05T18:06:10,mirova-archivo,1
2020-07-16T04:30:00,357070,Nevados de Chillan,VIIRS375,1.024,2.19,1,baja,2026-10-05T18:06:10,mirova-archivo,1
2020-07-16T05:24:00,357070,Nevados de Chillan,VIIRS750,18.06,1.06,1,moderada,2026-10-05T18:06:10,mirova-archivo,1
2020-07-16T06:12:00,357070,Nevados de Chillan,VIIRS375,2.157,0.84,1,baja,2026-10-05T18:06:10,mirova-archivo,1
2020-07-20T05:00:00,357070,Nevados de Chillan,VIIRS375,0.2673,19.90,0,no volcanica,2026-10-05T18:06:10,mirova-archivo,0
2020-07-20T05:48:00,357070,Nevados de Chillan,VIIRS375,0.412,12.84,0,no volcanica,2026-10-05T18:06:10,mirova-archivo,0
2020-07-22T05:12:00,357070,Nevados de Chillan,VIIRS375,1.879,0.53,1,baja,2026-10-05T18:06:10,mirova-archivo,1
2020-07-22T06:00:00,357070,Nevados de Chillan,MODIS,2.292,1.00,1,baja,2026-10-05T18:06:10,mirova-archivo,1
2020-07-22T06:00:00,357070,Nevados de Chillan,VIIRS375,2.409,0.53,1,baja,2026-10-05T18:06:10,mirova-archivo,1
2020-07-23T03:30:00,357070,Nevados de Chillan,MODIS,2.749,1.41,1,baja,2026-10-05T18:06:10,mirova-archivo,1
2020-07-23T04:54:00,357070,Nevados de Chillan,VIIRS375,7.261,1.12,1,baja,2026-10-05T18:06:10,mirova-archivo,1
2020-07-23T05:42:00,357070,Nevados de Chillan,VIIRS375,3.779,0.84,1,baja,2026-10-05T18:06:10,mirova-archivo,1
2020-07-23T06:30:00,357070,Nevados de Chillan,VIIRS375,2.553,1.19,1,baja,2026-10-05T18:06:10,mirova-archivo,1
2020-07-24T06:12:00,357070,Nevados de Chillan,VIIRS375,0.9036,0.53,1,muy baja,2026-10-05T18:06:10,mirova-archivo,1
2020-07-25T03:15:00,357070,Nevados de Chillan,MODIS,1.722,1.41,1,baja,2026-10-05T18:06:10,mirova-archivo,1
2020-07-25T05:06:00,357070,Nevados de Chillan,VIIRS375,2.081,0.84,1,baja,2026-10-05T18:06:10,mirova-archivo,1
2020-07-25T05:54:00,357070,Nevados de Chillan,VIIRS375,1.435,0.84,1,baja,2026-10-05T18:06:10,mirova-archivo,1
2020-07-25T06:42:00,357070,Nevados de Chillan,VIIRS375,0.4678,1.35,1,muy baja,2026-10-05T18:06:10,mirova-archivo,1
2020-07-28T03:45:00,357070,Nevados de Chillan,MODIS,5.604,1.41,1,baja,2026-10-05T18:06:10,mirova-archivo,1
2020-07-28T05:00:00,357070,Nevados de Chillan,VIIRS375,4.168,1.06,1,baja,2026-10-05T18:06:10,mirova-archivo,1
2020-07-28T05:25:00,357070,Nevados de Chillan,MODIS,1.271,1.41,1,baja,2026-10-05T18:06:10,mirova-archivo,1
2020-07-28T05:48:00,357070,Nevados de Chillan,VIIRS375,2.915,0.53,1,baja,2026-10-05T18:06:10,mirova-archivo,1
2020-07-28T06:36:00,357070,Nevados de Chillan,VIIRS375,1.784,0.84,1,baja,2026-10-05T18:06:10,mirova-archivo,1
2020-07-29T02:50:00,357070,Nevados de Chillan,MODIS,3.974,2.24,1,baja,2026-10-05T18:06:10,mirova-archivo,1
2020-07-29T05:30:00,357070,Nevados de Chillan,VIIRS375,3.72,0.84,1,baja,2026-10-05T18:06:10,mirova-archivo,1
2020-07-29T06:10:00,357070,Nevados de Chillan,MODIS,3.562,1.41,1,baja,2026-10-05T18:06:10,mirova-archivo,1
2020-07-29T06:18:00,357070,Nevados de Chillan,VIIRS375,3.197,1.12,1,baja,2026-10-05T18:06:10,mirova-archivo,1
2020-07-30T03:35:00,357070,Nevados de Chillan,MODIS,2.512,1.41,1,baja,2026-10-05T18:06:10,mirova-archivo,1
2020-07-30T05:12:00,357070,Nevados de Chillan,VIIRS375,0.5312,0.53,1,muy baja,2026-10-05T18:06:10,mirova-archivo,1
2020-07-30T06:00:00,357070,Nevados de Chillan,VIIRS375,0.5055,0.84,1,muy baja,2026-10-05T18:06:10,mirova-archivo,1
2020-07-31T04:54:00,357070,Nevados de Chillan,VIIRS375,0.4678,0.84,1,muy baja,2026-10-05T18:06:10,mirova-archivo,1
2020-07-31T05:42:00,357070,Nevados de Chillan,VIIRS375,1.242,0.53,1,baja,2026-10-05T18:06:10,mirova-archivo,1
2020-07-31T05:55:00,357070,Nevados de Chillan,MODIS,0.8306,0.00,1,muy baja,2026-10-05T18:06:10,mirova-archivo,1
2020-07-31T06:30:00,357070,Nevados de Chillan,VIIRS375,3.36,0.84,1,baja,2026-10-05T18:06:10,mirova-archivo,1
2020-08-01T06:12:00,357070,Nevados de Chillan,VIIRS375,0.4231,24.25,0,no volcanica,2026-10-05T18:06:10,mirova-archivo,0
2020-08-03T04:48:00,357070,Nevados de Chillan,VIIRS375,0.6932,1.35,1,muy baja,2026-10-05T18:06:10,mirova-archivo,1
2020-08-03T05:36:00,357070,Nevados de Chillan,VIIRS375,2.764,0.53,1,baja,2026-10-05T18:06:10,mirova-archivo,1
2020-08-03T06:24:00,357070,Nevados de Chillan,VIIRS375,3.066,0.84,1,baja,2026-10-05T18:06:10,mirova-archivo,1
2020-08-04T05:18:00,357070,Nevados de Chillan,VIIRS750,6.335,1.06,1,baja,2026-10-05T18:06:10,mirova-archivo,1
2020-08-04T05:30:00,357070,Nevados de Chillan,MODIS,2.117,1.41,1,baja,2026-10-05T18:06:10,mirova-archivo,1
2020-08-04T06:06:00,357070,Nevados de Chillan,VIIRS750,5.747,1.06,1,baja,2026-10-05T18:06:10,mirova-archivo,1
2020-08-06T03:40:00,357070,Nevados de Chillan,MODIS,1.341,1.41,1,baja,2026-10-05T18:06:10,mirova-archivo,1
2020-08-06T05:20:00,357070,Nevados de Chillan,MODIS,0.6324,1.41,1,muy baja,2026-10-05T18:06:10,mirova-archivo,1
2020-08-06T05:30:00,357070,Nevados de Chillan,VIIRS375,3.5,0.53,1,baja,2026-10-05T18:06:10,mirova-archivo,1
2020-08-06T06:18:00,357070,Nevados de Chillan,VIIRS375,2.111,1.19,1,baja,2026-10-05T18:06:10,mirova-archivo,1
2020-08-07T05:12:00,357070,Nevados de Chillan,VIIRS375,1.103,0.75,1,baja,2026-10-05T18:06:10,mirova-archivo,1
2020-08-07T06:00:00,357070,Nevados de Chillan,MODIS,2.954,1.00,1,baja,2026-10-05T18:06:10,mirova-archivo,1
2020-08-07T06:00:00,357070,Nevados de Chillan,VIIRS375,2.992,0.53,1,baja,2026-10-05T18:06:10,mirova-archivo,1
2020-08-08T03:30:00,357070,Nevados de Chillan,MODIS,2.283,1.41,1,baja,2026-10-05T18:06:10,mirova-archivo,1
2020-08-08T04:54:00,357070,Nevados de Chillan,VIIRS375,0.2084,0.84,1,muy baja,2026-10-05T18:06:10,mirova-archivo,1
2020-08-08T05:42:00,357070,Nevados de Chillan,VIIRS375,0.8858,0.53,1,muy baja,2026-10-05T18:06:10,mirova-archivo,1
2020-08-08T06:30:00,357070,Nevados de Chillan,VIIRS375,0.8598,0.84,1,muy baja,2026-10-05T18:06:10,mirova-archivo,1
2020-08-08T18:45:00,357070,Nevados de Chillan,MODIS,72.82,19.24,0,no volcanica,2026-10-05T18:06:10,mirova-archivo,0
2020-08-09T05:24:00,357070,Nevados de Chillan,VIIRS375,0.5779,0.53,1,muy baja,2026-10-05T18:06:10,mirova-archivo,1
2020-08-09T05:50:00,357070,Nevados de Chillan,MODIS,0.4017,0.00,1,muy baja,2026-10-05T18:06:10,mirova-archivo,1
2020-08-09T06:12:00,357070,Nevados de Chillan,VIIRS375,1.187,1.06,1,baja,2026-10-05T18:06:10,mirova-archivo,1
2020-08-10T03:15:00,357070,Nevados de Chillan,MODIS,1.693,1.41,1,baja,2026-10-05T18:06:10,mirova-archivo,1
2020-08-10T05:06:00,357070,Nevados de Chillan,VIIRS375,3.322,1.06,1,baja,2026-10-05T18:06:10,mirova-archivo,1
2020-08-10T05:54:00,357070,Nevados de Chillan,VIIRS375,2.854,0.84,1,baja,2026-10-05T18:06:10,mirova-archivo,1
2020-08-10T06:42:00,357070,Nevados de Chillan,VIIRS375,0.929,1.06,1,muy baja,2026-10-05T18:06:10,mirova-archivo,1
2020-08-11T04:00:00,357070,Nevados de Chillan,MODIS,0.8721,1.41,1,muy baja,2026-10-05T18:06:10,mirova-archivo,1
2020-08-11T04:48:00,357070,Nevados de Chillan,VIIRS375,5.439,1.68,1,baja,2026-10-05T18:06:10,mirova-archivo,1
2020-08-11T05:35:00,357070,Nevados de Chillan,MODIS,2.642,1.00,1,baja,2026-10-05T18:06:10,mirova-archivo,1
2020-08-11T05:36:00,357070,Nevados de Chillan,VIIRS750,5.16,1.06,1,baja,2026-10-05T18:06:10,mirova-archivo,1
2020-08-11T06:24:00,357070,Nevados de Chillan,VIIRS375,3.768,0.84,1,baja,2026-10-05T18:06:10,mirova-archivo,1
2020-08-12T03:05:00,357070,Nevados de Chillan,MODIS,2.37,2.24,1,baja,2026-10-05T18:06:10,mirova-archivo,1
2020-08-12T05:18:00,357070,Nevados de Chillan,VIIRS375,3.739,0.75,1,baja,2026-10-05T18:06:10,mirova-archivo,1
2020-08-12T06:06:00,357070,Nevados de Chillan,VIIRS375,2.68,0.84,1,baja,2026-10-05T18:06:10,mirova-archivo,1
2020-08-12T06:20:00,357070,Nevados de Chillan,MODIS,3.234,2.24,1,baja,2026-10-05T18:06:10,mirova-archivo,1
2020-08-13T03:45:00,357070,Nevados de Chillan,MODIS,2.855,1.41,1,baja,2026-10-05T18:06:10,mirova-archivo,1
2020-08-15T03:35:00,357070,Nevados de Chillan,MODIS,1.107,0.00,1,baja,2026-10-05T18:06:10,mirova-archivo,1
2020-08-15T05:12:00,357070,Nevados de Chillan,VIIRS375,2.562,0.84,1,baja,2026-10-05T18:06:10,mirova-archivo,1
2020-08-15T06:00:00,357070,Nevados de Chillan,VIIRS375,1.901,0.53,1,baja,2026-10-05T18:06:10,mirova-archivo,1
2020-08-15T06:48:00,357070,Nevados de Chillan,VIIRS375,2.978,1.19,1,baja,2026-10-05T18:06:10,mirova-archivo,1
2020-08-16T04:54:00,357070,Nevados de Chillan,VIIRS375,0.7782,0.84,1,muy baja,2026-10-05T18:06:10,mirova-archivo,1
2020-08-16T05:42:00,357070,Nevados de Chillan,VIIRS375,0.4323,0.53,1,muy baja,2026-10-05T18:06:10,mirova-archivo,1
2020-08-16T06:30:00,357070,Nevados de Chillan,VIIRS375,0.04335,0.75,1,muy baja,2026-10-05T18:06:10,mirova-archivo,1
2020-08-17T03:20:00,357070,Nevados de Chillan,MODIS,2.667,1.41,1,baja,2026-10-05T18:06:10,mirova-archivo,1
2020-08-17T04:30:00,357070,Nevados de Chillan,VIIRS375,3.375,2.37,1,baja,2026-10-05T18:06:10,mirova-archivo,1
2020-08-17T05:24:00,357070,Nevados de Chillan,VIIRS375,3.696,0.84,1,baja,2026-10-05T18:06:10,mirova-archivo,1
2020-08-17T06:12:00,357070,Nevados de Chillan,VIIRS375,3.83,0.84,1,baja,2026-10-05T18:06:10,mirova-archivo,1
2020-08-18T05:06:00,357070,Nevados de Chillan,VIIRS375,0.939,0.84,1,muy baja,2026-10-05T18:06:10,mirova-archivo,1
2020-08-18T05:54:00,357070,Nevados de Chillan,VIIRS375,0.4777,0.53,1,muy baja,2026-10-05T18:06:10,mirova-archivo,1
2020-08-19T03:10:00,357070,Nevados de Chillan,MODIS,0.9862,1.00,1,muy baja,2026-10-05T18:06:10,mirova-archivo,1
2020-08-19T05:36:00,357070,Nevados de Chillan,VIIRS375,2.827,0.53,1,baja,2026-10-05T18:06:10,mirova-archivo,1
2020-08-19T06:24:00,357070,Nevados de Chillan,VIIRS375,3.225,0.84,1,baja,2026-10-05T18:06:10,mirova-archivo,1
2020-08-20T05:18:00,357070,Nevados de Chillan,VIIRS375,2.946,0.53,1,baja,2026-10-05T18:06:10,mirova-archivo,1
2020-08-20T06:06:00,357070,Nevados de Chillan,VIIRS375,3.169,20.34,0,fuera de radio,2026-10-05T18:06:10,mirova-archivo,1
2020-08-21T02:55:00,357070,Nevados de Chillan,MODIS,0.2477,1.00,1,muy baja,2026-10-05T18:06:10,mirova-archivo,1
2020-08-21T05:00:00,357070,Nevados de Chillan,VIIRS375,5.407,0.84,1,baja,2026-10-05T18:06:10,mirova-archivo,1
2020-08-21T05:48:00,357070,Nevados de Chillan,VIIRS375,4.586,0.53,1,baja,2026-10-05T18:06:10,mirova-archivo,1
2020-08-21T06:36:00,357070,Nevados de Chillan,VIIRS375,2.915,1.19,1,baja,2026-10-05T18:06:10,mirova-archivo,1
2020-08-22T03:40:00,357070,Nevados de Chillan,MODIS,5.83,1.41,1,baja,2026-10-05T18:06:10,mirova-archivo,1
2020-08-22T04:42:00,357070,Nevados de Chillan,VIIRS375,3.964,2.19,1,baja,2026-10-05T18:06:10,mirova-archivo,1
2020-08-22T05:30:00,357070,Nevados de Chillan,VIIRS375,3.748,0.84,1,baja,2026-10-05T18:06:10,mirova-archivo,1
2020-08-22T06:18:00,357070,Nevados de Chillan,VIIRS375,2.648,1.06,1,baja,2026-10-05T18:06:10,mirova-archivo,1
2020-08-23T05:12:00,357070,Nevados de Chillan,VIIRS375,2.331,0.84,1,baja,2026-10-05T18:06:10,mirova-archivo,1
2020-08-23T06:00:00,357070,Nevados de Chillan,VIIRS375,2.483,0.84,1,baja,2026-10-05T18:06:10,mirova-archivo,1
2020-08-24T04:54:00,357070,Nevados de Chillan,VIIRS375,0.3341,1.06,1,muy baja,2026-10-05T18:06:10,mirova-archivo,1
2020-08-27T05:36:00,357070,Nevados de Chillan,VIIRS375,0.1463,0.38,1,muy baja,2026-10-05T18:06:10,mirova-archivo,1
2020-08-28T05:18:00,357070,Nevados de Chillan,VIIRS375,0.5447,0.53,1,muy baja,2026-10-05T18:06:10,mirova-archivo,1
2020-08-30T02:50:00,357070,Nevados de Chillan,MODIS,0.3812,2.00,1,muy baja,2026-10-05T18:06:10,mirova-archivo,1
2020-08-30T04:36:00,357070,Nevados de Chillan,VIIRS375,2.316,1.88,1,baja,2026-10-05T18:06:10,mirova-archivo,1
2020-08-30T05:30:00,357070,Nevados de Chillan,VIIRS375,3.071,0.53,1,baja,2026-10-05T18:06:10,mirova-archivo,1
2020-08-30T06:18:00,357070,Nevados de Chillan,VIIRS375,2.306,0.84,1,baja,2026-10-05T18:06:10,mirova-archivo,1
2020-08-31T03:35:00,357070,Nevados de Chillan,MODIS,3.455,1.41,1,baja,2026-10-05T18:06:10,mirova-archivo,1
2020-08-31T05:12:00,357070,Nevados de Chillan,VIIRS375,2.456,0.84,1,baja,2026-10-05T18:06:10,mirova-archivo,1
2020-08-31T06:00:00,357070,Nevados de Chillan,VIIRS375,2.56,0.53,1,baja,2026-10-05T18:06:10,mirova-archivo,1
2020-08-31T06:48:00,357070,Nevados de Chillan,VIIRS375,1.673,1.19,1,baja,2026-10-05T18:06:10,mirova-archivo,1
2020-09-01T04:15:00,357070,Nevados de Chillan,MODIS,1.167,2.24,1,baja,2026-10-05T18:06:10,mirova-archivo,1
2020-09-01T04:54:00,357070,Nevados de Chillan,VIIRS375,4.341,1.35,1,baja,2026-10-05T18:06:10,mirova-archivo,1
2020-09-01T05:42:00,357070,Nevados de Chillan,VIIRS375,3.989,0.75,1,baja,2026-10-05T18:06:10,mirova-archivo,1
2020-09-01T06:30:00,357070,Nevados de Chillan,VIIRS375,3.218,1.19,1,baja,2026-10-05T18:06:10,mirova-archivo,1
2020-09-02T03:20:00,357070,Nevados de Chillan,MODIS,3.33,2.24,1,baja,2026-10-05T18:06:10,mirova-archivo,1
2020-09-02T04:30:00,357070,Nevados de Chillan,VIIRS375,3.747,1.91,1,baja,2026-10-05T18:06:10,mirova-archivo,1
2020-09-02T05:24:00,357070,Nevados de Chillan,VIIRS375,4.919,0.53,1,baja,2026-10-05T18:06:10,mirova-archivo,1
2020-09-02T06:12:00,357070,Nevados de Chillan,VIIRS375,3.989,0.84,1,baja,2026-10-05T18:06:10,mirova-archivo,1
2020-09-04T03:10:00,357070,Nevados de Chillan,MODIS,0.2514,1.41,1,muy baja,2026-10-05T18:06:10,mirova-archivo,1
2020-09-04T04:42:00,357070,Nevados de Chillan,VIIRS375,0.8529,1.59,1,muy baja,2026-10-05T18:06:10,mirova-archivo,1
2020-09-04T05:36:00,357070,Nevados de Chillan,VIIRS375,0.9412,0.84,1,muy baja,2026-10-05T18:06:10,mirova-archivo,1
2020-09-04T06:24:00,357070,Nevados de Chillan,VIIRS375,0.3474,0.84,1,muy baja,2026-10-05T18:06:10,mirova-archivo,1
2020-09-05T05:18:00,357070,Nevados de Chillan,VIIRS375,0.9778,0.75,1,muy baja,2026-10-05T18:06:10,mirova-archivo,1
2020-09-06T05:00:00,357070,Nevados de Chillan,VIIRS375,4.664,0.84,1,baja,2026-10-05T18:06:10,mirova-archivo,1
2020-09-06T05:48:00,357070,Nevados de Chillan,VIIRS375,0.4505,0.53,1,muy baja,2026-10-05T18:06:10,mirova-archivo,1
2020-09-06T06:15:00,357070,Nevados de Chillan,MODIS,2.053,2.00,1,baja,2026-10-05T18:06:10,mirova-archivo,1
2020-09-06T06:36:00,357070,Nevados de Chillan,VIIRS375,2.221,1.12,1,baja,2026-10-05T18:06:10,mirova-archivo,1
2020-09-07T03:40:00,357070,Nevados de Chillan,MODIS,2.521,1.00,1,baja,2026-10-05T18:06:10,mirova-archivo,1
2020-09-07T04:42:00,357070,Nevados de Chillan,VIIRS375,4.233,1.68,1,baja,2026-10-05T18:06:10,mirova-archivo,1
2020-09-07T05:20:00,357070,Nevados de Chillan,MODIS,0.9212,1.41,1,muy baja,2026-10-05T18:06:10,mirova-archivo,1
2020-09-07T05:30:00,357070,Nevados de Chillan,VIIRS375,3.468,0.84,1,baja,2026-10-05T18:06:10,mirova-archivo,1
2020-09-07T06:18:00,357070,Nevados de Chillan,VIIRS375,2.156,0.84,1,baja,2026-10-05T18:06:10,mirova-archivo,1
2020-09-08T05:12:00,357070,Nevados de Chillan,VIIRS375,3.126,0.75,1,baja,2026-10-05T18:06:10,mirova-archivo,1
2020-09-08T06:00:00,357070,Nevados de Chillan,VIIRS375,0.4744,0.84,1,muy baja,2026-10-05T18:06:10,mirova-archivo,1
2020-09-10T05:24:00,357070,Nevados de Chillan,VIIRS375,1.564,0.53,1,baja,2026-10-05T18:06:10,mirova-archivo,1
2020-09-10T05:50:00,357070,Nevados de Chillan,MODIS,1.52,0.00,1,baja,2026-10-05T18:06:10,mirova-archivo,1
2020-09-10T06:12:00,357070,Nevados de Chillan,VIIRS375,1.484,0.84,1,baja,2026-10-05T18:06:10,mirova-archivo,1
2020-09-11T03:15:00,357070,Nevados de Chillan,MODIS,1.003,1.00,1,baja,2026-10-05T18:06:10,mirova-archivo,1
2020-09-11T05:06:00,357070,Nevados de Chillan,VIIRS375,1.624,0.84,1,baja,2026-10-05T18:06:10,mirova-archivo,1
2020-09-11T05:54:00,357070,Nevados de Chillan,VIIRS375,2.194,0.84,1,baja,2026-10-05T18:06:10,mirova-archivo,1
2020-09-11T06:42:00,357070,Nevados de Chillan,VIIRS375,1.763,1.68,1,baja,2026-10-05T18:06:10,mirova-archivo,1
2020-09-12T04:00:00,357070,Nevados de Chillan,MODIS,2.245,1.41,1,baja,2026-10-05T18:06:10,mirova-archivo,1
2020-09-12T04:48:00,357070,Nevados de Chillan,VIIRS375,4.298,1.68,1,baja,2026-10-05T18:06:10,mirova-archivo,1
2020-09-12T05:35:00,357070,Nevados de Chillan,MODIS,1.384,1.41,1,baja,2026-10-05T18:06:10,mirova-archivo,1
2020-09-12T05:36:00,357070,Nevados de Chillan,VIIRS375,2.982,0.53,1,baja,2026-10-05T18:06:10,mirova-archivo,1
2020-09-12T06:24:00,357070,Nevados de Chillan,VIIRS375,3.031,0.84,1,baja,2026-10-05T18:06:10,mirova-archivo,1
2020-09-13T03:05:00,357070,Nevados de Chillan,MODIS,0.9264,2.24,1,muy baja,2026-10-05T18:06:10,mirova-archivo,1
2020-09-13T05:18:00,357070,Nevados de Chillan,VIIRS375,3.167,0.75,1,baja,2026-10-05T18:06:10,mirova-archivo,1
2020-09-13T06:06:00,357070,Nevados de Chillan,VIIRS375,1.885,0.84,1,baja,2026-10-05T18:06:10,mirova-archivo,1
2020-09-13T06:20:00,357070,Nevados de Chillan,MODIS,1.787,1.41,1,baja,2026-10-05T18:06:10,mirova-archivo,1
2020-09-14T03:45:00,357070,Nevados de Chillan,MODIS,3.556,1.41,1,baja,2026-10-05T18:06:10,mirova-archivo,1
2020-09-14T05:00:00,357070,Nevados de Chillan,VIIRS375,2.502,1.06,1,baja,2026-10-05T18:06:10,mirova-archivo,1
2020-09-14T05:48:00,357070,Nevados de Chillan,VIIRS750,5.307,0.75,1,baja,2026-10-05T18:06:10,mirova-archivo,1
2020-09-14T06:36:00,357070,Nevados de Chillan,VIIRS375,2.104,1.12,1,baja,2026-10-05T18:06:10,mirova-archivo,1
2020-09-15T02:50:00,357070,Nevados de Chillan,MODIS,0.4888,2.24,1,muy baja,2026-10-05T18:06:10,mirova-archivo,1
2020-09-15T04:36:00,357070,Nevados de Chillan,VIIRS375,4.606,2.19,1,baja,2026-10-05T18:06:10,mirova-archivo,1
2020-09-15T05:30:00,357070,Nevados de Chillan,VIIRS375,3.763,0.84,1,baja,2026-10-05T18:06:10,mirova-archivo,1
2020-09-15T06:10:00,357070,Nevados de Chillan,MODIS,1.988,1.00,1,baja,2026-10-05T18:06:10,mirova-archivo,1
2020-09-15T06:18:00,357070,Nevados de Chillan,VIIRS375,1.965,0.84,1,baja,2026-10-05T18:06:10,mirova-archivo,1
2020-09-17T06:30:00,357070,Nevados de Chillan,VIIRS375,0.02753,0.38,1,muy baja,2026-10-05T18:06:10,mirova-archivo,1
2020-09-18T03:20:00,357070,Nevados de Chillan,MODIS,1.827,1.41,1,baja,2026-10-05T18:06:10,mirova-archivo,1
2020-09-18T04:36:00,357070,Nevados de Chillan,VIIRS375,1.927,2.19,1,baja,2026-10-05T18:06:10,mirova-archivo,1
2020-09-18T05:24:00,357070,Nevados de Chillan,VIIRS375,1.002,0.75,1,baja,2026-10-05T18:06:10,mirova-archivo,1
2020-09-18T06:12:00,357070,Nevados de Chillan,VIIRS375,0.3171,0.53,1,muy baja,2026-10-05T18:06:10,mirova-archivo,1
2020-09-19T05:06:00,357070,Nevados de Chillan,VIIRS375,2.296,0.84,1,baja,2026-10-05T18:06:10,mirova-archivo,1
2020-09-19T05:45:00,357070,Nevados de Chillan,MODIS,0.4795,0.00,1,muy baja,2026-10-05T18:06:10,mirova-archivo,1
2020-09-19T05:54:00,357070,Nevados de Chillan,VIIRS375,2.101,0.84,1,baja,2026-10-05T18:06:10,mirova-archivo,1
2020-09-19T06:42:00,357070,Nevados de Chillan,VIIRS375,2.257,1.06,1,baja,2026-10-05T18:06:10,mirova-archivo,1
2020-09-20T03:10:00,357070,Nevados de Chillan,MODIS,4.214,2.24,1,baja,2026-10-05T18:06:10,mirova-archivo,1
2020-09-20T04:42:00,357070,Nevados de Chillan,VIIRS375,3.177,1.68,1,baja,2026-10-05T18:06:10,mirova-archivo,1
2020-09-20T05:36:00,357070,Nevados de Chillan,VIIRS750,6.698,0.75,1,baja,2026-10-05T18:06:10,mirova-archivo,1
2020-09-20T06:24:00,357070,Nevados de Chillan,VIIRS375,2.273,0.84,1,baja,2026-10-05T18:06:10,mirova-archivo,1
2020-09-20T06:25:00,357070,Nevados de Chillan,MODIS,0.7955,1.00,1,muy baja,2026-10-05T18:06:10,mirova-archivo,1
2020-09-21T05:18:00,357070,Nevados de Chillan,VIIRS375,3.246,0.75,1,baja,2026-10-05T18:06:10,mirova-archivo,1
2020-09-21T05:30:00,357070,Nevados de Chillan,MODIS,0.6505,1.00,1,muy baja,2026-10-05T18:06:10,mirova-archivo,1
2020-09-21T06:06:00,357070,Nevados de Chillan,VIIRS375,2.637,0.53,1,baja,2026-10-05T18:06:10,mirova-archivo,1
2020-09-22T05:00:00,357070,Nevados de Chillan,VIIRS375,1.383,0.84,1,baja,2026-10-05T18:06:10,mirova-archivo,1
2020-09-22T05:48:00,357070,Nevados de Chillan,VIIRS375,2.197,0.53,1,baja,2026-10-05T18:06:10,mirova-archivo,1
2020-09-22T06:36:00,357070,Nevados de Chillan,VIIRS375,1.235,1.19,1,baja,2026-10-05T18:06:10,mirova-archivo,1
2020-09-23T03:40:00,357070,Nevados de Chillan,MODIS,2.442,1.00,1,baja,2026-10-05T18:06:10,mirova-archivo,1
2020-09-23T04:42:00,357070,Nevados de Chillan,VIIRS375,3.991,1.91,1,baja,2026-10-05T18:06:10,mirova-archivo,1
2020-09-23T05:20:00,357070,Nevados de Chillan,MODIS,0.9876,1.41,1,muy baja,2026-10-05T18:06:10,mirova-archivo,1
2020-09-23T05:30:00,357070,Nevados de Chillan,VIIRS375,3.422,0.53,1,baja,2026-10-05T18:06:10,mirova-archivo,1
2020-09-23T06:18:00,357070,Nevados de Chillan,VIIRS375,2.148,0.53,1,baja,2026-10-05T18:06:10,mirova-archivo,1
2020-09-23T19:30:00,357070,Nevados de Chillan,VIIRS750,92.02,15.95,0,no volcanica,2026-10-05T18:06:10,mirova-archivo,0
2020-09-24T05:12:00,357070,Nevados de Chillan,VIIRS750,5.498,1.06,1,baja,2026-10-05T18:06:10,mirova-archivo,1
2020-09-24T06:00:00,357070,Nevados de Chillan,VIIRS375,2.138,0.53,1,baja,2026-10-05T18:06:10,mirova-archivo,1
2020-09-25T03:30:00,357070,Nevados de Chillan,MODIS,3.103,1.00,1,baja,2026-10-05T18:06:10,mirova-archivo,1
2020-09-25T04:48:00,357070,Nevados de Chillan,VIIRS750,16.56,2.12,1,moderada,2026-10-05T18:06:10,mirova-archivo,1
2020-09-25T05:05:00,357070,Nevados de Chillan,MODIS,0.4612,2.24,1,muy baja,2026-10-05T18:06:10,mirova-archivo,1
2020-09-25T05:42:00,357070,Nevados de Chillan,VIIRS750,5.476,1.06,1,baja,2026-10-05T18:06:10,mirova-archivo,1
2020-09-25T06:30:00,357070,Nevados de Chillan,VIIRS375,2.317,0.84,1,baja,2026-10-05T18:06:10,mirova-archivo,1
2020-09-26T04:10:00,357070,Nevados de Chillan,MODIS,0.5938,1.00,1,muy baja,2026-10-05T18:06:10,mirova-archivo,1
2020-09-26T04:30:00,357070,Nevados de Chillan,VIIRS375,2.864,2.52,1,baja,2026-10-05T18:06:10,mirova-archivo,1
2020-09-26T05:24:00,357070,Nevados de Chillan,VIIRS375,3.259,0.53,1,baja,2026-10-05T18:06:10,mirova-archivo,1
2020-09-26T05:50:00,357070,Nevados de Chillan,MODIS,2.688,1.00,1,baja,2026-10-05T18:06:10,mirova-archivo,1
2020-09-26T06:12:00,357070,Nevados de Chillan,VIIRS375,2.707,0.84,1,baja,2026-10-05T18:06:10,mirova-archivo,1
2020-09-27T03:15:00,357070,Nevados de Chillan,MODIS,6.286,2.24,1,baja,2026-10-05T18:06:10,mirova-archivo,1
2020-09-27T05:06:00,357070,Nevados de Chillan,VIIRS375,3.956,0.84,1,baja,2026-10-05T18:06:10,mirova-archivo,1
2020-09-27T05:54:00,357070,Nevados de Chillan,VIIRS375,3.347,0.53,1,baja,2026-10-05T18:06:10,mirova-archivo,1
2020-09-27T06:30:00,357070,Nevados de Chillan,MODIS,0.6748,2.24,1,muy baja,2026-10-05T18:06:10,mirova-archivo,1
2020-09-27T06:42:00,357070,Nevados de Chillan,VIIRS375,3.42,1.55,1,baja,2026-10-05T18:06:10,mirova-archivo,1
2020-09-28T04:00:00,357070,Nevados de Chillan,MODIS,2.937,1.00,1,baja,2026-10-05T18:06:10,mirova-archivo,1
2020-09-28T04:48:00,357070,Nevados de Chillan,VIIRS375,3.214,1.68,1,baja,2026-10-05T18:06:10,mirova-archivo,1
2020-09-28T05:35:00,357070,Nevados de Chillan,MODIS,1.656,1.41,1,baja,2026-10-05T18:06:10,mirova-archivo,1
2020-09-28T05:36:00,357070,Nevados de Chillan,VIIRS375,3.015,0.53,1,baja,2026-10-05T18:06:10,mirova-archivo,1
2020-09-28T06:24:00,357070,Nevados de Chillan,VIIRS375,3.124,0.84,1,baja,2026-10-05T18:06:10,mirova-archivo,1
2020-09-29T03:05:00,357070,Nevados de Chillan,MODIS,0.5531,1.41,1,muy baja,2026-10-05T18:06:10,mirova-archivo,1
2020-09-29T05:18:00,357070,Nevados de Chillan,VIIRS375,1.798,0.53,1,baja,2026-10-05T18:06:10,mirova-archivo,1
2020-09-29T06:06:00,357070,Nevados de Chillan,VIIRS375,1.157,0.84,1,baja,2026-10-05T18:06:10,mirova-archivo,1
2020-09-29T06:20:00,357070,Nevados de Chillan,MODIS,0.3324,1.00,1,muy baja,2026-10-05T18:06:10,mirova-archivo,1
2020-10-01T04:36:00,357070,Nevados de Chillan,VIIRS375,2.615,1.88,1,baja,2026-10-05T18:06:10,mirova-archivo,1
2020-10-01T05:30:00,357070,Nevados de Chillan,VIIRS375,2.354,0.53,1,baja,2026-10-05T18:06:10,mirova-archivo,1
2020-10-01T06:10:00,357070,Nevados de Chillan,MODIS,1.073,1.00,1,baja,2026-10-05T18:06:10,mirova-archivo,1
2020-10-01T06:18:00,357070,Nevados de Chillan,VIIRS375,2.039,0.53,1,baja,2026-10-05T18:06:10,mirova-archivo,1
2020-10-02T03:35:00,357070,Nevados de Chillan,MODIS,3.194,1.00,1,baja,2026-10-05T18:06:10,mirova-archivo,1
2020-10-02T05:12:00,357070,Nevados de Chillan,VIIRS750,19.99,1.06,1,moderada,2026-10-05T18:06:10,mirova-archivo,1
2020-10-02T05:15:00,357070,Nevados de Chillan,MODIS,3.614,2.83,1,baja,2026-10-05T18:06:10,mirova-archivo,1
2020-10-02T06:00:00,357070,Nevados de Chillan,VIIRS375,2.813,0.53,1,baja,2026-10-05T18:06:10,mirova-archivo,1
2020-10-02T06:54:00,357070,Nevados de Chillan,VIIRS375,3.491,2.65,1,baja,2026-10-05T18:06:10,mirova-archivo,1
2020-10-04T06:12:00,357070,Nevados de Chillan,VIIRS375,0.2965,0.75,1,muy baja,2026-10-05T18:06:10,mirova-archivo,1
2020-10-05T04:05:00,357070,Nevados de Chillan,MODIS,3.517,1.41,1,baja,2026-10-05T18:06:10,mirova-archivo,1
2020-10-05T05:06:00,357070,Nevados de Chillan,VIIRS375,2.679,0.75,1,baja,2026-10-05T18:06:10,mirova-archivo,1
2020-10-05T05:45:00,357070,Nevados de Chillan,MODIS,2.945,1.41,1,baja,2026-10-05T18:06:10,mirova-archivo,1
2020-10-05T05:54:00,357070,Nevados de Chillan,VIIRS375,2.657,0.53,1,baja,2026-10-05T18:06:10,mirova-archivo,1
2020-10-05T06:42:00,357070,Nevados de Chillan,VIIRS375,4.306,1.91,1,baja,2026-10-05T18:06:10,mirova-archivo,1
2020-10-05T18:12:00,357070,Nevados de Chillan,VIIRS750,88.53,16.52,0,no volcanica,2026-10-05T18:06:10,mirova-archivo,0
2020-10-05T19:06:00,357070,Nevados de Chillan,VIIRS750,88.89,17.00,0,no volcanica,2026-10-05T18:06:10,mirova-archivo,0
2020-10-06T04:42:00,357070,Nevados de Chillan,VIIRS375,0.07535,1.06,1,muy baja,2026-10-05T18:06:10,mirova-archivo,1
2020-10-06T05:36:00,357070,Nevados de Chillan,VIIRS750,5.8,1.06,1,baja,2026-10-05T18:06:10,mirova-archivo,1
2020-10-06T06:24:00,357070,Nevados de Chillan,VIIRS750,7.369,1.68,1,baja,2026-10-05T18:06:10,mirova-archivo,1
2020-10-06T06:25:00,357070,Nevados de Chillan,MODIS,4.148,2.24,1,baja,2026-10-05T18:06:10,mirova-archivo,1
2020-10-07T05:18:00,357070,Nevados de Chillan,VIIRS375,1.627,0.53,1,baja,2026-10-05T18:06:10,mirova-archivo,1
2020-10-07T05:30:00,357070,Nevados de Chillan,MODIS,0.4911,1.41,1,muy baja,2026-10-05T18:06:10,mirova-archivo,1
2020-10-07T06:06:00,357070,Nevados de Chillan,VIIRS375,3.815,0.53,1,baja,2026-10-05T18:06:10,mirova-archivo,1
2020-10-08T02:55:00,357070,Nevados de Chillan,MODIS,1.155,2.00,1,baja,2026-10-05T18:06:10,mirova-archivo,1
2020-10-08T05:00:00,357070,Nevados de Chillan,VIIRS375,3.825,0.84,1,baja,2026-10-05T18:06:10,mirova-archivo,1
2020-10-08T05:48:00,357070,Nevados de Chillan,VIIRS375,2.355,8.63,0,fuera de radio,2026-10-05T18:06:10,mirova-archivo,1
2020-10-08T06:15:00,357070,Nevados de Chillan,MODIS,1.142,1.00,1,baja,2026-10-05T18:06:10,mirova-archivo,1
2020-10-08T06:36:00,357070,Nevados de Chillan,VIIRS375,1.436,1.19,1,baja,2026-10-05T18:06:10,mirova-archivo,1
2020-10-09T03:40:00,357070,Nevados de Chillan,MODIS,4.579,1.41,1,baja,2026-10-05T18:06:10,mirova-archivo,1
2020-10-09T04:42:00,357070,Nevados de Chillan,VIIRS375,2.514,2.02,1,baja,2026-10-05T18:06:10,mirova-archivo,1
2020-10-09T05:20:00,357070,Nevados de Chillan,MODIS,0.7985,1.41,1,muy baja,2026-10-05T18:06:10,mirova-archivo,1
2020-10-09T05:30:00,357070,Nevados de Chillan,VIIRS375,3.107,0.53,1,baja,2026-10-05T18:06:10,mirova-archivo,1
2020-10-09T06:18:00,357070,Nevados de Chillan,VIIRS375,1.639,1.19,1,baja,2026-10-05T18:06:10,mirova-archivo,1
2020-10-10T05:12:00,357070,Nevados de Chillan,VIIRS375,1.907,0.75,1,baja,2026-10-05T18:06:10,mirova-archivo,1
2020-10-10T06:00:00,357070,Nevados de Chillan,MODIS,1.423,1.00,1,baja,2026-10-05T18:06:10,mirova-archivo,1
2020-10-10T06:00:00,357070,Nevados de Chillan,VIIRS375,2.24,0.53,1,baja,2026-10-05T18:06:10,mirova-archivo,1
2020-10-11T03:30:00,357070,Nevados de Chillan,MODIS,2.213,1.41,1,baja,2026-10-05T18:06:10,mirova-archivo,1
2020-10-11T05:42:00,357070,Nevados de Chillan,VIIRS375,2.845,0.53,1,baja,2026-10-05T18:06:10,mirova-archivo,1
2020-10-11T06:30:00,357070,Nevados de Chillan,VIIRS375,1.338,0.84,1,baja,2026-10-05T18:06:10,mirova-archivo,1
2020-10-12T04:30:00,357070,Nevados de Chillan,VIIRS375,1.625,2.12,1,baja,2026-10-05T18:06:10,mirova-archivo,1
2020-10-12T05:24:00,357070,Nevados de Chillan,VIIRS375,3.302,0.53,1,baja,2026-10-05T18:06:10,mirova-archivo,1
2020-10-12T05:50:00,357070,Nevados de Chillan,MODIS,2.308,1.00,1,baja,2026-10-05T18:06:10,mirova-archivo,1
2020-10-12T06:12:00,357070,Nevados de Chillan,VIIRS375,3.123,0.84,1,baja,2026-10-05T18:06:10,mirova-archivo,1
2020-10-13T03:15:00,357070,Nevados de Chillan,MODIS,2.258,1.41,1,baja,2026-10-05T18:06:10,mirova-archivo,1
2020-10-13T05:06:00,357070,Nevados de Chillan,VIIRS375,3.984,1.06,1,baja,2026-10-05T18:06:10,mirova-archivo,1
2020-10-13T05:54:00,357070,Nevados de Chillan,VIIRS375,3.034,0.53,1,baja,2026-10-05T18:06:10,mirova-archivo,1
2020-10-13T06:42:00,357070,Nevados de Chillan,VIIRS375,1.96,1.35,1,baja,2026-10-05T18:06:10,mirova-archivo,1
2020-10-14T04:48:00,357070,Nevados de Chillan,VIIRS375,4.437,1.59,1,baja,2026-10-05T18:06:10,mirova-archivo,1
2020-10-14T05:35:00,357070,Nevados de Chillan,MODIS,1.652,1.00,1,baja,2026-10-05T18:06:10,mirova-archivo,1
2020-10-14T05:36:00,357070,Nevados de Chillan,VIIRS375,3.155,0.53,1,baja,2026-10-05T18:06:10,mirova-archivo,1
2020-10-14T06:24:00,357070,Nevados de Chillan,VIIRS375,2.421,0.84,1,baja,2026-10-05T18:06:10,mirova-archivo,1
2020-10-15T05:18:00,357070,Nevados de Chillan,VIIRS375,3.977,0.84,1,baja,2026-10-05T18:06:10,mirova-archivo,1
2020-10-15T06:06:00,357070,Nevados de Chillan,VIIRS375,4.144,0.84,1,baja,2026-10-05T18:06:10,mirova-archivo,1
2020-10-15T06:20:00,357070,Nevados de Chillan,MODIS,3.6,2.24,1,baja,2026-10-05T18:06:10,mirova-archivo,1
2020-10-16T03:45:00,357070,Nevados de Chillan,MODIS,2.661,1.00,1,baja,2026-10-05T18:06:10,mirova-archivo,1
2020-10-16T05:00:00,357070,Nevados de Chillan,VIIRS375,3.312,1.06,1,baja,2026-10-05T18:06:10,mirova-archivo,1
2020-10-16T05:25:00,357070,Nevados de Chillan,MODIS,0.9882,1.00,1,muy baja,2026-10-05T18:06:10,mirova-archivo,1
2020-10-16T05:48:00,357070,Nevados de Chillan,VIIRS375,2.67,0.53,1,baja,2026-10-05T18:06:10,mirova-archivo,1
2020-10-16T06:36:00,357070,Nevados de Chillan,VIIRS375,1.91,0.84,1,baja,2026-10-05T18:06:10,mirova-archivo,1
2020-10-17T04:36:00,357070,Nevados de Chillan,VIIRS375,3.774,2.02,1,baja,2026-10-05T18:06:10,mirova-archivo,1
2020-10-17T05:30:00,357070,Nevados de Chillan,VIIRS375,2.693,0.53,1,baja,2026-10-05T18:06:10,mirova-archivo,1
2020-10-17T06:18:00,357070,Nevados de Chillan,VIIRS375,1.894,1.12,1,baja,2026-10-05T18:06:10,mirova-archivo,1
2020-10-18T05:12:00,357070,Nevados de Chillan,VIIRS375,3.909,0.53,1,baja,2026-10-05T18:06:10,mirova-archivo,1
2020-10-18T06:00:00,357070,Nevados de Chillan,VIIRS375,1.462,0.84,1,baja,2026-10-05T18:06:10,mirova-archivo,1
2020-10-18T06:48:00,357070,Nevados de Chillan,VIIRS375,1.511,1.88,1,baja,2026-10-05T18:06:10,mirova-archivo,1
2020-10-19T04:54:00,357070,Nevados de Chillan,VIIRS375,4.057,1.35,1,baja,2026-10-05T18:06:10,mirova-archivo,1
2020-10-19T05:42:00,357070,Nevados de Chillan,VIIRS375,1.541,0.53,1,baja,2026-10-05T18:06:10,mirova-archivo,1
2020-10-19T05:55:00,357070,Nevados de Chillan,MODIS,0.9014,1.00,1,muy baja,2026-10-05T18:06:10,mirova-archivo,1
2020-10-21T04:05:00,357070,Nevados de Chillan,MODIS,1.55,1.00,1,baja,2026-10-05T18:06:10,mirova-archivo,1
2020-10-21T05:06:00,357070,Nevados de Chillan,VIIRS750,5.653,1.68,1,baja,2026-10-05T18:06:10,mirova-archivo,1
2020-10-21T05:45:00,357070,Nevados de Chillan,MODIS,1.006,1.00,1,baja,2026-10-05T18:06:10,mirova-archivo,1
2020-10-21T05:54:00,357070,Nevados de Chillan,VIIRS375,2.688,0.84,1,baja,2026-10-05T18:06:10,mirova-archivo,1
2020-10-21T06:42:00,357070,Nevados de Chillan,VIIRS375,1.454,1.19,1,baja,2026-10-05T18:06:10,mirova-archivo,1
2020-10-22T03:10:00,357070,Nevados de Chillan,MODIS,1.316,1.00,1,baja,2026-10-05T18:06:10,mirova-archivo,1
2020-10-22T04:42:00,357070,Nevados de Chillan,VIIRS375,3.468,1.59,1,baja,2026-10-05T18:06:10,mirova-archivo,1
2020-10-22T05:36:00,357070,Nevados de Chillan,VIIRS375,3.368,0.53,1,baja,2026-10-05T18:06:10,mirova-archivo,1
2020-10-22T06:24:00,357070,Nevados de Chillan,VIIRS375,2.137,0.84,1,baja,2026-10-05T18:06:10,mirova-archivo,1
2020-10-22T06:25:00,357070,Nevados de Chillan,MODIS,0.3273,0.00,1,muy baja,2026-10-05T18:06:10,mirova-archivo,1
2020-10-23T03:50:00,357070,Nevados de Chillan,MODIS,0.8489,0.00,1,muy baja,2026-10-05T18:06:10,mirova-archivo,1
2020-10-23T05:18:00,357070,Nevados de Chillan,VIIRS375,2.363,0.84,1,baja,2026-10-05T18:06:10,mirova-archivo,1
2020-10-23T05:30:00,357070,Nevados de Chillan,MODIS,1.943,1.00,1,baja,2026-10-05T18:06:10,mirova-archivo,1
2020-10-23T06:06:00,357070,Nevados de Chillan,VIIRS375,1.844,0.84,1,baja,2026-10-05T18:06:10,mirova-archivo,1
2020-10-24T02:55:00,357070,Nevados de Chillan,MODIS,0.553,1.00,1,muy baja,2026-10-05T18:06:10,mirova-archivo,1
2020-10-24T05:00:00,357070,Nevados de Chillan,VIIRS375,2.565,0.75,1,baja,2026-10-05T18:06:10,mirova-archivo,1
2020-10-24T05:48:00,357070,Nevados de Chillan,VIIRS375,1.701,0.53,1,baja,2026-10-05T18:06:10,mirova-archivo,1
2020-10-24T06:15:00,357070,Nevados de Chillan,MODIS,1.051,1.00,1,baja,2026-10-05T18:06:10,mirova-archivo,1
2020-10-24T06:36:00,357070,Nevados de Chillan,VIIRS375,0.8783,1.19,1,muy baja,2026-10-05T18:06:10,mirova-archivo,1
2020-10-25T05:30:00,357070,Nevados de Chillan,VIIRS375,0.7874,0.53,1,muy baja,2026-10-05T18:06:10,mirova-archivo,1
2020-10-25T06:18:00,357070,Nevados de Chillan,VIIRS375,0.5451,1.19,1,muy baja,2026-10-05T18:06:10,mirova-archivo,1
2020-10-26T05:12:00,357070,Nevados de Chillan,VIIRS375,4.127,1.12,1,baja,2026-10-05T18:06:10,mirova-archivo,1
2020-10-26T06:00:00,357070,Nevados de Chillan,MODIS,2.277,1.00,1,baja,2026-10-05T18:06:10,mirova-archivo,1
2020-10-26T06:00:00,357070,Nevados de Chillan,VIIRS375,2.231,0.84,1,baja,2026-10-05T18:06:10,mirova-archivo,1
2020-10-29T03:15:00,357070,Nevados de Chillan,MODIS,1.546,2.24,1,baja,2026-10-05T18:06:10,mirova-archivo,1
2020-10-29T05:06:00,357070,Nevados de Chillan,VIIRS375,3.111,0.84,1,baja,2026-10-05T18:06:10,mirova-archivo,1
2020-10-29T05:54:00,357070,Nevados de Chillan,VIIRS375,4.245,0.53,1,baja,2026-10-05T18:06:10,mirova-archivo,1
2020-10-29T06:30:00,357070,Nevados de Chillan,MODIS,0.5284,2.00,1,muy baja,2026-10-05T18:06:10,mirova-archivo,1
2020-10-29T06:42:00,357070,Nevados de Chillan,VIIRS375,2.629,2.25,1,baja,2026-10-05T18:06:10,mirova-archivo,1
2020-10-30T04:48:00,357070,Nevados de Chillan,VIIRS375,4.322,1.35,1,baja,2026-10-05T18:06:10,mirova-archivo,1
2020-10-30T05:35:00,357070,Nevados de Chillan,MODIS,1.9,1.00,1,baja,2026-10-05T18:06:10,mirova-archivo,1
2020-10-30T05:36:00,357070,Nevados de Chillan,VIIRS375,2.565,0.53,1,baja,2026-10-05T18:06:10,mirova-archivo,1
2020-10-30T06:24:00,357070,Nevados de Chillan,VIIRS375,0.6391,1.06,1,muy baja,2026-10-05T18:06:10,mirova-archivo,1
2020-10-31T05:18:00,357070,Nevados de Chillan,VIIRS375,3.01,0.84,1,baja,2026-10-05T18:06:10,mirova-archivo,1
2020-10-31T06:06:00,357070,Nevados de Chillan,VIIRS375,4.194,0.84,1,baja,2026-10-05T18:06:10,mirova-archivo,1
2020-10-31T06:20:00,357070,Nevados de Chillan,MODIS,2.41,1.41,1,baja,2026-10-05T18:06:10,mirova-archivo,1
2020-11-01T05:00:00,357070,Nevados de Chillan,VIIRS750,5.34,1.68,1,baja,2026-10-05T18:06:10,mirova-archivo,1
2020-11-01T05:48:00,357070,Nevados de Chillan,VIIRS375,3.961,0.53,1,baja,2026-10-05T18:06:10,mirova-archivo,1
2020-11-01T06:36:00,357070,Nevados de Chillan,VIIRS375,4.181,1.19,1,baja,2026-10-05T18:06:10,mirova-archivo,1
2020-11-02T04:36:00,357070,Nevados de Chillan,VIIRS375,3.802,1.68,1,baja,2026-10-05T18:06:10,mirova-archivo,1
2020-11-02T05:30:00,357070,Nevados de Chillan,VIIRS375,4.434,0.53,1,baja,2026-10-05T18:06:10,mirova-archivo,1
2020-11-02T06:18:00,357070,Nevados de Chillan,VIIRS375,3.156,1.19,1,baja,2026-10-05T18:06:10,mirova-archivo,1
2020-11-03T03:35:00,357070,Nevados de Chillan,MODIS,0.8824,0.00,1,muy baja,2026-10-05T18:06:10,mirova-archivo,1
2020-11-03T05:12:00,357070,Nevados de Chillan,VIIRS375,3.158,0.53,1,baja,2026-10-05T18:06:10,mirova-archivo,1
2020-11-03T06:00:00,357070,Nevados de Chillan,VIIRS375,2.514,0.84,1,baja,2026-10-05T18:06:10,mirova-archivo,1
2020-11-03T06:48:00,357070,Nevados de Chillan,VIIRS375,3.571,2.70,1,baja,2026-10-05T18:06:10,mirova-archivo,1
2020-11-03T18:18:00,357070,Nevados de Chillan,VIIRS750,975.1,20.37,0,no volcanica,2026-10-05T18:06:10,mirova-archivo,0
2020-11-03T18:50:00,357070,Nevados de Chillan,MODIS,411.4,21.21,0,no volcanica,2026-10-05T18:06:10,mirova-archivo,0
2020-11-03T19:12:00,357070,Nevados de Chillan,VIIRS750,420.4,20.31,0,no volcanica,2026-10-05T18:06:10,mirova-archivo,0
2020-11-04T04:54:00,357070,Nevados de Chillan,VIIRS375,2.411,0.84,1,baja,2026-10-05T18:06:10,mirova-archivo,1
2020-11-05T03:20:00,357070,Nevados de Chillan,MODIS,1.507,1.00,1,baja,2026-10-05T18:06:10,mirova-archivo,1
2020-11-05T04:30:00,357070,Nevados de Chillan,VIIRS375,3.223,2.28,1,baja,2026-10-05T18:06:10,mirova-archivo,1
2020-11-05T05:24:00,357070,Nevados de Chillan,VIIRS375,4.246,0.53,1,baja,2026-10-05T18:06:10,mirova-archivo,1
2020-11-05T06:12:00,357070,Nevados de Chillan,VIIRS375,2.099,0.75,1,baja,2026-10-05T18:06:10,mirova-archivo,1
2020-11-06T05:06:00,357070,Nevados de Chillan,VIIRS375,2.29,0.84,1,baja,2026-10-05T18:06:10,mirova-archivo,1
2020-11-06T05:45:00,357070,Nevados de Chillan,MODIS,0.5771,0.00,1,muy baja,2026-10-05T18:06:10,mirova-archivo,1
2020-11-06T05:54:00,357070,Nevados de Chillan,VIIRS750,5.994,1.06,1,baja,2026-10-05T18:06:10,mirova-archivo,1
2020-11-06T06:42:00,357070,Nevados de Chillan,VIIRS375,3.165,1.55,1,baja,2026-10-05T18:06:10,mirova-archivo,1
2020-11-07T03:10:00,357070,Nevados de Chillan,MODIS,1.502,1.41,1,baja,2026-10-05T18:06:10,mirova-archivo,1
2020-11-07T05:36:00,357070,Nevados de Chillan,VIIRS375,2.557,0.38,1,baja,2026-10-05T18:06:10,mirova-archivo,1
2020-11-07T06:24:00,357070,Nevados de Chillan,VIIRS375,2.342,23.10,0,no volcanica,2026-10-05T18:06:10,mirova-archivo,0
2020-11-08T03:50:00,357070,Nevados de Chillan,MODIS,1.977,1.00,1,baja,2026-10-05T18:06:10,mirova-archivo,1
2020-11-08T05:18:00,357070,Nevados de Chillan,VIIRS375,6.94,0.53,1,baja,2026-10-05T18:06:10,mirova-archivo,1
2020-11-08T05:30:00,357070,Nevados de Chillan,MODIS,4.11,1.41,1,baja,2026-10-05T18:06:10,mirova-archivo,1
2020-11-08T06:06:00,357070,Nevados de Chillan,VIIRS375,3.539,0.84,1,baja,2026-10-05T18:06:10,mirova-archivo,1
2020-11-09T02:55:00,357070,Nevados de Chillan,MODIS,1.2,2.00,1,baja,2026-10-05T18:06:10,mirova-archivo,1
2020-11-09T05:00:00,357070,Nevados de Chillan,VIIRS375,4.075,0.84,1,baja,2026-10-05T18:06:10,mirova-archivo,1
2020-11-09T05:48:00,357070,Nevados de Chillan,VIIRS375,3.074,0.75,1,baja,2026-10-05T18:06:10,mirova-archivo,1
2020-11-09T06:36:00,357070,Nevados de Chillan,VIIRS375,3.528,1.55,1,baja,2026-10-05T18:06:10,mirova-archivo,1
2020-11-10T04:36:00,357070,Nevados de Chillan,VIIRS375,0.9621,1.91,1,muy baja,2026-10-05T18:06:10,mirova-archivo,1
2020-11-10T05:20:00,357070,Nevados de Chillan,MODIS,1.715,2.00,1,baja,2026-10-05T18:06:10,mirova-archivo,1
2020-11-10T05:30:00,357070,Nevados de Chillan,VIIRS375,4.036,0.84,1,baja,2026-10-05T18:06:10,mirova-archivo,1
2020-11-10T06:18:00,357070,Nevados de Chillan,VIIRS375,3.056,1.06,1,baja,2026-10-05T18:06:10,mirova-archivo,1
2020-11-11T05:12:00,357070,Nevados de Chillan,VIIRS375,3.667,1.19,1,baja,2026-10-05T18:06:10,mirova-archivo,1
2020-11-11T06:00:00,357070,Nevados de Chillan,MODIS,2.544,1.00,1,baja,2026-10-05T18:06:10,mirova-archivo,1
2020-11-11T06:00:00,357070,Nevados de Chillan,VIIRS375,3.169,0.84,1,baja,2026-10-05T18:06:10,mirova-archivo,1
2020-11-12T03:30:00,357070,Nevados de Chillan,MODIS,7.415,1.41,1,baja,2026-10-05T18:06:10,mirova-archivo,1
2020-11-12T04:54:00,357070,Nevados de Chillan,VIIRS750,5.299,12.57,0,no volcanica,2026-10-05T18:06:10,mirova-archivo,0
2020-11-12T05:42:00,357070,Nevados de Chillan,VIIRS375,4.39,0.53,1,baja,2026-10-05T18:06:10,mirova-archivo,1
2020-11-12T06:30:00,357070,Nevados de Chillan,VIIRS375,1.698,1.19,1,baja,2026-10-05T18:06:10,mirova-archivo,1
2020-11-13T04:30:00,357070,Nevados de Chillan,VIIRS375,0.01519,2.86,1,muy baja,2026-10-05T18:06:10,mirova-archivo,1
2020-11-13T05:24:00,357070,Nevados de Chillan,VIIRS375,0.05966,0.53,1,muy baja,2026-10-05T18:06:10,mirova-archivo,1
2020-11-13T06:12:00,357070,Nevados de Chillan,VIIRS375,0.8197,0.53,1,muy baja,2026-10-05T18:06:10,mirova-archivo,1
2020-11-14T05:06:00,357070,Nevados de Chillan,VIIRS375,1.347,0.84,1,baja,2026-10-05T18:06:10,mirova-archivo,1
2020-11-14T05:54:00,357070,Nevados de Chillan,VIIRS375,2.258,0.53,1,baja,2026-10-05T18:06:10,mirova-archivo,1
2020-11-14T06:42:00,357070,Nevados de Chillan,VIIRS375,0.8371,1.19,1,muy baja,2026-10-05T18:06:10,mirova-archivo,1
2020-11-15T04:00:00,357070,Nevados de Chillan,MODIS,0.3879,1.00,1,muy baja,2026-10-05T18:06:10,mirova-archivo,1
2020-11-15T04:48:00,357070,Nevados de Chillan,VIIRS750,14.89,2.37,1,moderada,2026-10-05T18:06:10,mirova-archivo,1
2020-11-15T05:35:00,357070,Nevados de Chillan,MODIS,3.997,1.41,1,baja,2026-10-05T18:06:10,mirova-archivo,1
2020-11-15T05:36:00,357070,Nevados de Chillan,VIIRS750,6.159,1.06,1,baja,2026-10-05T18:06:10,mirova-archivo,1
2020-11-15T06:24:00,357070,Nevados de Chillan,VIIRS375,2.444,0.84,1,baja,2026-10-05T18:06:10,mirova-archivo,1
2020-11-16T03:05:00,357070,Nevados de Chillan,MODIS,2.467,2.24,1,baja,2026-10-05T18:06:10,mirova-archivo,1
2020-11-16T05:18:00,357070,Nevados de Chillan,VIIRS375,3.838,0.84,1,baja,2026-10-05T18:06:10,mirova-archivo,1
2020-11-16T06:06:00,357070,Nevados de Chillan,VIIRS375,1.812,0.53,1,baja,2026-10-05T18:06:10,mirova-archivo,1
2020-11-17T03:45:00,357070,Nevados de Chillan,MODIS,3.715,1.41,1,baja,2026-10-05T18:06:10,mirova-archivo,1
2020-11-17T05:00:00,357070,Nevados de Chillan,VIIRS375,7.097,26.25,0,no volcanica,2026-10-05T18:06:10,mirova-archivo,0
2020-11-17T05:48:00,357070,Nevados de Chillan,VIIRS750,5.43,0.75,1,baja,2026-10-05T18:06:10,mirova-archivo,1
2020-11-17T06:36:00,357070,Nevados de Chillan,VIIRS375,2.693,1.50,1,baja,2026-10-05T18:06:10,mirova-archivo,1
2020-11-18T04:36:00,357070,Nevados de Chillan,VIIRS375,1.766,1.88,1,baja,2026-10-05T18:06:10,mirova-archivo,1
2020-11-18T05:30:00,357070,Nevados de Chillan,VIIRS375,3.451,0.84,1,baja,2026-10-05T18:06:10,mirova-archivo,1
2020-11-18T06:05:00,357070,Nevados de Chillan,MODIS,1.612,1.00,1,baja,2026-10-05T18:06:10,mirova-archivo,1
2020-11-18T06:18:00,357070,Nevados de Chillan,VIIRS375,2.44,1.19,1,baja,2026-10-05T18:06:10,mirova-archivo,1
2020-11-19T03:35:00,357070,Nevados de Chillan,MODIS,2.236,1.00,1,baja,2026-10-05T18:06:10,mirova-archivo,1
2020-11-19T05:12:00,357070,Nevados de Chillan,VIIRS375,1.616,0.53,1,baja,2026-10-05T18:06:10,mirova-archivo,1
2020-11-19T06:00:00,357070,Nevados de Chillan,VIIRS375,2.144,0.84,1,baja,2026-10-05T18:06:10,mirova-archivo,1
2020-11-19T06:48:00,357070,Nevados de Chillan,VIIRS375,0.76,1.91,1,muy baja,2026-10-05T18:06:10,mirova-archivo,1
2020-11-20T05:42:00,357070,Nevados de Chillan,VIIRS375,2.272,0.84,1,baja,2026-10-05T18:06:10,mirova-archivo,1
2020-11-21T03:20:00,357070,Nevados de Chillan,MODIS,1.22,1.00,1,baja,2026-10-05T18:06:10,mirova-archivo,1
2020-11-21T05:24:00,357070,Nevados de Chillan,VIIRS375,2.516,0.84,1,baja,2026-10-05T18:06:10,mirova-archivo,1
2020-11-21T06:12:00,357070,Nevados de Chillan,VIIRS375,2.117,0.53,1,baja,2026-10-05T18:06:10,mirova-archivo,1
2020-11-22T04:05:00,357070,Nevados de Chillan,MODIS,0.3853,0.00,1,muy baja,2026-10-05T18:06:10,mirova-archivo,1
2020-11-22T05:06:00,357070,Nevados de Chillan,VIIRS375,2.567,0.84,1,baja,2026-10-05T18:06:10,mirova-archivo,1
2020-11-22T05:45:00,357070,Nevados de Chillan,MODIS,7.401,1.41,1,baja,2026-10-05T18:06:10,mirova-archivo,1
2020-11-22T05:54:00,357070,Nevados de Chillan,VIIRS750,5.132,1.06,1,baja,2026-10-05T18:06:10,mirova-archivo,1
2020-11-22T06:42:00,357070,Nevados de Chillan,VIIRS375,1.65,1.19,1,baja,2026-10-05T18:06:10,mirova-archivo,1
2020-11-23T03:10:00,357070,Nevados de Chillan,MODIS,1.638,1.41,1,baja,2026-10-05T18:06:10,mirova-archivo,1
2020-11-23T05:36:00,357070,Nevados de Chillan,VIIRS375,3.063,0.75,1,baja,2026-10-05T18:06:10,mirova-archivo,1
2020-11-23T06:24:00,357070,Nevados de Chillan,VIIRS375,1.406,0.84,1,baja,2026-10-05T18:06:10,mirova-archivo,1
2020-11-24T05:18:00,357070,Nevados de Chillan,VIIRS375,3.442,0.75,1,baja,2026-10-05T18:06:10,mirova-archivo,1
2020-11-24T05:30:00,357070,Nevados de Chillan,MODIS,1.924,1.41,1,baja,2026-10-05T18:06:10,mirova-archivo,1
2020-11-24T06:06:00,357070,Nevados de Chillan,VIIRS375,3.091,0.53,1,baja,2026-10-05T18:06:10,mirova-archivo,1
2020-11-25T05:00:00,357070,Nevados de Chillan,VIIRS375,1.503,0.53,1,baja,2026-10-05T18:06:10,mirova-archivo,1
2020-11-25T05:48:00,357070,Nevados de Chillan,VIIRS375,2.317,0.53,1,baja,2026-10-05T18:06:10,mirova-archivo,1
2020-11-25T06:36:00,357070,Nevados de Chillan,VIIRS375,0.48,0.84,1,muy baja,2026-10-05T18:06:10,mirova-archivo,1
2020-11-26T03:40:00,357070,Nevados de Chillan,MODIS,3.137,1.00,1,baja,2026-10-05T18:06:10,mirova-archivo,1
2020-11-26T04:36:00,357070,Nevados de Chillan,VIIRS375,2.962,1.59,1,baja,2026-10-05T18:06:10,mirova-archivo,1
2020-11-26T05:30:00,357070,Nevados de Chillan,VIIRS375,3.894,0.53,1,baja,2026-10-05T18:06:10,mirova-archivo,1
2020-11-26T06:18:00,357070,Nevados de Chillan,VIIRS375,4.155,1.12,1,baja,2026-10-05T18:06:10,mirova-archivo,1
2020-11-27T05:12:00,357070,Nevados de Chillan,VIIRS375,3.448,0.84,1,baja,2026-10-05T18:06:10,mirova-archivo,1
2020-11-27T06:00:00,357070,Nevados de Chillan,MODIS,3.253,1.00,1,baja,2026-10-05T18:06:10,mirova-archivo,1
2020-11-27T06:00:00,357070,Nevados de Chillan,VIIRS375,4.645,0.84,1,baja,2026-10-05T18:06:10,mirova-archivo,1
2020-11-28T03:30:00,357070,Nevados de Chillan,MODIS,3.002,1.41,1,baja,2026-10-05T18:06:10,mirova-archivo,1
2020-11-28T04:54:00,357070,Nevados de Chillan,VIIRS750,7.001,1.68,1,baja,2026-10-05T18:06:10,mirova-archivo,1
2020-11-28T05:42:00,357070,Nevados de Chillan,VIIRS375,4.255,19.13,0,no volcanica,2026-10-05T18:06:10,mirova-archivo,0
2020-11-28T06:30:00,357070,Nevados de Chillan,VIIRS375,0.9449,1.12,1,muy baja,2026-10-05T18:06:10,mirova-archivo,1
2020-11-29T04:30:00,357070,Nevados de Chillan,VIIRS375,0.07768,2.19,1,muy baja,2026-10-05T18:06:10,mirova-archivo,1
2020-11-29T05:24:00,357070,Nevados de Chillan,VIIRS375,0.3492,0.53,1,muy baja,2026-10-05T18:06:10,mirova-archivo,1
2020-11-30T03:15:00,357070,Nevados de Chillan,MODIS,1.83,1.41,1,baja,2026-10-05T18:06:10,mirova-archivo,1
2020-11-30T05:06:00,357070,Nevados de Chillan,VIIRS375,2.006,0.84,1,baja,2026-10-05T18:06:10,mirova-archivo,1
2020-11-30T05:54:00,357070,Nevados de Chillan,VIIRS375,3.056,0.53,1,baja,2026-10-05T18:06:10,mirova-archivo,1
2020-11-30T06:42:00,357070,Nevados de Chillan,VIIRS375,4.359,1.55,1,baja,2026-10-05T18:06:10,mirova-archivo,1
2020-12-01T05:35:00,357070,Nevados de Chillan,MODIS,2.073,1.00,1,baja,2026-10-05T18:06:10,mirova-archivo,1
2020-12-01T05:36:00,357070,Nevados de Chillan,VIIRS375,2.806,0.38,1,baja,2026-10-05T18:06:10,mirova-archivo,1
2020-12-01T06:24:00,357070,Nevados de Chillan,VIIRS375,4.111,1.19,1,baja,2026-10-05T18:06:10,mirova-archivo,1
2020-12-02T03:05:00,357070,Nevados de Chillan,MODIS,3.195,2.24,1,baja,2026-10-05T18:06:10,mirova-archivo,1
2020-12-02T05:18:00,357070,Nevados de Chillan,VIIRS375,2.853,0.75,1,baja,2026-10-05T18:06:10,mirova-archivo,1
2020-12-02T06:06:00,357070,Nevados de Chillan,VIIRS375,1.709,0.84,1,baja,2026-10-05T18:06:10,mirova-archivo,1
2020-12-02T06:20:00,357070,Nevados de Chillan,MODIS,0.4469,0.00,1,muy baja,2026-10-05T18:06:10,mirova-archivo,1
2020-12-03T03:45:00,357070,Nevados de Chillan,MODIS,1.128,1.00,1,baja,2026-10-05T18:06:10,mirova-archivo,1
2020-12-03T05:00:00,357070,Nevados de Chillan,VIIRS375,4.119,1.06,1,baja,2026-10-05T18:06:10,mirova-archivo,1
2020-12-03T05:25:00,357070,Nevados de Chillan,MODIS,2.008,1.41,1,baja,2026-10-05T18:06:10,mirova-archivo,1
2020-12-03T05:48:00,357070,Nevados de Chillan,VIIRS375,3.556,0.84,1,baja,2026-10-05T18:06:10,mirova-archivo,1
2020-12-03T06:36:00,357070,Nevados de Chillan,VIIRS375,3.053,1.19,1,baja,2026-10-05T18:06:10,mirova-archivo,1
2020-12-04T04:36:00,357070,Nevados de Chillan,VIIRS375,1.146,2.02,1,baja,2026-10-05T18:06:10,mirova-archivo,1
2020-12-04T05:30:00,357070,Nevados de Chillan,VIIRS375,2.681,0.53,1,baja,2026-10-05T18:06:10,mirova-archivo,1
2020-12-04T06:18:00,357070,Nevados de Chillan,VIIRS375,2.279,1.06,1,baja,2026-10-05T18:06:10,mirova-archivo,1
2020-12-05T03:35:00,357070,Nevados de Chillan,MODIS,2.391,1.41,1,baja,2026-10-05T18:06:10,mirova-archivo,1
2020-12-05T05:12:00,357070,Nevados de Chillan,VIIRS375,3.374,0.75,1,baja,2026-10-05T18:06:10,mirova-archivo,1
2020-12-05T06:00:00,357070,Nevados de Chillan,VIIRS375,2.716,0.84,1,baja,2026-10-05T18:06:10,mirova-archivo,1
2020-12-05T06:48:00,357070,Nevados de Chillan,VIIRS375,3.176,2.65,1,baja,2026-10-05T18:06:10,mirova-archivo,1
2020-12-06T04:54:00,357070,Nevados de Chillan,VIIRS750,5.807,1.06,1,baja,2026-10-05T18:06:10,mirova-archivo,1
2020-12-06T05:42:00,357070,Nevados de Chillan,VIIRS375,3.305,0.38,1,baja,2026-10-05T18:06:10,mirova-archivo,1
2020-12-06T06:30:00,357070,Nevados de Chillan,VIIRS375,1.94,1.19,1,baja,2026-10-05T18:06:10,mirova-archivo,1
2020-12-07T03:20:00,357070,Nevados de Chillan,MODIS,0.8056,0.00,1,muy baja,2026-10-05T18:06:10,mirova-archivo,1
2020-12-07T04:30:00,357070,Nevados de Chillan,VIIRS375,11.6,2.02,1,moderada,2026-10-05T18:06:10,mirova-archivo,1
2020-12-07T05:24:00,357070,Nevados de Chillan,VIIRS750,5.074,1.06,1,baja,2026-10-05T18:06:10,mirova-archivo,1
2020-12-07T06:12:00,357070,Nevados de Chillan,VIIRS375,3.486,1.06,1,baja,2026-10-05T18:06:10,mirova-archivo,1
2020-12-08T05:06:00,357070,Nevados de Chillan,VIIRS375,2.217,0.84,1,baja,2026-10-05T18:06:10,mirova-archivo,1
2020-12-08T05:45:00,357070,Nevados de Chillan,MODIS,0.8588,0.00,1,muy baja,2026-10-05T18:06:10,mirova-archivo,1
2020-12-08T05:54:00,357070,Nevados de Chillan,VIIRS375,2.293,0.53,1,baja,2026-10-05T18:06:10,mirova-archivo,1
2020-12-08T06:42:00,357070,Nevados de Chillan,VIIRS375,0.9873,1.19,1,muy baja,2026-10-05T18:06:10,mirova-archivo,1
2020-12-09T03:10:00,357070,Nevados de Chillan,MODIS,3.612,1.41,1,baja,2026-10-05T18:06:10,mirova-archivo,1
2020-12-09T04:48:00,357070,Nevados de Chillan,VIIRS375,6.808,1.59,1,baja,2026-10-05T18:06:10,mirova-archivo,1
2020-12-09T05:36:00,357070,Nevados de Chillan,VIIRS375,4.338,0.53,1,baja,2026-10-05T18:06:10,mirova-archivo,1
2020-12-09T06:24:00,357070,Nevados de Chillan,VIIRS375,3.101,0.84,1,baja,2026-10-05T18:06:10,mirova-archivo,1
2020-12-10T05:18:00,357070,Nevados de Chillan,VIIRS375,3.906,0.53,1,baja,2026-10-05T18:06:10,mirova-archivo,1
2020-12-10T05:30:00,357070,Nevados de Chillan,MODIS,0.7322,1.41,1,muy baja,2026-10-05T18:06:10,mirova-archivo,1
2020-12-10T06:06:00,357070,Nevados de Chillan,VIIRS375,3.797,0.53,1,baja,2026-10-05T18:06:10,mirova-archivo,1
2020-12-11T05:00:00,357070,Nevados de Chillan,VIIRS375,1.736,0.84,1,baja,2026-10-05T18:06:10,mirova-archivo,1
2020-12-11T05:48:00,357070,Nevados de Chillan,VIIRS375,2.127,0.84,1,baja,2026-10-05T18:06:10,mirova-archivo,1
2020-12-11T06:36:00,357070,Nevados de Chillan,VIIRS375,1.056,1.55,1,baja,2026-10-05T18:06:10,mirova-archivo,1
2020-12-13T05:12:00,357070,Nevados de Chillan,VIIRS375,1.196,1.06,1,baja,2026-10-05T18:06:10,mirova-archivo,1
2020-12-13T06:00:00,357070,Nevados de Chillan,MODIS,1.657,1.00,1,baja,2026-10-05T18:06:10,mirova-archivo,1
2020-12-13T06:00:00,357070,Nevados de Chillan,VIIRS375,1.585,0.84,1,baja,2026-10-05T18:06:10,mirova-archivo,1
2020-12-14T03:30:00,357070,Nevados de Chillan,MODIS,1.584,1.00,1,baja,2026-10-05T18:06:10,mirova-archivo,1
2020-12-14T04:54:00,357070,Nevados de Chillan,VIIRS375,6.184,1.06,1,baja,2026-10-05T18:06:10,mirova-archivo,1
2020-12-14T05:42:00,357070,Nevados de Chillan,VIIRS375,2.161,0.53,1,baja,2026-10-05T18:06:10,mirova-archivo,1
2020-12-14T06:30:00,357070,Nevados de Chillan,VIIRS375,0.9639,0.84,1,muy baja,2026-10-05T18:06:10,mirova-archivo,1
2020-12-15T04:10:00,357070,Nevados de Chillan,MODIS,1.359,2.00,1,baja,2026-10-05T18:06:10,mirova-archivo,1
2020-12-15T04:30:00,357070,Nevados de Chillan,VIIRS375,5.051,2.37,1,baja,2026-10-05T18:06:10,mirova-archivo,1
2020-12-15T05:24:00,357070,Nevados de Chillan,VIIRS375,3.014,0.53,1,baja,2026-10-05T18:06:10,mirova-archivo,1
2020-12-15T05:50:00,357070,Nevados de Chillan,MODIS,4.67,1.41,1,baja,2026-10-05T18:06:10,mirova-archivo,1
2020-12-15T06:12:00,357070,Nevados de Chillan,VIIRS375,2.684,0.84,1,baja,2026-10-05T18:06:10,mirova-archivo,1
2020-12-16T05:06:00,357070,Nevados de Chillan,VIIRS375,2.317,0.84,1,baja,2026-10-05T18:06:10,mirova-archivo,1
2020-12-16T05:54:00,357070,Nevados de Chillan,VIIRS750,7.692,1.06,1,baja,2026-10-05T18:06:10,mirova-archivo,1
2020-12-16T06:42:00,357070,Nevados de Chillan,VIIRS375,4.398,1.35,1,baja,2026-10-05T18:06:10,mirova-archivo,1
2020-12-17T04:00:00,357070,Nevados de Chillan,MODIS,6.424,1.41,1,baja,2026-10-05T18:06:10,mirova-archivo,1
2020-12-17T04:42:00,357070,Nevados de Chillan,VIIRS375,8.04,1.55,1,baja,2026-10-05T18:06:10,mirova-archivo,1
2020-12-17T05:36:00,357070,Nevados de Chillan,VIIRS375,3.56,0.53,1,baja,2026-10-05T18:06:10,mirova-archivo,1
2020-12-17T06:24:00,357070,Nevados de Chillan,VIIRS375,2.317,0.84,1,baja,2026-10-05T18:06:10,mirova-archivo,1
2020-12-18T06:06:00,357070,Nevados de Chillan,VIIRS375,0.4038,24.21,0,no volcanica,2026-10-05T18:06:10,mirova-archivo,0
2020-12-19T05:00:00,357070,Nevados de Chillan,VIIRS375,0.4985,14.00,0,no volcanica,2026-10-05T18:06:10,mirova-archivo,0
2020-12-20T04:36:00,357070,Nevados de Chillan,VIIRS375,5.714,2.02,1,baja,2026-10-05T18:06:10,mirova-archivo,1
2020-12-20T05:30:00,357070,Nevados de Chillan,VIIRS375,2.85,0.53,1,baja,2026-10-05T18:06:10,mirova-archivo,1
2020-12-20T06:18:00,357070,Nevados de Chillan,VIIRS375,1.835,0.84,1,baja,2026-10-05T18:06:10,mirova-archivo,1
2020-12-21T03:35:00,357070,Nevados de Chillan,MODIS,2.343,1.00,1,baja,2026-10-05T18:06:10,mirova-archivo,1
2020-12-21T05:10:00,357070,Nevados de Chillan,MODIS,0.4766,1.41,1,muy baja,2026-10-05T18:06:10,mirova-archivo,1
2020-12-21T05:12:00,357070,Nevados de Chillan,VIIRS375,3.798,0.84,1,baja,2026-10-05T18:06:10,mirova-archivo,1
2020-12-21T06:00:00,357070,Nevados de Chillan,VIIRS375,3.705,0.53,1,baja,2026-10-05T18:06:10,mirova-archivo,1
2020-12-21T06:48:00,357070,Nevados de Chillan,VIIRS375,4.482,2.65,1,baja,2026-10-05T18:06:10,mirova-archivo,1
2020-12-22T04:54:00,357070,Nevados de Chillan,VIIRS375,5.968,1.19,1,baja,2026-10-05T18:06:10,mirova-archivo,1
2020-12-22T05:42:00,357070,Nevados de Chillan,VIIRS375,3.76,0.53,1,baja,2026-10-05T18:06:10,mirova-archivo,1
2020-12-22T05:55:00,357070,Nevados de Chillan,MODIS,4.406,1.00,1,baja,2026-10-05T18:06:10,mirova-archivo,1
2020-12-22T06:30:00,357070,Nevados de Chillan,VIIRS375,2.683,1.06,1,baja,2026-10-05T18:06:10,mirova-archivo,1
2020-12-23T03:20:00,357070,Nevados de Chillan,MODIS,3.247,1.41,1,baja,2026-10-05T18:06:10,mirova-archivo,1
2020-12-23T04:30:00,357070,Nevados de Chillan,VIIRS375,2.798,1.35,1,baja,2026-10-05T18:06:10,mirova-archivo,1
2020-12-23T05:24:00,357070,Nevados de Chillan,VIIRS375,2.995,0.84,1,baja,2026-10-05T18:06:10,mirova-archivo,1
2020-12-23T06:12:00,357070,Nevados de Chillan,VIIRS375,3.907,21.82,0,no volcanica,2026-10-05T18:06:10,mirova-archivo,0
2020-12-24T04:05:00,357070,Nevados de Chillan,MODIS,0.8581,1.00,1,muy baja,2026-10-05T18:06:10,mirova-archivo,1
2020-12-24T05:06:00,357070,Nevados de Chillan,VIIRS375,3.035,0.84,1,baja,2026-10-05T18:06:10,mirova-archivo,1
2020-12-24T05:45:00,357070,Nevados de Chillan,MODIS,2.825,1.00,1,baja,2026-10-05T18:06:10,mirova-archivo,1
2020-12-24T05:54:00,357070,Nevados de Chillan,VIIRS375,2.61,0.53,1,baja,2026-10-05T18:06:10,mirova-archivo,1
2020-12-24T06:42:00,357070,Nevados de Chillan,VIIRS375,3.15,1.19,1,baja,2026-10-05T18:06:10,mirova-archivo,1
2020-12-25T03:10:00,357070,Nevados de Chillan,MODIS,2.001,1.41,1,baja,2026-10-05T18:06:10,mirova-archivo,1
2020-12-25T04:48:00,357070,Nevados de Chillan,VIIRS375,4.375,1.59,1,baja,2026-10-05T18:06:10,mirova-archivo,1
2020-12-25T05:36:00,357070,Nevados de Chillan,VIIRS375,4.221,0.53,1,baja,2026-10-05T18:06:10,mirova-archivo,1
2020-12-25T06:24:00,357070,Nevados de Chillan,VIIRS375,3.858,0.75,1,baja,2026-10-05T18:06:10,mirova-archivo,1
2020-12-26T03:50:00,357070,Nevados de Chillan,MODIS,1.431,1.00,1,baja,2026-10-05T18:06:10,mirova-archivo,1
2020-12-26T05:18:00,357070,Nevados de Chillan,VIIRS375,2.93,0.75,1,baja,2026-10-05T18:06:10,mirova-archivo,1
2020-12-26T05:30:00,357070,Nevados de Chillan,MODIS,2.866,1.41,1,baja,2026-10-05T18:06:10,mirova-archivo,1
2020-12-26T06:06:00,357070,Nevados de Chillan,VIIRS375,3.62,0.84,1,baja,2026-10-05T18:06:10,mirova-archivo,1
2020-12-27T05:00:00,357070,Nevados de Chillan,VIIRS375,2.789,1.12,1,baja,2026-10-05T18:06:10,mirova-archivo,1
2020-12-27T05:48:00,357070,Nevados de Chillan,VIIRS375,4.897,23.36,0,fuera de radio,2026-10-05T18:06:10,mirova-archivo,1
2020-12-27T06:15:00,357070,Nevados de Chillan,MODIS,1.448,1.00,1,baja,2026-10-05T18:06:10,mirova-archivo,1
2020-12-27T06:36:00,357070,Nevados de Chillan,VIIRS375,2.539,1.19,1,baja,2026-10-05T18:06:10,mirova-archivo,1
2020-12-28T03:40:00,357070,Nevados de Chillan,MODIS,6.928,1.41,1,baja,2026-10-05T18:06:10,mirova-archivo,1
2020-12-28T04:36:00,357070,Nevados de Chillan,VIIRS375,4.063,2.02,1,baja,2026-10-05T18:06:10,mirova-archivo,1
2020-12-28T05:30:00,357070,Nevados de Chillan,VIIRS750,5.898,1.06,1,baja,2026-10-05T18:06:10,mirova-archivo,1
2020-12-28T06:18:00,357070,Nevados de Chillan,VIIRS375,2.141,0.84,1,baja,2026-10-05T18:06:10,mirova-archivo,1
2020-12-29T05:12:00,357070,Nevados de Chillan,VIIRS375,4.37,0.53,1,baja,2026-10-05T18:06:10,mirova-archivo,1
2020-12-29T06:00:00,357070,Nevados de Chillan,MODIS,6.816,1.41,1,baja,2026-10-05T18:06:10,mirova-archivo,1
2020-12-29T06:00:00,357070,Nevados de Chillan,VIIRS750,6.97,1.06,1,baja,2026-10-05T18:06:10,mirova-archivo,1
2020-12-30T04:54:00,357070,Nevados de Chillan,VIIRS375,2.786,1.35,1,baja,2026-10-05T18:06:10,mirova-archivo,1
2020-12-30T05:42:00,357070,Nevados de Chillan,VIIRS375,1.594,15.77,0,fuera de radio,2026-10-05T18:06:10,mirova-archivo,1
2020-12-30T06:30:00,357070,Nevados de Chillan,VIIRS375,1.484,0.84,1,baja,2026-10-05T18:06:10,mirova-archivo,1
2020-12-31T04:30:00,357070,Nevados de Chillan,VIIRS375,1.671,2.40,1,baja,2026-10-05T18:06:10,mirova-archivo,1
2020-12-31T05:24:00,357070,Nevados de Chillan,VIIRS375,3.103,0.84,1,baja,2026-10-05T18:06:10,mirova-archivo,1
2020-12-31T05:50:00,357070,Nevados de Chillan,MODIS,3.69,1.00,1,baja,2026-10-05T18:06:10,mirova-archivo,1
2020-12-31T06:12:00,357070,Nevados de Chillan,VIIRS375,2.199,0.84,1,baja,2026-10-05T18:06:10,mirova-archivo,1
2021-01-01T03:15:00,357070,Nevados de Chillan,MODIS,3.039,1.41,1,baja,2026-10-05T18:06:10,mirova-archivo,1
2021-01-01T05:06:00,357070,Nevados de Chillan,VIIRS375,3.161,1.12,1,baja,2026-10-05T18:06:10,mirova-archivo,1
2021-01-01T05:54:00,357070,Nevados de Chillan,VIIRS375,2.72,0.84,1,baja,2026-10-05T18:06:10,mirova-archivo,1
2021-01-01T06:42:00,357070,Nevados de Chillan,VIIRS375,2.257,1.55,1,baja,2026-10-05T18:06:10,mirova-archivo,1
2021-01-02T04:00:00,357070,Nevados de Chillan,MODIS,1.566,1.00,1,baja,2026-10-05T18:06:10,mirova-archivo,1
2021-01-02T05:36:00,357070,Nevados de Chillan,VIIRS375,0.5764,0.53,1,muy baja,2026-10-05T18:06:10,mirova-archivo,1
2021-01-02T06:24:00,357070,Nevados de Chillan,VIIRS375,2.345,1.06,1,baja,2026-10-05T18:06:10,mirova-archivo,1
2021-01-03T05:18:00,357070,Nevados de Chillan,VIIRS375,1.366,0.53,1,baja,2026-10-05T18:06:10,mirova-archivo,1
2021-01-03T06:06:00,357070,Nevados de Chillan,VIIRS375,1.758,22.80,0,no volcanica,2026-10-05T18:06:10,mirova-archivo,0
2021-01-04T03:45:00,357070,Nevados de Chillan,MODIS,0.6245,1.00,1,muy baja,2026-10-05T18:06:10,mirova-archivo,1
2021-01-04T05:00:00,357070,Nevados de Chillan,VIIRS375,4.247,1.35,1,baja,2026-10-05T18:06:10,mirova-archivo,1
2021-01-04T05:25:00,357070,Nevados de Chillan,MODIS,0.3027,1.00,1,muy baja,2026-10-05T18:06:10,mirova-archivo,1
2021-01-04T05:48:00,357070,Nevados de Chillan,VIIRS375,1.371,0.53,1,baja,2026-10-05T18:06:10,mirova-archivo,1
2021-01-04T06:36:00,357070,Nevados de Chillan,VIIRS375,3.056,1.19,1,baja,2026-10-05T18:06:10,mirova-archivo,1
2021-01-05T05:30:00,357070,Nevados de Chillan,VIIRS375,3.703,0.75,1,baja,2026-10-05T18:06:10,mirova-archivo,1
2021-01-05T06:18:00,357070,Nevados de Chillan,VIIRS375,2.757,0.84,1,baja,2026-10-05T18:06:10,mirova-archivo,1
2021-01-06T03:35:00,357070,Nevados de Chillan,MODIS,3.616,1.00,1,baja,2026-10-05T18:06:10,mirova-archivo,1
2021-01-06T05:12:00,357070,Nevados de Chillan,VIIRS375,5.245,0.84,1,baja,2026-10-05T18:06:10,mirova-archivo,1
2021-01-06T06:00:00,357070,Nevados de Chillan,VIIRS375,3.234,0.84,1,baja,2026-10-05T18:06:10,mirova-archivo,1
2021-01-06T06:48:00,357070,Nevados de Chillan,VIIRS375,4.06,2.73,1,baja,2026-10-05T18:06:10,mirova-archivo,1
2021-01-07T04:15:00,357070,Nevados de Chillan,MODIS,1.207,2.00,1,baja,2026-10-05T18:06:10,mirova-archivo,1
2021-01-07T04:54:00,357070,Nevados de Chillan,VIIRS375,3.3,1.12,1,baja,2026-10-05T18:06:10,mirova-archivo,1
2021-01-07T05:42:00,357070,Nevados de Chillan,VIIRS375,3.239,0.53,1,baja,2026-10-05T18:06:10,mirova-archivo,1
2021-01-07T05:55:00,357070,Nevados de Chillan,MODIS,1.985,1.00,1,baja,2026-10-05T18:06:10,mirova-archivo,1
2021-01-07T06:30:00,357070,Nevados de Chillan,VIIRS375,1.541,1.35,1,baja,2026-10-05T18:06:10,mirova-archivo,1
2021-01-08T03:20:00,357070,Nevados de Chillan,MODIS,3.762,1.41,1,baja,2026-10-05T18:06:10,mirova-archivo,1
2021-01-08T04:30:00,357070,Nevados de Chillan,VIIRS375,6.579,2.19,1,baja,2026-10-05T18:06:10,mirova-archivo,1
2021-01-08T05:24:00,357070,Nevados de Chillan,VIIRS750,7.51,1.06,1,baja,2026-10-05T18:06:10,mirova-archivo,1
2021-01-08T06:12:00,357070,Nevados de Chillan,VIIRS375,0.9108,0.84,1,muy baja,2026-10-05T18:06:10,mirova-archivo,1
2021-01-09T05:06:00,357070,Nevados de Chillan,VIIRS375,1.726,2.12,1,baja,2026-10-05T18:06:10,mirova-archivo,1
2021-01-09T05:45:00,357070,Nevados de Chillan,MODIS,0.5026,0.00,1,muy baja,2026-10-05T18:06:10,mirova-archivo,1
2021-01-09T05:54:00,357070,Nevados de Chillan,VIIRS375,2.471,0.84,1,baja,2026-10-05T18:06:10,mirova-archivo,1
2021-01-09T06:42:00,357070,Nevados de Chillan,VIIRS375,1.248,1.55,1,baja,2026-10-05T18:06:10,mirova-archivo,1
2021-01-10T04:48:00,357070,Nevados de Chillan,VIIRS375,4.458,1.55,1,baja,2026-10-05T18:06:10,mirova-archivo,1
2021-01-10T05:36:00,357070,Nevados de Chillan,VIIRS375,3.62,0.53,1,baja,2026-10-05T18:06:10,mirova-archivo,1
2021-01-10T06:24:00,357070,Nevados de Chillan,VIIRS375,1.763,0.84,1,baja,2026-10-05T18:06:10,mirova-archivo,1
2021-01-10T06:25:00,357070,Nevados de Chillan,MODIS,0.2626,1.00,1,muy baja,2026-10-05T18:06:10,mirova-archivo,1
2021-01-12T02:55:00,357070,Nevados de Chillan,MODIS,5.523,2.24,1,baja,2026-10-05T18:06:10,mirova-archivo,1
2021-01-12T05:00:00,357070,Nevados de Chillan,VIIRS375,7.692,0.84,1,baja,2026-10-05T18:06:10,mirova-archivo,1
2021-01-12T05:48:00,357070,Nevados de Chillan,VIIRS750,8.671,1.06,1,baja,2026-10-05T18:06:10,mirova-archivo,1
2021-01-12T06:15:00,357070,Nevados de Chillan,MODIS,1.373,1.00,1,baja,2026-10-05T18:06:10,mirova-archivo,1
2021-01-12T06:36:00,357070,Nevados de Chillan,VIIRS375,2.191,1.35,1,baja,2026-10-05T18:06:10,mirova-archivo,1
2021-01-13T03:40:00,357070,Nevados de Chillan,MODIS,6.341,1.41,1,baja,2026-10-05T18:06:10,mirova-archivo,1
2021-01-13T04:36:00,357070,Nevados de Chillan,VIIRS375,4.535,2.19,1,baja,2026-10-05T18:06:10,mirova-archivo,1
2021-01-13T05:30:00,357070,Nevados de Chillan,VIIRS750,8.009,0.75,1,baja,2026-10-05T18:06:10,mirova-archivo,1
2021-01-13T06:18:00,357070,Nevados de Chillan,VIIRS375,4.169,0.84,1,baja,2026-10-05T18:06:10,mirova-archivo,1
2021-01-14T05:12:00,357070,Nevados de Chillan,VIIRS375,5.158,0.53,1,baja,2026-10-05T18:06:10,mirova-archivo,1
2021-01-14T06:00:00,357070,Nevados de Chillan,MODIS,3.042,1.00,1,baja,2026-10-05T18:06:10,mirova-archivo,1
2021-01-14T06:00:00,357070,Nevados de Chillan,VIIRS375,3.861,0.53,1,baja,2026-10-05T18:06:10,mirova-archivo,1
2021-01-15T04:54:00,357070,Nevados de Chillan,VIIRS375,2.045,1.59,1,baja,2026-10-05T18:06:10,mirova-archivo,1
2021-01-15T05:42:00,357070,Nevados de Chillan,VIIRS375,2.681,0.53,1,baja,2026-10-05T18:06:10,mirova-archivo,1
2021-01-15T06:30:00,357070,Nevados de Chillan,VIIRS375,3.842,1.06,1,baja,2026-10-05T18:06:10,mirova-archivo,1
2021-01-16T04:30:00,357070,Nevados de Chillan,VIIRS375,5.928,2.28,1,baja,2026-10-05T18:06:10,mirova-archivo,1
2021-01-16T05:24:00,357070,Nevados de Chillan,VIIRS375,3.284,0.53,1,baja,2026-10-05T18:06:10,mirova-archivo,1
2021-01-16T05:50:00,357070,Nevados de Chillan,MODIS,2.657,1.00,1,baja,2026-10-05T18:06:10,mirova-archivo,1
2021-01-16T06:12:00,357070,Nevados de Chillan,VIIRS375,2.281,0.84,1,baja,2026-10-05T18:06:10,mirova-archivo,1
2021-01-17T03:15:00,357070,Nevados de Chillan,MODIS,6.596,2.00,1,baja,2026-10-05T18:06:10,mirova-archivo,1
2021-01-17T05:06:00,357070,Nevados de Chillan,VIIRS750,19.02,1.06,1,moderada,2026-10-05T18:06:10,mirova-archivo,1
2021-01-17T05:54:00,357070,Nevados de Chillan,VIIRS750,5.632,0.75,1,baja,2026-10-05T18:06:10,mirova-archivo,1
2021-01-17T06:30:00,357070,Nevados de Chillan,MODIS,2.207,2.83,1,baja,2026-10-05T18:06:10,mirova-archivo,1
2021-01-17T06:42:00,357070,Nevados de Chillan,VIIRS375,6.905,1.68,1,baja,2026-10-05T18:06:10,mirova-archivo,1
2021-01-18T04:00:00,357070,Nevados de Chillan,MODIS,1.845,1.41,1,baja,2026-10-05T18:06:10,mirova-archivo,1
2021-01-18T05:35:00,357070,Nevados de Chillan,MODIS,5.985,1.41,1,baja,2026-10-05T18:06:10,mirova-archivo,1
2021-01-18T05:36:00,357070,Nevados de Chillan,VIIRS750,7.841,0.75,1,baja,2026-10-05T18:06:10,mirova-archivo,1
2021-01-18T06:24:00,357070,Nevados de Chillan,VIIRS375,4.535,1.06,1,baja,2026-10-05T18:06:10,mirova-archivo,1
2021-01-19T03:05:00,357070,Nevados de Chillan,MODIS,4.019,2.24,1,baja,2026-10-05T18:06:10,mirova-archivo,1
2021-01-19T05:18:00,357070,Nevados de Chillan,VIIRS375,4.24,0.75,1,baja,2026-10-05T18:06:10,mirova-archivo,1
2021-01-19T06:06:00,357070,Nevados de Chillan,VIIRS375,3.649,0.53,1,baja,2026-10-05T18:06:10,mirova-archivo,1
2021-01-19T06:20:00,357070,Nevados de Chillan,MODIS,2.629,2.00,1,baja,2026-10-05T18:06:10,mirova-archivo,1
2021-01-20T03:45:00,357070,Nevados de Chillan,MODIS,2.797,1.00,1,baja,2026-10-05T18:06:10,mirova-archivo,1
2021-01-20T05:00:00,357070,Nevados de Chillan,VIIRS375,3.783,0.84,1,baja,2026-10-05T18:06:10,mirova-archivo,1
2021-01-20T05:25:00,357070,Nevados de Chillan,MODIS,2.672,1.41,1,baja,2026-10-05T18:06:10,mirova-archivo,1
2021-01-20T05:48:00,357070,Nevados de Chillan,VIIRS375,4.514,0.84,1,baja,2026-10-05T18:06:10,mirova-archivo,1
2021-01-20T06:36:00,357070,Nevados de Chillan,VIIRS375,4.473,1.50,1,baja,2026-10-05T18:06:10,mirova-archivo,1
2021-01-21T05:30:00,357070,Nevados de Chillan,VIIRS750,5.092,0.75,1,baja,2026-10-05T18:06:10,mirova-archivo,1
2021-01-21T06:05:00,357070,Nevados de Chillan,MODIS,0.8,0.00,1,muy baja,2026-10-05T18:06:10,mirova-archivo,1
2021-01-21T06:18:00,357070,Nevados de Chillan,VIIRS375,3.842,0.84,1,baja,2026-10-05T18:06:10,mirova-archivo,1
2021-01-22T03:35:00,357070,Nevados de Chillan,MODIS,5.551,1.00,1,baja,2026-10-05T18:06:10,mirova-archivo,1
2021-01-22T05:10:00,357070,Nevados de Chillan,MODIS,0.1896,1.41,1,muy baja,2026-10-05T18:06:10,mirova-archivo,1
2021-01-22T05:12:00,357070,Nevados de Chillan,VIIRS750,8.844,1.06,1,baja,2026-10-05T18:06:10,mirova-archivo,1
2021-01-22T06:00:00,357070,Nevados de Chillan,VIIRS750,5.095,1.06,1,baja,2026-10-05T18:06:10,mirova-archivo,1
2021-01-22T06:48:00,357070,Nevados de Chillan,VIIRS375,7.68,2.02,1,baja,2026-10-05T18:06:10,mirova-archivo,1
2021-01-23T04:54:00,357070,Nevados de Chillan,VIIRS375,4.248,1.12,1,baja,2026-10-05T18:06:10,mirova-archivo,1
2021-01-23T05:42:00,357070,Nevados de Chillan,VIIRS750,5.982,0.75,1,baja,2026-10-05T18:06:10,mirova-archivo,1
2021-01-23T05:55:00,357070,Nevados de Chillan,MODIS,2.696,1.00,1,baja,2026-10-05T18:06:10,mirova-archivo,1
2021-01-23T06:30:00,357070,Nevados de Chillan,VIIRS375,3.516,1.06,1,baja,2026-10-05T18:06:10,mirova-archivo,1
2021-01-24T03:20:00,357070,Nevados de Chillan,MODIS,9.602,2.24,1,baja,2026-10-05T18:06:10,mirova-archivo,1
2021-01-24T04:30:00,357070,Nevados de Chillan,VIIRS375,4.345,2.12,1,baja,2026-10-05T18:06:10,mirova-archivo,1
2021-01-24T05:24:00,357070,Nevados de Chillan,VIIRS750,7.664,1.06,1,baja,2026-10-05T18:06:10,mirova-archivo,1
2021-01-24T06:12:00,357070,Nevados de Chillan,VIIRS375,5.244,0.84,1,baja,2026-10-05T18:06:10,mirova-archivo,1
2021-01-25T04:05:00,357070,Nevados de Chillan,MODIS,6.004,1.41,1,baja,2026-10-05T18:06:10,mirova-archivo,1
2021-01-25T05:06:00,357070,Nevados de Chillan,VIIRS750,7.194,2.12,1,baja,2026-10-05T18:06:10,mirova-archivo,1
2021-01-25T05:45:00,357070,Nevados de Chillan,MODIS,5.483,1.41,1,baja,2026-10-05T18:06:10,mirova-archivo,1
2021-01-25T05:54:00,357070,Nevados de Chillan,VIIRS750,6.554,1.06,1,baja,2026-10-05T18:06:10,mirova-archivo,1
2021-01-25T06:42:00,357070,Nevados de Chillan,VIIRS375,3.734,1.35,1,baja,2026-10-05T18:06:10,mirova-archivo,1
2021-01-26T03:10:00,357070,Nevados de Chillan,MODIS,3.852,2.24,1,baja,2026-10-05T18:06:10,mirova-archivo,1
2021-01-26T04:48:00,357070,Nevados de Chillan,VIIRS375,4.866,1.59,1,baja,2026-10-05T18:06:10,mirova-archivo,1
2021-01-26T05:36:00,357070,Nevados de Chillan,VIIRS375,5.415,0.84,1,baja,2026-10-05T18:06:10,mirova-archivo,1
2021-01-26T06:24:00,357070,Nevados de Chillan,VIIRS375,3.655,1.19,1,baja,2026-10-05T18:06:10,mirova-archivo,1
2021-01-27T03:50:00,357070,Nevados de Chillan,MODIS,1.86,0.00,1,baja,2026-10-05T18:06:10,mirova-archivo,1
2021-01-27T05:18:00,357070,Nevados de Chillan,VIIRS375,4.111,0.84,1,baja,2026-10-05T18:06:10,mirova-archivo,1
2021-01-27T05:30:00,357070,Nevados de Chillan,MODIS,1.68,1.00,1,baja,2026-10-05T18:06:10,mirova-archivo,1
2021-01-27T06:06:00,357070,Nevados de Chillan,VIIRS375,3.71,1.12,1,baja,2026-10-05T18:06:10,mirova-archivo,1
2021-01-28T05:00:00,357070,Nevados de Chillan,VIIRS750,6.39,1.06,1,baja,2026-10-05T18:06:10,mirova-archivo,1
2021-01-28T05:48:00,357070,Nevados de Chillan,VIIRS750,6.143,1.06,1,baja,2026-10-05T18:06:10,mirova-archivo,1
2021-01-28T06:15:00,357070,Nevados de Chillan,MODIS,3.679,1.41,1,baja,2026-10-05T18:06:10,mirova-archivo,1
2021-01-28T06:36:00,357070,Nevados de Chillan,VIIRS375,2.721,0.84,1,baja,2026-10-05T18:06:10,mirova-archivo,1
2021-01-29T05:30:00,357070,Nevados de Chillan,VIIRS375,0.3856,11.58,0,no volcanica,2026-10-05T18:06:10,mirova-archivo,0
2021-02-01T05:24:00,357070,Nevados de Chillan,VIIRS750,6.178,1.06,1,baja,2026-10-05T18:06:10,mirova-archivo,1
2021-02-01T05:50:00,357070,Nevados de Chillan,MODIS,4.258,1.00,1,baja,2026-10-05T18:06:10,mirova-archivo,1
2021-02-01T06:12:00,357070,Nevados de Chillan,VIIRS375,6.053,1.06,1,baja,2026-10-05T18:06:10,mirova-archivo,1
2021-02-02T05:06:00,357070,Nevados de Chillan,VIIRS375,1.714,0.84,1,baja,2026-10-05T18:06:10,mirova-archivo,1
2021-02-02T05:54:00,357070,Nevados de Chillan,VIIRS375,4.013,0.84,1,baja,2026-10-05T18:06:10,mirova-archivo,1
2021-02-02T06:30:00,357070,Nevados de Chillan,MODIS,0.3393,2.00,1,muy baja,2026-10-05T18:06:10,mirova-archivo,1
2021-02-02T06:42:00,357070,Nevados de Chillan,VIIRS375,2.606,2.02,1,baja,2026-10-05T18:06:10,mirova-archivo,1
2021-02-03T04:00:00,357070,Nevados de Chillan,MODIS,0.5001,1.00,1,muy baja,2026-10-05T18:06:10,mirova-archivo,1
2021-02-03T05:35:00,357070,Nevados de Chillan,MODIS,1.993,1.00,1,baja,2026-10-05T18:06:10,mirova-archivo,1
2021-02-03T05:36:00,357070,Nevados de Chillan,VIIRS750,5.246,1.06,1,baja,2026-10-05T18:06:10,mirova-archivo,1
2021-02-03T06:24:00,357070,Nevados de Chillan,VIIRS375,5.31,0.84,1,baja,2026-10-05T18:06:10,mirova-archivo,1
2021-02-04T03:05:00,357070,Nevados de Chillan,MODIS,0.7882,1.00,1,muy baja,2026-10-05T18:06:10,mirova-archivo,1
2021-02-04T05:18:00,357070,Nevados de Chillan,VIIRS375,5.02,17.63,0,fuera de radio,2026-10-05T18:06:10,mirova-archivo,1
2021-02-04T06:06:00,357070,Nevados de Chillan,VIIRS375,5.024,0.84,1,baja,2026-10-05T18:06:10,mirova-archivo,1
2021-02-05T03:45:00,357070,Nevados de Chillan,MODIS,0.6095,0.00,1,muy baja,2026-10-05T18:06:10,mirova-archivo,1
2021-02-05T05:00:00,357070,Nevados de Chillan,VIIRS750,5.164,1.50,1,baja,2026-10-05T18:06:10,mirova-archivo,1
2021-02-05T05:25:00,357070,Nevados de Chillan,MODIS,2.469,1.41,1,baja,2026-10-05T18:06:10,mirova-archivo,1
2021-02-05T05:48:00,357070,Nevados de Chillan,VIIRS375,5.853,0.84,1,baja,2026-10-05T18:06:10,mirova-archivo,1
2021-02-05T06:36:00,357070,Nevados de Chillan,VIIRS375,4.33,1.19,1,baja,2026-10-05T18:06:10,mirova-archivo,1
2021-02-06T05:30:00,357070,Nevados de Chillan,VIIRS750,6.155,0.75,1,baja,2026-10-05T18:06:10,mirova-archivo,1
2021-02-06T06:18:00,357070,Nevados de Chillan,VIIRS375,4.859,1.19,1,baja,2026-10-05T18:06:10,mirova-archivo,1
2021-02-07T03:35:00,357070,Nevados de Chillan,MODIS,7.819,1.00,1,baja,2026-10-05T18:06:10,mirova-archivo,1
2021-02-07T05:12:00,357070,Nevados de Chillan,VIIRS375,3.703,0.75,1,baja,2026-10-05T18:06:10,mirova-archivo,1
2021-02-07T06:00:00,357070,Nevados de Chillan,VIIRS375,1.876,0.84,1,baja,2026-10-05T18:06:10,mirova-archivo,1
2021-02-07T06:48:00,357070,Nevados de Chillan,VIIRS375,6.415,2.65,1,baja,2026-10-05T18:06:10,mirova-archivo,1
2021-02-08T04:54:00,357070,Nevados de Chillan,VIIRS375,3.871,0.84,1,baja,2026-10-05T18:06:10,mirova-archivo,1
2021-02-08T05:42:00,357070,Nevados de Chillan,VIIRS375,4.171,0.84,1,baja,2026-10-05T18:06:10,mirova-archivo,1
2021-02-08T05:55:00,357070,Nevados de Chillan,MODIS,4.172,1.00,1,baja,2026-10-05T18:06:10,mirova-archivo,1
2021-02-08T06:30:00,357070,Nevados de Chillan,VIIRS375,4.853,1.06,1,baja,2026-10-05T18:06:10,mirova-archivo,1
2021-02-09T03:20:00,357070,Nevados de Chillan,MODIS,2.95,1.00,1,baja,2026-10-05T18:06:10,mirova-archivo,1
2021-02-09T04:30:00,357070,Nevados de Chillan,VIIRS375,3.619,1.91,1,baja,2026-10-05T18:06:10,mirova-archivo,1
2021-02-09T05:24:00,357070,Nevados de Chillan,VIIRS375,3.662,0.75,1,baja,2026-10-05T18:06:10,mirova-archivo,1
2021-02-09T06:12:00,357070,Nevados de Chillan,VIIRS375,4.382,0.84,1,baja,2026-10-05T18:06:10,mirova-archivo,1
2021-02-10T05:06:00,357070,Nevados de Chillan,VIIRS375,2.948,1.12,1,baja,2026-10-05T18:06:10,mirova-archivo,1
2021-02-10T05:45:00,357070,Nevados de Chillan,MODIS,1.726,1.00,1,baja,2026-10-05T18:06:10,mirova-archivo,1
2021-02-10T05:54:00,357070,Nevados de Chillan,VIIRS375,3.799,0.84,1,baja,2026-10-05T18:06:10,mirova-archivo,1
2021-02-10T06:42:00,357070,Nevados de Chillan,VIIRS375,5.985,1.35,1,baja,2026-10-05T18:06:10,mirova-archivo,1
2021-02-11T04:48:00,357070,Nevados de Chillan,VIIRS375,0.1681,1.35,1,muy baja,2026-10-05T18:06:10,mirova-archivo,1
2021-02-11T05:36:00,357070,Nevados de Chillan,VIIRS375,2.625,0.84,1,baja,2026-10-05T18:06:10,mirova-archivo,1
2021-02-11T06:24:00,357070,Nevados de Chillan,VIIRS375,0.1489,0.53,1,muy baja,2026-10-05T18:06:10,mirova-archivo,1
2021-02-12T03:50:00,357070,Nevados de Chillan,MODIS,1.495,1.00,1,baja,2026-10-05T18:06:10,mirova-archivo,1
2021-02-12T05:18:00,357070,Nevados de Chillan,VIIRS375,0.4187,0.53,1,muy baja,2026-10-05T18:06:10,mirova-archivo,1
2021-02-12T06:06:00,357070,Nevados de Chillan,VIIRS375,0.2674,0.84,1,muy baja,2026-10-05T18:06:10,mirova-archivo,1
2021-02-13T05:00:00,357070,Nevados de Chillan,VIIRS375,3.291,0.84,1,baja,2026-10-05T18:06:10,mirova-archivo,1
2021-02-13T05:48:00,357070,Nevados de Chillan,VIIRS375,4.329,0.84,1,baja,2026-10-05T18:06:10,mirova-archivo,1
2021-02-13T06:15:00,357070,Nevados de Chillan,MODIS,3.465,2.00,1,baja,2026-10-05T18:06:10,mirova-archivo,1
2021-02-13T06:36:00,357070,Nevados de Chillan,VIIRS375,3.013,1.55,1,baja,2026-10-05T18:06:10,mirova-archivo,1
2021-02-14T03:40:00,357070,Nevados de Chillan,MODIS,2.296,1.41,1,baja,2026-10-05T18:06:10,mirova-archivo,1
2021-02-14T04:36:00,357070,Nevados de Chillan,VIIRS375,4.222,2.19,1,baja,2026-10-05T18:06:10,mirova-archivo,1
2021-02-14T05:20:00,357070,Nevados de Chillan,MODIS,1.099,1.41,1,baja,2026-10-05T18:06:10,mirova-archivo,1
2021-02-14T05:30:00,357070,Nevados de Chillan,VIIRS750,6.65,1.06,1,baja,2026-10-05T18:06:10,mirova-archivo,1
2021-02-14T06:18:00,357070,Nevados de Chillan,VIIRS375,3.544,1.06,1,baja,2026-10-05T18:06:10,mirova-archivo,1
2021-02-15T05:12:00,357070,Nevados de Chillan,VIIRS375,3.822,1.19,1,baja,2026-10-05T18:06:10,mirova-archivo,1
2021-02-15T06:00:00,357070,Nevados de Chillan,MODIS,3.069,1.41,1,baja,2026-10-05T18:06:10,mirova-archivo,1
2021-02-15T06:00:00,357070,Nevados de Chillan,VIIRS375,4.147,0.84,1,baja,2026-10-05T18:06:10,mirova-archivo,1
2021-02-16T03:25:00,357070,Nevados de Chillan,MODIS,2.61,1.00,1,baja,2026-10-05T18:06:10,mirova-archivo,1
2021-02-16T04:54:00,357070,Nevados de Chillan,VIIRS375,7.872,1.35,1,baja,2026-10-05T18:06:10,mirova-archivo,1
2021-02-16T05:42:00,357070,Nevados de Chillan,VIIRS375,3.161,0.84,1,baja,2026-10-05T18:06:10,mirova-archivo,1
2021-02-16T06:30:00,357070,Nevados de Chillan,VIIRS375,2.743,1.19,1,baja,2026-10-05T18:06:10,mirova-archivo,1
2021-02-17T04:30:00,357070,Nevados de Chillan,VIIRS375,2.566,1.88,1,baja,2026-10-05T18:06:10,mirova-archivo,1
2021-02-17T05:24:00,357070,Nevados de Chillan,VIIRS375,5.133,0.84,1,baja,2026-10-05T18:06:10,mirova-archivo,1
2021-02-17T05:50:00,357070,Nevados de Chillan,MODIS,1.353,1.00,1,baja,2026-10-05T18:06:10,mirova-archivo,1
2021-02-17T06:12:00,357070,Nevados de Chillan,VIIRS375,3.502,1.06,1,baja,2026-10-05T18:06:10,mirova-archivo,1
2021-02-18T03:15:00,357070,Nevados de Chillan,MODIS,0.4698,1.00,1,muy baja,2026-10-05T18:06:10,mirova-archivo,1
2021-02-18T05:06:00,357070,Nevados de Chillan,VIIRS375,3.585,1.19,1,baja,2026-10-05T18:06:10,mirova-archivo,1
2021-02-18T05:54:00,357070,Nevados de Chillan,VIIRS750,6.486,1.06,1,baja,2026-10-05T18:06:10,mirova-archivo,1
2021-02-18T06:42:00,357070,Nevados de Chillan,VIIRS375,0.8585,1.19,1,muy baja,2026-10-05T18:06:10,mirova-archivo,1
2021-02-20T03:05:00,357070,Nevados de Chillan,MODIS,0.2615,1.00,1,muy baja,2026-10-05T18:06:10,mirova-archivo,1
2021-02-20T05:18:00,357070,Nevados de Chillan,VIIRS750,6.893,0.75,1,baja,2026-10-05T18:06:10,mirova-archivo,1
2021-02-20T06:06:00,357070,Nevados de Chillan,VIIRS375,3.867,0.84,1,baja,2026-10-05T18:06:10,mirova-archivo,1
2021-02-20T06:20:00,357070,Nevados de Chillan,MODIS,0.2252,0.00,1,muy baja,2026-10-05T18:06:10,mirova-archivo,1
2021-02-21T03:45:00,357070,Nevados de Chillan,MODIS,1.707,0.00,1,baja,2026-10-05T18:06:10,mirova-archivo,1
2021-02-21T05:00:00,357070,Nevados de Chillan,VIIRS375,3.354,0.84,1,baja,2026-10-05T18:06:10,mirova-archivo,1
2021-02-21T05:25:00,357070,Nevados de Chillan,MODIS,3.86,1.41,1,baja,2026-10-05T18:06:10,mirova-archivo,1
2021-02-21T05:48:00,357070,Nevados de Chillan,VIIRS375,2.918,0.84,1,baja,2026-10-05T18:06:10,mirova-archivo,1
2021-02-21T06:36:00,357070,Nevados de Chillan,VIIRS375,2.318,0.84,1,baja,2026-10-05T18:06:10,mirova-archivo,1
2021-02-22T05:30:00,357070,Nevados de Chillan,VIIRS375,3.829,0.53,1,baja,2026-10-05T18:06:10,mirova-archivo,1
2021-02-22T06:18:00,357070,Nevados de Chillan,VIIRS375,2.065,1.06,1,baja,2026-10-05T18:06:10,mirova-archivo,1
2021-02-23T03:35:00,357070,Nevados de Chillan,MODIS,2.854,1.00,1,baja,2026-10-05T18:06:10,mirova-archivo,1
2021-02-23T05:12:00,357070,Nevados de Chillan,VIIRS375,4.087,0.75,1,baja,2026-10-05T18:06:10,mirova-archivo,1
2021-02-23T06:00:00,357070,Nevados de Chillan,VIIRS375,3.089,0.53,1,baja,2026-10-05T18:06:10,mirova-archivo,1
2021-02-23T06:48:00,357070,Nevados de Chillan,VIIRS375,3.027,2.12,1,baja,2026-10-05T18:06:10,mirova-archivo,1
2021-02-24T04:15:00,357070,Nevados de Chillan,MODIS,1.048,2.00,1,baja,2026-10-05T18:06:10,mirova-archivo,1
2021-02-24T04:54:00,357070,Nevados de Chillan,VIIRS375,4.127,1.19,1,baja,2026-10-05T18:06:10,mirova-archivo,1
2021-02-24T05:42:00,357070,Nevados de Chillan,VIIRS375,3.834,0.84,1,baja,2026-10-05T18:06:10,mirova-archivo,1
2021-02-24T05:55:00,357070,Nevados de Chillan,MODIS,5.089,1.00,1,baja,2026-10-05T18:06:10,mirova-archivo,1
2021-02-24T06:30:00,357070,Nevados de Chillan,VIIRS750,7.334,1.06,1,baja,2026-10-05T18:06:10,mirova-archivo,1
2021-02-25T03:20:00,357070,Nevados de Chillan,MODIS,1.846,1.00,1,baja,2026-10-05T18:06:10,mirova-archivo,1
2021-02-25T04:30:00,357070,Nevados de Chillan,VIIRS375,4.446,2.19,1,baja,2026-10-05T18:06:10,mirova-archivo,1
2021-02-25T05:24:00,357070,Nevados de Chillan,VIIRS750,5.365,1.06,1,baja,2026-10-05T18:06:10,mirova-archivo,1
2021-02-25T06:12:00,357070,Nevados de Chillan,VIIRS375,3.549,0.84,1,baja,2026-10-05T18:06:10,mirova-archivo,1
2021-02-26T05:06:00,357070,Nevados de Chillan,VIIRS375,7.032,0.75,1,baja,2026-10-05T18:06:10,mirova-archivo,1
2021-02-26T05:45:00,357070,Nevados de Chillan,MODIS,4.599,1.41,1,baja,2026-10-05T18:06:10,mirova-archivo,1
2021-02-26T05:54:00,357070,Nevados de Chillan,VIIRS375,3.681,0.53,1,baja,2026-10-05T18:06:10,mirova-archivo,1
2021-02-26T06:42:00,357070,Nevados de Chillan,VIIRS375,3.586,1.19,1,baja,2026-10-05T18:06:10,mirova-archivo,1
2021-02-27T03:10:00,357070,Nevados de Chillan,MODIS,4.325,2.24,1,baja,2026-10-05T18:06:10,mirova-archivo,1
2021-02-27T04:48:00,357070,Nevados de Chillan,VIIRS375,8.422,1.59,1,baja,2026-10-05T18:06:10,mirova-archivo,1
2021-02-27T05:36:00,357070,Nevados de Chillan,VIIRS375,3.384,0.53,1,baja,2026-10-05T18:06:10,mirova-archivo,1
2021-02-27T06:24:00,357070,Nevados de Chillan,VIIRS375,3.332,1.06,1,baja,2026-10-05T18:06:10,mirova-archivo,1
2021-02-27T06:25:00,357070,Nevados de Chillan,MODIS,2.472,2.00,1,baja,2026-10-05T18:06:10,mirova-archivo,1
2021-02-28T03:50:00,357070,Nevados de Chillan,MODIS,1.773,0.00,1,baja,2026-10-05T18:06:10,mirova-archivo,1
2021-02-28T05:18:00,357070,Nevados de Chillan,VIIRS750,16.93,0.75,1,moderada,2026-10-05T18:06:10,mirova-archivo,1
2021-02-28T05:30:00,357070,Nevados de Chillan,MODIS,3.568,1.41,1,baja,2026-10-05T18:06:10,mirova-archivo,1
2021-02-28T06:06:00,357070,Nevados de Chillan,VIIRS375,3.916,0.53,1,baja,2026-10-05T18:06:10,mirova-archivo,1
2021-03-01T05:00:00,357070,Nevados de Chillan,VIIRS375,2.504,0.84,1,baja,2026-10-05T18:06:10,mirova-archivo,1
2021-03-01T05:48:00,357070,Nevados de Chillan,VIIRS375,2.391,0.84,1,baja,2026-10-05T18:06:10,mirova-archivo,1
2021-03-01T06:15:00,357070,Nevados de Chillan,MODIS,1.775,1.41,1,baja,2026-10-05T18:06:10,mirova-archivo,1
2021-03-01T06:36:00,357070,Nevados de Chillan,VIIRS375,2.637,1.55,1,baja,2026-10-05T18:06:10,mirova-archivo,1
2021-03-02T03:40:00,357070,Nevados de Chillan,MODIS,2.512,1.00,1,baja,2026-10-05T18:06:10,mirova-archivo,1
2021-03-02T04:36:00,357070,Nevados de Chillan,VIIRS375,1.06,1.68,1,baja,2026-10-05T18:06:10,mirova-archivo,1
2021-03-02T05:30:00,357070,Nevados de Chillan,VIIRS375,2.844,0.84,1,baja,2026-10-05T18:06:10,mirova-archivo,1
2021-03-02T06:18:00,357070,Nevados de Chillan,VIIRS750,5.493,1.06,1,baja,2026-10-05T18:06:10,mirova-archivo,1
2021-03-03T05:12:00,357070,Nevados de Chillan,VIIRS375,2.101,0.53,1,baja,2026-10-05T18:06:10,mirova-archivo,1
2021-03-03T06:00:00,357070,Nevados de Chillan,MODIS,2.387,1.41,1,baja,2026-10-05T18:06:10,mirova-archivo,1
2021-03-03T06:00:00,357070,Nevados de Chillan,VIIRS375,3.749,0.84,1,baja,2026-10-05T18:06:10,mirova-archivo,1
2021-03-04T04:54:00,357070,Nevados de Chillan,VIIRS750,7.385,1.68,1,baja,2026-10-05T18:06:10,mirova-archivo,1
2021-03-04T05:42:00,357070,Nevados de Chillan,VIIRS375,5.511,0.84,1,baja,2026-10-05T18:06:10,mirova-archivo,1
2021-03-04T06:30:00,357070,Nevados de Chillan,VIIRS375,2.49,0.84,1,baja,2026-10-05T18:06:10,mirova-archivo,1
2021-03-05T04:10:00,357070,Nevados de Chillan,MODIS,14.73,2.24,1,moderada,2026-10-05T18:06:10,mirova-archivo,1
2021-03-05T04:30:00,357070,Nevados de Chillan,VIIRS375,10.84,2.19,1,moderada,2026-10-05T18:06:10,mirova-archivo,1
2021-03-05T05:24:00,357070,Nevados de Chillan,VIIRS750,5.527,1.06,1,baja,2026-10-05T18:06:10,mirova-archivo,1
2021-03-05T05:50:00,357070,Nevados de Chillan,MODIS,5.213,1.41,1,baja,2026-10-05T18:06:10,mirova-archivo,1
2021-03-05T06:12:00,357070,Nevados de Chillan,VIIRS375,4.231,0.84,1,baja,2026-10-05T18:06:10,mirova-archivo,1
2021-03-06T03:15:00,357070,Nevados de Chillan,MODIS,3.142,2.00,1,baja,2026-10-05T18:06:10,mirova-archivo,1
2021-03-06T05:06:00,357070,Nevados de Chillan,VIIRS750,5.604,1.68,1,baja,2026-10-05T18:06:10,mirova-archivo,1
2021-03-06T05:54:00,357070,Nevados de Chillan,VIIRS750,5.545,0.75,1,baja,2026-10-05T18:06:10,mirova-archivo,1
2021-03-06T06:30:00,357070,Nevados de Chillan,MODIS,0.3547,1.00,1,muy baja,2026-10-05T18:06:10,mirova-archivo,1
2021-03-06T06:42:00,357070,Nevados de Chillan,VIIRS375,2.35,1.35,1,baja,2026-10-05T18:06:10,mirova-archivo,1
2021-03-07T04:42:00,357070,Nevados de Chillan,VIIRS375,2.806,1.35,1,baja,2026-10-05T18:06:10,mirova-archivo,1
2021-03-07T05:35:00,357070,Nevados de Chillan,MODIS,2.573,1.41,1,baja,2026-10-05T18:06:10,mirova-archivo,1
2021-03-07T05:36:00,357070,Nevados de Chillan,VIIRS375,2.667,0.84,1,baja,2026-10-05T18:06:10,mirova-archivo,1
2021-03-07T06:24:00,357070,Nevados de Chillan,VIIRS375,1.767,0.84,1,baja,2026-10-05T18:06:10,mirova-archivo,1
2021-03-08T03:00:00,357070,Nevados de Chillan,MODIS,0.7272,1.00,1,muy baja,2026-10-05T18:06:10,mirova-archivo,1
2021-03-08T05:18:00,357070,Nevados de Chillan,VIIRS375,3.664,0.84,1,baja,2026-10-05T18:06:10,mirova-archivo,1
2021-03-08T06:06:00,357070,Nevados de Chillan,VIIRS750,7.131,1.50,1,baja,2026-10-05T18:06:10,mirova-archivo,1
2021-03-08T06:20:00,357070,Nevados de Chillan,MODIS,2.995,2.83,1,baja,2026-10-05T18:06:10,mirova-archivo,1
2021-03-09T03:45:00,357070,Nevados de Chillan,MODIS,2.39,1.00,1,baja,2026-10-05T18:06:10,mirova-archivo,1
2021-03-09T05:00:00,357070,Nevados de Chillan,VIIRS375,4.798,1.19,1,baja,2026-10-05T18:06:10,mirova-archivo,1
2021-03-09T05:25:00,357070,Nevados de Chillan,MODIS,1.666,1.41,1,baja,2026-10-05T18:06:10,mirova-archivo,1
2021-03-09T05:48:00,357070,Nevados de Chillan,VIIRS375,4.169,0.84,1,baja,2026-10-05T18:06:10,mirova-archivo,1
2021-03-09T06:36:00,357070,Nevados de Chillan,VIIRS375,1.962,1.12,1,baja,2026-10-05T18:06:10,mirova-archivo,1
2021-03-10T05:30:00,357070,Nevados de Chillan,VIIRS375,1.678,0.53,1,baja,2026-10-05T18:06:10,mirova-archivo,1
2021-03-10T06:18:00,357070,Nevados de Chillan,VIIRS375,0.02737,0.38,1,muy baja,2026-10-05T18:06:10,mirova-archivo,1
2021-03-11T03:35:00,357070,Nevados de Chillan,MODIS,1.189,0.00,1,baja,2026-10-05T18:06:10,mirova-archivo,1
2021-03-11T05:12:00,357070,Nevados de Chillan,VIIRS375,6.496,0.53,1,baja,2026-10-05T18:06:10,mirova-archivo,1
2021-03-11T05:15:00,357070,Nevados de Chillan,MODIS,0.2307,0.00,1,muy baja,2026-10-05T18:06:10,mirova-archivo,1
2021-03-11T06:00:00,357070,Nevados de Chillan,VIIRS375,2.038,0.84,1,baja,2026-10-05T18:06:10,mirova-archivo,1
2021-03-11T06:48:00,357070,Nevados de Chillan,VIIRS375,5.035,2.62,1,baja,2026-10-05T18:06:10,mirova-archivo,1
2021-03-12T04:15:00,357070,Nevados de Chillan,MODIS,2.213,2.00,1,baja,2026-10-05T18:06:10,mirova-archivo,1
2021-03-12T04:54:00,357070,Nevados de Chillan,VIIRS375,10.4,1.35,1,moderada,2026-10-05T18:06:10,mirova-archivo,1
2021-03-12T05:42:00,357070,Nevados de Chillan,VIIRS750,5.561,1.06,1,baja,2026-10-05T18:06:10,mirova-archivo,1
2021-03-12T05:55:00,357070,Nevados de Chillan,MODIS,2.754,1.41,1,baja,2026-10-05T18:06:10,mirova-archivo,1
2021-03-12T06:30:00,357070,Nevados de Chillan,VIIRS375,4.053,1.35,1,baja,2026-10-05T18:06:10,mirova-archivo,1
2021-03-13T03:20:00,357070,Nevados de Chillan,MODIS,1.895,1.41,1,baja,2026-10-05T18:06:10,mirova-archivo,1
2021-03-13T04:30:00,357070,Nevados de Chillan,VIIRS375,2.307,2.40,1,baja,2026-10-05T18:06:10,mirova-archivo,1
2021-03-13T05:24:00,357070,Nevados de Chillan,VIIRS375,2.611,0.53,1,baja,2026-10-05T18:06:10,mirova-archivo,1
2021-03-13T06:12:00,357070,Nevados de Chillan,VIIRS750,9.859,1.68,1,baja,2026-10-05T18:06:10,mirova-archivo,1
2021-03-13T06:40:00,357070,Nevados de Chillan,MODIS,0.9914,2.00,1,muy baja,2026-10-05T18:06:10,mirova-archivo,1
2021-03-14T04:05:00,357070,Nevados de Chillan,MODIS,1.444,1.00,1,baja,2026-10-05T18:06:10,mirova-archivo,1
2021-03-14T05:06:00,357070,Nevados de Chillan,VIIRS750,14.87,1.68,1,moderada,2026-10-05T18:06:10,mirova-archivo,1
2021-03-14T05:45:00,357070,Nevados de Chillan,MODIS,4.039,1.41,1,baja,2026-10-05T18:06:10,mirova-archivo,1
2021-03-14T05:54:00,357070,Nevados de Chillan,VIIRS375,4.739,0.84,1,baja,2026-10-05T18:06:10,mirova-archivo,1
2021-03-14T06:42:00,357070,Nevados de Chillan,VIIRS375,5.485,2.02,1,baja,2026-10-05T18:06:10,mirova-archivo,1
2021-03-15T03:10:00,357070,Nevados de Chillan,MODIS,0.8413,2.24,1,muy baja,2026-10-05T18:06:10,mirova-archivo,1
2021-03-15T04:48:00,357070,Nevados de Chillan,VIIRS375,7.226,1.68,1,baja,2026-10-05T18:06:10,mirova-archivo,1
2021-03-15T05:36:00,357070,Nevados de Chillan,VIIRS375,2.389,0.53,1,baja,2026-10-05T18:06:10,mirova-archivo,1
2021-03-15T06:24:00,357070,Nevados de Chillan,VIIRS375,2.361,1.12,1,baja,2026-10-05T18:06:10,mirova-archivo,1
2021-03-16T03:50:00,357070,Nevados de Chillan,MODIS,1.888,1.41,1,baja,2026-10-05T18:06:10,mirova-archivo,1
2021-03-16T05:30:00,357070,Nevados de Chillan,MODIS,3.503,1.41,1,baja,2026-10-05T18:06:10,mirova-archivo,1
2021-03-16T06:06:00,357070,Nevados de Chillan,VIIRS375,4.067,0.84,1,baja,2026-10-05T18:06:10,mirova-archivo,1
2021-03-18T03:40:00,357070,Nevados de Chillan,MODIS,4.769,1.00,1,baja,2026-10-05T18:06:10,mirova-archivo,1
2021-03-18T04:36:00,357070,Nevados de Chillan,VIIRS375,5.413,1.68,1,baja,2026-10-05T18:06:10,mirova-archivo,1
2021-03-18T05:30:00,357070,Nevados de Chillan,VIIRS375,2.611,17.95,0,fuera de radio,2026-10-05T18:06:10,mirova-archivo,1
2021-03-18T06:18:00,357070,Nevados de Chillan,VIIRS375,4.377,1.35,1,baja,2026-10-05T18:06:10,mirova-archivo,1
2021-03-19T05:12:00,357070,Nevados de Chillan,VIIRS375,5.321,0.84,1,baja,2026-10-05T18:06:10,mirova-archivo,1
2021-03-19T06:00:00,357070,Nevados de Chillan,MODIS,3.205,1.41,1,baja,2026-10-05T18:06:10,mirova-archivo,1
2021-03-19T06:00:00,357070,Nevados de Chillan,VIIRS375,4.554,0.84,1,baja,2026-10-05T18:06:10,mirova-archivo,1
2021-03-21T04:30:00,357070,Nevados de Chillan,VIIRS375,3.812,2.12,1,baja,2026-10-05T18:06:10,mirova-archivo,1
2021-03-21T05:24:00,357070,Nevados de Chillan,VIIRS375,2.293,0.53,1,baja,2026-10-05T18:06:10,mirova-archivo,1
2021-03-21T05:50:00,357070,Nevados de Chillan,MODIS,8.703,1.00,1,baja,2026-10-05T18:06:10,mirova-archivo,1
2021-03-21T06:12:00,357070,Nevados de Chillan,VIIRS375,1.675,0.84,1,baja,2026-10-05T18:06:10,mirova-archivo,1
2021-03-22T03:15:00,357070,Nevados de Chillan,MODIS,7.371,2.24,1,baja,2026-10-05T18:06:10,mirova-archivo,1
2021-03-22T05:06:00,357070,Nevados de Chillan,VIIRS375,4.356,0.84,1,baja,2026-10-05T18:06:10,mirova-archivo,1
2021-03-22T05:54:00,357070,Nevados de Chillan,VIIRS750,11.53,1.06,1,moderada,2026-10-05T18:06:10,mirova-archivo,1
2021-03-22T06:42:00,357070,Nevados de Chillan,VIIRS375,2.199,2.02,1,baja,2026-10-05T18:06:10,mirova-archivo,1
2021-03-23T04:42:00,357070,Nevados de Chillan,VIIRS375,3.177,1.35,1,baja,2026-10-05T18:06:10,mirova-archivo,1
2021-03-23T05:36:00,357070,Nevados de Chillan,VIIRS375,2.341,0.75,1,baja,2026-10-05T18:06:10,mirova-archivo,1
2021-03-23T06:24:00,357070,Nevados de Chillan,VIIRS375,2.186,0.84,1,baja,2026-10-05T18:06:10,mirova-archivo,1
2021-03-24T03:00:00,357070,Nevados de Chillan,MODIS,6.212,2.24,1,baja,2026-10-05T18:06:10,mirova-archivo,1
2021-03-24T05:18:00,357070,Nevados de Chillan,VIIRS375,2.597,0.53,1,baja,2026-10-05T18:06:10,mirova-archivo,1
2021-03-24T06:06:00,357070,Nevados de Chillan,VIIRS375,2.172,0.84,1,baja,2026-10-05T18:06:10,mirova-archivo,1
2021-03-25T05:00:00,357070,Nevados de Chillan,VIIRS375,3.249,0.84,1,baja,2026-10-05T18:06:10,mirova-archivo,1
2021-03-25T05:48:00,357070,Nevados de Chillan,VIIRS375,1.955,0.75,1,baja,2026-10-05T18:06:10,mirova-archivo,1
2021-03-26T05:30:00,357070,Nevados de Chillan,VIIRS375,0.7895,0.84,1,muy baja,2026-10-05T18:06:10,mirova-archivo,1
2021-03-26T06:18:00,357070,Nevados de Chillan,VIIRS375,0.4999,1.12,1,muy baja,2026-10-05T18:06:10,mirova-archivo,1
2021-03-27T05:12:00,357070,Nevados de Chillan,VIIRS375,1.942,0.53,1,baja,2026-10-05T18:06:10,mirova-archivo,1
2021-03-27T06:00:00,357070,Nevados de Chillan,VIIRS375,2.634,0.75,1,baja,2026-10-05T18:06:10,mirova-archivo,1
2021-03-27T06:48:00,357070,Nevados de Chillan,VIIRS375,1.051,2.28,1,baja,2026-10-05T18:06:10,mirova-archivo,1
2021-03-28T05:42:00,357070,Nevados de Chillan,VIIRS750,5.607,0.75,1,baja,2026-10-05T18:06:10,mirova-archivo,1
2021-03-28T05:55:00,357070,Nevados de Chillan,MODIS,1.541,1.00,1,baja,2026-10-05T18:06:10,mirova-archivo,1
2021-03-28T06:30:00,357070,Nevados de Chillan,VIIRS375,2.347,1.35,1,baja,2026-10-05T18:06:10,mirova-archivo,1
2021-03-29T03:20:00,357070,Nevados de Chillan,MODIS,2.206,1.00,1,baja,2026-10-05T18:06:10,mirova-archivo,1
2021-03-29T04:30:00,357070,Nevados de Chillan,VIIRS375,2.996,1.59,1,baja,2026-10-05T18:06:10,mirova-archivo,1
2021-03-29T05:24:00,357070,Nevados de Chillan,VIIRS375,4.338,0.53,1,baja,2026-10-05T18:06:10,mirova-archivo,1
2021-03-29T06:12:00,357070,Nevados de Chillan,VIIRS375,3.401,0.84,1,baja,2026-10-05T18:06:10,mirova-archivo,1
2021-03-30T05:45:00,357070,Nevados de Chillan,MODIS,3.985,1.41,1,baja,2026-10-05T18:06:10,mirova-archivo,1
2021-03-30T05:54:00,357070,Nevados de Chillan,VIIRS375,3.5,0.53,1,baja,2026-10-05T18:06:10,mirova-archivo,1
2021-03-31T03:10:00,357070,Nevados de Chillan,MODIS,1.654,1.41,1,baja,2026-10-05T18:06:10,mirova-archivo,1
2021-03-31T04:48:00,357070,Nevados de Chillan,VIIRS375,4.868,1.35,1,baja,2026-10-05T18:06:10,mirova-archivo,1
2021-03-31T05:36:00,357070,Nevados de Chillan,VIIRS375,3.854,0.84,1,baja,2026-10-05T18:06:10,mirova-archivo,1
2021-03-31T06:24:00,357070,Nevados de Chillan,VIIRS375,2.857,0.84,1,baja,2026-10-05T18:06:10,mirova-archivo,1
2021-04-01T03:50:00,357070,Nevados de Chillan,MODIS,7.23,1.00,1,baja,2026-10-05T18:06:10,mirova-archivo,1
2021-04-01T05:18:00,357070,Nevados de Chillan,VIIRS375,5.189,0.84,1,baja,2026-10-05T18:06:10,mirova-archivo,1
2021-04-01T05:30:00,357070,Nevados de Chillan,MODIS,0.9919,1.00,1,muy baja,2026-10-05T18:06:10,mirova-archivo,1
2021-04-01T06:06:00,357070,Nevados de Chillan,VIIRS375,4.714,22.14,0,fuera de radio,2026-10-05T18:06:10,mirova-archivo,1
2021-04-02T05:00:00,357070,Nevados de Chillan,VIIRS375,3.066,0.84,1,baja,2026-10-05T18:06:10,mirova-archivo,1
2021-04-02T05:48:00,357070,Nevados de Chillan,VIIRS375,2.373,0.53,1,baja,2026-10-05T18:06:10,mirova-archivo,1
2021-04-02T06:15:00,357070,Nevados de Chillan,MODIS,3.713,1.41,1,baja,2026-10-05T18:06:10,mirova-archivo,1
2021-04-02T06:36:00,357070,Nevados de Chillan,VIIRS375,1.809,1.19,1,baja,2026-10-05T18:06:10,mirova-archivo,1
2021-04-03T03:40:00,357070,Nevados de Chillan,MODIS,5.949,1.41,1,baja,2026-10-05T18:06:10,mirova-archivo,1
2021-04-03T04:36:00,357070,Nevados de Chillan,VIIRS375,6.191,22.10,0,fuera de radio,2026-10-05T18:06:10,mirova-archivo,1
2021-04-03T05:30:00,357070,Nevados de Chillan,VIIRS375,4.62,0.53,1,baja,2026-10-05T18:06:10,mirova-archivo,1
2021-04-03T06:18:00,357070,Nevados de Chillan,VIIRS375,2.364,0.84,1,baja,2026-10-05T18:06:10,mirova-archivo,1
2021-04-04T05:12:00,357070,Nevados de Chillan,VIIRS375,5.683,0.75,1,baja,2026-10-05T18:06:10,mirova-archivo,1
2021-04-04T06:00:00,357070,Nevados de Chillan,MODIS,0.6913,0.00,1,muy baja,2026-10-05T18:06:10,mirova-archivo,1
2021-04-04T06:00:00,357070,Nevados de Chillan,VIIRS375,1.776,0.84,1,baja,2026-10-05T18:06:10,mirova-archivo,1
2021-04-05T04:54:00,357070,Nevados de Chillan,VIIRS375,2.136,1.06,1,baja,2026-10-05T18:06:10,mirova-archivo,1
2021-04-05T05:42:00,357070,Nevados de Chillan,VIIRS375,3.768,18.00,0,fuera de radio,2026-10-05T18:06:10,mirova-archivo,1
2021-04-05T06:30:00,357070,Nevados de Chillan,VIIRS375,0.3959,1.12,1,muy baja,2026-10-05T18:06:10,mirova-archivo,1
2021-04-08T05:35:00,357070,Nevados de Chillan,MODIS,4.329,1.00,1,baja,2026-10-05T18:06:10,mirova-archivo,1
2021-04-08T05:36:00,357070,Nevados de Chillan,VIIRS750,5.44,0.75,1,baja,2026-10-05T18:06:10,mirova-archivo,1
2021-04-09T05:18:00,357070,Nevados de Chillan,VIIRS375,3.4,17.21,0,fuera de radio,2026-10-05T18:06:10,mirova-archivo,1
2021-04-09T06:06:00,357070,Nevados de Chillan,VIIRS375,1.819,0.84,1,baja,2026-10-05T18:06:10,mirova-archivo,1
2021-04-09T06:20:00,357070,Nevados de Chillan,MODIS,0.2697,1.00,1,muy baja,2026-10-05T18:06:10,mirova-archivo,1
2021-04-10T03:45:00,357070,Nevados de Chillan,MODIS,1.772,1.41,1,baja,2026-10-05T18:06:10,mirova-archivo,1
2021-04-10T05:00:00,357070,Nevados de Chillan,VIIRS375,3.373,1.19,1,baja,2026-10-05T18:06:10,mirova-archivo,1
2021-04-10T05:25:00,357070,Nevados de Chillan,MODIS,1.637,1.41,1,baja,2026-10-05T18:06:10,mirova-archivo,1
2021-04-10T05:48:00,357070,Nevados de Chillan,VIIRS375,4.628,0.84,1,baja,2026-10-05T18:06:10,mirova-archivo,1
2021-04-10T06:36:00,357070,Nevados de Chillan,VIIRS375,3.807,1.55,1,baja,2026-10-05T18:06:10,mirova-archivo,1
2021-04-11T02:50:00,357070,Nevados de Chillan,MODIS,4.24,2.24,1,baja,2026-10-05T18:06:10,mirova-archivo,1
2021-04-11T04:42:00,357070,Nevados de Chillan,VIIRS375,3.093,1.59,1,baja,2026-10-05T18:06:10,mirova-archivo,1
2021-04-11T05:30:00,357070,Nevados de Chillan,VIIRS375,4.077,0.53,1,baja,2026-10-05T18:06:10,mirova-archivo,1
2021-04-11T06:18:00,357070,Nevados de Chillan,VIIRS375,2.404,1.19,1,baja,2026-10-05T18:06:10,mirova-archivo,1
2021-04-12T03:35:00,357070,Nevados de Chillan,MODIS,5.183,1.00,1,baja,2026-10-05T18:06:10,mirova-archivo,1
2021-04-12T05:12:00,357070,Nevados de Chillan,VIIRS375,3.356,0.75,1,baja,2026-10-05T18:06:10,mirova-archivo,1
2021-04-12T06:00:00,357070,Nevados de Chillan,VIIRS375,3.211,0.84,1,baja,2026-10-05T18:06:10,mirova-archivo,1
2021-04-12T06:48:00,357070,Nevados de Chillan,VIIRS375,1.449,1.55,1,baja,2026-10-05T18:06:10,mirova-archivo,1
2021-04-13T05:42:00,357070,Nevados de Chillan,VIIRS375,3.29,0.53,1,baja,2026-10-05T18:06:10,mirova-archivo,1
2021-04-13T05:55:00,357070,Nevados de Chillan,MODIS,8.369,1.41,1,baja,2026-10-05T18:06:10,mirova-archivo,1
2021-04-13T06:30:00,357070,Nevados de Chillan,VIIRS375,2.895,1.12,1,baja,2026-10-05T18:06:10,mirova-archivo,1
2021-04-14T03:20:00,357070,Nevados de Chillan,MODIS,3.769,1.41,1,baja,2026-10-05T18:06:10,mirova-archivo,1
2021-04-14T04:30:00,357070,Nevados de Chillan,VIIRS375,4.753,2.28,1,baja,2026-10-05T18:06:10,mirova-archivo,1
2021-04-14T05:24:00,357070,Nevados de Chillan,VIIRS750,11.04,1.50,1,moderada,2026-10-05T18:06:10,mirova-archivo,1
2021-04-14T06:12:00,357070,Nevados de Chillan,VIIRS375,3.045,1.06,1,baja,2026-10-05T18:06:10,mirova-archivo,1
2021-04-15T04:05:00,357070,Nevados de Chillan,MODIS,1.125,1.00,1,baja,2026-10-05T18:06:10,mirova-archivo,1
2021-04-15T05:06:00,357070,Nevados de Chillan,VIIRS375,3.703,0.75,1,baja,2026-10-05T18:06:10,mirova-archivo,1
2021-04-15T05:45:00,357070,Nevados de Chillan,MODIS,2.99,1.41,1,baja,2026-10-05T18:06:10,mirova-archivo,1
2021-04-15T05:54:00,357070,Nevados de Chillan,VIIRS375,3.362,0.84,1,baja,2026-10-05T18:06:10,mirova-archivo,1
2021-04-15T06:42:00,357070,Nevados de Chillan,VIIRS375,1.713,1.91,1,baja,2026-10-05T18:06:10,mirova-archivo,1
2021-04-16T03:10:00,357070,Nevados de Chillan,MODIS,2.77,1.41,1,baja,2026-10-05T18:06:10,mirova-archivo,1
2021-04-16T04:48:00,357070,Nevados de Chillan,VIIRS375,6.029,18.74,0,fuera de radio,2026-10-05T18:06:10,mirova-archivo,1
2021-04-16T05:36:00,357070,Nevados de Chillan,VIIRS375,3.508,0.84,1,baja,2026-10-05T18:06:10,mirova-archivo,1
2021-04-16T06:24:00,357070,Nevados de Chillan,VIIRS375,2.3,24.14,0,fuera de radio,2026-10-05T18:06:10,mirova-archivo,1
2021-04-16T06:25:00,357070,Nevados de Chillan,MODIS,0.5782,2.24,1,muy baja,2026-10-05T18:06:10,mirova-archivo,1
2021-04-17T03:50:00,357070,Nevados de Chillan,MODIS,1.67,1.41,1,baja,2026-10-05T18:06:10,mirova-archivo,1
2021-04-17T05:18:00,357070,Nevados de Chillan,VIIRS750,17.37,1.06,1,moderada,2026-10-05T18:06:10,mirova-archivo,1
2021-04-17T05:30:00,357070,Nevados de Chillan,MODIS,4.146,1.00,1,baja,2026-10-05T18:06:10,mirova-archivo,1
2021-04-17T06:06:00,357070,Nevados de Chillan,VIIRS375,3.278,0.84,1,baja,2026-10-05T18:06:10,mirova-archivo,1
2021-04-18T05:48:00,357070,Nevados de Chillan,VIIRS375,2.08,27.84,0,no volcanica,2026-10-05T18:06:10,mirova-archivo,0
2021-04-18T06:15:00,357070,Nevados de Chillan,MODIS,0.7152,1.41,1,muy baja,2026-10-05T18:06:10,mirova-archivo,1
2021-04-19T03:40:00,357070,Nevados de Chillan,MODIS,1.631,1.00,1,baja,2026-10-05T18:06:10,mirova-archivo,1
2021-04-19T04:36:00,357070,Nevados de Chillan,VIIRS375,11.66,2.02,1,moderada,2026-10-05T18:06:10,mirova-archivo,1
2021-04-19T06:18:00,357070,Nevados de Chillan,VIIRS375,4.781,27.67,0,no volcanica,2026-10-05T18:06:10,mirova-archivo,0
2021-04-20T05:12:00,357070,Nevados de Chillan,VIIRS375,1.84,1.19,1,baja,2026-10-05T18:06:10,mirova-archivo,1
2021-04-20T06:00:00,357070,Nevados de Chillan,MODIS,1.132,0.00,1,baja,2026-10-05T18:06:10,mirova-archivo,1
2021-04-20T06:00:00,357070,Nevados de Chillan,VIIRS375,1.911,0.84,1,baja,2026-10-05T18:06:10,mirova-archivo,1
2021-04-22T04:30:00,357070,Nevados de Chillan,VIIRS375,2.227,1.88,1,baja,2026-10-05T18:06:10,mirova-archivo,1
2021-04-22T05:24:00,357070,Nevados de Chillan,VIIRS375,1.505,0.38,1,baja,2026-10-05T18:06:10,mirova-archivo,1
2021-04-22T05:50:00,357070,Nevados de Chillan,MODIS,4.111,1.00,1,baja,2026-10-05T18:06:10,mirova-archivo,1
2021-04-22T06:12:00,357070,Nevados de Chillan,VIIRS375,5.445,1.06,1,baja,2026-10-05T18:06:10,mirova-archivo,1
2021-04-23T03:15:00,357070,Nevados de Chillan,MODIS,2.453,1.41,1,baja,2026-10-05T18:06:10,mirova-archivo,1
2021-04-23T05:06:00,357070,Nevados de Chillan,VIIRS750,9.336,1.50,1,baja,2026-10-05T18:06:10,mirova-archivo,1
2021-04-23T05:54:00,357070,Nevados de Chillan,VIIRS375,3.091,0.84,1,baja,2026-10-05T18:06:10,mirova-archivo,1
2021-04-23T06:42:00,357070,Nevados de Chillan,VIIRS375,0.9213,1.91,1,muy baja,2026-10-05T18:06:10,mirova-archivo,1
2021-04-24T03:55:00,357070,Nevados de Chillan,MODIS,5.822,1.41,1,baja,2026-10-05T18:06:10,mirova-archivo,1
2021-04-24T04:42:00,357070,Nevados de Chillan,VIIRS375,2.224,1.35,1,baja,2026-10-05T18:06:10,mirova-archivo,1
2021-04-24T05:36:00,357070,Nevados de Chillan,VIIRS375,0.8324,0.84,1,muy baja,2026-10-05T18:06:10,mirova-archivo,1
2021-04-24T06:24:00,357070,Nevados de Chillan,VIIRS375,2.45,1.12,1,baja,2026-10-05T18:06:10,mirova-archivo,1
2021-04-25T05:18:00,357070,Nevados de Chillan,VIIRS375,3.71,0.84,1,baja,2026-10-05T18:06:10,mirova-archivo,1
2021-04-25T06:06:00,357070,Nevados de Chillan,VIIRS375,3.814,1.06,1,baja,2026-10-05T18:06:10,mirova-archivo,1
2021-04-25T06:20:00,357070,Nevados de Chillan,MODIS,0.774,1.00,1,muy baja,2026-10-05T18:06:10,mirova-archivo,1
2021-04-26T03:45:00,357070,Nevados de Chillan,MODIS,2.562,1.00,1,baja,2026-10-05T18:06:10,mirova-archivo,1
2021-04-26T05:00:00,357070,Nevados de Chillan,VIIRS375,5.228,0.84,1,baja,2026-10-05T18:06:10,mirova-archivo,1
2021-04-26T05:48:00,357070,Nevados de Chillan,VIIRS375,2.831,0.84,1,baja,2026-10-05T18:06:10,mirova-archivo,1
2021-04-26T06:36:00,357070,Nevados de Chillan,VIIRS375,2.082,1.19,1,baja,2026-10-05T18:06:10,mirova-archivo,1
2021-04-27T04:42:00,357070,Nevados de Chillan,VIIRS375,5.648,1.68,1,baja,2026-10-05T18:06:10,mirova-archivo,1
2021-04-27T05:30:00,357070,Nevados de Chillan,VIIRS375,5.266,0.53,1,baja,2026-10-05T18:06:10,mirova-archivo,1
2021-04-27T06:18:00,357070,Nevados de Chillan,VIIRS375,3.855,1.12,1,baja,2026-10-05T18:06:10,mirova-archivo,1
2021-04-28T05:12:00,357070,Nevados de Chillan,VIIRS375,4.648,0.75,1,baja,2026-10-05T18:06:10,mirova-archivo,1
2021-04-28T06:00:00,357070,Nevados de Chillan,VIIRS750,6.043,1.06,1,baja,2026-10-05T18:06:10,mirova-archivo,1
2021-04-28T06:48:00,357070,Nevados de Chillan,VIIRS375,0.4077,1.88,1,muy baja,2026-10-05T18:06:10,mirova-archivo,1
2021-04-29T04:48:00,357070,Nevados de Chillan,VIIRS375,5.417,1.19,1,baja,2026-10-05T18:06:10,mirova-archivo,1
2021-04-29T05:42:00,357070,Nevados de Chillan,VIIRS375,2.983,0.84,1,baja,2026-10-05T18:06:10,mirova-archivo,1
2021-04-29T05:55:00,357070,Nevados de Chillan,MODIS,2.687,1.00,1,baja,2026-10-05T18:06:10,mirova-archivo,1
2021-04-29T06:30:00,357070,Nevados de Chillan,VIIRS375,1.222,1.06,1,baja,2026-10-05T18:06:10,mirova-archivo,1
2021-04-30T03:20:00,357070,Nevados de Chillan,MODIS,2.182,1.41,1,baja,2026-10-05T18:06:10,mirova-archivo,1
2021-04-30T04:30:00,357070,Nevados de Chillan,VIIRS375,0.3537,1.55,1,muy baja,2026-10-05T18:06:10,mirova-archivo,1
2021-04-30T05:24:00,357070,Nevados de Chillan,VIIRS375,3.623,1.19,1,baja,2026-10-05T18:06:10,mirova-archivo,1
2021-04-30T06:12:00,357070,Nevados de Chillan,VIIRS375,2.23,0.84,1,baja,2026-10-05T18:06:10,mirova-archivo,1
2021-04-30T17:42:00,357070,Nevados de Chillan,VIIRS750,114.5,6.18,0,no volcanica,2026-10-05T18:06:10,mirova-archivo,0
2021-05-01T05:06:00,357070,Nevados de Chillan,VIIRS375,0.2925,10.53,0,no volcanica,2026-10-05T18:06:10,mirova-archivo,0
2021-05-04T05:48:00,357070,Nevados de Chillan,VIIRS750,11.62,0.75,1,moderada,2026-10-05T18:06:10,mirova-archivo,1
2021-05-04T06:15:00,357070,Nevados de Chillan,MODIS,20.11,1.41,1,moderada,2026-10-05T18:06:10,mirova-archivo,1
2021-05-04T06:36:00,357070,Nevados de Chillan,VIIRS750,14.27,2.37,1,moderada,2026-10-05T18:06:10,mirova-archivo,1
2021-05-05T03:40:00,357070,Nevados de Chillan,MODIS,28.55,1.41,1,moderada,2026-10-05T18:06:10,mirova-archivo,1
2021-05-05T04:36:00,357070,Nevados de Chillan,VIIRS750,22.48,2.70,1,moderada,2026-10-05T18:06:10,mirova-archivo,1
2021-05-05T05:20:00,357070,Nevados de Chillan,MODIS,18.65,2.83,1,moderada,2026-10-05T18:06:10,mirova-archivo,1
2021-05-05T05:30:00,357070,Nevados de Chillan,VIIRS750,20.18,1.06,1,moderada,2026-10-05T18:06:10,mirova-archivo,1
2021-05-05T06:18:00,357070,Nevados de Chillan,VIIRS750,15.9,1.50,1,moderada,2026-10-05T18:06:10,mirova-archivo,1
2021-05-06T02:45:00,357070,Nevados de Chillan,MODIS,0.2767,1.00,1,muy baja,2026-10-05T18:06:10,mirova-archivo,1
2021-05-06T04:20:00,357070,Nevados de Chillan,MODIS,3.76,2.24,1,baja,2026-10-05T18:06:10,mirova-archivo,1
2021-05-06T05:12:00,357070,Nevados de Chillan,VIIRS750,39.36,1.06,1,moderada,2026-10-05T18:06:10,mirova-archivo,1
2021-05-06T06:00:00,357070,Nevados de Chillan,MODIS,17.09,1.41,1,moderada,2026-10-05T18:06:10,mirova-archivo,1
2021-05-06T06:00:00,357070,Nevados de Chillan,VIIRS750,19.17,1.50,1,moderada,2026-10-05T18:06:10,mirova-archivo,1
2021-05-07T03:25:00,357070,Nevados de Chillan,MODIS,17.63,1.41,1,moderada,2026-10-05T18:06:10,mirova-archivo,1
2021-05-07T04:54:00,357070,Nevados de Chillan,VIIRS750,13.86,1.68,1,moderada,2026-10-05T18:06:10,mirova-archivo,1
2021-05-07T05:05:00,357070,Nevados de Chillan,MODIS,9.229,2.83,1,baja,2026-10-05T18:06:10,mirova-archivo,1
2021-05-07T05:42:00,357070,Nevados de Chillan,VIIRS750,18.99,1.06,1,moderada,2026-10-05T18:06:10,mirova-archivo,1
2021-05-07T06:30:00,357070,Nevados de Chillan,VIIRS750,6.344,1.68,1,baja,2026-10-05T18:06:10,mirova-archivo,1
2021-05-09T03:15:00,357070,Nevados de Chillan,MODIS,37.2,1.41,1,moderada,2026-10-05T18:06:10,mirova-archivo,1
2021-05-09T05:06:00,357070,Nevados de Chillan,VIIRS750,33.36,1.50,1,moderada,2026-10-05T18:06:10,mirova-archivo,1
2021-05-09T05:54:00,357070,Nevados de Chillan,VIIRS750,28.76,1.06,1,moderada,2026-10-05T18:06:10,mirova-archivo,1
2021-05-09T06:30:00,357070,Nevados de Chillan,MODIS,8.876,2.24,1,baja,2026-10-05T18:06:10,mirova-archivo,1
2021-05-09T06:42:00,357070,Nevados de Chillan,VIIRS750,30.74,2.37,1,moderada,2026-10-05T18:06:10,mirova-archivo,1
2021-05-10T03:55:00,357070,Nevados de Chillan,MODIS,3.252,1.00,1,baja,2026-10-05T18:06:10,mirova-archivo,1
2021-05-10T04:42:00,357070,Nevados de Chillan,VIIRS750,12.95,2.70,1,moderada,2026-10-05T18:06:10,mirova-archivo,1
2021-05-10T05:35:00,357070,Nevados de Chillan,MODIS,28.18,1.41,1,moderada,2026-10-05T18:06:10,mirova-archivo,1
2021-05-10T05:36:00,357070,Nevados de Chillan,VIIRS750,25.27,1.06,1,moderada,2026-10-05T18:06:10,mirova-archivo,1
2021-05-10T06:24:00,357070,Nevados de Chillan,VIIRS750,32.17,1.68,1,moderada,2026-10-05T18:06:10,mirova-archivo,1
2021-05-11T03:00:00,357070,Nevados de Chillan,MODIS,44.03,3.16,1,moderada,2026-10-05T18:06:10,mirova-archivo,1
2021-05-11T05:18:00,357070,Nevados de Chillan,VIIRS375,4.119,0.84,1,baja,2026-10-05T18:06:10,mirova-archivo,1
2021-05-11T06:06:00,357070,Nevados de Chillan,VIIRS750,48.04,1.68,1,moderada,2026-10-05T18:06:10,mirova-archivo,1
2021-05-11T06:20:00,357070,Nevados de Chillan,MODIS,26.96,1.41,1,moderada,2026-10-05T18:06:10,mirova-archivo,1
2021-05-12T03:45:00,357070,Nevados de Chillan,MODIS,34.51,1.41,1,moderada,2026-10-05T18:06:10,mirova-archivo,1
2021-05-12T05:00:00,357070,Nevados de Chillan,VIIRS750,40.91,1.68,1,moderada,2026-10-05T18:06:10,mirova-archivo,1
2021-05-12T05:25:00,357070,Nevados de Chillan,MODIS,41.74,2.24,1,moderada,2026-10-05T18:06:10,mirova-archivo,1
2021-05-12T05:48:00,357070,Nevados de Chillan,VIIRS750,52.92,1.06,1,moderada,2026-10-05T18:06:10,mirova-archivo,1
2021-05-12T06:36:00,357070,Nevados de Chillan,VIIRS750,33.4,2.37,1,moderada,2026-10-05T18:06:10,mirova-archivo,1
2021-05-13T02:50:00,357070,Nevados de Chillan,MODIS,8.546,3.00,1,baja,2026-10-05T18:06:10,mirova-archivo,1
2021-05-13T04:42:00,357070,Nevados de Chillan,VIIRS750,50.76,2.37,1,moderada,2026-10-05T18:06:10,mirova-archivo,1
2021-05-13T05:30:00,357070,Nevados de Chillan,VIIRS750,10.57,0.75,1,moderada,2026-10-05T18:06:10,mirova-archivo,1
2021-05-13T06:05:00,357070,Nevados de Chillan,MODIS,33.91,2.24,1,moderada,2026-10-05T18:06:10,mirova-archivo,1
2021-05-13T06:18:00,357070,Nevados de Chillan,VIIRS750,8.644,1.68,1,baja,2026-10-05T18:06:10,mirova-archivo,1
2021-05-14T03:30:00,357070,Nevados de Chillan,MODIS,21.44,25.24,0,no volcanica,2026-10-05T18:06:10,mirova-archivo,0
2021-05-14T05:10:00,357070,Nevados de Chillan,MODIS,11.83,2.83,1,moderada,2026-10-05T18:06:10,mirova-archivo,1
2021-05-14T05:12:00,357070,Nevados de Chillan,VIIRS750,18.26,1.06,1,moderada,2026-10-05T18:06:10,mirova-archivo,1
2021-05-14T06:00:00,357070,Nevados de Chillan,VIIRS750,21.03,1.50,1,moderada,2026-10-05T18:06:10,mirova-archivo,1
2021-05-14T06:48:00,357070,Nevados de Chillan,VIIRS375,5.715,2.65,1,baja,2026-10-05T18:06:10,mirova-archivo,1
2021-05-15T04:15:00,357070,Nevados de Chillan,MODIS,20.68,2.24,1,moderada,2026-10-05T18:06:10,mirova-archivo,1
2021-05-15T05:42:00,357070,Nevados de Chillan,VIIRS750,34.88,24.96,0,fuera de radio,2026-10-05T18:06:10,mirova-archivo,1
2021-05-15T05:55:00,357070,Nevados de Chillan,MODIS,25.38,1.41,1,moderada,2026-10-05T18:06:10,mirova-archivo,1
2021-05-15T06:30:00,357070,Nevados de Chillan,VIIRS750,42.88,2.12,1,moderada,2026-10-05T18:06:10,mirova-archivo,1
2021-05-15T18:54:00,357070,Nevados de Chillan,VIIRS750,70.71,1.06,1,moderada,2026-10-05T18:06:10,mirova-archivo,1
2021-05-16T03:20:00,357070,Nevados de Chillan,MODIS,40.86,1.41,1,moderada,2026-10-05T18:06:10,mirova-archivo,1
2021-05-16T04:30:00,357070,Nevados de Chillan,VIIRS750,7.301,2.70,1,baja,2026-10-05T18:06:10,mirova-archivo,1
2021-05-16T05:00:00,357070,Nevados de Chillan,MODIS,3.383,2.24,1,baja,2026-10-05T18:06:10,mirova-archivo,1
2021-05-16T05:24:00,357070,Nevados de Chillan,VIIRS750,42.62,1.06,1,moderada,2026-10-05T18:06:10,mirova-archivo,1
2021-05-16T06:12:00,357070,Nevados de Chillan,VIIRS750,37.59,1.50,1,moderada,2026-10-05T18:06:10,mirova-archivo,1
2021-05-16T06:40:00,357070,Nevados de Chillan,MODIS,14.17,4.00,1,moderada,2026-10-05T18:06:10,mirova-archivo,1
2021-05-17T04:05:00,357070,Nevados de Chillan,MODIS,40.32,2.24,1,moderada,2026-10-05T18:06:10,mirova-archivo,1
2021-05-17T05:06:00,357070,Nevados de Chillan,VIIRS750,59.93,1.68,1,moderada,2026-10-05T18:06:10,mirova-archivo,1
2021-05-17T05:45:00,357070,Nevados de Chillan,MODIS,37.53,1.41,1,moderada,2026-10-05T18:06:10,mirova-archivo,1
2021-05-17T05:54:00,357070,Nevados de Chillan,VIIRS750,42.71,1.68,1,moderada,2026-10-05T18:06:10,mirova-archivo,1
2021-05-17T06:42:00,357070,Nevados de Chillan,VIIRS750,6.113,2.70,1,baja,2026-10-05T18:06:10,mirova-archivo,1
2021-05-18T03:10:00,357070,Nevados de Chillan,MODIS,9.01,2.24,1,baja,2026-10-05T18:06:10,mirova-archivo,1
2021-05-18T04:48:00,357070,Nevados de Chillan,VIIRS750,38.64,1.68,1,moderada,2026-10-05T18:06:10,mirova-archivo,1
2021-05-18T05:36:00,357070,Nevados de Chillan,VIIRS750,37.39,25.60,0,no volcanica,2026-10-05T18:06:10,mirova-archivo,0
2021-05-18T06:24:00,357070,Nevados de Chillan,VIIRS750,10.79,2.25,1,moderada,2026-10-05T18:06:10,mirova-archivo,1
2021-05-18T06:25:00,357070,Nevados de Chillan,MODIS,10.79,2.24,1,moderada,2026-10-05T18:06:10,mirova-archivo,1
2021-05-19T03:50:00,357070,Nevados de Chillan,MODIS,15.83,2.24,1,moderada,2026-10-05T18:06:10,mirova-archivo,1
2021-05-19T05:18:00,357070,Nevados de Chillan,VIIRS375,5.156,0.84,1,baja,2026-10-05T18:06:10,mirova-archivo,1
2021-05-19T05:30:00,357070,Nevados de Chillan,MODIS,5.649,1.41,1,baja,2026-10-05T18:06:10,mirova-archivo,1
2021-05-21T03:40:00,357070,Nevados de Chillan,MODIS,3.372,1.41,1,baja,2026-10-05T18:06:10,mirova-archivo,1
2021-05-21T04:36:00,357070,Nevados de Chillan,VIIRS750,5.114,2.37,1,baja,2026-10-05T18:06:10,mirova-archivo,1
2021-05-21T05:20:00,357070,Nevados de Chillan,MODIS,0.3886,1.00,1,muy baja,2026-10-05T18:06:10,mirova-archivo,1
2021-05-21T05:30:00,357070,Nevados de Chillan,VIIRS375,4.234,0.53,1,baja,2026-10-05T18:06:10,mirova-archivo,1
2021-05-21T06:18:00,357070,Nevados de Chillan,VIIRS375,0.3873,1.19,1,muy baja,2026-10-05T18:06:10,mirova-archivo,1
2021-05-22T05:12:00,357070,Nevados de Chillan,VIIRS375,1.598,24.05,0,no volcanica,2026-10-05T18:06:10,mirova-archivo,0
2021-05-22T06:00:00,357070,Nevados de Chillan,MODIS,7.51,1.41,1,baja,2026-10-05T18:06:10,mirova-archivo,1
2021-05-22T06:00:00,357070,Nevados de Chillan,VIIRS375,4.91,1.19,1,baja,2026-10-05T18:06:10,mirova-archivo,1
2021-05-22T18:18:00,357070,Nevados de Chillan,VIIRS750,51.64,1.06,1,moderada,2026-10-05T18:06:10,mirova-archivo,1
2021-05-23T03:25:00,357070,Nevados de Chillan,MODIS,86.94,2.24,1,moderada,2026-10-05T18:06:10,mirova-archivo,1
2021-05-23T04:54:00,357070,Nevados de Chillan,VIIRS750,91.5,1.68,1,moderada,2026-10-05T18:06:10,mirova-archivo,1
2021-05-23T05:05:00,357070,Nevados de Chillan,MODIS,61.83,2.83,1,moderada,2026-10-05T18:06:10,mirova-archivo,1
2021-05-23T05:42:00,357070,Nevados de Chillan,VIIRS750,74.34,1.06,1,moderada,2026-10-05T18:06:10,mirova-archivo,1
2021-05-23T06:30:00,357070,Nevados de Chillan,VIIRS750,48.53,2.37,1,moderada,2026-10-05T18:06:10,mirova-archivo,1
2021-05-23T06:45:00,357070,Nevados de Chillan,MODIS,4.735,2.24,1,baja,2026-10-05T18:06:10,mirova-archivo,1
2021-05-23T18:00:00,357070,Nevados de Chillan,VIIRS750,79.62,1.06,1,moderada,2026-10-05T18:06:10,mirova-archivo,1
2021-05-23T18:54:00,357070,Nevados de Chillan,VIIRS750,81.96,1.50,1,moderada,2026-10-05T18:06:10,mirova-archivo,1
2021-05-24T04:10:00,357070,Nevados de Chillan,MODIS,29.13,2.24,1,moderada,2026-10-05T18:06:10,mirova-archivo,1
2021-05-24T04:36:00,357070,Nevados de Chillan,VIIRS750,36.8,2.70,1,moderada,2026-10-05T18:06:10,mirova-archivo,1
2021-05-24T05:24:00,357070,Nevados de Chillan,VIIRS750,63.19,1.06,1,moderada,2026-10-05T18:06:10,mirova-archivo,1
2021-05-24T05:50:00,357070,Nevados de Chillan,MODIS,51.98,1.41,1,moderada,2026-10-05T18:06:10,mirova-archivo,1
2021-05-24T06:12:00,357070,Nevados de Chillan,VIIRS750,64.34,1.68,1,moderada,2026-10-05T18:06:10,mirova-archivo,1
2021-05-25T03:15:00,357070,Nevados de Chillan,MODIS,0.3683,1.00,1,muy baja,2026-10-05T18:06:10,mirova-archivo,1
2021-05-25T05:06:00,357070,Nevados de Chillan,VIIRS750,36.4,1.50,1,moderada,2026-10-05T18:06:10,mirova-archivo,1
2021-05-25T05:54:00,357070,Nevados de Chillan,VIIRS750,25.9,1.50,1,moderada,2026-10-05T18:06:10,mirova-archivo,1
2021-05-25T06:30:00,357070,Nevados de Chillan,MODIS,48.26,5.10,0,fuera de radio,2026-10-05T18:06:10,mirova-archivo,1
2021-05-25T06:42:00,357070,Nevados de Chillan,VIIRS750,23.56,2.37,1,moderada,2026-10-05T18:06:10,mirova-archivo,1
2021-05-26T03:55:00,357070,Nevados de Chillan,MODIS,15.5,2.24,1,moderada,2026-10-05T18:06:10,mirova-archivo,1
2021-05-26T04:42:00,357070,Nevados de Chillan,VIIRS750,47.13,2.70,1,moderada,2026-10-05T18:06:10,mirova-archivo,1
2021-05-26T05:35:00,357070,Nevados de Chillan,MODIS,10.01,1.41,1,moderada,2026-10-05T18:06:10,mirova-archivo,1
2021-05-26T05:36:00,357070,Nevados de Chillan,VIIRS750,10.44,1.06,1,moderada,2026-10-05T18:06:10,mirova-archivo,1
2021-05-26T06:24:00,357070,Nevados de Chillan,VIIRS375,3.88,1.35,1,baja,2026-10-05T18:06:10,mirova-archivo,1
2021-05-28T05:00:00,357070,Nevados de Chillan,VIIRS375,0.33,0.53,1,muy baja,2026-10-05T18:06:10,mirova-archivo,1
2021-05-28T06:36:00,357070,Nevados de Chillan,VIIRS375,3.724,1.68,1,baja,2026-10-05T18:06:10,mirova-archivo,1
2021-05-29T02:50:00,357070,Nevados de Chillan,MODIS,2.102,2.24,1,baja,2026-10-05T18:06:10,mirova-archivo,1
2021-05-29T04:25:00,357070,Nevados de Chillan,MODIS,11.95,2.83,1,moderada,2026-10-05T18:06:10,mirova-archivo,1
2021-05-29T04:42:00,357070,Nevados de Chillan,VIIRS750,8.456,2.12,1,baja,2026-10-05T18:06:10,mirova-archivo,1
2021-05-29T05:30:00,357070,Nevados de Chillan,VIIRS750,34.88,1.68,1,moderada,2026-10-05T18:06:10,mirova-archivo,1
2021-05-29T06:05:00,357070,Nevados de Chillan,MODIS,36.42,2.24,1,moderada,2026-10-05T18:06:10,mirova-archivo,1
2021-05-29T06:18:00,357070,Nevados de Chillan,VIIRS750,20.12,2.37,1,moderada,2026-10-05T18:06:10,mirova-archivo,1
2021-05-30T03:30:00,357070,Nevados de Chillan,MODIS,32.08,2.24,1,moderada,2026-10-05T18:06:10,mirova-archivo,1
2021-05-30T05:10:00,357070,Nevados de Chillan,MODIS,2.455,2.83,1,baja,2026-10-05T18:06:10,mirova-archivo,1
2021-05-30T05:12:00,357070,Nevados de Chillan,VIIRS750,11.08,1.06,1,moderada,2026-10-05T18:06:10,mirova-archivo,1
2021-05-30T06:00:00,357070,Nevados de Chillan,VIIRS750,29.75,1.50,1,moderada,2026-10-05T18:06:10,mirova-archivo,1
2021-05-30T06:48:00,357070,Nevados de Chillan,VIIRS750,11.07,2.70,1,moderada,2026-10-05T18:06:10,mirova-archivo,1
2021-06-02T04:00:00,357070,Nevados de Chillan,MODIS,18.5,2.24,1,moderada,2026-10-05T18:06:10,mirova-archivo,1
2021-06-02T05:06:00,357070,Nevados de Chillan,VIIRS750,86.64,1.50,1,moderada,2026-10-05T18:06:10,mirova-archivo,1
2021-06-02T05:45:00,357070,Nevados de Chillan,MODIS,60.96,1.41,1,moderada,2026-10-05T18:06:10,mirova-archivo,1
2021-06-02T05:54:00,357070,Nevados de Chillan,VIIRS750,62.7,1.68,1,moderada,2026-10-05T18:06:10,mirova-archivo,1
2021-06-02T06:42:00,357070,Nevados de Chillan,VIIRS750,46.44,3.09,1,moderada,2026-10-05T18:06:10,mirova-archivo,1
2021-06-04T03:50:00,357070,Nevados de Chillan,MODIS,27.27,2.24,1,moderada,2026-10-05T18:06:10,mirova-archivo,1
2021-06-04T05:18:00,357070,Nevados de Chillan,VIIRS750,46.88,1.50,1,moderada,2026-10-05T18:06:10,mirova-archivo,1
2021-06-04T05:30:00,357070,Nevados de Chillan,MODIS,21.54,2.24,1,moderada,2026-10-05T18:06:10,mirova-archivo,1
2021-06-04T06:06:00,357070,Nevados de Chillan,VIIRS750,22.55,1.68,1,moderada,2026-10-05T18:06:10,mirova-archivo,1
2021-06-05T02:55:00,357070,Nevados de Chillan,MODIS,36.09,5.00,1,moderada,2026-10-05T18:06:10,mirova-archivo,1
2021-06-05T05:00:00,357070,Nevados de Chillan,VIIRS750,36.31,1.68,1,moderada,2026-10-05T18:06:10,mirova-archivo,1
2021-06-05T05:48:00,357070,Nevados de Chillan,VIIRS750,61.32,1.06,1,moderada,2026-10-05T18:06:10,mirova-archivo,1
2021-06-05T06:15:00,357070,Nevados de Chillan,MODIS,79.29,2.24,1,moderada,2026-10-05T18:06:10,mirova-archivo,1
2021-06-05T06:36:00,357070,Nevados de Chillan,VIIRS750,54.73,2.37,1,moderada,2026-10-05T18:06:10,mirova-archivo,1
2021-06-07T02:45:00,357070,Nevados de Chillan,MODIS,8.173,2.24,1,baja,2026-10-05T18:06:10,mirova-archivo,1
2021-06-08T03:25:00,357070,Nevados de Chillan,MODIS,24.03,2.24,1,moderada,2026-10-05T18:06:10,mirova-archivo,1
2021-06-08T04:54:00,357070,Nevados de Chillan,VIIRS750,13.1,1.68,1,moderada,2026-10-05T18:06:10,mirova-archivo,1
2021-06-08T05:05:00,357070,Nevados de Chillan,MODIS,3.853,2.24,1,baja,2026-10-05T18:06:10,mirova-archivo,1
2021-06-08T05:42:00,357070,Nevados de Chillan,VIIRS750,10.94,0.75,1,moderada,2026-10-05T18:06:10,mirova-archivo,1
2021-06-08T06:30:00,357070,Nevados de Chillan,VIIRS750,23.54,2.70,1,moderada,2026-10-05T18:06:10,mirova-archivo,1
2021-06-08T06:45:00,357070,Nevados de Chillan,MODIS,4.276,2.24,1,baja,2026-10-05T18:06:10,mirova-archivo,1
2021-06-11T05:36:00,357070,Nevados de Chillan,VIIRS375,0.1068,0.84,1,muy baja,2026-10-05T18:06:10,mirova-archivo,1
2021-06-11T14:55:00,357070,Nevados de Chillan,MODIS,56.65,2.24,1,moderada,2026-10-05T18:06:10,mirova-archivo,1
2021-06-11T18:48:00,357070,Nevados de Chillan,VIIRS750,52.33,1.68,1,moderada,2026-10-05T18:06:10,mirova-archivo,1
2021-06-12T03:00:00,357070,Nevados de Chillan,MODIS,58.36,4.00,1,moderada,2026-10-05T18:06:10,mirova-archivo,1
2021-06-12T05:18:00,357070,Nevados de Chillan,VIIRS750,61.32,1.06,1,moderada,2026-10-05T18:06:10,mirova-archivo,1
2021-06-12T06:06:00,357070,Nevados de Chillan,VIIRS750,77.87,1.06,1,moderada,2026-10-05T18:06:10,mirova-archivo,1
2021-06-12T06:20:00,357070,Nevados de Chillan,MODIS,55.43,3.16,1,moderada,2026-10-05T18:06:10,mirova-archivo,1
2021-06-13T03:45:00,357070,Nevados de Chillan,MODIS,37.04,1.41,1,moderada,2026-10-05T18:06:10,mirova-archivo,1
2021-06-13T05:25:00,357070,Nevados de Chillan,MODIS,26.01,2.24,1,moderada,2026-10-05T18:06:10,mirova-archivo,1
2021-06-13T05:48:00,357070,Nevados de Chillan,VIIRS375,0.7297,1.06,1,muy baja,2026-10-05T18:06:10,mirova-archivo,1
2021-06-14T04:42:00,357070,Nevados de Chillan,VIIRS375,4.459,2.19,1,baja,2026-10-05T18:06:10,mirova-archivo,1
2021-06-14T05:30:00,357070,Nevados de Chillan,VIIRS750,11.86,0.75,1,moderada,2026-10-05T18:06:10,mirova-archivo,1
2021-06-14T06:05:00,357070,Nevados de Chillan,MODIS,26.02,2.00,1,moderada,2026-10-05T18:06:10,mirova-archivo,1
2021-06-14T06:18:00,357070,Nevados de Chillan,VIIRS750,13.26,2.37,1,moderada,2026-10-05T18:06:10,mirova-archivo,1
2021-06-15T03:30:00,357070,Nevados de Chillan,MODIS,38.27,1.41,1,moderada,2026-10-05T18:06:10,mirova-archivo,1
2021-06-15T05:10:00,357070,Nevados de Chillan,MODIS,2.652,2.24,1,baja,2026-10-05T18:06:10,mirova-archivo,1
2021-06-15T05:12:00,357070,Nevados de Chillan,VIIRS750,14.54,1.06,1,moderada,2026-10-05T18:06:10,mirova-archivo,1
2021-06-15T06:00:00,357070,Nevados de Chillan,VIIRS375,0.4467,1.06,1,muy baja,2026-10-05T18:06:10,mirova-archivo,1
2021-06-15T06:48:00,357070,Nevados de Chillan,VIIRS375,0.421,2.28,1,muy baja,2026-10-05T18:06:10,mirova-archivo,1
2021-06-15T14:35:00,357070,Nevados de Chillan,MODIS,83.8,1.00,1,moderada,2026-10-05T18:06:10,mirova-archivo,1
2021-06-16T04:15:00,357070,Nevados de Chillan,MODIS,0.8202,1.00,1,muy baja,2026-10-05T18:06:10,mirova-archivo,1
2021-06-16T04:54:00,357070,Nevados de Chillan,VIIRS375,4.597,1.35,1,baja,2026-10-05T18:06:10,mirova-archivo,1
2021-06-16T05:42:00,357070,Nevados de Chillan,VIIRS750,22.92,0.75,1,moderada,2026-10-05T18:06:10,mirova-archivo,1
2021-06-16T05:55:00,357070,Nevados de Chillan,MODIS,10.13,1.41,1,moderada,2026-10-05T18:06:10,mirova-archivo,1
2021-06-16T06:30:00,357070,Nevados de Chillan,VIIRS750,37.11,2.37,1,moderada,2026-10-05T18:06:10,mirova-archivo,1
2021-06-17T03:20:00,357070,Nevados de Chillan,MODIS,26.25,2.24,1,moderada,2026-10-05T18:06:10,mirova-archivo,1
2021-06-17T04:30:00,357070,Nevados de Chillan,VIIRS750,25.71,2.70,1,moderada,2026-10-05T18:06:10,mirova-archivo,1
2021-06-17T05:00:00,357070,Nevados de Chillan,MODIS,10.04,2.83,1,moderada,2026-10-05T18:06:10,mirova-archivo,1
2021-06-17T05:24:00,357070,Nevados de Chillan,VIIRS750,27.35,1.06,1,moderada,2026-10-05T18:06:10,mirova-archivo,1
2021-06-17T06:12:00,357070,Nevados de Chillan,VIIRS750,27.32,1.68,1,moderada,2026-10-05T18:06:10,mirova-archivo,1
2021-06-17T06:40:00,357070,Nevados de Chillan,MODIS,18.63,2.83,1,moderada,2026-10-05T18:06:10,mirova-archivo,1
2021-06-18T04:00:00,357070,Nevados de Chillan,MODIS,29.55,2.83,1,moderada,2026-10-05T18:06:10,mirova-archivo,1
2021-06-18T05:06:00,357070,Nevados de Chillan,VIIRS750,44.22,1.68,1,moderada,2026-10-05T18:06:10,mirova-archivo,1
2021-06-18T05:45:00,357070,Nevados de Chillan,MODIS,52.21,1.41,1,moderada,2026-10-05T18:06:10,mirova-archivo,1
2021-06-18T05:54:00,357070,Nevados de Chillan,VIIRS750,42.88,1.06,1,moderada,2026-10-05T18:06:10,mirova-archivo,1
2021-06-18T06:42:00,357070,Nevados de Chillan,VIIRS750,20.97,2.70,1,moderada,2026-10-05T18:06:10,mirova-archivo,1
2021-06-18T18:12:00,357070,Nevados de Chillan,VIIRS750,80.79,1.06,1,moderada,2026-10-05T18:06:10,mirova-archivo,1
2021-06-19T03:05:00,357070,Nevados de Chillan,MODIS,77.38,2.83,1,moderada,2026-10-05T18:06:10,mirova-archivo,1
2021-06-19T04:48:00,357070,Nevados de Chillan,VIIRS750,83.72,2.12,1,moderada,2026-10-05T18:06:10,mirova-archivo,1
2021-06-19T05:36:00,357070,Nevados de Chillan,VIIRS750,78.13,1.50,1,moderada,2026-10-05T18:06:10,mirova-archivo,1
2021-06-19T06:24:00,357070,Nevados de Chillan,VIIRS750,39.78,1.68,1,moderada,2026-10-05T18:06:10,mirova-archivo,1
2021-06-19T06:25:00,357070,Nevados de Chillan,MODIS,46.48,4.12,1,moderada,2026-10-05T18:06:10,mirova-archivo,1
2021-06-19T17:54:00,357070,Nevados de Chillan,VIIRS750,74.6,1.06,1,moderada,2026-10-05T18:06:10,mirova-archivo,1
2021-06-19T18:48:00,357070,Nevados de Chillan,VIIRS750,66.98,1.50,1,moderada,2026-10-05T18:06:10,mirova-archivo,1
2021-06-20T03:50:00,357070,Nevados de Chillan,MODIS,53.46,2.00,1,moderada,2026-10-05T18:06:10,mirova-archivo,1
2021-06-20T05:18:00,357070,Nevados de Chillan,VIIRS750,51.81,1.68,1,moderada,2026-10-05T18:06:10,mirova-archivo,1
2021-06-20T05:30:00,357070,Nevados de Chillan,MODIS,57.47,2.24,1,moderada,2026-10-05T18:06:10,mirova-archivo,1
2021-06-20T06:06:00,357070,Nevados de Chillan,VIIRS750,42.86,2.25,1,moderada,2026-10-05T18:06:10,mirova-archivo,1
2021-06-21T02:55:00,357070,Nevados de Chillan,MODIS,39.64,2.83,1,moderada,2026-10-05T18:06:10,mirova-archivo,1
2021-06-21T05:00:00,357070,Nevados de Chillan,VIIRS750,54.44,1.68,1,moderada,2026-10-05T18:06:10,mirova-archivo,1
2021-06-21T05:48:00,357070,Nevados de Chillan,VIIRS750,39.83,1.50,1,moderada,2026-10-05T18:06:10,mirova-archivo,1
2021-06-21T06:15:00,357070,Nevados de Chillan,MODIS,56.66,2.24,1,moderada,2026-10-05T18:06:10,mirova-archivo,1
2021-06-21T06:36:00,357070,Nevados de Chillan,VIIRS750,25.97,2.37,1,moderada,2026-10-05T18:06:10,mirova-archivo,1
2021-06-22T03:40:00,357070,Nevados de Chillan,MODIS,0.1075,0.00,1,muy baja,2026-10-05T18:06:10,mirova-archivo,1
2021-06-22T06:18:00,357070,Nevados de Chillan,VIIRS375,0.06321,0.53,1,muy baja,2026-10-05T18:06:10,mirova-archivo,1
2021-06-23T02:40:00,357070,Nevados de Chillan,MODIS,2.157,2.24,1,baja,2026-10-05T18:06:10,mirova-archivo,1
2021-06-23T04:20:00,357070,Nevados de Chillan,MODIS,1.969,2.83,1,baja,2026-10-05T18:06:10,mirova-archivo,1
2021-06-24T03:25:00,357070,Nevados de Chillan,MODIS,1.348,1.41,1,baja,2026-10-05T18:06:10,mirova-archivo,1
2021-06-24T04:54:00,357070,Nevados de Chillan,VIIRS375,1.378,1.06,1,baja,2026-10-05T18:06:10,mirova-archivo,1
2021-06-24T05:42:00,357070,Nevados de Chillan,VIIRS375,1.017,1.19,1,baja,2026-10-05T18:06:10,mirova-archivo,1
2021-06-25T05:50:00,357070,Nevados de Chillan,MODIS,1.545,1.41,1,baja,2026-10-05T18:06:10,mirova-archivo,1
2021-06-26T03:15:00,357070,Nevados de Chillan,MODIS,18.77,2.24,1,moderada,2026-10-05T18:06:10,mirova-archivo,1
2021-06-26T05:06:00,357070,Nevados de Chillan,VIIRS750,16.76,1.68,1,moderada,2026-10-05T18:06:10,mirova-archivo,1
2021-06-26T05:54:00,357070,Nevados de Chillan,VIIRS750,16.11,1.50,1,moderada,2026-10-05T18:06:10,mirova-archivo,1
2021-06-26T06:30:00,357070,Nevados de Chillan,MODIS,22.78,4.12,1,moderada,2026-10-05T18:06:10,mirova-archivo,1
2021-06-26T06:42:00,357070,Nevados de Chillan,VIIRS750,11.58,2.70,1,moderada,2026-10-05T18:06:10,mirova-archivo,1
2021-06-27T03:55:00,357070,Nevados de Chillan,MODIS,18.25,1.41,1,moderada,2026-10-05T18:06:10,mirova-archivo,1
2021-06-27T04:48:00,357070,Nevados de Chillan,VIIRS750,17.97,2.70,1,moderada,2026-10-05T18:06:10,mirova-archivo,1
2021-06-27T05:35:00,357070,Nevados de Chillan,MODIS,20.93,1.41,1,moderada,2026-10-05T18:06:10,mirova-archivo,1
2021-06-27T05:36:00,357070,Nevados de Chillan,VIIRS750,23.15,1.50,1,moderada,2026-10-05T18:06:10,mirova-archivo,1
2021-06-27T06:24:00,357070,Nevados de Chillan,VIIRS750,19.96,1.68,1,moderada,2026-10-05T18:06:10,mirova-archivo,1
2021-06-28T03:00:00,357070,Nevados de Chillan,MODIS,25.8,3.61,1,moderada,2026-10-05T18:06:10,mirova-archivo,1
2021-06-28T05:18:00,357070,Nevados de Chillan,VIIRS750,37.78,1.06,1,moderada,2026-10-05T18:06:10,mirova-archivo,1
2021-06-28T06:06:00,357070,Nevados de Chillan,VIIRS750,27.31,1.68,1,moderada,2026-10-05T18:06:10,mirova-archivo,1
2021-06-28T06:20:00,357070,Nevados de Chillan,MODIS,23.88,2.24,1,moderada,2026-10-05T18:06:10,mirova-archivo,1
2021-06-28T17:36:00,357070,Nevados de Chillan,VIIRS750,135.6,2.37,1,alta,2026-10-05T18:06:10,mirova-archivo,1
2021-06-28T18:20:00,357070,Nevados de Chillan,MODIS,69.29,2.24,1,moderada,2026-10-05T18:06:10,mirova-archivo,1
2021-06-28T19:18:00,357070,Nevados de Chillan,VIIRS750,55.62,1.68,1,moderada,2026-10-05T18:06:10,mirova-archivo,1
2021-06-29T03:45:00,357070,Nevados de Chillan,MODIS,57.28,2.24,1,moderada,2026-10-05T18:06:10,mirova-archivo,1
2021-06-29T05:00:00,357070,Nevados de Chillan,VIIRS750,77.25,1.68,1,moderada,2026-10-05T18:06:10,mirova-archivo,1
2021-06-29T05:25:00,357070,Nevados de Chillan,MODIS,18.7,2.83,1,moderada,2026-10-05T18:06:10,mirova-archivo,1
2021-06-29T05:48:00,357070,Nevados de Chillan,VIIRS750,42.86,1.06,1,moderada,2026-10-05T18:06:10,mirova-archivo,1
2021-06-29T06:36:00,357070,Nevados de Chillan,VIIRS750,46.32,3.00,1,moderada,2026-10-05T18:06:10,mirova-archivo,1
2021-06-30T02:50:00,357070,Nevados de Chillan,MODIS,20.17,3.00,1,moderada,2026-10-05T18:06:10,mirova-archivo,1
2021-06-30T04:42:00,357070,Nevados de Chillan,VIIRS750,5.163,2.37,1,baja,2026-10-05T18:06:10,mirova-archivo,1
2021-06-30T05:30:00,357070,Nevados de Chillan,VIIRS750,5.684,1.06,1,baja,2026-10-05T18:06:10,mirova-archivo,1
2021-06-30T06:05:00,357070,Nevados de Chillan,MODIS,11.6,1.41,1,moderada,2026-10-05T18:06:10,mirova-archivo,1
2021-06-30T06:18:00,357070,Nevados de Chillan,VIIRS750,7.851,1.68,1,baja,2026-10-05T18:06:10,mirova-archivo,1
2021-07-01T03:30:00,357070,Nevados de Chillan,MODIS,27.28,1.41,1,moderada,2026-10-05T18:06:10,mirova-archivo,1
2021-07-01T05:10:00,357070,Nevados de Chillan,MODIS,10.45,2.83,1,moderada,2026-10-05T18:06:10,mirova-archivo,1
2021-07-01T05:12:00,357070,Nevados de Chillan,VIIRS750,10.67,1.06,1,moderada,2026-10-05T18:06:10,mirova-archivo,1
2021-07-01T06:00:00,357070,Nevados de Chillan,VIIRS750,18.73,1.68,1,moderada,2026-10-05T18:06:10,mirova-archivo,1
2021-07-01T06:48:00,357070,Nevados de Chillan,VIIRS375,10.76,2.12,1,moderada,2026-10-05T18:06:10,mirova-archivo,1
2021-07-02T04:15:00,357070,Nevados de Chillan,MODIS,13.57,2.83,1,moderada,2026-10-05T18:06:10,mirova-archivo,1
2021-07-02T04:54:00,357070,Nevados de Chillan,VIIRS750,35.63,2.25,1,moderada,2026-10-05T18:06:10,mirova-archivo,1
2021-07-02T05:42:00,357070,Nevados de Chillan,VIIRS750,28.99,1.06,1,moderada,2026-10-05T18:06:10,mirova-archivo,1
2021-07-02T05:55:00,357070,Nevados de Chillan,MODIS,26.52,1.41,1,moderada,2026-10-05T18:06:10,mirova-archivo,1
2021-07-02T06:30:00,357070,Nevados de Chillan,VIIRS750,13.41,1.68,1,moderada,2026-10-05T18:06:10,mirova-archivo,1
2021-07-03T03:20:00,357070,Nevados de Chillan,MODIS,26.67,2.24,1,moderada,2026-10-05T18:06:10,mirova-archivo,1
2021-07-03T04:30:00,357070,Nevados de Chillan,VIIRS750,37.82,3.09,1,moderada,2026-10-05T18:06:10,mirova-archivo,1
2021-07-03T05:00:00,357070,Nevados de Chillan,MODIS,19.21,2.83,1,moderada,2026-10-05T18:06:10,mirova-archivo,1
2021-07-03T05:24:00,357070,Nevados de Chillan,VIIRS750,24.5,1.68,1,moderada,2026-10-05T18:06:10,mirova-archivo,1
2021-07-03T06:12:00,357070,Nevados de Chillan,VIIRS750,18.74,1.06,1,moderada,2026-10-05T18:06:10,mirova-archivo,1
2021-07-03T06:40:00,357070,Nevados de Chillan,MODIS,13.22,2.24,1,moderada,2026-10-05T18:06:10,mirova-archivo,1
2021-07-04T04:00:00,357070,Nevados de Chillan,MODIS,46.79,3.00,1,moderada,2026-10-05T18:06:10,mirova-archivo,1
2021-07-04T05:06:00,357070,Nevados de Chillan,VIIRS750,35.62,1.68,1,moderada,2026-10-05T18:06:10,mirova-archivo,1
2021-07-04T05:45:00,357070,Nevados de Chillan,MODIS,66.3,1.41,1,moderada,2026-10-05T18:06:10,mirova-archivo,1
2021-07-04T05:54:00,357070,Nevados de Chillan,VIIRS750,42.15,1.06,1,moderada,2026-10-05T18:06:10,mirova-archivo,1
2021-07-05T03:05:00,357070,Nevados de Chillan,MODIS,42.84,3.00,1,moderada,2026-10-05T18:06:10,mirova-archivo,1
2021-07-05T04:48:00,357070,Nevados de Chillan,VIIRS750,58.07,2.37,1,moderada,2026-10-05T18:06:10,mirova-archivo,1
2021-07-05T05:36:00,357070,Nevados de Chillan,VIIRS750,103.7,1.06,1,alta,2026-10-05T18:06:10,mirova-archivo,1
2021-07-05T06:24:00,357070,Nevados de Chillan,VIIRS750,79.05,1.68,1,moderada,2026-10-05T18:06:10,mirova-archivo,1
2021-07-05T06:25:00,357070,Nevados de Chillan,MODIS,83.09,4.12,1,moderada,2026-10-05T18:06:10,mirova-archivo,1
2021-07-06T03:50:00,357070,Nevados de Chillan,MODIS,54.74,1.41,1,moderada,2026-10-05T18:06:10,mirova-archivo,1
2021-07-06T05:18:00,357070,Nevados de Chillan,VIIRS750,54.85,1.68,1,moderada,2026-10-05T18:06:10,mirova-archivo,1
2021-07-06T05:30:00,357070,Nevados de Chillan,MODIS,57.94,2.24,1,moderada,2026-10-05T18:06:10,mirova-archivo,1
2021-07-06T06:06:00,357070,Nevados de Chillan,VIIRS750,39.47,1.06,1,moderada,2026-10-05T18:06:10,mirova-archivo,1
2021-07-06T17:36:00,357070,Nevados de Chillan,VIIRS750,71.77,1.68,1,moderada,2026-10-05T18:06:10,mirova-archivo,1
2021-07-06T18:30:00,357070,Nevados de Chillan,VIIRS750,61.95,1.06,1,moderada,2026-10-05T18:06:10,mirova-archivo,1
2021-07-07T02:55:00,357070,Nevados de Chillan,MODIS,72.42,5.10,0,no volcanica,2026-10-05T18:06:10,mirova-archivo,0
2021-07-07T05:00:00,357070,Nevados de Chillan,VIIRS750,45.6,1.68,1,moderada,2026-10-05T18:06:10,mirova-archivo,1
2021-07-07T05:48:00,357070,Nevados de Chillan,VIIRS750,56.17,1.06,1,moderada,2026-10-05T18:06:10,mirova-archivo,1
2021-07-07T06:15:00,357070,Nevados de Chillan,MODIS,61.2,2.24,1,moderada,2026-10-05T18:06:10,mirova-archivo,1
2021-07-07T06:36:00,357070,Nevados de Chillan,VIIRS750,20.99,1.68,1,moderada,2026-10-05T18:06:10,mirova-archivo,1
2021-07-10T03:25:00,357070,Nevados de Chillan,MODIS,42.64,1.41,1,moderada,2026-10-05T18:06:10,mirova-archivo,1
2021-07-10T04:54:00,357070,Nevados de Chillan,VIIRS750,32.35,1.68,1,moderada,2026-10-05T18:06:10,mirova-archivo,1
2021-07-10T05:05:00,357070,Nevados de Chillan,MODIS,16.69,2.83,1,moderada,2026-10-05T18:06:10,mirova-archivo,1
2021-07-10T05:42:00,357070,Nevados de Chillan,VIIRS750,35.19,1.06,1,moderada,2026-10-05T18:06:10,mirova-archivo,1
2021-07-10T06:30:00,357070,Nevados de Chillan,VIIRS750,24.12,2.37,1,moderada,2026-10-05T18:06:10,mirova-archivo,1
2021-07-10T06:45:00,357070,Nevados de Chillan,MODIS,11.22,2.83,1,moderada,2026-10-05T18:06:10,mirova-archivo,1
2021-07-10T18:00:00,357070,Nevados de Chillan,VIIRS750,99.86,1.06,1,moderada,2026-10-05T18:06:10,mirova-archivo,1
2021-07-11T04:10:00,357070,Nevados de Chillan,MODIS,33.57,2.83,1,moderada,2026-10-05T18:06:10,mirova-archivo,1
2021-07-11T04:36:00,357070,Nevados de Chillan,VIIRS750,46.4,3.09,1,moderada,2026-10-05T18:06:10,mirova-archivo,1
2021-07-11T05:24:00,357070,Nevados de Chillan,VIIRS750,31.47,1.68,1,moderada,2026-10-05T18:06:10,mirova-archivo,1
2021-07-11T05:50:00,357070,Nevados de Chillan,MODIS,55.18,1.41,1,moderada,2026-10-05T18:06:10,mirova-archivo,1
2021-07-11T06:12:00,357070,Nevados de Chillan,VIIRS750,48.07,1.68,1,moderada,2026-10-05T18:06:10,mirova-archivo,1
2021-07-11T17:42:00,357070,Nevados de Chillan,VIIRS750,52.02,1.06,1,moderada,2026-10-05T18:06:10,mirova-archivo,1
2021-07-12T03:15:00,357070,Nevados de Chillan,MODIS,45.4,2.24,1,moderada,2026-10-05T18:06:10,mirova-archivo,1
2021-07-12T05:06:00,357070,Nevados de Chillan,VIIRS750,46.84,1.68,1,moderada,2026-10-05T18:06:10,mirova-archivo,1
2021-07-12T05:54:00,357070,Nevados de Chillan,VIIRS750,36.62,1.06,1,moderada,2026-10-05T18:06:10,mirova-archivo,1
2021-07-12T06:30:00,357070,Nevados de Chillan,MODIS,21.55,2.24,1,moderada,2026-10-05T18:06:10,mirova-archivo,1
2021-07-12T06:42:00,357070,Nevados de Chillan,VIIRS750,24.27,2.70,1,moderada,2026-10-05T18:06:10,mirova-archivo,1
2021-07-13T03:55:00,357070,Nevados de Chillan,MODIS,59.11,1.41,1,moderada,2026-10-05T18:06:10,mirova-archivo,1
2021-07-13T04:48:00,357070,Nevados de Chillan,VIIRS375,47.59,2.02,1,moderada,2026-10-05T18:06:10,mirova-archivo,1
2021-07-13T05:35:00,357070,Nevados de Chillan,MODIS,33.25,1.41,1,moderada,2026-10-05T18:06:10,mirova-archivo,1
2021-07-13T05:36:00,357070,Nevados de Chillan,VIIRS750,33.32,1.68,1,moderada,2026-10-05T18:06:10,mirova-archivo,1
2021-07-13T06:24:00,357070,Nevados de Chillan,VIIRS375,31.3,1.55,1,moderada,2026-10-05T18:06:10,mirova-archivo,1
2021-07-13T17:54:00,357070,Nevados de Chillan,VIIRS750,118.2,1.50,1,alta,2026-10-05T18:06:10,mirova-archivo,1
2021-07-14T03:00:00,357070,Nevados de Chillan,MODIS,32.8,3.16,1,moderada,2026-10-05T18:06:10,mirova-archivo,1
2021-07-14T05:18:00,357070,Nevados de Chillan,VIIRS750,44.98,1.06,1,moderada,2026-10-05T18:06:10,mirova-archivo,1
2021-07-14T06:06:00,357070,Nevados de Chillan,VIIRS750,52.78,1.68,1,moderada,2026-10-05T18:06:10,mirova-archivo,1
2021-07-14T06:20:00,357070,Nevados de Chillan,MODIS,33.41,3.16,1,moderada,2026-10-05T18:06:10,mirova-archivo,1
2021-07-15T03:45:00,357070,Nevados de Chillan,MODIS,30.61,1.41,1,moderada,2026-10-05T18:06:10,mirova-archivo,1
2021-07-15T05:00:00,357070,Nevados de Chillan,VIIRS750,33.22,1.50,1,moderada,2026-10-05T18:06:10,mirova-archivo,1
2021-07-15T05:25:00,357070,Nevados de Chillan,MODIS,43.23,2.83,1,moderada,2026-10-05T18:06:10,mirova-archivo,1
2021-07-15T05:48:00,357070,Nevados de Chillan,VIIRS750,30.21,1.50,1,moderada,2026-10-05T18:06:10,mirova-archivo,1
2021-07-15T06:36:00,357070,Nevados de Chillan,VIIRS750,13.64,2.37,1,moderada,2026-10-05T18:06:10,mirova-archivo,1
2021-07-16T04:42:00,357070,Nevados de Chillan,VIIRS750,34.47,2.37,1,moderada,2026-10-05T18:06:10,mirova-archivo,1
2021-07-16T05:30:00,357070,Nevados de Chillan,VIIRS750,32.03,1.06,1,moderada,2026-10-05T18:06:10,mirova-archivo,1
2021-07-16T06:18:00,357070,Nevados de Chillan,VIIRS750,12.74,1.50,1,moderada,2026-10-05T18:06:10,mirova-archivo,1
2021-07-17T03:30:00,357070,Nevados de Chillan,MODIS,22.56,2.24,1,moderada,2026-10-05T18:06:10,mirova-archivo,1
2021-07-17T05:10:00,357070,Nevados de Chillan,MODIS,15.26,2.83,1,moderada,2026-10-05T18:06:10,mirova-archivo,1
2021-07-17T05:12:00,357070,Nevados de Chillan,VIIRS750,11.79,1.68,1,moderada,2026-10-05T18:06:10,mirova-archivo,1
2021-07-17T06:00:00,357070,Nevados de Chillan,VIIRS750,36.36,1.06,1,moderada,2026-10-05T18:06:10,mirova-archivo,1
2021-07-18T04:15:00,357070,Nevados de Chillan,MODIS,15.63,2.24,1,moderada,2026-10-05T18:06:10,mirova-archivo,1
2021-07-18T04:54:00,357070,Nevados de Chillan,VIIRS750,30.28,1.68,1,moderada,2026-10-05T18:06:10,mirova-archivo,1
2021-07-18T05:42:00,357070,Nevados de Chillan,VIIRS750,23.2,1.06,1,moderada,2026-10-05T18:06:10,mirova-archivo,1
2021-07-18T05:55:00,357070,Nevados de Chillan,MODIS,18.58,1.41,1,moderada,2026-10-05T18:06:10,mirova-archivo,1
2021-07-18T06:30:00,357070,Nevados de Chillan,VIIRS750,14.88,1.68,1,moderada,2026-10-05T18:06:10,mirova-archivo,1
2021-07-19T03:20:00,357070,Nevados de Chillan,MODIS,40.15,2.24,1,moderada,2026-10-05T18:06:10,mirova-archivo,1
2021-07-19T04:36:00,357070,Nevados de Chillan,VIIRS375,5.045,2.19,1,baja,2026-10-05T18:06:10,mirova-archivo,1
2021-07-19T05:00:00,357070,Nevados de Chillan,MODIS,3.599,2.83,1,baja,2026-10-05T18:06:10,mirova-archivo,1
2021-07-19T05:24:00,357070,Nevados de Chillan,VIIRS750,27.41,1.06,1,moderada,2026-10-05T18:06:10,mirova-archivo,1
2021-07-19T06:12:00,357070,Nevados de Chillan,VIIRS750,23.12,1.68,1,moderada,2026-10-05T18:06:10,mirova-archivo,1
2021-07-19T06:40:00,357070,Nevados de Chillan,MODIS,2.912,2.24,1,baja,2026-10-05T18:06:10,mirova-archivo,1
2021-07-19T18:36:00,357070,Nevados de Chillan,VIIRS750,50.13,0.75,1,moderada,2026-10-05T18:06:10,mirova-archivo,1
2021-07-20T04:00:00,357070,Nevados de Chillan,MODIS,47.66,2.24,1,moderada,2026-10-05T18:06:10,mirova-archivo,1
2021-07-20T05:06:00,357070,Nevados de Chillan,VIIRS750,33.33,1.68,1,moderada,2026-10-05T18:06:10,mirova-archivo,1
2021-07-20T05:45:00,357070,Nevados de Chillan,MODIS,22.5,1.41,1,moderada,2026-10-05T18:06:10,mirova-archivo,1
2021-07-20T05:54:00,357070,Nevados de Chillan,VIIRS750,24.85,1.06,1,moderada,2026-10-05T18:06:10,mirova-archivo,1
2021-07-21T03:05:00,357070,Nevados de Chillan,MODIS,21.72,2.24,1,moderada,2026-10-05T18:06:10,mirova-archivo,1
2021-07-21T04:48:00,357070,Nevados de Chillan,VIIRS375,8.553,1.59,1,baja,2026-10-05T18:06:10,mirova-archivo,1
2021-07-21T04:48:00,357070,Nevados de Chillan,VIIRS750,7.983,2.12,1,baja,2026-10-05T18:06:10,mirova-archivo,1
2021-07-21T05:36:00,357070,Nevados de Chillan,VIIRS750,12.36,1.06,1,moderada,2026-10-05T18:06:10,mirova-archivo,1
2021-07-21T06:24:00,357070,Nevados de Chillan,VIIRS375,13.03,1.19,1,moderada,2026-10-05T18:06:10,mirova-archivo,1
2021-07-21T06:24:00,357070,Nevados de Chillan,VIIRS750,9.547,1.68,1,baja,2026-10-05T18:06:10,mirova-archivo,1
2021-07-21T06:25:00,357070,Nevados de Chillan,MODIS,7.277,2.24,1,baja,2026-10-05T18:06:10,mirova-archivo,1
2021-07-21T18:25:00,357070,Nevados de Chillan,MODIS,65.9,1.41,1,moderada,2026-10-05T18:06:10,mirova-archivo,1
2021-07-22T03:50:00,357070,Nevados de Chillan,MODIS,29.31,1.41,1,moderada,2026-10-05T18:06:10,mirova-archivo,1
2021-07-22T05:18:00,357070,Nevados de Chillan,VIIRS750,40.45,1.06,1,moderada,2026-10-05T18:06:10,mirova-archivo,1
2021-07-22T05:30:00,357070,Nevados de Chillan,MODIS,34.69,2.00,1,moderada,2026-10-05T18:06:10,mirova-archivo,1
2021-07-22T06:06:00,357070,Nevados de Chillan,VIIRS750,62.44,1.68,1,moderada,2026-10-05T18:06:10,mirova-archivo,1
2021-07-23T05:00:00,357070,Nevados de Chillan,VIIRS375,0.2148,0.84,1,muy baja,2026-10-05T18:06:10,mirova-archivo,1
2021-07-23T05:48:00,357070,Nevados de Chillan,VIIRS375,2.635,0.84,1,baja,2026-10-05T18:06:10,mirova-archivo,1
2021-07-23T06:36:00,357070,Nevados de Chillan,VIIRS375,0.6741,16.85,0,no volcanica,2026-10-05T18:06:10,mirova-archivo,0
2021-07-24T03:35:00,357070,Nevados de Chillan,MODIS,67.9,1.41,1,moderada,2026-10-05T18:06:10,mirova-archivo,1
2021-07-24T04:42:00,357070,Nevados de Chillan,VIIRS750,57.68,2.70,1,moderada,2026-10-05T18:06:10,mirova-archivo,1
2021-07-24T05:20:00,357070,Nevados de Chillan,MODIS,34.91,2.24,1,moderada,2026-10-05T18:06:10,mirova-archivo,1
2021-07-24T05:30:00,357070,Nevados de Chillan,VIIRS750,31.39,1.06,1,moderada,2026-10-05T18:06:10,mirova-archivo,1
2021-07-25T05:12:00,357070,Nevados de Chillan,VIIRS375,0.2323,26.20,0,no volcanica,2026-10-05T18:06:10,mirova-archivo,0
2021-07-26T05:42:00,357070,Nevados de Chillan,VIIRS375,0.5181,0.53,1,muy baja,2026-10-05T18:06:10,mirova-archivo,1
2021-07-26T06:30:00,357070,Nevados de Chillan,VIIRS750,7.207,2.37,1,baja,2026-10-05T18:06:10,mirova-archivo,1
2021-07-26T06:45:00,357070,Nevados de Chillan,MODIS,3.888,2.24,1,baja,2026-10-05T18:06:10,mirova-archivo,1
2021-07-27T04:10:00,357070,Nevados de Chillan,MODIS,26.31,2.24,1,moderada,2026-10-05T18:06:10,mirova-archivo,1
2021-07-27T04:36:00,357070,Nevados de Chillan,VIIRS750,24.88,2.70,1,moderada,2026-10-05T18:06:10,mirova-archivo,1
2021-07-27T05:24:00,357070,Nevados de Chillan,VIIRS750,20.2,1.06,1,moderada,2026-10-05T18:06:10,mirova-archivo,1
2021-07-27T05:50:00,357070,Nevados de Chillan,MODIS,27.5,1.41,1,moderada,2026-10-05T18:06:10,mirova-archivo,1
2021-07-27T06:12:00,357070,Nevados de Chillan,VIIRS750,23.76,1.06,1,moderada,2026-10-05T18:06:10,mirova-archivo,1
2021-07-27T17:42:00,357070,Nevados de Chillan,VIIRS750,69.64,1.68,1,moderada,2026-10-05T18:06:10,mirova-archivo,1
2021-07-27T19:24:00,357070,Nevados de Chillan,VIIRS750,61.95,2.37,1,moderada,2026-10-05T18:06:10,mirova-archivo,1
2021-07-28T05:06:00,357070,Nevados de Chillan,VIIRS750,36.43,1.68,1,moderada,2026-10-05T18:06:10,mirova-archivo,1
2021-07-28T05:54:00,357070,Nevados de Chillan,VIIRS750,27.01,1.68,1,moderada,2026-10-05T18:06:10,mirova-archivo,1
2021-07-28T06:30:00,357070,Nevados de Chillan,MODIS,12.25,3.00,1,moderada,2026-10-05T18:06:10,mirova-archivo,1
2021-07-28T06:42:00,357070,Nevados de Chillan,VIIRS750,11.65,2.70,1,moderada,2026-10-05T18:06:10,mirova-archivo,1
2021-07-29T03:55:00,357070,Nevados de Chillan,MODIS,38.05,2.24,1,moderada,2026-10-05T18:06:10,mirova-archivo,1
2021-07-29T04:48:00,357070,Nevados de Chillan,VIIRS750,21.52,2.12,1,moderada,2026-10-05T18:06:10,mirova-archivo,1
2021-07-29T05:35:00,357070,Nevados de Chillan,MODIS,37.82,1.41,1,moderada,2026-10-05T18:06:10,mirova-archivo,1
2021-07-29T05:36:00,357070,Nevados de Chillan,VIIRS750,47.83,1.06,1,moderada,2026-10-05T18:06:10,mirova-archivo,1
2021-07-29T06:24:00,357070,Nevados de Chillan,VIIRS750,25.74,1.68,1,moderada,2026-10-05T18:06:10,mirova-archivo,1
2021-07-29T17:54:00,357070,Nevados de Chillan,VIIRS750,88.56,1.50,1,moderada,2026-10-05T18:06:10,mirova-archivo,1
2021-07-30T03:00:00,357070,Nevados de Chillan,MODIS,19.1,2.24,1,moderada,2026-10-05T18:06:10,mirova-archivo,1
2021-07-30T05:18:00,357070,Nevados de Chillan,VIIRS750,37.05,1.68,1,moderada,2026-10-05T18:06:10,mirova-archivo,1
2021-07-30T06:06:00,357070,Nevados de Chillan,VIIRS750,34.71,1.06,1,moderada,2026-10-05T18:06:10,mirova-archivo,1
2021-07-30T06:20:00,357070,Nevados de Chillan,MODIS,92.03,3.16,1,moderada,2026-10-05T18:06:10,mirova-archivo,1
2021-07-30T17:36:00,357070,Nevados de Chillan,VIIRS750,72.43,2.12,1,moderada,2026-10-05T18:06:10,mirova-archivo,1
2021-07-30T18:30:00,357070,Nevados de Chillan,VIIRS750,99.77,1.06,1,moderada,2026-10-05T18:06:10,mirova-archivo,1
2021-07-31T05:00:00,357070,Nevados de Chillan,VIIRS375,3.179,1.59,1,baja,2026-10-05T18:06:10,mirova-archivo,1
2021-07-31T05:25:00,357070,Nevados de Chillan,MODIS,20.26,2.24,1,moderada,2026-10-05T18:06:10,mirova-archivo,1
2021-07-31T05:48:00,357070,Nevados de Chillan,VIIRS750,41.82,1.06,1,moderada,2026-10-05T18:06:10,mirova-archivo,1
2021-07-31T06:36:00,357070,Nevados de Chillan,VIIRS750,58.66,3.09,1,moderada,2026-10-05T18:06:10,mirova-archivo,1
2021-08-01T02:50:00,357070,Nevados de Chillan,MODIS,27.18,2.24,1,moderada,2026-10-05T18:06:10,mirova-archivo,1
2021-08-01T04:25:00,357070,Nevados de Chillan,MODIS,18.71,2.83,1,moderada,2026-10-05T18:06:10,mirova-archivo,1
2021-08-01T04:42:00,357070,Nevados de Chillan,VIIRS750,39.26,2.70,1,moderada,2026-10-05T18:06:10,mirova-archivo,1
2021-08-01T05:30:00,357070,Nevados de Chillan,VIIRS750,15.83,1.06,1,moderada,2026-10-05T18:06:10,mirova-archivo,1
2021-08-01T06:18:00,357070,Nevados de Chillan,VIIRS750,35.78,2.37,1,moderada,2026-10-05T18:06:10,mirova-archivo,1
2021-08-01T17:48:00,357070,Nevados de Chillan,VIIRS750,66.6,1.50,1,moderada,2026-10-05T18:06:10,mirova-archivo,1
2021-08-02T03:30:00,357070,Nevados de Chillan,MODIS,8.436,1.00,1,baja,2026-10-05T18:06:10,mirova-archivo,1
2021-08-02T05:12:00,357070,Nevados de Chillan,VIIRS750,28.66,1.06,1,moderada,2026-10-05T18:06:10,mirova-archivo,1
2021-08-02T06:00:00,357070,Nevados de Chillan,VIIRS750,54.51,1.68,1,moderada,2026-10-05T18:06:10,mirova-archivo,1
2021-08-02T19:12:00,357070,Nevados de Chillan,VIIRS750,62.7,1.68,1,moderada,2026-10-05T18:06:10,mirova-archivo,1
2021-08-03T04:15:00,357070,Nevados de Chillan,MODIS,47.71,3.16,1,moderada,2026-10-05T18:06:10,mirova-archivo,1
2021-08-03T04:54:00,357070,Nevados de Chillan,VIIRS750,74.7,2.37,1,moderada,2026-10-05T18:06:10,mirova-archivo,1
2021-08-03T05:42:00,357070,Nevados de Chillan,VIIRS750,52.3,0.75,1,moderada,2026-10-05T18:06:10,mirova-archivo,1
2021-08-03T05:55:00,357070,Nevados de Chillan,MODIS,43.67,1.41,1,moderada,2026-10-05T18:06:10,mirova-archivo,1
2021-08-03T06:30:00,357070,Nevados de Chillan,VIIRS750,23.44,1.68,1,moderada,2026-10-05T18:06:10,mirova-archivo,1
2021-08-04T03:20:00,357070,Nevados de Chillan,MODIS,28.86,1.41,1,moderada,2026-10-05T18:06:10,mirova-archivo,1
2021-08-04T05:00:00,357070,Nevados de Chillan,MODIS,41.28,3.16,1,moderada,2026-10-05T18:06:10,mirova-archivo,1
2021-08-04T05:24:00,357070,Nevados de Chillan,VIIRS750,40.78,1.50,1,moderada,2026-10-05T18:06:10,mirova-archivo,1
2021-08-04T06:40:00,357070,Nevados de Chillan,MODIS,2.006,2.00,1,baja,2026-10-05T18:06:10,mirova-archivo,1
2021-08-05T04:00:00,357070,Nevados de Chillan,MODIS,16.26,1.41,1,moderada,2026-10-05T18:06:10,mirova-archivo,1
2021-08-05T05:06:00,357070,Nevados de Chillan,VIIRS750,16.86,1.06,1,moderada,2026-10-05T18:06:10,mirova-archivo,1
2021-08-05T05:45:00,357070,Nevados de Chillan,MODIS,24.71,2.00,1,moderada,2026-10-05T18:06:10,mirova-archivo,1
2021-08-06T03:05:00,357070,Nevados de Chillan,MODIS,4.357,2.24,1,baja,2026-10-05T18:06:10,mirova-archivo,1
2021-08-06T04:48:00,357070,Nevados de Chillan,VIIRS375,2.805,1.35,1,baja,2026-10-05T18:06:10,mirova-archivo,1
2021-08-06T05:36:00,357070,Nevados de Chillan,VIIRS750,11.08,1.06,1,moderada,2026-10-05T18:06:10,mirova-archivo,1
2021-08-06T06:24:00,357070,Nevados de Chillan,VIIRS750,7.048,1.06,1,baja,2026-10-05T18:06:10,mirova-archivo,1
2021-08-06T06:25:00,357070,Nevados de Chillan,MODIS,11.45,2.24,1,moderada,2026-10-05T18:06:10,mirova-archivo,1
2021-08-07T03:50:00,357070,Nevados de Chillan,MODIS,23.41,2.00,1,moderada,2026-10-05T18:06:10,mirova-archivo,1
2021-08-07T05:18:00,357070,Nevados de Chillan,VIIRS750,26.33,1.06,1,moderada,2026-10-05T18:06:10,mirova-archivo,1
2021-08-07T05:30:00,357070,Nevados de Chillan,MODIS,30.43,2.24,1,moderada,2026-10-05T18:06:10,mirova-archivo,1
2021-08-07T06:06:00,357070,Nevados de Chillan,VIIRS750,29.79,1.06,1,moderada,2026-10-05T18:06:10,mirova-archivo,1
2021-08-08T05:00:00,357070,Nevados de Chillan,VIIRS375,0.7462,1.06,1,muy baja,2026-10-05T18:06:10,mirova-archivo,1
2021-08-08T05:48:00,357070,Nevados de Chillan,VIIRS375,1.109,0.84,1,baja,2026-10-05T18:06:10,mirova-archivo,1
2021-08-08T06:15:00,357070,Nevados de Chillan,MODIS,31,2.24,1,moderada,2026-10-05T18:06:10,mirova-archivo,1
2021-08-08T06:36:00,357070,Nevados de Chillan,VIIRS750,18.21,2.37,1,moderada,2026-10-05T18:06:10,mirova-archivo,1
2021-08-09T03:35:00,357070,Nevados de Chillan,MODIS,13.91,1.41,1,moderada,2026-10-05T18:06:10,mirova-archivo,1
2021-08-09T04:42:00,357070,Nevados de Chillan,VIIRS750,17.58,2.37,1,moderada,2026-10-05T18:06:10,mirova-archivo,1
2021-08-09T05:20:00,357070,Nevados de Chillan,MODIS,20.33,2.83,1,moderada,2026-10-05T18:06:10,mirova-archivo,1
2021-08-09T05:30:00,357070,Nevados de Chillan,VIIRS750,121.8,1.68,1,alta,2026-10-05T18:06:10,mirova-archivo,1
2021-08-09T06:18:00,357070,Nevados de Chillan,VIIRS750,20.35,1.68,1,moderada,2026-10-05T18:06:10,mirova-archivo,1
2021-08-10T02:40:00,357070,Nevados de Chillan,MODIS,42.73,2.83,1,moderada,2026-10-05T18:06:10,mirova-archivo,1
2021-08-10T04:20:00,357070,Nevados de Chillan,MODIS,25.54,2.83,1,moderada,2026-10-05T18:06:10,mirova-archivo,1
2021-08-10T05:12:00,357070,Nevados de Chillan,VIIRS750,39.25,1.06,1,moderada,2026-10-05T18:06:10,mirova-archivo,1
2021-08-10T06:00:00,357070,Nevados de Chillan,MODIS,25.15,1.41,1,moderada,2026-10-05T18:06:10,mirova-archivo,1
2021-08-10T06:00:00,357070,Nevados de Chillan,VIIRS750,23.95,1.68,1,moderada,2026-10-05T18:06:10,mirova-archivo,1
2021-08-10T18:24:00,357070,Nevados de Chillan,VIIRS750,60.88,1.06,1,moderada,2026-10-05T18:06:10,mirova-archivo,1
2021-08-11T03:25:00,357070,Nevados de Chillan,MODIS,38.19,2.24,1,moderada,2026-10-05T18:06:10,mirova-archivo,1
2021-08-11T04:54:00,357070,Nevados de Chillan,VIIRS750,47.38,2.12,1,moderada,2026-10-05T18:06:10,mirova-archivo,1
2021-08-11T05:05:00,357070,Nevados de Chillan,MODIS,12.98,2.83,1,moderada,2026-10-05T18:06:10,mirova-archivo,1
2021-08-11T05:42:00,357070,Nevados de Chillan,VIIRS750,86.12,1.06,1,moderada,2026-10-05T18:06:10,mirova-archivo,1
2021-08-11T06:30:00,357070,Nevados de Chillan,VIIRS750,24.46,2.37,1,moderada,2026-10-05T18:06:10,mirova-archivo,1
2021-08-11T06:45:00,357070,Nevados de Chillan,MODIS,9.463,2.24,1,baja,2026-10-05T18:06:10,mirova-archivo,1
2021-08-12T04:05:00,357070,Nevados de Chillan,MODIS,41.79,2.83,1,moderada,2026-10-05T18:06:10,mirova-archivo,1
2021-08-12T04:36:00,357070,Nevados de Chillan,VIIRS750,54.91,3.09,1,moderada,2026-10-05T18:06:10,mirova-archivo,1
2021-08-12T05:24:00,357070,Nevados de Chillan,VIIRS750,48.54,1.06,1,moderada,2026-10-05T18:06:10,mirova-archivo,1
2021-08-12T05:50:00,357070,Nevados de Chillan,MODIS,44.53,1.41,1,moderada,2026-10-05T18:06:10,mirova-archivo,1
2021-08-12T06:12:00,357070,Nevados de Chillan,VIIRS750,48.31,1.68,1,moderada,2026-10-05T18:06:10,mirova-archivo,1
2021-08-13T03:10:00,357070,Nevados de Chillan,MODIS,53.02,2.24,1,moderada,2026-10-05T18:06:10,mirova-archivo,1
2021-08-13T05:06:00,357070,Nevados de Chillan,VIIRS750,72.97,1.68,1,moderada,2026-10-05T18:06:10,mirova-archivo,1
2021-08-13T05:54:00,357070,Nevados de Chillan,VIIRS750,38.58,1.50,1,moderada,2026-10-05T18:06:10,mirova-archivo,1
2021-08-13T06:30:00,357070,Nevados de Chillan,MODIS,24.24,3.16,1,moderada,2026-10-05T18:06:10,mirova-archivo,1
2021-08-13T06:48:00,357070,Nevados de Chillan,VIIRS750,30.3,2.70,1,moderada,2026-10-05T18:06:10,mirova-archivo,1
2021-08-13T14:15:00,357070,Nevados de Chillan,MODIS,68.55,1.41,1,moderada,2026-10-05T18:06:10,mirova-archivo,1
2021-08-14T03:55:00,357070,Nevados de Chillan,MODIS,58.07,2.24,1,moderada,2026-10-05T18:06:10,mirova-archivo,1
2021-08-14T04:48:00,357070,Nevados de Chillan,VIIRS750,6.836,2.12,1,baja,2026-10-05T18:06:10,mirova-archivo,1
2021-08-14T05:35:00,357070,Nevados de Chillan,MODIS,41.21,1.41,1,moderada,2026-10-05T18:06:10,mirova-archivo,1
2021-08-14T05:36:00,357070,Nevados de Chillan,VIIRS750,37.06,0.75,1,moderada,2026-10-05T18:06:10,mirova-archivo,1
2021-08-14T06:24:00,357070,Nevados de Chillan,VIIRS750,36.66,1.68,1,moderada,2026-10-05T18:06:10,mirova-archivo,1
2021-08-14T18:48:00,357070,Nevados de Chillan,VIIRS750,76.71,1.68,1,moderada,2026-10-05T18:06:10,mirova-archivo,1
2021-08-15T03:00:00,357070,Nevados de Chillan,MODIS,26.08,3.16,1,moderada,2026-10-05T18:06:10,mirova-archivo,1
2021-08-15T05:18:00,357070,Nevados de Chillan,VIIRS750,11.88,1.68,1,moderada,2026-10-05T18:06:10,mirova-archivo,1
2021-08-15T06:06:00,357070,Nevados de Chillan,VIIRS750,23.75,1.68,1,moderada,2026-10-05T18:06:10,mirova-archivo,1
2021-08-15T06:20:00,357070,Nevados de Chillan,MODIS,6.862,2.00,1,baja,2026-10-05T18:06:10,mirova-archivo,1
2021-08-17T04:42:00,357070,Nevados de Chillan,VIIRS375,4.586,2.19,1,baja,2026-10-05T18:06:10,mirova-archivo,1
2021-08-17T05:30:00,357070,Nevados de Chillan,VIIRS750,25.27,15.46,0,no volcanica,2026-10-05T18:06:10,mirova-archivo,0
2021-08-17T06:18:00,357070,Nevados de Chillan,VIIRS375,0.902,0.84,1,muy baja,2026-10-05T18:06:10,mirova-archivo,1
2021-08-22T05:36:00,357070,Nevados de Chillan,VIIRS375,0.04598,0.84,1,muy baja,2026-10-05T18:06:10,mirova-archivo,1
2021-08-23T03:50:00,357070,Nevados de Chillan,MODIS,10.54,1.41,1,moderada,2026-10-05T18:06:10,mirova-archivo,1
2021-08-23T05:18:00,357070,Nevados de Chillan,VIIRS375,4.465,1.50,1,baja,2026-10-05T18:06:10,mirova-archivo,1
2021-08-23T05:30:00,357070,Nevados de Chillan,MODIS,3.873,1.41,1,baja,2026-10-05T18:06:10,mirova-archivo,1
2021-08-23T06:06:00,357070,Nevados de Chillan,VIIRS750,5.538,1.06,1,baja,2026-10-05T18:06:10,mirova-archivo,1
2021-08-24T05:00:00,357070,Nevados de Chillan,VIIRS375,3.822,1.55,1,baja,2026-10-05T18:06:10,mirova-archivo,1
2021-08-24T05:48:00,357070,Nevados de Chillan,VIIRS375,4.551,1.19,1,baja,2026-10-05T18:06:10,mirova-archivo,1
2021-08-24T06:15:00,357070,Nevados de Chillan,MODIS,6.56,2.24,1,baja,2026-10-05T18:06:10,mirova-archivo,1
2021-08-24T06:36:00,357070,Nevados de Chillan,VIIRS375,4.547,2.02,1,baja,2026-10-05T18:06:10,mirova-archivo,1
2021-08-25T03:35:00,357070,Nevados de Chillan,MODIS,1.228,1.00,1,baja,2026-10-05T18:06:10,mirova-archivo,1
2021-08-27T03:25:00,357070,Nevados de Chillan,MODIS,2.033,1.41,1,baja,2026-10-05T18:06:10,mirova-archivo,1
2021-08-27T04:54:00,357070,Nevados de Chillan,VIIRS375,1.024,1.12,1,baja,2026-10-05T18:06:10,mirova-archivo,1
2021-08-29T03:10:00,357070,Nevados de Chillan,MODIS,0.4542,0.00,1,muy baja,2026-10-05T18:06:10,mirova-archivo,1
2021-08-29T05:06:00,357070,Nevados de Chillan,VIIRS375,5.851,1.35,1,baja,2026-10-05T18:06:10,mirova-archivo,1
2021-08-29T05:54:00,357070,Nevados de Chillan,VIIRS375,2.688,21.43,0,fuera de radio,2026-10-05T18:06:10,mirova-archivo,1
2021-08-29T06:48:00,357070,Nevados de Chillan,VIIRS375,1.188,1.55,1,baja,2026-10-05T18:06:10,mirova-archivo,1
2021-08-30T03:55:00,357070,Nevados de Chillan,MODIS,0.6395,1.00,1,muy baja,2026-10-05T18:06:10,mirova-archivo,1
2021-08-30T04:48:00,357070,Nevados de Chillan,VIIRS375,1.323,1.55,1,baja,2026-10-05T18:06:10,mirova-archivo,1
2021-08-30T05:36:00,357070,Nevados de Chillan,VIIRS375,2.383,1.50,1,baja,2026-10-05T18:06:10,mirova-archivo,1
2021-08-30T06:24:00,357070,Nevados de Chillan,VIIRS375,4.487,1.19,1,baja,2026-10-05T18:06:10,mirova-archivo,1
2021-08-31T05:18:00,357070,Nevados de Chillan,VIIRS375,1.656,1.55,1,baja,2026-10-05T18:06:10,mirova-archivo,1
2021-08-31T06:06:00,357070,Nevados de Chillan,VIIRS375,1.72,1.50,1,baja,2026-10-05T18:06:10,mirova-archivo,1
2021-09-01T05:00:00,357070,Nevados de Chillan,VIIRS375,1.544,1.55,1,baja,2026-10-05T18:06:10,mirova-archivo,1
2021-09-01T05:25:00,357070,Nevados de Chillan,MODIS,2.318,1.41,1,baja,2026-10-05T18:06:10,mirova-archivo,1
2021-09-01T05:48:00,357070,Nevados de Chillan,VIIRS375,1.852,1.50,1,baja,2026-10-05T18:06:10,mirova-archivo,1
2021-09-01T06:36:00,357070,Nevados de Chillan,VIIRS375,4.81,1.19,1,baja,2026-10-05T18:06:10,mirova-archivo,1
2021-09-02T04:42:00,357070,Nevados de Chillan,VIIRS750,5.177,2.37,1,baja,2026-10-05T18:06:10,mirova-archivo,1
2021-09-02T05:30:00,357070,Nevados de Chillan,VIIRS375,1.553,1.19,1,baja,2026-10-05T18:06:10,mirova-archivo,1
2021-09-02T06:18:00,357070,Nevados de Chillan,VIIRS375,0.5711,1.19,1,muy baja,2026-10-05T18:06:10,mirova-archivo,1
2021-09-03T03:30:00,357070,Nevados de Chillan,MODIS,0.7701,0.00,1,muy baja,2026-10-05T18:06:10,mirova-archivo,1
2021-09-03T05:12:00,357070,Nevados de Chillan,VIIRS750,18.06,1.06,1,moderada,2026-10-05T18:06:10,mirova-archivo,1
2021-09-03T06:00:00,357070,Nevados de Chillan,VIIRS750,7.137,1.06,1,baja,2026-10-05T18:06:10,mirova-archivo,1
2021-09-04T04:54:00,357070,Nevados de Chillan,VIIRS375,2.99,1.35,1,baja,2026-10-05T18:06:10,mirova-archivo,1
2021-09-04T05:42:00,357070,Nevados de Chillan,VIIRS375,1.278,1.19,1,baja,2026-10-05T18:06:10,mirova-archivo,1
2021-09-05T03:20:00,357070,Nevados de Chillan,MODIS,0.873,1.41,1,muy baja,2026-10-05T18:06:10,mirova-archivo,1
2021-09-05T05:00:00,357070,Nevados de Chillan,MODIS,0.6767,2.24,1,muy baja,2026-10-05T18:06:10,mirova-archivo,1
2021-09-05T05:24:00,357070,Nevados de Chillan,VIIRS375,0.8311,1.19,1,muy baja,2026-10-05T18:06:10,mirova-archivo,1
2021-09-07T05:36:00,357070,Nevados de Chillan,VIIRS375,0.04579,0.00,1,muy baja,2026-10-05T18:06:10,mirova-archivo,1
2021-09-08T05:18:00,357070,Nevados de Chillan,VIIRS375,2.172,0.84,1,baja,2026-10-05T18:06:10,mirova-archivo,1
2021-09-08T06:06:00,357070,Nevados de Chillan,VIIRS375,0.6439,22.89,0,no volcanica,2026-10-05T18:06:10,mirova-archivo,0
2021-09-09T05:00:00,357070,Nevados de Chillan,VIIRS750,10.79,1.68,1,moderada,2026-10-05T18:06:10,mirova-archivo,1
2021-09-09T05:48:00,357070,Nevados de Chillan,VIIRS375,1.223,1.12,1,baja,2026-10-05T18:06:10,mirova-archivo,1
2021-09-09T06:15:00,357070,Nevados de Chillan,MODIS,0.4429,1.00,1,muy baja,2026-10-05T18:06:10,mirova-archivo,1
2021-09-10T05:30:00,357070,Nevados de Chillan,VIIRS375,0.4389,0.84,1,muy baja,2026-10-05T18:06:10,mirova-archivo,1
2021-09-10T06:18:00,357070,Nevados de Chillan,VIIRS375,0.2516,21.95,0,no volcanica,2026-10-05T18:06:10,mirova-archivo,0
2021-09-14T05:06:00,357070,Nevados de Chillan,VIIRS375,3.564,1.06,1,baja,2026-10-05T18:06:10,mirova-archivo,1
2021-09-14T05:54:00,357070,Nevados de Chillan,VIIRS375,1.131,0.84,1,baja,2026-10-05T18:06:10,mirova-archivo,1
2021-09-14T06:48:00,357070,Nevados de Chillan,VIIRS375,0.8934,1.88,1,muy baja,2026-10-05T18:06:10,mirova-archivo,1
2021-09-15T03:55:00,357070,Nevados de Chillan,MODIS,1.516,1.00,1,baja,2026-10-05T18:06:10,mirova-archivo,1
2021-09-15T05:35:00,357070,Nevados de Chillan,MODIS,2.019,1.00,1,baja,2026-10-05T18:06:10,mirova-archivo,1
2021-09-15T05:36:00,357070,Nevados de Chillan,VIIRS750,6.118,1.06,1,baja,2026-10-05T18:06:10,mirova-archivo,1
2021-09-15T06:24:00,357070,Nevados de Chillan,VIIRS375,1.003,1.19,1,baja,2026-10-05T18:06:10,mirova-archivo,1
2021-09-16T03:00:00,357070,Nevados de Chillan,MODIS,0.8945,2.00,1,muy baja,2026-10-05T18:06:10,mirova-archivo,1
2021-09-16T05:18:00,357070,Nevados de Chillan,VIIRS375,2.995,0.53,1,baja,2026-10-05T18:06:10,mirova-archivo,1
2021-09-16T06:06:00,357070,Nevados de Chillan,VIIRS375,2.245,0.84,1,baja,2026-10-05T18:06:10,mirova-archivo,1
2021-09-16T06:20:00,357070,Nevados de Chillan,MODIS,2.159,2.24,1,baja,2026-10-05T18:06:10,mirova-archivo,1
2021-09-17T03:40:00,357070,Nevados de Chillan,MODIS,5.886,1.41,1,baja,2026-10-05T18:06:10,mirova-archivo,1
2021-09-17T05:00:00,357070,Nevados de Chillan,VIIRS375,3.249,0.84,1,baja,2026-10-05T18:06:10,mirova-archivo,1
2021-09-17T05:25:00,357070,Nevados de Chillan,MODIS,2.045,1.41,1,baja,2026-10-05T18:06:10,mirova-archivo,1
2021-09-17T05:48:00,357070,Nevados de Chillan,VIIRS375,2.025,0.53,1,baja,2026-10-05T18:06:10,mirova-archivo,1
2021-09-17T06:36:00,357070,Nevados de Chillan,VIIRS375,2.023,1.19,1,baja,2026-10-05T18:06:10,mirova-archivo,1
2021-09-18T04:42:00,357070,Nevados de Chillan,VIIRS375,1.38,1.88,1,baja,2026-10-05T18:06:10,mirova-archivo,1
2021-09-18T05:30:00,357070,Nevados de Chillan,VIIRS375,0.4864,0.53,1,muy baja,2026-10-05T18:06:10,mirova-archivo,1
2021-09-18T06:18:00,357070,Nevados de Chillan,VIIRS375,0.3574,0.53,1,muy baja,2026-10-05T18:06:10,mirova-archivo,1
2021-09-19T03:30:00,357070,Nevados de Chillan,MODIS,2.598,1.41,1,baja,2026-10-05T18:06:10,mirova-archivo,1
2021-09-19T05:12:00,357070,Nevados de Chillan,VIIRS375,1.798,0.84,1,baja,2026-10-05T18:06:10,mirova-archivo,1
2021-09-19T06:00:00,357070,Nevados de Chillan,VIIRS375,1.526,0.84,1,baja,2026-10-05T18:06:10,mirova-archivo,1
2021-09-20T04:15:00,357070,Nevados de Chillan,MODIS,0.2042,1.00,1,muy baja,2026-10-05T18:06:10,mirova-archivo,1
2021-09-20T04:54:00,357070,Nevados de Chillan,VIIRS750,5.096,2.25,1,baja,2026-10-05T18:06:10,mirova-archivo,1
2021-09-20T05:42:00,357070,Nevados de Chillan,VIIRS375,2.761,22.38,0,fuera de radio,2026-10-05T18:06:10,mirova-archivo,1
2021-09-20T05:55:00,357070,Nevados de Chillan,MODIS,1.728,1.00,1,baja,2026-10-05T18:06:10,mirova-archivo,1
2021-09-20T06:30:00,357070,Nevados de Chillan,VIIRS375,0.8594,0.84,1,muy baja,2026-10-05T18:06:10,mirova-archivo,1
2021-09-21T04:36:00,357070,Nevados de Chillan,VIIRS375,1.078,1.88,1,baja,2026-10-05T18:06:10,mirova-archivo,1
2021-09-21T05:24:00,357070,Nevados de Chillan,VIIRS375,0.7523,28.62,0,no volcanica,2026-10-05T18:06:10,mirova-archivo,0
2021-09-21T06:12:00,357070,Nevados de Chillan,VIIRS375,1.06,0.75,1,baja,2026-10-05T18:06:10,mirova-archivo,1
2021-09-22T04:00:00,357070,Nevados de Chillan,MODIS,0.2731,0.00,1,muy baja,2026-10-05T18:06:10,mirova-archivo,1
2021-09-22T05:06:00,357070,Nevados de Chillan,VIIRS375,0.9005,0.84,1,muy baja,2026-10-05T18:06:10,mirova-archivo,1
2021-09-22T05:45:00,357070,Nevados de Chillan,MODIS,0.8461,1.00,1,muy baja,2026-10-05T18:06:10,mirova-archivo,1
2021-09-22T05:54:00,357070,Nevados de Chillan,VIIRS375,1.121,0.53,1,baja,2026-10-05T18:06:10,mirova-archivo,1
2021-09-22T06:42:00,357070,Nevados de Chillan,VIIRS375,1.024,1.19,1,baja,2026-10-05T18:06:10,mirova-archivo,1
2021-09-23T04:48:00,357070,Nevados de Chillan,VIIRS375,1.62,1.68,1,baja,2026-10-05T18:06:10,mirova-archivo,1
2021-09-23T05:36:00,357070,Nevados de Chillan,VIIRS375,0.9667,0.53,1,muy baja,2026-10-05T18:06:10,mirova-archivo,1
2021-09-23T06:24:00,357070,Nevados de Chillan,VIIRS375,1.798,0.84,1,baja,2026-10-05T18:06:10,mirova-archivo,1
2021-09-23T06:25:00,357070,Nevados de Chillan,MODIS,0.5531,2.00,1,muy baja,2026-10-05T18:06:10,mirova-archivo,1
2021-09-24T05:18:00,357070,Nevados de Chillan,VIIRS375,1.289,0.53,1,baja,2026-10-05T18:06:10,mirova-archivo,1
2021-09-24T06:06:00,357070,Nevados de Chillan,VIIRS375,0.5847,0.53,1,muy baja,2026-10-05T18:06:10,mirova-archivo,1
2021-09-25T05:00:00,357070,Nevados de Chillan,VIIRS375,1.125,0.53,1,baja,2026-10-05T18:06:10,mirova-archivo,1
2021-09-25T05:48:00,357070,Nevados de Chillan,VIIRS375,0.7188,0.53,1,muy baja,2026-10-05T18:06:10,mirova-archivo,1
2021-09-25T06:42:00,357070,Nevados de Chillan,VIIRS375,2.358,1.19,1,baja,2026-10-05T18:06:10,mirova-archivo,1
2021-09-26T04:42:00,357070,Nevados de Chillan,VIIRS375,0.7904,1.68,1,muy baja,2026-10-05T18:06:10,mirova-archivo,1
2021-09-26T05:30:00,357070,Nevados de Chillan,VIIRS375,1.038,0.53,1,baja,2026-10-05T18:06:10,mirova-archivo,1
2021-09-26T06:18:00,357070,Nevados de Chillan,VIIRS375,0.7994,1.19,1,muy baja,2026-10-05T18:06:10,mirova-archivo,1
2021-09-27T05:12:00,357070,Nevados de Chillan,VIIRS375,2.086,0.84,1,baja,2026-10-05T18:06:10,mirova-archivo,1
2021-09-27T06:00:00,357070,Nevados de Chillan,MODIS,0.4644,0.00,1,muy baja,2026-10-05T18:06:10,mirova-archivo,1
2021-09-27T06:00:00,357070,Nevados de Chillan,VIIRS375,1.008,0.53,1,baja,2026-10-05T18:06:10,mirova-archivo,1
2021-09-29T04:05:00,357070,Nevados de Chillan,MODIS,1.318,1.41,1,baja,2026-10-05T18:06:10,mirova-archivo,1
2021-09-29T04:36:00,357070,Nevados de Chillan,VIIRS375,3.702,2.19,1,baja,2026-10-05T18:06:10,mirova-archivo,1
2021-09-29T05:24:00,357070,Nevados de Chillan,VIIRS750,5.402,1.06,1,baja,2026-10-05T18:06:10,mirova-archivo,1
2021-09-29T05:50:00,357070,Nevados de Chillan,MODIS,7.257,1.41,1,baja,2026-10-05T18:06:10,mirova-archivo,1
2021-09-29T06:12:00,357070,Nevados de Chillan,VIIRS750,5.297,1.06,1,baja,2026-10-05T18:06:10,mirova-archivo,1
2021-10-01T03:55:00,357070,Nevados de Chillan,MODIS,27.54,2.24,1,moderada,2026-10-05T18:06:10,mirova-archivo,1
2021-10-01T04:48:00,357070,Nevados de Chillan,VIIRS750,15.59,2.70,1,moderada,2026-10-05T18:06:10,mirova-archivo,1
2021-10-01T05:35:00,357070,Nevados de Chillan,MODIS,14.65,2.00,1,moderada,2026-10-05T18:06:10,mirova-archivo,1
2021-10-01T05:36:00,357070,Nevados de Chillan,VIIRS750,14.65,1.06,1,moderada,2026-10-05T18:06:10,mirova-archivo,1
2021-10-01T06:24:00,357070,Nevados de Chillan,VIIRS750,7.524,1.68,1,baja,2026-10-05T18:06:10,mirova-archivo,1
2021-10-02T06:06:00,357070,Nevados de Chillan,VIIRS375,1.216,1.12,1,baja,2026-10-05T18:06:10,mirova-archivo,1
2021-10-02T06:20:00,357070,Nevados de Chillan,MODIS,1.905,2.00,1,baja,2026-10-05T18:06:10,mirova-archivo,1
2021-10-03T03:40:00,357070,Nevados de Chillan,MODIS,17.46,2.24,1,moderada,2026-10-05T18:06:10,mirova-archivo,1
2021-10-03T05:00:00,357070,Nevados de Chillan,VIIRS750,23.92,1.06,1,moderada,2026-10-05T18:06:10,mirova-archivo,1
2021-10-03T05:25:00,357070,Nevados de Chillan,MODIS,19.84,2.24,1,moderada,2026-10-05T18:06:10,mirova-archivo,1
2021-10-03T05:48:00,357070,Nevados de Chillan,VIIRS750,26.86,1.06,1,moderada,2026-10-05T18:06:10,mirova-archivo,1
2021-10-03T06:36:00,357070,Nevados de Chillan,VIIRS750,12.67,2.37,1,moderada,2026-10-05T18:06:10,mirova-archivo,1
2021-10-04T02:45:00,357070,Nevados de Chillan,MODIS,24.84,4.12,1,moderada,2026-10-05T18:06:10,mirova-archivo,1
2021-10-04T04:25:00,357070,Nevados de Chillan,MODIS,7.964,2.24,1,baja,2026-10-05T18:06:10,mirova-archivo,1
2021-10-04T04:42:00,357070,Nevados de Chillan,VIIRS750,33.44,2.70,1,moderada,2026-10-05T18:06:10,mirova-archivo,1
2021-10-04T05:30:00,357070,Nevados de Chillan,VIIRS750,37.22,1.06,1,moderada,2026-10-05T18:06:10,mirova-archivo,1
2021-10-04T06:10:00,357070,Nevados de Chillan,MODIS,33.44,2.24,1,moderada,2026-10-05T18:06:10,mirova-archivo,1
2021-10-04T06:18:00,357070,Nevados de Chillan,VIIRS750,24.27,1.50,1,moderada,2026-10-05T18:06:10,mirova-archivo,1
2021-10-05T03:30:00,357070,Nevados de Chillan,MODIS,27.23,1.41,1,moderada,2026-10-05T18:06:10,mirova-archivo,1
2021-10-05T05:12:00,357070,Nevados de Chillan,VIIRS750,18.92,1.68,1,moderada,2026-10-05T18:06:10,mirova-archivo,1
2021-10-05T05:15:00,357070,Nevados de Chillan,MODIS,3.698,1.41,1,baja,2026-10-05T18:06:10,mirova-archivo,1
2021-10-05T06:00:00,357070,Nevados de Chillan,VIIRS750,33.65,1.50,1,moderada,2026-10-05T18:06:10,mirova-archivo,1
2021-10-06T04:54:00,357070,Nevados de Chillan,VIIRS750,33.71,2.12,1,moderada,2026-10-05T18:06:10,mirova-archivo,1
2021-10-06T05:42:00,357070,Nevados de Chillan,VIIRS750,42.76,1.06,1,moderada,2026-10-05T18:06:10,mirova-archivo,1
2021-10-06T05:55:00,357070,Nevados de Chillan,MODIS,38.51,1.00,1,moderada,2026-10-05T18:06:10,mirova-archivo,1
2021-10-06T06:30:00,357070,Nevados de Chillan,VIIRS750,25.22,2.37,1,moderada,2026-10-05T18:06:10,mirova-archivo,1
2021-10-06T18:00:00,357070,Nevados de Chillan,VIIRS750,58.01,1.06,1,moderada,2026-10-05T18:06:10,mirova-archivo,1
2021-10-07T03:15:00,357070,Nevados de Chillan,MODIS,48.22,2.24,1,moderada,2026-10-05T18:06:10,mirova-archivo,1
2021-10-07T04:36:00,357070,Nevados de Chillan,VIIRS750,46.31,3.18,1,moderada,2026-10-05T18:06:10,mirova-archivo,1
2021-10-07T05:00:00,357070,Nevados de Chillan,MODIS,11.4,2.83,1,moderada,2026-10-05T18:06:10,mirova-archivo,1
2021-10-07T05:24:00,357070,Nevados de Chillan,VIIRS750,47.88,1.06,1,moderada,2026-10-05T18:06:10,mirova-archivo,1
2021-10-07T06:12:00,357070,Nevados de Chillan,VIIRS750,27.9,1.50,1,moderada,2026-10-05T18:06:10,mirova-archivo,1
2021-10-07T06:40:00,357070,Nevados de Chillan,MODIS,8.043,2.24,1,baja,2026-10-05T18:06:10,mirova-archivo,1
2021-10-07T17:42:00,357070,Nevados de Chillan,VIIRS750,51.56,1.68,1,moderada,2026-10-05T18:06:10,mirova-archivo,1
2021-10-07T18:36:00,357070,Nevados de Chillan,VIIRS750,65.71,1.06,1,moderada,2026-10-05T18:06:10,mirova-archivo,1
2021-10-08T04:00:00,357070,Nevados de Chillan,MODIS,38.52,2.24,1,moderada,2026-10-05T18:06:10,mirova-archivo,1
2021-10-08T05:06:00,357070,Nevados de Chillan,VIIRS750,35.67,1.68,1,moderada,2026-10-05T18:06:10,mirova-archivo,1
2021-10-08T05:45:00,357070,Nevados de Chillan,MODIS,34.73,1.41,1,moderada,2026-10-05T18:06:10,mirova-archivo,1
2021-10-08T05:54:00,357070,Nevados de Chillan,VIIRS750,79.9,1.06,1,moderada,2026-10-05T18:06:10,mirova-archivo,1
2021-10-08T06:42:00,357070,Nevados de Chillan,VIIRS750,19.96,2.70,1,moderada,2026-10-05T18:06:10,mirova-archivo,1
2021-10-09T03:05:00,357070,Nevados de Chillan,MODIS,48.46,2.24,1,moderada,2026-10-05T18:06:10,mirova-archivo,1
2021-10-09T04:48:00,357070,Nevados de Chillan,VIIRS750,28.79,2.37,1,moderada,2026-10-05T18:06:10,mirova-archivo,1
2021-10-09T05:36:00,357070,Nevados de Chillan,VIIRS750,45.53,1.06,1,moderada,2026-10-05T18:06:10,mirova-archivo,1
2021-10-09T06:24:00,357070,Nevados de Chillan,VIIRS750,25.06,1.68,1,moderada,2026-10-05T18:06:10,mirova-archivo,1
2021-10-09T06:25:00,357070,Nevados de Chillan,MODIS,24.41,2.24,1,moderada,2026-10-05T18:06:10,mirova-archivo,1
2021-10-10T03:50:00,357070,Nevados de Chillan,MODIS,8.726,1.00,1,baja,2026-10-05T18:06:10,mirova-archivo,1
2021-10-10T05:18:00,357070,Nevados de Chillan,VIIRS750,56.79,1.06,1,moderada,2026-10-05T18:06:10,mirova-archivo,1
2021-10-10T05:30:00,357070,Nevados de Chillan,MODIS,12.4,2.24,1,moderada,2026-10-05T18:06:10,mirova-archivo,1
2021-10-10T06:06:00,357070,Nevados de Chillan,VIIRS750,39.01,1.50,1,moderada,2026-10-05T18:06:10,mirova-archivo,1
2021-10-11T02:55:00,357070,Nevados de Chillan,MODIS,17.31,2.00,1,moderada,2026-10-05T18:06:10,mirova-archivo,1
2021-10-11T05:00:00,357070,Nevados de Chillan,VIIRS750,21.72,1.50,1,moderada,2026-10-05T18:06:10,mirova-archivo,1
2021-10-11T05:48:00,357070,Nevados de Chillan,VIIRS750,28.66,1.50,1,moderada,2026-10-05T18:06:10,mirova-archivo,1
2021-10-11T06:15:00,357070,Nevados de Chillan,MODIS,27.49,2.24,1,moderada,2026-10-05T18:06:10,mirova-archivo,1
2021-10-11T06:42:00,357070,Nevados de Chillan,VIIRS750,18.96,2.37,1,moderada,2026-10-05T18:06:10,mirova-archivo,1
2021-10-12T03:35:00,357070,Nevados de Chillan,MODIS,30.38,1.41,1,moderada,2026-10-05T18:06:10,mirova-archivo,1
2021-10-12T04:42:00,357070,Nevados de Chillan,VIIRS750,34.21,3.00,1,moderada,2026-10-05T18:06:10,mirova-archivo,1
2021-10-12T05:20:00,357070,Nevados de Chillan,MODIS,27.57,2.83,1,moderada,2026-10-05T18:06:10,mirova-archivo,1
2021-10-12T05:30:00,357070,Nevados de Chillan,VIIRS750,31.64,1.06,1,moderada,2026-10-05T18:06:10,mirova-archivo,1
2021-10-12T06:18:00,357070,Nevados de Chillan,VIIRS750,24.38,1.68,1,moderada,2026-10-05T18:06:10,mirova-archivo,1
2021-10-13T02:40:00,357070,Nevados de Chillan,MODIS,6.752,2.24,1,baja,2026-10-05T18:06:10,mirova-archivo,1
2021-10-13T04:20:00,357070,Nevados de Chillan,MODIS,14.87,2.83,1,moderada,2026-10-05T18:06:10,mirova-archivo,1
2021-10-13T05:12:00,357070,Nevados de Chillan,VIIRS750,31.26,1.50,1,moderada,2026-10-05T18:06:10,mirova-archivo,1
2021-10-13T06:00:00,357070,Nevados de Chillan,MODIS,11.65,1.41,1,moderada,2026-10-05T18:06:10,mirova-archivo,1
2021-10-13T06:00:00,357070,Nevados de Chillan,VIIRS750,22.25,1.06,1,moderada,2026-10-05T18:06:10,mirova-archivo,1
2021-10-15T04:05:00,357070,Nevados de Chillan,MODIS,6.821,2.24,1,baja,2026-10-05T18:06:10,mirova-archivo,1
2021-10-15T04:30:00,357070,Nevados de Chillan,VIIRS750,27.52,3.35,1,moderada,2026-10-05T18:06:10,mirova-archivo,1
2021-10-15T05:24:00,357070,Nevados de Chillan,VIIRS750,21.78,1.06,1,moderada,2026-10-05T18:06:10,mirova-archivo,1
2021-10-15T05:50:00,357070,Nevados de Chillan,MODIS,6.348,1.00,1,baja,2026-10-05T18:06:10,mirova-archivo,1
2021-10-15T06:12:00,357070,Nevados de Chillan,VIIRS750,11.18,1.68,1,moderada,2026-10-05T18:06:10,mirova-archivo,1
2021-10-16T03:10:00,357070,Nevados de Chillan,MODIS,20.55,2.24,1,moderada,2026-10-05T18:06:10,mirova-archivo,1
2021-10-16T05:06:00,357070,Nevados de Chillan,VIIRS750,28.32,1.68,1,moderada,2026-10-05T18:06:10,mirova-archivo,1
2021-10-16T05:54:00,357070,Nevados de Chillan,VIIRS750,13.72,1.06,1,moderada,2026-10-05T18:06:10,mirova-archivo,1
2021-10-16T06:48:00,357070,Nevados de Chillan,VIIRS750,6.37,2.12,1,baja,2026-10-05T18:06:10,mirova-archivo,1
2021-10-17T03:55:00,357070,Nevados de Chillan,MODIS,16.27,1.41,1,moderada,2026-10-05T18:06:10,mirova-archivo,1
2021-10-17T04:48:00,357070,Nevados de Chillan,VIIRS750,7.976,2.37,1,baja,2026-10-05T18:06:10,mirova-archivo,1
2021-10-17T05:35:00,357070,Nevados de Chillan,MODIS,25.62,2.00,1,moderada,2026-10-05T18:06:10,mirova-archivo,1
2021-10-17T05:36:00,357070,Nevados de Chillan,VIIRS750,10.94,1.06,1,moderada,2026-10-05T18:06:10,mirova-archivo,1
2021-10-17T06:24:00,357070,Nevados de Chillan,VIIRS750,7.62,2.25,1,baja,2026-10-05T18:06:10,mirova-archivo,1
2021-10-18T03:00:00,357070,Nevados de Chillan,MODIS,4.993,2.00,1,baja,2026-10-05T18:06:10,mirova-archivo,1
2021-10-18T05:18:00,357070,Nevados de Chillan,VIIRS750,9.55,1.06,1,baja,2026-10-05T18:06:10,mirova-archivo,1
2021-10-18T06:06:00,357070,Nevados de Chillan,VIIRS750,7.21,1.06,1,baja,2026-10-05T18:06:10,mirova-archivo,1
2021-10-18T06:20:00,357070,Nevados de Chillan,MODIS,3.69,2.00,1,baja,2026-10-05T18:06:10,mirova-archivo,1
2021-10-18T18:30:00,357070,Nevados de Chillan,VIIRS750,84.97,1.06,1,moderada,2026-10-05T18:06:10,mirova-archivo,1
2021-10-19T03:40:00,357070,Nevados de Chillan,MODIS,14.54,1.41,1,moderada,2026-10-05T18:06:10,mirova-archivo,1
2021-10-19T05:00:00,357070,Nevados de Chillan,VIIRS750,15.95,1.68,1,moderada,2026-10-05T18:06:10,mirova-archivo,1
2021-10-19T05:25:00,357070,Nevados de Chillan,MODIS,9.958,1.41,1,baja,2026-10-05T18:06:10,mirova-archivo,1
2021-10-19T05:48:00,357070,Nevados de Chillan,VIIRS750,12.67,1.06,1,moderada,2026-10-05T18:06:10,mirova-archivo,1
2021-10-19T06:36:00,357070,Nevados de Chillan,VIIRS750,9.981,1.68,1,baja,2026-10-05T18:06:10,mirova-archivo,1
2021-10-20T02:45:00,357070,Nevados de Chillan,MODIS,1.176,2.83,1,baja,2026-10-05T18:06:10,mirova-archivo,1
2021-10-20T04:25:00,357070,Nevados de Chillan,MODIS,0.2897,1.00,1,muy baja,2026-10-05T18:06:10,mirova-archivo,1
2021-10-20T04:42:00,357070,Nevados de Chillan,VIIRS750,10.07,2.70,1,moderada,2026-10-05T18:06:10,mirova-archivo,1
2021-10-20T05:30:00,357070,Nevados de Chillan,VIIRS750,8.026,1.06,1,baja,2026-10-05T18:06:10,mirova-archivo,1
2021-10-20T06:18:00,357070,Nevados de Chillan,VIIRS750,12.77,1.68,1,moderada,2026-10-05T18:06:10,mirova-archivo,1
2021-10-21T03:30:00,357070,Nevados de Chillan,MODIS,7.279,1.41,1,baja,2026-10-05T18:06:10,mirova-archivo,1
2021-10-21T05:12:00,357070,Nevados de Chillan,VIIRS375,5.253,14.28,0,fuera de radio,2026-10-05T18:06:10,mirova-archivo,1
2021-10-21T06:00:00,357070,Nevados de Chillan,VIIRS375,0.7564,0.53,1,muy baja,2026-10-05T18:06:10,mirova-archivo,1
2021-10-22T04:54:00,357070,Nevados de Chillan,VIIRS750,5.779,1.68,1,baja,2026-10-05T18:06:10,mirova-archivo,1
2021-10-22T05:42:00,357070,Nevados de Chillan,VIIRS375,3.204,0.84,1,baja,2026-10-05T18:06:10,mirova-archivo,1
2021-10-22T05:55:00,357070,Nevados de Chillan,MODIS,0.8409,1.41,1,muy baja,2026-10-05T18:06:10,mirova-archivo,1
2021-10-23T03:15:00,357070,Nevados de Chillan,MODIS,2.187,1.41,1,baja,2026-10-05T18:06:10,mirova-archivo,1
2021-10-23T04:36:00,357070,Nevados de Chillan,VIIRS375,0.4907,2.02,1,muy baja,2026-10-05T18:06:10,mirova-archivo,1
2021-10-23T05:00:00,357070,Nevados de Chillan,MODIS,3.564,2.83,1,baja,2026-10-05T18:06:10,mirova-archivo,1
2021-10-23T05:24:00,357070,Nevados de Chillan,VIIRS750,8.348,1.06,1,baja,2026-10-05T18:06:10,mirova-archivo,1
2021-10-23T06:12:00,357070,Nevados de Chillan,VIIRS375,3.238,0.84,1,baja,2026-10-05T18:06:10,mirova-archivo,1
2021-10-23T06:40:00,357070,Nevados de Chillan,MODIS,0.1876,2.00,1,muy baja,2026-10-05T18:06:10,mirova-archivo,1
2021-10-24T04:00:00,357070,Nevados de Chillan,MODIS,2.471,1.41,1,baja,2026-10-05T18:06:10,mirova-archivo,1
2021-10-24T05:06:00,357070,Nevados de Chillan,VIIRS375,4.974,0.84,1,baja,2026-10-05T18:06:10,mirova-archivo,1
2021-10-24T05:45:00,357070,Nevados de Chillan,MODIS,4.992,1.41,1,baja,2026-10-05T18:06:10,mirova-archivo,1
2021-10-24T05:54:00,357070,Nevados de Chillan,VIIRS375,4.565,0.84,1,baja,2026-10-05T18:06:10,mirova-archivo,1
2021-10-24T06:42:00,357070,Nevados de Chillan,VIIRS750,119,3.82,1,alta,2026-10-05T18:06:10,mirova-archivo,1
2021-10-25T04:48:00,357070,Nevados de Chillan,VIIRS375,6.175,1.55,1,baja,2026-10-05T18:06:10,mirova-archivo,1
2021-10-25T05:36:00,357070,Nevados de Chillan,VIIRS375,2.362,0.84,1,baja,2026-10-05T18:06:10,mirova-archivo,1
2021-10-25T06:24:00,357070,Nevados de Chillan,VIIRS375,2.231,0.84,1,baja,2026-10-05T18:06:10,mirova-archivo,1
2021-10-26T05:18:00,357070,Nevados de Chillan,VIIRS750,7.859,1.06,1,baja,2026-10-05T18:06:10,mirova-archivo,1
2021-10-26T05:30:00,357070,Nevados de Chillan,MODIS,5.354,1.41,1,baja,2026-10-05T18:06:10,mirova-archivo,1
2021-10-26T06:06:00,357070,Nevados de Chillan,VIIRS375,2.975,0.53,1,baja,2026-10-05T18:06:10,mirova-archivo,1
2021-10-27T05:00:00,357070,Nevados de Chillan,VIIRS750,6.276,1.68,1,baja,2026-10-05T18:06:10,mirova-archivo,1
2021-10-27T05:48:00,357070,Nevados de Chillan,VIIRS750,7.545,0.75,1,baja,2026-10-05T18:06:10,mirova-archivo,1
2021-10-27T06:15:00,357070,Nevados de Chillan,MODIS,8.125,2.00,1,baja,2026-10-05T18:06:10,mirova-archivo,1
2021-10-27T06:42:00,357070,Nevados de Chillan,VIIRS375,5.81,1.91,1,baja,2026-10-05T18:06:10,mirova-archivo,1
2021-10-28T03:35:00,357070,Nevados de Chillan,MODIS,8.04,1.00,1,baja,2026-10-05T18:06:10,mirova-archivo,1
2021-10-28T04:42:00,357070,Nevados de Chillan,VIIRS375,6.196,1.68,1,baja,2026-10-05T18:06:10,mirova-archivo,1
2021-10-28T05:20:00,357070,Nevados de Chillan,MODIS,0.1626,1.41,1,muy baja,2026-10-05T18:06:10,mirova-archivo,1
2021-10-28T05:30:00,357070,Nevados de Chillan,VIIRS375,4.214,0.53,1,baja,2026-10-05T18:06:10,mirova-archivo,1
2021-10-28T06:18:00,357070,Nevados de Chillan,VIIRS375,3.467,0.84,1,baja,2026-10-05T18:06:10,mirova-archivo,1
2021-10-29T04:20:00,357070,Nevados de Chillan,MODIS,0.7223,1.41,1,muy baja,2026-10-05T18:06:10,mirova-archivo,1
2021-10-29T05:12:00,357070,Nevados de Chillan,VIIRS375,2.77,0.84,1,baja,2026-10-05T18:06:10,mirova-archivo,1
2021-10-29T06:00:00,357070,Nevados de Chillan,MODIS,3.428,1.00,1,baja,2026-10-05T18:06:10,mirova-archivo,1
2021-10-29T06:00:00,357070,Nevados de Chillan,VIIRS375,3.163,0.84,1,baja,2026-10-05T18:06:10,mirova-archivo,1
2021-10-30T03:25:00,357070,Nevados de Chillan,MODIS,11.86,1.41,1,moderada,2026-10-05T18:06:10,mirova-archivo,1
2021-10-30T04:54:00,357070,Nevados de Chillan,VIIRS375,4.628,1.35,1,baja,2026-10-05T18:06:10,mirova-archivo,1
2021-10-30T05:42:00,357070,Nevados de Chillan,VIIRS375,3.45,0.53,1,baja,2026-10-05T18:06:10,mirova-archivo,1
2021-10-30T06:30:00,357070,Nevados de Chillan,VIIRS375,2.909,0.84,1,baja,2026-10-05T18:06:10,mirova-archivo,1
2021-10-31T04:30:00,357070,Nevados de Chillan,VIIRS375,2.917,2.52,1,baja,2026-10-05T18:06:10,mirova-archivo,1
2021-10-31T05:24:00,357070,Nevados de Chillan,VIIRS375,3.079,0.84,1,baja,2026-10-05T18:06:10,mirova-archivo,1
2021-10-31T05:50:00,357070,Nevados de Chillan,MODIS,1.064,0.00,1,baja,2026-10-05T18:06:10,mirova-archivo,1
2021-10-31T06:12:00,357070,Nevados de Chillan,VIIRS375,1.067,0.84,1,baja,2026-10-05T18:06:10,mirova-archivo,1
2021-11-01T03:10:00,357070,Nevados de Chillan,MODIS,1.575,1.00,1,baja,2026-10-05T18:06:10,mirova-archivo,1
2021-11-01T05:06:00,357070,Nevados de Chillan,VIIRS375,4.659,0.84,1,baja,2026-10-05T18:06:10,mirova-archivo,1
2021-11-01T05:54:00,357070,Nevados de Chillan,VIIRS375,3.119,0.84,1,baja,2026-10-05T18:06:10,mirova-archivo,1
2021-11-01T06:48:00,357070,Nevados de Chillan,VIIRS375,4.044,1.35,1,baja,2026-10-05T18:06:10,mirova-archivo,1
2021-11-02T04:48:00,357070,Nevados de Chillan,VIIRS375,3.054,1.59,1,baja,2026-10-05T18:06:10,mirova-archivo,1
2021-11-02T05:35:00,357070,Nevados de Chillan,MODIS,0.5459,0.00,1,muy baja,2026-10-05T18:06:10,mirova-archivo,1
2021-11-02T05:36:00,357070,Nevados de Chillan,VIIRS375,1.475,14.71,0,fuera de radio,2026-10-05T18:06:10,mirova-archivo,1
2021-11-03T03:00:00,357070,Nevados de Chillan,MODIS,19.25,2.83,1,moderada,2026-10-05T18:06:10,mirova-archivo,1
2021-11-03T05:18:00,357070,Nevados de Chillan,VIIRS750,6.631,1.06,1,baja,2026-10-05T18:06:10,mirova-archivo,1
2021-11-03T06:06:00,357070,Nevados de Chillan,VIIRS375,3.449,0.84,1,baja,2026-10-05T18:06:10,mirova-archivo,1
2021-11-03T06:20:00,357070,Nevados de Chillan,MODIS,0.5453,1.41,1,muy baja,2026-10-05T18:06:10,mirova-archivo,1
2021-11-04T03:40:00,357070,Nevados de Chillan,MODIS,1.337,1.00,1,baja,2026-10-05T18:06:10,mirova-archivo,1
2021-11-04T05:00:00,357070,Nevados de Chillan,VIIRS375,3.17,0.84,1,baja,2026-10-05T18:06:10,mirova-archivo,1
2021-11-04T05:48:00,357070,Nevados de Chillan,VIIRS375,1.724,0.84,1,baja,2026-10-05T18:06:10,mirova-archivo,1
2021-11-04T06:36:00,357070,Nevados de Chillan,VIIRS375,1.507,1.50,1,baja,2026-10-05T18:06:10,mirova-archivo,1
2021-11-05T05:30:00,357070,Nevados de Chillan,VIIRS375,5.151,20.00,0,fuera de radio,2026-10-05T18:06:10,mirova-archivo,1
2021-11-05T06:10:00,357070,Nevados de Chillan,MODIS,3.064,1.41,1,baja,2026-10-05T18:06:10,mirova-archivo,1
2021-11-05T06:18:00,357070,Nevados de Chillan,VIIRS375,2.121,1.19,1,baja,2026-10-05T18:06:10,mirova-archivo,1
2021-11-06T03:30:00,357070,Nevados de Chillan,MODIS,2.667,1.00,1,baja,2026-10-05T18:06:10,mirova-archivo,1
2021-11-06T05:12:00,357070,Nevados de Chillan,VIIRS375,2.497,0.84,1,baja,2026-10-05T18:06:10,mirova-archivo,1
2021-11-06T06:00:00,357070,Nevados de Chillan,VIIRS375,2.197,0.53,1,baja,2026-10-05T18:06:10,mirova-archivo,1
2021-11-07T04:54:00,357070,Nevados de Chillan,VIIRS375,3.545,0.84,1,baja,2026-10-05T18:06:10,mirova-archivo,1
2021-11-07T05:42:00,357070,Nevados de Chillan,VIIRS375,3.786,0.53,1,baja,2026-10-05T18:06:10,mirova-archivo,1
2021-11-07T05:55:00,357070,Nevados de Chillan,MODIS,2.487,1.41,1,baja,2026-10-05T18:06:10,mirova-archivo,1
2021-11-07T06:36:00,357070,Nevados de Chillan,VIIRS375,2.488,1.12,1,baja,2026-10-05T18:06:10,mirova-archivo,1
2021-11-08T03:15:00,357070,Nevados de Chillan,MODIS,2.959,1.41,1,baja,2026-10-05T18:06:10,mirova-archivo,1
2021-11-08T04:36:00,357070,Nevados de Chillan,VIIRS375,0.2213,1.35,1,muy baja,2026-10-05T18:06:10,mirova-archivo,1
2021-11-08T05:24:00,357070,Nevados de Chillan,VIIRS375,1.84,0.53,1,baja,2026-10-05T18:06:10,mirova-archivo,1
2021-11-08T06:12:00,357070,Nevados de Chillan,VIIRS375,1.578,0.84,1,baja,2026-10-05T18:06:10,mirova-archivo,1
2021-11-09T05:06:00,357070,Nevados de Chillan,VIIRS375,2.549,0.84,1,baja,2026-10-05T18:06:10,mirova-archivo,1
2021-11-09T05:54:00,357070,Nevados de Chillan,VIIRS375,1.676,0.84,1,baja,2026-10-05T18:06:10,mirova-archivo,1
2021-11-09T06:42:00,357070,Nevados de Chillan,VIIRS375,2.908,1.35,1,baja,2026-10-05T18:06:10,mirova-archivo,1
2021-11-10T04:48:00,357070,Nevados de Chillan,VIIRS375,3.055,1.68,1,baja,2026-10-05T18:06:10,mirova-archivo,1
2021-11-10T05:36:00,357070,Nevados de Chillan,VIIRS375,3.182,0.53,1,baja,2026-10-05T18:06:10,mirova-archivo,1
2021-11-10T06:24:00,357070,Nevados de Chillan,VIIRS375,2.516,0.75,1,baja,2026-10-05T18:06:10,mirova-archivo,1
2021-11-11T06:06:00,357070,Nevados de Chillan,VIIRS375,0.8115,28.73,0,no volcanica,2026-10-05T18:06:10,mirova-archivo,0
2021-11-12T05:00:00,357070,Nevados de Chillan,VIIRS375,4.917,1.06,1,baja,2026-10-05T18:06:10,mirova-archivo,1
2021-11-12T05:48:00,357070,Nevados de Chillan,VIIRS375,2.835,0.84,1,baja,2026-10-05T18:06:10,mirova-archivo,1
2021-11-12T06:15:00,357070,Nevados de Chillan,MODIS,5.383,2.24,1,baja,2026-10-05T18:06:10,mirova-archivo,1
2021-11-12T06:42:00,357070,Nevados de Chillan,VIIRS750,16.6,2.37,1,moderada,2026-10-05T18:06:10,mirova-archivo,1
2021-11-13T05:20:00,357070,Nevados de Chillan,MODIS,0.478,1.00,1,muy baja,2026-10-05T18:06:10,mirova-archivo,1
2021-11-13T05:30:00,357070,Nevados de Chillan,VIIRS375,0.8681,0.53,1,muy baja,2026-10-05T18:06:10,mirova-archivo,1
2021-11-14T02:40:00,357070,Nevados de Chillan,MODIS,0.1903,1.41,1,muy baja,2026-10-05T18:06:10,mirova-archivo,1
2021-11-14T04:20:00,357070,Nevados de Chillan,MODIS,0.2208,1.00,1,muy baja,2026-10-05T18:06:10,mirova-archivo,1
2021-11-14T05:12:00,357070,Nevados de Chillan,VIIRS750,6.788,1.06,1,baja,2026-10-05T18:06:10,mirova-archivo,1
2021-11-14T06:00:00,357070,Nevados de Chillan,MODIS,3.547,1.41,1,baja,2026-10-05T18:06:10,mirova-archivo,1
2021-11-14T06:00:00,357070,Nevados de Chillan,VIIRS375,4.266,1.12,1,baja,2026-10-05T18:06:10,mirova-archivo,1
2021-11-15T03:25:00,357070,Nevados de Chillan,MODIS,3.832,1.41,1,baja,2026-10-05T18:06:10,mirova-archivo,1
2021-11-15T04:54:00,357070,Nevados de Chillan,VIIRS375,4.85,1.35,1,baja,2026-10-05T18:06:10,mirova-archivo,1
2021-11-15T05:05:00,357070,Nevados de Chillan,MODIS,0.2514,0.00,1,muy baja,2026-10-05T18:06:10,mirova-archivo,1
2021-11-15T05:42:00,357070,Nevados de Chillan,VIIRS375,3.248,0.53,1,baja,2026-10-05T18:06:10,mirova-archivo,1
2021-11-15T06:30:00,357070,Nevados de Chillan,VIIRS375,2.161,0.84,1,baja,2026-10-05T18:06:10,mirova-archivo,1
2021-11-16T04:30:00,357070,Nevados de Chillan,VIIRS375,2.182,2.52,1,baja,2026-10-05T18:06:10,mirova-archivo,1
2021-11-16T05:24:00,357070,Nevados de Chillan,VIIRS375,2.491,0.84,1,baja,2026-10-05T18:06:10,mirova-archivo,1
2021-11-16T05:50:00,357070,Nevados de Chillan,MODIS,2.087,1.00,1,baja,2026-10-05T18:06:10,mirova-archivo,1
2021-11-16T06:12:00,357070,Nevados de Chillan,VIIRS375,1.175,0.53,1,baja,2026-10-05T18:06:10,mirova-archivo,1
2021-11-17T03:10:00,357070,Nevados de Chillan,MODIS,1.525,2.24,1,baja,2026-10-05T18:06:10,mirova-archivo,1
2021-11-17T05:06:00,357070,Nevados de Chillan,VIIRS375,1.684,0.53,1,baja,2026-10-05T18:06:10,mirova-archivo,1
2021-11-17T05:54:00,357070,Nevados de Chillan,VIIRS375,1.789,0.53,1,baja,2026-10-05T18:06:10,mirova-archivo,1
2021-11-17T06:48:00,357070,Nevados de Chillan,VIIRS375,6.768,2.19,1,baja,2026-10-05T18:06:10,mirova-archivo,1
2021-11-18T04:48:00,357070,Nevados de Chillan,VIIRS750,5.459,2.37,1,baja,2026-10-05T18:06:10,mirova-archivo,1
2021-11-18T05:35:00,357070,Nevados de Chillan,MODIS,3.82,1.41,1,baja,2026-10-05T18:06:10,mirova-archivo,1
2021-11-18T05:36:00,357070,Nevados de Chillan,VIIRS750,5.809,0.75,1,baja,2026-10-05T18:06:10,mirova-archivo,1
2021-11-18T06:30:00,357070,Nevados de Chillan,VIIRS375,4.462,0.84,1,baja,2026-10-05T18:06:10,mirova-archivo,1
2021-11-19T03:00:00,357070,Nevados de Chillan,MODIS,3.508,2.83,1,baja,2026-10-05T18:06:10,mirova-archivo,1
2021-11-19T05:18:00,357070,Nevados de Chillan,VIIRS750,19.72,1.06,1,moderada,2026-10-05T18:06:10,mirova-archivo,1
2021-11-19T06:06:00,357070,Nevados de Chillan,VIIRS750,18.64,1.06,1,moderada,2026-10-05T18:06:10,mirova-archivo,1
2021-11-19T06:20:00,357070,Nevados de Chillan,MODIS,7.523,2.24,1,baja,2026-10-05T18:06:10,mirova-archivo,1
2021-11-20T03:40:00,357070,Nevados de Chillan,MODIS,116.1,1.41,1,alta,2026-10-05T18:06:10,mirova-archivo,1
2021-11-20T05:00:00,357070,Nevados de Chillan,VIIRS750,31.37,1.68,1,moderada,2026-10-05T18:06:10,mirova-archivo,1
2021-11-20T05:25:00,357070,Nevados de Chillan,MODIS,35.85,2.24,1,moderada,2026-10-05T18:06:10,mirova-archivo,1
2021-11-20T05:48:00,357070,Nevados de Chillan,VIIRS750,53.56,1.06,1,moderada,2026-10-05T18:06:10,mirova-archivo,1
2021-11-20T06:36:00,357070,Nevados de Chillan,VIIRS750,28.51,2.37,1,moderada,2026-10-05T18:06:10,mirova-archivo,1
2021-11-21T02:45:00,357070,Nevados de Chillan,MODIS,41.88,5.10,0,fuera de radio,2026-10-05T18:06:10,mirova-archivo,1
2021-11-21T04:25:00,357070,Nevados de Chillan,MODIS,2.158,2.83,1,baja,2026-10-05T18:06:10,mirova-archivo,1
2021-11-21T04:36:00,357070,Nevados de Chillan,VIIRS750,57.44,3.09,1,moderada,2026-10-05T18:06:10,mirova-archivo,1
2021-11-21T05:30:00,357070,Nevados de Chillan,VIIRS750,50.92,1.06,1,moderada,2026-10-05T18:06:10,mirova-archivo,1
2021-11-21T06:10:00,357070,Nevados de Chillan,MODIS,79.01,2.24,1,moderada,2026-10-05T18:06:10,mirova-archivo,1
2021-11-21T06:18:00,357070,Nevados de Chillan,VIIRS750,64.38,1.68,1,moderada,2026-10-05T18:06:10,mirova-archivo,1
2021-11-21T19:30:00,357070,Nevados de Chillan,VIIRS750,70.83,2.37,1,moderada,2026-10-05T18:06:10,mirova-archivo,1
2021-11-22T03:30:00,357070,Nevados de Chillan,MODIS,57.08,1.41,1,moderada,2026-10-05T18:06:10,mirova-archivo,1
2021-11-22T05:12:00,357070,Nevados de Chillan,VIIRS750,92.84,1.68,1,moderada,2026-10-05T18:06:10,mirova-archivo,1
2021-11-22T05:15:00,357070,Nevados de Chillan,MODIS,43.63,2.83,1,moderada,2026-10-05T18:06:10,mirova-archivo,1
2021-11-22T06:00:00,357070,Nevados de Chillan,VIIRS750,36.57,1.50,1,moderada,2026-10-05T18:06:10,mirova-archivo,1
2021-11-23T04:10:00,357070,Nevados de Chillan,MODIS,26.59,2.24,1,moderada,2026-10-05T18:06:10,mirova-archivo,1
2021-11-23T04:54:00,357070,Nevados de Chillan,VIIRS750,81.33,2.12,1,moderada,2026-10-05T18:06:10,mirova-archivo,1
2021-11-23T05:42:00,357070,Nevados de Chillan,VIIRS750,45.45,1.06,1,moderada,2026-10-05T18:06:10,mirova-archivo,1
2021-11-23T05:55:00,357070,Nevados de Chillan,MODIS,55.92,1.00,1,moderada,2026-10-05T18:06:10,mirova-archivo,1
2021-11-23T06:36:00,357070,Nevados de Chillan,VIIRS750,42.43,2.70,1,moderada,2026-10-05T18:06:10,mirova-archivo,1
2021-11-23T18:00:00,357070,Nevados de Chillan,VIIRS750,75.8,1.06,1,moderada,2026-10-05T18:06:10,mirova-archivo,1
2021-11-23T18:54:00,357070,Nevados de Chillan,VIIRS750,69.25,0.75,1,moderada,2026-10-05T18:06:10,mirova-archivo,1
2021-11-24T03:15:00,357070,Nevados de Chillan,MODIS,61.96,2.24,1,moderada,2026-10-05T18:06:10,mirova-archivo,1
2021-11-24T04:36:00,357070,Nevados de Chillan,VIIRS750,33.68,3.18,1,moderada,2026-10-05T18:06:10,mirova-archivo,1
2021-11-24T05:00:00,357070,Nevados de Chillan,MODIS,22.74,2.83,1,moderada,2026-10-05T18:06:10,mirova-archivo,1
2021-11-24T05:24:00,357070,Nevados de Chillan,VIIRS750,75.37,1.06,1,moderada,2026-10-05T18:06:10,mirova-archivo,1
2021-11-24T06:12:00,357070,Nevados de Chillan,VIIRS750,39.91,1.68,1,moderada,2026-10-05T18:06:10,mirova-archivo,1
2021-11-24T06:40:00,357070,Nevados de Chillan,MODIS,5.965,4.12,0,no volcanica,2026-10-05T18:06:10,mirova-archivo,0
2021-11-25T04:00:00,357070,Nevados de Chillan,MODIS,32.9,2.24,1,moderada,2026-10-05T18:06:10,mirova-archivo,1
2021-11-25T05:06:00,357070,Nevados de Chillan,VIIRS750,55.92,2.12,1,moderada,2026-10-05T18:06:10,mirova-archivo,1
2021-11-25T05:45:00,357070,Nevados de Chillan,MODIS,40.46,2.00,1,moderada,2026-10-05T18:06:10,mirova-archivo,1
2021-11-25T05:54:00,357070,Nevados de Chillan,VIIRS750,38.8,14.41,0,fuera de radio,2026-10-05T18:06:10,mirova-archivo,1
2021-11-25T06:42:00,357070,Nevados de Chillan,VIIRS750,24.17,2.37,1,moderada,2026-10-05T18:06:10,mirova-archivo,1
2021-11-26T03:05:00,357070,Nevados de Chillan,MODIS,35.1,2.00,1,moderada,2026-10-05T18:06:10,mirova-archivo,1
2021-11-26T05:36:00,357070,Nevados de Chillan,VIIRS750,46.35,1.06,1,moderada,2026-10-05T18:06:10,mirova-archivo,1
2021-11-26T06:24:00,357070,Nevados de Chillan,VIIRS750,21.24,1.06,1,moderada,2026-10-05T18:06:10,mirova-archivo,1
2021-11-26T06:25:00,357070,Nevados de Chillan,MODIS,13.23,2.00,1,moderada,2026-10-05T18:06:10,mirova-archivo,1
2021-11-27T03:45:00,357070,Nevados de Chillan,MODIS,3.404,0.00,1,baja,2026-10-05T18:06:10,mirova-archivo,1
2021-11-27T05:18:00,357070,Nevados de Chillan,VIIRS750,5.958,1.06,1,baja,2026-10-05T18:06:10,mirova-archivo,1
2021-11-27T05:30:00,357070,Nevados de Chillan,MODIS,2.372,1.41,1,baja,2026-10-05T18:06:10,mirova-archivo,1
2021-11-27T06:06:00,357070,Nevados de Chillan,VIIRS750,12.32,1.06,1,moderada,2026-10-05T18:06:10,mirova-archivo,1
2021-11-28T02:50:00,357070,Nevados de Chillan,MODIS,19.48,2.24,1,moderada,2026-10-05T18:06:10,mirova-archivo,1
2021-11-28T05:00:00,357070,Nevados de Chillan,VIIRS750,44.3,1.68,1,moderada,2026-10-05T18:06:10,mirova-archivo,1
2021-11-28T05:48:00,357070,Nevados de Chillan,VIIRS750,20.27,1.06,1,moderada,2026-10-05T18:06:10,mirova-archivo,1
2021-11-28T06:15:00,357070,Nevados de Chillan,MODIS,63.24,3.16,1,moderada,2026-10-05T18:06:10,mirova-archivo,1
2021-11-28T06:42:00,357070,Nevados de Chillan,VIIRS750,17.34,2.37,1,moderada,2026-10-05T18:06:10,mirova-archivo,1
2021-11-29T03:35:00,357070,Nevados de Chillan,MODIS,25.97,1.41,1,moderada,2026-10-05T18:06:10,mirova-archivo,1
2021-11-29T04:42:00,357070,Nevados de Chillan,VIIRS750,26.54,2.70,1,moderada,2026-10-05T18:06:10,mirova-archivo,1
2021-11-29T05:20:00,357070,Nevados de Chillan,MODIS,17.83,2.83,1,moderada,2026-10-05T18:06:10,mirova-archivo,1
2021-11-29T05:30:00,357070,Nevados de Chillan,VIIRS750,28.06,1.06,1,moderada,2026-10-05T18:06:10,mirova-archivo,1
2021-11-30T02:40:00,357070,Nevados de Chillan,MODIS,11.36,2.83,1,moderada,2026-10-05T18:06:10,mirova-archivo,1
2021-11-30T05:12:00,357070,Nevados de Chillan,VIIRS375,0.5055,0.53,1,muy baja,2026-10-05T18:06:10,mirova-archivo,1
2021-11-30T06:00:00,357070,Nevados de Chillan,MODIS,16.96,1.41,1,moderada,2026-10-05T18:06:10,mirova-archivo,1
2021-11-30T06:00:00,357070,Nevados de Chillan,VIIRS750,13.66,1.06,1,moderada,2026-10-05T18:06:10,mirova-archivo,1
2021-12-01T03:20:00,357070,Nevados de Chillan,MODIS,23.49,1.41,1,moderada,2026-10-05T18:06:10,mirova-archivo,1
2021-12-01T04:54:00,357070,Nevados de Chillan,VIIRS750,23.68,2.12,1,moderada,2026-10-05T18:06:10,mirova-archivo,1
2021-12-01T05:05:00,357070,Nevados de Chillan,MODIS,6.207,2.83,1,baja,2026-10-05T18:06:10,mirova-archivo,1
2021-12-01T05:42:00,357070,Nevados de Chillan,VIIRS750,28.79,1.06,1,moderada,2026-10-05T18:06:10,mirova-archivo,1
2021-12-01T06:30:00,357070,Nevados de Chillan,VIIRS750,6.871,1.68,1,baja,2026-10-05T18:06:10,mirova-archivo,1
2021-12-02T05:24:00,357070,Nevados de Chillan,VIIRS375,0.5697,0.53,1,muy baja,2026-10-05T18:06:10,mirova-archivo,1
2021-12-04T04:48:00,357070,Nevados de Chillan,VIIRS750,8.03,2.12,1,baja,2026-10-05T18:06:10,mirova-archivo,1
2021-12-04T05:35:00,357070,Nevados de Chillan,MODIS,7.962,1.41,1,baja,2026-10-05T18:06:10,mirova-archivo,1
2021-12-04T05:36:00,357070,Nevados de Chillan,VIIRS750,9.081,0.75,1,baja,2026-10-05T18:06:10,mirova-archivo,1
2021-12-04T06:30:00,357070,Nevados de Chillan,VIIRS375,9.052,1.19,1,baja,2026-10-05T18:06:10,mirova-archivo,1
2021-12-05T03:00:00,357070,Nevados de Chillan,MODIS,3.342,2.24,1,baja,2026-10-05T18:06:10,mirova-archivo,1
2021-12-05T05:18:00,357070,Nevados de Chillan,VIIRS750,5.555,0.75,1,baja,2026-10-05T18:06:10,mirova-archivo,1
2021-12-05T06:06:00,357070,Nevados de Chillan,VIIRS750,5.397,1.06,1,baja,2026-10-05T18:06:10,mirova-archivo,1
2021-12-05T06:20:00,357070,Nevados de Chillan,MODIS,0.693,0.00,1,muy baja,2026-10-05T18:06:10,mirova-archivo,1
2021-12-06T03:40:00,357070,Nevados de Chillan,MODIS,28.39,2.24,1,moderada,2026-10-05T18:06:10,mirova-archivo,1
2021-12-06T05:00:00,357070,Nevados de Chillan,VIIRS750,11.93,1.50,1,moderada,2026-10-05T18:06:10,mirova-archivo,1
2021-12-06T05:25:00,357070,Nevados de Chillan,MODIS,6.569,2.00,1,baja,2026-10-05T18:06:10,mirova-archivo,1
2021-12-06T05:48:00,357070,Nevados de Chillan,VIIRS750,6.58,1.06,1,baja,2026-10-05T18:06:10,mirova-archivo,1
2021-12-06T06:36:00,357070,Nevados de Chillan,VIIRS375,4.456,1.19,1,baja,2026-10-05T18:06:10,mirova-archivo,1
2021-12-07T02:45:00,357070,Nevados de Chillan,MODIS,8.115,2.24,1,baja,2026-10-05T18:06:10,mirova-archivo,1
2021-12-07T04:36:00,357070,Nevados de Chillan,VIIRS750,12.65,2.70,1,moderada,2026-10-05T18:06:10,mirova-archivo,1
2021-12-07T06:10:00,357070,Nevados de Chillan,MODIS,4.169,2.00,1,baja,2026-10-05T18:06:10,mirova-archivo,1
2021-12-07T06:18:00,357070,Nevados de Chillan,VIIRS375,5.08,0.84,1,baja,2026-10-05T18:06:10,mirova-archivo,1
2021-12-08T03:30:00,357070,Nevados de Chillan,MODIS,5.943,1.41,1,baja,2026-10-05T18:06:10,mirova-archivo,1
2021-12-08T05:12:00,357070,Nevados de Chillan,VIIRS375,2.539,0.53,1,baja,2026-10-05T18:06:10,mirova-archivo,1
2021-12-08T06:00:00,357070,Nevados de Chillan,VIIRS375,2.482,0.84,1,baja,2026-10-05T18:06:10,mirova-archivo,1
2021-12-09T04:54:00,357070,Nevados de Chillan,VIIRS375,6.536,1.12,1,baja,2026-10-05T18:06:10,mirova-archivo,1
2021-12-09T05:42:00,357070,Nevados de Chillan,VIIRS375,2.683,0.53,1,baja,2026-10-05T18:06:10,mirova-archivo,1
2021-12-09T05:55:00,357070,Nevados de Chillan,MODIS,2.195,1.00,1,baja,2026-10-05T18:06:10,mirova-archivo,1
2021-12-09T06:36:00,357070,Nevados de Chillan,VIIRS375,1.412,1.50,1,baja,2026-10-05T18:06:10,mirova-archivo,1
2021-12-10T03:15:00,357070,Nevados de Chillan,MODIS,1.112,1.41,1,baja,2026-10-05T18:06:10,mirova-archivo,1
2021-12-10T04:36:00,357070,Nevados de Chillan,VIIRS375,3.542,2.19,1,baja,2026-10-05T18:06:10,mirova-archivo,1
2021-12-10T05:24:00,357070,Nevados de Chillan,VIIRS375,2.737,0.84,1,baja,2026-10-05T18:06:10,mirova-archivo,1
2021-12-10T06:12:00,357070,Nevados de Chillan,VIIRS750,8.074,1.68,1,baja,2026-10-05T18:06:10,mirova-archivo,1
2021-12-11T05:06:00,357070,Nevados de Chillan,VIIRS375,1.342,0.84,1,baja,2026-10-05T18:06:10,mirova-archivo,1
2021-12-11T05:45:00,357070,Nevados de Chillan,MODIS,98.75,1.41,1,moderada,2026-10-05T18:06:10,mirova-archivo,1
2021-12-11T05:54:00,357070,Nevados de Chillan,VIIRS750,89.02,1.06,1,moderada,2026-10-05T18:06:10,mirova-archivo,1
2021-12-11T06:42:00,357070,Nevados de Chillan,VIIRS750,21.17,2.37,1,moderada,2026-10-05T18:06:10,mirova-archivo,1
2021-12-12T04:42:00,357070,Nevados de Chillan,VIIRS375,0.7649,1.68,1,muy baja,2026-10-05T18:06:10,mirova-archivo,1
2021-12-13T03:45:00,357070,Nevados de Chillan,MODIS,12.85,2.00,1,moderada,2026-10-05T18:06:10,mirova-archivo,1
2021-12-13T05:18:00,357070,Nevados de Chillan,VIIRS375,2.057,0.75,1,baja,2026-10-05T18:06:10,mirova-archivo,1
2021-12-13T05:30:00,357070,Nevados de Chillan,MODIS,1.283,1.41,1,baja,2026-10-05T18:06:10,mirova-archivo,1
2021-12-13T06:06:00,357070,Nevados de Chillan,VIIRS375,1.574,0.84,1,baja,2026-10-05T18:06:10,mirova-archivo,1
2021-12-14T05:00:00,357070,Nevados de Chillan,VIIRS375,1.638,0.53,1,baja,2026-10-05T18:06:10,mirova-archivo,1
2021-12-14T05:48:00,357070,Nevados de Chillan,VIIRS375,1.575,0.53,1,baja,2026-10-05T18:06:10,mirova-archivo,1
2021-12-14T06:15:00,357070,Nevados de Chillan,MODIS,0.2458,0.00,1,muy baja,2026-10-05T18:06:10,mirova-archivo,1
2021-12-14T06:42:00,357070,Nevados de Chillan,VIIRS375,1.465,1.55,1,baja,2026-10-05T18:06:10,mirova-archivo,1
2021-12-15T04:42:00,357070,Nevados de Chillan,VIIRS375,3.228,1.91,1,baja,2026-10-05T18:06:10,mirova-archivo,1
2021-12-15T05:30:00,357070,Nevados de Chillan,VIIRS375,1.054,0.53,1,baja,2026-10-05T18:06:10,mirova-archivo,1
2021-12-15T06:18:00,357070,Nevados de Chillan,VIIRS375,0.472,0.84,1,muy baja,2026-10-05T18:06:10,mirova-archivo,1
2021-12-16T05:12:00,357070,Nevados de Chillan,VIIRS375,1.825,0.53,1,baja,2026-10-05T18:06:10,mirova-archivo,1
2021-12-16T06:00:00,357070,Nevados de Chillan,MODIS,1.68,1.00,1,baja,2026-10-05T18:06:10,mirova-archivo,1
2021-12-16T06:00:00,357070,Nevados de Chillan,VIIRS375,2.316,0.84,1,baja,2026-10-05T18:06:10,mirova-archivo,1
2021-12-17T03:20:00,357070,Nevados de Chillan,MODIS,7.892,1.41,1,baja,2026-10-05T18:06:10,mirova-archivo,1
2021-12-17T05:05:00,357070,Nevados de Chillan,MODIS,6.628,2.24,1,baja,2026-10-05T18:06:10,mirova-archivo,1
2021-12-17T05:42:00,357070,Nevados de Chillan,VIIRS375,3.488,0.53,1,baja,2026-10-05T18:06:10,mirova-archivo,1
2021-12-17T06:30:00,357070,Nevados de Chillan,VIIRS375,2.671,0.84,1,baja,2026-10-05T18:06:10,mirova-archivo,1
2021-12-18T04:30:00,357070,Nevados de Chillan,VIIRS375,0.597,2.52,1,muy baja,2026-10-05T18:06:10,mirova-archivo,1
2021-12-18T05:24:00,357070,Nevados de Chillan,VIIRS375,1.088,0.53,1,baja,2026-10-05T18:06:10,mirova-archivo,1
2021-12-18T05:50:00,357070,Nevados de Chillan,MODIS,5.177,1.41,1,baja,2026-10-05T18:06:10,mirova-archivo,1
2021-12-18T06:12:00,357070,Nevados de Chillan,VIIRS375,2.934,0.53,1,baja,2026-10-05T18:06:10,mirova-archivo,1
2021-12-19T05:06:00,357070,Nevados de Chillan,VIIRS375,3.75,0.84,1,baja,2026-10-05T18:06:10,mirova-archivo,1
2021-12-19T05:54:00,357070,Nevados de Chillan,VIIRS750,7.891,0.75,1,baja,2026-10-05T18:06:10,mirova-archivo,1
2021-12-19T06:48:00,357070,Nevados de Chillan,VIIRS375,1.01,1.55,1,baja,2026-10-05T18:06:10,mirova-archivo,1
2021-12-20T04:48:00,357070,Nevados de Chillan,VIIRS375,3.386,1.35,1,baja,2026-10-05T18:06:10,mirova-archivo,1
2021-12-20T05:36:00,357070,Nevados de Chillan,VIIRS750,9.113,1.06,1,baja,2026-10-05T18:06:10,mirova-archivo,1
2021-12-20T05:40:00,357070,Nevados de Chillan,MODIS,7.473,1.41,1,baja,2026-10-05T18:06:10,mirova-archivo,1
2021-12-20T06:24:00,357070,Nevados de Chillan,VIIRS750,6.216,1.50,1,baja,2026-10-05T18:06:10,mirova-archivo,1
2021-12-21T02:55:00,357070,Nevados de Chillan,MODIS,10.86,2.24,1,moderada,2026-10-05T18:06:10,mirova-archivo,1
2021-12-21T05:18:00,357070,Nevados de Chillan,VIIRS375,2.744,0.38,1,baja,2026-10-05T18:06:10,mirova-archivo,1
2021-12-21T06:06:00,357070,Nevados de Chillan,VIIRS375,1.424,0.84,1,baja,2026-10-05T18:06:10,mirova-archivo,1
2021-12-21T06:20:00,357070,Nevados de Chillan,MODIS,32.05,3.16,1,moderada,2026-10-05T18:06:10,mirova-archivo,1
2021-12-22T03:40:00,357070,Nevados de Chillan,MODIS,5.286,1.41,1,baja,2026-10-05T18:06:10,mirova-archivo,1
2021-12-22T05:00:00,357070,Nevados de Chillan,VIIRS750,13.54,0.75,1,moderada,2026-10-05T18:06:10,mirova-archivo,1
2021-12-22T05:48:00,357070,Nevados de Chillan,VIIRS375,1.746,0.84,1,baja,2026-10-05T18:06:10,mirova-archivo,1
2021-12-22T06:36:00,357070,Nevados de Chillan,VIIRS375,1.056,0.84,1,baja,2026-10-05T18:06:10,mirova-archivo,1
2021-12-23T04:36:00,357070,Nevados de Chillan,VIIRS375,1.355,1.88,1,baja,2026-10-05T18:06:10,mirova-archivo,1
2021-12-23T05:30:00,357070,Nevados de Chillan,VIIRS375,2.864,0.84,1,baja,2026-10-05T18:06:10,mirova-archivo,1
2021-12-23T06:18:00,357070,Nevados de Chillan,VIIRS375,0.8827,0.84,1,muy baja,2026-10-05T18:06:10,mirova-archivo,1
2021-12-24T05:12:00,357070,Nevados de Chillan,VIIRS375,1.779,0.53,1,baja,2026-10-05T18:06:10,mirova-archivo,1
2021-12-24T06:00:00,357070,Nevados de Chillan,VIIRS375,2.45,0.84,1,baja,2026-10-05T18:06:10,mirova-archivo,1
2021-12-25T04:10:00,357070,Nevados de Chillan,MODIS,6.315,2.83,1,baja,2026-10-05T18:06:10,mirova-archivo,1
2021-12-25T04:54:00,357070,Nevados de Chillan,VIIRS750,10.24,1.68,1,moderada,2026-10-05T18:06:10,mirova-archivo,1
2021-12-25T05:42:00,357070,Nevados de Chillan,VIIRS750,10.4,1.06,1,moderada,2026-10-05T18:06:10,mirova-archivo,1
2021-12-25T05:55:00,357070,Nevados de Chillan,MODIS,7.519,1.41,1,baja,2026-10-05T18:06:10,mirova-archivo,1
2021-12-26T04:36:00,357070,Nevados de Chillan,VIIRS375,1.23,1.55,1,baja,2026-10-05T18:06:10,mirova-archivo,1
2021-12-26T05:24:00,357070,Nevados de Chillan,VIIRS750,9.035,1.06,1,baja,2026-10-05T18:06:10,mirova-archivo,1
2021-12-26T06:12:00,357070,Nevados de Chillan,VIIRS375,3.844,0.84,1,baja,2026-10-05T18:06:10,mirova-archivo,1
2021-12-27T04:00:00,357070,Nevados de Chillan,MODIS,1.401,1.00,1,baja,2026-10-05T18:06:10,mirova-archivo,1
2021-12-27T05:06:00,357070,Nevados de Chillan,VIIRS375,1.892,1.06,1,baja,2026-10-05T18:06:10,mirova-archivo,1
2021-12-27T05:45:00,357070,Nevados de Chillan,MODIS,2.739,1.00,1,baja,2026-10-05T18:06:10,mirova-archivo,1
2021-12-27T05:54:00,357070,Nevados de Chillan,VIIRS750,8.98,1.68,1,baja,2026-10-05T18:06:10,mirova-archivo,1
2021-12-27T06:42:00,357070,Nevados de Chillan,VIIRS375,0.5165,0.84,1,muy baja,2026-10-05T18:06:10,mirova-archivo,1
2021-12-28T04:42:00,357070,Nevados de Chillan,VIIRS375,0.04528,1.68,1,muy baja,2026-10-05T18:06:10,mirova-archivo,1
2021-12-28T05:36:00,357070,Nevados de Chillan,VIIRS375,1.388,0.53,1,baja,2026-10-05T18:06:10,mirova-archivo,1
2021-12-28T06:24:00,357070,Nevados de Chillan,VIIRS375,1.086,0.53,1,baja,2026-10-05T18:06:10,mirova-archivo,1
2021-12-29T03:45:00,357070,Nevados de Chillan,MODIS,0.8275,0.00,1,muy baja,2026-10-05T18:06:10,mirova-archivo,1
2021-12-29T05:18:00,357070,Nevados de Chillan,VIIRS375,3.452,0.53,1,baja,2026-10-05T18:06:10,mirova-archivo,1
2021-12-29T05:30:00,357070,Nevados de Chillan,MODIS,0.3695,1.00,1,muy baja,2026-10-05T18:06:10,mirova-archivo,1
2021-12-29T06:06:00,357070,Nevados de Chillan,VIIRS375,1.348,0.75,1,baja,2026-10-05T18:06:10,mirova-archivo,1
2021-12-30T05:00:00,357070,Nevados de Chillan,VIIRS375,1.598,0.75,1,baja,2026-10-05T18:06:10,mirova-archivo,1
2021-12-30T05:48:00,357070,Nevados de Chillan,VIIRS375,0.7994,0.53,1,muy baja,2026-10-05T18:06:10,mirova-archivo,1
2021-12-31T04:42:00,357070,Nevados de Chillan,VIIRS375,1.05,1.35,1,baja,2026-10-05T18:06:10,mirova-archivo,1
2021-12-31T05:30:00,357070,Nevados de Chillan,VIIRS375,1.099,0.53,1,baja,2026-10-05T18:06:10,mirova-archivo,1
2021-12-31T06:18:00,357070,Nevados de Chillan,VIIRS375,1.414,25.73,0,no volcanica,2026-10-05T18:06:10,mirova-archivo,0
2022-01-01T05:12:00,357070,Nevados de Chillan,VIIRS375,1.499,1.06,1,baja,2026-10-05T18:06:10,mirova-archivo,1
2022-01-01T06:00:00,357070,Nevados de Chillan,VIIRS375,0.5958,0.84,1,muy baja,2026-10-05T18:06:10,mirova-archivo,1
2022-01-04T05:06:00,357070,Nevados de Chillan,VIIRS375,0.05997,0.00,1,muy baja,2026-10-05T18:06:10,mirova-archivo,1
2022-01-04T05:54:00,357070,Nevados de Chillan,VIIRS375,0.1095,0.53,1,muy baja,2026-10-05T18:06:10,mirova-archivo,1
2022-01-05T03:50:00,357070,Nevados de Chillan,MODIS,1.912,1.00,1,baja,2026-10-05T18:06:10,mirova-archivo,1
2022-01-05T04:48:00,357070,Nevados de Chillan,VIIRS375,2.923,1.19,1,baja,2026-10-05T18:06:10,mirova-archivo,1
2022-01-05T05:36:00,357070,Nevados de Chillan,VIIRS375,1.164,0.53,1,baja,2026-10-05T18:06:10,mirova-archivo,1
2022-01-05T05:40:00,357070,Nevados de Chillan,MODIS,0.3616,0.00,1,muy baja,2026-10-05T18:06:10,mirova-archivo,1
2022-01-05T06:24:00,357070,Nevados de Chillan,VIIRS375,1.861,1.19,1,baja,2026-10-05T18:06:10,mirova-archivo,1
2022-01-06T05:18:00,357070,Nevados de Chillan,VIIRS375,1.201,0.53,1,baja,2026-10-05T18:06:10,mirova-archivo,1
2022-01-06T06:06:00,357070,Nevados de Chillan,VIIRS375,0.5507,0.53,1,muy baja,2026-10-05T18:06:10,mirova-archivo,1
2022-01-06T06:20:00,357070,Nevados de Chillan,MODIS,12.14,2.24,1,moderada,2026-10-05T18:06:10,mirova-archivo,1
2022-01-07T03:40:00,357070,Nevados de Chillan,MODIS,15.95,1.41,1,moderada,2026-10-05T18:06:10,mirova-archivo,1
2022-01-07T04:54:00,357070,Nevados de Chillan,VIIRS750,10.13,1.68,1,moderada,2026-10-05T18:06:10,mirova-archivo,1
2022-01-07T05:25:00,357070,Nevados de Chillan,MODIS,3.959,2.00,1,baja,2026-10-05T18:06:10,mirova-archivo,1
2022-01-07T05:48:00,357070,Nevados de Chillan,VIIRS750,7.136,1.06,1,baja,2026-10-05T18:06:10,mirova-archivo,1
2022-01-07T06:36:00,357070,Nevados de Chillan,VIIRS375,5.132,1.19,1,baja,2026-10-05T18:06:10,mirova-archivo,1
2022-01-08T04:36:00,357070,Nevados de Chillan,VIIRS375,1.188,1.88,1,baja,2026-10-05T18:06:10,mirova-archivo,1
2022-01-08T05:30:00,357070,Nevados de Chillan,VIIRS375,2.788,0.53,1,baja,2026-10-05T18:06:10,mirova-archivo,1
2022-01-08T06:10:00,357070,Nevados de Chillan,MODIS,0.6348,0.00,1,muy baja,2026-10-05T18:06:10,mirova-archivo,1
2022-01-08T06:18:00,357070,Nevados de Chillan,VIIRS375,1.234,1.12,1,baja,2026-10-05T18:06:10,mirova-archivo,1
2022-01-09T05:12:00,357070,Nevados de Chillan,VIIRS375,0.6313,0.84,1,muy baja,2026-10-05T18:06:10,mirova-archivo,1
2022-01-09T06:00:00,357070,Nevados de Chillan,VIIRS375,2.436,0.84,1,baja,2026-10-05T18:06:10,mirova-archivo,1
2022-01-09T06:54:00,357070,Nevados de Chillan,VIIRS375,4.274,2.73,1,baja,2026-10-05T18:06:10,mirova-archivo,1
2022-01-10T04:54:00,357070,Nevados de Chillan,VIIRS375,0.4161,0.84,1,muy baja,2026-10-05T18:06:10,mirova-archivo,1
2022-01-10T05:42:00,357070,Nevados de Chillan,VIIRS375,1.6,0.53,1,baja,2026-10-05T18:06:10,mirova-archivo,1
2022-01-10T05:55:00,357070,Nevados de Chillan,MODIS,2.529,0.00,1,baja,2026-10-05T18:06:10,mirova-archivo,1
2022-01-10T06:30:00,357070,Nevados de Chillan,VIIRS375,1.03,1.19,1,baja,2026-10-05T18:06:10,mirova-archivo,1
2022-01-11T03:15:00,357070,Nevados de Chillan,MODIS,0.746,0.00,1,muy baja,2026-10-05T18:06:10,mirova-archivo,1
2022-01-11T04:36:00,357070,Nevados de Chillan,VIIRS375,1.271,1.59,1,baja,2026-10-05T18:06:10,mirova-archivo,1
2022-01-11T05:24:00,357070,Nevados de Chillan,VIIRS375,1.549,0.53,1,baja,2026-10-05T18:06:10,mirova-archivo,1
2022-01-11T06:12:00,357070,Nevados de Chillan,VIIRS375,1.089,0.84,1,baja,2026-10-05T18:06:10,mirova-archivo,1
2022-01-12T05:54:00,357070,Nevados de Chillan,VIIRS375,1.786,19.20,0,fuera de radio,2026-10-05T18:06:10,mirova-archivo,1
2022-01-12T06:42:00,357070,Nevados de Chillan,VIIRS375,1.18,1.55,1,baja,2026-10-05T18:06:10,mirova-archivo,1
2022-01-13T04:42:00,357070,Nevados de Chillan,VIIRS375,3.933,1.68,1,baja,2026-10-05T18:06:10,mirova-archivo,1
2022-01-13T05:36:00,357070,Nevados de Chillan,VIIRS375,2.165,0.53,1,baja,2026-10-05T18:06:10,mirova-archivo,1
2022-01-13T06:24:00,357070,Nevados de Chillan,VIIRS375,2.802,0.84,1,baja,2026-10-05T18:06:10,mirova-archivo,1
2022-01-13T06:25:00,357070,Nevados de Chillan,MODIS,0.2051,2.00,1,muy baja,2026-10-05T18:06:10,mirova-archivo,1
2022-01-14T03:45:00,357070,Nevados de Chillan,MODIS,35,2.24,1,moderada,2026-10-05T18:06:10,mirova-archivo,1
2022-01-14T05:18:00,357070,Nevados de Chillan,VIIRS375,2.11,0.84,1,baja,2026-10-05T18:06:10,mirova-archivo,1
2022-01-14T06:06:00,357070,Nevados de Chillan,VIIRS375,1.097,0.53,1,baja,2026-10-05T18:06:10,mirova-archivo,1
2022-01-15T05:00:00,357070,Nevados de Chillan,VIIRS375,1.294,0.38,1,baja,2026-10-05T18:06:10,mirova-archivo,1
2022-01-15T05:48:00,357070,Nevados de Chillan,VIIRS375,1.347,0.53,1,baja,2026-10-05T18:06:10,mirova-archivo,1
2022-01-15T06:15:00,357070,Nevados de Chillan,MODIS,0.3799,0.00,1,muy baja,2026-10-05T18:06:10,mirova-archivo,1
2022-01-16T05:30:00,357070,Nevados de Chillan,VIIRS375,1.043,0.53,1,baja,2026-10-05T18:06:10,mirova-archivo,1
2022-01-18T03:20:00,357070,Nevados de Chillan,MODIS,0.7462,1.00,1,muy baja,2026-10-05T18:06:10,mirova-archivo,1
2022-01-18T04:48:00,357070,Nevados de Chillan,VIIRS375,1.462,1.35,1,baja,2026-10-05T18:06:10,mirova-archivo,1
2022-01-18T05:42:00,357070,Nevados de Chillan,VIIRS375,0.8095,0.53,1,muy baja,2026-10-05T18:06:10,mirova-archivo,1
2022-01-18T06:30:00,357070,Nevados de Chillan,VIIRS375,0.7274,0.84,1,muy baja,2026-10-05T18:06:10,mirova-archivo,1
2022-01-19T04:30:00,357070,Nevados de Chillan,VIIRS375,0.3537,2.19,1,muy baja,2026-10-05T18:06:10,mirova-archivo,1
2022-01-19T05:24:00,357070,Nevados de Chillan,VIIRS375,4.165,0.75,1,baja,2026-10-05T18:06:10,mirova-archivo,1
2022-01-19T06:12:00,357070,Nevados de Chillan,VIIRS375,0.3621,0.53,1,muy baja,2026-10-05T18:06:10,mirova-archivo,1
2022-01-20T03:10:00,357070,Nevados de Chillan,MODIS,0.3197,0.00,1,muy baja,2026-10-05T18:06:10,mirova-archivo,1
2022-01-20T05:06:00,357070,Nevados de Chillan,VIIRS375,0.7803,0.84,1,muy baja,2026-10-05T18:06:10,mirova-archivo,1
2022-01-20T05:54:00,357070,Nevados de Chillan,VIIRS375,1.739,0.53,1,baja,2026-10-05T18:06:10,mirova-archivo,1
2022-01-20T06:48:00,357070,Nevados de Chillan,VIIRS375,0.454,1.12,1,muy baja,2026-10-05T18:06:10,mirova-archivo,1
2022-01-21T04:48:00,357070,Nevados de Chillan,VIIRS375,0.3,0.84,1,muy baja,2026-10-05T18:06:10,mirova-archivo,1
2022-01-21T05:36:00,357070,Nevados de Chillan,VIIRS375,1.855,0.53,1,baja,2026-10-05T18:06:10,mirova-archivo,1
2022-01-21T05:40:00,357070,Nevados de Chillan,MODIS,1.543,1.00,1,baja,2026-10-05T18:06:10,mirova-archivo,1
2022-01-21T06:24:00,357070,Nevados de Chillan,VIIRS375,0.5593,0.84,1,muy baja,2026-10-05T18:06:10,mirova-archivo,1
2022-01-22T05:18:00,357070,Nevados de Chillan,VIIRS375,0.1371,0.38,1,muy baja,2026-10-05T18:06:10,mirova-archivo,1
2022-01-22T06:06:00,357070,Nevados de Chillan,VIIRS375,0.2601,0.53,1,muy baja,2026-10-05T18:06:10,mirova-archivo,1
2022-01-23T05:25:00,357070,Nevados de Chillan,MODIS,1.251,1.41,1,baja,2026-10-05T18:06:10,mirova-archivo,1
2022-01-23T05:48:00,357070,Nevados de Chillan,VIIRS375,0.8059,0.75,1,muy baja,2026-10-05T18:06:10,mirova-archivo,1
2022-01-23T06:36:00,357070,Nevados de Chillan,VIIRS375,0.2958,0.84,1,muy baja,2026-10-05T18:06:10,mirova-archivo,1
2022-01-24T04:36:00,357070,Nevados de Chillan,VIIRS375,0.2982,1.59,1,muy baja,2026-10-05T18:06:10,mirova-archivo,1
2022-01-24T05:30:00,357070,Nevados de Chillan,VIIRS375,0.6342,0.53,1,muy baja,2026-10-05T18:06:10,mirova-archivo,1
2022-01-24T06:10:00,357070,Nevados de Chillan,MODIS,12.6,1.41,1,moderada,2026-10-05T18:06:10,mirova-archivo,1
2022-01-24T06:18:00,357070,Nevados de Chillan,VIIRS375,1.811,0.84,1,baja,2026-10-05T18:06:10,mirova-archivo,1
2022-01-25T05:12:00,357070,Nevados de Chillan,VIIRS375,0.4163,0.38,1,muy baja,2026-10-05T18:06:10,mirova-archivo,1
2022-01-25T06:00:00,357070,Nevados de Chillan,VIIRS375,0.269,0.53,1,muy baja,2026-10-05T18:06:10,mirova-archivo,1
2022-01-25T06:54:00,357070,Nevados de Chillan,VIIRS375,1.217,1.88,1,baja,2026-10-05T18:06:10,mirova-archivo,1
2022-01-26T04:10:00,357070,Nevados de Chillan,MODIS,1.374,1.41,1,baja,2026-10-05T18:06:10,mirova-archivo,1
2022-01-26T04:54:00,357070,Nevados de Chillan,VIIRS375,3.808,1.19,1,baja,2026-10-05T18:06:10,mirova-archivo,1
2022-01-26T05:42:00,357070,Nevados de Chillan,VIIRS375,2.014,0.53,1,baja,2026-10-05T18:06:10,mirova-archivo,1
2022-01-26T05:55:00,357070,Nevados de Chillan,MODIS,1.403,1.00,1,baja,2026-10-05T18:06:10,mirova-archivo,1
2022-01-26T06:30:00,357070,Nevados de Chillan,VIIRS375,2.056,1.12,1,baja,2026-10-05T18:06:10,mirova-archivo,1
2022-01-27T03:15:00,357070,Nevados de Chillan,MODIS,0.813,0.00,1,muy baja,2026-10-05T18:06:10,mirova-archivo,1
2022-01-27T04:36:00,357070,Nevados de Chillan,VIIRS375,3.146,2.19,1,baja,2026-10-05T18:06:10,mirova-archivo,1
2022-01-27T05:24:00,357070,Nevados de Chillan,VIIRS375,1.041,0.53,1,baja,2026-10-05T18:06:10,mirova-archivo,1
2022-01-27T06:12:00,357070,Nevados de Chillan,VIIRS375,1.549,0.84,1,baja,2026-10-05T18:06:10,mirova-archivo,1
2022-01-28T04:00:00,357070,Nevados de Chillan,MODIS,1.94,1.00,1,baja,2026-10-05T18:06:10,mirova-archivo,1
2022-01-28T05:06:00,357070,Nevados de Chillan,VIIRS375,7.333,1.35,1,baja,2026-10-05T18:06:10,mirova-archivo,1
2022-01-28T05:45:00,357070,Nevados de Chillan,MODIS,29.51,1.41,1,moderada,2026-10-05T18:06:10,mirova-archivo,1
2022-01-28T05:54:00,357070,Nevados de Chillan,VIIRS750,8.406,1.68,1,baja,2026-10-05T18:06:10,mirova-archivo,1
2022-01-28T06:42:00,357070,Nevados de Chillan,VIIRS375,0.9071,1.35,1,muy baja,2026-10-05T18:06:10,mirova-archivo,1
2022-01-29T04:42:00,357070,Nevados de Chillan,VIIRS375,2.783,1.68,1,baja,2026-10-05T18:06:10,mirova-archivo,1
2022-01-29T05:36:00,357070,Nevados de Chillan,VIIRS375,0.8786,0.53,1,muy baja,2026-10-05T18:06:10,mirova-archivo,1
2022-01-29T06:24:00,357070,Nevados de Chillan,VIIRS375,0.8106,0.84,1,muy baja,2026-10-05T18:06:10,mirova-archivo,1
2022-01-30T05:18:00,357070,Nevados de Chillan,VIIRS750,9.954,1.06,1,baja,2026-10-05T18:06:10,mirova-archivo,1
2022-01-30T05:30:00,357070,Nevados de Chillan,MODIS,2.071,1.41,1,baja,2026-10-05T18:06:10,mirova-archivo,1
2022-01-30T06:06:00,357070,Nevados de Chillan,VIIRS375,0.7634,0.84,1,muy baja,2026-10-05T18:06:10,mirova-archivo,1
2022-01-31T05:00:00,357070,Nevados de Chillan,VIIRS375,0.9943,0.75,1,muy baja,2026-10-05T18:06:10,mirova-archivo,1
2022-01-31T05:48:00,357070,Nevados de Chillan,VIIRS375,1.843,0.53,1,baja,2026-10-05T18:06:10,mirova-archivo,1
2022-01-31T06:15:00,357070,Nevados de Chillan,MODIS,3.955,1.41,1,baja,2026-10-05T18:06:10,mirova-archivo,1
2022-01-31T06:36:00,357070,Nevados de Chillan,VIIRS375,1.129,1.19,1,baja,2026-10-05T18:06:10,mirova-archivo,1
2022-02-01T03:35:00,357070,Nevados de Chillan,MODIS,0.7087,0.00,1,muy baja,2026-10-05T18:06:10,mirova-archivo,1
2022-02-01T04:42:00,357070,Nevados de Chillan,VIIRS375,2.249,1.88,1,baja,2026-10-05T18:06:10,mirova-archivo,1
2022-02-01T05:30:00,357070,Nevados de Chillan,VIIRS375,1.337,0.53,1,baja,2026-10-05T18:06:10,mirova-archivo,1
2022-02-01T06:18:00,357070,Nevados de Chillan,VIIRS375,1.183,0.84,1,baja,2026-10-05T18:06:10,mirova-archivo,1
2022-02-02T05:12:00,357070,Nevados de Chillan,VIIRS375,4.987,0.84,1,baja,2026-10-05T18:06:10,mirova-archivo,1
2022-02-02T06:00:00,357070,Nevados de Chillan,MODIS,0.6892,0.00,1,muy baja,2026-10-05T18:06:10,mirova-archivo,1
2022-02-02T06:00:00,357070,Nevados de Chillan,VIIRS375,1.175,0.53,1,baja,2026-10-05T18:06:10,mirova-archivo,1
2022-02-03T05:42:00,357070,Nevados de Chillan,VIIRS375,0.5375,12.47,0,no volcanica,2026-10-05T18:06:10,mirova-archivo,0
2022-02-03T06:30:00,357070,Nevados de Chillan,VIIRS375,0.1837,0.84,1,muy baja,2026-10-05T18:06:10,mirova-archivo,1
2022-02-04T05:24:00,357070,Nevados de Chillan,VIIRS375,0.9921,0.53,1,muy baja,2026-10-05T18:06:10,mirova-archivo,1
2022-02-05T05:06:00,357070,Nevados de Chillan,VIIRS375,0.6616,0.84,1,muy baja,2026-10-05T18:06:10,mirova-archivo,1
2022-02-05T05:54:00,357070,Nevados de Chillan,VIIRS375,0.6302,0.84,1,muy baja,2026-10-05T18:06:10,mirova-archivo,1
2022-02-05T06:42:00,357070,Nevados de Chillan,VIIRS375,11.21,2.86,1,moderada,2026-10-05T18:06:10,mirova-archivo,1
2022-02-06T04:48:00,357070,Nevados de Chillan,VIIRS750,5.205,2.25,1,baja,2026-10-05T18:06:10,mirova-archivo,1
2022-02-06T05:36:00,357070,Nevados de Chillan,VIIRS375,4.419,0.53,1,baja,2026-10-05T18:06:10,mirova-archivo,1
2022-02-06T06:24:00,357070,Nevados de Chillan,VIIRS375,1.153,1.06,1,baja,2026-10-05T18:06:10,mirova-archivo,1
2022-02-07T05:18:00,357070,Nevados de Chillan,VIIRS375,3.37,0.53,1,baja,2026-10-05T18:06:10,mirova-archivo,1
2022-02-07T06:06:00,357070,Nevados de Chillan,VIIRS375,0.713,0.53,1,muy baja,2026-10-05T18:06:10,mirova-archivo,1
2022-02-08T03:40:00,357070,Nevados de Chillan,MODIS,3.44,1.00,1,baja,2026-10-05T18:06:10,mirova-archivo,1
2022-02-08T05:00:00,357070,Nevados de Chillan,VIIRS375,4.145,1.06,1,baja,2026-10-05T18:06:10,mirova-archivo,1
2022-02-08T05:25:00,357070,Nevados de Chillan,MODIS,0.8151,1.00,1,muy baja,2026-10-05T18:06:10,mirova-archivo,1
2022-02-08T05:48:00,357070,Nevados de Chillan,VIIRS375,1.889,0.53,1,baja,2026-10-05T18:06:10,mirova-archivo,1
2022-02-08T06:36:00,357070,Nevados de Chillan,VIIRS375,0.1964,1.35,1,muy baja,2026-10-05T18:06:10,mirova-archivo,1
2022-02-09T02:45:00,357070,Nevados de Chillan,MODIS,3.843,2.83,1,baja,2026-10-05T18:06:10,mirova-archivo,1
2022-02-09T04:36:00,357070,Nevados de Chillan,VIIRS375,14.13,2.02,1,moderada,2026-10-05T18:06:10,mirova-archivo,1
2022-02-09T05:30:00,357070,Nevados de Chillan,VIIRS750,8.759,1.06,1,baja,2026-10-05T18:06:10,mirova-archivo,1
2022-02-09T06:10:00,357070,Nevados de Chillan,MODIS,2.985,1.41,1,baja,2026-10-05T18:06:10,mirova-archivo,1
2022-02-09T06:18:00,357070,Nevados de Chillan,VIIRS375,4.432,1.06,1,baja,2026-10-05T18:06:10,mirova-archivo,1
2022-02-10T03:25:00,357070,Nevados de Chillan,MODIS,6.858,1.00,1,baja,2026-10-05T18:06:10,mirova-archivo,1
2022-02-10T05:12:00,357070,Nevados de Chillan,VIIRS375,2.54,0.84,1,baja,2026-10-05T18:06:10,mirova-archivo,1
2022-02-10T06:00:00,357070,Nevados de Chillan,VIIRS375,2.49,0.53,1,baja,2026-10-05T18:06:10,mirova-archivo,1
2022-02-10T06:54:00,357070,Nevados de Chillan,VIIRS375,9.158,2.19,1,baja,2026-10-05T18:06:10,mirova-archivo,1
2022-02-11T04:54:00,357070,Nevados de Chillan,VIIRS375,1.536,1.12,1,baja,2026-10-05T18:06:10,mirova-archivo,1
2022-02-11T05:42:00,357070,Nevados de Chillan,VIIRS750,6.408,1.06,1,baja,2026-10-05T18:06:10,mirova-archivo,1
2022-02-11T05:55:00,357070,Nevados de Chillan,MODIS,0.5786,0.00,1,muy baja,2026-10-05T18:06:10,mirova-archivo,1
2022-02-11T06:30:00,357070,Nevados de Chillan,VIIRS375,0.8403,0.84,1,muy baja,2026-10-05T18:06:10,mirova-archivo,1
2022-02-12T05:24:00,357070,Nevados de Chillan,VIIRS750,7.318,1.06,1,baja,2026-10-05T18:06:10,mirova-archivo,1
2022-02-12T06:12:00,357070,Nevados de Chillan,VIIRS375,0.5976,0.84,1,muy baja,2026-10-05T18:06:10,mirova-archivo,1
2022-02-12T17:42:00,357070,Nevados de Chillan,VIIRS750,257.2,2.12,1,alta,2026-10-05T18:06:10,mirova-archivo,1
2022-02-13T05:06:00,357070,Nevados de Chillan,VIIRS750,5.568,1.68,1,baja,2026-10-05T18:06:10,mirova-archivo,1
2022-02-13T05:45:00,357070,Nevados de Chillan,MODIS,7.854,1.41,1,baja,2026-10-05T18:06:10,mirova-archivo,1
2022-02-13T05:54:00,357070,Nevados de Chillan,VIIRS375,4.197,1.06,1,baja,2026-10-05T18:06:10,mirova-archivo,1
2022-02-13T06:42:00,357070,Nevados de Chillan,VIIRS375,4.505,1.55,1,baja,2026-10-05T18:06:10,mirova-archivo,1
2022-02-14T04:42:00,357070,Nevados de Chillan,VIIRS375,1.207,1.55,1,baja,2026-10-05T18:06:10,mirova-archivo,1
2022-02-14T05:36:00,357070,Nevados de Chillan,VIIRS750,5.36,0.75,1,baja,2026-10-05T18:06:10,mirova-archivo,1
2022-02-14T06:24:00,357070,Nevados de Chillan,VIIRS375,0.6194,0.53,1,muy baja,2026-10-05T18:06:10,mirova-archivo,1
2022-02-15T03:45:00,357070,Nevados de Chillan,MODIS,1.209,1.00,1,baja,2026-10-05T18:06:10,mirova-archivo,1
2022-02-15T05:18:00,357070,Nevados de Chillan,VIIRS375,1.565,0.53,1,baja,2026-10-05T18:06:10,mirova-archivo,1
2022-02-15T06:06:00,357070,Nevados de Chillan,VIIRS375,1.403,0.84,1,baja,2026-10-05T18:06:10,mirova-archivo,1
2022-02-16T05:00:00,357070,Nevados de Chillan,VIIRS375,0.5759,0.53,1,muy baja,2026-10-05T18:06:10,mirova-archivo,1
2022-02-16T05:48:00,357070,Nevados de Chillan,VIIRS375,0.2276,0.53,1,muy baja,2026-10-05T18:06:10,mirova-archivo,1
2022-02-16T06:15:00,357070,Nevados de Chillan,MODIS,8.95,2.24,1,baja,2026-10-05T18:06:10,mirova-archivo,1
2022-02-16T06:36:00,357070,Nevados de Chillan,VIIRS375,3.133,1.91,1,baja,2026-10-05T18:06:10,mirova-archivo,1
2022-02-17T04:42:00,357070,Nevados de Chillan,VIIRS375,0.9447,1.55,1,muy baja,2026-10-05T18:06:10,mirova-archivo,1
2022-02-17T05:30:00,357070,Nevados de Chillan,VIIRS375,1.31,0.53,1,baja,2026-10-05T18:06:10,mirova-archivo,1
2022-02-17T06:18:00,357070,Nevados de Chillan,VIIRS375,2.194,1.19,1,baja,2026-10-05T18:06:10,mirova-archivo,1
2022-02-18T05:12:00,357070,Nevados de Chillan,VIIRS375,1.566,0.38,1,baja,2026-10-05T18:06:10,mirova-archivo,1
2022-02-18T06:00:00,357070,Nevados de Chillan,VIIRS375,0.5578,0.84,1,muy baja,2026-10-05T18:06:10,mirova-archivo,1
2022-02-19T04:54:00,357070,Nevados de Chillan,VIIRS375,0.473,0.84,1,muy baja,2026-10-05T18:06:10,mirova-archivo,1
2022-02-19T05:42:00,357070,Nevados de Chillan,VIIRS375,0.7813,0.84,1,muy baja,2026-10-05T18:06:10,mirova-archivo,1
2022-02-19T06:30:00,357070,Nevados de Chillan,VIIRS375,0.3767,0.84,1,muy baja,2026-10-05T18:06:10,mirova-archivo,1
2022-02-20T04:30:00,357070,Nevados de Chillan,VIIRS375,0.07341,1.35,1,muy baja,2026-10-05T18:06:10,mirova-archivo,1
2022-02-20T05:24:00,357070,Nevados de Chillan,VIIRS375,0.3229,0.38,1,muy baja,2026-10-05T18:06:10,mirova-archivo,1
2022-02-20T05:50:00,357070,Nevados de Chillan,MODIS,263.3,1.41,1,alta,2026-10-05T18:06:10,mirova-archivo,1
2022-02-20T06:12:00,357070,Nevados de Chillan,VIIRS750,51.39,1.68,1,moderada,2026-10-05T18:06:10,mirova-archivo,1
2022-02-21T05:06:00,357070,Nevados de Chillan,VIIRS375,0.3892,0.75,1,muy baja,2026-10-05T18:06:10,mirova-archivo,1
2022-02-21T05:54:00,357070,Nevados de Chillan,VIIRS375,2.986,0.84,1,baja,2026-10-05T18:06:10,mirova-archivo,1
2022-02-21T06:42:00,357070,Nevados de Chillan,VIIRS375,4.398,1.91,1,baja,2026-10-05T18:06:10,mirova-archivo,1
2022-02-23T05:18:00,357070,Nevados de Chillan,VIIRS750,5.538,0.75,1,baja,2026-10-05T18:06:10,mirova-archivo,1
2022-02-23T06:06:00,357070,Nevados de Chillan,VIIRS375,4.386,1.06,1,baja,2026-10-05T18:06:10,mirova-archivo,1
2022-02-23T06:20:00,357070,Nevados de Chillan,MODIS,13.17,2.24,1,moderada,2026-10-05T18:06:10,mirova-archivo,1
2022-02-24T05:00:00,357070,Nevados de Chillan,VIIRS375,0.5001,18.28,0,no volcanica,2026-10-05T18:06:10,mirova-archivo,0
2022-02-25T04:36:00,357070,Nevados de Chillan,VIIRS375,0.1607,1.35,1,muy baja,2026-10-05T18:06:10,mirova-archivo,1
2022-02-25T05:30:00,357070,Nevados de Chillan,VIIRS375,0.6849,0.53,1,muy baja,2026-10-05T18:06:10,mirova-archivo,1
2022-02-25T06:18:00,357070,Nevados de Chillan,VIIRS375,0.1809,0.84,1,muy baja,2026-10-05T18:06:10,mirova-archivo,1
2022-02-26T03:25:00,357070,Nevados de Chillan,MODIS,0.5654,0.00,1,muy baja,2026-10-05T18:06:10,mirova-archivo,1
2022-02-26T05:12:00,357070,Nevados de Chillan,VIIRS375,1.049,0.53,1,baja,2026-10-05T18:06:10,mirova-archivo,1
2022-02-26T06:00:00,357070,Nevados de Chillan,VIIRS375,0.2136,0.84,1,muy baja,2026-10-05T18:06:10,mirova-archivo,1
2022-02-27T04:54:00,357070,Nevados de Chillan,VIIRS375,0.9447,0.84,1,muy baja,2026-10-05T18:06:10,mirova-archivo,1
2022-02-27T05:42:00,357070,Nevados de Chillan,VIIRS375,0.7061,0.53,1,muy baja,2026-10-05T18:06:10,mirova-archivo,1
2022-02-27T06:30:00,357070,Nevados de Chillan,VIIRS750,5.645,1.68,1,baja,2026-10-05T18:06:10,mirova-archivo,1
2022-02-28T03:15:00,357070,Nevados de Chillan,MODIS,2.715,1.41,1,baja,2026-10-05T18:06:10,mirova-archivo,1
2022-02-28T05:24:00,357070,Nevados de Chillan,VIIRS375,1.76,0.53,1,baja,2026-10-05T18:06:10,mirova-archivo,1
2022-02-28T06:12:00,357070,Nevados de Chillan,VIIRS375,0.9119,0.84,1,muy baja,2026-10-05T18:06:10,mirova-archivo,1
2022-03-01T03:55:00,357070,Nevados de Chillan,MODIS,0.4226,0.00,1,muy baja,2026-10-05T18:06:10,mirova-archivo,1
2022-03-01T05:06:00,357070,Nevados de Chillan,VIIRS375,1.054,0.84,1,baja,2026-10-05T18:06:10,mirova-archivo,1
2022-03-01T05:45:00,357070,Nevados de Chillan,MODIS,1.47,1.00,1,baja,2026-10-05T18:06:10,mirova-archivo,1
2022-03-01T05:54:00,357070,Nevados de Chillan,VIIRS375,1.413,0.53,1,baja,2026-10-05T18:06:10,mirova-archivo,1
2022-03-01T06:42:00,357070,Nevados de Chillan,VIIRS375,0.2693,0.84,1,muy baja,2026-10-05T18:06:10,mirova-archivo,1
2022-03-02T04:48:00,357070,Nevados de Chillan,VIIRS375,1.403,1.59,1,baja,2026-10-05T18:06:10,mirova-archivo,1
2022-03-02T05:36:00,357070,Nevados de Chillan,VIIRS375,1.122,25.26,0,no volcanica,2026-10-05T18:06:10,mirova-archivo,0
2022-03-02T06:24:00,357070,Nevados de Chillan,VIIRS375,0.4395,0.75,1,muy baja,2026-10-05T18:06:10,mirova-archivo,1
2022-03-03T05:18:00,357070,Nevados de Chillan,VIIRS375,1.018,0.38,1,baja,2026-10-05T18:06:10,mirova-archivo,1
2022-03-03T06:06:00,357070,Nevados de Chillan,VIIRS375,0.7173,0.53,1,muy baja,2026-10-05T18:06:10,mirova-archivo,1
2022-03-04T05:00:00,357070,Nevados de Chillan,VIIRS375,0.147,0.53,1,muy baja,2026-10-05T18:06:10,mirova-archivo,1
2022-03-04T05:48:00,357070,Nevados de Chillan,VIIRS375,0.5088,0.38,1,muy baja,2026-10-05T18:06:10,mirova-archivo,1
2022-03-04T06:36:00,357070,Nevados de Chillan,VIIRS375,0.4305,1.12,1,muy baja,2026-10-05T18:06:10,mirova-archivo,1
2022-03-05T04:42:00,357070,Nevados de Chillan,VIIRS375,1.592,1.91,1,baja,2026-10-05T18:06:10,mirova-archivo,1
2022-03-05T05:30:00,357070,Nevados de Chillan,VIIRS375,0.8177,0.53,1,muy baja,2026-10-05T18:06:10,mirova-archivo,1
2022-03-05T06:18:00,357070,Nevados de Chillan,VIIRS375,0.3483,1.55,1,muy baja,2026-10-05T18:06:10,mirova-archivo,1
2022-03-08T05:24:00,357070,Nevados de Chillan,VIIRS375,3.645,0.53,1,baja,2026-10-05T18:06:10,mirova-archivo,1
2022-03-08T05:50:00,357070,Nevados de Chillan,MODIS,0.44,1.00,1,muy baja,2026-10-05T18:06:10,mirova-archivo,1
2022-03-08T06:12:00,357070,Nevados de Chillan,VIIRS375,0.8495,0.84,1,muy baja,2026-10-05T18:06:10,mirova-archivo,1
2022-03-09T05:54:00,357070,Nevados de Chillan,VIIRS375,0.4799,15.89,0,no volcanica,2026-10-05T18:06:10,mirova-archivo,0
2022-03-10T04:48:00,357070,Nevados de Chillan,VIIRS375,1.07,1.19,1,baja,2026-10-05T18:06:10,mirova-archivo,1
2022-03-10T05:36:00,357070,Nevados de Chillan,VIIRS375,1.371,0.53,1,baja,2026-10-05T18:06:10,mirova-archivo,1
2022-03-10T06:24:00,357070,Nevados de Chillan,VIIRS375,0.7324,1.19,1,muy baja,2026-10-05T18:06:10,mirova-archivo,1
2022-03-11T05:18:00,357070,Nevados de Chillan,VIIRS375,0.4145,0.38,1,muy baja,2026-10-05T18:06:10,mirova-archivo,1
2022-03-11T06:06:00,357070,Nevados de Chillan,VIIRS375,0.7438,0.84,1,muy baja,2026-10-05T18:06:10,mirova-archivo,1
2022-03-11T17:36:00,357070,Nevados de Chillan,VIIRS375,64.11,1.35,1,moderada,2026-10-05T18:06:10,mirova-archivo,1
2022-03-12T05:00:00,357070,Nevados de Chillan,VIIRS375,0.7203,0.84,1,muy baja,2026-10-05T18:06:10,mirova-archivo,1
2022-03-12T05:48:00,357070,Nevados de Chillan,VIIRS375,2.942,0.53,1,baja,2026-10-05T18:06:10,mirova-archivo,1
2022-03-12T06:36:00,357070,Nevados de Chillan,VIIRS375,0.209,0.53,1,muy baja,2026-10-05T18:06:10,mirova-archivo,1
2022-03-13T04:42:00,357070,Nevados de Chillan,VIIRS375,0.2176,1.06,1,muy baja,2026-10-05T18:06:10,mirova-archivo,1
2022-03-13T05:30:00,357070,Nevados de Chillan,VIIRS375,0.6467,0.53,1,muy baja,2026-10-05T18:06:10,mirova-archivo,1
2022-03-13T06:18:00,357070,Nevados de Chillan,VIIRS375,0.4037,0.84,1,muy baja,2026-10-05T18:06:10,mirova-archivo,1
2022-03-14T03:25:00,357070,Nevados de Chillan,MODIS,6.979,1.41,1,baja,2026-10-05T18:06:10,mirova-archivo,1
2022-03-14T05:12:00,357070,Nevados de Chillan,VIIRS375,1.093,0.53,1,baja,2026-10-05T18:06:10,mirova-archivo,1
2022-03-14T06:00:00,357070,Nevados de Chillan,VIIRS375,1.043,1.06,1,baja,2026-10-05T18:06:10,mirova-archivo,1
2022-03-14T06:54:00,357070,Nevados de Chillan,VIIRS375,0.3469,1.55,1,muy baja,2026-10-05T18:06:10,mirova-archivo,1
2022-03-15T04:54:00,357070,Nevados de Chillan,VIIRS375,1.072,1.06,1,baja,2026-10-05T18:06:10,mirova-archivo,1
2022-03-15T05:42:00,357070,Nevados de Chillan,VIIRS375,0.6734,0.53,1,muy baja,2026-10-05T18:06:10,mirova-archivo,1
2022-03-15T06:30:00,357070,Nevados de Chillan,VIIRS375,0.3106,1.06,1,muy baja,2026-10-05T18:06:10,mirova-archivo,1
2022-03-16T03:15:00,357070,Nevados de Chillan,MODIS,1.717,1.00,1,baja,2026-10-05T18:06:10,mirova-archivo,1
2022-03-16T04:36:00,357070,Nevados de Chillan,VIIRS375,0.7844,1.35,1,muy baja,2026-10-05T18:06:10,mirova-archivo,1
2022-03-16T05:24:00,357070,Nevados de Chillan,VIIRS375,1.562,0.53,1,baja,2026-10-05T18:06:10,mirova-archivo,1
2022-03-16T06:12:00,357070,Nevados de Chillan,VIIRS375,0.6384,0.84,1,muy baja,2026-10-05T18:06:10,mirova-archivo,1
2022-03-17T05:06:00,357070,Nevados de Chillan,VIIRS375,0.4249,0.84,1,muy baja,2026-10-05T18:06:10,mirova-archivo,1
2022-03-17T05:54:00,357070,Nevados de Chillan,VIIRS375,0.2825,0.53,1,muy baja,2026-10-05T18:06:10,mirova-archivo,1
2022-03-18T03:00:00,357070,Nevados de Chillan,MODIS,0.8914,1.00,1,muy baja,2026-10-05T18:06:10,mirova-archivo,1
2022-03-18T04:48:00,357070,Nevados de Chillan,VIIRS375,0.7313,1.35,1,muy baja,2026-10-05T18:06:10,mirova-archivo,1
2022-03-18T05:36:00,357070,Nevados de Chillan,VIIRS375,0.7074,0.53,1,muy baja,2026-10-05T18:06:10,mirova-archivo,1
2022-03-18T06:24:00,357070,Nevados de Chillan,VIIRS375,1.081,0.84,1,baja,2026-10-05T18:06:10,mirova-archivo,1
2022-03-20T06:36:00,357070,Nevados de Chillan,VIIRS375,0.2999,1.12,1,muy baja,2026-10-05T18:06:10,mirova-archivo,1
2022-03-22T05:12:00,357070,Nevados de Chillan,VIIRS375,1.752,0.53,1,baja,2026-10-05T18:06:10,mirova-archivo,1
2022-03-22T06:00:00,357070,Nevados de Chillan,MODIS,0.803,0.00,1,muy baja,2026-10-05T18:06:10,mirova-archivo,1
2022-03-22T06:00:00,357070,Nevados de Chillan,VIIRS375,1.385,1.06,1,baja,2026-10-05T18:06:10,mirova-archivo,1
2022-03-23T03:20:00,357070,Nevados de Chillan,MODIS,1.804,1.00,1,baja,2026-10-05T18:06:10,mirova-archivo,1
2022-03-23T05:42:00,357070,Nevados de Chillan,VIIRS375,0.785,0.84,1,muy baja,2026-10-05T18:06:10,mirova-archivo,1
2022-03-24T04:36:00,357070,Nevados de Chillan,VIIRS375,0.1224,1.59,1,muy baja,2026-10-05T18:06:10,mirova-archivo,1
2022-03-24T05:24:00,357070,Nevados de Chillan,VIIRS375,2.159,0.53,1,baja,2026-10-05T18:06:10,mirova-archivo,1
2022-03-24T06:12:00,357070,Nevados de Chillan,VIIRS375,0.8027,0.75,1,muy baja,2026-10-05T18:06:10,mirova-archivo,1
2022-03-25T05:06:00,357070,Nevados de Chillan,VIIRS375,0.5035,0.84,1,muy baja,2026-10-05T18:06:10,mirova-archivo,1
2022-03-25T05:54:00,357070,Nevados de Chillan,VIIRS750,48.91,1.06,1,moderada,2026-10-05T18:06:10,mirova-archivo,1
2022-03-25T06:30:00,357070,Nevados de Chillan,MODIS,1.153,2.24,1,baja,2026-10-05T18:06:10,mirova-archivo,1
2022-03-25T06:42:00,357070,Nevados de Chillan,VIIRS375,10.38,2.73,1,moderada,2026-10-05T18:06:10,mirova-archivo,1
2022-03-26T03:50:00,357070,Nevados de Chillan,MODIS,0.4837,0.00,1,muy baja,2026-10-05T18:06:10,mirova-archivo,1
2022-03-26T04:48:00,357070,Nevados de Chillan,VIIRS375,2.759,1.35,1,baja,2026-10-05T18:06:10,mirova-archivo,1
2022-03-26T05:35:00,357070,Nevados de Chillan,MODIS,1.311,1.41,1,baja,2026-10-05T18:06:10,mirova-archivo,1
2022-03-26T05:36:00,357070,Nevados de Chillan,VIIRS375,3.075,0.53,1,baja,2026-10-05T18:06:10,mirova-archivo,1
2022-03-26T06:24:00,357070,Nevados de Chillan,VIIRS375,1.042,1.12,1,baja,2026-10-05T18:06:10,mirova-archivo,1
2022-03-27T05:18:00,357070,Nevados de Chillan,VIIRS375,0.6087,0.53,1,muy baja,2026-10-05T18:06:10,mirova-archivo,1
2022-03-27T06:06:00,357070,Nevados de Chillan,VIIRS375,0.9666,3.35,1,muy baja,2026-10-05T18:06:10,mirova-archivo,1
2022-03-27T19:18:00,357070,Nevados de Chillan,VIIRS750,69.59,18.14,0,no volcanica,2026-10-05T18:06:10,mirova-archivo,0
2022-03-28T05:00:00,357070,Nevados de Chillan,VIIRS375,2.111,1.06,1,baja,2026-10-05T18:06:10,mirova-archivo,1
2022-03-28T05:48:00,357070,Nevados de Chillan,VIIRS375,2.16,0.84,1,baja,2026-10-05T18:06:10,mirova-archivo,1
2022-03-28T06:36:00,357070,Nevados de Chillan,VIIRS375,0.4888,0.84,1,muy baja,2026-10-05T18:06:10,mirova-archivo,1
2022-03-30T05:12:00,357070,Nevados de Chillan,VIIRS375,0.4483,0.53,1,muy baja,2026-10-05T18:06:10,mirova-archivo,1
2022-03-30T06:00:00,357070,Nevados de Chillan,VIIRS375,0.2295,0.75,1,muy baja,2026-10-05T18:06:10,mirova-archivo,1
2022-03-30T06:54:00,357070,Nevados de Chillan,VIIRS375,5.035,2.65,1,baja,2026-10-05T18:06:10,mirova-archivo,1
2022-03-31T04:10:00,357070,Nevados de Chillan,MODIS,12.68,2.24,1,moderada,2026-10-05T18:06:10,mirova-archivo,1
2022-03-31T04:54:00,357070,Nevados de Chillan,VIIRS750,17.66,2.25,1,moderada,2026-10-05T18:06:10,mirova-archivo,1
2022-03-31T05:42:00,357070,Nevados de Chillan,VIIRS750,9.605,1.06,1,baja,2026-10-05T18:06:10,mirova-archivo,1
2022-03-31T05:55:00,357070,Nevados de Chillan,MODIS,8.774,1.41,1,baja,2026-10-05T18:06:10,mirova-archivo,1
2022-03-31T06:30:00,357070,Nevados de Chillan,VIIRS375,5.619,1.19,1,baja,2026-10-05T18:06:10,mirova-archivo,1
2022-04-01T05:24:00,357070,Nevados de Chillan,VIIRS750,6.439,0.75,1,baja,2026-10-05T18:06:10,mirova-archivo,1
2022-04-01T06:12:00,357070,Nevados de Chillan,VIIRS375,4.398,10.67,0,fuera de radio,2026-10-05T18:06:10,mirova-archivo,1
2022-04-02T05:06:00,357070,Nevados de Chillan,VIIRS375,3.394,0.84,1,baja,2026-10-05T18:06:10,mirova-archivo,1
2022-04-02T05:54:00,357070,Nevados de Chillan,VIIRS375,0.6301,0.53,1,muy baja,2026-10-05T18:06:10,mirova-archivo,1
2022-04-02T06:42:00,357070,Nevados de Chillan,VIIRS375,1.253,1.19,1,baja,2026-10-05T18:06:10,mirova-archivo,1
2022-04-03T06:24:00,357070,Nevados de Chillan,VIIRS375,0.03762,0.75,1,muy baja,2026-10-05T18:06:10,mirova-archivo,1
2022-04-04T03:45:00,357070,Nevados de Chillan,MODIS,14.7,1.41,1,moderada,2026-10-05T18:06:10,mirova-archivo,1
2022-04-04T05:18:00,357070,Nevados de Chillan,VIIRS375,0.4253,0.38,1,muy baja,2026-10-05T18:06:10,mirova-archivo,1
2022-04-04T06:06:00,357070,Nevados de Chillan,VIIRS750,5.553,1.06,1,baja,2026-10-05T18:06:10,mirova-archivo,1
2022-04-05T05:00:00,357070,Nevados de Chillan,VIIRS375,1.644,0.53,1,baja,2026-10-05T18:06:10,mirova-archivo,1
2022-04-05T05:48:00,357070,Nevados de Chillan,VIIRS375,1.539,0.53,1,baja,2026-10-05T18:06:10,mirova-archivo,1
2022-04-05T06:36:00,357070,Nevados de Chillan,VIIRS375,0.3907,0.84,1,muy baja,2026-10-05T18:06:10,mirova-archivo,1
2022-04-06T04:42:00,357070,Nevados de Chillan,VIIRS375,1.024,1.91,1,baja,2026-10-05T18:06:10,mirova-archivo,1
2022-04-06T05:30:00,357070,Nevados de Chillan,VIIRS750,5.212,1.06,1,baja,2026-10-05T18:06:10,mirova-archivo,1
2022-04-06T06:18:00,357070,Nevados de Chillan,VIIRS375,0.5851,0.84,1,muy baja,2026-10-05T18:06:10,mirova-archivo,1
2022-04-07T05:12:00,357070,Nevados de Chillan,VIIRS375,1.054,0.53,1,baja,2026-10-05T18:06:10,mirova-archivo,1
2022-04-07T06:00:00,357070,Nevados de Chillan,VIIRS375,3.996,0.84,1,baja,2026-10-05T18:06:10,mirova-archivo,1
2022-04-08T04:54:00,357070,Nevados de Chillan,VIIRS375,0.6671,1.06,1,muy baja,2026-10-05T18:06:10,mirova-archivo,1
2022-04-08T05:42:00,357070,Nevados de Chillan,VIIRS375,1.692,0.53,1,baja,2026-10-05T18:06:10,mirova-archivo,1
2022-04-08T06:30:00,357070,Nevados de Chillan,VIIRS375,0.3577,0.84,1,muy baja,2026-10-05T18:06:10,mirova-archivo,1
2022-04-09T05:24:00,357070,Nevados de Chillan,VIIRS375,0.1451,0.53,1,muy baja,2026-10-05T18:06:10,mirova-archivo,1
2022-04-09T06:12:00,357070,Nevados de Chillan,VIIRS375,0.2502,0.84,1,muy baja,2026-10-05T18:06:10,mirova-archivo,1
2022-04-10T05:06:00,357070,Nevados de Chillan,VIIRS375,0.5444,0.53,1,muy baja,2026-10-05T18:06:10,mirova-archivo,1
2022-04-10T05:54:00,357070,Nevados de Chillan,VIIRS375,0.3293,0.53,1,muy baja,2026-10-05T18:06:10,mirova-archivo,1
2022-04-11T04:48:00,357070,Nevados de Chillan,VIIRS375,1.027,1.19,1,baja,2026-10-05T18:06:10,mirova-archivo,1
2022-04-11T05:36:00,357070,Nevados de Chillan,VIIRS375,0.8305,0.53,1,muy baja,2026-10-05T18:06:10,mirova-archivo,1
2022-04-11T06:24:00,357070,Nevados de Chillan,VIIRS375,0.5063,1.12,1,muy baja,2026-10-05T18:06:10,mirova-archivo,1
2022-04-12T05:18:00,357070,Nevados de Chillan,VIIRS375,0.09261,0.38,1,muy baja,2026-10-05T18:06:10,mirova-archivo,1
2022-04-12T06:06:00,357070,Nevados de Chillan,VIIRS375,0.1891,0.53,1,muy baja,2026-10-05T18:06:10,mirova-archivo,1
2022-04-13T05:00:00,357070,Nevados de Chillan,VIIRS375,0.6003,0.84,1,muy baja,2026-10-05T18:06:10,mirova-archivo,1
2022-04-13T05:48:00,357070,Nevados de Chillan,VIIRS375,0.774,0.38,1,muy baja,2026-10-05T18:06:10,mirova-archivo,1
2022-04-13T06:36:00,357070,Nevados de Chillan,VIIRS375,2.77,1.35,1,baja,2026-10-05T18:06:10,mirova-archivo,1
2022-04-14T04:42:00,357070,Nevados de Chillan,VIIRS375,0.5748,1.35,1,muy baja,2026-10-05T18:06:10,mirova-archivo,1
2022-04-14T05:30:00,357070,Nevados de Chillan,VIIRS375,4.353,6.06,0,fuera de radio,2026-10-05T18:06:10,mirova-archivo,1
2022-04-14T06:18:00,357070,Nevados de Chillan,VIIRS375,0.5487,0.84,1,muy baja,2026-10-05T18:06:10,mirova-archivo,1
2022-04-14T18:42:00,357070,Nevados de Chillan,VIIRS750,52.43,6.05,0,no volcanica,2026-10-05T18:06:10,mirova-archivo,0
2022-04-15T05:12:00,357070,Nevados de Chillan,VIIRS750,47.93,1.06,1,moderada,2026-10-05T18:06:10,mirova-archivo,1
2022-04-15T06:00:00,357070,Nevados de Chillan,VIIRS375,4.056,0.84,1,baja,2026-10-05T18:06:10,mirova-archivo,1
2022-04-15T06:54:00,357070,Nevados de Chillan,VIIRS375,1.87,1.35,1,baja,2026-10-05T18:06:10,mirova-archivo,1
2022-04-16T04:54:00,357070,Nevados de Chillan,VIIRS375,0.4401,0.75,1,muy baja,2026-10-05T18:06:10,mirova-archivo,1
2022-04-16T05:42:00,357070,Nevados de Chillan,VIIRS375,0.7836,0.53,1,muy baja,2026-10-05T18:06:10,mirova-archivo,1
2022-04-16T06:30:00,357070,Nevados de Chillan,VIIRS375,0.2974,0.84,1,muy baja,2026-10-05T18:06:10,mirova-archivo,1
2022-04-17T04:30:00,357070,Nevados de Chillan,VIIRS375,0.265,1.68,1,muy baja,2026-10-05T18:06:10,mirova-archivo,1
2022-04-17T05:24:00,357070,Nevados de Chillan,VIIRS375,0.9539,0.53,1,muy baja,2026-10-05T18:06:10,mirova-archivo,1
2022-04-17T06:12:00,357070,Nevados de Chillan,VIIRS375,0.6172,0.84,1,muy baja,2026-10-05T18:06:10,mirova-archivo,1
2022-04-18T03:55:00,357070,Nevados de Chillan,MODIS,1.148,1.00,1,baja,2026-10-05T18:06:10,mirova-archivo,1
2022-04-18T05:06:00,357070,Nevados de Chillan,VIIRS375,0.835,0.84,1,muy baja,2026-10-05T18:06:10,mirova-archivo,1
2022-04-18T05:54:00,357070,Nevados de Chillan,VIIRS375,0.5875,0.84,1,muy baja,2026-10-05T18:06:10,mirova-archivo,1
2022-04-18T06:48:00,357070,Nevados de Chillan,VIIRS375,1.403,1.19,1,baja,2026-10-05T18:06:10,mirova-archivo,1
2022-04-19T04:48:00,357070,Nevados de Chillan,VIIRS375,2.665,21.03,0,no volcanica,2026-10-05T18:06:10,mirova-archivo,0
2022-04-19T05:36:00,357070,Nevados de Chillan,VIIRS375,2.096,20.79,0,no volcanica,2026-10-05T18:06:10,mirova-archivo,0
2022-04-19T06:24:00,357070,Nevados de Chillan,VIIRS375,0.05583,0.38,1,muy baja,2026-10-05T18:06:10,mirova-archivo,1
2022-04-21T05:00:00,357070,Nevados de Chillan,VIIRS375,1.02,0.53,1,baja,2026-10-05T18:06:10,mirova-archivo,1
2022-04-21T05:48:00,357070,Nevados de Chillan,VIIRS375,0.3465,0.53,1,muy baja,2026-10-05T18:06:10,mirova-archivo,1
2022-04-23T06:00:00,357070,Nevados de Chillan,VIIRS375,0.5255,5.82,0,no volcanica,2026-10-05T18:06:10,mirova-archivo,0
2022-04-25T05:24:00,357070,Nevados de Chillan,VIIRS375,0.1114,0.38,1,muy baja,2026-10-05T18:06:10,mirova-archivo,1
2022-04-28T05:18:00,357070,Nevados de Chillan,VIIRS375,0.2771,0.38,1,muy baja,2026-10-05T18:06:10,mirova-archivo,1
2022-04-28T06:06:00,357070,Nevados de Chillan,VIIRS375,0.3628,0.75,1,muy baja,2026-10-05T18:06:10,mirova-archivo,1
2022-04-29T05:00:00,357070,Nevados de Chillan,VIIRS375,1.666,0.84,1,baja,2026-10-05T18:06:10,mirova-archivo,1
2022-04-29T05:48:00,357070,Nevados de Chillan,VIIRS375,1.79,0.84,1,baja,2026-10-05T18:06:10,mirova-archivo,1
2022-04-29T06:36:00,357070,Nevados de Chillan,VIIRS375,0.392,1.06,1,muy baja,2026-10-05T18:06:10,mirova-archivo,1
2022-04-30T05:30:00,357070,Nevados de Chillan,VIIRS375,0.5523,0.53,1,muy baja,2026-10-05T18:06:10,mirova-archivo,1
2022-04-30T06:18:00,357070,Nevados de Chillan,VIIRS375,0.2602,0.53,1,muy baja,2026-10-05T18:06:10,mirova-archivo,1
2022-05-01T03:25:00,357070,Nevados de Chillan,MODIS,1.513,1.00,1,baja,2026-10-05T18:06:10,mirova-archivo,1
2022-05-01T05:12:00,357070,Nevados de Chillan,VIIRS375,0.6549,0.53,1,muy baja,2026-10-05T18:06:10,mirova-archivo,1
2022-05-01T06:00:00,357070,Nevados de Chillan,VIIRS375,0.7017,0.84,1,muy baja,2026-10-05T18:06:10,mirova-archivo,1
2022-05-02T04:54:00,357070,Nevados de Chillan,VIIRS375,0.1581,1.12,1,muy baja,2026-10-05T18:06:10,mirova-archivo,1
2022-05-02T05:42:00,357070,Nevados de Chillan,VIIRS375,1.655,0.53,1,baja,2026-10-05T18:06:10,mirova-archivo,1
2022-05-02T05:50:00,357070,Nevados de Chillan,MODIS,1.199,1.00,1,baja,2026-10-05T18:06:10,mirova-archivo,1
2022-05-02T06:30:00,357070,Nevados de Chillan,VIIRS375,0.3982,0.84,1,muy baja,2026-10-05T18:06:10,mirova-archivo,1
2022-05-03T05:24:00,357070,Nevados de Chillan,VIIRS375,1.979,0.53,1,baja,2026-10-05T18:06:10,mirova-archivo,1
2022-05-03T06:12:00,357070,Nevados de Chillan,VIIRS375,0.1657,0.53,1,muy baja,2026-10-05T18:06:10,mirova-archivo,1
2022-05-04T03:55:00,357070,Nevados de Chillan,MODIS,11.39,2.24,1,moderada,2026-10-05T18:06:10,mirova-archivo,1
2022-05-04T05:06:00,357070,Nevados de Chillan,VIIRS375,1.414,0.53,1,baja,2026-10-05T18:06:10,mirova-archivo,1
2022-05-04T05:54:00,357070,Nevados de Chillan,VIIRS375,0.6304,0.75,1,muy baja,2026-10-05T18:06:10,mirova-archivo,1
2022-05-04T06:48:00,357070,Nevados de Chillan,VIIRS375,0.4016,1.12,1,muy baja,2026-10-05T18:06:10,mirova-archivo,1
2022-05-05T04:48:00,357070,Nevados de Chillan,VIIRS750,5.588,1.68,1,baja,2026-10-05T18:06:10,mirova-archivo,1
2022-05-05T05:36:00,357070,Nevados de Chillan,VIIRS375,2.249,0.53,1,baja,2026-10-05T18:06:10,mirova-archivo,1
2022-05-05T06:24:00,357070,Nevados de Chillan,VIIRS375,1.106,0.84,1,baja,2026-10-05T18:06:10,mirova-archivo,1
2022-05-06T05:18:00,357070,Nevados de Chillan,VIIRS375,0.7655,0.53,1,muy baja,2026-10-05T18:06:10,mirova-archivo,1
2022-05-06T06:06:00,357070,Nevados de Chillan,VIIRS375,2.329,0.84,1,baja,2026-10-05T18:06:10,mirova-archivo,1
2022-05-07T05:00:00,357070,Nevados de Chillan,VIIRS375,0.7353,0.75,1,muy baja,2026-10-05T18:06:10,mirova-archivo,1
2022-05-07T05:48:00,357070,Nevados de Chillan,VIIRS375,1.782,0.84,1,baja,2026-10-05T18:06:10,mirova-archivo,1
2022-05-07T06:36:00,357070,Nevados de Chillan,VIIRS375,0.3872,1.19,1,muy baja,2026-10-05T18:06:10,mirova-archivo,1
2022-05-08T05:30:00,357070,Nevados de Chillan,VIIRS375,1.939,5.54,0,no volcanica,2026-10-05T18:06:10,mirova-archivo,0
2022-05-08T06:18:00,357070,Nevados de Chillan,VIIRS375,0.2751,19.10,0,no volcanica,2026-10-05T18:06:10,mirova-archivo,0
2022-05-09T05:12:00,357070,Nevados de Chillan,VIIRS375,1.087,0.53,1,baja,2026-10-05T18:06:10,mirova-archivo,1
2022-05-09T05:55:00,357070,Nevados de Chillan,MODIS,0.668,0.00,1,muy baja,2026-10-05T18:06:10,mirova-archivo,1
2022-05-09T06:00:00,357070,Nevados de Chillan,VIIRS375,0.8033,0.84,1,muy baja,2026-10-05T18:06:10,mirova-archivo,1
2022-05-10T05:42:00,357070,Nevados de Chillan,VIIRS375,0.5565,0.53,1,muy baja,2026-10-05T18:06:10,mirova-archivo,1
2022-05-11T05:24:00,357070,Nevados de Chillan,VIIRS375,0.7782,0.53,1,muy baja,2026-10-05T18:06:10,mirova-archivo,1
2022-05-13T04:48:00,357070,Nevados de Chillan,VIIRS375,0.4361,1.12,1,muy baja,2026-10-05T18:06:10,mirova-archivo,1
2022-05-13T05:30:00,357070,Nevados de Chillan,MODIS,0.1382,1.00,1,muy baja,2026-10-05T18:06:10,mirova-archivo,1
2022-05-13T05:36:00,357070,Nevados de Chillan,VIIRS375,1.904,0.53,1,baja,2026-10-05T18:06:10,mirova-archivo,1
2022-05-13T06:24:00,357070,Nevados de Chillan,VIIRS375,0.3159,0.84,1,muy baja,2026-10-05T18:06:10,mirova-archivo,1
2022-05-15T05:00:00,357070,Nevados de Chillan,VIIRS375,1.962,0.53,1,baja,2026-10-05T18:06:10,mirova-archivo,1
2022-05-15T05:48:00,357070,Nevados de Chillan,VIIRS375,1.018,0.53,1,baja,2026-10-05T18:06:10,mirova-archivo,1
2022-05-15T06:36:00,357070,Nevados de Chillan,VIIRS375,1.509,0.84,1,baja,2026-10-05T18:06:10,mirova-archivo,1
2022-05-16T04:42:00,357070,Nevados de Chillan,VIIRS375,0.2749,1.59,1,muy baja,2026-10-05T18:06:10,mirova-archivo,1
2022-05-16T05:30:00,357070,Nevados de Chillan,VIIRS375,1.251,0.53,1,baja,2026-10-05T18:06:10,mirova-archivo,1
2022-05-16T06:00:00,357070,Nevados de Chillan,MODIS,1.111,0.00,1,baja,2026-10-05T18:06:10,mirova-archivo,1
2022-05-16T06:18:00,357070,Nevados de Chillan,VIIRS375,0.8907,1.19,1,muy baja,2026-10-05T18:06:10,mirova-archivo,1
2022-05-17T03:25:00,357070,Nevados de Chillan,MODIS,2.624,1.00,1,baja,2026-10-05T18:06:10,mirova-archivo,1
2022-05-17T05:12:00,357070,Nevados de Chillan,VIIRS375,2.851,0.84,1,baja,2026-10-05T18:06:10,mirova-archivo,1
2022-05-17T06:00:00,357070,Nevados de Chillan,VIIRS375,1.993,16.91,0,fuera de radio,2026-10-05T18:06:10,mirova-archivo,1
2022-05-17T06:48:00,357070,Nevados de Chillan,VIIRS375,3.534,2.02,1,baja,2026-10-05T18:06:10,mirova-archivo,1
2022-05-18T04:54:00,357070,Nevados de Chillan,VIIRS375,0.2648,0.53,1,muy baja,2026-10-05T18:06:10,mirova-archivo,1
2022-05-18T05:42:00,357070,Nevados de Chillan,VIIRS375,0.8734,0.53,1,muy baja,2026-10-05T18:06:10,mirova-archivo,1
2022-05-18T06:30:00,357070,Nevados de Chillan,VIIRS375,1.1,1.12,1,baja,2026-10-05T18:06:10,mirova-archivo,1
2022-05-21T04:48:00,357070,Nevados de Chillan,VIIRS375,0.5075,1.35,1,muy baja,2026-10-05T18:06:10,mirova-archivo,1
2022-05-21T05:36:00,357070,Nevados de Chillan,VIIRS375,0.4216,0.53,1,muy baja,2026-10-05T18:06:10,mirova-archivo,1
2022-05-21T06:20:00,357070,Nevados de Chillan,MODIS,3.188,2.00,1,baja,2026-10-05T18:06:10,mirova-archivo,1
2022-05-21T06:24:00,357070,Nevados de Chillan,VIIRS375,1.401,0.84,1,baja,2026-10-05T18:06:10,mirova-archivo,1
2022-05-22T05:18:00,357070,Nevados de Chillan,VIIRS375,0.3905,22.95,0,no volcanica,2026-10-05T18:06:10,mirova-archivo,0
2022-05-25T06:00:00,357070,Nevados de Chillan,VIIRS375,0.1071,0.53,1,muy baja,2026-10-05T18:06:10,mirova-archivo,1
2022-05-26T04:54:00,357070,Nevados de Chillan,VIIRS375,0.3886,0.84,1,muy baja,2026-10-05T18:06:10,mirova-archivo,1
2022-05-26T05:42:00,357070,Nevados de Chillan,VIIRS375,0.414,0.53,1,muy baja,2026-10-05T18:06:10,mirova-archivo,1
2022-05-26T06:30:00,357070,Nevados de Chillan,VIIRS375,1.541,1.19,1,baja,2026-10-05T18:06:10,mirova-archivo,1
2022-05-27T05:24:00,357070,Nevados de Chillan,VIIRS375,0.1942,0.53,1,muy baja,2026-10-05T18:06:10,mirova-archivo,1
2022-05-27T05:40:00,357070,Nevados de Chillan,MODIS,3.347,1.41,1,baja,2026-10-05T18:06:10,mirova-archivo,1
2022-05-27T06:12:00,357070,Nevados de Chillan,VIIRS375,0.2711,0.84,1,muy baja,2026-10-05T18:06:10,mirova-archivo,1
2022-05-28T05:06:00,357070,Nevados de Chillan,VIIRS375,0.6456,0.53,1,muy baja,2026-10-05T18:06:10,mirova-archivo,1
2022-05-28T05:54:00,357070,Nevados de Chillan,VIIRS375,0.3783,0.84,1,muy baja,2026-10-05T18:06:10,mirova-archivo,1
2022-05-28T06:25:00,357070,Nevados de Chillan,MODIS,0.1879,1.00,1,muy baja,2026-10-05T18:06:10,mirova-archivo,1
2022-05-29T03:50:00,357070,Nevados de Chillan,MODIS,0.438,0.00,1,muy baja,2026-10-05T18:06:10,mirova-archivo,1
2022-05-29T04:42:00,357070,Nevados de Chillan,VIIRS375,2.123,1.35,1,baja,2026-10-05T18:06:10,mirova-archivo,1
2022-05-29T05:36:00,357070,Nevados de Chillan,VIIRS375,0.8522,0.53,1,muy baja,2026-10-05T18:06:10,mirova-archivo,1
2022-05-29T06:24:00,357070,Nevados de Chillan,VIIRS375,0.6519,0.84,1,muy baja,2026-10-05T18:06:10,mirova-archivo,1
2022-05-30T05:18:00,357070,Nevados de Chillan,VIIRS375,0.5158,0.53,1,muy baja,2026-10-05T18:06:10,mirova-archivo,1
2022-05-30T06:06:00,357070,Nevados de Chillan,VIIRS375,0.5639,0.53,1,muy baja,2026-10-05T18:06:10,mirova-archivo,1
2022-05-31T05:00:00,357070,Nevados de Chillan,VIIRS375,0.4009,0.53,1,muy baja,2026-10-05T18:06:10,mirova-archivo,1
2022-05-31T05:48:00,357070,Nevados de Chillan,VIIRS375,0.4771,0.84,1,muy baja,2026-10-05T18:06:10,mirova-archivo,1
2022-05-31T06:36:00,357070,Nevados de Chillan,VIIRS375,0.3692,1.55,1,muy baja,2026-10-05T18:06:10,mirova-archivo,1
2022-06-01T04:42:00,357070,Nevados de Chillan,VIIRS375,0.2263,1.35,1,muy baja,2026-10-05T18:06:10,mirova-archivo,1
2022-06-01T05:30:00,357070,Nevados de Chillan,VIIRS375,0.8663,0.53,1,muy baja,2026-10-05T18:06:10,mirova-archivo,1
2022-06-01T06:00:00,357070,Nevados de Chillan,MODIS,0.2932,0.00,1,muy baja,2026-10-05T18:06:10,mirova-archivo,1
2022-06-01T06:18:00,357070,Nevados de Chillan,VIIRS375,0.7189,0.84,1,muy baja,2026-10-05T18:06:10,mirova-archivo,1
2022-06-08T05:00:00,357070,Nevados de Chillan,VIIRS375,0.5024,0.38,1,muy baja,2026-10-05T18:06:10,mirova-archivo,1
2022-06-08T05:48:00,357070,Nevados de Chillan,VIIRS375,1.971,0.53,1,baja,2026-10-05T18:06:10,mirova-archivo,1
2022-06-08T06:05:00,357070,Nevados de Chillan,MODIS,0.3384,0.00,1,muy baja,2026-10-05T18:06:10,mirova-archivo,1
2022-06-08T06:36:00,357070,Nevados de Chillan,VIIRS375,1.919,1.55,1,baja,2026-10-05T18:06:10,mirova-archivo,1
2022-06-09T04:36:00,357070,Nevados de Chillan,VIIRS375,0.5745,1.35,1,muy baja,2026-10-05T18:06:10,mirova-archivo,1
2022-06-09T05:30:00,357070,Nevados de Chillan,VIIRS375,1.656,0.75,1,baja,2026-10-05T18:06:10,mirova-archivo,1
2022-06-09T06:18:00,357070,Nevados de Chillan,VIIRS375,0.1892,0.84,1,muy baja,2026-10-05T18:06:10,mirova-archivo,1
2022-06-10T05:12:00,357070,Nevados de Chillan,VIIRS375,0.5545,0.53,1,muy baja,2026-10-05T18:06:10,mirova-archivo,1
2022-06-10T05:50:00,357070,Nevados de Chillan,MODIS,0.5807,0.00,1,muy baja,2026-10-05T18:06:10,mirova-archivo,1
2022-06-10T06:00:00,357070,Nevados de Chillan,VIIRS375,0.7522,0.53,1,muy baja,2026-10-05T18:06:10,mirova-archivo,1
2022-06-11T05:42:00,357070,Nevados de Chillan,VIIRS375,0.514,0.53,1,muy baja,2026-10-05T18:06:10,mirova-archivo,1
2022-06-11T06:30:00,357070,Nevados de Chillan,VIIRS375,1.35,1.19,1,baja,2026-10-05T18:06:10,mirova-archivo,1
2022-06-12T05:24:00,357070,Nevados de Chillan,VIIRS375,0.2938,0.38,1,muy baja,2026-10-05T18:06:10,mirova-archivo,1
2022-06-13T05:06:00,357070,Nevados de Chillan,VIIRS375,0.06852,0.00,1,muy baja,2026-10-05T18:06:10,mirova-archivo,1
2022-06-13T05:54:00,357070,Nevados de Chillan,VIIRS375,0.2459,0.84,1,muy baja,2026-10-05T18:06:10,mirova-archivo,1
2022-06-13T06:42:00,357070,Nevados de Chillan,VIIRS375,1.031,1.19,1,baja,2026-10-05T18:06:10,mirova-archivo,1
2022-06-14T04:48:00,357070,Nevados de Chillan,VIIRS375,0.09674,1.06,1,muy baja,2026-10-05T18:06:10,mirova-archivo,1
2022-06-14T05:36:00,357070,Nevados de Chillan,VIIRS375,0.2524,0.53,1,muy baja,2026-10-05T18:06:10,mirova-archivo,1
2022-06-14T06:24:00,357070,Nevados de Chillan,VIIRS375,0.1345,0.75,1,muy baja,2026-10-05T18:06:10,mirova-archivo,1
2022-06-15T06:06:00,357070,Nevados de Chillan,VIIRS375,0.6816,18.52,0,no volcanica,2026-10-05T18:06:10,mirova-archivo,0
2022-06-16T03:35:00,357070,Nevados de Chillan,MODIS,0.6329,0.00,1,muy baja,2026-10-05T18:06:10,mirova-archivo,1
2022-06-16T05:00:00,357070,Nevados de Chillan,VIIRS375,0.4003,0.53,1,muy baja,2026-10-05T18:06:10,mirova-archivo,1
2022-06-16T05:48:00,357070,Nevados de Chillan,VIIRS375,0.3237,0.53,1,muy baja,2026-10-05T18:06:10,mirova-archivo,1
2022-06-16T06:36:00,357070,Nevados de Chillan,VIIRS375,0.4068,1.06,1,muy baja,2026-10-05T18:06:10,mirova-archivo,1
2022-06-18T05:12:00,357070,Nevados de Chillan,VIIRS375,0.2896,0.38,1,muy baja,2026-10-05T18:06:10,mirova-archivo,1
2022-06-18T06:00:00,357070,Nevados de Chillan,VIIRS375,0.1939,0.75,1,muy baja,2026-10-05T18:06:10,mirova-archivo,1
2022-06-19T05:42:00,357070,Nevados de Chillan,VIIRS375,0.03113,0.53,1,muy baja,2026-10-05T18:06:10,mirova-archivo,1
2022-06-19T06:30:00,357070,Nevados de Chillan,VIIRS375,0.2526,24.39,0,no volcanica,2026-10-05T18:06:10,mirova-archivo,0
2022-06-20T05:24:00,357070,Nevados de Chillan,VIIRS375,0.07425,0.38,1,muy baja,2026-10-05T18:06:10,mirova-archivo,1
2022-06-22T05:36:00,357070,Nevados de Chillan,VIIRS375,1.696,19.56,0,fuera de radio,2026-10-05T18:06:10,mirova-archivo,1
2022-06-25T05:30:00,357070,Nevados de Chillan,VIIRS375,0.9742,0.53,1,muy baja,2026-10-05T18:06:10,mirova-archivo,1
2022-06-25T06:18:00,357070,Nevados de Chillan,VIIRS375,0.2691,0.84,1,muy baja,2026-10-05T18:06:10,mirova-archivo,1
2022-06-26T05:12:00,357070,Nevados de Chillan,VIIRS375,1.083,0.84,1,baja,2026-10-05T18:06:10,mirova-archivo,1
2022-06-26T05:45:00,357070,Nevados de Chillan,MODIS,0.2609,0.00,1,muy baja,2026-10-05T18:06:10,mirova-archivo,1
2022-06-26T06:00:00,357070,Nevados de Chillan,VIIRS375,0.3779,0.84,1,muy baja,2026-10-05T18:06:10,mirova-archivo,1
2022-06-27T05:42:00,357070,Nevados de Chillan,VIIRS375,1.431,0.53,1,baja,2026-10-05T18:06:10,mirova-archivo,1
2022-06-27T06:30:00,357070,Nevados de Chillan,VIIRS375,0.2166,1.19,1,muy baja,2026-10-05T18:06:10,mirova-archivo,1
2022-06-29T05:06:00,357070,Nevados de Chillan,VIIRS375,0.6179,21.82,0,no volcanica,2026-10-05T18:06:10,mirova-archivo,0
2022-06-30T04:48:00,357070,Nevados de Chillan,VIIRS375,0.2518,1.35,1,muy baja,2026-10-05T18:06:10,mirova-archivo,1
2022-06-30T05:36:00,357070,Nevados de Chillan,VIIRS375,0.2589,0.38,1,muy baja,2026-10-05T18:06:10,mirova-archivo,1
2022-06-30T06:24:00,357070,Nevados de Chillan,VIIRS375,0.251,0.75,1,muy baja,2026-10-05T18:06:10,mirova-archivo,1
2022-07-02T05:00:00,357070,Nevados de Chillan,VIIRS375,0.5011,0.53,1,muy baja,2026-10-05T18:06:10,mirova-archivo,1
2022-07-02T05:48:00,357070,Nevados de Chillan,VIIRS375,0.2098,0.53,1,muy baja,2026-10-05T18:06:10,mirova-archivo,1
2022-07-02T06:36:00,357070,Nevados de Chillan,VIIRS375,0.07121,0.75,1,muy baja,2026-10-05T18:06:10,mirova-archivo,1
2022-07-03T04:42:00,357070,Nevados de Chillan,VIIRS375,0.1479,1.68,1,muy baja,2026-10-05T18:06:10,mirova-archivo,1
2022-07-03T05:30:00,357070,Nevados de Chillan,VIIRS375,1.111,0.53,1,baja,2026-10-05T18:06:10,mirova-archivo,1
2022-07-03T06:18:00,357070,Nevados de Chillan,VIIRS375,0.03416,0.53,1,muy baja,2026-10-05T18:06:10,mirova-archivo,1
2022-07-05T06:30:00,357070,Nevados de Chillan,VIIRS375,0.7811,23.18,0,no volcanica,2026-10-05T18:06:10,mirova-archivo,0
2022-07-07T05:06:00,357070,Nevados de Chillan,VIIRS375,0.5686,12.60,0,no volcanica,2026-10-05T18:06:10,mirova-archivo,0
2022-07-07T05:54:00,357070,Nevados de Chillan,VIIRS375,0.2074,0.53,1,muy baja,2026-10-05T18:06:10,mirova-archivo,1
2022-07-08T05:36:00,357070,Nevados de Chillan,VIIRS375,0.7947,0.53,1,muy baja,2026-10-05T18:06:10,mirova-archivo,1
2022-07-08T06:24:00,357070,Nevados de Chillan,VIIRS375,0.1145,0.53,1,muy baja,2026-10-05T18:06:10,mirova-archivo,1
2022-07-11T03:30:00,357070,Nevados de Chillan,MODIS,0.9443,0.00,1,muy baja,2026-10-05T18:06:10,mirova-archivo,1
2022-07-11T05:30:00,357070,Nevados de Chillan,VIIRS375,0.8435,0.38,1,muy baja,2026-10-05T18:06:10,mirova-archivo,1
2022-07-11T06:18:00,357070,Nevados de Chillan,VIIRS375,0.2765,0.53,1,muy baja,2026-10-05T18:06:10,mirova-archivo,1
2022-07-15T05:06:00,357070,Nevados de Chillan,VIIRS375,0.02903,0.00,1,muy baja,2026-10-05T18:06:10,mirova-archivo,1
2022-07-15T05:54:00,357070,Nevados de Chillan,VIIRS375,0.4935,0.53,1,muy baja,2026-10-05T18:06:10,mirova-archivo,1
2022-07-18T03:35:00,357070,Nevados de Chillan,MODIS,3.232,1.41,1,baja,2026-10-05T18:06:10,mirova-archivo,1
2022-07-18T05:00:00,357070,Nevados de Chillan,VIIRS375,0.8673,0.84,1,muy baja,2026-10-05T18:06:10,mirova-archivo,1
2022-07-18T05:48:00,357070,Nevados de Chillan,VIIRS375,0.8835,0.53,1,muy baja,2026-10-05T18:06:10,mirova-archivo,1
2022-07-18T06:36:00,357070,Nevados de Chillan,VIIRS375,0.2839,0.84,1,muy baja,2026-10-05T18:06:10,mirova-archivo,1
2022-07-19T04:42:00,357070,Nevados de Chillan,VIIRS375,0.3539,1.35,1,muy baja,2026-10-05T18:06:10,mirova-archivo,1
2022-07-19T05:30:00,357070,Nevados de Chillan,VIIRS375,0.8796,19.45,0,no volcanica,2026-10-05T18:06:10,mirova-archivo,0
2022-07-19T06:18:00,357070,Nevados de Chillan,VIIRS375,0.6035,0.84,1,muy baja,2026-10-05T18:06:10,mirova-archivo,1
2022-07-20T05:12:00,357070,Nevados de Chillan,VIIRS375,0.5644,0.38,1,muy baja,2026-10-05T18:06:10,mirova-archivo,1
2022-07-20T06:00:00,357070,Nevados de Chillan,VIIRS375,0.2766,0.53,1,muy baja,2026-10-05T18:06:10,mirova-archivo,1
2022-07-21T05:42:00,357070,Nevados de Chillan,VIIRS375,0.1398,1.35,1,muy baja,2026-10-05T18:06:10,mirova-archivo,1
2022-07-23T05:06:00,357070,Nevados de Chillan,VIIRS375,0.04656,0.38,1,muy baja,2026-10-05T18:06:10,mirova-archivo,1
2022-07-25T05:18:00,357070,Nevados de Chillan,VIIRS375,0.02585,0.00,1,muy baja,2026-10-05T18:06:10,mirova-archivo,1
2022-07-25T06:06:00,357070,Nevados de Chillan,VIIRS375,1.31,27.66,0,no volcanica,2026-10-05T18:06:10,mirova-archivo,0
2022-07-27T05:30:00,357070,Nevados de Chillan,VIIRS375,0.1687,0.38,1,muy baja,2026-10-05T18:06:10,mirova-archivo,1
2022-07-28T05:12:00,357070,Nevados de Chillan,VIIRS375,0.9919,1.06,1,muy baja,2026-10-05T18:06:10,mirova-archivo,1
2022-07-29T03:15:00,357070,Nevados de Chillan,MODIS,0.6145,0.00,1,muy baja,2026-10-05T18:06:10,mirova-archivo,1
2022-07-29T04:54:00,357070,Nevados de Chillan,VIIRS375,0.4782,0.84,1,muy baja,2026-10-05T18:06:10,mirova-archivo,1
2022-07-29T06:30:00,357070,Nevados de Chillan,VIIRS375,0.3868,0.84,1,muy baja,2026-10-05T18:06:10,mirova-archivo,1
2022-07-30T04:30:00,357070,Nevados de Chillan,VIIRS375,0.4988,2.02,1,muy baja,2026-10-05T18:06:10,mirova-archivo,1
2022-07-31T05:54:00,357070,Nevados de Chillan,VIIRS375,0.6714,0.53,1,muy baja,2026-10-05T18:06:10,mirova-archivo,1
2022-07-31T06:10:00,357070,Nevados de Chillan,MODIS,1.035,1.00,1,baja,2026-10-05T18:06:10,mirova-archivo,1
2022-08-02T05:18:00,357070,Nevados de Chillan,VIIRS375,0.6099,0.53,1,muy baja,2026-10-05T18:06:10,mirova-archivo,1
2022-08-03T03:35:00,357070,Nevados de Chillan,MODIS,0.4886,0.00,1,muy baja,2026-10-05T18:06:10,mirova-archivo,1
2022-08-03T05:00:00,357070,Nevados de Chillan,VIIRS375,2.028,20.12,0,no volcanica,2026-10-05T18:06:10,mirova-archivo,0
2022-08-03T06:36:00,357070,Nevados de Chillan,VIIRS375,1.573,1.35,1,baja,2026-10-05T18:06:10,mirova-archivo,1
2022-08-04T05:45:00,357070,Nevados de Chillan,MODIS,0.3258,0.00,1,muy baja,2026-10-05T18:06:10,mirova-archivo,1
2022-08-04T06:18:00,357070,Nevados de Chillan,VIIRS375,0.2686,0.75,1,muy baja,2026-10-05T18:06:10,mirova-archivo,1
2022-08-08T06:42:00,357070,Nevados de Chillan,VIIRS375,0.5716,0.84,1,muy baja,2026-10-05T18:06:10,mirova-archivo,1
2022-08-09T06:24:00,357070,Nevados de Chillan,VIIRS375,0.5378,0.84,1,muy baja,2026-10-05T18:06:10,mirova-archivo,1
2022-08-10T06:06:00,357070,Nevados de Chillan,VIIRS375,0.1131,0.75,1,muy baja,2026-10-05T18:06:10,mirova-archivo,1
2022-08-11T05:00:00,357070,Nevados de Chillan,VIIRS375,0.9936,0.84,1,muy baja,2026-10-05T18:06:10,mirova-archivo,1
2022-08-11T05:48:00,357070,Nevados de Chillan,VIIRS375,0.4504,0.53,1,muy baja,2026-10-05T18:06:10,mirova-archivo,1
2022-08-12T05:30:00,357070,Nevados de Chillan,VIIRS375,0.1238,0.53,1,muy baja,2026-10-05T18:06:10,mirova-archivo,1
2022-08-12T06:18:00,357070,Nevados de Chillan,VIIRS375,0.04188,0.38,1,muy baja,2026-10-05T18:06:10,mirova-archivo,1
2022-08-16T05:54:00,357070,Nevados de Chillan,VIIRS375,0.142,14.87,0,no volcanica,2026-10-05T18:06:10,mirova-archivo,0
2022-08-18T05:18:00,357070,Nevados de Chillan,VIIRS375,0.4998,0.53,1,muy baja,2026-10-05T18:06:10,mirova-archivo,1
2022-08-18T06:06:00,357070,Nevados de Chillan,VIIRS375,0.195,0.53,1,muy baja,2026-10-05T18:06:10,mirova-archivo,1
2022-08-19T05:48:00,357070,Nevados de Chillan,VIIRS375,0.6828,0.53,1,muy baja,2026-10-05T18:06:10,mirova-archivo,1
2022-08-19T06:36:00,357070,Nevados de Chillan,VIIRS375,0.1406,0.84,1,muy baja,2026-10-05T18:06:10,mirova-archivo,1
2022-08-20T04:36:00,357070,Nevados de Chillan,VIIRS375,0.1812,1.68,1,muy baja,2026-10-05T18:06:10,mirova-archivo,1
2022-08-20T05:30:00,357070,Nevados de Chillan,VIIRS375,1.283,1.91,1,baja,2026-10-05T18:06:10,mirova-archivo,1
2022-08-20T06:18:00,357070,Nevados de Chillan,VIIRS375,1.995,0.84,1,baja,2026-10-05T18:06:10,mirova-archivo,1
2022-08-21T05:12:00,357070,Nevados de Chillan,VIIRS375,2.654,0.38,1,baja,2026-10-05T18:06:10,mirova-archivo,1
2022-08-21T06:00:00,357070,Nevados de Chillan,VIIRS375,1.026,0.53,1,baja,2026-10-05T18:06:10,mirova-archivo,1
2022-08-22T04:54:00,357070,Nevados de Chillan,VIIRS375,0.872,1.06,1,muy baja,2026-10-05T18:06:10,mirova-archivo,1
2022-08-22T05:42:00,357070,Nevados de Chillan,VIIRS375,0.7606,0.53,1,muy baja,2026-10-05T18:06:10,mirova-archivo,1
2022-08-22T06:30:00,357070,Nevados de Chillan,VIIRS375,1.095,1.19,1,baja,2026-10-05T18:06:10,mirova-archivo,1
2022-08-23T05:24:00,357070,Nevados de Chillan,VIIRS375,0.7406,0.38,1,muy baja,2026-10-05T18:06:10,mirova-archivo,1
2022-08-23T06:12:00,357070,Nevados de Chillan,VIIRS375,0.2663,1.06,1,muy baja,2026-10-05T18:06:10,mirova-archivo,1
2022-08-24T05:06:00,357070,Nevados de Chillan,VIIRS375,1.273,1.35,1,baja,2026-10-05T18:06:10,mirova-archivo,1
2022-08-24T05:54:00,357070,Nevados de Chillan,VIIRS375,0.4046,0.53,1,muy baja,2026-10-05T18:06:10,mirova-archivo,1
2022-08-24T06:42:00,357070,Nevados de Chillan,VIIRS375,1.348,1.06,1,baja,2026-10-05T18:06:10,mirova-archivo,1
2022-08-25T04:48:00,357070,Nevados de Chillan,VIIRS375,0.06554,0.75,1,muy baja,2026-10-05T18:06:10,mirova-archivo,1
2022-08-25T05:36:00,357070,Nevados de Chillan,VIIRS375,1.281,0.84,1,baja,2026-10-05T18:06:10,mirova-archivo,1
2022-08-25T06:00:00,357070,Nevados de Chillan,MODIS,0.3616,0.00,1,muy baja,2026-10-05T18:06:10,mirova-archivo,1
2022-08-25T06:24:00,357070,Nevados de Chillan,VIIRS375,0.2018,0.84,1,muy baja,2026-10-05T18:06:10,mirova-archivo,1
2022-08-26T05:18:00,357070,Nevados de Chillan,VIIRS375,1.229,0.84,1,baja,2026-10-05T18:06:10,mirova-archivo,1
2022-08-26T06:06:00,357070,Nevados de Chillan,VIIRS375,0.4128,0.53,1,muy baja,2026-10-05T18:06:10,mirova-archivo,1
2022-08-27T05:00:00,357070,Nevados de Chillan,VIIRS375,0.827,0.53,1,muy baja,2026-10-05T18:06:10,mirova-archivo,1
2022-08-27T05:48:00,357070,Nevados de Chillan,VIIRS375,0.4145,0.53,1,muy baja,2026-10-05T18:06:10,mirova-archivo,1
2022-08-28T04:42:00,357070,Nevados de Chillan,VIIRS375,0.3976,1.59,1,muy baja,2026-10-05T18:06:10,mirova-archivo,1
2022-08-28T05:30:00,357070,Nevados de Chillan,VIIRS375,1.157,0.53,1,baja,2026-10-05T18:06:10,mirova-archivo,1
2022-08-28T06:18:00,357070,Nevados de Chillan,VIIRS375,0.9015,0.84,1,muy baja,2026-10-05T18:06:10,mirova-archivo,1
2022-08-28T06:30:00,357070,Nevados de Chillan,MODIS,0.554,2.24,1,muy baja,2026-10-05T18:06:10,mirova-archivo,1
2022-08-29T05:12:00,357070,Nevados de Chillan,VIIRS375,1.212,0.53,1,baja,2026-10-05T18:06:10,mirova-archivo,1
2022-08-29T06:00:00,357070,Nevados de Chillan,VIIRS375,0.6801,0.84,1,muy baja,2026-10-05T18:06:10,mirova-archivo,1
2022-08-30T03:15:00,357070,Nevados de Chillan,MODIS,1.632,1.00,1,baja,2026-10-05T18:06:10,mirova-archivo,1
2022-08-30T04:54:00,357070,Nevados de Chillan,VIIRS750,6.327,1.68,1,baja,2026-10-05T18:06:10,mirova-archivo,1
2022-08-30T05:42:00,357070,Nevados de Chillan,VIIRS375,3.201,0.84,1,baja,2026-10-05T18:06:10,mirova-archivo,1
2022-08-30T06:15:00,357070,Nevados de Chillan,MODIS,2.125,1.41,1,baja,2026-10-05T18:06:10,mirova-archivo,1
2022-08-30T06:30:00,357070,Nevados de Chillan,VIIRS375,1.952,1.06,1,baja,2026-10-05T18:06:10,mirova-archivo,1
2022-08-31T05:24:00,357070,Nevados de Chillan,VIIRS375,0.1706,0.38,1,muy baja,2026-10-05T18:06:10,mirova-archivo,1
2022-08-31T06:12:00,357070,Nevados de Chillan,VIIRS375,0.2061,0.53,1,muy baja,2026-10-05T18:06:10,mirova-archivo,1
2022-09-01T05:06:00,357070,Nevados de Chillan,VIIRS750,6.307,1.68,1,baja,2026-10-05T18:06:10,mirova-archivo,1
2022-09-01T05:54:00,357070,Nevados de Chillan,VIIRS375,0.4114,0.53,1,muy baja,2026-10-05T18:06:10,mirova-archivo,1
2022-09-02T04:48:00,357070,Nevados de Chillan,VIIRS375,0.986,1.55,1,muy baja,2026-10-05T18:06:10,mirova-archivo,1
2022-09-02T05:36:00,357070,Nevados de Chillan,VIIRS375,0.5912,0.53,1,muy baja,2026-10-05T18:06:10,mirova-archivo,1
2022-09-02T06:24:00,357070,Nevados de Chillan,VIIRS375,1.466,0.84,1,baja,2026-10-05T18:06:10,mirova-archivo,1
2022-09-03T05:18:00,357070,Nevados de Chillan,VIIRS375,0.5964,0.38,1,muy baja,2026-10-05T18:06:10,mirova-archivo,1
2022-09-03T06:06:00,357070,Nevados de Chillan,VIIRS375,0.4959,0.53,1,muy baja,2026-10-05T18:06:10,mirova-archivo,1
2022-09-04T05:00:00,357070,Nevados de Chillan,VIIRS375,0.4403,1.06,1,muy baja,2026-10-05T18:06:10,mirova-archivo,1
2022-09-04T05:48:00,357070,Nevados de Chillan,VIIRS375,2.141,0.84,1,baja,2026-10-05T18:06:10,mirova-archivo,1
2022-09-04T06:36:00,357070,Nevados de Chillan,VIIRS375,0.6578,0.84,1,muy baja,2026-10-05T18:06:10,mirova-archivo,1
2022-09-05T04:36:00,357070,Nevados de Chillan,VIIRS375,0.0677,1.55,1,muy baja,2026-10-05T18:06:10,mirova-archivo,1
2022-09-05T05:30:00,357070,Nevados de Chillan,VIIRS375,1.478,0.53,1,baja,2026-10-05T18:06:10,mirova-archivo,1
2022-09-05T06:18:00,357070,Nevados de Chillan,VIIRS375,0.2865,0.84,1,muy baja,2026-10-05T18:06:10,mirova-archivo,1
2022-09-06T05:12:00,357070,Nevados de Chillan,VIIRS375,0.5065,0.53,1,muy baja,2026-10-05T18:06:10,mirova-archivo,1
2022-09-06T06:00:00,357070,Nevados de Chillan,VIIRS375,0.5043,0.38,1,muy baja,2026-10-05T18:06:10,mirova-archivo,1
2022-09-07T04:54:00,357070,Nevados de Chillan,VIIRS375,0.07212,0.75,1,muy baja,2026-10-05T18:06:10,mirova-archivo,1
2022-09-07T05:42:00,357070,Nevados de Chillan,VIIRS375,0.2489,0.53,1,muy baja,2026-10-05T18:06:10,mirova-archivo,1
2022-09-08T06:12:00,357070,Nevados de Chillan,VIIRS375,0.1534,21.22,0,no volcanica,2026-10-05T18:06:10,mirova-archivo,0
2022-09-09T05:06:00,357070,Nevados de Chillan,VIIRS375,0.2018,0.84,1,muy baja,2026-10-05T18:06:10,mirova-archivo,1
2022-09-09T05:54:00,357070,Nevados de Chillan,VIIRS375,0.7158,0.53,1,muy baja,2026-10-05T18:06:10,mirova-archivo,1
2022-09-09T06:42:00,357070,Nevados de Chillan,VIIRS375,1.239,2.02,1,baja,2026-10-05T18:06:10,mirova-archivo,1
2022-09-10T02:55:00,357070,Nevados de Chillan,MODIS,0.4288,1.00,1,muy baja,2026-10-05T18:06:10,mirova-archivo,1
2022-09-10T04:48:00,357070,Nevados de Chillan,VIIRS375,1.813,1.68,1,baja,2026-10-05T18:06:10,mirova-archivo,1
2022-09-10T05:36:00,357070,Nevados de Chillan,VIIRS375,0.7482,0.53,1,muy baja,2026-10-05T18:06:10,mirova-archivo,1
2022-09-10T06:24:00,357070,Nevados de Chillan,VIIRS375,0.1822,0.75,1,muy baja,2026-10-05T18:06:10,mirova-archivo,1
2022-09-11T05:18:00,357070,Nevados de Chillan,VIIRS375,0.9891,0.53,1,muy baja,2026-10-05T18:06:10,mirova-archivo,1
2022-09-11T06:06:00,357070,Nevados de Chillan,VIIRS375,0.2871,0.53,1,muy baja,2026-10-05T18:06:10,mirova-archivo,1
2022-09-12T05:00:00,357070,Nevados de Chillan,VIIRS375,0.831,0.84,1,muy baja,2026-10-05T18:06:10,mirova-archivo,1
2022-09-12T05:48:00,357070,Nevados de Chillan,VIIRS375,0.7133,1.88,1,muy baja,2026-10-05T18:06:10,mirova-archivo,1
2022-09-12T06:42:00,357070,Nevados de Chillan,VIIRS375,0.1168,1.12,1,muy baja,2026-10-05T18:06:10,mirova-archivo,1
2022-09-13T05:30:00,357070,Nevados de Chillan,VIIRS375,1.449,0.53,1,baja,2026-10-05T18:06:10,mirova-archivo,1
2022-09-13T06:18:00,357070,Nevados de Chillan,VIIRS375,0.2101,1.06,1,muy baja,2026-10-05T18:06:10,mirova-archivo,1
2022-09-14T05:12:00,357070,Nevados de Chillan,VIIRS375,0.4683,0.84,1,muy baja,2026-10-05T18:06:10,mirova-archivo,1
2022-09-14T06:00:00,357070,Nevados de Chillan,VIIRS375,0.5044,0.84,1,muy baja,2026-10-05T18:06:10,mirova-archivo,1
2022-09-15T04:54:00,357070,Nevados de Chillan,VIIRS375,0.4989,0.84,1,muy baja,2026-10-05T18:06:10,mirova-archivo,1
2022-09-15T05:42:00,357070,Nevados de Chillan,VIIRS375,0.4696,0.53,1,muy baja,2026-10-05T18:06:10,mirova-archivo,1
2022-09-15T06:30:00,357070,Nevados de Chillan,VIIRS375,0.16,0.53,1,muy baja,2026-10-05T18:06:10,mirova-archivo,1
2022-09-16T05:24:00,357070,Nevados de Chillan,VIIRS375,0.01841,0.00,1,muy baja,2026-10-05T18:06:10,mirova-archivo,1
2022-09-16T06:12:00,357070,Nevados de Chillan,VIIRS375,0.05071,0.53,1,muy baja,2026-10-05T18:06:10,mirova-archivo,1
2022-09-17T05:06:00,357070,Nevados de Chillan,VIIRS375,0.6354,0.84,1,muy baja,2026-10-05T18:06:10,mirova-archivo,1
2022-09-17T05:54:00,357070,Nevados de Chillan,VIIRS375,0.3682,0.53,1,muy baja,2026-10-05T18:06:10,mirova-archivo,1
2022-09-19T05:18:00,357070,Nevados de Chillan,VIIRS750,8.533,1.06,1,baja,2026-10-05T18:06:10,mirova-archivo,1
2022-09-19T05:45:00,357070,Nevados de Chillan,MODIS,7.971,1.41,1,baja,2026-10-05T18:06:10,mirova-archivo,1
2022-09-19T06:06:00,357070,Nevados de Chillan,VIIRS375,4.262,0.84,1,baja,2026-10-05T18:06:10,mirova-archivo,1
2022-09-20T03:30:00,357070,Nevados de Chillan,MODIS,1.438,1.41,1,baja,2026-10-05T18:06:10,mirova-archivo,1
2022-09-20T05:00:00,357070,Nevados de Chillan,VIIRS375,2.216,1.06,1,baja,2026-10-05T18:06:10,mirova-archivo,1
2022-09-20T05:48:00,357070,Nevados de Chillan,VIIRS375,2.456,0.84,1,baja,2026-10-05T18:06:10,mirova-archivo,1
2022-09-20T06:36:00,357070,Nevados de Chillan,VIIRS375,0.4831,0.84,1,muy baja,2026-10-05T18:06:10,mirova-archivo,1
2022-09-22T18:15:00,357070,Nevados de Chillan,MODIS,6.584,25.50,0,no volcanica,2026-10-05T18:06:10,mirova-archivo,0
2022-09-23T04:54:00,357070,Nevados de Chillan,VIIRS375,0.0314,0.84,1,muy baja,2026-10-05T18:06:10,mirova-archivo,1
2022-09-23T05:42:00,357070,Nevados de Chillan,VIIRS375,0.3598,20.00,0,no volcanica,2026-10-05T18:06:10,mirova-archivo,0
2022-09-24T06:12:00,357070,Nevados de Chillan,VIIRS375,0.1722,0.84,1,muy baja,2026-10-05T18:06:10,mirova-archivo,1
2022-09-25T05:54:00,357070,Nevados de Chillan,VIIRS375,0.05696,0.53,1,muy baja,2026-10-05T18:06:10,mirova-archivo,1
2022-09-26T04:48:00,357070,Nevados de Chillan,VIIRS375,0.1047,1.19,1,muy baja,2026-10-05T18:06:10,mirova-archivo,1
2022-09-26T05:36:00,357070,Nevados de Chillan,VIIRS375,0.1894,0.53,1,muy baja,2026-10-05T18:06:10,mirova-archivo,1
2022-09-26T06:24:00,357070,Nevados de Chillan,VIIRS375,0.1247,0.53,1,muy baja,2026-10-05T18:06:10,mirova-archivo,1
2022-09-27T05:18:00,357070,Nevados de Chillan,VIIRS375,0.913,0.75,1,muy baja,2026-10-05T18:06:10,mirova-archivo,1
2022-09-27T06:06:00,357070,Nevados de Chillan,VIIRS375,0.4846,0.75,1,muy baja,2026-10-05T18:06:10,mirova-archivo,1
2022-09-28T05:00:00,357070,Nevados de Chillan,VIIRS375,2.153,11.64,0,no volcanica,2026-10-05T18:06:10,mirova-archivo,0
2022-09-28T05:48:00,357070,Nevados de Chillan,VIIRS375,0.69,0.53,1,muy baja,2026-10-05T18:06:10,mirova-archivo,1
2022-09-28T06:42:00,357070,Nevados de Chillan,VIIRS375,0.5863,0.84,1,muy baja,2026-10-05T18:06:10,mirova-archivo,1
2022-09-29T05:30:00,357070,Nevados de Chillan,VIIRS375,0.359,0.53,1,muy baja,2026-10-05T18:06:10,mirova-archivo,1
2022-09-29T06:18:00,357070,Nevados de Chillan,VIIRS375,0.6139,1.12,1,muy baja,2026-10-05T18:06:10,mirova-archivo,1
2022-09-30T05:12:00,357070,Nevados de Chillan,VIIRS375,0.6478,0.53,1,muy baja,2026-10-05T18:06:10,mirova-archivo,1
2022-09-30T06:00:00,357070,Nevados de Chillan,VIIRS375,1.306,1.06,1,baja,2026-10-05T18:06:10,mirova-archivo,1
2022-10-01T03:15:00,357070,Nevados de Chillan,MODIS,5.243,25.81,0,no volcanica,2026-10-05T18:06:10,mirova-archivo,0
2022-10-01T05:42:00,357070,Nevados de Chillan,VIIRS375,0.4159,25.43,0,no volcanica,2026-10-05T18:06:10,mirova-archivo,0
2022-10-02T06:12:00,357070,Nevados de Chillan,VIIRS375,0.2188,0.53,1,muy baja,2026-10-05T18:06:10,mirova-archivo,1
2022-10-03T03:00:00,357070,Nevados de Chillan,MODIS,2.734,2.00,1,baja,2026-10-05T18:06:10,mirova-archivo,1
2022-10-03T05:06:00,357070,Nevados de Chillan,VIIRS375,3.25,1.06,1,baja,2026-10-05T18:06:10,mirova-archivo,1
2022-10-03T05:54:00,357070,Nevados de Chillan,VIIRS375,1.19,0.53,1,baja,2026-10-05T18:06:10,mirova-archivo,1
2022-10-03T06:48:00,357070,Nevados de Chillan,VIIRS375,0.7432,0.84,1,muy baja,2026-10-05T18:06:10,mirova-archivo,1
2022-10-04T03:45:00,357070,Nevados de Chillan,MODIS,1.35,1.00,1,baja,2026-10-05T18:06:10,mirova-archivo,1
2022-10-04T04:48:00,357070,Nevados de Chillan,VIIRS375,0.08677,1.19,1,muy baja,2026-10-05T18:06:10,mirova-archivo,1
2022-10-05T05:18:00,357070,Nevados de Chillan,VIIRS375,0.7687,0.38,1,muy baja,2026-10-05T18:06:10,mirova-archivo,1
2022-10-05T06:06:00,357070,Nevados de Chillan,VIIRS375,0.9357,0.84,1,muy baja,2026-10-05T18:06:10,mirova-archivo,1
2022-10-08T06:00:00,357070,Nevados de Chillan,VIIRS375,0.1085,0.53,1,muy baja,2026-10-05T18:06:10,mirova-archivo,1
2022-10-09T04:00:00,357070,Nevados de Chillan,MODIS,1.416,1.41,1,baja,2026-10-05T18:06:10,mirova-archivo,1
2022-10-09T04:54:00,357070,Nevados de Chillan,VIIRS750,6.973,1.68,1,baja,2026-10-05T18:06:10,mirova-archivo,1
2022-10-09T05:15:00,357070,Nevados de Chillan,MODIS,0.3946,1.41,1,muy baja,2026-10-05T18:06:10,mirova-archivo,1
2022-10-09T05:42:00,357070,Nevados de Chillan,VIIRS375,3.663,0.84,1,baja,2026-10-05T18:06:10,mirova-archivo,1
2022-10-10T03:05:00,357070,Nevados de Chillan,MODIS,12.82,2.24,1,moderada,2026-10-05T18:06:10,mirova-archivo,1
2022-10-10T04:36:00,357070,Nevados de Chillan,VIIRS375,7.432,2.52,1,baja,2026-10-05T18:06:10,mirova-archivo,1
2022-10-10T05:24:00,357070,Nevados de Chillan,VIIRS750,7.175,1.06,1,baja,2026-10-05T18:06:10,mirova-archivo,1
2022-10-10T06:00:00,357070,Nevados de Chillan,MODIS,6.882,1.00,1,baja,2026-10-05T18:06:10,mirova-archivo,1
2022-10-10T06:12:00,357070,Nevados de Chillan,VIIRS375,4.459,0.84,1,baja,2026-10-05T18:06:10,mirova-archivo,1
2022-10-11T05:06:00,357070,Nevados de Chillan,VIIRS375,1.391,0.84,1,baja,2026-10-05T18:06:10,mirova-archivo,1
2022-10-11T05:54:00,357070,Nevados de Chillan,VIIRS375,0.9173,0.53,1,muy baja,2026-10-05T18:06:10,mirova-archivo,1
2022-10-11T06:42:00,357070,Nevados de Chillan,VIIRS375,0.691,1.35,1,muy baja,2026-10-05T18:06:10,mirova-archivo,1
2022-10-12T05:36:00,357070,Nevados de Chillan,VIIRS375,0.2015,0.53,1,muy baja,2026-10-05T18:06:10,mirova-archivo,1
2022-10-12T06:24:00,357070,Nevados de Chillan,VIIRS375,0.1359,0.53,1,muy baja,2026-10-05T18:06:10,mirova-archivo,1
2022-10-13T05:18:00,357070,Nevados de Chillan,VIIRS375,0.828,0.38,1,muy baja,2026-10-05T18:06:10,mirova-archivo,1
2022-10-13T06:06:00,357070,Nevados de Chillan,VIIRS750,32.97,1.50,1,moderada,2026-10-05T18:06:10,mirova-archivo,1
2022-10-13T06:30:00,357070,Nevados de Chillan,MODIS,21.79,2.24,1,moderada,2026-10-05T18:06:10,mirova-archivo,1
2022-10-14T05:00:00,357070,Nevados de Chillan,VIIRS375,4.131,1.06,1,baja,2026-10-05T18:06:10,mirova-archivo,1
2022-10-14T05:48:00,357070,Nevados de Chillan,VIIRS750,5.033,1.06,1,baja,2026-10-05T18:06:10,mirova-archivo,1
2022-10-14T06:42:00,357070,Nevados de Chillan,VIIRS375,2.622,1.50,1,baja,2026-10-05T18:06:10,mirova-archivo,1
2022-10-15T04:42:00,357070,Nevados de Chillan,VIIRS375,0.6313,2.02,1,muy baja,2026-10-05T18:06:10,mirova-archivo,1
2022-10-15T05:30:00,357070,Nevados de Chillan,VIIRS375,1.049,0.53,1,baja,2026-10-05T18:06:10,mirova-archivo,1
2022-10-15T06:15:00,357070,Nevados de Chillan,MODIS,1.989,1.41,1,baja,2026-10-05T18:06:10,mirova-archivo,1
2022-10-15T06:18:00,357070,Nevados de Chillan,VIIRS375,1.862,1.19,1,baja,2026-10-05T18:06:10,mirova-archivo,1
2022-10-16T05:12:00,357070,Nevados de Chillan,VIIRS750,5.082,1.06,1,baja,2026-10-05T18:06:10,mirova-archivo,1
2022-10-16T05:20:00,357070,Nevados de Chillan,MODIS,3.301,2.24,1,baja,2026-10-05T18:06:10,mirova-archivo,1
2022-10-16T06:00:00,357070,Nevados de Chillan,VIIRS750,5.014,1.06,1,baja,2026-10-05T18:06:10,mirova-archivo,1
2022-10-16T19:12:00,357070,Nevados de Chillan,VIIRS750,266.3,1.68,1,alta,2026-10-05T18:06:10,mirova-archivo,1
2022-10-17T04:54:00,357070,Nevados de Chillan,VIIRS375,3.165,1.35,1,baja,2026-10-05T18:06:10,mirova-archivo,1
2022-10-17T05:42:00,357070,Nevados de Chillan,VIIRS375,2.863,0.53,1,baja,2026-10-05T18:06:10,mirova-archivo,1
2022-10-17T06:00:00,357070,Nevados de Chillan,MODIS,3.248,1.00,1,baja,2026-10-05T18:06:10,mirova-archivo,1
2022-10-17T06:30:00,357070,Nevados de Chillan,VIIRS375,3.039,1.06,1,baja,2026-10-05T18:06:10,mirova-archivo,1
2022-10-18T05:24:00,357070,Nevados de Chillan,VIIRS375,0.1741,0.38,1,muy baja,2026-10-05T18:06:10,mirova-archivo,1
2022-10-18T06:12:00,357070,Nevados de Chillan,VIIRS375,0.3919,0.84,1,muy baja,2026-10-05T18:06:10,mirova-archivo,1
2022-10-19T05:06:00,357070,Nevados de Chillan,VIIRS375,0.9026,0.38,1,muy baja,2026-10-05T18:06:10,mirova-archivo,1
2022-10-19T05:54:00,357070,Nevados de Chillan,VIIRS375,1.024,0.53,1,baja,2026-10-05T18:06:10,mirova-archivo,1
2022-10-19T06:48:00,357070,Nevados de Chillan,VIIRS375,0.9924,0.84,1,muy baja,2026-10-05T18:06:10,mirova-archivo,1
2022-10-20T04:48:00,357070,Nevados de Chillan,VIIRS375,0.06694,0.84,1,muy baja,2026-10-05T18:06:10,mirova-archivo,1
2022-10-20T05:36:00,357070,Nevados de Chillan,VIIRS375,0.2951,0.38,1,muy baja,2026-10-05T18:06:10,mirova-archivo,1
2022-10-22T05:00:00,357070,Nevados de Chillan,VIIRS375,0.3124,1.06,1,muy baja,2026-10-05T18:06:10,mirova-archivo,1
2022-10-22T05:48:00,357070,Nevados de Chillan,VIIRS375,0.2799,0.53,1,muy baja,2026-10-05T18:06:10,mirova-archivo,1
2022-10-22T06:36:00,357070,Nevados de Chillan,VIIRS375,0.3864,0.75,1,muy baja,2026-10-05T18:06:10,mirova-archivo,1
2022-10-23T05:30:00,357070,Nevados de Chillan,VIIRS375,0.0349,0.00,1,muy baja,2026-10-05T18:06:10,mirova-archivo,1
2022-10-23T06:18:00,357070,Nevados de Chillan,VIIRS375,0.08381,0.53,1,muy baja,2026-10-05T18:06:10,mirova-archivo,1
2022-10-24T05:12:00,357070,Nevados de Chillan,VIIRS375,0.05259,0.38,1,muy baja,2026-10-05T18:06:10,mirova-archivo,1
2022-10-24T06:00:00,357070,Nevados de Chillan,VIIRS375,0.1606,0.38,1,muy baja,2026-10-05T18:06:10,mirova-archivo,1
2022-10-25T05:42:00,357070,Nevados de Chillan,VIIRS375,0.07929,0.00,1,muy baja,2026-10-05T18:06:10,mirova-archivo,1
2022-11-04T05:54:00,357070,Nevados de Chillan,VIIRS375,0.06765,0.00,1,muy baja,2026-10-05T18:06:10,mirova-archivo,1
2022-11-15T05:48:00,357070,Nevados de Chillan,VIIRS375,0.07433,0.00,1,muy baja,2026-10-05T18:06:10,mirova-archivo,1
2022-11-16T05:30:00,357070,Nevados de Chillan,VIIRS375,0.06461,0.00,1,muy baja,2026-10-05T18:06:10,mirova-archivo,1
2022-11-17T06:00:00,357070,Nevados de Chillan,VIIRS375,0.02431,0.00,1,muy baja,2026-10-05T18:06:10,mirova-archivo,1
2022-11-19T06:12:00,357070,Nevados de Chillan,VIIRS375,0.05485,0.53,1,muy baja,2026-10-05T18:06:10,mirova-archivo,1
2022-11-21T05:36:00,357070,Nevados de Chillan,VIIRS375,0.06828,0.00,1,muy baja,2026-10-05T18:06:10,mirova-archivo,1
2022-11-21T06:24:00,357070,Nevados de Chillan,VIIRS375,0.1473,0.53,1,muy baja,2026-10-05T18:06:10,mirova-archivo,1
2022-11-22T05:18:00,357070,Nevados de Chillan,VIIRS375,0.1015,0.38,1,muy baja,2026-10-05T18:06:10,mirova-archivo,1
2022-11-25T06:00:00,357070,Nevados de Chillan,VIIRS375,0.4077,12.05,0,no volcanica,2026-10-05T18:06:10,mirova-archivo,0
2022-12-01T05:00:00,357070,Nevados de Chillan,VIIRS375,0.1156,0.53,1,muy baja,2026-10-05T18:06:10,mirova-archivo,1
2022-12-01T05:48:00,357070,Nevados de Chillan,VIIRS375,0.04583,0.00,1,muy baja,2026-10-05T18:06:10,mirova-archivo,1
2022-12-03T05:12:00,357070,Nevados de Chillan,VIIRS375,0.05584,0.53,1,muy baja,2026-10-05T18:06:10,mirova-archivo,1
2022-12-09T05:48:00,357070,Nevados de Chillan,VIIRS375,0.5318,17.24,0,no volcanica,2026-10-05T18:06:10,mirova-archivo,0
2022-12-17T05:48:00,357070,Nevados de Chillan,VIIRS375,0.05282,0.00,1,muy baja,2026-10-05T18:06:10,mirova-archivo,1
2023-01-08T05:36:00,357070,Nevados de Chillan,VIIRS375,0.05422,0.00,1,muy baja,2026-10-05T18:06:10,mirova-archivo,1
2023-01-13T05:42:00,357070,Nevados de Chillan,VIIRS375,0.05809,0.00,1,muy baja,2026-10-05T18:06:10,mirova-archivo,1
2023-01-25T05:18:00,357070,Nevados de Chillan,VIIRS375,0.3172,15.60,0,no volcanica,2026-10-05T18:06:10,mirova-archivo,0
2023-01-27T18:42:00,357070,Nevados de Chillan,VIIRS750,105.9,25.63,0,no volcanica,2026-10-05T18:06:10,mirova-archivo,0
2023-01-28T05:12:00,357070,Nevados de Chillan,VIIRS375,1.333,1.68,1,baja,2026-10-05T18:06:10,mirova-archivo,1
2023-01-29T05:42:00,357070,Nevados de Chillan,VIIRS375,2.612,6.42,0,no volcanica,2026-10-05T18:06:10,mirova-archivo,0
2023-02-01T05:36:00,357070,Nevados de Chillan,VIIRS375,0.08575,0.00,1,muy baja,2026-10-05T18:06:10,mirova-archivo,1
2023-02-04T05:30:00,357070,Nevados de Chillan,VIIRS375,0.3826,25.50,0,no volcanica,2026-10-05T18:06:10,mirova-archivo,0
2023-02-07T06:12:00,357070,Nevados de Chillan,VIIRS375,0.04353,0.38,1,muy baja,2026-10-05T18:06:10,mirova-archivo,1
2023-03-15T18:12:00,357070,Nevados de Chillan,VIIRS750,72.69,29.87,0,no volcanica,2026-10-05T18:06:10,mirova-archivo,0
2023-03-15T18:50:00,357070,Nevados de Chillan,MODIS,229.5,29.21,0,no volcanica,2026-10-05T18:06:10,mirova-archivo,0
2023-03-15T19:00:00,357070,Nevados de Chillan,VIIRS750,194.4,29.87,0,no volcanica,2026-10-05T18:06:10,mirova-archivo,0
2023-03-16T04:42:00,357070,Nevados de Chillan,VIIRS375,0.8481,29.48,0,no volcanica,2026-10-05T18:06:10,mirova-archivo,0
2023-03-16T05:30:00,357070,Nevados de Chillan,VIIRS375,3.006,29.48,0,no volcanica,2026-10-05T18:06:10,mirova-archivo,0
2023-04-02T05:12:00,357070,Nevados de Chillan,VIIRS375,0.2277,15.38,0,no volcanica,2026-10-05T18:06:10,mirova-archivo,0
2023-04-08T05:48:00,357070,Nevados de Chillan,VIIRS375,0.2733,19.40,0,no volcanica,2026-10-05T18:06:10,mirova-archivo,0
2023-04-10T05:12:00,357070,Nevados de Chillan,VIIRS375,0.6229,17.25,0,no volcanica,2026-10-05T18:06:10,mirova-archivo,0
2023-04-12T05:24:00,357070,Nevados de Chillan,VIIRS375,1.013,16.02,0,no volcanica,2026-10-05T18:06:10,mirova-archivo,0
2023-04-14T06:30:00,357070,Nevados de Chillan,VIIRS375,0.2131,24.76,0,no volcanica,2026-10-05T18:06:10,mirova-archivo,0
2023-04-15T06:12:00,357070,Nevados de Chillan,VIIRS375,0.03384,0.38,1,muy baja,2026-10-05T18:06:10,mirova-archivo,1
2023-04-18T05:12:00,357070,Nevados de Chillan,VIIRS375,0.0121,2.52,0,no volcanica,2026-10-05T18:06:10,mirova-archivo,0
2023-04-22T04:48:00,357070,Nevados de Chillan,VIIRS375,3.053,22.15,0,no volcanica,2026-10-05T18:06:10,mirova-archivo,0
2023-04-25T04:42:00,357070,Nevados de Chillan,VIIRS375,0.2646,18.29,0,no volcanica,2026-10-05T18:06:10,mirova-archivo,0
2023-04-26T06:00:00,357070,Nevados de Chillan,VIIRS375,0.7656,19.16,0,no volcanica,2026-10-05T18:06:10,mirova-archivo,0
2023-04-27T05:42:00,357070,Nevados de Chillan,VIIRS375,1.781,10.01,0,no volcanica,2026-10-05T18:06:10,mirova-archivo,0
2023-04-27T18:06:00,357070,Nevados de Chillan,VIIRS750,55.01,20.40,0,no volcanica,2026-10-05T18:06:10,mirova-archivo,0
2023-04-28T04:36:00,357070,Nevados de Chillan,VIIRS375,0.3689,9.64,0,no volcanica,2026-10-05T18:06:10,mirova-archivo,0
2023-05-05T05:42:00,357070,Nevados de Chillan,VIIRS375,0.05824,0.00,1,muy baja,2026-10-05T18:06:10,mirova-archivo,1
2023-05-14T19:24:00,357070,Nevados de Chillan,VIIRS750,137,19.09,0,no volcanica,2026-10-05T18:06:10,mirova-archivo,0
2023-05-15T05:06:00,357070,Nevados de Chillan,VIIRS375,3.988,18.75,0,no volcanica,2026-10-05T18:06:10,mirova-archivo,0
2023-05-15T05:54:00,357070,Nevados de Chillan,VIIRS375,1.249,9.91,0,no volcanica,2026-10-05T18:06:10,mirova-archivo,0
2023-05-18T05:48:00,357070,Nevados de Chillan,VIIRS375,0.08939,16.98,0,no volcanica,2026-10-05T18:06:10,mirova-archivo,0
2023-06-23T05:24:00,357070,Nevados de Chillan,VIIRS375,0.2869,21.56,0,no volcanica,2026-10-05T18:06:10,mirova-archivo,0
2023-06-27T05:48:00,357070,Nevados de Chillan,VIIRS375,0.1822,12.83,0,no volcanica,2026-10-05T18:06:10,mirova-archivo,0
2023-07-02T05:54:00,357070,Nevados de Chillan,VIIRS375,0.2795,25.15,0,no volcanica,2026-10-05T18:06:10,mirova-archivo,0
2023-07-13T06:42:00,357070,Nevados de Chillan,VIIRS375,0.2751,24.58,0,no volcanica,2026-10-05T18:06:10,mirova-archivo,0
2023-07-14T05:30:00,357070,Nevados de Chillan,VIIRS375,0.08858,2.19,0,no volcanica,2026-10-05T18:06:10,mirova-archivo,0
2023-07-21T05:48:00,357070,Nevados de Chillan,VIIRS375,0.03742,0.84,1,muy baja,2026-10-05T18:06:10,mirova-archivo,1
2023-07-28T05:18:00,357070,Nevados de Chillan,VIIRS375,1.17,10.67,0,no volcanica,2026-10-05T18:06:10,mirova-archivo,0
2023-08-21T06:06:00,357070,Nevados de Chillan,VIIRS375,0.2028,17.11,0,no volcanica,2026-10-05T18:06:10,mirova-archivo,0
2023-08-30T05:48:00,357070,Nevados de Chillan,VIIRS375,0.3518,10.88,0,no volcanica,2026-10-05T18:06:10,mirova-archivo,0
2023-09-07T05:48:00,357070,Nevados de Chillan,VIIRS375,0.1697,7.55,0,no volcanica,2026-10-05T18:06:10,mirova-archivo,0
2023-09-19T05:24:00,357070,Nevados de Chillan,VIIRS375,0.02179,0.00,1,muy baja,2026-10-05T18:06:10,mirova-archivo,1
2023-09-30T06:06:00,357070,Nevados de Chillan,VIIRS375,0.1241,26.84,0,no volcanica,2026-10-05T18:06:10,mirova-archivo,0
2023-10-09T05:00:00,357070,Nevados de Chillan,VIIRS375,0.588,12.53,0,no volcanica,2026-10-05T18:06:10,mirova-archivo,0
2023-10-09T05:48:00,357070,Nevados de Chillan,VIIRS375,0.05716,1.91,0,no volcanica,2026-10-05T18:06:10,mirova-archivo,0
2023-10-15T18:48:00,357070,Nevados de Chillan,VIIRS750,143.1,29.72,0,no volcanica,2026-10-05T18:06:10,mirova-archivo,0
2023-10-15T19:35:00,357070,Nevados de Chillan,MODIS,56.7,29.73,0,no volcanica,2026-10-05T18:06:10,mirova-archivo,0
2023-10-16T18:30:00,357070,Nevados de Chillan,VIIRS750,79.12,29.77,0,no volcanica,2026-10-05T18:06:10,mirova-archivo,0
2023-10-17T05:48:00,357070,Nevados de Chillan,VIIRS375,0.6646,29.77,0,no volcanica,2026-10-05T18:06:10,mirova-archivo,0
2023-10-17T06:36:00,357070,Nevados de Chillan,VIIRS375,0.2589,29.53,0,no volcanica,2026-10-05T18:06:10,mirova-archivo,0
2023-10-22T05:06:00,357070,Nevados de Chillan,VIIRS375,0.1612,15.38,0,no volcanica,2026-10-05T18:06:10,mirova-archivo,0
2023-10-24T05:18:00,357070,Nevados de Chillan,VIIRS375,0.312,10.08,0,no volcanica,2026-10-05T18:06:10,mirova-archivo,0
2023-10-24T06:06:00,357070,Nevados de Chillan,VIIRS375,0.05201,1.06,1,muy baja,2026-10-05T18:06:10,mirova-archivo,1
2023-11-09T05:18:00,357070,Nevados de Chillan,VIIRS375,0.4004,9.38,0,no volcanica,2026-10-05T18:06:10,mirova-archivo,0
2023-11-10T05:00:00,357070,Nevados de Chillan,VIIRS375,0.2268,23.67,0,no volcanica,2026-10-05T18:06:10,mirova-archivo,0
2023-11-13T05:42:00,357070,Nevados de Chillan,VIIRS375,0.05772,0.00,1,muy baja,2026-10-05T18:06:10,mirova-archivo,1
2023-12-12T05:48:00,357070,Nevados de Chillan,VIIRS375,0.1019,26.78,0,no volcanica,2026-10-05T18:06:10,mirova-archivo,0
2023-12-13T05:30:00,357070,Nevados de Chillan,VIIRS375,0.3549,17.64,0,no volcanica,2026-10-05T18:06:10,mirova-archivo,0
2023-12-16T05:24:00,357070,Nevados de Chillan,VIIRS375,0.244,28.40,0,no volcanica,2026-10-05T18:06:10,mirova-archivo,0
2023-12-17T05:54:00,357070,Nevados de Chillan,VIIRS375,0.05176,3.46,0,no volcanica,2026-10-05T18:06:10,mirova-archivo,0
2023-12-19T06:06:00,357070,Nevados de Chillan,VIIRS375,0.2896,17.25,0,no volcanica,2026-10-05T18:06:10,mirova-archivo,0
2023-12-30T05:12:00,357070,Nevados de Chillan,VIIRS375,0.8144,29.96,0,no volcanica,2026-10-05T18:06:10,mirova-archivo,0
2024-01-21T05:48:00,357070,Nevados de Chillan,VIIRS375,0.4328,5.10,0,no volcanica,2026-10-05T18:06:10,mirova-archivo,0
2024-02-05T05:18:00,357070,Nevados de Chillan,VIIRS375,0.6814,10.93,0,no volcanica,2026-10-05T18:06:10,mirova-archivo,0
2024-02-10T05:24:00,357070,Nevados de Chillan,VIIRS375,0.3216,23.03,0,no volcanica,2026-10-05T18:06:10,mirova-archivo,0
2024-03-06T05:54:00,357070,Nevados de Chillan,VIIRS375,0.04705,3.23,0,no volcanica,2026-10-05T18:06:10,mirova-archivo,0
2024-03-16T05:18:00,357070,Nevados de Chillan,VIIRS375,0.2257,15.56,0,no volcanica,2026-10-05T18:06:10,mirova-archivo,0
2024-03-18T04:42:00,357070,Nevados de Chillan,VIIRS375,1.638,9.40,0,no volcanica,2026-10-05T18:06:10,mirova-archivo,0
2024-03-18T05:30:00,357070,Nevados de Chillan,VIIRS375,2.661,10.13,0,no volcanica,2026-10-05T18:06:10,mirova-archivo,0
2024-04-01T05:00:00,357070,Nevados de Chillan,VIIRS375,0.3785,6.39,0,no volcanica,2026-10-05T18:06:10,mirova-archivo,0
2024-04-18T04:36:00,357070,Nevados de Chillan,VIIRS375,0.02541,2.65,0,no volcanica,2026-10-05T18:06:10,mirova-archivo,0
2024-04-21T05:18:00,357070,Nevados de Chillan,VIIRS375,0.3786,9.02,0,no volcanica,2026-10-05T18:06:10,mirova-archivo,0
2024-04-23T05:54:00,357070,Nevados de Chillan,VIIRS375,0.7863,19.59,0,no volcanica,2026-10-05T18:06:10,mirova-archivo,0
2024-04-25T05:42:00,357070,Nevados de Chillan,VIIRS375,0.4317,15.02,0,no volcanica,2026-10-05T18:06:10,mirova-archivo,0
2024-05-09T05:54:00,357070,Nevados de Chillan,VIIRS375,0.2859,21.75,0,no volcanica,2026-10-05T18:06:10,mirova-archivo,0
2024-05-12T06:36:00,357070,Nevados de Chillan,VIIRS375,0.3084,28.23,0,no volcanica,2026-10-05T18:06:10,mirova-archivo,0
2024-05-23T04:54:00,357070,Nevados de Chillan,VIIRS375,0.4135,20.71,0,no volcanica,2026-10-05T18:06:10,mirova-archivo,0
2024-05-23T05:18:00,357070,Nevados de Chillan,VIIRS375,0.1888,28.58,0,no volcanica,2026-10-05T18:06:10,mirova-archivo,0
2024-05-24T04:36:00,357070,Nevados de Chillan,VIIRS375,29.1,0.84,1,moderada,2026-10-05T18:06:10,mirova-archivo,1
2024-06-16T05:42:00,357070,Nevados de Chillan,VIIRS375,0.2743,16.75,0,no volcanica,2026-10-05T18:06:10,mirova-archivo,0
2024-07-05T05:12:00,357070,Nevados de Chillan,VIIRS375,0.2284,13.02,0,no volcanica,2026-10-05T18:06:10,mirova-archivo,0
2024-07-07T05:48:00,357070,Nevados de Chillan,VIIRS375,0.2584,8.10,0,no volcanica,2026-10-05T18:06:10,mirova-archivo,0
2024-07-10T05:18:00,357070,Nevados de Chillan,VIIRS375,1.05,20.41,0,no volcanica,2026-10-05T18:06:10,mirova-archivo,0
2024-07-31T05:24:00,357070,Nevados de Chillan,VIIRS375,0.1312,16.28,0,no volcanica,2026-10-05T18:06:10,mirova-archivo,0
2024-08-14T05:36:00,357070,Nevados de Chillan,VIIRS375,1.136,21.38,0,no volcanica,2026-10-05T18:06:10,mirova-archivo,0
2024-08-14T06:00:00,357070,Nevados de Chillan,VIIRS375,0.2572,20.50,0,no volcanica,2026-10-05T18:06:10,mirova-archivo,0
2024-08-27T04:54:00,357070,Nevados de Chillan,VIIRS375,0.2918,15.01,0,no volcanica,2026-10-05T18:06:10,mirova-archivo,0
2024-09-13T04:54:00,357070,Nevados de Chillan,VIIRS375,0.5358,23.85,0,no volcanica,2026-10-05T18:06:10,mirova-archivo,0
2024-09-14T06:18:00,357070,Nevados de Chillan,VIIRS375,0.3179,22.58,0,no volcanica,2026-10-05T18:06:10,mirova-archivo,0
2024-10-13T05:36:00,357070,Nevados de Chillan,VIIRS375,0.03448,0.00,1,muy baja,2026-10-05T18:06:10,mirova-archivo,1
2024-10-14T18:54:00,357070,Nevados de Chillan,VIIRS750,87.1,19.97,0,no volcanica,2026-10-05T18:06:10,mirova-archivo,0
2024-10-14T19:18:00,357070,Nevados de Chillan,VIIRS750,56.67,19.80,0,no volcanica,2026-10-05T18:06:10,mirova-archivo,0
2024-10-19T17:42:00,357070,Nevados de Chillan,VIIRS750,58.73,15.39,0,no volcanica,2026-10-05T18:06:10,mirova-archivo,0
2024-10-30T03:35:00,357070,Nevados de Chillan,MODIS,0.2481,1.41,0,no volcanica,2026-10-05T18:06:10,mirova-archivo,0
2024-11-25T05:06:00,357070,Nevados de Chillan,VIIRS375,0.7068,24.70,0,no volcanica,2026-10-05T18:06:10,mirova-archivo,0
2024-11-26T04:42:00,357070,Nevados de Chillan,VIIRS375,0.2694,23.64,0,no volcanica,2026-10-05T18:06:10,mirova-archivo,0
2024-12-07T04:42:00,357070,Nevados de Chillan,VIIRS375,1.518,24.74,0,no volcanica,2026-10-05T18:06:10,mirova-archivo,0
2024-12-08T06:00:00,357070,Nevados de Chillan,VIIRS375,0.3027,18.75,0,no volcanica,2026-10-05T18:06:10,mirova-archivo,0
2024-12-20T05:36:00,357070,Nevados de Chillan,VIIRS375,0.3334,28.65,0,no volcanica,2026-10-05T18:06:10,mirova-archivo,0
2024-12-21T05:18:00,357070,Nevados de Chillan,VIIRS375,0.5327,20.39,0,no volcanica,2026-10-05T18:06:10,mirova-archivo,0
2025-02-04T04:54:00,357070,Nevados de Chillan,VIIRS375,1.071,18.55,0,no volcanica,2026-10-05T18:06:10,mirova-archivo,0
2025-02-04T19:25:00,357070,Nevados de Chillan,MODIS,323.7,8.00,0,no volcanica,2026-10-05T18:06:10,mirova-archivo,0
2025-02-09T05:00:00,357070,Nevados de Chillan,VIIRS375,0.7247,15.23,0,no volcanica,2026-10-05T18:06:10,mirova-archivo,0
2025-02-14T17:30:00,357070,Nevados de Chillan,VIIRS750,243.6,20.01,0,fuera de radio,2026-10-05T18:06:10,mirova-archivo,1
2025-02-14T18:48:00,357070,Nevados de Chillan,VIIRS750,601.6,19.28,0,fuera de radio,2026-10-05T18:06:10,mirova-archivo,1
2025-02-14T19:12:00,357070,Nevados de Chillan,VIIRS750,515.5,19.28,0,fuera de radio,2026-10-05T18:06:10,mirova-archivo,1
2025-02-14T19:25:00,357070,Nevados de Chillan,MODIS,389,20.62,0,fuera de radio,2026-10-05T18:06:10,mirova-archivo,1
2025-02-15T04:48:00,357070,Nevados de Chillan,VIIRS750,13.37,18.97,0,fuera de radio,2026-10-05T18:06:10,mirova-archivo,1
2025-02-15T06:06:00,357070,Nevados de Chillan,VIIRS750,38.49,19.28,0,fuera de radio,2026-10-05T18:06:10,mirova-archivo,1
2025-02-15T06:30:00,357070,Nevados de Chillan,MODIS,28.66,18.97,0,fuera de radio,2026-10-05T18:06:10,mirova-archivo,1
2025-02-15T06:30:00,357070,Nevados de Chillan,VIIRS750,18.71,18.75,0,fuera de radio,2026-10-05T18:06:10,mirova-archivo,1
2025-02-15T14:20:00,357070,Nevados de Chillan,MODIS,104.1,18.44,0,fuera de radio,2026-10-05T18:06:10,mirova-archivo,1
2025-02-15T18:30:00,357070,Nevados de Chillan,VIIRS750,111.1,17.83,0,fuera de radio,2026-10-05T18:06:10,mirova-archivo,1
2025-02-15T20:05:00,357070,Nevados de Chillan,MODIS,1038,19.24,0,fuera de radio,2026-10-05T18:06:10,mirova-archivo,1
2025-02-16T02:20:00,357070,Nevados de Chillan,MODIS,18.89,17.72,0,fuera de radio,2026-10-05T18:06:10,mirova-archivo,1
2025-02-16T05:48:00,357070,Nevados de Chillan,VIIRS750,19.49,18.55,0,fuera de radio,2026-10-05T18:06:10,mirova-archivo,1
2025-02-16T06:12:00,357070,Nevados de Chillan,VIIRS375,12.17,18.19,0,fuera de radio,2026-10-05T18:06:10,mirova-archivo,1
2025-02-16T18:12:00,357070,Nevados de Chillan,VIIRS750,76.66,16.38,0,fuera de radio,2026-10-05T18:06:10,mirova-archivo,1
2025-02-16T18:30:00,357070,Nevados de Chillan,VIIRS750,129,16.92,0,fuera de radio,2026-10-05T18:06:10,mirova-archivo,1
2025-02-17T05:30:00,357070,Nevados de Chillan,VIIRS750,15.69,17.32,0,fuera de radio,2026-10-05T18:06:10,mirova-archivo,1
2025-02-17T05:54:00,357070,Nevados de Chillan,VIIRS750,30.31,17.32,0,fuera de radio,2026-10-05T18:06:10,mirova-archivo,1
2025-02-17T17:48:00,357070,Nevados de Chillan,VIIRS750,158.6,16.92,0,fuera de radio,2026-10-05T18:06:10,mirova-archivo,1
2025-02-17T18:12:00,357070,Nevados de Chillan,VIIRS750,564.9,16.19,0,fuera de radio,2026-10-05T18:06:10,mirova-archivo,1
2025-02-18T05:12:00,357070,Nevados de Chillan,VIIRS750,12.93,15.89,0,fuera de radio,2026-10-05T18:06:10,mirova-archivo,1
2025-02-18T05:36:00,357070,Nevados de Chillan,VIIRS750,33.17,18.55,0,fuera de radio,2026-10-05T18:06:10,mirova-archivo,1
2025-02-18T06:45:00,357070,Nevados de Chillan,MODIS,47.74,19.65,0,fuera de radio,2026-10-05T18:06:10,mirova-archivo,1
2025-02-18T19:12:00,357070,Nevados de Chillan,VIIRS750,64.17,15.30,0,fuera de radio,2026-10-05T18:06:10,mirova-archivo,1
2025-02-19T02:40:00,357070,Nevados de Chillan,MODIS,49.07,20.40,0,fuera de radio,2026-10-05T18:06:10,mirova-archivo,1
2025-02-19T04:54:00,357070,Nevados de Chillan,VIIRS375,13.16,19.83,0,fuera de radio,2026-10-05T18:06:10,mirova-archivo,1
2025-02-19T05:18:00,357070,Nevados de Chillan,VIIRS750,12.71,19.47,0,fuera de radio,2026-10-05T18:06:10,mirova-archivo,1
2025-02-19T06:30:00,357070,Nevados de Chillan,VIIRS750,9.906,19.28,0,fuera de radio,2026-10-05T18:06:10,mirova-archivo,1
2025-02-20T04:36:00,357070,Nevados de Chillan,VIIRS375,9.321,15.77,0,fuera de radio,2026-10-05T18:06:10,mirova-archivo,1
2025-02-20T04:54:00,357070,Nevados de Chillan,VIIRS375,9.259,16.92,0,fuera de radio,2026-10-05T18:06:10,mirova-archivo,1
2025-02-20T06:12:00,357070,Nevados de Chillan,VIIRS375,13.25,17.14,0,fuera de radio,2026-10-05T18:06:10,mirova-archivo,1
2025-02-20T06:36:00,357070,Nevados de Chillan,VIIRS375,6.205,17.51,0,fuera de radio,2026-10-05T18:06:10,mirova-archivo,1
2025-02-20T18:36:00,357070,Nevados de Chillan,VIIRS750,60.21,14.94,0,fuera de radio,2026-10-05T18:06:10,mirova-archivo,1
2025-02-21T04:36:00,357070,Nevados de Chillan,VIIRS375,10.17,16.38,0,fuera de radio,2026-10-05T18:06:10,mirova-archivo,1
2025-02-21T05:54:00,357070,Nevados de Chillan,VIIRS375,12.47,20.46,0,fuera de radio,2026-10-05T18:06:10,mirova-archivo,1
2025-02-21T06:18:00,357070,Nevados de Chillan,VIIRS375,3.035,18.75,0,fuera de radio,2026-10-05T18:06:10,mirova-archivo,1
2025-02-22T03:00:00,357070,Nevados de Chillan,MODIS,18.85,17.12,0,fuera de radio,2026-10-05T18:06:10,mirova-archivo,1
2025-02-22T05:36:00,357070,Nevados de Chillan,VIIRS750,21.42,20.92,0,fuera de radio,2026-10-05T18:06:10,mirova-archivo,1
2025-02-22T06:00:00,357070,Nevados de Chillan,VIIRS750,7.322,16.03,0,fuera de radio,2026-10-05T18:06:10,mirova-archivo,1
2025-02-23T05:18:00,357070,Nevados de Chillan,VIIRS750,17.66,16.92,0,fuera de radio,2026-10-05T18:06:10,mirova-archivo,1
2025-02-23T05:42:00,357070,Nevados de Chillan,VIIRS750,17.1,16.65,0,fuera de radio,2026-10-05T18:06:10,mirova-archivo,1
2025-02-24T02:40:00,357070,Nevados de Chillan,MODIS,12.39,19.42,0,fuera de radio,2026-10-05T18:06:10,mirova-archivo,1
2025-02-24T05:24:00,357070,Nevados de Chillan,VIIRS375,12.35,20.01,0,fuera de radio,2026-10-05T18:06:10,mirova-archivo,1
2025-02-25T04:42:00,357070,Nevados de Chillan,VIIRS375,2.848,15.97,0,fuera de radio,2026-10-05T18:06:10,mirova-archivo,1
2025-02-25T05:00:00,357070,Nevados de Chillan,VIIRS375,6.469,16.03,0,fuera de radio,2026-10-05T18:06:10,mirova-archivo,1
2025-02-25T06:42:00,357070,Nevados de Chillan,VIIRS375,0.3543,16.03,0,fuera de radio,2026-10-05T18:06:10,mirova-archivo,1
2025-02-25T18:42:00,357070,Nevados de Chillan,VIIRS750,204.7,16.03,0,fuera de radio,2026-10-05T18:06:10,mirova-archivo,1
2025-02-25T19:06:00,357070,Nevados de Chillan,VIIRS750,127.2,16.03,0,fuera de radio,2026-10-05T18:06:10,mirova-archivo,1
2025-02-25T20:05:00,357070,Nevados de Chillan,MODIS,159.5,16.28,0,fuera de radio,2026-10-05T18:06:10,mirova-archivo,1
2025-02-26T02:20:00,357070,Nevados de Chillan,MODIS,40.64,16.28,0,fuera de radio,2026-10-05T18:06:10,mirova-archivo,1
2025-02-26T04:42:00,357070,Nevados de Chillan,VIIRS750,28.56,16.19,0,fuera de radio,2026-10-05T18:06:10,mirova-archivo,1
2025-02-26T06:00:00,357070,Nevados de Chillan,VIIRS750,23.54,15.91,0,fuera de radio,2026-10-05T18:06:10,mirova-archivo,1
2025-02-26T06:24:00,357070,Nevados de Chillan,VIIRS375,8.593,21.19,0,fuera de radio,2026-10-05T18:06:10,mirova-archivo,1
2025-02-26T07:05:00,357070,Nevados de Chillan,MODIS,18.82,16.28,0,fuera de radio,2026-10-05T18:06:10,mirova-archivo,1
2025-02-26T18:24:00,357070,Nevados de Chillan,VIIRS750,776.2,15.46,0,fuera de radio,2026-10-05T18:06:10,mirova-archivo,1
2025-02-26T18:42:00,357070,Nevados de Chillan,VIIRS750,506.6,15.91,0,fuera de radio,2026-10-05T18:06:10,mirova-archivo,1
2025-02-27T03:00:00,357070,Nevados de Chillan,MODIS,88.57,20.40,0,fuera de radio,2026-10-05T18:06:10,mirova-archivo,1
2025-02-27T05:42:00,357070,Nevados de Chillan,VIIRS750,185.6,21.48,0,fuera de radio,2026-10-05T18:06:10,mirova-archivo,1
2025-02-27T06:06:00,357070,Nevados de Chillan,VIIRS750,92.8,20.74,0,fuera de radio,2026-10-05T18:06:10,mirova-archivo,1
2025-02-27T06:10:00,357070,Nevados de Chillan,MODIS,29.44,15.23,0,fuera de radio,2026-10-05T18:06:10,mirova-archivo,1
2025-02-27T18:00:00,357070,Nevados de Chillan,VIIRS750,1312,14.94,0,fuera de radio,2026-10-05T18:06:10,mirova-archivo,1
2025-02-27T18:24:00,357070,Nevados de Chillan,VIIRS750,2039,20.74,0,fuera de radio,2026-10-05T18:06:10,mirova-archivo,1
2025-02-27T19:42:00,357070,Nevados de Chillan,VIIRS750,266.4,14.48,0,fuera de radio,2026-10-05T18:06:10,mirova-archivo,1
2025-02-27T19:45:00,357070,Nevados de Chillan,MODIS,2178,14.32,0,fuera de radio,2026-10-05T18:06:10,mirova-archivo,1
2025-02-28T02:05:00,357070,Nevados de Chillan,MODIS,236.1,14.56,0,fuera de radio,2026-10-05T18:06:10,mirova-archivo,1
2025-02-28T05:24:00,357070,Nevados de Chillan,VIIRS750,96.36,14.74,0,fuera de radio,2026-10-05T18:06:10,mirova-archivo,1
2025-02-28T05:48:00,357070,Nevados de Chillan,VIIRS750,119,14.94,0,fuera de radio,2026-10-05T18:06:10,mirova-archivo,1
2025-02-28T06:50:00,357070,Nevados de Chillan,MODIS,57.3,13.00,0,fuera de radio,2026-10-05T18:06:10,mirova-archivo,1
2025-03-01T05:30:00,357070,Nevados de Chillan,VIIRS375,1.795,13.29,0,fuera de radio,2026-10-05T18:06:10,mirova-archivo,1
2025-03-01T17:48:00,357070,Nevados de Chillan,VIIRS750,119.1,13.83,0,fuera de radio,2026-10-05T18:06:10,mirova-archivo,1
2025-03-01T19:25:00,357070,Nevados de Chillan,MODIS,68.14,14.14,0,fuera de radio,2026-10-05T18:06:10,mirova-archivo,1
2025-03-04T05:48:00,357070,Nevados de Chillan,VIIRS375,2.467,13.38,0,fuera de radio,2026-10-05T18:06:10,mirova-archivo,1
2025-03-05T05:30:00,357070,Nevados de Chillan,VIIRS375,2.311,13.46,0,fuera de radio,2026-10-05T18:06:10,mirova-archivo,1
2025-03-05T05:54:00,357070,Nevados de Chillan,VIIRS375,1.309,13.10,0,fuera de radio,2026-10-05T18:06:10,mirova-archivo,1
2025-03-06T05:36:00,357070,Nevados de Chillan,VIIRS375,0.2427,12.73,0,fuera de radio,2026-10-05T18:06:10,mirova-archivo,1
2025-03-07T04:54:00,357070,Nevados de Chillan,VIIRS375,0.324,19.22,0,no volcanica,2026-10-05T18:06:10,mirova-archivo,0
2025-03-19T04:48:00,357070,Nevados de Chillan,VIIRS375,3.457,20.46,0,no volcanica,2026-10-05T18:06:10,mirova-archivo,0
2025-03-25T05:54:00,357070,Nevados de Chillan,VIIRS375,0.8306,18.87,0,no volcanica,2026-10-05T18:06:10,mirova-archivo,0
2025-03-25T18:12:00,357070,Nevados de Chillan,VIIRS750,245.4,19.80,0,no volcanica,2026-10-05T18:06:10,mirova-archivo,0
2025-03-25T18:36:00,357070,Nevados de Chillan,VIIRS750,179.1,19.12,0,no volcanica,2026-10-05T18:06:10,mirova-archivo,0
2025-04-03T04:48:00,357070,Nevados de Chillan,VIIRS375,0.9254,25.50,0,no volcanica,2026-10-05T18:06:10,mirova-archivo,0
2025-04-06T05:54:00,357070,Nevados de Chillan,VIIRS375,0.2018,27.23,0,no volcanica,2026-10-05T18:06:10,mirova-archivo,0
2025-04-09T18:54:00,357070,Nevados de Chillan,VIIRS750,52.83,22.90,0,no volcanica,2026-10-05T18:06:10,mirova-archivo,0
2025-04-25T06:36:00,357070,Nevados de Chillan,VIIRS375,0.3598,12.12,0,no volcanica,2026-10-05T18:06:10,mirova-archivo,0
2025-05-03T05:24:00,357070,Nevados de Chillan,VIIRS375,0.3918,27.58,0,no volcanica,2026-10-05T18:06:10,mirova-archivo,0
2025-05-07T05:48:00,357070,Nevados de Chillan,VIIRS375,0.5177,17.97,0,no volcanica,2026-10-05T18:06:10,mirova-archivo,0
2025-05-19T05:24:00,357070,Nevados de Chillan,VIIRS375,0.3801,7.88,0,no volcanica,2026-10-05T18:06:10,mirova-archivo,0
2025-06-18T06:24:00,357070,Nevados de Chillan,VIIRS375,0.1867,7.73,0,no volcanica,2026-10-05T18:06:10,mirova-archivo,0
2025-06-27T04:54:00,357070,Nevados de Chillan,VIIRS375,0.4878,5.57,0,no volcanica,2026-10-05T18:06:10,mirova-archivo,0
2025-07-24T04:48:00,357070,Nevados de Chillan,VIIRS375,0.5463,29.23,0,no volcanica,2026-10-05T18:06:10,mirova-archivo,0
2025-07-24T05:12:00,357070,Nevados de Chillan,VIIRS375,0.7771,29.23,0,no volcanica,2026-10-05T18:06:10,mirova-archivo,0
2025-07-27T05:30:00,357070,Nevados de Chillan,VIIRS375,0.1217,23.72,0,no volcanica,2026-10-05T18:06:10,mirova-archivo,0
2025-08-02T05:42:00,357070,Nevados de Chillan,VIIRS375,0.5963,18.47,0,no volcanica,2026-10-05T18:06:10,mirova-archivo,0
2025-08-04T04:42:00,357070,Nevados de Chillan,VIIRS375,0.6077,19.65,0,no volcanica,2026-10-05T18:06:10,mirova-archivo,0
2025-08-04T05:06:00,357070,Nevados de Chillan,VIIRS375,0.2525,6.24,0,no volcanica,2026-10-05T18:06:10,mirova-archivo,0
2025-08-24T05:30:00,357070,Nevados de Chillan,VIIRS375,0.1985,15.42,0,no volcanica,2026-10-05T18:06:10,mirova-archivo,0
2025-08-29T05:36:00,357070,Nevados de Chillan,VIIRS375,0.2003,24.20,0,no volcanica,2026-10-05T18:06:10,mirova-archivo,0
2025-08-30T04:54:00,357070,Nevados de Chillan,VIIRS375,34.38,20.18,0,no volcanica,2026-10-05T18:06:10,mirova-archivo,0
2025-09-26T05:12:00,357070,Nevados de Chillan,VIIRS375,1.159,16.50,0,no volcanica,2026-10-05T18:06:10,mirova-archivo,0
2025-10-25T06:06:00,357070,Nevados de Chillan,VIIRS375,0.5507,21.74,0,no volcanica,2026-10-05T18:06:10,mirova-archivo,0
2025-10-30T18:12:00,357070,Nevados de Chillan,VIIRS750,64.43,9.40,0,no volcanica,2026-10-05T18:06:10,mirova-archivo,0
2025-11-02T05:18:00,357070,Nevados de Chillan,VIIRS375,0.38,20.59,0,no volcanica,2026-10-05T18:06:10,mirova-archivo,0
2025-11-04T06:00:00,357070,Nevados de Chillan,VIIRS375,0.07975,2.93,0,no volcanica,2026-10-05T18:06:10,mirova-archivo,0
2025-11-27T05:48:00,357070,Nevados de Chillan,VIIRS375,1.496,9.28,0,no volcanica,2026-10-05T18:06:10,mirova-archivo,0
2025-12-13T05:30:00,357070,Nevados de Chillan,VIIRS375,0.3237,20.00,0,no volcanica,2026-10-05T18:06:10,mirova-archivo,0
2025-12-16T06:12:00,357070,Nevados de Chillan,VIIRS375,0.6188,11.35,0,no volcanica,2026-10-05T18:06:10,mirova-archivo,0
2026-10-05T05:08:00,357070,Nevados de Chillan,VIIRS375,2.27,0.78,1,baja,2026-10-05T18:36:09,firms,
2026-10-05T05:53:00,357070,Nevados de Chillan,VIIRS375,7.76,0.54,1,baja,2026-10-05T18:36:09,firms,
2026-10-05T06:29:00,357070,Nevados de Chillan,VIIRS375,7.64,0.30,1,baja,2026-10-05T18:36:09,firms,
2026-10-05T06:48:00,357070,Nevados de Chillan,VIIRS375,1.44,0.59,1,baja,2026-10-05T18:36:09,firms,
2026-10-05T06:48:01,357070,Nevados de Chillan,VIIRS375,4.71,0.84,1,baja,2026-10-05T12:24:59,latest.php,
2026-10-05T06:48:01,357070,Nevados de Chillan,VIIRS750,2.66,1.68,1,baja,2026-10-05T12:24:59,latest.php,
2026-10-05T07:50:00,357070,Nevados de Chillan,MODIS,3.5,1.00,1,baja,2026-10-05T12:24:59,latest.php,
2026-10-05T13:45:00,357070,Nevados de Chillan,MODIS,0,0.00,1,sin anomalia,2026-10-05T18:30:43,latest.php,
