fecha_utc,volcano_id,volcan,sensor,vrp_mw,distancia_km,dentro_radio,clasificacion,capturado_utc,origen,clase_mirova
2009-02-05T06:15:00,357150,Puyehue-Cordon Caulle,MODIS,0.7873,28.43,0,no volcanica,2026-10-05T18:06:10,mirova-archivo,0
2011-06-04T18:50:00,357150,Puyehue-Cordon Caulle,MODIS,397,8.25,1,alta,2026-10-05T18:06:10,mirova-archivo,1
2011-06-05T04:15:00,357150,Puyehue-Cordon Caulle,MODIS,1613,10.20,1,muy alta,2026-10-05T18:06:10,mirova-archivo,1
2011-06-05T05:55:00,357150,Puyehue-Cordon Caulle,MODIS,515.1,10.44,1,alta,2026-10-05T18:06:10,mirova-archivo,1
2011-06-05T15:20:00,357150,Puyehue-Cordon Caulle,MODIS,800.8,25.63,0,no volcanica,2026-10-05T18:06:10,mirova-archivo,0
2011-06-05T17:55:00,357150,Puyehue-Cordon Caulle,MODIS,1023,25.08,0,no volcanica,2026-10-05T18:06:10,mirova-archivo,0
2011-06-05T19:35:00,357150,Puyehue-Cordon Caulle,MODIS,1320,8.94,1,muy alta,2026-10-05T18:06:10,mirova-archivo,1
2011-06-06T06:40:00,357150,Puyehue-Cordon Caulle,MODIS,4972,11.70,1,muy alta,2026-10-05T18:06:10,mirova-archivo,1
2011-06-08T06:25:00,357150,Puyehue-Cordon Caulle,MODIS,174,9.49,1,alta,2026-10-05T18:06:10,mirova-archivo,1
2011-06-08T14:15:00,357150,Puyehue-Cordon Caulle,MODIS,50.04,8.54,1,moderada,2026-10-05T18:06:10,mirova-archivo,1
2011-06-11T03:40:00,357150,Puyehue-Cordon Caulle,MODIS,820.1,10.00,1,alta,2026-10-05T18:06:10,mirova-archivo,1
2011-06-11T14:45:00,357150,Puyehue-Cordon Caulle,MODIS,205.6,9.85,1,alta,2026-10-05T18:06:10,mirova-archivo,1
2011-06-11T18:55:00,357150,Puyehue-Cordon Caulle,MODIS,2116,9.49,1,muy alta,2026-10-05T18:06:10,mirova-archivo,1
2011-06-12T15:25:00,357150,Puyehue-Cordon Caulle,MODIS,302.2,8.25,1,alta,2026-10-05T18:06:10,mirova-archivo,1
2011-06-12T19:40:00,357150,Puyehue-Cordon Caulle,MODIS,1712,9.06,1,muy alta,2026-10-05T18:06:10,mirova-archivo,1
2011-06-13T05:05:00,357150,Puyehue-Cordon Caulle,MODIS,36.92,8.94,1,moderada,2026-10-05T18:06:10,mirova-archivo,1
2011-06-13T06:45:00,357150,Puyehue-Cordon Caulle,MODIS,3579,11.18,1,muy alta,2026-10-05T18:06:10,mirova-archivo,1
2011-06-13T18:45:00,357150,Puyehue-Cordon Caulle,MODIS,93.11,8.54,1,moderada,2026-10-05T18:06:10,mirova-archivo,1
2011-06-14T04:10:00,357150,Puyehue-Cordon Caulle,MODIS,427.7,10.20,1,alta,2026-10-05T18:06:10,mirova-archivo,1
2011-06-14T05:50:00,357150,Puyehue-Cordon Caulle,MODIS,98.63,9.49,1,moderada,2026-10-05T18:06:10,mirova-archivo,1
2011-06-14T15:15:00,357150,Puyehue-Cordon Caulle,MODIS,2000,10.30,1,muy alta,2026-10-05T18:06:10,mirova-archivo,1
2011-06-16T03:55:00,357150,Puyehue-Cordon Caulle,MODIS,196.5,9.49,1,alta,2026-10-05T18:06:10,mirova-archivo,1
2011-06-16T19:15:00,357150,Puyehue-Cordon Caulle,MODIS,60.7,8.54,1,moderada,2026-10-05T18:06:10,mirova-archivo,1
2011-06-17T06:20:00,357150,Puyehue-Cordon Caulle,MODIS,10.31,8.54,1,moderada,2026-10-05T18:06:10,mirova-archivo,1
2011-06-19T04:30:00,357150,Puyehue-Cordon Caulle,MODIS,95.13,9.22,1,moderada,2026-10-05T18:06:10,mirova-archivo,1
2011-06-20T05:15:00,357150,Puyehue-Cordon Caulle,MODIS,4.8,9.85,1,baja,2026-10-05T18:06:10,mirova-archivo,1
2011-06-20T14:40:00,357150,Puyehue-Cordon Caulle,MODIS,98.12,9.85,1,moderada,2026-10-05T18:06:10,mirova-archivo,1
2011-06-20T18:50:00,357150,Puyehue-Cordon Caulle,MODIS,507.9,8.94,1,alta,2026-10-05T18:06:10,mirova-archivo,1
2011-06-21T04:15:00,357150,Puyehue-Cordon Caulle,MODIS,915.6,10.30,1,alta,2026-10-05T18:06:10,mirova-archivo,1
2011-06-21T05:55:00,357150,Puyehue-Cordon Caulle,MODIS,603.9,10.44,1,alta,2026-10-05T18:06:10,mirova-archivo,1
2011-06-21T15:20:00,357150,Puyehue-Cordon Caulle,MODIS,549.7,9.43,1,alta,2026-10-05T18:06:10,mirova-archivo,1
2011-06-21T19:35:00,357150,Puyehue-Cordon Caulle,MODIS,173.2,9.22,1,alta,2026-10-05T18:06:10,mirova-archivo,1
2011-06-22T03:20:00,357150,Puyehue-Cordon Caulle,MODIS,278.9,9.85,1,alta,2026-10-05T18:06:10,mirova-archivo,1
2011-06-22T05:00:00,357150,Puyehue-Cordon Caulle,MODIS,173.5,11.18,1,alta,2026-10-05T18:06:10,mirova-archivo,1
2011-06-22T06:40:00,357150,Puyehue-Cordon Caulle,MODIS,626.3,11.66,1,alta,2026-10-05T18:06:10,mirova-archivo,1
2011-06-22T14:25:00,357150,Puyehue-Cordon Caulle,MODIS,476.7,8.94,1,alta,2026-10-05T18:06:10,mirova-archivo,1
2011-06-22T18:40:00,357150,Puyehue-Cordon Caulle,MODIS,325.2,8.94,1,alta,2026-10-05T18:06:10,mirova-archivo,1
2011-06-23T04:05:00,357150,Puyehue-Cordon Caulle,MODIS,304.2,9.49,1,alta,2026-10-05T18:06:10,mirova-archivo,1
2011-06-23T05:45:00,357150,Puyehue-Cordon Caulle,MODIS,91.12,9.49,1,moderada,2026-10-05T18:06:10,mirova-archivo,1
2011-06-24T03:10:00,357150,Puyehue-Cordon Caulle,MODIS,80.59,8.94,1,moderada,2026-10-05T18:06:10,mirova-archivo,1
2011-06-24T06:25:00,357150,Puyehue-Cordon Caulle,MODIS,7.876,9.22,1,baja,2026-10-05T18:06:10,mirova-archivo,1
2011-06-24T14:15:00,357150,Puyehue-Cordon Caulle,MODIS,442.6,9.85,1,alta,2026-10-05T18:06:10,mirova-archivo,1
2011-06-24T18:25:00,357150,Puyehue-Cordon Caulle,MODIS,251.7,8.94,1,alta,2026-10-05T18:06:10,mirova-archivo,1
2011-06-25T03:50:00,357150,Puyehue-Cordon Caulle,MODIS,421.6,9.85,1,alta,2026-10-05T18:06:10,mirova-archivo,1
2011-06-25T05:30:00,357150,Puyehue-Cordon Caulle,MODIS,313.9,9.85,1,alta,2026-10-05T18:06:10,mirova-archivo,1
2011-06-25T14:55:00,357150,Puyehue-Cordon Caulle,MODIS,346,9.85,1,alta,2026-10-05T18:06:10,mirova-archivo,1
2011-06-25T19:10:00,357150,Puyehue-Cordon Caulle,MODIS,505.8,8.54,1,alta,2026-10-05T18:06:10,mirova-archivo,1
2011-06-26T02:55:00,357150,Puyehue-Cordon Caulle,MODIS,127.3,9.22,1,alta,2026-10-05T18:06:10,mirova-archivo,1
2011-06-26T04:35:00,357150,Puyehue-Cordon Caulle,MODIS,357.7,9.06,1,alta,2026-10-05T18:06:10,mirova-archivo,1
2011-06-26T06:15:00,357150,Puyehue-Cordon Caulle,MODIS,286.1,10.77,1,alta,2026-10-05T18:06:10,mirova-archivo,1
2011-06-26T15:40:00,357150,Puyehue-Cordon Caulle,MODIS,54.06,8.54,1,moderada,2026-10-05T18:06:10,mirova-archivo,1
2011-06-27T03:40:00,357150,Puyehue-Cordon Caulle,MODIS,469.1,9.85,1,alta,2026-10-05T18:06:10,mirova-archivo,1
2011-06-27T05:20:00,357150,Puyehue-Cordon Caulle,MODIS,270.5,9.49,1,alta,2026-10-05T18:06:10,mirova-archivo,1
2011-06-27T18:55:00,357150,Puyehue-Cordon Caulle,MODIS,61.8,8.54,1,moderada,2026-10-05T18:06:10,mirova-archivo,1
2011-06-28T04:20:00,357150,Puyehue-Cordon Caulle,MODIS,22.45,9.49,1,moderada,2026-10-05T18:06:10,mirova-archivo,1
2011-06-28T06:00:00,357150,Puyehue-Cordon Caulle,MODIS,253.2,9.85,1,alta,2026-10-05T18:06:10,mirova-archivo,1
2011-07-01T06:35:00,357150,Puyehue-Cordon Caulle,MODIS,17.31,8.54,1,moderada,2026-10-05T18:06:10,mirova-archivo,1
2011-07-02T03:55:00,357150,Puyehue-Cordon Caulle,MODIS,265.7,9.85,1,alta,2026-10-05T18:06:10,mirova-archivo,1
2011-07-02T05:35:00,357150,Puyehue-Cordon Caulle,MODIS,294.9,9.49,1,alta,2026-10-05T18:06:10,mirova-archivo,1
2011-07-03T03:00:00,357150,Puyehue-Cordon Caulle,MODIS,249.3,10.00,1,alta,2026-10-05T18:06:10,mirova-archivo,1
2011-07-03T04:40:00,357150,Puyehue-Cordon Caulle,MODIS,68.63,10.05,0,no volcanica,2026-10-05T18:06:10,mirova-archivo,0
2011-07-03T06:20:00,357150,Puyehue-Cordon Caulle,MODIS,230.2,9.85,1,alta,2026-10-05T18:06:10,mirova-archivo,1
2011-07-03T14:10:00,357150,Puyehue-Cordon Caulle,MODIS,366,9.43,1,alta,2026-10-05T18:06:10,mirova-archivo,1
2011-07-03T18:20:00,357150,Puyehue-Cordon Caulle,MODIS,224.9,8.06,1,alta,2026-10-05T18:06:10,mirova-archivo,1
2011-07-04T05:25:00,357150,Puyehue-Cordon Caulle,MODIS,481.7,9.85,1,alta,2026-10-05T18:06:10,mirova-archivo,1
2011-07-04T14:50:00,357150,Puyehue-Cordon Caulle,MODIS,70.43,8.25,1,moderada,2026-10-05T18:06:10,mirova-archivo,1
2011-07-05T02:50:00,357150,Puyehue-Cordon Caulle,MODIS,56.79,9.22,1,moderada,2026-10-05T18:06:10,mirova-archivo,1
2011-07-05T04:30:00,357150,Puyehue-Cordon Caulle,MODIS,403,10.20,1,alta,2026-10-05T18:06:10,mirova-archivo,1
2011-07-05T06:10:00,357150,Puyehue-Cordon Caulle,MODIS,303.8,9.85,1,alta,2026-10-05T18:06:10,mirova-archivo,1
2011-07-06T03:35:00,357150,Puyehue-Cordon Caulle,MODIS,241.1,9.85,1,alta,2026-10-05T18:06:10,mirova-archivo,1
2011-07-06T05:15:00,357150,Puyehue-Cordon Caulle,MODIS,111.2,10.44,1,alta,2026-10-05T18:06:10,mirova-archivo,1
2011-07-07T04:15:00,357150,Puyehue-Cordon Caulle,MODIS,356.2,9.85,1,alta,2026-10-05T18:06:10,mirova-archivo,1
2011-07-07T05:55:00,357150,Puyehue-Cordon Caulle,MODIS,114.3,9.85,1,alta,2026-10-05T18:06:10,mirova-archivo,1
2011-07-07T15:20:00,357150,Puyehue-Cordon Caulle,MODIS,381.2,9.85,1,alta,2026-10-05T18:06:10,mirova-archivo,1
2011-07-07T19:35:00,357150,Puyehue-Cordon Caulle,MODIS,58,8.94,1,moderada,2026-10-05T18:06:10,mirova-archivo,1
2011-07-08T03:20:00,357150,Puyehue-Cordon Caulle,MODIS,70,8.94,1,moderada,2026-10-05T18:06:10,mirova-archivo,1
2011-07-08T14:25:00,357150,Puyehue-Cordon Caulle,MODIS,176.2,9.85,1,alta,2026-10-05T18:06:10,mirova-archivo,1
2011-07-08T18:40:00,357150,Puyehue-Cordon Caulle,MODIS,266.6,8.94,1,alta,2026-10-05T18:06:10,mirova-archivo,1
2011-07-12T06:15:00,357150,Puyehue-Cordon Caulle,MODIS,4.172,8.54,1,baja,2026-10-05T18:06:10,mirova-archivo,1
2011-07-15T06:45:00,357150,Puyehue-Cordon Caulle,MODIS,6.201,8.94,1,baja,2026-10-05T18:06:10,mirova-archivo,1
2011-07-17T18:30:00,357150,Puyehue-Cordon Caulle,MODIS,62.5,8.54,1,moderada,2026-10-05T18:06:10,mirova-archivo,1
2011-07-18T04:00:00,357150,Puyehue-Cordon Caulle,MODIS,142.7,9.49,1,alta,2026-10-05T18:06:10,mirova-archivo,1
2011-07-18T05:40:00,357150,Puyehue-Cordon Caulle,MODIS,122.3,9.85,1,alta,2026-10-05T18:06:10,mirova-archivo,1
2011-07-18T15:05:00,357150,Puyehue-Cordon Caulle,MODIS,51.76,8.54,1,moderada,2026-10-05T18:06:10,mirova-archivo,1
2011-07-18T19:15:00,357150,Puyehue-Cordon Caulle,MODIS,104.1,8.54,1,alta,2026-10-05T18:06:10,mirova-archivo,1
2011-07-19T04:40:00,357150,Puyehue-Cordon Caulle,MODIS,23.86,10.05,1,moderada,2026-10-05T18:06:10,mirova-archivo,1
2011-07-19T06:20:00,357150,Puyehue-Cordon Caulle,MODIS,95.53,9.85,1,moderada,2026-10-05T18:06:10,mirova-archivo,1
2011-07-22T03:35:00,357150,Puyehue-Cordon Caulle,MODIS,104.6,8.94,1,alta,2026-10-05T18:06:10,mirova-archivo,1
2011-07-22T18:50:00,357150,Puyehue-Cordon Caulle,MODIS,144.4,8.54,1,alta,2026-10-05T18:06:10,mirova-archivo,1
2011-07-23T15:20:00,357150,Puyehue-Cordon Caulle,MODIS,56.11,9.49,1,moderada,2026-10-05T18:06:10,mirova-archivo,1
2011-07-24T03:20:00,357150,Puyehue-Cordon Caulle,MODIS,6.972,8.54,1,baja,2026-10-05T18:06:10,mirova-archivo,1
2011-07-26T03:10:00,357150,Puyehue-Cordon Caulle,MODIS,38.42,9.22,1,moderada,2026-10-05T18:06:10,mirova-archivo,1
2011-07-26T06:25:00,357150,Puyehue-Cordon Caulle,MODIS,59.17,9.43,1,moderada,2026-10-05T18:06:10,mirova-archivo,1
2011-07-28T06:15:00,357150,Puyehue-Cordon Caulle,MODIS,13.35,9.49,1,moderada,2026-10-05T18:06:10,mirova-archivo,1
2011-07-30T06:00:00,357150,Puyehue-Cordon Caulle,MODIS,116.8,9.85,1,alta,2026-10-05T18:06:10,mirova-archivo,1
2011-07-31T03:25:00,357150,Puyehue-Cordon Caulle,MODIS,189.6,9.85,1,alta,2026-10-05T18:06:10,mirova-archivo,1
2011-07-31T05:05:00,357150,Puyehue-Cordon Caulle,MODIS,46.45,10.77,1,moderada,2026-10-05T18:06:10,mirova-archivo,1
2011-07-31T18:45:00,357150,Puyehue-Cordon Caulle,MODIS,97.32,8.25,1,moderada,2026-10-05T18:06:10,mirova-archivo,1
2011-08-01T04:10:00,357150,Puyehue-Cordon Caulle,MODIS,272.5,9.85,1,alta,2026-10-05T18:06:10,mirova-archivo,1
2011-08-01T05:50:00,357150,Puyehue-Cordon Caulle,MODIS,214,9.49,1,alta,2026-10-05T18:06:10,mirova-archivo,1
2011-08-03T04:00:00,357150,Puyehue-Cordon Caulle,MODIS,77.71,9.22,1,moderada,2026-10-05T18:06:10,mirova-archivo,1
2011-08-03T05:40:00,357150,Puyehue-Cordon Caulle,MODIS,92.07,9.49,1,moderada,2026-10-05T18:06:10,mirova-archivo,1
2011-08-03T15:05:00,357150,Puyehue-Cordon Caulle,MODIS,91.79,8.54,1,moderada,2026-10-05T18:06:10,mirova-archivo,1
2011-08-03T19:15:00,357150,Puyehue-Cordon Caulle,MODIS,87.1,8.54,1,moderada,2026-10-05T18:06:10,mirova-archivo,1
2011-08-05T03:45:00,357150,Puyehue-Cordon Caulle,MODIS,7.51,8.54,1,baja,2026-10-05T18:06:10,mirova-archivo,1
2011-08-07T03:35:00,357150,Puyehue-Cordon Caulle,MODIS,50.99,8.54,1,moderada,2026-10-05T18:06:10,mirova-archivo,1
2011-08-08T05:55:00,357150,Puyehue-Cordon Caulle,MODIS,47.67,9.49,1,moderada,2026-10-05T18:06:10,mirova-archivo,1
2011-08-10T04:05:00,357150,Puyehue-Cordon Caulle,MODIS,2.041,7.28,1,baja,2026-10-05T18:06:10,mirova-archivo,1
2011-08-11T03:10:00,357150,Puyehue-Cordon Caulle,MODIS,13.99,9.22,1,moderada,2026-10-05T18:06:10,mirova-archivo,1
2011-08-12T05:30:00,357150,Puyehue-Cordon Caulle,MODIS,176.8,9.85,1,alta,2026-10-05T18:06:10,mirova-archivo,1
2011-08-13T04:35:00,357150,Puyehue-Cordon Caulle,MODIS,88.64,9.22,1,moderada,2026-10-05T18:06:10,mirova-archivo,1
2011-08-14T03:40:00,357150,Puyehue-Cordon Caulle,MODIS,103.9,9.85,1,alta,2026-10-05T18:06:10,mirova-archivo,1
2011-08-14T14:45:00,357150,Puyehue-Cordon Caulle,MODIS,80,8.54,1,moderada,2026-10-05T18:06:10,mirova-archivo,1
2011-08-14T18:55:00,357150,Puyehue-Cordon Caulle,MODIS,64.42,8.25,1,moderada,2026-10-05T18:06:10,mirova-archivo,1
2011-08-15T04:20:00,357150,Puyehue-Cordon Caulle,MODIS,148.5,9.22,1,alta,2026-10-05T18:06:10,mirova-archivo,1
2011-08-15T06:00:00,357150,Puyehue-Cordon Caulle,MODIS,178.9,9.85,1,alta,2026-10-05T18:06:10,mirova-archivo,1
2011-08-18T03:15:00,357150,Puyehue-Cordon Caulle,MODIS,2.576,7.62,1,baja,2026-10-05T18:06:10,mirova-archivo,1
2011-08-18T14:20:00,357150,Puyehue-Cordon Caulle,MODIS,52.96,7.62,1,moderada,2026-10-05T18:06:10,mirova-archivo,1
2011-08-19T03:55:00,357150,Puyehue-Cordon Caulle,MODIS,28.2,8.54,1,moderada,2026-10-05T18:06:10,mirova-archivo,1
2011-08-19T05:35:00,357150,Puyehue-Cordon Caulle,MODIS,124.2,9.49,1,alta,2026-10-05T18:06:10,mirova-archivo,1
2011-08-20T03:00:00,357150,Puyehue-Cordon Caulle,MODIS,54.66,8.54,1,moderada,2026-10-05T18:06:10,mirova-archivo,1
2011-08-20T04:40:00,357150,Puyehue-Cordon Caulle,MODIS,51.4,11.05,1,moderada,2026-10-05T18:06:10,mirova-archivo,1
2011-08-20T06:20:00,357150,Puyehue-Cordon Caulle,MODIS,8.146,8.94,1,baja,2026-10-05T18:06:10,mirova-archivo,1
2011-08-20T14:10:00,357150,Puyehue-Cordon Caulle,MODIS,50.95,9.85,1,moderada,2026-10-05T18:06:10,mirova-archivo,1
2011-08-20T18:20:00,357150,Puyehue-Cordon Caulle,MODIS,62.5,8.94,1,moderada,2026-10-05T18:06:10,mirova-archivo,1
2011-08-21T03:45:00,357150,Puyehue-Cordon Caulle,MODIS,99.87,9.49,1,moderada,2026-10-05T18:06:10,mirova-archivo,1
2011-08-21T05:25:00,357150,Puyehue-Cordon Caulle,MODIS,60.9,9.85,1,moderada,2026-10-05T18:06:10,mirova-archivo,1
2011-08-21T19:05:00,357150,Puyehue-Cordon Caulle,MODIS,116,8.25,1,alta,2026-10-05T18:06:10,mirova-archivo,1
2011-08-22T04:30:00,357150,Puyehue-Cordon Caulle,MODIS,178.2,10.05,1,alta,2026-10-05T18:06:10,mirova-archivo,1
2011-08-22T06:10:00,357150,Puyehue-Cordon Caulle,MODIS,216.2,9.85,1,alta,2026-10-05T18:06:10,mirova-archivo,1
2011-08-24T04:15:00,357150,Puyehue-Cordon Caulle,MODIS,92.96,10.05,1,moderada,2026-10-05T18:06:10,mirova-archivo,1
2011-08-24T05:55:00,357150,Puyehue-Cordon Caulle,MODIS,63.14,9.49,1,moderada,2026-10-05T18:06:10,mirova-archivo,1
2011-08-25T03:20:00,357150,Puyehue-Cordon Caulle,MODIS,93.08,9.49,1,moderada,2026-10-05T18:06:10,mirova-archivo,1
2011-08-25T05:00:00,357150,Puyehue-Cordon Caulle,MODIS,11.33,10.44,1,moderada,2026-10-05T18:06:10,mirova-archivo,1
2011-08-26T05:45:00,357150,Puyehue-Cordon Caulle,MODIS,14.76,8.54,1,moderada,2026-10-05T18:06:10,mirova-archivo,1
2011-08-30T03:40:00,357150,Puyehue-Cordon Caulle,MODIS,116.4,9.85,1,alta,2026-10-05T18:06:10,mirova-archivo,1
2011-08-30T14:45:00,357150,Puyehue-Cordon Caulle,MODIS,75.58,8.54,1,moderada,2026-10-05T18:06:10,mirova-archivo,1
2011-08-31T06:00:00,357150,Puyehue-Cordon Caulle,MODIS,1.359,8.25,1,baja,2026-10-05T18:06:10,mirova-archivo,1
2011-09-01T03:25:00,357150,Puyehue-Cordon Caulle,MODIS,153.8,9.85,1,alta,2026-10-05T18:06:10,mirova-archivo,1
2011-09-01T05:05:00,357150,Puyehue-Cordon Caulle,MODIS,72.91,9.49,1,moderada,2026-10-05T18:06:10,mirova-archivo,1
2011-09-01T06:45:00,357150,Puyehue-Cordon Caulle,MODIS,25,9.06,1,moderada,2026-10-05T18:06:10,mirova-archivo,1
2011-09-04T03:55:00,357150,Puyehue-Cordon Caulle,MODIS,14.71,8.54,1,moderada,2026-10-05T18:06:10,mirova-archivo,1
2011-09-06T03:45:00,357150,Puyehue-Cordon Caulle,MODIS,31.37,8.54,1,moderada,2026-10-05T18:06:10,mirova-archivo,1
2011-09-07T04:30:00,357150,Puyehue-Cordon Caulle,MODIS,4.358,9.22,1,baja,2026-10-05T18:06:10,mirova-archivo,1
2011-09-07T06:10:00,357150,Puyehue-Cordon Caulle,MODIS,18.85,9.49,1,moderada,2026-10-05T18:06:10,mirova-archivo,1
2011-09-12T06:25:00,357150,Puyehue-Cordon Caulle,MODIS,2.631,8.25,1,baja,2026-10-05T18:06:10,mirova-archivo,1
2011-09-13T03:50:00,357150,Puyehue-Cordon Caulle,MODIS,141.9,8.94,1,alta,2026-10-05T18:06:10,mirova-archivo,1
2011-09-13T05:30:00,357150,Puyehue-Cordon Caulle,MODIS,89.39,9.85,1,moderada,2026-10-05T18:06:10,mirova-archivo,1
2011-09-14T06:15:00,357150,Puyehue-Cordon Caulle,MODIS,95.17,8.94,1,moderada,2026-10-05T18:06:10,mirova-archivo,1
2011-09-15T03:40:00,357150,Puyehue-Cordon Caulle,MODIS,11.01,8.54,1,moderada,2026-10-05T18:06:10,mirova-archivo,1
2011-09-17T03:25:00,357150,Puyehue-Cordon Caulle,MODIS,37.22,9.49,1,moderada,2026-10-05T18:06:10,mirova-archivo,1
2011-09-17T06:45:00,357150,Puyehue-Cordon Caulle,MODIS,13.51,8.00,1,moderada,2026-10-05T18:06:10,mirova-archivo,1
2011-09-17T18:45:00,357150,Puyehue-Cordon Caulle,MODIS,68.13,8.54,1,moderada,2026-10-05T18:06:10,mirova-archivo,1
2011-09-18T04:10:00,357150,Puyehue-Cordon Caulle,MODIS,48.53,9.49,1,moderada,2026-10-05T18:06:10,mirova-archivo,1
2011-09-18T05:50:00,357150,Puyehue-Cordon Caulle,MODIS,72.25,9.49,1,moderada,2026-10-05T18:06:10,mirova-archivo,1
2011-09-19T03:15:00,357150,Puyehue-Cordon Caulle,MODIS,25.14,9.49,1,moderada,2026-10-05T18:06:10,mirova-archivo,1
2011-09-19T06:35:00,357150,Puyehue-Cordon Caulle,MODIS,67.39,9.85,1,moderada,2026-10-05T18:06:10,mirova-archivo,1
2011-09-20T03:55:00,357150,Puyehue-Cordon Caulle,MODIS,10.66,8.94,1,moderada,2026-10-05T18:06:10,mirova-archivo,1
2011-09-20T05:35:00,357150,Puyehue-Cordon Caulle,MODIS,36.27,9.49,1,moderada,2026-10-05T18:06:10,mirova-archivo,1
2011-09-20T19:15:00,357150,Puyehue-Cordon Caulle,MODIS,89.06,7.62,1,moderada,2026-10-05T18:06:10,mirova-archivo,1
2011-09-21T04:40:00,357150,Puyehue-Cordon Caulle,MODIS,78.95,10.05,1,moderada,2026-10-05T18:06:10,mirova-archivo,1
2011-09-21T06:20:00,357150,Puyehue-Cordon Caulle,MODIS,67.41,9.85,1,moderada,2026-10-05T18:06:10,mirova-archivo,1
2011-09-25T04:15:00,357150,Puyehue-Cordon Caulle,MODIS,75.1,8.25,1,moderada,2026-10-05T18:06:10,mirova-archivo,1
2011-09-25T05:55:00,357150,Puyehue-Cordon Caulle,MODIS,129.3,9.22,1,alta,2026-10-05T18:06:10,mirova-archivo,1
2011-09-27T04:05:00,357150,Puyehue-Cordon Caulle,MODIS,16.67,8.54,1,moderada,2026-10-05T18:06:10,mirova-archivo,1
2011-09-27T05:45:00,357150,Puyehue-Cordon Caulle,MODIS,32.13,9.49,1,moderada,2026-10-05T18:06:10,mirova-archivo,1
2011-09-30T06:15:00,357150,Puyehue-Cordon Caulle,MODIS,82.12,9.49,1,moderada,2026-10-05T18:06:10,mirova-archivo,1
2011-10-02T04:20:00,357150,Puyehue-Cordon Caulle,MODIS,42.65,9.49,1,moderada,2026-10-05T18:06:10,mirova-archivo,1
2011-10-02T06:00:00,357150,Puyehue-Cordon Caulle,MODIS,6.12,8.54,1,baja,2026-10-05T18:06:10,mirova-archivo,1
2011-10-03T03:25:00,357150,Puyehue-Cordon Caulle,MODIS,9.464,8.54,1,baja,2026-10-05T18:06:10,mirova-archivo,1
2011-10-04T04:10:00,357150,Puyehue-Cordon Caulle,MODIS,104.1,9.22,1,alta,2026-10-05T18:06:10,mirova-archivo,1
2011-10-04T05:50:00,357150,Puyehue-Cordon Caulle,MODIS,62.84,9.49,1,moderada,2026-10-05T18:06:10,mirova-archivo,1
2011-10-06T15:00:00,357150,Puyehue-Cordon Caulle,MODIS,56.95,8.25,1,moderada,2026-10-05T18:06:10,mirova-archivo,1
2011-10-07T04:40:00,357150,Puyehue-Cordon Caulle,MODIS,79.93,10.00,1,moderada,2026-10-05T18:06:10,mirova-archivo,1
2011-10-07T06:20:00,357150,Puyehue-Cordon Caulle,MODIS,16.52,9.85,1,moderada,2026-10-05T18:06:10,mirova-archivo,1
2011-10-08T03:45:00,357150,Puyehue-Cordon Caulle,MODIS,86.51,9.22,1,moderada,2026-10-05T18:06:10,mirova-archivo,1
2011-10-08T05:25:00,357150,Puyehue-Cordon Caulle,MODIS,59.24,9.85,1,moderada,2026-10-05T18:06:10,mirova-archivo,1
2011-10-09T04:30:00,357150,Puyehue-Cordon Caulle,MODIS,78.47,9.22,1,moderada,2026-10-05T18:06:10,mirova-archivo,1
2011-10-09T06:10:00,357150,Puyehue-Cordon Caulle,MODIS,134,8.54,1,alta,2026-10-05T18:06:10,mirova-archivo,1
2011-10-10T14:40:00,357150,Puyehue-Cordon Caulle,MODIS,63.44,8.54,1,moderada,2026-10-05T18:06:10,mirova-archivo,1
2011-10-10T18:50:00,357150,Puyehue-Cordon Caulle,MODIS,55.85,8.54,1,moderada,2026-10-05T18:06:10,mirova-archivo,1
2011-10-11T05:55:00,357150,Puyehue-Cordon Caulle,MODIS,2.015,8.25,1,baja,2026-10-05T18:06:10,mirova-archivo,1
2011-10-13T04:05:00,357150,Puyehue-Cordon Caulle,MODIS,37.73,8.94,1,moderada,2026-10-05T18:06:10,mirova-archivo,1
2011-10-13T05:45:00,357150,Puyehue-Cordon Caulle,MODIS,6.996,9.49,1,baja,2026-10-05T18:06:10,mirova-archivo,1
2011-10-14T03:10:00,357150,Puyehue-Cordon Caulle,MODIS,5.542,8.06,1,baja,2026-10-05T18:06:10,mirova-archivo,1
2011-10-16T06:15:00,357150,Puyehue-Cordon Caulle,MODIS,7.477,8.54,1,baja,2026-10-05T18:06:10,mirova-archivo,1
2011-10-17T03:40:00,357150,Puyehue-Cordon Caulle,MODIS,81.45,8.94,1,moderada,2026-10-05T18:06:10,mirova-archivo,1
2011-10-17T05:20:00,357150,Puyehue-Cordon Caulle,MODIS,54.22,9.85,1,moderada,2026-10-05T18:06:10,mirova-archivo,1
2011-10-18T04:20:00,357150,Puyehue-Cordon Caulle,MODIS,109.9,10.00,1,alta,2026-10-05T18:06:10,mirova-archivo,1
2011-10-18T06:00:00,357150,Puyehue-Cordon Caulle,MODIS,73.9,9.49,1,moderada,2026-10-05T18:06:10,mirova-archivo,1
2011-10-19T03:25:00,357150,Puyehue-Cordon Caulle,MODIS,88.51,8.94,1,moderada,2026-10-05T18:06:10,mirova-archivo,1
2011-10-19T05:05:00,357150,Puyehue-Cordon Caulle,MODIS,4.786,8.06,1,baja,2026-10-05T18:06:10,mirova-archivo,1
2011-10-19T06:45:00,357150,Puyehue-Cordon Caulle,MODIS,24.99,8.94,1,moderada,2026-10-05T18:06:10,mirova-archivo,1
2011-10-20T05:50:00,357150,Puyehue-Cordon Caulle,MODIS,110.4,9.49,1,alta,2026-10-05T18:06:10,mirova-archivo,1
2011-10-21T03:15:00,357150,Puyehue-Cordon Caulle,MODIS,36.56,9.85,1,moderada,2026-10-05T18:06:10,mirova-archivo,1
2011-10-22T03:55:00,357150,Puyehue-Cordon Caulle,MODIS,75.08,8.60,1,moderada,2026-10-05T18:06:10,mirova-archivo,1
2011-10-22T05:35:00,357150,Puyehue-Cordon Caulle,MODIS,24.25,9.22,1,moderada,2026-10-05T18:06:10,mirova-archivo,1
2011-10-23T03:00:00,357150,Puyehue-Cordon Caulle,MODIS,94.4,9.49,1,moderada,2026-10-05T18:06:10,mirova-archivo,1
2011-10-23T04:40:00,357150,Puyehue-Cordon Caulle,MODIS,19.64,8.49,1,moderada,2026-10-05T18:06:10,mirova-archivo,1
2011-10-23T06:20:00,357150,Puyehue-Cordon Caulle,MODIS,81.63,9.85,1,moderada,2026-10-05T18:06:10,mirova-archivo,1
2011-10-24T03:45:00,357150,Puyehue-Cordon Caulle,MODIS,127.4,9.85,1,alta,2026-10-05T18:06:10,mirova-archivo,1
2011-10-24T19:05:00,357150,Puyehue-Cordon Caulle,MODIS,89.35,8.54,1,moderada,2026-10-05T18:06:10,mirova-archivo,1
2011-10-26T03:35:00,357150,Puyehue-Cordon Caulle,MODIS,124.9,9.49,1,alta,2026-10-05T18:06:10,mirova-archivo,1
2011-10-26T05:15:00,357150,Puyehue-Cordon Caulle,MODIS,65.83,9.49,1,moderada,2026-10-05T18:06:10,mirova-archivo,1
2011-10-26T14:40:00,357150,Puyehue-Cordon Caulle,MODIS,84.97,8.54,1,moderada,2026-10-05T18:06:10,mirova-archivo,1
2011-10-27T04:15:00,357150,Puyehue-Cordon Caulle,MODIS,120.6,9.85,1,alta,2026-10-05T18:06:10,mirova-archivo,1
2011-10-27T05:55:00,357150,Puyehue-Cordon Caulle,MODIS,97.03,9.49,1,moderada,2026-10-05T18:06:10,mirova-archivo,1
2011-10-28T03:20:00,357150,Puyehue-Cordon Caulle,MODIS,16.68,9.49,1,moderada,2026-10-05T18:06:10,mirova-archivo,1
2011-10-29T05:45:00,357150,Puyehue-Cordon Caulle,MODIS,107.3,9.49,1,alta,2026-10-05T18:06:10,mirova-archivo,1
2011-10-29T19:20:00,357150,Puyehue-Cordon Caulle,MODIS,72.4,7.28,1,moderada,2026-10-05T18:06:10,mirova-archivo,1
2011-10-30T03:10:00,357150,Puyehue-Cordon Caulle,MODIS,67.62,9.43,1,moderada,2026-10-05T18:06:10,mirova-archivo,1
2011-10-30T06:25:00,357150,Puyehue-Cordon Caulle,MODIS,23.24,9.49,1,moderada,2026-10-05T18:06:10,mirova-archivo,1
2011-10-31T03:50:00,357150,Puyehue-Cordon Caulle,MODIS,95.44,9.85,1,moderada,2026-10-05T18:06:10,mirova-archivo,1
2011-10-31T05:30:00,357150,Puyehue-Cordon Caulle,MODIS,129.1,9.49,1,alta,2026-10-05T18:06:10,mirova-archivo,1
2011-10-31T14:55:00,357150,Puyehue-Cordon Caulle,MODIS,51.12,8.54,1,moderada,2026-10-05T18:06:10,mirova-archivo,1
2011-11-01T02:55:00,357150,Puyehue-Cordon Caulle,MODIS,78.05,10.30,1,moderada,2026-10-05T18:06:10,mirova-archivo,1
2011-11-01T04:35:00,357150,Puyehue-Cordon Caulle,MODIS,76.76,9.85,1,moderada,2026-10-05T18:06:10,mirova-archivo,1
2011-11-01T06:15:00,357150,Puyehue-Cordon Caulle,MODIS,197.8,9.85,1,alta,2026-10-05T18:06:10,mirova-archivo,1
2011-11-02T03:40:00,357150,Puyehue-Cordon Caulle,MODIS,5.891,8.54,1,baja,2026-10-05T18:06:10,mirova-archivo,1
2011-11-02T05:20:00,357150,Puyehue-Cordon Caulle,MODIS,41.14,10.77,1,moderada,2026-10-05T18:06:10,mirova-archivo,1
2011-11-03T06:00:00,357150,Puyehue-Cordon Caulle,MODIS,110.2,9.49,1,alta,2026-10-05T18:06:10,mirova-archivo,1
2011-11-04T03:25:00,357150,Puyehue-Cordon Caulle,MODIS,103.2,9.85,1,alta,2026-10-05T18:06:10,mirova-archivo,1
2011-11-04T06:45:00,357150,Puyehue-Cordon Caulle,MODIS,70.84,9.22,1,moderada,2026-10-05T18:06:10,mirova-archivo,1
2011-11-05T04:10:00,357150,Puyehue-Cordon Caulle,MODIS,182.2,9.49,1,alta,2026-10-05T18:06:10,mirova-archivo,1
2011-11-05T05:50:00,357150,Puyehue-Cordon Caulle,MODIS,87.37,9.85,1,moderada,2026-10-05T18:06:10,mirova-archivo,1
2011-11-06T03:15:00,357150,Puyehue-Cordon Caulle,MODIS,64.45,9.85,1,moderada,2026-10-05T18:06:10,mirova-archivo,1
2011-11-07T03:55:00,357150,Puyehue-Cordon Caulle,MODIS,177.2,9.85,1,alta,2026-10-05T18:06:10,mirova-archivo,1
2011-11-07T05:35:00,357150,Puyehue-Cordon Caulle,MODIS,62.79,9.49,1,moderada,2026-10-05T18:06:10,mirova-archivo,1
2011-11-08T06:20:00,357150,Puyehue-Cordon Caulle,MODIS,2.116,8.06,1,baja,2026-10-05T18:06:10,mirova-archivo,1
2011-11-09T05:25:00,357150,Puyehue-Cordon Caulle,MODIS,27.31,9.49,1,moderada,2026-10-05T18:06:10,mirova-archivo,1
2011-11-11T03:35:00,357150,Puyehue-Cordon Caulle,MODIS,121.7,9.49,1,alta,2026-10-05T18:06:10,mirova-archivo,1
2011-11-11T05:15:00,357150,Puyehue-Cordon Caulle,MODIS,53.98,9.49,1,moderada,2026-10-05T18:06:10,mirova-archivo,1
2011-11-12T04:15:00,357150,Puyehue-Cordon Caulle,MODIS,95.3,9.06,1,moderada,2026-10-05T18:06:10,mirova-archivo,1
2011-11-12T05:55:00,357150,Puyehue-Cordon Caulle,MODIS,90.29,9.85,1,moderada,2026-10-05T18:06:10,mirova-archivo,1
2011-11-13T03:20:00,357150,Puyehue-Cordon Caulle,MODIS,46.35,9.49,1,moderada,2026-10-05T18:06:10,mirova-archivo,1
2011-11-13T06:40:00,357150,Puyehue-Cordon Caulle,MODIS,53.32,9.22,1,moderada,2026-10-05T18:06:10,mirova-archivo,1
2011-11-14T04:05:00,357150,Puyehue-Cordon Caulle,MODIS,215.4,8.94,1,alta,2026-10-05T18:06:10,mirova-archivo,1
2011-11-14T05:45:00,357150,Puyehue-Cordon Caulle,MODIS,73.38,9.85,1,moderada,2026-10-05T18:06:10,mirova-archivo,1
2011-11-14T15:10:00,357150,Puyehue-Cordon Caulle,MODIS,69.75,8.54,1,moderada,2026-10-05T18:06:10,mirova-archivo,1
2011-11-15T03:10:00,357150,Puyehue-Cordon Caulle,MODIS,84.37,9.49,1,moderada,2026-10-05T18:06:10,mirova-archivo,1
2011-11-15T06:25:00,357150,Puyehue-Cordon Caulle,MODIS,34.51,9.85,1,moderada,2026-10-05T18:06:10,mirova-archivo,1
2011-11-16T14:55:00,357150,Puyehue-Cordon Caulle,MODIS,143.3,8.54,1,alta,2026-10-05T18:06:10,mirova-archivo,1
2011-11-17T02:55:00,357150,Puyehue-Cordon Caulle,MODIS,16.75,8.54,1,moderada,2026-10-05T18:06:10,mirova-archivo,1
2011-11-17T06:15:00,357150,Puyehue-Cordon Caulle,MODIS,20.26,9.85,1,moderada,2026-10-05T18:06:10,mirova-archivo,1
2011-11-19T04:20:00,357150,Puyehue-Cordon Caulle,MODIS,134.6,9.06,1,alta,2026-10-05T18:06:10,mirova-archivo,1
2011-11-19T06:00:00,357150,Puyehue-Cordon Caulle,MODIS,26.7,9.49,1,moderada,2026-10-05T18:06:10,mirova-archivo,1
2011-11-20T03:25:00,357150,Puyehue-Cordon Caulle,MODIS,71.38,9.85,1,moderada,2026-10-05T18:06:10,mirova-archivo,1
2011-11-20T06:45:00,357150,Puyehue-Cordon Caulle,MODIS,23.4,8.54,1,moderada,2026-10-05T18:06:10,mirova-archivo,1
2011-11-25T03:45:00,357150,Puyehue-Cordon Caulle,MODIS,21.63,9.22,1,moderada,2026-10-05T18:06:10,mirova-archivo,1
2011-11-26T04:30:00,357150,Puyehue-Cordon Caulle,MODIS,74.34,10.05,1,moderada,2026-10-05T18:06:10,mirova-archivo,1
2011-11-26T06:10:00,357150,Puyehue-Cordon Caulle,MODIS,620.5,9.85,1,alta,2026-10-05T18:06:10,mirova-archivo,1
2011-11-27T03:35:00,357150,Puyehue-Cordon Caulle,MODIS,72.8,8.94,1,moderada,2026-10-05T18:06:10,mirova-archivo,1
2011-11-27T05:15:00,357150,Puyehue-Cordon Caulle,MODIS,16.13,9.49,1,moderada,2026-10-05T18:06:10,mirova-archivo,1
2011-11-28T15:20:00,357150,Puyehue-Cordon Caulle,MODIS,77.7,8.54,1,moderada,2026-10-05T18:06:10,mirova-archivo,1
2011-11-29T03:20:00,357150,Puyehue-Cordon Caulle,MODIS,27.71,9.85,1,moderada,2026-10-05T18:06:10,mirova-archivo,1
2011-11-29T06:40:00,357150,Puyehue-Cordon Caulle,MODIS,35.42,9.22,1,moderada,2026-10-05T18:06:10,mirova-archivo,1
2011-11-29T18:40:00,357150,Puyehue-Cordon Caulle,MODIS,88.48,8.54,1,moderada,2026-10-05T18:06:10,mirova-archivo,1
2011-11-30T05:45:00,357150,Puyehue-Cordon Caulle,MODIS,64.89,9.49,1,moderada,2026-10-05T18:06:10,mirova-archivo,1
2011-12-01T06:25:00,357150,Puyehue-Cordon Caulle,MODIS,133.7,9.49,1,alta,2026-10-05T18:06:10,mirova-archivo,1
2011-12-02T03:50:00,357150,Puyehue-Cordon Caulle,MODIS,190.1,9.85,1,alta,2026-10-05T18:06:10,mirova-archivo,1
2011-12-02T05:30:00,357150,Puyehue-Cordon Caulle,MODIS,119.1,9.85,1,alta,2026-10-05T18:06:10,mirova-archivo,1
2011-12-03T06:15:00,357150,Puyehue-Cordon Caulle,MODIS,18.07,8.54,1,moderada,2026-10-05T18:06:10,mirova-archivo,1
2011-12-05T04:20:00,357150,Puyehue-Cordon Caulle,MODIS,71.11,9.22,1,moderada,2026-10-05T18:06:10,mirova-archivo,1
2011-12-05T06:00:00,357150,Puyehue-Cordon Caulle,MODIS,107.7,9.85,1,alta,2026-10-05T18:06:10,mirova-archivo,1
2011-12-05T15:25:00,357150,Puyehue-Cordon Caulle,MODIS,65.25,8.54,1,moderada,2026-10-05T18:06:10,mirova-archivo,1
2011-12-06T06:45:00,357150,Puyehue-Cordon Caulle,MODIS,69.28,9.22,1,moderada,2026-10-05T18:06:10,mirova-archivo,1
2011-12-07T04:10:00,357150,Puyehue-Cordon Caulle,MODIS,184.6,9.43,1,alta,2026-10-05T18:06:10,mirova-archivo,1
2011-12-07T05:50:00,357150,Puyehue-Cordon Caulle,MODIS,128.6,10.77,1,alta,2026-10-05T18:06:10,mirova-archivo,1
2011-12-08T03:15:00,357150,Puyehue-Cordon Caulle,MODIS,37.08,8.94,1,moderada,2026-10-05T18:06:10,mirova-archivo,1
2011-12-08T04:55:00,357150,Puyehue-Cordon Caulle,MODIS,16.66,10.77,1,moderada,2026-10-05T18:06:10,mirova-archivo,1
2011-12-08T06:35:00,357150,Puyehue-Cordon Caulle,MODIS,102,9.85,1,alta,2026-10-05T18:06:10,mirova-archivo,1
2011-12-09T03:55:00,357150,Puyehue-Cordon Caulle,MODIS,113.7,9.49,1,alta,2026-10-05T18:06:10,mirova-archivo,1
2011-12-10T03:00:00,357150,Puyehue-Cordon Caulle,MODIS,20.52,9.85,1,moderada,2026-10-05T18:06:10,mirova-archivo,1
2011-12-10T18:20:00,357150,Puyehue-Cordon Caulle,MODIS,59.07,8.54,1,moderada,2026-10-05T18:06:10,mirova-archivo,1
2011-12-12T04:30:00,357150,Puyehue-Cordon Caulle,MODIS,73.08,9.06,1,moderada,2026-10-05T18:06:10,mirova-archivo,1
2011-12-12T06:10:00,357150,Puyehue-Cordon Caulle,MODIS,156.4,9.85,1,alta,2026-10-05T18:06:10,mirova-archivo,1
2011-12-13T03:35:00,357150,Puyehue-Cordon Caulle,MODIS,133.4,9.85,1,alta,2026-10-05T18:06:10,mirova-archivo,1
2011-12-13T05:15:00,357150,Puyehue-Cordon Caulle,MODIS,34.31,10.77,1,moderada,2026-10-05T18:06:10,mirova-archivo,1
2011-12-13T18:50:00,357150,Puyehue-Cordon Caulle,MODIS,86.43,8.54,1,moderada,2026-10-05T18:06:10,mirova-archivo,1
2011-12-14T04:15:00,357150,Puyehue-Cordon Caulle,MODIS,56.69,9.49,1,moderada,2026-10-05T18:06:10,mirova-archivo,1
2011-12-14T05:55:00,357150,Puyehue-Cordon Caulle,MODIS,22.91,9.85,1,moderada,2026-10-05T18:06:10,mirova-archivo,1
2011-12-14T15:20:00,357150,Puyehue-Cordon Caulle,MODIS,63.58,8.54,1,moderada,2026-10-05T18:06:10,mirova-archivo,1
2011-12-15T03:20:00,357150,Puyehue-Cordon Caulle,MODIS,83.42,9.49,1,moderada,2026-10-05T18:06:10,mirova-archivo,1
2011-12-15T05:00:00,357150,Puyehue-Cordon Caulle,MODIS,80.54,9.22,1,moderada,2026-10-05T18:06:10,mirova-archivo,1
2011-12-15T06:40:00,357150,Puyehue-Cordon Caulle,MODIS,89.53,10.44,1,moderada,2026-10-05T18:06:10,mirova-archivo,1
2011-12-16T05:45:00,357150,Puyehue-Cordon Caulle,MODIS,123.1,9.85,1,alta,2026-10-05T18:06:10,mirova-archivo,1
2011-12-17T06:25:00,357150,Puyehue-Cordon Caulle,MODIS,118.9,9.85,1,alta,2026-10-05T18:06:10,mirova-archivo,1
2011-12-18T03:50:00,357150,Puyehue-Cordon Caulle,MODIS,19.27,8.54,1,moderada,2026-10-05T18:06:10,mirova-archivo,1
2011-12-18T05:30:00,357150,Puyehue-Cordon Caulle,MODIS,28.62,9.85,1,moderada,2026-10-05T18:06:10,mirova-archivo,1
2011-12-19T02:55:00,357150,Puyehue-Cordon Caulle,MODIS,23.81,10.00,1,moderada,2026-10-05T18:06:10,mirova-archivo,1
2011-12-19T04:35:00,357150,Puyehue-Cordon Caulle,MODIS,39.65,9.49,1,moderada,2026-10-05T18:06:10,mirova-archivo,1
2011-12-19T06:15:00,357150,Puyehue-Cordon Caulle,MODIS,212.5,9.85,1,alta,2026-10-05T18:06:10,mirova-archivo,1
2011-12-23T04:10:00,357150,Puyehue-Cordon Caulle,MODIS,140.5,9.49,1,alta,2026-10-05T18:06:10,mirova-archivo,1
2011-12-23T05:50:00,357150,Puyehue-Cordon Caulle,MODIS,132.1,9.85,1,alta,2026-10-05T18:06:10,mirova-archivo,1
2011-12-24T03:15:00,357150,Puyehue-Cordon Caulle,MODIS,78.37,9.49,1,moderada,2026-10-05T18:06:10,mirova-archivo,1
2011-12-25T04:00:00,357150,Puyehue-Cordon Caulle,MODIS,6.038,8.54,1,baja,2026-10-05T18:06:10,mirova-archivo,1
2011-12-25T05:35:00,357150,Puyehue-Cordon Caulle,MODIS,91.89,9.49,1,moderada,2026-10-05T18:06:10,mirova-archivo,1
2011-12-26T04:40:00,357150,Puyehue-Cordon Caulle,MODIS,73.71,10.05,1,moderada,2026-10-05T18:06:10,mirova-archivo,1
2011-12-26T06:20:00,357150,Puyehue-Cordon Caulle,MODIS,130.6,9.85,1,alta,2026-10-05T18:06:10,mirova-archivo,1
2011-12-27T03:45:00,357150,Puyehue-Cordon Caulle,MODIS,53.56,9.85,1,moderada,2026-10-05T18:06:10,mirova-archivo,1
2011-12-27T05:25:00,357150,Puyehue-Cordon Caulle,MODIS,141.8,10.77,1,alta,2026-10-05T18:06:10,mirova-archivo,1
2011-12-28T04:30:00,357150,Puyehue-Cordon Caulle,MODIS,139,10.20,1,alta,2026-10-05T18:06:10,mirova-archivo,1
2011-12-28T06:10:00,357150,Puyehue-Cordon Caulle,MODIS,20.33,8.54,1,moderada,2026-10-05T18:06:10,mirova-archivo,1
2011-12-29T03:35:00,357150,Puyehue-Cordon Caulle,MODIS,147.3,9.49,1,alta,2026-10-05T18:06:10,mirova-archivo,1
2011-12-29T05:15:00,357150,Puyehue-Cordon Caulle,MODIS,45.03,10.77,1,moderada,2026-10-05T18:06:10,mirova-archivo,1
2011-12-29T18:50:00,357150,Puyehue-Cordon Caulle,MODIS,126.4,8.25,1,alta,2026-10-05T18:06:10,mirova-archivo,1
2011-12-30T04:15:00,357150,Puyehue-Cordon Caulle,MODIS,209.1,9.22,1,alta,2026-10-05T18:06:10,mirova-archivo,1
2011-12-30T05:55:00,357150,Puyehue-Cordon Caulle,MODIS,142.1,9.85,1,alta,2026-10-05T18:06:10,mirova-archivo,1
2011-12-31T03:20:00,357150,Puyehue-Cordon Caulle,MODIS,2.774,9.85,1,baja,2026-10-05T18:06:10,mirova-archivo,1
2011-12-31T05:00:00,357150,Puyehue-Cordon Caulle,MODIS,2.935,8.54,1,baja,2026-10-05T18:06:10,mirova-archivo,1
2011-12-31T06:40:00,357150,Puyehue-Cordon Caulle,MODIS,18.7,9.85,1,moderada,2026-10-05T18:06:10,mirova-archivo,1
2012-01-01T04:05:00,357150,Puyehue-Cordon Caulle,MODIS,76.32,9.49,1,moderada,2026-10-05T18:06:10,mirova-archivo,1
2012-01-01T05:45:00,357150,Puyehue-Cordon Caulle,MODIS,100.1,9.85,1,alta,2026-10-05T18:06:10,mirova-archivo,1
2012-01-02T03:10:00,357150,Puyehue-Cordon Caulle,MODIS,3.008,7.21,1,baja,2026-10-05T18:06:10,mirova-archivo,1
2012-01-02T06:25:00,357150,Puyehue-Cordon Caulle,MODIS,28.54,9.49,1,moderada,2026-10-05T18:06:10,mirova-archivo,1
2012-01-03T03:50:00,357150,Puyehue-Cordon Caulle,MODIS,31.17,9.49,1,moderada,2026-10-05T18:06:10,mirova-archivo,1
2012-01-04T02:55:00,357150,Puyehue-Cordon Caulle,MODIS,23.41,9.85,1,moderada,2026-10-05T18:06:10,mirova-archivo,1
2012-01-05T03:40:00,357150,Puyehue-Cordon Caulle,MODIS,111.5,9.49,1,alta,2026-10-05T18:06:10,mirova-archivo,1
2012-01-05T05:20:00,357150,Puyehue-Cordon Caulle,MODIS,82.55,9.85,1,moderada,2026-10-05T18:06:10,mirova-archivo,1
2012-01-05T14:45:00,357150,Puyehue-Cordon Caulle,MODIS,63.72,8.54,1,moderada,2026-10-05T18:06:10,mirova-archivo,1
2012-01-05T18:55:00,357150,Puyehue-Cordon Caulle,MODIS,123.1,7.62,1,alta,2026-10-05T18:06:10,mirova-archivo,1
2012-01-06T04:20:00,357150,Puyehue-Cordon Caulle,MODIS,86.96,8.94,1,moderada,2026-10-05T18:06:10,mirova-archivo,1
2012-01-06T06:00:00,357150,Puyehue-Cordon Caulle,MODIS,49.42,9.85,1,moderada,2026-10-05T18:06:10,mirova-archivo,1
2012-01-07T03:25:00,357150,Puyehue-Cordon Caulle,MODIS,83.23,9.85,1,moderada,2026-10-05T18:06:10,mirova-archivo,1
2012-01-07T05:05:00,357150,Puyehue-Cordon Caulle,MODIS,25.55,9.22,1,moderada,2026-10-05T18:06:10,mirova-archivo,1
2012-01-07T06:45:00,357150,Puyehue-Cordon Caulle,MODIS,6.982,7.07,1,baja,2026-10-05T18:06:10,mirova-archivo,1
2012-01-10T05:40:00,357150,Puyehue-Cordon Caulle,MODIS,11.61,8.54,1,moderada,2026-10-05T18:06:10,mirova-archivo,1
2012-01-12T03:45:00,357150,Puyehue-Cordon Caulle,MODIS,69.94,9.85,1,moderada,2026-10-05T18:06:10,mirova-archivo,1
2012-01-12T05:25:00,357150,Puyehue-Cordon Caulle,MODIS,19.29,8.54,1,moderada,2026-10-05T18:06:10,mirova-archivo,1
2012-01-13T06:10:00,357150,Puyehue-Cordon Caulle,MODIS,51.05,9.49,1,moderada,2026-10-05T18:06:10,mirova-archivo,1
2012-01-14T03:35:00,357150,Puyehue-Cordon Caulle,MODIS,61.69,9.85,1,moderada,2026-10-05T18:06:10,mirova-archivo,1
2012-01-14T05:15:00,357150,Puyehue-Cordon Caulle,MODIS,14.56,9.49,1,moderada,2026-10-05T18:06:10,mirova-archivo,1
2012-01-16T03:20:00,357150,Puyehue-Cordon Caulle,MODIS,19.83,9.49,1,moderada,2026-10-05T18:06:10,mirova-archivo,1
2012-01-16T06:40:00,357150,Puyehue-Cordon Caulle,MODIS,56.43,9.43,1,moderada,2026-10-05T18:06:10,mirova-archivo,1
2012-01-18T06:25:00,357150,Puyehue-Cordon Caulle,MODIS,83.28,8.94,1,moderada,2026-10-05T18:06:10,mirova-archivo,1
2012-01-19T03:50:00,357150,Puyehue-Cordon Caulle,MODIS,59.7,9.22,1,moderada,2026-10-05T18:06:10,mirova-archivo,1
2012-01-19T05:30:00,357150,Puyehue-Cordon Caulle,MODIS,47.95,9.49,1,moderada,2026-10-05T18:06:10,mirova-archivo,1
2012-01-21T03:40:00,357150,Puyehue-Cordon Caulle,MODIS,76.91,9.85,1,moderada,2026-10-05T18:06:10,mirova-archivo,1
2012-01-21T04:42:00,357150,Puyehue-Cordon Caulle,VIIRS750,22.05,9.49,1,moderada,2026-10-05T18:06:10,mirova-archivo,1
2012-01-21T06:18:00,357150,Puyehue-Cordon Caulle,VIIRS750,23.72,9.06,1,moderada,2026-10-05T18:06:10,mirova-archivo,1
2012-01-22T06:00:00,357150,Puyehue-Cordon Caulle,MODIS,38.93,9.49,1,moderada,2026-10-05T18:06:10,mirova-archivo,1
2012-01-22T06:00:00,357150,Puyehue-Cordon Caulle,VIIRS750,59.56,9.28,1,moderada,2026-10-05T18:06:10,mirova-archivo,1
2012-01-23T05:42:00,357150,Puyehue-Cordon Caulle,VIIRS750,67.52,9.75,1,moderada,2026-10-05T18:06:10,mirova-archivo,1
2012-01-24T05:24:00,357150,Puyehue-Cordon Caulle,VIIRS750,16.42,9.49,1,moderada,2026-10-05T18:06:10,mirova-archivo,1
2012-01-24T05:50:00,357150,Puyehue-Cordon Caulle,MODIS,9.242,8.54,1,baja,2026-10-05T18:06:10,mirova-archivo,1
2012-01-25T03:15:00,357150,Puyehue-Cordon Caulle,MODIS,77.51,9.49,1,moderada,2026-10-05T18:06:10,mirova-archivo,1
2012-01-25T04:55:00,357150,Puyehue-Cordon Caulle,MODIS,4.84,9.43,1,baja,2026-10-05T18:06:10,mirova-archivo,1
2012-01-25T05:06:00,357150,Puyehue-Cordon Caulle,VIIRS750,103.5,9.49,1,alta,2026-10-05T18:06:10,mirova-archivo,1
2012-01-25T06:35:00,357150,Puyehue-Cordon Caulle,MODIS,90.51,10.77,1,moderada,2026-10-05T18:06:10,mirova-archivo,1
2012-01-25T06:42:00,357150,Puyehue-Cordon Caulle,VIIRS750,105.6,9.28,1,alta,2026-10-05T18:06:10,mirova-archivo,1
2012-01-26T03:55:00,357150,Puyehue-Cordon Caulle,MODIS,97.11,9.22,1,moderada,2026-10-05T18:06:10,mirova-archivo,1
2012-01-26T04:48:00,357150,Puyehue-Cordon Caulle,VIIRS750,10.24,8.78,1,moderada,2026-10-05T18:06:10,mirova-archivo,1
2012-01-26T05:40:00,357150,Puyehue-Cordon Caulle,MODIS,57.93,9.85,1,moderada,2026-10-05T18:06:10,mirova-archivo,1
2012-01-26T06:24:00,357150,Puyehue-Cordon Caulle,VIIRS750,165.7,9.28,1,alta,2026-10-05T18:06:10,mirova-archivo,1
2012-01-27T03:00:00,357150,Puyehue-Cordon Caulle,MODIS,36.3,9.49,1,moderada,2026-10-05T18:06:10,mirova-archivo,1
2012-01-27T04:24:00,357150,Puyehue-Cordon Caulle,VIIRS375,9.156,9.64,1,baja,2026-10-05T18:06:10,mirova-archivo,1
2012-01-27T06:06:00,357150,Puyehue-Cordon Caulle,VIIRS750,140.3,9.28,1,alta,2026-10-05T18:06:10,mirova-archivo,1
2012-01-27T06:20:00,357150,Puyehue-Cordon Caulle,MODIS,83.17,9.22,1,moderada,2026-10-05T18:06:10,mirova-archivo,1
2012-01-28T05:48:00,357150,Puyehue-Cordon Caulle,VIIRS375,17.85,9.40,1,moderada,2026-10-05T18:06:10,mirova-archivo,1
2012-01-31T06:30:00,357150,Puyehue-Cordon Caulle,VIIRS375,5.224,8.75,1,baja,2026-10-05T18:06:10,mirova-archivo,1
2012-02-02T04:05:00,357150,Puyehue-Cordon Caulle,MODIS,69.29,9.49,1,moderada,2026-10-05T18:06:10,mirova-archivo,1
2012-02-02T05:45:00,357150,Puyehue-Cordon Caulle,MODIS,45.97,9.49,1,moderada,2026-10-05T18:06:10,mirova-archivo,1
2012-02-02T05:54:00,357150,Puyehue-Cordon Caulle,VIIRS750,104.7,9.75,1,alta,2026-10-05T18:06:10,mirova-archivo,1
2012-02-03T03:10:00,357150,Puyehue-Cordon Caulle,MODIS,3.192,8.54,1,baja,2026-10-05T18:06:10,mirova-archivo,1
2012-02-03T06:25:00,357150,Puyehue-Cordon Caulle,MODIS,118.8,9.49,1,alta,2026-10-05T18:06:10,mirova-archivo,1
2012-02-03T18:25:00,357150,Puyehue-Cordon Caulle,MODIS,60.52,7.62,1,moderada,2026-10-05T18:06:10,mirova-archivo,1
2012-02-04T03:50:00,357150,Puyehue-Cordon Caulle,MODIS,61.67,9.49,1,moderada,2026-10-05T18:06:10,mirova-archivo,1
2012-02-04T05:18:00,357150,Puyehue-Cordon Caulle,VIIRS750,132.6,9.49,1,alta,2026-10-05T18:06:10,mirova-archivo,1
2012-02-04T05:30:00,357150,Puyehue-Cordon Caulle,MODIS,109.8,9.85,1,alta,2026-10-05T18:06:10,mirova-archivo,1
2012-02-05T04:35:00,357150,Puyehue-Cordon Caulle,MODIS,72.9,9.06,1,moderada,2026-10-05T18:06:10,mirova-archivo,1
2012-02-05T05:00:00,357150,Puyehue-Cordon Caulle,VIIRS750,39.13,9.28,1,moderada,2026-10-05T18:06:10,mirova-archivo,1
2012-02-05T06:15:00,357150,Puyehue-Cordon Caulle,MODIS,222.7,10.44,1,alta,2026-10-05T18:06:10,mirova-archivo,1
2012-02-05T06:36:00,357150,Puyehue-Cordon Caulle,VIIRS750,140.1,9.28,1,alta,2026-10-05T18:06:10,mirova-archivo,1
2012-02-06T03:40:00,357150,Puyehue-Cordon Caulle,MODIS,34.81,8.54,1,moderada,2026-10-05T18:06:10,mirova-archivo,1
2012-02-06T04:42:00,357150,Puyehue-Cordon Caulle,VIIRS750,7.896,9.06,1,baja,2026-10-05T18:06:10,mirova-archivo,1
2012-02-06T05:20:00,357150,Puyehue-Cordon Caulle,MODIS,36.79,9.49,1,moderada,2026-10-05T18:06:10,mirova-archivo,1
2012-02-06T06:18:00,357150,Puyehue-Cordon Caulle,VIIRS750,102.1,9.75,1,alta,2026-10-05T18:06:10,mirova-archivo,1
2012-02-07T04:20:00,357150,Puyehue-Cordon Caulle,MODIS,96.86,10.00,1,moderada,2026-10-05T18:06:10,mirova-archivo,1
2012-02-07T06:00:00,357150,Puyehue-Cordon Caulle,MODIS,109,9.49,1,alta,2026-10-05T18:06:10,mirova-archivo,1
2012-02-09T04:10:00,357150,Puyehue-Cordon Caulle,MODIS,42.71,9.49,1,moderada,2026-10-05T18:06:10,mirova-archivo,1
2012-02-09T05:50:00,357150,Puyehue-Cordon Caulle,MODIS,8.458,7.28,1,baja,2026-10-05T18:06:10,mirova-archivo,1
2012-02-10T03:15:00,357150,Puyehue-Cordon Caulle,MODIS,10.16,8.54,1,moderada,2026-10-05T18:06:10,mirova-archivo,1
2012-02-10T06:35:00,357150,Puyehue-Cordon Caulle,MODIS,68.41,9.85,1,moderada,2026-10-05T18:06:10,mirova-archivo,1
2012-02-11T03:55:00,357150,Puyehue-Cordon Caulle,MODIS,117.4,8.94,1,alta,2026-10-05T18:06:10,mirova-archivo,1
2012-02-11T04:00:00,357150,Puyehue-Cordon Caulle,MODIS,8.371,9.85,1,baja,2026-10-05T18:06:10,mirova-archivo,1
2012-02-11T05:40:00,357150,Puyehue-Cordon Caulle,MODIS,64.08,9.49,1,moderada,2026-10-05T18:06:10,mirova-archivo,1
2012-02-11T15:05:00,357150,Puyehue-Cordon Caulle,MODIS,77.68,8.25,1,moderada,2026-10-05T18:06:10,mirova-archivo,1
2012-02-12T06:06:00,357150,Puyehue-Cordon Caulle,VIIRS375,3.104,8.83,1,baja,2026-10-05T18:06:10,mirova-archivo,1
2012-02-13T03:45:00,357150,Puyehue-Cordon Caulle,MODIS,171.9,9.22,1,alta,2026-10-05T18:06:10,mirova-archivo,1
2012-02-13T05:48:00,357150,Puyehue-Cordon Caulle,VIIRS750,25.57,9.49,1,moderada,2026-10-05T18:06:10,mirova-archivo,1
2012-02-14T04:30:00,357150,Puyehue-Cordon Caulle,MODIS,204.6,9.49,1,alta,2026-10-05T18:06:10,mirova-archivo,1
2012-02-14T05:30:00,357150,Puyehue-Cordon Caulle,VIIRS750,202.3,9.75,1,alta,2026-10-05T18:06:10,mirova-archivo,1
2012-02-14T06:10:00,357150,Puyehue-Cordon Caulle,MODIS,260,9.85,1,alta,2026-10-05T18:06:10,mirova-archivo,1
2012-02-15T03:35:00,357150,Puyehue-Cordon Caulle,MODIS,163.1,9.85,1,alta,2026-10-05T18:06:10,mirova-archivo,1
2012-02-15T05:12:00,357150,Puyehue-Cordon Caulle,VIIRS750,100.8,9.49,1,alta,2026-10-05T18:06:10,mirova-archivo,1
2012-02-15T05:15:00,357150,Puyehue-Cordon Caulle,MODIS,13.34,8.54,1,moderada,2026-10-05T18:06:10,mirova-archivo,1
2012-02-15T06:54:00,357150,Puyehue-Cordon Caulle,VIIRS750,113.2,9.49,1,alta,2026-10-05T18:06:10,mirova-archivo,1
2012-02-15T18:50:00,357150,Puyehue-Cordon Caulle,MODIS,83.55,8.25,1,moderada,2026-10-05T18:06:10,mirova-archivo,1
2012-02-16T04:54:00,357150,Puyehue-Cordon Caulle,VIIRS750,10.78,9.49,1,moderada,2026-10-05T18:06:10,mirova-archivo,1
2012-02-16T05:55:00,357150,Puyehue-Cordon Caulle,MODIS,3.296,8.25,1,baja,2026-10-05T18:06:10,mirova-archivo,1
2012-02-16T06:30:00,357150,Puyehue-Cordon Caulle,VIIRS375,3.378,8.75,1,baja,2026-10-05T18:06:10,mirova-archivo,1
2012-02-19T05:36:00,357150,Puyehue-Cordon Caulle,VIIRS750,19.94,8.78,1,moderada,2026-10-05T18:06:10,mirova-archivo,1
2012-02-20T05:18:00,357150,Puyehue-Cordon Caulle,VIIRS750,36.13,9.49,1,moderada,2026-10-05T18:06:10,mirova-archivo,1
2012-02-20T05:30:00,357150,Puyehue-Cordon Caulle,MODIS,14.96,9.49,1,moderada,2026-10-05T18:06:10,mirova-archivo,1
2012-02-21T04:35:00,357150,Puyehue-Cordon Caulle,MODIS,236.1,9.85,1,alta,2026-10-05T18:06:10,mirova-archivo,1
2012-02-21T06:15:00,357150,Puyehue-Cordon Caulle,MODIS,77.13,9.49,1,moderada,2026-10-05T18:06:10,mirova-archivo,1
2012-02-22T03:40:00,357150,Puyehue-Cordon Caulle,MODIS,98.68,9.22,1,moderada,2026-10-05T18:06:10,mirova-archivo,1
2012-02-22T04:42:00,357150,Puyehue-Cordon Caulle,VIIRS375,0.3762,9.13,1,muy baja,2026-10-05T18:06:10,mirova-archivo,1
2012-02-22T06:18:00,357150,Puyehue-Cordon Caulle,VIIRS750,60.46,9.28,1,moderada,2026-10-05T18:06:10,mirova-archivo,1
2012-02-23T04:20:00,357150,Puyehue-Cordon Caulle,MODIS,81.72,9.06,1,moderada,2026-10-05T18:06:10,mirova-archivo,1
2012-02-23T06:00:00,357150,Puyehue-Cordon Caulle,VIIRS750,121.5,9.28,1,alta,2026-10-05T18:06:10,mirova-archivo,1
2012-02-23T06:05:00,357150,Puyehue-Cordon Caulle,MODIS,60.18,9.49,1,moderada,2026-10-05T18:06:10,mirova-archivo,1
2012-02-24T03:25:00,357150,Puyehue-Cordon Caulle,MODIS,103.8,9.85,1,alta,2026-10-05T18:06:10,mirova-archivo,1
2012-02-24T05:42:00,357150,Puyehue-Cordon Caulle,VIIRS750,51.03,9.49,1,moderada,2026-10-05T18:06:10,mirova-archivo,1
2012-02-24T06:45:00,357150,Puyehue-Cordon Caulle,MODIS,8.364,7.28,1,baja,2026-10-05T18:06:10,mirova-archivo,1
2012-02-26T05:06:00,357150,Puyehue-Cordon Caulle,VIIRS750,5.058,9.06,1,baja,2026-10-05T18:06:10,mirova-archivo,1
2012-02-27T04:00:00,357150,Puyehue-Cordon Caulle,MODIS,50.21,9.22,1,moderada,2026-10-05T18:06:10,mirova-archivo,1
2012-02-27T04:48:00,357150,Puyehue-Cordon Caulle,VIIRS750,21.41,10.01,1,moderada,2026-10-05T18:06:10,mirova-archivo,1
2012-02-27T05:40:00,357150,Puyehue-Cordon Caulle,MODIS,44.24,9.49,1,moderada,2026-10-05T18:06:10,mirova-archivo,1
2012-02-27T06:24:00,357150,Puyehue-Cordon Caulle,VIIRS750,6.296,8.55,1,baja,2026-10-05T18:06:10,mirova-archivo,1
2012-02-29T05:48:00,357150,Puyehue-Cordon Caulle,VIIRS750,13.57,9.12,1,moderada,2026-10-05T18:06:10,mirova-archivo,1
2012-03-01T05:30:00,357150,Puyehue-Cordon Caulle,VIIRS750,53.92,9.86,1,moderada,2026-10-05T18:06:10,mirova-archivo,1
2012-03-02T05:12:00,357150,Puyehue-Cordon Caulle,VIIRS750,72.44,10.01,1,moderada,2026-10-05T18:06:10,mirova-archivo,1
2012-03-02T06:54:00,357150,Puyehue-Cordon Caulle,VIIRS750,66.28,9.28,1,moderada,2026-10-05T18:06:10,mirova-archivo,1
2012-03-03T06:30:00,357150,Puyehue-Cordon Caulle,VIIRS750,18.38,9.28,1,moderada,2026-10-05T18:06:10,mirova-archivo,1
2012-03-06T03:10:00,357150,Puyehue-Cordon Caulle,MODIS,19.07,8.94,1,moderada,2026-10-05T18:06:10,mirova-archivo,1
2012-03-06T05:36:00,357150,Puyehue-Cordon Caulle,VIIRS750,27.97,9.28,1,moderada,2026-10-05T18:06:10,mirova-archivo,1
2012-03-07T03:50:00,357150,Puyehue-Cordon Caulle,MODIS,37.33,9.49,1,moderada,2026-10-05T18:06:10,mirova-archivo,1
2012-03-07T05:18:00,357150,Puyehue-Cordon Caulle,VIIRS750,39.23,9.49,1,moderada,2026-10-05T18:06:10,mirova-archivo,1
2012-03-07T05:30:00,357150,Puyehue-Cordon Caulle,MODIS,19.08,9.49,1,moderada,2026-10-05T18:06:10,mirova-archivo,1
2012-03-08T05:00:00,357150,Puyehue-Cordon Caulle,VIIRS750,32.86,10.01,1,moderada,2026-10-05T18:06:10,mirova-archivo,1
2012-03-08T06:15:00,357150,Puyehue-Cordon Caulle,MODIS,29.53,9.22,1,moderada,2026-10-05T18:06:10,mirova-archivo,1
2012-03-08T06:36:00,357150,Puyehue-Cordon Caulle,VIIRS750,36.82,9.49,1,moderada,2026-10-05T18:06:10,mirova-archivo,1
2012-03-09T03:40:00,357150,Puyehue-Cordon Caulle,MODIS,62.94,9.49,1,moderada,2026-10-05T18:06:10,mirova-archivo,1
2012-03-09T04:42:00,357150,Puyehue-Cordon Caulle,VIIRS750,31.24,10.01,1,moderada,2026-10-05T18:06:10,mirova-archivo,1
2012-03-09T05:20:00,357150,Puyehue-Cordon Caulle,MODIS,2.666,8.54,1,baja,2026-10-05T18:06:10,mirova-archivo,1
2012-03-09T06:18:00,357150,Puyehue-Cordon Caulle,VIIRS750,60.1,9.49,1,moderada,2026-10-05T18:06:10,mirova-archivo,1
2012-03-10T04:20:00,357150,Puyehue-Cordon Caulle,MODIS,64.08,9.00,1,moderada,2026-10-05T18:06:10,mirova-archivo,1
2012-03-10T06:00:00,357150,Puyehue-Cordon Caulle,MODIS,28.5,9.85,1,moderada,2026-10-05T18:06:10,mirova-archivo,1
2012-03-11T03:25:00,357150,Puyehue-Cordon Caulle,MODIS,51.51,9.49,1,moderada,2026-10-05T18:06:10,mirova-archivo,1
2012-03-11T05:42:00,357150,Puyehue-Cordon Caulle,VIIRS750,85.98,9.49,1,moderada,2026-10-05T18:06:10,mirova-archivo,1
2012-03-12T04:10:00,357150,Puyehue-Cordon Caulle,MODIS,56.1,9.49,1,moderada,2026-10-05T18:06:10,mirova-archivo,1
2012-03-12T05:24:00,357150,Puyehue-Cordon Caulle,VIIRS750,53.22,9.86,1,moderada,2026-10-05T18:06:10,mirova-archivo,1
2012-03-12T05:50:00,357150,Puyehue-Cordon Caulle,MODIS,45.29,9.49,1,moderada,2026-10-05T18:06:10,mirova-archivo,1
2012-03-13T05:06:00,357150,Puyehue-Cordon Caulle,VIIRS750,31.78,9.49,1,moderada,2026-10-05T18:06:10,mirova-archivo,1
2012-03-13T06:35:00,357150,Puyehue-Cordon Caulle,MODIS,9.31,7.07,1,baja,2026-10-05T18:06:10,mirova-archivo,1
2012-03-14T04:00:00,357150,Puyehue-Cordon Caulle,MODIS,61.2,9.22,1,moderada,2026-10-05T18:06:10,mirova-archivo,1
2012-03-14T04:48:00,357150,Puyehue-Cordon Caulle,VIIRS750,34.65,9.49,1,moderada,2026-10-05T18:06:10,mirova-archivo,1
2012-03-14T05:40:00,357150,Puyehue-Cordon Caulle,MODIS,71.91,9.49,1,moderada,2026-10-05T18:06:10,mirova-archivo,1
2012-03-14T06:24:00,357150,Puyehue-Cordon Caulle,VIIRS750,73.62,9.28,1,moderada,2026-10-05T18:06:10,mirova-archivo,1
2012-03-15T03:00:00,357150,Puyehue-Cordon Caulle,MODIS,9.207,9.43,1,baja,2026-10-05T18:06:10,mirova-archivo,1
2012-03-15T06:06:00,357150,Puyehue-Cordon Caulle,VIIRS750,53.38,9.49,1,moderada,2026-10-05T18:06:10,mirova-archivo,1
2012-03-15T06:20:00,357150,Puyehue-Cordon Caulle,MODIS,38.88,9.49,1,moderada,2026-10-05T18:06:10,mirova-archivo,1
2012-03-16T03:45:00,357150,Puyehue-Cordon Caulle,MODIS,40.66,9.22,1,moderada,2026-10-05T18:06:10,mirova-archivo,1
2012-03-16T05:25:00,357150,Puyehue-Cordon Caulle,MODIS,25.4,9.49,1,moderada,2026-10-05T18:06:10,mirova-archivo,1
2012-03-16T05:48:00,357150,Puyehue-Cordon Caulle,VIIRS750,66.45,9.75,1,moderada,2026-10-05T18:06:10,mirova-archivo,1
2012-03-17T05:30:00,357150,Puyehue-Cordon Caulle,VIIRS375,0.3087,8.08,1,muy baja,2026-10-05T18:06:10,mirova-archivo,1
2012-03-18T03:35:00,357150,Puyehue-Cordon Caulle,MODIS,31.36,9.22,1,moderada,2026-10-05T18:06:10,mirova-archivo,1
2012-03-18T05:12:00,357150,Puyehue-Cordon Caulle,VIIRS750,14.57,9.49,1,moderada,2026-10-05T18:06:10,mirova-archivo,1
2012-03-18T06:54:00,357150,Puyehue-Cordon Caulle,VIIRS750,13.34,8.78,1,moderada,2026-10-05T18:06:10,mirova-archivo,1
2012-03-20T03:20:00,357150,Puyehue-Cordon Caulle,MODIS,5.953,9.49,1,baja,2026-10-05T18:06:10,mirova-archivo,1
2012-03-20T04:36:00,357150,Puyehue-Cordon Caulle,VIIRS375,16.15,9.64,1,moderada,2026-10-05T18:06:10,mirova-archivo,1
2012-03-20T06:12:00,357150,Puyehue-Cordon Caulle,VIIRS750,16.44,9.28,1,moderada,2026-10-05T18:06:10,mirova-archivo,1
2012-03-21T04:05:00,357150,Puyehue-Cordon Caulle,MODIS,36.81,9.22,1,moderada,2026-10-05T18:06:10,mirova-archivo,1
2012-03-21T05:45:00,357150,Puyehue-Cordon Caulle,MODIS,38.48,9.85,1,moderada,2026-10-05T18:06:10,mirova-archivo,1
2012-03-21T05:54:00,357150,Puyehue-Cordon Caulle,VIIRS750,43.98,9.49,1,moderada,2026-10-05T18:06:10,mirova-archivo,1
2012-03-22T03:10:00,357150,Puyehue-Cordon Caulle,MODIS,6.192,7.62,1,baja,2026-10-05T18:06:10,mirova-archivo,1
2012-03-22T05:36:00,357150,Puyehue-Cordon Caulle,VIIRS750,22.57,9.49,1,moderada,2026-10-05T18:06:10,mirova-archivo,1
2012-03-22T06:25:00,357150,Puyehue-Cordon Caulle,MODIS,20.35,9.49,1,moderada,2026-10-05T18:06:10,mirova-archivo,1
2012-03-23T03:50:00,357150,Puyehue-Cordon Caulle,MODIS,40.46,9.49,1,moderada,2026-10-05T18:06:10,mirova-archivo,1
2012-03-23T05:18:00,357150,Puyehue-Cordon Caulle,VIIRS750,51.29,9.49,1,moderada,2026-10-05T18:06:10,mirova-archivo,1
2012-03-23T05:30:00,357150,Puyehue-Cordon Caulle,MODIS,25.29,9.49,1,moderada,2026-10-05T18:06:10,mirova-archivo,1
2012-03-24T05:00:00,357150,Puyehue-Cordon Caulle,VIIRS750,15.26,8.55,1,moderada,2026-10-05T18:06:10,mirova-archivo,1
2012-03-24T06:15:00,357150,Puyehue-Cordon Caulle,MODIS,17.39,9.22,1,moderada,2026-10-05T18:06:10,mirova-archivo,1
2012-03-24T06:36:00,357150,Puyehue-Cordon Caulle,VIIRS750,29.54,8.55,1,moderada,2026-10-05T18:06:10,mirova-archivo,1
2012-03-25T03:40:00,357150,Puyehue-Cordon Caulle,MODIS,15.45,8.54,1,moderada,2026-10-05T18:06:10,mirova-archivo,1
2012-03-26T04:20:00,357150,Puyehue-Cordon Caulle,MODIS,2.667,8.06,1,baja,2026-10-05T18:06:10,mirova-archivo,1
2012-03-26T06:05:00,357150,Puyehue-Cordon Caulle,MODIS,34.56,9.49,1,moderada,2026-10-05T18:06:10,mirova-archivo,1
2012-03-27T03:25:00,357150,Puyehue-Cordon Caulle,MODIS,44.37,9.49,1,moderada,2026-10-05T18:06:10,mirova-archivo,1
2012-03-27T05:42:00,357150,Puyehue-Cordon Caulle,VIIRS750,64.29,9.49,1,moderada,2026-10-05T18:06:10,mirova-archivo,1
2012-03-28T04:10:00,357150,Puyehue-Cordon Caulle,MODIS,12.32,8.54,1,moderada,2026-10-05T18:06:10,mirova-archivo,1
2012-03-28T05:50:00,357150,Puyehue-Cordon Caulle,MODIS,44.7,9.49,1,moderada,2026-10-05T18:06:10,mirova-archivo,1
2012-03-29T03:15:00,357150,Puyehue-Cordon Caulle,MODIS,18.92,9.22,1,moderada,2026-10-05T18:06:10,mirova-archivo,1
2012-03-29T05:06:00,357150,Puyehue-Cordon Caulle,VIIRS750,38.62,9.49,1,moderada,2026-10-05T18:06:10,mirova-archivo,1
2012-03-29T06:42:00,357150,Puyehue-Cordon Caulle,VIIRS750,26.04,8.78,1,moderada,2026-10-05T18:06:10,mirova-archivo,1
2012-03-30T03:55:00,357150,Puyehue-Cordon Caulle,MODIS,20.81,9.22,1,moderada,2026-10-05T18:06:10,mirova-archivo,1
2012-03-30T04:48:00,357150,Puyehue-Cordon Caulle,VIIRS750,23.76,9.28,1,moderada,2026-10-05T18:06:10,mirova-archivo,1
2012-03-30T05:40:00,357150,Puyehue-Cordon Caulle,MODIS,23.82,9.49,1,moderada,2026-10-05T18:06:10,mirova-archivo,1
2012-03-30T06:24:00,357150,Puyehue-Cordon Caulle,VIIRS750,48.97,9.28,1,moderada,2026-10-05T18:06:10,mirova-archivo,1
2012-03-31T04:24:00,357150,Puyehue-Cordon Caulle,VIIRS375,0.2483,9.26,1,muy baja,2026-10-05T18:06:10,mirova-archivo,1
2012-03-31T06:06:00,357150,Puyehue-Cordon Caulle,VIIRS750,57.15,9.49,1,moderada,2026-10-05T18:06:10,mirova-archivo,1
2012-03-31T06:20:00,357150,Puyehue-Cordon Caulle,MODIS,39.15,9.85,1,moderada,2026-10-05T18:06:10,mirova-archivo,1
2012-04-01T03:45:00,357150,Puyehue-Cordon Caulle,MODIS,31.31,8.54,1,moderada,2026-10-05T18:06:10,mirova-archivo,1
2012-04-01T05:48:00,357150,Puyehue-Cordon Caulle,VIIRS750,38.96,9.28,1,moderada,2026-10-05T18:06:10,mirova-archivo,1
2012-04-02T05:30:00,357150,Puyehue-Cordon Caulle,VIIRS750,49.69,9.75,1,moderada,2026-10-05T18:06:10,mirova-archivo,1
2012-04-02T06:10:00,357150,Puyehue-Cordon Caulle,MODIS,32.74,9.49,1,moderada,2026-10-05T18:06:10,mirova-archivo,1
2012-04-03T03:35:00,357150,Puyehue-Cordon Caulle,MODIS,34.07,9.22,1,moderada,2026-10-05T18:06:10,mirova-archivo,1
2012-04-03T05:12:00,357150,Puyehue-Cordon Caulle,VIIRS750,39.16,9.28,1,moderada,2026-10-05T18:06:10,mirova-archivo,1
2012-04-03T06:54:00,357150,Puyehue-Cordon Caulle,VIIRS750,31.44,8.55,1,moderada,2026-10-05T18:06:10,mirova-archivo,1
2012-04-04T06:30:00,357150,Puyehue-Cordon Caulle,VIIRS375,1.598,8.91,1,baja,2026-10-05T18:06:10,mirova-archivo,1
2012-04-05T03:20:00,357150,Puyehue-Cordon Caulle,MODIS,1.958,9.22,1,baja,2026-10-05T18:06:10,mirova-archivo,1
2012-04-08T05:18:00,357150,Puyehue-Cordon Caulle,VIIRS750,8.441,9.06,1,baja,2026-10-05T18:06:10,mirova-archivo,1
2012-04-08T05:30:00,357150,Puyehue-Cordon Caulle,MODIS,5.187,9.49,1,baja,2026-10-05T18:06:10,mirova-archivo,1
2012-04-09T05:00:00,357150,Puyehue-Cordon Caulle,VIIRS750,27.72,9.49,1,moderada,2026-10-05T18:06:10,mirova-archivo,1
2012-04-09T06:15:00,357150,Puyehue-Cordon Caulle,MODIS,20.61,9.49,1,moderada,2026-10-05T18:06:10,mirova-archivo,1
2012-04-09T06:36:00,357150,Puyehue-Cordon Caulle,VIIRS750,26.35,9.28,1,moderada,2026-10-05T18:06:10,mirova-archivo,1
2012-04-10T03:40:00,357150,Puyehue-Cordon Caulle,MODIS,25.56,9.22,1,moderada,2026-10-05T18:06:10,mirova-archivo,1
2012-04-10T04:42:00,357150,Puyehue-Cordon Caulle,VIIRS750,15.78,9.28,1,moderada,2026-10-05T18:06:10,mirova-archivo,1
2012-04-10T05:20:00,357150,Puyehue-Cordon Caulle,MODIS,2.517,9.22,1,baja,2026-10-05T18:06:10,mirova-archivo,1
2012-04-10T06:18:00,357150,Puyehue-Cordon Caulle,VIIRS750,24.32,8.78,1,moderada,2026-10-05T18:06:10,mirova-archivo,1
2012-04-11T06:00:00,357150,Puyehue-Cordon Caulle,VIIRS750,32.85,9.28,1,moderada,2026-10-05T18:06:10,mirova-archivo,1
2012-04-11T06:05:00,357150,Puyehue-Cordon Caulle,MODIS,32.37,9.49,1,moderada,2026-10-05T18:06:10,mirova-archivo,1
2012-04-12T03:25:00,357150,Puyehue-Cordon Caulle,MODIS,31.36,9.22,1,moderada,2026-10-05T18:06:10,mirova-archivo,1
2012-04-12T05:42:00,357150,Puyehue-Cordon Caulle,VIIRS750,44.08,9.75,1,moderada,2026-10-05T18:06:10,mirova-archivo,1
2012-04-13T05:24:00,357150,Puyehue-Cordon Caulle,VIIRS375,0.06294,8.91,1,muy baja,2026-10-05T18:06:10,mirova-archivo,1
2012-04-14T05:06:00,357150,Puyehue-Cordon Caulle,VIIRS750,7.547,8.78,1,baja,2026-10-05T18:06:10,mirova-archivo,1
2012-04-14T06:42:00,357150,Puyehue-Cordon Caulle,VIIRS750,16.57,8.78,1,moderada,2026-10-05T18:06:10,mirova-archivo,1
2012-04-15T04:48:00,357150,Puyehue-Cordon Caulle,VIIRS375,0.5115,8.05,1,muy baja,2026-10-05T18:06:10,mirova-archivo,1
2012-04-15T06:24:00,357150,Puyehue-Cordon Caulle,VIIRS375,0.1267,8.19,1,muy baja,2026-10-05T18:06:10,mirova-archivo,1
2012-04-16T06:06:00,357150,Puyehue-Cordon Caulle,VIIRS375,1.585,9.12,1,baja,2026-10-05T18:06:10,mirova-archivo,1
2012-04-18T05:30:00,357150,Puyehue-Cordon Caulle,VIIRS750,15.3,8.78,1,moderada,2026-10-05T18:06:10,mirova-archivo,1
2012-04-19T05:12:00,357150,Puyehue-Cordon Caulle,VIIRS375,4.129,9.02,1,baja,2026-10-05T18:06:10,mirova-archivo,1
2012-04-19T06:54:00,357150,Puyehue-Cordon Caulle,VIIRS375,2.244,8.83,1,baja,2026-10-05T18:06:10,mirova-archivo,1
2012-04-20T04:54:00,357150,Puyehue-Cordon Caulle,VIIRS375,2.284,9.56,1,baja,2026-10-05T18:06:10,mirova-archivo,1
2012-04-20T05:55:00,357150,Puyehue-Cordon Caulle,MODIS,8.749,8.54,1,baja,2026-10-05T18:06:10,mirova-archivo,1
2012-04-20T06:30:00,357150,Puyehue-Cordon Caulle,VIIRS750,10.08,8.78,1,moderada,2026-10-05T18:06:10,mirova-archivo,1
2012-04-21T03:20:00,357150,Puyehue-Cordon Caulle,MODIS,10.61,8.54,1,moderada,2026-10-05T18:06:10,mirova-archivo,1
2012-04-21T04:36:00,357150,Puyehue-Cordon Caulle,VIIRS750,6.024,7.12,1,baja,2026-10-05T18:06:10,mirova-archivo,1
2012-04-21T06:12:00,357150,Puyehue-Cordon Caulle,VIIRS750,22.69,9.12,1,moderada,2026-10-05T18:06:10,mirova-archivo,1
2012-04-22T04:05:00,357150,Puyehue-Cordon Caulle,MODIS,5.618,8.54,1,baja,2026-10-05T18:06:10,mirova-archivo,1
2012-04-22T05:45:00,357150,Puyehue-Cordon Caulle,MODIS,19.22,9.49,1,moderada,2026-10-05T18:06:10,mirova-archivo,1
2012-04-22T05:54:00,357150,Puyehue-Cordon Caulle,VIIRS750,29.41,9.28,1,moderada,2026-10-05T18:06:10,mirova-archivo,1
2012-04-23T05:36:00,357150,Puyehue-Cordon Caulle,VIIRS750,30.91,9.49,1,moderada,2026-10-05T18:06:10,mirova-archivo,1
2012-04-23T06:30:00,357150,Puyehue-Cordon Caulle,MODIS,2.892,8.06,1,baja,2026-10-05T18:06:10,mirova-archivo,1
2012-04-24T03:50:00,357150,Puyehue-Cordon Caulle,MODIS,13.29,8.54,1,moderada,2026-10-05T18:06:10,mirova-archivo,1
2012-04-24T05:18:00,357150,Puyehue-Cordon Caulle,VIIRS750,26.27,9.28,1,moderada,2026-10-05T18:06:10,mirova-archivo,1
2012-04-25T05:00:00,357150,Puyehue-Cordon Caulle,VIIRS750,14.42,8.78,1,moderada,2026-10-05T18:06:10,mirova-archivo,1
2012-04-25T06:15:00,357150,Puyehue-Cordon Caulle,MODIS,4.934,8.25,1,baja,2026-10-05T18:06:10,mirova-archivo,1
2012-04-25T06:36:00,357150,Puyehue-Cordon Caulle,VIIRS750,12.64,8.55,1,moderada,2026-10-05T18:06:10,mirova-archivo,1
2012-04-26T03:40:00,357150,Puyehue-Cordon Caulle,MODIS,14.66,9.22,1,moderada,2026-10-05T18:06:10,mirova-archivo,1
2012-04-27T06:00:00,357150,Puyehue-Cordon Caulle,VIIRS375,0.03849,8.66,1,muy baja,2026-10-05T18:06:10,mirova-archivo,1
2012-05-01T04:48:00,357150,Puyehue-Cordon Caulle,VIIRS375,0.2096,7.24,1,muy baja,2026-10-05T18:06:10,mirova-archivo,1
2012-05-01T06:24:00,357150,Puyehue-Cordon Caulle,VIIRS750,5.005,8.78,1,baja,2026-10-05T18:06:10,mirova-archivo,1
2012-05-04T05:30:00,357150,Puyehue-Cordon Caulle,VIIRS375,0.8099,8.55,1,muy baja,2026-10-05T18:06:10,mirova-archivo,1
2012-05-05T05:12:00,357150,Puyehue-Cordon Caulle,VIIRS375,0.271,7.28,1,muy baja,2026-10-05T18:06:10,mirova-archivo,1
2012-05-06T05:55:00,357150,Puyehue-Cordon Caulle,MODIS,2.971,8.25,1,baja,2026-10-05T18:06:10,mirova-archivo,1
2012-05-06T06:30:00,357150,Puyehue-Cordon Caulle,VIIRS375,2.276,8.46,1,baja,2026-10-05T18:06:10,mirova-archivo,1
2012-05-07T06:12:00,357150,Puyehue-Cordon Caulle,VIIRS375,0.04073,9.02,1,muy baja,2026-10-05T18:06:10,mirova-archivo,1
2012-05-08T05:54:00,357150,Puyehue-Cordon Caulle,VIIRS375,0.239,8.66,1,muy baja,2026-10-05T18:06:10,mirova-archivo,1
2012-05-11T05:00:00,357150,Puyehue-Cordon Caulle,VIIRS750,7.521,9.28,1,baja,2026-10-05T18:06:10,mirova-archivo,1
2012-05-11T06:36:00,357150,Puyehue-Cordon Caulle,VIIRS375,4.915,9.02,1,baja,2026-10-05T18:06:10,mirova-archivo,1
2012-05-12T06:18:00,357150,Puyehue-Cordon Caulle,VIIRS750,7.072,9.06,1,baja,2026-10-05T18:06:10,mirova-archivo,1
2012-05-13T06:00:00,357150,Puyehue-Cordon Caulle,VIIRS750,9.863,8.78,1,baja,2026-10-05T18:06:10,mirova-archivo,1
2012-05-14T05:42:00,357150,Puyehue-Cordon Caulle,VIIRS375,0.4094,12.52,0,no volcanica,2026-10-05T18:06:10,mirova-archivo,0
2012-05-15T05:24:00,357150,Puyehue-Cordon Caulle,VIIRS375,3.843,9.40,1,baja,2026-10-05T18:06:10,mirova-archivo,1
2012-05-16T06:42:00,357150,Puyehue-Cordon Caulle,VIIRS375,0.6315,7.28,1,muy baja,2026-10-05T18:06:10,mirova-archivo,1
2012-05-18T04:24:00,357150,Puyehue-Cordon Caulle,VIIRS375,2.06,9.26,1,baja,2026-10-05T18:06:10,mirova-archivo,1
2012-05-18T06:06:00,357150,Puyehue-Cordon Caulle,VIIRS750,7.44,8.78,1,baja,2026-10-05T18:06:10,mirova-archivo,1
2012-05-21T05:12:00,357150,Puyehue-Cordon Caulle,VIIRS750,14.57,9.49,1,moderada,2026-10-05T18:06:10,mirova-archivo,1
2012-05-21T06:48:00,357150,Puyehue-Cordon Caulle,VIIRS375,3.662,9.02,1,baja,2026-10-05T18:06:10,mirova-archivo,1
2012-05-22T04:54:00,357150,Puyehue-Cordon Caulle,VIIRS750,10.85,9.28,1,moderada,2026-10-05T18:06:10,mirova-archivo,1
2012-05-22T05:55:00,357150,Puyehue-Cordon Caulle,MODIS,12.26,9.49,1,moderada,2026-10-05T18:06:10,mirova-archivo,1
2012-05-22T06:30:00,357150,Puyehue-Cordon Caulle,VIIRS750,6.578,8.78,1,baja,2026-10-05T18:06:10,mirova-archivo,1
2012-05-23T03:20:00,357150,Puyehue-Cordon Caulle,MODIS,6.382,8.94,1,baja,2026-10-05T18:06:10,mirova-archivo,1
2012-05-31T05:24:00,357150,Puyehue-Cordon Caulle,VIIRS375,0.7517,9.02,1,muy baja,2026-10-05T18:06:10,mirova-archivo,1
2012-06-04T05:48:00,357150,Puyehue-Cordon Caulle,VIIRS375,1.025,9.02,1,baja,2026-10-05T18:06:10,mirova-archivo,1
2012-06-06T03:35:00,357150,Puyehue-Cordon Caulle,MODIS,4.86,9.22,1,baja,2026-10-05T18:06:10,mirova-archivo,1
2012-06-06T05:12:00,357150,Puyehue-Cordon Caulle,VIIRS750,7.453,9.28,1,baja,2026-10-05T18:06:10,mirova-archivo,1
2012-06-06T06:48:00,357150,Puyehue-Cordon Caulle,VIIRS375,3.2,8.91,1,baja,2026-10-05T18:06:10,mirova-archivo,1
2012-06-07T05:55:00,357150,Puyehue-Cordon Caulle,MODIS,6.873,9.22,1,baja,2026-10-05T18:06:10,mirova-archivo,1
2012-06-07T06:30:00,357150,Puyehue-Cordon Caulle,VIIRS750,6.441,8.78,1,baja,2026-10-05T18:06:10,mirova-archivo,1
2012-06-08T03:20:00,357150,Puyehue-Cordon Caulle,MODIS,6.251,8.54,1,baja,2026-10-05T18:06:10,mirova-archivo,1
2012-06-08T04:30:00,357150,Puyehue-Cordon Caulle,VIIRS375,5.505,9.74,1,baja,2026-10-05T18:06:10,mirova-archivo,1
2012-06-08T06:12:00,357150,Puyehue-Cordon Caulle,VIIRS750,12.08,9.28,1,moderada,2026-10-05T18:06:10,mirova-archivo,1
2012-06-09T04:05:00,357150,Puyehue-Cordon Caulle,MODIS,3.275,8.25,1,baja,2026-10-05T18:06:10,mirova-archivo,1
2012-06-09T05:45:00,357150,Puyehue-Cordon Caulle,MODIS,6.397,9.49,1,baja,2026-10-05T18:06:10,mirova-archivo,1
2012-06-09T05:54:00,357150,Puyehue-Cordon Caulle,VIIRS750,15.9,9.49,1,moderada,2026-10-05T18:06:10,mirova-archivo,1
2012-06-10T05:36:00,357150,Puyehue-Cordon Caulle,VIIRS750,16.49,9.28,1,moderada,2026-10-05T18:06:10,mirova-archivo,1
2012-06-14T06:00:00,357150,Puyehue-Cordon Caulle,VIIRS375,3.845,9.40,1,baja,2026-10-05T18:06:10,mirova-archivo,1
2012-06-15T05:42:00,357150,Puyehue-Cordon Caulle,VIIRS750,8.942,9.28,1,baja,2026-10-05T18:06:10,mirova-archivo,1
2012-06-18T04:42:00,357150,Puyehue-Cordon Caulle,VIIRS375,1.66,9.02,1,baja,2026-10-05T18:06:10,mirova-archivo,1
2012-06-18T06:24:00,357150,Puyehue-Cordon Caulle,VIIRS375,2.99,8.91,1,baja,2026-10-05T18:06:10,mirova-archivo,1
2012-06-21T05:30:00,357150,Puyehue-Cordon Caulle,VIIRS375,0.9917,9.02,1,muy baja,2026-10-05T18:06:10,mirova-archivo,1
2012-06-24T06:12:00,357150,Puyehue-Cordon Caulle,VIIRS375,0.1907,8.91,1,muy baja,2026-10-05T18:06:10,mirova-archivo,1
2012-06-25T05:54:00,357150,Puyehue-Cordon Caulle,VIIRS750,8.678,9.49,1,baja,2026-10-05T18:06:10,mirova-archivo,1
2012-06-26T05:36:00,357150,Puyehue-Cordon Caulle,VIIRS375,4.016,9.12,1,baja,2026-10-05T18:06:10,mirova-archivo,1
2012-07-02T05:24:00,357150,Puyehue-Cordon Caulle,VIIRS375,0.1801,7.28,1,muy baja,2026-10-05T18:06:10,mirova-archivo,1
2012-07-07T05:30:00,357150,Puyehue-Cordon Caulle,VIIRS375,0.9017,21.38,0,no volcanica,2026-10-05T18:06:10,mirova-archivo,0
2012-07-09T04:48:00,357150,Puyehue-Cordon Caulle,VIIRS375,2.216,9.02,1,baja,2026-10-05T18:06:10,mirova-archivo,1
2012-07-09T06:30:00,357150,Puyehue-Cordon Caulle,VIIRS375,0.7413,8.91,1,muy baja,2026-10-05T18:06:10,mirova-archivo,1
2012-07-10T06:12:00,357150,Puyehue-Cordon Caulle,VIIRS375,0.3877,7.55,1,muy baja,2026-10-05T18:06:10,mirova-archivo,1
2012-07-14T06:36:00,357150,Puyehue-Cordon Caulle,VIIRS375,1.512,8.83,1,baja,2026-10-05T18:06:10,mirova-archivo,1
2012-07-16T06:00:00,357150,Puyehue-Cordon Caulle,VIIRS375,1.531,8.55,1,baja,2026-10-05T18:06:10,mirova-archivo,1
2012-07-17T03:25:00,357150,Puyehue-Cordon Caulle,MODIS,2.54,8.54,1,baja,2026-10-05T18:06:10,mirova-archivo,1
2012-07-17T05:42:00,357150,Puyehue-Cordon Caulle,VIIRS750,7.104,8.55,1,baja,2026-10-05T18:06:10,mirova-archivo,1
2012-07-19T05:06:00,357150,Puyehue-Cordon Caulle,VIIRS750,6.124,8.78,1,baja,2026-10-05T18:06:10,mirova-archivo,1
2012-07-19T06:42:00,357150,Puyehue-Cordon Caulle,VIIRS375,1.755,8.83,1,baja,2026-10-05T18:06:10,mirova-archivo,1
2012-07-22T05:48:00,357150,Puyehue-Cordon Caulle,VIIRS375,0.09716,7.55,1,muy baja,2026-10-05T18:06:10,mirova-archivo,1
2012-07-27T05:54:00,357150,Puyehue-Cordon Caulle,VIIRS375,1.202,8.55,1,baja,2026-10-05T18:06:10,mirova-archivo,1
2012-07-29T05:18:00,357150,Puyehue-Cordon Caulle,VIIRS375,0.124,8.66,1,muy baja,2026-10-05T18:06:10,mirova-archivo,1
2012-07-30T06:36:00,357150,Puyehue-Cordon Caulle,VIIRS375,1.22,8.46,1,baja,2026-10-05T18:06:10,mirova-archivo,1
2012-07-31T04:36:00,357150,Puyehue-Cordon Caulle,VIIRS375,2.497,9.02,1,baja,2026-10-05T18:06:10,mirova-archivo,1
2012-07-31T06:18:00,357150,Puyehue-Cordon Caulle,VIIRS375,1.638,8.83,1,baja,2026-10-05T18:06:10,mirova-archivo,1
2012-08-01T06:00:00,357150,Puyehue-Cordon Caulle,VIIRS750,8.067,8.78,1,baja,2026-10-05T18:06:10,mirova-archivo,1
2012-08-02T05:42:00,357150,Puyehue-Cordon Caulle,VIIRS375,0.07238,6.84,1,muy baja,2026-10-05T18:06:10,mirova-archivo,1
2012-08-03T05:24:00,357150,Puyehue-Cordon Caulle,VIIRS375,0.05912,8.10,1,muy baja,2026-10-05T18:06:10,mirova-archivo,1
2012-08-04T05:06:00,357150,Puyehue-Cordon Caulle,VIIRS375,5.259,9.03,1,baja,2026-10-05T18:06:10,mirova-archivo,1
2012-08-04T06:42:00,357150,Puyehue-Cordon Caulle,VIIRS375,1.716,8.46,1,baja,2026-10-05T18:06:10,mirova-archivo,1
2012-08-05T04:42:00,357150,Puyehue-Cordon Caulle,VIIRS375,1.985,8.91,1,baja,2026-10-05T18:06:10,mirova-archivo,1
2012-08-06T06:06:00,357150,Puyehue-Cordon Caulle,VIIRS375,0.2322,8.46,1,muy baja,2026-10-05T18:06:10,mirova-archivo,1
2012-08-07T05:48:00,357150,Puyehue-Cordon Caulle,VIIRS375,0.1032,2.62,0,no volcanica,2026-10-05T18:06:10,mirova-archivo,0
2012-08-08T05:30:00,357150,Puyehue-Cordon Caulle,VIIRS750,8.878,8.78,1,baja,2026-10-05T18:06:10,mirova-archivo,1
2012-08-09T05:12:00,357150,Puyehue-Cordon Caulle,VIIRS375,1.143,9.03,1,baja,2026-10-05T18:06:10,mirova-archivo,1
2012-08-10T04:48:00,357150,Puyehue-Cordon Caulle,VIIRS375,2.15,9.03,1,baja,2026-10-05T18:06:10,mirova-archivo,1
2012-08-10T06:30:00,357150,Puyehue-Cordon Caulle,VIIRS375,1.136,8.83,1,baja,2026-10-05T18:06:10,mirova-archivo,1
2012-08-11T04:30:00,357150,Puyehue-Cordon Caulle,VIIRS375,1.252,8.91,1,baja,2026-10-05T18:06:10,mirova-archivo,1
2012-08-11T06:12:00,357150,Puyehue-Cordon Caulle,VIIRS375,1.947,8.66,1,baja,2026-10-05T18:06:10,mirova-archivo,1
2012-08-24T05:30:00,357150,Puyehue-Cordon Caulle,VIIRS375,0.04534,8.10,1,muy baja,2026-10-05T18:06:10,mirova-archivo,1
2012-08-25T05:12:00,357150,Puyehue-Cordon Caulle,VIIRS375,2.083,8.91,1,baja,2026-10-05T18:06:10,mirova-archivo,1
2012-08-26T04:48:00,357150,Puyehue-Cordon Caulle,VIIRS375,1.597,8.91,1,baja,2026-10-05T18:06:10,mirova-archivo,1
2012-08-26T06:30:00,357150,Puyehue-Cordon Caulle,VIIRS375,0.3669,7.73,1,muy baja,2026-10-05T18:06:10,mirova-archivo,1
2012-08-27T04:30:00,357150,Puyehue-Cordon Caulle,VIIRS375,0.8597,8.91,1,muy baja,2026-10-05T18:06:10,mirova-archivo,1
2012-08-29T05:36:00,357150,Puyehue-Cordon Caulle,VIIRS375,0.06581,7.47,1,muy baja,2026-10-05T18:06:10,mirova-archivo,1
2012-08-30T05:18:00,357150,Puyehue-Cordon Caulle,VIIRS750,7.859,8.78,1,baja,2026-10-05T18:06:10,mirova-archivo,1
2012-09-05T05:06:00,357150,Puyehue-Cordon Caulle,VIIRS375,2.98,8.91,1,baja,2026-10-05T18:06:10,mirova-archivo,1
2012-09-05T06:42:00,357150,Puyehue-Cordon Caulle,VIIRS375,0.8163,8.83,1,muy baja,2026-10-05T18:06:10,mirova-archivo,1
2012-09-06T04:42:00,357150,Puyehue-Cordon Caulle,VIIRS375,1.623,9.02,1,baja,2026-10-05T18:06:10,mirova-archivo,1
2012-09-06T06:24:00,357150,Puyehue-Cordon Caulle,VIIRS375,2.793,8.91,1,baja,2026-10-05T18:06:10,mirova-archivo,1
2012-09-07T06:06:00,357150,Puyehue-Cordon Caulle,VIIRS375,0.06826,7.47,1,muy baja,2026-10-05T18:06:10,mirova-archivo,1
2012-09-08T05:48:00,357150,Puyehue-Cordon Caulle,VIIRS375,1.335,8.55,1,baja,2026-10-05T18:06:10,mirova-archivo,1
2012-09-09T05:30:00,357150,Puyehue-Cordon Caulle,VIIRS750,7.149,8.55,1,baja,2026-10-05T18:06:10,mirova-archivo,1
2012-09-10T05:12:00,357150,Puyehue-Cordon Caulle,VIIRS750,5.636,8.55,1,baja,2026-10-05T18:06:10,mirova-archivo,1
2012-09-13T05:54:00,357150,Puyehue-Cordon Caulle,VIIRS750,5.349,8.55,1,baja,2026-10-05T18:06:10,mirova-archivo,1
2012-09-18T06:00:00,357150,Puyehue-Cordon Caulle,VIIRS375,0.2368,7.28,1,muy baja,2026-10-05T18:06:10,mirova-archivo,1
2012-09-22T04:42:00,357150,Puyehue-Cordon Caulle,VIIRS375,0.7716,9.02,1,muy baja,2026-10-05T18:06:10,mirova-archivo,1
2012-09-22T06:24:00,357150,Puyehue-Cordon Caulle,VIIRS375,1.313,8.55,1,baja,2026-10-05T18:06:10,mirova-archivo,1
2012-09-23T04:24:00,357150,Puyehue-Cordon Caulle,VIIRS375,0.6242,8.91,1,muy baja,2026-10-05T18:06:10,mirova-archivo,1
2012-09-23T06:06:00,357150,Puyehue-Cordon Caulle,VIIRS375,3.406,8.91,1,baja,2026-10-05T18:06:10,mirova-archivo,1
2012-09-24T05:48:00,357150,Puyehue-Cordon Caulle,VIIRS750,5.729,8.55,1,baja,2026-10-05T18:06:10,mirova-archivo,1
2012-09-25T05:30:00,357150,Puyehue-Cordon Caulle,VIIRS375,3.489,8.83,1,baja,2026-10-05T18:06:10,mirova-archivo,1
2012-09-26T06:48:00,357150,Puyehue-Cordon Caulle,VIIRS375,1.765,8.83,1,baja,2026-10-05T18:06:10,mirova-archivo,1
2012-09-27T04:48:00,357150,Puyehue-Cordon Caulle,VIIRS375,3.421,9.02,1,baja,2026-10-05T18:06:10,mirova-archivo,1
2012-09-27T05:55:00,357150,Puyehue-Cordon Caulle,MODIS,2.594,8.25,1,baja,2026-10-05T18:06:10,mirova-archivo,1
2012-09-27T06:30:00,357150,Puyehue-Cordon Caulle,VIIRS375,1.038,8.83,1,baja,2026-10-05T18:06:10,mirova-archivo,1
2012-10-02T06:36:00,357150,Puyehue-Cordon Caulle,VIIRS375,0.02598,1.12,0,no volcanica,2026-10-05T18:06:10,mirova-archivo,0
2012-10-03T06:18:00,357150,Puyehue-Cordon Caulle,VIIRS375,0.2893,16.16,0,no volcanica,2026-10-05T18:06:10,mirova-archivo,0
2012-10-05T05:42:00,357150,Puyehue-Cordon Caulle,VIIRS375,1.074,8.91,1,baja,2026-10-05T18:06:10,mirova-archivo,1
2012-10-06T05:24:00,357150,Puyehue-Cordon Caulle,VIIRS375,0.949,8.91,1,muy baja,2026-10-05T18:06:10,mirova-archivo,1
2012-10-08T04:42:00,357150,Puyehue-Cordon Caulle,VIIRS375,2.472,8.91,1,baja,2026-10-05T18:06:10,mirova-archivo,1
2012-10-08T06:24:00,357150,Puyehue-Cordon Caulle,VIIRS375,2.288,8.91,1,baja,2026-10-05T18:06:10,mirova-archivo,1
2012-10-10T05:48:00,357150,Puyehue-Cordon Caulle,VIIRS750,8.62,8.78,1,baja,2026-10-05T18:06:10,mirova-archivo,1
2012-10-11T05:30:00,357150,Puyehue-Cordon Caulle,VIIRS750,8.927,8.55,1,baja,2026-10-05T18:06:10,mirova-archivo,1
2012-10-13T06:30:00,357150,Puyehue-Cordon Caulle,VIIRS375,1.026,8.83,1,baja,2026-10-05T18:06:10,mirova-archivo,1
2012-10-14T04:30:00,357150,Puyehue-Cordon Caulle,VIIRS375,0.3687,9.02,1,muy baja,2026-10-05T18:06:10,mirova-archivo,1
2012-10-14T06:12:00,357150,Puyehue-Cordon Caulle,VIIRS750,6.978,8.78,1,baja,2026-10-05T18:06:10,mirova-archivo,1
2012-10-16T05:36:00,357150,Puyehue-Cordon Caulle,VIIRS375,0.1735,7.72,1,muy baja,2026-10-05T18:06:10,mirova-archivo,1
2012-10-17T05:18:00,357150,Puyehue-Cordon Caulle,VIIRS750,8.167,8.55,1,baja,2026-10-05T18:06:10,mirova-archivo,1
2012-10-22T05:24:00,357150,Puyehue-Cordon Caulle,VIIRS375,0.265,8.91,1,muy baja,2026-10-05T18:06:10,mirova-archivo,1
2012-10-25T06:06:00,357150,Puyehue-Cordon Caulle,VIIRS375,0.9007,8.55,1,muy baja,2026-10-05T18:06:10,mirova-archivo,1
2012-10-27T05:30:00,357150,Puyehue-Cordon Caulle,VIIRS750,5.005,8.78,1,baja,2026-10-05T18:06:10,mirova-archivo,1
2012-10-28T05:12:00,357150,Puyehue-Cordon Caulle,VIIRS375,2.619,9.02,1,baja,2026-10-05T18:06:10,mirova-archivo,1
2012-10-28T06:48:00,357150,Puyehue-Cordon Caulle,VIIRS375,0.8581,8.91,1,muy baja,2026-10-05T18:06:10,mirova-archivo,1
2012-10-29T04:48:00,357150,Puyehue-Cordon Caulle,VIIRS375,2.841,8.91,1,baja,2026-10-05T18:06:10,mirova-archivo,1
2012-10-29T06:30:00,357150,Puyehue-Cordon Caulle,VIIRS375,2.482,8.91,1,baja,2026-10-05T18:06:10,mirova-archivo,1
2012-10-30T04:30:00,357150,Puyehue-Cordon Caulle,VIIRS375,1.741,9.13,1,baja,2026-10-05T18:06:10,mirova-archivo,1
2012-10-30T06:12:00,357150,Puyehue-Cordon Caulle,VIIRS750,5.591,8.55,1,baja,2026-10-05T18:06:10,mirova-archivo,1
2012-11-01T05:36:00,357150,Puyehue-Cordon Caulle,VIIRS375,1.357,8.83,1,baja,2026-10-05T18:06:10,mirova-archivo,1
2012-11-02T05:18:00,357150,Puyehue-Cordon Caulle,VIIRS375,0.07146,8.55,1,muy baja,2026-10-05T18:06:10,mirova-archivo,1
2012-11-03T04:54:00,357150,Puyehue-Cordon Caulle,VIIRS375,1.264,8.91,1,baja,2026-10-05T18:06:10,mirova-archivo,1
2012-11-03T06:36:00,357150,Puyehue-Cordon Caulle,VIIRS375,1.152,8.83,1,baja,2026-10-05T18:06:10,mirova-archivo,1
2012-11-04T04:36:00,357150,Puyehue-Cordon Caulle,VIIRS375,2.235,9.02,1,baja,2026-10-05T18:06:10,mirova-archivo,1
2012-11-04T06:18:00,357150,Puyehue-Cordon Caulle,VIIRS375,2.692,8.55,1,baja,2026-10-05T18:06:10,mirova-archivo,1
2012-11-05T06:00:00,357150,Puyehue-Cordon Caulle,VIIRS750,6.648,8.78,1,baja,2026-10-05T18:06:10,mirova-archivo,1
2012-11-07T05:24:00,357150,Puyehue-Cordon Caulle,VIIRS375,0.8586,8.91,1,muy baja,2026-10-05T18:06:10,mirova-archivo,1
2012-11-10T04:24:00,357150,Puyehue-Cordon Caulle,VIIRS375,1.153,9.13,1,baja,2026-10-05T18:06:10,mirova-archivo,1
2012-11-10T06:06:00,357150,Puyehue-Cordon Caulle,VIIRS750,6.994,8.55,1,baja,2026-10-05T18:06:10,mirova-archivo,1
2012-11-11T05:48:00,357150,Puyehue-Cordon Caulle,VIIRS750,9.447,8.55,1,baja,2026-10-05T18:06:10,mirova-archivo,1
2012-11-12T05:30:00,357150,Puyehue-Cordon Caulle,VIIRS750,5.806,8.55,1,baja,2026-10-05T18:06:10,mirova-archivo,1
2012-11-13T05:12:00,357150,Puyehue-Cordon Caulle,VIIRS375,3.464,8.91,1,baja,2026-10-05T18:06:10,mirova-archivo,1
2012-11-13T06:48:00,357150,Puyehue-Cordon Caulle,VIIRS375,0.7735,8.91,1,muy baja,2026-10-05T18:06:10,mirova-archivo,1
2012-11-14T04:48:00,357150,Puyehue-Cordon Caulle,VIIRS375,3.419,8.91,1,baja,2026-10-05T18:06:10,mirova-archivo,1
2012-11-14T06:30:00,357150,Puyehue-Cordon Caulle,VIIRS750,5.748,8.55,1,baja,2026-10-05T18:06:10,mirova-archivo,1
2012-11-15T04:30:00,357150,Puyehue-Cordon Caulle,VIIRS375,0.1288,7.83,1,muy baja,2026-10-05T18:06:10,mirova-archivo,1
2012-11-15T06:12:00,357150,Puyehue-Cordon Caulle,VIIRS375,3.318,8.55,1,baja,2026-10-05T18:06:10,mirova-archivo,1
2012-11-17T05:36:00,357150,Puyehue-Cordon Caulle,VIIRS750,5.775,8.55,1,baja,2026-10-05T18:06:10,mirova-archivo,1
2012-11-19T06:36:00,357150,Puyehue-Cordon Caulle,VIIRS375,1.725,8.83,1,baja,2026-10-05T18:06:10,mirova-archivo,1
2012-11-20T04:36:00,357150,Puyehue-Cordon Caulle,VIIRS375,2.702,9.02,1,baja,2026-10-05T18:06:10,mirova-archivo,1
2012-11-20T06:18:00,357150,Puyehue-Cordon Caulle,VIIRS375,3.113,8.55,1,baja,2026-10-05T18:06:10,mirova-archivo,1
2012-11-21T06:00:00,357150,Puyehue-Cordon Caulle,VIIRS375,2.413,8.91,1,baja,2026-10-05T18:06:10,mirova-archivo,1
2012-11-22T05:42:00,357150,Puyehue-Cordon Caulle,VIIRS375,0.8066,8.55,1,muy baja,2026-10-05T18:06:10,mirova-archivo,1
2012-11-24T06:42:00,357150,Puyehue-Cordon Caulle,VIIRS375,1.184,8.55,1,baja,2026-10-05T18:06:10,mirova-archivo,1
2012-11-25T04:42:00,357150,Puyehue-Cordon Caulle,VIIRS375,3.208,9.02,1,baja,2026-10-05T18:06:10,mirova-archivo,1
2012-11-25T06:24:00,357150,Puyehue-Cordon Caulle,VIIRS750,5.16,8.55,1,baja,2026-10-05T18:06:10,mirova-archivo,1
2012-11-26T04:24:00,357150,Puyehue-Cordon Caulle,VIIRS375,0.4213,9.02,1,muy baja,2026-10-05T18:06:10,mirova-archivo,1
2012-11-26T06:06:00,357150,Puyehue-Cordon Caulle,VIIRS375,3.341,8.91,1,baja,2026-10-05T18:06:10,mirova-archivo,1
2012-11-27T05:48:00,357150,Puyehue-Cordon Caulle,VIIRS375,1.463,8.83,1,baja,2026-10-05T18:06:10,mirova-archivo,1
2012-11-28T05:30:00,357150,Puyehue-Cordon Caulle,VIIRS750,9.405,8.78,1,baja,2026-10-05T18:06:10,mirova-archivo,1
2012-11-29T05:12:00,357150,Puyehue-Cordon Caulle,VIIRS375,0.05576,8.46,1,muy baja,2026-10-05T18:06:10,mirova-archivo,1
2012-12-01T04:30:00,357150,Puyehue-Cordon Caulle,VIIRS375,1.516,9.02,1,baja,2026-10-05T18:06:10,mirova-archivo,1
2012-12-08T05:42:00,357150,Puyehue-Cordon Caulle,VIIRS750,6.692,8.78,1,baja,2026-10-05T18:06:10,mirova-archivo,1
2012-12-09T05:24:00,357150,Puyehue-Cordon Caulle,VIIRS750,6.841,8.55,1,baja,2026-10-05T18:06:10,mirova-archivo,1
2012-12-11T04:42:00,357150,Puyehue-Cordon Caulle,VIIRS375,0.1676,8.83,0,no volcanica,2026-10-05T18:06:10,mirova-archivo,0
2012-12-13T05:48:00,357150,Puyehue-Cordon Caulle,VIIRS375,1.218,8.66,1,baja,2026-10-05T18:06:10,mirova-archivo,1
2012-12-27T04:42:00,357150,Puyehue-Cordon Caulle,VIIRS375,1.814,8.91,1,baja,2026-10-05T18:06:10,mirova-archivo,1
2012-12-27T06:24:00,357150,Puyehue-Cordon Caulle,VIIRS375,2.165,8.91,1,baja,2026-10-05T18:06:10,mirova-archivo,1
2012-12-28T06:06:00,357150,Puyehue-Cordon Caulle,VIIRS750,7.072,8.55,1,baja,2026-10-05T18:06:10,mirova-archivo,1
2012-12-29T05:48:00,357150,Puyehue-Cordon Caulle,VIIRS375,2.5,8.83,1,baja,2026-10-05T18:06:10,mirova-archivo,1
2013-01-01T04:48:00,357150,Puyehue-Cordon Caulle,VIIRS375,2.305,18.63,0,no volcanica,2026-10-05T18:06:10,mirova-archivo,0
2013-01-01T06:30:00,357150,Puyehue-Cordon Caulle,VIIRS375,2.394,8.55,1,baja,2026-10-05T18:06:10,mirova-archivo,1
2013-01-02T04:30:00,357150,Puyehue-Cordon Caulle,VIIRS375,2.693,9.02,1,baja,2026-10-05T18:06:10,mirova-archivo,1
2013-01-02T06:12:00,357150,Puyehue-Cordon Caulle,VIIRS750,5.084,8.55,1,baja,2026-10-05T18:06:10,mirova-archivo,1
2013-01-03T05:45:00,357150,Puyehue-Cordon Caulle,MODIS,3.114,8.25,1,baja,2026-10-05T18:06:10,mirova-archivo,1
2013-01-03T05:54:00,357150,Puyehue-Cordon Caulle,VIIRS375,2.005,8.55,1,baja,2026-10-05T18:06:10,mirova-archivo,1
2013-01-05T05:18:00,357150,Puyehue-Cordon Caulle,VIIRS375,3.693,9.02,1,baja,2026-10-05T18:06:10,mirova-archivo,1
2013-01-06T04:54:00,357150,Puyehue-Cordon Caulle,VIIRS375,1.312,8.91,1,baja,2026-10-05T18:06:10,mirova-archivo,1
2013-01-09T05:42:00,357150,Puyehue-Cordon Caulle,VIIRS750,10.19,8.78,1,moderada,2026-10-05T18:06:10,mirova-archivo,1
2013-01-10T05:24:00,357150,Puyehue-Cordon Caulle,VIIRS750,6.516,8.78,1,baja,2026-10-05T18:06:10,mirova-archivo,1
2013-01-11T06:42:00,357150,Puyehue-Cordon Caulle,VIIRS375,0.9238,8.46,1,muy baja,2026-10-05T18:06:10,mirova-archivo,1
2013-01-12T04:00:00,357150,Puyehue-Cordon Caulle,MODIS,2.647,8.25,1,baja,2026-10-05T18:06:10,mirova-archivo,1
2013-01-12T04:42:00,357150,Puyehue-Cordon Caulle,VIIRS375,3.107,8.91,1,baja,2026-10-05T18:06:10,mirova-archivo,1
2013-01-12T06:24:00,357150,Puyehue-Cordon Caulle,VIIRS750,5.113,8.55,1,baja,2026-10-05T18:06:10,mirova-archivo,1
2013-01-13T04:24:00,357150,Puyehue-Cordon Caulle,VIIRS375,0.3775,9.02,1,muy baja,2026-10-05T18:06:10,mirova-archivo,1
2013-01-13T06:06:00,357150,Puyehue-Cordon Caulle,VIIRS375,2.473,8.55,1,baja,2026-10-05T18:06:10,mirova-archivo,1
2013-01-14T05:48:00,357150,Puyehue-Cordon Caulle,VIIRS750,10.48,8.55,1,moderada,2026-10-05T18:06:10,mirova-archivo,1
2013-01-15T05:30:00,357150,Puyehue-Cordon Caulle,VIIRS750,12.07,8.78,1,moderada,2026-10-05T18:06:10,mirova-archivo,1
2013-01-15T06:10:00,357150,Puyehue-Cordon Caulle,MODIS,3.066,8.25,1,baja,2026-10-05T18:06:10,mirova-archivo,1
2013-01-16T05:12:00,357150,Puyehue-Cordon Caulle,VIIRS375,2.526,8.91,1,baja,2026-10-05T18:06:10,mirova-archivo,1
2013-01-17T04:48:00,357150,Puyehue-Cordon Caulle,VIIRS375,3.706,8.91,1,baja,2026-10-05T18:06:10,mirova-archivo,1
2013-01-17T06:30:00,357150,Puyehue-Cordon Caulle,VIIRS375,4.591,8.83,1,baja,2026-10-05T18:06:10,mirova-archivo,1
2013-01-18T04:30:00,357150,Puyehue-Cordon Caulle,VIIRS375,0.7932,9.02,1,muy baja,2026-10-05T18:06:10,mirova-archivo,1
2013-01-18T06:12:00,357150,Puyehue-Cordon Caulle,VIIRS750,10.74,8.55,1,moderada,2026-10-05T18:06:10,mirova-archivo,1
2013-01-19T05:54:00,357150,Puyehue-Cordon Caulle,VIIRS375,2.587,8.83,1,baja,2026-10-05T18:06:10,mirova-archivo,1
2013-01-20T05:36:00,357150,Puyehue-Cordon Caulle,VIIRS375,3.242,8.55,1,baja,2026-10-05T18:06:10,mirova-archivo,1
2013-01-21T05:18:00,357150,Puyehue-Cordon Caulle,VIIRS375,2.157,9.02,1,baja,2026-10-05T18:06:10,mirova-archivo,1
2013-01-22T04:54:00,357150,Puyehue-Cordon Caulle,VIIRS375,0.1512,7.47,1,muy baja,2026-10-05T18:06:10,mirova-archivo,1
2013-01-22T06:36:00,357150,Puyehue-Cordon Caulle,VIIRS375,1.972,8.46,1,baja,2026-10-05T18:06:10,mirova-archivo,1
2013-01-23T04:36:00,357150,Puyehue-Cordon Caulle,VIIRS375,3.443,9.02,1,baja,2026-10-05T18:06:10,mirova-archivo,1
2013-01-23T06:18:00,357150,Puyehue-Cordon Caulle,VIIRS375,2.275,8.83,1,baja,2026-10-05T18:06:10,mirova-archivo,1
2013-01-24T06:00:00,357150,Puyehue-Cordon Caulle,VIIRS375,3.209,8.83,1,baja,2026-10-05T18:06:10,mirova-archivo,1
2013-01-25T05:42:00,357150,Puyehue-Cordon Caulle,VIIRS750,7.334,8.55,1,baja,2026-10-05T18:06:10,mirova-archivo,1
2013-01-26T05:24:00,357150,Puyehue-Cordon Caulle,VIIRS375,4.171,8.55,1,baja,2026-10-05T18:06:10,mirova-archivo,1
2013-01-27T05:06:00,357150,Puyehue-Cordon Caulle,VIIRS375,4.8,8.91,1,baja,2026-10-05T18:06:10,mirova-archivo,1
2013-01-27T06:42:00,357150,Puyehue-Cordon Caulle,VIIRS375,2.068,8.91,1,baja,2026-10-05T18:06:10,mirova-archivo,1
2013-01-28T04:42:00,357150,Puyehue-Cordon Caulle,VIIRS375,2.682,8.91,1,baja,2026-10-05T18:06:10,mirova-archivo,1
2013-01-28T06:24:00,357150,Puyehue-Cordon Caulle,VIIRS375,1.955,8.83,1,baja,2026-10-05T18:06:10,mirova-archivo,1
2013-01-29T04:24:00,357150,Puyehue-Cordon Caulle,VIIRS375,0.4344,9.02,1,muy baja,2026-10-05T18:06:10,mirova-archivo,1
2013-01-29T06:06:00,357150,Puyehue-Cordon Caulle,VIIRS375,0.682,8.55,1,muy baja,2026-10-05T18:06:10,mirova-archivo,1
2013-01-30T05:48:00,357150,Puyehue-Cordon Caulle,VIIRS750,11.88,8.55,1,moderada,2026-10-05T18:06:10,mirova-archivo,1
2013-01-31T05:30:00,357150,Puyehue-Cordon Caulle,VIIRS750,7.658,8.55,1,baja,2026-10-05T18:06:10,mirova-archivo,1
2013-01-31T06:10:00,357150,Puyehue-Cordon Caulle,MODIS,2.99,8.25,1,baja,2026-10-05T18:06:10,mirova-archivo,1
2013-02-03T04:30:00,357150,Puyehue-Cordon Caulle,VIIRS375,2.145,9.02,1,baja,2026-10-05T18:06:10,mirova-archivo,1
2013-02-03T06:12:00,357150,Puyehue-Cordon Caulle,VIIRS750,9.743,8.55,1,baja,2026-10-05T18:06:10,mirova-archivo,1
2013-02-04T05:45:00,357150,Puyehue-Cordon Caulle,MODIS,2.857,8.25,1,baja,2026-10-05T18:06:10,mirova-archivo,1
2013-02-04T05:54:00,357150,Puyehue-Cordon Caulle,VIIRS750,8.191,8.78,1,baja,2026-10-05T18:06:10,mirova-archivo,1
2013-02-05T05:36:00,357150,Puyehue-Cordon Caulle,VIIRS750,11.96,8.78,1,moderada,2026-10-05T18:06:10,mirova-archivo,1
2013-02-06T05:18:00,357150,Puyehue-Cordon Caulle,VIIRS750,9.873,8.78,1,baja,2026-10-05T18:06:10,mirova-archivo,1
2013-02-07T05:00:00,357150,Puyehue-Cordon Caulle,VIIRS375,3.589,9.02,1,baja,2026-10-05T18:06:10,mirova-archivo,1
2013-02-08T04:36:00,357150,Puyehue-Cordon Caulle,VIIRS375,2.275,9.02,1,baja,2026-10-05T18:06:10,mirova-archivo,1
2013-02-08T06:18:00,357150,Puyehue-Cordon Caulle,VIIRS375,3.134,8.75,1,baja,2026-10-05T18:06:10,mirova-archivo,1
2013-02-09T06:00:00,357150,Puyehue-Cordon Caulle,VIIRS375,1.867,8.91,1,baja,2026-10-05T18:06:10,mirova-archivo,1
2013-02-17T05:12:00,357150,Puyehue-Cordon Caulle,VIIRS375,0.05294,8.39,1,muy baja,2026-10-05T18:06:10,mirova-archivo,1
2013-02-18T06:30:00,357150,Puyehue-Cordon Caulle,VIIRS375,1.025,8.83,1,baja,2026-10-05T18:06:10,mirova-archivo,1
2013-02-19T04:30:00,357150,Puyehue-Cordon Caulle,VIIRS375,1.85,9.13,1,baja,2026-10-05T18:06:10,mirova-archivo,1
2013-02-19T06:12:00,357150,Puyehue-Cordon Caulle,VIIRS750,6.906,8.78,1,baja,2026-10-05T18:06:10,mirova-archivo,1
2013-02-20T05:54:00,357150,Puyehue-Cordon Caulle,VIIRS750,8.988,8.55,1,baja,2026-10-05T18:06:10,mirova-archivo,1
2013-02-21T05:36:00,357150,Puyehue-Cordon Caulle,VIIRS750,5.497,8.55,1,baja,2026-10-05T18:06:10,mirova-archivo,1
2013-02-22T05:18:00,357150,Puyehue-Cordon Caulle,VIIRS375,0.2893,8.55,1,muy baja,2026-10-05T18:06:10,mirova-archivo,1
2013-02-25T06:00:00,357150,Puyehue-Cordon Caulle,VIIRS750,5.099,8.55,1,baja,2026-10-05T18:06:10,mirova-archivo,1
2013-02-25T06:05:00,357150,Puyehue-Cordon Caulle,MODIS,2.475,8.25,1,baja,2026-10-05T18:06:10,mirova-archivo,1
2013-02-26T05:42:00,357150,Puyehue-Cordon Caulle,VIIRS750,10.87,8.78,1,moderada,2026-10-05T18:06:10,mirova-archivo,1
2013-02-28T06:42:00,357150,Puyehue-Cordon Caulle,VIIRS375,1.955,8.46,1,baja,2026-10-05T18:06:10,mirova-archivo,1
2013-03-01T06:24:00,357150,Puyehue-Cordon Caulle,VIIRS375,0.5451,7.83,1,muy baja,2026-10-05T18:06:10,mirova-archivo,1
2013-03-03T05:48:00,357150,Puyehue-Cordon Caulle,VIIRS750,8.407,8.55,1,baja,2026-10-05T18:06:10,mirova-archivo,1
2013-03-04T05:30:00,357150,Puyehue-Cordon Caulle,VIIRS750,7.074,8.55,1,baja,2026-10-05T18:06:10,mirova-archivo,1
2013-03-05T05:12:00,357150,Puyehue-Cordon Caulle,VIIRS750,7.893,8.55,1,baja,2026-10-05T18:06:10,mirova-archivo,1
2013-03-05T06:48:00,357150,Puyehue-Cordon Caulle,VIIRS375,0.3125,7.95,1,muy baja,2026-10-05T18:06:10,mirova-archivo,1
2013-03-07T06:12:00,357150,Puyehue-Cordon Caulle,VIIRS375,1.128,8.91,1,baja,2026-10-05T18:06:10,mirova-archivo,1
2013-03-11T06:36:00,357150,Puyehue-Cordon Caulle,VIIRS375,1.487,8.83,1,baja,2026-10-05T18:06:10,mirova-archivo,1
2013-03-13T06:00:00,357150,Puyehue-Cordon Caulle,VIIRS375,2.593,8.91,1,baja,2026-10-05T18:06:10,mirova-archivo,1
2013-03-14T05:42:00,357150,Puyehue-Cordon Caulle,VIIRS750,6.296,8.55,1,baja,2026-10-05T18:06:10,mirova-archivo,1
2013-03-15T05:24:00,357150,Puyehue-Cordon Caulle,VIIRS750,6.288,8.55,1,baja,2026-10-05T18:06:10,mirova-archivo,1
2013-03-15T05:50:00,357150,Puyehue-Cordon Caulle,MODIS,2.586,8.25,1,baja,2026-10-05T18:06:10,mirova-archivo,1
2013-03-16T05:06:00,357150,Puyehue-Cordon Caulle,VIIRS750,7.17,8.78,1,baja,2026-10-05T18:06:10,mirova-archivo,1
2013-03-16T06:42:00,357150,Puyehue-Cordon Caulle,VIIRS375,2.069,8.19,1,baja,2026-10-05T18:06:10,mirova-archivo,1
2013-03-17T04:00:00,357150,Puyehue-Cordon Caulle,MODIS,2.719,8.25,1,baja,2026-10-05T18:06:10,mirova-archivo,1
2013-03-17T04:48:00,357150,Puyehue-Cordon Caulle,VIIRS375,2.953,9.02,1,baja,2026-10-05T18:06:10,mirova-archivo,1
2013-03-17T06:24:00,357150,Puyehue-Cordon Caulle,VIIRS750,6.346,8.55,1,baja,2026-10-05T18:06:10,mirova-archivo,1
2013-03-18T04:24:00,357150,Puyehue-Cordon Caulle,VIIRS375,2.477,9.13,1,baja,2026-10-05T18:06:10,mirova-archivo,1
2013-03-20T05:30:00,357150,Puyehue-Cordon Caulle,VIIRS375,0.1155,6.45,0,no volcanica,2026-10-05T18:06:10,mirova-archivo,0
2013-03-22T04:54:00,357150,Puyehue-Cordon Caulle,VIIRS375,1.833,9.02,1,baja,2026-10-05T18:06:10,mirova-archivo,1
2013-03-22T06:30:00,357150,Puyehue-Cordon Caulle,VIIRS375,1.972,8.83,1,baja,2026-10-05T18:06:10,mirova-archivo,1
2013-03-23T06:12:00,357150,Puyehue-Cordon Caulle,VIIRS750,7.648,8.78,1,baja,2026-10-05T18:06:10,mirova-archivo,1
2013-03-25T05:36:00,357150,Puyehue-Cordon Caulle,VIIRS375,2.387,8.55,1,baja,2026-10-05T18:06:10,mirova-archivo,1
2013-03-26T03:50:00,357150,Puyehue-Cordon Caulle,MODIS,5.505,8.25,1,baja,2026-10-05T18:06:10,mirova-archivo,1
2013-03-26T05:18:00,357150,Puyehue-Cordon Caulle,VIIRS750,9.257,8.55,1,baja,2026-10-05T18:06:10,mirova-archivo,1
2013-03-27T05:00:00,357150,Puyehue-Cordon Caulle,VIIRS750,8.548,8.78,1,baja,2026-10-05T18:06:10,mirova-archivo,1
2013-03-27T06:36:00,357150,Puyehue-Cordon Caulle,VIIRS375,3.588,8.83,1,baja,2026-10-05T18:06:10,mirova-archivo,1
2013-03-28T04:42:00,357150,Puyehue-Cordon Caulle,VIIRS375,2.946,9.02,1,baja,2026-10-05T18:06:10,mirova-archivo,1
2013-03-28T06:18:00,357150,Puyehue-Cordon Caulle,VIIRS750,7.4,8.55,1,baja,2026-10-05T18:06:10,mirova-archivo,1
2013-03-29T06:00:00,357150,Puyehue-Cordon Caulle,VIIRS375,0.1949,7.73,1,muy baja,2026-10-05T18:06:10,mirova-archivo,1
2013-03-31T05:24:00,357150,Puyehue-Cordon Caulle,VIIRS375,1.266,7.73,1,baja,2026-10-05T18:06:10,mirova-archivo,1
2013-04-01T05:06:00,357150,Puyehue-Cordon Caulle,VIIRS375,2.465,8.91,1,baja,2026-10-05T18:06:10,mirova-archivo,1
2013-04-01T06:42:00,357150,Puyehue-Cordon Caulle,VIIRS375,0.3122,8.02,1,muy baja,2026-10-05T18:06:10,mirova-archivo,1
2013-04-02T04:00:00,357150,Puyehue-Cordon Caulle,MODIS,2.791,8.25,1,baja,2026-10-05T18:06:10,mirova-archivo,1
2013-04-02T04:48:00,357150,Puyehue-Cordon Caulle,VIIRS375,3.29,8.91,1,baja,2026-10-05T18:06:10,mirova-archivo,1
2013-04-02T05:40:00,357150,Puyehue-Cordon Caulle,MODIS,3.223,8.25,1,baja,2026-10-05T18:06:10,mirova-archivo,1
2013-04-02T06:24:00,357150,Puyehue-Cordon Caulle,VIIRS375,2.343,8.46,1,baja,2026-10-05T18:06:10,mirova-archivo,1
2013-04-03T04:24:00,357150,Puyehue-Cordon Caulle,VIIRS375,0.5075,9.02,1,muy baja,2026-10-05T18:06:10,mirova-archivo,1
2013-04-03T06:06:00,357150,Puyehue-Cordon Caulle,VIIRS750,7.374,8.55,1,baja,2026-10-05T18:06:10,mirova-archivo,1
2013-04-04T03:45:00,357150,Puyehue-Cordon Caulle,MODIS,6.015,8.25,1,baja,2026-10-05T18:06:10,mirova-archivo,1
2013-04-04T05:48:00,357150,Puyehue-Cordon Caulle,VIIRS750,12.65,8.55,1,moderada,2026-10-05T18:06:10,mirova-archivo,1
2013-04-08T04:36:00,357150,Puyehue-Cordon Caulle,VIIRS375,0.03323,8.30,1,muy baja,2026-10-05T18:06:10,mirova-archivo,1
2013-04-08T06:12:00,357150,Puyehue-Cordon Caulle,VIIRS375,2.453,8.66,1,baja,2026-10-05T18:06:10,mirova-archivo,1
2013-04-09T05:54:00,357150,Puyehue-Cordon Caulle,VIIRS375,1.185,8.83,1,baja,2026-10-05T18:06:10,mirova-archivo,1
2013-04-13T04:42:00,357150,Puyehue-Cordon Caulle,VIIRS375,2.556,9.02,1,baja,2026-10-05T18:06:10,mirova-archivo,1
2013-04-13T06:18:00,357150,Puyehue-Cordon Caulle,VIIRS750,8.123,8.55,1,baja,2026-10-05T18:06:10,mirova-archivo,1
2013-04-15T05:42:00,357150,Puyehue-Cordon Caulle,VIIRS750,9.188,8.55,1,baja,2026-10-05T18:06:10,mirova-archivo,1
2013-04-16T05:24:00,357150,Puyehue-Cordon Caulle,VIIRS750,6.779,8.78,1,baja,2026-10-05T18:06:10,mirova-archivo,1
2013-04-17T05:06:00,357150,Puyehue-Cordon Caulle,VIIRS375,0.5856,8.91,1,muy baja,2026-10-05T18:06:10,mirova-archivo,1
2013-04-18T04:48:00,357150,Puyehue-Cordon Caulle,VIIRS375,3.814,9.02,1,baja,2026-10-05T18:06:10,mirova-archivo,1
2013-04-18T06:24:00,357150,Puyehue-Cordon Caulle,VIIRS750,7.299,8.55,1,baja,2026-10-05T18:06:10,mirova-archivo,1
2013-04-19T04:30:00,357150,Puyehue-Cordon Caulle,VIIRS375,2.58,9.13,1,baja,2026-10-05T18:06:10,mirova-archivo,1
2013-04-19T06:06:00,357150,Puyehue-Cordon Caulle,VIIRS750,7.151,8.55,1,baja,2026-10-05T18:06:10,mirova-archivo,1
2013-04-20T05:48:00,357150,Puyehue-Cordon Caulle,VIIRS750,8.724,8.55,1,baja,2026-10-05T18:06:10,mirova-archivo,1
2013-04-22T05:12:00,357150,Puyehue-Cordon Caulle,VIIRS375,0.2537,7.47,1,muy baja,2026-10-05T18:06:10,mirova-archivo,1
2013-04-23T04:54:00,357150,Puyehue-Cordon Caulle,VIIRS375,2.109,8.91,1,baja,2026-10-05T18:06:10,mirova-archivo,1
2013-04-23T06:30:00,357150,Puyehue-Cordon Caulle,VIIRS375,1.45,8.83,1,baja,2026-10-05T18:06:10,mirova-archivo,1
2013-04-24T04:36:00,357150,Puyehue-Cordon Caulle,VIIRS375,3.264,9.02,1,baja,2026-10-05T18:06:10,mirova-archivo,1
2013-04-24T06:12:00,357150,Puyehue-Cordon Caulle,VIIRS750,9.941,8.78,1,baja,2026-10-05T18:06:10,mirova-archivo,1
2013-04-25T05:45:00,357150,Puyehue-Cordon Caulle,MODIS,6.869,8.25,1,baja,2026-10-05T18:06:10,mirova-archivo,1
2013-04-25T05:54:00,357150,Puyehue-Cordon Caulle,VIIRS750,11.71,8.55,1,moderada,2026-10-05T18:06:10,mirova-archivo,1
2013-04-26T05:36:00,357150,Puyehue-Cordon Caulle,VIIRS750,8.466,8.55,1,baja,2026-10-05T18:06:10,mirova-archivo,1
2013-05-05T06:06:00,357150,Puyehue-Cordon Caulle,VIIRS375,1.84,8.83,1,baja,2026-10-05T18:06:10,mirova-archivo,1
2013-05-06T05:48:00,357150,Puyehue-Cordon Caulle,VIIRS375,0.224,8.55,1,muy baja,2026-10-05T18:06:10,mirova-archivo,1
2013-05-07T05:30:00,357150,Puyehue-Cordon Caulle,VIIRS750,8.085,8.78,1,baja,2026-10-05T18:06:10,mirova-archivo,1
2013-05-12T05:36:00,357150,Puyehue-Cordon Caulle,VIIRS375,0.06598,7.47,1,muy baja,2026-10-05T18:06:10,mirova-archivo,1
2013-05-15T04:42:00,357150,Puyehue-Cordon Caulle,VIIRS375,0.702,9.02,1,muy baja,2026-10-05T18:06:10,mirova-archivo,1
2013-05-16T06:00:00,357150,Puyehue-Cordon Caulle,VIIRS750,6.028,8.55,1,baja,2026-10-05T18:06:10,mirova-archivo,1
2013-05-16T06:05:00,357150,Puyehue-Cordon Caulle,MODIS,2.627,8.25,1,baja,2026-10-05T18:06:10,mirova-archivo,1
2013-05-17T05:42:00,357150,Puyehue-Cordon Caulle,VIIRS750,11.45,8.78,1,moderada,2026-10-05T18:06:10,mirova-archivo,1
2013-05-18T05:24:00,357150,Puyehue-Cordon Caulle,VIIRS750,11.75,8.55,1,moderada,2026-10-05T18:06:10,mirova-archivo,1
2013-05-18T05:50:00,357150,Puyehue-Cordon Caulle,MODIS,3.326,8.25,1,baja,2026-10-05T18:06:10,mirova-archivo,1
2013-05-20T06:24:00,357150,Puyehue-Cordon Caulle,VIIRS375,0.7599,8.55,1,muy baja,2026-10-05T18:06:10,mirova-archivo,1
2013-05-22T05:48:00,357150,Puyehue-Cordon Caulle,VIIRS375,0.05527,8.46,1,muy baja,2026-10-05T18:06:10,mirova-archivo,1
2013-05-25T04:54:00,357150,Puyehue-Cordon Caulle,VIIRS750,7.697,8.78,1,baja,2026-10-05T18:06:10,mirova-archivo,1
2013-05-25T05:55:00,357150,Puyehue-Cordon Caulle,MODIS,3.842,8.25,1,baja,2026-10-05T18:06:10,mirova-archivo,1
2013-05-25T06:30:00,357150,Puyehue-Cordon Caulle,VIIRS750,6.229,8.55,1,baja,2026-10-05T18:06:10,mirova-archivo,1
2013-06-06T06:06:00,357150,Puyehue-Cordon Caulle,VIIRS375,0.1372,8.55,1,muy baja,2026-10-05T18:06:10,mirova-archivo,1
2013-06-08T05:30:00,357150,Puyehue-Cordon Caulle,VIIRS750,12.81,8.78,1,moderada,2026-10-05T18:06:10,mirova-archivo,1
2013-06-09T05:12:00,357150,Puyehue-Cordon Caulle,VIIRS750,9.173,8.55,1,baja,2026-10-05T18:06:10,mirova-archivo,1
2013-06-09T06:54:00,357150,Puyehue-Cordon Caulle,VIIRS375,2.41,8.91,1,baja,2026-10-05T18:06:10,mirova-archivo,1
2013-06-10T04:54:00,357150,Puyehue-Cordon Caulle,VIIRS750,5.138,8.55,1,baja,2026-10-05T18:06:10,mirova-archivo,1
2013-06-10T05:55:00,357150,Puyehue-Cordon Caulle,MODIS,6.886,8.25,1,baja,2026-10-05T18:06:10,mirova-archivo,1
2013-06-10T06:30:00,357150,Puyehue-Cordon Caulle,VIIRS375,3.194,8.91,1,baja,2026-10-05T18:06:10,mirova-archivo,1
2013-06-11T04:36:00,357150,Puyehue-Cordon Caulle,VIIRS375,2.563,9.13,1,baja,2026-10-05T18:06:10,mirova-archivo,1
2013-06-11T06:12:00,357150,Puyehue-Cordon Caulle,VIIRS750,10.81,8.78,1,moderada,2026-10-05T18:06:10,mirova-archivo,1
2013-06-12T05:54:00,357150,Puyehue-Cordon Caulle,VIIRS750,6.516,8.55,1,baja,2026-10-05T18:06:10,mirova-archivo,1
2013-06-14T05:18:00,357150,Puyehue-Cordon Caulle,VIIRS375,0.8202,8.83,1,muy baja,2026-10-05T18:06:10,mirova-archivo,1
2013-06-20T06:48:00,357150,Puyehue-Cordon Caulle,VIIRS375,0.2477,8.02,1,muy baja,2026-10-05T18:06:10,mirova-archivo,1
2013-06-22T06:06:00,357150,Puyehue-Cordon Caulle,VIIRS375,0.3746,8.83,1,muy baja,2026-10-05T18:06:10,mirova-archivo,1
2013-06-23T05:48:00,357150,Puyehue-Cordon Caulle,VIIRS375,1.26,8.83,1,baja,2026-10-05T18:06:10,mirova-archivo,1
2013-06-24T05:30:00,357150,Puyehue-Cordon Caulle,VIIRS750,5.685,8.55,1,baja,2026-10-05T18:06:10,mirova-archivo,1
2013-06-24T06:10:00,357150,Puyehue-Cordon Caulle,MODIS,3.174,8.25,1,baja,2026-10-05T18:06:10,mirova-archivo,1
2013-06-25T05:12:00,357150,Puyehue-Cordon Caulle,VIIRS750,9.64,8.78,1,baja,2026-10-05T18:06:10,mirova-archivo,1
2013-06-25T06:54:00,357150,Puyehue-Cordon Caulle,VIIRS375,0.9897,8.83,1,muy baja,2026-10-05T18:06:10,mirova-archivo,1
2013-06-30T05:18:00,357150,Puyehue-Cordon Caulle,VIIRS375,0.9839,8.91,1,muy baja,2026-10-05T18:06:10,mirova-archivo,1
2013-07-05T05:24:00,357150,Puyehue-Cordon Caulle,VIIRS375,0.8599,8.83,1,muy baja,2026-10-05T18:06:10,mirova-archivo,1
2013-07-05T05:50:00,357150,Puyehue-Cordon Caulle,MODIS,2.235,8.25,1,baja,2026-10-05T18:06:10,mirova-archivo,1
2013-07-06T05:06:00,357150,Puyehue-Cordon Caulle,VIIRS375,2.102,8.55,0,no volcanica,2026-10-05T18:06:10,mirova-archivo,0
2013-07-06T06:48:00,357150,Puyehue-Cordon Caulle,VIIRS375,0.8654,7.73,1,muy baja,2026-10-05T18:06:10,mirova-archivo,1
2013-07-07T04:48:00,357150,Puyehue-Cordon Caulle,VIIRS375,1.526,8.66,1,baja,2026-10-05T18:06:10,mirova-archivo,1
2013-07-07T06:24:00,357150,Puyehue-Cordon Caulle,VIIRS375,2.569,8.83,1,baja,2026-10-05T18:06:10,mirova-archivo,1
2013-07-08T04:30:00,357150,Puyehue-Cordon Caulle,VIIRS375,1.977,9.02,1,baja,2026-10-05T18:06:10,mirova-archivo,1
2013-07-08T06:06:00,357150,Puyehue-Cordon Caulle,VIIRS750,8.297,8.55,1,baja,2026-10-05T18:06:10,mirova-archivo,1
2013-07-12T04:54:00,357150,Puyehue-Cordon Caulle,VIIRS375,0.7173,27.13,0,no volcanica,2026-10-05T18:06:10,mirova-archivo,0
2013-07-14T05:54:00,357150,Puyehue-Cordon Caulle,VIIRS375,1.664,8.55,1,baja,2026-10-05T18:06:10,mirova-archivo,1
2013-07-15T05:36:00,357150,Puyehue-Cordon Caulle,VIIRS375,0.3071,8.46,1,muy baja,2026-10-05T18:06:10,mirova-archivo,1
2013-07-18T04:42:00,357150,Puyehue-Cordon Caulle,VIIRS375,1.931,9.02,1,baja,2026-10-05T18:06:10,mirova-archivo,1
2013-07-18T06:18:00,357150,Puyehue-Cordon Caulle,VIIRS375,1.329,8.10,1,baja,2026-10-05T18:06:10,mirova-archivo,1
2013-07-19T06:00:00,357150,Puyehue-Cordon Caulle,VIIRS750,7.412,8.55,1,baja,2026-10-05T18:06:10,mirova-archivo,1
2013-07-19T06:05:00,357150,Puyehue-Cordon Caulle,MODIS,5.102,8.25,1,baja,2026-10-05T18:06:10,mirova-archivo,1
2013-07-21T05:24:00,357150,Puyehue-Cordon Caulle,VIIRS375,2.172,8.55,1,baja,2026-10-05T18:06:10,mirova-archivo,1
2013-07-22T05:06:00,357150,Puyehue-Cordon Caulle,VIIRS750,6.802,8.78,1,baja,2026-10-05T18:06:10,mirova-archivo,1
2013-07-24T04:30:00,357150,Puyehue-Cordon Caulle,VIIRS375,3.72,9.02,1,baja,2026-10-05T18:06:10,mirova-archivo,1
2013-07-24T06:06:00,357150,Puyehue-Cordon Caulle,VIIRS750,11.24,8.78,1,moderada,2026-10-05T18:06:10,mirova-archivo,1
2013-07-25T03:45:00,357150,Puyehue-Cordon Caulle,MODIS,5.928,8.25,1,baja,2026-10-05T18:06:10,mirova-archivo,1
2013-07-25T05:48:00,357150,Puyehue-Cordon Caulle,VIIRS750,11.92,8.55,1,moderada,2026-10-05T18:06:10,mirova-archivo,1
2013-07-26T05:30:00,357150,Puyehue-Cordon Caulle,VIIRS375,2.765,8.91,1,baja,2026-10-05T18:06:10,mirova-archivo,1
2013-07-28T04:54:00,357150,Puyehue-Cordon Caulle,VIIRS375,4.527,8.91,1,baja,2026-10-05T18:06:10,mirova-archivo,1
2013-07-28T05:55:00,357150,Puyehue-Cordon Caulle,MODIS,2.725,8.25,1,baja,2026-10-05T18:06:10,mirova-archivo,1
2013-07-28T06:30:00,357150,Puyehue-Cordon Caulle,VIIRS750,9.564,8.55,1,baja,2026-10-05T18:06:10,mirova-archivo,1
2013-07-29T03:20:00,357150,Puyehue-Cordon Caulle,MODIS,2.283,8.54,1,baja,2026-10-05T18:06:10,mirova-archivo,1
2013-07-29T04:36:00,357150,Puyehue-Cordon Caulle,VIIRS750,6.12,9.06,1,baja,2026-10-05T18:06:10,mirova-archivo,1
2013-07-29T06:12:00,357150,Puyehue-Cordon Caulle,VIIRS750,12.11,8.55,1,moderada,2026-10-05T18:06:10,mirova-archivo,1
2013-07-30T05:54:00,357150,Puyehue-Cordon Caulle,VIIRS750,8.44,8.55,1,baja,2026-10-05T18:06:10,mirova-archivo,1
2013-07-31T05:36:00,357150,Puyehue-Cordon Caulle,VIIRS375,2.634,8.83,1,baja,2026-10-05T18:06:10,mirova-archivo,1
2013-08-01T05:18:00,357150,Puyehue-Cordon Caulle,VIIRS375,0.3674,8.66,1,muy baja,2026-10-05T18:06:10,mirova-archivo,1
2013-08-02T05:00:00,357150,Puyehue-Cordon Caulle,VIIRS375,0.483,9.02,1,muy baja,2026-10-05T18:06:10,mirova-archivo,1
2013-08-02T06:42:00,357150,Puyehue-Cordon Caulle,VIIRS375,0.1911,8.39,1,muy baja,2026-10-05T18:06:10,mirova-archivo,1
2013-08-09T06:06:00,357150,Puyehue-Cordon Caulle,VIIRS375,0.5442,8.19,1,muy baja,2026-10-05T18:06:10,mirova-archivo,1
2013-08-11T05:30:00,357150,Puyehue-Cordon Caulle,VIIRS375,0.2846,8.55,1,muy baja,2026-10-05T18:06:10,mirova-archivo,1
2013-08-12T05:12:00,357150,Puyehue-Cordon Caulle,VIIRS375,0.1777,7.83,1,muy baja,2026-10-05T18:06:10,mirova-archivo,1
2013-08-13T04:54:00,357150,Puyehue-Cordon Caulle,VIIRS375,0.255,8.91,1,muy baja,2026-10-05T18:06:10,mirova-archivo,1
2013-08-13T06:36:00,357150,Puyehue-Cordon Caulle,VIIRS375,0.6759,8.10,1,muy baja,2026-10-05T18:06:10,mirova-archivo,1
2013-08-14T04:36:00,357150,Puyehue-Cordon Caulle,VIIRS375,1.409,9.13,1,baja,2026-10-05T18:06:10,mirova-archivo,1
2013-08-14T06:12:00,357150,Puyehue-Cordon Caulle,VIIRS375,2.235,8.55,1,baja,2026-10-05T18:06:10,mirova-archivo,1
2013-08-17T03:50:00,357150,Puyehue-Cordon Caulle,MODIS,2.911,7.62,1,baja,2026-10-05T18:06:10,mirova-archivo,1
2013-08-17T05:18:00,357150,Puyehue-Cordon Caulle,VIIRS750,9.509,8.55,1,baja,2026-10-05T18:06:10,mirova-archivo,1
2013-08-18T05:00:00,357150,Puyehue-Cordon Caulle,VIIRS750,5.613,8.55,1,baja,2026-10-05T18:06:10,mirova-archivo,1
2013-08-18T06:42:00,357150,Puyehue-Cordon Caulle,VIIRS375,1.76,8.83,1,baja,2026-10-05T18:06:10,mirova-archivo,1
2013-08-23T05:06:00,357150,Puyehue-Cordon Caulle,VIIRS375,1.803,18.65,0,no volcanica,2026-10-05T18:06:10,mirova-archivo,0
2013-08-23T06:48:00,357150,Puyehue-Cordon Caulle,VIIRS375,0.07561,7.37,1,muy baja,2026-10-05T18:06:10,mirova-archivo,1
2013-08-24T04:48:00,357150,Puyehue-Cordon Caulle,VIIRS375,0.3539,8.55,1,muy baja,2026-10-05T18:06:10,mirova-archivo,1
2013-08-25T04:30:00,357150,Puyehue-Cordon Caulle,VIIRS375,1.006,9.02,1,baja,2026-10-05T18:06:10,mirova-archivo,1
2013-08-25T06:06:00,357150,Puyehue-Cordon Caulle,VIIRS375,2.006,8.46,1,baja,2026-10-05T18:06:10,mirova-archivo,1
2013-08-28T05:12:00,357150,Puyehue-Cordon Caulle,VIIRS375,0.03968,8.55,1,muy baja,2026-10-05T18:06:10,mirova-archivo,1
2013-08-29T04:54:00,357150,Puyehue-Cordon Caulle,VIIRS375,1.449,8.83,1,baja,2026-10-05T18:06:10,mirova-archivo,1
2013-08-29T06:36:00,357150,Puyehue-Cordon Caulle,VIIRS375,0.7688,8.46,1,muy baja,2026-10-05T18:06:10,mirova-archivo,1
2013-09-03T05:00:00,357150,Puyehue-Cordon Caulle,VIIRS750,6.179,8.78,1,baja,2026-10-05T18:06:10,mirova-archivo,1
2013-09-03T06:42:00,357150,Puyehue-Cordon Caulle,VIIRS375,0.3168,8.10,1,muy baja,2026-10-05T18:06:10,mirova-archivo,1
2013-09-12T05:30:00,357150,Puyehue-Cordon Caulle,VIIRS375,0.7681,8.55,1,muy baja,2026-10-05T18:06:10,mirova-archivo,1
2013-09-13T05:12:00,357150,Puyehue-Cordon Caulle,VIIRS375,2.976,8.83,1,baja,2026-10-05T18:06:10,mirova-archivo,1
2013-09-14T06:36:00,357150,Puyehue-Cordon Caulle,VIIRS375,0.8117,7.83,1,muy baja,2026-10-05T18:06:10,mirova-archivo,1
2013-09-16T05:54:00,357150,Puyehue-Cordon Caulle,VIIRS375,3.408,8.91,1,baja,2026-10-05T18:06:10,mirova-archivo,1
2013-09-21T06:00:00,357150,Puyehue-Cordon Caulle,VIIRS750,5.248,8.78,1,baja,2026-10-05T18:06:10,mirova-archivo,1
2013-09-22T05:42:00,357150,Puyehue-Cordon Caulle,VIIRS375,3.192,8.83,1,baja,2026-10-05T18:06:10,mirova-archivo,1
2013-09-23T05:24:00,357150,Puyehue-Cordon Caulle,VIIRS750,9.383,8.55,1,baja,2026-10-05T18:06:10,mirova-archivo,1
2013-09-23T05:50:00,357150,Puyehue-Cordon Caulle,MODIS,6.212,8.25,1,baja,2026-10-05T18:06:10,mirova-archivo,1
2013-09-24T05:06:00,357150,Puyehue-Cordon Caulle,VIIRS750,5.194,8.55,1,baja,2026-10-05T18:06:10,mirova-archivo,1
2013-09-24T06:48:00,357150,Puyehue-Cordon Caulle,VIIRS375,3.415,8.91,1,baja,2026-10-05T18:06:10,mirova-archivo,1
2013-09-25T04:00:00,357150,Puyehue-Cordon Caulle,MODIS,2.688,8.25,1,baja,2026-10-05T18:06:10,mirova-archivo,1
2013-09-25T04:48:00,357150,Puyehue-Cordon Caulle,VIIRS750,7.374,8.78,1,baja,2026-10-05T18:06:10,mirova-archivo,1
2013-09-25T06:30:00,357150,Puyehue-Cordon Caulle,VIIRS750,10.31,8.55,1,moderada,2026-10-05T18:06:10,mirova-archivo,1
2013-09-27T05:48:00,357150,Puyehue-Cordon Caulle,VIIRS750,6.01,8.55,1,baja,2026-10-05T18:06:10,mirova-archivo,1
2013-09-28T05:30:00,357150,Puyehue-Cordon Caulle,VIIRS750,5.486,8.55,1,baja,2026-10-05T18:06:10,mirova-archivo,1
2013-09-29T05:12:00,357150,Puyehue-Cordon Caulle,VIIRS375,2.904,8.91,1,baja,2026-10-05T18:06:10,mirova-archivo,1
2013-09-29T06:54:00,357150,Puyehue-Cordon Caulle,VIIRS375,1.181,7.95,1,baja,2026-10-05T18:06:10,mirova-archivo,1
2013-09-30T04:54:00,357150,Puyehue-Cordon Caulle,VIIRS375,3.275,8.91,1,baja,2026-10-05T18:06:10,mirova-archivo,1
2013-09-30T06:36:00,357150,Puyehue-Cordon Caulle,VIIRS375,3.783,8.46,1,baja,2026-10-05T18:06:10,mirova-archivo,1
2013-10-02T05:54:00,357150,Puyehue-Cordon Caulle,VIIRS375,0.2286,27.99,0,no volcanica,2026-10-05T18:06:10,mirova-archivo,0
2013-10-05T05:00:00,357150,Puyehue-Cordon Caulle,VIIRS375,0.6702,8.19,1,muy baja,2026-10-05T18:06:10,mirova-archivo,1
2013-10-05T06:42:00,357150,Puyehue-Cordon Caulle,VIIRS375,2.168,8.55,1,baja,2026-10-05T18:06:10,mirova-archivo,1
2013-10-06T03:40:00,357150,Puyehue-Cordon Caulle,MODIS,5.558,8.25,1,baja,2026-10-05T18:06:10,mirova-archivo,1
2013-10-06T04:42:00,357150,Puyehue-Cordon Caulle,VIIRS375,5.46,9.02,1,baja,2026-10-05T18:06:10,mirova-archivo,1
2013-10-06T06:24:00,357150,Puyehue-Cordon Caulle,VIIRS750,10.12,8.78,1,moderada,2026-10-05T18:06:10,mirova-archivo,1
2013-10-07T06:00:00,357150,Puyehue-Cordon Caulle,VIIRS750,11.61,8.55,1,moderada,2026-10-05T18:06:10,mirova-archivo,1
2013-10-07T06:05:00,357150,Puyehue-Cordon Caulle,MODIS,6.572,8.25,1,baja,2026-10-05T18:06:10,mirova-archivo,1
2013-10-08T05:42:00,357150,Puyehue-Cordon Caulle,VIIRS375,0.6065,8.19,1,muy baja,2026-10-05T18:06:10,mirova-archivo,1
2013-10-13T05:48:00,357150,Puyehue-Cordon Caulle,VIIRS750,9.897,8.78,1,baja,2026-10-05T18:06:10,mirova-archivo,1
2013-10-15T05:12:00,357150,Puyehue-Cordon Caulle,VIIRS375,1.132,24.24,0,no volcanica,2026-10-05T18:06:10,mirova-archivo,0
2013-10-17T04:36:00,357150,Puyehue-Cordon Caulle,VIIRS375,1.306,8.66,1,baja,2026-10-05T18:06:10,mirova-archivo,1
2013-10-17T06:18:00,357150,Puyehue-Cordon Caulle,VIIRS750,13.17,8.55,1,moderada,2026-10-05T18:06:10,mirova-archivo,1
2013-10-18T05:54:00,357150,Puyehue-Cordon Caulle,VIIRS750,8.372,8.55,1,baja,2026-10-05T18:06:10,mirova-archivo,1
2013-10-19T05:36:00,357150,Puyehue-Cordon Caulle,VIIRS375,0.4834,8.55,1,muy baja,2026-10-05T18:06:10,mirova-archivo,1
2013-10-21T05:00:00,357150,Puyehue-Cordon Caulle,VIIRS375,0.7069,8.46,1,muy baja,2026-10-05T18:06:10,mirova-archivo,1
2013-10-23T06:00:00,357150,Puyehue-Cordon Caulle,VIIRS375,0.3511,8.46,1,muy baja,2026-10-05T18:06:10,mirova-archivo,1
2013-10-24T05:42:00,357150,Puyehue-Cordon Caulle,VIIRS750,12.13,8.55,1,moderada,2026-10-05T18:06:10,mirova-archivo,1
2013-10-25T05:24:00,357150,Puyehue-Cordon Caulle,VIIRS750,10.18,8.55,1,moderada,2026-10-05T18:06:10,mirova-archivo,1
2013-10-26T05:06:00,357150,Puyehue-Cordon Caulle,VIIRS375,1.614,8.83,1,baja,2026-10-05T18:06:10,mirova-archivo,1
2013-10-26T06:48:00,357150,Puyehue-Cordon Caulle,VIIRS375,0.4038,8.39,1,muy baja,2026-10-05T18:06:10,mirova-archivo,1
2013-10-27T03:55:00,357150,Puyehue-Cordon Caulle,MODIS,2.423,7.62,1,baja,2026-10-05T18:06:10,mirova-archivo,1
2013-10-27T04:48:00,357150,Puyehue-Cordon Caulle,VIIRS375,2.705,8.91,1,baja,2026-10-05T18:06:10,mirova-archivo,1
2013-10-27T06:30:00,357150,Puyehue-Cordon Caulle,VIIRS750,8.453,8.55,1,baja,2026-10-05T18:06:10,mirova-archivo,1
2013-10-29T05:48:00,357150,Puyehue-Cordon Caulle,VIIRS375,0.05429,8.55,1,muy baja,2026-10-05T18:06:10,mirova-archivo,1
2013-10-31T05:12:00,357150,Puyehue-Cordon Caulle,VIIRS375,1.146,8.91,1,baja,2026-10-05T18:06:10,mirova-archivo,1
2013-11-02T03:20:00,357150,Puyehue-Cordon Caulle,MODIS,2.166,8.25,1,baja,2026-10-05T18:06:10,mirova-archivo,1
2013-11-02T04:36:00,357150,Puyehue-Cordon Caulle,VIIRS375,2.592,9.02,1,baja,2026-10-05T18:06:10,mirova-archivo,1
2013-11-02T06:18:00,357150,Puyehue-Cordon Caulle,VIIRS750,7.729,8.55,1,baja,2026-10-05T18:06:10,mirova-archivo,1
2013-11-03T05:54:00,357150,Puyehue-Cordon Caulle,VIIRS750,12.41,8.78,1,moderada,2026-10-05T18:06:10,mirova-archivo,1
2013-11-04T05:36:00,357150,Puyehue-Cordon Caulle,VIIRS375,0.08586,7.83,1,muy baja,2026-10-05T18:06:10,mirova-archivo,1
2013-11-05T05:18:00,357150,Puyehue-Cordon Caulle,VIIRS750,9.394,8.78,1,baja,2026-10-05T18:06:10,mirova-archivo,1
2013-11-06T05:00:00,357150,Puyehue-Cordon Caulle,VIIRS750,5.955,8.55,1,baja,2026-10-05T18:06:10,mirova-archivo,1
2013-11-10T05:24:00,357150,Puyehue-Cordon Caulle,VIIRS750,8.594,8.78,1,baja,2026-10-05T18:06:10,mirova-archivo,1
2013-11-10T05:50:00,357150,Puyehue-Cordon Caulle,MODIS,2.878,8.25,1,baja,2026-10-05T18:06:10,mirova-archivo,1
2013-11-13T04:30:00,357150,Puyehue-Cordon Caulle,VIIRS375,1.246,9.02,1,baja,2026-10-05T18:06:10,mirova-archivo,1
2013-11-13T06:12:00,357150,Puyehue-Cordon Caulle,VIIRS750,10.16,8.55,1,moderada,2026-10-05T18:06:10,mirova-archivo,1
2013-11-16T05:12:00,357150,Puyehue-Cordon Caulle,VIIRS750,9.42,8.55,1,baja,2026-10-05T18:06:10,mirova-archivo,1
2013-11-16T06:54:00,357150,Puyehue-Cordon Caulle,VIIRS375,0.9682,8.83,1,muy baja,2026-10-05T18:06:10,mirova-archivo,1
2013-11-17T04:54:00,357150,Puyehue-Cordon Caulle,VIIRS375,4.158,8.91,1,baja,2026-10-05T18:06:10,mirova-archivo,1
2013-11-17T05:55:00,357150,Puyehue-Cordon Caulle,MODIS,2.725,8.25,1,baja,2026-10-05T18:06:10,mirova-archivo,1
2013-11-17T06:36:00,357150,Puyehue-Cordon Caulle,VIIRS375,3.043,8.83,1,baja,2026-10-05T18:06:10,mirova-archivo,1
2013-11-18T04:36:00,357150,Puyehue-Cordon Caulle,VIIRS375,1.651,9.02,1,baja,2026-10-05T18:06:10,mirova-archivo,1
2013-11-18T06:18:00,357150,Puyehue-Cordon Caulle,VIIRS750,5.429,8.55,1,baja,2026-10-05T18:06:10,mirova-archivo,1
2013-11-19T05:54:00,357150,Puyehue-Cordon Caulle,VIIRS750,7.991,8.78,1,baja,2026-10-05T18:06:10,mirova-archivo,1
2013-11-20T05:36:00,357150,Puyehue-Cordon Caulle,VIIRS750,10.66,8.55,1,moderada,2026-10-05T18:06:10,mirova-archivo,1
2013-11-21T05:18:00,357150,Puyehue-Cordon Caulle,VIIRS375,0.8932,8.55,1,muy baja,2026-10-05T18:06:10,mirova-archivo,1
2013-11-22T05:00:00,357150,Puyehue-Cordon Caulle,VIIRS375,2.237,8.91,1,baja,2026-10-05T18:06:10,mirova-archivo,1
2013-11-25T05:42:00,357150,Puyehue-Cordon Caulle,VIIRS750,7.111,8.55,1,baja,2026-10-05T18:06:10,mirova-archivo,1
2013-11-26T05:24:00,357150,Puyehue-Cordon Caulle,VIIRS750,9.151,8.78,1,baja,2026-10-05T18:06:10,mirova-archivo,1
2013-11-27T06:48:00,357150,Puyehue-Cordon Caulle,VIIRS375,1.128,8.10,1,baja,2026-10-05T18:06:10,mirova-archivo,1
2013-11-28T04:48:00,357150,Puyehue-Cordon Caulle,VIIRS375,2.228,8.91,1,baja,2026-10-05T18:06:10,mirova-archivo,1
2013-11-29T06:12:00,357150,Puyehue-Cordon Caulle,VIIRS375,3.507,8.83,1,baja,2026-10-05T18:06:10,mirova-archivo,1
2013-11-30T05:48:00,357150,Puyehue-Cordon Caulle,VIIRS375,1.691,8.91,1,baja,2026-10-05T18:06:10,mirova-archivo,1
2013-12-01T05:30:00,357150,Puyehue-Cordon Caulle,VIIRS750,10.02,8.55,1,moderada,2026-10-05T18:06:10,mirova-archivo,1
2013-12-03T04:54:00,357150,Puyehue-Cordon Caulle,VIIRS375,0.5426,8.91,1,muy baja,2026-10-05T18:06:10,mirova-archivo,1
2013-12-03T06:36:00,357150,Puyehue-Cordon Caulle,VIIRS375,0.3816,8.46,1,muy baja,2026-10-05T18:06:10,mirova-archivo,1
2013-12-06T05:36:00,357150,Puyehue-Cordon Caulle,VIIRS375,2.255,8.91,1,baja,2026-10-05T18:06:10,mirova-archivo,1
2013-12-07T03:50:00,357150,Puyehue-Cordon Caulle,MODIS,3.277,8.25,1,baja,2026-10-05T18:06:10,mirova-archivo,1
2013-12-07T05:18:00,357150,Puyehue-Cordon Caulle,VIIRS750,8.356,8.78,1,baja,2026-10-05T18:06:10,mirova-archivo,1
2013-12-08T05:00:00,357150,Puyehue-Cordon Caulle,VIIRS750,8.408,8.78,1,baja,2026-10-05T18:06:10,mirova-archivo,1
2013-12-08T06:42:00,357150,Puyehue-Cordon Caulle,VIIRS375,3.067,8.83,1,baja,2026-10-05T18:06:10,mirova-archivo,1
2013-12-10T06:05:00,357150,Puyehue-Cordon Caulle,MODIS,2.719,8.25,1,baja,2026-10-05T18:06:10,mirova-archivo,1
2013-12-10T06:06:00,357150,Puyehue-Cordon Caulle,VIIRS750,10.43,8.78,1,moderada,2026-10-05T18:06:10,mirova-archivo,1
2013-12-11T05:42:00,357150,Puyehue-Cordon Caulle,VIIRS750,9.702,8.55,1,baja,2026-10-05T18:06:10,mirova-archivo,1
2013-12-12T05:24:00,357150,Puyehue-Cordon Caulle,VIIRS750,10.78,8.78,1,moderada,2026-10-05T18:06:10,mirova-archivo,1
2013-12-12T05:50:00,357150,Puyehue-Cordon Caulle,MODIS,3.498,8.25,1,baja,2026-10-05T18:06:10,mirova-archivo,1
2013-12-13T05:06:00,357150,Puyehue-Cordon Caulle,VIIRS750,8.84,8.78,1,baja,2026-10-05T18:06:10,mirova-archivo,1
2013-12-13T06:48:00,357150,Puyehue-Cordon Caulle,VIIRS375,3.392,8.46,1,baja,2026-10-05T18:06:10,mirova-archivo,1
2013-12-14T04:48:00,357150,Puyehue-Cordon Caulle,VIIRS375,4.186,8.91,1,baja,2026-10-05T18:06:10,mirova-archivo,1
2013-12-14T06:30:00,357150,Puyehue-Cordon Caulle,VIIRS375,3.844,8.83,1,baja,2026-10-05T18:06:10,mirova-archivo,1
2013-12-15T04:30:00,357150,Puyehue-Cordon Caulle,VIIRS375,2.089,9.02,1,baja,2026-10-05T18:06:10,mirova-archivo,1
2013-12-15T06:12:00,357150,Puyehue-Cordon Caulle,VIIRS750,8.925,8.55,1,baja,2026-10-05T18:06:10,mirova-archivo,1
2013-12-16T03:45:00,357150,Puyehue-Cordon Caulle,MODIS,6.336,8.25,1,baja,2026-10-05T18:06:10,mirova-archivo,1
2013-12-18T05:12:00,357150,Puyehue-Cordon Caulle,VIIRS750,9.08,8.78,1,baja,2026-10-05T18:06:10,mirova-archivo,1
2013-12-18T06:54:00,357150,Puyehue-Cordon Caulle,VIIRS375,0.5831,8.19,1,muy baja,2026-10-05T18:06:10,mirova-archivo,1
2013-12-19T04:54:00,357150,Puyehue-Cordon Caulle,VIIRS375,2.06,8.91,1,baja,2026-10-05T18:06:10,mirova-archivo,1
2013-12-19T06:36:00,357150,Puyehue-Cordon Caulle,VIIRS375,4.076,8.75,1,baja,2026-10-05T18:06:10,mirova-archivo,1
2013-12-20T04:36:00,357150,Puyehue-Cordon Caulle,VIIRS375,3.164,9.02,1,baja,2026-10-05T18:06:10,mirova-archivo,1
2013-12-20T06:18:00,357150,Puyehue-Cordon Caulle,VIIRS750,10.25,8.55,1,moderada,2026-10-05T18:06:10,mirova-archivo,1
2013-12-21T05:45:00,357150,Puyehue-Cordon Caulle,MODIS,5.99,8.25,1,baja,2026-10-05T18:06:10,mirova-archivo,1
2013-12-21T06:00:00,357150,Puyehue-Cordon Caulle,VIIRS750,11.97,8.55,1,moderada,2026-10-05T18:06:10,mirova-archivo,1
2013-12-22T05:36:00,357150,Puyehue-Cordon Caulle,VIIRS750,7.227,8.55,1,baja,2026-10-05T18:06:10,mirova-archivo,1
2013-12-23T05:18:00,357150,Puyehue-Cordon Caulle,VIIRS750,10.17,8.55,1,moderada,2026-10-05T18:06:10,mirova-archivo,1
2013-12-24T05:00:00,357150,Puyehue-Cordon Caulle,VIIRS750,7.959,8.55,1,baja,2026-10-05T18:06:10,mirova-archivo,1
2013-12-25T04:42:00,357150,Puyehue-Cordon Caulle,VIIRS375,3.064,8.91,1,baja,2026-10-05T18:06:10,mirova-archivo,1
2013-12-25T06:24:00,357150,Puyehue-Cordon Caulle,VIIRS750,7.064,8.55,1,baja,2026-10-05T18:06:10,mirova-archivo,1
2013-12-26T06:06:00,357150,Puyehue-Cordon Caulle,VIIRS375,0.741,8.91,1,muy baja,2026-10-05T18:06:10,mirova-archivo,1
2013-12-28T05:24:00,357150,Puyehue-Cordon Caulle,VIIRS750,7.409,8.55,1,baja,2026-10-05T18:06:10,mirova-archivo,1
2013-12-31T06:12:00,357150,Puyehue-Cordon Caulle,VIIRS375,0.4727,8.46,1,muy baja,2026-10-05T18:06:10,mirova-archivo,1
2014-01-01T05:54:00,357150,Puyehue-Cordon Caulle,VIIRS375,0.3891,8.46,1,muy baja,2026-10-05T18:06:10,mirova-archivo,1
2014-01-05T04:36:00,357150,Puyehue-Cordon Caulle,VIIRS375,1.901,9.02,1,baja,2026-10-05T18:06:10,mirova-archivo,1
2014-01-05T06:18:00,357150,Puyehue-Cordon Caulle,VIIRS750,9.355,8.55,1,baja,2026-10-05T18:06:10,mirova-archivo,1
2014-01-06T06:00:00,357150,Puyehue-Cordon Caulle,VIIRS750,7.358,8.55,1,baja,2026-10-05T18:06:10,mirova-archivo,1
2014-01-08T03:50:00,357150,Puyehue-Cordon Caulle,MODIS,2.933,8.25,1,baja,2026-10-05T18:06:10,mirova-archivo,1
2014-01-08T05:18:00,357150,Puyehue-Cordon Caulle,VIIRS750,7.573,8.78,1,baja,2026-10-05T18:06:10,mirova-archivo,1
2014-01-08T05:30:00,357150,Puyehue-Cordon Caulle,MODIS,2.737,8.25,1,baja,2026-10-05T18:06:10,mirova-archivo,1
2014-01-09T05:00:00,357150,Puyehue-Cordon Caulle,VIIRS375,0.301,7.95,1,muy baja,2026-10-05T18:06:10,mirova-archivo,1
2014-01-10T06:24:00,357150,Puyehue-Cordon Caulle,VIIRS375,0.07134,7.37,1,muy baja,2026-10-05T18:06:10,mirova-archivo,1
2014-01-11T06:06:00,357150,Puyehue-Cordon Caulle,VIIRS750,7.099,8.55,1,baja,2026-10-05T18:06:10,mirova-archivo,1
2014-01-12T05:48:00,357150,Puyehue-Cordon Caulle,VIIRS750,11.51,8.55,1,moderada,2026-10-05T18:06:10,mirova-archivo,1
2014-01-13T05:24:00,357150,Puyehue-Cordon Caulle,VIIRS375,4.764,8.83,1,baja,2026-10-05T18:06:10,mirova-archivo,1
2014-01-13T05:50:00,357150,Puyehue-Cordon Caulle,MODIS,6.192,8.25,1,baja,2026-10-05T18:06:10,mirova-archivo,1
2014-01-14T05:06:00,357150,Puyehue-Cordon Caulle,VIIRS750,5.704,8.55,1,baja,2026-10-05T18:06:10,mirova-archivo,1
2014-01-14T06:48:00,357150,Puyehue-Cordon Caulle,VIIRS375,1.987,8.91,1,baja,2026-10-05T18:06:10,mirova-archivo,1
2014-01-15T04:48:00,357150,Puyehue-Cordon Caulle,VIIRS375,2.454,8.91,1,baja,2026-10-05T18:06:10,mirova-archivo,1
2014-01-16T04:30:00,357150,Puyehue-Cordon Caulle,VIIRS375,3.056,9.13,1,baja,2026-10-05T18:06:10,mirova-archivo,1
2014-01-16T06:12:00,357150,Puyehue-Cordon Caulle,VIIRS750,11.1,8.55,1,moderada,2026-10-05T18:06:10,mirova-archivo,1
2014-01-17T05:54:00,357150,Puyehue-Cordon Caulle,VIIRS750,8.079,8.55,1,baja,2026-10-05T18:06:10,mirova-archivo,1
2014-01-19T03:35:00,357150,Puyehue-Cordon Caulle,MODIS,2.622,8.25,1,baja,2026-10-05T18:06:10,mirova-archivo,1
2014-01-19T05:12:00,357150,Puyehue-Cordon Caulle,VIIRS750,6.492,8.55,1,baja,2026-10-05T18:06:10,mirova-archivo,1
2014-01-19T06:54:00,357150,Puyehue-Cordon Caulle,VIIRS375,1.424,8.46,1,baja,2026-10-05T18:06:10,mirova-archivo,1
2014-01-24T05:18:00,357150,Puyehue-Cordon Caulle,VIIRS375,1.086,9.99,0,no volcanica,2026-10-05T18:06:10,mirova-archivo,0
2014-01-25T05:00:00,357150,Puyehue-Cordon Caulle,VIIRS750,5.913,8.55,1,baja,2026-10-05T18:06:10,mirova-archivo,1
2014-01-25T06:42:00,357150,Puyehue-Cordon Caulle,VIIRS375,3.967,8.83,1,baja,2026-10-05T18:06:10,mirova-archivo,1
2014-01-26T04:42:00,357150,Puyehue-Cordon Caulle,VIIRS375,2.968,9.02,1,baja,2026-10-05T18:06:10,mirova-archivo,1
2014-01-26T06:24:00,357150,Puyehue-Cordon Caulle,VIIRS750,7.439,8.55,1,baja,2026-10-05T18:06:10,mirova-archivo,1
2014-01-27T06:06:00,357150,Puyehue-Cordon Caulle,VIIRS750,10.03,8.78,1,moderada,2026-10-05T18:06:10,mirova-archivo,1
2014-01-28T05:48:00,357150,Puyehue-Cordon Caulle,VIIRS375,2.288,8.83,1,baja,2026-10-05T18:06:10,mirova-archivo,1
2014-01-29T05:50:00,357150,Puyehue-Cordon Caulle,MODIS,3.308,8.25,1,baja,2026-10-05T18:06:10,mirova-archivo,1
2014-01-30T05:06:00,357150,Puyehue-Cordon Caulle,VIIRS375,3.61,8.66,1,baja,2026-10-05T18:06:10,mirova-archivo,1
2014-02-04T05:12:00,357150,Puyehue-Cordon Caulle,VIIRS375,0.1884,8.10,1,muy baja,2026-10-05T18:06:10,mirova-archivo,1
2014-02-06T06:18:00,357150,Puyehue-Cordon Caulle,VIIRS375,1.957,8.55,1,baja,2026-10-05T18:06:10,mirova-archivo,1
2014-02-10T05:00:00,357150,Puyehue-Cordon Caulle,VIIRS375,3.888,8.91,1,baja,2026-10-05T18:06:10,mirova-archivo,1
2014-02-10T06:42:00,357150,Puyehue-Cordon Caulle,VIIRS375,3.545,8.75,1,baja,2026-10-05T18:06:10,mirova-archivo,1
2014-02-11T06:24:00,357150,Puyehue-Cordon Caulle,VIIRS375,0.1545,7.83,1,muy baja,2026-10-05T18:06:10,mirova-archivo,1
2014-02-12T06:06:00,357150,Puyehue-Cordon Caulle,VIIRS750,7.062,8.55,1,baja,2026-10-05T18:06:10,mirova-archivo,1
2014-02-13T05:48:00,357150,Puyehue-Cordon Caulle,VIIRS375,3.613,8.83,1,baja,2026-10-05T18:06:10,mirova-archivo,1
2014-02-14T05:30:00,357150,Puyehue-Cordon Caulle,VIIRS375,2.076,8.83,1,baja,2026-10-05T18:06:10,mirova-archivo,1
2014-02-15T05:06:00,357150,Puyehue-Cordon Caulle,VIIRS375,2.138,8.91,1,baja,2026-10-05T18:06:10,mirova-archivo,1
2014-02-15T06:48:00,357150,Puyehue-Cordon Caulle,VIIRS375,0.3062,7.65,1,muy baja,2026-10-05T18:06:10,mirova-archivo,1
2014-02-16T04:48:00,357150,Puyehue-Cordon Caulle,VIIRS375,3.785,9.02,1,baja,2026-10-05T18:06:10,mirova-archivo,1
2014-02-16T06:30:00,357150,Puyehue-Cordon Caulle,VIIRS750,6.204,8.55,1,baja,2026-10-05T18:06:10,mirova-archivo,1
2014-02-17T04:30:00,357150,Puyehue-Cordon Caulle,VIIRS375,0.7339,8.66,1,muy baja,2026-10-05T18:06:10,mirova-archivo,1
2014-02-17T06:12:00,357150,Puyehue-Cordon Caulle,VIIRS750,8.634,8.55,1,baja,2026-10-05T18:06:10,mirova-archivo,1
2014-02-18T03:45:00,357150,Puyehue-Cordon Caulle,MODIS,2.66,8.25,1,baja,2026-10-05T18:06:10,mirova-archivo,1
2014-02-18T05:54:00,357150,Puyehue-Cordon Caulle,VIIRS750,6.875,8.55,1,baja,2026-10-05T18:06:10,mirova-archivo,1
2014-02-19T05:36:00,357150,Puyehue-Cordon Caulle,VIIRS750,7.342,8.55,1,baja,2026-10-05T18:06:10,mirova-archivo,1
2014-02-20T06:54:00,357150,Puyehue-Cordon Caulle,VIIRS375,0.09952,8.75,1,muy baja,2026-10-05T18:06:10,mirova-archivo,1
2014-02-21T04:54:00,357150,Puyehue-Cordon Caulle,VIIRS375,3.313,8.91,1,baja,2026-10-05T18:06:10,mirova-archivo,1
2014-02-21T06:36:00,357150,Puyehue-Cordon Caulle,VIIRS750,6.421,8.55,1,baja,2026-10-05T18:06:10,mirova-archivo,1
2014-02-22T06:18:00,357150,Puyehue-Cordon Caulle,VIIRS750,7.423,8.78,1,baja,2026-10-05T18:06:10,mirova-archivo,1
2014-02-23T06:00:00,357150,Puyehue-Cordon Caulle,VIIRS750,8.817,8.55,1,baja,2026-10-05T18:06:10,mirova-archivo,1
2014-02-24T05:42:00,357150,Puyehue-Cordon Caulle,VIIRS375,3.618,8.83,1,baja,2026-10-05T18:06:10,mirova-archivo,1
2014-02-25T05:24:00,357150,Puyehue-Cordon Caulle,VIIRS375,4.031,8.83,1,baja,2026-10-05T18:06:10,mirova-archivo,1
2014-02-26T05:00:00,357150,Puyehue-Cordon Caulle,VIIRS750,5.25,8.55,1,baja,2026-10-05T18:06:10,mirova-archivo,1
2014-02-26T06:42:00,357150,Puyehue-Cordon Caulle,VIIRS375,5.063,8.83,1,baja,2026-10-05T18:06:10,mirova-archivo,1
2014-02-27T04:42:00,357150,Puyehue-Cordon Caulle,VIIRS375,1.527,9.02,1,baja,2026-10-05T18:06:10,mirova-archivo,1
2014-02-27T06:24:00,357150,Puyehue-Cordon Caulle,VIIRS375,0.8,8.75,1,muy baja,2026-10-05T18:06:10,mirova-archivo,1
2014-03-01T05:48:00,357150,Puyehue-Cordon Caulle,VIIRS750,10.27,8.55,1,moderada,2026-10-05T18:06:10,mirova-archivo,1
2014-03-02T05:30:00,357150,Puyehue-Cordon Caulle,VIIRS750,12.8,8.55,1,moderada,2026-10-05T18:06:10,mirova-archivo,1
2014-03-02T05:50:00,357150,Puyehue-Cordon Caulle,MODIS,3.559,8.25,1,baja,2026-10-05T18:06:10,mirova-archivo,1
2014-03-03T05:06:00,357150,Puyehue-Cordon Caulle,VIIRS750,6.13,8.55,1,baja,2026-10-05T18:06:10,mirova-archivo,1
2014-03-03T06:48:00,357150,Puyehue-Cordon Caulle,VIIRS375,4.047,8.91,1,baja,2026-10-05T18:06:10,mirova-archivo,1
2014-03-04T06:30:00,357150,Puyehue-Cordon Caulle,VIIRS375,0.3059,8.46,1,muy baja,2026-10-05T18:06:10,mirova-archivo,1
2014-03-06T05:54:00,357150,Puyehue-Cordon Caulle,VIIRS750,7.6,8.55,1,baja,2026-10-05T18:06:10,mirova-archivo,1
2014-03-07T05:36:00,357150,Puyehue-Cordon Caulle,VIIRS375,3.163,8.91,1,baja,2026-10-05T18:06:10,mirova-archivo,1
2014-03-13T05:24:00,357150,Puyehue-Cordon Caulle,VIIRS375,2.788,8.91,1,baja,2026-10-05T18:06:10,mirova-archivo,1
2014-03-14T05:00:00,357150,Puyehue-Cordon Caulle,VIIRS375,2.894,9.02,1,baja,2026-10-05T18:06:10,mirova-archivo,1
2014-03-19T06:48:00,357150,Puyehue-Cordon Caulle,VIIRS375,3.741,8.55,1,baja,2026-10-05T18:06:10,mirova-archivo,1
2014-03-21T06:12:00,357150,Puyehue-Cordon Caulle,VIIRS375,0.5427,8.55,1,muy baja,2026-10-05T18:06:10,mirova-archivo,1
2014-03-22T05:54:00,357150,Puyehue-Cordon Caulle,VIIRS750,7.524,8.55,1,baja,2026-10-05T18:06:10,mirova-archivo,1
2014-03-23T05:36:00,357150,Puyehue-Cordon Caulle,VIIRS375,3.336,8.83,1,baja,2026-10-05T18:06:10,mirova-archivo,1
2014-03-24T05:18:00,357150,Puyehue-Cordon Caulle,VIIRS375,3.714,8.91,1,baja,2026-10-05T18:06:10,mirova-archivo,1
2014-03-24T06:54:00,357150,Puyehue-Cordon Caulle,VIIRS375,3.236,8.75,1,baja,2026-10-05T18:06:10,mirova-archivo,1
2014-03-25T05:55:00,357150,Puyehue-Cordon Caulle,MODIS,3.004,8.25,1,baja,2026-10-05T18:06:10,mirova-archivo,1
2014-03-25T06:36:00,357150,Puyehue-Cordon Caulle,VIIRS750,6.041,8.55,1,baja,2026-10-05T18:06:10,mirova-archivo,1
2014-03-26T04:36:00,357150,Puyehue-Cordon Caulle,VIIRS375,1.022,9.02,1,baja,2026-10-05T18:06:10,mirova-archivo,1
2014-03-26T06:18:00,357150,Puyehue-Cordon Caulle,VIIRS750,5.177,8.55,1,baja,2026-10-05T18:06:10,mirova-archivo,1
2014-03-27T05:45:00,357150,Puyehue-Cordon Caulle,MODIS,2.793,8.25,1,baja,2026-10-05T18:06:10,mirova-archivo,1
2014-03-27T06:00:00,357150,Puyehue-Cordon Caulle,VIIRS750,9.499,8.55,1,baja,2026-10-05T18:06:10,mirova-archivo,1
2014-04-01T06:06:00,357150,Puyehue-Cordon Caulle,VIIRS375,3.208,8.75,1,baja,2026-10-05T18:06:10,mirova-archivo,1
2014-04-02T05:48:00,357150,Puyehue-Cordon Caulle,VIIRS375,3.274,28.47,0,no volcanica,2026-10-05T18:06:10,mirova-archivo,0
2014-04-03T05:30:00,357150,Puyehue-Cordon Caulle,VIIRS375,3.128,8.55,1,baja,2026-10-05T18:06:10,mirova-archivo,1
2014-04-06T06:12:00,357150,Puyehue-Cordon Caulle,VIIRS375,2.831,8.46,1,baja,2026-10-05T18:06:10,mirova-archivo,1
2014-04-12T06:00:00,357150,Puyehue-Cordon Caulle,VIIRS375,1.219,8.83,1,baja,2026-10-05T18:06:10,mirova-archivo,1
2014-04-13T05:42:00,357150,Puyehue-Cordon Caulle,VIIRS750,8.105,8.55,1,baja,2026-10-05T18:06:10,mirova-archivo,1
2014-04-14T05:24:00,357150,Puyehue-Cordon Caulle,VIIRS375,1.256,8.91,1,baja,2026-10-05T18:06:10,mirova-archivo,1
2014-04-17T06:06:00,357150,Puyehue-Cordon Caulle,VIIRS375,0.6067,8.83,1,muy baja,2026-10-05T18:06:10,mirova-archivo,1
2014-04-19T05:30:00,357150,Puyehue-Cordon Caulle,VIIRS375,0.7049,8.55,1,muy baja,2026-10-05T18:06:10,mirova-archivo,1
2014-04-21T06:30:00,357150,Puyehue-Cordon Caulle,VIIRS375,0.406,8.46,1,muy baja,2026-10-05T18:06:10,mirova-archivo,1
2014-04-22T06:12:00,357150,Puyehue-Cordon Caulle,VIIRS750,7.345,8.55,1,baja,2026-10-05T18:06:10,mirova-archivo,1
2014-04-23T05:54:00,357150,Puyehue-Cordon Caulle,VIIRS750,9.486,8.55,1,baja,2026-10-05T18:06:10,mirova-archivo,1
2014-04-24T05:36:00,357150,Puyehue-Cordon Caulle,VIIRS750,8.737,8.55,1,baja,2026-10-05T18:06:10,mirova-archivo,1
2014-04-25T05:18:00,357150,Puyehue-Cordon Caulle,VIIRS375,4.459,8.91,1,baja,2026-10-05T18:06:10,mirova-archivo,1
2014-04-25T07:00:00,357150,Puyehue-Cordon Caulle,VIIRS375,1.577,8.46,1,baja,2026-10-05T18:06:10,mirova-archivo,1
2014-04-26T05:00:00,357150,Puyehue-Cordon Caulle,VIIRS375,3.9,8.91,1,baja,2026-10-05T18:06:10,mirova-archivo,1
2014-04-26T05:55:00,357150,Puyehue-Cordon Caulle,MODIS,2.733,8.25,1,baja,2026-10-05T18:06:10,mirova-archivo,1
2014-04-26T06:36:00,357150,Puyehue-Cordon Caulle,VIIRS750,5.698,8.55,1,baja,2026-10-05T18:06:10,mirova-archivo,1
2014-04-27T03:20:00,357150,Puyehue-Cordon Caulle,MODIS,3.149,24.08,0,no volcanica,2026-10-05T18:06:10,mirova-archivo,0
2014-04-27T06:18:00,357150,Puyehue-Cordon Caulle,VIIRS375,0.5011,8.55,1,muy baja,2026-10-05T18:06:10,mirova-archivo,1
2014-04-28T06:00:00,357150,Puyehue-Cordon Caulle,VIIRS375,2.979,8.55,1,baja,2026-10-05T18:06:10,mirova-archivo,1
2014-04-29T05:42:00,357150,Puyehue-Cordon Caulle,VIIRS750,5.541,8.55,1,baja,2026-10-05T18:06:10,mirova-archivo,1
2014-05-01T05:06:00,357150,Puyehue-Cordon Caulle,VIIRS375,0.2499,8.10,1,muy baja,2026-10-05T18:06:10,mirova-archivo,1
2014-05-08T04:36:00,357150,Puyehue-Cordon Caulle,VIIRS375,0.1279,8.30,1,muy baja,2026-10-05T18:06:10,mirova-archivo,1
2014-05-08T06:12:00,357150,Puyehue-Cordon Caulle,VIIRS750,6.57,8.55,1,baja,2026-10-05T18:06:10,mirova-archivo,1
2014-05-09T03:45:00,357150,Puyehue-Cordon Caulle,MODIS,2.498,8.25,1,baja,2026-10-05T18:06:10,mirova-archivo,1
2014-05-09T05:54:00,357150,Puyehue-Cordon Caulle,VIIRS750,5.813,8.55,1,baja,2026-10-05T18:06:10,mirova-archivo,1
2014-05-10T05:36:00,357150,Puyehue-Cordon Caulle,VIIRS375,1.295,8.91,1,baja,2026-10-05T18:06:10,mirova-archivo,1
2014-05-11T03:35:00,357150,Puyehue-Cordon Caulle,MODIS,2.816,7.62,1,baja,2026-10-05T18:06:10,mirova-archivo,1
2014-05-11T05:18:00,357150,Puyehue-Cordon Caulle,VIIRS750,6.813,8.55,1,baja,2026-10-05T18:06:10,mirova-archivo,1
2014-05-11T07:00:00,357150,Puyehue-Cordon Caulle,VIIRS375,1.69,7.95,1,baja,2026-10-05T18:06:10,mirova-archivo,1
2014-05-12T05:00:00,357150,Puyehue-Cordon Caulle,VIIRS375,1.333,8.83,1,baja,2026-10-05T18:06:10,mirova-archivo,1
2014-05-22T05:12:00,357150,Puyehue-Cordon Caulle,VIIRS375,1.425,9.02,1,baja,2026-10-05T18:06:10,mirova-archivo,1
2014-05-22T06:54:00,357150,Puyehue-Cordon Caulle,VIIRS375,0.3489,8.46,1,muy baja,2026-10-05T18:06:10,mirova-archivo,1
2014-05-23T04:54:00,357150,Puyehue-Cordon Caulle,VIIRS375,2.56,8.91,1,baja,2026-10-05T18:06:10,mirova-archivo,1
2014-05-24T04:36:00,357150,Puyehue-Cordon Caulle,VIIRS375,3.211,9.02,1,baja,2026-10-05T18:06:10,mirova-archivo,1
2014-05-24T06:12:00,357150,Puyehue-Cordon Caulle,VIIRS750,9.24,8.55,1,baja,2026-10-05T18:06:10,mirova-archivo,1
2014-05-28T05:00:00,357150,Puyehue-Cordon Caulle,VIIRS375,2.108,8.91,1,baja,2026-10-05T18:06:10,mirova-archivo,1
2014-06-13T05:00:00,357150,Puyehue-Cordon Caulle,VIIRS375,0.715,8.83,1,muy baja,2026-10-05T18:06:10,mirova-archivo,1
2014-06-17T05:24:00,357150,Puyehue-Cordon Caulle,VIIRS750,6.092,8.78,1,baja,2026-10-05T18:06:10,mirova-archivo,1
2014-06-18T05:06:00,357150,Puyehue-Cordon Caulle,VIIRS750,6.952,8.55,1,baja,2026-10-05T18:06:10,mirova-archivo,1
2014-06-18T06:48:00,357150,Puyehue-Cordon Caulle,VIIRS750,5.735,8.55,1,baja,2026-10-05T18:06:10,mirova-archivo,1
2014-06-19T04:48:00,357150,Puyehue-Cordon Caulle,VIIRS375,3.637,8.91,1,baja,2026-10-05T18:06:10,mirova-archivo,1
2014-06-19T06:30:00,357150,Puyehue-Cordon Caulle,VIIRS375,0.3706,1.59,0,no volcanica,2026-10-05T18:06:10,mirova-archivo,0
2014-06-20T06:05:00,357150,Puyehue-Cordon Caulle,MODIS,6.038,8.25,1,baja,2026-10-05T18:06:10,mirova-archivo,1
2014-06-20T06:06:00,357150,Puyehue-Cordon Caulle,VIIRS750,8.026,8.78,1,baja,2026-10-05T18:06:10,mirova-archivo,1
2014-06-25T04:36:00,357150,Puyehue-Cordon Caulle,VIIRS375,1.836,8.91,1,baja,2026-10-05T18:06:10,mirova-archivo,1
2014-06-25T06:12:00,357150,Puyehue-Cordon Caulle,VIIRS750,6.094,8.55,1,baja,2026-10-05T18:06:10,mirova-archivo,1
2014-06-26T05:54:00,357150,Puyehue-Cordon Caulle,VIIRS750,7.311,8.55,1,baja,2026-10-05T18:06:10,mirova-archivo,1
2014-06-27T05:36:00,357150,Puyehue-Cordon Caulle,VIIRS375,1.569,8.75,1,baja,2026-10-05T18:06:10,mirova-archivo,1
2014-06-28T05:18:00,357150,Puyehue-Cordon Caulle,VIIRS750,5.909,8.55,1,baja,2026-10-05T18:06:10,mirova-archivo,1
2014-06-28T07:00:00,357150,Puyehue-Cordon Caulle,VIIRS375,3.007,8.46,1,baja,2026-10-05T18:06:10,mirova-archivo,1
2014-06-29T05:00:00,357150,Puyehue-Cordon Caulle,VIIRS750,6.364,8.55,1,baja,2026-10-05T18:06:10,mirova-archivo,1
2014-06-29T05:55:00,357150,Puyehue-Cordon Caulle,MODIS,2.804,8.25,1,baja,2026-10-05T18:06:10,mirova-archivo,1
2014-06-29T06:42:00,357150,Puyehue-Cordon Caulle,VIIRS750,7.087,8.55,1,baja,2026-10-05T18:06:10,mirova-archivo,1
2014-07-05T04:48:00,357150,Puyehue-Cordon Caulle,VIIRS375,0.9815,8.66,1,muy baja,2026-10-05T18:06:10,mirova-archivo,1
2014-07-05T06:30:00,357150,Puyehue-Cordon Caulle,VIIRS375,0.1165,7.83,1,muy baja,2026-10-05T18:06:10,mirova-archivo,1
2014-07-08T05:30:00,357150,Puyehue-Cordon Caulle,VIIRS750,8.72,8.78,1,baja,2026-10-05T18:06:10,mirova-archivo,1
2014-07-08T05:50:00,357150,Puyehue-Cordon Caulle,MODIS,2.84,8.25,1,baja,2026-10-05T18:06:10,mirova-archivo,1
2014-07-10T06:36:00,357150,Puyehue-Cordon Caulle,VIIRS750,6.157,8.55,1,baja,2026-10-05T18:06:10,mirova-archivo,1
2014-07-11T04:36:00,357150,Puyehue-Cordon Caulle,VIIRS375,2.949,9.02,1,baja,2026-10-05T18:06:10,mirova-archivo,1
2014-07-17T06:00:00,357150,Puyehue-Cordon Caulle,VIIRS375,2.448,8.46,1,baja,2026-10-05T18:06:10,mirova-archivo,1
2014-07-19T05:24:00,357150,Puyehue-Cordon Caulle,VIIRS750,7.397,8.55,1,baja,2026-10-05T18:06:10,mirova-archivo,1
2014-07-20T05:06:00,357150,Puyehue-Cordon Caulle,VIIRS375,2.506,8.91,1,baja,2026-10-05T18:06:10,mirova-archivo,1
2014-07-21T04:48:00,357150,Puyehue-Cordon Caulle,VIIRS375,0.02258,2.12,0,no volcanica,2026-10-05T18:06:10,mirova-archivo,0
2014-07-23T05:48:00,357150,Puyehue-Cordon Caulle,VIIRS375,1.051,8.19,1,baja,2026-10-05T18:06:10,mirova-archivo,1
2014-07-24T05:30:00,357150,Puyehue-Cordon Caulle,VIIRS375,2.107,8.83,1,baja,2026-10-05T18:06:10,mirova-archivo,1
2014-07-26T04:54:00,357150,Puyehue-Cordon Caulle,VIIRS375,1.339,8.91,1,baja,2026-10-05T18:06:10,mirova-archivo,1
2014-08-03T05:42:00,357150,Puyehue-Cordon Caulle,VIIRS375,0.02064,7.24,1,muy baja,2026-10-05T18:06:10,mirova-archivo,1
2014-08-08T05:48:00,357150,Puyehue-Cordon Caulle,VIIRS750,10.92,8.55,0,no volcanica,2026-10-05T18:06:10,mirova-archivo,0
2014-08-13T05:54:00,357150,Puyehue-Cordon Caulle,VIIRS750,8.172,8.55,1,baja,2026-10-05T18:06:10,mirova-archivo,1
2014-08-14T05:36:00,357150,Puyehue-Cordon Caulle,VIIRS375,2.154,8.83,1,baja,2026-10-05T18:06:10,mirova-archivo,1
2014-08-14T06:10:00,357150,Puyehue-Cordon Caulle,MODIS,2.295,8.25,1,baja,2026-10-05T18:06:10,mirova-archivo,1
2014-08-15T05:18:00,357150,Puyehue-Cordon Caulle,VIIRS375,0.1258,8.10,1,muy baja,2026-10-05T18:06:10,mirova-archivo,1
2014-08-18T04:05:00,357150,Puyehue-Cordon Caulle,MODIS,2.553,7.62,1,baja,2026-10-05T18:06:10,mirova-archivo,1
2014-08-19T05:42:00,357150,Puyehue-Cordon Caulle,VIIRS750,5.32,8.55,1,baja,2026-10-05T18:06:10,mirova-archivo,1
2014-08-20T05:24:00,357150,Puyehue-Cordon Caulle,VIIRS375,2.612,8.83,1,baja,2026-10-05T18:06:10,mirova-archivo,1
2014-08-22T06:30:00,357150,Puyehue-Cordon Caulle,VIIRS375,0.6462,8.46,1,muy baja,2026-10-05T18:06:10,mirova-archivo,1
2014-08-24T05:48:00,357150,Puyehue-Cordon Caulle,VIIRS375,0.2111,7.73,1,muy baja,2026-10-05T18:06:10,mirova-archivo,1
2014-08-25T05:30:00,357150,Puyehue-Cordon Caulle,VIIRS750,8.641,8.78,1,baja,2026-10-05T18:06:10,mirova-archivo,1
2014-08-25T05:50:00,357150,Puyehue-Cordon Caulle,MODIS,2.418,8.25,1,baja,2026-10-05T18:06:10,mirova-archivo,1
2014-08-26T05:12:00,357150,Puyehue-Cordon Caulle,VIIRS750,6.817,8.55,1,baja,2026-10-05T18:06:10,mirova-archivo,1
2014-08-26T06:54:00,357150,Puyehue-Cordon Caulle,VIIRS375,2.669,8.46,1,baja,2026-10-05T18:06:10,mirova-archivo,1
2014-08-27T04:00:00,357150,Puyehue-Cordon Caulle,MODIS,2.492,8.25,1,baja,2026-10-05T18:06:10,mirova-archivo,1
2014-08-27T04:54:00,357150,Puyehue-Cordon Caulle,VIIRS750,6.801,8.78,1,baja,2026-10-05T18:06:10,mirova-archivo,1
2014-08-28T06:18:00,357150,Puyehue-Cordon Caulle,VIIRS375,0.6956,8.10,1,muy baja,2026-10-05T18:06:10,mirova-archivo,1
2014-08-31T05:18:00,357150,Puyehue-Cordon Caulle,VIIRS375,0.6591,8.55,1,muy baja,2026-10-05T18:06:10,mirova-archivo,1
2014-09-09T05:54:00,357150,Puyehue-Cordon Caulle,VIIRS375,0.2496,1.91,0,no volcanica,2026-10-05T18:06:10,mirova-archivo,0
2014-09-11T05:12:00,357150,Puyehue-Cordon Caulle,VIIRS375,1.514,8.83,1,baja,2026-10-05T18:06:10,mirova-archivo,1
2014-09-11T06:54:00,357150,Puyehue-Cordon Caulle,VIIRS375,0.7382,7.83,1,muy baja,2026-10-05T18:06:10,mirova-archivo,1
2014-09-12T04:54:00,357150,Puyehue-Cordon Caulle,VIIRS375,3.688,8.91,1,baja,2026-10-05T18:06:10,mirova-archivo,1
2014-09-12T06:36:00,357150,Puyehue-Cordon Caulle,VIIRS750,6.416,8.55,1,baja,2026-10-05T18:06:10,mirova-archivo,1
2014-09-13T04:36:00,357150,Puyehue-Cordon Caulle,VIIRS375,2.757,8.66,1,baja,2026-10-05T18:06:10,mirova-archivo,1
2014-09-13T06:18:00,357150,Puyehue-Cordon Caulle,VIIRS750,9.568,8.55,1,baja,2026-10-05T18:06:10,mirova-archivo,1
2014-09-14T06:00:00,357150,Puyehue-Cordon Caulle,VIIRS750,6.563,8.55,1,baja,2026-10-05T18:06:10,mirova-archivo,1
2014-09-15T05:36:00,357150,Puyehue-Cordon Caulle,VIIRS750,8.556,8.55,1,baja,2026-10-05T18:06:10,mirova-archivo,1
2014-09-17T05:00:00,357150,Puyehue-Cordon Caulle,VIIRS375,4.148,8.83,1,baja,2026-10-05T18:06:10,mirova-archivo,1
2014-09-17T05:55:00,357150,Puyehue-Cordon Caulle,MODIS,5.374,8.25,1,baja,2026-10-05T18:06:10,mirova-archivo,1
2014-09-17T06:42:00,357150,Puyehue-Cordon Caulle,VIIRS750,6.877,8.55,1,baja,2026-10-05T18:06:10,mirova-archivo,1
2014-09-18T06:24:00,357150,Puyehue-Cordon Caulle,VIIRS375,0.3254,8.02,1,muy baja,2026-10-05T18:06:10,mirova-archivo,1
2014-09-29T06:18:00,357150,Puyehue-Cordon Caulle,VIIRS375,0.1605,8.02,1,muy baja,2026-10-05T18:06:10,mirova-archivo,1
2014-09-30T06:00:00,357150,Puyehue-Cordon Caulle,VIIRS375,0.1841,8.83,1,muy baja,2026-10-05T18:06:10,mirova-archivo,1
2014-10-02T05:18:00,357150,Puyehue-Cordon Caulle,VIIRS375,2.22,8.91,1,baja,2026-10-05T18:06:10,mirova-archivo,1
2014-10-02T07:00:00,357150,Puyehue-Cordon Caulle,VIIRS375,2.04,8.46,1,baja,2026-10-05T18:06:10,mirova-archivo,1
2014-10-04T04:42:00,357150,Puyehue-Cordon Caulle,VIIRS375,0.4815,8.19,1,muy baja,2026-10-05T18:06:10,mirova-archivo,1
2014-10-04T06:24:00,357150,Puyehue-Cordon Caulle,VIIRS375,3.055,8.91,1,baja,2026-10-05T18:06:10,mirova-archivo,1
2014-10-05T06:06:00,357150,Puyehue-Cordon Caulle,VIIRS750,8.187,8.55,1,baja,2026-10-05T18:06:10,mirova-archivo,1
2014-10-06T05:48:00,357150,Puyehue-Cordon Caulle,VIIRS375,1.834,8.83,1,baja,2026-10-05T18:06:10,mirova-archivo,1
2014-10-08T05:06:00,357150,Puyehue-Cordon Caulle,VIIRS375,1.346,8.83,1,baja,2026-10-05T18:06:10,mirova-archivo,1
2014-10-11T05:54:00,357150,Puyehue-Cordon Caulle,VIIRS375,0.2968,7.83,1,muy baja,2026-10-05T18:06:10,mirova-archivo,1
2014-10-13T05:12:00,357150,Puyehue-Cordon Caulle,VIIRS375,2.345,8.83,1,baja,2026-10-05T18:06:10,mirova-archivo,1
2014-10-13T06:54:00,357150,Puyehue-Cordon Caulle,VIIRS375,0.06391,7.58,1,muy baja,2026-10-05T18:06:10,mirova-archivo,1
2014-10-14T04:00:00,357150,Puyehue-Cordon Caulle,MODIS,2.705,7.28,1,baja,2026-10-05T18:06:10,mirova-archivo,1
2014-10-14T04:54:00,357150,Puyehue-Cordon Caulle,VIIRS750,5.431,8.55,1,baja,2026-10-05T18:06:10,mirova-archivo,1
2014-10-14T06:36:00,357150,Puyehue-Cordon Caulle,VIIRS375,1.156,8.19,1,baja,2026-10-05T18:06:10,mirova-archivo,1
2014-10-15T04:36:00,357150,Puyehue-Cordon Caulle,VIIRS375,2.378,8.91,1,baja,2026-10-05T18:06:10,mirova-archivo,1
2014-10-15T06:18:00,357150,Puyehue-Cordon Caulle,VIIRS750,6.096,8.55,1,baja,2026-10-05T18:06:10,mirova-archivo,1
2014-10-19T05:00:00,357150,Puyehue-Cordon Caulle,VIIRS375,0.3508,8.83,1,muy baja,2026-10-05T18:06:10,mirova-archivo,1
2014-10-19T06:42:00,357150,Puyehue-Cordon Caulle,VIIRS375,1.118,8.10,1,baja,2026-10-05T18:06:10,mirova-archivo,1
2014-10-23T05:24:00,357150,Puyehue-Cordon Caulle,VIIRS375,1.39,8.83,1,baja,2026-10-05T18:06:10,mirova-archivo,1
2014-10-24T05:06:00,357150,Puyehue-Cordon Caulle,VIIRS375,2.839,8.91,1,baja,2026-10-05T18:06:10,mirova-archivo,1
2014-10-24T06:48:00,357150,Puyehue-Cordon Caulle,VIIRS375,1.35,8.19,1,baja,2026-10-05T18:06:10,mirova-archivo,1
2014-10-25T04:48:00,357150,Puyehue-Cordon Caulle,VIIRS375,3.64,8.91,1,baja,2026-10-05T18:06:10,mirova-archivo,1
2014-10-25T06:30:00,357150,Puyehue-Cordon Caulle,VIIRS750,7.556,8.55,1,baja,2026-10-05T18:06:10,mirova-archivo,1
2014-10-26T06:12:00,357150,Puyehue-Cordon Caulle,VIIRS375,2.943,8.83,1,baja,2026-10-05T18:06:10,mirova-archivo,1
2014-10-27T05:54:00,357150,Puyehue-Cordon Caulle,VIIRS375,0.2679,8.75,1,muy baja,2026-10-05T18:06:10,mirova-archivo,1
2014-10-30T06:36:00,357150,Puyehue-Cordon Caulle,VIIRS375,1.082,23.19,0,no volcanica,2026-10-05T18:06:10,mirova-archivo,0
2014-11-04T05:00:00,357150,Puyehue-Cordon Caulle,VIIRS375,0.1218,8.19,1,muy baja,2026-10-05T18:06:10,mirova-archivo,1
2014-11-04T06:42:00,357150,Puyehue-Cordon Caulle,VIIRS375,0.3931,7.73,1,muy baja,2026-10-05T18:06:10,mirova-archivo,1
2014-11-08T05:24:00,357150,Puyehue-Cordon Caulle,VIIRS375,0.04432,7.83,1,muy baja,2026-10-05T18:06:10,mirova-archivo,1
2014-11-09T05:06:00,357150,Puyehue-Cordon Caulle,VIIRS750,6.167,8.78,1,baja,2026-10-05T18:06:10,mirova-archivo,1
2014-11-09T06:48:00,357150,Puyehue-Cordon Caulle,VIIRS375,2.147,8.83,1,baja,2026-10-05T18:06:10,mirova-archivo,1
2014-11-10T04:48:00,357150,Puyehue-Cordon Caulle,VIIRS375,0.359,8.91,1,muy baja,2026-10-05T18:06:10,mirova-archivo,1
2014-11-10T06:30:00,357150,Puyehue-Cordon Caulle,VIIRS750,5.465,8.55,1,baja,2026-10-05T18:06:10,mirova-archivo,1
2014-11-12T05:54:00,357150,Puyehue-Cordon Caulle,VIIRS375,2.178,8.83,1,baja,2026-10-05T18:06:10,mirova-archivo,1
2014-11-13T05:30:00,357150,Puyehue-Cordon Caulle,VIIRS750,8.271,8.78,1,baja,2026-10-05T18:06:10,mirova-archivo,1
2014-11-14T05:12:00,357150,Puyehue-Cordon Caulle,VIIRS375,1.305,8.83,1,baja,2026-10-05T18:06:10,mirova-archivo,1
2014-11-14T06:54:00,357150,Puyehue-Cordon Caulle,VIIRS375,1.147,8.46,1,baja,2026-10-05T18:06:10,mirova-archivo,1
2014-11-15T04:54:00,357150,Puyehue-Cordon Caulle,VIIRS375,0.06955,7.95,1,muy baja,2026-10-05T18:06:10,mirova-archivo,1
2014-11-15T06:36:00,357150,Puyehue-Cordon Caulle,VIIRS375,3.223,8.83,1,baja,2026-10-05T18:06:10,mirova-archivo,1
2014-11-16T04:36:00,357150,Puyehue-Cordon Caulle,VIIRS375,1.801,8.91,1,baja,2026-10-05T18:06:10,mirova-archivo,1
2014-11-16T06:18:00,357150,Puyehue-Cordon Caulle,VIIRS375,3.148,8.83,1,baja,2026-10-05T18:06:10,mirova-archivo,1
2014-11-17T06:00:00,357150,Puyehue-Cordon Caulle,VIIRS750,9.509,8.55,1,baja,2026-10-05T18:06:10,mirova-archivo,1
2014-11-21T04:42:00,357150,Puyehue-Cordon Caulle,VIIRS375,0.5525,8.91,1,muy baja,2026-10-05T18:06:10,mirova-archivo,1
2014-11-21T06:24:00,357150,Puyehue-Cordon Caulle,VIIRS750,6.188,8.55,1,baja,2026-10-05T18:06:10,mirova-archivo,1
2014-11-22T06:06:00,357150,Puyehue-Cordon Caulle,VIIRS375,2.385,8.83,1,baja,2026-10-05T18:06:10,mirova-archivo,1
2014-11-25T05:06:00,357150,Puyehue-Cordon Caulle,VIIRS375,0.8056,14.37,0,no volcanica,2026-10-05T18:06:10,mirova-archivo,0
2014-11-26T04:48:00,357150,Puyehue-Cordon Caulle,VIIRS375,1.535,8.91,1,baja,2026-10-05T18:06:10,mirova-archivo,1
2014-11-26T06:30:00,357150,Puyehue-Cordon Caulle,VIIRS375,2.315,8.83,1,baja,2026-10-05T18:06:10,mirova-archivo,1
2014-11-30T05:12:00,357150,Puyehue-Cordon Caulle,VIIRS375,2.188,8.83,1,baja,2026-10-05T18:06:10,mirova-archivo,1
2014-12-01T04:54:00,357150,Puyehue-Cordon Caulle,VIIRS375,2.612,8.91,1,baja,2026-10-05T18:06:10,mirova-archivo,1
2014-12-01T06:36:00,357150,Puyehue-Cordon Caulle,VIIRS375,3.081,8.83,1,baja,2026-10-05T18:06:10,mirova-archivo,1
2014-12-02T04:36:00,357150,Puyehue-Cordon Caulle,VIIRS375,3.467,9.02,1,baja,2026-10-05T18:06:10,mirova-archivo,1
2014-12-02T06:18:00,357150,Puyehue-Cordon Caulle,VIIRS375,3.779,8.83,1,baja,2026-10-05T18:06:10,mirova-archivo,1
2014-12-03T06:00:00,357150,Puyehue-Cordon Caulle,VIIRS750,8.438,8.55,1,baja,2026-10-05T18:06:10,mirova-archivo,1
2014-12-04T05:36:00,357150,Puyehue-Cordon Caulle,VIIRS750,9.688,8.55,1,baja,2026-10-05T18:06:10,mirova-archivo,1
2014-12-05T05:18:00,357150,Puyehue-Cordon Caulle,VIIRS375,3.545,8.83,1,baja,2026-10-05T18:06:10,mirova-archivo,1
2014-12-05T07:00:00,357150,Puyehue-Cordon Caulle,VIIRS375,0.7266,7.65,1,muy baja,2026-10-05T18:06:10,mirova-archivo,1
2014-12-08T06:06:00,357150,Puyehue-Cordon Caulle,VIIRS750,8.209,8.55,1,baja,2026-10-05T18:06:10,mirova-archivo,1
2014-12-09T05:42:00,357150,Puyehue-Cordon Caulle,VIIRS750,7.54,8.55,1,baja,2026-10-05T18:06:10,mirova-archivo,1
2014-12-10T05:24:00,357150,Puyehue-Cordon Caulle,VIIRS375,1.991,8.91,1,baja,2026-10-05T18:06:10,mirova-archivo,1
2014-12-11T05:06:00,357150,Puyehue-Cordon Caulle,VIIRS375,3.068,8.91,1,baja,2026-10-05T18:06:10,mirova-archivo,1
2014-12-11T06:48:00,357150,Puyehue-Cordon Caulle,VIIRS375,1.253,7.73,1,baja,2026-10-05T18:06:10,mirova-archivo,1
2014-12-12T03:40:00,357150,Puyehue-Cordon Caulle,MODIS,2.3,8.25,1,baja,2026-10-05T18:06:10,mirova-archivo,1
2014-12-12T04:48:00,357150,Puyehue-Cordon Caulle,VIIRS375,2.793,8.91,1,baja,2026-10-05T18:06:10,mirova-archivo,1
2014-12-12T06:30:00,357150,Puyehue-Cordon Caulle,VIIRS375,3.978,8.75,1,baja,2026-10-05T18:06:10,mirova-archivo,1
2014-12-13T06:12:00,357150,Puyehue-Cordon Caulle,VIIRS750,7.962,8.55,1,baja,2026-10-05T18:06:10,mirova-archivo,1
2014-12-17T04:54:00,357150,Puyehue-Cordon Caulle,VIIRS375,0.8031,8.91,1,muy baja,2026-10-05T18:06:10,mirova-archivo,1
2014-12-17T06:36:00,357150,Puyehue-Cordon Caulle,VIIRS375,2.433,8.46,1,baja,2026-10-05T18:06:10,mirova-archivo,1
2014-12-18T04:36:00,357150,Puyehue-Cordon Caulle,VIIRS375,1.812,8.55,1,baja,2026-10-05T18:06:10,mirova-archivo,1
2014-12-18T06:18:00,357150,Puyehue-Cordon Caulle,VIIRS750,7.511,8.55,1,baja,2026-10-05T18:06:10,mirova-archivo,1
2014-12-23T04:42:00,357150,Puyehue-Cordon Caulle,VIIRS375,0.8794,8.91,1,muy baja,2026-10-05T18:06:10,mirova-archivo,1
2014-12-23T06:24:00,357150,Puyehue-Cordon Caulle,VIIRS375,2.15,8.83,1,baja,2026-10-05T18:06:10,mirova-archivo,1
2014-12-25T05:42:00,357150,Puyehue-Cordon Caulle,VIIRS750,6.691,8.55,1,baja,2026-10-05T18:06:10,mirova-archivo,1
2014-12-26T05:24:00,357150,Puyehue-Cordon Caulle,VIIRS375,0.294,8.83,1,muy baja,2026-10-05T18:06:10,mirova-archivo,1
2014-12-27T05:06:00,357150,Puyehue-Cordon Caulle,VIIRS375,4.381,8.83,1,baja,2026-10-05T18:06:10,mirova-archivo,1
2014-12-27T06:48:00,357150,Puyehue-Cordon Caulle,VIIRS375,1.463,8.39,1,baja,2026-10-05T18:06:10,mirova-archivo,1
2014-12-29T06:12:00,357150,Puyehue-Cordon Caulle,VIIRS375,0.7737,8.46,1,muy baja,2026-10-05T18:06:10,mirova-archivo,1
2015-01-01T05:12:00,357150,Puyehue-Cordon Caulle,VIIRS375,1.101,8.83,1,baja,2026-10-05T18:06:10,mirova-archivo,1
2015-01-02T04:54:00,357150,Puyehue-Cordon Caulle,VIIRS375,2.19,8.91,1,baja,2026-10-05T18:06:10,mirova-archivo,1
2015-01-02T06:36:00,357150,Puyehue-Cordon Caulle,VIIRS375,2.737,8.75,1,baja,2026-10-05T18:06:10,mirova-archivo,1
2015-01-03T04:36:00,357150,Puyehue-Cordon Caulle,VIIRS375,0.4266,8.91,1,muy baja,2026-10-05T18:06:10,mirova-archivo,1
2015-01-03T06:18:00,357150,Puyehue-Cordon Caulle,VIIRS375,1.883,8.83,1,baja,2026-10-05T18:06:10,mirova-archivo,1
2015-01-04T05:54:00,357150,Puyehue-Cordon Caulle,VIIRS375,2.56,8.75,1,baja,2026-10-05T18:06:10,mirova-archivo,1
2015-01-05T05:36:00,357150,Puyehue-Cordon Caulle,VIIRS375,1.831,8.83,1,baja,2026-10-05T18:06:10,mirova-archivo,1
2015-01-06T05:18:00,357150,Puyehue-Cordon Caulle,VIIRS375,0.6972,8.10,1,muy baja,2026-10-05T18:06:10,mirova-archivo,1
2015-01-06T07:00:00,357150,Puyehue-Cordon Caulle,VIIRS375,0.07344,8.75,1,muy baja,2026-10-05T18:06:10,mirova-archivo,1
2015-01-07T05:00:00,357150,Puyehue-Cordon Caulle,VIIRS375,2.346,8.91,1,baja,2026-10-05T18:06:10,mirova-archivo,1
2015-01-07T06:42:00,357150,Puyehue-Cordon Caulle,VIIRS750,5.193,8.39,1,baja,2026-10-05T18:06:10,mirova-archivo,1
2015-01-08T04:42:00,357150,Puyehue-Cordon Caulle,VIIRS375,1.748,8.91,1,baja,2026-10-05T18:06:10,mirova-archivo,1
2015-01-08T06:24:00,357150,Puyehue-Cordon Caulle,VIIRS375,2.07,8.83,1,baja,2026-10-05T18:06:10,mirova-archivo,1
2015-01-10T05:42:00,357150,Puyehue-Cordon Caulle,VIIRS750,7.095,8.55,1,baja,2026-10-05T18:06:10,mirova-archivo,1
2015-01-11T05:24:00,357150,Puyehue-Cordon Caulle,VIIRS375,2.763,8.83,1,baja,2026-10-05T18:06:10,mirova-archivo,1
2015-01-12T06:48:00,357150,Puyehue-Cordon Caulle,VIIRS375,0.2136,8.75,1,muy baja,2026-10-05T18:06:10,mirova-archivo,1
2015-01-13T04:48:00,357150,Puyehue-Cordon Caulle,VIIRS375,0.9641,8.91,1,muy baja,2026-10-05T18:06:10,mirova-archivo,1
2015-01-13T06:30:00,357150,Puyehue-Cordon Caulle,VIIRS375,2.571,8.19,1,baja,2026-10-05T18:06:10,mirova-archivo,1
2015-01-14T06:06:00,357150,Puyehue-Cordon Caulle,VIIRS375,0.9097,8.91,1,muy baja,2026-10-05T18:06:10,mirova-archivo,1
2015-01-15T05:48:00,357150,Puyehue-Cordon Caulle,VIIRS750,6.89,8.55,1,baja,2026-10-05T18:06:10,mirova-archivo,1
2015-01-16T05:30:00,357150,Puyehue-Cordon Caulle,VIIRS375,2.555,8.83,1,baja,2026-10-05T18:06:10,mirova-archivo,1
2015-01-18T04:54:00,357150,Puyehue-Cordon Caulle,VIIRS375,0.5379,8.91,1,muy baja,2026-10-05T18:06:10,mirova-archivo,1
2015-01-18T06:36:00,357150,Puyehue-Cordon Caulle,VIIRS375,0.2731,8.75,1,muy baja,2026-10-05T18:06:10,mirova-archivo,1
2015-01-19T04:36:00,357150,Puyehue-Cordon Caulle,VIIRS375,0.9267,8.83,1,muy baja,2026-10-05T18:06:10,mirova-archivo,1
2015-01-20T05:54:00,357150,Puyehue-Cordon Caulle,VIIRS750,9.256,8.55,1,baja,2026-10-05T18:06:10,mirova-archivo,1
2015-01-21T05:36:00,357150,Puyehue-Cordon Caulle,VIIRS375,2.747,8.83,1,baja,2026-10-05T18:06:10,mirova-archivo,1
2015-01-22T05:18:00,357150,Puyehue-Cordon Caulle,VIIRS375,3.199,8.83,1,baja,2026-10-05T18:06:10,mirova-archivo,1
2015-01-23T06:42:00,357150,Puyehue-Cordon Caulle,VIIRS375,2.497,8.83,1,baja,2026-10-05T18:06:10,mirova-archivo,1
2015-01-24T04:42:00,357150,Puyehue-Cordon Caulle,VIIRS375,0.974,8.91,1,muy baja,2026-10-05T18:06:10,mirova-archivo,1
2015-01-25T06:00:00,357150,Puyehue-Cordon Caulle,VIIRS375,1.938,8.83,1,baja,2026-10-05T18:06:10,mirova-archivo,1
2015-01-27T05:24:00,357150,Puyehue-Cordon Caulle,VIIRS375,2.287,8.83,1,baja,2026-10-05T18:06:10,mirova-archivo,1
2015-01-28T05:06:00,357150,Puyehue-Cordon Caulle,VIIRS375,2.006,8.91,1,baja,2026-10-05T18:06:10,mirova-archivo,1
2015-01-28T06:48:00,357150,Puyehue-Cordon Caulle,VIIRS375,1.323,7.65,1,baja,2026-10-05T18:06:10,mirova-archivo,1
2015-01-29T04:48:00,357150,Puyehue-Cordon Caulle,VIIRS375,2.548,9.02,1,baja,2026-10-05T18:06:10,mirova-archivo,1
2015-01-30T06:06:00,357150,Puyehue-Cordon Caulle,VIIRS750,9.703,8.55,1,baja,2026-10-05T18:06:10,mirova-archivo,1
2015-01-31T05:48:00,357150,Puyehue-Cordon Caulle,VIIRS750,9.538,8.55,1,baja,2026-10-05T18:06:10,mirova-archivo,1
2015-02-01T05:30:00,357150,Puyehue-Cordon Caulle,VIIRS750,8.484,8.55,1,baja,2026-10-05T18:06:10,mirova-archivo,1
2015-02-01T05:50:00,357150,Puyehue-Cordon Caulle,MODIS,2.785,8.25,1,baja,2026-10-05T18:06:10,mirova-archivo,1
2015-02-02T05:12:00,357150,Puyehue-Cordon Caulle,VIIRS375,0.2666,7.83,1,muy baja,2026-10-05T18:06:10,mirova-archivo,1
2015-02-04T06:12:00,357150,Puyehue-Cordon Caulle,VIIRS375,0.9441,8.83,1,muy baja,2026-10-05T18:06:10,mirova-archivo,1
2015-02-05T05:54:00,357150,Puyehue-Cordon Caulle,VIIRS750,8.033,8.55,1,baja,2026-10-05T18:06:10,mirova-archivo,1
2015-02-07T05:18:00,357150,Puyehue-Cordon Caulle,VIIRS375,2.059,8.83,1,baja,2026-10-05T18:06:10,mirova-archivo,1
2015-02-08T05:00:00,357150,Puyehue-Cordon Caulle,VIIRS375,1.05,8.91,1,baja,2026-10-05T18:06:10,mirova-archivo,1
2015-02-08T06:42:00,357150,Puyehue-Cordon Caulle,VIIRS375,0.3002,8.83,1,muy baja,2026-10-05T18:06:10,mirova-archivo,1
2015-02-10T06:00:00,357150,Puyehue-Cordon Caulle,VIIRS375,1.51,8.83,1,baja,2026-10-05T18:06:10,mirova-archivo,1
2015-02-11T05:42:00,357150,Puyehue-Cordon Caulle,VIIRS375,1.912,8.83,1,baja,2026-10-05T18:06:10,mirova-archivo,1
2015-02-13T05:06:00,357150,Puyehue-Cordon Caulle,VIIRS375,2.1,8.83,1,baja,2026-10-05T18:06:10,mirova-archivo,1
2015-02-13T06:48:00,357150,Puyehue-Cordon Caulle,VIIRS375,1.257,7.73,1,baja,2026-10-05T18:06:10,mirova-archivo,1
2015-02-14T04:48:00,357150,Puyehue-Cordon Caulle,VIIRS375,0.8332,8.91,1,muy baja,2026-10-05T18:06:10,mirova-archivo,1
2015-02-14T06:24:00,357150,Puyehue-Cordon Caulle,VIIRS750,5.855,8.55,1,baja,2026-10-05T18:06:10,mirova-archivo,1
2015-02-15T06:06:00,357150,Puyehue-Cordon Caulle,VIIRS375,2.689,8.83,1,baja,2026-10-05T18:06:10,mirova-archivo,1
2015-02-16T05:48:00,357150,Puyehue-Cordon Caulle,VIIRS375,2.245,8.83,1,baja,2026-10-05T18:06:10,mirova-archivo,1
2015-02-17T05:30:00,357150,Puyehue-Cordon Caulle,VIIRS375,1.969,8.75,1,baja,2026-10-05T18:06:10,mirova-archivo,1
2015-02-19T04:54:00,357150,Puyehue-Cordon Caulle,VIIRS375,0.5222,8.83,1,muy baja,2026-10-05T18:06:10,mirova-archivo,1
2015-02-20T06:12:00,357150,Puyehue-Cordon Caulle,VIIRS375,2.501,8.75,1,baja,2026-10-05T18:06:10,mirova-archivo,1
2015-02-21T05:54:00,357150,Puyehue-Cordon Caulle,VIIRS375,2.32,8.83,1,baja,2026-10-05T18:06:10,mirova-archivo,1
2015-02-22T05:36:00,357150,Puyehue-Cordon Caulle,VIIRS750,7.252,8.55,1,baja,2026-10-05T18:06:10,mirova-archivo,1
2015-02-23T05:18:00,357150,Puyehue-Cordon Caulle,VIIRS375,1.717,8.83,1,baja,2026-10-05T18:06:10,mirova-archivo,1
2015-02-23T07:00:00,357150,Puyehue-Cordon Caulle,VIIRS375,0.3066,7.65,1,muy baja,2026-10-05T18:06:10,mirova-archivo,1
2015-02-25T04:42:00,357150,Puyehue-Cordon Caulle,VIIRS375,0.2088,8.83,1,muy baja,2026-10-05T18:06:10,mirova-archivo,1
2015-02-25T06:18:00,357150,Puyehue-Cordon Caulle,VIIRS375,0.1697,8.02,1,muy baja,2026-10-05T18:06:10,mirova-archivo,1
2015-02-26T06:00:00,357150,Puyehue-Cordon Caulle,VIIRS375,2.506,8.91,1,baja,2026-10-05T18:06:10,mirova-archivo,1
2015-02-27T05:42:00,357150,Puyehue-Cordon Caulle,VIIRS375,3.24,8.83,1,baja,2026-10-05T18:06:10,mirova-archivo,1
2015-02-28T05:24:00,357150,Puyehue-Cordon Caulle,VIIRS750,5.362,8.55,1,baja,2026-10-05T18:06:10,mirova-archivo,1
2015-03-01T05:06:00,357150,Puyehue-Cordon Caulle,VIIRS375,2.568,8.91,1,baja,2026-10-05T18:06:10,mirova-archivo,1
2015-03-04T05:48:00,357150,Puyehue-Cordon Caulle,VIIRS750,6.233,8.55,1,baja,2026-10-05T18:06:10,mirova-archivo,1
2015-03-05T05:30:00,357150,Puyehue-Cordon Caulle,VIIRS375,2.207,8.83,1,baja,2026-10-05T18:06:10,mirova-archivo,1
2015-03-06T05:12:00,357150,Puyehue-Cordon Caulle,VIIRS375,3.04,8.91,1,baja,2026-10-05T18:06:10,mirova-archivo,1
2015-03-06T06:54:00,357150,Puyehue-Cordon Caulle,VIIRS375,0.1346,8.39,1,muy baja,2026-10-05T18:06:10,mirova-archivo,1
2015-03-07T06:30:00,357150,Puyehue-Cordon Caulle,VIIRS375,0.1271,8.46,1,muy baja,2026-10-05T18:06:10,mirova-archivo,1
2015-03-08T06:12:00,357150,Puyehue-Cordon Caulle,VIIRS375,0.7601,8.83,1,muy baja,2026-10-05T18:06:10,mirova-archivo,1
2015-03-09T05:54:00,357150,Puyehue-Cordon Caulle,VIIRS375,2.369,8.83,1,baja,2026-10-05T18:06:10,mirova-archivo,1
2015-03-10T05:36:00,357150,Puyehue-Cordon Caulle,VIIRS375,1.879,8.75,1,baja,2026-10-05T18:06:10,mirova-archivo,1
2015-03-11T05:18:00,357150,Puyehue-Cordon Caulle,VIIRS375,2.533,8.83,1,baja,2026-10-05T18:06:10,mirova-archivo,1
2015-03-11T07:00:00,357150,Puyehue-Cordon Caulle,VIIRS375,1.262,8.46,1,baja,2026-10-05T18:06:10,mirova-archivo,1
2015-03-12T05:00:00,357150,Puyehue-Cordon Caulle,VIIRS375,3.039,8.91,1,baja,2026-10-05T18:06:10,mirova-archivo,1
2015-03-13T06:18:00,357150,Puyehue-Cordon Caulle,VIIRS375,0.6735,8.83,1,muy baja,2026-10-05T18:06:10,mirova-archivo,1
2015-03-14T06:00:00,357150,Puyehue-Cordon Caulle,VIIRS375,2.63,8.83,1,baja,2026-10-05T18:06:10,mirova-archivo,1
2015-03-15T05:42:00,357150,Puyehue-Cordon Caulle,VIIRS750,5.427,8.55,1,baja,2026-10-05T18:06:10,mirova-archivo,1
2015-03-16T05:24:00,357150,Puyehue-Cordon Caulle,VIIRS375,0.09215,6.45,0,no volcanica,2026-10-05T18:06:10,mirova-archivo,0
2015-03-18T04:48:00,357150,Puyehue-Cordon Caulle,VIIRS375,0.4699,8.83,1,muy baja,2026-10-05T18:06:10,mirova-archivo,1
2015-03-18T06:24:00,357150,Puyehue-Cordon Caulle,VIIRS375,2.85,8.83,1,baja,2026-10-05T18:06:10,mirova-archivo,1
2015-03-19T06:06:00,357150,Puyehue-Cordon Caulle,VIIRS375,1.697,8.83,1,baja,2026-10-05T18:06:10,mirova-archivo,1
2015-03-20T05:48:00,357150,Puyehue-Cordon Caulle,VIIRS375,0.2412,8.55,1,muy baja,2026-10-05T18:06:10,mirova-archivo,1
2015-03-24T06:12:00,357150,Puyehue-Cordon Caulle,VIIRS375,1.602,8.83,1,baja,2026-10-05T18:06:10,mirova-archivo,1
2015-03-25T05:54:00,357150,Puyehue-Cordon Caulle,VIIRS375,1.683,8.83,1,baja,2026-10-05T18:06:10,mirova-archivo,1
2015-03-26T05:36:00,357150,Puyehue-Cordon Caulle,VIIRS375,2.869,8.83,1,baja,2026-10-05T18:06:10,mirova-archivo,1
2015-03-27T05:18:00,357150,Puyehue-Cordon Caulle,VIIRS375,2.61,8.83,1,baja,2026-10-05T18:06:10,mirova-archivo,1
2015-03-27T07:00:00,357150,Puyehue-Cordon Caulle,VIIRS375,0.05913,6.45,0,no volcanica,2026-10-05T18:06:10,mirova-archivo,0
2015-03-28T06:36:00,357150,Puyehue-Cordon Caulle,VIIRS375,1.922,8.46,1,baja,2026-10-05T18:06:10,mirova-archivo,1
2015-03-30T06:00:00,357150,Puyehue-Cordon Caulle,VIIRS375,0.2592,14.93,0,no volcanica,2026-10-05T18:06:10,mirova-archivo,0
2015-04-05T05:48:00,357150,Puyehue-Cordon Caulle,VIIRS375,1.285,8.83,1,baja,2026-10-05T18:06:10,mirova-archivo,1
2015-04-06T05:30:00,357150,Puyehue-Cordon Caulle,VIIRS375,2.126,8.83,1,baja,2026-10-05T18:06:10,mirova-archivo,1
2015-04-09T04:36:00,357150,Puyehue-Cordon Caulle,VIIRS375,0.06543,8.91,1,muy baja,2026-10-05T18:06:10,mirova-archivo,1
2015-04-09T06:12:00,357150,Puyehue-Cordon Caulle,VIIRS375,1.101,8.83,1,baja,2026-10-05T18:06:10,mirova-archivo,1
2015-04-10T05:54:00,357150,Puyehue-Cordon Caulle,VIIRS375,1.473,8.83,1,baja,2026-10-05T18:06:10,mirova-archivo,1
2015-04-11T05:36:00,357150,Puyehue-Cordon Caulle,VIIRS375,3.111,8.83,1,baja,2026-10-05T18:06:10,mirova-archivo,1
2015-04-12T05:18:00,357150,Puyehue-Cordon Caulle,VIIRS375,2.03,8.91,1,baja,2026-10-05T18:06:10,mirova-archivo,1
2015-04-16T05:42:00,357150,Puyehue-Cordon Caulle,VIIRS375,1.919,8.83,1,baja,2026-10-05T18:06:10,mirova-archivo,1
2015-04-18T05:06:00,357150,Puyehue-Cordon Caulle,VIIRS375,0.7848,7.59,0,no volcanica,2026-10-05T18:06:10,mirova-archivo,0
2015-04-20T06:06:00,357150,Puyehue-Cordon Caulle,VIIRS375,0.1935,8.55,1,muy baja,2026-10-05T18:06:10,mirova-archivo,1
2015-04-21T05:48:00,357150,Puyehue-Cordon Caulle,VIIRS375,1.486,8.75,1,baja,2026-10-05T18:06:10,mirova-archivo,1
2015-04-22T05:30:00,357150,Puyehue-Cordon Caulle,VIIRS375,2.128,8.91,1,baja,2026-10-05T18:06:10,mirova-archivo,1
2015-04-23T04:55:00,357150,Puyehue-Cordon Caulle,MODIS,0.5345,26.93,0,no volcanica,2026-10-05T18:06:10,mirova-archivo,0
2015-04-23T05:12:00,357150,Puyehue-Cordon Caulle,VIIRS375,1.045,8.83,1,baja,2026-10-05T18:06:10,mirova-archivo,1
2015-04-24T04:54:00,357150,Puyehue-Cordon Caulle,VIIRS375,1.347,8.91,1,baja,2026-10-05T18:06:10,mirova-archivo,1
2015-04-24T06:30:00,357150,Puyehue-Cordon Caulle,VIIRS375,0.6482,8.83,1,muy baja,2026-10-05T18:06:10,mirova-archivo,1
2015-04-25T06:12:00,357150,Puyehue-Cordon Caulle,VIIRS375,0.5137,8.75,1,muy baja,2026-10-05T18:06:10,mirova-archivo,1
2015-04-26T05:54:00,357150,Puyehue-Cordon Caulle,VIIRS375,3.261,21.05,0,no volcanica,2026-10-05T18:06:10,mirova-archivo,0
2015-04-27T05:36:00,357150,Puyehue-Cordon Caulle,VIIRS375,0.7323,8.83,1,muy baja,2026-10-05T18:06:10,mirova-archivo,1
2015-04-29T05:00:00,357150,Puyehue-Cordon Caulle,VIIRS375,1.345,8.83,1,baja,2026-10-05T18:06:10,mirova-archivo,1
2015-04-29T06:36:00,357150,Puyehue-Cordon Caulle,VIIRS375,0.8419,8.75,1,muy baja,2026-10-05T18:06:10,mirova-archivo,1
2015-04-30T04:36:00,357150,Puyehue-Cordon Caulle,VIIRS375,0.2475,8.91,1,muy baja,2026-10-05T18:06:10,mirova-archivo,1
2015-04-30T06:18:00,357150,Puyehue-Cordon Caulle,VIIRS375,0.1571,8.75,1,muy baja,2026-10-05T18:06:10,mirova-archivo,1
2015-05-06T06:06:00,357150,Puyehue-Cordon Caulle,VIIRS375,0.7154,8.75,1,muy baja,2026-10-05T18:06:10,mirova-archivo,1
2015-05-07T05:48:00,357150,Puyehue-Cordon Caulle,VIIRS375,1.641,8.83,1,baja,2026-10-05T18:06:10,mirova-archivo,1
2015-05-10T04:54:00,357150,Puyehue-Cordon Caulle,VIIRS375,0.2627,8.91,1,muy baja,2026-10-05T18:06:10,mirova-archivo,1
2015-05-10T06:30:00,357150,Puyehue-Cordon Caulle,VIIRS375,0.1288,8.39,1,muy baja,2026-10-05T18:06:10,mirova-archivo,1
2015-05-12T05:54:00,357150,Puyehue-Cordon Caulle,VIIRS375,0.6077,8.55,1,muy baja,2026-10-05T18:06:10,mirova-archivo,1
2015-05-14T05:18:00,357150,Puyehue-Cordon Caulle,VIIRS375,0.6571,8.83,1,muy baja,2026-10-05T18:06:10,mirova-archivo,1
2015-05-25T05:12:00,357150,Puyehue-Cordon Caulle,VIIRS375,0.04858,8.10,1,muy baja,2026-10-05T18:06:10,mirova-archivo,1
2015-05-26T04:54:00,357150,Puyehue-Cordon Caulle,VIIRS375,1.487,8.91,1,baja,2026-10-05T18:06:10,mirova-archivo,1
2015-05-26T06:30:00,357150,Puyehue-Cordon Caulle,VIIRS375,1.837,8.83,1,baja,2026-10-05T18:06:10,mirova-archivo,1
2015-05-27T06:12:00,357150,Puyehue-Cordon Caulle,VIIRS375,0.5943,8.83,1,muy baja,2026-10-05T18:06:10,mirova-archivo,1
2015-05-28T05:54:00,357150,Puyehue-Cordon Caulle,VIIRS375,0.2322,8.83,1,muy baja,2026-10-05T18:06:10,mirova-archivo,1
2015-05-29T05:36:00,357150,Puyehue-Cordon Caulle,VIIRS375,0.2051,8.83,1,muy baja,2026-10-05T18:06:10,mirova-archivo,1
2015-06-12T06:12:00,357150,Puyehue-Cordon Caulle,VIIRS375,0.04978,7.83,1,muy baja,2026-10-05T18:06:10,mirova-archivo,1
2015-06-21T05:06:00,357150,Puyehue-Cordon Caulle,VIIRS375,0.4306,8.83,1,muy baja,2026-10-05T18:06:10,mirova-archivo,1
2015-06-22T04:42:00,357150,Puyehue-Cordon Caulle,VIIRS375,0.6936,8.83,1,muy baja,2026-10-05T18:06:10,mirova-archivo,1
2015-06-22T06:24:00,357150,Puyehue-Cordon Caulle,VIIRS375,0.553,8.91,1,muy baja,2026-10-05T18:06:10,mirova-archivo,1
2015-06-23T06:06:00,357150,Puyehue-Cordon Caulle,VIIRS375,3.271,8.83,1,baja,2026-10-05T18:06:10,mirova-archivo,1
2015-06-24T05:48:00,357150,Puyehue-Cordon Caulle,VIIRS375,0.6581,8.83,1,muy baja,2026-10-05T18:06:10,mirova-archivo,1
2015-06-27T06:30:00,357150,Puyehue-Cordon Caulle,VIIRS375,2.185,8.83,1,baja,2026-10-05T18:06:10,mirova-archivo,1
2015-06-28T04:30:00,357150,Puyehue-Cordon Caulle,VIIRS375,0.1056,8.91,1,muy baja,2026-10-05T18:06:10,mirova-archivo,1
2015-06-28T06:12:00,357150,Puyehue-Cordon Caulle,VIIRS375,1.12,8.83,1,baja,2026-10-05T18:06:10,mirova-archivo,1
2015-07-03T04:36:00,357150,Puyehue-Cordon Caulle,VIIRS375,0.6735,8.83,1,muy baja,2026-10-05T18:06:10,mirova-archivo,1
2015-07-03T06:18:00,357150,Puyehue-Cordon Caulle,VIIRS375,0.9921,8.75,1,muy baja,2026-10-05T18:06:10,mirova-archivo,1
2015-07-04T06:00:00,357150,Puyehue-Cordon Caulle,VIIRS375,3.344,8.83,1,baja,2026-10-05T18:06:10,mirova-archivo,1
2015-07-10T05:48:00,357150,Puyehue-Cordon Caulle,VIIRS375,0.1259,8.83,1,muy baja,2026-10-05T18:06:10,mirova-archivo,1
2015-07-20T06:00:00,357150,Puyehue-Cordon Caulle,VIIRS375,0.4026,8.02,1,muy baja,2026-10-05T18:06:10,mirova-archivo,1
2015-07-24T04:42:00,357150,Puyehue-Cordon Caulle,VIIRS375,1.085,8.91,1,baja,2026-10-05T18:06:10,mirova-archivo,1
2015-07-24T06:24:00,357150,Puyehue-Cordon Caulle,VIIRS375,1.057,8.83,1,baja,2026-10-05T18:06:10,mirova-archivo,1
2015-08-03T04:54:00,357150,Puyehue-Cordon Caulle,VIIRS375,0.08246,8.91,1,muy baja,2026-10-05T18:06:10,mirova-archivo,1
2015-08-07T05:24:00,357150,Puyehue-Cordon Caulle,VIIRS375,1.05,14.43,0,no volcanica,2026-10-05T18:06:10,mirova-archivo,0
2015-08-08T06:42:00,357150,Puyehue-Cordon Caulle,VIIRS375,0.05472,7.65,1,muy baja,2026-10-05T18:06:10,mirova-archivo,1
2015-08-11T05:48:00,357150,Puyehue-Cordon Caulle,VIIRS375,0.5122,8.83,1,muy baja,2026-10-05T18:06:10,mirova-archivo,1
2015-08-12T05:30:00,357150,Puyehue-Cordon Caulle,VIIRS375,0.2003,8.83,1,muy baja,2026-10-05T18:06:10,mirova-archivo,1
2015-08-13T06:48:00,357150,Puyehue-Cordon Caulle,VIIRS375,0.8337,8.46,1,muy baja,2026-10-05T18:06:10,mirova-archivo,1
2015-08-14T04:48:00,357150,Puyehue-Cordon Caulle,VIIRS375,0.04937,8.83,1,muy baja,2026-10-05T18:06:10,mirova-archivo,1
2015-08-14T06:30:00,357150,Puyehue-Cordon Caulle,VIIRS375,2.237,8.19,1,baja,2026-10-05T18:06:10,mirova-archivo,1
2015-08-16T05:54:00,357150,Puyehue-Cordon Caulle,VIIRS375,2.591,8.83,1,baja,2026-10-05T18:06:10,mirova-archivo,1
2015-08-17T05:36:00,357150,Puyehue-Cordon Caulle,VIIRS375,0.06517,6.45,0,no volcanica,2026-10-05T18:06:10,mirova-archivo,0
2015-08-19T06:36:00,357150,Puyehue-Cordon Caulle,VIIRS375,2.511,8.83,1,baja,2026-10-05T18:06:10,mirova-archivo,1
2015-08-20T06:18:00,357150,Puyehue-Cordon Caulle,VIIRS375,1.314,8.83,1,baja,2026-10-05T18:06:10,mirova-archivo,1
2015-08-21T06:00:00,357150,Puyehue-Cordon Caulle,VIIRS375,0.1421,8.19,1,muy baja,2026-10-05T18:06:10,mirova-archivo,1
2015-08-29T05:06:00,357150,Puyehue-Cordon Caulle,VIIRS375,0.6873,22.30,0,no volcanica,2026-10-05T18:06:10,mirova-archivo,0
2015-08-31T06:12:00,357150,Puyehue-Cordon Caulle,VIIRS375,0.9847,8.10,1,muy baja,2026-10-05T18:06:10,mirova-archivo,1
2015-09-01T05:54:00,357150,Puyehue-Cordon Caulle,VIIRS375,1.374,8.83,1,baja,2026-10-05T18:06:10,mirova-archivo,1
2015-09-02T05:36:00,357150,Puyehue-Cordon Caulle,VIIRS375,2.404,8.83,1,baja,2026-10-05T18:06:10,mirova-archivo,1
2015-09-03T06:54:00,357150,Puyehue-Cordon Caulle,VIIRS375,0.7111,7.73,1,muy baja,2026-10-05T18:06:10,mirova-archivo,1
2015-09-04T04:54:00,357150,Puyehue-Cordon Caulle,VIIRS375,2.889,8.91,1,baja,2026-10-05T18:06:10,mirova-archivo,1
2015-09-04T06:36:00,357150,Puyehue-Cordon Caulle,VIIRS375,2.641,8.10,1,baja,2026-10-05T18:06:10,mirova-archivo,1
2015-09-05T04:36:00,357150,Puyehue-Cordon Caulle,VIIRS375,3.412,8.91,1,baja,2026-10-05T18:06:10,mirova-archivo,1
2015-09-05T06:18:00,357150,Puyehue-Cordon Caulle,VIIRS375,4.086,8.91,1,baja,2026-10-05T18:06:10,mirova-archivo,1
2015-09-06T06:00:00,357150,Puyehue-Cordon Caulle,VIIRS375,3.346,8.83,1,baja,2026-10-05T18:06:10,mirova-archivo,1
2015-09-11T06:06:00,357150,Puyehue-Cordon Caulle,VIIRS375,0.1584,7.73,1,muy baja,2026-10-05T18:06:10,mirova-archivo,1
2015-09-13T05:30:00,357150,Puyehue-Cordon Caulle,VIIRS750,5.103,8.55,1,baja,2026-10-05T18:06:10,mirova-archivo,1
2015-09-14T05:06:00,357150,Puyehue-Cordon Caulle,VIIRS750,6.191,8.55,1,baja,2026-10-05T18:06:10,mirova-archivo,1
2015-09-16T06:12:00,357150,Puyehue-Cordon Caulle,VIIRS375,0.7268,8.83,1,muy baja,2026-10-05T18:06:10,mirova-archivo,1
2015-09-19T05:12:00,357150,Puyehue-Cordon Caulle,VIIRS375,2.825,8.91,1,baja,2026-10-05T18:06:10,mirova-archivo,1
2015-09-19T06:54:00,357150,Puyehue-Cordon Caulle,VIIRS375,1.157,8.02,1,baja,2026-10-05T18:06:10,mirova-archivo,1
2015-09-20T04:54:00,357150,Puyehue-Cordon Caulle,VIIRS375,1.528,8.83,1,baja,2026-10-05T18:06:10,mirova-archivo,1
2015-09-20T06:36:00,357150,Puyehue-Cordon Caulle,VIIRS375,2.621,8.83,1,baja,2026-10-05T18:06:10,mirova-archivo,1
2015-09-21T06:18:00,357150,Puyehue-Cordon Caulle,VIIRS375,0.8292,8.91,1,muy baja,2026-10-05T18:06:10,mirova-archivo,1
2015-09-26T06:24:00,357150,Puyehue-Cordon Caulle,VIIRS375,0.5866,8.19,1,muy baja,2026-10-05T18:06:10,mirova-archivo,1
2015-09-28T05:48:00,357150,Puyehue-Cordon Caulle,VIIRS375,0.03429,8.83,1,muy baja,2026-10-05T18:06:10,mirova-archivo,1
2015-10-03T05:54:00,357150,Puyehue-Cordon Caulle,VIIRS375,2.412,8.83,1,baja,2026-10-05T18:06:10,mirova-archivo,1
2015-10-08T06:00:00,357150,Puyehue-Cordon Caulle,VIIRS375,1.507,8.19,1,baja,2026-10-05T18:06:10,mirova-archivo,1
2015-10-09T05:42:00,357150,Puyehue-Cordon Caulle,VIIRS750,6.148,8.55,1,baja,2026-10-05T18:06:10,mirova-archivo,1
2015-10-10T05:18:00,357150,Puyehue-Cordon Caulle,VIIRS375,1.089,8.91,1,baja,2026-10-05T18:06:10,mirova-archivo,1
2015-10-11T05:00:00,357150,Puyehue-Cordon Caulle,VIIRS375,0.8021,8.83,1,muy baja,2026-10-05T18:06:10,mirova-archivo,1
2015-10-11T06:42:00,357150,Puyehue-Cordon Caulle,VIIRS375,0.9613,7.83,1,muy baja,2026-10-05T18:06:10,mirova-archivo,1
2015-10-14T05:48:00,357150,Puyehue-Cordon Caulle,VIIRS375,0.03081,8.83,1,muy baja,2026-10-05T18:06:10,mirova-archivo,1
2015-10-16T05:06:00,357150,Puyehue-Cordon Caulle,VIIRS375,1.393,8.46,1,baja,2026-10-05T18:06:10,mirova-archivo,1
2015-10-16T06:48:00,357150,Puyehue-Cordon Caulle,VIIRS375,0.4603,7.65,1,muy baja,2026-10-05T18:06:10,mirova-archivo,1
2015-10-17T04:48:00,357150,Puyehue-Cordon Caulle,VIIRS375,2.21,8.83,1,baja,2026-10-05T18:06:10,mirova-archivo,1
2015-10-17T06:30:00,357150,Puyehue-Cordon Caulle,VIIRS375,2.828,8.83,1,baja,2026-10-05T18:06:10,mirova-archivo,1
2015-10-18T04:30:00,357150,Puyehue-Cordon Caulle,VIIRS375,2.844,8.91,1,baja,2026-10-05T18:06:10,mirova-archivo,1
2015-10-18T06:12:00,357150,Puyehue-Cordon Caulle,VIIRS750,7.517,8.55,1,baja,2026-10-05T18:06:10,mirova-archivo,1
2015-10-19T05:54:00,357150,Puyehue-Cordon Caulle,VIIRS750,7.105,8.55,1,baja,2026-10-05T18:06:10,mirova-archivo,1
2015-10-22T06:36:00,357150,Puyehue-Cordon Caulle,VIIRS375,0.05783,8.75,1,muy baja,2026-10-05T18:06:10,mirova-archivo,1
2015-10-23T04:36:00,357150,Puyehue-Cordon Caulle,VIIRS375,0.8916,8.91,1,muy baja,2026-10-05T18:06:10,mirova-archivo,1
2015-10-23T06:18:00,357150,Puyehue-Cordon Caulle,VIIRS375,1.296,8.83,1,baja,2026-10-05T18:06:10,mirova-archivo,1
2015-10-27T05:00:00,357150,Puyehue-Cordon Caulle,VIIRS375,1.583,8.91,1,baja,2026-10-05T18:06:10,mirova-archivo,1
2015-10-27T06:42:00,357150,Puyehue-Cordon Caulle,VIIRS375,1.703,7.95,1,baja,2026-10-05T18:06:10,mirova-archivo,1
2015-10-30T05:48:00,357150,Puyehue-Cordon Caulle,VIIRS375,1.495,8.83,1,baja,2026-10-05T18:06:10,mirova-archivo,1
2015-10-31T05:24:00,357150,Puyehue-Cordon Caulle,VIIRS375,1.814,8.83,1,baja,2026-10-05T18:06:10,mirova-archivo,1
2015-11-01T05:06:00,357150,Puyehue-Cordon Caulle,VIIRS375,2.366,8.91,1,baja,2026-10-05T18:06:10,mirova-archivo,1
2015-11-01T06:48:00,357150,Puyehue-Cordon Caulle,VIIRS375,0.3302,7.58,1,muy baja,2026-10-05T18:06:10,mirova-archivo,1
2015-11-02T04:48:00,357150,Puyehue-Cordon Caulle,VIIRS375,2.313,8.83,1,baja,2026-10-05T18:06:10,mirova-archivo,1
2015-11-02T06:30:00,357150,Puyehue-Cordon Caulle,VIIRS375,3.271,8.75,1,baja,2026-10-05T18:06:10,mirova-archivo,1
2015-11-03T04:30:00,357150,Puyehue-Cordon Caulle,VIIRS375,0.3379,8.91,1,muy baja,2026-10-05T18:06:10,mirova-archivo,1
2015-11-03T06:12:00,357150,Puyehue-Cordon Caulle,VIIRS750,7.074,8.55,1,baja,2026-10-05T18:06:10,mirova-archivo,1
2015-11-04T05:54:00,357150,Puyehue-Cordon Caulle,VIIRS375,2.85,8.83,1,baja,2026-10-05T18:06:10,mirova-archivo,1
2015-11-06T05:12:00,357150,Puyehue-Cordon Caulle,VIIRS375,2.646,8.30,1,baja,2026-10-05T18:06:10,mirova-archivo,1
2015-11-06T06:54:00,357150,Puyehue-Cordon Caulle,VIIRS375,0.6531,7.37,1,muy baja,2026-10-05T18:06:10,mirova-archivo,1
2015-11-07T04:54:00,357150,Puyehue-Cordon Caulle,VIIRS375,1.785,8.83,1,baja,2026-10-05T18:06:10,mirova-archivo,1
2015-11-07T06:36:00,357150,Puyehue-Cordon Caulle,VIIRS375,0.09916,6.45,0,no volcanica,2026-10-05T18:06:10,mirova-archivo,0
2015-11-11T05:18:00,357150,Puyehue-Cordon Caulle,VIIRS375,2.039,8.75,1,baja,2026-10-05T18:06:10,mirova-archivo,1
2015-11-12T06:42:00,357150,Puyehue-Cordon Caulle,VIIRS375,0.03106,7.21,1,muy baja,2026-10-05T18:06:10,mirova-archivo,1
2015-11-14T06:06:00,357150,Puyehue-Cordon Caulle,VIIRS750,5.855,8.55,1,baja,2026-10-05T18:06:10,mirova-archivo,1
2015-11-15T05:48:00,357150,Puyehue-Cordon Caulle,VIIRS375,0.05455,8.10,1,muy baja,2026-10-05T18:06:10,mirova-archivo,1
2015-11-27T05:18:00,357150,Puyehue-Cordon Caulle,VIIRS375,0.53,8.91,1,muy baja,2026-10-05T18:06:10,mirova-archivo,1
2015-11-28T05:00:00,357150,Puyehue-Cordon Caulle,VIIRS375,0.6375,8.83,1,muy baja,2026-10-05T18:06:10,mirova-archivo,1
2015-11-28T06:42:00,357150,Puyehue-Cordon Caulle,VIIRS375,0.1929,7.58,1,muy baja,2026-10-05T18:06:10,mirova-archivo,1
2015-11-29T04:42:00,357150,Puyehue-Cordon Caulle,VIIRS375,1.744,8.83,1,baja,2026-10-05T18:06:10,mirova-archivo,1
2015-11-29T06:24:00,357150,Puyehue-Cordon Caulle,VIIRS375,2.161,8.91,1,baja,2026-10-05T18:06:10,mirova-archivo,1
2015-11-30T06:06:00,357150,Puyehue-Cordon Caulle,VIIRS375,1.858,8.83,1,baja,2026-10-05T18:06:10,mirova-archivo,1
2015-12-01T05:48:00,357150,Puyehue-Cordon Caulle,VIIRS750,5.946,8.55,1,baja,2026-10-05T18:06:10,mirova-archivo,1
2015-12-02T05:24:00,357150,Puyehue-Cordon Caulle,VIIRS375,0.8881,8.83,1,muy baja,2026-10-05T18:06:10,mirova-archivo,1
2015-12-03T05:06:00,357150,Puyehue-Cordon Caulle,VIIRS375,1.452,8.83,1,baja,2026-10-05T18:06:10,mirova-archivo,1
2015-12-05T06:12:00,357150,Puyehue-Cordon Caulle,VIIRS375,1.218,8.83,1,baja,2026-10-05T18:06:10,mirova-archivo,1
2015-12-06T05:54:00,357150,Puyehue-Cordon Caulle,VIIRS375,0.2113,8.83,1,muy baja,2026-10-05T18:06:10,mirova-archivo,1
2015-12-07T05:30:00,357150,Puyehue-Cordon Caulle,VIIRS375,0.7597,8.83,1,muy baja,2026-10-05T18:06:10,mirova-archivo,1
2015-12-08T05:12:00,357150,Puyehue-Cordon Caulle,VIIRS375,0.111,8.83,1,muy baja,2026-10-05T18:06:10,mirova-archivo,1
2015-12-09T04:54:00,357150,Puyehue-Cordon Caulle,VIIRS375,0.7351,8.91,1,muy baja,2026-10-05T18:06:10,mirova-archivo,1
2015-12-09T06:36:00,357150,Puyehue-Cordon Caulle,VIIRS375,0.8569,8.83,1,muy baja,2026-10-05T18:06:10,mirova-archivo,1
2015-12-10T06:18:00,357150,Puyehue-Cordon Caulle,VIIRS375,0.2713,8.83,1,muy baja,2026-10-05T18:06:10,mirova-archivo,1
2015-12-11T06:00:00,357150,Puyehue-Cordon Caulle,VIIRS375,1.727,8.83,1,baja,2026-10-05T18:06:10,mirova-archivo,1
2015-12-14T05:00:00,357150,Puyehue-Cordon Caulle,VIIRS375,0.2929,8.83,1,muy baja,2026-10-05T18:06:10,mirova-archivo,1
2015-12-16T06:06:00,357150,Puyehue-Cordon Caulle,VIIRS375,0.6306,8.75,1,muy baja,2026-10-05T18:06:10,mirova-archivo,1
2015-12-18T05:24:00,357150,Puyehue-Cordon Caulle,VIIRS375,0.6222,8.91,1,muy baja,2026-10-05T18:06:10,mirova-archivo,1
2015-12-19T05:06:00,357150,Puyehue-Cordon Caulle,VIIRS375,2.446,19.58,0,no volcanica,2026-10-05T18:06:10,mirova-archivo,0
2015-12-19T06:48:00,357150,Puyehue-Cordon Caulle,VIIRS375,0.2072,7.28,1,muy baja,2026-10-05T18:06:10,mirova-archivo,1
2015-12-20T04:48:00,357150,Puyehue-Cordon Caulle,VIIRS375,1.605,8.83,1,baja,2026-10-05T18:06:10,mirova-archivo,1
2015-12-20T06:30:00,357150,Puyehue-Cordon Caulle,VIIRS375,2.125,8.83,1,baja,2026-10-05T18:06:10,mirova-archivo,1
2015-12-21T06:12:00,357150,Puyehue-Cordon Caulle,VIIRS375,0.04358,6.45,0,no volcanica,2026-10-05T18:06:10,mirova-archivo,0
2015-12-24T05:12:00,357150,Puyehue-Cordon Caulle,VIIRS375,0.9442,8.83,1,muy baja,2026-10-05T18:06:10,mirova-archivo,1
2015-12-25T06:36:00,357150,Puyehue-Cordon Caulle,VIIRS375,1.62,8.02,1,baja,2026-10-05T18:06:10,mirova-archivo,1
2015-12-26T04:36:00,357150,Puyehue-Cordon Caulle,VIIRS375,0.4248,8.19,1,muy baja,2026-10-05T18:06:10,mirova-archivo,1
2015-12-26T06:18:00,357150,Puyehue-Cordon Caulle,VIIRS375,1.148,8.83,1,baja,2026-10-05T18:06:10,mirova-archivo,1
2015-12-27T06:00:00,357150,Puyehue-Cordon Caulle,VIIRS375,1.906,8.83,1,baja,2026-10-05T18:06:10,mirova-archivo,1
2015-12-29T05:18:00,357150,Puyehue-Cordon Caulle,VIIRS375,0.09874,8.83,1,muy baja,2026-10-05T18:06:10,mirova-archivo,1
2015-12-30T05:00:00,357150,Puyehue-Cordon Caulle,VIIRS375,0.7576,8.83,1,muy baja,2026-10-05T18:06:10,mirova-archivo,1
2015-12-31T04:42:00,357150,Puyehue-Cordon Caulle,VIIRS375,0.1731,7.83,1,muy baja,2026-10-05T18:06:10,mirova-archivo,1
2015-12-31T06:24:00,357150,Puyehue-Cordon Caulle,VIIRS375,1.483,8.75,1,baja,2026-10-05T18:06:10,mirova-archivo,1
2016-01-01T06:06:00,357150,Puyehue-Cordon Caulle,VIIRS375,0.2338,8.83,1,muy baja,2026-10-05T18:06:10,mirova-archivo,1
2016-01-04T05:06:00,357150,Puyehue-Cordon Caulle,VIIRS375,1.43,8.83,1,baja,2026-10-05T18:06:10,mirova-archivo,1
2016-01-05T04:48:00,357150,Puyehue-Cordon Caulle,VIIRS375,0.4674,8.91,1,muy baja,2026-10-05T18:06:10,mirova-archivo,1
2016-01-05T06:30:00,357150,Puyehue-Cordon Caulle,VIIRS375,1.761,8.02,1,baja,2026-10-05T18:06:10,mirova-archivo,1
2016-01-06T06:12:00,357150,Puyehue-Cordon Caulle,VIIRS375,1.298,8.83,1,baja,2026-10-05T18:06:10,mirova-archivo,1
2016-01-08T05:30:00,357150,Puyehue-Cordon Caulle,VIIRS375,1.539,8.83,1,baja,2026-10-05T18:06:10,mirova-archivo,1
2016-01-09T05:12:00,357150,Puyehue-Cordon Caulle,VIIRS375,1.777,8.83,1,baja,2026-10-05T18:06:10,mirova-archivo,1
2016-01-10T04:54:00,357150,Puyehue-Cordon Caulle,VIIRS375,0.2529,8.10,1,muy baja,2026-10-05T18:06:10,mirova-archivo,1
2016-01-11T06:18:00,357150,Puyehue-Cordon Caulle,VIIRS375,1.487,8.83,1,baja,2026-10-05T18:06:10,mirova-archivo,1
2016-01-12T06:00:00,357150,Puyehue-Cordon Caulle,VIIRS375,1.159,8.83,1,baja,2026-10-05T18:06:10,mirova-archivo,1
2016-01-13T05:36:00,357150,Puyehue-Cordon Caulle,VIIRS375,1.346,8.83,1,baja,2026-10-05T18:06:10,mirova-archivo,1
2016-01-14T05:18:00,357150,Puyehue-Cordon Caulle,VIIRS375,1.701,8.83,1,baja,2026-10-05T18:06:10,mirova-archivo,1
2016-01-17T06:06:00,357150,Puyehue-Cordon Caulle,VIIRS375,0.5612,8.83,1,muy baja,2026-10-05T18:06:10,mirova-archivo,1
2016-01-18T05:42:00,357150,Puyehue-Cordon Caulle,VIIRS375,1.741,8.83,1,baja,2026-10-05T18:06:10,mirova-archivo,1
2016-01-19T05:24:00,357150,Puyehue-Cordon Caulle,VIIRS750,5.002,8.55,1,baja,2026-10-05T18:06:10,mirova-archivo,1
2016-01-20T05:06:00,357150,Puyehue-Cordon Caulle,VIIRS375,1.06,8.19,1,baja,2026-10-05T18:06:10,mirova-archivo,1
2016-01-21T04:48:00,357150,Puyehue-Cordon Caulle,VIIRS375,1.261,8.83,1,baja,2026-10-05T18:06:10,mirova-archivo,1
2016-01-21T06:30:00,357150,Puyehue-Cordon Caulle,VIIRS375,1.5,7.73,1,baja,2026-10-05T18:06:10,mirova-archivo,1
2016-01-22T06:12:00,357150,Puyehue-Cordon Caulle,VIIRS375,0.1782,8.83,1,muy baja,2026-10-05T18:06:10,mirova-archivo,1
2016-01-24T05:30:00,357150,Puyehue-Cordon Caulle,VIIRS375,0.1385,7.73,1,muy baja,2026-10-05T18:06:10,mirova-archivo,1
2016-01-26T04:54:00,357150,Puyehue-Cordon Caulle,VIIRS375,1.517,8.83,1,baja,2026-10-05T18:06:10,mirova-archivo,1
2016-01-26T06:36:00,357150,Puyehue-Cordon Caulle,VIIRS375,1.493,8.83,1,baja,2026-10-05T18:06:10,mirova-archivo,1
2016-01-29T05:36:00,357150,Puyehue-Cordon Caulle,VIIRS375,2.188,8.83,1,baja,2026-10-05T18:06:10,mirova-archivo,1
2016-01-30T05:18:00,357150,Puyehue-Cordon Caulle,VIIRS375,1.041,8.83,1,baja,2026-10-05T18:06:10,mirova-archivo,1
2016-01-31T05:00:00,357150,Puyehue-Cordon Caulle,VIIRS375,0.302,7.73,1,muy baja,2026-10-05T18:06:10,mirova-archivo,1
2016-01-31T06:42:00,357150,Puyehue-Cordon Caulle,VIIRS375,0.08868,6.45,0,no volcanica,2026-10-05T18:06:10,mirova-archivo,0
2016-02-01T06:24:00,357150,Puyehue-Cordon Caulle,VIIRS375,0.5395,7.73,1,muy baja,2026-10-05T18:06:10,mirova-archivo,1
2016-02-02T06:06:00,357150,Puyehue-Cordon Caulle,VIIRS375,0.963,8.83,1,muy baja,2026-10-05T18:06:10,mirova-archivo,1
2016-02-03T05:42:00,357150,Puyehue-Cordon Caulle,VIIRS375,1.393,8.83,1,baja,2026-10-05T18:06:10,mirova-archivo,1
2016-02-04T05:24:00,357150,Puyehue-Cordon Caulle,VIIRS375,1.223,8.83,1,baja,2026-10-05T18:06:10,mirova-archivo,1
2016-02-05T05:06:00,357150,Puyehue-Cordon Caulle,VIIRS375,0.8688,8.91,1,muy baja,2026-10-05T18:06:10,mirova-archivo,1
2016-02-07T04:30:00,357150,Puyehue-Cordon Caulle,VIIRS375,0.1695,7.83,1,muy baja,2026-10-05T18:06:10,mirova-archivo,1
2016-02-07T06:12:00,357150,Puyehue-Cordon Caulle,VIIRS375,1.874,8.83,1,baja,2026-10-05T18:06:10,mirova-archivo,1
2016-02-08T05:48:00,357150,Puyehue-Cordon Caulle,VIIRS375,1.863,8.83,1,baja,2026-10-05T18:06:10,mirova-archivo,1
2016-02-09T05:30:00,357150,Puyehue-Cordon Caulle,VIIRS375,0.836,8.83,1,muy baja,2026-10-05T18:06:10,mirova-archivo,1
2016-02-10T05:12:00,357150,Puyehue-Cordon Caulle,VIIRS375,1.742,8.83,1,baja,2026-10-05T18:06:10,mirova-archivo,1
2016-02-11T06:36:00,357150,Puyehue-Cordon Caulle,VIIRS375,1.555,8.75,1,baja,2026-10-05T18:06:10,mirova-archivo,1
2016-02-15T05:18:00,357150,Puyehue-Cordon Caulle,VIIRS375,0.8993,8.46,1,muy baja,2026-10-05T18:06:10,mirova-archivo,1
2016-02-16T05:00:00,357150,Puyehue-Cordon Caulle,VIIRS375,1.038,8.91,1,baja,2026-10-05T18:06:10,mirova-archivo,1
2016-02-16T06:42:00,357150,Puyehue-Cordon Caulle,VIIRS375,0.7753,8.75,1,muy baja,2026-10-05T18:06:10,mirova-archivo,1
2016-02-19T05:42:00,357150,Puyehue-Cordon Caulle,VIIRS375,1.246,8.83,1,baja,2026-10-05T18:06:10,mirova-archivo,1
2016-02-21T05:06:00,357150,Puyehue-Cordon Caulle,VIIRS375,0.4726,8.55,1,muy baja,2026-10-05T18:06:10,mirova-archivo,1
2016-02-22T06:30:00,357150,Puyehue-Cordon Caulle,VIIRS375,0.5965,8.10,1,muy baja,2026-10-05T18:06:10,mirova-archivo,1
2016-02-24T05:48:00,357150,Puyehue-Cordon Caulle,VIIRS375,0.2399,8.83,1,muy baja,2026-10-05T18:06:10,mirova-archivo,1
2016-02-26T05:12:00,357150,Puyehue-Cordon Caulle,VIIRS375,1.161,27.87,0,no volcanica,2026-10-05T18:06:10,mirova-archivo,0
2016-02-28T06:18:00,357150,Puyehue-Cordon Caulle,VIIRS375,0.1029,7.37,1,muy baja,2026-10-05T18:06:10,mirova-archivo,1
2016-02-29T05:54:00,357150,Puyehue-Cordon Caulle,VIIRS375,1.46,8.83,1,baja,2026-10-05T18:06:10,mirova-archivo,1
2016-03-01T05:36:00,357150,Puyehue-Cordon Caulle,VIIRS375,1.83,8.83,1,baja,2026-10-05T18:06:10,mirova-archivo,1
2016-03-02T05:18:00,357150,Puyehue-Cordon Caulle,VIIRS375,0.3969,8.91,1,muy baja,2026-10-05T18:06:10,mirova-archivo,1
2016-03-03T05:00:00,357150,Puyehue-Cordon Caulle,VIIRS375,0.7104,8.83,1,muy baja,2026-10-05T18:06:10,mirova-archivo,1
2016-03-03T06:42:00,357150,Puyehue-Cordon Caulle,VIIRS375,0.8717,7.73,1,muy baja,2026-10-05T18:06:10,mirova-archivo,1
2016-03-04T04:42:00,357150,Puyehue-Cordon Caulle,VIIRS375,1.513,8.91,1,baja,2026-10-05T18:06:10,mirova-archivo,1
2016-03-04T06:24:00,357150,Puyehue-Cordon Caulle,VIIRS375,0.9515,8.10,1,muy baja,2026-10-05T18:06:10,mirova-archivo,1
2016-03-05T06:00:00,357150,Puyehue-Cordon Caulle,VIIRS375,0.3096,8.75,1,muy baja,2026-10-05T18:06:10,mirova-archivo,1
2016-03-06T05:42:00,357150,Puyehue-Cordon Caulle,VIIRS375,2.217,8.83,1,baja,2026-10-05T18:06:10,mirova-archivo,1
2016-03-07T05:24:00,357150,Puyehue-Cordon Caulle,VIIRS375,1.366,8.83,1,baja,2026-10-05T18:06:10,mirova-archivo,1
2016-03-08T05:06:00,357150,Puyehue-Cordon Caulle,VIIRS375,0.6406,8.83,1,muy baja,2026-10-05T18:06:10,mirova-archivo,1
2016-03-09T04:48:00,357150,Puyehue-Cordon Caulle,VIIRS375,0.5451,8.55,1,muy baja,2026-10-05T18:06:10,mirova-archivo,1
2016-03-09T06:30:00,357150,Puyehue-Cordon Caulle,VIIRS375,0.3558,8.39,1,muy baja,2026-10-05T18:06:10,mirova-archivo,1
2016-03-11T05:48:00,357150,Puyehue-Cordon Caulle,VIIRS375,1.292,8.83,1,baja,2026-10-05T18:06:10,mirova-archivo,1
2016-03-12T05:30:00,357150,Puyehue-Cordon Caulle,VIIRS375,0.8387,8.83,1,muy baja,2026-10-05T18:06:10,mirova-archivo,1
2016-03-13T05:12:00,357150,Puyehue-Cordon Caulle,VIIRS375,1.459,8.83,1,baja,2026-10-05T18:06:10,mirova-archivo,1
2016-03-13T06:54:00,357150,Puyehue-Cordon Caulle,VIIRS375,0.257,8.10,1,muy baja,2026-10-05T18:06:10,mirova-archivo,1
2016-03-14T04:54:00,357150,Puyehue-Cordon Caulle,VIIRS375,2.062,8.83,1,baja,2026-10-05T18:06:10,mirova-archivo,1
2016-03-16T05:54:00,357150,Puyehue-Cordon Caulle,VIIRS375,1.449,8.83,1,baja,2026-10-05T18:06:10,mirova-archivo,1
2016-03-17T05:36:00,357150,Puyehue-Cordon Caulle,VIIRS375,1.224,8.83,1,baja,2026-10-05T18:06:10,mirova-archivo,1
2016-03-18T05:18:00,357150,Puyehue-Cordon Caulle,VIIRS375,0.1644,8.83,1,muy baja,2026-10-05T18:06:10,mirova-archivo,1
2016-03-19T06:42:00,357150,Puyehue-Cordon Caulle,VIIRS375,0.4907,7.65,1,muy baja,2026-10-05T18:06:10,mirova-archivo,1
2016-03-20T04:42:00,357150,Puyehue-Cordon Caulle,VIIRS375,0.4834,8.83,1,muy baja,2026-10-05T18:06:10,mirova-archivo,1
2016-03-20T06:24:00,357150,Puyehue-Cordon Caulle,VIIRS375,0.9277,8.83,1,muy baja,2026-10-05T18:06:10,mirova-archivo,1
2016-03-21T06:00:00,357150,Puyehue-Cordon Caulle,VIIRS375,0.591,8.75,1,muy baja,2026-10-05T18:06:10,mirova-archivo,1
2016-03-22T05:42:00,357150,Puyehue-Cordon Caulle,VIIRS375,1.409,8.46,1,baja,2026-10-05T18:06:10,mirova-archivo,1
2016-03-23T05:24:00,357150,Puyehue-Cordon Caulle,VIIRS375,1.523,8.83,1,baja,2026-10-05T18:06:10,mirova-archivo,1
2016-03-24T05:06:00,357150,Puyehue-Cordon Caulle,VIIRS375,0.8033,8.91,1,muy baja,2026-10-05T18:06:10,mirova-archivo,1
2016-03-25T04:48:00,357150,Puyehue-Cordon Caulle,VIIRS375,0.09577,8.91,1,muy baja,2026-10-05T18:06:10,mirova-archivo,1
2016-03-25T06:30:00,357150,Puyehue-Cordon Caulle,VIIRS375,0.2065,8.83,1,muy baja,2026-10-05T18:06:10,mirova-archivo,1
2016-03-26T06:06:00,357150,Puyehue-Cordon Caulle,VIIRS375,0.47,8.83,1,muy baja,2026-10-05T18:06:10,mirova-archivo,1
2016-03-28T05:30:00,357150,Puyehue-Cordon Caulle,VIIRS375,1.295,8.83,1,baja,2026-10-05T18:06:10,mirova-archivo,1
2016-03-29T05:12:00,357150,Puyehue-Cordon Caulle,VIIRS375,0.6825,8.83,1,muy baja,2026-10-05T18:06:10,mirova-archivo,1
2016-04-01T05:54:00,357150,Puyehue-Cordon Caulle,VIIRS375,0.7504,8.75,1,muy baja,2026-10-05T18:06:10,mirova-archivo,1
2016-04-02T05:36:00,357150,Puyehue-Cordon Caulle,VIIRS375,1.274,8.83,1,baja,2026-10-05T18:06:10,mirova-archivo,1
2016-04-03T05:18:00,357150,Puyehue-Cordon Caulle,VIIRS375,0.7872,8.83,1,muy baja,2026-10-05T18:06:10,mirova-archivo,1
2016-04-05T04:42:00,357150,Puyehue-Cordon Caulle,VIIRS375,0.5524,8.55,1,muy baja,2026-10-05T18:06:10,mirova-archivo,1
2016-04-05T06:24:00,357150,Puyehue-Cordon Caulle,VIIRS375,1.141,8.83,1,baja,2026-10-05T18:06:10,mirova-archivo,1
2016-04-06T06:00:00,357150,Puyehue-Cordon Caulle,VIIRS375,0.9095,8.83,1,muy baja,2026-10-05T18:06:10,mirova-archivo,1
2016-04-08T05:24:00,357150,Puyehue-Cordon Caulle,VIIRS375,0.5874,8.83,1,muy baja,2026-10-05T18:06:10,mirova-archivo,1
2016-04-09T05:06:00,357150,Puyehue-Cordon Caulle,VIIRS375,1.229,8.83,1,baja,2026-10-05T18:06:10,mirova-archivo,1
2016-04-09T06:48:00,357150,Puyehue-Cordon Caulle,VIIRS375,0.0747,7.37,1,muy baja,2026-10-05T18:06:10,mirova-archivo,1
2016-04-10T06:30:00,357150,Puyehue-Cordon Caulle,VIIRS375,0.4392,8.39,1,muy baja,2026-10-05T18:06:10,mirova-archivo,1
2016-04-12T05:48:00,357150,Puyehue-Cordon Caulle,VIIRS375,0.3326,8.83,1,muy baja,2026-10-05T18:06:10,mirova-archivo,1
2016-04-17T05:54:00,357150,Puyehue-Cordon Caulle,VIIRS375,0.243,8.83,1,muy baja,2026-10-05T18:06:10,mirova-archivo,1
2016-04-18T05:36:00,357150,Puyehue-Cordon Caulle,VIIRS375,1.537,8.83,1,baja,2026-10-05T18:06:10,mirova-archivo,1
2016-04-19T05:18:00,357150,Puyehue-Cordon Caulle,VIIRS375,0.1905,8.83,1,muy baja,2026-10-05T18:06:10,mirova-archivo,1
2016-04-25T05:06:00,357150,Puyehue-Cordon Caulle,VIIRS375,0.7652,8.83,1,muy baja,2026-10-05T18:06:10,mirova-archivo,1
2016-04-26T04:48:00,357150,Puyehue-Cordon Caulle,VIIRS375,0.5759,8.83,1,muy baja,2026-10-05T18:06:10,mirova-archivo,1
2016-04-26T06:30:00,357150,Puyehue-Cordon Caulle,VIIRS375,0.357,8.75,1,muy baja,2026-10-05T18:06:10,mirova-archivo,1
2016-04-27T04:30:00,357150,Puyehue-Cordon Caulle,VIIRS375,0.08234,8.91,1,muy baja,2026-10-05T18:06:10,mirova-archivo,1
2016-04-29T05:30:00,357150,Puyehue-Cordon Caulle,VIIRS375,0.05604,8.46,1,muy baja,2026-10-05T18:06:10,mirova-archivo,1
2016-04-30T05:12:00,357150,Puyehue-Cordon Caulle,VIIRS375,1.708,8.83,1,baja,2026-10-05T18:06:10,mirova-archivo,1
2016-05-03T05:54:00,357150,Puyehue-Cordon Caulle,VIIRS375,0.5852,8.83,1,muy baja,2026-10-05T18:06:10,mirova-archivo,1
2016-05-05T05:18:00,357150,Puyehue-Cordon Caulle,VIIRS375,0.6697,8.91,1,muy baja,2026-10-05T18:06:10,mirova-archivo,1
2016-05-07T06:24:00,357150,Puyehue-Cordon Caulle,VIIRS375,0.07071,8.46,1,muy baja,2026-10-05T18:06:10,mirova-archivo,1
2016-05-09T05:42:00,357150,Puyehue-Cordon Caulle,VIIRS375,0.6111,8.83,1,muy baja,2026-10-05T18:06:10,mirova-archivo,1
2016-05-10T05:24:00,357150,Puyehue-Cordon Caulle,VIIRS375,0.7987,8.83,1,muy baja,2026-10-05T18:06:10,mirova-archivo,1
2016-05-14T05:48:00,357150,Puyehue-Cordon Caulle,VIIRS375,1.515,8.83,1,baja,2026-10-05T18:06:10,mirova-archivo,1
2016-05-16T05:12:00,357150,Puyehue-Cordon Caulle,VIIRS375,0.2081,8.10,1,muy baja,2026-10-05T18:06:10,mirova-archivo,1
2016-05-17T04:54:00,357150,Puyehue-Cordon Caulle,VIIRS375,0.789,8.83,1,muy baja,2026-10-05T18:06:10,mirova-archivo,1
2016-05-17T06:36:00,357150,Puyehue-Cordon Caulle,VIIRS375,0.6216,8.83,1,muy baja,2026-10-05T18:06:10,mirova-archivo,1
2016-05-18T04:36:00,357150,Puyehue-Cordon Caulle,VIIRS375,1.086,8.91,1,baja,2026-10-05T18:06:10,mirova-archivo,1
2016-05-18T06:18:00,357150,Puyehue-Cordon Caulle,VIIRS375,0.07758,7.73,1,muy baja,2026-10-05T18:06:10,mirova-archivo,1
2016-05-20T05:36:00,357150,Puyehue-Cordon Caulle,VIIRS375,0.2143,8.83,1,muy baja,2026-10-05T18:06:10,mirova-archivo,1
2016-05-21T05:18:00,357150,Puyehue-Cordon Caulle,VIIRS375,0.1295,7.73,1,muy baja,2026-10-05T18:06:10,mirova-archivo,1
2016-05-22T05:00:00,357150,Puyehue-Cordon Caulle,VIIRS375,0.1248,8.83,1,muy baja,2026-10-05T18:06:10,mirova-archivo,1
2016-05-27T05:06:00,357150,Puyehue-Cordon Caulle,VIIRS375,0.3713,8.91,1,muy baja,2026-10-05T18:06:10,mirova-archivo,1
2016-05-28T04:48:00,357150,Puyehue-Cordon Caulle,VIIRS375,0.1815,8.83,1,muy baja,2026-10-05T18:06:10,mirova-archivo,1
2016-05-28T06:30:00,357150,Puyehue-Cordon Caulle,VIIRS375,1.195,8.83,1,baja,2026-10-05T18:06:10,mirova-archivo,1
2016-05-31T05:30:00,357150,Puyehue-Cordon Caulle,VIIRS375,0.09557,8.83,1,muy baja,2026-10-05T18:06:10,mirova-archivo,1
2016-06-02T04:54:00,357150,Puyehue-Cordon Caulle,VIIRS375,0.05354,2.28,0,no volcanica,2026-10-05T18:06:10,mirova-archivo,0
2016-06-02T06:36:00,357150,Puyehue-Cordon Caulle,VIIRS375,0.1006,8.75,1,muy baja,2026-10-05T18:06:10,mirova-archivo,1
2016-06-03T04:36:00,357150,Puyehue-Cordon Caulle,VIIRS375,0.3941,8.91,1,muy baja,2026-10-05T18:06:10,mirova-archivo,1
2016-06-03T06:18:00,357150,Puyehue-Cordon Caulle,VIIRS375,0.7896,8.83,1,muy baja,2026-10-05T18:06:10,mirova-archivo,1
2016-06-04T05:54:00,357150,Puyehue-Cordon Caulle,VIIRS375,0.7903,8.83,1,muy baja,2026-10-05T18:06:10,mirova-archivo,1
2016-06-05T05:36:00,357150,Puyehue-Cordon Caulle,VIIRS375,0.2072,24.29,0,no volcanica,2026-10-05T18:06:10,mirova-archivo,0
2016-06-10T05:42:00,357150,Puyehue-Cordon Caulle,VIIRS375,0.7675,8.83,1,muy baja,2026-10-05T18:06:10,mirova-archivo,1
2016-06-11T05:24:00,357150,Puyehue-Cordon Caulle,VIIRS375,1.309,8.83,1,baja,2026-10-05T18:06:10,mirova-archivo,1
2016-06-12T05:06:00,357150,Puyehue-Cordon Caulle,VIIRS375,0.6475,8.19,1,muy baja,2026-10-05T18:06:10,mirova-archivo,1
2016-06-15T05:48:00,357150,Puyehue-Cordon Caulle,VIIRS375,1.141,8.75,1,baja,2026-10-05T18:06:10,mirova-archivo,1
2016-06-16T05:30:00,357150,Puyehue-Cordon Caulle,VIIRS375,1.395,8.83,1,baja,2026-10-05T18:06:10,mirova-archivo,1
2016-06-17T05:12:00,357150,Puyehue-Cordon Caulle,VIIRS375,1.026,8.83,1,baja,2026-10-05T18:06:10,mirova-archivo,1
2016-06-18T04:54:00,357150,Puyehue-Cordon Caulle,VIIRS375,1.161,8.83,1,baja,2026-10-05T18:06:10,mirova-archivo,1
2016-06-18T06:36:00,357150,Puyehue-Cordon Caulle,VIIRS375,0.7911,8.75,1,muy baja,2026-10-05T18:06:10,mirova-archivo,1
2016-06-19T04:36:00,357150,Puyehue-Cordon Caulle,VIIRS375,0.1984,8.19,1,muy baja,2026-10-05T18:06:10,mirova-archivo,1
2016-06-20T05:54:00,357150,Puyehue-Cordon Caulle,VIIRS375,1.026,8.83,1,baja,2026-10-05T18:06:10,mirova-archivo,1
2016-06-21T05:36:00,357150,Puyehue-Cordon Caulle,VIIRS375,0.2367,8.83,1,muy baja,2026-10-05T18:06:10,mirova-archivo,1
2016-06-22T05:18:00,357150,Puyehue-Cordon Caulle,VIIRS375,0.5791,8.19,1,muy baja,2026-10-05T18:06:10,mirova-archivo,1
2016-06-24T04:42:00,357150,Puyehue-Cordon Caulle,VIIRS375,0.1066,8.91,1,muy baja,2026-10-05T18:06:10,mirova-archivo,1
2016-06-24T06:24:00,357150,Puyehue-Cordon Caulle,VIIRS375,0.1096,8.83,1,muy baja,2026-10-05T18:06:10,mirova-archivo,1
2016-06-25T06:00:00,357150,Puyehue-Cordon Caulle,VIIRS375,0.6324,8.83,1,muy baja,2026-10-05T18:06:10,mirova-archivo,1
2016-06-26T05:42:00,357150,Puyehue-Cordon Caulle,VIIRS375,0.6985,8.83,1,muy baja,2026-10-05T18:06:10,mirova-archivo,1
2016-06-27T05:24:00,357150,Puyehue-Cordon Caulle,VIIRS375,0.581,8.83,1,muy baja,2026-10-05T18:06:10,mirova-archivo,1
2016-06-28T05:06:00,357150,Puyehue-Cordon Caulle,VIIRS375,0.7835,8.83,1,muy baja,2026-10-05T18:06:10,mirova-archivo,1
2016-06-28T06:48:00,357150,Puyehue-Cordon Caulle,VIIRS375,0.108,7.28,1,muy baja,2026-10-05T18:06:10,mirova-archivo,1
2016-06-30T06:06:00,357150,Puyehue-Cordon Caulle,VIIRS375,0.784,8.83,1,muy baja,2026-10-05T18:06:10,mirova-archivo,1
2016-07-01T05:48:00,357150,Puyehue-Cordon Caulle,VIIRS375,0.9603,8.83,1,muy baja,2026-10-05T18:06:10,mirova-archivo,1
2016-07-02T05:30:00,357150,Puyehue-Cordon Caulle,VIIRS375,0.4873,8.83,1,muy baja,2026-10-05T18:06:10,mirova-archivo,1
2016-07-03T05:12:00,357150,Puyehue-Cordon Caulle,VIIRS375,0.3243,8.83,1,muy baja,2026-10-05T18:06:10,mirova-archivo,1
2016-07-04T04:54:00,357150,Puyehue-Cordon Caulle,VIIRS375,0.9724,8.91,1,muy baja,2026-10-05T18:06:10,mirova-archivo,1
2016-07-04T06:36:00,357150,Puyehue-Cordon Caulle,VIIRS375,0.1753,8.83,1,muy baja,2026-10-05T18:06:10,mirova-archivo,1
2016-07-05T04:36:00,357150,Puyehue-Cordon Caulle,VIIRS375,0.2056,8.19,1,muy baja,2026-10-05T18:06:10,mirova-archivo,1
2016-07-06T05:54:00,357150,Puyehue-Cordon Caulle,VIIRS375,0.03872,7.73,1,muy baja,2026-10-05T18:06:10,mirova-archivo,1
2016-07-07T05:36:00,357150,Puyehue-Cordon Caulle,VIIRS375,0.08727,8.83,1,muy baja,2026-10-05T18:06:10,mirova-archivo,1
2016-07-16T06:06:00,357150,Puyehue-Cordon Caulle,VIIRS375,0.05009,7.73,1,muy baja,2026-10-05T18:06:10,mirova-archivo,1
2016-07-23T05:36:00,357150,Puyehue-Cordon Caulle,VIIRS375,1.288,8.91,1,baja,2026-10-05T18:06:10,mirova-archivo,1
2016-07-28T03:30:00,357150,Puyehue-Cordon Caulle,MODIS,0.3934,1.41,0,no volcanica,2026-10-05T18:06:10,mirova-archivo,0
2016-08-01T06:06:00,357150,Puyehue-Cordon Caulle,VIIRS375,0.06817,8.75,1,muy baja,2026-10-05T18:06:10,mirova-archivo,1
2016-08-02T05:48:00,357150,Puyehue-Cordon Caulle,VIIRS375,0.2009,8.39,1,muy baja,2026-10-05T18:06:10,mirova-archivo,1
2016-08-09T05:18:00,357150,Puyehue-Cordon Caulle,VIIRS375,0.9106,8.91,1,muy baja,2026-10-05T18:06:10,mirova-archivo,1
2016-08-10T05:00:00,357150,Puyehue-Cordon Caulle,VIIRS375,0.3774,8.10,1,muy baja,2026-10-05T18:06:10,mirova-archivo,1
2016-08-19T05:30:00,357150,Puyehue-Cordon Caulle,VIIRS375,0.0597,8.83,1,muy baja,2026-10-05T18:06:10,mirova-archivo,1
2016-08-20T05:12:00,357150,Puyehue-Cordon Caulle,VIIRS375,0.1274,8.83,1,muy baja,2026-10-05T18:06:10,mirova-archivo,1
2016-08-23T05:54:00,357150,Puyehue-Cordon Caulle,VIIRS375,0.8848,8.83,1,muy baja,2026-10-05T18:06:10,mirova-archivo,1
2016-08-24T05:36:00,357150,Puyehue-Cordon Caulle,VIIRS375,1.299,8.83,1,baja,2026-10-05T18:06:10,mirova-archivo,1
2016-08-26T05:00:00,357150,Puyehue-Cordon Caulle,VIIRS375,0.04082,8.83,1,muy baja,2026-10-05T18:06:10,mirova-archivo,1
2016-08-28T06:00:00,357150,Puyehue-Cordon Caulle,VIIRS375,0.05183,8.83,1,muy baja,2026-10-05T18:06:10,mirova-archivo,1
2016-09-02T06:06:00,357150,Puyehue-Cordon Caulle,VIIRS375,0.261,8.83,1,muy baja,2026-10-05T18:06:10,mirova-archivo,1
2016-09-03T05:48:00,357150,Puyehue-Cordon Caulle,VIIRS375,0.2983,8.83,1,muy baja,2026-10-05T18:06:10,mirova-archivo,1
2016-09-04T05:30:00,357150,Puyehue-Cordon Caulle,VIIRS375,0.09782,8.83,1,muy baja,2026-10-05T18:06:10,mirova-archivo,1
2016-09-05T05:12:00,357150,Puyehue-Cordon Caulle,VIIRS375,0.2924,8.83,1,muy baja,2026-10-05T18:06:10,mirova-archivo,1
2016-09-06T04:54:00,357150,Puyehue-Cordon Caulle,VIIRS375,0.611,8.83,1,muy baja,2026-10-05T18:06:10,mirova-archivo,1
2016-09-06T06:36:00,357150,Puyehue-Cordon Caulle,VIIRS375,0.7976,8.75,1,muy baja,2026-10-05T18:06:10,mirova-archivo,1
2016-09-10T05:18:00,357150,Puyehue-Cordon Caulle,VIIRS375,0.4647,8.83,1,muy baja,2026-10-05T18:06:10,mirova-archivo,1
2016-09-11T05:00:00,357150,Puyehue-Cordon Caulle,VIIRS375,0.1501,8.83,1,muy baja,2026-10-05T18:06:10,mirova-archivo,1
2016-09-11T06:42:00,357150,Puyehue-Cordon Caulle,VIIRS375,0.122,8.10,1,muy baja,2026-10-05T18:06:10,mirova-archivo,1
2016-09-14T05:42:00,357150,Puyehue-Cordon Caulle,VIIRS375,1.412,8.83,1,baja,2026-10-05T18:06:10,mirova-archivo,1
2016-09-15T05:24:00,357150,Puyehue-Cordon Caulle,VIIRS375,0.7075,8.75,1,muy baja,2026-10-05T18:06:10,mirova-archivo,1
2016-09-18T06:06:00,357150,Puyehue-Cordon Caulle,VIIRS375,0.09438,6.45,0,no volcanica,2026-10-05T18:06:10,mirova-archivo,0
2016-09-19T05:48:00,357150,Puyehue-Cordon Caulle,VIIRS375,0.1649,7.73,1,muy baja,2026-10-05T18:06:10,mirova-archivo,1
2016-09-22T04:54:00,357150,Puyehue-Cordon Caulle,VIIRS375,0.1548,8.10,1,muy baja,2026-10-05T18:06:10,mirova-archivo,1
2016-09-23T06:12:00,357150,Puyehue-Cordon Caulle,VIIRS375,0.2421,8.83,1,muy baja,2026-10-05T18:06:10,mirova-archivo,1
2016-09-24T05:54:00,357150,Puyehue-Cordon Caulle,VIIRS375,1.571,8.83,1,baja,2026-10-05T18:06:10,mirova-archivo,1
2016-09-25T05:36:00,357150,Puyehue-Cordon Caulle,VIIRS375,1.447,8.83,1,baja,2026-10-05T18:06:10,mirova-archivo,1
2016-09-26T05:18:00,357150,Puyehue-Cordon Caulle,VIIRS375,0.9132,8.83,1,muy baja,2026-10-05T18:06:10,mirova-archivo,1
2016-09-28T04:42:00,357150,Puyehue-Cordon Caulle,VIIRS375,0.9206,8.91,1,muy baja,2026-10-05T18:06:10,mirova-archivo,1
2016-09-29T06:00:00,357150,Puyehue-Cordon Caulle,VIIRS375,0.4604,8.83,1,muy baja,2026-10-05T18:06:10,mirova-archivo,1
2016-10-01T05:24:00,357150,Puyehue-Cordon Caulle,VIIRS375,0.353,8.83,1,muy baja,2026-10-05T18:06:10,mirova-archivo,1
2016-10-02T05:06:00,357150,Puyehue-Cordon Caulle,VIIRS375,0.218,8.83,1,muy baja,2026-10-05T18:06:10,mirova-archivo,1
2016-10-03T04:48:00,357150,Puyehue-Cordon Caulle,VIIRS375,0.5488,8.91,1,muy baja,2026-10-05T18:06:10,mirova-archivo,1
2016-10-05T05:48:00,357150,Puyehue-Cordon Caulle,VIIRS375,0.05599,7.73,1,muy baja,2026-10-05T18:06:10,mirova-archivo,1
2016-10-07T05:12:00,357150,Puyehue-Cordon Caulle,VIIRS375,0.5992,8.83,1,muy baja,2026-10-05T18:06:10,mirova-archivo,1
2016-10-08T04:54:00,357150,Puyehue-Cordon Caulle,VIIRS375,1.289,8.83,1,baja,2026-10-05T18:06:10,mirova-archivo,1
2016-10-08T06:36:00,357150,Puyehue-Cordon Caulle,VIIRS375,0.3352,8.46,1,muy baja,2026-10-05T18:06:10,mirova-archivo,1
2016-10-09T04:36:00,357150,Puyehue-Cordon Caulle,VIIRS375,0.4555,8.83,1,muy baja,2026-10-05T18:06:10,mirova-archivo,1
2016-10-09T06:12:00,357150,Puyehue-Cordon Caulle,VIIRS375,0.6118,8.83,1,muy baja,2026-10-05T18:06:10,mirova-archivo,1
2016-10-10T05:54:00,357150,Puyehue-Cordon Caulle,VIIRS375,1.183,8.83,1,baja,2026-10-05T18:06:10,mirova-archivo,1
2016-10-14T04:42:00,357150,Puyehue-Cordon Caulle,VIIRS375,0.03505,8.19,1,muy baja,2026-10-05T18:06:10,mirova-archivo,1
2016-10-20T04:30:00,357150,Puyehue-Cordon Caulle,VIIRS375,0.2077,8.91,1,muy baja,2026-10-05T18:06:10,mirova-archivo,1
2016-10-20T06:06:00,357150,Puyehue-Cordon Caulle,VIIRS375,1.154,8.83,1,baja,2026-10-05T18:06:10,mirova-archivo,1
2016-10-21T05:48:00,357150,Puyehue-Cordon Caulle,VIIRS375,2.105,22.66,0,no volcanica,2026-10-05T18:06:10,mirova-archivo,0
2016-10-22T05:30:00,357150,Puyehue-Cordon Caulle,VIIRS375,0.123,7.73,1,muy baja,2026-10-05T18:06:10,mirova-archivo,1
2016-10-25T06:12:00,357150,Puyehue-Cordon Caulle,VIIRS375,0.7941,8.83,1,muy baja,2026-10-05T18:06:10,mirova-archivo,1
2016-10-26T05:54:00,357150,Puyehue-Cordon Caulle,VIIRS375,0.8504,8.83,1,muy baja,2026-10-05T18:06:10,mirova-archivo,1
2016-10-27T05:36:00,357150,Puyehue-Cordon Caulle,VIIRS375,1.191,8.83,1,baja,2026-10-05T18:06:10,mirova-archivo,1
2016-10-28T05:18:00,357150,Puyehue-Cordon Caulle,VIIRS375,0.8466,8.19,1,muy baja,2026-10-05T18:06:10,mirova-archivo,1
2016-10-29T05:00:00,357150,Puyehue-Cordon Caulle,VIIRS375,0.664,8.83,1,muy baja,2026-10-05T18:06:10,mirova-archivo,1
2016-10-29T06:42:00,357150,Puyehue-Cordon Caulle,VIIRS375,0.2811,7.73,1,muy baja,2026-10-05T18:06:10,mirova-archivo,1
2016-10-30T04:42:00,357150,Puyehue-Cordon Caulle,VIIRS375,0.1919,8.83,1,muy baja,2026-10-05T18:06:10,mirova-archivo,1
2016-11-05T06:06:00,357150,Puyehue-Cordon Caulle,VIIRS375,0.4762,8.46,1,muy baja,2026-10-05T18:06:10,mirova-archivo,1
2016-11-07T05:30:00,357150,Puyehue-Cordon Caulle,VIIRS375,1.515,8.83,1,baja,2026-10-05T18:06:10,mirova-archivo,1
2016-11-09T04:54:00,357150,Puyehue-Cordon Caulle,VIIRS375,0.7161,8.83,1,muy baja,2026-10-05T18:06:10,mirova-archivo,1
2016-11-09T06:36:00,357150,Puyehue-Cordon Caulle,VIIRS375,0.1023,7.58,1,muy baja,2026-10-05T18:06:10,mirova-archivo,1
2016-11-11T05:54:00,357150,Puyehue-Cordon Caulle,VIIRS375,0.8556,8.83,1,muy baja,2026-10-05T18:06:10,mirova-archivo,1
2016-11-12T05:36:00,357150,Puyehue-Cordon Caulle,VIIRS375,0.9497,8.83,1,muy baja,2026-10-05T18:06:10,mirova-archivo,1
2016-11-13T05:18:00,357150,Puyehue-Cordon Caulle,VIIRS375,0.1076,8.83,1,muy baja,2026-10-05T18:06:10,mirova-archivo,1
2016-11-17T05:42:00,357150,Puyehue-Cordon Caulle,VIIRS375,1.583,8.83,1,baja,2026-10-05T18:06:10,mirova-archivo,1
2016-11-18T05:24:00,357150,Puyehue-Cordon Caulle,VIIRS375,0.5053,8.83,1,muy baja,2026-10-05T18:06:10,mirova-archivo,1
2016-11-19T05:06:00,357150,Puyehue-Cordon Caulle,VIIRS375,0.8861,8.83,1,muy baja,2026-10-05T18:06:10,mirova-archivo,1
2016-11-20T06:30:00,357150,Puyehue-Cordon Caulle,VIIRS375,0.05195,7.65,1,muy baja,2026-10-05T18:06:10,mirova-archivo,1
2016-11-21T06:06:00,357150,Puyehue-Cordon Caulle,VIIRS375,0.9415,8.83,1,muy baja,2026-10-05T18:06:10,mirova-archivo,1
2016-11-22T05:48:00,357150,Puyehue-Cordon Caulle,VIIRS375,1.348,8.39,1,baja,2026-10-05T18:06:10,mirova-archivo,1
2016-11-23T05:30:00,357150,Puyehue-Cordon Caulle,VIIRS375,0.9221,8.83,1,muy baja,2026-10-05T18:06:10,mirova-archivo,1
2016-11-24T05:12:00,357150,Puyehue-Cordon Caulle,VIIRS375,1.052,8.83,1,baja,2026-10-05T18:06:10,mirova-archivo,1
2016-11-25T06:36:00,357150,Puyehue-Cordon Caulle,VIIRS375,0.08224,7.28,1,muy baja,2026-10-05T18:06:10,mirova-archivo,1
2016-11-27T05:54:00,357150,Puyehue-Cordon Caulle,VIIRS375,0.3694,8.83,1,muy baja,2026-10-05T18:06:10,mirova-archivo,1
2016-11-28T05:36:00,357150,Puyehue-Cordon Caulle,VIIRS375,1.193,12.75,1,baja,2026-10-05T18:06:10,mirova-archivo,1
2016-11-29T05:18:00,357150,Puyehue-Cordon Caulle,VIIRS375,1.071,8.83,1,baja,2026-10-05T18:06:10,mirova-archivo,1
2016-11-30T05:00:00,357150,Puyehue-Cordon Caulle,VIIRS375,0.4261,8.83,1,muy baja,2026-10-05T18:06:10,mirova-archivo,1
2016-11-30T06:42:00,357150,Puyehue-Cordon Caulle,VIIRS375,0.3581,7.65,1,muy baja,2026-10-05T18:06:10,mirova-archivo,1
2016-12-02T06:00:00,357150,Puyehue-Cordon Caulle,VIIRS375,1.129,8.83,1,baja,2026-10-05T18:06:10,mirova-archivo,1
2016-12-03T05:42:00,357150,Puyehue-Cordon Caulle,VIIRS375,1.665,8.83,1,baja,2026-10-05T18:06:10,mirova-archivo,1
2016-12-04T05:24:00,357150,Puyehue-Cordon Caulle,VIIRS375,0.4006,8.83,1,muy baja,2026-10-05T18:06:10,mirova-archivo,1
2016-12-07T06:06:00,357150,Puyehue-Cordon Caulle,VIIRS375,0.4919,8.75,1,muy baja,2026-10-05T18:06:10,mirova-archivo,1
2016-12-08T05:48:00,357150,Puyehue-Cordon Caulle,VIIRS375,0.7669,8.83,1,muy baja,2026-10-05T18:06:10,mirova-archivo,1
2016-12-09T05:30:00,357150,Puyehue-Cordon Caulle,VIIRS375,1.037,8.83,1,baja,2026-10-05T18:06:10,mirova-archivo,1
2016-12-14T05:36:00,357150,Puyehue-Cordon Caulle,VIIRS375,1.097,8.83,1,baja,2026-10-05T18:06:10,mirova-archivo,1
2016-12-15T05:18:00,357150,Puyehue-Cordon Caulle,VIIRS375,1.163,8.91,1,baja,2026-10-05T18:06:10,mirova-archivo,1
2016-12-16T05:00:00,357150,Puyehue-Cordon Caulle,VIIRS375,0.03977,8.83,1,muy baja,2026-10-05T18:06:10,mirova-archivo,1
2016-12-18T06:00:00,357150,Puyehue-Cordon Caulle,VIIRS375,0.8038,8.39,1,muy baja,2026-10-05T18:06:10,mirova-archivo,1
2016-12-19T05:42:00,357150,Puyehue-Cordon Caulle,VIIRS375,1.312,8.83,1,baja,2026-10-05T18:06:10,mirova-archivo,1
2016-12-22T06:30:00,357150,Puyehue-Cordon Caulle,VIIRS375,0.1885,8.75,1,muy baja,2026-10-05T18:06:10,mirova-archivo,1
2016-12-23T06:06:00,357150,Puyehue-Cordon Caulle,VIIRS375,0.1952,8.83,1,muy baja,2026-10-05T18:06:10,mirova-archivo,1
2016-12-26T05:12:00,357150,Puyehue-Cordon Caulle,VIIRS375,0.1301,8.83,1,muy baja,2026-10-05T18:06:10,mirova-archivo,1
2016-12-27T06:36:00,357150,Puyehue-Cordon Caulle,VIIRS375,0.2341,7.65,1,muy baja,2026-10-05T18:06:10,mirova-archivo,1
2016-12-28T04:36:00,357150,Puyehue-Cordon Caulle,VIIRS375,0.104,8.91,1,muy baja,2026-10-05T18:06:10,mirova-archivo,1
2016-12-28T06:12:00,357150,Puyehue-Cordon Caulle,VIIRS375,0.795,8.83,1,muy baja,2026-10-05T18:06:10,mirova-archivo,1
2016-12-29T05:54:00,357150,Puyehue-Cordon Caulle,VIIRS375,0.8244,8.83,1,muy baja,2026-10-05T18:06:10,mirova-archivo,1
2016-12-30T05:36:00,357150,Puyehue-Cordon Caulle,VIIRS375,0.6157,8.83,1,muy baja,2026-10-05T18:06:10,mirova-archivo,1
2017-01-01T05:00:00,357150,Puyehue-Cordon Caulle,VIIRS375,0.2119,8.91,1,muy baja,2026-10-05T18:06:10,mirova-archivo,1
2017-01-02T04:42:00,357150,Puyehue-Cordon Caulle,VIIRS375,0.1313,8.83,1,muy baja,2026-10-05T18:06:10,mirova-archivo,1
2017-01-06T05:06:00,357150,Puyehue-Cordon Caulle,VIIRS375,0.8623,8.83,1,muy baja,2026-10-05T18:06:10,mirova-archivo,1
2017-01-11T05:12:00,357150,Puyehue-Cordon Caulle,VIIRS375,0.1569,8.83,1,muy baja,2026-10-05T18:06:10,mirova-archivo,1
2017-01-14T05:54:00,357150,Puyehue-Cordon Caulle,VIIRS375,0.04796,8.39,1,muy baja,2026-10-05T18:06:10,mirova-archivo,1
2017-01-15T05:36:00,357150,Puyehue-Cordon Caulle,VIIRS375,0.81,8.83,1,muy baja,2026-10-05T18:06:10,mirova-archivo,1
2017-01-16T05:18:00,357150,Puyehue-Cordon Caulle,VIIRS375,0.09895,8.83,1,muy baja,2026-10-05T18:06:10,mirova-archivo,1
2017-01-17T05:00:00,357150,Puyehue-Cordon Caulle,VIIRS375,0.1014,8.83,1,muy baja,2026-10-05T18:06:10,mirova-archivo,1
2017-01-17T06:42:00,357150,Puyehue-Cordon Caulle,VIIRS375,0.09662,7.28,1,muy baja,2026-10-05T18:06:10,mirova-archivo,1
2017-01-18T06:18:00,357150,Puyehue-Cordon Caulle,VIIRS375,0.1221,7.73,1,muy baja,2026-10-05T18:06:10,mirova-archivo,1
2017-01-19T06:00:00,357150,Puyehue-Cordon Caulle,VIIRS375,0.345,8.83,1,muy baja,2026-10-05T18:06:10,mirova-archivo,1
2017-01-20T05:42:00,357150,Puyehue-Cordon Caulle,VIIRS375,0.3183,8.83,1,muy baja,2026-10-05T18:06:10,mirova-archivo,1
2017-01-21T05:24:00,357150,Puyehue-Cordon Caulle,VIIRS375,0.275,8.83,1,muy baja,2026-10-05T18:06:10,mirova-archivo,1
2017-01-22T05:06:00,357150,Puyehue-Cordon Caulle,VIIRS375,1.174,8.83,1,baja,2026-10-05T18:06:10,mirova-archivo,1
2017-01-23T06:30:00,357150,Puyehue-Cordon Caulle,VIIRS375,0.3875,2.25,0,no volcanica,2026-10-05T18:06:10,mirova-archivo,0
2017-01-25T05:48:00,357150,Puyehue-Cordon Caulle,VIIRS375,1.131,8.39,1,baja,2026-10-05T18:06:10,mirova-archivo,1
2017-01-26T05:30:00,357150,Puyehue-Cordon Caulle,VIIRS375,0.8471,8.83,1,muy baja,2026-10-05T18:06:10,mirova-archivo,1
2017-01-27T05:12:00,357150,Puyehue-Cordon Caulle,VIIRS375,0.1315,6.18,1,muy baja,2026-10-05T18:06:10,mirova-archivo,1
2017-01-28T04:54:00,357150,Puyehue-Cordon Caulle,VIIRS375,0.3198,8.83,1,muy baja,2026-10-05T18:06:10,mirova-archivo,1
2017-01-29T06:12:00,357150,Puyehue-Cordon Caulle,VIIRS375,0.5334,8.75,1,muy baja,2026-10-05T18:06:10,mirova-archivo,1
2017-01-31T05:36:00,357150,Puyehue-Cordon Caulle,VIIRS375,0.7444,8.83,1,muy baja,2026-10-05T18:06:10,mirova-archivo,1
2017-02-01T05:18:00,357150,Puyehue-Cordon Caulle,VIIRS375,1.324,8.83,1,baja,2026-10-05T18:06:10,mirova-archivo,1
2017-02-02T05:00:00,357150,Puyehue-Cordon Caulle,VIIRS375,0.5125,8.83,1,muy baja,2026-10-05T18:06:10,mirova-archivo,1
2017-02-05T05:42:00,357150,Puyehue-Cordon Caulle,VIIRS375,1.369,8.83,1,baja,2026-10-05T18:06:10,mirova-archivo,1
2017-02-06T05:24:00,357150,Puyehue-Cordon Caulle,VIIRS375,1.623,8.83,1,baja,2026-10-05T18:06:10,mirova-archivo,1
2017-02-07T05:06:00,357150,Puyehue-Cordon Caulle,VIIRS375,1.17,8.83,1,baja,2026-10-05T18:06:10,mirova-archivo,1
2017-02-07T06:48:00,357150,Puyehue-Cordon Caulle,VIIRS375,0.1699,7.65,1,muy baja,2026-10-05T18:06:10,mirova-archivo,1
2017-02-10T05:48:00,357150,Puyehue-Cordon Caulle,VIIRS375,1.535,8.83,1,baja,2026-10-05T18:06:10,mirova-archivo,1
2017-02-11T05:30:00,357150,Puyehue-Cordon Caulle,VIIRS375,0.8786,8.83,1,muy baja,2026-10-05T18:06:10,mirova-archivo,1
2017-02-12T05:12:00,357150,Puyehue-Cordon Caulle,VIIRS375,0.5462,8.83,1,muy baja,2026-10-05T18:06:10,mirova-archivo,1
2017-02-12T06:54:00,357150,Puyehue-Cordon Caulle,VIIRS375,0.3722,8.02,1,muy baja,2026-10-05T18:06:10,mirova-archivo,1
2017-02-13T04:54:00,357150,Puyehue-Cordon Caulle,VIIRS375,1.1,8.83,1,baja,2026-10-05T18:06:10,mirova-archivo,1
2017-02-13T06:36:00,357150,Puyehue-Cordon Caulle,VIIRS375,0.4689,7.65,1,muy baja,2026-10-05T18:06:10,mirova-archivo,1
2017-02-14T04:36:00,357150,Puyehue-Cordon Caulle,VIIRS375,0.09124,8.91,1,muy baja,2026-10-05T18:06:10,mirova-archivo,1
2017-02-14T06:12:00,357150,Puyehue-Cordon Caulle,VIIRS375,0.9083,8.83,1,muy baja,2026-10-05T18:06:10,mirova-archivo,1
2017-02-23T05:06:00,357150,Puyehue-Cordon Caulle,VIIRS375,0.9826,8.83,1,muy baja,2026-10-05T18:06:10,mirova-archivo,1
2017-02-23T06:48:00,357150,Puyehue-Cordon Caulle,VIIRS375,0.1429,7.58,1,muy baja,2026-10-05T18:06:10,mirova-archivo,1
2017-02-24T04:48:00,357150,Puyehue-Cordon Caulle,VIIRS375,0.4683,8.83,1,muy baja,2026-10-05T18:06:10,mirova-archivo,1
2017-02-24T06:24:00,357150,Puyehue-Cordon Caulle,VIIRS375,0.1999,8.39,1,muy baja,2026-10-05T18:06:10,mirova-archivo,1
2017-02-25T06:06:00,357150,Puyehue-Cordon Caulle,VIIRS375,0.5939,8.39,1,muy baja,2026-10-05T18:06:10,mirova-archivo,1
2017-02-26T05:48:00,357150,Puyehue-Cordon Caulle,VIIRS375,1.314,8.83,1,baja,2026-10-05T18:06:10,mirova-archivo,1
2017-02-27T05:30:00,357150,Puyehue-Cordon Caulle,VIIRS375,1.056,8.83,1,baja,2026-10-05T18:06:10,mirova-archivo,1
2017-02-28T05:12:00,357150,Puyehue-Cordon Caulle,VIIRS375,0.4077,8.83,1,muy baja,2026-10-05T18:06:10,mirova-archivo,1
2017-03-01T04:54:00,357150,Puyehue-Cordon Caulle,VIIRS375,0.1004,7.73,1,muy baja,2026-10-05T18:06:10,mirova-archivo,1
2017-03-03T05:54:00,357150,Puyehue-Cordon Caulle,VIIRS375,0.2581,8.83,1,muy baja,2026-10-05T18:06:10,mirova-archivo,1
2017-03-04T05:36:00,357150,Puyehue-Cordon Caulle,VIIRS375,1.249,8.83,1,baja,2026-10-05T18:06:10,mirova-archivo,1
2017-03-05T05:18:00,357150,Puyehue-Cordon Caulle,VIIRS375,0.4652,8.75,1,muy baja,2026-10-05T18:06:10,mirova-archivo,1
2017-03-06T05:00:00,357150,Puyehue-Cordon Caulle,VIIRS375,0.1548,8.83,0,no volcanica,2026-10-05T18:06:10,mirova-archivo,0
2017-03-06T06:42:00,357150,Puyehue-Cordon Caulle,VIIRS375,0.1697,7.65,1,muy baja,2026-10-05T18:06:10,mirova-archivo,1
2017-03-07T04:42:00,357150,Puyehue-Cordon Caulle,VIIRS375,0.1496,8.55,1,muy baja,2026-10-05T18:06:10,mirova-archivo,1
2017-03-07T06:18:00,357150,Puyehue-Cordon Caulle,VIIRS375,0.7204,8.46,1,muy baja,2026-10-05T18:06:10,mirova-archivo,1
2017-03-13T04:30:00,357150,Puyehue-Cordon Caulle,VIIRS375,0.06978,7.95,1,muy baja,2026-10-05T18:06:10,mirova-archivo,1
2017-03-15T05:30:00,357150,Puyehue-Cordon Caulle,VIIRS375,0.9025,8.83,1,muy baja,2026-10-05T18:06:10,mirova-archivo,1
2017-03-16T05:12:00,357150,Puyehue-Cordon Caulle,VIIRS375,0.8323,8.83,1,muy baja,2026-10-05T18:06:10,mirova-archivo,1
2017-03-17T04:54:00,357150,Puyehue-Cordon Caulle,VIIRS375,1.215,8.83,1,baja,2026-10-05T18:06:10,mirova-archivo,1
2017-03-17T06:30:00,357150,Puyehue-Cordon Caulle,VIIRS375,0.5878,8.75,1,muy baja,2026-10-05T18:06:10,mirova-archivo,1
2017-03-18T04:36:00,357150,Puyehue-Cordon Caulle,VIIRS375,0.5385,8.55,1,muy baja,2026-10-05T18:06:10,mirova-archivo,1
2017-03-18T06:12:00,357150,Puyehue-Cordon Caulle,VIIRS375,0.3639,8.83,1,muy baja,2026-10-05T18:06:10,mirova-archivo,1
2017-03-19T05:54:00,357150,Puyehue-Cordon Caulle,VIIRS375,1.15,8.83,1,baja,2026-10-05T18:06:10,mirova-archivo,1
2017-03-20T05:36:00,357150,Puyehue-Cordon Caulle,VIIRS375,1.73,8.83,1,baja,2026-10-05T18:06:10,mirova-archivo,1
2017-03-21T05:18:00,357150,Puyehue-Cordon Caulle,VIIRS375,0.4842,8.83,1,muy baja,2026-10-05T18:06:10,mirova-archivo,1
2017-03-22T05:00:00,357150,Puyehue-Cordon Caulle,VIIRS375,0.4198,8.83,1,muy baja,2026-10-05T18:06:10,mirova-archivo,1
2017-03-22T06:42:00,357150,Puyehue-Cordon Caulle,VIIRS375,0.4708,7.65,1,muy baja,2026-10-05T18:06:10,mirova-archivo,1
2017-03-23T06:18:00,357150,Puyehue-Cordon Caulle,VIIRS375,0.4259,7.73,1,muy baja,2026-10-05T18:06:10,mirova-archivo,1
2017-03-24T06:00:00,357150,Puyehue-Cordon Caulle,VIIRS375,0.5247,7.83,1,muy baja,2026-10-05T18:06:10,mirova-archivo,1
2017-03-27T05:06:00,357150,Puyehue-Cordon Caulle,VIIRS375,0.1472,8.83,1,muy baja,2026-10-05T18:06:10,mirova-archivo,1
2017-03-28T04:48:00,357150,Puyehue-Cordon Caulle,VIIRS375,0.2648,8.19,1,muy baja,2026-10-05T18:06:10,mirova-archivo,1
2017-03-31T05:30:00,357150,Puyehue-Cordon Caulle,VIIRS375,0.6369,8.83,1,muy baja,2026-10-05T18:06:10,mirova-archivo,1
2017-04-10T05:42:00,357150,Puyehue-Cordon Caulle,VIIRS375,0.7152,8.83,1,muy baja,2026-10-05T18:06:10,mirova-archivo,1
2017-04-11T05:24:00,357150,Puyehue-Cordon Caulle,VIIRS375,0.2395,8.83,1,muy baja,2026-10-05T18:06:10,mirova-archivo,1
2017-04-12T05:06:00,357150,Puyehue-Cordon Caulle,VIIRS375,0.4841,8.83,1,muy baja,2026-10-05T18:06:10,mirova-archivo,1
2017-04-13T04:48:00,357150,Puyehue-Cordon Caulle,VIIRS375,0.5535,8.83,1,muy baja,2026-10-05T18:06:10,mirova-archivo,1
2017-04-13T06:24:00,357150,Puyehue-Cordon Caulle,VIIRS375,1.15,8.10,1,baja,2026-10-05T18:06:10,mirova-archivo,1
2017-04-14T04:30:00,357150,Puyehue-Cordon Caulle,VIIRS375,0.1838,8.91,1,muy baja,2026-10-05T18:06:10,mirova-archivo,1
2017-04-14T06:06:00,357150,Puyehue-Cordon Caulle,VIIRS375,0.7268,8.83,1,muy baja,2026-10-05T18:06:10,mirova-archivo,1
2017-04-15T05:48:00,357150,Puyehue-Cordon Caulle,VIIRS375,0.193,8.83,1,muy baja,2026-10-05T18:06:10,mirova-archivo,1
2017-04-16T05:30:00,357150,Puyehue-Cordon Caulle,VIIRS375,0.1363,8.83,1,muy baja,2026-10-05T18:06:10,mirova-archivo,1
2017-04-17T05:12:00,357150,Puyehue-Cordon Caulle,VIIRS375,0.4983,8.83,1,muy baja,2026-10-05T18:06:10,mirova-archivo,1
2017-04-18T04:54:00,357150,Puyehue-Cordon Caulle,VIIRS375,0.7649,8.83,1,muy baja,2026-10-05T18:06:10,mirova-archivo,1
2017-04-18T06:30:00,357150,Puyehue-Cordon Caulle,VIIRS375,0.4349,8.75,1,muy baja,2026-10-05T18:06:10,mirova-archivo,1
2017-04-26T05:42:00,357150,Puyehue-Cordon Caulle,VIIRS375,0.2529,15.54,0,no volcanica,2026-10-05T18:06:10,mirova-archivo,0
2017-04-29T06:24:00,357150,Puyehue-Cordon Caulle,VIIRS375,0.5133,8.75,1,muy baja,2026-10-05T18:06:10,mirova-archivo,1
2017-05-01T05:48:00,357150,Puyehue-Cordon Caulle,VIIRS375,0.5821,8.75,1,muy baja,2026-10-05T18:06:10,mirova-archivo,1
2017-05-03T05:12:00,357150,Puyehue-Cordon Caulle,VIIRS375,0.1993,8.83,1,muy baja,2026-10-05T18:06:10,mirova-archivo,1
2017-05-09T05:00:00,357150,Puyehue-Cordon Caulle,VIIRS375,0.1668,8.83,1,muy baja,2026-10-05T18:06:10,mirova-archivo,1
2017-05-09T06:42:00,357150,Puyehue-Cordon Caulle,VIIRS375,0.4887,8.02,1,muy baja,2026-10-05T18:06:10,mirova-archivo,1
2017-05-10T04:42:00,357150,Puyehue-Cordon Caulle,VIIRS375,0.04825,8.83,1,muy baja,2026-10-05T18:06:10,mirova-archivo,1
2017-05-10T06:18:00,357150,Puyehue-Cordon Caulle,VIIRS375,0.2555,8.10,1,muy baja,2026-10-05T18:06:10,mirova-archivo,1
2017-05-15T04:48:00,357150,Puyehue-Cordon Caulle,VIIRS375,0.146,8.83,1,muy baja,2026-10-05T18:06:10,mirova-archivo,1
2017-05-18T05:30:00,357150,Puyehue-Cordon Caulle,VIIRS375,0.4048,8.83,1,muy baja,2026-10-05T18:06:10,mirova-archivo,1
2017-05-19T05:12:00,357150,Puyehue-Cordon Caulle,VIIRS375,0.8197,8.83,1,muy baja,2026-10-05T18:06:10,mirova-archivo,1
2017-05-19T06:54:00,357150,Puyehue-Cordon Caulle,VIIRS375,0.2482,7.65,1,muy baja,2026-10-05T18:06:10,mirova-archivo,1
2017-05-20T04:54:00,357150,Puyehue-Cordon Caulle,VIIRS375,0.5256,8.83,1,muy baja,2026-10-05T18:06:10,mirova-archivo,1
2017-05-23T05:36:00,357150,Puyehue-Cordon Caulle,VIIRS375,0.6398,14.84,0,no volcanica,2026-10-05T18:06:10,mirova-archivo,0
2017-05-24T05:18:00,357150,Puyehue-Cordon Caulle,VIIRS375,0.4198,8.83,1,muy baja,2026-10-05T18:06:10,mirova-archivo,1
2017-05-25T05:00:00,357150,Puyehue-Cordon Caulle,VIIRS375,0.1638,8.75,1,muy baja,2026-10-05T18:06:10,mirova-archivo,1
2017-05-27T06:00:00,357150,Puyehue-Cordon Caulle,VIIRS375,0.8572,8.83,1,muy baja,2026-10-05T18:06:10,mirova-archivo,1
2017-05-28T05:42:00,357150,Puyehue-Cordon Caulle,VIIRS375,1.345,8.83,1,baja,2026-10-05T18:06:10,mirova-archivo,1
2017-05-29T05:24:00,357150,Puyehue-Cordon Caulle,VIIRS375,1.055,8.83,1,baja,2026-10-05T18:06:10,mirova-archivo,1
2017-05-30T05:06:00,357150,Puyehue-Cordon Caulle,VIIRS375,1.095,8.83,1,baja,2026-10-05T18:06:10,mirova-archivo,1
2017-05-30T06:48:00,357150,Puyehue-Cordon Caulle,VIIRS375,0.1385,7.21,1,muy baja,2026-10-05T18:06:10,mirova-archivo,1
2017-06-02T05:48:00,357150,Puyehue-Cordon Caulle,VIIRS375,0.2013,7.83,1,muy baja,2026-10-05T18:06:10,mirova-archivo,1
2017-06-19T05:30:00,357150,Puyehue-Cordon Caulle,VIIRS375,0.561,8.83,1,muy baja,2026-10-05T18:06:10,mirova-archivo,1
2017-06-28T06:00:00,357150,Puyehue-Cordon Caulle,VIIRS375,0.2483,7.73,1,muy baja,2026-10-05T18:06:10,mirova-archivo,1
2017-07-02T04:48:00,357150,Puyehue-Cordon Caulle,VIIRS375,0.7161,8.83,1,muy baja,2026-10-05T18:06:10,mirova-archivo,1
2017-07-02T06:24:00,357150,Puyehue-Cordon Caulle,VIIRS375,0.1562,8.39,1,muy baja,2026-10-05T18:06:10,mirova-archivo,1
2017-07-03T06:06:00,357150,Puyehue-Cordon Caulle,VIIRS375,0.1121,7.83,1,muy baja,2026-10-05T18:06:10,mirova-archivo,1
2017-07-05T05:30:00,357150,Puyehue-Cordon Caulle,VIIRS375,0.2191,8.83,1,muy baja,2026-10-05T18:06:10,mirova-archivo,1
2017-07-06T05:12:00,357150,Puyehue-Cordon Caulle,VIIRS375,0.7519,8.83,1,muy baja,2026-10-05T18:06:10,mirova-archivo,1
2017-07-07T04:54:00,357150,Puyehue-Cordon Caulle,VIIRS375,0.7971,8.83,1,muy baja,2026-10-05T18:06:10,mirova-archivo,1
2017-07-07T06:30:00,357150,Puyehue-Cordon Caulle,VIIRS375,1.044,8.02,1,baja,2026-10-05T18:06:10,mirova-archivo,1
2017-07-08T04:36:00,357150,Puyehue-Cordon Caulle,VIIRS375,0.1122,8.91,1,muy baja,2026-10-05T18:06:10,mirova-archivo,1
2017-07-10T05:36:00,357150,Puyehue-Cordon Caulle,VIIRS375,0.1526,8.83,1,muy baja,2026-10-05T18:06:10,mirova-archivo,1
2017-07-11T05:18:00,357150,Puyehue-Cordon Caulle,VIIRS375,1.74,8.83,1,baja,2026-10-05T18:06:10,mirova-archivo,1
2017-07-15T05:42:00,357150,Puyehue-Cordon Caulle,VIIRS375,0.06036,7.73,1,muy baja,2026-10-05T18:06:10,mirova-archivo,1
2017-07-16T05:24:00,357150,Puyehue-Cordon Caulle,VIIRS375,1.169,8.83,1,baja,2026-10-05T18:06:10,mirova-archivo,1
2017-07-17T05:06:00,357150,Puyehue-Cordon Caulle,VIIRS375,0.3407,8.83,1,muy baja,2026-10-05T18:06:10,mirova-archivo,1
2017-07-18T04:48:00,357150,Puyehue-Cordon Caulle,VIIRS375,0.4272,8.83,1,muy baja,2026-10-05T18:06:10,mirova-archivo,1
2017-07-18T06:24:00,357150,Puyehue-Cordon Caulle,VIIRS375,0.8954,8.75,1,muy baja,2026-10-05T18:06:10,mirova-archivo,1
2017-07-19T06:06:00,357150,Puyehue-Cordon Caulle,VIIRS375,0.1249,8.75,1,muy baja,2026-10-05T18:06:10,mirova-archivo,1
2017-07-25T05:54:00,357150,Puyehue-Cordon Caulle,VIIRS375,0.07868,7.73,1,muy baja,2026-10-05T18:06:10,mirova-archivo,1
2017-07-26T05:36:00,357150,Puyehue-Cordon Caulle,VIIRS375,0.182,8.30,1,muy baja,2026-10-05T18:06:10,mirova-archivo,1
2017-07-30T06:00:00,357150,Puyehue-Cordon Caulle,VIIRS375,0.8113,8.91,1,muy baja,2026-10-05T18:06:10,mirova-archivo,1
2017-07-31T05:42:00,357150,Puyehue-Cordon Caulle,VIIRS375,0.2929,8.10,1,muy baja,2026-10-05T18:06:10,mirova-archivo,1
2017-08-01T05:24:00,357150,Puyehue-Cordon Caulle,VIIRS375,1.525,8.83,1,baja,2026-10-05T18:06:10,mirova-archivo,1
2017-08-02T05:06:00,357150,Puyehue-Cordon Caulle,VIIRS375,2.252,8.91,1,baja,2026-10-05T18:06:10,mirova-archivo,1
2017-08-02T06:48:00,357150,Puyehue-Cordon Caulle,VIIRS375,0.8528,8.83,1,muy baja,2026-10-05T18:06:10,mirova-archivo,1
2017-08-03T04:48:00,357150,Puyehue-Cordon Caulle,VIIRS375,0.878,8.83,1,muy baja,2026-10-05T18:06:10,mirova-archivo,1
2017-08-03T06:24:00,357150,Puyehue-Cordon Caulle,VIIRS375,0.5724,8.75,1,muy baja,2026-10-05T18:06:10,mirova-archivo,1
2017-08-04T04:30:00,357150,Puyehue-Cordon Caulle,VIIRS375,1.227,8.91,1,baja,2026-10-05T18:06:10,mirova-archivo,1
2017-08-04T06:06:00,357150,Puyehue-Cordon Caulle,VIIRS375,1.494,8.83,1,baja,2026-10-05T18:06:10,mirova-archivo,1
2017-08-16T05:42:00,357150,Puyehue-Cordon Caulle,VIIRS375,0.4036,8.10,1,muy baja,2026-10-05T18:06:10,mirova-archivo,1
2017-08-21T05:48:00,357150,Puyehue-Cordon Caulle,VIIRS375,0.856,8.83,1,muy baja,2026-10-05T18:06:10,mirova-archivo,1
2017-08-25T06:12:00,357150,Puyehue-Cordon Caulle,VIIRS375,0.1502,7.83,1,muy baja,2026-10-05T18:06:10,mirova-archivo,1
2017-08-28T05:18:00,357150,Puyehue-Cordon Caulle,VIIRS375,0.2073,8.83,1,muy baja,2026-10-05T18:06:10,mirova-archivo,1
2017-08-29T05:00:00,357150,Puyehue-Cordon Caulle,VIIRS375,0.2386,8.19,1,muy baja,2026-10-05T18:06:10,mirova-archivo,1
2017-08-30T06:18:00,357150,Puyehue-Cordon Caulle,VIIRS375,1.536,8.30,1,baja,2026-10-05T18:06:10,mirova-archivo,1
2017-09-03T05:06:00,357150,Puyehue-Cordon Caulle,VIIRS375,0.6943,8.83,1,muy baja,2026-10-05T18:06:10,mirova-archivo,1
2017-09-04T04:48:00,357150,Puyehue-Cordon Caulle,VIIRS375,1.279,8.83,1,baja,2026-10-05T18:06:10,mirova-archivo,1
2017-09-07T05:30:00,357150,Puyehue-Cordon Caulle,VIIRS375,0.6172,8.83,1,muy baja,2026-10-05T18:06:10,mirova-archivo,1
2017-09-09T04:54:00,357150,Puyehue-Cordon Caulle,VIIRS375,1.748,8.83,1,baja,2026-10-05T18:06:10,mirova-archivo,1
2017-09-09T06:36:00,357150,Puyehue-Cordon Caulle,VIIRS375,1.575,8.39,1,baja,2026-10-05T18:06:10,mirova-archivo,1
2017-09-10T04:36:00,357150,Puyehue-Cordon Caulle,VIIRS375,1.189,8.91,1,baja,2026-10-05T18:06:10,mirova-archivo,1
2017-09-10T06:12:00,357150,Puyehue-Cordon Caulle,VIIRS375,1.737,8.91,1,baja,2026-10-05T18:06:10,mirova-archivo,1
2017-09-12T05:36:00,357150,Puyehue-Cordon Caulle,VIIRS750,5.303,8.55,1,baja,2026-10-05T18:06:10,mirova-archivo,1
2017-09-13T05:18:00,357150,Puyehue-Cordon Caulle,VIIRS375,1.331,8.83,1,baja,2026-10-05T18:06:10,mirova-archivo,1
2017-09-15T04:42:00,357150,Puyehue-Cordon Caulle,VIIRS375,0.3918,8.91,1,muy baja,2026-10-05T18:06:10,mirova-archivo,1
2017-09-16T06:00:00,357150,Puyehue-Cordon Caulle,VIIRS375,1.358,8.83,1,baja,2026-10-05T18:06:10,mirova-archivo,1
2017-09-17T05:42:00,357150,Puyehue-Cordon Caulle,VIIRS750,6.04,8.55,1,baja,2026-10-05T18:06:10,mirova-archivo,1
2017-09-18T05:24:00,357150,Puyehue-Cordon Caulle,VIIRS375,1.498,8.83,1,baja,2026-10-05T18:06:10,mirova-archivo,1
2017-09-21T04:30:00,357150,Puyehue-Cordon Caulle,VIIRS375,0.084,7.95,1,muy baja,2026-10-05T18:06:10,mirova-archivo,1
2017-09-21T06:06:00,357150,Puyehue-Cordon Caulle,VIIRS375,1.094,8.83,1,baja,2026-10-05T18:06:10,mirova-archivo,1
2017-09-23T05:30:00,357150,Puyehue-Cordon Caulle,VIIRS375,1.562,8.83,1,baja,2026-10-05T18:06:10,mirova-archivo,1
2017-09-25T04:54:00,357150,Puyehue-Cordon Caulle,VIIRS375,0.1063,8.83,1,muy baja,2026-10-05T18:06:10,mirova-archivo,1
2017-09-26T04:36:00,357150,Puyehue-Cordon Caulle,VIIRS375,0.3688,8.91,1,muy baja,2026-10-05T18:06:10,mirova-archivo,1
2017-09-26T06:12:00,357150,Puyehue-Cordon Caulle,VIIRS375,1.941,8.83,1,baja,2026-10-05T18:06:10,mirova-archivo,1
2017-09-27T05:54:00,357150,Puyehue-Cordon Caulle,VIIRS375,2.892,8.83,1,baja,2026-10-05T18:06:10,mirova-archivo,1
2017-09-28T05:36:00,357150,Puyehue-Cordon Caulle,VIIRS375,0.9539,8.75,1,muy baja,2026-10-05T18:06:10,mirova-archivo,1
2017-10-07T04:30:00,357150,Puyehue-Cordon Caulle,VIIRS375,0.6906,8.91,1,muy baja,2026-10-05T18:06:10,mirova-archivo,1
2017-10-07T06:06:00,357150,Puyehue-Cordon Caulle,VIIRS375,0.4562,8.02,1,muy baja,2026-10-05T18:06:10,mirova-archivo,1
2017-10-11T06:36:00,357150,Puyehue-Cordon Caulle,VIIRS375,0.1504,7.73,1,muy baja,2026-10-05T18:06:10,mirova-archivo,1
2017-10-12T04:36:00,357150,Puyehue-Cordon Caulle,VIIRS375,0.5657,8.83,1,muy baja,2026-10-05T18:06:10,mirova-archivo,1
2017-10-12T06:12:00,357150,Puyehue-Cordon Caulle,VIIRS375,1.63,8.83,1,baja,2026-10-05T18:06:10,mirova-archivo,1
2017-10-13T05:54:00,357150,Puyehue-Cordon Caulle,VIIRS375,1.495,8.83,1,baja,2026-10-05T18:06:10,mirova-archivo,1
2017-10-14T05:36:00,357150,Puyehue-Cordon Caulle,VIIRS375,0.04953,8.46,1,muy baja,2026-10-05T18:06:10,mirova-archivo,1
2017-10-15T05:18:00,357150,Puyehue-Cordon Caulle,VIIRS375,1.764,8.83,1,baja,2026-10-05T18:06:10,mirova-archivo,1
2017-10-19T05:42:00,357150,Puyehue-Cordon Caulle,VIIRS375,0.5042,8.10,1,muy baja,2026-10-05T18:06:10,mirova-archivo,1
2017-10-21T05:06:00,357150,Puyehue-Cordon Caulle,VIIRS375,0.209,8.19,1,muy baja,2026-10-05T18:06:10,mirova-archivo,1
2017-10-21T06:48:00,357150,Puyehue-Cordon Caulle,VIIRS375,0.2715,8.02,1,muy baja,2026-10-05T18:06:10,mirova-archivo,1
2017-10-22T04:48:00,357150,Puyehue-Cordon Caulle,VIIRS375,1.811,8.91,1,baja,2026-10-05T18:06:10,mirova-archivo,1
2017-10-22T06:30:00,357150,Puyehue-Cordon Caulle,VIIRS375,1.377,8.02,1,baja,2026-10-05T18:06:10,mirova-archivo,1
2017-10-26T05:12:00,357150,Puyehue-Cordon Caulle,VIIRS375,0.03772,3.46,0,no volcanica,2026-10-05T18:06:10,mirova-archivo,0
2017-11-03T06:00:00,357150,Puyehue-Cordon Caulle,VIIRS375,0.09664,7.65,1,muy baja,2026-10-05T18:06:10,mirova-archivo,1
2017-11-04T05:42:00,357150,Puyehue-Cordon Caulle,VIIRS375,1.253,8.83,1,baja,2026-10-05T18:06:10,mirova-archivo,1
2017-11-06T05:06:00,357150,Puyehue-Cordon Caulle,VIIRS375,0.2133,8.83,1,muy baja,2026-10-05T18:06:10,mirova-archivo,1
2017-11-06T06:48:00,357150,Puyehue-Cordon Caulle,VIIRS375,0.3275,8.02,1,muy baja,2026-10-05T18:06:10,mirova-archivo,1
2017-11-08T06:06:00,357150,Puyehue-Cordon Caulle,VIIRS375,0.5993,8.75,1,muy baja,2026-10-05T18:06:10,mirova-archivo,1
2017-11-09T05:48:00,357150,Puyehue-Cordon Caulle,VIIRS375,1.146,8.83,1,baja,2026-10-05T18:06:10,mirova-archivo,1
2017-11-10T05:30:00,357150,Puyehue-Cordon Caulle,VIIRS375,1.548,8.83,1,baja,2026-10-05T18:06:10,mirova-archivo,1
2017-11-11T05:12:00,357150,Puyehue-Cordon Caulle,VIIRS375,1.802,8.39,1,baja,2026-10-05T18:06:10,mirova-archivo,1
2017-11-11T06:54:00,357150,Puyehue-Cordon Caulle,VIIRS375,0.2718,7.37,1,muy baja,2026-10-05T18:06:10,mirova-archivo,1
2017-11-12T04:54:00,357150,Puyehue-Cordon Caulle,VIIRS375,0.3601,8.83,1,muy baja,2026-10-05T18:06:10,mirova-archivo,1
2017-11-12T06:36:00,357150,Puyehue-Cordon Caulle,VIIRS375,0.3381,7.83,1,muy baja,2026-10-05T18:06:10,mirova-archivo,1
2017-11-13T06:12:00,357150,Puyehue-Cordon Caulle,VIIRS375,0.9293,8.83,1,muy baja,2026-10-05T18:06:10,mirova-archivo,1
2017-11-14T05:54:00,357150,Puyehue-Cordon Caulle,VIIRS375,0.9635,8.83,1,muy baja,2026-10-05T18:06:10,mirova-archivo,1
2017-11-20T05:42:00,357150,Puyehue-Cordon Caulle,VIIRS375,1.957,8.75,1,baja,2026-10-05T18:06:10,mirova-archivo,1
2017-11-21T05:24:00,357150,Puyehue-Cordon Caulle,VIIRS375,1.947,8.83,1,baja,2026-10-05T18:06:10,mirova-archivo,1
2017-11-22T05:06:00,357150,Puyehue-Cordon Caulle,VIIRS375,0.8511,8.83,1,muy baja,2026-10-05T18:06:10,mirova-archivo,1
2017-11-22T06:48:00,357150,Puyehue-Cordon Caulle,VIIRS375,0.05239,7.21,1,muy baja,2026-10-05T18:06:10,mirova-archivo,1
2017-11-24T04:30:00,357150,Puyehue-Cordon Caulle,VIIRS375,0.08895,8.30,1,muy baja,2026-10-05T18:06:10,mirova-archivo,1
2017-11-24T06:06:00,357150,Puyehue-Cordon Caulle,VIIRS375,1.774,8.83,1,baja,2026-10-05T18:06:10,mirova-archivo,1
2017-11-25T05:48:00,357150,Puyehue-Cordon Caulle,VIIRS375,0.3879,8.83,1,muy baja,2026-10-05T18:06:10,mirova-archivo,1
2017-11-26T05:30:00,357150,Puyehue-Cordon Caulle,VIIRS375,1.17,8.83,1,baja,2026-10-05T18:06:10,mirova-archivo,1
2017-11-27T05:12:00,357150,Puyehue-Cordon Caulle,VIIRS375,1.831,8.83,1,baja,2026-10-05T18:06:10,mirova-archivo,1
2017-11-27T06:54:00,357150,Puyehue-Cordon Caulle,VIIRS375,1.013,8.02,1,baja,2026-10-05T18:06:10,mirova-archivo,1
2017-11-28T04:54:00,357150,Puyehue-Cordon Caulle,VIIRS375,2.599,8.83,1,baja,2026-10-05T18:06:10,mirova-archivo,1
2017-11-28T06:36:00,357150,Puyehue-Cordon Caulle,VIIRS375,0.1472,8.10,1,muy baja,2026-10-05T18:06:10,mirova-archivo,1
2017-11-29T06:12:00,357150,Puyehue-Cordon Caulle,VIIRS375,1.006,8.19,1,baja,2026-10-05T18:06:10,mirova-archivo,1
2017-11-30T05:54:00,357150,Puyehue-Cordon Caulle,VIIRS375,1.625,8.39,1,baja,2026-10-05T18:06:10,mirova-archivo,1
2017-12-01T05:36:00,357150,Puyehue-Cordon Caulle,VIIRS750,6.613,8.55,1,baja,2026-10-05T18:06:10,mirova-archivo,1
2017-12-02T05:18:00,357150,Puyehue-Cordon Caulle,VIIRS375,1.587,8.83,1,baja,2026-10-05T18:06:10,mirova-archivo,1
2017-12-03T05:00:00,357150,Puyehue-Cordon Caulle,VIIRS375,1.011,8.83,1,baja,2026-10-05T18:06:10,mirova-archivo,1
2017-12-04T04:42:00,357150,Puyehue-Cordon Caulle,VIIRS375,1.994,8.83,1,baja,2026-10-05T18:06:10,mirova-archivo,1
2017-12-05T06:00:00,357150,Puyehue-Cordon Caulle,VIIRS375,2.876,8.83,1,baja,2026-10-05T18:06:10,mirova-archivo,1
2017-12-06T05:42:00,357150,Puyehue-Cordon Caulle,VIIRS375,1.74,8.83,1,baja,2026-10-05T18:06:10,mirova-archivo,1
2017-12-07T05:24:00,357150,Puyehue-Cordon Caulle,VIIRS375,2.579,8.83,1,baja,2026-10-05T18:06:10,mirova-archivo,1
2017-12-09T06:30:00,357150,Puyehue-Cordon Caulle,VIIRS375,0.07013,8.39,1,muy baja,2026-10-05T18:06:10,mirova-archivo,1
2017-12-11T05:48:00,357150,Puyehue-Cordon Caulle,VIIRS375,1.208,8.83,1,baja,2026-10-05T18:06:10,mirova-archivo,1
2017-12-18T05:18:00,357150,Puyehue-Cordon Caulle,VIIRS375,0.9926,8.91,1,muy baja,2026-10-05T18:06:10,mirova-archivo,1
2017-12-20T04:42:00,357150,Puyehue-Cordon Caulle,VIIRS375,0.086,8.19,1,muy baja,2026-10-05T18:06:10,mirova-archivo,1
2017-12-20T06:18:00,357150,Puyehue-Cordon Caulle,VIIRS375,0.314,7.73,1,muy baja,2026-10-05T18:06:10,mirova-archivo,1
2017-12-21T06:00:00,357150,Puyehue-Cordon Caulle,VIIRS375,0.05297,8.83,1,muy baja,2026-10-05T18:06:10,mirova-archivo,1
2017-12-24T05:06:00,357150,Puyehue-Cordon Caulle,VIIRS375,2.375,8.83,1,baja,2026-10-05T18:06:10,mirova-archivo,1
2017-12-27T05:48:00,357150,Puyehue-Cordon Caulle,VIIRS375,1.192,8.83,1,baja,2026-10-05T18:06:10,mirova-archivo,1
2017-12-31T06:12:00,357150,Puyehue-Cordon Caulle,VIIRS375,1.143,8.83,1,baja,2026-10-05T18:06:10,mirova-archivo,1
2018-01-01T05:54:00,357150,Puyehue-Cordon Caulle,VIIRS750,5.344,8.39,1,baja,2026-10-05T18:06:10,mirova-archivo,1
2018-01-05T06:18:00,357150,Puyehue-Cordon Caulle,VIIRS375,0.06832,1.91,0,no volcanica,2026-10-05T18:06:10,mirova-archivo,0
2018-01-06T06:00:00,357150,Puyehue-Cordon Caulle,VIIRS375,1.232,8.83,1,baja,2026-10-05T18:06:10,mirova-archivo,1
2018-01-08T05:24:00,357150,Puyehue-Cordon Caulle,VIIRS375,1.633,8.83,1,baja,2026-10-05T18:06:10,mirova-archivo,1
2018-01-09T05:06:00,357150,Puyehue-Cordon Caulle,VIIRS375,0.8122,8.46,1,muy baja,2026-10-05T18:06:10,mirova-archivo,1
2018-01-09T06:48:00,357150,Puyehue-Cordon Caulle,VIIRS375,0.7957,7.65,1,muy baja,2026-10-05T18:06:10,mirova-archivo,1
2018-01-10T04:48:00,357150,Puyehue-Cordon Caulle,VIIRS375,0.5532,8.83,1,muy baja,2026-10-05T18:06:10,mirova-archivo,1
2018-01-10T05:36:00,357150,Puyehue-Cordon Caulle,VIIRS375,2.789,8.83,1,baja,2026-10-05T18:06:10,mirova-archivo,1
2018-01-11T06:06:00,357150,Puyehue-Cordon Caulle,VIIRS375,0.8599,8.83,1,muy baja,2026-10-05T18:06:10,mirova-archivo,1
2018-01-12T05:48:00,357150,Puyehue-Cordon Caulle,VIIRS375,1.526,23.28,0,no volcanica,2026-10-05T18:06:10,mirova-archivo,0
2018-01-13T05:30:00,357150,Puyehue-Cordon Caulle,VIIRS375,1.546,8.83,1,baja,2026-10-05T18:06:10,mirova-archivo,1
2018-01-14T05:12:00,357150,Puyehue-Cordon Caulle,VIIRS375,1.247,8.83,1,baja,2026-10-05T18:06:10,mirova-archivo,1
2018-01-14T06:00:00,357150,Puyehue-Cordon Caulle,VIIRS375,1.285,7.83,1,baja,2026-10-05T18:06:10,mirova-archivo,1
2018-01-15T04:54:00,357150,Puyehue-Cordon Caulle,VIIRS375,1.06,8.83,1,baja,2026-10-05T18:06:10,mirova-archivo,1
2018-01-15T05:42:00,357150,Puyehue-Cordon Caulle,VIIRS375,2.091,8.83,1,baja,2026-10-05T18:06:10,mirova-archivo,1
2018-01-15T06:36:00,357150,Puyehue-Cordon Caulle,VIIRS375,0.9429,7.65,1,muy baja,2026-10-05T18:06:10,mirova-archivo,1
2018-01-16T05:24:00,357150,Puyehue-Cordon Caulle,VIIRS375,1.337,8.83,1,baja,2026-10-05T18:06:10,mirova-archivo,1
2018-01-16T06:12:00,357150,Puyehue-Cordon Caulle,VIIRS375,0.5034,8.83,1,muy baja,2026-10-05T18:06:10,mirova-archivo,1
2018-01-18T06:24:00,357150,Puyehue-Cordon Caulle,VIIRS375,0.2631,8.75,1,muy baja,2026-10-05T18:06:10,mirova-archivo,1
2018-01-19T05:18:00,357150,Puyehue-Cordon Caulle,VIIRS375,0.2473,8.46,1,muy baja,2026-10-05T18:06:10,mirova-archivo,1
2018-01-20T05:00:00,357150,Puyehue-Cordon Caulle,VIIRS375,1.044,8.83,1,baja,2026-10-05T18:06:10,mirova-archivo,1
2018-01-20T05:48:00,357150,Puyehue-Cordon Caulle,VIIRS375,2.694,8.83,1,baja,2026-10-05T18:06:10,mirova-archivo,1
2018-01-20T06:42:00,357150,Puyehue-Cordon Caulle,VIIRS375,2.01,8.39,1,baja,2026-10-05T18:06:10,mirova-archivo,1
2018-01-21T05:30:00,357150,Puyehue-Cordon Caulle,VIIRS375,0.0827,7.73,1,muy baja,2026-10-05T18:06:10,mirova-archivo,1
2018-01-22T05:12:00,357150,Puyehue-Cordon Caulle,VIIRS375,1.76,8.83,1,baja,2026-10-05T18:06:10,mirova-archivo,1
2018-01-22T06:00:00,357150,Puyehue-Cordon Caulle,VIIRS750,5.83,8.39,1,baja,2026-10-05T18:06:10,mirova-archivo,1
2018-01-23T05:42:00,357150,Puyehue-Cordon Caulle,VIIRS375,0.1107,6.45,0,no volcanica,2026-10-05T18:06:10,mirova-archivo,0
2018-01-24T04:36:00,357150,Puyehue-Cordon Caulle,VIIRS375,1.207,8.91,1,baja,2026-10-05T18:06:10,mirova-archivo,1
2018-01-24T05:24:00,357150,Puyehue-Cordon Caulle,VIIRS375,1.125,8.83,1,baja,2026-10-05T18:06:10,mirova-archivo,1
2018-01-24T06:12:00,357150,Puyehue-Cordon Caulle,VIIRS375,2.233,8.83,1,baja,2026-10-05T18:06:10,mirova-archivo,1
2018-01-25T05:06:00,357150,Puyehue-Cordon Caulle,VIIRS375,0.3409,7.83,1,muy baja,2026-10-05T18:06:10,mirova-archivo,1
2018-01-25T05:54:00,357150,Puyehue-Cordon Caulle,VIIRS375,1.567,8.83,1,baja,2026-10-05T18:06:10,mirova-archivo,1
2018-01-25T06:48:00,357150,Puyehue-Cordon Caulle,VIIRS375,0.073,7.21,1,muy baja,2026-10-05T18:06:10,mirova-archivo,1
2018-01-26T04:48:00,357150,Puyehue-Cordon Caulle,VIIRS375,0.0809,7.95,1,muy baja,2026-10-05T18:06:10,mirova-archivo,1
2018-01-26T05:36:00,357150,Puyehue-Cordon Caulle,VIIRS375,1.481,8.83,1,baja,2026-10-05T18:06:10,mirova-archivo,1
2018-01-26T06:24:00,357150,Puyehue-Cordon Caulle,VIIRS375,0.1688,8.75,1,muy baja,2026-10-05T18:06:10,mirova-archivo,1
2018-01-27T05:18:00,357150,Puyehue-Cordon Caulle,VIIRS375,0.6287,8.83,1,muy baja,2026-10-05T18:06:10,mirova-archivo,1
2018-01-27T06:06:00,357150,Puyehue-Cordon Caulle,VIIRS375,0.112,7.95,1,muy baja,2026-10-05T18:06:10,mirova-archivo,1
2018-01-28T05:00:00,357150,Puyehue-Cordon Caulle,VIIRS375,0.4656,8.46,1,muy baja,2026-10-05T18:06:10,mirova-archivo,1
2018-01-28T05:48:00,357150,Puyehue-Cordon Caulle,VIIRS375,1.563,8.83,1,baja,2026-10-05T18:06:10,mirova-archivo,1
2018-01-28T06:42:00,357150,Puyehue-Cordon Caulle,VIIRS375,0.3583,7.95,1,muy baja,2026-10-05T18:06:10,mirova-archivo,1
2018-01-29T04:42:00,357150,Puyehue-Cordon Caulle,VIIRS375,2.071,8.91,1,baja,2026-10-05T18:06:10,mirova-archivo,1
2018-01-29T05:30:00,357150,Puyehue-Cordon Caulle,VIIRS750,5.329,8.55,1,baja,2026-10-05T18:06:10,mirova-archivo,1
2018-01-29T06:18:00,357150,Puyehue-Cordon Caulle,VIIRS375,2.32,8.75,1,baja,2026-10-05T18:06:10,mirova-archivo,1
2018-01-31T04:54:00,357150,Puyehue-Cordon Caulle,VIIRS375,0.601,8.83,1,muy baja,2026-10-05T18:06:10,mirova-archivo,1
2018-01-31T05:42:00,357150,Puyehue-Cordon Caulle,VIIRS375,0.6426,8.75,1,muy baja,2026-10-05T18:06:10,mirova-archivo,1
2018-02-01T05:24:00,357150,Puyehue-Cordon Caulle,VIIRS375,1.224,8.75,1,baja,2026-10-05T18:06:10,mirova-archivo,1
2018-02-02T05:54:00,357150,Puyehue-Cordon Caulle,VIIRS375,0.2643,7.65,1,muy baja,2026-10-05T18:06:10,mirova-archivo,1
2018-02-03T05:36:00,357150,Puyehue-Cordon Caulle,VIIRS375,1.35,8.83,1,baja,2026-10-05T18:06:10,mirova-archivo,1
2018-02-04T05:18:00,357150,Puyehue-Cordon Caulle,VIIRS375,0.6341,8.83,1,muy baja,2026-10-05T18:06:10,mirova-archivo,1
2018-02-04T06:06:00,357150,Puyehue-Cordon Caulle,VIIRS375,0.8396,8.83,1,muy baja,2026-10-05T18:06:10,mirova-archivo,1
2018-02-05T05:00:00,357150,Puyehue-Cordon Caulle,VIIRS375,0.5622,8.10,1,muy baja,2026-10-05T18:06:10,mirova-archivo,1
2018-02-05T05:48:00,357150,Puyehue-Cordon Caulle,VIIRS375,0.7422,7.83,1,muy baja,2026-10-05T18:06:10,mirova-archivo,1
2018-02-05T06:42:00,357150,Puyehue-Cordon Caulle,VIIRS375,0.3474,7.65,1,muy baja,2026-10-05T18:06:10,mirova-archivo,1
2018-02-06T04:42:00,357150,Puyehue-Cordon Caulle,VIIRS375,1.279,8.91,1,baja,2026-10-05T18:06:10,mirova-archivo,1
2018-02-06T05:30:00,357150,Puyehue-Cordon Caulle,VIIRS375,0.7477,8.83,1,muy baja,2026-10-05T18:06:10,mirova-archivo,1
2018-02-06T06:18:00,357150,Puyehue-Cordon Caulle,VIIRS375,0.2605,7.65,1,muy baja,2026-10-05T18:06:10,mirova-archivo,1
2018-02-09T05:24:00,357150,Puyehue-Cordon Caulle,VIIRS375,0.2075,8.83,1,muy baja,2026-10-05T18:06:10,mirova-archivo,1
2018-02-11T04:48:00,357150,Puyehue-Cordon Caulle,VIIRS375,0.9418,8.83,1,muy baja,2026-10-05T18:06:10,mirova-archivo,1
2018-02-11T05:36:00,357150,Puyehue-Cordon Caulle,VIIRS375,1.12,8.83,1,baja,2026-10-05T18:06:10,mirova-archivo,1
2018-02-11T06:24:00,357150,Puyehue-Cordon Caulle,VIIRS375,1.212,8.75,1,baja,2026-10-05T18:06:10,mirova-archivo,1
2018-02-12T04:30:00,357150,Puyehue-Cordon Caulle,VIIRS375,0.4781,8.30,1,muy baja,2026-10-05T18:06:10,mirova-archivo,1
2018-02-12T05:18:00,357150,Puyehue-Cordon Caulle,VIIRS375,1.329,8.83,1,baja,2026-10-05T18:06:10,mirova-archivo,1
2018-02-12T06:06:00,357150,Puyehue-Cordon Caulle,VIIRS375,2.132,8.83,1,baja,2026-10-05T18:06:10,mirova-archivo,1
2018-02-13T05:00:00,357150,Puyehue-Cordon Caulle,VIIRS375,0.9554,8.46,1,muy baja,2026-10-05T18:06:10,mirova-archivo,1
2018-02-13T05:48:00,357150,Puyehue-Cordon Caulle,VIIRS375,0.8715,8.83,1,muy baja,2026-10-05T18:06:10,mirova-archivo,1
2018-02-13T06:42:00,357150,Puyehue-Cordon Caulle,VIIRS375,1.072,8.75,1,baja,2026-10-05T18:06:10,mirova-archivo,1
2018-02-14T04:42:00,357150,Puyehue-Cordon Caulle,VIIRS375,0.8761,8.83,1,muy baja,2026-10-05T18:06:10,mirova-archivo,1
2018-02-14T05:30:00,357150,Puyehue-Cordon Caulle,VIIRS375,0.7611,8.19,1,muy baja,2026-10-05T18:06:10,mirova-archivo,1
2018-02-14T06:18:00,357150,Puyehue-Cordon Caulle,VIIRS375,0.724,7.83,1,muy baja,2026-10-05T18:06:10,mirova-archivo,1
2018-02-15T05:12:00,357150,Puyehue-Cordon Caulle,VIIRS375,2.272,8.83,1,baja,2026-10-05T18:06:10,mirova-archivo,1
2018-02-15T06:00:00,357150,Puyehue-Cordon Caulle,VIIRS375,2.19,8.83,1,baja,2026-10-05T18:06:10,mirova-archivo,1
2018-02-15T06:54:00,357150,Puyehue-Cordon Caulle,VIIRS375,0.09646,7.21,1,muy baja,2026-10-05T18:06:10,mirova-archivo,1
2018-02-16T04:54:00,357150,Puyehue-Cordon Caulle,VIIRS375,0.6292,8.83,1,muy baja,2026-10-05T18:06:10,mirova-archivo,1
2018-02-16T06:30:00,357150,Puyehue-Cordon Caulle,VIIRS375,0.1183,6.45,0,no volcanica,2026-10-05T18:06:10,mirova-archivo,0
2018-02-17T06:12:00,357150,Puyehue-Cordon Caulle,VIIRS375,1.108,8.39,1,baja,2026-10-05T18:06:10,mirova-archivo,1
2018-02-18T05:54:00,357150,Puyehue-Cordon Caulle,VIIRS375,0.4801,7.73,1,muy baja,2026-10-05T18:06:10,mirova-archivo,1
2018-02-19T05:36:00,357150,Puyehue-Cordon Caulle,VIIRS375,1.687,8.02,1,baja,2026-10-05T18:06:10,mirova-archivo,1
2018-02-20T05:18:00,357150,Puyehue-Cordon Caulle,VIIRS375,0.3981,8.83,1,muy baja,2026-10-05T18:06:10,mirova-archivo,1
2018-02-24T05:42:00,357150,Puyehue-Cordon Caulle,VIIRS375,1.549,8.83,1,baja,2026-10-05T18:06:10,mirova-archivo,1
2018-02-25T05:24:00,357150,Puyehue-Cordon Caulle,VIIRS375,1.135,8.19,1,baja,2026-10-05T18:06:10,mirova-archivo,1
2018-02-26T05:06:00,357150,Puyehue-Cordon Caulle,VIIRS375,1.84,8.83,1,baja,2026-10-05T18:06:10,mirova-archivo,1
2018-02-26T06:48:00,357150,Puyehue-Cordon Caulle,VIIRS375,1.844,8.39,1,baja,2026-10-05T18:06:10,mirova-archivo,1
2018-02-27T04:48:00,357150,Puyehue-Cordon Caulle,VIIRS375,1.234,8.46,1,baja,2026-10-05T18:06:10,mirova-archivo,1
2018-02-27T06:24:00,357150,Puyehue-Cordon Caulle,VIIRS375,1.012,8.39,1,baja,2026-10-05T18:06:10,mirova-archivo,1
2018-02-28T04:30:00,357150,Puyehue-Cordon Caulle,VIIRS375,0.3633,8.19,1,muy baja,2026-10-05T18:06:10,mirova-archivo,1
2018-02-28T06:06:00,357150,Puyehue-Cordon Caulle,VIIRS750,5.2,8.55,1,baja,2026-10-05T18:06:10,mirova-archivo,1
2018-03-02T05:30:00,357150,Puyehue-Cordon Caulle,VIIRS375,2.041,8.83,1,baja,2026-10-05T18:06:10,mirova-archivo,1
2018-03-03T05:12:00,357150,Puyehue-Cordon Caulle,VIIRS375,0.8457,8.83,1,muy baja,2026-10-05T18:06:10,mirova-archivo,1
2018-03-05T04:36:00,357150,Puyehue-Cordon Caulle,VIIRS375,0.301,8.91,1,muy baja,2026-10-05T18:06:10,mirova-archivo,1
2018-03-05T06:12:00,357150,Puyehue-Cordon Caulle,VIIRS375,0.1105,8.83,1,muy baja,2026-10-05T18:06:10,mirova-archivo,1
2018-03-06T05:54:00,357150,Puyehue-Cordon Caulle,VIIRS375,1.369,8.75,1,baja,2026-10-05T18:06:10,mirova-archivo,1
2018-03-07T05:36:00,357150,Puyehue-Cordon Caulle,VIIRS375,2.494,8.83,1,baja,2026-10-05T18:06:10,mirova-archivo,1
2018-03-15T04:48:00,357150,Puyehue-Cordon Caulle,VIIRS375,0.3519,8.19,1,muy baja,2026-10-05T18:06:10,mirova-archivo,1
2018-03-15T06:24:00,357150,Puyehue-Cordon Caulle,VIIRS375,0.3244,7.65,1,muy baja,2026-10-05T18:06:10,mirova-archivo,1
2018-03-20T06:30:00,357150,Puyehue-Cordon Caulle,VIIRS375,1.125,8.10,1,baja,2026-10-05T18:06:10,mirova-archivo,1
2018-03-21T06:12:00,357150,Puyehue-Cordon Caulle,VIIRS375,0.5746,8.83,1,muy baja,2026-10-05T18:06:10,mirova-archivo,1
2018-03-25T05:00:00,357150,Puyehue-Cordon Caulle,VIIRS375,0.4647,8.83,1,muy baja,2026-10-05T18:06:10,mirova-archivo,1
2018-03-26T04:42:00,357150,Puyehue-Cordon Caulle,VIIRS375,0.7296,10.30,0,no volcanica,2026-10-05T18:06:10,mirova-archivo,0
2018-03-26T06:18:00,357150,Puyehue-Cordon Caulle,VIIRS375,0.7169,8.10,1,muy baja,2026-10-05T18:06:10,mirova-archivo,1
2018-03-27T05:12:00,357150,Puyehue-Cordon Caulle,VIIRS375,1.304,8.83,1,baja,2026-10-05T18:06:10,mirova-archivo,1
2018-03-27T06:00:00,357150,Puyehue-Cordon Caulle,VIIRS375,1.263,8.83,1,baja,2026-10-05T18:06:10,mirova-archivo,1
2018-03-29T05:24:00,357150,Puyehue-Cordon Caulle,VIIRS375,0.5873,8.83,1,muy baja,2026-10-05T18:06:10,mirova-archivo,1
2018-03-29T06:12:00,357150,Puyehue-Cordon Caulle,VIIRS375,1.022,8.10,1,baja,2026-10-05T18:06:10,mirova-archivo,1
2018-04-01T05:18:00,357150,Puyehue-Cordon Caulle,VIIRS375,0.7977,8.83,1,muy baja,2026-10-05T18:06:10,mirova-archivo,1
2018-04-01T06:06:00,357150,Puyehue-Cordon Caulle,VIIRS375,0.7962,8.83,1,muy baja,2026-10-05T18:06:10,mirova-archivo,1
2018-04-02T05:00:00,357150,Puyehue-Cordon Caulle,VIIRS375,0.2867,7.73,1,muy baja,2026-10-05T18:06:10,mirova-archivo,1
2018-04-02T05:48:00,357150,Puyehue-Cordon Caulle,VIIRS375,0.748,8.39,1,muy baja,2026-10-05T18:06:10,mirova-archivo,1
2018-04-03T04:42:00,357150,Puyehue-Cordon Caulle,VIIRS375,0.3178,8.83,1,muy baja,2026-10-05T18:06:10,mirova-archivo,1
2018-04-03T05:30:00,357150,Puyehue-Cordon Caulle,VIIRS375,0.7921,8.83,1,muy baja,2026-10-05T18:06:10,mirova-archivo,1
2018-04-03T06:18:00,357150,Puyehue-Cordon Caulle,VIIRS375,0.1757,7.58,1,muy baja,2026-10-05T18:06:10,mirova-archivo,1
2018-04-06T04:36:00,357150,Puyehue-Cordon Caulle,VIIRS375,0.7477,8.46,1,muy baja,2026-10-05T18:06:10,mirova-archivo,1
2018-04-06T05:24:00,357150,Puyehue-Cordon Caulle,VIIRS375,1.277,8.46,1,baja,2026-10-05T18:06:10,mirova-archivo,1
2018-04-06T06:12:00,357150,Puyehue-Cordon Caulle,VIIRS375,1.368,8.83,1,baja,2026-10-05T18:06:10,mirova-archivo,1
2018-04-07T05:06:00,357150,Puyehue-Cordon Caulle,VIIRS375,0.2272,8.75,1,muy baja,2026-10-05T18:06:10,mirova-archivo,1
2018-04-10T05:00:00,357150,Puyehue-Cordon Caulle,VIIRS375,0.3343,25.02,0,no volcanica,2026-10-05T18:06:10,mirova-archivo,0
2018-04-13T04:54:00,357150,Puyehue-Cordon Caulle,VIIRS375,0.2173,8.83,1,muy baja,2026-10-05T18:06:10,mirova-archivo,1
2018-04-13T05:42:00,357150,Puyehue-Cordon Caulle,VIIRS375,0.7236,8.83,1,muy baja,2026-10-05T18:06:10,mirova-archivo,1
2018-04-13T06:30:00,357150,Puyehue-Cordon Caulle,VIIRS375,0.5981,8.02,1,muy baja,2026-10-05T18:06:10,mirova-archivo,1
2018-04-14T05:24:00,357150,Puyehue-Cordon Caulle,VIIRS375,0.3036,8.10,1,muy baja,2026-10-05T18:06:10,mirova-archivo,1
2018-04-14T06:12:00,357150,Puyehue-Cordon Caulle,VIIRS375,0.939,8.39,1,muy baja,2026-10-05T18:06:10,mirova-archivo,1
2018-04-15T05:06:00,357150,Puyehue-Cordon Caulle,VIIRS375,0.4759,8.10,1,muy baja,2026-10-05T18:06:10,mirova-archivo,1
2018-04-15T05:54:00,357150,Puyehue-Cordon Caulle,VIIRS375,1.48,8.83,1,baja,2026-10-05T18:06:10,mirova-archivo,1
2018-04-15T06:48:00,357150,Puyehue-Cordon Caulle,VIIRS375,0.6325,7.73,1,muy baja,2026-10-05T18:06:10,mirova-archivo,1
2018-04-16T04:48:00,357150,Puyehue-Cordon Caulle,VIIRS375,0.07997,8.83,1,muy baja,2026-10-05T18:06:10,mirova-archivo,1
2018-04-16T05:36:00,357150,Puyehue-Cordon Caulle,VIIRS375,0.6622,8.83,1,muy baja,2026-10-05T18:06:10,mirova-archivo,1
2018-04-16T06:24:00,357150,Puyehue-Cordon Caulle,VIIRS375,0.3253,7.65,1,muy baja,2026-10-05T18:06:10,mirova-archivo,1
2018-04-18T05:00:00,357150,Puyehue-Cordon Caulle,VIIRS375,0.3103,8.46,1,muy baja,2026-10-05T18:06:10,mirova-archivo,1
2018-04-18T05:48:00,357150,Puyehue-Cordon Caulle,VIIRS375,1.2,8.75,1,baja,2026-10-05T18:06:10,mirova-archivo,1
2018-04-22T04:36:00,357150,Puyehue-Cordon Caulle,VIIRS375,0.07015,0.75,0,no volcanica,2026-10-05T18:06:10,mirova-archivo,0
2018-04-23T05:06:00,357150,Puyehue-Cordon Caulle,VIIRS375,0.8658,8.83,1,muy baja,2026-10-05T18:06:10,mirova-archivo,1
2018-04-23T05:54:00,357150,Puyehue-Cordon Caulle,VIIRS375,0.9499,8.83,1,muy baja,2026-10-05T18:06:10,mirova-archivo,1
2018-04-24T04:48:00,357150,Puyehue-Cordon Caulle,VIIRS375,0.8941,8.83,1,muy baja,2026-10-05T18:06:10,mirova-archivo,1
2018-04-24T05:36:00,357150,Puyehue-Cordon Caulle,VIIRS375,1.444,8.83,1,baja,2026-10-05T18:06:10,mirova-archivo,1
2018-04-24T06:24:00,357150,Puyehue-Cordon Caulle,VIIRS375,1.287,8.10,1,baja,2026-10-05T18:06:10,mirova-archivo,1
2018-04-25T04:30:00,357150,Puyehue-Cordon Caulle,VIIRS375,0.1306,8.83,1,muy baja,2026-10-05T18:06:10,mirova-archivo,1
2018-04-25T05:18:00,357150,Puyehue-Cordon Caulle,VIIRS375,0.8442,8.19,1,muy baja,2026-10-05T18:06:10,mirova-archivo,1
2018-04-25T06:06:00,357150,Puyehue-Cordon Caulle,VIIRS375,1.033,8.75,1,baja,2026-10-05T18:06:10,mirova-archivo,1
2018-04-27T05:30:00,357150,Puyehue-Cordon Caulle,VIIRS375,0.2618,8.83,1,muy baja,2026-10-05T18:06:10,mirova-archivo,1
2018-04-28T05:12:00,357150,Puyehue-Cordon Caulle,VIIRS375,0.6712,8.75,1,muy baja,2026-10-05T18:06:10,mirova-archivo,1
2018-04-28T06:00:00,357150,Puyehue-Cordon Caulle,VIIRS375,0.5629,7.83,1,muy baja,2026-10-05T18:06:10,mirova-archivo,1
2018-04-29T06:30:00,357150,Puyehue-Cordon Caulle,VIIRS375,0.05675,8.39,1,muy baja,2026-10-05T18:06:10,mirova-archivo,1
2018-04-30T05:24:00,357150,Puyehue-Cordon Caulle,VIIRS375,1.365,8.83,1,baja,2026-10-05T18:06:10,mirova-archivo,1
2018-04-30T06:12:00,357150,Puyehue-Cordon Caulle,VIIRS375,0.4035,8.10,1,muy baja,2026-10-05T18:06:10,mirova-archivo,1
2018-05-03T06:06:00,357150,Puyehue-Cordon Caulle,VIIRS375,0.09378,7.73,1,muy baja,2026-10-05T18:06:10,mirova-archivo,1
2018-05-04T05:00:00,357150,Puyehue-Cordon Caulle,VIIRS375,0.8855,8.83,1,muy baja,2026-10-05T18:06:10,mirova-archivo,1
2018-05-04T05:48:00,357150,Puyehue-Cordon Caulle,VIIRS375,1.246,8.83,1,baja,2026-10-05T18:06:10,mirova-archivo,1
2018-05-04T06:36:00,357150,Puyehue-Cordon Caulle,VIIRS375,0.09747,7.28,1,muy baja,2026-10-05T18:06:10,mirova-archivo,1
2018-05-05T04:42:00,357150,Puyehue-Cordon Caulle,VIIRS375,0.3416,8.83,1,muy baja,2026-10-05T18:06:10,mirova-archivo,1
2018-05-05T05:30:00,357150,Puyehue-Cordon Caulle,VIIRS375,0.7771,8.83,1,muy baja,2026-10-05T18:06:10,mirova-archivo,1
2018-05-06T05:12:00,357150,Puyehue-Cordon Caulle,VIIRS375,0.7993,8.10,1,muy baja,2026-10-05T18:06:10,mirova-archivo,1
2018-05-06T06:00:00,357150,Puyehue-Cordon Caulle,VIIRS375,0.8208,8.83,1,muy baja,2026-10-05T18:06:10,mirova-archivo,1
2018-05-07T05:42:00,357150,Puyehue-Cordon Caulle,VIIRS375,1.761,8.46,1,baja,2026-10-05T18:06:10,mirova-archivo,1
2018-05-09T05:06:00,357150,Puyehue-Cordon Caulle,VIIRS375,1.68,8.83,1,baja,2026-10-05T18:06:10,mirova-archivo,1
2018-05-09T05:54:00,357150,Puyehue-Cordon Caulle,VIIRS375,2.053,8.83,1,baja,2026-10-05T18:06:10,mirova-archivo,1
2018-05-09T06:48:00,357150,Puyehue-Cordon Caulle,VIIRS375,0.4762,7.73,1,muy baja,2026-10-05T18:06:10,mirova-archivo,1
2018-05-12T05:48:00,357150,Puyehue-Cordon Caulle,VIIRS375,0.4872,8.83,1,muy baja,2026-10-05T18:06:10,mirova-archivo,1
2018-05-12T06:42:00,357150,Puyehue-Cordon Caulle,VIIRS375,0.04627,6.45,0,no volcanica,2026-10-05T18:06:10,mirova-archivo,0
2018-05-17T05:54:00,357150,Puyehue-Cordon Caulle,VIIRS375,1.421,22.18,0,no volcanica,2026-10-05T18:06:10,mirova-archivo,0
2018-05-21T04:42:00,357150,Puyehue-Cordon Caulle,VIIRS375,0.2965,8.55,1,muy baja,2026-10-05T18:06:10,mirova-archivo,1
2018-05-21T05:30:00,357150,Puyehue-Cordon Caulle,VIIRS375,0.9092,8.83,1,muy baja,2026-10-05T18:06:10,mirova-archivo,1
2018-05-21T06:18:00,357150,Puyehue-Cordon Caulle,VIIRS375,0.1037,8.46,1,muy baja,2026-10-05T18:06:10,mirova-archivo,1
2018-05-22T05:12:00,357150,Puyehue-Cordon Caulle,VIIRS375,1,8.83,1,baja,2026-10-05T18:06:10,mirova-archivo,1
2018-05-22T06:00:00,357150,Puyehue-Cordon Caulle,VIIRS375,0.5978,8.83,1,muy baja,2026-10-05T18:06:10,mirova-archivo,1
2018-05-23T04:54:00,357150,Puyehue-Cordon Caulle,VIIRS375,0.7432,8.83,1,muy baja,2026-10-05T18:06:10,mirova-archivo,1
2018-05-23T05:42:00,357150,Puyehue-Cordon Caulle,VIIRS375,0.7556,8.75,1,muy baja,2026-10-05T18:06:10,mirova-archivo,1
2018-05-24T05:24:00,357150,Puyehue-Cordon Caulle,VIIRS375,0.1355,8.10,1,muy baja,2026-10-05T18:06:10,mirova-archivo,1
2018-05-24T06:12:00,357150,Puyehue-Cordon Caulle,VIIRS375,1.587,14.18,1,baja,2026-10-05T18:06:10,mirova-archivo,1
2018-05-25T05:06:00,357150,Puyehue-Cordon Caulle,VIIRS375,0.5727,8.19,1,muy baja,2026-10-05T18:06:10,mirova-archivo,1
2018-05-25T05:54:00,357150,Puyehue-Cordon Caulle,VIIRS375,1.076,22.16,0,no volcanica,2026-10-05T18:06:10,mirova-archivo,0
2018-05-25T06:42:00,357150,Puyehue-Cordon Caulle,VIIRS375,0.6235,8.39,1,muy baja,2026-10-05T18:06:10,mirova-archivo,1
2018-05-31T04:54:00,357150,Puyehue-Cordon Caulle,VIIRS375,0.3253,8.83,1,muy baja,2026-10-05T18:06:10,mirova-archivo,1
2018-05-31T05:42:00,357150,Puyehue-Cordon Caulle,VIIRS375,1.083,8.83,1,baja,2026-10-05T18:06:10,mirova-archivo,1
2018-05-31T06:30:00,357150,Puyehue-Cordon Caulle,VIIRS375,0.2161,8.75,1,muy baja,2026-10-05T18:06:10,mirova-archivo,1
2018-06-01T04:36:00,357150,Puyehue-Cordon Caulle,VIIRS375,0.1954,8.10,1,muy baja,2026-10-05T18:06:10,mirova-archivo,1
2018-06-01T05:24:00,357150,Puyehue-Cordon Caulle,VIIRS375,1.356,8.83,1,baja,2026-10-05T18:06:10,mirova-archivo,1
2018-06-01T06:12:00,357150,Puyehue-Cordon Caulle,VIIRS375,1.461,8.83,1,baja,2026-10-05T18:06:10,mirova-archivo,1
2018-06-02T05:06:00,357150,Puyehue-Cordon Caulle,VIIRS375,0.2773,7.83,1,muy baja,2026-10-05T18:06:10,mirova-archivo,1
2018-06-02T05:54:00,357150,Puyehue-Cordon Caulle,VIIRS375,0.7301,8.83,1,muy baja,2026-10-05T18:06:10,mirova-archivo,1
2018-06-03T05:36:00,357150,Puyehue-Cordon Caulle,VIIRS375,0.4517,8.83,1,muy baja,2026-10-05T18:06:10,mirova-archivo,1
2018-06-03T06:24:00,357150,Puyehue-Cordon Caulle,VIIRS375,0.173,8.02,1,muy baja,2026-10-05T18:06:10,mirova-archivo,1
2018-06-04T04:30:00,357150,Puyehue-Cordon Caulle,VIIRS375,0.5372,8.66,1,muy baja,2026-10-05T18:06:10,mirova-archivo,1
2018-06-04T05:18:00,357150,Puyehue-Cordon Caulle,VIIRS375,1.182,8.83,1,baja,2026-10-05T18:06:10,mirova-archivo,1
2018-06-04T06:06:00,357150,Puyehue-Cordon Caulle,VIIRS375,1.405,8.83,1,baja,2026-10-05T18:06:10,mirova-archivo,1
2018-06-07T05:12:00,357150,Puyehue-Cordon Caulle,VIIRS375,1.548,8.83,1,baja,2026-10-05T18:06:10,mirova-archivo,1
2018-06-07T06:00:00,357150,Puyehue-Cordon Caulle,VIIRS375,1.208,8.75,1,baja,2026-10-05T18:06:10,mirova-archivo,1
2018-06-07T06:54:00,357150,Puyehue-Cordon Caulle,VIIRS375,0.2148,7.73,1,muy baja,2026-10-05T18:06:10,mirova-archivo,1
2018-06-12T05:18:00,357150,Puyehue-Cordon Caulle,VIIRS375,0.09188,7.83,1,muy baja,2026-10-05T18:06:10,mirova-archivo,1
2018-06-12T06:06:00,357150,Puyehue-Cordon Caulle,VIIRS375,0.07956,7.73,1,muy baja,2026-10-05T18:06:10,mirova-archivo,1
2018-06-14T04:42:00,357150,Puyehue-Cordon Caulle,VIIRS375,0.553,8.30,1,muy baja,2026-10-05T18:06:10,mirova-archivo,1
2018-06-14T05:30:00,357150,Puyehue-Cordon Caulle,VIIRS375,1.683,8.83,1,baja,2026-10-05T18:06:10,mirova-archivo,1
2018-06-14T06:18:00,357150,Puyehue-Cordon Caulle,VIIRS375,1.231,8.10,1,baja,2026-10-05T18:06:10,mirova-archivo,1
2018-06-15T05:12:00,357150,Puyehue-Cordon Caulle,VIIRS375,0.3533,10.93,0,no volcanica,2026-10-05T18:06:10,mirova-archivo,0
2018-06-18T05:06:00,357150,Puyehue-Cordon Caulle,VIIRS375,0.0453,3.18,0,no volcanica,2026-10-05T18:06:10,mirova-archivo,0
2018-06-20T04:30:00,357150,Puyehue-Cordon Caulle,VIIRS375,0.317,8.91,1,muy baja,2026-10-05T18:06:10,mirova-archivo,1
2018-06-20T05:18:00,357150,Puyehue-Cordon Caulle,VIIRS375,1.303,8.83,1,baja,2026-10-05T18:06:10,mirova-archivo,1
2018-06-20T06:06:00,357150,Puyehue-Cordon Caulle,VIIRS375,0.993,8.46,1,muy baja,2026-10-05T18:06:10,mirova-archivo,1
2018-06-24T04:54:00,357150,Puyehue-Cordon Caulle,VIIRS375,0.7661,8.83,1,muy baja,2026-10-05T18:06:10,mirova-archivo,1
2018-06-24T05:42:00,357150,Puyehue-Cordon Caulle,VIIRS375,0.6742,8.83,1,muy baja,2026-10-05T18:06:10,mirova-archivo,1
2018-07-02T04:54:00,357150,Puyehue-Cordon Caulle,VIIRS375,0.06589,8.83,1,muy baja,2026-10-05T18:06:10,mirova-archivo,1
2018-07-02T05:42:00,357150,Puyehue-Cordon Caulle,VIIRS375,0.4414,8.19,1,muy baja,2026-10-05T18:06:10,mirova-archivo,1
2018-07-03T05:24:00,357150,Puyehue-Cordon Caulle,VIIRS375,0.4167,8.83,1,muy baja,2026-10-05T18:06:10,mirova-archivo,1
2018-07-03T06:12:00,357150,Puyehue-Cordon Caulle,VIIRS375,0.07017,8.19,1,muy baja,2026-10-05T18:06:10,mirova-archivo,1
2018-07-08T05:30:00,357150,Puyehue-Cordon Caulle,VIIRS375,0.7858,8.83,1,muy baja,2026-10-05T18:06:10,mirova-archivo,1
2018-07-08T06:18:00,357150,Puyehue-Cordon Caulle,VIIRS375,0.7631,8.83,1,muy baja,2026-10-05T18:06:10,mirova-archivo,1
2018-07-09T06:00:00,357150,Puyehue-Cordon Caulle,VIIRS375,2.171,8.75,1,baja,2026-10-05T18:06:10,mirova-archivo,1
2018-07-10T05:42:00,357150,Puyehue-Cordon Caulle,VIIRS375,1.413,8.83,1,baja,2026-10-05T18:06:10,mirova-archivo,1
2018-07-10T06:30:00,357150,Puyehue-Cordon Caulle,VIIRS375,0.8324,8.10,1,muy baja,2026-10-05T18:06:10,mirova-archivo,1
2018-07-11T05:24:00,357150,Puyehue-Cordon Caulle,VIIRS375,0.2482,22.89,0,no volcanica,2026-10-05T18:06:10,mirova-archivo,0
2018-07-11T06:12:00,357150,Puyehue-Cordon Caulle,VIIRS375,0.06943,7.65,1,muy baja,2026-10-05T18:06:10,mirova-archivo,1
2018-07-16T05:30:00,357150,Puyehue-Cordon Caulle,VIIRS375,0.4088,8.75,1,muy baja,2026-10-05T18:06:10,mirova-archivo,1
2018-07-17T05:12:00,357150,Puyehue-Cordon Caulle,VIIRS375,1.498,8.75,1,baja,2026-10-05T18:06:10,mirova-archivo,1
2018-07-17T06:00:00,357150,Puyehue-Cordon Caulle,VIIRS375,0.6447,8.83,1,muy baja,2026-10-05T18:06:10,mirova-archivo,1
2018-07-17T06:54:00,357150,Puyehue-Cordon Caulle,VIIRS375,0.5105,8.10,1,muy baja,2026-10-05T18:06:10,mirova-archivo,1
2018-07-18T04:54:00,357150,Puyehue-Cordon Caulle,VIIRS375,0.7818,8.83,1,muy baja,2026-10-05T18:06:10,mirova-archivo,1
2018-07-18T05:42:00,357150,Puyehue-Cordon Caulle,VIIRS375,0.9005,8.83,1,muy baja,2026-10-05T18:06:10,mirova-archivo,1
2018-07-18T06:30:00,357150,Puyehue-Cordon Caulle,VIIRS375,0.05341,7.73,1,muy baja,2026-10-05T18:06:10,mirova-archivo,1
2018-07-19T05:24:00,357150,Puyehue-Cordon Caulle,VIIRS375,0.4586,8.30,1,muy baja,2026-10-05T18:06:10,mirova-archivo,1
2018-07-20T06:48:00,357150,Puyehue-Cordon Caulle,VIIRS375,0.9282,8.10,1,muy baja,2026-10-05T18:06:10,mirova-archivo,1
2018-07-23T05:00:00,357150,Puyehue-Cordon Caulle,VIIRS375,0.09599,8.19,1,muy baja,2026-10-05T18:06:10,mirova-archivo,1
2018-07-23T05:48:00,357150,Puyehue-Cordon Caulle,VIIRS375,0.8759,8.02,1,muy baja,2026-10-05T18:06:10,mirova-archivo,1
2018-07-23T06:36:00,357150,Puyehue-Cordon Caulle,VIIRS375,0.2895,7.83,1,muy baja,2026-10-05T18:06:10,mirova-archivo,1
2018-07-24T04:42:00,357150,Puyehue-Cordon Caulle,VIIRS375,1.79,8.91,1,baja,2026-10-05T18:06:10,mirova-archivo,1
2018-07-24T05:30:00,357150,Puyehue-Cordon Caulle,VIIRS375,1.374,8.83,1,baja,2026-10-05T18:06:10,mirova-archivo,1
2018-07-24T06:18:00,357150,Puyehue-Cordon Caulle,VIIRS375,1.69,8.19,1,baja,2026-10-05T18:06:10,mirova-archivo,1
2018-07-25T05:12:00,357150,Puyehue-Cordon Caulle,VIIRS375,2.062,8.83,1,baja,2026-10-05T18:06:10,mirova-archivo,1
2018-07-25T06:00:00,357150,Puyehue-Cordon Caulle,VIIRS750,5.215,8.55,1,baja,2026-10-05T18:06:10,mirova-archivo,1
2018-07-25T06:54:00,357150,Puyehue-Cordon Caulle,VIIRS375,0.1767,7.73,1,muy baja,2026-10-05T18:06:10,mirova-archivo,1
2018-07-26T04:54:00,357150,Puyehue-Cordon Caulle,VIIRS375,0.8421,8.83,1,muy baja,2026-10-05T18:06:10,mirova-archivo,1
2018-07-26T05:42:00,357150,Puyehue-Cordon Caulle,VIIRS375,1.286,8.83,1,baja,2026-10-05T18:06:10,mirova-archivo,1
2018-07-27T05:24:00,357150,Puyehue-Cordon Caulle,VIIRS375,0.4501,8.46,1,muy baja,2026-10-05T18:06:10,mirova-archivo,1
2018-07-27T06:12:00,357150,Puyehue-Cordon Caulle,VIIRS375,2.129,8.83,1,baja,2026-10-05T18:06:10,mirova-archivo,1
2018-07-31T05:00:00,357150,Puyehue-Cordon Caulle,VIIRS375,0.9717,8.55,1,muy baja,2026-10-05T18:06:10,mirova-archivo,1
2018-07-31T05:48:00,357150,Puyehue-Cordon Caulle,VIIRS375,1.426,8.83,1,baja,2026-10-05T18:06:10,mirova-archivo,1
2018-08-01T05:30:00,357150,Puyehue-Cordon Caulle,VIIRS375,1.529,8.83,1,baja,2026-10-05T18:06:10,mirova-archivo,1
2018-08-01T06:18:00,357150,Puyehue-Cordon Caulle,VIIRS375,1.082,8.83,1,baja,2026-10-05T18:06:10,mirova-archivo,1
2018-08-02T05:12:00,357150,Puyehue-Cordon Caulle,VIIRS375,2.287,8.83,1,baja,2026-10-05T18:06:10,mirova-archivo,1
2018-08-02T06:00:00,357150,Puyehue-Cordon Caulle,VIIRS375,1.587,8.75,1,baja,2026-10-05T18:06:10,mirova-archivo,1
2018-08-02T06:54:00,357150,Puyehue-Cordon Caulle,VIIRS375,1.107,8.10,1,baja,2026-10-05T18:06:10,mirova-archivo,1
2018-08-07T05:18:00,357150,Puyehue-Cordon Caulle,VIIRS375,0.1403,25.83,0,no volcanica,2026-10-05T18:06:10,mirova-archivo,0
2018-08-08T05:00:00,357150,Puyehue-Cordon Caulle,VIIRS375,0.2604,8.19,1,muy baja,2026-10-05T18:06:10,mirova-archivo,1
2018-08-08T05:48:00,357150,Puyehue-Cordon Caulle,VIIRS375,0.803,8.83,1,muy baja,2026-10-05T18:06:10,mirova-archivo,1
2018-08-09T04:42:00,357150,Puyehue-Cordon Caulle,VIIRS375,0.05006,8.46,1,muy baja,2026-10-05T18:06:10,mirova-archivo,1
2018-08-14T05:36:00,357150,Puyehue-Cordon Caulle,VIIRS375,0.6486,8.19,1,muy baja,2026-10-05T18:06:10,mirova-archivo,1
2018-08-14T06:24:00,357150,Puyehue-Cordon Caulle,VIIRS375,0.7288,8.10,1,muy baja,2026-10-05T18:06:10,mirova-archivo,1
2018-08-15T04:30:00,357150,Puyehue-Cordon Caulle,VIIRS375,0.7003,9.02,1,muy baja,2026-10-05T18:06:10,mirova-archivo,1
2018-08-15T05:18:00,357150,Puyehue-Cordon Caulle,VIIRS375,1.749,8.83,1,baja,2026-10-05T18:06:10,mirova-archivo,1
2018-08-15T06:06:00,357150,Puyehue-Cordon Caulle,VIIRS375,1.8,8.75,1,baja,2026-10-05T18:06:10,mirova-archivo,1
2018-08-16T05:48:00,357150,Puyehue-Cordon Caulle,VIIRS375,1.065,8.83,1,baja,2026-10-05T18:06:10,mirova-archivo,1
2018-08-19T04:54:00,357150,Puyehue-Cordon Caulle,VIIRS375,0.5159,8.83,1,muy baja,2026-10-05T18:06:10,mirova-archivo,1
2018-08-19T05:42:00,357150,Puyehue-Cordon Caulle,VIIRS375,1.183,8.83,1,baja,2026-10-05T18:06:10,mirova-archivo,1
2018-08-19T06:30:00,357150,Puyehue-Cordon Caulle,VIIRS375,1.815,8.83,1,baja,2026-10-05T18:06:10,mirova-archivo,1
2018-08-20T04:36:00,357150,Puyehue-Cordon Caulle,VIIRS375,0.1649,8.91,1,muy baja,2026-10-05T18:06:10,mirova-archivo,1
2018-08-20T05:24:00,357150,Puyehue-Cordon Caulle,VIIRS375,1.278,8.83,1,baja,2026-10-05T18:06:10,mirova-archivo,1
2018-08-20T06:12:00,357150,Puyehue-Cordon Caulle,VIIRS375,1.397,8.83,1,baja,2026-10-05T18:06:10,mirova-archivo,1
2018-08-21T05:06:00,357150,Puyehue-Cordon Caulle,VIIRS375,2.016,8.83,1,baja,2026-10-05T18:06:10,mirova-archivo,1
2018-08-21T05:54:00,357150,Puyehue-Cordon Caulle,VIIRS375,1.788,8.83,1,baja,2026-10-05T18:06:10,mirova-archivo,1
2018-08-21T06:48:00,357150,Puyehue-Cordon Caulle,VIIRS375,0.9131,8.39,1,muy baja,2026-10-05T18:06:10,mirova-archivo,1
2018-08-22T05:36:00,357150,Puyehue-Cordon Caulle,VIIRS375,0.09434,8.39,1,muy baja,2026-10-05T18:06:10,mirova-archivo,1
2018-08-26T05:12:00,357150,Puyehue-Cordon Caulle,VIIRS375,1.142,8.83,1,baja,2026-10-05T18:06:10,mirova-archivo,1
2018-08-26T06:00:00,357150,Puyehue-Cordon Caulle,VIIRS375,1.835,8.83,1,baja,2026-10-05T18:06:10,mirova-archivo,1
2018-08-26T06:54:00,357150,Puyehue-Cordon Caulle,VIIRS375,0.1323,7.95,1,muy baja,2026-10-05T18:06:10,mirova-archivo,1
2018-08-27T05:42:00,357150,Puyehue-Cordon Caulle,VIIRS375,0.1739,8.19,1,muy baja,2026-10-05T18:06:10,mirova-archivo,1
2018-08-30T04:48:00,357150,Puyehue-Cordon Caulle,VIIRS375,0.7354,8.83,1,muy baja,2026-10-05T18:06:10,mirova-archivo,1
2018-08-30T05:36:00,357150,Puyehue-Cordon Caulle,VIIRS375,1.366,8.83,1,baja,2026-10-05T18:06:10,mirova-archivo,1
2018-08-30T06:24:00,357150,Puyehue-Cordon Caulle,VIIRS375,1.399,8.75,1,baja,2026-10-05T18:06:10,mirova-archivo,1
2018-08-31T05:18:00,357150,Puyehue-Cordon Caulle,VIIRS375,0.2442,8.19,1,muy baja,2026-10-05T18:06:10,mirova-archivo,1
2018-09-01T05:48:00,357150,Puyehue-Cordon Caulle,VIIRS375,0.9357,8.83,1,muy baja,2026-10-05T18:06:10,mirova-archivo,1
2018-09-01T06:42:00,357150,Puyehue-Cordon Caulle,VIIRS375,0.7624,8.75,1,muy baja,2026-10-05T18:06:10,mirova-archivo,1
2018-09-03T05:12:00,357150,Puyehue-Cordon Caulle,VIIRS375,0.5465,8.83,1,muy baja,2026-10-05T18:06:10,mirova-archivo,1
2018-09-03T06:00:00,357150,Puyehue-Cordon Caulle,VIIRS375,0.8856,8.83,1,muy baja,2026-10-05T18:06:10,mirova-archivo,1
2018-09-04T04:54:00,357150,Puyehue-Cordon Caulle,VIIRS375,0.08436,8.55,1,muy baja,2026-10-05T18:06:10,mirova-archivo,1
2018-09-04T05:42:00,357150,Puyehue-Cordon Caulle,VIIRS375,0.2595,8.83,1,muy baja,2026-10-05T18:06:10,mirova-archivo,1
2018-09-05T04:36:00,357150,Puyehue-Cordon Caulle,VIIRS375,0.2839,8.19,0,no volcanica,2026-10-05T18:06:10,mirova-archivo,0
2018-09-05T05:24:00,357150,Puyehue-Cordon Caulle,VIIRS375,1.372,8.83,1,baja,2026-10-05T18:06:10,mirova-archivo,1
2018-09-05T06:12:00,357150,Puyehue-Cordon Caulle,VIIRS375,0.03349,7.73,1,muy baja,2026-10-05T18:06:10,mirova-archivo,1
2018-09-07T04:48:00,357150,Puyehue-Cordon Caulle,VIIRS375,0.07309,7.83,1,muy baja,2026-10-05T18:06:10,mirova-archivo,1
2018-09-07T05:36:00,357150,Puyehue-Cordon Caulle,VIIRS375,0.402,8.83,1,muy baja,2026-10-05T18:06:10,mirova-archivo,1
2018-09-08T04:30:00,357150,Puyehue-Cordon Caulle,VIIRS375,0.2468,8.30,1,muy baja,2026-10-05T18:06:10,mirova-archivo,1
2018-09-08T05:18:00,357150,Puyehue-Cordon Caulle,VIIRS375,0.5464,8.83,1,muy baja,2026-10-05T18:06:10,mirova-archivo,1
2018-09-08T06:06:00,357150,Puyehue-Cordon Caulle,VIIRS375,1.408,8.75,1,baja,2026-10-05T18:06:10,mirova-archivo,1
2018-09-09T05:00:00,357150,Puyehue-Cordon Caulle,VIIRS375,1.071,8.83,1,baja,2026-10-05T18:06:10,mirova-archivo,1
2018-09-09T05:48:00,357150,Puyehue-Cordon Caulle,VIIRS375,1.896,8.83,1,baja,2026-10-05T18:06:10,mirova-archivo,1
2018-09-10T04:42:00,357150,Puyehue-Cordon Caulle,VIIRS375,1.167,8.91,1,baja,2026-10-05T18:06:10,mirova-archivo,1
2018-09-10T05:30:00,357150,Puyehue-Cordon Caulle,VIIRS375,1.615,8.83,1,baja,2026-10-05T18:06:10,mirova-archivo,1
2018-09-10T06:18:00,357150,Puyehue-Cordon Caulle,VIIRS375,1.332,8.83,1,baja,2026-10-05T18:06:10,mirova-archivo,1
2018-09-11T05:12:00,357150,Puyehue-Cordon Caulle,VIIRS375,0.3926,8.83,1,muy baja,2026-10-05T18:06:10,mirova-archivo,1
2018-09-11T06:00:00,357150,Puyehue-Cordon Caulle,VIIRS375,0.2362,8.19,1,muy baja,2026-10-05T18:06:10,mirova-archivo,1
2018-09-12T04:54:00,357150,Puyehue-Cordon Caulle,VIIRS375,0.1494,8.83,1,muy baja,2026-10-05T18:06:10,mirova-archivo,1
2018-09-12T05:42:00,357150,Puyehue-Cordon Caulle,VIIRS375,0.6721,8.83,1,muy baja,2026-10-05T18:06:10,mirova-archivo,1
2018-09-13T04:36:00,357150,Puyehue-Cordon Caulle,VIIRS375,0.3166,8.66,1,muy baja,2026-10-05T18:06:10,mirova-archivo,1
2018-09-13T05:24:00,357150,Puyehue-Cordon Caulle,VIIRS375,1.569,8.83,1,baja,2026-10-05T18:06:10,mirova-archivo,1
2018-09-13T06:12:00,357150,Puyehue-Cordon Caulle,VIIRS375,1.049,8.83,1,baja,2026-10-05T18:06:10,mirova-archivo,1
2018-09-14T05:06:00,357150,Puyehue-Cordon Caulle,VIIRS375,2.066,8.91,1,baja,2026-10-05T18:06:10,mirova-archivo,1
2018-09-14T05:54:00,357150,Puyehue-Cordon Caulle,VIIRS375,2.022,8.75,1,baja,2026-10-05T18:06:10,mirova-archivo,1
2018-09-14T06:48:00,357150,Puyehue-Cordon Caulle,VIIRS375,0.741,7.73,1,muy baja,2026-10-05T18:06:10,mirova-archivo,1
2018-09-15T04:48:00,357150,Puyehue-Cordon Caulle,VIIRS375,0.1672,8.30,1,muy baja,2026-10-05T18:06:10,mirova-archivo,1
2018-09-15T05:36:00,357150,Puyehue-Cordon Caulle,VIIRS375,1.262,8.83,1,baja,2026-10-05T18:06:10,mirova-archivo,1
2018-09-15T06:24:00,357150,Puyehue-Cordon Caulle,VIIRS375,0.2502,8.19,1,muy baja,2026-10-05T18:06:10,mirova-archivo,1
2018-09-26T06:18:00,357150,Puyehue-Cordon Caulle,VIIRS375,0.07571,7.73,1,muy baja,2026-10-05T18:06:10,mirova-archivo,1
2018-10-03T05:48:00,357150,Puyehue-Cordon Caulle,VIIRS375,0.2599,8.19,1,muy baja,2026-10-05T18:06:10,mirova-archivo,1
2018-10-04T04:42:00,357150,Puyehue-Cordon Caulle,VIIRS375,0.9035,8.55,1,muy baja,2026-10-05T18:06:10,mirova-archivo,1
2018-10-04T05:30:00,357150,Puyehue-Cordon Caulle,VIIRS375,1.115,8.83,1,baja,2026-10-05T18:06:10,mirova-archivo,1
2018-10-05T05:12:00,357150,Puyehue-Cordon Caulle,VIIRS375,0.6823,8.83,1,muy baja,2026-10-05T18:06:10,mirova-archivo,1
2018-10-05T06:00:00,357150,Puyehue-Cordon Caulle,VIIRS375,0.4061,7.83,1,muy baja,2026-10-05T18:06:10,mirova-archivo,1
2018-10-06T04:54:00,357150,Puyehue-Cordon Caulle,VIIRS375,0.4206,8.91,1,muy baja,2026-10-05T18:06:10,mirova-archivo,1
2018-10-06T06:30:00,357150,Puyehue-Cordon Caulle,VIIRS375,0.1024,7.65,1,muy baja,2026-10-05T18:06:10,mirova-archivo,1
2018-10-10T04:30:00,357150,Puyehue-Cordon Caulle,VIIRS375,0.09399,8.19,1,muy baja,2026-10-05T18:06:10,mirova-archivo,1
2018-10-10T05:18:00,357150,Puyehue-Cordon Caulle,VIIRS375,0.4116,8.30,1,muy baja,2026-10-05T18:06:10,mirova-archivo,1
2018-10-10T06:06:00,357150,Puyehue-Cordon Caulle,VIIRS375,0.3681,8.83,1,muy baja,2026-10-05T18:06:10,mirova-archivo,1
2018-10-11T05:00:00,357150,Puyehue-Cordon Caulle,VIIRS375,0.8573,8.83,1,muy baja,2026-10-05T18:06:10,mirova-archivo,1
2018-10-11T05:48:00,357150,Puyehue-Cordon Caulle,VIIRS375,1.745,22.54,0,fuera de radio,2026-10-05T18:06:10,mirova-archivo,1
2018-10-12T05:30:00,357150,Puyehue-Cordon Caulle,VIIRS375,0.08777,8.30,1,muy baja,2026-10-05T18:06:10,mirova-archivo,1
2018-10-13T05:12:00,357150,Puyehue-Cordon Caulle,VIIRS375,1.605,8.83,1,baja,2026-10-05T18:06:10,mirova-archivo,1
2018-10-13T06:00:00,357150,Puyehue-Cordon Caulle,VIIRS375,1.569,8.83,1,baja,2026-10-05T18:06:10,mirova-archivo,1
2018-10-23T04:36:00,357150,Puyehue-Cordon Caulle,VIIRS375,0.6799,8.91,1,muy baja,2026-10-05T18:06:10,mirova-archivo,1
2018-10-23T05:24:00,357150,Puyehue-Cordon Caulle,VIIRS375,1.206,8.75,1,baja,2026-10-05T18:06:10,mirova-archivo,1
2018-10-23T06:12:00,357150,Puyehue-Cordon Caulle,VIIRS375,1.691,8.75,1,baja,2026-10-05T18:06:10,mirova-archivo,1
2018-10-25T04:48:00,357150,Puyehue-Cordon Caulle,VIIRS375,0.2517,8.46,1,muy baja,2026-10-05T18:06:10,mirova-archivo,1
2018-10-25T05:36:00,357150,Puyehue-Cordon Caulle,VIIRS375,1.729,8.83,1,baja,2026-10-05T18:06:10,mirova-archivo,1
2018-10-25T06:30:00,357150,Puyehue-Cordon Caulle,VIIRS375,2.081,8.75,1,baja,2026-10-05T18:06:10,mirova-archivo,1
2018-10-27T05:48:00,357150,Puyehue-Cordon Caulle,VIIRS375,0.7234,25.42,0,no volcanica,2026-10-05T18:06:10,mirova-archivo,0
2018-10-31T04:36:00,357150,Puyehue-Cordon Caulle,VIIRS375,0.5295,8.30,1,muy baja,2026-10-05T18:06:10,mirova-archivo,1
2018-10-31T05:24:00,357150,Puyehue-Cordon Caulle,VIIRS375,2.097,8.83,1,baja,2026-10-05T18:06:10,mirova-archivo,1
2018-10-31T06:12:00,357150,Puyehue-Cordon Caulle,VIIRS375,1.427,8.75,1,baja,2026-10-05T18:06:10,mirova-archivo,1
2018-11-05T05:30:00,357150,Puyehue-Cordon Caulle,VIIRS375,0.08247,8.19,1,muy baja,2026-10-05T18:06:10,mirova-archivo,1
2018-11-06T05:12:00,357150,Puyehue-Cordon Caulle,VIIRS375,1.206,8.83,1,baja,2026-10-05T18:06:10,mirova-archivo,1
2018-11-06T06:00:00,357150,Puyehue-Cordon Caulle,VIIRS375,1.413,8.75,1,baja,2026-10-05T18:06:10,mirova-archivo,1
2018-11-07T04:54:00,357150,Puyehue-Cordon Caulle,VIIRS375,1.128,8.46,1,baja,2026-10-05T18:06:10,mirova-archivo,1
2018-11-07T05:42:00,357150,Puyehue-Cordon Caulle,VIIRS375,2.101,8.83,1,baja,2026-10-05T18:06:10,mirova-archivo,1
2018-11-07T06:30:00,357150,Puyehue-Cordon Caulle,VIIRS375,0.9508,8.19,1,muy baja,2026-10-05T18:06:10,mirova-archivo,1
2018-11-08T04:36:00,357150,Puyehue-Cordon Caulle,VIIRS375,1.67,8.78,1,baja,2026-10-05T18:06:10,mirova-archivo,1
2018-11-08T05:24:00,357150,Puyehue-Cordon Caulle,VIIRS375,2.09,8.83,1,baja,2026-10-05T18:06:10,mirova-archivo,1
2018-11-08T06:12:00,357150,Puyehue-Cordon Caulle,VIIRS375,1.715,8.75,1,baja,2026-10-05T18:06:10,mirova-archivo,1
2018-11-10T04:48:00,357150,Puyehue-Cordon Caulle,VIIRS375,0.1163,8.83,1,muy baja,2026-10-05T18:06:10,mirova-archivo,1
2018-11-10T05:36:00,357150,Puyehue-Cordon Caulle,VIIRS375,1.608,8.19,1,baja,2026-10-05T18:06:10,mirova-archivo,1
2018-11-10T06:30:00,357150,Puyehue-Cordon Caulle,VIIRS375,0.09444,7.83,1,muy baja,2026-10-05T18:06:10,mirova-archivo,1
2018-11-12T05:00:00,357150,Puyehue-Cordon Caulle,VIIRS375,1.074,8.83,1,baja,2026-10-05T18:06:10,mirova-archivo,1
2018-11-12T05:48:00,357150,Puyehue-Cordon Caulle,VIIRS375,1.965,8.83,1,baja,2026-10-05T18:06:10,mirova-archivo,1
2018-11-13T04:42:00,357150,Puyehue-Cordon Caulle,VIIRS375,0.1099,8.91,1,muy baja,2026-10-05T18:06:10,mirova-archivo,1
2018-11-13T05:30:00,357150,Puyehue-Cordon Caulle,VIIRS375,0.7872,7.83,1,muy baja,2026-10-05T18:06:10,mirova-archivo,1
2018-11-16T04:36:00,357150,Puyehue-Cordon Caulle,VIIRS375,1.344,8.91,1,baja,2026-10-05T18:06:10,mirova-archivo,1
2018-11-16T05:24:00,357150,Puyehue-Cordon Caulle,VIIRS375,2.755,8.83,1,baja,2026-10-05T18:06:10,mirova-archivo,1
2018-11-16T06:12:00,357150,Puyehue-Cordon Caulle,VIIRS375,2.814,8.75,1,baja,2026-10-05T18:06:10,mirova-archivo,1
2018-11-19T05:18:00,357150,Puyehue-Cordon Caulle,VIIRS375,1.616,8.83,1,baja,2026-10-05T18:06:10,mirova-archivo,1
2018-11-19T06:06:00,357150,Puyehue-Cordon Caulle,VIIRS375,0.7182,8.19,1,muy baja,2026-10-05T18:06:10,mirova-archivo,1
2018-11-23T04:54:00,357150,Puyehue-Cordon Caulle,VIIRS375,0.942,8.83,1,muy baja,2026-10-05T18:06:10,mirova-archivo,1
2018-11-23T05:42:00,357150,Puyehue-Cordon Caulle,VIIRS750,5.145,8.55,1,baja,2026-10-05T18:06:10,mirova-archivo,1
2018-11-23T06:30:00,357150,Puyehue-Cordon Caulle,VIIRS375,1.751,8.83,1,baja,2026-10-05T18:06:10,mirova-archivo,1
2018-11-24T05:24:00,357150,Puyehue-Cordon Caulle,VIIRS750,5.612,8.55,1,baja,2026-10-05T18:06:10,mirova-archivo,1
2018-11-24T06:12:00,357150,Puyehue-Cordon Caulle,VIIRS375,1.513,8.83,1,baja,2026-10-05T18:06:10,mirova-archivo,1
2018-11-25T05:06:00,357150,Puyehue-Cordon Caulle,VIIRS375,2.121,8.83,1,baja,2026-10-05T18:06:10,mirova-archivo,1
2018-11-25T05:54:00,357150,Puyehue-Cordon Caulle,VIIRS375,2.533,8.83,1,baja,2026-10-05T18:06:10,mirova-archivo,1
2018-11-25T06:48:00,357150,Puyehue-Cordon Caulle,VIIRS375,0.2021,8.75,1,muy baja,2026-10-05T18:06:10,mirova-archivo,1
2018-11-26T04:48:00,357150,Puyehue-Cordon Caulle,VIIRS375,1.259,8.83,1,baja,2026-10-05T18:06:10,mirova-archivo,1
2018-11-26T05:36:00,357150,Puyehue-Cordon Caulle,VIIRS375,2.195,8.83,1,baja,2026-10-05T18:06:10,mirova-archivo,1
2018-11-26T06:30:00,357150,Puyehue-Cordon Caulle,VIIRS375,1.797,8.75,1,baja,2026-10-05T18:06:10,mirova-archivo,1
2018-11-27T05:18:00,357150,Puyehue-Cordon Caulle,VIIRS375,1.781,8.55,1,baja,2026-10-05T18:06:10,mirova-archivo,1
2018-11-27T06:06:00,357150,Puyehue-Cordon Caulle,VIIRS375,1.763,7.95,1,baja,2026-10-05T18:06:10,mirova-archivo,1
2018-11-28T05:00:00,357150,Puyehue-Cordon Caulle,VIIRS375,2.69,8.91,1,baja,2026-10-05T18:06:10,mirova-archivo,1
2018-11-28T05:48:00,357150,Puyehue-Cordon Caulle,VIIRS750,7.614,8.55,1,baja,2026-10-05T18:06:10,mirova-archivo,1
2018-11-29T05:30:00,357150,Puyehue-Cordon Caulle,VIIRS375,1.442,8.83,1,baja,2026-10-05T18:06:10,mirova-archivo,1
2018-11-29T06:18:00,357150,Puyehue-Cordon Caulle,VIIRS375,0.4821,8.75,1,muy baja,2026-10-05T18:06:10,mirova-archivo,1
2018-12-01T04:54:00,357150,Puyehue-Cordon Caulle,VIIRS375,0.2853,8.19,1,muy baja,2026-10-05T18:06:10,mirova-archivo,1
2018-12-01T05:42:00,357150,Puyehue-Cordon Caulle,VIIRS375,2.244,8.83,1,baja,2026-10-05T18:06:10,mirova-archivo,1
2018-12-01T06:36:00,357150,Puyehue-Cordon Caulle,VIIRS375,1.294,8.75,1,baja,2026-10-05T18:06:10,mirova-archivo,1
2018-12-02T05:24:00,357150,Puyehue-Cordon Caulle,VIIRS375,2.122,8.83,1,baja,2026-10-05T18:06:10,mirova-archivo,1
2018-12-02T06:12:00,357150,Puyehue-Cordon Caulle,VIIRS375,2.227,8.75,1,baja,2026-10-05T18:06:10,mirova-archivo,1
2018-12-03T05:06:00,357150,Puyehue-Cordon Caulle,VIIRS375,1.964,8.83,1,baja,2026-10-05T18:06:10,mirova-archivo,1
2018-12-03T05:54:00,357150,Puyehue-Cordon Caulle,VIIRS375,1.868,8.83,1,baja,2026-10-05T18:06:10,mirova-archivo,1
2018-12-03T06:48:00,357150,Puyehue-Cordon Caulle,VIIRS375,0.9577,8.19,1,muy baja,2026-10-05T18:06:10,mirova-archivo,1
2018-12-04T05:36:00,357150,Puyehue-Cordon Caulle,VIIRS375,1.514,8.83,1,baja,2026-10-05T18:06:10,mirova-archivo,1
2018-12-04T06:24:00,357150,Puyehue-Cordon Caulle,VIIRS375,0.6453,8.75,1,muy baja,2026-10-05T18:06:10,mirova-archivo,1
2018-12-05T05:18:00,357150,Puyehue-Cordon Caulle,VIIRS375,1.707,8.83,1,baja,2026-10-05T18:06:10,mirova-archivo,1
2018-12-05T06:06:00,357150,Puyehue-Cordon Caulle,VIIRS375,3.146,8.83,1,baja,2026-10-05T18:06:10,mirova-archivo,1
2018-12-06T05:00:00,357150,Puyehue-Cordon Caulle,VIIRS375,0.5222,8.83,1,muy baja,2026-10-05T18:06:10,mirova-archivo,1
2018-12-06T05:48:00,357150,Puyehue-Cordon Caulle,VIIRS375,1.72,8.83,1,baja,2026-10-05T18:06:10,mirova-archivo,1
2018-12-06T06:42:00,357150,Puyehue-Cordon Caulle,VIIRS375,1.151,7.83,1,baja,2026-10-05T18:06:10,mirova-archivo,1
2018-12-07T04:42:00,357150,Puyehue-Cordon Caulle,VIIRS375,0.7041,8.83,1,muy baja,2026-10-05T18:06:10,mirova-archivo,1
2018-12-07T05:30:00,357150,Puyehue-Cordon Caulle,VIIRS375,1.318,8.83,1,baja,2026-10-05T18:06:10,mirova-archivo,1
2018-12-10T05:24:00,357150,Puyehue-Cordon Caulle,VIIRS375,0.1145,7.73,1,muy baja,2026-10-05T18:06:10,mirova-archivo,1
2018-12-10T06:12:00,357150,Puyehue-Cordon Caulle,VIIRS375,0.7415,8.83,1,muy baja,2026-10-05T18:06:10,mirova-archivo,1
2018-12-13T06:20:00,357150,Puyehue-Cordon Caulle,MODIS,0.4845,2.83,0,no volcanica,2026-10-05T18:06:10,mirova-archivo,0
2018-12-14T05:48:00,357150,Puyehue-Cordon Caulle,VIIRS375,0.3472,8.83,1,muy baja,2026-10-05T18:06:10,mirova-archivo,1
2018-12-15T05:30:00,357150,Puyehue-Cordon Caulle,VIIRS375,1.55,8.83,1,baja,2026-10-05T18:06:10,mirova-archivo,1
2018-12-15T06:18:00,357150,Puyehue-Cordon Caulle,VIIRS375,0.3375,8.83,1,muy baja,2026-10-05T18:06:10,mirova-archivo,1
2018-12-17T04:54:00,357150,Puyehue-Cordon Caulle,VIIRS375,1.509,8.83,1,baja,2026-10-05T18:06:10,mirova-archivo,1
2018-12-17T05:42:00,357150,Puyehue-Cordon Caulle,VIIRS375,2.481,8.83,1,baja,2026-10-05T18:06:10,mirova-archivo,1
2018-12-17T06:36:00,357150,Puyehue-Cordon Caulle,VIIRS375,1.031,8.83,1,baja,2026-10-05T18:06:10,mirova-archivo,1
2018-12-18T05:24:00,357150,Puyehue-Cordon Caulle,VIIRS375,1,8.83,1,baja,2026-10-05T18:06:10,mirova-archivo,1
2018-12-18T06:12:00,357150,Puyehue-Cordon Caulle,VIIRS375,1.359,8.83,1,baja,2026-10-05T18:06:10,mirova-archivo,1
2018-12-19T05:06:00,357150,Puyehue-Cordon Caulle,VIIRS375,1.391,8.83,1,baja,2026-10-05T18:06:10,mirova-archivo,1
2018-12-19T05:54:00,357150,Puyehue-Cordon Caulle,VIIRS375,0.1234,7.65,1,muy baja,2026-10-05T18:06:10,mirova-archivo,1
2018-12-19T06:48:00,357150,Puyehue-Cordon Caulle,VIIRS375,0.1399,8.10,1,muy baja,2026-10-05T18:06:10,mirova-archivo,1
2018-12-20T05:36:00,357150,Puyehue-Cordon Caulle,VIIRS375,0.2871,7.73,1,muy baja,2026-10-05T18:06:10,mirova-archivo,1
2018-12-20T06:24:00,357150,Puyehue-Cordon Caulle,VIIRS375,1.434,8.83,1,baja,2026-10-05T18:06:10,mirova-archivo,1
2018-12-21T05:18:00,357150,Puyehue-Cordon Caulle,VIIRS375,1.211,8.83,1,baja,2026-10-05T18:06:10,mirova-archivo,1
2018-12-21T06:06:00,357150,Puyehue-Cordon Caulle,VIIRS375,1.25,8.83,1,baja,2026-10-05T18:06:10,mirova-archivo,1
2018-12-22T05:00:00,357150,Puyehue-Cordon Caulle,VIIRS375,1.355,8.83,1,baja,2026-10-05T18:06:10,mirova-archivo,1
2018-12-22T05:48:00,357150,Puyehue-Cordon Caulle,VIIRS375,2.008,8.83,1,baja,2026-10-05T18:06:10,mirova-archivo,1
2018-12-22T06:42:00,357150,Puyehue-Cordon Caulle,VIIRS375,0.1439,7.58,1,muy baja,2026-10-05T18:06:10,mirova-archivo,1
2018-12-23T05:30:00,357150,Puyehue-Cordon Caulle,VIIRS375,1.187,8.83,1,baja,2026-10-05T18:06:10,mirova-archivo,1
2018-12-24T05:12:00,357150,Puyehue-Cordon Caulle,VIIRS375,1.153,8.83,1,baja,2026-10-05T18:06:10,mirova-archivo,1
2018-12-24T06:00:00,357150,Puyehue-Cordon Caulle,VIIRS375,0.3922,8.83,1,muy baja,2026-10-05T18:06:10,mirova-archivo,1
2018-12-25T04:54:00,357150,Puyehue-Cordon Caulle,VIIRS375,0.1758,8.83,1,muy baja,2026-10-05T18:06:10,mirova-archivo,1
2018-12-25T05:42:00,357150,Puyehue-Cordon Caulle,VIIRS375,0.999,8.10,1,muy baja,2026-10-05T18:06:10,mirova-archivo,1
2018-12-25T06:30:00,357150,Puyehue-Cordon Caulle,VIIRS375,0.3185,8.75,1,muy baja,2026-10-05T18:06:10,mirova-archivo,1
2018-12-26T05:24:00,357150,Puyehue-Cordon Caulle,VIIRS375,2.881,8.83,1,baja,2026-10-05T18:06:10,mirova-archivo,1
2018-12-26T06:12:00,357150,Puyehue-Cordon Caulle,VIIRS375,1.642,8.39,1,baja,2026-10-05T18:06:10,mirova-archivo,1
2018-12-28T04:48:00,357150,Puyehue-Cordon Caulle,VIIRS375,0.2877,8.83,1,muy baja,2026-10-05T18:06:10,mirova-archivo,1
2018-12-28T05:36:00,357150,Puyehue-Cordon Caulle,VIIRS750,6.357,8.55,1,baja,2026-10-05T18:06:10,mirova-archivo,1
2018-12-28T06:30:00,357150,Puyehue-Cordon Caulle,VIIRS375,0.2359,7.37,1,muy baja,2026-10-05T18:06:10,mirova-archivo,1
2018-12-30T05:48:00,357150,Puyehue-Cordon Caulle,VIIRS375,0.1025,7.65,1,muy baja,2026-10-05T18:06:10,mirova-archivo,1
2019-01-02T04:54:00,357150,Puyehue-Cordon Caulle,VIIRS375,0.2421,24.45,0,no volcanica,2026-10-05T18:06:10,mirova-archivo,0
2019-01-03T04:36:00,357150,Puyehue-Cordon Caulle,VIIRS375,0.1885,7.83,1,muy baja,2026-10-05T18:06:10,mirova-archivo,1
2019-01-03T05:24:00,357150,Puyehue-Cordon Caulle,VIIRS375,1.171,8.83,1,baja,2026-10-05T18:06:10,mirova-archivo,1
2019-01-04T05:06:00,357150,Puyehue-Cordon Caulle,VIIRS375,0.4457,8.83,1,muy baja,2026-10-05T18:06:10,mirova-archivo,1
2019-01-04T05:54:00,357150,Puyehue-Cordon Caulle,VIIRS375,1.059,8.83,1,baja,2026-10-05T18:06:10,mirova-archivo,1
2019-01-05T04:48:00,357150,Puyehue-Cordon Caulle,VIIRS375,0.1153,8.83,1,muy baja,2026-10-05T18:06:10,mirova-archivo,1
2019-01-05T05:36:00,357150,Puyehue-Cordon Caulle,VIIRS375,1.265,8.10,1,baja,2026-10-05T18:06:10,mirova-archivo,1
2019-01-05T06:24:00,357150,Puyehue-Cordon Caulle,VIIRS375,1.081,8.19,1,baja,2026-10-05T18:06:10,mirova-archivo,1
2019-01-06T05:18:00,357150,Puyehue-Cordon Caulle,VIIRS375,0.7819,8.10,1,muy baja,2026-10-05T18:06:10,mirova-archivo,1
2019-01-06T06:06:00,357150,Puyehue-Cordon Caulle,VIIRS375,0.4662,8.83,1,muy baja,2026-10-05T18:06:10,mirova-archivo,1
2019-01-10T04:54:00,357150,Puyehue-Cordon Caulle,VIIRS375,1.223,8.83,1,baja,2026-10-05T18:06:10,mirova-archivo,1
2019-01-10T05:42:00,357150,Puyehue-Cordon Caulle,VIIRS375,1.843,8.83,1,baja,2026-10-05T18:06:10,mirova-archivo,1
2019-01-11T05:24:00,357150,Puyehue-Cordon Caulle,VIIRS375,1.544,8.39,1,baja,2026-10-05T18:06:10,mirova-archivo,1
2019-01-11T06:12:00,357150,Puyehue-Cordon Caulle,VIIRS375,1.767,8.83,1,baja,2026-10-05T18:06:10,mirova-archivo,1
2019-01-12T05:54:00,357150,Puyehue-Cordon Caulle,VIIRS375,0.05839,7.73,1,muy baja,2026-10-05T18:06:10,mirova-archivo,1
2019-01-13T04:48:00,357150,Puyehue-Cordon Caulle,VIIRS375,1.38,8.46,1,baja,2026-10-05T18:06:10,mirova-archivo,1
2019-01-13T05:36:00,357150,Puyehue-Cordon Caulle,VIIRS375,1.98,8.83,1,baja,2026-10-05T18:06:10,mirova-archivo,1
2019-01-14T04:30:00,357150,Puyehue-Cordon Caulle,VIIRS375,0.6787,8.55,1,muy baja,2026-10-05T18:06:10,mirova-archivo,1
2019-01-14T05:18:00,357150,Puyehue-Cordon Caulle,VIIRS375,1.575,8.83,1,baja,2026-10-05T18:06:10,mirova-archivo,1
2019-01-14T06:06:00,357150,Puyehue-Cordon Caulle,VIIRS375,1.58,8.83,1,baja,2026-10-05T18:06:10,mirova-archivo,1
2019-01-15T05:00:00,357150,Puyehue-Cordon Caulle,VIIRS375,0.3366,8.30,1,muy baja,2026-10-05T18:06:10,mirova-archivo,1
2019-01-15T05:48:00,357150,Puyehue-Cordon Caulle,VIIRS375,1.191,8.83,1,baja,2026-10-05T18:06:10,mirova-archivo,1
2019-01-15T06:42:00,357150,Puyehue-Cordon Caulle,VIIRS375,0.08976,8.75,1,muy baja,2026-10-05T18:06:10,mirova-archivo,1
2019-01-16T05:30:00,357150,Puyehue-Cordon Caulle,VIIRS375,0.92,18.88,0,no volcanica,2026-10-05T18:06:10,mirova-archivo,0
2019-01-17T05:12:00,357150,Puyehue-Cordon Caulle,VIIRS375,1.798,8.83,1,baja,2026-10-05T18:06:10,mirova-archivo,1
2019-01-17T06:00:00,357150,Puyehue-Cordon Caulle,VIIRS375,1.636,8.75,1,baja,2026-10-05T18:06:10,mirova-archivo,1
2019-01-18T04:54:00,357150,Puyehue-Cordon Caulle,VIIRS375,1.613,8.83,1,baja,2026-10-05T18:06:10,mirova-archivo,1
2019-01-18T05:42:00,357150,Puyehue-Cordon Caulle,VIIRS375,1.486,8.83,1,baja,2026-10-05T18:06:10,mirova-archivo,1
2019-01-18T06:36:00,357150,Puyehue-Cordon Caulle,VIIRS375,1.426,7.83,1,baja,2026-10-05T18:06:10,mirova-archivo,1
2019-01-19T04:36:00,357150,Puyehue-Cordon Caulle,VIIRS375,0.5303,8.19,1,muy baja,2026-10-05T18:06:10,mirova-archivo,1
2019-01-19T05:24:00,357150,Puyehue-Cordon Caulle,VIIRS375,0.9984,8.10,1,muy baja,2026-10-05T18:06:10,mirova-archivo,1
2019-01-19T06:12:00,357150,Puyehue-Cordon Caulle,VIIRS375,1.335,8.10,1,baja,2026-10-05T18:06:10,mirova-archivo,1
2019-01-20T05:06:00,357150,Puyehue-Cordon Caulle,VIIRS375,2.148,8.83,1,baja,2026-10-05T18:06:10,mirova-archivo,1
2019-01-20T05:54:00,357150,Puyehue-Cordon Caulle,VIIRS375,1.259,8.39,1,baja,2026-10-05T18:06:10,mirova-archivo,1
2019-01-20T06:48:00,357150,Puyehue-Cordon Caulle,VIIRS375,0.5435,7.73,1,muy baja,2026-10-05T18:06:10,mirova-archivo,1
2019-01-21T05:36:00,357150,Puyehue-Cordon Caulle,VIIRS375,0.1084,8.83,1,muy baja,2026-10-05T18:06:10,mirova-archivo,1
2019-01-21T06:24:00,357150,Puyehue-Cordon Caulle,VIIRS375,0.2699,8.02,1,muy baja,2026-10-05T18:06:10,mirova-archivo,1
2019-01-22T05:18:00,357150,Puyehue-Cordon Caulle,VIIRS375,0.4749,7.73,1,muy baja,2026-10-05T18:06:10,mirova-archivo,1
2019-01-22T06:06:00,357150,Puyehue-Cordon Caulle,VIIRS375,0.08475,8.83,1,muy baja,2026-10-05T18:06:10,mirova-archivo,1
2019-01-23T05:00:00,357150,Puyehue-Cordon Caulle,VIIRS375,0.9795,8.30,1,muy baja,2026-10-05T18:06:10,mirova-archivo,1
2019-01-23T05:48:00,357150,Puyehue-Cordon Caulle,VIIRS375,1.647,8.75,1,baja,2026-10-05T18:06:10,mirova-archivo,1
2019-01-23T06:42:00,357150,Puyehue-Cordon Caulle,VIIRS375,0.5269,7.65,1,muy baja,2026-10-05T18:06:10,mirova-archivo,1
2019-01-24T04:42:00,357150,Puyehue-Cordon Caulle,VIIRS375,1.117,8.55,1,baja,2026-10-05T18:06:10,mirova-archivo,1
2019-01-24T05:30:00,357150,Puyehue-Cordon Caulle,VIIRS375,1.44,8.83,1,baja,2026-10-05T18:06:10,mirova-archivo,1
2019-01-24T06:18:00,357150,Puyehue-Cordon Caulle,VIIRS375,0.08299,7.73,1,muy baja,2026-10-05T18:06:10,mirova-archivo,1
2019-01-25T05:12:00,357150,Puyehue-Cordon Caulle,VIIRS375,1.754,8.83,1,baja,2026-10-05T18:06:10,mirova-archivo,1
2019-01-25T06:00:00,357150,Puyehue-Cordon Caulle,VIIRS375,0.8357,8.83,1,muy baja,2026-10-05T18:06:10,mirova-archivo,1
2019-01-25T06:54:00,357150,Puyehue-Cordon Caulle,VIIRS375,0.03056,2.12,0,no volcanica,2026-10-05T18:06:10,mirova-archivo,0
2019-01-26T04:54:00,357150,Puyehue-Cordon Caulle,VIIRS375,1.637,8.83,1,baja,2026-10-05T18:06:10,mirova-archivo,1
2019-01-26T05:42:00,357150,Puyehue-Cordon Caulle,VIIRS375,2.185,8.83,1,baja,2026-10-05T18:06:10,mirova-archivo,1
2019-01-27T04:36:00,357150,Puyehue-Cordon Caulle,VIIRS375,0.9202,8.55,1,muy baja,2026-10-05T18:06:10,mirova-archivo,1
2019-01-27T05:24:00,357150,Puyehue-Cordon Caulle,VIIRS375,1.235,8.19,1,baja,2026-10-05T18:06:10,mirova-archivo,1
2019-01-27T06:12:00,357150,Puyehue-Cordon Caulle,VIIRS375,0.9788,8.19,1,muy baja,2026-10-05T18:06:10,mirova-archivo,1
2019-01-28T05:06:00,357150,Puyehue-Cordon Caulle,VIIRS375,0.5436,8.10,1,muy baja,2026-10-05T18:06:10,mirova-archivo,1
2019-01-28T05:54:00,357150,Puyehue-Cordon Caulle,VIIRS375,0.4517,8.83,1,muy baja,2026-10-05T18:06:10,mirova-archivo,1
2019-01-29T04:48:00,357150,Puyehue-Cordon Caulle,VIIRS375,0.3803,7.83,1,muy baja,2026-10-05T18:06:10,mirova-archivo,1
2019-01-29T05:36:00,357150,Puyehue-Cordon Caulle,VIIRS375,2.106,8.83,1,baja,2026-10-05T18:06:10,mirova-archivo,1
2019-01-30T05:18:00,357150,Puyehue-Cordon Caulle,VIIRS375,0.2802,8.10,1,muy baja,2026-10-05T18:06:10,mirova-archivo,1
2019-01-30T06:06:00,357150,Puyehue-Cordon Caulle,VIIRS375,0.42,8.83,1,muy baja,2026-10-05T18:06:10,mirova-archivo,1
2019-01-31T05:00:00,357150,Puyehue-Cordon Caulle,VIIRS375,0.7878,8.55,1,muy baja,2026-10-05T18:06:10,mirova-archivo,1
2019-01-31T05:48:00,357150,Puyehue-Cordon Caulle,VIIRS375,1.068,7.83,1,baja,2026-10-05T18:06:10,mirova-archivo,1
2019-02-01T05:30:00,357150,Puyehue-Cordon Caulle,VIIRS375,1.442,8.83,1,baja,2026-10-05T18:06:10,mirova-archivo,1
2019-02-01T06:18:00,357150,Puyehue-Cordon Caulle,VIIRS375,0.767,8.83,1,muy baja,2026-10-05T18:06:10,mirova-archivo,1
2019-02-02T05:12:00,357150,Puyehue-Cordon Caulle,VIIRS375,0.1667,7.73,1,muy baja,2026-10-05T18:06:10,mirova-archivo,1
2019-02-02T06:00:00,357150,Puyehue-Cordon Caulle,VIIRS375,0.2655,7.73,1,muy baja,2026-10-05T18:06:10,mirova-archivo,1
2019-02-03T05:42:00,357150,Puyehue-Cordon Caulle,VIIRS375,0.5083,8.10,1,muy baja,2026-10-05T18:06:10,mirova-archivo,1
2019-02-03T06:36:00,357150,Puyehue-Cordon Caulle,VIIRS375,0.3366,7.65,1,muy baja,2026-10-05T18:06:10,mirova-archivo,1
2019-02-04T05:24:00,357150,Puyehue-Cordon Caulle,VIIRS375,0.1222,7.83,1,muy baja,2026-10-05T18:06:10,mirova-archivo,1
2019-02-04T06:12:00,357150,Puyehue-Cordon Caulle,VIIRS375,0.09418,8.39,1,muy baja,2026-10-05T18:06:10,mirova-archivo,1
2019-02-05T05:06:00,357150,Puyehue-Cordon Caulle,VIIRS375,0.8198,8.19,1,muy baja,2026-10-05T18:06:10,mirova-archivo,1
2019-02-05T05:54:00,357150,Puyehue-Cordon Caulle,VIIRS375,1.484,8.39,1,baja,2026-10-05T18:06:10,mirova-archivo,1
2019-02-05T06:48:00,357150,Puyehue-Cordon Caulle,VIIRS375,0.2486,7.83,1,muy baja,2026-10-05T18:06:10,mirova-archivo,1
2019-02-07T05:18:00,357150,Puyehue-Cordon Caulle,VIIRS375,0.6688,8.10,1,muy baja,2026-10-05T18:06:10,mirova-archivo,1
2019-02-07T06:06:00,357150,Puyehue-Cordon Caulle,VIIRS375,0.7,8.39,1,muy baja,2026-10-05T18:06:10,mirova-archivo,1
2019-02-08T05:00:00,357150,Puyehue-Cordon Caulle,VIIRS375,0.273,8.10,1,muy baja,2026-10-05T18:06:10,mirova-archivo,1
2019-02-08T05:48:00,357150,Puyehue-Cordon Caulle,VIIRS375,0.472,8.39,1,muy baja,2026-10-05T18:06:10,mirova-archivo,1
2019-02-09T04:42:00,357150,Puyehue-Cordon Caulle,VIIRS375,1.086,8.91,1,baja,2026-10-05T18:06:10,mirova-archivo,1
2019-02-09T05:30:00,357150,Puyehue-Cordon Caulle,VIIRS375,1.584,8.83,1,baja,2026-10-05T18:06:10,mirova-archivo,1
2019-02-09T06:18:00,357150,Puyehue-Cordon Caulle,VIIRS375,0.1022,8.83,1,muy baja,2026-10-05T18:06:10,mirova-archivo,1
2019-02-10T05:12:00,357150,Puyehue-Cordon Caulle,VIIRS375,0.134,8.83,1,muy baja,2026-10-05T18:06:10,mirova-archivo,1
2019-02-11T04:54:00,357150,Puyehue-Cordon Caulle,VIIRS375,0.2093,8.83,1,muy baja,2026-10-05T18:06:10,mirova-archivo,1
2019-02-11T05:42:00,357150,Puyehue-Cordon Caulle,VIIRS375,0.5225,8.83,1,muy baja,2026-10-05T18:06:10,mirova-archivo,1
2019-02-11T06:36:00,357150,Puyehue-Cordon Caulle,VIIRS375,0.1125,8.39,1,muy baja,2026-10-05T18:06:10,mirova-archivo,1
2019-02-12T05:24:00,357150,Puyehue-Cordon Caulle,VIIRS375,0.09544,8.83,1,muy baja,2026-10-05T18:06:10,mirova-archivo,1
2019-02-12T06:12:00,357150,Puyehue-Cordon Caulle,VIIRS375,0.16,7.65,1,muy baja,2026-10-05T18:06:10,mirova-archivo,1
2019-02-13T05:54:00,357150,Puyehue-Cordon Caulle,VIIRS375,0.3776,8.02,1,muy baja,2026-10-05T18:06:10,mirova-archivo,1
2019-02-14T04:48:00,357150,Puyehue-Cordon Caulle,VIIRS375,0.3411,8.83,1,muy baja,2026-10-05T18:06:10,mirova-archivo,1
2019-02-14T05:36:00,357150,Puyehue-Cordon Caulle,VIIRS375,1.127,8.75,1,baja,2026-10-05T18:06:10,mirova-archivo,1
2019-02-15T05:18:00,357150,Puyehue-Cordon Caulle,VIIRS375,0.2007,7.73,1,muy baja,2026-10-05T18:06:10,mirova-archivo,1
2019-02-15T06:06:00,357150,Puyehue-Cordon Caulle,VIIRS375,0.09818,8.75,1,muy baja,2026-10-05T18:06:10,mirova-archivo,1
2019-02-16T05:48:00,357150,Puyehue-Cordon Caulle,VIIRS375,0.4694,7.65,1,muy baja,2026-10-05T18:06:10,mirova-archivo,1
2019-02-17T05:30:00,357150,Puyehue-Cordon Caulle,VIIRS375,0.9966,8.19,1,muy baja,2026-10-05T18:06:10,mirova-archivo,1
2019-02-17T06:18:00,357150,Puyehue-Cordon Caulle,VIIRS375,0.6941,8.10,1,muy baja,2026-10-05T18:06:10,mirova-archivo,1
2019-02-18T05:12:00,357150,Puyehue-Cordon Caulle,VIIRS375,0.121,8.83,1,muy baja,2026-10-05T18:06:10,mirova-archivo,1
2019-02-18T06:00:00,357150,Puyehue-Cordon Caulle,VIIRS375,0.2406,8.39,1,muy baja,2026-10-05T18:06:10,mirova-archivo,1
2019-02-20T04:36:00,357150,Puyehue-Cordon Caulle,VIIRS375,0.357,8.30,1,muy baja,2026-10-05T18:06:10,mirova-archivo,1
2019-02-20T05:24:00,357150,Puyehue-Cordon Caulle,VIIRS375,1.222,8.83,1,baja,2026-10-05T18:06:10,mirova-archivo,1
2019-02-20T06:12:00,357150,Puyehue-Cordon Caulle,VIIRS375,0.4866,7.83,1,muy baja,2026-10-05T18:06:10,mirova-archivo,1
2019-02-21T05:06:00,357150,Puyehue-Cordon Caulle,VIIRS375,0.3327,8.10,1,muy baja,2026-10-05T18:06:10,mirova-archivo,1
2019-02-21T05:54:00,357150,Puyehue-Cordon Caulle,VIIRS375,0.2746,7.73,1,muy baja,2026-10-05T18:06:10,mirova-archivo,1
2019-02-22T05:36:00,357150,Puyehue-Cordon Caulle,VIIRS375,0.07349,7.83,1,muy baja,2026-10-05T18:06:10,mirova-archivo,1
2019-02-23T05:18:00,357150,Puyehue-Cordon Caulle,VIIRS375,0.4426,8.19,1,muy baja,2026-10-05T18:06:10,mirova-archivo,1
2019-02-23T06:06:00,357150,Puyehue-Cordon Caulle,VIIRS375,0.09642,8.10,1,muy baja,2026-10-05T18:06:10,mirova-archivo,1
2019-02-25T04:42:00,357150,Puyehue-Cordon Caulle,VIIRS375,0.1458,7.95,1,muy baja,2026-10-05T18:06:10,mirova-archivo,1
2019-02-25T05:30:00,357150,Puyehue-Cordon Caulle,VIIRS375,1.427,8.83,1,baja,2026-10-05T18:06:10,mirova-archivo,1
2019-02-25T06:18:00,357150,Puyehue-Cordon Caulle,VIIRS375,0.9134,8.75,1,muy baja,2026-10-05T18:06:10,mirova-archivo,1
2019-02-26T05:12:00,357150,Puyehue-Cordon Caulle,VIIRS375,0.6162,8.83,1,muy baja,2026-10-05T18:06:10,mirova-archivo,1
2019-02-26T06:00:00,357150,Puyehue-Cordon Caulle,VIIRS375,1.358,8.83,1,baja,2026-10-05T18:06:10,mirova-archivo,1
2019-02-26T06:54:00,357150,Puyehue-Cordon Caulle,VIIRS375,0.1177,8.10,1,muy baja,2026-10-05T18:06:10,mirova-archivo,1
2019-02-27T04:54:00,357150,Puyehue-Cordon Caulle,VIIRS375,0.4144,8.10,1,muy baja,2026-10-05T18:06:10,mirova-archivo,1
2019-02-27T05:42:00,357150,Puyehue-Cordon Caulle,VIIRS375,1.387,8.83,1,baja,2026-10-05T18:06:10,mirova-archivo,1
2019-02-27T06:36:00,357150,Puyehue-Cordon Caulle,VIIRS375,0.9327,8.75,1,muy baja,2026-10-05T18:06:10,mirova-archivo,1
2019-02-28T05:24:00,357150,Puyehue-Cordon Caulle,VIIRS375,0.8903,8.83,1,muy baja,2026-10-05T18:06:10,mirova-archivo,1
2019-02-28T06:12:00,357150,Puyehue-Cordon Caulle,VIIRS375,0.6226,8.10,1,muy baja,2026-10-05T18:06:10,mirova-archivo,1
2019-03-02T06:24:00,357150,Puyehue-Cordon Caulle,VIIRS375,0.1166,7.65,1,muy baja,2026-10-05T18:06:10,mirova-archivo,1
2019-03-03T05:18:00,357150,Puyehue-Cordon Caulle,VIIRS375,0.1658,8.10,1,muy baja,2026-10-05T18:06:10,mirova-archivo,1
2019-03-08T04:36:00,357150,Puyehue-Cordon Caulle,VIIRS375,0.5116,8.46,1,muy baja,2026-10-05T18:06:10,mirova-archivo,1
2019-03-08T05:24:00,357150,Puyehue-Cordon Caulle,VIIRS375,1.228,8.83,1,baja,2026-10-05T18:06:10,mirova-archivo,1
2019-03-08T06:12:00,357150,Puyehue-Cordon Caulle,VIIRS375,0.8621,8.83,1,muy baja,2026-10-05T18:06:10,mirova-archivo,1
2019-03-09T05:54:00,357150,Puyehue-Cordon Caulle,VIIRS375,0.08107,8.83,1,muy baja,2026-10-05T18:06:10,mirova-archivo,1
2019-03-10T05:36:00,357150,Puyehue-Cordon Caulle,VIIRS375,0.2825,7.73,1,muy baja,2026-10-05T18:06:10,mirova-archivo,1
2019-03-10T06:30:00,357150,Puyehue-Cordon Caulle,VIIRS375,0.06724,8.75,1,muy baja,2026-10-05T18:06:10,mirova-archivo,1
2019-03-11T04:30:00,357150,Puyehue-Cordon Caulle,VIIRS375,0.1213,8.91,1,muy baja,2026-10-05T18:06:10,mirova-archivo,1
2019-03-11T05:18:00,357150,Puyehue-Cordon Caulle,VIIRS375,0.9288,8.83,1,muy baja,2026-10-05T18:06:10,mirova-archivo,1
2019-03-11T06:06:00,357150,Puyehue-Cordon Caulle,VIIRS375,1.343,8.75,1,baja,2026-10-05T18:06:10,mirova-archivo,1
2019-03-12T05:00:00,357150,Puyehue-Cordon Caulle,VIIRS375,0.2866,7.83,1,muy baja,2026-10-05T18:06:10,mirova-archivo,1
2019-03-12T05:48:00,357150,Puyehue-Cordon Caulle,VIIRS375,0.4354,7.65,1,muy baja,2026-10-05T18:06:10,mirova-archivo,1
2019-03-13T04:42:00,357150,Puyehue-Cordon Caulle,VIIRS375,1.601,8.55,1,baja,2026-10-05T18:06:10,mirova-archivo,1
2019-03-13T05:30:00,357150,Puyehue-Cordon Caulle,VIIRS375,1.607,8.83,1,baja,2026-10-05T18:06:10,mirova-archivo,1
2019-03-13T06:18:00,357150,Puyehue-Cordon Caulle,VIIRS375,1.33,8.83,1,baja,2026-10-05T18:06:10,mirova-archivo,1
2019-03-14T05:12:00,357150,Puyehue-Cordon Caulle,VIIRS375,0.4777,8.75,1,muy baja,2026-10-05T18:06:10,mirova-archivo,1
2019-03-14T06:00:00,357150,Puyehue-Cordon Caulle,VIIRS375,0.1468,8.46,1,muy baja,2026-10-05T18:06:10,mirova-archivo,1
2019-03-15T04:54:00,357150,Puyehue-Cordon Caulle,VIIRS375,0.1202,8.83,1,muy baja,2026-10-05T18:06:10,mirova-archivo,1
2019-03-15T05:42:00,357150,Puyehue-Cordon Caulle,VIIRS375,0.7875,8.83,1,muy baja,2026-10-05T18:06:10,mirova-archivo,1
2019-03-16T05:24:00,357150,Puyehue-Cordon Caulle,VIIRS375,0.5071,8.83,1,muy baja,2026-10-05T18:06:10,mirova-archivo,1
2019-03-16T06:12:00,357150,Puyehue-Cordon Caulle,VIIRS375,0.8735,8.75,1,muy baja,2026-10-05T18:06:10,mirova-archivo,1
2019-03-17T05:06:00,357150,Puyehue-Cordon Caulle,VIIRS375,0.435,8.19,1,muy baja,2026-10-05T18:06:10,mirova-archivo,1
2019-03-17T05:54:00,357150,Puyehue-Cordon Caulle,VIIRS375,1.075,8.19,1,baja,2026-10-05T18:06:10,mirova-archivo,1
2019-03-19T05:18:00,357150,Puyehue-Cordon Caulle,VIIRS375,0.08149,7.73,1,muy baja,2026-10-05T18:06:10,mirova-archivo,1
2019-03-21T04:42:00,357150,Puyehue-Cordon Caulle,VIIRS375,0.3568,8.83,1,muy baja,2026-10-05T18:06:10,mirova-archivo,1
2019-03-22T06:00:00,357150,Puyehue-Cordon Caulle,VIIRS375,0.0796,8.75,1,muy baja,2026-10-05T18:06:10,mirova-archivo,1
2019-03-24T04:36:00,357150,Puyehue-Cordon Caulle,VIIRS375,0.09451,7.73,1,muy baja,2026-10-05T18:06:10,mirova-archivo,1
2019-03-24T05:24:00,357150,Puyehue-Cordon Caulle,VIIRS375,1.507,13.52,0,no volcanica,2026-10-05T18:06:10,mirova-archivo,0
2019-03-24T06:12:00,357150,Puyehue-Cordon Caulle,VIIRS375,1.035,8.83,1,baja,2026-10-05T18:06:10,mirova-archivo,1
2019-03-25T05:06:00,357150,Puyehue-Cordon Caulle,VIIRS375,0.747,8.19,1,muy baja,2026-10-05T18:06:10,mirova-archivo,1
2019-03-25T05:54:00,357150,Puyehue-Cordon Caulle,VIIRS375,0.8532,7.83,1,muy baja,2026-10-05T18:06:10,mirova-archivo,1
2019-03-26T04:48:00,357150,Puyehue-Cordon Caulle,VIIRS375,0.1264,8.19,1,muy baja,2026-10-05T18:06:10,mirova-archivo,1
2019-03-26T05:36:00,357150,Puyehue-Cordon Caulle,VIIRS375,0.637,8.83,1,muy baja,2026-10-05T18:06:10,mirova-archivo,1
2019-03-26T06:30:00,357150,Puyehue-Cordon Caulle,VIIRS375,0.3436,8.39,1,muy baja,2026-10-05T18:06:10,mirova-archivo,1
2019-03-27T05:18:00,357150,Puyehue-Cordon Caulle,VIIRS375,0.4185,7.83,1,muy baja,2026-10-05T18:06:10,mirova-archivo,1
2019-03-27T06:06:00,357150,Puyehue-Cordon Caulle,VIIRS375,0.4386,8.75,1,muy baja,2026-10-05T18:06:10,mirova-archivo,1
2019-03-28T05:00:00,357150,Puyehue-Cordon Caulle,VIIRS375,0.2972,7.83,1,muy baja,2026-10-05T18:06:10,mirova-archivo,1
2019-03-28T05:48:00,357150,Puyehue-Cordon Caulle,VIIRS375,1.504,8.83,1,baja,2026-10-05T18:06:10,mirova-archivo,1
2019-03-29T04:42:00,357150,Puyehue-Cordon Caulle,VIIRS375,1.357,8.83,1,baja,2026-10-05T18:06:10,mirova-archivo,1
2019-03-29T05:30:00,357150,Puyehue-Cordon Caulle,VIIRS375,1.675,8.75,1,baja,2026-10-05T18:06:10,mirova-archivo,1
2019-03-29T06:18:00,357150,Puyehue-Cordon Caulle,VIIRS375,1.562,8.83,1,baja,2026-10-05T18:06:10,mirova-archivo,1
2019-03-30T05:12:00,357150,Puyehue-Cordon Caulle,VIIRS375,1.281,8.46,1,baja,2026-10-05T18:06:10,mirova-archivo,1
2019-03-30T06:00:00,357150,Puyehue-Cordon Caulle,VIIRS375,1.114,8.39,1,baja,2026-10-05T18:06:10,mirova-archivo,1
2019-03-31T04:54:00,357150,Puyehue-Cordon Caulle,VIIRS375,0.3738,8.19,0,no volcanica,2026-10-05T18:06:10,mirova-archivo,0
2019-03-31T05:42:00,357150,Puyehue-Cordon Caulle,VIIRS375,0.1291,7.73,1,muy baja,2026-10-05T18:06:10,mirova-archivo,1
2019-04-01T05:24:00,357150,Puyehue-Cordon Caulle,VIIRS375,1.28,8.83,1,baja,2026-10-05T18:06:10,mirova-archivo,1
2019-04-01T06:12:00,357150,Puyehue-Cordon Caulle,VIIRS375,1.292,8.19,1,baja,2026-10-05T18:06:10,mirova-archivo,1
2019-04-02T05:06:00,357150,Puyehue-Cordon Caulle,VIIRS375,0.07098,8.10,1,muy baja,2026-10-05T18:06:10,mirova-archivo,1
2019-04-03T04:48:00,357150,Puyehue-Cordon Caulle,VIIRS375,0.9447,8.83,1,muy baja,2026-10-05T18:06:10,mirova-archivo,1
2019-04-03T05:36:00,357150,Puyehue-Cordon Caulle,VIIRS375,1.481,8.39,1,baja,2026-10-05T18:06:10,mirova-archivo,1
2019-04-03T06:24:00,357150,Puyehue-Cordon Caulle,VIIRS375,1.196,8.39,1,baja,2026-10-05T18:06:10,mirova-archivo,1
2019-04-05T05:48:00,357150,Puyehue-Cordon Caulle,VIIRS375,0.2952,8.46,1,muy baja,2026-10-05T18:06:10,mirova-archivo,1
2019-04-05T06:42:00,357150,Puyehue-Cordon Caulle,VIIRS375,0.1687,8.02,1,muy baja,2026-10-05T18:06:10,mirova-archivo,1
2019-04-06T04:42:00,357150,Puyehue-Cordon Caulle,VIIRS375,1.094,8.55,1,baja,2026-10-05T18:06:10,mirova-archivo,1
2019-04-06T05:30:00,357150,Puyehue-Cordon Caulle,VIIRS375,1.771,11.78,1,baja,2026-10-05T18:06:10,mirova-archivo,1
2019-04-06T06:18:00,357150,Puyehue-Cordon Caulle,VIIRS375,0.8503,8.75,1,muy baja,2026-10-05T18:06:10,mirova-archivo,1
2019-04-07T05:12:00,357150,Puyehue-Cordon Caulle,VIIRS375,0.9013,8.19,1,muy baja,2026-10-05T18:06:10,mirova-archivo,1
2019-04-07T06:00:00,357150,Puyehue-Cordon Caulle,VIIRS375,0.9515,8.75,1,muy baja,2026-10-05T18:06:10,mirova-archivo,1
2019-04-08T04:54:00,357150,Puyehue-Cordon Caulle,VIIRS375,1.287,8.83,1,baja,2026-10-05T18:06:10,mirova-archivo,1
2019-04-08T05:42:00,357150,Puyehue-Cordon Caulle,VIIRS375,1.519,8.83,1,baja,2026-10-05T18:06:10,mirova-archivo,1
2019-04-08T06:30:00,357150,Puyehue-Cordon Caulle,VIIRS375,0.3703,7.65,1,muy baja,2026-10-05T18:06:10,mirova-archivo,1
2019-04-10T05:54:00,357150,Puyehue-Cordon Caulle,VIIRS375,0.7176,8.83,1,muy baja,2026-10-05T18:06:10,mirova-archivo,1
2019-04-11T04:48:00,357150,Puyehue-Cordon Caulle,VIIRS375,0.2845,8.83,1,muy baja,2026-10-05T18:06:10,mirova-archivo,1
2019-04-11T05:36:00,357150,Puyehue-Cordon Caulle,VIIRS375,1.452,8.75,1,baja,2026-10-05T18:06:10,mirova-archivo,1
2019-04-11T06:30:00,357150,Puyehue-Cordon Caulle,VIIRS375,0.1796,6.45,0,no volcanica,2026-10-05T18:06:10,mirova-archivo,0
2019-04-12T04:30:00,357150,Puyehue-Cordon Caulle,VIIRS375,0.1708,9.02,1,muy baja,2026-10-05T18:06:10,mirova-archivo,1
2019-04-12T05:18:00,357150,Puyehue-Cordon Caulle,VIIRS375,1.179,8.83,1,baja,2026-10-05T18:06:10,mirova-archivo,1
2019-04-12T06:06:00,357150,Puyehue-Cordon Caulle,VIIRS375,1.369,8.75,1,baja,2026-10-05T18:06:10,mirova-archivo,1
2019-04-13T05:48:00,357150,Puyehue-Cordon Caulle,VIIRS375,0.4017,8.83,1,muy baja,2026-10-05T18:06:10,mirova-archivo,1
2019-04-13T06:36:00,357150,Puyehue-Cordon Caulle,VIIRS375,0.1179,7.58,1,muy baja,2026-10-05T18:06:10,mirova-archivo,1
2019-04-15T05:12:00,357150,Puyehue-Cordon Caulle,VIIRS375,0.5666,8.10,1,muy baja,2026-10-05T18:06:10,mirova-archivo,1
2019-04-15T06:00:00,357150,Puyehue-Cordon Caulle,VIIRS375,0.2042,8.83,1,muy baja,2026-10-05T18:06:10,mirova-archivo,1
2019-04-16T04:54:00,357150,Puyehue-Cordon Caulle,VIIRS375,0.6023,8.83,1,muy baja,2026-10-05T18:06:10,mirova-archivo,1
2019-04-16T05:42:00,357150,Puyehue-Cordon Caulle,VIIRS375,1.075,8.39,1,baja,2026-10-05T18:06:10,mirova-archivo,1
2019-04-16T06:36:00,357150,Puyehue-Cordon Caulle,VIIRS375,0.9974,8.10,1,muy baja,2026-10-05T18:06:10,mirova-archivo,1
2019-04-17T06:12:00,357150,Puyehue-Cordon Caulle,VIIRS375,0.2229,27.53,0,no volcanica,2026-10-05T18:06:10,mirova-archivo,0
2019-04-18T05:06:00,357150,Puyehue-Cordon Caulle,VIIRS375,0.9966,8.83,1,muy baja,2026-10-05T18:06:10,mirova-archivo,1
2019-04-18T05:54:00,357150,Puyehue-Cordon Caulle,VIIRS375,1.536,8.83,1,baja,2026-10-05T18:06:10,mirova-archivo,1
2019-04-19T04:48:00,357150,Puyehue-Cordon Caulle,VIIRS375,0.3141,8.83,1,muy baja,2026-10-05T18:06:10,mirova-archivo,1
2019-04-19T05:36:00,357150,Puyehue-Cordon Caulle,VIIRS375,1.423,8.75,1,baja,2026-10-05T18:06:10,mirova-archivo,1
2019-04-19T06:24:00,357150,Puyehue-Cordon Caulle,VIIRS375,0.8744,8.02,1,muy baja,2026-10-05T18:06:10,mirova-archivo,1
2019-04-20T04:30:00,357150,Puyehue-Cordon Caulle,VIIRS375,0.2805,8.30,1,muy baja,2026-10-05T18:06:10,mirova-archivo,1
2019-04-20T05:18:00,357150,Puyehue-Cordon Caulle,VIIRS375,1.375,8.83,1,baja,2026-10-05T18:06:10,mirova-archivo,1
2019-04-20T06:06:00,357150,Puyehue-Cordon Caulle,VIIRS375,1.56,8.83,1,baja,2026-10-05T18:06:10,mirova-archivo,1
2019-04-21T05:00:00,357150,Puyehue-Cordon Caulle,VIIRS375,1.053,8.83,1,baja,2026-10-05T18:06:10,mirova-archivo,1
2019-04-21T05:48:00,357150,Puyehue-Cordon Caulle,VIIRS375,1.324,8.83,1,baja,2026-10-05T18:06:10,mirova-archivo,1
2019-04-22T04:42:00,357150,Puyehue-Cordon Caulle,VIIRS375,0.5795,8.83,1,muy baja,2026-10-05T18:06:10,mirova-archivo,1
2019-04-22T05:30:00,357150,Puyehue-Cordon Caulle,VIIRS375,1.107,8.83,1,baja,2026-10-05T18:06:10,mirova-archivo,1
2019-04-22T06:18:00,357150,Puyehue-Cordon Caulle,VIIRS375,0.07341,6.45,0,no volcanica,2026-10-05T18:06:10,mirova-archivo,0
2019-04-23T05:12:00,357150,Puyehue-Cordon Caulle,VIIRS375,1.033,8.83,1,baja,2026-10-05T18:06:10,mirova-archivo,1
2019-04-23T06:00:00,357150,Puyehue-Cordon Caulle,VIIRS375,1.636,8.19,1,baja,2026-10-05T18:06:10,mirova-archivo,1
2019-04-24T04:54:00,357150,Puyehue-Cordon Caulle,VIIRS375,0.7661,8.83,1,muy baja,2026-10-05T18:06:10,mirova-archivo,1
2019-04-24T05:42:00,357150,Puyehue-Cordon Caulle,VIIRS375,1.208,8.39,1,baja,2026-10-05T18:06:10,mirova-archivo,1
2019-04-24T06:30:00,357150,Puyehue-Cordon Caulle,VIIRS375,0.196,7.28,1,muy baja,2026-10-05T18:06:10,mirova-archivo,1
2019-04-25T06:12:00,357150,Puyehue-Cordon Caulle,VIIRS375,0.273,7.83,1,muy baja,2026-10-05T18:06:10,mirova-archivo,1
2019-04-28T06:06:00,357150,Puyehue-Cordon Caulle,VIIRS375,0.04128,8.66,1,muy baja,2026-10-05T18:06:10,mirova-archivo,1
2019-04-29T05:48:00,357150,Puyehue-Cordon Caulle,VIIRS375,0.111,7.65,1,muy baja,2026-10-05T18:06:10,mirova-archivo,1
2019-04-30T05:30:00,357150,Puyehue-Cordon Caulle,VIIRS375,0.4037,8.75,1,muy baja,2026-10-05T18:06:10,mirova-archivo,1
2019-04-30T06:18:00,357150,Puyehue-Cordon Caulle,VIIRS375,0.7556,11.92,0,no volcanica,2026-10-05T18:06:10,mirova-archivo,0
2019-05-03T05:24:00,357150,Puyehue-Cordon Caulle,VIIRS375,0.2101,7.73,1,muy baja,2026-10-05T18:06:10,mirova-archivo,1
2019-05-07T05:00:00,357150,Puyehue-Cordon Caulle,VIIRS375,0.6059,8.83,1,muy baja,2026-10-05T18:06:10,mirova-archivo,1
2019-05-07T05:48:00,357150,Puyehue-Cordon Caulle,VIIRS375,0.8914,8.39,1,muy baja,2026-10-05T18:06:10,mirova-archivo,1
2019-05-07T06:42:00,357150,Puyehue-Cordon Caulle,VIIRS375,0.274,7.73,1,muy baja,2026-10-05T18:06:10,mirova-archivo,1
2019-05-08T04:42:00,357150,Puyehue-Cordon Caulle,VIIRS375,0.4219,8.46,1,muy baja,2026-10-05T18:06:10,mirova-archivo,1
2019-05-08T05:30:00,357150,Puyehue-Cordon Caulle,VIIRS375,0.6573,8.83,1,muy baja,2026-10-05T18:06:10,mirova-archivo,1
2019-05-08T06:18:00,357150,Puyehue-Cordon Caulle,VIIRS375,0.1842,7.73,1,muy baja,2026-10-05T18:06:10,mirova-archivo,1
2019-05-09T06:00:00,357150,Puyehue-Cordon Caulle,VIIRS375,0.5014,8.10,1,muy baja,2026-10-05T18:06:10,mirova-archivo,1
2019-05-12T05:54:00,357150,Puyehue-Cordon Caulle,VIIRS375,0.2296,23.36,0,no volcanica,2026-10-05T18:06:10,mirova-archivo,0
2019-05-13T04:48:00,357150,Puyehue-Cordon Caulle,VIIRS375,0.1848,8.10,1,muy baja,2026-10-05T18:06:10,mirova-archivo,1
2019-05-13T05:36:00,357150,Puyehue-Cordon Caulle,VIIRS375,0.3551,8.83,1,muy baja,2026-10-05T18:06:10,mirova-archivo,1
2019-05-14T05:18:00,357150,Puyehue-Cordon Caulle,VIIRS375,0.826,8.83,1,muy baja,2026-10-05T18:06:10,mirova-archivo,1
2019-05-14T06:06:00,357150,Puyehue-Cordon Caulle,VIIRS375,0.7754,8.75,1,muy baja,2026-10-05T18:06:10,mirova-archivo,1
2019-05-15T05:00:00,357150,Puyehue-Cordon Caulle,VIIRS375,0.5938,8.83,1,muy baja,2026-10-05T18:06:10,mirova-archivo,1
2019-05-15T05:48:00,357150,Puyehue-Cordon Caulle,VIIRS375,0.6263,7.73,1,muy baja,2026-10-05T18:06:10,mirova-archivo,1
2019-05-15T06:42:00,357150,Puyehue-Cordon Caulle,VIIRS375,0.3358,7.65,1,muy baja,2026-10-05T18:06:10,mirova-archivo,1
2019-05-16T05:30:00,357150,Puyehue-Cordon Caulle,VIIRS375,0.172,8.10,1,muy baja,2026-10-05T18:06:10,mirova-archivo,1
2019-05-20T05:06:00,357150,Puyehue-Cordon Caulle,VIIRS375,0.1029,7.73,1,muy baja,2026-10-05T18:06:10,mirova-archivo,1
2019-05-20T05:54:00,357150,Puyehue-Cordon Caulle,VIIRS375,0.2452,7.73,1,muy baja,2026-10-05T18:06:10,mirova-archivo,1
2019-05-21T04:48:00,357150,Puyehue-Cordon Caulle,VIIRS375,0.0914,7.83,1,muy baja,2026-10-05T18:06:10,mirova-archivo,1
2019-05-21T05:36:00,357150,Puyehue-Cordon Caulle,VIIRS375,0.9531,8.83,1,muy baja,2026-10-05T18:06:10,mirova-archivo,1
2019-05-21T06:24:00,357150,Puyehue-Cordon Caulle,VIIRS375,1.028,8.75,1,baja,2026-10-05T18:06:10,mirova-archivo,1
2019-05-22T04:30:00,357150,Puyehue-Cordon Caulle,VIIRS375,0.3324,8.55,1,muy baja,2026-10-05T18:06:10,mirova-archivo,1
2019-05-22T05:18:00,357150,Puyehue-Cordon Caulle,VIIRS375,0.7758,8.19,1,muy baja,2026-10-05T18:06:10,mirova-archivo,1
2019-05-22T06:06:00,357150,Puyehue-Cordon Caulle,VIIRS375,0.5352,7.83,1,muy baja,2026-10-05T18:06:10,mirova-archivo,1
2019-05-23T05:00:00,357150,Puyehue-Cordon Caulle,VIIRS375,0.259,8.55,1,muy baja,2026-10-05T18:06:10,mirova-archivo,1
2019-05-23T05:48:00,357150,Puyehue-Cordon Caulle,VIIRS375,0.5038,8.75,1,muy baja,2026-10-05T18:06:10,mirova-archivo,1
2019-05-24T05:30:00,357150,Puyehue-Cordon Caulle,VIIRS375,0.3528,8.83,1,muy baja,2026-10-05T18:06:10,mirova-archivo,1
2019-05-24T06:18:00,357150,Puyehue-Cordon Caulle,VIIRS375,0.1233,7.73,1,muy baja,2026-10-05T18:06:10,mirova-archivo,1
2019-05-29T04:48:00,357150,Puyehue-Cordon Caulle,VIIRS375,0.2516,8.19,1,muy baja,2026-10-05T18:06:10,mirova-archivo,1
2019-05-29T05:36:00,357150,Puyehue-Cordon Caulle,VIIRS375,0.5239,8.75,1,muy baja,2026-10-05T18:06:10,mirova-archivo,1
2019-06-11T04:54:00,357150,Puyehue-Cordon Caulle,VIIRS375,0.3446,8.91,1,muy baja,2026-10-05T18:06:10,mirova-archivo,1
2019-06-11T05:42:00,357150,Puyehue-Cordon Caulle,VIIRS375,0.6316,8.83,1,muy baja,2026-10-05T18:06:10,mirova-archivo,1
2019-06-11T06:36:00,357150,Puyehue-Cordon Caulle,VIIRS375,0.1526,7.95,1,muy baja,2026-10-05T18:06:10,mirova-archivo,1
2019-06-12T05:24:00,357150,Puyehue-Cordon Caulle,VIIRS375,0.1274,8.19,1,muy baja,2026-10-05T18:06:10,mirova-archivo,1
2019-06-12T06:12:00,357150,Puyehue-Cordon Caulle,VIIRS375,0.4021,8.75,1,muy baja,2026-10-05T18:06:10,mirova-archivo,1
2019-06-14T05:36:00,357150,Puyehue-Cordon Caulle,VIIRS375,0.4017,8.39,1,muy baja,2026-10-05T18:06:10,mirova-archivo,1
2019-06-14T06:24:00,357150,Puyehue-Cordon Caulle,VIIRS375,0.2047,8.39,1,muy baja,2026-10-05T18:06:10,mirova-archivo,1
2019-06-16T05:48:00,357150,Puyehue-Cordon Caulle,VIIRS375,0.2977,8.75,1,muy baja,2026-10-05T18:06:10,mirova-archivo,1
2019-06-17T04:42:00,357150,Puyehue-Cordon Caulle,VIIRS375,0.04744,7.83,1,muy baja,2026-10-05T18:06:10,mirova-archivo,1
2019-06-20T05:24:00,357150,Puyehue-Cordon Caulle,VIIRS375,0.3174,8.83,1,muy baja,2026-10-05T18:06:10,mirova-archivo,1
2019-06-28T06:12:00,357150,Puyehue-Cordon Caulle,VIIRS375,0.2105,7.83,1,muy baja,2026-10-05T18:06:10,mirova-archivo,1
2019-06-29T05:06:00,357150,Puyehue-Cordon Caulle,VIIRS375,0.0367,8.83,1,muy baja,2026-10-05T18:06:10,mirova-archivo,1
2019-06-29T05:54:00,357150,Puyehue-Cordon Caulle,VIIRS375,0.2357,7.73,1,muy baja,2026-10-05T18:06:10,mirova-archivo,1
2019-07-01T05:18:00,357150,Puyehue-Cordon Caulle,VIIRS375,0.5499,8.83,1,muy baja,2026-10-05T18:06:10,mirova-archivo,1
2019-07-01T06:06:00,357150,Puyehue-Cordon Caulle,VIIRS375,0.2155,8.02,1,muy baja,2026-10-05T18:06:10,mirova-archivo,1
2019-07-05T04:54:00,357150,Puyehue-Cordon Caulle,VIIRS375,0.09879,8.19,1,muy baja,2026-10-05T18:06:10,mirova-archivo,1
2019-07-05T05:42:00,357150,Puyehue-Cordon Caulle,VIIRS375,0.6425,8.75,1,muy baja,2026-10-05T18:06:10,mirova-archivo,1
2019-07-05T06:30:00,357150,Puyehue-Cordon Caulle,VIIRS375,0.4874,8.19,1,muy baja,2026-10-05T18:06:10,mirova-archivo,1
2019-07-06T04:36:00,357150,Puyehue-Cordon Caulle,VIIRS375,0.09467,8.19,1,muy baja,2026-10-05T18:06:10,mirova-archivo,1
2019-07-06T05:24:00,357150,Puyehue-Cordon Caulle,VIIRS375,0.2053,7.95,1,muy baja,2026-10-05T18:06:10,mirova-archivo,1
2019-07-06T06:12:00,357150,Puyehue-Cordon Caulle,VIIRS375,0.2828,8.30,1,muy baja,2026-10-05T18:06:10,mirova-archivo,1
2019-07-07T05:06:00,357150,Puyehue-Cordon Caulle,VIIRS375,0.3066,8.83,1,muy baja,2026-10-05T18:06:10,mirova-archivo,1
2019-07-15T05:54:00,357150,Puyehue-Cordon Caulle,VIIRS375,0.1246,7.73,1,muy baja,2026-10-05T18:06:10,mirova-archivo,1
2019-07-16T05:36:00,357150,Puyehue-Cordon Caulle,VIIRS375,0.02776,7.65,1,muy baja,2026-10-05T18:06:10,mirova-archivo,1
2019-07-22T05:24:00,357150,Puyehue-Cordon Caulle,VIIRS375,0.03326,7.73,1,muy baja,2026-10-05T18:06:10,mirova-archivo,1
2019-07-24T05:36:00,357150,Puyehue-Cordon Caulle,VIIRS750,6.301,8.78,1,baja,2026-10-05T18:06:10,mirova-archivo,1
2019-07-25T04:30:00,357150,Puyehue-Cordon Caulle,VIIRS375,0.1049,8.55,1,muy baja,2026-10-05T18:06:10,mirova-archivo,1
2019-07-25T05:18:00,357150,Puyehue-Cordon Caulle,VIIRS375,1.053,8.75,1,baja,2026-10-05T18:06:10,mirova-archivo,1
2019-07-25T06:06:00,357150,Puyehue-Cordon Caulle,VIIRS750,5.534,8.55,1,baja,2026-10-05T18:06:10,mirova-archivo,1
2019-07-27T04:42:00,357150,Puyehue-Cordon Caulle,VIIRS375,0.04522,8.83,1,muy baja,2026-10-05T18:06:10,mirova-archivo,1
2019-07-27T05:30:00,357150,Puyehue-Cordon Caulle,VIIRS375,1.365,8.83,1,baja,2026-10-05T18:06:10,mirova-archivo,1
2019-07-27T06:18:00,357150,Puyehue-Cordon Caulle,VIIRS375,1.533,8.19,1,baja,2026-10-05T18:06:10,mirova-archivo,1
2019-07-28T05:12:00,357150,Puyehue-Cordon Caulle,VIIRS375,0.9316,8.19,1,muy baja,2026-10-05T18:06:10,mirova-archivo,1
2019-07-28T06:00:00,357150,Puyehue-Cordon Caulle,VIIRS375,0.5484,7.83,1,muy baja,2026-10-05T18:06:10,mirova-archivo,1
2019-08-03T05:48:00,357150,Puyehue-Cordon Caulle,VIIRS375,0.9036,8.75,1,muy baja,2026-10-05T18:06:10,mirova-archivo,1
2019-08-04T05:30:00,357150,Puyehue-Cordon Caulle,VIIRS375,0.3953,8.83,1,muy baja,2026-10-05T18:06:10,mirova-archivo,1
2019-08-04T06:18:00,357150,Puyehue-Cordon Caulle,VIIRS375,0.2933,8.30,1,muy baja,2026-10-05T18:06:10,mirova-archivo,1
2019-08-05T05:12:00,357150,Puyehue-Cordon Caulle,VIIRS375,0.586,8.83,1,muy baja,2026-10-05T18:06:10,mirova-archivo,1
2019-08-05T06:00:00,357150,Puyehue-Cordon Caulle,VIIRS375,0.7651,8.30,1,muy baja,2026-10-05T18:06:10,mirova-archivo,1
2019-08-08T05:06:00,357150,Puyehue-Cordon Caulle,VIIRS375,0.3554,8.19,1,muy baja,2026-10-05T18:06:10,mirova-archivo,1
2019-08-08T05:54:00,357150,Puyehue-Cordon Caulle,VIIRS375,0.9316,8.83,1,muy baja,2026-10-05T18:06:10,mirova-archivo,1
2019-08-09T04:48:00,357150,Puyehue-Cordon Caulle,VIIRS375,0.7234,8.55,1,muy baja,2026-10-05T18:06:10,mirova-archivo,1
2019-08-09T05:36:00,357150,Puyehue-Cordon Caulle,VIIRS750,5.115,8.78,1,baja,2026-10-05T18:06:10,mirova-archivo,1
2019-08-12T05:30:00,357150,Puyehue-Cordon Caulle,VIIRS375,0.5879,8.30,1,muy baja,2026-10-05T18:06:10,mirova-archivo,1
2019-08-13T05:12:00,357150,Puyehue-Cordon Caulle,VIIRS375,2.075,8.83,1,baja,2026-10-05T18:06:10,mirova-archivo,1
2019-08-13T06:00:00,357150,Puyehue-Cordon Caulle,VIIRS375,1.712,8.75,1,baja,2026-10-05T18:06:10,mirova-archivo,1
2019-08-14T04:54:00,357150,Puyehue-Cordon Caulle,VIIRS375,2.152,8.83,1,baja,2026-10-05T18:06:10,mirova-archivo,1
2019-08-14T05:42:00,357150,Puyehue-Cordon Caulle,VIIRS375,2.293,8.83,1,baja,2026-10-05T18:06:10,mirova-archivo,1
2019-08-14T06:36:00,357150,Puyehue-Cordon Caulle,VIIRS375,1.705,8.75,1,baja,2026-10-05T18:06:10,mirova-archivo,1
2019-08-15T04:36:00,357150,Puyehue-Cordon Caulle,VIIRS375,0.1985,8.19,1,muy baja,2026-10-05T18:06:10,mirova-archivo,1
2019-08-15T05:24:00,357150,Puyehue-Cordon Caulle,VIIRS375,0.8826,8.83,1,muy baja,2026-10-05T18:06:10,mirova-archivo,1
2019-08-15T06:12:00,357150,Puyehue-Cordon Caulle,VIIRS375,1.429,8.66,1,baja,2026-10-05T18:06:10,mirova-archivo,1
2019-08-18T06:06:00,357150,Puyehue-Cordon Caulle,VIIRS375,0.05538,7.83,1,muy baja,2026-10-05T18:06:10,mirova-archivo,1
2019-08-19T05:00:00,357150,Puyehue-Cordon Caulle,VIIRS375,0.6972,8.46,1,muy baja,2026-10-05T18:06:10,mirova-archivo,1
2019-08-22T04:54:00,357150,Puyehue-Cordon Caulle,VIIRS375,0.4366,8.83,1,muy baja,2026-10-05T18:06:10,mirova-archivo,1
2019-08-22T05:42:00,357150,Puyehue-Cordon Caulle,VIIRS375,1.046,7.83,1,baja,2026-10-05T18:06:10,mirova-archivo,1
2019-08-22T06:30:00,357150,Puyehue-Cordon Caulle,VIIRS375,0.1546,7.73,1,muy baja,2026-10-05T18:06:10,mirova-archivo,1
2019-08-24T05:54:00,357150,Puyehue-Cordon Caulle,VIIRS375,0.6916,8.10,1,muy baja,2026-10-05T18:06:10,mirova-archivo,1
2019-08-25T04:48:00,357150,Puyehue-Cordon Caulle,VIIRS375,0.8278,8.46,1,muy baja,2026-10-05T18:06:10,mirova-archivo,1
2019-08-25T05:36:00,357150,Puyehue-Cordon Caulle,VIIRS375,1.587,8.83,1,baja,2026-10-05T18:06:10,mirova-archivo,1
2019-08-27T05:00:00,357150,Puyehue-Cordon Caulle,VIIRS375,0.03042,8.10,1,muy baja,2026-10-05T18:06:10,mirova-archivo,1
2019-08-27T05:48:00,357150,Puyehue-Cordon Caulle,VIIRS375,0.08013,8.39,1,muy baja,2026-10-05T18:06:10,mirova-archivo,1
2019-09-01T05:06:00,357150,Puyehue-Cordon Caulle,VIIRS375,1.277,8.83,1,baja,2026-10-05T18:06:10,mirova-archivo,1
2019-09-01T05:54:00,357150,Puyehue-Cordon Caulle,VIIRS375,1.787,8.83,1,baja,2026-10-05T18:06:10,mirova-archivo,1
2019-09-02T04:48:00,357150,Puyehue-Cordon Caulle,VIIRS375,0.3857,8.83,1,muy baja,2026-10-05T18:06:10,mirova-archivo,1
2019-09-02T05:36:00,357150,Puyehue-Cordon Caulle,VIIRS375,0.3741,8.30,1,muy baja,2026-10-05T18:06:10,mirova-archivo,1
2019-09-02T06:24:00,357150,Puyehue-Cordon Caulle,VIIRS375,0.5827,8.39,1,muy baja,2026-10-05T18:06:10,mirova-archivo,1
2019-09-03T05:18:00,357150,Puyehue-Cordon Caulle,VIIRS375,0.9687,8.83,1,muy baja,2026-10-05T18:06:10,mirova-archivo,1
2019-09-03T06:06:00,357150,Puyehue-Cordon Caulle,VIIRS375,0.9927,8.83,1,muy baja,2026-10-05T18:06:10,mirova-archivo,1
2019-09-04T05:00:00,357150,Puyehue-Cordon Caulle,VIIRS375,0.1827,8.83,1,muy baja,2026-10-05T18:06:10,mirova-archivo,1
2019-09-04T05:48:00,357150,Puyehue-Cordon Caulle,VIIRS375,0.4856,8.83,1,muy baja,2026-10-05T18:06:10,mirova-archivo,1
2019-09-04T06:42:00,357150,Puyehue-Cordon Caulle,VIIRS375,0.4881,8.75,1,muy baja,2026-10-05T18:06:10,mirova-archivo,1
2019-09-09T05:06:00,357150,Puyehue-Cordon Caulle,VIIRS375,0.734,22.13,0,no volcanica,2026-10-05T18:06:10,mirova-archivo,0
2019-09-11T04:30:00,357150,Puyehue-Cordon Caulle,VIIRS375,0.4076,8.55,1,muy baja,2026-10-05T18:06:10,mirova-archivo,1
2019-09-11T05:18:00,357150,Puyehue-Cordon Caulle,VIIRS375,0.7107,8.30,1,muy baja,2026-10-05T18:06:10,mirova-archivo,1
2019-09-11T06:06:00,357150,Puyehue-Cordon Caulle,VIIRS375,1.386,8.83,1,baja,2026-10-05T18:06:10,mirova-archivo,1
2019-09-13T05:30:00,357150,Puyehue-Cordon Caulle,VIIRS375,0.05214,7.83,1,muy baja,2026-10-05T18:06:10,mirova-archivo,1
2019-09-18T04:48:00,357150,Puyehue-Cordon Caulle,VIIRS375,0.03567,8.19,1,muy baja,2026-10-05T18:06:10,mirova-archivo,1
2019-09-18T05:36:00,357150,Puyehue-Cordon Caulle,VIIRS375,0.4306,8.39,1,muy baja,2026-10-05T18:06:10,mirova-archivo,1
2019-09-18T06:24:00,357150,Puyehue-Cordon Caulle,VIIRS375,0.2113,8.55,1,muy baja,2026-10-05T18:06:10,mirova-archivo,1
2019-09-22T05:12:00,357150,Puyehue-Cordon Caulle,VIIRS375,0.8307,8.83,1,muy baja,2026-10-05T18:06:10,mirova-archivo,1
2019-09-22T06:00:00,357150,Puyehue-Cordon Caulle,VIIRS375,1.35,8.75,1,baja,2026-10-05T18:06:10,mirova-archivo,1
2019-09-22T06:54:00,357150,Puyehue-Cordon Caulle,VIIRS375,1.019,8.30,1,baja,2026-10-05T18:06:10,mirova-archivo,1
2019-09-23T04:54:00,357150,Puyehue-Cordon Caulle,VIIRS375,0.9851,8.83,1,muy baja,2026-10-05T18:06:10,mirova-archivo,1
2019-09-23T05:42:00,357150,Puyehue-Cordon Caulle,VIIRS375,1.346,8.83,1,baja,2026-10-05T18:06:10,mirova-archivo,1
2019-09-24T05:24:00,357150,Puyehue-Cordon Caulle,VIIRS375,0.7353,8.75,1,muy baja,2026-10-05T18:06:10,mirova-archivo,1
2019-09-24T06:12:00,357150,Puyehue-Cordon Caulle,VIIRS375,0.763,8.75,1,muy baja,2026-10-05T18:06:10,mirova-archivo,1
2019-09-25T05:06:00,357150,Puyehue-Cordon Caulle,VIIRS375,0.1293,7.73,1,muy baja,2026-10-05T18:06:10,mirova-archivo,1
2019-09-25T05:54:00,357150,Puyehue-Cordon Caulle,VIIRS375,1.187,8.30,1,baja,2026-10-05T18:06:10,mirova-archivo,1
2019-09-25T06:48:00,357150,Puyehue-Cordon Caulle,VIIRS375,0.1611,7.58,1,muy baja,2026-10-05T18:06:10,mirova-archivo,1
2019-09-26T04:48:00,357150,Puyehue-Cordon Caulle,VIIRS375,0.4979,8.10,1,muy baja,2026-10-05T18:06:10,mirova-archivo,1
2019-09-26T05:36:00,357150,Puyehue-Cordon Caulle,VIIRS375,0.7701,8.83,1,muy baja,2026-10-05T18:06:10,mirova-archivo,1
2019-09-27T04:30:00,357150,Puyehue-Cordon Caulle,VIIRS375,0.2154,8.30,1,muy baja,2026-10-05T18:06:10,mirova-archivo,1
2019-09-27T05:18:00,357150,Puyehue-Cordon Caulle,VIIRS375,0.2427,8.10,1,muy baja,2026-10-05T18:06:10,mirova-archivo,1
2019-09-27T06:06:00,357150,Puyehue-Cordon Caulle,VIIRS375,2.09,8.39,1,baja,2026-10-05T18:06:10,mirova-archivo,1
2019-10-02T05:24:00,357150,Puyehue-Cordon Caulle,VIIRS375,0.6624,8.75,1,muy baja,2026-10-05T18:06:10,mirova-archivo,1
2019-10-02T06:12:00,357150,Puyehue-Cordon Caulle,VIIRS375,1.254,8.83,1,baja,2026-10-05T18:06:10,mirova-archivo,1
2019-10-03T05:06:00,357150,Puyehue-Cordon Caulle,VIIRS375,0.6359,8.55,1,muy baja,2026-10-05T18:06:10,mirova-archivo,1
2019-10-03T05:54:00,357150,Puyehue-Cordon Caulle,VIIRS375,1.57,8.83,1,baja,2026-10-05T18:06:10,mirova-archivo,1
2019-10-03T06:48:00,357150,Puyehue-Cordon Caulle,VIIRS375,0.774,8.19,1,muy baja,2026-10-05T18:06:10,mirova-archivo,1
2019-10-04T06:24:00,357150,Puyehue-Cordon Caulle,VIIRS375,0.09905,8.19,1,muy baja,2026-10-05T18:06:10,mirova-archivo,1
2019-10-05T04:30:00,357150,Puyehue-Cordon Caulle,VIIRS375,0.04372,9.13,1,muy baja,2026-10-05T18:06:10,mirova-archivo,1
2019-10-05T05:18:00,357150,Puyehue-Cordon Caulle,VIIRS375,0.4068,7.83,1,muy baja,2026-10-05T18:06:10,mirova-archivo,1
2019-10-05T06:06:00,357150,Puyehue-Cordon Caulle,VIIRS375,0.6066,8.75,1,muy baja,2026-10-05T18:06:10,mirova-archivo,1
2019-10-09T04:54:00,357150,Puyehue-Cordon Caulle,VIIRS375,0.6382,8.83,1,muy baja,2026-10-05T18:06:10,mirova-archivo,1
2019-10-09T05:42:00,357150,Puyehue-Cordon Caulle,VIIRS375,0.06222,7.83,1,muy baja,2026-10-05T18:06:10,mirova-archivo,1
2019-10-09T06:30:00,357150,Puyehue-Cordon Caulle,VIIRS375,0.3089,8.75,1,muy baja,2026-10-05T18:06:10,mirova-archivo,1
2019-10-10T05:24:00,357150,Puyehue-Cordon Caulle,VIIRS375,1.104,8.39,1,baja,2026-10-05T18:06:10,mirova-archivo,1
2019-10-10T06:12:00,357150,Puyehue-Cordon Caulle,VIIRS375,0.09828,7.83,1,muy baja,2026-10-05T18:06:10,mirova-archivo,1
2019-10-13T05:18:00,357150,Puyehue-Cordon Caulle,VIIRS375,0.4528,8.10,1,muy baja,2026-10-05T18:06:10,mirova-archivo,1
2019-10-13T06:06:00,357150,Puyehue-Cordon Caulle,VIIRS375,0.9125,8.75,1,muy baja,2026-10-05T18:06:10,mirova-archivo,1
2019-10-14T05:48:00,357150,Puyehue-Cordon Caulle,VIIRS375,0.3813,7.83,1,muy baja,2026-10-05T18:06:10,mirova-archivo,1
2019-10-18T04:36:00,357150,Puyehue-Cordon Caulle,VIIRS375,0.09869,8.19,1,muy baja,2026-10-05T18:06:10,mirova-archivo,1
2019-10-18T05:24:00,357150,Puyehue-Cordon Caulle,VIIRS375,1.026,8.83,1,baja,2026-10-05T18:06:10,mirova-archivo,1
2019-10-18T06:12:00,357150,Puyehue-Cordon Caulle,VIIRS375,1.601,8.83,1,baja,2026-10-05T18:06:10,mirova-archivo,1
2019-10-19T05:06:00,357150,Puyehue-Cordon Caulle,VIIRS375,0.3827,8.55,1,muy baja,2026-10-05T18:06:10,mirova-archivo,1
2019-10-19T05:54:00,357150,Puyehue-Cordon Caulle,VIIRS375,0.8141,7.83,1,muy baja,2026-10-05T18:06:10,mirova-archivo,1
2019-10-19T06:48:00,357150,Puyehue-Cordon Caulle,VIIRS375,0.03124,7.95,1,muy baja,2026-10-05T18:06:10,mirova-archivo,1
2019-10-21T05:18:00,357150,Puyehue-Cordon Caulle,VIIRS375,0.1632,2.93,0,no volcanica,2026-10-05T18:06:10,mirova-archivo,0
2019-10-22T05:00:00,357150,Puyehue-Cordon Caulle,VIIRS375,0.4473,7.83,1,muy baja,2026-10-05T18:06:10,mirova-archivo,1
2019-10-22T05:48:00,357150,Puyehue-Cordon Caulle,VIIRS375,1.512,8.39,1,baja,2026-10-05T18:06:10,mirova-archivo,1
2019-10-22T06:42:00,357150,Puyehue-Cordon Caulle,VIIRS375,0.8055,7.73,1,muy baja,2026-10-05T18:06:10,mirova-archivo,1
2019-10-23T04:42:00,357150,Puyehue-Cordon Caulle,VIIRS375,0.9766,8.30,1,muy baja,2026-10-05T18:06:10,mirova-archivo,1
2019-10-23T05:30:00,357150,Puyehue-Cordon Caulle,VIIRS375,1.795,8.75,1,baja,2026-10-05T18:06:10,mirova-archivo,1
2019-10-23T06:18:00,357150,Puyehue-Cordon Caulle,VIIRS375,1.178,7.83,1,baja,2026-10-05T18:06:10,mirova-archivo,1
2019-10-24T05:12:00,357150,Puyehue-Cordon Caulle,VIIRS375,1.275,8.83,1,baja,2026-10-05T18:06:10,mirova-archivo,1
2019-10-24T06:00:00,357150,Puyehue-Cordon Caulle,VIIRS375,1.671,8.39,1,baja,2026-10-05T18:06:10,mirova-archivo,1
2019-10-27T05:54:00,357150,Puyehue-Cordon Caulle,VIIRS375,0.7749,8.83,1,muy baja,2026-10-05T18:06:10,mirova-archivo,1
2019-10-28T05:36:00,357150,Puyehue-Cordon Caulle,VIIRS375,0.1348,10.42,0,no volcanica,2026-10-05T18:06:10,mirova-archivo,0
2019-10-31T06:18:00,357150,Puyehue-Cordon Caulle,VIIRS375,0.04861,7.65,1,muy baja,2026-10-05T18:06:10,mirova-archivo,1
2019-11-03T04:36:00,357150,Puyehue-Cordon Caulle,VIIRS375,0.1054,7.83,1,muy baja,2026-10-05T18:06:10,mirova-archivo,1
2019-11-03T05:24:00,357150,Puyehue-Cordon Caulle,VIIRS375,1.225,8.83,1,baja,2026-10-05T18:06:10,mirova-archivo,1
2019-11-03T06:12:00,357150,Puyehue-Cordon Caulle,VIIRS375,1.159,7.83,1,baja,2026-10-05T18:06:10,mirova-archivo,1
2019-11-06T05:18:00,357150,Puyehue-Cordon Caulle,VIIRS375,0.8062,8.83,1,muy baja,2026-10-05T18:06:10,mirova-archivo,1
2019-11-06T06:06:00,357150,Puyehue-Cordon Caulle,VIIRS375,1.541,8.83,1,baja,2026-10-05T18:06:10,mirova-archivo,1
2019-11-07T06:42:00,357150,Puyehue-Cordon Caulle,VIIRS375,0.1825,8.02,1,muy baja,2026-10-05T18:06:10,mirova-archivo,1
2019-11-09T05:12:00,357150,Puyehue-Cordon Caulle,VIIRS375,1.458,8.83,1,baja,2026-10-05T18:06:10,mirova-archivo,1
2019-11-09T06:00:00,357150,Puyehue-Cordon Caulle,VIIRS375,1.097,8.02,1,baja,2026-10-05T18:06:10,mirova-archivo,1
2019-11-11T05:24:00,357150,Puyehue-Cordon Caulle,VIIRS375,1.779,8.10,1,baja,2026-10-05T18:06:10,mirova-archivo,1
2019-11-11T06:12:00,357150,Puyehue-Cordon Caulle,VIIRS375,1.777,8.19,1,baja,2026-10-05T18:06:10,mirova-archivo,1
2019-11-12T05:06:00,357150,Puyehue-Cordon Caulle,VIIRS375,0.9521,8.19,1,muy baja,2026-10-05T18:06:10,mirova-archivo,1
2019-11-12T05:54:00,357150,Puyehue-Cordon Caulle,VIIRS375,0.5842,7.83,1,muy baja,2026-10-05T18:06:10,mirova-archivo,1
2019-11-12T06:48:00,357150,Puyehue-Cordon Caulle,VIIRS375,0.1345,7.73,1,muy baja,2026-10-05T18:06:10,mirova-archivo,1
2019-11-13T05:36:00,357150,Puyehue-Cordon Caulle,VIIRS375,0.3742,7.73,1,muy baja,2026-10-05T18:06:10,mirova-archivo,1
2019-11-14T05:18:00,357150,Puyehue-Cordon Caulle,VIIRS375,1.996,8.83,1,baja,2026-10-05T18:06:10,mirova-archivo,1
2019-11-14T06:06:00,357150,Puyehue-Cordon Caulle,VIIRS375,2.199,8.75,1,baja,2026-10-05T18:06:10,mirova-archivo,1
2019-11-16T04:42:00,357150,Puyehue-Cordon Caulle,VIIRS375,0.5865,8.55,1,muy baja,2026-10-05T18:06:10,mirova-archivo,1
2019-11-16T05:30:00,357150,Puyehue-Cordon Caulle,VIIRS375,0.4137,7.83,1,muy baja,2026-10-05T18:06:10,mirova-archivo,1
2019-11-16T06:18:00,357150,Puyehue-Cordon Caulle,VIIRS375,0.4758,8.19,1,muy baja,2026-10-05T18:06:10,mirova-archivo,1
2019-11-18T04:54:00,357150,Puyehue-Cordon Caulle,VIIRS375,0.2518,8.83,1,muy baja,2026-10-05T18:06:10,mirova-archivo,1
2019-11-18T05:42:00,357150,Puyehue-Cordon Caulle,VIIRS375,0.4256,8.83,1,muy baja,2026-10-05T18:06:10,mirova-archivo,1
2019-11-19T04:36:00,357150,Puyehue-Cordon Caulle,VIIRS375,0.2072,8.55,1,muy baja,2026-10-05T18:06:10,mirova-archivo,1
2019-11-19T05:24:00,357150,Puyehue-Cordon Caulle,VIIRS375,1.832,8.83,1,baja,2026-10-05T18:06:10,mirova-archivo,1
2019-11-19T06:12:00,357150,Puyehue-Cordon Caulle,VIIRS375,0.04139,7.28,1,muy baja,2026-10-05T18:06:10,mirova-archivo,1
2019-11-20T05:54:00,357150,Puyehue-Cordon Caulle,VIIRS375,1.398,8.75,1,baja,2026-10-05T18:06:10,mirova-archivo,1
2019-11-21T04:48:00,357150,Puyehue-Cordon Caulle,VIIRS375,1.057,8.83,1,baja,2026-10-05T18:06:10,mirova-archivo,1
2019-11-21T05:36:00,357150,Puyehue-Cordon Caulle,VIIRS375,0.4651,7.73,1,muy baja,2026-10-05T18:06:10,mirova-archivo,1
2019-11-21T06:24:00,357150,Puyehue-Cordon Caulle,VIIRS375,0.5697,8.75,1,muy baja,2026-10-05T18:06:10,mirova-archivo,1
2019-11-22T05:18:00,357150,Puyehue-Cordon Caulle,VIIRS375,1.845,8.30,1,baja,2026-10-05T18:06:10,mirova-archivo,1
2019-11-22T06:06:00,357150,Puyehue-Cordon Caulle,VIIRS375,2.393,8.83,1,baja,2026-10-05T18:06:10,mirova-archivo,1
2019-11-23T05:00:00,357150,Puyehue-Cordon Caulle,VIIRS375,0.6393,8.10,1,muy baja,2026-10-05T18:06:10,mirova-archivo,1
2019-11-23T05:48:00,357150,Puyehue-Cordon Caulle,VIIRS375,0.7611,8.19,1,muy baja,2026-10-05T18:06:10,mirova-archivo,1
2019-11-23T06:42:00,357150,Puyehue-Cordon Caulle,VIIRS375,0.1867,8.10,1,muy baja,2026-10-05T18:06:10,mirova-archivo,1
2019-12-01T05:00:00,357150,Puyehue-Cordon Caulle,VIIRS375,0.8163,8.30,1,muy baja,2026-10-05T18:06:10,mirova-archivo,1
2019-12-01T05:48:00,357150,Puyehue-Cordon Caulle,VIIRS375,1.892,8.83,1,baja,2026-10-05T18:06:10,mirova-archivo,1
2019-12-02T05:30:00,357150,Puyehue-Cordon Caulle,VIIRS375,0.04999,8.83,1,muy baja,2026-10-05T18:06:10,mirova-archivo,1
2019-12-02T06:18:00,357150,Puyehue-Cordon Caulle,VIIRS375,0.1121,7.83,1,muy baja,2026-10-05T18:06:10,mirova-archivo,1
2019-12-03T06:00:00,357150,Puyehue-Cordon Caulle,VIIRS375,0.205,7.95,1,muy baja,2026-10-05T18:06:10,mirova-archivo,1
2019-12-04T04:54:00,357150,Puyehue-Cordon Caulle,VIIRS375,1.257,8.83,1,baja,2026-10-05T18:06:10,mirova-archivo,1
2019-12-04T05:42:00,357150,Puyehue-Cordon Caulle,VIIRS375,1.543,8.83,1,baja,2026-10-05T18:06:10,mirova-archivo,1
2019-12-05T05:24:00,357150,Puyehue-Cordon Caulle,VIIRS375,0.06519,7.73,1,muy baja,2026-10-05T18:06:10,mirova-archivo,1
2019-12-05T06:12:00,357150,Puyehue-Cordon Caulle,VIIRS375,0.6758,8.46,1,muy baja,2026-10-05T18:06:10,mirova-archivo,1
2019-12-06T05:54:00,357150,Puyehue-Cordon Caulle,VIIRS375,1.606,8.39,1,baja,2026-10-05T18:06:10,mirova-archivo,1
2019-12-07T05:36:00,357150,Puyehue-Cordon Caulle,VIIRS375,1.902,8.83,1,baja,2026-10-05T18:06:10,mirova-archivo,1
2019-12-07T06:24:00,357150,Puyehue-Cordon Caulle,VIIRS375,1.089,8.55,1,baja,2026-10-05T18:06:10,mirova-archivo,1
2019-12-08T05:18:00,357150,Puyehue-Cordon Caulle,VIIRS375,1.281,8.39,1,baja,2026-10-05T18:06:10,mirova-archivo,1
2019-12-08T06:06:00,357150,Puyehue-Cordon Caulle,VIIRS750,5.071,8.39,1,baja,2026-10-05T18:06:10,mirova-archivo,1
2019-12-09T05:00:00,357150,Puyehue-Cordon Caulle,VIIRS375,1.112,8.19,1,baja,2026-10-05T18:06:10,mirova-archivo,1
2019-12-09T05:48:00,357150,Puyehue-Cordon Caulle,VIIRS375,1.79,8.39,1,baja,2026-10-05T18:06:10,mirova-archivo,1
2019-12-09T06:42:00,357150,Puyehue-Cordon Caulle,VIIRS375,0.1814,7.65,1,muy baja,2026-10-05T18:06:10,mirova-archivo,1
2019-12-10T05:30:00,357150,Puyehue-Cordon Caulle,VIIRS375,1.504,25.40,0,no volcanica,2026-10-05T18:06:10,mirova-archivo,0
2019-12-10T06:18:00,357150,Puyehue-Cordon Caulle,VIIRS375,0.4636,7.83,1,muy baja,2026-10-05T18:06:10,mirova-archivo,1
2019-12-11T05:12:00,357150,Puyehue-Cordon Caulle,VIIRS375,1.118,8.55,1,baja,2026-10-05T18:06:10,mirova-archivo,1
2019-12-11T06:00:00,357150,Puyehue-Cordon Caulle,VIIRS375,0.1776,7.28,1,muy baja,2026-10-05T18:06:10,mirova-archivo,1
2019-12-12T05:42:00,357150,Puyehue-Cordon Caulle,VIIRS375,0.1016,7.83,1,muy baja,2026-10-05T18:06:10,mirova-archivo,1
2019-12-15T05:36:00,357150,Puyehue-Cordon Caulle,VIIRS375,0.5417,7.83,1,muy baja,2026-10-05T18:06:10,mirova-archivo,1
2019-12-15T06:24:00,357150,Puyehue-Cordon Caulle,VIIRS375,0.2955,8.75,1,muy baja,2026-10-05T18:06:10,mirova-archivo,1
2019-12-16T05:18:00,357150,Puyehue-Cordon Caulle,VIIRS375,0.6185,8.19,1,muy baja,2026-10-05T18:06:10,mirova-archivo,1
2019-12-16T06:06:00,357150,Puyehue-Cordon Caulle,VIIRS375,1.291,8.55,1,baja,2026-10-05T18:06:10,mirova-archivo,1
2019-12-17T05:00:00,357150,Puyehue-Cordon Caulle,VIIRS375,0.6221,8.55,1,muy baja,2026-10-05T18:06:10,mirova-archivo,1
2019-12-17T05:48:00,357150,Puyehue-Cordon Caulle,VIIRS750,5.345,8.55,1,baja,2026-10-05T18:06:10,mirova-archivo,1
2019-12-17T06:36:00,357150,Puyehue-Cordon Caulle,VIIRS375,1.341,8.83,1,baja,2026-10-05T18:06:10,mirova-archivo,1
2019-12-20T04:54:00,357150,Puyehue-Cordon Caulle,VIIRS375,0.2412,8.46,1,muy baja,2026-10-05T18:06:10,mirova-archivo,1
2019-12-20T05:42:00,357150,Puyehue-Cordon Caulle,VIIRS375,0.2973,8.83,1,muy baja,2026-10-05T18:06:10,mirova-archivo,1
2019-12-20T06:30:00,357150,Puyehue-Cordon Caulle,VIIRS375,0.2055,8.39,1,muy baja,2026-10-05T18:06:10,mirova-archivo,1
2019-12-21T05:24:00,357150,Puyehue-Cordon Caulle,VIIRS375,1.822,8.83,1,baja,2026-10-05T18:06:10,mirova-archivo,1
2019-12-21T06:12:00,357150,Puyehue-Cordon Caulle,VIIRS375,1.477,8.83,1,baja,2026-10-05T18:06:10,mirova-archivo,1
2019-12-22T05:06:00,357150,Puyehue-Cordon Caulle,VIIRS375,1.671,8.83,1,baja,2026-10-05T18:06:10,mirova-archivo,1
2019-12-22T05:54:00,357150,Puyehue-Cordon Caulle,VIIRS375,1.358,8.83,1,baja,2026-10-05T18:06:10,mirova-archivo,1
2019-12-22T06:48:00,357150,Puyehue-Cordon Caulle,VIIRS375,0.3637,8.10,1,muy baja,2026-10-05T18:06:10,mirova-archivo,1
2019-12-25T05:00:00,357150,Puyehue-Cordon Caulle,VIIRS375,0.08146,7.37,1,muy baja,2026-10-05T18:06:10,mirova-archivo,1
2019-12-25T05:48:00,357150,Puyehue-Cordon Caulle,VIIRS375,0.3393,7.83,1,muy baja,2026-10-05T18:06:10,mirova-archivo,1
2019-12-27T06:00:00,357150,Puyehue-Cordon Caulle,VIIRS375,0.4394,8.39,1,muy baja,2026-10-05T18:06:10,mirova-archivo,1
2019-12-27T06:54:00,357150,Puyehue-Cordon Caulle,VIIRS375,0.1365,7.83,1,muy baja,2026-10-05T18:06:10,mirova-archivo,1
2019-12-28T05:42:00,357150,Puyehue-Cordon Caulle,VIIRS375,0.6316,23.13,0,no volcanica,2026-10-05T18:06:10,mirova-archivo,0
2019-12-28T06:30:00,357150,Puyehue-Cordon Caulle,VIIRS375,0.05177,7.83,1,muy baja,2026-10-05T18:06:10,mirova-archivo,1
2019-12-29T05:24:00,357150,Puyehue-Cordon Caulle,VIIRS375,1.852,8.83,1,baja,2026-10-05T18:06:10,mirova-archivo,1
2019-12-29T06:12:00,357150,Puyehue-Cordon Caulle,VIIRS375,1.19,8.83,1,baja,2026-10-05T18:06:10,mirova-archivo,1
2019-12-30T05:06:00,357150,Puyehue-Cordon Caulle,VIIRS375,0.7618,8.19,1,muy baja,2026-10-05T18:06:10,mirova-archivo,1
2019-12-31T04:48:00,357150,Puyehue-Cordon Caulle,VIIRS375,0.6569,8.19,1,muy baja,2026-10-05T18:06:10,mirova-archivo,1
2019-12-31T05:36:00,357150,Puyehue-Cordon Caulle,VIIRS375,0.9383,8.83,1,muy baja,2026-10-05T18:06:10,mirova-archivo,1
2019-12-31T06:24:00,357150,Puyehue-Cordon Caulle,VIIRS375,0.7822,8.02,1,muy baja,2026-10-05T18:06:10,mirova-archivo,1
2020-01-01T05:18:00,357150,Puyehue-Cordon Caulle,VIIRS375,0.2519,7.83,1,muy baja,2026-10-05T18:06:10,mirova-archivo,1
2020-01-01T06:06:00,357150,Puyehue-Cordon Caulle,VIIRS375,0.7013,7.83,1,muy baja,2026-10-05T18:06:10,mirova-archivo,1
2020-01-02T05:00:00,357150,Puyehue-Cordon Caulle,VIIRS375,0.6507,8.46,1,muy baja,2026-10-05T18:06:10,mirova-archivo,1
2020-01-02T05:48:00,357150,Puyehue-Cordon Caulle,VIIRS375,1.679,8.83,1,baja,2026-10-05T18:06:10,mirova-archivo,1
2020-01-02T06:42:00,357150,Puyehue-Cordon Caulle,VIIRS375,0.1812,7.73,1,muy baja,2026-10-05T18:06:10,mirova-archivo,1
2020-01-03T05:30:00,357150,Puyehue-Cordon Caulle,VIIRS375,1.48,8.46,1,baja,2026-10-05T18:06:10,mirova-archivo,1
2020-01-03T06:18:00,357150,Puyehue-Cordon Caulle,VIIRS375,0.9562,8.83,1,muy baja,2026-10-05T18:06:10,mirova-archivo,1
2020-01-04T05:12:00,357150,Puyehue-Cordon Caulle,VIIRS375,0.3448,7.83,1,muy baja,2026-10-05T18:06:10,mirova-archivo,1
2020-01-04T06:00:00,357150,Puyehue-Cordon Caulle,VIIRS375,0.9783,8.83,1,muy baja,2026-10-05T18:06:10,mirova-archivo,1
2020-01-11T04:42:00,357150,Puyehue-Cordon Caulle,VIIRS375,0.4264,8.30,1,muy baja,2026-10-05T18:06:10,mirova-archivo,1
2020-01-11T05:30:00,357150,Puyehue-Cordon Caulle,VIIRS375,1.266,8.83,1,baja,2026-10-05T18:06:10,mirova-archivo,1
2020-01-11T06:18:00,357150,Puyehue-Cordon Caulle,VIIRS375,0.802,8.75,1,muy baja,2026-10-05T18:06:10,mirova-archivo,1
2020-01-12T05:12:00,357150,Puyehue-Cordon Caulle,VIIRS375,1.407,8.55,1,baja,2026-10-05T18:06:10,mirova-archivo,1
2020-01-12T06:00:00,357150,Puyehue-Cordon Caulle,VIIRS375,0.7143,8.75,1,muy baja,2026-10-05T18:06:10,mirova-archivo,1
2020-01-13T04:54:00,357150,Puyehue-Cordon Caulle,VIIRS375,1.009,8.55,1,baja,2026-10-05T18:06:10,mirova-archivo,1
2020-01-13T05:42:00,357150,Puyehue-Cordon Caulle,VIIRS375,2.009,8.39,1,baja,2026-10-05T18:06:10,mirova-archivo,1
2020-01-16T04:48:00,357150,Puyehue-Cordon Caulle,VIIRS375,0.2773,8.46,1,muy baja,2026-10-05T18:06:10,mirova-archivo,1
2020-01-16T05:36:00,357150,Puyehue-Cordon Caulle,VIIRS375,0.9958,8.83,1,muy baja,2026-10-05T18:06:10,mirova-archivo,1
2020-01-17T05:18:00,357150,Puyehue-Cordon Caulle,VIIRS375,1.243,8.83,1,baja,2026-10-05T18:06:10,mirova-archivo,1
2020-01-17T06:06:00,357150,Puyehue-Cordon Caulle,VIIRS375,0.4409,7.65,1,muy baja,2026-10-05T18:06:10,mirova-archivo,1
2020-01-18T05:48:00,357150,Puyehue-Cordon Caulle,VIIRS375,1.343,8.83,1,baja,2026-10-05T18:06:10,mirova-archivo,1
2020-01-18T06:42:00,357150,Puyehue-Cordon Caulle,VIIRS375,0.6871,7.83,1,muy baja,2026-10-05T18:06:10,mirova-archivo,1
2020-01-19T04:42:00,357150,Puyehue-Cordon Caulle,VIIRS375,0.4724,8.55,1,muy baja,2026-10-05T18:06:10,mirova-archivo,1
2020-01-19T05:30:00,357150,Puyehue-Cordon Caulle,VIIRS375,0.3696,8.30,1,muy baja,2026-10-05T18:06:10,mirova-archivo,1
2020-01-20T05:12:00,357150,Puyehue-Cordon Caulle,VIIRS375,0.4115,7.83,1,muy baja,2026-10-05T18:06:10,mirova-archivo,1
2020-01-20T06:00:00,357150,Puyehue-Cordon Caulle,VIIRS375,0.5935,8.75,1,muy baja,2026-10-05T18:06:10,mirova-archivo,1
2020-01-21T04:54:00,357150,Puyehue-Cordon Caulle,VIIRS375,0.5915,8.46,1,muy baja,2026-10-05T18:06:10,mirova-archivo,1
2020-01-21T05:42:00,357150,Puyehue-Cordon Caulle,VIIRS375,1.385,8.19,1,baja,2026-10-05T18:06:10,mirova-archivo,1
2020-01-21T06:30:00,357150,Puyehue-Cordon Caulle,VIIRS375,0.04302,7.58,1,muy baja,2026-10-05T18:06:10,mirova-archivo,1
2020-01-22T05:24:00,357150,Puyehue-Cordon Caulle,VIIRS375,0.853,8.10,1,muy baja,2026-10-05T18:06:10,mirova-archivo,1
2020-01-22T06:12:00,357150,Puyehue-Cordon Caulle,VIIRS375,0.6539,8.02,1,muy baja,2026-10-05T18:06:10,mirova-archivo,1
2020-01-23T05:54:00,357150,Puyehue-Cordon Caulle,VIIRS375,0.7626,8.19,1,muy baja,2026-10-05T18:06:10,mirova-archivo,1
2020-01-23T06:48:00,357150,Puyehue-Cordon Caulle,VIIRS375,0.1676,7.73,1,muy baja,2026-10-05T18:06:10,mirova-archivo,1
2020-01-24T04:48:00,357150,Puyehue-Cordon Caulle,VIIRS375,0.613,8.55,1,muy baja,2026-10-05T18:06:10,mirova-archivo,1
2020-01-24T05:36:00,357150,Puyehue-Cordon Caulle,VIIRS375,0.5904,8.39,1,muy baja,2026-10-05T18:06:10,mirova-archivo,1
2020-01-24T06:24:00,357150,Puyehue-Cordon Caulle,VIIRS375,0.5644,8.19,1,muy baja,2026-10-05T18:06:10,mirova-archivo,1
2020-01-26T05:00:00,357150,Puyehue-Cordon Caulle,VIIRS375,0.08435,8.83,1,muy baja,2026-10-05T18:06:10,mirova-archivo,1
2020-01-26T05:48:00,357150,Puyehue-Cordon Caulle,VIIRS375,0.221,7.73,1,muy baja,2026-10-05T18:06:10,mirova-archivo,1
2020-01-27T04:42:00,357150,Puyehue-Cordon Caulle,VIIRS375,0.5977,8.30,1,muy baja,2026-10-05T18:06:10,mirova-archivo,1
2020-01-27T05:30:00,357150,Puyehue-Cordon Caulle,VIIRS375,1.168,8.83,1,baja,2026-10-05T18:06:10,mirova-archivo,1
2020-01-30T05:24:00,357150,Puyehue-Cordon Caulle,VIIRS375,1.562,8.75,1,baja,2026-10-05T18:06:10,mirova-archivo,1
2020-01-30T06:12:00,357150,Puyehue-Cordon Caulle,VIIRS375,0.9343,8.83,1,muy baja,2026-10-05T18:06:10,mirova-archivo,1
2020-02-01T04:48:00,357150,Puyehue-Cordon Caulle,VIIRS375,0.2169,7.83,1,muy baja,2026-10-05T18:06:10,mirova-archivo,1
2020-02-01T06:24:00,357150,Puyehue-Cordon Caulle,VIIRS375,0.2043,8.75,1,muy baja,2026-10-05T18:06:10,mirova-archivo,1
2020-02-02T06:06:00,357150,Puyehue-Cordon Caulle,VIIRS375,0.6256,8.19,1,muy baja,2026-10-05T18:06:10,mirova-archivo,1
2020-02-05T05:12:00,357150,Puyehue-Cordon Caulle,VIIRS375,0.1526,7.83,1,muy baja,2026-10-05T18:06:10,mirova-archivo,1
2020-02-05T06:00:00,357150,Puyehue-Cordon Caulle,VIIRS375,0.282,7.83,1,muy baja,2026-10-05T18:06:10,mirova-archivo,1
2020-02-06T05:42:00,357150,Puyehue-Cordon Caulle,VIIRS375,0.1683,7.65,1,muy baja,2026-10-05T18:06:10,mirova-archivo,1
2020-02-07T04:36:00,357150,Puyehue-Cordon Caulle,VIIRS375,0.08534,8.30,1,muy baja,2026-10-05T18:06:10,mirova-archivo,1
2020-02-07T05:24:00,357150,Puyehue-Cordon Caulle,VIIRS375,1.094,8.83,1,baja,2026-10-05T18:06:10,mirova-archivo,1
2020-02-07T06:12:00,357150,Puyehue-Cordon Caulle,VIIRS375,1.154,8.19,1,baja,2026-10-05T18:06:10,mirova-archivo,1
2020-02-08T05:06:00,357150,Puyehue-Cordon Caulle,VIIRS375,0.7402,8.19,1,muy baja,2026-10-05T18:06:10,mirova-archivo,1
2020-02-08T05:54:00,357150,Puyehue-Cordon Caulle,VIIRS375,0.6855,8.83,1,muy baja,2026-10-05T18:06:10,mirova-archivo,1
2020-02-08T06:48:00,357150,Puyehue-Cordon Caulle,VIIRS375,0.1552,7.83,1,muy baja,2026-10-05T18:06:10,mirova-archivo,1
2020-02-09T04:48:00,357150,Puyehue-Cordon Caulle,VIIRS375,0.3999,8.55,1,muy baja,2026-10-05T18:06:10,mirova-archivo,1
2020-02-09T05:36:00,357150,Puyehue-Cordon Caulle,VIIRS375,1.185,8.30,1,baja,2026-10-05T18:06:10,mirova-archivo,1
2020-02-10T04:30:00,357150,Puyehue-Cordon Caulle,VIIRS375,0.9237,8.91,1,muy baja,2026-10-05T18:06:10,mirova-archivo,1
2020-02-10T05:18:00,357150,Puyehue-Cordon Caulle,VIIRS375,0.7225,8.19,1,muy baja,2026-10-05T18:06:10,mirova-archivo,1
2020-02-10T06:06:00,357150,Puyehue-Cordon Caulle,VIIRS375,1.124,8.83,1,baja,2026-10-05T18:06:10,mirova-archivo,1
2020-02-11T05:00:00,357150,Puyehue-Cordon Caulle,VIIRS375,0.8748,8.19,1,muy baja,2026-10-05T18:06:10,mirova-archivo,1
2020-02-11T05:48:00,357150,Puyehue-Cordon Caulle,VIIRS375,1.462,8.75,1,baja,2026-10-05T18:06:10,mirova-archivo,1
2020-02-11T06:36:00,357150,Puyehue-Cordon Caulle,VIIRS375,1.19,8.02,1,baja,2026-10-05T18:06:10,mirova-archivo,1
2020-02-13T05:12:00,357150,Puyehue-Cordon Caulle,VIIRS375,1.245,8.83,1,baja,2026-10-05T18:06:10,mirova-archivo,1
2020-02-13T06:00:00,357150,Puyehue-Cordon Caulle,VIIRS375,0.5583,7.83,1,muy baja,2026-10-05T18:06:10,mirova-archivo,1
2020-02-14T05:42:00,357150,Puyehue-Cordon Caulle,VIIRS375,0.5163,8.83,1,muy baja,2026-10-05T18:06:10,mirova-archivo,1
2020-02-15T05:24:00,357150,Puyehue-Cordon Caulle,VIIRS375,0.5064,7.83,1,muy baja,2026-10-05T18:06:10,mirova-archivo,1
2020-02-15T06:12:00,357150,Puyehue-Cordon Caulle,VIIRS375,0.8183,8.75,1,muy baja,2026-10-05T18:06:10,mirova-archivo,1
2020-02-18T05:18:00,357150,Puyehue-Cordon Caulle,VIIRS375,0.5936,8.83,1,muy baja,2026-10-05T18:06:10,mirova-archivo,1
2020-02-18T06:06:00,357150,Puyehue-Cordon Caulle,VIIRS375,0.7541,7.83,1,muy baja,2026-10-05T18:06:10,mirova-archivo,1
2020-02-19T05:00:00,357150,Puyehue-Cordon Caulle,VIIRS375,0.08898,8.10,1,muy baja,2026-10-05T18:06:10,mirova-archivo,1
2020-02-20T04:42:00,357150,Puyehue-Cordon Caulle,VIIRS375,0.2325,8.19,1,muy baja,2026-10-05T18:06:10,mirova-archivo,1
2020-02-20T05:30:00,357150,Puyehue-Cordon Caulle,VIIRS375,1.145,8.75,1,baja,2026-10-05T18:06:10,mirova-archivo,1
2020-02-21T06:00:00,357150,Puyehue-Cordon Caulle,VIIRS375,0.2081,7.73,1,muy baja,2026-10-05T18:06:10,mirova-archivo,1
2020-02-22T04:54:00,357150,Puyehue-Cordon Caulle,VIIRS375,0.3043,8.19,1,muy baja,2026-10-05T18:06:10,mirova-archivo,1
2020-02-22T05:42:00,357150,Puyehue-Cordon Caulle,VIIRS375,0.703,8.10,1,muy baja,2026-10-05T18:06:10,mirova-archivo,1
2020-02-23T04:36:00,357150,Puyehue-Cordon Caulle,VIIRS375,0.5011,8.19,1,muy baja,2026-10-05T18:06:10,mirova-archivo,1
2020-02-23T05:24:00,357150,Puyehue-Cordon Caulle,VIIRS375,1.32,8.83,1,baja,2026-10-05T18:06:10,mirova-archivo,1
2020-02-23T06:12:00,357150,Puyehue-Cordon Caulle,VIIRS375,1.277,8.10,1,baja,2026-10-05T18:06:10,mirova-archivo,1
2020-02-26T05:18:00,357150,Puyehue-Cordon Caulle,VIIRS375,0.4244,7.83,1,muy baja,2026-10-05T18:06:10,mirova-archivo,1
2020-02-26T06:06:00,357150,Puyehue-Cordon Caulle,VIIRS375,0.2514,8.83,1,muy baja,2026-10-05T18:06:10,mirova-archivo,1
2020-02-27T05:48:00,357150,Puyehue-Cordon Caulle,VIIRS375,0.4438,8.39,1,muy baja,2026-10-05T18:06:10,mirova-archivo,1
2020-02-28T05:30:00,357150,Puyehue-Cordon Caulle,VIIRS375,0.4821,8.19,1,muy baja,2026-10-05T18:06:10,mirova-archivo,1
2020-02-28T06:18:00,357150,Puyehue-Cordon Caulle,VIIRS375,0.7592,8.19,1,muy baja,2026-10-05T18:06:10,mirova-archivo,1
2020-02-29T05:12:00,357150,Puyehue-Cordon Caulle,VIIRS375,1.34,8.83,1,baja,2026-10-05T18:06:10,mirova-archivo,1
2020-02-29T06:00:00,357150,Puyehue-Cordon Caulle,VIIRS375,0.7544,7.83,1,muy baja,2026-10-05T18:06:10,mirova-archivo,1
2020-03-01T04:54:00,357150,Puyehue-Cordon Caulle,VIIRS375,0.6637,8.19,1,muy baja,2026-10-05T18:06:10,mirova-archivo,1
2020-03-01T05:42:00,357150,Puyehue-Cordon Caulle,VIIRS375,0.9642,7.83,1,muy baja,2026-10-05T18:06:10,mirova-archivo,1
2020-03-01T06:36:00,357150,Puyehue-Cordon Caulle,VIIRS375,0.4163,7.73,1,muy baja,2026-10-05T18:06:10,mirova-archivo,1
2020-03-02T04:36:00,357150,Puyehue-Cordon Caulle,VIIRS375,0.6081,8.91,1,muy baja,2026-10-05T18:06:10,mirova-archivo,1
2020-03-02T05:24:00,357150,Puyehue-Cordon Caulle,VIIRS375,0.9046,8.10,1,muy baja,2026-10-05T18:06:10,mirova-archivo,1
2020-03-02T06:12:00,357150,Puyehue-Cordon Caulle,VIIRS375,1.32,8.75,1,baja,2026-10-05T18:06:10,mirova-archivo,1
2020-03-03T05:06:00,357150,Puyehue-Cordon Caulle,VIIRS375,0.2829,8.10,1,muy baja,2026-10-05T18:06:10,mirova-archivo,1
2020-03-03T05:54:00,357150,Puyehue-Cordon Caulle,VIIRS375,1.583,8.39,1,baja,2026-10-05T18:06:10,mirova-archivo,1
2020-03-03T06:48:00,357150,Puyehue-Cordon Caulle,VIIRS375,1.142,8.02,1,baja,2026-10-05T18:06:10,mirova-archivo,1
2020-03-04T04:48:00,357150,Puyehue-Cordon Caulle,VIIRS375,0.6987,8.83,1,muy baja,2026-10-05T18:06:10,mirova-archivo,1
2020-03-04T05:36:00,357150,Puyehue-Cordon Caulle,VIIRS375,1.477,8.02,1,baja,2026-10-05T18:06:10,mirova-archivo,1
2020-03-04T06:24:00,357150,Puyehue-Cordon Caulle,VIIRS375,1.47,8.19,1,baja,2026-10-05T18:06:10,mirova-archivo,1
2020-03-05T06:06:00,357150,Puyehue-Cordon Caulle,VIIRS375,0.1814,7.73,1,muy baja,2026-10-05T18:06:10,mirova-archivo,1
2020-03-06T05:00:00,357150,Puyehue-Cordon Caulle,VIIRS375,1.212,8.46,1,baja,2026-10-05T18:06:10,mirova-archivo,1
2020-03-06T05:48:00,357150,Puyehue-Cordon Caulle,VIIRS375,1.393,8.19,1,baja,2026-10-05T18:06:10,mirova-archivo,1
2020-03-06T06:42:00,357150,Puyehue-Cordon Caulle,VIIRS375,0.4386,7.73,1,muy baja,2026-10-05T18:06:10,mirova-archivo,1
2020-03-07T05:30:00,357150,Puyehue-Cordon Caulle,VIIRS375,0.2328,8.10,1,muy baja,2026-10-05T18:06:10,mirova-archivo,1
2020-03-08T05:12:00,357150,Puyehue-Cordon Caulle,VIIRS375,1.269,8.19,1,baja,2026-10-05T18:06:10,mirova-archivo,1
2020-03-08T06:00:00,357150,Puyehue-Cordon Caulle,VIIRS375,1.883,8.75,1,baja,2026-10-05T18:06:10,mirova-archivo,1
2020-03-09T04:54:00,357150,Puyehue-Cordon Caulle,VIIRS375,1.327,8.19,1,baja,2026-10-05T18:06:10,mirova-archivo,1
2020-03-09T05:42:00,357150,Puyehue-Cordon Caulle,VIIRS375,1.676,8.39,1,baja,2026-10-05T18:06:10,mirova-archivo,1
2020-03-09T06:30:00,357150,Puyehue-Cordon Caulle,VIIRS375,0.114,7.83,1,muy baja,2026-10-05T18:06:10,mirova-archivo,1
2020-03-10T04:36:00,357150,Puyehue-Cordon Caulle,VIIRS375,1.067,8.66,1,baja,2026-10-05T18:06:10,mirova-archivo,1
2020-03-10T05:24:00,357150,Puyehue-Cordon Caulle,VIIRS375,1.458,8.83,1,baja,2026-10-05T18:06:10,mirova-archivo,1
2020-03-12T06:30:00,357150,Puyehue-Cordon Caulle,VIIRS375,0.05794,7.73,1,muy baja,2026-10-05T18:06:10,mirova-archivo,1
2020-03-14T05:48:00,357150,Puyehue-Cordon Caulle,VIIRS375,0.064,7.73,1,muy baja,2026-10-05T18:06:10,mirova-archivo,1
2020-03-15T04:42:00,357150,Puyehue-Cordon Caulle,VIIRS375,0.5688,8.30,1,muy baja,2026-10-05T18:06:10,mirova-archivo,1
2020-03-15T05:30:00,357150,Puyehue-Cordon Caulle,VIIRS375,2.018,8.83,1,baja,2026-10-05T18:06:10,mirova-archivo,1
2020-03-15T06:18:00,357150,Puyehue-Cordon Caulle,VIIRS375,0.9636,7.83,1,muy baja,2026-10-05T18:06:10,mirova-archivo,1
2020-03-16T05:12:00,357150,Puyehue-Cordon Caulle,VIIRS375,1.119,8.46,1,baja,2026-10-05T18:06:10,mirova-archivo,1
2020-03-16T06:00:00,357150,Puyehue-Cordon Caulle,VIIRS375,0.9541,7.83,1,muy baja,2026-10-05T18:06:10,mirova-archivo,1
2020-03-16T06:54:00,357150,Puyehue-Cordon Caulle,VIIRS375,0.409,8.10,1,muy baja,2026-10-05T18:06:10,mirova-archivo,1
2020-03-18T05:24:00,357150,Puyehue-Cordon Caulle,VIIRS375,1.73,8.83,1,baja,2026-10-05T18:06:10,mirova-archivo,1
2020-03-19T05:06:00,357150,Puyehue-Cordon Caulle,VIIRS375,0.7232,7.83,1,muy baja,2026-10-05T18:06:10,mirova-archivo,1
2020-03-19T05:54:00,357150,Puyehue-Cordon Caulle,VIIRS375,1.172,8.75,1,baja,2026-10-05T18:06:10,mirova-archivo,1
2020-03-20T05:36:00,357150,Puyehue-Cordon Caulle,VIIRS375,0.9887,8.19,1,muy baja,2026-10-05T18:06:10,mirova-archivo,1
2020-03-20T06:24:00,357150,Puyehue-Cordon Caulle,VIIRS375,0.7981,8.02,1,muy baja,2026-10-05T18:06:10,mirova-archivo,1
2020-03-21T05:18:00,357150,Puyehue-Cordon Caulle,VIIRS375,0.1668,8.19,1,muy baja,2026-10-05T18:06:10,mirova-archivo,1
2020-03-21T06:06:00,357150,Puyehue-Cordon Caulle,VIIRS375,0.5358,8.39,1,muy baja,2026-10-05T18:06:10,mirova-archivo,1
2020-03-25T04:54:00,357150,Puyehue-Cordon Caulle,VIIRS375,0.6506,8.83,1,muy baja,2026-10-05T18:06:10,mirova-archivo,1
2020-03-25T05:42:00,357150,Puyehue-Cordon Caulle,VIIRS375,1.134,8.39,1,baja,2026-10-05T18:06:10,mirova-archivo,1
2020-03-25T06:30:00,357150,Puyehue-Cordon Caulle,VIIRS375,0.2462,7.73,1,muy baja,2026-10-05T18:06:10,mirova-archivo,1
2020-03-26T04:36:00,357150,Puyehue-Cordon Caulle,VIIRS375,0.1262,8.30,1,muy baja,2026-10-05T18:06:10,mirova-archivo,1
2020-03-26T05:24:00,357150,Puyehue-Cordon Caulle,VIIRS375,0.8825,8.10,1,muy baja,2026-10-05T18:06:10,mirova-archivo,1
2020-03-26T06:12:00,357150,Puyehue-Cordon Caulle,VIIRS375,1.166,8.39,1,baja,2026-10-05T18:06:10,mirova-archivo,1
2020-03-27T05:06:00,357150,Puyehue-Cordon Caulle,VIIRS375,0.5714,8.19,1,muy baja,2026-10-05T18:06:10,mirova-archivo,1
2020-03-27T05:54:00,357150,Puyehue-Cordon Caulle,VIIRS375,0.8217,7.83,1,muy baja,2026-10-05T18:06:10,mirova-archivo,1
2020-03-29T05:18:00,357150,Puyehue-Cordon Caulle,VIIRS375,0.5125,7.83,1,muy baja,2026-10-05T18:06:10,mirova-archivo,1
2020-03-29T06:06:00,357150,Puyehue-Cordon Caulle,VIIRS375,0.9449,8.75,1,muy baja,2026-10-05T18:06:10,mirova-archivo,1
2020-03-30T05:00:00,357150,Puyehue-Cordon Caulle,VIIRS375,0.8261,8.19,1,muy baja,2026-10-05T18:06:10,mirova-archivo,1
2020-03-30T05:48:00,357150,Puyehue-Cordon Caulle,VIIRS375,1.009,8.30,1,baja,2026-10-05T18:06:10,mirova-archivo,1
2020-03-31T05:30:00,357150,Puyehue-Cordon Caulle,VIIRS375,0.7327,8.39,1,muy baja,2026-10-05T18:06:10,mirova-archivo,1
2020-03-31T06:18:00,357150,Puyehue-Cordon Caulle,VIIRS375,0.5367,7.73,1,muy baja,2026-10-05T18:06:10,mirova-archivo,1
2020-04-02T04:54:00,357150,Puyehue-Cordon Caulle,VIIRS375,1.285,8.83,1,baja,2026-10-05T18:06:10,mirova-archivo,1
2020-04-02T05:42:00,357150,Puyehue-Cordon Caulle,VIIRS375,1.248,8.83,1,baja,2026-10-05T18:06:10,mirova-archivo,1
2020-04-02T06:36:00,357150,Puyehue-Cordon Caulle,VIIRS375,0.1368,7.73,1,muy baja,2026-10-05T18:06:10,mirova-archivo,1
2020-04-03T04:36:00,357150,Puyehue-Cordon Caulle,VIIRS375,0.07936,8.66,1,muy baja,2026-10-05T18:06:10,mirova-archivo,1
2020-04-03T05:24:00,357150,Puyehue-Cordon Caulle,VIIRS375,1.152,8.83,1,baja,2026-10-05T18:06:10,mirova-archivo,1
2020-04-03T06:12:00,357150,Puyehue-Cordon Caulle,VIIRS375,1.504,8.19,1,baja,2026-10-05T18:06:10,mirova-archivo,1
2020-04-04T05:06:00,357150,Puyehue-Cordon Caulle,VIIRS375,0.1941,8.46,1,muy baja,2026-10-05T18:06:10,mirova-archivo,1
2020-04-04T05:54:00,357150,Puyehue-Cordon Caulle,VIIRS375,0.7045,7.83,1,muy baja,2026-10-05T18:06:10,mirova-archivo,1
2020-04-04T06:48:00,357150,Puyehue-Cordon Caulle,VIIRS375,0.8405,8.10,1,muy baja,2026-10-05T18:06:10,mirova-archivo,1
2020-04-05T05:36:00,357150,Puyehue-Cordon Caulle,VIIRS375,0.2631,7.73,1,muy baja,2026-10-05T18:06:10,mirova-archivo,1
2020-04-06T04:30:00,357150,Puyehue-Cordon Caulle,VIIRS375,0.09085,8.10,1,muy baja,2026-10-05T18:06:10,mirova-archivo,1
2020-04-06T05:18:00,357150,Puyehue-Cordon Caulle,VIIRS375,0.6903,13.38,0,no volcanica,2026-10-05T18:06:10,mirova-archivo,0
2020-04-06T06:06:00,357150,Puyehue-Cordon Caulle,VIIRS375,0.5856,8.39,1,muy baja,2026-10-05T18:06:10,mirova-archivo,1
2020-04-07T05:00:00,357150,Puyehue-Cordon Caulle,VIIRS375,0.9751,8.83,1,muy baja,2026-10-05T18:06:10,mirova-archivo,1
2020-04-07T05:48:00,357150,Puyehue-Cordon Caulle,VIIRS375,1.04,7.83,1,baja,2026-10-05T18:06:10,mirova-archivo,1
2020-04-07T06:42:00,357150,Puyehue-Cordon Caulle,VIIRS375,0.6436,7.73,1,muy baja,2026-10-05T18:06:10,mirova-archivo,1
2020-04-08T05:30:00,357150,Puyehue-Cordon Caulle,VIIRS375,0.4446,11.25,0,no volcanica,2026-10-05T18:06:10,mirova-archivo,0
2020-04-09T05:12:00,357150,Puyehue-Cordon Caulle,VIIRS375,0.9715,8.19,1,muy baja,2026-10-05T18:06:10,mirova-archivo,1
2020-04-09T06:00:00,357150,Puyehue-Cordon Caulle,VIIRS375,0.7611,7.83,1,muy baja,2026-10-05T18:06:10,mirova-archivo,1
2020-04-10T04:54:00,357150,Puyehue-Cordon Caulle,VIIRS375,0.9247,8.83,1,muy baja,2026-10-05T18:06:10,mirova-archivo,1
2020-04-10T05:42:00,357150,Puyehue-Cordon Caulle,VIIRS375,1.718,8.75,1,baja,2026-10-05T18:06:10,mirova-archivo,1
2020-04-10T06:30:00,357150,Puyehue-Cordon Caulle,VIIRS375,1.163,8.02,1,baja,2026-10-05T18:06:10,mirova-archivo,1
2020-04-12T05:06:00,357150,Puyehue-Cordon Caulle,VIIRS375,0.5635,8.19,1,muy baja,2026-10-05T18:06:10,mirova-archivo,1
2020-04-12T05:54:00,357150,Puyehue-Cordon Caulle,VIIRS375,0.3306,8.83,1,muy baja,2026-10-05T18:06:10,mirova-archivo,1
2020-04-12T06:48:00,357150,Puyehue-Cordon Caulle,VIIRS375,0.254,7.65,1,muy baja,2026-10-05T18:06:10,mirova-archivo,1
2020-04-13T04:48:00,357150,Puyehue-Cordon Caulle,VIIRS375,0.3535,8.30,1,muy baja,2026-10-05T18:06:10,mirova-archivo,1
2020-04-13T05:36:00,357150,Puyehue-Cordon Caulle,VIIRS375,0.7176,8.19,1,muy baja,2026-10-05T18:06:10,mirova-archivo,1
2020-04-13T06:30:00,357150,Puyehue-Cordon Caulle,VIIRS375,0.6335,8.75,1,muy baja,2026-10-05T18:06:10,mirova-archivo,1
2020-04-14T04:30:00,357150,Puyehue-Cordon Caulle,VIIRS375,0.5697,8.55,1,muy baja,2026-10-05T18:06:10,mirova-archivo,1
2020-04-14T05:18:00,357150,Puyehue-Cordon Caulle,VIIRS375,1.068,8.19,1,baja,2026-10-05T18:06:10,mirova-archivo,1
2020-04-14T06:06:00,357150,Puyehue-Cordon Caulle,VIIRS375,1.219,8.39,1,baja,2026-10-05T18:06:10,mirova-archivo,1
2020-04-21T04:48:00,357150,Puyehue-Cordon Caulle,VIIRS375,0.2727,8.46,1,muy baja,2026-10-05T18:06:10,mirova-archivo,1
2020-04-21T05:36:00,357150,Puyehue-Cordon Caulle,VIIRS375,1.243,8.19,1,baja,2026-10-05T18:06:10,mirova-archivo,1
2020-04-21T06:24:00,357150,Puyehue-Cordon Caulle,VIIRS375,1.124,8.75,1,baja,2026-10-05T18:06:10,mirova-archivo,1
2020-04-22T04:30:00,357150,Puyehue-Cordon Caulle,VIIRS375,0.2374,8.30,1,muy baja,2026-10-05T18:06:10,mirova-archivo,1
2020-04-22T05:18:00,357150,Puyehue-Cordon Caulle,VIIRS375,0.6926,8.19,1,muy baja,2026-10-05T18:06:10,mirova-archivo,1
2020-04-22T06:06:00,357150,Puyehue-Cordon Caulle,VIIRS375,0.8751,8.10,1,muy baja,2026-10-05T18:06:10,mirova-archivo,1
2020-04-29T05:36:00,357150,Puyehue-Cordon Caulle,VIIRS375,0.8832,8.83,1,muy baja,2026-10-05T18:06:10,mirova-archivo,1
2020-04-29T06:30:00,357150,Puyehue-Cordon Caulle,VIIRS375,0.6798,8.39,1,muy baja,2026-10-05T18:06:10,mirova-archivo,1
2020-05-01T05:00:00,357150,Puyehue-Cordon Caulle,VIIRS375,0.5467,24.40,0,no volcanica,2026-10-05T18:06:10,mirova-archivo,0
2020-05-01T05:48:00,357150,Puyehue-Cordon Caulle,VIIRS375,0.2844,8.10,1,muy baja,2026-10-05T18:06:10,mirova-archivo,1
2020-05-02T05:30:00,357150,Puyehue-Cordon Caulle,VIIRS375,0.1032,8.10,1,muy baja,2026-10-05T18:06:10,mirova-archivo,1
2020-05-05T05:24:00,357150,Puyehue-Cordon Caulle,VIIRS375,0.3294,7.83,1,muy baja,2026-10-05T18:06:10,mirova-archivo,1
2020-05-05T06:12:00,357150,Puyehue-Cordon Caulle,VIIRS375,0.4842,7.83,1,muy baja,2026-10-05T18:06:10,mirova-archivo,1
2020-05-06T05:06:00,357150,Puyehue-Cordon Caulle,VIIRS375,0.4244,8.19,1,muy baja,2026-10-05T18:06:10,mirova-archivo,1
2020-05-06T05:54:00,357150,Puyehue-Cordon Caulle,VIIRS375,0.3321,7.65,1,muy baja,2026-10-05T18:06:10,mirova-archivo,1
2020-05-06T06:48:00,357150,Puyehue-Cordon Caulle,VIIRS375,0.3075,8.39,1,muy baja,2026-10-05T18:06:10,mirova-archivo,1
2020-05-07T04:48:00,357150,Puyehue-Cordon Caulle,VIIRS375,0.7829,8.83,1,muy baja,2026-10-05T18:06:10,mirova-archivo,1
2020-05-07T05:36:00,357150,Puyehue-Cordon Caulle,VIIRS375,1.037,8.83,1,baja,2026-10-05T18:06:10,mirova-archivo,1
2020-05-07T06:24:00,357150,Puyehue-Cordon Caulle,VIIRS375,0.4664,7.73,1,muy baja,2026-10-05T18:06:10,mirova-archivo,1
2020-05-08T04:30:00,357150,Puyehue-Cordon Caulle,VIIRS375,0.1585,8.30,1,muy baja,2026-10-05T18:06:10,mirova-archivo,1
2020-05-08T05:18:00,357150,Puyehue-Cordon Caulle,VIIRS375,0.253,8.19,1,muy baja,2026-10-05T18:06:10,mirova-archivo,1
2020-05-08T06:06:00,357150,Puyehue-Cordon Caulle,VIIRS375,0.7942,8.83,1,muy baja,2026-10-05T18:06:10,mirova-archivo,1
2020-05-13T06:12:00,357150,Puyehue-Cordon Caulle,VIIRS375,0.07592,8.39,1,muy baja,2026-10-05T18:06:10,mirova-archivo,1
2020-05-16T05:18:00,357150,Puyehue-Cordon Caulle,VIIRS375,0.1579,7.73,1,muy baja,2026-10-05T18:06:10,mirova-archivo,1
2020-05-17T05:00:00,357150,Puyehue-Cordon Caulle,VIIRS375,0.09439,7.73,1,muy baja,2026-10-05T18:06:10,mirova-archivo,1
2020-05-17T05:48:00,357150,Puyehue-Cordon Caulle,VIIRS375,0.4418,7.83,1,muy baja,2026-10-05T18:06:10,mirova-archivo,1
2020-05-20T05:42:00,357150,Puyehue-Cordon Caulle,VIIRS375,0.7362,8.19,1,muy baja,2026-10-05T18:06:10,mirova-archivo,1
2020-05-21T06:12:00,357150,Puyehue-Cordon Caulle,VIIRS375,0.3104,7.73,1,muy baja,2026-10-05T18:06:10,mirova-archivo,1
2020-05-22T05:54:00,357150,Puyehue-Cordon Caulle,VIIRS375,0.4324,7.73,1,muy baja,2026-10-05T18:06:10,mirova-archivo,1
2020-05-22T06:48:00,357150,Puyehue-Cordon Caulle,VIIRS375,0.538,7.95,1,muy baja,2026-10-05T18:06:10,mirova-archivo,1
2020-05-25T05:48:00,357150,Puyehue-Cordon Caulle,VIIRS375,0.4413,7.83,1,muy baja,2026-10-05T18:06:10,mirova-archivo,1
2020-05-26T05:30:00,357150,Puyehue-Cordon Caulle,VIIRS375,0.3823,7.83,1,muy baja,2026-10-05T18:06:10,mirova-archivo,1
2020-05-26T06:18:00,357150,Puyehue-Cordon Caulle,VIIRS375,0.2723,7.73,1,muy baja,2026-10-05T18:06:10,mirova-archivo,1
2020-05-27T06:00:00,357150,Puyehue-Cordon Caulle,VIIRS375,0.08997,8.19,1,muy baja,2026-10-05T18:06:10,mirova-archivo,1
2020-05-28T05:42:00,357150,Puyehue-Cordon Caulle,VIIRS375,1.175,8.75,1,baja,2026-10-05T18:06:10,mirova-archivo,1
2020-05-28T06:30:00,357150,Puyehue-Cordon Caulle,VIIRS375,0.2499,7.65,1,muy baja,2026-10-05T18:06:10,mirova-archivo,1
2020-05-29T04:36:00,357150,Puyehue-Cordon Caulle,VIIRS375,0.1783,8.55,1,muy baja,2026-10-05T18:06:10,mirova-archivo,1
2020-05-29T05:24:00,357150,Puyehue-Cordon Caulle,VIIRS375,0.4444,8.75,1,muy baja,2026-10-05T18:06:10,mirova-archivo,1
2020-05-30T05:54:00,357150,Puyehue-Cordon Caulle,VIIRS375,0.4196,7.83,1,muy baja,2026-10-05T18:06:10,mirova-archivo,1
2020-05-30T06:48:00,357150,Puyehue-Cordon Caulle,VIIRS375,0.0927,7.65,1,muy baja,2026-10-05T18:06:10,mirova-archivo,1
2020-05-31T04:48:00,357150,Puyehue-Cordon Caulle,VIIRS375,0.2137,8.19,1,muy baja,2026-10-05T18:06:10,mirova-archivo,1
2020-05-31T05:36:00,357150,Puyehue-Cordon Caulle,VIIRS375,0.8134,8.30,1,muy baja,2026-10-05T18:06:10,mirova-archivo,1
2020-06-01T05:18:00,357150,Puyehue-Cordon Caulle,VIIRS375,0.7796,8.83,1,muy baja,2026-10-05T18:06:10,mirova-archivo,1
2020-06-01T06:06:00,357150,Puyehue-Cordon Caulle,VIIRS375,0.7766,8.19,1,muy baja,2026-10-05T18:06:10,mirova-archivo,1
2020-06-03T04:42:00,357150,Puyehue-Cordon Caulle,VIIRS375,0.1068,7.83,1,muy baja,2026-10-05T18:06:10,mirova-archivo,1
2020-06-03T05:30:00,357150,Puyehue-Cordon Caulle,VIIRS375,0.1792,7.73,1,muy baja,2026-10-05T18:06:10,mirova-archivo,1
2020-06-03T06:18:00,357150,Puyehue-Cordon Caulle,VIIRS375,0.1364,7.73,1,muy baja,2026-10-05T18:06:10,mirova-archivo,1
2020-06-04T05:12:00,357150,Puyehue-Cordon Caulle,VIIRS375,0.5412,8.83,1,muy baja,2026-10-05T18:06:10,mirova-archivo,1
2020-06-04T06:00:00,357150,Puyehue-Cordon Caulle,VIIRS375,0.3521,7.83,1,muy baja,2026-10-05T18:06:10,mirova-archivo,1
2020-06-05T04:54:00,357150,Puyehue-Cordon Caulle,VIIRS375,0.2797,8.83,1,muy baja,2026-10-05T18:06:10,mirova-archivo,1
2020-06-05T05:42:00,357150,Puyehue-Cordon Caulle,VIIRS375,0.1616,7.83,1,muy baja,2026-10-05T18:06:10,mirova-archivo,1
2020-06-06T05:24:00,357150,Puyehue-Cordon Caulle,VIIRS375,0.3743,8.19,1,muy baja,2026-10-05T18:06:10,mirova-archivo,1
2020-06-06T06:12:00,357150,Puyehue-Cordon Caulle,VIIRS375,0.1093,8.10,1,muy baja,2026-10-05T18:06:10,mirova-archivo,1
2020-06-07T05:06:00,357150,Puyehue-Cordon Caulle,VIIRS375,0.1603,7.83,1,muy baja,2026-10-05T18:06:10,mirova-archivo,1
2020-06-08T05:36:00,357150,Puyehue-Cordon Caulle,VIIRS375,0.2282,28.56,0,no volcanica,2026-10-05T18:06:10,mirova-archivo,0
2020-06-14T06:12:00,357150,Puyehue-Cordon Caulle,VIIRS375,0.4012,22.18,0,no volcanica,2026-10-05T18:06:10,mirova-archivo,0
2020-06-15T05:06:00,357150,Puyehue-Cordon Caulle,VIIRS375,0.03155,7.73,1,muy baja,2026-10-05T18:06:10,mirova-archivo,1
2020-06-15T05:54:00,357150,Puyehue-Cordon Caulle,VIIRS375,0.145,8.19,1,muy baja,2026-10-05T18:06:10,mirova-archivo,1
2020-06-27T04:42:00,357150,Puyehue-Cordon Caulle,VIIRS375,2.632,15.10,0,no volcanica,2026-10-05T18:06:10,mirova-archivo,0
2020-07-06T05:12:00,357150,Puyehue-Cordon Caulle,VIIRS375,0.7864,8.46,1,muy baja,2026-10-05T18:06:10,mirova-archivo,1
2020-07-06T06:00:00,357150,Puyehue-Cordon Caulle,VIIRS375,0.4619,8.83,1,muy baja,2026-10-05T18:06:10,mirova-archivo,1
2020-07-06T06:54:00,357150,Puyehue-Cordon Caulle,VIIRS375,0.2198,7.73,1,muy baja,2026-10-05T18:06:10,mirova-archivo,1
2020-07-07T04:54:00,357150,Puyehue-Cordon Caulle,VIIRS375,0.1979,8.19,1,muy baja,2026-10-05T18:06:10,mirova-archivo,1
2020-07-07T05:42:00,357150,Puyehue-Cordon Caulle,VIIRS375,1.285,8.78,1,baja,2026-10-05T18:06:10,mirova-archivo,1
2020-07-07T06:36:00,357150,Puyehue-Cordon Caulle,VIIRS375,0.1802,7.73,1,muy baja,2026-10-05T18:06:10,mirova-archivo,1
2020-07-13T06:18:00,357150,Puyehue-Cordon Caulle,VIIRS375,0.1797,7.73,1,muy baja,2026-10-05T18:06:10,mirova-archivo,1
2020-07-16T06:12:00,357150,Puyehue-Cordon Caulle,VIIRS375,0.04485,8.30,1,muy baja,2026-10-05T18:06:10,mirova-archivo,1
2020-07-24T04:36:00,357150,Puyehue-Cordon Caulle,VIIRS375,0.2065,8.66,1,muy baja,2026-10-05T18:06:10,mirova-archivo,1
2020-07-29T04:42:00,357150,Puyehue-Cordon Caulle,VIIRS375,0.3511,8.83,1,muy baja,2026-10-05T18:06:10,mirova-archivo,1
2020-07-29T05:30:00,357150,Puyehue-Cordon Caulle,VIIRS375,1.607,8.39,1,baja,2026-10-05T18:06:10,mirova-archivo,1
2020-07-29T06:18:00,357150,Puyehue-Cordon Caulle,VIIRS375,0.4164,8.19,1,muy baja,2026-10-05T18:06:10,mirova-archivo,1
2020-08-04T05:18:00,357150,Puyehue-Cordon Caulle,VIIRS375,0.3334,7.83,1,muy baja,2026-10-05T18:06:10,mirova-archivo,1
2020-08-04T06:06:00,357150,Puyehue-Cordon Caulle,VIIRS375,0.7717,8.19,1,muy baja,2026-10-05T18:06:10,mirova-archivo,1
2020-08-05T05:48:00,357150,Puyehue-Cordon Caulle,VIIRS375,1.897,16.81,0,no volcanica,2026-10-05T18:06:10,mirova-archivo,0
2020-08-07T05:12:00,357150,Puyehue-Cordon Caulle,VIIRS375,0.2338,8.10,1,muy baja,2026-10-05T18:06:10,mirova-archivo,1
2020-08-07T06:00:00,357150,Puyehue-Cordon Caulle,VIIRS375,0.04606,7.73,1,muy baja,2026-10-05T18:06:10,mirova-archivo,1
2020-08-08T04:54:00,357150,Puyehue-Cordon Caulle,VIIRS375,1.219,8.66,1,baja,2026-10-05T18:06:10,mirova-archivo,1
2020-08-08T05:42:00,357150,Puyehue-Cordon Caulle,VIIRS375,0.1211,8.10,1,muy baja,2026-10-05T18:06:10,mirova-archivo,1
2020-08-12T06:06:00,357150,Puyehue-Cordon Caulle,VIIRS375,0.07811,7.83,1,muy baja,2026-10-05T18:06:10,mirova-archivo,1
2020-08-19T04:48:00,357150,Puyehue-Cordon Caulle,VIIRS375,0.4212,8.83,1,muy baja,2026-10-05T18:06:10,mirova-archivo,1
2020-08-19T05:36:00,357150,Puyehue-Cordon Caulle,VIIRS375,0.8072,8.30,1,muy baja,2026-10-05T18:06:10,mirova-archivo,1
2020-08-19T06:24:00,357150,Puyehue-Cordon Caulle,VIIRS375,0.6469,8.19,1,muy baja,2026-10-05T18:06:10,mirova-archivo,1
2020-08-20T05:18:00,357150,Puyehue-Cordon Caulle,VIIRS375,0.1146,7.83,1,muy baja,2026-10-05T18:06:10,mirova-archivo,1
2020-08-20T06:06:00,357150,Puyehue-Cordon Caulle,VIIRS375,0.3346,7.83,1,muy baja,2026-10-05T18:06:10,mirova-archivo,1
2020-08-21T05:00:00,357150,Puyehue-Cordon Caulle,VIIRS375,1.263,8.30,1,baja,2026-10-05T18:06:10,mirova-archivo,1
2020-08-21T05:48:00,357150,Puyehue-Cordon Caulle,VIIRS375,1.335,8.19,1,baja,2026-10-05T18:06:10,mirova-archivo,1
2020-08-21T06:42:00,357150,Puyehue-Cordon Caulle,VIIRS375,1.328,8.19,1,baja,2026-10-05T18:06:10,mirova-archivo,1
2020-08-22T04:42:00,357150,Puyehue-Cordon Caulle,VIIRS375,1.03,8.30,1,baja,2026-10-05T18:06:10,mirova-archivo,1
2020-08-22T05:30:00,357150,Puyehue-Cordon Caulle,VIIRS375,1.543,8.30,1,baja,2026-10-05T18:06:10,mirova-archivo,1
2020-08-22T06:18:00,357150,Puyehue-Cordon Caulle,VIIRS375,0.1556,8.30,1,muy baja,2026-10-05T18:06:10,mirova-archivo,1
2020-08-23T05:12:00,357150,Puyehue-Cordon Caulle,VIIRS375,1.748,8.55,1,baja,2026-10-05T18:06:10,mirova-archivo,1
2020-08-23T06:00:00,357150,Puyehue-Cordon Caulle,VIIRS375,1.739,8.30,1,baja,2026-10-05T18:06:10,mirova-archivo,1
2020-08-23T06:54:00,357150,Puyehue-Cordon Caulle,VIIRS375,0.587,8.10,1,muy baja,2026-10-05T18:06:10,mirova-archivo,1
2020-08-29T05:48:00,357150,Puyehue-Cordon Caulle,VIIRS375,0.1915,7.83,1,muy baja,2026-10-05T18:06:10,mirova-archivo,1
2020-08-31T05:12:00,357150,Puyehue-Cordon Caulle,VIIRS375,1.59,8.83,1,baja,2026-10-05T18:06:10,mirova-archivo,1
2020-08-31T06:00:00,357150,Puyehue-Cordon Caulle,VIIRS375,1.533,8.19,1,baja,2026-10-05T18:06:10,mirova-archivo,1
2020-09-01T04:54:00,357150,Puyehue-Cordon Caulle,VIIRS375,0.7999,8.83,1,muy baja,2026-10-05T18:06:10,mirova-archivo,1
2020-09-01T05:42:00,357150,Puyehue-Cordon Caulle,VIIRS375,0.8257,8.02,1,muy baja,2026-10-05T18:06:10,mirova-archivo,1
2020-09-01T06:36:00,357150,Puyehue-Cordon Caulle,VIIRS375,0.6772,8.02,1,muy baja,2026-10-05T18:06:10,mirova-archivo,1
2020-09-02T04:36:00,357150,Puyehue-Cordon Caulle,VIIRS375,0.2823,8.30,1,muy baja,2026-10-05T18:06:10,mirova-archivo,1
2020-09-02T05:24:00,357150,Puyehue-Cordon Caulle,VIIRS375,0.7619,8.10,1,muy baja,2026-10-05T18:06:10,mirova-archivo,1
2020-09-02T06:12:00,357150,Puyehue-Cordon Caulle,VIIRS375,0.4598,7.83,1,muy baja,2026-10-05T18:06:10,mirova-archivo,1
2020-09-04T05:36:00,357150,Puyehue-Cordon Caulle,VIIRS375,0.247,8.30,1,muy baja,2026-10-05T18:06:10,mirova-archivo,1
2020-09-06T05:00:00,357150,Puyehue-Cordon Caulle,VIIRS375,0.6881,8.19,1,muy baja,2026-10-05T18:06:10,mirova-archivo,1
2020-09-06T05:48:00,357150,Puyehue-Cordon Caulle,VIIRS375,1.585,8.46,1,baja,2026-10-05T18:06:10,mirova-archivo,1
2020-09-06T06:42:00,357150,Puyehue-Cordon Caulle,VIIRS375,1.217,8.10,1,baja,2026-10-05T18:06:10,mirova-archivo,1
2020-09-07T04:42:00,357150,Puyehue-Cordon Caulle,VIIRS375,0.7916,8.30,1,muy baja,2026-10-05T18:06:10,mirova-archivo,1
2020-09-07T05:30:00,357150,Puyehue-Cordon Caulle,VIIRS375,1.223,8.19,1,baja,2026-10-05T18:06:10,mirova-archivo,1
2020-09-07T06:18:00,357150,Puyehue-Cordon Caulle,VIIRS375,1.34,8.19,1,baja,2026-10-05T18:06:10,mirova-archivo,1
2020-09-14T05:00:00,357150,Puyehue-Cordon Caulle,VIIRS375,0.3583,8.19,1,muy baja,2026-10-05T18:06:10,mirova-archivo,1
2020-09-14T05:48:00,357150,Puyehue-Cordon Caulle,VIIRS375,0.654,8.10,1,muy baja,2026-10-05T18:06:10,mirova-archivo,1
2020-09-14T06:36:00,357150,Puyehue-Cordon Caulle,VIIRS375,0.09137,7.65,1,muy baja,2026-10-05T18:06:10,mirova-archivo,1
2020-09-15T04:42:00,357150,Puyehue-Cordon Caulle,VIIRS375,0.4854,8.91,1,muy baja,2026-10-05T18:06:10,mirova-archivo,1
2020-09-15T05:30:00,357150,Puyehue-Cordon Caulle,VIIRS375,1.024,8.39,1,baja,2026-10-05T18:06:10,mirova-archivo,1
2020-09-18T04:36:00,357150,Puyehue-Cordon Caulle,VIIRS375,0.08954,8.19,1,muy baja,2026-10-05T18:06:10,mirova-archivo,1
2020-09-19T05:06:00,357150,Puyehue-Cordon Caulle,VIIRS375,0.5447,8.55,1,muy baja,2026-10-05T18:06:10,mirova-archivo,1
2020-09-19T05:54:00,357150,Puyehue-Cordon Caulle,VIIRS375,0.6165,8.83,1,muy baja,2026-10-05T18:06:10,mirova-archivo,1
2020-09-20T04:48:00,357150,Puyehue-Cordon Caulle,VIIRS375,1.155,8.66,1,baja,2026-10-05T18:06:10,mirova-archivo,1
2020-09-20T05:36:00,357150,Puyehue-Cordon Caulle,VIIRS375,2.024,8.46,1,baja,2026-10-05T18:06:10,mirova-archivo,1
2020-09-20T06:24:00,357150,Puyehue-Cordon Caulle,VIIRS375,1.45,8.19,1,baja,2026-10-05T18:06:10,mirova-archivo,1
2020-09-21T05:18:00,357150,Puyehue-Cordon Caulle,VIIRS375,1.508,8.30,1,baja,2026-10-05T18:06:10,mirova-archivo,1
2020-09-21T06:06:00,357150,Puyehue-Cordon Caulle,VIIRS375,1.179,8.30,1,baja,2026-10-05T18:06:10,mirova-archivo,1
2020-09-23T04:42:00,357150,Puyehue-Cordon Caulle,VIIRS375,1.176,8.55,1,baja,2026-10-05T18:06:10,mirova-archivo,1
2020-09-23T05:30:00,357150,Puyehue-Cordon Caulle,VIIRS375,1.765,8.83,1,baja,2026-10-05T18:06:10,mirova-archivo,1
2020-09-23T06:18:00,357150,Puyehue-Cordon Caulle,VIIRS375,1.563,8.19,1,baja,2026-10-05T18:06:10,mirova-archivo,1
2020-09-24T05:12:00,357150,Puyehue-Cordon Caulle,VIIRS375,2.408,8.83,1,baja,2026-10-05T18:06:10,mirova-archivo,1
2020-09-24T06:00:00,357150,Puyehue-Cordon Caulle,VIIRS375,2.051,8.83,1,baja,2026-10-05T18:06:10,mirova-archivo,1
2020-09-24T06:54:00,357150,Puyehue-Cordon Caulle,VIIRS375,0.227,8.30,1,muy baja,2026-10-05T18:06:10,mirova-archivo,1
2020-09-25T04:54:00,357150,Puyehue-Cordon Caulle,VIIRS375,0.9848,8.55,1,muy baja,2026-10-05T18:06:10,mirova-archivo,1
2020-09-25T05:42:00,357150,Puyehue-Cordon Caulle,VIIRS375,1.476,8.10,1,baja,2026-10-05T18:06:10,mirova-archivo,1
2020-09-25T06:30:00,357150,Puyehue-Cordon Caulle,VIIRS375,0.5761,8.55,1,muy baja,2026-10-05T18:06:10,mirova-archivo,1
2020-09-27T05:54:00,357150,Puyehue-Cordon Caulle,VIIRS375,0.8398,20.18,0,no volcanica,2026-10-05T18:06:10,mirova-archivo,0
2020-09-28T05:36:00,357150,Puyehue-Cordon Caulle,VIIRS375,0.2159,7.73,1,muy baja,2026-10-05T18:06:10,mirova-archivo,1
2020-10-02T06:00:00,357150,Puyehue-Cordon Caulle,VIIRS375,0.3399,25.90,0,no volcanica,2026-10-05T18:06:10,mirova-archivo,0
2020-10-05T05:06:00,357150,Puyehue-Cordon Caulle,VIIRS375,1.063,25.76,0,no volcanica,2026-10-05T18:06:10,mirova-archivo,0
2020-10-05T05:54:00,357150,Puyehue-Cordon Caulle,VIIRS375,0.3465,8.39,1,muy baja,2026-10-05T18:06:10,mirova-archivo,1
2020-10-05T06:42:00,357150,Puyehue-Cordon Caulle,VIIRS375,0.09299,7.83,1,muy baja,2026-10-05T18:06:10,mirova-archivo,1
2020-10-11T04:54:00,357150,Puyehue-Cordon Caulle,VIIRS375,0.9042,8.83,1,muy baja,2026-10-05T18:06:10,mirova-archivo,1
2020-10-11T05:42:00,357150,Puyehue-Cordon Caulle,VIIRS375,1.215,8.83,1,baja,2026-10-05T18:06:10,mirova-archivo,1
2020-10-11T06:30:00,357150,Puyehue-Cordon Caulle,VIIRS375,0.4524,7.83,1,muy baja,2026-10-05T18:06:10,mirova-archivo,1
2020-10-12T04:36:00,357150,Puyehue-Cordon Caulle,VIIRS375,0.6212,8.66,1,muy baja,2026-10-05T18:06:10,mirova-archivo,1
2020-10-12T05:24:00,357150,Puyehue-Cordon Caulle,VIIRS375,1.34,8.46,1,baja,2026-10-05T18:06:10,mirova-archivo,1
2020-10-13T05:06:00,357150,Puyehue-Cordon Caulle,VIIRS375,1.271,8.30,1,baja,2026-10-05T18:06:10,mirova-archivo,1
2020-10-13T05:54:00,357150,Puyehue-Cordon Caulle,VIIRS375,1.237,8.19,1,baja,2026-10-05T18:06:10,mirova-archivo,1
2020-10-13T06:48:00,357150,Puyehue-Cordon Caulle,VIIRS375,1.336,8.10,1,baja,2026-10-05T18:06:10,mirova-archivo,1
2020-10-14T04:48:00,357150,Puyehue-Cordon Caulle,VIIRS375,1.549,8.83,1,baja,2026-10-05T18:06:10,mirova-archivo,1
2020-10-14T05:36:00,357150,Puyehue-Cordon Caulle,VIIRS375,1.405,8.75,1,baja,2026-10-05T18:06:10,mirova-archivo,1
2020-10-14T06:24:00,357150,Puyehue-Cordon Caulle,VIIRS375,0.6502,8.10,1,muy baja,2026-10-05T18:06:10,mirova-archivo,1
2020-10-15T04:30:00,357150,Puyehue-Cordon Caulle,VIIRS375,1.083,8.46,1,baja,2026-10-05T18:06:10,mirova-archivo,1
2020-10-15T05:18:00,357150,Puyehue-Cordon Caulle,VIIRS375,1.699,8.46,1,baja,2026-10-05T18:06:10,mirova-archivo,1
2020-10-15T06:06:00,357150,Puyehue-Cordon Caulle,VIIRS375,1.419,8.19,1,baja,2026-10-05T18:06:10,mirova-archivo,1
2020-10-16T05:00:00,357150,Puyehue-Cordon Caulle,VIIRS375,1.767,8.46,1,baja,2026-10-05T18:06:10,mirova-archivo,1
2020-10-16T05:48:00,357150,Puyehue-Cordon Caulle,VIIRS375,1.9,8.10,1,baja,2026-10-05T18:06:10,mirova-archivo,1
2020-10-16T06:36:00,357150,Puyehue-Cordon Caulle,VIIRS375,1.413,8.30,1,baja,2026-10-05T18:06:10,mirova-archivo,1
2020-10-17T04:42:00,357150,Puyehue-Cordon Caulle,VIIRS375,0.6899,8.91,1,muy baja,2026-10-05T18:06:10,mirova-archivo,1
2020-10-17T05:30:00,357150,Puyehue-Cordon Caulle,VIIRS375,1.366,8.10,1,baja,2026-10-05T18:06:10,mirova-archivo,1
2020-10-17T06:18:00,357150,Puyehue-Cordon Caulle,VIIRS375,1.545,8.30,1,baja,2026-10-05T18:06:10,mirova-archivo,1
2020-10-18T06:00:00,357150,Puyehue-Cordon Caulle,VIIRS375,0.754,8.30,1,muy baja,2026-10-05T18:06:10,mirova-archivo,1
2020-10-19T05:42:00,357150,Puyehue-Cordon Caulle,VIIRS375,0.07607,7.73,1,muy baja,2026-10-05T18:06:10,mirova-archivo,1
2020-10-20T04:36:00,357150,Puyehue-Cordon Caulle,VIIRS375,0.1695,8.19,1,muy baja,2026-10-05T18:06:10,mirova-archivo,1
2020-10-20T05:24:00,357150,Puyehue-Cordon Caulle,VIIRS375,0.977,8.19,1,muy baja,2026-10-05T18:06:10,mirova-archivo,1
2020-10-20T06:12:00,357150,Puyehue-Cordon Caulle,VIIRS375,1.258,8.83,1,baja,2026-10-05T18:06:10,mirova-archivo,1
2020-10-21T05:06:00,357150,Puyehue-Cordon Caulle,VIIRS375,0.4448,8.46,1,muy baja,2026-10-05T18:06:10,mirova-archivo,1
2020-10-21T05:54:00,357150,Puyehue-Cordon Caulle,VIIRS375,1.419,8.83,1,baja,2026-10-05T18:06:10,mirova-archivo,1
2020-10-21T06:48:00,357150,Puyehue-Cordon Caulle,VIIRS375,1.415,8.39,1,baja,2026-10-05T18:06:10,mirova-archivo,1
2020-10-22T04:48:00,357150,Puyehue-Cordon Caulle,VIIRS375,0.9272,8.66,1,muy baja,2026-10-05T18:06:10,mirova-archivo,1
2020-10-22T05:36:00,357150,Puyehue-Cordon Caulle,VIIRS375,1.706,8.39,1,baja,2026-10-05T18:06:10,mirova-archivo,1
2020-10-22T06:24:00,357150,Puyehue-Cordon Caulle,VIIRS375,1.049,8.19,1,baja,2026-10-05T18:06:10,mirova-archivo,1
2020-10-23T04:30:00,357150,Puyehue-Cordon Caulle,VIIRS375,0.9657,9.02,1,muy baja,2026-10-05T18:06:10,mirova-archivo,1
2020-10-23T05:18:00,357150,Puyehue-Cordon Caulle,VIIRS375,1.362,8.19,1,baja,2026-10-05T18:06:10,mirova-archivo,1
2020-10-23T06:06:00,357150,Puyehue-Cordon Caulle,VIIRS375,2.021,8.75,1,baja,2026-10-05T18:06:10,mirova-archivo,1
2020-10-24T05:48:00,357150,Puyehue-Cordon Caulle,VIIRS375,0.2341,10.80,0,no volcanica,2026-10-05T18:06:10,mirova-archivo,0
2020-10-29T05:06:00,357150,Puyehue-Cordon Caulle,VIIRS375,0.145,7.83,1,muy baja,2026-10-05T18:06:10,mirova-archivo,1
2020-10-29T05:54:00,357150,Puyehue-Cordon Caulle,VIIRS375,0.7521,8.83,1,muy baja,2026-10-05T18:06:10,mirova-archivo,1
2020-10-30T04:48:00,357150,Puyehue-Cordon Caulle,VIIRS375,0.477,8.10,1,muy baja,2026-10-05T18:06:10,mirova-archivo,1
2020-10-30T05:36:00,357150,Puyehue-Cordon Caulle,VIIRS375,1.556,8.30,1,baja,2026-10-05T18:06:10,mirova-archivo,1
2020-10-30T06:24:00,357150,Puyehue-Cordon Caulle,VIIRS375,1.543,8.10,1,baja,2026-10-05T18:06:10,mirova-archivo,1
2020-10-31T04:30:00,357150,Puyehue-Cordon Caulle,VIIRS375,0.5048,8.55,1,muy baja,2026-10-05T18:06:10,mirova-archivo,1
2020-10-31T05:18:00,357150,Puyehue-Cordon Caulle,VIIRS375,0.7772,8.10,1,muy baja,2026-10-05T18:06:10,mirova-archivo,1
2020-10-31T06:06:00,357150,Puyehue-Cordon Caulle,VIIRS375,0.94,7.83,1,muy baja,2026-10-05T18:06:10,mirova-archivo,1
2020-11-01T05:00:00,357150,Puyehue-Cordon Caulle,VIIRS375,1.045,8.66,1,baja,2026-10-05T18:06:10,mirova-archivo,1
2020-11-01T05:48:00,357150,Puyehue-Cordon Caulle,VIIRS375,1.789,8.02,1,baja,2026-10-05T18:06:10,mirova-archivo,1
2020-11-01T06:36:00,357150,Puyehue-Cordon Caulle,VIIRS375,0.6097,8.19,1,muy baja,2026-10-05T18:06:10,mirova-archivo,1
2020-11-02T04:42:00,357150,Puyehue-Cordon Caulle,VIIRS375,1.221,9.02,1,baja,2026-10-05T18:06:10,mirova-archivo,1
2020-11-02T05:30:00,357150,Puyehue-Cordon Caulle,VIIRS375,1.907,8.39,1,baja,2026-10-05T18:06:10,mirova-archivo,1
2020-11-02T06:18:00,357150,Puyehue-Cordon Caulle,VIIRS375,1.895,8.30,1,baja,2026-10-05T18:06:10,mirova-archivo,1
2020-11-03T05:12:00,357150,Puyehue-Cordon Caulle,VIIRS375,1.557,8.55,1,baja,2026-10-05T18:06:10,mirova-archivo,1
2020-11-03T06:00:00,357150,Puyehue-Cordon Caulle,VIIRS375,1.894,8.46,1,baja,2026-10-05T18:06:10,mirova-archivo,1
2020-11-03T06:54:00,357150,Puyehue-Cordon Caulle,VIIRS375,0.381,8.19,1,muy baja,2026-10-05T18:06:10,mirova-archivo,1
2020-11-06T05:06:00,357150,Puyehue-Cordon Caulle,VIIRS375,0.6569,8.19,1,muy baja,2026-10-05T18:06:10,mirova-archivo,1
2020-11-06T05:54:00,357150,Puyehue-Cordon Caulle,VIIRS375,1.312,8.02,1,baja,2026-10-05T18:06:10,mirova-archivo,1
2020-11-06T06:48:00,357150,Puyehue-Cordon Caulle,VIIRS375,0.3625,7.83,1,muy baja,2026-10-05T18:06:10,mirova-archivo,1
2020-11-07T04:48:00,357150,Puyehue-Cordon Caulle,VIIRS375,1.84,9.02,1,baja,2026-10-05T18:06:10,mirova-archivo,1
2020-11-07T05:36:00,357150,Puyehue-Cordon Caulle,VIIRS375,2.129,8.39,1,baja,2026-10-05T18:06:10,mirova-archivo,1
2020-11-07T06:24:00,357150,Puyehue-Cordon Caulle,VIIRS375,1.132,8.19,1,baja,2026-10-05T18:06:10,mirova-archivo,1
2020-11-08T05:18:00,357150,Puyehue-Cordon Caulle,VIIRS375,0.8592,8.10,1,muy baja,2026-10-05T18:06:10,mirova-archivo,1
2020-11-09T05:00:00,357150,Puyehue-Cordon Caulle,VIIRS375,2.998,23.84,0,no volcanica,2026-10-05T18:06:10,mirova-archivo,0
2020-11-09T05:48:00,357150,Puyehue-Cordon Caulle,VIIRS750,5.596,8.39,1,baja,2026-10-05T18:06:10,mirova-archivo,1
2020-11-09T06:42:00,357150,Puyehue-Cordon Caulle,VIIRS375,0.6183,7.73,1,muy baja,2026-10-05T18:06:10,mirova-archivo,1
2020-11-10T04:42:00,357150,Puyehue-Cordon Caulle,VIIRS375,1.298,8.55,1,baja,2026-10-05T18:06:10,mirova-archivo,1
2020-11-10T05:30:00,357150,Puyehue-Cordon Caulle,VIIRS375,1.801,8.83,1,baja,2026-10-05T18:06:10,mirova-archivo,1
2020-11-10T06:18:00,357150,Puyehue-Cordon Caulle,VIIRS375,1.771,8.75,1,baja,2026-10-05T18:06:10,mirova-archivo,1
2020-11-12T05:42:00,357150,Puyehue-Cordon Caulle,VIIRS375,0.2792,7.65,1,muy baja,2026-10-05T18:06:10,mirova-archivo,1
2020-11-15T04:48:00,357150,Puyehue-Cordon Caulle,VIIRS375,0.7897,8.46,1,muy baja,2026-10-05T18:06:10,mirova-archivo,1
2020-11-15T05:36:00,357150,Puyehue-Cordon Caulle,VIIRS375,0.9684,8.30,1,muy baja,2026-10-05T18:06:10,mirova-archivo,1
2020-11-15T06:24:00,357150,Puyehue-Cordon Caulle,VIIRS375,0.8615,8.19,1,muy baja,2026-10-05T18:06:10,mirova-archivo,1
2020-11-16T05:18:00,357150,Puyehue-Cordon Caulle,VIIRS375,0.4279,7.83,1,muy baja,2026-10-05T18:06:10,mirova-archivo,1
2020-11-16T06:06:00,357150,Puyehue-Cordon Caulle,VIIRS375,1.268,8.75,1,baja,2026-10-05T18:06:10,mirova-archivo,1
2020-11-17T05:00:00,357150,Puyehue-Cordon Caulle,VIIRS375,0.7553,8.55,1,muy baja,2026-10-05T18:06:10,mirova-archivo,1
2020-11-17T05:48:00,357150,Puyehue-Cordon Caulle,VIIRS375,1.429,8.39,1,baja,2026-10-05T18:06:10,mirova-archivo,1
2020-11-18T04:42:00,357150,Puyehue-Cordon Caulle,VIIRS375,1.55,8.66,1,baja,2026-10-05T18:06:10,mirova-archivo,1
2020-11-18T05:30:00,357150,Puyehue-Cordon Caulle,VIIRS375,1.829,8.19,1,baja,2026-10-05T18:06:10,mirova-archivo,1
2020-11-18T06:18:00,357150,Puyehue-Cordon Caulle,VIIRS375,1.735,8.19,1,baja,2026-10-05T18:06:10,mirova-archivo,1
2020-11-19T05:12:00,357150,Puyehue-Cordon Caulle,VIIRS375,1.726,8.83,1,baja,2026-10-05T18:06:10,mirova-archivo,1
2020-11-19T06:00:00,357150,Puyehue-Cordon Caulle,VIIRS375,2.428,8.39,1,baja,2026-10-05T18:06:10,mirova-archivo,1
2020-11-19T06:54:00,357150,Puyehue-Cordon Caulle,VIIRS375,1.094,8.10,1,baja,2026-10-05T18:06:10,mirova-archivo,1
2020-11-20T05:42:00,357150,Puyehue-Cordon Caulle,VIIRS375,0.1027,8.10,1,muy baja,2026-10-05T18:06:10,mirova-archivo,1
2020-11-20T06:30:00,357150,Puyehue-Cordon Caulle,VIIRS375,0.3895,8.19,1,muy baja,2026-10-05T18:06:10,mirova-archivo,1
2020-11-25T05:00:00,357150,Puyehue-Cordon Caulle,VIIRS375,0.3173,23.86,0,no volcanica,2026-10-05T18:06:10,mirova-archivo,0
2020-11-26T06:18:00,357150,Puyehue-Cordon Caulle,VIIRS375,0.5144,19.96,0,no volcanica,2026-10-05T18:06:10,mirova-archivo,0
2020-11-27T05:12:00,357150,Puyehue-Cordon Caulle,VIIRS375,0.231,7.83,1,muy baja,2026-10-05T18:06:10,mirova-archivo,1
2020-11-27T06:00:00,357150,Puyehue-Cordon Caulle,VIIRS375,0.466,7.83,1,muy baja,2026-10-05T18:06:10,mirova-archivo,1
2020-11-29T06:12:00,357150,Puyehue-Cordon Caulle,VIIRS375,0.121,7.83,1,muy baja,2026-10-05T18:06:10,mirova-archivo,1
2020-11-30T05:06:00,357150,Puyehue-Cordon Caulle,VIIRS375,1.747,8.83,1,baja,2026-10-05T18:06:10,mirova-archivo,1
2020-11-30T05:54:00,357150,Puyehue-Cordon Caulle,VIIRS375,2.004,8.75,1,baja,2026-10-05T18:06:10,mirova-archivo,1
2020-12-01T04:48:00,357150,Puyehue-Cordon Caulle,VIIRS375,1.587,8.83,1,baja,2026-10-05T18:06:10,mirova-archivo,1
2020-12-01T05:36:00,357150,Puyehue-Cordon Caulle,VIIRS375,2.064,8.83,1,baja,2026-10-05T18:06:10,mirova-archivo,1
2020-12-01T06:24:00,357150,Puyehue-Cordon Caulle,VIIRS375,1.094,8.75,1,baja,2026-10-05T18:06:10,mirova-archivo,1
2020-12-03T05:00:00,357150,Puyehue-Cordon Caulle,VIIRS375,0.2997,8.30,1,muy baja,2026-10-05T18:06:10,mirova-archivo,1
2020-12-03T05:48:00,357150,Puyehue-Cordon Caulle,VIIRS375,0.07037,7.65,1,muy baja,2026-10-05T18:06:10,mirova-archivo,1
2020-12-04T05:30:00,357150,Puyehue-Cordon Caulle,VIIRS375,1.168,8.83,1,baja,2026-10-05T18:06:10,mirova-archivo,1
2020-12-04T06:18:00,357150,Puyehue-Cordon Caulle,VIIRS375,1.592,8.19,1,baja,2026-10-05T18:06:10,mirova-archivo,1
2020-12-05T05:12:00,357150,Puyehue-Cordon Caulle,VIIRS375,1.525,8.46,1,baja,2026-10-05T18:06:10,mirova-archivo,1
2020-12-05T06:00:00,357150,Puyehue-Cordon Caulle,VIIRS375,2.083,8.75,1,baja,2026-10-05T18:06:10,mirova-archivo,1
2020-12-06T04:54:00,357150,Puyehue-Cordon Caulle,VIIRS375,0.7818,8.83,1,muy baja,2026-10-05T18:06:10,mirova-archivo,1
2020-12-06T05:42:00,357150,Puyehue-Cordon Caulle,VIIRS375,2.262,8.39,1,baja,2026-10-05T18:06:10,mirova-archivo,1
2020-12-06T06:30:00,357150,Puyehue-Cordon Caulle,VIIRS375,0.7817,8.02,1,muy baja,2026-10-05T18:06:10,mirova-archivo,1
2020-12-07T05:24:00,357150,Puyehue-Cordon Caulle,VIIRS375,1.995,8.83,1,baja,2026-10-05T18:06:10,mirova-archivo,1
2020-12-07T06:12:00,357150,Puyehue-Cordon Caulle,VIIRS375,2.08,8.19,1,baja,2026-10-05T18:06:10,mirova-archivo,1
2020-12-09T04:48:00,357150,Puyehue-Cordon Caulle,VIIRS375,0.4431,8.30,1,muy baja,2026-10-05T18:06:10,mirova-archivo,1
2020-12-09T05:36:00,357150,Puyehue-Cordon Caulle,VIIRS375,0.6038,7.95,1,muy baja,2026-10-05T18:06:10,mirova-archivo,1
2020-12-09T06:24:00,357150,Puyehue-Cordon Caulle,VIIRS375,0.8913,8.75,1,muy baja,2026-10-05T18:06:10,mirova-archivo,1
2020-12-10T05:18:00,357150,Puyehue-Cordon Caulle,VIIRS375,0.2518,7.73,1,muy baja,2026-10-05T18:06:10,mirova-archivo,1
2020-12-16T05:06:00,357150,Puyehue-Cordon Caulle,VIIRS375,0.2981,7.83,1,muy baja,2026-10-05T18:06:10,mirova-archivo,1
2020-12-16T05:54:00,357150,Puyehue-Cordon Caulle,VIIRS375,0.925,8.75,1,muy baja,2026-10-05T18:06:10,mirova-archivo,1
2020-12-17T05:36:00,357150,Puyehue-Cordon Caulle,VIIRS375,0.4255,7.83,1,muy baja,2026-10-05T18:06:10,mirova-archivo,1
2020-12-17T06:24:00,357150,Puyehue-Cordon Caulle,VIIRS375,0.9832,8.39,1,muy baja,2026-10-05T18:06:10,mirova-archivo,1
2020-12-18T05:18:00,357150,Puyehue-Cordon Caulle,VIIRS375,0.9404,8.19,1,muy baja,2026-10-05T18:06:10,mirova-archivo,1
2020-12-20T05:30:00,357150,Puyehue-Cordon Caulle,VIIRS375,0.8366,7.83,1,muy baja,2026-10-05T18:06:10,mirova-archivo,1
2020-12-20T06:18:00,357150,Puyehue-Cordon Caulle,VIIRS375,0.112,7.58,1,muy baja,2026-10-05T18:06:10,mirova-archivo,1
2020-12-21T05:12:00,357150,Puyehue-Cordon Caulle,VIIRS375,1.795,8.46,1,baja,2026-10-05T18:06:10,mirova-archivo,1
2020-12-21T06:00:00,357150,Puyehue-Cordon Caulle,VIIRS375,1.461,8.83,1,baja,2026-10-05T18:06:10,mirova-archivo,1
2020-12-21T06:54:00,357150,Puyehue-Cordon Caulle,VIIRS375,0.3359,7.65,1,muy baja,2026-10-05T18:06:10,mirova-archivo,1
2020-12-22T04:54:00,357150,Puyehue-Cordon Caulle,VIIRS375,1.352,8.83,1,baja,2026-10-05T18:06:10,mirova-archivo,1
2020-12-22T05:42:00,357150,Puyehue-Cordon Caulle,VIIRS375,1.711,8.19,1,baja,2026-10-05T18:06:10,mirova-archivo,1
2020-12-22T06:30:00,357150,Puyehue-Cordon Caulle,VIIRS375,0.5243,8.19,1,muy baja,2026-10-05T18:06:10,mirova-archivo,1
2020-12-23T05:24:00,357150,Puyehue-Cordon Caulle,VIIRS375,0.5055,7.83,1,muy baja,2026-10-05T18:06:10,mirova-archivo,1
2020-12-23T06:12:00,357150,Puyehue-Cordon Caulle,VIIRS375,1.473,8.39,1,baja,2026-10-05T18:06:10,mirova-archivo,1
2020-12-24T05:54:00,357150,Puyehue-Cordon Caulle,VIIRS375,0.6389,7.83,1,muy baja,2026-10-05T18:06:10,mirova-archivo,1
2020-12-25T04:48:00,357150,Puyehue-Cordon Caulle,VIIRS375,0.07732,8.91,1,muy baja,2026-10-05T18:06:10,mirova-archivo,1
2020-12-25T05:36:00,357150,Puyehue-Cordon Caulle,VIIRS375,0.3342,7.83,1,muy baja,2026-10-05T18:06:10,mirova-archivo,1
2020-12-25T06:24:00,357150,Puyehue-Cordon Caulle,VIIRS375,0.5597,8.10,1,muy baja,2026-10-05T18:06:10,mirova-archivo,1
2020-12-26T05:18:00,357150,Puyehue-Cordon Caulle,VIIRS375,1.26,8.83,1,baja,2026-10-05T18:06:10,mirova-archivo,1
2020-12-26T06:06:00,357150,Puyehue-Cordon Caulle,VIIRS375,1.933,8.75,1,baja,2026-10-05T18:06:10,mirova-archivo,1
2020-12-27T05:00:00,357150,Puyehue-Cordon Caulle,VIIRS375,0.2302,8.46,1,muy baja,2026-10-05T18:06:10,mirova-archivo,1
2020-12-27T05:48:00,357150,Puyehue-Cordon Caulle,VIIRS375,0.8029,8.83,1,muy baja,2026-10-05T18:06:10,mirova-archivo,1
2020-12-28T05:30:00,357150,Puyehue-Cordon Caulle,VIIRS375,0.2375,8.30,1,muy baja,2026-10-05T18:06:10,mirova-archivo,1
2020-12-28T06:18:00,357150,Puyehue-Cordon Caulle,VIIRS375,0.1593,2.62,0,no volcanica,2026-10-05T18:06:10,mirova-archivo,0
2020-12-29T05:12:00,357150,Puyehue-Cordon Caulle,VIIRS375,0.2544,7.83,1,muy baja,2026-10-05T18:06:10,mirova-archivo,1
2020-12-29T06:00:00,357150,Puyehue-Cordon Caulle,VIIRS375,0.6523,7.73,1,muy baja,2026-10-05T18:06:10,mirova-archivo,1
2020-12-31T05:24:00,357150,Puyehue-Cordon Caulle,VIIRS375,0.3821,8.39,1,muy baja,2026-10-05T18:06:10,mirova-archivo,1
2020-12-31T06:12:00,357150,Puyehue-Cordon Caulle,VIIRS375,0.5361,7.83,1,muy baja,2026-10-05T18:06:10,mirova-archivo,1
2021-01-01T05:06:00,357150,Puyehue-Cordon Caulle,VIIRS375,1.758,8.30,1,baja,2026-10-05T18:06:10,mirova-archivo,1
2021-01-01T05:54:00,357150,Puyehue-Cordon Caulle,VIIRS375,1.999,8.83,1,baja,2026-10-05T18:06:10,mirova-archivo,1
2021-01-01T06:48:00,357150,Puyehue-Cordon Caulle,VIIRS375,0.2932,7.65,1,muy baja,2026-10-05T18:06:10,mirova-archivo,1
2021-01-02T04:48:00,357150,Puyehue-Cordon Caulle,VIIRS375,0.4168,8.19,1,muy baja,2026-10-05T18:06:10,mirova-archivo,1
2021-01-02T05:36:00,357150,Puyehue-Cordon Caulle,VIIRS375,1.528,8.39,1,baja,2026-10-05T18:06:10,mirova-archivo,1
2021-01-02T06:24:00,357150,Puyehue-Cordon Caulle,VIIRS375,0.3258,7.65,1,muy baja,2026-10-05T18:06:10,mirova-archivo,1
2021-01-03T05:18:00,357150,Puyehue-Cordon Caulle,VIIRS375,0.8556,8.75,1,muy baja,2026-10-05T18:06:10,mirova-archivo,1
2021-01-03T06:06:00,357150,Puyehue-Cordon Caulle,VIIRS375,0.2225,7.65,1,muy baja,2026-10-05T18:06:10,mirova-archivo,1
2021-01-04T05:00:00,357150,Puyehue-Cordon Caulle,VIIRS375,0.9131,8.83,1,muy baja,2026-10-05T18:06:10,mirova-archivo,1
2021-01-04T05:48:00,357150,Puyehue-Cordon Caulle,VIIRS375,1.302,8.02,1,baja,2026-10-05T18:06:10,mirova-archivo,1
2021-01-04T06:42:00,357150,Puyehue-Cordon Caulle,VIIRS375,0.1402,7.73,1,muy baja,2026-10-05T18:06:10,mirova-archivo,1
2021-01-05T04:42:00,357150,Puyehue-Cordon Caulle,VIIRS375,0.4575,8.55,1,muy baja,2026-10-05T18:06:10,mirova-archivo,1
2021-01-05T05:30:00,357150,Puyehue-Cordon Caulle,VIIRS375,0.7544,8.39,1,muy baja,2026-10-05T18:06:10,mirova-archivo,1
2021-01-06T05:12:00,357150,Puyehue-Cordon Caulle,VIIRS375,0.7401,7.83,1,muy baja,2026-10-05T18:06:10,mirova-archivo,1
2021-01-06T06:00:00,357150,Puyehue-Cordon Caulle,VIIRS375,0.6967,8.10,1,muy baja,2026-10-05T18:06:10,mirova-archivo,1
2021-01-08T05:24:00,357150,Puyehue-Cordon Caulle,VIIRS375,1.462,8.83,1,baja,2026-10-05T18:06:10,mirova-archivo,1
2021-01-08T06:12:00,357150,Puyehue-Cordon Caulle,VIIRS375,0.456,8.39,1,muy baja,2026-10-05T18:06:10,mirova-archivo,1
2021-01-09T05:06:00,357150,Puyehue-Cordon Caulle,VIIRS375,0.1791,7.73,1,muy baja,2026-10-05T18:06:10,mirova-archivo,1
2021-01-12T05:00:00,357150,Puyehue-Cordon Caulle,VIIRS375,0.1669,7.83,1,muy baja,2026-10-05T18:06:10,mirova-archivo,1
2021-01-12T05:48:00,357150,Puyehue-Cordon Caulle,VIIRS375,0.7464,8.19,1,muy baja,2026-10-05T18:06:10,mirova-archivo,1
2021-01-13T04:42:00,357150,Puyehue-Cordon Caulle,VIIRS375,0.8474,24.93,0,no volcanica,2026-10-05T18:06:10,mirova-archivo,0
2021-01-13T05:30:00,357150,Puyehue-Cordon Caulle,VIIRS375,2.102,8.83,1,baja,2026-10-05T18:06:10,mirova-archivo,1
2021-01-13T06:18:00,357150,Puyehue-Cordon Caulle,VIIRS375,1.523,8.19,1,baja,2026-10-05T18:06:10,mirova-archivo,1
2021-01-14T05:12:00,357150,Puyehue-Cordon Caulle,VIIRS375,1.147,8.83,1,baja,2026-10-05T18:06:10,mirova-archivo,1
2021-01-14T06:00:00,357150,Puyehue-Cordon Caulle,VIIRS375,1.38,8.10,1,baja,2026-10-05T18:06:10,mirova-archivo,1
2021-01-14T06:54:00,357150,Puyehue-Cordon Caulle,VIIRS375,0.2375,7.73,1,muy baja,2026-10-05T18:06:10,mirova-archivo,1
2021-01-16T05:24:00,357150,Puyehue-Cordon Caulle,VIIRS375,0.2676,7.83,1,muy baja,2026-10-05T18:06:10,mirova-archivo,1
2021-01-16T06:12:00,357150,Puyehue-Cordon Caulle,VIIRS375,0.07934,7.65,1,muy baja,2026-10-05T18:06:10,mirova-archivo,1
2021-01-17T05:06:00,357150,Puyehue-Cordon Caulle,VIIRS375,0.6107,8.10,1,muy baja,2026-10-05T18:06:10,mirova-archivo,1
2021-01-17T05:54:00,357150,Puyehue-Cordon Caulle,VIIRS375,0.8895,7.83,1,muy baja,2026-10-05T18:06:10,mirova-archivo,1
2021-01-18T04:48:00,357150,Puyehue-Cordon Caulle,VIIRS375,0.6777,8.19,1,muy baja,2026-10-05T18:06:10,mirova-archivo,1
2021-01-18T05:36:00,357150,Puyehue-Cordon Caulle,VIIRS375,0.5288,8.39,1,muy baja,2026-10-05T18:06:10,mirova-archivo,1
2021-01-18T06:24:00,357150,Puyehue-Cordon Caulle,VIIRS375,0.5858,7.73,1,muy baja,2026-10-05T18:06:10,mirova-archivo,1
2021-01-19T05:18:00,357150,Puyehue-Cordon Caulle,VIIRS375,0.9231,8.83,1,muy baja,2026-10-05T18:06:10,mirova-archivo,1
2021-01-19T06:06:00,357150,Puyehue-Cordon Caulle,VIIRS375,0.7991,8.39,1,muy baja,2026-10-05T18:06:10,mirova-archivo,1
2021-01-20T05:00:00,357150,Puyehue-Cordon Caulle,VIIRS375,0.6065,8.30,1,muy baja,2026-10-05T18:06:10,mirova-archivo,1
2021-01-20T05:48:00,357150,Puyehue-Cordon Caulle,VIIRS375,0.6551,7.83,1,muy baja,2026-10-05T18:06:10,mirova-archivo,1
2021-01-20T06:42:00,357150,Puyehue-Cordon Caulle,VIIRS375,0.2104,7.83,1,muy baja,2026-10-05T18:06:10,mirova-archivo,1
2021-01-21T04:42:00,357150,Puyehue-Cordon Caulle,VIIRS375,0.3756,8.91,1,muy baja,2026-10-05T18:06:10,mirova-archivo,1
2021-01-21T05:30:00,357150,Puyehue-Cordon Caulle,VIIRS375,0.4967,7.73,1,muy baja,2026-10-05T18:06:10,mirova-archivo,1
2021-01-21T06:18:00,357150,Puyehue-Cordon Caulle,VIIRS375,0.6965,8.19,1,muy baja,2026-10-05T18:06:10,mirova-archivo,1
2021-01-22T05:12:00,357150,Puyehue-Cordon Caulle,VIIRS375,1.004,8.10,1,baja,2026-10-05T18:06:10,mirova-archivo,1
2021-01-22T06:00:00,357150,Puyehue-Cordon Caulle,VIIRS375,0.5978,7.83,1,muy baja,2026-10-05T18:06:10,mirova-archivo,1
2021-01-23T04:54:00,357150,Puyehue-Cordon Caulle,VIIRS375,0.5071,8.46,1,muy baja,2026-10-05T18:06:10,mirova-archivo,1
2021-01-23T05:42:00,357150,Puyehue-Cordon Caulle,VIIRS375,0.9382,8.39,1,muy baja,2026-10-05T18:06:10,mirova-archivo,1
2021-01-24T04:36:00,357150,Puyehue-Cordon Caulle,VIIRS375,0.5801,8.19,1,muy baja,2026-10-05T18:06:10,mirova-archivo,1
2021-01-24T05:24:00,357150,Puyehue-Cordon Caulle,VIIRS375,1.977,8.39,1,baja,2026-10-05T18:06:10,mirova-archivo,1
2021-01-24T06:12:00,357150,Puyehue-Cordon Caulle,VIIRS375,1.608,8.39,1,baja,2026-10-05T18:06:10,mirova-archivo,1
2021-01-25T05:06:00,357150,Puyehue-Cordon Caulle,VIIRS375,0.7337,8.46,1,muy baja,2026-10-05T18:06:10,mirova-archivo,1
2021-01-25T05:54:00,357150,Puyehue-Cordon Caulle,VIIRS375,0.4873,7.83,1,muy baja,2026-10-05T18:06:10,mirova-archivo,1
2021-01-26T05:36:00,357150,Puyehue-Cordon Caulle,VIIRS375,0.1215,7.83,1,muy baja,2026-10-05T18:06:10,mirova-archivo,1
2021-01-27T05:18:00,357150,Puyehue-Cordon Caulle,VIIRS375,1.155,8.46,1,baja,2026-10-05T18:06:10,mirova-archivo,1
2021-01-27T06:06:00,357150,Puyehue-Cordon Caulle,VIIRS375,0.83,8.19,1,muy baja,2026-10-05T18:06:10,mirova-archivo,1
2021-01-29T05:30:00,357150,Puyehue-Cordon Caulle,VIIRS375,0.2401,8.10,1,muy baja,2026-10-05T18:06:10,mirova-archivo,1
2021-01-30T05:12:00,357150,Puyehue-Cordon Caulle,VIIRS375,1.166,8.46,1,baja,2026-10-05T18:06:10,mirova-archivo,1
2021-01-30T06:00:00,357150,Puyehue-Cordon Caulle,VIIRS375,0.8196,7.83,1,muy baja,2026-10-05T18:06:10,mirova-archivo,1
2021-01-30T06:54:00,357150,Puyehue-Cordon Caulle,VIIRS375,0.06615,7.83,1,muy baja,2026-10-05T18:06:10,mirova-archivo,1
2021-01-31T04:54:00,357150,Puyehue-Cordon Caulle,VIIRS375,0.5176,8.83,1,muy baja,2026-10-05T18:06:10,mirova-archivo,1
2021-02-01T04:36:00,357150,Puyehue-Cordon Caulle,VIIRS375,0.1265,8.19,1,muy baja,2026-10-05T18:06:10,mirova-archivo,1
2021-02-01T05:24:00,357150,Puyehue-Cordon Caulle,VIIRS375,0.8346,8.10,1,muy baja,2026-10-05T18:06:10,mirova-archivo,1
2021-02-02T05:06:00,357150,Puyehue-Cordon Caulle,VIIRS375,0.4768,8.10,1,muy baja,2026-10-05T18:06:10,mirova-archivo,1
2021-02-02T05:54:00,357150,Puyehue-Cordon Caulle,VIIRS375,0.6296,8.30,1,muy baja,2026-10-05T18:06:10,mirova-archivo,1
2021-02-02T06:48:00,357150,Puyehue-Cordon Caulle,VIIRS375,0.2501,7.65,1,muy baja,2026-10-05T18:06:10,mirova-archivo,1
2021-02-03T04:48:00,357150,Puyehue-Cordon Caulle,VIIRS375,0.144,8.10,1,muy baja,2026-10-05T18:06:10,mirova-archivo,1
2021-02-03T05:36:00,357150,Puyehue-Cordon Caulle,VIIRS375,0.6156,7.83,1,muy baja,2026-10-05T18:06:10,mirova-archivo,1
2021-02-03T06:24:00,357150,Puyehue-Cordon Caulle,VIIRS375,0.7223,7.73,1,muy baja,2026-10-05T18:06:10,mirova-archivo,1
2021-02-04T05:18:00,357150,Puyehue-Cordon Caulle,VIIRS375,0.6294,8.19,1,muy baja,2026-10-05T18:06:10,mirova-archivo,1
2021-02-04T06:06:00,357150,Puyehue-Cordon Caulle,VIIRS375,1.396,8.39,1,baja,2026-10-05T18:06:10,mirova-archivo,1
2021-02-05T05:48:00,357150,Puyehue-Cordon Caulle,VIIRS375,0.6548,7.73,1,muy baja,2026-10-05T18:06:10,mirova-archivo,1
2021-02-06T05:30:00,357150,Puyehue-Cordon Caulle,VIIRS375,0.6133,7.73,1,muy baja,2026-10-05T18:06:10,mirova-archivo,1
2021-02-07T05:12:00,357150,Puyehue-Cordon Caulle,VIIRS375,0.761,8.10,1,muy baja,2026-10-05T18:06:10,mirova-archivo,1
2021-02-07T06:00:00,357150,Puyehue-Cordon Caulle,VIIRS375,0.5889,7.83,1,muy baja,2026-10-05T18:06:10,mirova-archivo,1
2021-02-08T04:54:00,357150,Puyehue-Cordon Caulle,VIIRS375,0.2626,7.83,1,muy baja,2026-10-05T18:06:10,mirova-archivo,1
2021-02-08T05:42:00,357150,Puyehue-Cordon Caulle,VIIRS375,0.6629,8.10,1,muy baja,2026-10-05T18:06:10,mirova-archivo,1
2021-02-09T05:24:00,357150,Puyehue-Cordon Caulle,VIIRS375,0.6794,8.39,1,muy baja,2026-10-05T18:06:10,mirova-archivo,1
2021-02-09T06:12:00,357150,Puyehue-Cordon Caulle,VIIRS375,0.7502,7.73,1,muy baja,2026-10-05T18:06:10,mirova-archivo,1
2021-02-10T05:54:00,357150,Puyehue-Cordon Caulle,VIIRS375,0.7144,7.73,1,muy baja,2026-10-05T18:06:10,mirova-archivo,1
2021-02-11T04:48:00,357150,Puyehue-Cordon Caulle,VIIRS375,0.264,8.19,1,muy baja,2026-10-05T18:06:10,mirova-archivo,1
2021-02-11T05:36:00,357150,Puyehue-Cordon Caulle,VIIRS375,0.588,7.83,1,muy baja,2026-10-05T18:06:10,mirova-archivo,1
2021-02-11T06:24:00,357150,Puyehue-Cordon Caulle,VIIRS375,0.3318,8.10,1,muy baja,2026-10-05T18:06:10,mirova-archivo,1
2021-02-12T04:30:00,357150,Puyehue-Cordon Caulle,VIIRS375,0.5813,9.02,1,muy baja,2026-10-05T18:06:10,mirova-archivo,1
2021-02-12T05:18:00,357150,Puyehue-Cordon Caulle,VIIRS375,0.8459,8.19,1,muy baja,2026-10-05T18:06:10,mirova-archivo,1
2021-02-12T06:06:00,357150,Puyehue-Cordon Caulle,VIIRS375,1.039,8.19,1,baja,2026-10-05T18:06:10,mirova-archivo,1
2021-02-13T05:00:00,357150,Puyehue-Cordon Caulle,VIIRS375,0.6178,7.83,1,muy baja,2026-10-05T18:06:10,mirova-archivo,1
2021-02-13T05:48:00,357150,Puyehue-Cordon Caulle,VIIRS375,1.169,7.83,1,baja,2026-10-05T18:06:10,mirova-archivo,1
2021-02-14T05:30:00,357150,Puyehue-Cordon Caulle,VIIRS375,0.6715,8.10,1,muy baja,2026-10-05T18:06:10,mirova-archivo,1
2021-02-14T06:18:00,357150,Puyehue-Cordon Caulle,VIIRS375,0.4309,7.83,1,muy baja,2026-10-05T18:06:10,mirova-archivo,1
2021-02-15T05:12:00,357150,Puyehue-Cordon Caulle,VIIRS375,0.7545,8.19,1,muy baja,2026-10-05T18:06:10,mirova-archivo,1
2021-02-15T06:00:00,357150,Puyehue-Cordon Caulle,VIIRS375,1.009,7.83,1,baja,2026-10-05T18:06:10,mirova-archivo,1
2021-02-15T06:54:00,357150,Puyehue-Cordon Caulle,VIIRS375,0.2281,7.73,1,muy baja,2026-10-05T18:06:10,mirova-archivo,1
2021-02-16T04:54:00,357150,Puyehue-Cordon Caulle,VIIRS375,0.8027,8.46,1,muy baja,2026-10-05T18:06:10,mirova-archivo,1
2021-02-16T05:42:00,357150,Puyehue-Cordon Caulle,VIIRS375,0.7464,8.75,1,muy baja,2026-10-05T18:06:10,mirova-archivo,1
2021-02-19T04:48:00,357150,Puyehue-Cordon Caulle,VIIRS375,0.1111,7.83,1,muy baja,2026-10-05T18:06:10,mirova-archivo,1
2021-02-19T05:36:00,357150,Puyehue-Cordon Caulle,VIIRS375,0.05245,7.83,1,muy baja,2026-10-05T18:06:10,mirova-archivo,1
2021-02-20T05:18:00,357150,Puyehue-Cordon Caulle,VIIRS375,1.204,8.30,1,baja,2026-10-05T18:06:10,mirova-archivo,1
2021-02-20T06:06:00,357150,Puyehue-Cordon Caulle,VIIRS375,1.202,8.10,1,baja,2026-10-05T18:06:10,mirova-archivo,1
2021-02-21T05:00:00,357150,Puyehue-Cordon Caulle,VIIRS375,1.109,8.46,1,baja,2026-10-05T18:06:10,mirova-archivo,1
2021-02-21T05:48:00,357150,Puyehue-Cordon Caulle,VIIRS375,0.4373,7.65,1,muy baja,2026-10-05T18:06:10,mirova-archivo,1
2021-02-21T06:42:00,357150,Puyehue-Cordon Caulle,VIIRS375,0.103,7.73,1,muy baja,2026-10-05T18:06:10,mirova-archivo,1
2021-02-22T05:30:00,357150,Puyehue-Cordon Caulle,VIIRS375,0.5712,8.19,1,muy baja,2026-10-05T18:06:10,mirova-archivo,1
2021-02-23T05:12:00,357150,Puyehue-Cordon Caulle,VIIRS375,0.1322,7.83,1,muy baja,2026-10-05T18:06:10,mirova-archivo,1
2021-02-23T06:00:00,357150,Puyehue-Cordon Caulle,VIIRS375,0.1397,7.83,1,muy baja,2026-10-05T18:06:10,mirova-archivo,1
2021-02-24T04:54:00,357150,Puyehue-Cordon Caulle,VIIRS375,0.6966,8.46,1,muy baja,2026-10-05T18:06:10,mirova-archivo,1
2021-02-24T05:42:00,357150,Puyehue-Cordon Caulle,VIIRS375,1.274,8.83,1,baja,2026-10-05T18:06:10,mirova-archivo,1
2021-02-24T06:30:00,357150,Puyehue-Cordon Caulle,VIIRS375,0.617,7.65,1,muy baja,2026-10-05T18:06:10,mirova-archivo,1
2021-02-25T05:24:00,357150,Puyehue-Cordon Caulle,VIIRS375,1.171,8.19,1,baja,2026-10-05T18:06:10,mirova-archivo,1
2021-02-25T06:12:00,357150,Puyehue-Cordon Caulle,VIIRS375,0.982,7.83,1,muy baja,2026-10-05T18:06:10,mirova-archivo,1
2021-02-26T05:06:00,357150,Puyehue-Cordon Caulle,VIIRS375,0.8932,8.19,1,muy baja,2026-10-05T18:06:10,mirova-archivo,1
2021-02-26T05:54:00,357150,Puyehue-Cordon Caulle,VIIRS375,0.8153,7.73,1,muy baja,2026-10-05T18:06:10,mirova-archivo,1
2021-02-26T06:48:00,357150,Puyehue-Cordon Caulle,VIIRS375,0.1555,7.28,1,muy baja,2026-10-05T18:06:10,mirova-archivo,1
2021-02-27T04:48:00,357150,Puyehue-Cordon Caulle,VIIRS375,0.8089,8.55,1,muy baja,2026-10-05T18:06:10,mirova-archivo,1
2021-02-27T05:36:00,357150,Puyehue-Cordon Caulle,VIIRS375,0.8116,7.83,1,muy baja,2026-10-05T18:06:10,mirova-archivo,1
2021-02-27T06:24:00,357150,Puyehue-Cordon Caulle,VIIRS375,1.38,8.39,1,baja,2026-10-05T18:06:10,mirova-archivo,1
2021-02-28T06:06:00,357150,Puyehue-Cordon Caulle,VIIRS375,0.7599,7.83,1,muy baja,2026-10-05T18:06:10,mirova-archivo,1
2021-03-01T05:00:00,357150,Puyehue-Cordon Caulle,VIIRS375,0.149,7.73,1,muy baja,2026-10-05T18:06:10,mirova-archivo,1
2021-03-01T05:48:00,357150,Puyehue-Cordon Caulle,VIIRS375,1.058,8.39,1,baja,2026-10-05T18:06:10,mirova-archivo,1
2021-03-02T04:42:00,357150,Puyehue-Cordon Caulle,VIIRS375,0.4919,8.55,1,muy baja,2026-10-05T18:06:10,mirova-archivo,1
2021-03-02T05:30:00,357150,Puyehue-Cordon Caulle,VIIRS375,0.5941,8.10,1,muy baja,2026-10-05T18:06:10,mirova-archivo,1
2021-03-02T06:18:00,357150,Puyehue-Cordon Caulle,VIIRS375,0.2948,7.73,1,muy baja,2026-10-05T18:06:10,mirova-archivo,1
2021-03-03T05:12:00,357150,Puyehue-Cordon Caulle,VIIRS375,1.1,8.19,1,baja,2026-10-05T18:06:10,mirova-archivo,1
2021-03-03T06:00:00,357150,Puyehue-Cordon Caulle,VIIRS375,1.404,8.39,1,baja,2026-10-05T18:06:10,mirova-archivo,1
2021-03-04T04:54:00,357150,Puyehue-Cordon Caulle,VIIRS375,0.5499,8.55,1,muy baja,2026-10-05T18:06:10,mirova-archivo,1
2021-03-04T05:42:00,357150,Puyehue-Cordon Caulle,VIIRS375,0.5985,9.02,1,muy baja,2026-10-05T18:06:10,mirova-archivo,1
2021-03-05T05:24:00,357150,Puyehue-Cordon Caulle,VIIRS375,0.3369,7.73,1,muy baja,2026-10-05T18:06:10,mirova-archivo,1
2021-03-05T06:12:00,357150,Puyehue-Cordon Caulle,VIIRS375,0.6806,7.73,1,muy baja,2026-10-05T18:06:10,mirova-archivo,1
2021-03-06T05:06:00,357150,Puyehue-Cordon Caulle,VIIRS375,0.5214,8.19,1,muy baja,2026-10-05T18:06:10,mirova-archivo,1
2021-03-06T05:54:00,357150,Puyehue-Cordon Caulle,VIIRS375,0.8645,8.10,1,muy baja,2026-10-05T18:06:10,mirova-archivo,1
2021-03-08T04:30:00,357150,Puyehue-Cordon Caulle,VIIRS375,0.08433,7.83,1,muy baja,2026-10-05T18:06:10,mirova-archivo,1
2021-03-08T05:18:00,357150,Puyehue-Cordon Caulle,VIIRS375,0.8748,8.75,1,muy baja,2026-10-05T18:06:10,mirova-archivo,1
2021-03-08T06:06:00,357150,Puyehue-Cordon Caulle,VIIRS375,0.8497,8.19,1,muy baja,2026-10-05T18:06:10,mirova-archivo,1
2021-03-09T05:00:00,357150,Puyehue-Cordon Caulle,VIIRS375,1.264,8.46,1,baja,2026-10-05T18:06:10,mirova-archivo,1
2021-03-09T05:48:00,357150,Puyehue-Cordon Caulle,VIIRS375,0.8865,7.83,1,muy baja,2026-10-05T18:06:10,mirova-archivo,1
2021-03-09T06:42:00,357150,Puyehue-Cordon Caulle,VIIRS375,0.362,7.65,1,muy baja,2026-10-05T18:06:10,mirova-archivo,1
2021-03-12T04:54:00,357150,Puyehue-Cordon Caulle,VIIRS375,1.174,8.46,1,baja,2026-10-05T18:06:10,mirova-archivo,1
2021-03-12T05:42:00,357150,Puyehue-Cordon Caulle,VIIRS375,0.9513,8.19,1,muy baja,2026-10-05T18:06:10,mirova-archivo,1
2021-03-12T06:30:00,357150,Puyehue-Cordon Caulle,VIIRS375,0.111,7.58,1,muy baja,2026-10-05T18:06:10,mirova-archivo,1
2021-03-13T04:36:00,357150,Puyehue-Cordon Caulle,VIIRS375,0.9073,8.55,1,muy baja,2026-10-05T18:06:10,mirova-archivo,1
2021-03-13T05:24:00,357150,Puyehue-Cordon Caulle,VIIRS375,0.8286,8.30,1,muy baja,2026-10-05T18:06:10,mirova-archivo,1
2021-03-13T06:12:00,357150,Puyehue-Cordon Caulle,VIIRS375,0.3016,8.02,1,muy baja,2026-10-05T18:06:10,mirova-archivo,1
2021-03-14T05:54:00,357150,Puyehue-Cordon Caulle,VIIRS375,0.1766,7.65,1,muy baja,2026-10-05T18:06:10,mirova-archivo,1
2021-03-14T06:48:00,357150,Puyehue-Cordon Caulle,VIIRS375,0.1632,7.65,1,muy baja,2026-10-05T18:06:10,mirova-archivo,1
2021-03-15T04:48:00,357150,Puyehue-Cordon Caulle,VIIRS375,0.2058,8.19,1,muy baja,2026-10-05T18:06:10,mirova-archivo,1
2021-03-15T05:36:00,357150,Puyehue-Cordon Caulle,VIIRS375,0.7026,7.83,1,muy baja,2026-10-05T18:06:10,mirova-archivo,1
2021-03-15T06:24:00,357150,Puyehue-Cordon Caulle,VIIRS375,1.127,8.10,1,baja,2026-10-05T18:06:10,mirova-archivo,1
2021-03-17T05:48:00,357150,Puyehue-Cordon Caulle,VIIRS375,0.4011,8.10,1,muy baja,2026-10-05T18:06:10,mirova-archivo,1
2021-03-18T04:42:00,357150,Puyehue-Cordon Caulle,VIIRS375,0.2359,8.19,1,muy baja,2026-10-05T18:06:10,mirova-archivo,1
2021-03-18T05:30:00,357150,Puyehue-Cordon Caulle,VIIRS375,0.3955,7.83,1,muy baja,2026-10-05T18:06:10,mirova-archivo,1
2021-03-18T06:18:00,357150,Puyehue-Cordon Caulle,VIIRS375,0.1042,7.28,1,muy baja,2026-10-05T18:06:10,mirova-archivo,1
2021-03-19T05:12:00,357150,Puyehue-Cordon Caulle,VIIRS375,1.409,10.51,1,baja,2026-10-05T18:06:10,mirova-archivo,1
2021-03-19T06:00:00,357150,Puyehue-Cordon Caulle,VIIRS375,1.013,7.83,1,baja,2026-10-05T18:06:10,mirova-archivo,1
2021-03-21T04:36:00,357150,Puyehue-Cordon Caulle,VIIRS375,0.3633,8.55,1,muy baja,2026-10-05T18:06:10,mirova-archivo,1
2021-03-21T05:24:00,357150,Puyehue-Cordon Caulle,VIIRS375,0.6562,7.83,1,muy baja,2026-10-05T18:06:10,mirova-archivo,1
2021-03-21T06:12:00,357150,Puyehue-Cordon Caulle,VIIRS375,0.8035,7.83,1,muy baja,2026-10-05T18:06:10,mirova-archivo,1
2021-03-22T05:06:00,357150,Puyehue-Cordon Caulle,VIIRS375,0.6597,8.10,1,muy baja,2026-10-05T18:06:10,mirova-archivo,1
2021-03-22T05:54:00,357150,Puyehue-Cordon Caulle,VIIRS375,0.934,8.10,1,muy baja,2026-10-05T18:06:10,mirova-archivo,1
2021-03-23T04:48:00,357150,Puyehue-Cordon Caulle,VIIRS375,0.8377,8.46,1,muy baja,2026-10-05T18:06:10,mirova-archivo,1
2021-03-23T05:36:00,357150,Puyehue-Cordon Caulle,VIIRS375,0.1521,7.65,1,muy baja,2026-10-05T18:06:10,mirova-archivo,1
2021-03-23T06:24:00,357150,Puyehue-Cordon Caulle,VIIRS375,0.7364,7.73,1,muy baja,2026-10-05T18:06:10,mirova-archivo,1
2021-03-24T05:18:00,357150,Puyehue-Cordon Caulle,VIIRS375,0.3366,8.19,1,muy baja,2026-10-05T18:06:10,mirova-archivo,1
2021-03-25T05:00:00,357150,Puyehue-Cordon Caulle,VIIRS375,0.931,8.55,1,muy baja,2026-10-05T18:06:10,mirova-archivo,1
2021-03-25T05:48:00,357150,Puyehue-Cordon Caulle,VIIRS375,1.268,8.02,1,baja,2026-10-05T18:06:10,mirova-archivo,1
2021-03-25T06:42:00,357150,Puyehue-Cordon Caulle,VIIRS375,0.3992,7.73,1,muy baja,2026-10-05T18:06:10,mirova-archivo,1
2021-03-26T04:42:00,357150,Puyehue-Cordon Caulle,VIIRS375,0.6935,8.55,1,muy baja,2026-10-05T18:06:10,mirova-archivo,1
2021-03-26T05:30:00,357150,Puyehue-Cordon Caulle,VIIRS375,1.341,8.39,1,baja,2026-10-05T18:06:10,mirova-archivo,1
2021-03-26T06:18:00,357150,Puyehue-Cordon Caulle,VIIRS375,0.7803,8.10,1,muy baja,2026-10-05T18:06:10,mirova-archivo,1
2021-03-27T05:12:00,357150,Puyehue-Cordon Caulle,VIIRS375,1.329,8.10,1,baja,2026-10-05T18:06:10,mirova-archivo,1
2021-03-27T06:00:00,357150,Puyehue-Cordon Caulle,VIIRS375,0.7757,7.73,1,muy baja,2026-10-05T18:06:10,mirova-archivo,1
2021-03-28T04:54:00,357150,Puyehue-Cordon Caulle,VIIRS375,0.6002,7.95,1,muy baja,2026-10-05T18:06:10,mirova-archivo,1
2021-03-28T05:42:00,357150,Puyehue-Cordon Caulle,VIIRS375,1.295,8.19,1,baja,2026-10-05T18:06:10,mirova-archivo,1
2021-03-28T06:30:00,357150,Puyehue-Cordon Caulle,VIIRS375,0.3202,7.95,1,muy baja,2026-10-05T18:06:10,mirova-archivo,1
2021-03-29T05:24:00,357150,Puyehue-Cordon Caulle,VIIRS375,0.2472,7.73,1,muy baja,2026-10-05T18:06:10,mirova-archivo,1
2021-03-29T06:12:00,357150,Puyehue-Cordon Caulle,VIIRS375,0.7584,8.02,1,muy baja,2026-10-05T18:06:10,mirova-archivo,1
2021-03-30T05:54:00,357150,Puyehue-Cordon Caulle,VIIRS375,1.855,8.39,1,baja,2026-10-05T18:06:10,mirova-archivo,1
2021-03-31T04:48:00,357150,Puyehue-Cordon Caulle,VIIRS375,0.135,7.83,1,muy baja,2026-10-05T18:06:10,mirova-archivo,1
2021-03-31T05:36:00,357150,Puyehue-Cordon Caulle,VIIRS375,1.399,8.10,1,baja,2026-10-05T18:06:10,mirova-archivo,1
2021-03-31T06:24:00,357150,Puyehue-Cordon Caulle,VIIRS375,0.5275,8.39,1,muy baja,2026-10-05T18:06:10,mirova-archivo,1
2021-04-02T05:48:00,357150,Puyehue-Cordon Caulle,VIIRS375,0.1774,2.62,0,no volcanica,2026-10-05T18:06:10,mirova-archivo,0
2021-04-02T06:36:00,357150,Puyehue-Cordon Caulle,VIIRS375,0.1746,2.62,0,no volcanica,2026-10-05T18:06:10,mirova-archivo,0
2021-04-03T04:42:00,357150,Puyehue-Cordon Caulle,VIIRS375,1.17,8.46,1,baja,2026-10-05T18:06:10,mirova-archivo,1
2021-04-03T05:30:00,357150,Puyehue-Cordon Caulle,VIIRS375,1.429,8.39,1,baja,2026-10-05T18:06:10,mirova-archivo,1
2021-04-03T06:18:00,357150,Puyehue-Cordon Caulle,VIIRS375,1.192,8.10,1,baja,2026-10-05T18:06:10,mirova-archivo,1
2021-04-04T05:12:00,357150,Puyehue-Cordon Caulle,VIIRS375,0.9177,8.10,1,muy baja,2026-10-05T18:06:10,mirova-archivo,1
2021-04-04T06:00:00,357150,Puyehue-Cordon Caulle,VIIRS375,1.46,8.39,1,baja,2026-10-05T18:06:10,mirova-archivo,1
2021-04-04T06:54:00,357150,Puyehue-Cordon Caulle,VIIRS375,0.6317,8.19,1,muy baja,2026-10-05T18:06:10,mirova-archivo,1
2021-04-05T04:54:00,357150,Puyehue-Cordon Caulle,VIIRS375,0.1561,8.19,1,muy baja,2026-10-05T18:06:10,mirova-archivo,1
2021-04-05T05:42:00,357150,Puyehue-Cordon Caulle,VIIRS375,0.3121,7.83,1,muy baja,2026-10-05T18:06:10,mirova-archivo,1
2021-04-08T05:36:00,357150,Puyehue-Cordon Caulle,VIIRS375,0.1381,8.83,1,muy baja,2026-10-05T18:06:10,mirova-archivo,1
2021-04-10T05:00:00,357150,Puyehue-Cordon Caulle,VIIRS375,0.92,8.83,1,muy baja,2026-10-05T18:06:10,mirova-archivo,1
2021-04-10T05:48:00,357150,Puyehue-Cordon Caulle,VIIRS375,1.516,8.75,1,baja,2026-10-05T18:06:10,mirova-archivo,1
2021-04-10T06:42:00,357150,Puyehue-Cordon Caulle,VIIRS375,1.283,8.39,1,baja,2026-10-05T18:06:10,mirova-archivo,1
2021-04-12T05:12:00,357150,Puyehue-Cordon Caulle,VIIRS375,0.8377,16.11,1,muy baja,2026-10-05T18:06:10,mirova-archivo,1
2021-04-12T06:00:00,357150,Puyehue-Cordon Caulle,VIIRS375,0.2564,7.83,1,muy baja,2026-10-05T18:06:10,mirova-archivo,1
2021-04-13T04:54:00,357150,Puyehue-Cordon Caulle,VIIRS375,0.1044,6.45,0,no volcanica,2026-10-05T18:06:10,mirova-archivo,0
2021-04-13T05:42:00,357150,Puyehue-Cordon Caulle,VIIRS375,0.436,7.73,1,muy baja,2026-10-05T18:06:10,mirova-archivo,1
2021-04-13T06:30:00,357150,Puyehue-Cordon Caulle,VIIRS375,0.08891,7.28,1,muy baja,2026-10-05T18:06:10,mirova-archivo,1
2021-04-14T04:36:00,357150,Puyehue-Cordon Caulle,VIIRS375,0.7096,8.66,1,muy baja,2026-10-05T18:06:10,mirova-archivo,1
2021-04-14T05:24:00,357150,Puyehue-Cordon Caulle,VIIRS375,0.8203,8.10,1,muy baja,2026-10-05T18:06:10,mirova-archivo,1
2021-04-14T06:12:00,357150,Puyehue-Cordon Caulle,VIIRS375,1.248,8.19,1,baja,2026-10-05T18:06:10,mirova-archivo,1
2021-04-16T05:36:00,357150,Puyehue-Cordon Caulle,VIIRS375,0.9068,8.10,1,muy baja,2026-10-05T18:06:10,mirova-archivo,1
2021-04-16T06:24:00,357150,Puyehue-Cordon Caulle,VIIRS375,0.3514,8.02,1,muy baja,2026-10-05T18:06:10,mirova-archivo,1
2021-04-17T04:30:00,357150,Puyehue-Cordon Caulle,VIIRS375,1.249,8.66,1,baja,2026-10-05T18:06:10,mirova-archivo,1
2021-04-17T06:06:00,357150,Puyehue-Cordon Caulle,VIIRS375,0.09737,8.39,1,muy baja,2026-10-05T18:06:10,mirova-archivo,1
2021-04-18T05:00:00,357150,Puyehue-Cordon Caulle,VIIRS375,0.2066,15.19,0,no volcanica,2026-10-05T18:06:10,mirova-archivo,0
2021-04-18T06:36:00,357150,Puyehue-Cordon Caulle,VIIRS375,0.05543,7.83,1,muy baja,2026-10-05T18:06:10,mirova-archivo,1
2021-04-20T06:00:00,357150,Puyehue-Cordon Caulle,VIIRS375,0.379,29.43,0,no volcanica,2026-10-05T18:06:10,mirova-archivo,0
2021-04-22T06:12:00,357150,Puyehue-Cordon Caulle,VIIRS375,0.0676,7.73,1,muy baja,2026-10-05T18:06:10,mirova-archivo,1
2021-04-24T05:36:00,357150,Puyehue-Cordon Caulle,VIIRS375,0.4842,7.73,1,muy baja,2026-10-05T18:06:10,mirova-archivo,1
2021-04-24T06:24:00,357150,Puyehue-Cordon Caulle,VIIRS375,0.0577,7.65,1,muy baja,2026-10-05T18:06:10,mirova-archivo,1
2021-04-25T04:24:00,357150,Puyehue-Cordon Caulle,VIIRS375,0.3047,8.66,1,muy baja,2026-10-05T18:06:10,mirova-archivo,1
2021-04-25T05:18:00,357150,Puyehue-Cordon Caulle,VIIRS375,1.016,8.19,1,baja,2026-10-05T18:06:10,mirova-archivo,1
2021-04-25T06:06:00,357150,Puyehue-Cordon Caulle,VIIRS375,1.427,20.23,0,no volcanica,2026-10-05T18:06:10,mirova-archivo,0
2021-04-26T05:00:00,357150,Puyehue-Cordon Caulle,VIIRS375,0.9509,8.46,1,muy baja,2026-10-05T18:06:10,mirova-archivo,1
2021-04-26T05:48:00,357150,Puyehue-Cordon Caulle,VIIRS375,1.232,8.02,1,baja,2026-10-05T18:06:10,mirova-archivo,1
2021-04-26T06:42:00,357150,Puyehue-Cordon Caulle,VIIRS375,1.087,8.10,1,baja,2026-10-05T18:06:10,mirova-archivo,1
2021-04-27T04:42:00,357150,Puyehue-Cordon Caulle,VIIRS375,0.4892,8.55,1,muy baja,2026-10-05T18:06:10,mirova-archivo,1
2021-04-27T05:30:00,357150,Puyehue-Cordon Caulle,VIIRS375,0.8084,8.39,1,muy baja,2026-10-05T18:06:10,mirova-archivo,1
2021-04-29T04:54:00,357150,Puyehue-Cordon Caulle,VIIRS375,0.1073,8.46,1,muy baja,2026-10-05T18:06:10,mirova-archivo,1
2021-04-29T05:42:00,357150,Puyehue-Cordon Caulle,VIIRS375,1.279,8.39,1,baja,2026-10-05T18:06:10,mirova-archivo,1
2021-04-29T06:30:00,357150,Puyehue-Cordon Caulle,VIIRS375,0.4366,7.65,1,muy baja,2026-10-05T18:06:10,mirova-archivo,1
2021-04-30T04:36:00,357150,Puyehue-Cordon Caulle,VIIRS375,0.5343,8.66,1,muy baja,2026-10-05T18:06:10,mirova-archivo,1
2021-04-30T05:24:00,357150,Puyehue-Cordon Caulle,VIIRS375,0.06395,6.45,0,no volcanica,2026-10-05T18:06:10,mirova-archivo,0
2021-05-04T05:00:00,357150,Puyehue-Cordon Caulle,VIIRS375,0.3352,8.46,1,muy baja,2026-10-05T18:06:10,mirova-archivo,1
2021-05-04T05:48:00,357150,Puyehue-Cordon Caulle,VIIRS375,0.6781,8.02,1,muy baja,2026-10-05T18:06:10,mirova-archivo,1
2021-05-04T06:36:00,357150,Puyehue-Cordon Caulle,VIIRS375,0.413,7.73,1,muy baja,2026-10-05T18:06:10,mirova-archivo,1
2021-05-05T04:42:00,357150,Puyehue-Cordon Caulle,VIIRS375,0.2532,8.19,1,muy baja,2026-10-05T18:06:10,mirova-archivo,1
2021-05-05T05:30:00,357150,Puyehue-Cordon Caulle,VIIRS375,0.7732,8.19,1,muy baja,2026-10-05T18:06:10,mirova-archivo,1
2021-05-05T06:18:00,357150,Puyehue-Cordon Caulle,VIIRS375,0.2681,7.65,1,muy baja,2026-10-05T18:06:10,mirova-archivo,1
2021-05-06T05:12:00,357150,Puyehue-Cordon Caulle,VIIRS375,1.083,8.46,1,baja,2026-10-05T18:06:10,mirova-archivo,1
2021-05-06T06:00:00,357150,Puyehue-Cordon Caulle,VIIRS375,0.8465,7.83,1,muy baja,2026-10-05T18:06:10,mirova-archivo,1
2021-05-07T04:54:00,357150,Puyehue-Cordon Caulle,VIIRS375,0.6157,8.46,1,muy baja,2026-10-05T18:06:10,mirova-archivo,1
2021-05-07T05:42:00,357150,Puyehue-Cordon Caulle,VIIRS375,0.2894,7.73,1,muy baja,2026-10-05T18:06:10,mirova-archivo,1
2021-05-07T06:36:00,357150,Puyehue-Cordon Caulle,VIIRS375,0.2766,7.65,1,muy baja,2026-10-05T18:06:10,mirova-archivo,1
2021-05-09T05:54:00,357150,Puyehue-Cordon Caulle,VIIRS375,0.1174,7.65,1,muy baja,2026-10-05T18:06:10,mirova-archivo,1
2021-05-10T04:48:00,357150,Puyehue-Cordon Caulle,VIIRS375,0.7275,8.46,1,muy baja,2026-10-05T18:06:10,mirova-archivo,1
2021-05-10T05:36:00,357150,Puyehue-Cordon Caulle,VIIRS375,0.9487,8.10,1,muy baja,2026-10-05T18:06:10,mirova-archivo,1
2021-05-10T06:24:00,357150,Puyehue-Cordon Caulle,VIIRS375,0.7083,7.73,1,muy baja,2026-10-05T18:06:10,mirova-archivo,1
2021-05-11T05:18:00,357150,Puyehue-Cordon Caulle,VIIRS375,0.8874,8.19,1,muy baja,2026-10-05T18:06:10,mirova-archivo,1
2021-05-11T06:06:00,357150,Puyehue-Cordon Caulle,VIIRS375,0.3569,8.02,1,muy baja,2026-10-05T18:06:10,mirova-archivo,1
2021-05-12T05:00:00,357150,Puyehue-Cordon Caulle,VIIRS375,0.5398,8.46,1,muy baja,2026-10-05T18:06:10,mirova-archivo,1
2021-05-12T05:48:00,357150,Puyehue-Cordon Caulle,VIIRS375,0.5428,7.73,1,muy baja,2026-10-05T18:06:10,mirova-archivo,1
2021-05-12T06:42:00,357150,Puyehue-Cordon Caulle,VIIRS375,0.1137,7.65,1,muy baja,2026-10-05T18:06:10,mirova-archivo,1
2021-05-13T05:30:00,357150,Puyehue-Cordon Caulle,VIIRS375,0.8597,8.19,1,muy baja,2026-10-05T18:06:10,mirova-archivo,1
2021-05-14T06:00:00,357150,Puyehue-Cordon Caulle,VIIRS375,0.2606,7.83,1,muy baja,2026-10-05T18:06:10,mirova-archivo,1
2021-05-14T06:54:00,357150,Puyehue-Cordon Caulle,VIIRS375,0.1951,8.02,1,muy baja,2026-10-05T18:06:10,mirova-archivo,1
2021-05-15T04:54:00,357150,Puyehue-Cordon Caulle,VIIRS375,0.4623,8.19,1,muy baja,2026-10-05T18:06:10,mirova-archivo,1
2021-05-15T05:42:00,357150,Puyehue-Cordon Caulle,VIIRS375,1.098,8.10,1,baja,2026-10-05T18:06:10,mirova-archivo,1
2021-05-16T04:36:00,357150,Puyehue-Cordon Caulle,VIIRS375,0.3412,8.30,1,muy baja,2026-10-05T18:06:10,mirova-archivo,1
2021-05-16T05:24:00,357150,Puyehue-Cordon Caulle,VIIRS375,0.9785,8.19,1,muy baja,2026-10-05T18:06:10,mirova-archivo,1
2021-05-16T06:12:00,357150,Puyehue-Cordon Caulle,VIIRS375,0.926,8.75,1,muy baja,2026-10-05T18:06:10,mirova-archivo,1
2021-05-18T05:36:00,357150,Puyehue-Cordon Caulle,VIIRS375,0.7635,7.83,1,muy baja,2026-10-05T18:06:10,mirova-archivo,1
2021-05-23T05:42:00,357150,Puyehue-Cordon Caulle,VIIRS375,0.1311,7.73,1,muy baja,2026-10-05T18:06:10,mirova-archivo,1
2021-06-02T05:06:00,357150,Puyehue-Cordon Caulle,VIIRS375,0.1541,8.10,1,muy baja,2026-10-05T18:06:10,mirova-archivo,1
2021-06-14T05:30:00,357150,Puyehue-Cordon Caulle,VIIRS375,0.1487,7.73,1,muy baja,2026-10-05T18:06:10,mirova-archivo,1
2021-06-15T06:00:00,357150,Puyehue-Cordon Caulle,VIIRS375,0.1119,7.65,1,muy baja,2026-10-05T18:06:10,mirova-archivo,1
2021-06-16T04:54:00,357150,Puyehue-Cordon Caulle,VIIRS375,0.1714,8.10,1,muy baja,2026-10-05T18:06:10,mirova-archivo,1
2021-06-16T05:42:00,357150,Puyehue-Cordon Caulle,VIIRS375,0.4524,8.39,1,muy baja,2026-10-05T18:06:10,mirova-archivo,1
2021-06-17T05:24:00,357150,Puyehue-Cordon Caulle,VIIRS375,0.3862,8.10,1,muy baja,2026-10-05T18:06:10,mirova-archivo,1
2021-06-17T06:12:00,357150,Puyehue-Cordon Caulle,VIIRS375,0.2816,7.83,1,muy baja,2026-10-05T18:06:10,mirova-archivo,1
2021-06-18T05:54:00,357150,Puyehue-Cordon Caulle,VIIRS375,0.3031,7.83,1,muy baja,2026-10-05T18:06:10,mirova-archivo,1
2021-06-20T05:18:00,357150,Puyehue-Cordon Caulle,VIIRS375,0.4466,8.10,1,muy baja,2026-10-05T18:06:10,mirova-archivo,1
2021-06-20T06:06:00,357150,Puyehue-Cordon Caulle,VIIRS375,0.6356,8.19,1,muy baja,2026-10-05T18:06:10,mirova-archivo,1
2021-06-27T05:36:00,357150,Puyehue-Cordon Caulle,VIIRS375,0.2903,7.73,1,muy baja,2026-10-05T18:06:10,mirova-archivo,1
2021-06-28T05:18:00,357150,Puyehue-Cordon Caulle,VIIRS375,0.07025,7.83,1,muy baja,2026-10-05T18:06:10,mirova-archivo,1
2021-06-28T06:06:00,357150,Puyehue-Cordon Caulle,VIIRS375,0.2404,8.02,1,muy baja,2026-10-05T18:06:10,mirova-archivo,1
2021-06-29T05:00:00,357150,Puyehue-Cordon Caulle,VIIRS375,0.7347,8.66,1,muy baja,2026-10-05T18:06:10,mirova-archivo,1
2021-06-29T05:48:00,357150,Puyehue-Cordon Caulle,VIIRS375,0.4762,8.10,1,muy baja,2026-10-05T18:06:10,mirova-archivo,1
2021-06-30T04:42:00,357150,Puyehue-Cordon Caulle,VIIRS375,0.06925,8.55,1,muy baja,2026-10-05T18:06:10,mirova-archivo,1
2021-07-03T05:24:00,357150,Puyehue-Cordon Caulle,VIIRS375,0.04401,7.73,1,muy baja,2026-10-05T18:06:10,mirova-archivo,1
2021-07-03T06:12:00,357150,Puyehue-Cordon Caulle,VIIRS375,0.06991,7.83,1,muy baja,2026-10-05T18:06:10,mirova-archivo,1
2021-07-04T05:06:00,357150,Puyehue-Cordon Caulle,VIIRS375,0.7999,8.30,1,muy baja,2026-10-05T18:06:10,mirova-archivo,1
2021-07-04T05:54:00,357150,Puyehue-Cordon Caulle,VIIRS375,1.248,8.39,1,baja,2026-10-05T18:06:10,mirova-archivo,1
2021-07-05T04:48:00,357150,Puyehue-Cordon Caulle,VIIRS375,0.2963,8.19,1,muy baja,2026-10-05T18:06:10,mirova-archivo,1
2021-07-05T05:36:00,357150,Puyehue-Cordon Caulle,VIIRS375,0.4837,8.19,1,muy baja,2026-10-05T18:06:10,mirova-archivo,1
2021-07-05T06:30:00,357150,Puyehue-Cordon Caulle,VIIRS375,0.06972,7.73,1,muy baja,2026-10-05T18:06:10,mirova-archivo,1
2021-07-09T05:12:00,357150,Puyehue-Cordon Caulle,VIIRS375,0.1139,1.06,0,no volcanica,2026-10-05T18:06:10,mirova-archivo,0
2021-07-12T05:06:00,357150,Puyehue-Cordon Caulle,VIIRS375,0.07001,7.73,1,muy baja,2026-10-05T18:06:10,mirova-archivo,1
2021-07-12T05:54:00,357150,Puyehue-Cordon Caulle,VIIRS375,0.05853,7.65,1,muy baja,2026-10-05T18:06:10,mirova-archivo,1
2021-07-13T04:48:00,357150,Puyehue-Cordon Caulle,VIIRS375,0.4944,8.30,1,muy baja,2026-10-05T18:06:10,mirova-archivo,1
2021-07-13T05:36:00,357150,Puyehue-Cordon Caulle,VIIRS375,0.9845,8.39,1,muy baja,2026-10-05T18:06:10,mirova-archivo,1
2021-07-14T05:18:00,357150,Puyehue-Cordon Caulle,VIIRS375,0.8125,8.19,1,muy baja,2026-10-05T18:06:10,mirova-archivo,1
2021-07-14T06:06:00,357150,Puyehue-Cordon Caulle,VIIRS375,0.2673,8.02,1,muy baja,2026-10-05T18:06:10,mirova-archivo,1
2021-07-15T05:48:00,357150,Puyehue-Cordon Caulle,VIIRS375,0.1747,7.73,1,muy baja,2026-10-05T18:06:10,mirova-archivo,1
2021-07-16T05:30:00,357150,Puyehue-Cordon Caulle,VIIRS375,0.1657,7.73,1,muy baja,2026-10-05T18:06:10,mirova-archivo,1
2021-07-18T04:54:00,357150,Puyehue-Cordon Caulle,VIIRS375,0.6844,8.19,1,muy baja,2026-10-05T18:06:10,mirova-archivo,1
2021-07-18T05:42:00,357150,Puyehue-Cordon Caulle,VIIRS375,1.054,8.30,1,baja,2026-10-05T18:06:10,mirova-archivo,1
2021-07-18T06:36:00,357150,Puyehue-Cordon Caulle,VIIRS375,0.6541,8.02,1,muy baja,2026-10-05T18:06:10,mirova-archivo,1
2021-07-19T05:24:00,357150,Puyehue-Cordon Caulle,VIIRS375,0.5799,8.30,1,muy baja,2026-10-05T18:06:10,mirova-archivo,1
2021-07-20T05:54:00,357150,Puyehue-Cordon Caulle,VIIRS375,0.1305,8.10,1,muy baja,2026-10-05T18:06:10,mirova-archivo,1
2021-07-21T04:48:00,357150,Puyehue-Cordon Caulle,VIIRS375,0.1147,8.19,1,muy baja,2026-10-05T18:06:10,mirova-archivo,1
2021-07-21T05:36:00,357150,Puyehue-Cordon Caulle,VIIRS375,0.6469,8.19,1,muy baja,2026-10-05T18:06:10,mirova-archivo,1
2021-07-21T06:30:00,357150,Puyehue-Cordon Caulle,VIIRS375,0.101,7.73,1,muy baja,2026-10-05T18:06:10,mirova-archivo,1
2021-07-22T05:18:00,357150,Puyehue-Cordon Caulle,VIIRS375,0.02801,7.73,1,muy baja,2026-10-05T18:06:10,mirova-archivo,1
2021-07-22T06:06:00,357150,Puyehue-Cordon Caulle,VIIRS375,0.03786,7.65,1,muy baja,2026-10-05T18:06:10,mirova-archivo,1
2021-07-23T05:48:00,357150,Puyehue-Cordon Caulle,VIIRS375,0.07564,7.73,1,muy baja,2026-10-05T18:06:10,mirova-archivo,1
2021-07-24T05:30:00,357150,Puyehue-Cordon Caulle,VIIRS375,0.1781,8.19,1,muy baja,2026-10-05T18:06:10,mirova-archivo,1
2021-07-24T06:18:00,357150,Puyehue-Cordon Caulle,VIIRS375,0.5869,8.30,1,muy baja,2026-10-05T18:06:10,mirova-archivo,1
2021-07-26T05:42:00,357150,Puyehue-Cordon Caulle,VIIRS375,0.05223,7.73,1,muy baja,2026-10-05T18:06:10,mirova-archivo,1
2021-07-27T05:24:00,357150,Puyehue-Cordon Caulle,VIIRS375,0.1906,7.83,1,muy baja,2026-10-05T18:06:10,mirova-archivo,1
2021-07-27T06:12:00,357150,Puyehue-Cordon Caulle,VIIRS375,0.1181,7.73,1,muy baja,2026-10-05T18:06:10,mirova-archivo,1
2021-07-28T05:06:00,357150,Puyehue-Cordon Caulle,VIIRS375,0.3454,8.19,1,muy baja,2026-10-05T18:06:10,mirova-archivo,1
2021-07-28T05:54:00,357150,Puyehue-Cordon Caulle,VIIRS375,0.3801,7.83,1,muy baja,2026-10-05T18:06:10,mirova-archivo,1
2021-07-28T06:48:00,357150,Puyehue-Cordon Caulle,VIIRS375,0.01057,7.95,1,muy baja,2026-10-05T18:06:10,mirova-archivo,1
2021-07-29T04:48:00,357150,Puyehue-Cordon Caulle,VIIRS375,0.7319,8.19,1,muy baja,2026-10-05T18:06:10,mirova-archivo,1
2021-07-29T05:36:00,357150,Puyehue-Cordon Caulle,VIIRS375,1.278,8.19,1,baja,2026-10-05T18:06:10,mirova-archivo,1
2021-07-29T06:30:00,357150,Puyehue-Cordon Caulle,VIIRS375,0.3198,6.45,0,no volcanica,2026-10-05T18:06:10,mirova-archivo,0
2021-07-30T04:30:00,357150,Puyehue-Cordon Caulle,VIIRS375,0.078,8.19,1,muy baja,2026-10-05T18:06:10,mirova-archivo,1
2021-07-30T05:18:00,357150,Puyehue-Cordon Caulle,VIIRS375,0.7321,8.19,1,muy baja,2026-10-05T18:06:10,mirova-archivo,1
2021-07-30T06:06:00,357150,Puyehue-Cordon Caulle,VIIRS375,0.7565,8.19,1,muy baja,2026-10-05T18:06:10,mirova-archivo,1
2021-07-31T05:00:00,357150,Puyehue-Cordon Caulle,VIIRS375,0.4025,8.19,1,muy baja,2026-10-05T18:06:10,mirova-archivo,1
2021-07-31T05:48:00,357150,Puyehue-Cordon Caulle,VIIRS375,0.8111,8.19,1,muy baja,2026-10-05T18:06:10,mirova-archivo,1
2021-08-01T05:30:00,357150,Puyehue-Cordon Caulle,VIIRS375,0.8485,8.10,1,muy baja,2026-10-05T18:06:10,mirova-archivo,1
2021-08-02T05:12:00,357150,Puyehue-Cordon Caulle,VIIRS375,1.101,8.19,1,baja,2026-10-05T18:06:10,mirova-archivo,1
2021-08-02T06:00:00,357150,Puyehue-Cordon Caulle,VIIRS375,0.5781,7.83,1,muy baja,2026-10-05T18:06:10,mirova-archivo,1
2021-08-03T04:54:00,357150,Puyehue-Cordon Caulle,VIIRS375,0.3114,8.46,1,muy baja,2026-10-05T18:06:10,mirova-archivo,1
2021-08-03T05:42:00,357150,Puyehue-Cordon Caulle,VIIRS375,0.8106,7.83,1,muy baja,2026-10-05T18:06:10,mirova-archivo,1
2021-08-03T06:36:00,357150,Puyehue-Cordon Caulle,VIIRS375,0.6798,8.19,1,muy baja,2026-10-05T18:06:10,mirova-archivo,1
2021-08-04T05:24:00,357150,Puyehue-Cordon Caulle,VIIRS375,0.6152,8.10,1,muy baja,2026-10-05T18:06:10,mirova-archivo,1
2021-08-05T05:06:00,357150,Puyehue-Cordon Caulle,VIIRS375,0.2034,8.19,1,muy baja,2026-10-05T18:06:10,mirova-archivo,1
2021-08-05T06:48:00,357150,Puyehue-Cordon Caulle,VIIRS375,0.1351,7.73,1,muy baja,2026-10-05T18:06:10,mirova-archivo,1
2021-08-08T05:00:00,357150,Puyehue-Cordon Caulle,VIIRS375,0.1001,7.83,1,muy baja,2026-10-05T18:06:10,mirova-archivo,1
2021-08-08T05:48:00,357150,Puyehue-Cordon Caulle,VIIRS375,0.9471,8.83,1,muy baja,2026-10-05T18:06:10,mirova-archivo,1
2021-08-09T04:42:00,357150,Puyehue-Cordon Caulle,VIIRS375,0.6853,8.55,1,muy baja,2026-10-05T18:06:10,mirova-archivo,1
2021-08-09T05:30:00,357150,Puyehue-Cordon Caulle,VIIRS375,0.9028,8.30,1,muy baja,2026-10-05T18:06:10,mirova-archivo,1
2021-08-10T05:12:00,357150,Puyehue-Cordon Caulle,VIIRS375,0.7468,8.30,1,muy baja,2026-10-05T18:06:10,mirova-archivo,1
2021-08-10T06:00:00,357150,Puyehue-Cordon Caulle,VIIRS375,0.201,7.83,1,muy baja,2026-10-05T18:06:10,mirova-archivo,1
2021-08-11T04:54:00,357150,Puyehue-Cordon Caulle,VIIRS375,0.2546,8.46,1,muy baja,2026-10-05T18:06:10,mirova-archivo,1
2021-08-11T05:42:00,357150,Puyehue-Cordon Caulle,VIIRS375,0.4286,7.83,1,muy baja,2026-10-05T18:06:10,mirova-archivo,1
2021-08-11T06:36:00,357150,Puyehue-Cordon Caulle,VIIRS375,0.2081,7.83,1,muy baja,2026-10-05T18:06:10,mirova-archivo,1
2021-08-12T04:36:00,357150,Puyehue-Cordon Caulle,VIIRS375,0.378,8.55,1,muy baja,2026-10-05T18:06:10,mirova-archivo,1
2021-08-12T05:24:00,357150,Puyehue-Cordon Caulle,VIIRS375,0.905,8.19,1,muy baja,2026-10-05T18:06:10,mirova-archivo,1
2021-08-12T06:12:00,357150,Puyehue-Cordon Caulle,VIIRS375,0.1412,7.83,1,muy baja,2026-10-05T18:06:10,mirova-archivo,1
2021-08-13T05:06:00,357150,Puyehue-Cordon Caulle,VIIRS375,0.8135,8.19,1,muy baja,2026-10-05T18:06:10,mirova-archivo,1
2021-08-13T05:54:00,357150,Puyehue-Cordon Caulle,VIIRS375,1.272,8.19,1,baja,2026-10-05T18:06:10,mirova-archivo,1
2021-08-13T06:48:00,357150,Puyehue-Cordon Caulle,VIIRS375,0.03277,7.58,1,muy baja,2026-10-05T18:06:10,mirova-archivo,1
2021-08-14T04:48:00,357150,Puyehue-Cordon Caulle,VIIRS375,0.931,8.55,1,muy baja,2026-10-05T18:06:10,mirova-archivo,1
2021-08-14T05:36:00,357150,Puyehue-Cordon Caulle,VIIRS375,1.332,8.19,1,baja,2026-10-05T18:06:10,mirova-archivo,1
2021-08-14T06:30:00,357150,Puyehue-Cordon Caulle,VIIRS375,0.7535,8.10,1,muy baja,2026-10-05T18:06:10,mirova-archivo,1
2021-08-31T06:06:00,357150,Puyehue-Cordon Caulle,VIIRS375,0.2069,8.19,1,muy baja,2026-10-05T18:06:10,mirova-archivo,1
2021-09-02T04:42:00,357150,Puyehue-Cordon Caulle,VIIRS375,0.3078,8.55,1,muy baja,2026-10-05T18:06:10,mirova-archivo,1
2021-09-02T05:30:00,357150,Puyehue-Cordon Caulle,VIIRS375,0.8786,8.19,1,muy baja,2026-10-05T18:06:10,mirova-archivo,1
2021-09-02T06:18:00,357150,Puyehue-Cordon Caulle,VIIRS375,0.3561,8.19,1,muy baja,2026-10-05T18:06:10,mirova-archivo,1
2021-09-03T05:12:00,357150,Puyehue-Cordon Caulle,VIIRS375,0.6838,8.19,1,muy baja,2026-10-05T18:06:10,mirova-archivo,1
2021-09-03T06:00:00,357150,Puyehue-Cordon Caulle,VIIRS375,0.547,8.19,1,muy baja,2026-10-05T18:06:10,mirova-archivo,1
2021-09-06T05:54:00,357150,Puyehue-Cordon Caulle,VIIRS375,0.3275,21.27,0,no volcanica,2026-10-05T18:06:10,mirova-archivo,0
2021-09-07T05:36:00,357150,Puyehue-Cordon Caulle,VIIRS375,1.034,8.39,1,baja,2026-10-05T18:06:10,mirova-archivo,1
2021-09-08T04:30:00,357150,Puyehue-Cordon Caulle,VIIRS375,0.1404,8.66,1,muy baja,2026-10-05T18:06:10,mirova-archivo,1
2021-09-08T05:18:00,357150,Puyehue-Cordon Caulle,VIIRS375,0.5316,8.19,1,muy baja,2026-10-05T18:06:10,mirova-archivo,1
2021-09-08T06:06:00,357150,Puyehue-Cordon Caulle,VIIRS375,1.153,8.19,1,baja,2026-10-05T18:06:10,mirova-archivo,1
2021-09-10T05:30:00,357150,Puyehue-Cordon Caulle,VIIRS375,0.9327,8.55,1,muy baja,2026-10-05T18:06:10,mirova-archivo,1
2021-09-10T06:24:00,357150,Puyehue-Cordon Caulle,VIIRS375,0.2489,7.83,1,muy baja,2026-10-05T18:06:10,mirova-archivo,1
2021-09-12T05:42:00,357150,Puyehue-Cordon Caulle,VIIRS375,0.2324,18.99,0,no volcanica,2026-10-05T18:06:10,mirova-archivo,0
2021-09-16T05:18:00,357150,Puyehue-Cordon Caulle,VIIRS375,0.7552,8.46,1,muy baja,2026-10-05T18:06:10,mirova-archivo,1
2021-09-16T06:06:00,357150,Puyehue-Cordon Caulle,VIIRS375,0.1093,7.83,1,muy baja,2026-10-05T18:06:10,mirova-archivo,1
2021-09-17T05:48:00,357150,Puyehue-Cordon Caulle,VIIRS375,0.1324,7.83,1,muy baja,2026-10-05T18:06:10,mirova-archivo,1
2021-09-18T04:42:00,357150,Puyehue-Cordon Caulle,VIIRS375,0.0529,8.55,1,muy baja,2026-10-05T18:06:10,mirova-archivo,1
2021-09-20T04:54:00,357150,Puyehue-Cordon Caulle,VIIRS375,0.4453,8.46,1,muy baja,2026-10-05T18:06:10,mirova-archivo,1
2021-09-20T05:42:00,357150,Puyehue-Cordon Caulle,VIIRS375,0.8391,8.30,1,muy baja,2026-10-05T18:06:10,mirova-archivo,1
2021-09-20T06:36:00,357150,Puyehue-Cordon Caulle,VIIRS375,0.1885,7.65,1,muy baja,2026-10-05T18:06:10,mirova-archivo,1
2021-09-21T05:24:00,357150,Puyehue-Cordon Caulle,VIIRS375,0.4691,8.19,1,muy baja,2026-10-05T18:06:10,mirova-archivo,1
2021-09-22T05:54:00,357150,Puyehue-Cordon Caulle,VIIRS375,0.08551,7.83,1,muy baja,2026-10-05T18:06:10,mirova-archivo,1
2021-09-22T06:48:00,357150,Puyehue-Cordon Caulle,VIIRS375,0.09575,7.73,1,muy baja,2026-10-05T18:06:10,mirova-archivo,1
2021-09-23T05:36:00,357150,Puyehue-Cordon Caulle,VIIRS375,0.07829,7.65,1,muy baja,2026-10-05T18:06:10,mirova-archivo,1
2021-09-24T04:30:00,357150,Puyehue-Cordon Caulle,VIIRS375,0.07676,9.02,1,muy baja,2026-10-05T18:06:10,mirova-archivo,1
2021-09-24T05:18:00,357150,Puyehue-Cordon Caulle,VIIRS375,0.8926,8.10,1,muy baja,2026-10-05T18:06:10,mirova-archivo,1
2021-09-24T06:06:00,357150,Puyehue-Cordon Caulle,VIIRS375,1.28,8.19,1,baja,2026-10-05T18:06:10,mirova-archivo,1
2021-09-26T05:30:00,357150,Puyehue-Cordon Caulle,VIIRS375,0.2941,8.10,1,muy baja,2026-10-05T18:06:10,mirova-archivo,1
2021-09-27T05:12:00,357150,Puyehue-Cordon Caulle,VIIRS375,0.9831,8.83,1,muy baja,2026-10-05T18:06:10,mirova-archivo,1
2021-09-27T06:00:00,357150,Puyehue-Cordon Caulle,VIIRS375,0.5244,8.10,1,muy baja,2026-10-05T18:06:10,mirova-archivo,1
2021-09-28T04:54:00,357150,Puyehue-Cordon Caulle,VIIRS375,0.4392,8.30,1,muy baja,2026-10-05T18:06:10,mirova-archivo,1
2021-09-28T05:42:00,357150,Puyehue-Cordon Caulle,VIIRS375,1.196,8.02,1,baja,2026-10-05T18:06:10,mirova-archivo,1
2021-09-28T06:36:00,357150,Puyehue-Cordon Caulle,VIIRS375,1.463,8.55,1,baja,2026-10-05T18:06:10,mirova-archivo,1
2021-09-29T04:36:00,357150,Puyehue-Cordon Caulle,VIIRS375,0.246,8.66,1,muy baja,2026-10-05T18:06:10,mirova-archivo,1
2021-09-29T05:24:00,357150,Puyehue-Cordon Caulle,VIIRS375,0.09151,7.73,1,muy baja,2026-10-05T18:06:10,mirova-archivo,1
2021-10-04T05:30:00,357150,Puyehue-Cordon Caulle,VIIRS375,0.2521,8.10,1,muy baja,2026-10-05T18:06:10,mirova-archivo,1
2021-10-05T05:12:00,357150,Puyehue-Cordon Caulle,VIIRS375,0.09474,7.73,1,muy baja,2026-10-05T18:06:10,mirova-archivo,1
2021-10-06T04:54:00,357150,Puyehue-Cordon Caulle,VIIRS375,0.1899,8.19,1,muy baja,2026-10-05T18:06:10,mirova-archivo,1
2021-10-06T05:42:00,357150,Puyehue-Cordon Caulle,VIIRS375,0.1673,7.83,1,muy baja,2026-10-05T18:06:10,mirova-archivo,1
2021-10-07T05:24:00,357150,Puyehue-Cordon Caulle,VIIRS375,0.4481,8.10,1,muy baja,2026-10-05T18:06:10,mirova-archivo,1
2021-10-08T05:06:00,357150,Puyehue-Cordon Caulle,VIIRS375,0.8911,8.30,1,muy baja,2026-10-05T18:06:10,mirova-archivo,1
2021-10-08T05:54:00,357150,Puyehue-Cordon Caulle,VIIRS375,0.7218,8.10,1,muy baja,2026-10-05T18:06:10,mirova-archivo,1
2021-10-08T06:48:00,357150,Puyehue-Cordon Caulle,VIIRS375,0.7427,8.19,1,muy baja,2026-10-05T18:06:10,mirova-archivo,1
2021-10-09T04:48:00,357150,Puyehue-Cordon Caulle,VIIRS375,0.4372,8.55,1,muy baja,2026-10-05T18:06:10,mirova-archivo,1
2021-10-09T05:36:00,357150,Puyehue-Cordon Caulle,VIIRS375,1.352,8.30,1,baja,2026-10-05T18:06:10,mirova-archivo,1
2021-10-10T05:18:00,357150,Puyehue-Cordon Caulle,VIIRS375,0.974,8.19,1,muy baja,2026-10-05T18:06:10,mirova-archivo,1
2021-10-10T06:06:00,357150,Puyehue-Cordon Caulle,VIIRS375,0.9449,8.19,1,muy baja,2026-10-05T18:06:10,mirova-archivo,1
2021-10-11T05:00:00,357150,Puyehue-Cordon Caulle,VIIRS375,0.9596,8.66,1,muy baja,2026-10-05T18:06:10,mirova-archivo,1
2021-10-11T05:48:00,357150,Puyehue-Cordon Caulle,VIIRS375,1.375,8.83,1,baja,2026-10-05T18:06:10,mirova-archivo,1
2021-10-11T06:42:00,357150,Puyehue-Cordon Caulle,VIIRS375,0.6068,8.10,1,muy baja,2026-10-05T18:06:10,mirova-archivo,1
2021-10-12T04:42:00,357150,Puyehue-Cordon Caulle,VIIRS375,0.1711,8.55,1,muy baja,2026-10-05T18:06:10,mirova-archivo,1
2021-10-12T05:30:00,357150,Puyehue-Cordon Caulle,VIIRS375,1.367,8.39,1,baja,2026-10-05T18:06:10,mirova-archivo,1
2021-10-12T06:24:00,357150,Puyehue-Cordon Caulle,VIIRS375,0.7858,8.02,1,muy baja,2026-10-05T18:06:10,mirova-archivo,1
2021-10-18T04:30:00,357150,Puyehue-Cordon Caulle,VIIRS375,0.1791,8.30,1,muy baja,2026-10-05T18:06:10,mirova-archivo,1
2021-10-18T05:18:00,357150,Puyehue-Cordon Caulle,VIIRS375,1.055,8.30,1,baja,2026-10-05T18:06:10,mirova-archivo,1
2021-10-19T05:00:00,357150,Puyehue-Cordon Caulle,VIIRS375,0.692,8.66,1,muy baja,2026-10-05T18:06:10,mirova-archivo,1
2021-10-19T05:48:00,357150,Puyehue-Cordon Caulle,VIIRS375,1.098,7.73,1,baja,2026-10-05T18:06:10,mirova-archivo,1
2021-10-19T06:42:00,357150,Puyehue-Cordon Caulle,VIIRS375,0.4038,8.19,1,muy baja,2026-10-05T18:06:10,mirova-archivo,1
2021-10-20T04:42:00,357150,Puyehue-Cordon Caulle,VIIRS375,0.1458,8.66,1,muy baja,2026-10-05T18:06:10,mirova-archivo,1
2021-10-20T05:30:00,357150,Puyehue-Cordon Caulle,VIIRS375,1.12,8.19,1,baja,2026-10-05T18:06:10,mirova-archivo,1
2021-10-20T06:18:00,357150,Puyehue-Cordon Caulle,VIIRS375,0.5432,8.19,1,muy baja,2026-10-05T18:06:10,mirova-archivo,1
2021-10-22T05:42:00,357150,Puyehue-Cordon Caulle,VIIRS375,0.3373,7.73,1,muy baja,2026-10-05T18:06:10,mirova-archivo,1
2021-10-26T04:30:00,357150,Puyehue-Cordon Caulle,VIIRS375,0.5279,8.78,1,muy baja,2026-10-05T18:06:10,mirova-archivo,1
2021-10-26T05:18:00,357150,Puyehue-Cordon Caulle,VIIRS375,0.2582,7.83,1,muy baja,2026-10-05T18:06:10,mirova-archivo,1
2021-10-27T05:00:00,357150,Puyehue-Cordon Caulle,VIIRS375,0.6478,8.19,1,muy baja,2026-10-05T18:06:10,mirova-archivo,1
2021-10-27T05:48:00,357150,Puyehue-Cordon Caulle,VIIRS375,0.8,8.19,1,muy baja,2026-10-05T18:06:10,mirova-archivo,1
2021-10-27T06:42:00,357150,Puyehue-Cordon Caulle,VIIRS375,0.1354,7.95,1,muy baja,2026-10-05T18:06:10,mirova-archivo,1
2021-10-28T05:30:00,357150,Puyehue-Cordon Caulle,VIIRS375,1.334,8.19,1,baja,2026-10-05T18:06:10,mirova-archivo,1
2021-10-28T06:24:00,357150,Puyehue-Cordon Caulle,VIIRS375,0.7904,7.83,1,muy baja,2026-10-05T18:06:10,mirova-archivo,1
2021-10-30T04:54:00,357150,Puyehue-Cordon Caulle,VIIRS375,0.3284,8.55,1,muy baja,2026-10-05T18:06:10,mirova-archivo,1
2021-10-30T05:42:00,357150,Puyehue-Cordon Caulle,VIIRS375,0.783,7.83,1,muy baja,2026-10-05T18:06:10,mirova-archivo,1
2021-10-31T05:24:00,357150,Puyehue-Cordon Caulle,VIIRS375,0.2822,7.83,1,muy baja,2026-10-05T18:06:10,mirova-archivo,1
2021-11-01T05:06:00,357150,Puyehue-Cordon Caulle,VIIRS375,0.1172,7.83,1,muy baja,2026-10-05T18:06:10,mirova-archivo,1
2021-11-01T05:54:00,357150,Puyehue-Cordon Caulle,VIIRS375,0.6417,7.83,1,muy baja,2026-10-05T18:06:10,mirova-archivo,1
2021-11-02T04:48:00,357150,Puyehue-Cordon Caulle,VIIRS375,0.3834,8.46,1,muy baja,2026-10-05T18:06:10,mirova-archivo,1
2021-11-02T05:36:00,357150,Puyehue-Cordon Caulle,VIIRS375,0.9439,8.10,1,muy baja,2026-10-05T18:06:10,mirova-archivo,1
2021-11-05T04:42:00,357150,Puyehue-Cordon Caulle,VIIRS375,0.4533,8.66,1,muy baja,2026-10-05T18:06:10,mirova-archivo,1
2021-11-05T05:30:00,357150,Puyehue-Cordon Caulle,VIIRS375,1.067,8.39,1,baja,2026-10-05T18:06:10,mirova-archivo,1
2021-11-05T06:18:00,357150,Puyehue-Cordon Caulle,VIIRS375,0.3846,7.73,1,muy baja,2026-10-05T18:06:10,mirova-archivo,1
2021-11-06T05:12:00,357150,Puyehue-Cordon Caulle,VIIRS375,0.7097,8.10,1,muy baja,2026-10-05T18:06:10,mirova-archivo,1
2021-11-06T06:00:00,357150,Puyehue-Cordon Caulle,VIIRS375,0.9866,8.19,1,muy baja,2026-10-05T18:06:10,mirova-archivo,1
2021-11-08T04:36:00,357150,Puyehue-Cordon Caulle,VIIRS375,9.534,22.07,0,no volcanica,2026-10-05T18:06:10,mirova-archivo,0
2021-11-10T05:36:00,357150,Puyehue-Cordon Caulle,VIIRS375,0.7677,8.39,1,muy baja,2026-10-05T18:06:10,mirova-archivo,1
2021-11-16T05:24:00,357150,Puyehue-Cordon Caulle,VIIRS375,0.3481,8.10,1,muy baja,2026-10-05T18:06:10,mirova-archivo,1
2021-11-16T06:12:00,357150,Puyehue-Cordon Caulle,VIIRS375,0.6006,8.19,1,muy baja,2026-10-05T18:06:10,mirova-archivo,1
2021-11-17T05:06:00,357150,Puyehue-Cordon Caulle,VIIRS375,0.2817,8.10,1,muy baja,2026-10-05T18:06:10,mirova-archivo,1
2021-11-17T05:54:00,357150,Puyehue-Cordon Caulle,VIIRS375,0.4581,7.83,1,muy baja,2026-10-05T18:06:10,mirova-archivo,1
2021-11-18T05:36:00,357150,Puyehue-Cordon Caulle,VIIRS375,0.1006,7.73,1,muy baja,2026-10-05T18:06:10,mirova-archivo,1
2021-11-18T06:30:00,357150,Puyehue-Cordon Caulle,VIIRS375,0.7925,8.02,1,muy baja,2026-10-05T18:06:10,mirova-archivo,1
2021-11-19T04:30:00,357150,Puyehue-Cordon Caulle,VIIRS375,0.9727,8.55,1,muy baja,2026-10-05T18:06:10,mirova-archivo,1
2021-11-19T05:18:00,357150,Puyehue-Cordon Caulle,VIIRS375,0.8241,8.10,1,muy baja,2026-10-05T18:06:10,mirova-archivo,1
2021-11-19T06:12:00,357150,Puyehue-Cordon Caulle,VIIRS375,1.151,8.10,1,baja,2026-10-05T18:06:10,mirova-archivo,1
2021-11-20T05:00:00,357150,Puyehue-Cordon Caulle,VIIRS375,0.1211,7.83,1,muy baja,2026-10-05T18:06:10,mirova-archivo,1
2021-11-20T05:48:00,357150,Puyehue-Cordon Caulle,VIIRS375,0.5228,8.02,1,muy baja,2026-10-05T18:06:10,mirova-archivo,1
2021-11-21T05:30:00,357150,Puyehue-Cordon Caulle,VIIRS375,0.2335,7.83,1,muy baja,2026-10-05T18:06:10,mirova-archivo,1
2021-11-23T04:54:00,357150,Puyehue-Cordon Caulle,VIIRS375,0.4365,8.19,1,muy baja,2026-10-05T18:06:10,mirova-archivo,1
2021-11-23T05:42:00,357150,Puyehue-Cordon Caulle,VIIRS375,0.895,8.02,1,muy baja,2026-10-05T18:06:10,mirova-archivo,1
2021-11-24T04:36:00,357150,Puyehue-Cordon Caulle,VIIRS375,0.2133,8.30,1,muy baja,2026-10-05T18:06:10,mirova-archivo,1
2021-11-24T05:24:00,357150,Puyehue-Cordon Caulle,VIIRS375,0.3173,7.83,1,muy baja,2026-10-05T18:06:10,mirova-archivo,1
2021-11-24T06:18:00,357150,Puyehue-Cordon Caulle,VIIRS375,1.055,8.10,1,baja,2026-10-05T18:06:10,mirova-archivo,1
2021-11-26T05:36:00,357150,Puyehue-Cordon Caulle,VIIRS375,0.8074,8.19,1,muy baja,2026-10-05T18:06:10,mirova-archivo,1
2021-11-28T05:00:00,357150,Puyehue-Cordon Caulle,VIIRS375,0.3148,8.10,1,muy baja,2026-10-05T18:06:10,mirova-archivo,1
2021-11-28T05:48:00,357150,Puyehue-Cordon Caulle,VIIRS375,0.8084,8.10,1,muy baja,2026-10-05T18:06:10,mirova-archivo,1
2021-11-28T06:42:00,357150,Puyehue-Cordon Caulle,VIIRS375,0.3572,7.73,1,muy baja,2026-10-05T18:06:10,mirova-archivo,1
2021-11-30T05:12:00,357150,Puyehue-Cordon Caulle,VIIRS375,1.238,8.66,1,baja,2026-10-05T18:06:10,mirova-archivo,1
2021-11-30T06:54:00,357150,Puyehue-Cordon Caulle,VIIRS375,0.04193,8.19,1,muy baja,2026-10-05T18:06:10,mirova-archivo,1
2021-12-01T04:54:00,357150,Puyehue-Cordon Caulle,VIIRS375,0.5203,8.55,1,muy baja,2026-10-05T18:06:10,mirova-archivo,1
2021-12-01T05:42:00,357150,Puyehue-Cordon Caulle,VIIRS375,0.9327,8.10,1,muy baja,2026-10-05T18:06:10,mirova-archivo,1
2021-12-01T06:30:00,357150,Puyehue-Cordon Caulle,VIIRS375,0.7936,8.10,1,muy baja,2026-10-05T18:06:10,mirova-archivo,1
2021-12-02T05:24:00,357150,Puyehue-Cordon Caulle,VIIRS375,0.5244,8.10,1,muy baja,2026-10-05T18:06:10,mirova-archivo,1
2021-12-02T06:12:00,357150,Puyehue-Cordon Caulle,VIIRS375,0.3248,7.83,1,muy baja,2026-10-05T18:06:10,mirova-archivo,1
2021-12-03T05:06:00,357150,Puyehue-Cordon Caulle,VIIRS375,0.8335,8.19,1,muy baja,2026-10-05T18:06:10,mirova-archivo,1
2021-12-03T05:54:00,357150,Puyehue-Cordon Caulle,VIIRS375,1.452,8.19,1,baja,2026-10-05T18:06:10,mirova-archivo,1
2021-12-04T04:48:00,357150,Puyehue-Cordon Caulle,VIIRS375,0.8837,8.19,1,muy baja,2026-10-05T18:06:10,mirova-archivo,1
2021-12-04T05:36:00,357150,Puyehue-Cordon Caulle,VIIRS375,0.4505,7.83,1,muy baja,2026-10-05T18:06:10,mirova-archivo,1
2021-12-04T06:30:00,357150,Puyehue-Cordon Caulle,VIIRS375,1.042,7.95,1,baja,2026-10-05T18:06:10,mirova-archivo,1
2021-12-05T05:18:00,357150,Puyehue-Cordon Caulle,VIIRS375,1.494,8.46,1,baja,2026-10-05T18:06:10,mirova-archivo,1
2021-12-05T06:12:00,357150,Puyehue-Cordon Caulle,VIIRS375,0.8449,7.83,1,muy baja,2026-10-05T18:06:10,mirova-archivo,1
2021-12-06T05:48:00,357150,Puyehue-Cordon Caulle,VIIRS375,0.4824,7.65,1,muy baja,2026-10-05T18:06:10,mirova-archivo,1
2021-12-06T06:36:00,357150,Puyehue-Cordon Caulle,VIIRS375,0.233,7.73,1,muy baja,2026-10-05T18:06:10,mirova-archivo,1
2021-12-07T05:30:00,357150,Puyehue-Cordon Caulle,VIIRS375,0.4136,8.10,1,muy baja,2026-10-05T18:06:10,mirova-archivo,1
2021-12-08T05:12:00,357150,Puyehue-Cordon Caulle,VIIRS375,0.3952,8.10,1,muy baja,2026-10-05T18:06:10,mirova-archivo,1
2021-12-08T06:00:00,357150,Puyehue-Cordon Caulle,VIIRS375,0.767,8.19,1,muy baja,2026-10-05T18:06:10,mirova-archivo,1
2021-12-08T06:54:00,357150,Puyehue-Cordon Caulle,VIIRS375,0.1823,7.73,1,muy baja,2026-10-05T18:06:10,mirova-archivo,1
2021-12-09T04:54:00,357150,Puyehue-Cordon Caulle,VIIRS375,0.8133,8.10,1,muy baja,2026-10-05T18:06:10,mirova-archivo,1
2021-12-09T05:42:00,357150,Puyehue-Cordon Caulle,VIIRS375,1.034,8.83,1,baja,2026-10-05T18:06:10,mirova-archivo,1
2021-12-09T06:36:00,357150,Puyehue-Cordon Caulle,VIIRS375,0.1884,7.95,1,muy baja,2026-10-05T18:06:10,mirova-archivo,1
2021-12-10T05:24:00,357150,Puyehue-Cordon Caulle,VIIRS375,0.3931,7.83,1,muy baja,2026-10-05T18:06:10,mirova-archivo,1
2021-12-10T06:18:00,357150,Puyehue-Cordon Caulle,VIIRS375,0.5297,7.65,1,muy baja,2026-10-05T18:06:10,mirova-archivo,1
2021-12-13T05:18:00,357150,Puyehue-Cordon Caulle,VIIRS375,0.888,8.19,1,muy baja,2026-10-05T18:06:10,mirova-archivo,1
2021-12-13T06:06:00,357150,Puyehue-Cordon Caulle,VIIRS375,0.08305,7.65,1,muy baja,2026-10-05T18:06:10,mirova-archivo,1
2021-12-15T04:42:00,357150,Puyehue-Cordon Caulle,VIIRS375,0.6651,8.55,1,muy baja,2026-10-05T18:06:10,mirova-archivo,1
2021-12-15T05:30:00,357150,Puyehue-Cordon Caulle,VIIRS375,0.6524,8.83,1,muy baja,2026-10-05T18:06:10,mirova-archivo,1
2021-12-16T05:12:00,357150,Puyehue-Cordon Caulle,VIIRS375,0.9391,8.55,1,muy baja,2026-10-05T18:06:10,mirova-archivo,1
2021-12-16T06:54:00,357150,Puyehue-Cordon Caulle,VIIRS375,0.1948,8.19,1,muy baja,2026-10-05T18:06:10,mirova-archivo,1
2021-12-17T05:42:00,357150,Puyehue-Cordon Caulle,VIIRS375,0.8694,8.02,1,muy baja,2026-10-05T18:06:10,mirova-archivo,1
2021-12-18T05:24:00,357150,Puyehue-Cordon Caulle,VIIRS375,0.83,8.83,1,muy baja,2026-10-05T18:06:10,mirova-archivo,1
2021-12-18T06:12:00,357150,Puyehue-Cordon Caulle,VIIRS375,0.2784,8.02,1,muy baja,2026-10-05T18:06:10,mirova-archivo,1
2021-12-19T05:06:00,357150,Puyehue-Cordon Caulle,VIIRS375,1.13,8.30,1,baja,2026-10-05T18:06:10,mirova-archivo,1
2021-12-19T05:54:00,357150,Puyehue-Cordon Caulle,VIIRS375,1.531,8.39,1,baja,2026-10-05T18:06:10,mirova-archivo,1
2021-12-20T04:48:00,357150,Puyehue-Cordon Caulle,VIIRS375,0.7221,8.46,1,muy baja,2026-10-05T18:06:10,mirova-archivo,1
2021-12-20T05:36:00,357150,Puyehue-Cordon Caulle,VIIRS375,1.616,8.39,1,baja,2026-10-05T18:06:10,mirova-archivo,1
2021-12-20T06:30:00,357150,Puyehue-Cordon Caulle,VIIRS375,0.9673,8.10,1,muy baja,2026-10-05T18:06:10,mirova-archivo,1
2021-12-21T04:30:00,357150,Puyehue-Cordon Caulle,VIIRS375,0.1593,8.19,1,muy baja,2026-10-05T18:06:10,mirova-archivo,1
2021-12-21T05:18:00,357150,Puyehue-Cordon Caulle,VIIRS375,0.1908,7.83,1,muy baja,2026-10-05T18:06:10,mirova-archivo,1
2021-12-22T05:00:00,357150,Puyehue-Cordon Caulle,VIIRS375,0.1999,7.73,1,muy baja,2026-10-05T18:06:10,mirova-archivo,1
2021-12-22T05:48:00,357150,Puyehue-Cordon Caulle,VIIRS375,0.7672,7.83,1,muy baja,2026-10-05T18:06:10,mirova-archivo,1
2021-12-23T05:30:00,357150,Puyehue-Cordon Caulle,VIIRS375,0.5704,7.83,1,muy baja,2026-10-05T18:06:10,mirova-archivo,1
2021-12-23T06:18:00,357150,Puyehue-Cordon Caulle,VIIRS375,0.5449,8.02,1,muy baja,2026-10-05T18:06:10,mirova-archivo,1
2021-12-24T05:12:00,357150,Puyehue-Cordon Caulle,VIIRS375,0.3902,8.10,1,muy baja,2026-10-05T18:06:10,mirova-archivo,1
2021-12-24T06:00:00,357150,Puyehue-Cordon Caulle,VIIRS375,0.266,7.73,1,muy baja,2026-10-05T18:06:10,mirova-archivo,1
2021-12-25T04:54:00,357150,Puyehue-Cordon Caulle,VIIRS375,0.3426,8.10,1,muy baja,2026-10-05T18:06:10,mirova-archivo,1
2021-12-25T05:42:00,357150,Puyehue-Cordon Caulle,VIIRS375,0.9341,8.19,1,muy baja,2026-10-05T18:06:10,mirova-archivo,1
2021-12-25T06:36:00,357150,Puyehue-Cordon Caulle,VIIRS375,0.4308,7.95,1,muy baja,2026-10-05T18:06:10,mirova-archivo,1
2021-12-26T04:36:00,357150,Puyehue-Cordon Caulle,VIIRS375,0.09421,7.83,1,muy baja,2026-10-05T18:06:10,mirova-archivo,1
2021-12-26T05:24:00,357150,Puyehue-Cordon Caulle,VIIRS375,0.5985,8.10,1,muy baja,2026-10-05T18:06:10,mirova-archivo,1
2021-12-26T06:18:00,357150,Puyehue-Cordon Caulle,VIIRS375,0.3324,7.65,1,muy baja,2026-10-05T18:06:10,mirova-archivo,1
2021-12-27T05:06:00,357150,Puyehue-Cordon Caulle,VIIRS375,0.2296,8.19,1,muy baja,2026-10-05T18:06:10,mirova-archivo,1
2021-12-27T05:54:00,357150,Puyehue-Cordon Caulle,VIIRS375,0.5069,7.83,1,muy baja,2026-10-05T18:06:10,mirova-archivo,1
2021-12-28T05:36:00,357150,Puyehue-Cordon Caulle,VIIRS375,1.312,8.39,1,baja,2026-10-05T18:06:10,mirova-archivo,1
2021-12-28T06:24:00,357150,Puyehue-Cordon Caulle,VIIRS375,0.3037,8.19,1,muy baja,2026-10-05T18:06:10,mirova-archivo,1
2021-12-29T04:24:00,357150,Puyehue-Cordon Caulle,VIIRS375,0.4209,8.91,1,muy baja,2026-10-05T18:06:10,mirova-archivo,1
2021-12-29T05:18:00,357150,Puyehue-Cordon Caulle,VIIRS375,0.8854,8.19,1,muy baja,2026-10-05T18:06:10,mirova-archivo,1
2021-12-29T06:06:00,357150,Puyehue-Cordon Caulle,VIIRS375,0.6451,7.83,1,muy baja,2026-10-05T18:06:10,mirova-archivo,1
2021-12-31T04:42:00,357150,Puyehue-Cordon Caulle,VIIRS375,0.1785,7.83,1,muy baja,2026-10-05T18:06:10,mirova-archivo,1
2022-01-05T04:48:00,357150,Puyehue-Cordon Caulle,VIIRS375,0.8496,8.55,1,muy baja,2026-10-05T18:06:10,mirova-archivo,1
2022-01-05T05:36:00,357150,Puyehue-Cordon Caulle,VIIRS375,0.8423,8.19,1,muy baja,2026-10-05T18:06:10,mirova-archivo,1
2022-01-06T04:30:00,357150,Puyehue-Cordon Caulle,VIIRS375,0.2565,8.30,1,muy baja,2026-10-05T18:06:10,mirova-archivo,1
2022-01-06T05:18:00,357150,Puyehue-Cordon Caulle,VIIRS375,0.3335,8.10,1,muy baja,2026-10-05T18:06:10,mirova-archivo,1
2022-01-07T05:00:00,357150,Puyehue-Cordon Caulle,VIIRS375,0.2359,8.19,1,muy baja,2026-10-05T18:06:10,mirova-archivo,1
2022-01-07T05:48:00,357150,Puyehue-Cordon Caulle,VIIRS375,0.4932,7.83,1,muy baja,2026-10-05T18:06:10,mirova-archivo,1
2022-01-08T05:30:00,357150,Puyehue-Cordon Caulle,VIIRS375,0.4256,7.83,1,muy baja,2026-10-05T18:06:10,mirova-archivo,1
2022-01-10T04:54:00,357150,Puyehue-Cordon Caulle,VIIRS375,0.3944,8.10,1,muy baja,2026-10-05T18:06:10,mirova-archivo,1
2022-01-10T05:42:00,357150,Puyehue-Cordon Caulle,VIIRS375,0.6501,7.83,1,muy baja,2026-10-05T18:06:10,mirova-archivo,1
2022-01-10T06:36:00,357150,Puyehue-Cordon Caulle,VIIRS375,0.08277,6.45,0,no volcanica,2026-10-05T18:06:10,mirova-archivo,0
2022-01-11T04:36:00,357150,Puyehue-Cordon Caulle,VIIRS375,0.1192,7.83,1,muy baja,2026-10-05T18:06:10,mirova-archivo,1
2022-01-11T05:24:00,357150,Puyehue-Cordon Caulle,VIIRS375,0.7105,8.10,1,muy baja,2026-10-05T18:06:10,mirova-archivo,1
2022-01-11T06:12:00,357150,Puyehue-Cordon Caulle,VIIRS375,0.634,7.83,1,muy baja,2026-10-05T18:06:10,mirova-archivo,1
2022-01-12T05:06:00,357150,Puyehue-Cordon Caulle,VIIRS375,0.9161,8.55,1,muy baja,2026-10-05T18:06:10,mirova-archivo,1
2022-01-12T05:54:00,357150,Puyehue-Cordon Caulle,VIIRS375,0.4766,7.73,1,muy baja,2026-10-05T18:06:10,mirova-archivo,1
2022-01-12T06:42:00,357150,Puyehue-Cordon Caulle,VIIRS375,0.282,7.73,1,muy baja,2026-10-05T18:06:10,mirova-archivo,1
2022-01-13T05:36:00,357150,Puyehue-Cordon Caulle,VIIRS375,0.6111,7.83,1,muy baja,2026-10-05T18:06:10,mirova-archivo,1
2022-01-15T05:48:00,357150,Puyehue-Cordon Caulle,VIIRS375,0.2018,7.65,1,muy baja,2026-10-05T18:06:10,mirova-archivo,1
2022-01-17T05:12:00,357150,Puyehue-Cordon Caulle,VIIRS375,0.4647,8.19,1,muy baja,2026-10-05T18:06:10,mirova-archivo,1
2022-01-17T06:00:00,357150,Puyehue-Cordon Caulle,VIIRS375,0.4131,8.02,1,muy baja,2026-10-05T18:06:10,mirova-archivo,1
2022-01-18T04:54:00,357150,Puyehue-Cordon Caulle,VIIRS375,0.3452,8.55,1,muy baja,2026-10-05T18:06:10,mirova-archivo,1
2022-01-18T05:42:00,357150,Puyehue-Cordon Caulle,VIIRS375,0.7643,8.10,1,muy baja,2026-10-05T18:06:10,mirova-archivo,1
2022-01-20T05:06:00,357150,Puyehue-Cordon Caulle,VIIRS375,0.4395,7.83,1,muy baja,2026-10-05T18:06:10,mirova-archivo,1
2022-01-20T05:54:00,357150,Puyehue-Cordon Caulle,VIIRS375,1.1,8.19,1,baja,2026-10-05T18:06:10,mirova-archivo,1
2022-01-22T06:06:00,357150,Puyehue-Cordon Caulle,VIIRS375,0.4575,8.02,1,muy baja,2026-10-05T18:06:10,mirova-archivo,1
2022-01-25T05:12:00,357150,Puyehue-Cordon Caulle,VIIRS375,0.9207,8.10,1,muy baja,2026-10-05T18:06:10,mirova-archivo,1
2022-01-25T06:00:00,357150,Puyehue-Cordon Caulle,VIIRS375,1.161,8.19,1,baja,2026-10-05T18:06:10,mirova-archivo,1
2022-01-26T04:54:00,357150,Puyehue-Cordon Caulle,VIIRS375,0.8641,8.19,1,muy baja,2026-10-05T18:06:10,mirova-archivo,1
2022-01-26T05:42:00,357150,Puyehue-Cordon Caulle,VIIRS375,0.7798,7.83,1,muy baja,2026-10-05T18:06:10,mirova-archivo,1
2022-01-26T06:36:00,357150,Puyehue-Cordon Caulle,VIIRS375,0.8971,8.02,1,muy baja,2026-10-05T18:06:10,mirova-archivo,1
2022-01-27T05:24:00,357150,Puyehue-Cordon Caulle,VIIRS375,0.713,8.10,1,muy baja,2026-10-05T18:06:10,mirova-archivo,1
2022-01-27T06:12:00,357150,Puyehue-Cordon Caulle,VIIRS375,0.4916,8.02,1,muy baja,2026-10-05T18:06:10,mirova-archivo,1
2022-01-28T05:06:00,357150,Puyehue-Cordon Caulle,VIIRS375,0.5669,8.19,1,muy baja,2026-10-05T18:06:10,mirova-archivo,1
2022-01-28T05:54:00,357150,Puyehue-Cordon Caulle,VIIRS375,0.8569,7.73,1,muy baja,2026-10-05T18:06:10,mirova-archivo,1
2022-01-29T04:48:00,357150,Puyehue-Cordon Caulle,VIIRS375,0.1179,8.30,1,muy baja,2026-10-05T18:06:10,mirova-archivo,1
2022-01-29T05:36:00,357150,Puyehue-Cordon Caulle,VIIRS375,0.9178,7.83,1,muy baja,2026-10-05T18:06:10,mirova-archivo,1
2022-01-29T06:24:00,357150,Puyehue-Cordon Caulle,VIIRS375,0.3741,8.10,1,muy baja,2026-10-05T18:06:10,mirova-archivo,1
2022-01-31T05:00:00,357150,Puyehue-Cordon Caulle,VIIRS375,0.2469,7.83,1,muy baja,2026-10-05T18:06:10,mirova-archivo,1
2022-01-31T05:48:00,357150,Puyehue-Cordon Caulle,VIIRS375,0.5539,8.10,1,muy baja,2026-10-05T18:06:10,mirova-archivo,1
2022-02-02T05:12:00,357150,Puyehue-Cordon Caulle,VIIRS375,0.3387,8.10,1,muy baja,2026-10-05T18:06:10,mirova-archivo,1
2022-02-02T06:00:00,357150,Puyehue-Cordon Caulle,VIIRS375,0.1982,7.73,1,muy baja,2026-10-05T18:06:10,mirova-archivo,1
2022-02-03T04:54:00,357150,Puyehue-Cordon Caulle,VIIRS375,0.4509,8.19,1,muy baja,2026-10-05T18:06:10,mirova-archivo,1
2022-02-03T05:42:00,357150,Puyehue-Cordon Caulle,VIIRS375,0.8498,8.02,1,muy baja,2026-10-05T18:06:10,mirova-archivo,1
2022-02-03T06:30:00,357150,Puyehue-Cordon Caulle,VIIRS375,0.3437,8.19,1,muy baja,2026-10-05T18:06:10,mirova-archivo,1
2022-02-04T05:24:00,357150,Puyehue-Cordon Caulle,VIIRS375,0.2663,8.10,1,muy baja,2026-10-05T18:06:10,mirova-archivo,1
2022-02-04T06:12:00,357150,Puyehue-Cordon Caulle,VIIRS375,0.0812,2.25,0,no volcanica,2026-10-05T18:06:10,mirova-archivo,0
2022-02-05T05:06:00,357150,Puyehue-Cordon Caulle,VIIRS375,0.5637,8.19,1,muy baja,2026-10-05T18:06:10,mirova-archivo,1
2022-02-05T05:54:00,357150,Puyehue-Cordon Caulle,VIIRS375,1.243,8.19,1,baja,2026-10-05T18:06:10,mirova-archivo,1
2022-02-06T04:48:00,357150,Puyehue-Cordon Caulle,VIIRS375,0.6412,8.46,1,muy baja,2026-10-05T18:06:10,mirova-archivo,1
2022-02-06T05:36:00,357150,Puyehue-Cordon Caulle,VIIRS375,1.329,8.19,1,baja,2026-10-05T18:06:10,mirova-archivo,1
2022-02-06T06:24:00,357150,Puyehue-Cordon Caulle,VIIRS375,0.9913,7.73,1,muy baja,2026-10-05T18:06:10,mirova-archivo,1
2022-02-07T04:30:00,357150,Puyehue-Cordon Caulle,VIIRS375,0.1561,8.19,1,muy baja,2026-10-05T18:06:10,mirova-archivo,1
2022-02-07T05:18:00,357150,Puyehue-Cordon Caulle,VIIRS375,0.6078,8.10,1,muy baja,2026-10-05T18:06:10,mirova-archivo,1
2022-02-07T06:06:00,357150,Puyehue-Cordon Caulle,VIIRS375,0.8861,7.83,1,muy baja,2026-10-05T18:06:10,mirova-archivo,1
2022-02-08T05:48:00,357150,Puyehue-Cordon Caulle,VIIRS375,0.5715,8.02,1,muy baja,2026-10-05T18:06:10,mirova-archivo,1
2022-02-08T06:36:00,357150,Puyehue-Cordon Caulle,VIIRS375,0.2027,7.65,1,muy baja,2026-10-05T18:06:10,mirova-archivo,1
2022-02-09T04:42:00,357150,Puyehue-Cordon Caulle,VIIRS375,0.577,8.91,1,muy baja,2026-10-05T18:06:10,mirova-archivo,1
2022-02-09T05:30:00,357150,Puyehue-Cordon Caulle,VIIRS375,1.029,8.02,1,baja,2026-10-05T18:06:10,mirova-archivo,1
2022-02-11T04:54:00,357150,Puyehue-Cordon Caulle,VIIRS375,0.4828,8.10,1,muy baja,2026-10-05T18:06:10,mirova-archivo,1
2022-02-11T05:42:00,357150,Puyehue-Cordon Caulle,VIIRS375,0.8446,8.19,1,muy baja,2026-10-05T18:06:10,mirova-archivo,1
2022-02-12T04:36:00,357150,Puyehue-Cordon Caulle,VIIRS375,0.1716,8.19,1,muy baja,2026-10-05T18:06:10,mirova-archivo,1
2022-02-12T05:24:00,357150,Puyehue-Cordon Caulle,VIIRS375,0.2628,7.83,1,muy baja,2026-10-05T18:06:10,mirova-archivo,1
2022-02-12T06:12:00,357150,Puyehue-Cordon Caulle,VIIRS375,0.7634,8.10,1,muy baja,2026-10-05T18:06:10,mirova-archivo,1
2022-02-13T05:06:00,357150,Puyehue-Cordon Caulle,VIIRS375,0.8306,8.19,1,muy baja,2026-10-05T18:06:10,mirova-archivo,1
2022-02-13T05:54:00,357150,Puyehue-Cordon Caulle,VIIRS375,0.9537,7.83,1,muy baja,2026-10-05T18:06:10,mirova-archivo,1
2022-02-13T06:48:00,357150,Puyehue-Cordon Caulle,VIIRS375,0.1907,8.02,1,muy baja,2026-10-05T18:06:10,mirova-archivo,1
2022-02-14T04:48:00,357150,Puyehue-Cordon Caulle,VIIRS375,0.3731,8.55,1,muy baja,2026-10-05T18:06:10,mirova-archivo,1
2022-02-14T05:36:00,357150,Puyehue-Cordon Caulle,VIIRS375,0.7175,7.73,1,muy baja,2026-10-05T18:06:10,mirova-archivo,1
2022-02-14T06:24:00,357150,Puyehue-Cordon Caulle,VIIRS375,0.09748,6.45,0,no volcanica,2026-10-05T18:06:10,mirova-archivo,0
2022-02-15T04:30:00,357150,Puyehue-Cordon Caulle,VIIRS375,0.3391,8.66,1,muy baja,2026-10-05T18:06:10,mirova-archivo,1
2022-02-15T05:18:00,357150,Puyehue-Cordon Caulle,VIIRS375,0.583,7.83,1,muy baja,2026-10-05T18:06:10,mirova-archivo,1
2022-02-15T06:06:00,357150,Puyehue-Cordon Caulle,VIIRS375,0.558,7.73,1,muy baja,2026-10-05T18:06:10,mirova-archivo,1
2022-02-17T04:42:00,357150,Puyehue-Cordon Caulle,VIIRS375,0.1561,7.73,1,muy baja,2026-10-05T18:06:10,mirova-archivo,1
2022-02-17T05:30:00,357150,Puyehue-Cordon Caulle,VIIRS375,1.231,8.10,1,baja,2026-10-05T18:06:10,mirova-archivo,1
2022-02-17T06:18:00,357150,Puyehue-Cordon Caulle,VIIRS375,0.6001,7.73,1,muy baja,2026-10-05T18:06:10,mirova-archivo,1
2022-02-18T05:12:00,357150,Puyehue-Cordon Caulle,VIIRS375,0.8785,8.46,1,muy baja,2026-10-05T18:06:10,mirova-archivo,1
2022-02-18T06:00:00,357150,Puyehue-Cordon Caulle,VIIRS375,0.7924,8.10,1,muy baja,2026-10-05T18:06:10,mirova-archivo,1
2022-02-19T04:54:00,357150,Puyehue-Cordon Caulle,VIIRS375,0.5265,8.55,1,muy baja,2026-10-05T18:06:10,mirova-archivo,1
2022-02-19T05:42:00,357150,Puyehue-Cordon Caulle,VIIRS375,0.7651,7.83,1,muy baja,2026-10-05T18:06:10,mirova-archivo,1
2022-02-22T05:36:00,357150,Puyehue-Cordon Caulle,VIIRS375,0.3103,8.10,1,muy baja,2026-10-05T18:06:10,mirova-archivo,1
2022-02-23T05:18:00,357150,Puyehue-Cordon Caulle,VIIRS375,0.6212,8.19,1,muy baja,2026-10-05T18:06:10,mirova-archivo,1
2022-02-23T06:06:00,357150,Puyehue-Cordon Caulle,VIIRS375,0.7259,7.73,1,muy baja,2026-10-05T18:06:10,mirova-archivo,1
2022-03-03T05:18:00,357150,Puyehue-Cordon Caulle,VIIRS375,0.2049,26.85,0,no volcanica,2026-10-05T18:06:10,mirova-archivo,0
2022-03-03T06:06:00,357150,Puyehue-Cordon Caulle,VIIRS375,0.6175,7.83,1,muy baja,2026-10-05T18:06:10,mirova-archivo,1
2022-03-04T05:48:00,357150,Puyehue-Cordon Caulle,VIIRS375,0.2205,7.73,1,muy baja,2026-10-05T18:06:10,mirova-archivo,1
2022-03-04T06:42:00,357150,Puyehue-Cordon Caulle,VIIRS375,0.07272,7.21,1,muy baja,2026-10-05T18:06:10,mirova-archivo,1
2022-03-06T13:40:00,357150,Puyehue-Cordon Caulle,MODIS,1.108,21.19,0,no volcanica,2026-10-05T18:06:10,mirova-archivo,0
2022-03-10T05:36:00,357150,Puyehue-Cordon Caulle,VIIRS375,0.7304,8.19,1,muy baja,2026-10-05T18:06:10,mirova-archivo,1
2022-03-11T04:30:00,357150,Puyehue-Cordon Caulle,VIIRS375,0.103,8.19,1,muy baja,2026-10-05T18:06:10,mirova-archivo,1
2022-03-11T05:18:00,357150,Puyehue-Cordon Caulle,VIIRS375,0.2987,8.10,1,muy baja,2026-10-05T18:06:10,mirova-archivo,1
2022-03-11T06:06:00,357150,Puyehue-Cordon Caulle,VIIRS375,0.5924,8.10,1,muy baja,2026-10-05T18:06:10,mirova-archivo,1
2022-03-12T05:00:00,357150,Puyehue-Cordon Caulle,VIIRS375,0.3507,8.55,1,muy baja,2026-10-05T18:06:10,mirova-archivo,1
2022-03-12T05:48:00,357150,Puyehue-Cordon Caulle,VIIRS375,1.043,21.05,0,no volcanica,2026-10-05T18:06:10,mirova-archivo,0
2022-03-12T06:42:00,357150,Puyehue-Cordon Caulle,VIIRS375,0.1331,7.73,1,muy baja,2026-10-05T18:06:10,mirova-archivo,1
2022-03-13T04:42:00,357150,Puyehue-Cordon Caulle,VIIRS375,0.2724,8.30,1,muy baja,2026-10-05T18:06:10,mirova-archivo,1
2022-03-13T05:30:00,357150,Puyehue-Cordon Caulle,VIIRS375,0.7382,8.02,1,muy baja,2026-10-05T18:06:10,mirova-archivo,1
2022-03-13T06:18:00,357150,Puyehue-Cordon Caulle,VIIRS375,1.086,8.19,1,baja,2026-10-05T18:06:10,mirova-archivo,1
2022-03-14T05:12:00,357150,Puyehue-Cordon Caulle,VIIRS375,0.1747,7.73,1,muy baja,2026-10-05T18:06:10,mirova-archivo,1
2022-03-14T06:00:00,357150,Puyehue-Cordon Caulle,VIIRS375,0.4238,7.73,1,muy baja,2026-10-05T18:06:10,mirova-archivo,1
2022-03-15T04:54:00,357150,Puyehue-Cordon Caulle,VIIRS375,0.472,8.10,1,muy baja,2026-10-05T18:06:10,mirova-archivo,1
2022-03-15T05:42:00,357150,Puyehue-Cordon Caulle,VIIRS375,0.6142,7.83,1,muy baja,2026-10-05T18:06:10,mirova-archivo,1
2022-03-15T06:36:00,357150,Puyehue-Cordon Caulle,VIIRS375,0.3553,7.65,1,muy baja,2026-10-05T18:06:10,mirova-archivo,1
2022-03-16T05:24:00,357150,Puyehue-Cordon Caulle,VIIRS375,0.3927,8.10,1,muy baja,2026-10-05T18:06:10,mirova-archivo,1
2022-03-16T06:12:00,357150,Puyehue-Cordon Caulle,VIIRS375,0.1152,7.73,1,muy baja,2026-10-05T18:06:10,mirova-archivo,1
2022-03-18T04:48:00,357150,Puyehue-Cordon Caulle,VIIRS375,0.6761,8.55,1,muy baja,2026-10-05T18:06:10,mirova-archivo,1
2022-03-18T05:36:00,357150,Puyehue-Cordon Caulle,VIIRS375,0.5572,7.83,1,muy baja,2026-10-05T18:06:10,mirova-archivo,1
2022-03-20T05:00:00,357150,Puyehue-Cordon Caulle,VIIRS375,0.1068,8.10,1,muy baja,2026-10-05T18:06:10,mirova-archivo,1
2022-03-20T05:48:00,357150,Puyehue-Cordon Caulle,VIIRS375,0.5766,8.10,1,muy baja,2026-10-05T18:06:10,mirova-archivo,1
2022-03-21T05:20:00,357150,Puyehue-Cordon Caulle,MODIS,0.403,1.41,0,no volcanica,2026-10-05T18:06:10,mirova-archivo,0
2022-03-22T06:00:00,357150,Puyehue-Cordon Caulle,VIIRS375,0.2346,7.73,1,muy baja,2026-10-05T18:06:10,mirova-archivo,1
2022-03-25T05:06:00,357150,Puyehue-Cordon Caulle,VIIRS375,0.6088,8.10,1,muy baja,2026-10-05T18:06:10,mirova-archivo,1
2022-03-25T05:54:00,357150,Puyehue-Cordon Caulle,VIIRS375,0.9662,8.39,1,muy baja,2026-10-05T18:06:10,mirova-archivo,1
2022-03-26T05:36:00,357150,Puyehue-Cordon Caulle,VIIRS375,1.007,8.19,1,baja,2026-10-05T18:06:10,mirova-archivo,1
2022-03-28T05:48:00,357150,Puyehue-Cordon Caulle,VIIRS375,0.402,7.73,1,muy baja,2026-10-05T18:06:10,mirova-archivo,1
2022-03-30T05:12:00,357150,Puyehue-Cordon Caulle,VIIRS375,0.2774,8.19,1,muy baja,2026-10-05T18:06:10,mirova-archivo,1
2022-03-30T06:00:00,357150,Puyehue-Cordon Caulle,VIIRS375,0.2376,7.73,1,muy baja,2026-10-05T18:06:10,mirova-archivo,1
2022-03-31T04:54:00,357150,Puyehue-Cordon Caulle,VIIRS375,0.7035,8.46,1,muy baja,2026-10-05T18:06:10,mirova-archivo,1
2022-03-31T05:42:00,357150,Puyehue-Cordon Caulle,VIIRS375,0.6639,8.19,1,muy baja,2026-10-05T18:06:10,mirova-archivo,1
2022-03-31T06:36:00,357150,Puyehue-Cordon Caulle,VIIRS375,0.5719,8.02,1,muy baja,2026-10-05T18:06:10,mirova-archivo,1
2022-04-02T05:06:00,357150,Puyehue-Cordon Caulle,VIIRS375,0.3692,8.55,1,muy baja,2026-10-05T18:06:10,mirova-archivo,1
2022-04-02T05:54:00,357150,Puyehue-Cordon Caulle,VIIRS375,0.5705,7.83,1,muy baja,2026-10-05T18:06:10,mirova-archivo,1
2022-04-06T05:30:00,357150,Puyehue-Cordon Caulle,VIIRS375,0.07289,7.83,1,muy baja,2026-10-05T18:06:10,mirova-archivo,1
2022-04-08T04:54:00,357150,Puyehue-Cordon Caulle,VIIRS375,0.5375,8.19,1,muy baja,2026-10-05T18:06:10,mirova-archivo,1
2022-04-08T05:42:00,357150,Puyehue-Cordon Caulle,VIIRS375,0.1937,7.65,0,no volcanica,2026-10-05T18:06:10,mirova-archivo,0
2022-04-08T06:36:00,357150,Puyehue-Cordon Caulle,VIIRS375,0.5176,8.10,1,muy baja,2026-10-05T18:06:10,mirova-archivo,1
2022-04-13T05:48:00,357150,Puyehue-Cordon Caulle,VIIRS375,0.2926,8.19,1,muy baja,2026-10-05T18:06:10,mirova-archivo,1
2022-04-14T04:42:00,357150,Puyehue-Cordon Caulle,VIIRS375,0.19,8.19,1,muy baja,2026-10-05T18:06:10,mirova-archivo,1
2022-04-14T05:30:00,357150,Puyehue-Cordon Caulle,VIIRS375,0.3466,7.73,1,muy baja,2026-10-05T18:06:10,mirova-archivo,1
2022-04-15T05:12:00,357150,Puyehue-Cordon Caulle,VIIRS375,0.6261,8.19,1,muy baja,2026-10-05T18:06:10,mirova-archivo,1
2022-04-15T06:00:00,357150,Puyehue-Cordon Caulle,VIIRS375,0.3873,8.02,1,muy baja,2026-10-05T18:06:10,mirova-archivo,1
2022-04-16T04:54:00,357150,Puyehue-Cordon Caulle,VIIRS375,0.3623,8.10,1,muy baja,2026-10-05T18:06:10,mirova-archivo,1
2022-04-16T05:42:00,357150,Puyehue-Cordon Caulle,VIIRS375,0.5275,7.83,1,muy baja,2026-10-05T18:06:10,mirova-archivo,1
2022-04-17T04:36:00,357150,Puyehue-Cordon Caulle,VIIRS375,0.08399,7.83,1,muy baja,2026-10-05T18:06:10,mirova-archivo,1
2022-04-17T05:24:00,357150,Puyehue-Cordon Caulle,VIIRS375,0.2779,7.83,1,muy baja,2026-10-05T18:06:10,mirova-archivo,1
2022-04-29T05:00:00,357150,Puyehue-Cordon Caulle,VIIRS375,0.1788,8.19,1,muy baja,2026-10-05T18:06:10,mirova-archivo,1
2022-04-29T05:48:00,357150,Puyehue-Cordon Caulle,VIIRS375,0.433,7.83,1,muy baja,2026-10-05T18:06:10,mirova-archivo,1
2022-04-29T06:42:00,357150,Puyehue-Cordon Caulle,VIIRS375,0.2153,7.73,1,muy baja,2026-10-05T18:06:10,mirova-archivo,1
2022-04-30T04:42:00,357150,Puyehue-Cordon Caulle,VIIRS375,0.2029,8.55,1,muy baja,2026-10-05T18:06:10,mirova-archivo,1
2022-04-30T05:30:00,357150,Puyehue-Cordon Caulle,VIIRS375,0.08187,7.65,1,muy baja,2026-10-05T18:06:10,mirova-archivo,1
2022-05-01T05:12:00,357150,Puyehue-Cordon Caulle,VIIRS375,0.03431,7.73,1,muy baja,2026-10-05T18:06:10,mirova-archivo,1
2022-05-01T06:00:00,357150,Puyehue-Cordon Caulle,VIIRS375,0.1169,7.83,1,muy baja,2026-10-05T18:06:10,mirova-archivo,1
2022-05-02T05:42:00,357150,Puyehue-Cordon Caulle,VIIRS375,0.2682,8.10,1,muy baja,2026-10-05T18:06:10,mirova-archivo,1
2022-05-03T05:24:00,357150,Puyehue-Cordon Caulle,VIIRS375,0.07564,7.73,1,muy baja,2026-10-05T18:06:10,mirova-archivo,1
2022-05-04T05:54:00,357150,Puyehue-Cordon Caulle,VIIRS375,0.07252,7.73,1,muy baja,2026-10-05T18:06:10,mirova-archivo,1
2022-05-06T05:18:00,357150,Puyehue-Cordon Caulle,VIIRS375,0.2509,8.19,1,muy baja,2026-10-05T18:06:10,mirova-archivo,1
2022-05-06T06:06:00,357150,Puyehue-Cordon Caulle,VIIRS375,0.3555,23.03,0,no volcanica,2026-10-05T18:06:10,mirova-archivo,0
2022-05-07T05:00:00,357150,Puyehue-Cordon Caulle,VIIRS375,0.1318,8.10,1,muy baja,2026-10-05T18:06:10,mirova-archivo,1
2022-05-07T05:48:00,357150,Puyehue-Cordon Caulle,VIIRS375,0.3902,7.73,1,muy baja,2026-10-05T18:06:10,mirova-archivo,1
2022-05-09T06:00:00,357150,Puyehue-Cordon Caulle,VIIRS375,0.2071,7.73,1,muy baja,2026-10-05T18:06:10,mirova-archivo,1
2022-05-10T04:54:00,357150,Puyehue-Cordon Caulle,VIIRS375,0.1706,8.55,1,muy baja,2026-10-05T18:06:10,mirova-archivo,1
2022-05-10T05:42:00,357150,Puyehue-Cordon Caulle,VIIRS375,0.7131,8.19,1,muy baja,2026-10-05T18:06:10,mirova-archivo,1
2022-05-11T06:12:00,357150,Puyehue-Cordon Caulle,VIIRS375,0.1918,8.19,1,muy baja,2026-10-05T18:06:10,mirova-archivo,1
2022-05-12T03:05:00,357150,Puyehue-Cordon Caulle,MODIS,0.5392,2.83,0,no volcanica,2026-10-05T18:06:10,mirova-archivo,0
2022-05-14T06:06:00,357150,Puyehue-Cordon Caulle,VIIRS375,0.2235,7.73,1,muy baja,2026-10-05T18:06:10,mirova-archivo,1
2022-05-15T05:48:00,357150,Puyehue-Cordon Caulle,VIIRS375,0.2457,7.65,1,muy baja,2026-10-05T18:06:10,mirova-archivo,1
2022-05-16T04:42:00,357150,Puyehue-Cordon Caulle,VIIRS375,0.06484,8.19,1,muy baja,2026-10-05T18:06:10,mirova-archivo,1
2022-05-16T05:30:00,357150,Puyehue-Cordon Caulle,VIIRS375,0.08829,7.73,1,muy baja,2026-10-05T18:06:10,mirova-archivo,1
2022-05-17T05:12:00,357150,Puyehue-Cordon Caulle,VIIRS375,0.2469,8.10,1,muy baja,2026-10-05T18:06:10,mirova-archivo,1
2022-05-18T04:54:00,357150,Puyehue-Cordon Caulle,VIIRS375,0.3093,8.10,1,muy baja,2026-10-05T18:06:10,mirova-archivo,1
2022-05-18T05:42:00,357150,Puyehue-Cordon Caulle,VIIRS375,0.6912,7.83,1,muy baja,2026-10-05T18:06:10,mirova-archivo,1
2022-05-18T06:30:00,357150,Puyehue-Cordon Caulle,VIIRS375,0.09727,7.58,1,muy baja,2026-10-05T18:06:10,mirova-archivo,1
2022-05-19T05:24:00,357150,Puyehue-Cordon Caulle,VIIRS375,0.1276,8.10,1,muy baja,2026-10-05T18:06:10,mirova-archivo,1
2022-05-23T05:48:00,357150,Puyehue-Cordon Caulle,VIIRS375,0.06171,7.65,1,muy baja,2026-10-05T18:06:10,mirova-archivo,1
2022-05-26T05:42:00,357150,Puyehue-Cordon Caulle,VIIRS375,0.5775,8.10,1,muy baja,2026-10-05T18:06:10,mirova-archivo,1
2022-05-26T06:36:00,357150,Puyehue-Cordon Caulle,VIIRS375,0.6414,8.10,1,muy baja,2026-10-05T18:06:10,mirova-archivo,1
2022-05-27T04:36:00,357150,Puyehue-Cordon Caulle,VIIRS375,0.3657,8.83,1,muy baja,2026-10-05T18:06:10,mirova-archivo,1
2022-05-27T05:24:00,357150,Puyehue-Cordon Caulle,VIIRS375,0.3846,7.83,1,muy baja,2026-10-05T18:06:10,mirova-archivo,1
2022-05-27T06:12:00,357150,Puyehue-Cordon Caulle,VIIRS375,0.6781,8.19,1,muy baja,2026-10-05T18:06:10,mirova-archivo,1
2022-05-28T05:54:00,357150,Puyehue-Cordon Caulle,VIIRS375,0.3809,8.10,1,muy baja,2026-10-05T18:06:10,mirova-archivo,1
2022-05-29T05:36:00,357150,Puyehue-Cordon Caulle,VIIRS375,0.2826,8.10,1,muy baja,2026-10-05T18:06:10,mirova-archivo,1
2022-05-30T05:18:00,357150,Puyehue-Cordon Caulle,VIIRS375,0.06973,7.83,1,muy baja,2026-10-05T18:06:10,mirova-archivo,1
2022-05-30T06:06:00,357150,Puyehue-Cordon Caulle,VIIRS375,0.2106,7.73,1,muy baja,2026-10-05T18:06:10,mirova-archivo,1
2022-05-31T05:00:00,357150,Puyehue-Cordon Caulle,VIIRS375,0.2867,8.30,1,muy baja,2026-10-05T18:06:10,mirova-archivo,1
2022-05-31T05:48:00,357150,Puyehue-Cordon Caulle,VIIRS375,0.8288,8.10,1,muy baja,2026-10-05T18:06:10,mirova-archivo,1
2022-05-31T06:42:00,357150,Puyehue-Cordon Caulle,VIIRS375,0.605,8.19,1,muy baja,2026-10-05T18:06:10,mirova-archivo,1
2022-06-01T04:42:00,357150,Puyehue-Cordon Caulle,VIIRS375,0.1769,8.55,1,muy baja,2026-10-05T18:06:10,mirova-archivo,1
2022-06-01T05:30:00,357150,Puyehue-Cordon Caulle,VIIRS375,0.7804,8.30,1,muy baja,2026-10-05T18:06:10,mirova-archivo,1
2022-06-02T05:12:00,357150,Puyehue-Cordon Caulle,VIIRS375,0.5997,8.19,1,muy baja,2026-10-05T18:06:10,mirova-archivo,1
2022-06-02T06:00:00,357150,Puyehue-Cordon Caulle,VIIRS375,0.4889,8.02,1,muy baja,2026-10-05T18:06:10,mirova-archivo,1
2022-06-05T05:06:00,357150,Puyehue-Cordon Caulle,VIIRS375,0.1034,7.83,1,muy baja,2026-10-05T18:06:10,mirova-archivo,1
2022-06-10T05:12:00,357150,Puyehue-Cordon Caulle,VIIRS375,0.3392,8.55,1,muy baja,2026-10-05T18:06:10,mirova-archivo,1
2022-06-10T06:00:00,357150,Puyehue-Cordon Caulle,VIIRS375,0.483,7.83,1,muy baja,2026-10-05T18:06:10,mirova-archivo,1
2022-06-11T04:54:00,357150,Puyehue-Cordon Caulle,VIIRS375,0.109,7.83,1,muy baja,2026-10-05T18:06:10,mirova-archivo,1
2022-06-11T05:42:00,357150,Puyehue-Cordon Caulle,VIIRS375,0.3343,7.83,1,muy baja,2026-10-05T18:06:10,mirova-archivo,1
2022-06-12T04:36:00,357150,Puyehue-Cordon Caulle,VIIRS375,0.1176,8.30,1,muy baja,2026-10-05T18:06:10,mirova-archivo,1
2022-06-12T05:24:00,357150,Puyehue-Cordon Caulle,VIIRS375,0.5782,12.58,0,no volcanica,2026-10-05T18:06:10,mirova-archivo,0
2022-06-12T06:12:00,357150,Puyehue-Cordon Caulle,VIIRS375,0.3482,8.19,1,muy baja,2026-10-05T18:06:10,mirova-archivo,1
2022-06-18T05:12:00,357150,Puyehue-Cordon Caulle,VIIRS375,0.08003,7.73,1,muy baja,2026-10-05T18:06:10,mirova-archivo,1
2022-06-21T05:54:00,357150,Puyehue-Cordon Caulle,VIIRS375,0.1025,7.65,1,muy baja,2026-10-05T18:06:10,mirova-archivo,1
2022-06-22T05:36:00,357150,Puyehue-Cordon Caulle,VIIRS375,0.2122,8.19,1,muy baja,2026-10-05T18:06:10,mirova-archivo,1
2022-06-23T06:06:00,357150,Puyehue-Cordon Caulle,VIIRS375,0.212,7.73,1,muy baja,2026-10-05T18:06:10,mirova-archivo,1
2022-06-24T05:48:00,357150,Puyehue-Cordon Caulle,VIIRS375,0.06317,7.65,1,muy baja,2026-10-05T18:06:10,mirova-archivo,1
2022-06-25T14:35:00,357150,Puyehue-Cordon Caulle,MODIS,2.037,2.83,0,no volcanica,2026-10-05T18:06:10,mirova-archivo,0
2022-06-26T05:12:00,357150,Puyehue-Cordon Caulle,VIIRS375,0.504,8.19,1,muy baja,2026-10-05T18:06:10,mirova-archivo,1
2022-06-26T06:00:00,357150,Puyehue-Cordon Caulle,VIIRS375,0.7001,7.83,1,muy baja,2026-10-05T18:06:10,mirova-archivo,1
2022-06-30T04:48:00,357150,Puyehue-Cordon Caulle,VIIRS375,0.0546,7.83,1,muy baja,2026-10-05T18:06:10,mirova-archivo,1
2022-06-30T05:36:00,357150,Puyehue-Cordon Caulle,VIIRS375,0.07103,7.73,1,muy baja,2026-10-05T18:06:10,mirova-archivo,1
2022-07-01T05:18:00,357150,Puyehue-Cordon Caulle,VIIRS375,0.1286,16.71,0,no volcanica,2026-10-05T18:06:10,mirova-archivo,0
2022-07-08T05:36:00,357150,Puyehue-Cordon Caulle,VIIRS375,0.3399,8.39,1,muy baja,2026-10-05T18:06:10,mirova-archivo,1
2022-07-14T04:36:00,357150,Puyehue-Cordon Caulle,VIIRS375,0.1278,8.91,1,muy baja,2026-10-05T18:06:10,mirova-archivo,1
2022-07-14T05:24:00,357150,Puyehue-Cordon Caulle,VIIRS375,0.689,8.55,1,muy baja,2026-10-05T18:06:10,mirova-archivo,1
2022-07-14T06:12:00,357150,Puyehue-Cordon Caulle,VIIRS375,0.09226,7.73,1,muy baja,2026-10-05T18:06:10,mirova-archivo,1
2022-07-15T05:06:00,357150,Puyehue-Cordon Caulle,VIIRS375,0.1514,8.10,1,muy baja,2026-10-05T18:06:10,mirova-archivo,1
2022-07-15T05:54:00,357150,Puyehue-Cordon Caulle,VIIRS375,0.127,7.83,1,muy baja,2026-10-05T18:06:10,mirova-archivo,1
2022-07-16T04:48:00,357150,Puyehue-Cordon Caulle,VIIRS375,0.2739,8.30,1,muy baja,2026-10-05T18:06:10,mirova-archivo,1
2022-07-16T05:36:00,357150,Puyehue-Cordon Caulle,VIIRS375,0.6097,8.10,1,muy baja,2026-10-05T18:06:10,mirova-archivo,1
2022-07-19T04:42:00,357150,Puyehue-Cordon Caulle,VIIRS375,0.2385,8.55,1,muy baja,2026-10-05T18:06:10,mirova-archivo,1
2022-07-19T05:30:00,357150,Puyehue-Cordon Caulle,VIIRS375,0.1004,7.73,1,muy baja,2026-10-05T18:06:10,mirova-archivo,1
2022-07-19T06:18:00,357150,Puyehue-Cordon Caulle,VIIRS375,0.1405,7.83,1,muy baja,2026-10-05T18:06:10,mirova-archivo,1
2022-07-27T05:30:00,357150,Puyehue-Cordon Caulle,VIIRS375,0.3482,8.19,1,muy baja,2026-10-05T18:06:10,mirova-archivo,1
2022-07-29T04:54:00,357150,Puyehue-Cordon Caulle,VIIRS375,0.1038,8.19,1,muy baja,2026-10-05T18:06:10,mirova-archivo,1
2022-07-30T04:36:00,357150,Puyehue-Cordon Caulle,VIIRS375,0.03719,8.19,1,muy baja,2026-10-05T18:06:10,mirova-archivo,1
2022-07-30T06:12:00,357150,Puyehue-Cordon Caulle,VIIRS375,0.1043,7.83,1,muy baja,2026-10-05T18:06:10,mirova-archivo,1
2022-07-31T05:54:00,357150,Puyehue-Cordon Caulle,VIIRS375,0.7964,9.13,1,muy baja,2026-10-05T18:06:10,mirova-archivo,1
2022-08-01T05:36:00,357150,Puyehue-Cordon Caulle,VIIRS375,0.4207,8.19,1,muy baja,2026-10-05T18:06:10,mirova-archivo,1
2022-08-02T05:18:00,357150,Puyehue-Cordon Caulle,VIIRS375,0.1284,8.19,1,muy baja,2026-10-05T18:06:10,mirova-archivo,1
2022-08-03T05:00:00,357150,Puyehue-Cordon Caulle,VIIRS375,0.2901,8.55,1,muy baja,2026-10-05T18:06:10,mirova-archivo,1
2022-08-06T05:42:00,357150,Puyehue-Cordon Caulle,VIIRS375,0.1152,7.73,1,muy baja,2026-10-05T18:06:10,mirova-archivo,1
2022-08-09T06:24:00,357150,Puyehue-Cordon Caulle,VIIRS375,0.454,8.19,1,muy baja,2026-10-05T18:06:10,mirova-archivo,1
2022-08-10T06:06:00,357150,Puyehue-Cordon Caulle,VIIRS375,1.019,8.19,1,baja,2026-10-05T18:06:10,mirova-archivo,1
2022-08-19T05:48:00,357150,Puyehue-Cordon Caulle,VIIRS375,0.1396,7.73,1,muy baja,2026-10-05T18:06:10,mirova-archivo,1
2022-08-20T04:42:00,357150,Puyehue-Cordon Caulle,VIIRS375,0.4937,8.55,1,muy baja,2026-10-05T18:06:10,mirova-archivo,1
2022-08-20T05:30:00,357150,Puyehue-Cordon Caulle,VIIRS375,0.4435,7.83,1,muy baja,2026-10-05T18:06:10,mirova-archivo,1
2022-08-20T06:18:00,357150,Puyehue-Cordon Caulle,VIIRS375,0.8217,8.19,1,muy baja,2026-10-05T18:06:10,mirova-archivo,1
2022-08-21T05:12:00,357150,Puyehue-Cordon Caulle,VIIRS375,0.259,7.83,1,muy baja,2026-10-05T18:06:10,mirova-archivo,1
2022-08-21T06:00:00,357150,Puyehue-Cordon Caulle,VIIRS375,0.5115,8.19,1,muy baja,2026-10-05T18:06:10,mirova-archivo,1
2022-08-21T06:54:00,357150,Puyehue-Cordon Caulle,VIIRS375,0.2924,7.73,1,muy baja,2026-10-05T18:06:10,mirova-archivo,1
2022-08-22T04:54:00,357150,Puyehue-Cordon Caulle,VIIRS375,0.5805,8.55,1,muy baja,2026-10-05T18:06:10,mirova-archivo,1
2022-08-22T05:42:00,357150,Puyehue-Cordon Caulle,VIIRS375,1.389,8.39,1,baja,2026-10-05T18:06:10,mirova-archivo,1
2022-08-22T06:36:00,357150,Puyehue-Cordon Caulle,VIIRS375,1.056,8.19,1,baja,2026-10-05T18:06:10,mirova-archivo,1
2022-08-24T05:06:00,357150,Puyehue-Cordon Caulle,VIIRS375,0.3332,8.19,1,muy baja,2026-10-05T18:06:10,mirova-archivo,1
2022-08-24T05:54:00,357150,Puyehue-Cordon Caulle,VIIRS375,0.8507,8.19,1,muy baja,2026-10-05T18:06:10,mirova-archivo,1
2022-08-25T04:48:00,357150,Puyehue-Cordon Caulle,VIIRS375,0.3471,8.46,1,muy baja,2026-10-05T18:06:10,mirova-archivo,1
2022-08-27T05:48:00,357150,Puyehue-Cordon Caulle,VIIRS375,0.1266,7.73,1,muy baja,2026-10-05T18:06:10,mirova-archivo,1
2022-08-28T04:42:00,357150,Puyehue-Cordon Caulle,VIIRS375,0.276,8.19,1,muy baja,2026-10-05T18:06:10,mirova-archivo,1
2022-08-28T05:30:00,357150,Puyehue-Cordon Caulle,VIIRS375,1.099,8.30,1,baja,2026-10-05T18:06:10,mirova-archivo,1
2022-08-28T06:24:00,357150,Puyehue-Cordon Caulle,VIIRS375,0.7628,8.19,1,muy baja,2026-10-05T18:06:10,mirova-archivo,1
2022-08-29T05:12:00,357150,Puyehue-Cordon Caulle,VIIRS375,1.906,8.55,1,baja,2026-10-05T18:06:10,mirova-archivo,1
2022-08-29T06:00:00,357150,Puyehue-Cordon Caulle,VIIRS375,1.156,8.10,1,baja,2026-10-05T18:06:10,mirova-archivo,1
2022-08-29T06:54:00,357150,Puyehue-Cordon Caulle,VIIRS375,0.3037,8.19,1,muy baja,2026-10-05T18:06:10,mirova-archivo,1
2022-08-30T04:54:00,357150,Puyehue-Cordon Caulle,VIIRS375,0.8033,8.66,1,muy baja,2026-10-05T18:06:10,mirova-archivo,1
2022-08-30T05:42:00,357150,Puyehue-Cordon Caulle,VIIRS375,0.9166,8.39,1,muy baja,2026-10-05T18:06:10,mirova-archivo,1
2022-08-30T06:30:00,357150,Puyehue-Cordon Caulle,VIIRS375,0.04177,8.19,1,muy baja,2026-10-05T18:06:10,mirova-archivo,1
2022-08-31T06:12:00,357150,Puyehue-Cordon Caulle,VIIRS375,1.44,8.75,1,baja,2026-10-05T18:06:10,mirova-archivo,1
2022-09-01T05:54:00,357150,Puyehue-Cordon Caulle,VIIRS375,0.1388,7.83,1,muy baja,2026-10-05T18:06:10,mirova-archivo,1
2022-09-02T04:48:00,357150,Puyehue-Cordon Caulle,VIIRS375,0.156,8.10,1,muy baja,2026-10-05T18:06:10,mirova-archivo,1
2022-09-02T05:36:00,357150,Puyehue-Cordon Caulle,VIIRS375,0.3522,7.83,1,muy baja,2026-10-05T18:06:10,mirova-archivo,1
2022-09-02T06:30:00,357150,Puyehue-Cordon Caulle,VIIRS375,0.5677,7.83,1,muy baja,2026-10-05T18:06:10,mirova-archivo,1
2022-09-03T04:30:00,357150,Puyehue-Cordon Caulle,VIIRS375,0.7666,8.55,1,muy baja,2026-10-05T18:06:10,mirova-archivo,1
2022-09-03T05:18:00,357150,Puyehue-Cordon Caulle,VIIRS375,0.9098,8.30,1,muy baja,2026-10-05T18:06:10,mirova-archivo,1
2022-09-03T06:06:00,357150,Puyehue-Cordon Caulle,VIIRS375,0.8022,8.19,1,muy baja,2026-10-05T18:06:10,mirova-archivo,1
2022-09-04T05:00:00,357150,Puyehue-Cordon Caulle,VIIRS375,0.4126,8.19,1,muy baja,2026-10-05T18:06:10,mirova-archivo,1
2022-09-04T05:48:00,357150,Puyehue-Cordon Caulle,VIIRS375,0.8465,8.19,1,muy baja,2026-10-05T18:06:10,mirova-archivo,1
2022-09-04T06:42:00,357150,Puyehue-Cordon Caulle,VIIRS375,0.9212,8.19,1,muy baja,2026-10-05T18:06:10,mirova-archivo,1
2022-09-05T04:42:00,357150,Puyehue-Cordon Caulle,VIIRS375,0.5516,8.55,1,muy baja,2026-10-05T18:06:10,mirova-archivo,1
2022-09-05T05:30:00,357150,Puyehue-Cordon Caulle,VIIRS375,0.691,8.10,1,muy baja,2026-10-05T18:06:10,mirova-archivo,1
2022-09-05T06:18:00,357150,Puyehue-Cordon Caulle,VIIRS375,1.028,8.55,1,baja,2026-10-05T18:06:10,mirova-archivo,1
2022-09-06T05:12:00,357150,Puyehue-Cordon Caulle,VIIRS375,0.1945,8.10,1,muy baja,2026-10-05T18:06:10,mirova-archivo,1
2022-09-06T06:00:00,357150,Puyehue-Cordon Caulle,VIIRS375,0.4758,8.19,1,muy baja,2026-10-05T18:06:10,mirova-archivo,1
2022-09-09T05:06:00,357150,Puyehue-Cordon Caulle,VIIRS375,0.1184,7.73,1,muy baja,2026-10-05T18:06:10,mirova-archivo,1
2022-09-09T05:54:00,357150,Puyehue-Cordon Caulle,VIIRS375,0.09822,7.73,1,muy baja,2026-10-05T18:06:10,mirova-archivo,1
2022-09-10T04:48:00,357150,Puyehue-Cordon Caulle,VIIRS375,0.6808,8.66,1,muy baja,2026-10-05T18:06:10,mirova-archivo,1
2022-09-10T05:36:00,357150,Puyehue-Cordon Caulle,VIIRS375,0.8551,8.19,1,muy baja,2026-10-05T18:06:10,mirova-archivo,1
2022-09-10T06:24:00,357150,Puyehue-Cordon Caulle,VIIRS375,0.6719,8.19,1,muy baja,2026-10-05T18:06:10,mirova-archivo,1
2022-09-11T05:18:00,357150,Puyehue-Cordon Caulle,VIIRS375,0.4774,8.19,1,muy baja,2026-10-05T18:06:10,mirova-archivo,1
2022-09-11T06:06:00,357150,Puyehue-Cordon Caulle,VIIRS375,0.1192,2.62,0,no volcanica,2026-10-05T18:06:10,mirova-archivo,0
2022-09-13T05:30:00,357150,Puyehue-Cordon Caulle,VIIRS375,0.417,8.46,1,muy baja,2026-10-05T18:06:10,mirova-archivo,1
2022-09-19T05:18:00,357150,Puyehue-Cordon Caulle,VIIRS375,0.3495,18.83,0,no volcanica,2026-10-05T18:06:10,mirova-archivo,0
2022-09-20T05:00:00,357150,Puyehue-Cordon Caulle,VIIRS375,0.329,8.46,1,muy baja,2026-10-05T18:06:10,mirova-archivo,1
2022-09-20T05:48:00,357150,Puyehue-Cordon Caulle,VIIRS375,0.5171,7.83,1,muy baja,2026-10-05T18:06:10,mirova-archivo,1
2022-09-20T06:42:00,357150,Puyehue-Cordon Caulle,VIIRS375,0.1427,8.19,1,muy baja,2026-10-05T18:06:10,mirova-archivo,1
2022-09-22T14:25:00,357150,Puyehue-Cordon Caulle,MODIS,0.5109,2.24,0,no volcanica,2026-10-05T18:06:10,mirova-archivo,0
2022-09-24T04:36:00,357150,Puyehue-Cordon Caulle,VIIRS375,0.03445,8.30,1,muy baja,2026-10-05T18:06:10,mirova-archivo,1
2022-09-24T05:24:00,357150,Puyehue-Cordon Caulle,VIIRS375,0.2226,8.30,1,muy baja,2026-10-05T18:06:10,mirova-archivo,1
2022-09-24T06:18:00,357150,Puyehue-Cordon Caulle,VIIRS375,0.959,8.10,1,muy baja,2026-10-05T18:06:10,mirova-archivo,1
2022-09-27T04:30:00,357150,Puyehue-Cordon Caulle,VIIRS375,0.2046,8.91,1,muy baja,2026-10-05T18:06:10,mirova-archivo,1
2022-09-27T05:18:00,357150,Puyehue-Cordon Caulle,VIIRS375,0.8948,8.19,1,muy baja,2026-10-05T18:06:10,mirova-archivo,1
2022-09-27T06:06:00,357150,Puyehue-Cordon Caulle,VIIRS375,0.4387,8.19,1,muy baja,2026-10-05T18:06:10,mirova-archivo,1
2022-09-28T05:00:00,357150,Puyehue-Cordon Caulle,VIIRS375,0.2132,8.19,1,muy baja,2026-10-05T18:06:10,mirova-archivo,1
2022-09-28T05:48:00,357150,Puyehue-Cordon Caulle,VIIRS375,0.2994,7.73,1,muy baja,2026-10-05T18:06:10,mirova-archivo,1
2022-09-29T04:42:00,357150,Puyehue-Cordon Caulle,VIIRS375,0.4853,8.46,1,muy baja,2026-10-05T18:06:10,mirova-archivo,1
2022-09-29T05:30:00,357150,Puyehue-Cordon Caulle,VIIRS375,1.512,8.83,1,baja,2026-10-05T18:06:10,mirova-archivo,1
2022-09-29T06:24:00,357150,Puyehue-Cordon Caulle,VIIRS375,0.893,7.83,1,muy baja,2026-10-05T18:06:10,mirova-archivo,1
2022-09-30T05:12:00,357150,Puyehue-Cordon Caulle,VIIRS375,1.678,8.83,1,baja,2026-10-05T18:06:10,mirova-archivo,1
2022-09-30T06:00:00,357150,Puyehue-Cordon Caulle,VIIRS375,1.034,8.19,1,baja,2026-10-05T18:06:10,mirova-archivo,1
2022-10-01T04:54:00,357150,Puyehue-Cordon Caulle,VIIRS375,0.4211,8.55,1,muy baja,2026-10-05T18:06:10,mirova-archivo,1
2022-10-01T05:42:00,357150,Puyehue-Cordon Caulle,VIIRS375,1.321,8.30,1,baja,2026-10-05T18:06:10,mirova-archivo,1
2022-10-03T05:06:00,357150,Puyehue-Cordon Caulle,VIIRS375,0.7122,8.55,1,muy baja,2026-10-05T18:06:10,mirova-archivo,1
2022-10-03T05:54:00,357150,Puyehue-Cordon Caulle,VIIRS375,0.3402,8.19,1,muy baja,2026-10-05T18:06:10,mirova-archivo,1
2022-10-09T04:54:00,357150,Puyehue-Cordon Caulle,VIIRS375,0.2019,8.19,1,muy baja,2026-10-05T18:06:10,mirova-archivo,1
2022-10-09T05:42:00,357150,Puyehue-Cordon Caulle,VIIRS375,0.22,7.83,1,muy baja,2026-10-05T18:06:10,mirova-archivo,1
2022-10-09T06:36:00,357150,Puyehue-Cordon Caulle,VIIRS375,0.2838,7.83,1,muy baja,2026-10-05T18:06:10,mirova-archivo,1
2022-10-10T04:36:00,357150,Puyehue-Cordon Caulle,VIIRS375,0.6215,8.30,1,muy baja,2026-10-05T18:06:10,mirova-archivo,1
2022-10-10T05:24:00,357150,Puyehue-Cordon Caulle,VIIRS375,0.7542,8.10,1,muy baja,2026-10-05T18:06:10,mirova-archivo,1
2022-10-10T06:18:00,357150,Puyehue-Cordon Caulle,VIIRS375,0.7665,7.95,1,muy baja,2026-10-05T18:06:10,mirova-archivo,1
2022-10-11T05:06:00,357150,Puyehue-Cordon Caulle,VIIRS375,0.8934,8.55,1,muy baja,2026-10-05T18:06:10,mirova-archivo,1
2022-10-11T05:54:00,357150,Puyehue-Cordon Caulle,VIIRS375,0.7453,8.02,1,muy baja,2026-10-05T18:06:10,mirova-archivo,1
2022-10-11T06:48:00,357150,Puyehue-Cordon Caulle,VIIRS375,0.07084,7.83,1,muy baja,2026-10-05T18:06:10,mirova-archivo,1
2022-10-14T05:48:00,357150,Puyehue-Cordon Caulle,VIIRS375,0.07994,7.73,1,muy baja,2026-10-05T18:06:10,mirova-archivo,1
2022-10-15T04:42:00,357150,Puyehue-Cordon Caulle,VIIRS375,0.304,8.19,1,muy baja,2026-10-05T18:06:10,mirova-archivo,1
2022-10-15T05:30:00,357150,Puyehue-Cordon Caulle,VIIRS375,1.128,8.46,1,baja,2026-10-05T18:06:10,mirova-archivo,1
2022-10-15T06:24:00,357150,Puyehue-Cordon Caulle,VIIRS375,1.129,8.10,1,baja,2026-10-05T18:06:10,mirova-archivo,1
2022-10-16T05:12:00,357150,Puyehue-Cordon Caulle,VIIRS375,1.168,8.55,1,baja,2026-10-05T18:06:10,mirova-archivo,1
2022-10-16T06:00:00,357150,Puyehue-Cordon Caulle,VIIRS375,1.57,8.39,1,baja,2026-10-05T18:06:10,mirova-archivo,1
2022-10-16T06:54:00,357150,Puyehue-Cordon Caulle,VIIRS375,0.1335,7.73,1,muy baja,2026-10-05T18:06:10,mirova-archivo,1
2022-10-18T04:36:00,357150,Puyehue-Cordon Caulle,VIIRS375,0.2099,8.66,1,muy baja,2026-10-05T18:06:10,mirova-archivo,1
2022-10-18T05:24:00,357150,Puyehue-Cordon Caulle,VIIRS375,0.7291,8.30,1,muy baja,2026-10-05T18:06:10,mirova-archivo,1
2022-10-18T06:12:00,357150,Puyehue-Cordon Caulle,VIIRS375,0.9651,8.19,1,muy baja,2026-10-05T18:06:10,mirova-archivo,1
2022-10-19T05:06:00,357150,Puyehue-Cordon Caulle,VIIRS375,0.4646,8.10,1,muy baja,2026-10-05T18:06:10,mirova-archivo,1
2022-10-19T05:54:00,357150,Puyehue-Cordon Caulle,VIIRS375,0.2595,7.83,1,muy baja,2026-10-05T18:06:10,mirova-archivo,1
2022-10-21T05:18:00,357150,Puyehue-Cordon Caulle,VIIRS375,0.2695,8.83,1,muy baja,2026-10-05T18:06:10,mirova-archivo,1
2022-10-22T05:00:00,357150,Puyehue-Cordon Caulle,VIIRS375,0.7875,8.55,1,muy baja,2026-10-05T18:06:10,mirova-archivo,1
2022-10-22T05:48:00,357150,Puyehue-Cordon Caulle,VIIRS375,0.955,8.30,1,muy baja,2026-10-05T18:06:10,mirova-archivo,1
2022-10-22T06:42:00,357150,Puyehue-Cordon Caulle,VIIRS375,1.347,8.55,1,baja,2026-10-05T18:06:10,mirova-archivo,1
2022-10-23T05:30:00,357150,Puyehue-Cordon Caulle,VIIRS375,0.1672,8.10,1,muy baja,2026-10-05T18:06:10,mirova-archivo,1
2022-10-23T06:18:00,357150,Puyehue-Cordon Caulle,VIIRS375,0.6984,8.19,1,muy baja,2026-10-05T18:06:10,mirova-archivo,1
2022-10-26T06:18:00,357150,Puyehue-Cordon Caulle,VIIRS375,1.8,22.91,0,no volcanica,2026-10-05T18:06:10,mirova-archivo,0
2022-10-27T05:06:00,357150,Puyehue-Cordon Caulle,VIIRS375,0.421,8.46,1,muy baja,2026-10-05T18:06:10,mirova-archivo,1
2022-10-27T05:54:00,357150,Puyehue-Cordon Caulle,VIIRS375,0.3121,7.73,1,muy baja,2026-10-05T18:06:10,mirova-archivo,1
2022-10-27T06:48:00,357150,Puyehue-Cordon Caulle,VIIRS375,0.157,7.73,1,muy baja,2026-10-05T18:06:10,mirova-archivo,1
2022-10-31T05:30:00,357150,Puyehue-Cordon Caulle,VIIRS375,1.134,8.46,1,baja,2026-10-05T18:06:10,mirova-archivo,1
2022-10-31T06:24:00,357150,Puyehue-Cordon Caulle,VIIRS375,0.323,7.73,1,muy baja,2026-10-05T18:06:10,mirova-archivo,1
2022-11-01T05:12:00,357150,Puyehue-Cordon Caulle,VIIRS375,0.3213,8.19,1,muy baja,2026-10-05T18:06:10,mirova-archivo,1
2022-11-01T06:00:00,357150,Puyehue-Cordon Caulle,VIIRS375,0.5253,7.83,1,muy baja,2026-10-05T18:06:10,mirova-archivo,1
2022-11-02T04:54:00,357150,Puyehue-Cordon Caulle,VIIRS375,0.3061,8.55,1,muy baja,2026-10-05T18:06:10,mirova-archivo,1
2022-11-02T05:42:00,357150,Puyehue-Cordon Caulle,VIIRS375,0.6474,7.83,1,muy baja,2026-10-05T18:06:10,mirova-archivo,1
2022-11-03T04:36:00,357150,Puyehue-Cordon Caulle,VIIRS375,0.2009,8.66,1,muy baja,2026-10-05T18:06:10,mirova-archivo,1
2022-11-03T05:24:00,357150,Puyehue-Cordon Caulle,VIIRS375,0.6289,8.10,1,muy baja,2026-10-05T18:06:10,mirova-archivo,1
2022-11-03T06:12:00,357150,Puyehue-Cordon Caulle,VIIRS375,0.5614,7.83,1,muy baja,2026-10-05T18:06:10,mirova-archivo,1
2022-11-04T05:06:00,357150,Puyehue-Cordon Caulle,VIIRS375,1.227,8.19,1,baja,2026-10-05T18:06:10,mirova-archivo,1
2022-11-04T05:54:00,357150,Puyehue-Cordon Caulle,VIIRS375,1.716,8.19,1,baja,2026-10-05T18:06:10,mirova-archivo,1
2022-11-04T06:48:00,357150,Puyehue-Cordon Caulle,VIIRS375,0.04551,7.37,1,muy baja,2026-10-05T18:06:10,mirova-archivo,1
2022-11-06T05:18:00,357150,Puyehue-Cordon Caulle,VIIRS375,0.8761,8.55,1,muy baja,2026-10-05T18:06:10,mirova-archivo,1
2022-11-06T06:06:00,357150,Puyehue-Cordon Caulle,VIIRS375,1.1,8.19,1,baja,2026-10-05T18:06:10,mirova-archivo,1
2022-11-07T05:48:00,357150,Puyehue-Cordon Caulle,VIIRS375,2.325,23.85,0,fuera de radio,2026-10-05T18:06:10,mirova-archivo,1
2022-11-07T06:42:00,357150,Puyehue-Cordon Caulle,VIIRS375,0.09406,7.73,1,muy baja,2026-10-05T18:06:10,mirova-archivo,1
2022-11-08T04:42:00,357150,Puyehue-Cordon Caulle,VIIRS375,0.5188,8.91,1,muy baja,2026-10-05T18:06:10,mirova-archivo,1
2022-11-08T05:30:00,357150,Puyehue-Cordon Caulle,VIIRS375,0.1321,8.10,1,muy baja,2026-10-05T18:06:10,mirova-archivo,1
2022-11-08T06:18:00,357150,Puyehue-Cordon Caulle,VIIRS375,1.351,8.19,1,baja,2026-10-05T18:06:10,mirova-archivo,1
2022-11-09T05:12:00,357150,Puyehue-Cordon Caulle,VIIRS375,1.28,8.46,1,baja,2026-10-05T18:06:10,mirova-archivo,1
2022-11-09T06:00:00,357150,Puyehue-Cordon Caulle,VIIRS375,1.047,8.02,1,baja,2026-10-05T18:06:10,mirova-archivo,1
2022-11-09T06:54:00,357150,Puyehue-Cordon Caulle,VIIRS375,0.2802,8.19,1,muy baja,2026-10-05T18:06:10,mirova-archivo,1
2022-11-10T05:42:00,357150,Puyehue-Cordon Caulle,VIIRS375,0.1546,6.24,0,no volcanica,2026-10-05T18:06:10,mirova-archivo,0
2022-11-17T05:12:00,357150,Puyehue-Cordon Caulle,VIIRS375,0.7395,8.83,1,muy baja,2026-10-05T18:06:10,mirova-archivo,1
2022-11-17T06:00:00,357150,Puyehue-Cordon Caulle,VIIRS375,0.7452,7.83,1,muy baja,2026-10-05T18:06:10,mirova-archivo,1
2022-11-18T04:54:00,357150,Puyehue-Cordon Caulle,VIIRS375,0.1786,8.55,1,muy baja,2026-10-05T18:06:10,mirova-archivo,1
2022-11-19T05:24:00,357150,Puyehue-Cordon Caulle,VIIRS375,0.05846,7.73,1,muy baja,2026-10-05T18:06:10,mirova-archivo,1
2022-11-20T05:06:00,357150,Puyehue-Cordon Caulle,VIIRS375,0.3136,8.10,1,muy baja,2026-10-05T18:06:10,mirova-archivo,1
2022-11-20T05:54:00,357150,Puyehue-Cordon Caulle,VIIRS375,0.7454,8.19,1,muy baja,2026-10-05T18:06:10,mirova-archivo,1
2022-11-21T04:48:00,357150,Puyehue-Cordon Caulle,VIIRS375,1.235,8.83,1,baja,2026-10-05T18:06:10,mirova-archivo,1
2022-11-21T05:36:00,357150,Puyehue-Cordon Caulle,VIIRS375,1.493,8.46,1,baja,2026-10-05T18:06:10,mirova-archivo,1
2022-11-21T06:30:00,357150,Puyehue-Cordon Caulle,VIIRS375,1.379,8.02,1,baja,2026-10-05T18:06:10,mirova-archivo,1
2022-11-22T04:30:00,357150,Puyehue-Cordon Caulle,VIIRS375,0.7478,8.55,1,muy baja,2026-10-05T18:06:10,mirova-archivo,1
2022-11-22T05:18:00,357150,Puyehue-Cordon Caulle,VIIRS375,0.8435,8.55,1,muy baja,2026-10-05T18:06:10,mirova-archivo,1
2022-11-22T06:06:00,357150,Puyehue-Cordon Caulle,VIIRS375,0.6458,7.83,1,muy baja,2026-10-05T18:06:10,mirova-archivo,1
2022-11-25T05:12:00,357150,Puyehue-Cordon Caulle,VIIRS375,0.8844,8.10,1,muy baja,2026-10-05T18:06:10,mirova-archivo,1
2022-11-25T06:00:00,357150,Puyehue-Cordon Caulle,VIIRS375,0.6769,7.83,1,muy baja,2026-10-05T18:06:10,mirova-archivo,1
2022-11-26T04:54:00,357150,Puyehue-Cordon Caulle,VIIRS375,0.6652,8.46,1,muy baja,2026-10-05T18:06:10,mirova-archivo,1
2022-11-26T05:42:00,357150,Puyehue-Cordon Caulle,VIIRS375,1.004,7.83,1,baja,2026-10-05T18:06:10,mirova-archivo,1
2022-11-26T06:36:00,357150,Puyehue-Cordon Caulle,VIIRS375,0.1377,7.65,1,muy baja,2026-10-05T18:06:10,mirova-archivo,1
2022-11-27T05:24:00,357150,Puyehue-Cordon Caulle,VIIRS375,0.5167,8.19,1,muy baja,2026-10-05T18:06:10,mirova-archivo,1
2022-11-28T05:06:00,357150,Puyehue-Cordon Caulle,VIIRS375,0.8161,8.30,1,muy baja,2026-10-05T18:06:10,mirova-archivo,1
2022-11-28T05:54:00,357150,Puyehue-Cordon Caulle,VIIRS375,1.498,8.39,1,baja,2026-10-05T18:06:10,mirova-archivo,1
2022-11-28T06:48:00,357150,Puyehue-Cordon Caulle,VIIRS375,0.07721,7.83,1,muy baja,2026-10-05T18:06:10,mirova-archivo,1
2022-11-29T04:48:00,357150,Puyehue-Cordon Caulle,VIIRS375,0.8593,8.66,1,muy baja,2026-10-05T18:06:10,mirova-archivo,1
2022-11-29T05:36:00,357150,Puyehue-Cordon Caulle,VIIRS375,1.505,8.39,1,baja,2026-10-05T18:06:10,mirova-archivo,1
2022-11-29T06:24:00,357150,Puyehue-Cordon Caulle,VIIRS375,0.4274,7.73,1,muy baja,2026-10-05T18:06:10,mirova-archivo,1
2022-11-30T05:18:00,357150,Puyehue-Cordon Caulle,VIIRS375,0.115,7.83,1,muy baja,2026-10-05T18:06:10,mirova-archivo,1
2022-12-01T05:00:00,357150,Puyehue-Cordon Caulle,VIIRS375,0.889,8.46,1,muy baja,2026-10-05T18:06:10,mirova-archivo,1
2022-12-01T05:48:00,357150,Puyehue-Cordon Caulle,VIIRS375,1.87,8.83,1,baja,2026-10-05T18:06:10,mirova-archivo,1
2022-12-01T06:42:00,357150,Puyehue-Cordon Caulle,VIIRS375,1.033,8.02,1,baja,2026-10-05T18:06:10,mirova-archivo,1
2022-12-02T04:42:00,357150,Puyehue-Cordon Caulle,VIIRS375,1.151,8.66,1,baja,2026-10-05T18:06:10,mirova-archivo,1
2022-12-04T04:54:00,357150,Puyehue-Cordon Caulle,VIIRS375,0.4441,8.66,1,muy baja,2026-10-05T18:06:10,mirova-archivo,1
2022-12-05T05:24:00,357150,Puyehue-Cordon Caulle,VIIRS375,1.37,8.46,1,baja,2026-10-05T18:06:10,mirova-archivo,1
2022-12-05T06:12:00,357150,Puyehue-Cordon Caulle,VIIRS375,1.455,8.19,1,baja,2026-10-05T18:06:10,mirova-archivo,1
2022-12-06T05:06:00,357150,Puyehue-Cordon Caulle,VIIRS375,0.1494,7.73,1,muy baja,2026-10-05T18:06:10,mirova-archivo,1
2022-12-06T05:54:00,357150,Puyehue-Cordon Caulle,VIIRS375,0.2598,7.83,1,muy baja,2026-10-05T18:06:10,mirova-archivo,1
2022-12-07T04:48:00,357150,Puyehue-Cordon Caulle,VIIRS375,1.033,8.55,1,baja,2026-10-05T18:06:10,mirova-archivo,1
2022-12-07T05:36:00,357150,Puyehue-Cordon Caulle,VIIRS375,1.703,8.83,1,baja,2026-10-05T18:06:10,mirova-archivo,1
2022-12-07T06:30:00,357150,Puyehue-Cordon Caulle,VIIRS375,1.075,8.19,1,baja,2026-10-05T18:06:10,mirova-archivo,1
2022-12-07T14:55:00,357150,Puyehue-Cordon Caulle,MODIS,0.8969,23.09,0,no volcanica,2026-10-05T18:06:10,mirova-archivo,0
2022-12-13T05:24:00,357150,Puyehue-Cordon Caulle,VIIRS375,0.5967,8.10,1,muy baja,2026-10-05T18:06:10,mirova-archivo,1
2022-12-14T05:54:00,357150,Puyehue-Cordon Caulle,VIIRS375,0.8774,8.83,1,muy baja,2026-10-05T18:06:10,mirova-archivo,1
2022-12-14T06:48:00,357150,Puyehue-Cordon Caulle,VIIRS375,0.05942,7.83,1,muy baja,2026-10-05T18:06:10,mirova-archivo,1
2022-12-15T05:36:00,357150,Puyehue-Cordon Caulle,VIIRS375,1.067,8.39,1,baja,2026-10-05T18:06:10,mirova-archivo,1
2022-12-15T06:24:00,357150,Puyehue-Cordon Caulle,VIIRS375,1.079,8.46,1,baja,2026-10-05T18:06:10,mirova-archivo,1
2022-12-16T04:30:00,357150,Puyehue-Cordon Caulle,VIIRS375,0.8687,9.02,1,muy baja,2026-10-05T18:06:10,mirova-archivo,1
2022-12-16T05:18:00,357150,Puyehue-Cordon Caulle,VIIRS375,1.315,8.19,1,baja,2026-10-05T18:06:10,mirova-archivo,1
2022-12-16T06:06:00,357150,Puyehue-Cordon Caulle,VIIRS375,1.192,8.19,1,baja,2026-10-05T18:06:10,mirova-archivo,1
2022-12-17T05:48:00,357150,Puyehue-Cordon Caulle,VIIRS375,0.5471,8.10,1,muy baja,2026-10-05T18:06:10,mirova-archivo,1
2022-12-18T05:30:00,357150,Puyehue-Cordon Caulle,VIIRS375,0.5712,8.30,1,muy baja,2026-10-05T18:06:10,mirova-archivo,1
2022-12-18T06:24:00,357150,Puyehue-Cordon Caulle,VIIRS375,0.05183,2.25,0,no volcanica,2026-10-05T18:06:10,mirova-archivo,0
2022-12-24T05:18:00,357150,Puyehue-Cordon Caulle,VIIRS375,0.772,8.30,1,muy baja,2026-10-05T18:06:10,mirova-archivo,1
2022-12-25T05:00:00,357150,Puyehue-Cordon Caulle,VIIRS375,0.1386,7.73,1,muy baja,2026-10-05T18:06:10,mirova-archivo,1
2022-12-25T05:48:00,357150,Puyehue-Cordon Caulle,VIIRS375,0.7527,7.83,1,muy baja,2026-10-05T18:06:10,mirova-archivo,1
2022-12-26T04:42:00,357150,Puyehue-Cordon Caulle,VIIRS375,1.068,8.66,1,baja,2026-10-05T18:06:10,mirova-archivo,1
2022-12-26T05:30:00,357150,Puyehue-Cordon Caulle,VIIRS375,0.9277,7.83,1,muy baja,2026-10-05T18:06:10,mirova-archivo,1
2022-12-26T06:18:00,357150,Puyehue-Cordon Caulle,VIIRS375,1.291,8.30,1,baja,2026-10-05T18:06:10,mirova-archivo,1
2022-12-27T05:12:00,357150,Puyehue-Cordon Caulle,VIIRS375,0.2119,7.83,1,muy baja,2026-10-05T18:06:10,mirova-archivo,1
2022-12-27T06:00:00,357150,Puyehue-Cordon Caulle,VIIRS375,0.1015,7.65,1,muy baja,2026-10-05T18:06:10,mirova-archivo,1
2022-12-27T06:54:00,357150,Puyehue-Cordon Caulle,VIIRS375,0.05792,8.02,1,muy baja,2026-10-05T18:06:10,mirova-archivo,1
2022-12-28T04:54:00,357150,Puyehue-Cordon Caulle,VIIRS375,0.5703,8.19,1,muy baja,2026-10-05T18:06:10,mirova-archivo,1
2022-12-28T05:42:00,357150,Puyehue-Cordon Caulle,VIIRS375,0.4694,7.83,1,muy baja,2026-10-05T18:06:10,mirova-archivo,1
2022-12-29T05:24:00,357150,Puyehue-Cordon Caulle,VIIRS375,0.3681,7.83,1,muy baja,2026-10-05T18:06:10,mirova-archivo,1
2022-12-29T06:18:00,357150,Puyehue-Cordon Caulle,VIIRS375,0.4371,7.73,1,muy baja,2026-10-05T18:06:10,mirova-archivo,1
2022-12-30T05:06:00,357150,Puyehue-Cordon Caulle,VIIRS375,0.1128,7.73,1,muy baja,2026-10-05T18:06:10,mirova-archivo,1
2022-12-30T05:54:00,357150,Puyehue-Cordon Caulle,VIIRS375,0.4439,7.83,1,muy baja,2026-10-05T18:06:10,mirova-archivo,1
2022-12-30T18:10:00,357150,Puyehue-Cordon Caulle,MODIS,0.6424,18.44,0,no volcanica,2026-10-05T18:06:10,mirova-archivo,0
2022-12-31T04:48:00,357150,Puyehue-Cordon Caulle,VIIRS375,0.6535,8.55,1,muy baja,2026-10-05T18:06:10,mirova-archivo,1
2022-12-31T05:36:00,357150,Puyehue-Cordon Caulle,VIIRS375,0.7915,7.83,1,muy baja,2026-10-05T18:06:10,mirova-archivo,1
2022-12-31T06:24:00,357150,Puyehue-Cordon Caulle,VIIRS375,0.2865,8.02,1,muy baja,2026-10-05T18:06:10,mirova-archivo,1
2023-01-04T05:12:00,357150,Puyehue-Cordon Caulle,VIIRS375,0.4008,8.10,1,muy baja,2026-10-05T18:06:10,mirova-archivo,1
2023-01-04T06:54:00,357150,Puyehue-Cordon Caulle,VIIRS375,0.1668,8.10,1,muy baja,2026-10-05T18:06:10,mirova-archivo,1
2023-01-05T04:54:00,357150,Puyehue-Cordon Caulle,VIIRS375,0.7694,8.55,1,muy baja,2026-10-05T18:06:10,mirova-archivo,1
2023-01-05T05:42:00,357150,Puyehue-Cordon Caulle,VIIRS375,0.8439,7.83,1,muy baja,2026-10-05T18:06:10,mirova-archivo,1
2023-01-05T06:30:00,357150,Puyehue-Cordon Caulle,VIIRS375,0.9062,8.02,1,muy baja,2026-10-05T18:06:10,mirova-archivo,1
2023-01-06T04:36:00,357150,Puyehue-Cordon Caulle,VIIRS375,0.6404,8.66,1,muy baja,2026-10-05T18:06:10,mirova-archivo,1
2023-01-06T05:24:00,357150,Puyehue-Cordon Caulle,VIIRS375,1.085,8.19,1,baja,2026-10-05T18:06:10,mirova-archivo,1
2023-01-06T06:12:00,357150,Puyehue-Cordon Caulle,VIIRS375,0.6737,7.83,1,muy baja,2026-10-05T18:06:10,mirova-archivo,1
2023-01-07T05:06:00,357150,Puyehue-Cordon Caulle,VIIRS375,0.1926,7.83,1,muy baja,2026-10-05T18:06:10,mirova-archivo,1
2023-01-07T05:54:00,357150,Puyehue-Cordon Caulle,VIIRS375,0.8129,8.10,1,muy baja,2026-10-05T18:06:10,mirova-archivo,1
2023-01-07T06:48:00,357150,Puyehue-Cordon Caulle,VIIRS375,0.7079,8.10,1,muy baja,2026-10-05T18:06:10,mirova-archivo,1
2023-01-09T05:18:00,357150,Puyehue-Cordon Caulle,VIIRS375,0.9275,8.30,1,muy baja,2026-10-05T18:06:10,mirova-archivo,1
2023-01-09T06:12:00,357150,Puyehue-Cordon Caulle,VIIRS375,0.9039,7.83,1,muy baja,2026-10-05T18:06:10,mirova-archivo,1
2023-01-10T06:42:00,357150,Puyehue-Cordon Caulle,VIIRS375,0.04368,3.46,0,no volcanica,2026-10-05T18:06:10,mirova-archivo,0
2023-01-12T05:12:00,357150,Puyehue-Cordon Caulle,VIIRS375,0.09652,7.73,1,muy baja,2026-10-05T18:06:10,mirova-archivo,1
2023-01-13T04:54:00,357150,Puyehue-Cordon Caulle,VIIRS375,0.6318,8.46,1,muy baja,2026-10-05T18:06:10,mirova-archivo,1
2023-01-13T05:42:00,357150,Puyehue-Cordon Caulle,VIIRS375,1.131,8.19,1,baja,2026-10-05T18:06:10,mirova-archivo,1
2023-01-13T06:36:00,357150,Puyehue-Cordon Caulle,VIIRS375,0.07032,6.76,0,no volcanica,2026-10-05T18:06:10,mirova-archivo,0
2023-01-14T05:24:00,357150,Puyehue-Cordon Caulle,VIIRS375,0.432,8.19,1,muy baja,2026-10-05T18:06:10,mirova-archivo,1
2023-01-14T06:18:00,357150,Puyehue-Cordon Caulle,VIIRS375,0.09809,7.83,1,muy baja,2026-10-05T18:06:10,mirova-archivo,1
2023-01-15T05:06:00,357150,Puyehue-Cordon Caulle,VIIRS375,1.002,8.19,1,baja,2026-10-05T18:06:10,mirova-archivo,1
2023-01-15T05:54:00,357150,Puyehue-Cordon Caulle,VIIRS375,1.614,8.19,1,baja,2026-10-05T18:06:10,mirova-archivo,1
2023-01-15T06:48:00,357150,Puyehue-Cordon Caulle,VIIRS375,0.3729,8.10,1,muy baja,2026-10-05T18:06:10,mirova-archivo,1
2023-01-16T04:48:00,357150,Puyehue-Cordon Caulle,VIIRS375,1.273,8.91,1,baja,2026-10-05T18:06:10,mirova-archivo,1
2023-01-16T05:36:00,357150,Puyehue-Cordon Caulle,VIIRS375,1.539,8.39,1,baja,2026-10-05T18:06:10,mirova-archivo,1
2023-01-16T06:24:00,357150,Puyehue-Cordon Caulle,VIIRS375,1.656,8.19,1,baja,2026-10-05T18:06:10,mirova-archivo,1
2023-01-17T06:06:00,357150,Puyehue-Cordon Caulle,VIIRS375,1.682,8.75,1,baja,2026-10-05T18:06:10,mirova-archivo,1
2023-01-18T05:00:00,357150,Puyehue-Cordon Caulle,VIIRS375,0.6642,8.10,1,muy baja,2026-10-05T18:06:10,mirova-archivo,1
2023-01-18T05:48:00,357150,Puyehue-Cordon Caulle,VIIRS375,1.444,8.39,1,baja,2026-10-05T18:06:10,mirova-archivo,1
2023-01-18T06:42:00,357150,Puyehue-Cordon Caulle,VIIRS375,0.9094,8.10,1,muy baja,2026-10-05T18:06:10,mirova-archivo,1
2023-01-19T04:42:00,357150,Puyehue-Cordon Caulle,VIIRS375,0.661,8.46,1,muy baja,2026-10-05T18:06:10,mirova-archivo,1
2023-01-19T05:30:00,357150,Puyehue-Cordon Caulle,VIIRS375,0.8284,8.10,1,muy baja,2026-10-05T18:06:10,mirova-archivo,1
2023-01-19T06:24:00,357150,Puyehue-Cordon Caulle,VIIRS375,0.4804,7.65,1,muy baja,2026-10-05T18:06:10,mirova-archivo,1
2023-01-21T05:42:00,357150,Puyehue-Cordon Caulle,VIIRS375,0.1111,7.65,1,muy baja,2026-10-05T18:06:10,mirova-archivo,1
2023-01-22T05:24:00,357150,Puyehue-Cordon Caulle,VIIRS375,0.4173,7.73,1,muy baja,2026-10-05T18:06:10,mirova-archivo,1
2023-01-23T05:06:00,357150,Puyehue-Cordon Caulle,VIIRS375,0.2632,7.83,1,muy baja,2026-10-05T18:06:10,mirova-archivo,1
2023-01-23T05:54:00,357150,Puyehue-Cordon Caulle,VIIRS375,1.376,8.19,1,baja,2026-10-05T18:06:10,mirova-archivo,1
2023-01-23T06:48:00,357150,Puyehue-Cordon Caulle,VIIRS375,0.5541,7.83,1,muy baja,2026-10-05T18:06:10,mirova-archivo,1
2023-01-25T05:18:00,357150,Puyehue-Cordon Caulle,VIIRS375,0.4048,8.19,1,muy baja,2026-10-05T18:06:10,mirova-archivo,1
2023-01-25T06:12:00,357150,Puyehue-Cordon Caulle,VIIRS375,0.1129,7.65,1,muy baja,2026-10-05T18:06:10,mirova-archivo,1
2023-01-27T05:30:00,357150,Puyehue-Cordon Caulle,VIIRS375,0.9629,8.19,1,muy baja,2026-10-05T18:06:10,mirova-archivo,1
2023-01-27T06:18:00,357150,Puyehue-Cordon Caulle,VIIRS375,0.523,7.83,1,muy baja,2026-10-05T18:06:10,mirova-archivo,1
2023-01-28T05:12:00,357150,Puyehue-Cordon Caulle,VIIRS375,0.6064,8.10,1,muy baja,2026-10-05T18:06:10,mirova-archivo,1
2023-01-28T06:00:00,357150,Puyehue-Cordon Caulle,VIIRS375,0.3661,7.83,1,muy baja,2026-10-05T18:06:10,mirova-archivo,1
2023-01-29T04:54:00,357150,Puyehue-Cordon Caulle,VIIRS375,0.9017,8.19,1,muy baja,2026-10-05T18:06:10,mirova-archivo,1
2023-01-29T05:42:00,357150,Puyehue-Cordon Caulle,VIIRS375,1.351,8.19,1,baja,2026-10-05T18:06:10,mirova-archivo,1
2023-01-29T06:36:00,357150,Puyehue-Cordon Caulle,VIIRS375,0.3482,7.65,1,muy baja,2026-10-05T18:06:10,mirova-archivo,1
2023-01-30T04:36:00,357150,Puyehue-Cordon Caulle,VIIRS375,0.3378,8.10,1,muy baja,2026-10-05T18:06:10,mirova-archivo,1
2023-01-30T05:24:00,357150,Puyehue-Cordon Caulle,VIIRS375,0.1761,7.83,1,muy baja,2026-10-05T18:06:10,mirova-archivo,1
2023-01-30T06:18:00,357150,Puyehue-Cordon Caulle,VIIRS375,0.5272,7.83,1,muy baja,2026-10-05T18:06:10,mirova-archivo,1
2023-01-31T05:06:00,357150,Puyehue-Cordon Caulle,VIIRS375,0.4409,8.55,1,muy baja,2026-10-05T18:06:10,mirova-archivo,1
2023-02-01T04:48:00,357150,Puyehue-Cordon Caulle,VIIRS375,0.5476,8.30,1,muy baja,2026-10-05T18:06:10,mirova-archivo,1
2023-02-01T05:36:00,357150,Puyehue-Cordon Caulle,VIIRS375,0.7419,7.83,1,muy baja,2026-10-05T18:06:10,mirova-archivo,1
2023-02-01T06:24:00,357150,Puyehue-Cordon Caulle,VIIRS375,0.7372,8.10,1,muy baja,2026-10-05T18:06:10,mirova-archivo,1
2023-02-02T06:06:00,357150,Puyehue-Cordon Caulle,VIIRS375,0.7026,8.19,1,muy baja,2026-10-05T18:06:10,mirova-archivo,1
2023-02-03T05:48:00,357150,Puyehue-Cordon Caulle,VIIRS375,0.5186,7.83,1,muy baja,2026-10-05T18:06:10,mirova-archivo,1
2023-02-03T06:42:00,357150,Puyehue-Cordon Caulle,VIIRS375,0.2342,7.65,1,muy baja,2026-10-05T18:06:10,mirova-archivo,1
2023-02-04T05:30:00,357150,Puyehue-Cordon Caulle,VIIRS375,0.3508,7.73,1,muy baja,2026-10-05T18:06:10,mirova-archivo,1
2023-02-04T06:24:00,357150,Puyehue-Cordon Caulle,VIIRS375,0.166,7.65,1,muy baja,2026-10-05T18:06:10,mirova-archivo,1
2023-02-05T05:12:00,357150,Puyehue-Cordon Caulle,VIIRS375,0.2745,8.19,1,muy baja,2026-10-05T18:06:10,mirova-archivo,1
2023-02-06T04:54:00,357150,Puyehue-Cordon Caulle,VIIRS375,0.592,8.19,1,muy baja,2026-10-05T18:06:10,mirova-archivo,1
2023-02-06T05:42:00,357150,Puyehue-Cordon Caulle,VIIRS375,1.082,8.10,1,baja,2026-10-05T18:06:10,mirova-archivo,1
2023-02-07T05:24:00,357150,Puyehue-Cordon Caulle,VIIRS375,0.9757,8.10,1,muy baja,2026-10-05T18:06:10,mirova-archivo,1
2023-02-07T06:12:00,357150,Puyehue-Cordon Caulle,VIIRS375,0.4101,7.73,1,muy baja,2026-10-05T18:06:10,mirova-archivo,1
2023-02-08T05:06:00,357150,Puyehue-Cordon Caulle,VIIRS375,0.6662,8.19,1,muy baja,2026-10-05T18:06:10,mirova-archivo,1
2023-02-08T05:54:00,357150,Puyehue-Cordon Caulle,VIIRS375,1.091,8.19,1,baja,2026-10-05T18:06:10,mirova-archivo,1
2023-02-09T06:30:00,357150,Puyehue-Cordon Caulle,VIIRS375,0.1256,7.28,1,muy baja,2026-10-05T18:06:10,mirova-archivo,1
2023-02-11T05:00:00,357150,Puyehue-Cordon Caulle,VIIRS375,0.4592,8.19,1,muy baja,2026-10-05T18:06:10,mirova-archivo,1
2023-02-11T05:48:00,357150,Puyehue-Cordon Caulle,VIIRS375,0.936,7.83,1,muy baja,2026-10-05T18:06:10,mirova-archivo,1
2023-02-13T06:00:00,357150,Puyehue-Cordon Caulle,VIIRS375,0.276,7.83,1,muy baja,2026-10-05T18:06:10,mirova-archivo,1
2023-02-17T04:48:00,357150,Puyehue-Cordon Caulle,VIIRS375,0.1903,8.55,1,muy baja,2026-10-05T18:06:10,mirova-archivo,1
2023-02-17T05:36:00,357150,Puyehue-Cordon Caulle,VIIRS375,0.2022,7.83,1,muy baja,2026-10-05T18:06:10,mirova-archivo,1
2023-02-17T06:24:00,357150,Puyehue-Cordon Caulle,VIIRS375,0.2202,8.10,1,muy baja,2026-10-05T18:06:10,mirova-archivo,1
2023-02-18T05:18:00,357150,Puyehue-Cordon Caulle,VIIRS375,0.5949,7.83,1,muy baja,2026-10-05T18:06:10,mirova-archivo,1
2023-02-18T06:06:00,357150,Puyehue-Cordon Caulle,VIIRS375,1.044,8.19,1,baja,2026-10-05T18:06:10,mirova-archivo,1
2023-02-19T05:00:00,357150,Puyehue-Cordon Caulle,VIIRS375,0.118,7.83,1,muy baja,2026-10-05T18:06:10,mirova-archivo,1
2023-02-19T05:48:00,357150,Puyehue-Cordon Caulle,VIIRS375,0.8373,8.10,1,muy baja,2026-10-05T18:06:10,mirova-archivo,1
2023-02-20T04:42:00,357150,Puyehue-Cordon Caulle,VIIRS375,0.2126,8.30,1,muy baja,2026-10-05T18:06:10,mirova-archivo,1
2023-02-20T05:30:00,357150,Puyehue-Cordon Caulle,VIIRS375,1.142,8.19,1,baja,2026-10-05T18:06:10,mirova-archivo,1
2023-02-20T06:24:00,357150,Puyehue-Cordon Caulle,VIIRS375,1.056,8.02,1,baja,2026-10-05T18:06:10,mirova-archivo,1
2023-02-21T05:12:00,357150,Puyehue-Cordon Caulle,VIIRS375,0.6549,8.19,1,muy baja,2026-10-05T18:06:10,mirova-archivo,1
2023-02-21T06:06:00,357150,Puyehue-Cordon Caulle,VIIRS375,0.2749,7.65,1,muy baja,2026-10-05T18:06:10,mirova-archivo,1
2023-02-22T04:54:00,357150,Puyehue-Cordon Caulle,VIIRS375,0.3086,8.55,1,muy baja,2026-10-05T18:06:10,mirova-archivo,1
2023-02-22T05:42:00,357150,Puyehue-Cordon Caulle,VIIRS375,0.5675,7.83,1,muy baja,2026-10-05T18:06:10,mirova-archivo,1
2023-02-23T05:24:00,357150,Puyehue-Cordon Caulle,VIIRS375,0.1602,7.83,1,muy baja,2026-10-05T18:06:10,mirova-archivo,1
2023-02-24T05:06:00,357150,Puyehue-Cordon Caulle,VIIRS375,1.255,8.19,1,baja,2026-10-05T18:06:10,mirova-archivo,1
2023-02-24T05:54:00,357150,Puyehue-Cordon Caulle,VIIRS375,1.072,8.19,1,baja,2026-10-05T18:06:10,mirova-archivo,1
2023-02-26T06:12:00,357150,Puyehue-Cordon Caulle,VIIRS375,0.5713,8.39,1,muy baja,2026-10-05T18:06:10,mirova-archivo,1
2023-02-27T05:48:00,357150,Puyehue-Cordon Caulle,VIIRS375,1.266,8.10,1,baja,2026-10-05T18:06:10,mirova-archivo,1
2023-02-28T04:42:00,357150,Puyehue-Cordon Caulle,VIIRS375,0.7557,8.55,1,muy baja,2026-10-05T18:06:10,mirova-archivo,1
2023-02-28T05:30:00,357150,Puyehue-Cordon Caulle,VIIRS375,0.6006,7.83,1,muy baja,2026-10-05T18:06:10,mirova-archivo,1
2023-02-28T06:18:00,357150,Puyehue-Cordon Caulle,VIIRS375,0.3252,7.73,1,muy baja,2026-10-05T18:06:10,mirova-archivo,1
2023-03-03T04:36:00,357150,Puyehue-Cordon Caulle,VIIRS375,0.3973,8.19,1,muy baja,2026-10-05T18:06:10,mirova-archivo,1
2023-03-03T05:24:00,357150,Puyehue-Cordon Caulle,VIIRS375,0.9394,8.19,1,muy baja,2026-10-05T18:06:10,mirova-archivo,1
2023-03-03T06:18:00,357150,Puyehue-Cordon Caulle,VIIRS375,1.142,8.19,1,baja,2026-10-05T18:06:10,mirova-archivo,1
2023-03-04T05:06:00,357150,Puyehue-Cordon Caulle,VIIRS375,0.9585,8.19,1,muy baja,2026-10-05T18:06:10,mirova-archivo,1
2023-03-05T05:36:00,357150,Puyehue-Cordon Caulle,VIIRS375,1.275,8.10,1,baja,2026-10-05T18:06:10,mirova-archivo,1
2023-03-11T05:24:00,357150,Puyehue-Cordon Caulle,VIIRS375,0.4038,7.83,1,muy baja,2026-10-05T18:06:10,mirova-archivo,1
2023-03-11T06:12:00,357150,Puyehue-Cordon Caulle,VIIRS375,0.3505,7.73,1,muy baja,2026-10-05T18:06:10,mirova-archivo,1
2023-03-18T05:42:00,357150,Puyehue-Cordon Caulle,VIIRS375,0.1978,6.76,0,no volcanica,2026-10-05T18:06:10,mirova-archivo,0
2023-03-19T04:36:00,357150,Puyehue-Cordon Caulle,VIIRS375,0.7567,8.55,1,muy baja,2026-10-05T18:06:10,mirova-archivo,1
2023-03-19T05:24:00,357150,Puyehue-Cordon Caulle,VIIRS375,0.8513,8.19,1,muy baja,2026-10-05T18:06:10,mirova-archivo,1
2023-03-19T06:18:00,357150,Puyehue-Cordon Caulle,VIIRS375,0.6562,8.19,1,muy baja,2026-10-05T18:06:10,mirova-archivo,1
2023-03-20T05:06:00,357150,Puyehue-Cordon Caulle,VIIRS375,1.393,8.66,1,baja,2026-10-05T18:06:10,mirova-archivo,1
2023-03-20T06:00:00,357150,Puyehue-Cordon Caulle,VIIRS375,0.9739,7.83,1,muy baja,2026-10-05T18:06:10,mirova-archivo,1
2023-03-20T06:48:00,357150,Puyehue-Cordon Caulle,VIIRS375,0.267,8.10,1,muy baja,2026-10-05T18:06:10,mirova-archivo,1
2023-03-22T04:30:00,357150,Puyehue-Cordon Caulle,VIIRS375,0.9214,8.66,1,muy baja,2026-10-05T18:06:10,mirova-archivo,1
2023-03-22T05:18:00,357150,Puyehue-Cordon Caulle,VIIRS375,0.5767,8.19,1,muy baja,2026-10-05T18:06:10,mirova-archivo,1
2023-03-22T06:06:00,357150,Puyehue-Cordon Caulle,VIIRS375,1.194,8.19,1,baja,2026-10-05T18:06:10,mirova-archivo,1
2023-03-23T05:00:00,357150,Puyehue-Cordon Caulle,VIIRS375,0.6332,8.19,1,muy baja,2026-10-05T18:06:10,mirova-archivo,1
2023-03-23T05:48:00,357150,Puyehue-Cordon Caulle,VIIRS375,0.983,8.19,1,muy baja,2026-10-05T18:06:10,mirova-archivo,1
2023-03-23T06:42:00,357150,Puyehue-Cordon Caulle,VIIRS375,0.1751,7.65,1,muy baja,2026-10-05T18:06:10,mirova-archivo,1
2023-03-24T05:30:00,357150,Puyehue-Cordon Caulle,VIIRS375,0.8401,8.10,1,muy baja,2026-10-05T18:06:10,mirova-archivo,1
2023-03-24T06:24:00,357150,Puyehue-Cordon Caulle,VIIRS375,0.2593,7.65,1,muy baja,2026-10-05T18:06:10,mirova-archivo,1
2023-03-25T05:12:00,357150,Puyehue-Cordon Caulle,VIIRS375,0.2899,8.10,1,muy baja,2026-10-05T18:06:10,mirova-archivo,1
2023-03-26T04:54:00,357150,Puyehue-Cordon Caulle,VIIRS375,0.7779,8.46,1,muy baja,2026-10-05T18:06:10,mirova-archivo,1
2023-03-26T06:36:00,357150,Puyehue-Cordon Caulle,VIIRS375,0.4828,8.02,1,muy baja,2026-10-05T18:06:10,mirova-archivo,1
2023-03-27T04:36:00,357150,Puyehue-Cordon Caulle,VIIRS375,1.027,8.66,1,baja,2026-10-05T18:06:10,mirova-archivo,1
2023-03-27T05:24:00,357150,Puyehue-Cordon Caulle,VIIRS375,1.008,8.10,1,baja,2026-10-05T18:06:10,mirova-archivo,1
2023-03-29T05:36:00,357150,Puyehue-Cordon Caulle,VIIRS375,0.1027,7.73,1,muy baja,2026-10-05T18:06:10,mirova-archivo,1
2023-03-31T06:42:00,357150,Puyehue-Cordon Caulle,VIIRS375,0.05509,7.28,1,muy baja,2026-10-05T18:06:10,mirova-archivo,1
2023-04-02T06:00:00,357150,Puyehue-Cordon Caulle,VIIRS375,0.988,8.10,1,muy baja,2026-10-05T18:06:10,mirova-archivo,1
2023-04-03T04:54:00,357150,Puyehue-Cordon Caulle,VIIRS375,0.7051,8.19,1,muy baja,2026-10-05T18:06:10,mirova-archivo,1
2023-04-03T05:42:00,357150,Puyehue-Cordon Caulle,VIIRS375,1.171,8.10,1,baja,2026-10-05T18:06:10,mirova-archivo,1
2023-04-03T06:36:00,357150,Puyehue-Cordon Caulle,VIIRS375,0.236,7.58,1,muy baja,2026-10-05T18:06:10,mirova-archivo,1
2023-04-04T04:36:00,357150,Puyehue-Cordon Caulle,VIIRS375,0.1379,8.10,1,muy baja,2026-10-05T18:06:10,mirova-archivo,1
2023-04-04T05:24:00,357150,Puyehue-Cordon Caulle,VIIRS375,0.9872,8.19,1,muy baja,2026-10-05T18:06:10,mirova-archivo,1
2023-04-05T05:06:00,357150,Puyehue-Cordon Caulle,VIIRS375,0.05964,7.73,1,muy baja,2026-10-05T18:06:10,mirova-archivo,1
2023-04-05T06:00:00,357150,Puyehue-Cordon Caulle,VIIRS375,0.2432,8.10,1,muy baja,2026-10-05T18:06:10,mirova-archivo,1
2023-04-07T04:30:00,357150,Puyehue-Cordon Caulle,VIIRS375,0.1697,8.66,1,muy baja,2026-10-05T18:06:10,mirova-archivo,1
2023-04-07T05:18:00,357150,Puyehue-Cordon Caulle,VIIRS375,0.8411,8.30,1,muy baja,2026-10-05T18:06:10,mirova-archivo,1
2023-04-07T06:06:00,357150,Puyehue-Cordon Caulle,VIIRS375,1.049,8.10,1,baja,2026-10-05T18:06:10,mirova-archivo,1
2023-04-08T05:00:00,357150,Puyehue-Cordon Caulle,VIIRS375,0.9273,8.30,1,muy baja,2026-10-05T18:06:10,mirova-archivo,1
2023-04-08T05:48:00,357150,Puyehue-Cordon Caulle,VIIRS375,0.9364,8.10,1,muy baja,2026-10-05T18:06:10,mirova-archivo,1
2023-04-08T06:42:00,357150,Puyehue-Cordon Caulle,VIIRS375,0.5251,7.83,1,muy baja,2026-10-05T18:06:10,mirova-archivo,1
2023-04-09T04:42:00,357150,Puyehue-Cordon Caulle,VIIRS375,0.542,8.19,1,muy baja,2026-10-05T18:06:10,mirova-archivo,1
2023-04-09T05:30:00,357150,Puyehue-Cordon Caulle,VIIRS375,0.7197,7.83,1,muy baja,2026-10-05T18:06:10,mirova-archivo,1
2023-04-09T06:24:00,357150,Puyehue-Cordon Caulle,VIIRS375,0.627,7.83,1,muy baja,2026-10-05T18:06:10,mirova-archivo,1
2023-04-12T04:36:00,357150,Puyehue-Cordon Caulle,VIIRS375,0.07661,8.55,1,muy baja,2026-10-05T18:06:10,mirova-archivo,1
2023-04-13T05:06:00,357150,Puyehue-Cordon Caulle,VIIRS375,0.2363,7.83,1,muy baja,2026-10-05T18:06:10,mirova-archivo,1
2023-04-13T05:54:00,357150,Puyehue-Cordon Caulle,VIIRS375,0.8839,8.10,1,muy baja,2026-10-05T18:06:10,mirova-archivo,1
2023-04-14T04:48:00,357150,Puyehue-Cordon Caulle,VIIRS375,0.1406,7.83,1,muy baja,2026-10-05T18:06:10,mirova-archivo,1
2023-04-14T05:36:00,357150,Puyehue-Cordon Caulle,VIIRS375,0.7473,8.10,1,muy baja,2026-10-05T18:06:10,mirova-archivo,1
2023-04-14T06:30:00,357150,Puyehue-Cordon Caulle,VIIRS375,0.1134,7.28,1,muy baja,2026-10-05T18:06:10,mirova-archivo,1
2023-04-15T05:18:00,357150,Puyehue-Cordon Caulle,VIIRS375,0.3124,8.19,1,muy baja,2026-10-05T18:06:10,mirova-archivo,1
2023-04-15T06:12:00,357150,Puyehue-Cordon Caulle,VIIRS375,0.4168,8.10,1,muy baja,2026-10-05T18:06:10,mirova-archivo,1
2023-04-16T05:00:00,357150,Puyehue-Cordon Caulle,VIIRS375,0.8678,8.30,1,muy baja,2026-10-05T18:06:10,mirova-archivo,1
2023-04-16T05:54:00,357150,Puyehue-Cordon Caulle,VIIRS375,1.031,8.19,1,baja,2026-10-05T18:06:10,mirova-archivo,1
2023-04-16T06:42:00,357150,Puyehue-Cordon Caulle,VIIRS375,0.7227,8.39,1,muy baja,2026-10-05T18:06:10,mirova-archivo,1
2023-04-20T04:36:00,357150,Puyehue-Cordon Caulle,VIIRS375,0.1274,8.30,1,muy baja,2026-10-05T18:06:10,mirova-archivo,1
2023-04-20T05:24:00,357150,Puyehue-Cordon Caulle,VIIRS375,0.8909,8.19,1,muy baja,2026-10-05T18:06:10,mirova-archivo,1
2023-04-20T06:18:00,357150,Puyehue-Cordon Caulle,VIIRS375,0.3463,7.83,1,muy baja,2026-10-05T18:06:10,mirova-archivo,1
2023-04-22T04:48:00,357150,Puyehue-Cordon Caulle,VIIRS375,0.6879,8.55,1,muy baja,2026-10-05T18:06:10,mirova-archivo,1
2023-04-22T06:30:00,357150,Puyehue-Cordon Caulle,VIIRS375,0.6749,7.73,1,muy baja,2026-10-05T18:06:10,mirova-archivo,1
2023-04-23T04:30:00,357150,Puyehue-Cordon Caulle,VIIRS375,0.1041,8.30,1,muy baja,2026-10-05T18:06:10,mirova-archivo,1
2023-04-23T05:18:00,357150,Puyehue-Cordon Caulle,VIIRS375,0.9896,8.19,1,muy baja,2026-10-05T18:06:10,mirova-archivo,1
2023-04-23T06:06:00,357150,Puyehue-Cordon Caulle,VIIRS375,1.145,8.10,1,baja,2026-10-05T18:06:10,mirova-archivo,1
2023-04-24T05:00:00,357150,Puyehue-Cordon Caulle,VIIRS375,1.022,8.30,1,baja,2026-10-05T18:06:10,mirova-archivo,1
2023-04-24T05:48:00,357150,Puyehue-Cordon Caulle,VIIRS375,1.06,8.02,1,baja,2026-10-05T18:06:10,mirova-archivo,1
2023-04-25T05:30:00,357150,Puyehue-Cordon Caulle,VIIRS375,0.579,8.19,1,muy baja,2026-10-05T18:06:10,mirova-archivo,1
2023-04-26T05:12:00,357150,Puyehue-Cordon Caulle,VIIRS375,0.2596,8.10,1,muy baja,2026-10-05T18:06:10,mirova-archivo,1
2023-04-26T06:06:00,357150,Puyehue-Cordon Caulle,VIIRS375,0.6044,7.83,1,muy baja,2026-10-05T18:06:10,mirova-archivo,1
2023-04-27T04:54:00,357150,Puyehue-Cordon Caulle,VIIRS375,0.1797,8.19,1,muy baja,2026-10-05T18:06:10,mirova-archivo,1
2023-05-03T04:42:00,357150,Puyehue-Cordon Caulle,VIIRS375,0.0496,8.55,1,muy baja,2026-10-05T18:06:10,mirova-archivo,1
2023-05-03T05:30:00,357150,Puyehue-Cordon Caulle,VIIRS375,0.5421,8.19,1,muy baja,2026-10-05T18:06:10,mirova-archivo,1
2023-05-03T06:24:00,357150,Puyehue-Cordon Caulle,VIIRS375,0.1024,7.73,1,muy baja,2026-10-05T18:06:10,mirova-archivo,1
2023-05-05T04:54:00,357150,Puyehue-Cordon Caulle,VIIRS375,0.2287,8.19,1,muy baja,2026-10-05T18:06:10,mirova-archivo,1
2023-05-05T05:42:00,357150,Puyehue-Cordon Caulle,VIIRS375,0.9029,8.19,1,muy baja,2026-10-05T18:06:10,mirova-archivo,1
2023-05-05T06:36:00,357150,Puyehue-Cordon Caulle,VIIRS375,0.2299,7.73,1,muy baja,2026-10-05T18:06:10,mirova-archivo,1
2023-05-06T04:36:00,357150,Puyehue-Cordon Caulle,VIIRS375,0.4056,8.55,1,muy baja,2026-10-05T18:06:10,mirova-archivo,1
2023-05-06T05:24:00,357150,Puyehue-Cordon Caulle,VIIRS375,0.6175,8.10,1,muy baja,2026-10-05T18:06:10,mirova-archivo,1
2023-05-06T06:18:00,357150,Puyehue-Cordon Caulle,VIIRS375,0.6889,7.83,1,muy baja,2026-10-05T18:06:10,mirova-archivo,1
2023-05-07T05:06:00,357150,Puyehue-Cordon Caulle,VIIRS375,0.1806,8.19,1,muy baja,2026-10-05T18:06:10,mirova-archivo,1
2023-05-07T06:00:00,357150,Puyehue-Cordon Caulle,VIIRS375,0.1594,7.65,1,muy baja,2026-10-05T18:06:10,mirova-archivo,1
2023-05-08T04:48:00,357150,Puyehue-Cordon Caulle,VIIRS375,0.3622,8.46,1,muy baja,2026-10-05T18:06:10,mirova-archivo,1
2023-05-08T05:36:00,357150,Puyehue-Cordon Caulle,VIIRS375,0.7841,8.10,1,muy baja,2026-10-05T18:06:10,mirova-archivo,1
2023-05-08T06:30:00,357150,Puyehue-Cordon Caulle,VIIRS375,0.5227,7.73,1,muy baja,2026-10-05T18:06:10,mirova-archivo,1
2023-05-09T05:18:00,357150,Puyehue-Cordon Caulle,VIIRS375,0.2673,7.83,1,muy baja,2026-10-05T18:06:10,mirova-archivo,1
2023-05-10T05:48:00,357150,Puyehue-Cordon Caulle,VIIRS375,0.5986,8.02,1,muy baja,2026-10-05T18:06:10,mirova-archivo,1
2023-05-13T05:42:00,357150,Puyehue-Cordon Caulle,VIIRS375,0.146,8.10,1,muy baja,2026-10-05T18:06:10,mirova-archivo,1
2023-05-14T05:24:00,357150,Puyehue-Cordon Caulle,VIIRS375,0.2831,7.83,1,muy baja,2026-10-05T18:06:10,mirova-archivo,1
2023-05-15T05:06:00,357150,Puyehue-Cordon Caulle,VIIRS375,0.3096,8.10,1,muy baja,2026-10-05T18:06:10,mirova-archivo,1
2023-05-15T05:54:00,357150,Puyehue-Cordon Caulle,VIIRS375,0.7877,7.83,1,muy baja,2026-10-05T18:06:10,mirova-archivo,1
2023-05-15T06:48:00,357150,Puyehue-Cordon Caulle,VIIRS375,0.4864,8.10,1,muy baja,2026-10-05T18:06:10,mirova-archivo,1
2023-05-17T06:12:00,357150,Puyehue-Cordon Caulle,VIIRS375,0.1063,7.73,1,muy baja,2026-10-05T18:06:10,mirova-archivo,1
2023-05-20T05:12:00,357150,Puyehue-Cordon Caulle,VIIRS375,0.1319,7.83,1,muy baja,2026-10-05T18:06:10,mirova-archivo,1
2023-05-20T06:00:00,357150,Puyehue-Cordon Caulle,VIIRS375,0.6402,8.10,1,muy baja,2026-10-05T18:06:10,mirova-archivo,1
2023-05-27T04:42:00,357150,Puyehue-Cordon Caulle,VIIRS375,0.1939,8.30,1,muy baja,2026-10-05T18:06:10,mirova-archivo,1
2023-05-27T05:30:00,357150,Puyehue-Cordon Caulle,VIIRS375,0.2093,7.73,1,muy baja,2026-10-05T18:06:10,mirova-archivo,1
2023-05-27T06:24:00,357150,Puyehue-Cordon Caulle,VIIRS375,0.01949,7.58,1,muy baja,2026-10-05T18:06:10,mirova-archivo,1
2023-05-28T05:12:00,357150,Puyehue-Cordon Caulle,VIIRS375,0.3545,8.19,1,muy baja,2026-10-05T18:06:10,mirova-archivo,1
2023-05-28T06:06:00,357150,Puyehue-Cordon Caulle,VIIRS375,0.6474,7.95,1,muy baja,2026-10-05T18:06:10,mirova-archivo,1
2023-05-28T06:54:00,357150,Puyehue-Cordon Caulle,VIIRS375,0.08687,8.02,1,muy baja,2026-10-05T18:06:10,mirova-archivo,1
2023-06-01T05:36:00,357150,Puyehue-Cordon Caulle,VIIRS375,0.5239,8.10,1,muy baja,2026-10-05T18:06:10,mirova-archivo,1
2023-06-07T04:36:00,357150,Puyehue-Cordon Caulle,VIIRS375,0.1656,8.19,1,muy baja,2026-10-05T18:06:10,mirova-archivo,1
2023-06-07T05:24:00,357150,Puyehue-Cordon Caulle,VIIRS375,0.2908,8.19,1,muy baja,2026-10-05T18:06:10,mirova-archivo,1
2023-06-07T06:18:00,357150,Puyehue-Cordon Caulle,VIIRS375,0.287,8.10,1,muy baja,2026-10-05T18:06:10,mirova-archivo,1
2023-06-12T04:42:00,357150,Puyehue-Cordon Caulle,VIIRS375,0.08338,8.19,1,muy baja,2026-10-05T18:06:10,mirova-archivo,1
2023-06-14T05:42:00,357150,Puyehue-Cordon Caulle,VIIRS375,0.09519,8.10,1,muy baja,2026-10-05T18:06:10,mirova-archivo,1
2023-06-16T05:54:00,357150,Puyehue-Cordon Caulle,VIIRS375,0.2032,7.73,1,muy baja,2026-10-05T18:06:10,mirova-archivo,1
2023-06-17T04:48:00,357150,Puyehue-Cordon Caulle,VIIRS375,0.1662,8.19,1,muy baja,2026-10-05T18:06:10,mirova-archivo,1
2023-06-17T05:36:00,357150,Puyehue-Cordon Caulle,VIIRS375,0.2744,8.19,1,muy baja,2026-10-05T18:06:10,mirova-archivo,1
2023-06-17T06:30:00,357150,Puyehue-Cordon Caulle,VIIRS375,0.09822,7.83,1,muy baja,2026-10-05T18:06:10,mirova-archivo,1
2023-06-18T04:30:00,357150,Puyehue-Cordon Caulle,VIIRS375,0.1629,8.55,1,muy baja,2026-10-05T18:06:10,mirova-archivo,1
2023-06-19T05:48:00,357150,Puyehue-Cordon Caulle,VIIRS375,0.0935,7.83,1,muy baja,2026-10-05T18:06:10,mirova-archivo,1
2023-07-05T05:48:00,357150,Puyehue-Cordon Caulle,VIIRS375,0.1252,19.90,0,no volcanica,2026-10-05T18:06:10,mirova-archivo,0
2023-07-06T05:30:00,357150,Puyehue-Cordon Caulle,VIIRS375,0.08578,7.73,1,muy baja,2026-10-05T18:06:10,mirova-archivo,1
2023-07-07T05:12:00,357150,Puyehue-Cordon Caulle,VIIRS375,0.1644,8.10,1,muy baja,2026-10-05T18:06:10,mirova-archivo,1
2023-07-07T06:00:00,357150,Puyehue-Cordon Caulle,VIIRS375,0.1789,7.73,1,muy baja,2026-10-05T18:06:10,mirova-archivo,1
2023-07-10T05:54:00,357150,Puyehue-Cordon Caulle,VIIRS375,0.1792,7.73,1,muy baja,2026-10-05T18:06:10,mirova-archivo,1
2023-07-16T04:54:00,357150,Puyehue-Cordon Caulle,VIIRS375,0.07517,8.19,1,muy baja,2026-10-05T18:06:10,mirova-archivo,1
2023-07-16T05:42:00,357150,Puyehue-Cordon Caulle,VIIRS375,0.08046,7.83,1,muy baja,2026-10-05T18:06:10,mirova-archivo,1
2023-07-17T04:36:00,357150,Puyehue-Cordon Caulle,VIIRS375,0.06967,8.19,1,muy baja,2026-10-05T18:06:10,mirova-archivo,1
2023-07-17T05:24:00,357150,Puyehue-Cordon Caulle,VIIRS375,0.5119,8.19,1,muy baja,2026-10-05T18:06:10,mirova-archivo,1
2023-07-17T06:18:00,357150,Puyehue-Cordon Caulle,VIIRS375,0.2618,8.30,1,muy baja,2026-10-05T18:06:10,mirova-archivo,1
2023-07-18T05:06:00,357150,Puyehue-Cordon Caulle,VIIRS375,0.02485,8.46,1,muy baja,2026-10-05T18:06:10,mirova-archivo,1
2023-07-18T05:54:00,357150,Puyehue-Cordon Caulle,VIIRS375,0.8999,8.39,1,muy baja,2026-10-05T18:06:10,mirova-archivo,1
2023-07-23T05:12:00,357150,Puyehue-Cordon Caulle,VIIRS375,0.1334,7.83,1,muy baja,2026-10-05T18:06:10,mirova-archivo,1
2023-07-23T06:00:00,357150,Puyehue-Cordon Caulle,VIIRS375,0.64,8.10,1,muy baja,2026-10-05T18:06:10,mirova-archivo,1
2023-07-24T04:54:00,357150,Puyehue-Cordon Caulle,VIIRS375,0.2747,8.55,1,muy baja,2026-10-05T18:06:10,mirova-archivo,1
2023-07-24T05:42:00,357150,Puyehue-Cordon Caulle,VIIRS375,1.012,8.39,1,baja,2026-10-05T18:06:10,mirova-archivo,1
2023-08-03T05:06:00,357150,Puyehue-Cordon Caulle,VIIRS375,0.2037,8.19,1,muy baja,2026-10-05T18:06:10,mirova-archivo,1
2023-08-03T05:54:00,357150,Puyehue-Cordon Caulle,VIIRS375,0.6607,8.02,1,muy baja,2026-10-05T18:06:10,mirova-archivo,1
2023-08-04T04:48:00,357150,Puyehue-Cordon Caulle,VIIRS375,0.2837,8.30,1,muy baja,2026-10-05T18:06:10,mirova-archivo,1
2023-08-04T05:36:00,357150,Puyehue-Cordon Caulle,VIIRS375,0.558,8.19,1,muy baja,2026-10-05T18:06:10,mirova-archivo,1
2023-08-05T04:30:00,357150,Puyehue-Cordon Caulle,VIIRS375,0.1069,8.78,1,muy baja,2026-10-05T18:06:10,mirova-archivo,1
2023-08-05T05:18:00,357150,Puyehue-Cordon Caulle,VIIRS375,0.6664,8.19,1,muy baja,2026-10-05T18:06:10,mirova-archivo,1
2023-08-05T06:12:00,357150,Puyehue-Cordon Caulle,VIIRS375,0.9228,8.19,1,muy baja,2026-10-05T18:06:10,mirova-archivo,1
2023-08-06T05:00:00,357150,Puyehue-Cordon Caulle,VIIRS375,0.4647,8.19,1,muy baja,2026-10-05T18:06:10,mirova-archivo,1
2023-08-06T05:48:00,357150,Puyehue-Cordon Caulle,VIIRS375,1.283,8.30,1,baja,2026-10-05T18:06:10,mirova-archivo,1
2023-08-06T06:42:00,357150,Puyehue-Cordon Caulle,VIIRS375,0.1712,7.73,1,muy baja,2026-10-05T18:06:10,mirova-archivo,1
2023-08-07T05:30:00,357150,Puyehue-Cordon Caulle,VIIRS375,1.102,8.30,1,baja,2026-10-05T18:06:10,mirova-archivo,1
2023-08-07T06:24:00,357150,Puyehue-Cordon Caulle,VIIRS375,0.6864,8.19,1,muy baja,2026-10-05T18:06:10,mirova-archivo,1
2023-08-08T05:12:00,357150,Puyehue-Cordon Caulle,VIIRS375,0.4276,8.10,1,muy baja,2026-10-05T18:06:10,mirova-archivo,1
2023-08-08T06:00:00,357150,Puyehue-Cordon Caulle,VIIRS375,0.5036,7.83,1,muy baja,2026-10-05T18:06:10,mirova-archivo,1
2023-08-08T06:54:00,357150,Puyehue-Cordon Caulle,VIIRS375,0.03895,7.83,1,muy baja,2026-10-05T18:06:10,mirova-archivo,1
2023-08-12T04:48:00,357150,Puyehue-Cordon Caulle,VIIRS375,0.2812,8.66,1,muy baja,2026-10-05T18:06:10,mirova-archivo,1
2023-08-12T05:36:00,357150,Puyehue-Cordon Caulle,VIIRS375,0.6794,8.39,1,muy baja,2026-10-05T18:06:10,mirova-archivo,1
2023-08-20T05:36:00,357150,Puyehue-Cordon Caulle,VIIRS375,0.1484,7.73,1,muy baja,2026-10-05T18:06:10,mirova-archivo,1
2023-08-25T04:54:00,357150,Puyehue-Cordon Caulle,VIIRS375,0.1753,8.19,1,muy baja,2026-10-05T18:06:10,mirova-archivo,1
2023-08-25T05:42:00,357150,Puyehue-Cordon Caulle,VIIRS375,0.1292,8.10,1,muy baja,2026-10-05T18:06:10,mirova-archivo,1
2023-08-26T04:36:00,357150,Puyehue-Cordon Caulle,VIIRS375,0.4629,8.91,1,muy baja,2026-10-05T18:06:10,mirova-archivo,1
2023-08-26T05:24:00,357150,Puyehue-Cordon Caulle,VIIRS375,0.8639,8.83,1,muy baja,2026-10-05T18:06:10,mirova-archivo,1
2023-08-26T06:18:00,357150,Puyehue-Cordon Caulle,VIIRS375,0.9353,8.19,1,muy baja,2026-10-05T18:06:10,mirova-archivo,1
2023-08-27T05:06:00,357150,Puyehue-Cordon Caulle,VIIRS375,0.3941,8.46,1,muy baja,2026-10-05T18:06:10,mirova-archivo,1
2023-08-27T05:54:00,357150,Puyehue-Cordon Caulle,VIIRS375,1.133,8.19,1,baja,2026-10-05T18:06:10,mirova-archivo,1
2023-08-27T06:48:00,357150,Puyehue-Cordon Caulle,VIIRS375,0.1129,7.83,1,muy baja,2026-10-05T18:06:10,mirova-archivo,1
2023-08-29T05:18:00,357150,Puyehue-Cordon Caulle,VIIRS375,0.3657,8.30,1,muy baja,2026-10-05T18:06:10,mirova-archivo,1
2023-09-02T04:54:00,357150,Puyehue-Cordon Caulle,VIIRS375,0.09298,8.19,1,muy baja,2026-10-05T18:06:10,mirova-archivo,1
2023-09-02T05:42:00,357150,Puyehue-Cordon Caulle,VIIRS375,0.04044,7.65,1,muy baja,2026-10-05T18:06:10,mirova-archivo,1
2023-09-04T05:54:00,357150,Puyehue-Cordon Caulle,VIIRS375,0.03793,7.65,1,muy baja,2026-10-05T18:06:10,mirova-archivo,1
2023-09-10T04:54:00,357150,Puyehue-Cordon Caulle,VIIRS375,0.2406,8.46,1,muy baja,2026-10-05T18:06:10,mirova-archivo,1
2023-09-10T05:42:00,357150,Puyehue-Cordon Caulle,VIIRS375,0.2534,8.19,1,muy baja,2026-10-05T18:06:10,mirova-archivo,1
2023-09-12T05:06:00,357150,Puyehue-Cordon Caulle,VIIRS375,0.1773,8.19,1,muy baja,2026-10-05T18:06:10,mirova-archivo,1
2023-09-18T05:42:00,357150,Puyehue-Cordon Caulle,VIIRS375,0.1711,8.39,1,muy baja,2026-10-05T18:06:10,mirova-archivo,1
2023-09-18T06:36:00,357150,Puyehue-Cordon Caulle,VIIRS375,0.1634,7.83,1,muy baja,2026-10-05T18:06:10,mirova-archivo,1
2023-09-19T04:36:00,357150,Puyehue-Cordon Caulle,VIIRS375,0.08346,8.66,1,muy baja,2026-10-05T18:06:10,mirova-archivo,1
2023-09-19T05:24:00,357150,Puyehue-Cordon Caulle,VIIRS375,0.447,8.10,1,muy baja,2026-10-05T18:06:10,mirova-archivo,1
2023-09-20T05:54:00,357150,Puyehue-Cordon Caulle,VIIRS375,0.6459,8.19,1,muy baja,2026-10-05T18:06:10,mirova-archivo,1
2023-09-25T05:12:00,357150,Puyehue-Cordon Caulle,VIIRS375,0.4593,8.10,1,muy baja,2026-10-05T18:06:10,mirova-archivo,1
2023-09-25T06:00:00,357150,Puyehue-Cordon Caulle,VIIRS375,0.2415,7.83,1,muy baja,2026-10-05T18:06:10,mirova-archivo,1
2023-09-26T04:54:00,357150,Puyehue-Cordon Caulle,VIIRS375,0.1089,7.83,1,muy baja,2026-10-05T18:06:10,mirova-archivo,1
2023-09-26T05:42:00,357150,Puyehue-Cordon Caulle,VIIRS375,0.5971,8.30,1,muy baja,2026-10-05T18:06:10,mirova-archivo,1
2023-09-28T05:06:00,357150,Puyehue-Cordon Caulle,VIIRS375,0.08544,8.10,1,muy baja,2026-10-05T18:06:10,mirova-archivo,1
2023-09-29T04:48:00,357150,Puyehue-Cordon Caulle,VIIRS375,0.4066,8.55,1,muy baja,2026-10-05T18:06:10,mirova-archivo,1
2023-09-29T05:36:00,357150,Puyehue-Cordon Caulle,VIIRS375,0.8606,8.46,1,muy baja,2026-10-05T18:06:10,mirova-archivo,1
2023-09-29T06:30:00,357150,Puyehue-Cordon Caulle,VIIRS375,0.3448,8.19,1,muy baja,2026-10-05T18:06:10,mirova-archivo,1
2023-09-30T05:18:00,357150,Puyehue-Cordon Caulle,VIIRS375,1.087,8.83,1,baja,2026-10-05T18:06:10,mirova-archivo,1
2023-10-03T05:12:00,357150,Puyehue-Cordon Caulle,VIIRS375,0.09643,8.19,1,muy baja,2026-10-05T18:06:10,mirova-archivo,1
2023-10-04T04:54:00,357150,Puyehue-Cordon Caulle,VIIRS375,0.4131,8.91,1,muy baja,2026-10-05T18:06:10,mirova-archivo,1
2023-10-04T05:42:00,357150,Puyehue-Cordon Caulle,VIIRS375,0.9354,8.46,1,muy baja,2026-10-05T18:06:10,mirova-archivo,1
2023-10-04T06:36:00,357150,Puyehue-Cordon Caulle,VIIRS375,0.0582,7.28,1,muy baja,2026-10-05T18:06:10,mirova-archivo,1
2023-10-07T05:36:00,357150,Puyehue-Cordon Caulle,VIIRS375,0.1507,7.73,1,muy baja,2026-10-05T18:06:10,mirova-archivo,1
2023-10-09T05:00:00,357150,Puyehue-Cordon Caulle,VIIRS375,0.101,8.19,1,muy baja,2026-10-05T18:06:10,mirova-archivo,1
2023-10-11T05:12:00,357150,Puyehue-Cordon Caulle,VIIRS375,1.093,8.46,1,baja,2026-10-05T18:06:10,mirova-archivo,1
2023-10-11T06:00:00,357150,Puyehue-Cordon Caulle,VIIRS375,1.297,8.30,1,baja,2026-10-05T18:06:10,mirova-archivo,1
2023-10-11T06:54:00,357150,Puyehue-Cordon Caulle,VIIRS375,0.2432,7.83,1,muy baja,2026-10-05T18:06:10,mirova-archivo,1
2023-10-12T04:54:00,357150,Puyehue-Cordon Caulle,VIIRS375,0.8812,8.46,1,muy baja,2026-10-05T18:06:10,mirova-archivo,1
2023-10-12T05:42:00,357150,Puyehue-Cordon Caulle,VIIRS375,1.058,8.30,1,baja,2026-10-05T18:06:10,mirova-archivo,1
2023-10-12T06:36:00,357150,Puyehue-Cordon Caulle,VIIRS375,0.8384,8.19,1,muy baja,2026-10-05T18:06:10,mirova-archivo,1
2023-10-13T04:36:00,357150,Puyehue-Cordon Caulle,VIIRS375,1.118,8.66,1,baja,2026-10-05T18:06:10,mirova-archivo,1
2023-10-13T05:24:00,357150,Puyehue-Cordon Caulle,VIIRS375,1.564,8.83,1,baja,2026-10-05T18:06:10,mirova-archivo,1
2023-10-13T06:12:00,357150,Puyehue-Cordon Caulle,VIIRS375,1.238,8.19,1,baja,2026-10-05T18:06:10,mirova-archivo,1
2023-10-14T05:06:00,357150,Puyehue-Cordon Caulle,VIIRS375,0.9934,8.83,1,muy baja,2026-10-05T18:06:10,mirova-archivo,1
2023-10-14T05:54:00,357150,Puyehue-Cordon Caulle,VIIRS375,1.087,8.39,1,baja,2026-10-05T18:06:10,mirova-archivo,1
2023-10-15T04:48:00,357150,Puyehue-Cordon Caulle,VIIRS375,0.7108,8.55,1,muy baja,2026-10-05T18:06:10,mirova-archivo,1
2023-10-15T05:36:00,357150,Puyehue-Cordon Caulle,VIIRS375,0.7067,7.83,1,muy baja,2026-10-05T18:06:10,mirova-archivo,1
2023-10-16T05:18:00,357150,Puyehue-Cordon Caulle,VIIRS375,0.5119,8.10,1,muy baja,2026-10-05T18:06:10,mirova-archivo,1
2023-10-16T06:06:00,357150,Puyehue-Cordon Caulle,VIIRS375,0.5342,8.19,1,muy baja,2026-10-05T18:06:10,mirova-archivo,1
2023-10-17T05:00:00,357150,Puyehue-Cordon Caulle,VIIRS375,1.012,8.46,1,baja,2026-10-05T18:06:10,mirova-archivo,1
2023-10-17T05:48:00,357150,Puyehue-Cordon Caulle,VIIRS375,1.26,8.30,1,baja,2026-10-05T18:06:10,mirova-archivo,1
2023-10-17T06:42:00,357150,Puyehue-Cordon Caulle,VIIRS375,0.5076,7.73,1,muy baja,2026-10-05T18:06:10,mirova-archivo,1
2023-10-18T04:42:00,357150,Puyehue-Cordon Caulle,VIIRS375,0.4371,8.30,1,muy baja,2026-10-05T18:06:10,mirova-archivo,1
2023-10-18T05:30:00,357150,Puyehue-Cordon Caulle,VIIRS375,0.6036,8.10,1,muy baja,2026-10-05T18:06:10,mirova-archivo,1
2023-10-20T05:42:00,357150,Puyehue-Cordon Caulle,VIIRS375,0.4087,8.10,1,muy baja,2026-10-05T18:06:10,mirova-archivo,1
2023-10-21T05:24:00,357150,Puyehue-Cordon Caulle,VIIRS375,0.3649,8.10,1,muy baja,2026-10-05T18:06:10,mirova-archivo,1
2023-10-22T05:06:00,357150,Puyehue-Cordon Caulle,VIIRS375,2.009,8.55,1,baja,2026-10-05T18:06:10,mirova-archivo,1
2023-10-22T05:54:00,357150,Puyehue-Cordon Caulle,VIIRS375,2.404,8.46,1,baja,2026-10-05T18:06:10,mirova-archivo,1
2023-10-22T06:48:00,357150,Puyehue-Cordon Caulle,VIIRS375,2.083,8.55,1,baja,2026-10-05T18:06:10,mirova-archivo,1
2023-10-23T05:36:00,357150,Puyehue-Cordon Caulle,VIIRS375,0.6066,7.83,1,muy baja,2026-10-05T18:06:10,mirova-archivo,1
2023-10-23T06:30:00,357150,Puyehue-Cordon Caulle,VIIRS375,0.9686,7.73,1,muy baja,2026-10-05T18:06:10,mirova-archivo,1
2023-10-24T06:06:00,357150,Puyehue-Cordon Caulle,VIIRS375,0.155,7.73,1,muy baja,2026-10-05T18:06:10,mirova-archivo,1
2023-10-25T05:00:00,357150,Puyehue-Cordon Caulle,VIIRS375,1.38,8.83,1,baja,2026-10-05T18:06:10,mirova-archivo,1
2023-10-25T05:48:00,357150,Puyehue-Cordon Caulle,VIIRS375,1.958,8.39,1,baja,2026-10-05T18:06:10,mirova-archivo,1
2023-10-25T06:42:00,357150,Puyehue-Cordon Caulle,VIIRS375,1.446,8.55,1,baja,2026-10-05T18:06:10,mirova-archivo,1
2023-10-26T04:42:00,357150,Puyehue-Cordon Caulle,VIIRS375,0.08327,8.55,1,muy baja,2026-10-05T18:06:10,mirova-archivo,1
2023-10-26T05:30:00,357150,Puyehue-Cordon Caulle,VIIRS375,0.9062,7.95,1,muy baja,2026-10-05T18:06:10,mirova-archivo,1
2023-10-26T06:18:00,357150,Puyehue-Cordon Caulle,VIIRS375,0.2807,7.83,1,muy baja,2026-10-05T18:06:10,mirova-archivo,1
2023-10-31T04:48:00,357150,Puyehue-Cordon Caulle,VIIRS375,0.1477,8.55,1,muy baja,2026-10-05T18:06:10,mirova-archivo,1
2023-10-31T05:36:00,357150,Puyehue-Cordon Caulle,VIIRS375,0.1658,7.83,1,muy baja,2026-10-05T18:06:10,mirova-archivo,1
2023-11-02T05:48:00,357150,Puyehue-Cordon Caulle,VIIRS375,0.8026,8.46,1,muy baja,2026-10-05T18:06:10,mirova-archivo,1
2023-11-03T05:30:00,357150,Puyehue-Cordon Caulle,VIIRS375,0.2672,7.73,1,muy baja,2026-10-05T18:06:10,mirova-archivo,1
2023-11-03T06:24:00,357150,Puyehue-Cordon Caulle,VIIRS375,0.2807,2.19,0,no volcanica,2026-10-05T18:06:10,mirova-archivo,0
2023-11-04T05:12:00,357150,Puyehue-Cordon Caulle,VIIRS375,0.7719,8.19,1,muy baja,2026-10-05T18:06:10,mirova-archivo,1
2023-11-04T06:00:00,357150,Puyehue-Cordon Caulle,VIIRS375,0.7061,7.83,1,muy baja,2026-10-05T18:06:10,mirova-archivo,1
2023-11-04T06:54:00,357150,Puyehue-Cordon Caulle,VIIRS375,0.4052,8.19,1,muy baja,2026-10-05T18:06:10,mirova-archivo,1
2023-11-05T04:54:00,357150,Puyehue-Cordon Caulle,VIIRS375,0.05186,2.86,0,no volcanica,2026-10-05T18:06:10,mirova-archivo,0
2023-11-09T04:30:00,357150,Puyehue-Cordon Caulle,VIIRS375,0.7942,8.66,1,muy baja,2026-10-05T18:06:10,mirova-archivo,1
2023-11-09T05:18:00,357150,Puyehue-Cordon Caulle,VIIRS375,1.14,8.46,1,baja,2026-10-05T18:06:10,mirova-archivo,1
2023-11-09T06:06:00,357150,Puyehue-Cordon Caulle,VIIRS375,0.952,7.83,1,muy baja,2026-10-05T18:06:10,mirova-archivo,1
2023-11-10T05:00:00,357150,Puyehue-Cordon Caulle,VIIRS375,1.128,8.66,1,baja,2026-10-05T18:06:10,mirova-archivo,1
2023-11-10T05:48:00,357150,Puyehue-Cordon Caulle,VIIRS375,0.2633,7.83,1,muy baja,2026-10-05T18:06:10,mirova-archivo,1
2023-11-23T05:54:00,357150,Puyehue-Cordon Caulle,VIIRS375,0.09283,7.83,1,muy baja,2026-10-05T18:06:10,mirova-archivo,1
2023-11-24T04:48:00,357150,Puyehue-Cordon Caulle,VIIRS375,0.6361,8.55,1,muy baja,2026-10-05T18:06:10,mirova-archivo,1
2023-11-24T05:36:00,357150,Puyehue-Cordon Caulle,VIIRS375,1.06,8.39,1,baja,2026-10-05T18:06:10,mirova-archivo,1
2023-11-24T06:30:00,357150,Puyehue-Cordon Caulle,VIIRS375,0.7709,8.02,1,muy baja,2026-10-05T18:06:10,mirova-archivo,1
2023-11-25T04:30:00,357150,Puyehue-Cordon Caulle,VIIRS375,0.8387,8.66,1,muy baja,2026-10-05T18:06:10,mirova-archivo,1
2023-11-25T05:18:00,357150,Puyehue-Cordon Caulle,VIIRS375,0.9357,8.30,1,muy baja,2026-10-05T18:06:10,mirova-archivo,1
2023-11-25T06:06:00,357150,Puyehue-Cordon Caulle,VIIRS375,1.092,7.83,1,baja,2026-10-05T18:06:10,mirova-archivo,1
2023-11-26T05:00:00,357150,Puyehue-Cordon Caulle,VIIRS375,0.4395,8.66,1,muy baja,2026-10-05T18:06:10,mirova-archivo,1
2023-11-26T05:48:00,357150,Puyehue-Cordon Caulle,VIIRS375,0.8282,8.02,1,muy baja,2026-10-05T18:06:10,mirova-archivo,1
2023-11-28T05:12:00,357150,Puyehue-Cordon Caulle,VIIRS375,0.362,8.10,1,muy baja,2026-10-05T18:06:10,mirova-archivo,1
2023-11-29T04:54:00,357150,Puyehue-Cordon Caulle,VIIRS375,0.1022,7.83,1,muy baja,2026-10-05T18:06:10,mirova-archivo,1
2023-11-29T05:42:00,357150,Puyehue-Cordon Caulle,VIIRS375,0.04782,7.65,1,muy baja,2026-10-05T18:06:10,mirova-archivo,1
2023-11-30T05:24:00,357150,Puyehue-Cordon Caulle,VIIRS375,0.6366,8.30,1,muy baja,2026-10-05T18:06:10,mirova-archivo,1
2023-11-30T06:12:00,357150,Puyehue-Cordon Caulle,VIIRS375,0.2674,8.02,1,muy baja,2026-10-05T18:06:10,mirova-archivo,1
2023-12-03T06:06:00,357150,Puyehue-Cordon Caulle,VIIRS375,0.07717,7.65,1,muy baja,2026-10-05T18:06:10,mirova-archivo,1
2023-12-04T05:00:00,357150,Puyehue-Cordon Caulle,VIIRS375,1.006,8.46,1,baja,2026-10-05T18:06:10,mirova-archivo,1
2023-12-04T05:48:00,357150,Puyehue-Cordon Caulle,VIIRS375,1.344,8.83,1,baja,2026-10-05T18:06:10,mirova-archivo,1
2023-12-04T06:42:00,357150,Puyehue-Cordon Caulle,VIIRS375,1.295,8.10,1,baja,2026-10-05T18:06:10,mirova-archivo,1
2023-12-05T04:42:00,357150,Puyehue-Cordon Caulle,VIIRS375,0.7039,8.10,1,muy baja,2026-10-05T18:06:10,mirova-archivo,1
2023-12-05T05:30:00,357150,Puyehue-Cordon Caulle,VIIRS375,1.463,8.19,1,baja,2026-10-05T18:06:10,mirova-archivo,1
2023-12-06T05:12:00,357150,Puyehue-Cordon Caulle,VIIRS375,1.714,24.74,0,no volcanica,2026-10-05T18:06:10,mirova-archivo,0
2023-12-06T06:00:00,357150,Puyehue-Cordon Caulle,VIIRS375,0.2269,7.65,1,muy baja,2026-10-05T18:06:10,mirova-archivo,1
2023-12-07T04:54:00,357150,Puyehue-Cordon Caulle,VIIRS375,0.4604,8.66,1,muy baja,2026-10-05T18:06:10,mirova-archivo,1
2023-12-07T05:42:00,357150,Puyehue-Cordon Caulle,VIIRS375,1.696,8.19,1,baja,2026-10-05T18:06:10,mirova-archivo,1
2023-12-07T06:36:00,357150,Puyehue-Cordon Caulle,VIIRS375,1.461,8.19,1,baja,2026-10-05T18:06:10,mirova-archivo,1
2023-12-08T04:36:00,357150,Puyehue-Cordon Caulle,VIIRS375,0.9998,8.91,1,muy baja,2026-10-05T18:06:10,mirova-archivo,1
2023-12-08T05:24:00,357150,Puyehue-Cordon Caulle,VIIRS375,1.616,8.19,1,baja,2026-10-05T18:06:10,mirova-archivo,1
2023-12-08T06:12:00,357150,Puyehue-Cordon Caulle,VIIRS375,1.396,8.30,1,baja,2026-10-05T18:06:10,mirova-archivo,1
2023-12-09T05:54:00,357150,Puyehue-Cordon Caulle,VIIRS375,0.095,7.73,1,muy baja,2026-10-05T18:06:10,mirova-archivo,1
2023-12-10T04:48:00,357150,Puyehue-Cordon Caulle,VIIRS375,0.8716,8.46,1,muy baja,2026-10-05T18:06:10,mirova-archivo,1
2023-12-10T05:36:00,357150,Puyehue-Cordon Caulle,VIIRS375,1.433,8.30,1,baja,2026-10-05T18:06:10,mirova-archivo,1
2023-12-10T06:30:00,357150,Puyehue-Cordon Caulle,VIIRS375,0.8227,7.73,1,muy baja,2026-10-05T18:06:10,mirova-archivo,1
2023-12-11T04:30:00,357150,Puyehue-Cordon Caulle,VIIRS375,0.8177,8.55,1,muy baja,2026-10-05T18:06:10,mirova-archivo,1
2023-12-11T05:18:00,357150,Puyehue-Cordon Caulle,VIIRS375,0.9182,8.66,1,muy baja,2026-10-05T18:06:10,mirova-archivo,1
2023-12-11T06:06:00,357150,Puyehue-Cordon Caulle,VIIRS375,0.8768,8.19,1,muy baja,2026-10-05T18:06:10,mirova-archivo,1
2023-12-12T05:48:00,357150,Puyehue-Cordon Caulle,VIIRS375,0.05173,7.73,1,muy baja,2026-10-05T18:06:10,mirova-archivo,1
2023-12-13T04:42:00,357150,Puyehue-Cordon Caulle,VIIRS375,1.065,8.66,1,baja,2026-10-05T18:06:10,mirova-archivo,1
2023-12-13T05:30:00,357150,Puyehue-Cordon Caulle,VIIRS375,1.414,8.46,1,baja,2026-10-05T18:06:10,mirova-archivo,1
2023-12-13T06:18:00,357150,Puyehue-Cordon Caulle,VIIRS375,0.8437,7.95,1,muy baja,2026-10-05T18:06:10,mirova-archivo,1
2023-12-14T05:12:00,357150,Puyehue-Cordon Caulle,VIIRS375,1.873,8.83,1,baja,2026-10-05T18:06:10,mirova-archivo,1
2023-12-14T06:00:00,357150,Puyehue-Cordon Caulle,VIIRS375,1.439,8.30,1,baja,2026-10-05T18:06:10,mirova-archivo,1
2023-12-14T06:54:00,357150,Puyehue-Cordon Caulle,VIIRS375,0.1073,7.37,1,muy baja,2026-10-05T18:06:10,mirova-archivo,1
2023-12-16T05:24:00,357150,Puyehue-Cordon Caulle,VIIRS375,0.4878,8.19,1,muy baja,2026-10-05T18:06:10,mirova-archivo,1
2023-12-18T04:48:00,357150,Puyehue-Cordon Caulle,VIIRS375,0.9218,9.02,1,muy baja,2026-10-05T18:06:10,mirova-archivo,1
2023-12-18T05:36:00,357150,Puyehue-Cordon Caulle,VIIRS375,1.253,8.39,1,baja,2026-10-05T18:06:10,mirova-archivo,1
2023-12-19T05:18:00,357150,Puyehue-Cordon Caulle,VIIRS375,0.2896,8.10,1,muy baja,2026-10-05T18:06:10,mirova-archivo,1
2023-12-19T06:06:00,357150,Puyehue-Cordon Caulle,VIIRS375,0.5812,7.83,1,muy baja,2026-10-05T18:06:10,mirova-archivo,1
2023-12-20T05:48:00,357150,Puyehue-Cordon Caulle,VIIRS375,0.4596,7.83,1,muy baja,2026-10-05T18:06:10,mirova-archivo,1
2023-12-21T04:42:00,357150,Puyehue-Cordon Caulle,VIIRS375,0.3105,7.95,1,muy baja,2026-10-05T18:06:10,mirova-archivo,1
2023-12-21T05:30:00,357150,Puyehue-Cordon Caulle,VIIRS375,1.486,8.19,1,baja,2026-10-05T18:06:10,mirova-archivo,1
2023-12-21T06:18:00,357150,Puyehue-Cordon Caulle,VIIRS375,1.017,8.19,1,baja,2026-10-05T18:06:10,mirova-archivo,1
2023-12-23T04:54:00,357150,Puyehue-Cordon Caulle,VIIRS375,0.4478,8.46,1,muy baja,2026-10-05T18:06:10,mirova-archivo,1
2023-12-23T05:42:00,357150,Puyehue-Cordon Caulle,VIIRS375,0.7169,8.39,1,muy baja,2026-10-05T18:06:10,mirova-archivo,1
2023-12-23T06:36:00,357150,Puyehue-Cordon Caulle,VIIRS375,0.7683,7.83,1,muy baja,2026-10-05T18:06:10,mirova-archivo,1
2023-12-24T04:36:00,357150,Puyehue-Cordon Caulle,VIIRS375,0.3373,8.91,1,muy baja,2026-10-05T18:06:10,mirova-archivo,1
2023-12-24T05:24:00,357150,Puyehue-Cordon Caulle,VIIRS375,0.5054,7.83,1,muy baja,2026-10-05T18:06:10,mirova-archivo,1
2023-12-24T06:12:00,357150,Puyehue-Cordon Caulle,VIIRS375,0.4151,7.73,1,muy baja,2026-10-05T18:06:10,mirova-archivo,1
2023-12-25T05:06:00,357150,Puyehue-Cordon Caulle,VIIRS375,0.6412,8.30,1,muy baja,2026-10-05T18:06:10,mirova-archivo,1
2023-12-25T05:54:00,357150,Puyehue-Cordon Caulle,VIIRS375,1.467,8.46,1,baja,2026-10-05T18:06:10,mirova-archivo,1
2023-12-25T06:48:00,357150,Puyehue-Cordon Caulle,VIIRS375,0.9927,8.10,1,muy baja,2026-10-05T18:06:10,mirova-archivo,1
2023-12-26T04:48:00,357150,Puyehue-Cordon Caulle,VIIRS375,0.7437,8.19,1,muy baja,2026-10-05T18:06:10,mirova-archivo,1
2023-12-26T05:36:00,357150,Puyehue-Cordon Caulle,VIIRS375,0.8675,7.83,1,muy baja,2026-10-05T18:06:10,mirova-archivo,1
2023-12-26T06:30:00,357150,Puyehue-Cordon Caulle,VIIRS375,1.28,8.02,1,baja,2026-10-05T18:06:10,mirova-archivo,1
2023-12-27T04:30:00,357150,Puyehue-Cordon Caulle,VIIRS375,0.4717,8.30,1,muy baja,2026-10-05T18:06:10,mirova-archivo,1
2023-12-27T05:18:00,357150,Puyehue-Cordon Caulle,VIIRS375,1.508,8.55,1,baja,2026-10-05T18:06:10,mirova-archivo,1
2023-12-27T06:06:00,357150,Puyehue-Cordon Caulle,VIIRS375,0.7776,8.02,1,muy baja,2026-10-05T18:06:10,mirova-archivo,1
2023-12-28T05:00:00,357150,Puyehue-Cordon Caulle,VIIRS375,0.1213,8.19,1,muy baja,2026-10-05T18:06:10,mirova-archivo,1
2023-12-28T05:48:00,357150,Puyehue-Cordon Caulle,VIIRS375,0.2463,7.73,1,muy baja,2026-10-05T18:06:10,mirova-archivo,1
2023-12-29T04:42:00,357150,Puyehue-Cordon Caulle,VIIRS375,0.5787,8.55,1,muy baja,2026-10-05T18:06:10,mirova-archivo,1
2023-12-29T05:30:00,357150,Puyehue-Cordon Caulle,VIIRS375,0.6886,7.83,1,muy baja,2026-10-05T18:06:10,mirova-archivo,1
2023-12-29T06:18:00,357150,Puyehue-Cordon Caulle,VIIRS375,0.1396,7.83,1,muy baja,2026-10-05T18:06:10,mirova-archivo,1
2023-12-30T05:12:00,357150,Puyehue-Cordon Caulle,VIIRS375,1.377,8.46,1,baja,2026-10-05T18:06:10,mirova-archivo,1
2023-12-30T06:00:00,357150,Puyehue-Cordon Caulle,VIIRS375,0.7672,8.02,1,muy baja,2026-10-05T18:06:10,mirova-archivo,1
2023-12-31T05:42:00,357150,Puyehue-Cordon Caulle,VIIRS375,0.7777,8.10,1,muy baja,2026-10-05T18:06:10,mirova-archivo,1
2024-01-01T04:36:00,357150,Puyehue-Cordon Caulle,VIIRS375,0.4748,8.55,1,muy baja,2026-10-05T18:06:10,mirova-archivo,1
2024-01-01T05:24:00,357150,Puyehue-Cordon Caulle,VIIRS375,0.1304,7.83,1,muy baja,2026-10-05T18:06:10,mirova-archivo,1
2024-01-02T05:06:00,357150,Puyehue-Cordon Caulle,VIIRS375,1.155,8.83,1,baja,2026-10-05T18:06:10,mirova-archivo,1
2024-01-02T05:54:00,357150,Puyehue-Cordon Caulle,VIIRS375,0.8131,7.83,1,muy baja,2026-10-05T18:06:10,mirova-archivo,1
2024-01-03T04:48:00,357150,Puyehue-Cordon Caulle,VIIRS375,0.3911,8.55,1,muy baja,2026-10-05T18:06:10,mirova-archivo,1
2024-01-03T05:36:00,357150,Puyehue-Cordon Caulle,VIIRS375,1.123,8.83,1,baja,2026-10-05T18:06:10,mirova-archivo,1
2024-01-04T04:30:00,357150,Puyehue-Cordon Caulle,VIIRS375,0.3201,8.66,1,muy baja,2026-10-05T18:06:10,mirova-archivo,1
2024-01-04T06:06:00,357150,Puyehue-Cordon Caulle,VIIRS375,1.637,8.19,1,baja,2026-10-05T18:06:10,mirova-archivo,1
2024-01-05T05:00:00,357150,Puyehue-Cordon Caulle,VIIRS375,1.065,8.46,1,baja,2026-10-05T18:06:10,mirova-archivo,1
2024-01-05T05:48:00,357150,Puyehue-Cordon Caulle,VIIRS375,1.559,8.39,1,baja,2026-10-05T18:06:10,mirova-archivo,1
2024-01-05T06:42:00,357150,Puyehue-Cordon Caulle,VIIRS375,0.3833,7.65,1,muy baja,2026-10-05T18:06:10,mirova-archivo,1
2024-01-07T06:00:00,357150,Puyehue-Cordon Caulle,VIIRS375,0.6378,7.83,1,muy baja,2026-10-05T18:06:10,mirova-archivo,1
2024-01-09T04:36:00,357150,Puyehue-Cordon Caulle,VIIRS375,0.5686,8.66,1,muy baja,2026-10-05T18:06:10,mirova-archivo,1
2024-01-09T05:24:00,357150,Puyehue-Cordon Caulle,VIIRS375,1.153,8.10,1,baja,2026-10-05T18:06:10,mirova-archivo,1
2024-01-09T06:12:00,357150,Puyehue-Cordon Caulle,VIIRS375,0.5581,7.83,1,muy baja,2026-10-05T18:06:10,mirova-archivo,1
2024-01-10T05:06:00,357150,Puyehue-Cordon Caulle,VIIRS375,1.315,8.30,1,baja,2026-10-05T18:06:10,mirova-archivo,1
2024-01-10T05:54:00,357150,Puyehue-Cordon Caulle,VIIRS375,1.297,8.30,1,baja,2026-10-05T18:06:10,mirova-archivo,1
2024-01-10T06:48:00,357150,Puyehue-Cordon Caulle,VIIRS375,0.2397,7.73,1,muy baja,2026-10-05T18:06:10,mirova-archivo,1
2024-01-11T04:48:00,357150,Puyehue-Cordon Caulle,VIIRS375,1.079,8.46,1,baja,2026-10-05T18:06:10,mirova-archivo,1
2024-01-11T05:36:00,357150,Puyehue-Cordon Caulle,VIIRS375,1.668,8.75,1,baja,2026-10-05T18:06:10,mirova-archivo,1
2024-01-11T06:30:00,357150,Puyehue-Cordon Caulle,VIIRS375,1.498,8.02,1,baja,2026-10-05T18:06:10,mirova-archivo,1
2024-01-12T04:30:00,357150,Puyehue-Cordon Caulle,VIIRS375,0.2758,8.30,1,muy baja,2026-10-05T18:06:10,mirova-archivo,1
2024-01-12T05:18:00,357150,Puyehue-Cordon Caulle,VIIRS375,0.739,8.19,1,muy baja,2026-10-05T18:06:10,mirova-archivo,1
2024-01-12T06:06:00,357150,Puyehue-Cordon Caulle,VIIRS375,0.6724,7.73,1,muy baja,2026-10-05T18:06:10,mirova-archivo,1
2024-01-13T05:00:00,357150,Puyehue-Cordon Caulle,VIIRS375,0.7905,8.19,1,muy baja,2026-10-05T18:06:10,mirova-archivo,1
2024-01-13T05:48:00,357150,Puyehue-Cordon Caulle,VIIRS375,1.269,8.39,1,baja,2026-10-05T18:06:10,mirova-archivo,1
2024-01-15T05:12:00,357150,Puyehue-Cordon Caulle,VIIRS375,0.193,7.83,1,muy baja,2026-10-05T18:06:10,mirova-archivo,1
2024-01-15T06:00:00,357150,Puyehue-Cordon Caulle,VIIRS375,0.6319,7.83,1,muy baja,2026-10-05T18:06:10,mirova-archivo,1
2024-01-16T04:54:00,357150,Puyehue-Cordon Caulle,VIIRS375,0.09213,7.83,1,muy baja,2026-10-05T18:06:10,mirova-archivo,1
2024-01-16T05:42:00,357150,Puyehue-Cordon Caulle,VIIRS375,0.5519,7.83,1,muy baja,2026-10-05T18:06:10,mirova-archivo,1
2024-01-17T04:36:00,357150,Puyehue-Cordon Caulle,VIIRS375,1.82,8.66,1,baja,2026-10-05T18:06:10,mirova-archivo,1
2024-01-17T05:24:00,357150,Puyehue-Cordon Caulle,VIIRS375,1.999,8.46,1,baja,2026-10-05T18:06:10,mirova-archivo,1
2024-01-17T06:12:00,357150,Puyehue-Cordon Caulle,VIIRS375,1.971,8.39,1,baja,2026-10-05T18:06:10,mirova-archivo,1
2024-01-19T05:36:00,357150,Puyehue-Cordon Caulle,VIIRS375,1.125,8.30,1,baja,2026-10-05T18:06:10,mirova-archivo,1
2024-01-19T06:24:00,357150,Puyehue-Cordon Caulle,VIIRS375,1.061,8.10,1,baja,2026-10-05T18:06:10,mirova-archivo,1
2024-01-20T05:18:00,357150,Puyehue-Cordon Caulle,VIIRS375,1.448,8.19,1,baja,2026-10-05T18:06:10,mirova-archivo,1
2024-01-20T06:06:00,357150,Puyehue-Cordon Caulle,VIIRS375,1.518,8.39,1,baja,2026-10-05T18:06:10,mirova-archivo,1
2024-01-21T05:00:00,357150,Puyehue-Cordon Caulle,VIIRS375,0.8261,8.19,1,muy baja,2026-10-05T18:06:10,mirova-archivo,1
2024-01-21T05:48:00,357150,Puyehue-Cordon Caulle,VIIRS375,1.162,8.10,1,baja,2026-10-05T18:06:10,mirova-archivo,1
2024-01-21T06:42:00,357150,Puyehue-Cordon Caulle,VIIRS375,0.4726,7.73,1,muy baja,2026-10-05T18:06:10,mirova-archivo,1
2024-01-22T04:42:00,357150,Puyehue-Cordon Caulle,VIIRS375,1.041,8.66,1,baja,2026-10-05T18:06:10,mirova-archivo,1
2024-01-22T05:30:00,357150,Puyehue-Cordon Caulle,VIIRS375,1.235,8.10,1,baja,2026-10-05T18:06:10,mirova-archivo,1
2024-01-23T05:12:00,357150,Puyehue-Cordon Caulle,VIIRS375,0.9293,8.55,1,muy baja,2026-10-05T18:06:10,mirova-archivo,1
2024-01-23T06:00:00,357150,Puyehue-Cordon Caulle,VIIRS375,1.131,8.02,1,baja,2026-10-05T18:06:10,mirova-archivo,1
2024-01-23T06:54:00,357150,Puyehue-Cordon Caulle,VIIRS375,0.3023,7.73,1,muy baja,2026-10-05T18:06:10,mirova-archivo,1
2024-01-24T04:54:00,357150,Puyehue-Cordon Caulle,VIIRS375,1.138,22.47,0,no volcanica,2026-10-05T18:06:10,mirova-archivo,0
2024-01-24T05:42:00,357150,Puyehue-Cordon Caulle,VIIRS375,1.294,8.19,1,baja,2026-10-05T18:06:10,mirova-archivo,1
2024-01-24T06:36:00,357150,Puyehue-Cordon Caulle,VIIRS375,1.615,8.19,1,baja,2026-10-05T18:06:10,mirova-archivo,1
2024-01-25T04:36:00,357150,Puyehue-Cordon Caulle,VIIRS375,0.143,8.66,1,muy baja,2026-10-05T18:06:10,mirova-archivo,1
2024-01-25T05:24:00,357150,Puyehue-Cordon Caulle,VIIRS375,1.273,8.19,1,baja,2026-10-05T18:06:10,mirova-archivo,1
2024-01-25T06:12:00,357150,Puyehue-Cordon Caulle,VIIRS375,0.6226,7.83,1,muy baja,2026-10-05T18:06:10,mirova-archivo,1
2024-01-26T05:54:00,357150,Puyehue-Cordon Caulle,VIIRS375,1.643,8.39,1,baja,2026-10-05T18:06:10,mirova-archivo,1
2024-01-27T04:48:00,357150,Puyehue-Cordon Caulle,VIIRS375,1.175,8.55,1,baja,2026-10-05T18:06:10,mirova-archivo,1
2024-01-27T05:36:00,357150,Puyehue-Cordon Caulle,VIIRS375,1.087,8.19,1,baja,2026-10-05T18:06:10,mirova-archivo,1
2024-01-27T06:30:00,357150,Puyehue-Cordon Caulle,VIIRS375,0.2967,7.65,1,muy baja,2026-10-05T18:06:10,mirova-archivo,1
2024-01-28T04:30:00,357150,Puyehue-Cordon Caulle,VIIRS375,0.2384,8.30,1,muy baja,2026-10-05T18:06:10,mirova-archivo,1
2024-01-28T05:18:00,357150,Puyehue-Cordon Caulle,VIIRS375,1.698,8.83,1,baja,2026-10-05T18:06:10,mirova-archivo,1
2024-01-28T06:06:00,357150,Puyehue-Cordon Caulle,VIIRS375,1.948,8.39,1,baja,2026-10-05T18:06:10,mirova-archivo,1
2024-01-29T05:00:00,357150,Puyehue-Cordon Caulle,VIIRS375,0.48,8.19,1,muy baja,2026-10-05T18:06:10,mirova-archivo,1
2024-01-29T05:48:00,357150,Puyehue-Cordon Caulle,VIIRS375,0.78,7.83,1,muy baja,2026-10-05T18:06:10,mirova-archivo,1
2024-01-30T04:42:00,357150,Puyehue-Cordon Caulle,VIIRS375,0.9115,8.91,1,muy baja,2026-10-05T18:06:10,mirova-archivo,1
2024-01-30T05:30:00,357150,Puyehue-Cordon Caulle,VIIRS375,1.115,8.10,1,baja,2026-10-05T18:06:10,mirova-archivo,1
2024-01-30T06:18:00,357150,Puyehue-Cordon Caulle,VIIRS375,0.784,8.10,1,muy baja,2026-10-05T18:06:10,mirova-archivo,1
2024-01-31T06:00:00,357150,Puyehue-Cordon Caulle,VIIRS375,1.405,8.10,1,baja,2026-10-05T18:06:10,mirova-archivo,1
2024-02-01T04:54:00,357150,Puyehue-Cordon Caulle,VIIRS375,1.112,8.46,1,baja,2026-10-05T18:06:10,mirova-archivo,1
2024-02-01T05:42:00,357150,Puyehue-Cordon Caulle,VIIRS375,1.844,8.39,1,baja,2026-10-05T18:06:10,mirova-archivo,1
2024-02-01T06:36:00,357150,Puyehue-Cordon Caulle,VIIRS375,0.9179,8.02,1,muy baja,2026-10-05T18:06:10,mirova-archivo,1
2024-02-02T04:36:00,357150,Puyehue-Cordon Caulle,VIIRS375,0.4833,8.19,1,muy baja,2026-10-05T18:06:10,mirova-archivo,1
2024-02-02T05:24:00,357150,Puyehue-Cordon Caulle,VIIRS375,0.8418,8.19,1,muy baja,2026-10-05T18:06:10,mirova-archivo,1
2024-02-04T05:36:00,357150,Puyehue-Cordon Caulle,VIIRS375,1.399,8.30,1,baja,2026-10-05T18:06:10,mirova-archivo,1
2024-02-05T05:18:00,357150,Puyehue-Cordon Caulle,VIIRS375,1.228,8.30,1,baja,2026-10-05T18:06:10,mirova-archivo,1
2024-02-06T05:48:00,357150,Puyehue-Cordon Caulle,VIIRS375,0.6634,7.83,1,muy baja,2026-10-05T18:06:10,mirova-archivo,1
2024-02-08T05:12:00,357150,Puyehue-Cordon Caulle,VIIRS375,0.05442,8.10,1,muy baja,2026-10-05T18:06:10,mirova-archivo,1
2024-02-09T05:42:00,357150,Puyehue-Cordon Caulle,VIIRS375,1.824,8.39,1,baja,2026-10-05T18:06:10,mirova-archivo,1
2024-02-09T06:36:00,357150,Puyehue-Cordon Caulle,VIIRS375,0.4065,7.73,1,muy baja,2026-10-05T18:06:10,mirova-archivo,1
2024-02-10T04:36:00,357150,Puyehue-Cordon Caulle,VIIRS375,0.2095,8.55,1,muy baja,2026-10-05T18:06:10,mirova-archivo,1
2024-02-10T05:24:00,357150,Puyehue-Cordon Caulle,VIIRS375,0.7419,8.19,1,muy baja,2026-10-05T18:06:10,mirova-archivo,1
2024-02-10T06:12:00,357150,Puyehue-Cordon Caulle,VIIRS375,0.9981,8.19,1,muy baja,2026-10-05T18:06:10,mirova-archivo,1
2024-02-11T05:06:00,357150,Puyehue-Cordon Caulle,VIIRS375,0.1548,7.83,1,muy baja,2026-10-05T18:06:10,mirova-archivo,1
2024-02-12T06:30:00,357150,Puyehue-Cordon Caulle,VIIRS375,0.1378,7.73,1,muy baja,2026-10-05T18:06:10,mirova-archivo,1
2024-02-13T05:18:00,357150,Puyehue-Cordon Caulle,VIIRS375,0.5807,8.19,1,muy baja,2026-10-05T18:06:10,mirova-archivo,1
2024-02-13T06:06:00,357150,Puyehue-Cordon Caulle,VIIRS375,0.3836,8.02,1,muy baja,2026-10-05T18:06:10,mirova-archivo,1
2024-02-14T05:00:00,357150,Puyehue-Cordon Caulle,VIIRS375,0.6709,8.55,1,muy baja,2026-10-05T18:06:10,mirova-archivo,1
2024-02-14T05:48:00,357150,Puyehue-Cordon Caulle,VIIRS375,0.2998,7.83,1,muy baja,2026-10-05T18:06:10,mirova-archivo,1
2024-02-14T06:42:00,357150,Puyehue-Cordon Caulle,VIIRS375,1.211,8.10,1,baja,2026-10-05T18:06:10,mirova-archivo,1
2024-02-15T04:42:00,357150,Puyehue-Cordon Caulle,VIIRS375,0.1631,8.30,1,muy baja,2026-10-05T18:06:10,mirova-archivo,1
2024-02-15T05:30:00,357150,Puyehue-Cordon Caulle,VIIRS375,1.542,8.10,1,baja,2026-10-05T18:06:10,mirova-archivo,1
2024-02-15T06:18:00,357150,Puyehue-Cordon Caulle,VIIRS375,0.741,7.83,1,muy baja,2026-10-05T18:06:10,mirova-archivo,1
2024-02-16T05:12:00,357150,Puyehue-Cordon Caulle,VIIRS375,0.889,8.10,1,muy baja,2026-10-05T18:06:10,mirova-archivo,1
2024-02-16T06:00:00,357150,Puyehue-Cordon Caulle,VIIRS375,1.708,8.39,1,baja,2026-10-05T18:06:10,mirova-archivo,1
2024-02-17T05:42:00,357150,Puyehue-Cordon Caulle,VIIRS375,0.07217,7.83,1,muy baja,2026-10-05T18:06:10,mirova-archivo,1
2024-02-18T05:24:00,357150,Puyehue-Cordon Caulle,VIIRS375,1.521,8.19,1,baja,2026-10-05T18:06:10,mirova-archivo,1
2024-02-18T06:12:00,357150,Puyehue-Cordon Caulle,VIIRS375,0.3796,7.83,1,muy baja,2026-10-05T18:06:10,mirova-archivo,1
2024-02-19T05:06:00,357150,Puyehue-Cordon Caulle,VIIRS375,1.021,8.55,1,baja,2026-10-05T18:06:10,mirova-archivo,1
2024-02-19T05:54:00,357150,Puyehue-Cordon Caulle,VIIRS375,0.8492,8.10,1,muy baja,2026-10-05T18:06:10,mirova-archivo,1
2024-02-20T05:36:00,357150,Puyehue-Cordon Caulle,VIIRS375,1.496,8.19,1,baja,2026-10-05T18:06:10,mirova-archivo,1
2024-02-21T05:18:00,357150,Puyehue-Cordon Caulle,VIIRS375,0.2897,7.83,1,muy baja,2026-10-05T18:06:10,mirova-archivo,1
2024-02-22T06:42:00,357150,Puyehue-Cordon Caulle,VIIRS375,0.05031,5.74,0,no volcanica,2026-10-05T18:06:10,mirova-archivo,0
2024-02-24T06:00:00,357150,Puyehue-Cordon Caulle,VIIRS375,1.041,8.19,1,baja,2026-10-05T18:06:10,mirova-archivo,1
2024-02-25T05:42:00,357150,Puyehue-Cordon Caulle,VIIRS375,1.727,8.46,1,baja,2026-10-05T18:06:10,mirova-archivo,1
2024-02-26T04:36:00,357150,Puyehue-Cordon Caulle,VIIRS375,0.1199,8.66,1,muy baja,2026-10-05T18:06:10,mirova-archivo,1
2024-02-26T05:24:00,357150,Puyehue-Cordon Caulle,VIIRS375,0.7766,8.10,1,muy baja,2026-10-05T18:06:10,mirova-archivo,1
2024-02-26T06:12:00,357150,Puyehue-Cordon Caulle,VIIRS375,0.7379,8.10,1,muy baja,2026-10-05T18:06:10,mirova-archivo,1
2024-02-27T05:06:00,357150,Puyehue-Cordon Caulle,VIIRS375,1.897,20.71,0,no volcanica,2026-10-05T18:06:10,mirova-archivo,0
2024-02-27T05:54:00,357150,Puyehue-Cordon Caulle,VIIRS375,1.085,7.83,1,baja,2026-10-05T18:06:10,mirova-archivo,1
2024-02-27T06:48:00,357150,Puyehue-Cordon Caulle,VIIRS375,0.4645,8.19,1,muy baja,2026-10-05T18:06:10,mirova-archivo,1
2024-02-29T04:30:00,357150,Puyehue-Cordon Caulle,VIIRS375,1.139,8.78,1,baja,2026-10-05T18:06:10,mirova-archivo,1
2024-02-29T05:18:00,357150,Puyehue-Cordon Caulle,VIIRS375,0.9867,8.19,1,muy baja,2026-10-05T18:06:10,mirova-archivo,1
2024-02-29T06:06:00,357150,Puyehue-Cordon Caulle,VIIRS375,0.4843,8.02,1,muy baja,2026-10-05T18:06:10,mirova-archivo,1
2024-03-01T05:00:00,357150,Puyehue-Cordon Caulle,VIIRS375,0.9172,8.46,1,muy baja,2026-10-05T18:06:10,mirova-archivo,1
2024-03-01T05:48:00,357150,Puyehue-Cordon Caulle,VIIRS375,1.368,8.19,1,baja,2026-10-05T18:06:10,mirova-archivo,1
2024-03-01T06:42:00,357150,Puyehue-Cordon Caulle,VIIRS375,0.8679,8.10,1,muy baja,2026-10-05T18:06:10,mirova-archivo,1
2024-03-03T05:12:00,357150,Puyehue-Cordon Caulle,VIIRS375,0.4714,8.10,1,muy baja,2026-10-05T18:06:10,mirova-archivo,1
2024-03-03T06:00:00,357150,Puyehue-Cordon Caulle,VIIRS375,0.4861,7.83,1,muy baja,2026-10-05T18:06:10,mirova-archivo,1
2024-03-04T04:54:00,357150,Puyehue-Cordon Caulle,VIIRS375,0.4084,8.19,1,muy baja,2026-10-05T18:06:10,mirova-archivo,1
2024-03-04T05:42:00,357150,Puyehue-Cordon Caulle,VIIRS375,0.621,8.19,1,muy baja,2026-10-05T18:06:10,mirova-archivo,1
2024-03-04T06:36:00,357150,Puyehue-Cordon Caulle,VIIRS375,0.2277,8.02,1,muy baja,2026-10-05T18:06:10,mirova-archivo,1
2024-03-05T04:36:00,357150,Puyehue-Cordon Caulle,VIIRS375,0.8357,8.55,1,muy baja,2026-10-05T18:06:10,mirova-archivo,1
2024-03-05T05:24:00,357150,Puyehue-Cordon Caulle,VIIRS375,0.9806,8.19,1,muy baja,2026-10-05T18:06:10,mirova-archivo,1
2024-03-05T06:12:00,357150,Puyehue-Cordon Caulle,VIIRS375,0.9664,8.19,1,muy baja,2026-10-05T18:06:10,mirova-archivo,1
2024-03-06T05:54:00,357150,Puyehue-Cordon Caulle,VIIRS375,0.4173,7.73,1,muy baja,2026-10-05T18:06:10,mirova-archivo,1
2024-03-07T04:48:00,357150,Puyehue-Cordon Caulle,VIIRS375,0.88,8.66,1,muy baja,2026-10-05T18:06:10,mirova-archivo,1
2024-03-07T05:36:00,357150,Puyehue-Cordon Caulle,VIIRS375,1.093,8.10,1,baja,2026-10-05T18:06:10,mirova-archivo,1
2024-03-13T04:36:00,357150,Puyehue-Cordon Caulle,VIIRS375,0.1113,8.30,1,muy baja,2026-10-05T18:06:10,mirova-archivo,1
2024-03-13T05:24:00,357150,Puyehue-Cordon Caulle,VIIRS375,0.6492,8.10,1,muy baja,2026-10-05T18:06:10,mirova-archivo,1
2024-03-13T06:12:00,357150,Puyehue-Cordon Caulle,VIIRS375,0.2472,7.65,1,muy baja,2026-10-05T18:06:10,mirova-archivo,1
2024-03-17T05:00:00,357150,Puyehue-Cordon Caulle,VIIRS375,0.2301,8.55,1,muy baja,2026-10-05T18:06:10,mirova-archivo,1
2024-03-19T05:12:00,357150,Puyehue-Cordon Caulle,VIIRS375,0.1964,8.19,1,muy baja,2026-10-05T18:06:10,mirova-archivo,1
2024-03-19T06:00:00,357150,Puyehue-Cordon Caulle,VIIRS375,0.2757,7.83,1,muy baja,2026-10-05T18:06:10,mirova-archivo,1
2024-03-21T04:36:00,357150,Puyehue-Cordon Caulle,VIIRS375,0.3784,8.55,1,muy baja,2026-10-05T18:06:10,mirova-archivo,1
2024-03-21T06:12:00,357150,Puyehue-Cordon Caulle,VIIRS375,0.3655,7.83,1,muy baja,2026-10-05T18:06:10,mirova-archivo,1
2024-03-25T05:00:00,357150,Puyehue-Cordon Caulle,VIIRS375,0.7708,8.30,1,muy baja,2026-10-05T18:06:10,mirova-archivo,1
2024-03-25T05:42:00,357150,Puyehue-Cordon Caulle,VIIRS375,1.248,8.19,1,baja,2026-10-05T18:06:10,mirova-archivo,1
2024-03-25T06:42:00,357150,Puyehue-Cordon Caulle,VIIRS375,0.1301,8.10,1,muy baja,2026-10-05T18:06:10,mirova-archivo,1
2024-03-27T05:00:00,357150,Puyehue-Cordon Caulle,VIIRS375,0.0442,8.10,1,muy baja,2026-10-05T18:06:10,mirova-archivo,1
2024-03-27T06:00:00,357150,Puyehue-Cordon Caulle,VIIRS375,0.944,8.10,1,muy baja,2026-10-05T18:06:10,mirova-archivo,1
2024-03-28T04:42:00,357150,Puyehue-Cordon Caulle,VIIRS375,0.4098,8.55,1,muy baja,2026-10-05T18:06:10,mirova-archivo,1
2024-03-28T05:42:00,357150,Puyehue-Cordon Caulle,VIIRS375,0.5029,7.83,1,muy baja,2026-10-05T18:06:10,mirova-archivo,1
2024-03-28T06:18:00,357150,Puyehue-Cordon Caulle,VIIRS375,0.5609,7.83,1,muy baja,2026-10-05T18:06:10,mirova-archivo,1
2024-03-31T05:18:00,357150,Puyehue-Cordon Caulle,VIIRS375,0.4766,8.19,1,muy baja,2026-10-05T18:06:10,mirova-archivo,1
2024-03-31T06:30:00,357150,Puyehue-Cordon Caulle,VIIRS375,0.5051,8.02,1,muy baja,2026-10-05T18:06:10,mirova-archivo,1
2024-04-01T05:00:00,357150,Puyehue-Cordon Caulle,VIIRS375,0.2708,8.30,1,muy baja,2026-10-05T18:06:10,mirova-archivo,1
2024-04-01T06:06:00,357150,Puyehue-Cordon Caulle,VIIRS375,0.6427,7.73,1,muy baja,2026-10-05T18:06:10,mirova-archivo,1
2024-04-01T06:36:00,357150,Puyehue-Cordon Caulle,VIIRS375,0.1188,7.65,1,muy baja,2026-10-05T18:06:10,mirova-archivo,1
2024-04-05T05:18:00,357150,Puyehue-Cordon Caulle,VIIRS375,0.135,7.73,1,muy baja,2026-10-05T18:06:10,mirova-archivo,1
2024-04-09T05:18:00,357150,Puyehue-Cordon Caulle,VIIRS375,0.08594,7.73,1,muy baja,2026-10-05T18:06:10,mirova-archivo,1
2024-04-09T05:42:00,357150,Puyehue-Cordon Caulle,VIIRS375,0.6621,8.19,1,muy baja,2026-10-05T18:06:10,mirova-archivo,1
2024-04-10T05:00:00,357150,Puyehue-Cordon Caulle,VIIRS375,0.2508,8.19,1,muy baja,2026-10-05T18:06:10,mirova-archivo,1
2024-04-10T05:24:00,357150,Puyehue-Cordon Caulle,VIIRS375,0.1082,7.83,1,muy baja,2026-10-05T18:06:10,mirova-archivo,1
2024-04-11T05:06:00,357150,Puyehue-Cordon Caulle,VIIRS375,0.2647,8.19,1,muy baja,2026-10-05T18:06:10,mirova-archivo,1
2024-04-12T06:00:00,357150,Puyehue-Cordon Caulle,VIIRS375,0.2985,8.02,1,muy baja,2026-10-05T18:06:10,mirova-archivo,1
2024-04-12T06:30:00,357150,Puyehue-Cordon Caulle,VIIRS375,0.8507,8.19,1,muy baja,2026-10-05T18:06:10,mirova-archivo,1
2024-04-13T06:06:00,357150,Puyehue-Cordon Caulle,VIIRS375,0.1573,7.65,1,muy baja,2026-10-05T18:06:10,mirova-archivo,1
2024-04-14T05:24:00,357150,Puyehue-Cordon Caulle,VIIRS375,0.3735,7.83,1,muy baja,2026-10-05T18:06:10,mirova-archivo,1
2024-04-14T05:48:00,357150,Puyehue-Cordon Caulle,VIIRS375,0.1626,7.65,1,muy baja,2026-10-05T18:06:10,mirova-archivo,1
2024-04-15T05:06:00,357150,Puyehue-Cordon Caulle,VIIRS375,0.7049,8.19,1,muy baja,2026-10-05T18:06:10,mirova-archivo,1
2024-04-15T05:30:00,357150,Puyehue-Cordon Caulle,VIIRS375,1.121,8.39,1,baja,2026-10-05T18:06:10,mirova-archivo,1
2024-04-15T06:48:00,357150,Puyehue-Cordon Caulle,VIIRS375,0.07887,7.28,1,muy baja,2026-10-05T18:06:10,mirova-archivo,1
2024-04-18T04:36:00,357150,Puyehue-Cordon Caulle,VIIRS375,0.1747,8.30,1,muy baja,2026-10-05T18:06:10,mirova-archivo,1
2024-04-18T05:48:00,357150,Puyehue-Cordon Caulle,VIIRS375,0.4577,7.83,1,muy baja,2026-10-05T18:06:10,mirova-archivo,1
2024-04-18T06:18:00,357150,Puyehue-Cordon Caulle,VIIRS375,0.7236,8.10,1,muy baja,2026-10-05T18:06:10,mirova-archivo,1
2024-04-21T04:54:00,357150,Puyehue-Cordon Caulle,VIIRS375,0.2671,8.19,1,muy baja,2026-10-05T18:06:10,mirova-archivo,1
2024-04-24T06:06:00,357150,Puyehue-Cordon Caulle,VIIRS375,0.1222,7.73,1,muy baja,2026-10-05T18:06:10,mirova-archivo,1
2024-04-30T05:24:00,357150,Puyehue-Cordon Caulle,VIIRS375,0.1424,19.26,0,no volcanica,2026-10-05T18:06:10,mirova-archivo,0
2024-05-03T04:54:00,357150,Puyehue-Cordon Caulle,VIIRS375,0.1933,8.46,1,muy baja,2026-10-05T18:06:10,mirova-archivo,1
2024-05-03T06:06:00,357150,Puyehue-Cordon Caulle,VIIRS375,0.2767,7.73,1,muy baja,2026-10-05T18:06:10,mirova-archivo,1
2024-05-11T05:42:00,357150,Puyehue-Cordon Caulle,VIIRS375,0.1359,7.73,1,muy baja,2026-10-05T18:06:10,mirova-archivo,1
2024-05-12T05:24:00,357150,Puyehue-Cordon Caulle,VIIRS375,0.1552,7.83,1,muy baja,2026-10-05T18:06:10,mirova-archivo,1
2024-05-12T06:42:00,357150,Puyehue-Cordon Caulle,VIIRS375,0.0456,7.28,1,muy baja,2026-10-05T18:06:10,mirova-archivo,1
2024-05-13T04:42:00,357150,Puyehue-Cordon Caulle,VIIRS375,0.2872,8.55,1,muy baja,2026-10-05T18:06:10,mirova-archivo,1
2024-05-14T04:48:00,357150,Puyehue-Cordon Caulle,VIIRS375,0.4169,8.66,1,muy baja,2026-10-05T18:06:10,mirova-archivo,1
2024-05-14T06:00:00,357150,Puyehue-Cordon Caulle,VIIRS375,0.5088,7.83,1,muy baja,2026-10-05T18:06:10,mirova-archivo,1
2024-05-14T06:30:00,357150,Puyehue-Cordon Caulle,VIIRS375,0.3166,8.19,1,muy baja,2026-10-05T18:06:10,mirova-archivo,1
2024-05-15T05:42:00,357150,Puyehue-Cordon Caulle,VIIRS375,0.2779,7.83,1,muy baja,2026-10-05T18:06:10,mirova-archivo,1
2024-05-16T05:24:00,357150,Puyehue-Cordon Caulle,VIIRS375,0.3465,8.10,1,muy baja,2026-10-05T18:06:10,mirova-archivo,1
2024-05-16T05:48:00,357150,Puyehue-Cordon Caulle,VIIRS375,0.353,8.19,1,muy baja,2026-10-05T18:06:10,mirova-archivo,1
2024-05-17T05:06:00,357150,Puyehue-Cordon Caulle,VIIRS375,0.7363,8.30,1,muy baja,2026-10-05T18:06:10,mirova-archivo,1
2024-05-17T05:30:00,357150,Puyehue-Cordon Caulle,VIIRS375,0.8562,8.19,1,muy baja,2026-10-05T18:06:10,mirova-archivo,1
2024-05-17T06:48:00,357150,Puyehue-Cordon Caulle,VIIRS375,0.03741,7.83,1,muy baja,2026-10-05T18:06:10,mirova-archivo,1
2024-05-18T05:12:00,357150,Puyehue-Cordon Caulle,VIIRS375,0.5786,8.19,1,muy baja,2026-10-05T18:06:10,mirova-archivo,1
2024-05-18T06:30:00,357150,Puyehue-Cordon Caulle,VIIRS375,0.4877,7.83,1,muy baja,2026-10-05T18:06:10,mirova-archivo,1
2024-05-23T04:54:00,357150,Puyehue-Cordon Caulle,VIIRS375,0.3044,8.46,1,muy baja,2026-10-05T18:06:10,mirova-archivo,1
2024-05-23T05:18:00,357150,Puyehue-Cordon Caulle,VIIRS375,0.6044,8.19,1,muy baja,2026-10-05T18:06:10,mirova-archivo,1
2024-05-23T06:36:00,357150,Puyehue-Cordon Caulle,VIIRS375,0.3761,7.83,1,muy baja,2026-10-05T18:06:10,mirova-archivo,1
2024-05-25T05:54:00,357150,Puyehue-Cordon Caulle,VIIRS375,0.1296,7.83,1,muy baja,2026-10-05T18:06:10,mirova-archivo,1
2024-05-26T05:36:00,357150,Puyehue-Cordon Caulle,VIIRS375,0.09157,8.10,1,muy baja,2026-10-05T18:06:10,mirova-archivo,1
2024-05-26T06:00:00,357150,Puyehue-Cordon Caulle,VIIRS375,0.6901,8.02,1,muy baja,2026-10-05T18:06:10,mirova-archivo,1
2024-05-27T05:42:00,357150,Puyehue-Cordon Caulle,VIIRS375,0.6026,8.19,1,muy baja,2026-10-05T18:06:10,mirova-archivo,1
2024-05-28T05:24:00,357150,Puyehue-Cordon Caulle,VIIRS375,0.5252,8.19,1,muy baja,2026-10-05T18:06:10,mirova-archivo,1
2024-05-30T04:48:00,357150,Puyehue-Cordon Caulle,VIIRS375,0.3397,8.46,1,muy baja,2026-10-05T18:06:10,mirova-archivo,1
2024-06-03T05:12:00,357150,Puyehue-Cordon Caulle,VIIRS375,0.2643,8.19,1,muy baja,2026-10-05T18:06:10,mirova-archivo,1
2024-06-04T06:36:00,357150,Puyehue-Cordon Caulle,VIIRS375,0.05112,2.93,0,no volcanica,2026-10-05T18:06:10,mirova-archivo,0
2024-06-24T04:54:00,357150,Puyehue-Cordon Caulle,VIIRS375,0.115,8.19,1,muy baja,2026-10-05T18:06:10,mirova-archivo,1
2024-06-24T05:18:00,357150,Puyehue-Cordon Caulle,VIIRS375,0.3159,8.19,1,muy baja,2026-10-05T18:06:10,mirova-archivo,1
2024-06-24T06:30:00,357150,Puyehue-Cordon Caulle,VIIRS375,0.389,8.19,1,muy baja,2026-10-05T18:06:10,mirova-archivo,1
2024-06-25T04:36:00,357150,Puyehue-Cordon Caulle,VIIRS375,0.06514,8.30,1,muy baja,2026-10-05T18:06:10,mirova-archivo,1
2024-06-25T05:00:00,357150,Puyehue-Cordon Caulle,VIIRS375,0.3751,8.55,1,muy baja,2026-10-05T18:06:10,mirova-archivo,1
2024-06-25T06:12:00,357150,Puyehue-Cordon Caulle,VIIRS375,0.4372,8.19,1,muy baja,2026-10-05T18:06:10,mirova-archivo,1
2024-06-25T06:36:00,357150,Puyehue-Cordon Caulle,VIIRS375,0.04896,7.73,1,muy baja,2026-10-05T18:06:10,mirova-archivo,1
2024-06-29T05:00:00,357150,Puyehue-Cordon Caulle,VIIRS375,0.1628,8.19,1,muy baja,2026-10-05T18:06:10,mirova-archivo,1
2024-06-29T05:24:00,357150,Puyehue-Cordon Caulle,VIIRS375,0.335,8.19,1,muy baja,2026-10-05T18:06:10,mirova-archivo,1
2024-07-03T05:24:00,357150,Puyehue-Cordon Caulle,VIIRS375,0.04173,8.10,1,muy baja,2026-10-05T18:06:10,mirova-archivo,1
2024-07-03T05:48:00,357150,Puyehue-Cordon Caulle,VIIRS375,0.1353,8.10,1,muy baja,2026-10-05T18:06:10,mirova-archivo,1
2024-07-07T04:36:00,357150,Puyehue-Cordon Caulle,VIIRS375,0.1114,8.19,1,muy baja,2026-10-05T18:06:10,mirova-archivo,1
2024-07-07T05:48:00,357150,Puyehue-Cordon Caulle,VIIRS375,0.898,8.39,1,muy baja,2026-10-05T18:06:10,mirova-archivo,1
2024-07-07T06:12:00,357150,Puyehue-Cordon Caulle,VIIRS375,0.703,8.19,1,muy baja,2026-10-05T18:06:10,mirova-archivo,1
2024-07-08T05:30:00,357150,Puyehue-Cordon Caulle,VIIRS375,0.6959,8.30,1,muy baja,2026-10-05T18:06:10,mirova-archivo,1
2024-07-08T05:54:00,357150,Puyehue-Cordon Caulle,VIIRS375,0.8158,8.19,1,muy baja,2026-10-05T18:06:10,mirova-archivo,1
2024-07-09T05:12:00,357150,Puyehue-Cordon Caulle,VIIRS375,0.1508,8.10,1,muy baja,2026-10-05T18:06:10,mirova-archivo,1
2024-07-09T05:36:00,357150,Puyehue-Cordon Caulle,VIIRS375,0.2858,7.83,1,muy baja,2026-10-05T18:06:10,mirova-archivo,1
2024-07-11T05:00:00,357150,Puyehue-Cordon Caulle,VIIRS375,0.1861,8.55,1,muy baja,2026-10-05T18:06:10,mirova-archivo,1
2024-07-11T06:36:00,357150,Puyehue-Cordon Caulle,VIIRS375,0.03525,8.19,1,muy baja,2026-10-05T18:06:10,mirova-archivo,1
2024-07-12T04:42:00,357150,Puyehue-Cordon Caulle,VIIRS375,0.3019,8.55,1,muy baja,2026-10-05T18:06:10,mirova-archivo,1
2024-07-12T06:18:00,357150,Puyehue-Cordon Caulle,VIIRS375,0.6359,7.83,1,muy baja,2026-10-05T18:06:10,mirova-archivo,1
2024-07-13T06:00:00,357150,Puyehue-Cordon Caulle,VIIRS375,1.176,8.30,1,baja,2026-10-05T18:06:10,mirova-archivo,1
2024-07-14T05:42:00,357150,Puyehue-Cordon Caulle,VIIRS375,0.5362,8.30,1,muy baja,2026-10-05T18:06:10,mirova-archivo,1
2024-07-15T05:24:00,357150,Puyehue-Cordon Caulle,VIIRS375,1.033,8.39,1,baja,2026-10-05T18:06:10,mirova-archivo,1
2024-07-19T05:24:00,357150,Puyehue-Cordon Caulle,VIIRS375,0.7164,8.19,1,muy baja,2026-10-05T18:06:10,mirova-archivo,1
2024-07-19T05:48:00,357150,Puyehue-Cordon Caulle,VIIRS375,0.7127,8.19,1,muy baja,2026-10-05T18:06:10,mirova-archivo,1
2024-07-20T05:30:00,357150,Puyehue-Cordon Caulle,VIIRS375,0.2497,8.19,1,muy baja,2026-10-05T18:06:10,mirova-archivo,1
2024-07-21T04:48:00,357150,Puyehue-Cordon Caulle,VIIRS375,0.4099,8.55,1,muy baja,2026-10-05T18:06:10,mirova-archivo,1
2024-07-21T05:12:00,357150,Puyehue-Cordon Caulle,VIIRS375,0.8256,8.30,1,muy baja,2026-10-05T18:06:10,mirova-archivo,1
2024-07-21T06:54:00,357150,Puyehue-Cordon Caulle,VIIRS375,0.2821,7.73,1,muy baja,2026-10-05T18:06:10,mirova-archivo,1
2024-07-22T04:54:00,357150,Puyehue-Cordon Caulle,VIIRS375,0.3263,8.66,1,muy baja,2026-10-05T18:06:10,mirova-archivo,1
2024-07-22T06:06:00,357150,Puyehue-Cordon Caulle,VIIRS375,0.4335,7.83,1,muy baja,2026-10-05T18:06:10,mirova-archivo,1
2024-07-22T06:30:00,357150,Puyehue-Cordon Caulle,VIIRS375,0.1527,7.65,1,muy baja,2026-10-05T18:06:10,mirova-archivo,1
2024-07-23T04:36:00,357150,Puyehue-Cordon Caulle,VIIRS375,0.5305,8.55,1,muy baja,2026-10-05T18:06:10,mirova-archivo,1
2024-07-23T05:48:00,357150,Puyehue-Cordon Caulle,VIIRS375,1.125,8.19,1,baja,2026-10-05T18:06:10,mirova-archivo,1
2024-07-23T06:12:00,357150,Puyehue-Cordon Caulle,VIIRS375,1.136,8.19,1,baja,2026-10-05T18:06:10,mirova-archivo,1
2024-07-26T05:18:00,357150,Puyehue-Cordon Caulle,VIIRS375,0.3042,8.19,1,muy baja,2026-10-05T18:06:10,mirova-archivo,1
2024-07-27T05:00:00,357150,Puyehue-Cordon Caulle,VIIRS375,0.3479,13.92,0,no volcanica,2026-10-05T18:06:10,mirova-archivo,0
2024-07-28T06:18:00,357150,Puyehue-Cordon Caulle,VIIRS375,0.06603,7.65,1,muy baja,2026-10-05T18:06:10,mirova-archivo,1
2024-07-29T06:00:00,357150,Puyehue-Cordon Caulle,VIIRS375,0.7262,8.19,1,muy baja,2026-10-05T18:06:10,mirova-archivo,1
2024-07-30T05:18:00,357150,Puyehue-Cordon Caulle,VIIRS375,0.3114,7.83,1,muy baja,2026-10-05T18:06:10,mirova-archivo,1
2024-07-30T05:42:00,357150,Puyehue-Cordon Caulle,VIIRS375,1.323,8.19,1,baja,2026-10-05T18:06:10,mirova-archivo,1
2024-07-31T05:24:00,357150,Puyehue-Cordon Caulle,VIIRS375,0.5634,8.19,1,muy baja,2026-10-05T18:06:10,mirova-archivo,1
2024-08-06T04:48:00,357150,Puyehue-Cordon Caulle,VIIRS375,0.1847,8.19,1,muy baja,2026-10-05T18:06:10,mirova-archivo,1
2024-08-06T05:12:00,357150,Puyehue-Cordon Caulle,VIIRS375,0.0767,7.73,1,muy baja,2026-10-05T18:06:10,mirova-archivo,1
2024-08-07T04:30:00,357150,Puyehue-Cordon Caulle,VIIRS375,0.2704,8.55,1,muy baja,2026-10-05T18:06:10,mirova-archivo,1
2024-08-07T04:54:00,357150,Puyehue-Cordon Caulle,VIIRS375,0.1297,8.10,1,muy baja,2026-10-05T18:06:10,mirova-archivo,1
2024-08-08T05:48:00,357150,Puyehue-Cordon Caulle,VIIRS375,0.8297,8.19,1,muy baja,2026-10-05T18:06:10,mirova-archivo,1
2024-08-08T06:12:00,357150,Puyehue-Cordon Caulle,VIIRS375,0.7077,8.10,1,muy baja,2026-10-05T18:06:10,mirova-archivo,1
2024-08-09T05:30:00,357150,Puyehue-Cordon Caulle,VIIRS375,0.8353,8.39,1,muy baja,2026-10-05T18:06:10,mirova-archivo,1
2024-08-09T05:54:00,357150,Puyehue-Cordon Caulle,VIIRS375,1.026,8.39,1,baja,2026-10-05T18:06:10,mirova-archivo,1
2024-08-12T05:00:00,357150,Puyehue-Cordon Caulle,VIIRS375,0.6134,8.30,1,muy baja,2026-10-05T18:06:10,mirova-archivo,1
2024-08-12T06:36:00,357150,Puyehue-Cordon Caulle,VIIRS375,0.7912,8.19,1,muy baja,2026-10-05T18:06:10,mirova-archivo,1
2024-08-13T04:42:00,357150,Puyehue-Cordon Caulle,VIIRS375,0.1694,8.55,1,muy baja,2026-10-05T18:06:10,mirova-archivo,1
2024-08-13T05:54:00,357150,Puyehue-Cordon Caulle,VIIRS375,0.2878,7.83,1,muy baja,2026-10-05T18:06:10,mirova-archivo,1
2024-08-15T05:18:00,357150,Puyehue-Cordon Caulle,VIIRS375,0.0985,8.19,1,muy baja,2026-10-05T18:06:10,mirova-archivo,1
2024-08-16T05:00:00,357150,Puyehue-Cordon Caulle,VIIRS375,0.5807,8.55,1,muy baja,2026-10-05T18:06:10,mirova-archivo,1
2024-08-16T05:24:00,357150,Puyehue-Cordon Caulle,VIIRS375,0.5831,8.19,1,muy baja,2026-10-05T18:06:10,mirova-archivo,1
2024-08-16T06:42:00,357150,Puyehue-Cordon Caulle,VIIRS375,0.1875,8.10,1,muy baja,2026-10-05T18:06:10,mirova-archivo,1
2024-08-17T05:06:00,357150,Puyehue-Cordon Caulle,VIIRS375,0.3607,8.55,1,muy baja,2026-10-05T18:06:10,mirova-archivo,1
2024-08-18T04:48:00,357150,Puyehue-Cordon Caulle,VIIRS375,0.2356,8.30,1,muy baja,2026-10-05T18:06:10,mirova-archivo,1
2024-08-18T06:00:00,357150,Puyehue-Cordon Caulle,VIIRS375,0.5063,7.83,1,muy baja,2026-10-05T18:06:10,mirova-archivo,1
2024-08-18T06:24:00,357150,Puyehue-Cordon Caulle,VIIRS375,0.1443,7.73,1,muy baja,2026-10-05T18:06:10,mirova-archivo,1
2024-08-20T05:48:00,357150,Puyehue-Cordon Caulle,VIIRS375,0.3054,7.83,1,muy baja,2026-10-05T18:06:10,mirova-archivo,1
2024-08-21T05:06:00,357150,Puyehue-Cordon Caulle,VIIRS375,0.09387,7.73,1,muy baja,2026-10-05T18:06:10,mirova-archivo,1
2024-08-21T05:30:00,357150,Puyehue-Cordon Caulle,VIIRS375,0.04495,7.73,1,muy baja,2026-10-05T18:06:10,mirova-archivo,1
2024-08-23T04:54:00,357150,Puyehue-Cordon Caulle,VIIRS375,0.2366,8.19,1,muy baja,2026-10-05T18:06:10,mirova-archivo,1
2024-08-25T05:30:00,357150,Puyehue-Cordon Caulle,VIIRS375,0.09242,7.73,1,muy baja,2026-10-05T18:06:10,mirova-archivo,1
2024-08-27T04:54:00,357150,Puyehue-Cordon Caulle,VIIRS375,0.8187,8.55,1,muy baja,2026-10-05T18:06:10,mirova-archivo,1
2024-08-27T05:18:00,357150,Puyehue-Cordon Caulle,VIIRS375,0.8786,8.55,1,muy baja,2026-10-05T18:06:10,mirova-archivo,1
2024-08-27T06:36:00,357150,Puyehue-Cordon Caulle,VIIRS375,0.9328,8.10,1,muy baja,2026-10-05T18:06:10,mirova-archivo,1
2024-08-28T04:36:00,357150,Puyehue-Cordon Caulle,VIIRS375,0.7317,8.30,1,muy baja,2026-10-05T18:06:10,mirova-archivo,1
2024-08-28T05:00:00,357150,Puyehue-Cordon Caulle,VIIRS375,0.5057,8.55,1,muy baja,2026-10-05T18:06:10,mirova-archivo,1
2024-08-28T06:12:00,357150,Puyehue-Cordon Caulle,VIIRS375,0.9448,8.19,1,muy baja,2026-10-05T18:06:10,mirova-archivo,1
2024-08-28T06:36:00,357150,Puyehue-Cordon Caulle,VIIRS375,0.567,8.55,1,muy baja,2026-10-05T18:06:10,mirova-archivo,1
2024-08-29T04:42:00,357150,Puyehue-Cordon Caulle,VIIRS375,0.4883,11.42,0,no volcanica,2026-10-05T18:06:10,mirova-archivo,0
2024-08-29T05:54:00,357150,Puyehue-Cordon Caulle,VIIRS375,0.6531,8.19,1,muy baja,2026-10-05T18:06:10,mirova-archivo,1
2024-08-29T06:18:00,357150,Puyehue-Cordon Caulle,VIIRS375,0.1917,7.73,1,muy baja,2026-10-05T18:06:10,mirova-archivo,1
2024-08-30T05:36:00,357150,Puyehue-Cordon Caulle,VIIRS375,0.741,8.19,1,muy baja,2026-10-05T18:06:10,mirova-archivo,1
2024-08-30T06:00:00,357150,Puyehue-Cordon Caulle,VIIRS375,0.7917,8.19,1,muy baja,2026-10-05T18:06:10,mirova-archivo,1
2024-08-31T05:18:00,357150,Puyehue-Cordon Caulle,VIIRS375,0.4687,8.19,1,muy baja,2026-10-05T18:06:10,mirova-archivo,1
2024-08-31T05:42:00,357150,Puyehue-Cordon Caulle,VIIRS375,1.14,8.30,1,baja,2026-10-05T18:06:10,mirova-archivo,1
2024-09-01T05:00:00,357150,Puyehue-Cordon Caulle,VIIRS375,0.2857,8.10,1,muy baja,2026-10-05T18:06:10,mirova-archivo,1
2024-09-06T05:30:00,357150,Puyehue-Cordon Caulle,VIIRS375,0.1932,7.73,1,muy baja,2026-10-05T18:06:10,mirova-archivo,1
2024-09-08T06:06:00,357150,Puyehue-Cordon Caulle,VIIRS375,0.05269,7.73,1,muy baja,2026-10-05T18:06:10,mirova-archivo,1
2024-09-09T06:12:00,357150,Puyehue-Cordon Caulle,VIIRS375,0.07342,7.65,1,muy baja,2026-10-05T18:06:10,mirova-archivo,1
2024-09-10T05:54:00,357150,Puyehue-Cordon Caulle,VIIRS375,0.1635,19.76,0,no volcanica,2026-10-05T18:06:10,mirova-archivo,0
2024-09-12T04:54:00,357150,Puyehue-Cordon Caulle,VIIRS375,0.6389,8.30,1,muy baja,2026-10-05T18:06:10,mirova-archivo,1
2024-09-12T05:18:00,357150,Puyehue-Cordon Caulle,VIIRS375,0.4948,8.30,1,muy baja,2026-10-05T18:06:10,mirova-archivo,1
2024-09-12T06:36:00,357150,Puyehue-Cordon Caulle,VIIRS375,0.6177,7.83,1,muy baja,2026-10-05T18:06:10,mirova-archivo,1
2024-09-14T04:36:00,357150,Puyehue-Cordon Caulle,VIIRS375,0.349,8.91,1,muy baja,2026-10-05T18:06:10,mirova-archivo,1
2024-09-14T05:54:00,357150,Puyehue-Cordon Caulle,VIIRS375,0.4975,7.83,1,muy baja,2026-10-05T18:06:10,mirova-archivo,1
2024-09-16T05:18:00,357150,Puyehue-Cordon Caulle,VIIRS375,0.8156,8.46,1,muy baja,2026-10-05T18:06:10,mirova-archivo,1
2024-09-16T05:42:00,357150,Puyehue-Cordon Caulle,VIIRS375,1.134,8.19,1,baja,2026-10-05T18:06:10,mirova-archivo,1
2024-09-17T05:00:00,357150,Puyehue-Cordon Caulle,VIIRS375,0.5112,8.19,1,muy baja,2026-10-05T18:06:10,mirova-archivo,1
2024-09-17T05:24:00,357150,Puyehue-Cordon Caulle,VIIRS375,0.9909,8.19,1,muy baja,2026-10-05T18:06:10,mirova-archivo,1
2024-09-17T06:42:00,357150,Puyehue-Cordon Caulle,VIIRS375,0.8678,8.10,1,muy baja,2026-10-05T18:06:10,mirova-archivo,1
2024-09-18T05:06:00,357150,Puyehue-Cordon Caulle,VIIRS375,0.6402,8.55,1,muy baja,2026-10-05T18:06:10,mirova-archivo,1
2024-09-18T06:18:00,357150,Puyehue-Cordon Caulle,VIIRS375,0.4083,8.19,1,muy baja,2026-10-05T18:06:10,mirova-archivo,1
2024-09-19T06:00:00,357150,Puyehue-Cordon Caulle,VIIRS375,0.2049,8.19,1,muy baja,2026-10-05T18:06:10,mirova-archivo,1
2024-09-25T05:48:00,357150,Puyehue-Cordon Caulle,VIIRS375,0.1306,7.65,1,muy baja,2026-10-05T18:06:10,mirova-archivo,1
2024-09-25T06:12:00,357150,Puyehue-Cordon Caulle,VIIRS375,0.09052,7.73,1,muy baja,2026-10-05T18:06:10,mirova-archivo,1
2024-09-26T05:54:00,357150,Puyehue-Cordon Caulle,VIIRS375,0.6591,8.10,1,muy baja,2026-10-05T18:06:10,mirova-archivo,1
2024-09-27T05:36:00,357150,Puyehue-Cordon Caulle,VIIRS375,0.4103,8.10,1,muy baja,2026-10-05T18:06:10,mirova-archivo,1
2024-10-03T05:00:00,357150,Puyehue-Cordon Caulle,VIIRS375,0.5948,8.19,1,muy baja,2026-10-05T18:06:10,mirova-archivo,1
2024-10-03T05:24:00,357150,Puyehue-Cordon Caulle,VIIRS375,0.9838,8.30,1,muy baja,2026-10-05T18:06:10,mirova-archivo,1
2024-10-04T05:06:00,357150,Puyehue-Cordon Caulle,VIIRS375,0.5215,8.46,1,muy baja,2026-10-05T18:06:10,mirova-archivo,1
2024-10-04T06:18:00,357150,Puyehue-Cordon Caulle,VIIRS375,0.7178,8.19,1,muy baja,2026-10-05T18:06:10,mirova-archivo,1
2024-10-05T06:00:00,357150,Puyehue-Cordon Caulle,VIIRS375,1.187,8.19,1,baja,2026-10-05T18:06:10,mirova-archivo,1
2024-10-05T06:24:00,357150,Puyehue-Cordon Caulle,VIIRS375,1.063,8.19,1,baja,2026-10-05T18:06:10,mirova-archivo,1
2024-10-06T04:24:00,357150,Puyehue-Cordon Caulle,VIIRS375,0.106,8.66,1,muy baja,2026-10-05T18:06:10,mirova-archivo,1
2024-10-06T05:42:00,357150,Puyehue-Cordon Caulle,VIIRS375,0.412,7.83,1,muy baja,2026-10-05T18:06:10,mirova-archivo,1
2024-10-07T05:24:00,357150,Puyehue-Cordon Caulle,VIIRS375,0.9062,8.30,1,muy baja,2026-10-05T18:06:10,mirova-archivo,1
2024-10-07T05:48:00,357150,Puyehue-Cordon Caulle,VIIRS375,1.155,8.39,1,baja,2026-10-05T18:06:10,mirova-archivo,1
2024-10-08T05:06:00,357150,Puyehue-Cordon Caulle,VIIRS375,0.2009,7.83,1,muy baja,2026-10-05T18:06:10,mirova-archivo,1
2024-10-08T05:30:00,357150,Puyehue-Cordon Caulle,VIIRS375,0.818,8.30,1,muy baja,2026-10-05T18:06:10,mirova-archivo,1
2024-10-08T06:42:00,357150,Puyehue-Cordon Caulle,VIIRS375,0.07845,7.73,1,muy baja,2026-10-05T18:06:10,mirova-archivo,1
2024-10-09T04:48:00,357150,Puyehue-Cordon Caulle,VIIRS375,1.265,8.83,1,baja,2026-10-05T18:06:10,mirova-archivo,1
2024-10-09T05:12:00,357150,Puyehue-Cordon Caulle,VIIRS375,1.346,8.55,1,baja,2026-10-05T18:06:10,mirova-archivo,1
2024-10-09T06:24:00,357150,Puyehue-Cordon Caulle,VIIRS375,0.3594,7.73,1,muy baja,2026-10-05T18:06:10,mirova-archivo,1
2024-10-10T04:54:00,357150,Puyehue-Cordon Caulle,VIIRS375,0.6626,8.55,1,muy baja,2026-10-05T18:06:10,mirova-archivo,1
2024-10-10T06:06:00,357150,Puyehue-Cordon Caulle,VIIRS375,0.5498,7.83,1,muy baja,2026-10-05T18:06:10,mirova-archivo,1
2024-10-10T06:30:00,357150,Puyehue-Cordon Caulle,VIIRS375,0.5794,8.19,1,muy baja,2026-10-05T18:06:10,mirova-archivo,1
2024-10-13T05:36:00,357150,Puyehue-Cordon Caulle,VIIRS375,0.05641,7.73,1,muy baja,2026-10-05T18:06:10,mirova-archivo,1
2024-10-14T04:54:00,357150,Puyehue-Cordon Caulle,VIIRS375,0.1392,8.46,1,muy baja,2026-10-05T18:06:10,mirova-archivo,1
2024-10-14T05:18:00,357150,Puyehue-Cordon Caulle,VIIRS375,0.5692,8.46,1,muy baja,2026-10-05T18:06:10,mirova-archivo,1
2024-10-14T06:30:00,357150,Puyehue-Cordon Caulle,VIIRS375,0.452,8.19,1,muy baja,2026-10-05T18:06:10,mirova-archivo,1
2024-10-15T04:36:00,357150,Puyehue-Cordon Caulle,VIIRS375,0.787,8.91,1,muy baja,2026-10-05T18:06:10,mirova-archivo,1
2024-10-15T05:00:00,357150,Puyehue-Cordon Caulle,VIIRS375,1.255,8.66,1,baja,2026-10-05T18:06:10,mirova-archivo,1
2024-10-15T06:12:00,357150,Puyehue-Cordon Caulle,VIIRS375,0.9774,8.19,1,muy baja,2026-10-05T18:06:10,mirova-archivo,1
2024-10-15T06:36:00,357150,Puyehue-Cordon Caulle,VIIRS375,0.665,8.19,1,muy baja,2026-10-05T18:06:10,mirova-archivo,1
2024-10-16T04:36:00,357150,Puyehue-Cordon Caulle,VIIRS375,0.8781,8.91,1,muy baja,2026-10-05T18:06:10,mirova-archivo,1
2024-10-16T05:54:00,357150,Puyehue-Cordon Caulle,VIIRS375,0.8379,7.83,1,muy baja,2026-10-05T18:06:10,mirova-archivo,1
2024-10-16T06:18:00,357150,Puyehue-Cordon Caulle,VIIRS375,0.6665,8.19,1,muy baja,2026-10-05T18:06:10,mirova-archivo,1
2024-10-18T05:18:00,357150,Puyehue-Cordon Caulle,VIIRS375,1.113,8.19,1,baja,2026-10-05T18:06:10,mirova-archivo,1
2024-10-18T05:42:00,357150,Puyehue-Cordon Caulle,VIIRS375,1.262,8.19,1,baja,2026-10-05T18:06:10,mirova-archivo,1
2024-10-19T05:00:00,357150,Puyehue-Cordon Caulle,VIIRS375,0.6436,8.30,1,muy baja,2026-10-05T18:06:10,mirova-archivo,1
2024-10-19T05:24:00,357150,Puyehue-Cordon Caulle,VIIRS375,1.065,8.30,1,baja,2026-10-05T18:06:10,mirova-archivo,1
2024-10-19T06:36:00,357150,Puyehue-Cordon Caulle,VIIRS375,0.3704,8.10,1,muy baja,2026-10-05T18:06:10,mirova-archivo,1
2024-10-21T06:00:00,357150,Puyehue-Cordon Caulle,VIIRS375,0.06087,7.73,1,muy baja,2026-10-05T18:06:10,mirova-archivo,1
2024-10-22T05:42:00,357150,Puyehue-Cordon Caulle,VIIRS375,1.228,8.19,1,baja,2026-10-05T18:06:10,mirova-archivo,1
2024-10-22T06:06:00,357150,Puyehue-Cordon Caulle,VIIRS375,1.024,8.19,1,baja,2026-10-05T18:06:10,mirova-archivo,1
2024-10-26T06:06:00,357150,Puyehue-Cordon Caulle,VIIRS375,0.2164,7.73,1,muy baja,2026-10-05T18:06:10,mirova-archivo,1
2024-10-26T06:30:00,357150,Puyehue-Cordon Caulle,VIIRS375,0.3985,8.19,1,muy baja,2026-10-05T18:06:10,mirova-archivo,1
2024-10-27T04:30:00,357150,Puyehue-Cordon Caulle,VIIRS375,0.4317,8.66,1,muy baja,2026-10-05T18:06:10,mirova-archivo,1
2024-10-27T05:48:00,357150,Puyehue-Cordon Caulle,VIIRS375,0.454,7.83,1,muy baja,2026-10-05T18:06:10,mirova-archivo,1
2024-10-27T06:12:00,357150,Puyehue-Cordon Caulle,VIIRS375,0.2277,7.83,1,muy baja,2026-10-05T18:06:10,mirova-archivo,1
2024-10-28T05:30:00,357150,Puyehue-Cordon Caulle,VIIRS375,0.7679,8.10,1,muy baja,2026-10-05T18:06:10,mirova-archivo,1
2024-10-28T05:54:00,357150,Puyehue-Cordon Caulle,VIIRS375,1.131,8.19,1,baja,2026-10-05T18:06:10,mirova-archivo,1
2024-10-29T05:12:00,357150,Puyehue-Cordon Caulle,VIIRS375,0.9484,8.19,1,muy baja,2026-10-05T18:06:10,mirova-archivo,1
2024-10-29T05:36:00,357150,Puyehue-Cordon Caulle,VIIRS375,0.8145,8.10,1,muy baja,2026-10-05T18:06:10,mirova-archivo,1
2024-10-29T06:54:00,357150,Puyehue-Cordon Caulle,VIIRS375,0.3653,7.65,1,muy baja,2026-10-05T18:06:10,mirova-archivo,1
2024-10-30T04:54:00,357150,Puyehue-Cordon Caulle,VIIRS375,1.139,8.46,1,baja,2026-10-05T18:06:10,mirova-archivo,1
2024-10-30T05:18:00,357150,Puyehue-Cordon Caulle,VIIRS375,0.5969,8.55,1,muy baja,2026-10-05T18:06:10,mirova-archivo,1
2024-10-31T04:36:00,357150,Puyehue-Cordon Caulle,VIIRS375,0.5568,8.19,1,muy baja,2026-10-05T18:06:10,mirova-archivo,1
2024-10-31T05:00:00,357150,Puyehue-Cordon Caulle,VIIRS375,1.056,8.66,1,baja,2026-10-05T18:06:10,mirova-archivo,1
2024-10-31T06:12:00,357150,Puyehue-Cordon Caulle,VIIRS375,1.28,8.19,1,baja,2026-10-05T18:06:10,mirova-archivo,1
2024-10-31T06:36:00,357150,Puyehue-Cordon Caulle,VIIRS375,0.8732,8.19,1,muy baja,2026-10-05T18:06:10,mirova-archivo,1
2024-11-02T06:00:00,357150,Puyehue-Cordon Caulle,VIIRS375,0.2016,7.83,1,muy baja,2026-10-05T18:06:10,mirova-archivo,1
2024-11-07T06:06:00,357150,Puyehue-Cordon Caulle,VIIRS375,0.215,8.19,1,muy baja,2026-10-05T18:06:10,mirova-archivo,1
2024-11-11T04:54:00,357150,Puyehue-Cordon Caulle,VIIRS375,0.08441,8.19,1,muy baja,2026-10-05T18:06:10,mirova-archivo,1
2024-11-13T05:30:00,357150,Puyehue-Cordon Caulle,VIIRS375,0.4198,8.10,1,muy baja,2026-10-05T18:06:10,mirova-archivo,1
2024-11-13T05:54:00,357150,Puyehue-Cordon Caulle,VIIRS375,0.4771,7.83,1,muy baja,2026-10-05T18:06:10,mirova-archivo,1
2024-11-14T05:36:00,357150,Puyehue-Cordon Caulle,VIIRS375,0.5826,8.46,1,muy baja,2026-10-05T18:06:10,mirova-archivo,1
2024-11-16T04:36:00,357150,Puyehue-Cordon Caulle,VIIRS375,0.8566,29.72,0,no volcanica,2026-10-05T18:06:10,mirova-archivo,0
2024-11-17T04:36:00,357150,Puyehue-Cordon Caulle,VIIRS375,0.2979,8.66,1,muy baja,2026-10-05T18:06:10,mirova-archivo,1
2024-11-17T05:54:00,357150,Puyehue-Cordon Caulle,VIIRS375,0.969,8.30,1,muy baja,2026-10-05T18:06:10,mirova-archivo,1
2024-11-17T06:18:00,357150,Puyehue-Cordon Caulle,VIIRS375,0.3745,8.19,1,muy baja,2026-10-05T18:06:10,mirova-archivo,1
2024-11-18T05:36:00,357150,Puyehue-Cordon Caulle,VIIRS375,1.029,8.10,1,baja,2026-10-05T18:06:10,mirova-archivo,1
2024-11-18T06:00:00,357150,Puyehue-Cordon Caulle,VIIRS375,0.8382,8.10,1,muy baja,2026-10-05T18:06:10,mirova-archivo,1
2024-11-19T05:18:00,357150,Puyehue-Cordon Caulle,VIIRS375,0.5219,7.83,1,muy baja,2026-10-05T18:06:10,mirova-archivo,1
2024-11-19T05:42:00,357150,Puyehue-Cordon Caulle,VIIRS375,0.4343,7.73,1,muy baja,2026-10-05T18:06:10,mirova-archivo,1
2024-11-20T05:00:00,357150,Puyehue-Cordon Caulle,VIIRS375,0.608,8.46,1,muy baja,2026-10-05T18:06:10,mirova-archivo,1
2024-11-20T05:24:00,357150,Puyehue-Cordon Caulle,VIIRS375,0.6683,8.30,1,muy baja,2026-10-05T18:06:10,mirova-archivo,1
2024-11-20T06:36:00,357150,Puyehue-Cordon Caulle,VIIRS375,0.7491,8.02,1,muy baja,2026-10-05T18:06:10,mirova-archivo,1
2024-11-21T04:42:00,357150,Puyehue-Cordon Caulle,VIIRS375,0.2058,8.55,1,muy baja,2026-10-05T18:06:10,mirova-archivo,1
2024-11-21T05:06:00,357150,Puyehue-Cordon Caulle,VIIRS375,0.3436,8.19,1,muy baja,2026-10-05T18:06:10,mirova-archivo,1
2024-11-21T06:18:00,357150,Puyehue-Cordon Caulle,VIIRS375,1.062,8.19,1,baja,2026-10-05T18:06:10,mirova-archivo,1
2024-11-25T05:06:00,357150,Puyehue-Cordon Caulle,VIIRS375,0.2219,8.19,1,muy baja,2026-10-05T18:06:10,mirova-archivo,1
2024-11-25T05:30:00,357150,Puyehue-Cordon Caulle,VIIRS375,0.3897,7.83,1,muy baja,2026-10-05T18:06:10,mirova-archivo,1
2024-11-26T05:12:00,357150,Puyehue-Cordon Caulle,VIIRS375,0.2145,8.46,1,muy baja,2026-10-05T18:06:10,mirova-archivo,1
2024-11-27T06:06:00,357150,Puyehue-Cordon Caulle,VIIRS375,0.5443,8.10,1,muy baja,2026-10-05T18:06:10,mirova-archivo,1
2024-11-29T05:30:00,357150,Puyehue-Cordon Caulle,VIIRS375,0.7337,8.10,1,muy baja,2026-10-05T18:06:10,mirova-archivo,1
2024-11-29T05:54:00,357150,Puyehue-Cordon Caulle,VIIRS375,0.6214,8.19,1,muy baja,2026-10-05T18:06:10,mirova-archivo,1
2024-11-30T05:12:00,357150,Puyehue-Cordon Caulle,VIIRS375,1.104,8.46,1,baja,2026-10-05T18:06:10,mirova-archivo,1
2024-11-30T05:36:00,357150,Puyehue-Cordon Caulle,VIIRS375,1.26,8.30,1,baja,2026-10-05T18:06:10,mirova-archivo,1
2024-11-30T06:54:00,357150,Puyehue-Cordon Caulle,VIIRS375,0.1012,7.95,1,muy baja,2026-10-05T18:06:10,mirova-archivo,1
2024-12-03T04:36:00,357150,Puyehue-Cordon Caulle,VIIRS375,0.1545,8.66,1,muy baja,2026-10-05T18:06:10,mirova-archivo,1
2024-12-03T05:54:00,357150,Puyehue-Cordon Caulle,VIIRS375,0.6513,8.02,1,muy baja,2026-10-05T18:06:10,mirova-archivo,1
2024-12-03T06:18:00,357150,Puyehue-Cordon Caulle,VIIRS375,0.3963,8.19,1,muy baja,2026-10-05T18:06:10,mirova-archivo,1
2024-12-04T05:36:00,357150,Puyehue-Cordon Caulle,VIIRS375,0.8093,8.39,1,muy baja,2026-10-05T18:06:10,mirova-archivo,1
2024-12-04T06:00:00,357150,Puyehue-Cordon Caulle,VIIRS375,0.8876,8.10,1,muy baja,2026-10-05T18:06:10,mirova-archivo,1
2024-12-07T04:42:00,357150,Puyehue-Cordon Caulle,VIIRS375,0.09248,7.83,1,muy baja,2026-10-05T18:06:10,mirova-archivo,1
2024-12-07T05:06:00,357150,Puyehue-Cordon Caulle,VIIRS375,0.8663,8.46,1,muy baja,2026-10-05T18:06:10,mirova-archivo,1
2024-12-07T06:18:00,357150,Puyehue-Cordon Caulle,VIIRS375,0.9236,8.19,1,muy baja,2026-10-05T18:06:10,mirova-archivo,1
2024-12-08T04:42:00,357150,Puyehue-Cordon Caulle,VIIRS375,0.08988,8.19,1,muy baja,2026-10-05T18:06:10,mirova-archivo,1
2024-12-08T06:00:00,357150,Puyehue-Cordon Caulle,VIIRS375,1.035,8.19,1,baja,2026-10-05T18:06:10,mirova-archivo,1
2024-12-08T06:24:00,357150,Puyehue-Cordon Caulle,VIIRS375,0.8243,8.19,1,muy baja,2026-10-05T18:06:10,mirova-archivo,1
2024-12-09T04:24:00,357150,Puyehue-Cordon Caulle,VIIRS375,0.1031,8.30,1,muy baja,2026-10-05T18:06:10,mirova-archivo,1
2024-12-09T05:42:00,357150,Puyehue-Cordon Caulle,VIIRS375,0.5285,7.83,1,muy baja,2026-10-05T18:06:10,mirova-archivo,1
2024-12-10T05:24:00,357150,Puyehue-Cordon Caulle,VIIRS375,1.25,8.30,1,baja,2026-10-05T18:06:10,mirova-archivo,1
2024-12-10T05:48:00,357150,Puyehue-Cordon Caulle,VIIRS375,0.6516,8.19,1,muy baja,2026-10-05T18:06:10,mirova-archivo,1
2024-12-11T05:06:00,357150,Puyehue-Cordon Caulle,VIIRS375,0.1034,7.83,1,muy baja,2026-10-05T18:06:10,mirova-archivo,1
2024-12-11T05:30:00,357150,Puyehue-Cordon Caulle,VIIRS375,1.02,8.19,1,baja,2026-10-05T18:06:10,mirova-archivo,1
2024-12-12T05:12:00,357150,Puyehue-Cordon Caulle,VIIRS375,1.055,8.55,1,baja,2026-10-05T18:06:10,mirova-archivo,1
2024-12-13T04:48:00,357150,Puyehue-Cordon Caulle,VIIRS375,0.2003,8.55,1,muy baja,2026-10-05T18:06:10,mirova-archivo,1
2024-12-14T04:30:00,357150,Puyehue-Cordon Caulle,VIIRS375,0.04811,8.43,1,muy baja,2026-10-05T18:06:10,mirova-archivo,1
2024-12-14T05:48:00,357150,Puyehue-Cordon Caulle,VIIRS375,0.8895,8.30,1,muy baja,2026-10-05T18:06:10,mirova-archivo,1
2024-12-14T06:12:00,357150,Puyehue-Cordon Caulle,VIIRS375,0.7098,8.19,1,muy baja,2026-10-05T18:06:10,mirova-archivo,1
2024-12-15T05:30:00,357150,Puyehue-Cordon Caulle,VIIRS375,0.5828,8.02,1,muy baja,2026-10-05T18:06:10,mirova-archivo,1
2024-12-15T05:54:00,357150,Puyehue-Cordon Caulle,VIIRS375,0.2334,7.65,1,muy baja,2026-10-05T18:06:10,mirova-archivo,1
2024-12-16T06:54:00,357150,Puyehue-Cordon Caulle,VIIRS375,0.08675,7.73,1,muy baja,2026-10-05T18:06:10,mirova-archivo,1
2024-12-17T05:18:00,357150,Puyehue-Cordon Caulle,VIIRS375,0.3725,8.19,1,muy baja,2026-10-05T18:06:10,mirova-archivo,1
2024-12-17T06:36:00,357150,Puyehue-Cordon Caulle,VIIRS375,0.07049,6.45,0,no volcanica,2026-10-05T18:06:10,mirova-archivo,0
2024-12-18T04:36:00,357150,Puyehue-Cordon Caulle,VIIRS375,0.4589,8.55,1,muy baja,2026-10-05T18:06:10,mirova-archivo,1
2024-12-19T04:36:00,357150,Puyehue-Cordon Caulle,VIIRS375,0.7874,8.91,1,muy baja,2026-10-05T18:06:10,mirova-archivo,1
2024-12-19T05:54:00,357150,Puyehue-Cordon Caulle,VIIRS375,1.184,8.39,1,baja,2026-10-05T18:06:10,mirova-archivo,1
2024-12-19T06:18:00,357150,Puyehue-Cordon Caulle,VIIRS375,0.6629,8.19,1,muy baja,2026-10-05T18:06:10,mirova-archivo,1
2024-12-20T05:36:00,357150,Puyehue-Cordon Caulle,VIIRS375,0.1926,7.73,1,muy baja,2026-10-05T18:06:10,mirova-archivo,1
2024-12-20T06:00:00,357150,Puyehue-Cordon Caulle,VIIRS375,0.2599,7.73,1,muy baja,2026-10-05T18:06:10,mirova-archivo,1
2024-12-21T05:18:00,357150,Puyehue-Cordon Caulle,VIIRS375,0.07542,8.19,1,muy baja,2026-10-05T18:06:10,mirova-archivo,1
2024-12-21T05:42:00,357150,Puyehue-Cordon Caulle,VIIRS375,1.403,8.46,1,baja,2026-10-05T18:06:10,mirova-archivo,1
2024-12-22T05:00:00,357150,Puyehue-Cordon Caulle,VIIRS375,0.9266,8.19,1,muy baja,2026-10-05T18:06:10,mirova-archivo,1
2024-12-22T05:24:00,357150,Puyehue-Cordon Caulle,VIIRS375,1.907,8.46,1,baja,2026-10-05T18:06:10,mirova-archivo,1
2024-12-22T06:42:00,357150,Puyehue-Cordon Caulle,VIIRS375,0.3338,8.02,1,muy baja,2026-10-05T18:06:10,mirova-archivo,1
2024-12-24T04:42:00,357150,Puyehue-Cordon Caulle,VIIRS375,0.6313,8.91,1,muy baja,2026-10-05T18:06:10,mirova-archivo,1
2024-12-24T06:00:00,357150,Puyehue-Cordon Caulle,VIIRS375,0.2781,7.65,1,muy baja,2026-10-05T18:06:10,mirova-archivo,1
2024-12-24T06:24:00,357150,Puyehue-Cordon Caulle,VIIRS375,0.3297,7.73,1,muy baja,2026-10-05T18:06:10,mirova-archivo,1
2024-12-25T04:24:00,357150,Puyehue-Cordon Caulle,VIIRS375,0.288,8.66,1,muy baja,2026-10-05T18:06:10,mirova-archivo,1
2024-12-25T05:42:00,357150,Puyehue-Cordon Caulle,VIIRS375,1.024,7.83,1,baja,2026-10-05T18:06:10,mirova-archivo,1
2024-12-25T06:06:00,357150,Puyehue-Cordon Caulle,VIIRS375,0.1289,8.19,1,muy baja,2026-10-05T18:06:10,mirova-archivo,1
2024-12-26T05:24:00,357150,Puyehue-Cordon Caulle,VIIRS375,1.181,8.10,1,baja,2026-10-05T18:06:10,mirova-archivo,1
2024-12-26T05:48:00,357150,Puyehue-Cordon Caulle,VIIRS375,1.093,8.10,1,baja,2026-10-05T18:06:10,mirova-archivo,1
2024-12-27T05:06:00,357150,Puyehue-Cordon Caulle,VIIRS375,1.238,8.46,1,baja,2026-10-05T18:06:10,mirova-archivo,1
2024-12-27T05:30:00,357150,Puyehue-Cordon Caulle,VIIRS375,1.396,8.19,1,baja,2026-10-05T18:06:10,mirova-archivo,1
2024-12-28T04:48:00,357150,Puyehue-Cordon Caulle,VIIRS375,0.5087,8.46,1,muy baja,2026-10-05T18:06:10,mirova-archivo,1
2024-12-28T06:30:00,357150,Puyehue-Cordon Caulle,VIIRS375,1.253,8.19,1,baja,2026-10-05T18:06:10,mirova-archivo,1
2024-12-28T06:48:00,357150,Puyehue-Cordon Caulle,VIIRS375,0.318,8.10,1,muy baja,2026-10-05T18:06:10,mirova-archivo,1
2024-12-29T06:06:00,357150,Puyehue-Cordon Caulle,VIIRS375,1.176,7.83,1,baja,2026-10-05T18:06:10,mirova-archivo,1
2024-12-29T06:30:00,357150,Puyehue-Cordon Caulle,VIIRS375,0.3871,8.19,1,muy baja,2026-10-05T18:06:10,mirova-archivo,1
2024-12-30T04:30:00,357150,Puyehue-Cordon Caulle,VIIRS375,1.09,8.91,1,baja,2026-10-05T18:06:10,mirova-archivo,1
2024-12-30T06:12:00,357150,Puyehue-Cordon Caulle,VIIRS375,0.8456,8.19,1,muy baja,2026-10-05T18:06:10,mirova-archivo,1
2024-12-31T05:54:00,357150,Puyehue-Cordon Caulle,VIIRS375,0.2922,7.73,1,muy baja,2026-10-05T18:06:10,mirova-archivo,1
2025-01-01T05:12:00,357150,Puyehue-Cordon Caulle,VIIRS375,0.3546,8.10,1,muy baja,2026-10-05T18:06:10,mirova-archivo,1
2025-01-01T05:36:00,357150,Puyehue-Cordon Caulle,VIIRS375,0.8083,8.10,1,muy baja,2026-10-05T18:06:10,mirova-archivo,1
2025-01-02T04:54:00,357150,Puyehue-Cordon Caulle,VIIRS375,0.1735,7.83,1,muy baja,2026-10-05T18:06:10,mirova-archivo,1
2025-01-02T05:18:00,357150,Puyehue-Cordon Caulle,VIIRS375,0.3848,8.19,1,muy baja,2026-10-05T18:06:10,mirova-archivo,1
2025-01-03T04:36:00,357150,Puyehue-Cordon Caulle,VIIRS375,0.1101,7.83,1,muy baja,2026-10-05T18:06:10,mirova-archivo,1
2025-01-03T05:00:00,357150,Puyehue-Cordon Caulle,VIIRS375,0.5671,8.30,1,muy baja,2026-10-05T18:06:10,mirova-archivo,1
2025-01-04T05:54:00,357150,Puyehue-Cordon Caulle,VIIRS375,0.7427,7.83,1,muy baja,2026-10-05T18:06:10,mirova-archivo,1
2025-01-04T06:18:00,357150,Puyehue-Cordon Caulle,VIIRS375,0.2203,7.73,1,muy baja,2026-10-05T18:06:10,mirova-archivo,1
2025-01-05T05:36:00,357150,Puyehue-Cordon Caulle,VIIRS375,0.8099,8.10,1,muy baja,2026-10-05T18:06:10,mirova-archivo,1
2025-01-05T06:00:00,357150,Puyehue-Cordon Caulle,VIIRS375,0.6295,7.83,1,muy baja,2026-10-05T18:06:10,mirova-archivo,1
2025-01-06T05:18:00,357150,Puyehue-Cordon Caulle,VIIRS375,1.178,8.19,1,baja,2026-10-05T18:06:10,mirova-archivo,1
2025-01-06T05:42:00,357150,Puyehue-Cordon Caulle,VIIRS375,1.64,8.19,1,baja,2026-10-05T18:06:10,mirova-archivo,1
2025-01-07T05:00:00,357150,Puyehue-Cordon Caulle,VIIRS375,1.141,8.19,1,baja,2026-10-05T18:06:10,mirova-archivo,1
2025-01-07T05:24:00,357150,Puyehue-Cordon Caulle,VIIRS375,1.044,8.19,1,baja,2026-10-05T18:06:10,mirova-archivo,1
2025-01-07T06:42:00,357150,Puyehue-Cordon Caulle,VIIRS375,1.64,8.10,1,baja,2026-10-05T18:06:10,mirova-archivo,1
2025-01-08T04:42:00,357150,Puyehue-Cordon Caulle,VIIRS375,0.791,8.55,1,muy baja,2026-10-05T18:06:10,mirova-archivo,1
2025-01-08T05:06:00,357150,Puyehue-Cordon Caulle,VIIRS375,0.9162,8.30,1,muy baja,2026-10-05T18:06:10,mirova-archivo,1
2025-01-08T06:24:00,357150,Puyehue-Cordon Caulle,VIIRS375,0.4234,7.65,1,muy baja,2026-10-05T18:06:10,mirova-archivo,1
2025-01-08T06:42:00,357150,Puyehue-Cordon Caulle,VIIRS375,0.05046,7.83,1,muy baja,2026-10-05T18:06:10,mirova-archivo,1
2025-01-09T06:00:00,357150,Puyehue-Cordon Caulle,VIIRS375,0.944,8.10,1,muy baja,2026-10-05T18:06:10,mirova-archivo,1
2025-01-09T06:24:00,357150,Puyehue-Cordon Caulle,VIIRS375,0.2587,7.73,1,muy baja,2026-10-05T18:06:10,mirova-archivo,1
2025-01-10T04:24:00,357150,Puyehue-Cordon Caulle,VIIRS375,1.405,9.02,1,baja,2026-10-05T18:06:10,mirova-archivo,1
2025-01-10T05:42:00,357150,Puyehue-Cordon Caulle,VIIRS375,0.7604,7.83,1,muy baja,2026-10-05T18:06:10,mirova-archivo,1
2025-01-10T06:06:00,357150,Puyehue-Cordon Caulle,VIIRS375,1.765,8.19,1,baja,2026-10-05T18:06:10,mirova-archivo,1
2025-01-11T05:24:00,357150,Puyehue-Cordon Caulle,VIIRS375,0.565,7.83,1,muy baja,2026-10-05T18:06:10,mirova-archivo,1
2025-01-11T05:48:00,357150,Puyehue-Cordon Caulle,VIIRS375,0.7196,8.10,1,muy baja,2026-10-05T18:06:10,mirova-archivo,1
2025-01-12T05:06:00,357150,Puyehue-Cordon Caulle,VIIRS375,0.2718,7.83,1,muy baja,2026-10-05T18:06:10,mirova-archivo,1
2025-01-12T05:30:00,357150,Puyehue-Cordon Caulle,VIIRS375,0.654,8.10,1,muy baja,2026-10-05T18:06:10,mirova-archivo,1
2025-01-12T06:48:00,357150,Puyehue-Cordon Caulle,VIIRS375,0.9907,8.10,1,muy baja,2026-10-05T18:06:10,mirova-archivo,1
2025-01-13T04:48:00,357150,Puyehue-Cordon Caulle,VIIRS375,0.2919,8.19,1,muy baja,2026-10-05T18:06:10,mirova-archivo,1
2025-01-13T05:12:00,357150,Puyehue-Cordon Caulle,VIIRS375,0.7645,8.30,1,muy baja,2026-10-05T18:06:10,mirova-archivo,1
2025-01-13T06:30:00,357150,Puyehue-Cordon Caulle,VIIRS375,0.5787,8.19,1,muy baja,2026-10-05T18:06:10,mirova-archivo,1
2025-01-16T05:30:00,357150,Puyehue-Cordon Caulle,VIIRS375,0.1872,7.73,1,muy baja,2026-10-05T18:06:10,mirova-archivo,1
2025-01-16T05:54:00,357150,Puyehue-Cordon Caulle,VIIRS375,0.5171,7.73,1,muy baja,2026-10-05T18:06:10,mirova-archivo,1
2025-01-17T05:12:00,357150,Puyehue-Cordon Caulle,VIIRS375,0.9241,8.19,1,muy baja,2026-10-05T18:06:10,mirova-archivo,1
2025-01-17T05:36:00,357150,Puyehue-Cordon Caulle,VIIRS375,1.312,8.30,1,baja,2026-10-05T18:06:10,mirova-archivo,1
2025-01-18T04:54:00,357150,Puyehue-Cordon Caulle,VIIRS375,0.3648,8.19,1,muy baja,2026-10-05T18:06:10,mirova-archivo,1
2025-01-18T05:18:00,357150,Puyehue-Cordon Caulle,VIIRS375,0.4893,8.30,1,muy baja,2026-10-05T18:06:10,mirova-archivo,1
2025-01-18T06:36:00,357150,Puyehue-Cordon Caulle,VIIRS375,0.7712,7.73,1,muy baja,2026-10-05T18:06:10,mirova-archivo,1
2025-01-19T05:00:00,357150,Puyehue-Cordon Caulle,VIIRS375,0.8995,8.55,1,muy baja,2026-10-05T18:06:10,mirova-archivo,1
2025-01-19T06:36:00,357150,Puyehue-Cordon Caulle,VIIRS375,1.013,8.19,1,baja,2026-10-05T18:06:10,mirova-archivo,1
2025-01-20T04:36:00,357150,Puyehue-Cordon Caulle,VIIRS375,0.07069,8.55,1,muy baja,2026-10-05T18:06:10,mirova-archivo,1
2025-01-20T05:54:00,357150,Puyehue-Cordon Caulle,VIIRS375,0.1015,7.73,1,muy baja,2026-10-05T18:06:10,mirova-archivo,1
2025-01-20T06:18:00,357150,Puyehue-Cordon Caulle,VIIRS375,0.9159,8.19,1,muy baja,2026-10-05T18:06:10,mirova-archivo,1
2025-01-21T05:36:00,357150,Puyehue-Cordon Caulle,VIIRS375,0.1541,7.65,1,muy baja,2026-10-05T18:06:10,mirova-archivo,1
2025-01-21T06:00:00,357150,Puyehue-Cordon Caulle,VIIRS375,0.7017,8.19,1,muy baja,2026-10-05T18:06:10,mirova-archivo,1
2025-01-22T05:18:00,357150,Puyehue-Cordon Caulle,VIIRS375,1.288,8.30,1,baja,2026-10-05T18:06:10,mirova-archivo,1
2025-01-22T05:42:00,357150,Puyehue-Cordon Caulle,VIIRS375,1.469,8.30,1,baja,2026-10-05T18:06:10,mirova-archivo,1
2025-01-25T06:00:00,357150,Puyehue-Cordon Caulle,VIIRS375,1.013,8.19,1,baja,2026-10-05T18:06:10,mirova-archivo,1
2025-01-25T06:24:00,357150,Puyehue-Cordon Caulle,VIIRS375,0.7139,8.10,1,muy baja,2026-10-05T18:06:10,mirova-archivo,1
2025-01-26T05:42:00,357150,Puyehue-Cordon Caulle,VIIRS375,1.219,8.39,1,baja,2026-10-05T18:06:10,mirova-archivo,1
2025-01-26T06:06:00,357150,Puyehue-Cordon Caulle,VIIRS375,0.7992,8.10,1,muy baja,2026-10-05T18:06:10,mirova-archivo,1
2025-01-28T05:06:00,357150,Puyehue-Cordon Caulle,VIIRS375,1.333,8.55,1,baja,2026-10-05T18:06:10,mirova-archivo,1
2025-01-28T05:30:00,357150,Puyehue-Cordon Caulle,VIIRS375,1.321,8.19,1,baja,2026-10-05T18:06:10,mirova-archivo,1
2025-01-28T06:48:00,357150,Puyehue-Cordon Caulle,VIIRS375,0.2276,8.10,1,muy baja,2026-10-05T18:06:10,mirova-archivo,1
2025-01-29T05:12:00,357150,Puyehue-Cordon Caulle,VIIRS375,1.056,8.30,1,baja,2026-10-05T18:06:10,mirova-archivo,1
2025-01-29T06:30:00,357150,Puyehue-Cordon Caulle,VIIRS375,0.3611,7.95,1,muy baja,2026-10-05T18:06:10,mirova-archivo,1
2025-01-30T04:30:00,357150,Puyehue-Cordon Caulle,VIIRS375,0.3455,8.30,1,muy baja,2026-10-05T18:06:10,mirova-archivo,1
2025-01-30T04:54:00,357150,Puyehue-Cordon Caulle,VIIRS375,0.5203,8.19,1,muy baja,2026-10-05T18:06:10,mirova-archivo,1
2025-01-30T06:30:00,357150,Puyehue-Cordon Caulle,VIIRS375,0.4881,8.19,1,muy baja,2026-10-05T18:06:10,mirova-archivo,1
2025-02-01T05:30:00,357150,Puyehue-Cordon Caulle,VIIRS375,1.211,8.19,1,baja,2026-10-05T18:06:10,mirova-archivo,1
2025-02-01T05:54:00,357150,Puyehue-Cordon Caulle,VIIRS375,1.462,8.19,1,baja,2026-10-05T18:06:10,mirova-archivo,1
2025-02-02T05:12:00,357150,Puyehue-Cordon Caulle,VIIRS375,0.3793,7.73,1,muy baja,2026-10-05T18:06:10,mirova-archivo,1
2025-02-02T05:36:00,357150,Puyehue-Cordon Caulle,VIIRS375,0.8806,8.19,1,muy baja,2026-10-05T18:06:10,mirova-archivo,1
2025-02-04T06:18:00,357150,Puyehue-Cordon Caulle,VIIRS375,1.384,8.19,1,baja,2026-10-05T18:06:10,mirova-archivo,1
2025-02-04T06:36:00,357150,Puyehue-Cordon Caulle,VIIRS375,0.4108,8.19,1,muy baja,2026-10-05T18:06:10,mirova-archivo,1
2025-02-06T05:36:00,357150,Puyehue-Cordon Caulle,VIIRS375,0.4255,7.73,1,muy baja,2026-10-05T18:06:10,mirova-archivo,1
2025-02-06T06:00:00,357150,Puyehue-Cordon Caulle,VIIRS375,0.6183,7.83,1,muy baja,2026-10-05T18:06:10,mirova-archivo,1
2025-02-07T05:18:00,357150,Puyehue-Cordon Caulle,VIIRS375,0.7175,8.10,1,muy baja,2026-10-05T18:06:10,mirova-archivo,1
2025-02-07T05:42:00,357150,Puyehue-Cordon Caulle,VIIRS375,1.415,8.19,1,baja,2026-10-05T18:06:10,mirova-archivo,1
2025-02-08T05:00:00,357150,Puyehue-Cordon Caulle,VIIRS375,0.1771,7.83,1,muy baja,2026-10-05T18:06:10,mirova-archivo,1
2025-02-09T04:42:00,357150,Puyehue-Cordon Caulle,VIIRS375,0.9143,8.91,1,muy baja,2026-10-05T18:06:10,mirova-archivo,1
2025-02-09T05:06:00,357150,Puyehue-Cordon Caulle,VIIRS375,1.337,8.55,1,baja,2026-10-05T18:06:10,mirova-archivo,1
2025-02-09T06:24:00,357150,Puyehue-Cordon Caulle,VIIRS375,0.7062,7.73,1,muy baja,2026-10-05T18:06:10,mirova-archivo,1
2025-02-09T06:42:00,357150,Puyehue-Cordon Caulle,VIIRS375,0.3182,8.19,1,muy baja,2026-10-05T18:06:10,mirova-archivo,1
2025-02-12T05:24:00,357150,Puyehue-Cordon Caulle,VIIRS375,1.299,8.19,1,baja,2026-10-05T18:06:10,mirova-archivo,1
2025-02-12T05:48:00,357150,Puyehue-Cordon Caulle,VIIRS375,0.989,8.19,1,muy baja,2026-10-05T18:06:10,mirova-archivo,1
2025-02-13T05:06:00,357150,Puyehue-Cordon Caulle,VIIRS375,1.1,8.19,1,baja,2026-10-05T18:06:10,mirova-archivo,1
2025-02-13T05:30:00,357150,Puyehue-Cordon Caulle,VIIRS375,1.53,8.19,1,baja,2026-10-05T18:06:10,mirova-archivo,1
2025-02-13T06:48:00,357150,Puyehue-Cordon Caulle,VIIRS375,0.2401,7.28,1,muy baja,2026-10-05T18:06:10,mirova-archivo,1
2025-02-14T04:48:00,357150,Puyehue-Cordon Caulle,VIIRS375,0.5399,8.19,1,muy baja,2026-10-05T18:06:10,mirova-archivo,1
2025-02-14T05:12:00,357150,Puyehue-Cordon Caulle,VIIRS375,0.4977,8.10,1,muy baja,2026-10-05T18:06:10,mirova-archivo,1
2025-02-14T06:30:00,357150,Puyehue-Cordon Caulle,VIIRS375,0.826,8.02,1,muy baja,2026-10-05T18:06:10,mirova-archivo,1
2025-02-14T06:48:00,357150,Puyehue-Cordon Caulle,VIIRS375,0.3237,8.19,1,muy baja,2026-10-05T18:06:10,mirova-archivo,1
2025-02-15T04:30:00,357150,Puyehue-Cordon Caulle,VIIRS375,0.06208,8.66,1,muy baja,2026-10-05T18:06:10,mirova-archivo,1
2025-02-16T04:30:00,357150,Puyehue-Cordon Caulle,VIIRS375,0.6512,8.91,1,muy baja,2026-10-05T18:06:10,mirova-archivo,1
2025-02-16T05:48:00,357150,Puyehue-Cordon Caulle,VIIRS375,0.8486,7.83,1,muy baja,2026-10-05T18:06:10,mirova-archivo,1
2025-02-16T06:12:00,357150,Puyehue-Cordon Caulle,VIIRS375,0.6175,8.02,1,muy baja,2026-10-05T18:06:10,mirova-archivo,1
2025-02-17T05:30:00,357150,Puyehue-Cordon Caulle,VIIRS375,0.1353,7.73,1,muy baja,2026-10-05T18:06:10,mirova-archivo,1
2025-02-18T05:12:00,357150,Puyehue-Cordon Caulle,VIIRS375,0.8856,8.10,1,muy baja,2026-10-05T18:06:10,mirova-archivo,1
2025-02-18T05:36:00,357150,Puyehue-Cordon Caulle,VIIRS375,0.7638,8.10,1,muy baja,2026-10-05T18:06:10,mirova-archivo,1
2025-02-19T04:54:00,357150,Puyehue-Cordon Caulle,VIIRS375,1.349,16.19,0,no volcanica,2026-10-05T18:06:10,mirova-archivo,0
2025-02-19T05:18:00,357150,Puyehue-Cordon Caulle,VIIRS375,0.6674,8.30,1,muy baja,2026-10-05T18:06:10,mirova-archivo,1
2025-02-19T06:36:00,357150,Puyehue-Cordon Caulle,VIIRS375,0.7428,8.19,1,muy baja,2026-10-05T18:06:10,mirova-archivo,1
2025-02-20T05:00:00,357150,Puyehue-Cordon Caulle,VIIRS375,0.1583,7.83,1,muy baja,2026-10-05T18:06:10,mirova-archivo,1
2025-02-22T05:36:00,357150,Puyehue-Cordon Caulle,VIIRS375,0.85,7.83,1,muy baja,2026-10-05T18:06:10,mirova-archivo,1
2025-02-22T06:00:00,357150,Puyehue-Cordon Caulle,VIIRS375,1.066,7.83,1,baja,2026-10-05T18:06:10,mirova-archivo,1
2025-02-24T05:24:00,357150,Puyehue-Cordon Caulle,VIIRS375,0.2561,7.73,1,muy baja,2026-10-05T18:06:10,mirova-archivo,1
2025-02-25T04:42:00,357150,Puyehue-Cordon Caulle,VIIRS375,0.4715,8.30,1,muy baja,2026-10-05T18:06:10,mirova-archivo,1
2025-02-25T05:06:00,357150,Puyehue-Cordon Caulle,VIIRS375,0.6534,8.55,1,muy baja,2026-10-05T18:06:10,mirova-archivo,1
2025-02-25T06:24:00,357150,Puyehue-Cordon Caulle,VIIRS375,0.8136,7.83,1,muy baja,2026-10-05T18:06:10,mirova-archivo,1
2025-02-26T06:00:00,357150,Puyehue-Cordon Caulle,VIIRS375,1.276,8.02,1,baja,2026-10-05T18:06:10,mirova-archivo,1
2025-02-26T06:24:00,357150,Puyehue-Cordon Caulle,VIIRS375,1.208,8.39,1,baja,2026-10-05T18:06:10,mirova-archivo,1
2025-02-27T05:42:00,357150,Puyehue-Cordon Caulle,VIIRS375,0.1635,7.83,1,muy baja,2026-10-05T18:06:10,mirova-archivo,1
2025-02-27T06:06:00,357150,Puyehue-Cordon Caulle,VIIRS375,1.299,8.19,1,baja,2026-10-05T18:06:10,mirova-archivo,1
2025-03-05T05:30:00,357150,Puyehue-Cordon Caulle,VIIRS375,0.2146,7.73,1,muy baja,2026-10-05T18:06:10,mirova-archivo,1
2025-03-09T05:54:00,357150,Puyehue-Cordon Caulle,VIIRS375,0.6537,7.83,1,muy baja,2026-10-05T18:06:10,mirova-archivo,1
2025-03-09T06:18:00,357150,Puyehue-Cordon Caulle,VIIRS375,0.3782,8.10,1,muy baja,2026-10-05T18:06:10,mirova-archivo,1
2025-03-10T05:36:00,357150,Puyehue-Cordon Caulle,VIIRS375,0.3087,7.73,1,muy baja,2026-10-05T18:06:10,mirova-archivo,1
2025-03-11T05:18:00,357150,Puyehue-Cordon Caulle,VIIRS375,0.3993,8.10,1,muy baja,2026-10-05T18:06:10,mirova-archivo,1
2025-03-11T05:42:00,357150,Puyehue-Cordon Caulle,VIIRS375,0.8549,8.19,1,muy baja,2026-10-05T18:06:10,mirova-archivo,1
2025-03-12T05:00:00,357150,Puyehue-Cordon Caulle,VIIRS375,0.2012,7.83,1,muy baja,2026-10-05T18:06:10,mirova-archivo,1
2025-03-12T05:24:00,357150,Puyehue-Cordon Caulle,VIIRS375,0.337,7.73,1,muy baja,2026-10-05T18:06:10,mirova-archivo,1
2025-03-12T06:42:00,357150,Puyehue-Cordon Caulle,VIIRS375,0.5905,8.02,1,muy baja,2026-10-05T18:06:10,mirova-archivo,1
2025-03-13T04:42:00,357150,Puyehue-Cordon Caulle,VIIRS375,0.2805,8.55,1,muy baja,2026-10-05T18:06:10,mirova-archivo,1
2025-03-13T05:06:00,357150,Puyehue-Cordon Caulle,VIIRS375,0.07421,8.10,1,muy baja,2026-10-05T18:06:10,mirova-archivo,1
2025-03-13T06:42:00,357150,Puyehue-Cordon Caulle,VIIRS375,0.272,7.73,1,muy baja,2026-10-05T18:06:10,mirova-archivo,1
2025-03-14T06:00:00,357150,Puyehue-Cordon Caulle,VIIRS375,0.4147,7.65,1,muy baja,2026-10-05T18:06:10,mirova-archivo,1
2025-03-14T06:24:00,357150,Puyehue-Cordon Caulle,VIIRS375,0.09098,6.76,0,no volcanica,2026-10-05T18:06:10,mirova-archivo,0
2025-03-15T04:24:00,357150,Puyehue-Cordon Caulle,VIIRS375,0.1311,8.30,1,muy baja,2026-10-05T18:06:10,mirova-archivo,1
2025-03-15T06:06:00,357150,Puyehue-Cordon Caulle,VIIRS375,0.06143,2.62,0,no volcanica,2026-10-05T18:06:10,mirova-archivo,0
2025-03-16T05:24:00,357150,Puyehue-Cordon Caulle,VIIRS375,0.8751,8.10,1,muy baja,2026-10-05T18:06:10,mirova-archivo,1
2025-03-16T05:48:00,357150,Puyehue-Cordon Caulle,VIIRS375,1.127,8.02,1,baja,2026-10-05T18:06:10,mirova-archivo,1
2025-03-17T05:06:00,357150,Puyehue-Cordon Caulle,VIIRS375,0.5561,8.19,1,muy baja,2026-10-05T18:06:10,mirova-archivo,1
2025-03-17T05:30:00,357150,Puyehue-Cordon Caulle,VIIRS375,1.226,8.46,1,baja,2026-10-05T18:06:10,mirova-archivo,1
2025-03-18T05:12:00,357150,Puyehue-Cordon Caulle,VIIRS375,0.5127,8.19,1,muy baja,2026-10-05T18:06:10,mirova-archivo,1
2025-03-18T06:30:00,357150,Puyehue-Cordon Caulle,VIIRS375,0.5883,7.73,1,muy baja,2026-10-05T18:06:10,mirova-archivo,1
2025-03-19T04:30:00,357150,Puyehue-Cordon Caulle,VIIRS375,0.2002,8.30,1,muy baja,2026-10-05T18:06:10,mirova-archivo,1
2025-03-19T04:48:00,357150,Puyehue-Cordon Caulle,VIIRS375,0.6146,8.46,1,muy baja,2026-10-05T18:06:10,mirova-archivo,1
2025-03-19T06:06:00,357150,Puyehue-Cordon Caulle,VIIRS375,0.8115,8.19,1,muy baja,2026-10-05T18:06:10,mirova-archivo,1
2025-03-19T06:30:00,357150,Puyehue-Cordon Caulle,VIIRS375,0.5915,8.02,1,muy baja,2026-10-05T18:06:10,mirova-archivo,1
2025-03-20T05:48:00,357150,Puyehue-Cordon Caulle,VIIRS375,0.394,7.73,1,muy baja,2026-10-05T18:06:10,mirova-archivo,1
2025-03-20T06:12:00,357150,Puyehue-Cordon Caulle,VIIRS375,0.3755,7.73,1,muy baja,2026-10-05T18:06:10,mirova-archivo,1
2025-03-22T05:12:00,357150,Puyehue-Cordon Caulle,VIIRS375,0.732,8.19,1,muy baja,2026-10-05T18:06:10,mirova-archivo,1
2025-03-22T05:36:00,357150,Puyehue-Cordon Caulle,VIIRS375,1.165,8.19,1,baja,2026-10-05T18:06:10,mirova-archivo,1
2025-03-24T06:12:00,357150,Puyehue-Cordon Caulle,VIIRS375,0.3787,7.83,1,muy baja,2026-10-05T18:06:10,mirova-archivo,1
2025-03-25T05:54:00,357150,Puyehue-Cordon Caulle,VIIRS375,0.1691,7.73,1,muy baja,2026-10-05T18:06:10,mirova-archivo,1
2025-03-25T06:18:00,357150,Puyehue-Cordon Caulle,VIIRS375,0.124,7.65,1,muy baja,2026-10-05T18:06:10,mirova-archivo,1
2025-03-26T05:36:00,357150,Puyehue-Cordon Caulle,VIIRS375,0.6905,11.65,0,no volcanica,2026-10-05T18:06:10,mirova-archivo,0
2025-03-26T06:00:00,357150,Puyehue-Cordon Caulle,VIIRS375,0.6549,7.83,1,muy baja,2026-10-05T18:06:10,mirova-archivo,1
2025-03-27T05:18:00,357150,Puyehue-Cordon Caulle,VIIRS375,0.2931,7.83,1,muy baja,2026-10-05T18:06:10,mirova-archivo,1
2025-03-27T05:42:00,357150,Puyehue-Cordon Caulle,VIIRS375,0.7954,8.10,1,muy baja,2026-10-05T18:06:10,mirova-archivo,1
2025-03-28T05:24:00,357150,Puyehue-Cordon Caulle,VIIRS375,0.1104,8.10,1,muy baja,2026-10-05T18:06:10,mirova-archivo,1
2025-03-29T04:42:00,357150,Puyehue-Cordon Caulle,VIIRS375,0.2163,8.19,1,muy baja,2026-10-05T18:06:10,mirova-archivo,1
2025-03-29T06:18:00,357150,Puyehue-Cordon Caulle,VIIRS375,0.05348,6.45,0,no volcanica,2026-10-05T18:06:10,mirova-archivo,0
2025-04-01T05:24:00,357150,Puyehue-Cordon Caulle,VIIRS375,0.7853,8.19,1,muy baja,2026-10-05T18:06:10,mirova-archivo,1
2025-04-01T05:48:00,357150,Puyehue-Cordon Caulle,VIIRS375,0.7614,8.39,1,muy baja,2026-10-05T18:06:10,mirova-archivo,1
2025-04-02T05:30:00,357150,Puyehue-Cordon Caulle,VIIRS375,2.728,23.48,0,no volcanica,2026-10-05T18:06:10,mirova-archivo,0
2025-04-04T06:06:00,357150,Puyehue-Cordon Caulle,VIIRS375,0.1541,7.65,1,muy baja,2026-10-05T18:06:10,mirova-archivo,1
2025-04-04T06:30:00,357150,Puyehue-Cordon Caulle,VIIRS375,0.203,7.73,1,muy baja,2026-10-05T18:06:10,mirova-archivo,1
2025-04-05T04:30:00,357150,Puyehue-Cordon Caulle,VIIRS375,0.8933,8.91,1,muy baja,2026-10-05T18:06:10,mirova-archivo,1
2025-04-05T05:48:00,357150,Puyehue-Cordon Caulle,VIIRS375,1.011,8.10,1,baja,2026-10-05T18:06:10,mirova-archivo,1
2025-04-05T06:12:00,357150,Puyehue-Cordon Caulle,VIIRS375,0.836,8.10,1,muy baja,2026-10-05T18:06:10,mirova-archivo,1
2025-04-06T05:30:00,357150,Puyehue-Cordon Caulle,VIIRS375,0.8389,8.19,1,muy baja,2026-10-05T18:06:10,mirova-archivo,1
2025-04-06T05:54:00,357150,Puyehue-Cordon Caulle,VIIRS375,0.5276,7.73,1,muy baja,2026-10-05T18:06:10,mirova-archivo,1
2025-04-07T05:12:00,357150,Puyehue-Cordon Caulle,VIIRS375,0.472,8.10,1,muy baja,2026-10-05T18:06:10,mirova-archivo,1
2025-04-07T05:36:00,357150,Puyehue-Cordon Caulle,VIIRS375,0.7456,7.83,1,muy baja,2026-10-05T18:06:10,mirova-archivo,1
2025-04-08T04:54:00,357150,Puyehue-Cordon Caulle,VIIRS375,0.4946,8.10,1,muy baja,2026-10-05T18:06:10,mirova-archivo,1
2025-04-08T05:18:00,357150,Puyehue-Cordon Caulle,VIIRS375,0.8097,8.19,1,muy baja,2026-10-05T18:06:10,mirova-archivo,1
2025-04-08T06:36:00,357150,Puyehue-Cordon Caulle,VIIRS375,0.661,8.19,1,muy baja,2026-10-05T18:06:10,mirova-archivo,1
2025-04-09T04:36:00,357150,Puyehue-Cordon Caulle,VIIRS375,0.06247,8.19,1,muy baja,2026-10-05T18:06:10,mirova-archivo,1
2025-04-13T05:24:00,357150,Puyehue-Cordon Caulle,VIIRS375,0.4731,8.19,1,muy baja,2026-10-05T18:06:10,mirova-archivo,1
2025-04-19T05:12:00,357150,Puyehue-Cordon Caulle,VIIRS375,0.3425,15.61,0,no volcanica,2026-10-05T18:06:10,mirova-archivo,0
2025-04-19T06:30:00,357150,Puyehue-Cordon Caulle,VIIRS375,0.768,8.02,1,muy baja,2026-10-05T18:06:10,mirova-archivo,1
2025-04-19T06:48:00,357150,Puyehue-Cordon Caulle,VIIRS375,0.0652,7.73,1,muy baja,2026-10-05T18:06:10,mirova-archivo,1
2025-04-20T04:30:00,357150,Puyehue-Cordon Caulle,VIIRS375,0.3988,8.19,1,muy baja,2026-10-05T18:06:10,mirova-archivo,1
2025-04-20T04:48:00,357150,Puyehue-Cordon Caulle,VIIRS375,0.41,8.55,1,muy baja,2026-10-05T18:06:10,mirova-archivo,1
2025-04-20T06:30:00,357150,Puyehue-Cordon Caulle,VIIRS375,0.4003,8.19,1,muy baja,2026-10-05T18:06:10,mirova-archivo,1
2025-04-21T06:12:00,357150,Puyehue-Cordon Caulle,VIIRS375,0.01092,2.40,0,no volcanica,2026-10-05T18:06:10,mirova-archivo,0
2025-04-24T04:54:00,357150,Puyehue-Cordon Caulle,VIIRS375,0.1046,7.83,1,muy baja,2026-10-05T18:06:10,mirova-archivo,1
2025-04-24T05:18:00,357150,Puyehue-Cordon Caulle,VIIRS375,0.3436,8.19,1,muy baja,2026-10-05T18:06:10,mirova-archivo,1
2025-04-24T06:36:00,357150,Puyehue-Cordon Caulle,VIIRS375,0.5667,8.02,1,muy baja,2026-10-05T18:06:10,mirova-archivo,1
2025-04-28T05:18:00,357150,Puyehue-Cordon Caulle,VIIRS375,0.3563,8.19,1,muy baja,2026-10-05T18:06:10,mirova-archivo,1
2025-04-28T05:42:00,357150,Puyehue-Cordon Caulle,VIIRS375,0.4364,7.83,1,muy baja,2026-10-05T18:06:10,mirova-archivo,1
2025-04-29T05:00:00,357150,Puyehue-Cordon Caulle,VIIRS375,0.4989,8.30,1,muy baja,2026-10-05T18:06:10,mirova-archivo,1
2025-04-29T05:24:00,357150,Puyehue-Cordon Caulle,VIIRS375,0.5864,8.19,1,muy baja,2026-10-05T18:06:10,mirova-archivo,1
2025-04-29T06:42:00,357150,Puyehue-Cordon Caulle,VIIRS375,0.07636,7.58,1,muy baja,2026-10-05T18:06:10,mirova-archivo,1
2025-04-30T04:42:00,357150,Puyehue-Cordon Caulle,VIIRS375,0.4726,8.30,1,muy baja,2026-10-05T18:06:10,mirova-archivo,1
2025-04-30T05:06:00,357150,Puyehue-Cordon Caulle,VIIRS375,0.473,8.19,1,muy baja,2026-10-05T18:06:10,mirova-archivo,1
2025-04-30T06:24:00,357150,Puyehue-Cordon Caulle,VIIRS375,0.1689,7.65,1,muy baja,2026-10-05T18:06:10,mirova-archivo,1
2025-05-02T05:42:00,357150,Puyehue-Cordon Caulle,VIIRS375,0.1466,7.73,1,muy baja,2026-10-05T18:06:10,mirova-archivo,1
2025-05-04T05:30:00,357150,Puyehue-Cordon Caulle,VIIRS375,0.4561,8.10,1,muy baja,2026-10-05T18:06:10,mirova-archivo,1
2025-05-05T04:48:00,357150,Puyehue-Cordon Caulle,VIIRS375,0.3625,8.19,1,muy baja,2026-10-05T18:06:10,mirova-archivo,1
2025-05-05T05:12:00,357150,Puyehue-Cordon Caulle,VIIRS375,0.5313,8.10,1,muy baja,2026-10-05T18:06:10,mirova-archivo,1
2025-05-05T06:30:00,357150,Puyehue-Cordon Caulle,VIIRS375,0.5372,8.02,1,muy baja,2026-10-05T18:06:10,mirova-archivo,1
2025-05-11T04:36:00,357150,Puyehue-Cordon Caulle,VIIRS375,0.1621,8.55,1,muy baja,2026-10-05T18:06:10,mirova-archivo,1
2025-05-11T05:00:00,357150,Puyehue-Cordon Caulle,VIIRS375,0.2953,8.55,1,muy baja,2026-10-05T18:06:10,mirova-archivo,1
2025-05-11T06:18:00,357150,Puyehue-Cordon Caulle,VIIRS375,0.5085,8.02,1,muy baja,2026-10-05T18:06:10,mirova-archivo,1
2025-05-11T06:36:00,357150,Puyehue-Cordon Caulle,VIIRS375,0.3792,8.19,1,muy baja,2026-10-05T18:06:10,mirova-archivo,1
2025-05-12T06:18:00,357150,Puyehue-Cordon Caulle,VIIRS375,0.1187,7.28,1,muy baja,2026-10-05T18:06:10,mirova-archivo,1
2025-05-20T05:30:00,357150,Puyehue-Cordon Caulle,VIIRS375,0.06616,7.73,1,muy baja,2026-10-05T18:06:10,mirova-archivo,1
2025-05-20T06:48:00,357150,Puyehue-Cordon Caulle,VIIRS375,0.03481,7.73,1,muy baja,2026-10-05T18:06:10,mirova-archivo,1
2025-05-22T04:30:00,357150,Puyehue-Cordon Caulle,VIIRS375,0.2918,8.66,1,muy baja,2026-10-05T18:06:10,mirova-archivo,1
2025-05-22T04:54:00,357150,Puyehue-Cordon Caulle,VIIRS375,0.4019,8.46,1,muy baja,2026-10-05T18:06:10,mirova-archivo,1
2025-05-22T06:12:00,357150,Puyehue-Cordon Caulle,VIIRS375,0.5333,8.10,1,muy baja,2026-10-05T18:06:10,mirova-archivo,1
2025-05-22T06:30:00,357150,Puyehue-Cordon Caulle,VIIRS375,0.4107,7.83,1,muy baja,2026-10-05T18:06:10,mirova-archivo,1
2025-05-24T05:30:00,357150,Puyehue-Cordon Caulle,VIIRS375,0.3744,8.10,1,muy baja,2026-10-05T18:06:10,mirova-archivo,1
2025-05-24T05:54:00,357150,Puyehue-Cordon Caulle,VIIRS375,0.4806,7.83,1,muy baja,2026-10-05T18:06:10,mirova-archivo,1
2025-05-25T05:12:00,357150,Puyehue-Cordon Caulle,VIIRS375,0.03982,7.73,1,muy baja,2026-10-05T18:06:10,mirova-archivo,1
2025-05-28T04:36:00,357150,Puyehue-Cordon Caulle,VIIRS375,0.06986,8.55,1,muy baja,2026-10-05T18:06:10,mirova-archivo,1
2025-05-31T05:24:00,357150,Puyehue-Cordon Caulle,VIIRS375,0.3996,16.19,0,no volcanica,2026-10-05T18:06:10,mirova-archivo,0
2025-06-01T05:06:00,357150,Puyehue-Cordon Caulle,VIIRS375,0.1572,8.46,1,muy baja,2026-10-05T18:06:10,mirova-archivo,1
2025-06-03T05:42:00,357150,Puyehue-Cordon Caulle,VIIRS375,0.1905,7.83,1,muy baja,2026-10-05T18:06:10,mirova-archivo,1
2025-06-04T05:24:00,357150,Puyehue-Cordon Caulle,VIIRS375,0.2523,24.03,0,no volcanica,2026-10-05T18:06:10,mirova-archivo,0
2025-06-05T05:06:00,357150,Puyehue-Cordon Caulle,VIIRS375,0.3922,8.10,1,muy baja,2026-10-05T18:06:10,mirova-archivo,1
2025-06-05T05:30:00,357150,Puyehue-Cordon Caulle,VIIRS375,0.4489,7.83,1,muy baja,2026-10-05T18:06:10,mirova-archivo,1
2025-06-06T04:48:00,357150,Puyehue-Cordon Caulle,VIIRS375,0.5312,8.19,1,muy baja,2026-10-05T18:06:10,mirova-archivo,1
2025-06-06T05:12:00,357150,Puyehue-Cordon Caulle,VIIRS375,0.5299,8.10,1,muy baja,2026-10-05T18:06:10,mirova-archivo,1
2025-06-06T06:30:00,357150,Puyehue-Cordon Caulle,VIIRS375,0.3677,7.73,1,muy baja,2026-10-05T18:06:10,mirova-archivo,1
2025-06-07T04:54:00,357150,Puyehue-Cordon Caulle,VIIRS375,0.6121,8.46,1,muy baja,2026-10-05T18:06:10,mirova-archivo,1
2025-06-07T06:12:00,357150,Puyehue-Cordon Caulle,VIIRS375,0.5196,8.19,1,muy baja,2026-10-05T18:06:10,mirova-archivo,1
2025-06-07T06:30:00,357150,Puyehue-Cordon Caulle,VIIRS375,0.2411,8.19,1,muy baja,2026-10-05T18:06:10,mirova-archivo,1
2025-06-08T06:12:00,357150,Puyehue-Cordon Caulle,VIIRS375,0.7723,8.19,1,muy baja,2026-10-05T18:06:10,mirova-archivo,1
2025-06-09T05:54:00,357150,Puyehue-Cordon Caulle,VIIRS375,0.7027,8.02,1,muy baja,2026-10-05T18:06:10,mirova-archivo,1
2025-06-10T05:12:00,357150,Puyehue-Cordon Caulle,VIIRS375,0.7309,8.46,1,muy baja,2026-10-05T18:06:10,mirova-archivo,1
2025-06-10T05:36:00,357150,Puyehue-Cordon Caulle,VIIRS375,0.921,8.19,1,muy baja,2026-10-05T18:06:10,mirova-archivo,1
2025-06-11T04:54:00,357150,Puyehue-Cordon Caulle,VIIRS375,0.2384,8.19,1,muy baja,2026-10-05T18:06:10,mirova-archivo,1
2025-06-11T06:36:00,357150,Puyehue-Cordon Caulle,VIIRS375,0.06927,7.83,1,muy baja,2026-10-05T18:06:10,mirova-archivo,1
2025-06-14T06:00:00,357150,Puyehue-Cordon Caulle,VIIRS375,0.4185,25.13,0,no volcanica,2026-10-05T18:06:10,mirova-archivo,0
2025-06-18T04:48:00,357150,Puyehue-Cordon Caulle,VIIRS375,0.2576,8.46,1,muy baja,2026-10-05T18:06:10,mirova-archivo,1
2025-06-23T06:12:00,357150,Puyehue-Cordon Caulle,VIIRS375,0.4639,8.10,1,muy baja,2026-10-05T18:06:10,mirova-archivo,1
2025-06-27T05:18:00,357150,Puyehue-Cordon Caulle,VIIRS375,2.345,20.53,0,no volcanica,2026-10-05T18:06:10,mirova-archivo,0
2025-06-28T04:36:00,357150,Puyehue-Cordon Caulle,VIIRS375,0.1144,8.30,1,muy baja,2026-10-05T18:06:10,mirova-archivo,1
2025-06-28T05:00:00,357150,Puyehue-Cordon Caulle,VIIRS375,0.04739,7.73,1,muy baja,2026-10-05T18:06:10,mirova-archivo,1
2025-06-28T06:18:00,357150,Puyehue-Cordon Caulle,VIIRS375,0.2604,7.83,1,muy baja,2026-10-05T18:06:10,mirova-archivo,1
2025-06-28T06:36:00,357150,Puyehue-Cordon Caulle,VIIRS375,0.1719,8.19,1,muy baja,2026-10-05T18:06:10,mirova-archivo,1
2025-06-29T06:00:00,357150,Puyehue-Cordon Caulle,VIIRS375,0.2672,7.83,1,muy baja,2026-10-05T18:06:10,mirova-archivo,1
2025-06-30T05:36:00,357150,Puyehue-Cordon Caulle,VIIRS375,0.8554,8.19,1,muy baja,2026-10-05T18:06:10,mirova-archivo,1
2025-06-30T06:00:00,357150,Puyehue-Cordon Caulle,VIIRS375,0.9478,8.19,1,muy baja,2026-10-05T18:06:10,mirova-archivo,1
2025-07-01T05:18:00,357150,Puyehue-Cordon Caulle,VIIRS375,0.7054,8.19,1,muy baja,2026-10-05T18:06:10,mirova-archivo,1
2025-07-01T05:42:00,357150,Puyehue-Cordon Caulle,VIIRS375,1.037,8.19,1,baja,2026-10-05T18:06:10,mirova-archivo,1
2025-07-02T05:24:00,357150,Puyehue-Cordon Caulle,VIIRS375,0.2933,8.10,1,muy baja,2026-10-05T18:06:10,mirova-archivo,1
2025-07-02T06:42:00,357150,Puyehue-Cordon Caulle,VIIRS375,0.3582,7.73,1,muy baja,2026-10-05T18:06:10,mirova-archivo,1
2025-07-03T05:06:00,357150,Puyehue-Cordon Caulle,VIIRS375,0.2879,8.19,1,muy baja,2026-10-05T18:06:10,mirova-archivo,1
2025-07-04T04:48:00,357150,Puyehue-Cordon Caulle,VIIRS375,0.2214,8.55,1,muy baja,2026-10-05T18:06:10,mirova-archivo,1
2025-07-04T06:06:00,357150,Puyehue-Cordon Caulle,VIIRS375,0.1031,7.73,1,muy baja,2026-10-05T18:06:10,mirova-archivo,1
2025-07-05T04:30:00,357150,Puyehue-Cordon Caulle,VIIRS375,0.1888,8.91,1,muy baja,2026-10-05T18:06:10,mirova-archivo,1
2025-07-05T06:06:00,357150,Puyehue-Cordon Caulle,VIIRS375,0.2622,8.19,1,muy baja,2026-10-05T18:06:10,mirova-archivo,1
2025-07-08T05:12:00,357150,Puyehue-Cordon Caulle,VIIRS375,0.05702,8.55,1,muy baja,2026-10-05T18:06:10,mirova-archivo,1
2025-07-09T04:30:00,357150,Puyehue-Cordon Caulle,VIIRS375,2.336,17.72,0,no volcanica,2026-10-05T18:06:10,mirova-archivo,0
2025-07-09T04:54:00,357150,Puyehue-Cordon Caulle,VIIRS375,0.4562,8.30,1,muy baja,2026-10-05T18:06:10,mirova-archivo,1
2025-07-09T06:12:00,357150,Puyehue-Cordon Caulle,VIIRS375,0.8968,8.19,1,muy baja,2026-10-05T18:06:10,mirova-archivo,1
2025-07-09T06:30:00,357150,Puyehue-Cordon Caulle,VIIRS375,0.9083,8.19,1,muy baja,2026-10-05T18:06:10,mirova-archivo,1
2025-07-10T04:36:00,357150,Puyehue-Cordon Caulle,VIIRS375,0.5759,8.66,1,muy baja,2026-10-05T18:06:10,mirova-archivo,1
2025-07-10T06:12:00,357150,Puyehue-Cordon Caulle,VIIRS375,0.7231,8.19,1,muy baja,2026-10-05T18:06:10,mirova-archivo,1
2025-07-11T05:30:00,357150,Puyehue-Cordon Caulle,VIIRS375,0.446,7.83,1,muy baja,2026-10-05T18:06:10,mirova-archivo,1
2025-07-11T05:54:00,357150,Puyehue-Cordon Caulle,VIIRS375,0.8525,8.19,1,muy baja,2026-10-05T18:06:10,mirova-archivo,1
2025-07-12T05:12:00,357150,Puyehue-Cordon Caulle,VIIRS375,0.7547,8.19,1,muy baja,2026-10-05T18:06:10,mirova-archivo,1
2025-07-12T05:36:00,357150,Puyehue-Cordon Caulle,VIIRS375,1.124,8.46,1,baja,2026-10-05T18:06:10,mirova-archivo,1
2025-07-13T04:54:00,357150,Puyehue-Cordon Caulle,VIIRS375,0.7268,8.55,1,muy baja,2026-10-05T18:06:10,mirova-archivo,1
2025-07-13T05:18:00,357150,Puyehue-Cordon Caulle,VIIRS375,0.9589,8.19,1,muy baja,2026-10-05T18:06:10,mirova-archivo,1
2025-07-13T06:36:00,357150,Puyehue-Cordon Caulle,VIIRS375,0.3042,7.73,1,muy baja,2026-10-05T18:06:10,mirova-archivo,1
2025-07-14T04:36:00,357150,Puyehue-Cordon Caulle,VIIRS375,0.09093,8.91,1,muy baja,2026-10-05T18:06:10,mirova-archivo,1
2025-07-14T05:00:00,357150,Puyehue-Cordon Caulle,VIIRS375,1.001,12.15,0,no volcanica,2026-10-05T18:06:10,mirova-archivo,0
2025-07-14T06:18:00,357150,Puyehue-Cordon Caulle,VIIRS375,0.668,8.19,1,muy baja,2026-10-05T18:06:10,mirova-archivo,1
2025-07-16T05:36:00,357150,Puyehue-Cordon Caulle,VIIRS375,0.7228,8.10,1,muy baja,2026-10-05T18:06:10,mirova-archivo,1
2025-07-16T06:00:00,357150,Puyehue-Cordon Caulle,VIIRS375,0.2153,7.83,1,muy baja,2026-10-05T18:06:10,mirova-archivo,1
2025-07-17T05:18:00,357150,Puyehue-Cordon Caulle,VIIRS375,0.7915,21.77,0,no volcanica,2026-10-05T18:06:10,mirova-archivo,0
2025-07-17T05:42:00,357150,Puyehue-Cordon Caulle,VIIRS375,0.7046,8.19,1,muy baja,2026-10-05T18:06:10,mirova-archivo,1
2025-07-18T05:00:00,357150,Puyehue-Cordon Caulle,VIIRS375,0.3973,8.19,1,muy baja,2026-10-05T18:06:10,mirova-archivo,1
2025-07-18T05:24:00,357150,Puyehue-Cordon Caulle,VIIRS375,0.2531,8.19,1,muy baja,2026-10-05T18:06:10,mirova-archivo,1
2025-07-22T05:24:00,357150,Puyehue-Cordon Caulle,VIIRS375,0.7386,8.10,1,muy baja,2026-10-05T18:06:10,mirova-archivo,1
2025-07-22T05:48:00,357150,Puyehue-Cordon Caulle,VIIRS375,0.5186,7.83,1,muy baja,2026-10-05T18:06:10,mirova-archivo,1
2025-07-23T05:06:00,357150,Puyehue-Cordon Caulle,VIIRS375,0.6381,8.46,1,muy baja,2026-10-05T18:06:10,mirova-archivo,1
2025-07-23T05:30:00,357150,Puyehue-Cordon Caulle,VIIRS375,0.7737,8.10,1,muy baja,2026-10-05T18:06:10,mirova-archivo,1
2025-07-23T06:48:00,357150,Puyehue-Cordon Caulle,VIIRS375,0.5199,8.19,1,muy baja,2026-10-05T18:06:10,mirova-archivo,1
2025-07-24T06:54:00,357150,Puyehue-Cordon Caulle,VIIRS375,0.06423,8.55,1,muy baja,2026-10-05T18:06:10,mirova-archivo,1
2025-08-04T05:06:00,357150,Puyehue-Cordon Caulle,VIIRS375,0.261,8.19,1,muy baja,2026-10-05T18:06:10,mirova-archivo,1
2025-08-06T06:06:00,357150,Puyehue-Cordon Caulle,VIIRS375,0.2573,7.73,1,muy baja,2026-10-05T18:06:10,mirova-archivo,1
2025-08-07T05:24:00,357150,Puyehue-Cordon Caulle,VIIRS375,0.4159,8.19,1,muy baja,2026-10-05T18:06:10,mirova-archivo,1
2025-08-07T05:48:00,357150,Puyehue-Cordon Caulle,VIIRS375,0.4175,8.19,1,muy baja,2026-10-05T18:06:10,mirova-archivo,1
2025-08-08T05:06:00,357150,Puyehue-Cordon Caulle,VIIRS375,0.1186,7.83,1,muy baja,2026-10-05T18:06:10,mirova-archivo,1
2025-08-08T05:30:00,357150,Puyehue-Cordon Caulle,VIIRS375,0.3632,8.10,1,muy baja,2026-10-05T18:06:10,mirova-archivo,1
2025-08-08T06:48:00,357150,Puyehue-Cordon Caulle,VIIRS375,0.1115,7.65,1,muy baja,2026-10-05T18:06:10,mirova-archivo,1
2025-08-09T05:12:00,357150,Puyehue-Cordon Caulle,VIIRS375,0.1785,8.10,1,muy baja,2026-10-05T18:06:10,mirova-archivo,1
2025-08-09T06:30:00,357150,Puyehue-Cordon Caulle,VIIRS375,0.6755,8.02,1,muy baja,2026-10-05T18:06:10,mirova-archivo,1
2025-08-13T05:36:00,357150,Puyehue-Cordon Caulle,VIIRS375,0.4322,8.10,1,muy baja,2026-10-05T18:06:10,mirova-archivo,1
2025-08-14T06:36:00,357150,Puyehue-Cordon Caulle,VIIRS375,0.08748,7.65,1,muy baja,2026-10-05T18:06:10,mirova-archivo,1
2025-08-15T04:36:00,357150,Puyehue-Cordon Caulle,VIIRS375,0.2846,8.55,1,muy baja,2026-10-05T18:06:10,mirova-archivo,1
2025-08-15T05:00:00,357150,Puyehue-Cordon Caulle,VIIRS375,0.1986,8.55,1,muy baja,2026-10-05T18:06:10,mirova-archivo,1
2025-08-15T06:18:00,357150,Puyehue-Cordon Caulle,VIIRS375,1.021,8.19,1,baja,2026-10-05T18:06:10,mirova-archivo,1
2025-08-18T05:18:00,357150,Puyehue-Cordon Caulle,VIIRS375,0.5409,8.19,1,muy baja,2026-10-05T18:06:10,mirova-archivo,1
2025-08-18T05:42:00,357150,Puyehue-Cordon Caulle,VIIRS375,0.9482,8.39,1,muy baja,2026-10-05T18:06:10,mirova-archivo,1
2025-08-27T04:36:00,357150,Puyehue-Cordon Caulle,VIIRS375,0.4915,8.66,1,muy baja,2026-10-05T18:06:10,mirova-archivo,1
2025-08-27T05:54:00,357150,Puyehue-Cordon Caulle,VIIRS375,1.127,8.19,1,baja,2026-10-05T18:06:10,mirova-archivo,1
2025-08-27T06:12:00,357150,Puyehue-Cordon Caulle,VIIRS375,0.4329,7.83,1,muy baja,2026-10-05T18:06:10,mirova-archivo,1
2025-08-28T05:30:00,357150,Puyehue-Cordon Caulle,VIIRS375,0.7364,8.19,1,muy baja,2026-10-05T18:06:10,mirova-archivo,1
2025-08-28T05:54:00,357150,Puyehue-Cordon Caulle,VIIRS375,0.924,8.19,1,muy baja,2026-10-05T18:06:10,mirova-archivo,1
2025-08-29T05:12:00,357150,Puyehue-Cordon Caulle,VIIRS375,0.6634,8.19,1,muy baja,2026-10-05T18:06:10,mirova-archivo,1
2025-08-29T05:36:00,357150,Puyehue-Cordon Caulle,VIIRS375,1.073,8.19,1,baja,2026-10-05T18:06:10,mirova-archivo,1
2025-08-29T06:54:00,357150,Puyehue-Cordon Caulle,VIIRS375,0.9118,8.02,1,muy baja,2026-10-05T18:06:10,mirova-archivo,1
2025-08-31T06:18:00,357150,Puyehue-Cordon Caulle,VIIRS375,0.2314,25.60,0,no volcanica,2026-10-05T18:06:10,mirova-archivo,0
2025-09-04T05:00:00,357150,Puyehue-Cordon Caulle,VIIRS375,0.3198,8.55,1,muy baja,2026-10-05T18:06:10,mirova-archivo,1
2025-09-04T05:24:00,357150,Puyehue-Cordon Caulle,VIIRS375,0.3663,8.30,1,muy baja,2026-10-05T18:06:10,mirova-archivo,1
2025-09-04T06:42:00,357150,Puyehue-Cordon Caulle,VIIRS375,0.1441,7.65,1,muy baja,2026-10-05T18:06:10,mirova-archivo,1
2025-09-05T05:06:00,357150,Puyehue-Cordon Caulle,VIIRS375,0.0955,7.83,1,muy baja,2026-10-05T18:06:10,mirova-archivo,1
2025-09-05T06:24:00,357150,Puyehue-Cordon Caulle,VIIRS375,0.2705,7.73,1,muy baja,2026-10-05T18:06:10,mirova-archivo,1
2025-09-05T06:48:00,357150,Puyehue-Cordon Caulle,VIIRS375,0.0758,7.73,1,muy baja,2026-10-05T18:06:10,mirova-archivo,1
2025-09-06T04:48:00,357150,Puyehue-Cordon Caulle,VIIRS375,0.7631,8.91,1,muy baja,2026-10-05T18:06:10,mirova-archivo,1
2025-09-06T06:06:00,357150,Puyehue-Cordon Caulle,VIIRS375,1.042,8.19,1,baja,2026-10-05T18:06:10,mirova-archivo,1
2025-09-06T06:24:00,357150,Puyehue-Cordon Caulle,VIIRS375,1.155,8.10,1,baja,2026-10-05T18:06:10,mirova-archivo,1
2025-09-07T04:30:00,357150,Puyehue-Cordon Caulle,VIIRS375,0.5721,9.02,1,muy baja,2026-10-05T18:06:10,mirova-archivo,1
2025-09-07T05:48:00,357150,Puyehue-Cordon Caulle,VIIRS375,1.346,8.39,1,baja,2026-10-05T18:06:10,mirova-archivo,1
2025-09-07T06:06:00,357150,Puyehue-Cordon Caulle,VIIRS375,1.164,8.19,1,baja,2026-10-05T18:06:10,mirova-archivo,1
2025-09-11T04:30:00,357150,Puyehue-Cordon Caulle,VIIRS375,0.08641,8.66,1,muy baja,2026-10-05T18:06:10,mirova-archivo,1
2025-09-11T04:54:00,357150,Puyehue-Cordon Caulle,VIIRS375,0.2081,8.55,1,muy baja,2026-10-05T18:06:10,mirova-archivo,1
2025-09-11T06:12:00,357150,Puyehue-Cordon Caulle,VIIRS375,0.5249,8.19,1,muy baja,2026-10-05T18:06:10,mirova-archivo,1
2025-09-11T06:30:00,357150,Puyehue-Cordon Caulle,VIIRS375,0.5707,8.19,1,muy baja,2026-10-05T18:06:10,mirova-archivo,1
2025-09-12T05:54:00,357150,Puyehue-Cordon Caulle,VIIRS375,0.7264,8.19,1,muy baja,2026-10-05T18:06:10,mirova-archivo,1
2025-09-12T06:12:00,357150,Puyehue-Cordon Caulle,VIIRS375,0.2615,7.83,1,muy baja,2026-10-05T18:06:10,mirova-archivo,1
2025-09-14T05:12:00,357150,Puyehue-Cordon Caulle,VIIRS375,0.1318,8.10,1,muy baja,2026-10-05T18:06:10,mirova-archivo,1
2025-09-14T05:36:00,357150,Puyehue-Cordon Caulle,VIIRS375,0.02394,8.10,1,muy baja,2026-10-05T18:06:10,mirova-archivo,1
2025-09-15T05:18:00,357150,Puyehue-Cordon Caulle,VIIRS375,0.18,8.46,1,muy baja,2026-10-05T18:06:10,mirova-archivo,1
2025-09-15T06:36:00,357150,Puyehue-Cordon Caulle,VIIRS375,0.2195,8.10,1,muy baja,2026-10-05T18:06:10,mirova-archivo,1
2025-09-16T06:36:00,357150,Puyehue-Cordon Caulle,VIIRS375,0.0196,2.12,0,no volcanica,2026-10-05T18:06:10,mirova-archivo,0
2025-09-17T04:42:00,357150,Puyehue-Cordon Caulle,VIIRS375,0.09656,8.55,1,muy baja,2026-10-05T18:06:10,mirova-archivo,1
2025-09-17T06:18:00,357150,Puyehue-Cordon Caulle,VIIRS375,0.06552,7.65,1,muy baja,2026-10-05T18:06:10,mirova-archivo,1
2025-09-24T05:30:00,357150,Puyehue-Cordon Caulle,VIIRS375,0.4027,7.83,1,muy baja,2026-10-05T18:06:10,mirova-archivo,1
2025-09-24T05:48:00,357150,Puyehue-Cordon Caulle,VIIRS375,1.091,8.39,1,baja,2026-10-05T18:06:10,mirova-archivo,1
2025-09-25T05:06:00,357150,Puyehue-Cordon Caulle,VIIRS375,0.534,8.19,1,muy baja,2026-10-05T18:06:10,mirova-archivo,1
2025-09-25T05:30:00,357150,Puyehue-Cordon Caulle,VIIRS375,0.4512,7.83,1,muy baja,2026-10-05T18:06:10,mirova-archivo,1
2025-09-25T06:48:00,357150,Puyehue-Cordon Caulle,VIIRS375,0.3323,8.02,1,muy baja,2026-10-05T18:06:10,mirova-archivo,1
2025-09-28T04:36:00,357150,Puyehue-Cordon Caulle,VIIRS375,0.01322,7.40,0,no volcanica,2026-10-05T18:06:10,mirova-archivo,0
2025-09-29T05:36:00,357150,Puyehue-Cordon Caulle,VIIRS375,0.4843,8.10,1,muy baja,2026-10-05T18:06:10,mirova-archivo,1
2025-09-29T05:54:00,357150,Puyehue-Cordon Caulle,VIIRS375,0.495,8.10,1,muy baja,2026-10-05T18:06:10,mirova-archivo,1
2025-10-01T04:54:00,357150,Puyehue-Cordon Caulle,VIIRS375,0.5493,8.19,1,muy baja,2026-10-05T18:06:10,mirova-archivo,1
2025-10-01T05:18:00,357150,Puyehue-Cordon Caulle,VIIRS375,0.08012,7.83,1,muy baja,2026-10-05T18:06:10,mirova-archivo,1
2025-10-01T06:36:00,357150,Puyehue-Cordon Caulle,VIIRS375,0.1538,7.83,1,muy baja,2026-10-05T18:06:10,mirova-archivo,1
2025-10-02T04:36:00,357150,Puyehue-Cordon Caulle,VIIRS375,0.04205,7.73,1,muy baja,2026-10-05T18:06:10,mirova-archivo,1
2025-10-02T05:00:00,357150,Puyehue-Cordon Caulle,VIIRS375,0.3281,8.19,1,muy baja,2026-10-05T18:06:10,mirova-archivo,1
2025-10-02T06:18:00,357150,Puyehue-Cordon Caulle,VIIRS375,0.3619,7.83,1,muy baja,2026-10-05T18:06:10,mirova-archivo,1
2025-10-02T06:36:00,357150,Puyehue-Cordon Caulle,VIIRS375,0.2796,8.10,1,muy baja,2026-10-05T18:06:10,mirova-archivo,1
2025-10-03T06:00:00,357150,Puyehue-Cordon Caulle,VIIRS375,0.1061,7.83,1,muy baja,2026-10-05T18:06:10,mirova-archivo,1
2025-10-03T06:18:00,357150,Puyehue-Cordon Caulle,VIIRS375,0.1366,8.10,1,muy baja,2026-10-05T18:06:10,mirova-archivo,1
2025-10-05T05:24:00,357150,Puyehue-Cordon Caulle,VIIRS375,0.5711,8.19,1,muy baja,2026-10-05T18:06:10,mirova-archivo,1
2025-10-05T05:42:00,357150,Puyehue-Cordon Caulle,VIIRS375,0.6141,8.19,1,muy baja,2026-10-05T18:06:10,mirova-archivo,1
2025-10-14T05:54:00,357150,Puyehue-Cordon Caulle,VIIRS375,0.7055,7.83,1,muy baja,2026-10-05T18:06:10,mirova-archivo,1
2025-10-14T06:12:00,357150,Puyehue-Cordon Caulle,VIIRS375,0.4668,7.83,1,muy baja,2026-10-05T18:06:10,mirova-archivo,1
2025-10-15T05:54:00,357150,Puyehue-Cordon Caulle,VIIRS375,0.08649,16.91,0,no volcanica,2026-10-05T18:06:10,mirova-archivo,0
2025-10-16T05:36:00,357150,Puyehue-Cordon Caulle,VIIRS375,0.09273,7.83,1,muy baja,2026-10-05T18:06:10,mirova-archivo,1
2025-10-17T04:54:00,357150,Puyehue-Cordon Caulle,VIIRS375,0.8243,8.55,1,muy baja,2026-10-05T18:06:10,mirova-archivo,1
2025-10-17T05:18:00,357150,Puyehue-Cordon Caulle,VIIRS375,0.3756,8.10,1,muy baja,2026-10-05T18:06:10,mirova-archivo,1
2025-10-18T05:00:00,357150,Puyehue-Cordon Caulle,VIIRS375,0.6458,8.66,1,muy baja,2026-10-05T18:06:10,mirova-archivo,1
2025-10-18T06:18:00,357150,Puyehue-Cordon Caulle,VIIRS375,0.6244,8.02,1,muy baja,2026-10-05T18:06:10,mirova-archivo,1
2025-10-18T06:36:00,357150,Puyehue-Cordon Caulle,VIIRS375,0.1434,8.19,1,muy baja,2026-10-05T18:06:10,mirova-archivo,1
2025-10-19T04:42:00,357150,Puyehue-Cordon Caulle,VIIRS375,0.9783,8.66,1,muy baja,2026-10-05T18:06:10,mirova-archivo,1
2025-10-19T06:00:00,357150,Puyehue-Cordon Caulle,VIIRS375,0.8112,8.10,1,muy baja,2026-10-05T18:06:10,mirova-archivo,1
2025-10-19T06:18:00,357150,Puyehue-Cordon Caulle,VIIRS375,0.8913,8.19,1,muy baja,2026-10-05T18:06:10,mirova-archivo,1
2025-10-21T05:24:00,357150,Puyehue-Cordon Caulle,VIIRS375,0.03838,7.73,1,muy baja,2026-10-05T18:06:10,mirova-archivo,1
2025-10-21T05:42:00,357150,Puyehue-Cordon Caulle,VIIRS375,0.03298,7.73,1,muy baja,2026-10-05T18:06:10,mirova-archivo,1
2025-10-22T05:00:00,357150,Puyehue-Cordon Caulle,VIIRS375,0.4847,8.19,1,muy baja,2026-10-05T18:06:10,mirova-archivo,1
2025-10-22T05:24:00,357150,Puyehue-Cordon Caulle,VIIRS375,0.8853,8.19,1,muy baja,2026-10-05T18:06:10,mirova-archivo,1
2025-10-22T06:42:00,357150,Puyehue-Cordon Caulle,VIIRS375,0.4745,7.73,1,muy baja,2026-10-05T18:06:10,mirova-archivo,1
2025-10-23T05:06:00,357150,Puyehue-Cordon Caulle,VIIRS375,0.3519,8.19,1,muy baja,2026-10-05T18:06:10,mirova-archivo,1
2025-10-25T05:48:00,357150,Puyehue-Cordon Caulle,VIIRS375,0.3067,12.24,0,no volcanica,2026-10-05T18:06:10,mirova-archivo,0
2025-10-25T06:06:00,357150,Puyehue-Cordon Caulle,VIIRS375,0.3628,2.37,0,no volcanica,2026-10-05T18:06:10,mirova-archivo,0
2025-10-27T05:30:00,357150,Puyehue-Cordon Caulle,VIIRS375,0.2368,7.73,1,muy baja,2026-10-05T18:06:10,mirova-archivo,1
2025-10-28T05:12:00,357150,Puyehue-Cordon Caulle,VIIRS375,0.3049,8.10,1,muy baja,2026-10-05T18:06:10,mirova-archivo,1
2025-10-28T06:30:00,357150,Puyehue-Cordon Caulle,VIIRS375,0.3468,7.73,1,muy baja,2026-10-05T18:06:10,mirova-archivo,1
2025-10-29T04:30:00,357150,Puyehue-Cordon Caulle,VIIRS375,0.8953,8.91,1,muy baja,2026-10-05T18:06:10,mirova-archivo,1
2025-10-29T04:54:00,357150,Puyehue-Cordon Caulle,VIIRS375,0.9321,8.55,1,muy baja,2026-10-05T18:06:10,mirova-archivo,1
2025-10-29T06:12:00,357150,Puyehue-Cordon Caulle,VIIRS375,0.72,7.83,1,muy baja,2026-10-05T18:06:10,mirova-archivo,1
2025-10-29T06:30:00,357150,Puyehue-Cordon Caulle,VIIRS375,0.6297,7.83,1,muy baja,2026-10-05T18:06:10,mirova-archivo,1
2025-10-30T04:36:00,357150,Puyehue-Cordon Caulle,VIIRS375,0.386,9.02,1,muy baja,2026-10-05T18:06:10,mirova-archivo,1
2025-10-30T05:54:00,357150,Puyehue-Cordon Caulle,VIIRS375,0.131,7.83,1,muy baja,2026-10-05T18:06:10,mirova-archivo,1
2025-10-30T06:12:00,357150,Puyehue-Cordon Caulle,VIIRS375,0.385,7.83,1,muy baja,2026-10-05T18:06:10,mirova-archivo,1
2025-11-02T04:54:00,357150,Puyehue-Cordon Caulle,VIIRS375,0.7504,8.46,1,muy baja,2026-10-05T18:06:10,mirova-archivo,1
2025-11-02T05:18:00,357150,Puyehue-Cordon Caulle,VIIRS375,0.9782,8.30,1,muy baja,2026-10-05T18:06:10,mirova-archivo,1
2025-11-02T06:36:00,357150,Puyehue-Cordon Caulle,VIIRS375,0.05269,7.58,1,muy baja,2026-10-05T18:06:10,mirova-archivo,1
2025-11-03T05:00:00,357150,Puyehue-Cordon Caulle,VIIRS375,0.07826,8.55,1,muy baja,2026-10-05T18:06:10,mirova-archivo,1
2025-11-05T05:42:00,357150,Puyehue-Cordon Caulle,VIIRS375,1.05,8.10,1,baja,2026-10-05T18:06:10,mirova-archivo,1
2025-11-05T06:00:00,357150,Puyehue-Cordon Caulle,VIIRS375,1.239,8.19,1,baja,2026-10-05T18:06:10,mirova-archivo,1
2025-11-06T05:24:00,357150,Puyehue-Cordon Caulle,VIIRS375,0.7963,8.30,1,muy baja,2026-10-05T18:06:10,mirova-archivo,1
2025-11-06T05:42:00,357150,Puyehue-Cordon Caulle,VIIRS375,1.294,8.30,1,baja,2026-10-05T18:06:10,mirova-archivo,1
2025-11-07T05:24:00,357150,Puyehue-Cordon Caulle,VIIRS375,0.5385,8.19,1,muy baja,2026-10-05T18:06:10,mirova-archivo,1
2025-11-08T06:24:00,357150,Puyehue-Cordon Caulle,VIIRS375,0.9607,8.19,1,muy baja,2026-10-05T18:06:10,mirova-archivo,1
2025-11-09T06:06:00,357150,Puyehue-Cordon Caulle,VIIRS375,0.6082,7.83,1,muy baja,2026-10-05T18:06:10,mirova-archivo,1
2025-11-09T06:24:00,357150,Puyehue-Cordon Caulle,VIIRS375,0.4171,7.83,1,muy baja,2026-10-05T18:06:10,mirova-archivo,1
2025-11-10T04:30:00,357150,Puyehue-Cordon Caulle,VIIRS375,0.2035,9.02,1,muy baja,2026-10-05T18:06:10,mirova-archivo,1
2025-11-10T05:48:00,357150,Puyehue-Cordon Caulle,VIIRS375,0.7275,7.83,1,muy baja,2026-10-05T18:06:10,mirova-archivo,1
2025-11-10T06:06:00,357150,Puyehue-Cordon Caulle,VIIRS375,0.7017,8.10,1,muy baja,2026-10-05T18:06:10,mirova-archivo,1
2025-11-14T04:30:00,357150,Puyehue-Cordon Caulle,VIIRS375,0.03746,8.30,1,muy baja,2026-10-05T18:06:10,mirova-archivo,1
2025-11-14T04:54:00,357150,Puyehue-Cordon Caulle,VIIRS375,0.5833,8.55,1,muy baja,2026-10-05T18:06:10,mirova-archivo,1
2025-11-14T06:12:00,357150,Puyehue-Cordon Caulle,VIIRS375,0.3355,8.02,1,muy baja,2026-10-05T18:06:10,mirova-archivo,1
2025-11-14T06:36:00,357150,Puyehue-Cordon Caulle,VIIRS375,0.1147,7.73,1,muy baja,2026-10-05T18:06:10,mirova-archivo,1
2025-11-20T04:42:00,357150,Puyehue-Cordon Caulle,VIIRS375,0.1162,2.02,0,no volcanica,2026-10-05T18:06:10,mirova-archivo,0
2025-11-21T05:42:00,357150,Puyehue-Cordon Caulle,VIIRS375,1.148,9.13,1,baja,2026-10-05T18:06:10,mirova-archivo,1
2025-11-21T06:00:00,357150,Puyehue-Cordon Caulle,VIIRS375,0.7091,8.19,1,muy baja,2026-10-05T18:06:10,mirova-archivo,1
2025-11-22T05:24:00,357150,Puyehue-Cordon Caulle,VIIRS375,0.9257,8.19,1,muy baja,2026-10-05T18:06:10,mirova-archivo,1
2025-11-22T05:42:00,357150,Puyehue-Cordon Caulle,VIIRS375,1.285,8.39,1,baja,2026-10-05T18:06:10,mirova-archivo,1
2025-11-23T05:06:00,357150,Puyehue-Cordon Caulle,VIIRS375,1.113,8.55,1,baja,2026-10-05T18:06:10,mirova-archivo,1
2025-11-23T05:24:00,357150,Puyehue-Cordon Caulle,VIIRS375,1.226,8.30,1,baja,2026-10-05T18:06:10,mirova-archivo,1
2025-11-23T06:42:00,357150,Puyehue-Cordon Caulle,VIIRS375,1.052,8.02,1,baja,2026-10-05T18:06:10,mirova-archivo,1
2025-11-24T04:42:00,357150,Puyehue-Cordon Caulle,VIIRS375,0.1665,8.55,1,muy baja,2026-10-05T18:06:10,mirova-archivo,1
2025-11-24T05:06:00,357150,Puyehue-Cordon Caulle,VIIRS375,0.3889,8.19,1,muy baja,2026-10-05T18:06:10,mirova-archivo,1
2025-11-24T06:24:00,357150,Puyehue-Cordon Caulle,VIIRS375,0.3915,7.73,1,muy baja,2026-10-05T18:06:10,mirova-archivo,1
2025-11-24T06:48:00,357150,Puyehue-Cordon Caulle,VIIRS375,0.1735,8.10,1,muy baja,2026-10-05T18:06:10,mirova-archivo,1
2025-11-25T04:48:00,357150,Puyehue-Cordon Caulle,VIIRS375,1.981,22.08,0,no volcanica,2026-10-05T18:06:10,mirova-archivo,0
2025-11-25T06:06:00,357150,Puyehue-Cordon Caulle,VIIRS375,0.7571,7.83,1,muy baja,2026-10-05T18:06:10,mirova-archivo,1
2025-11-25T06:30:00,357150,Puyehue-Cordon Caulle,VIIRS375,0.7104,8.46,1,muy baja,2026-10-05T18:06:10,mirova-archivo,1
2025-11-26T04:30:00,357150,Puyehue-Cordon Caulle,VIIRS375,0.4431,9.02,1,muy baja,2026-10-05T18:06:10,mirova-archivo,1
2025-11-26T05:48:00,357150,Puyehue-Cordon Caulle,VIIRS375,0.7151,7.83,1,muy baja,2026-10-05T18:06:10,mirova-archivo,1
2025-11-26T06:06:00,357150,Puyehue-Cordon Caulle,VIIRS375,0.4728,7.83,1,muy baja,2026-10-05T18:06:10,mirova-archivo,1
2025-11-28T05:12:00,357150,Puyehue-Cordon Caulle,VIIRS375,0.5903,8.19,1,muy baja,2026-10-05T18:06:10,mirova-archivo,1
2025-11-28T05:30:00,357150,Puyehue-Cordon Caulle,VIIRS375,0.6928,8.19,1,muy baja,2026-10-05T18:06:10,mirova-archivo,1
2025-11-30T04:54:00,357150,Puyehue-Cordon Caulle,VIIRS375,0.4972,12.65,0,no volcanica,2026-10-05T18:06:10,mirova-archivo,0
2025-12-05T06:18:00,357150,Puyehue-Cordon Caulle,VIIRS375,0.06275,7.65,1,muy baja,2026-10-05T18:06:10,mirova-archivo,1
2025-12-06T04:42:00,357150,Puyehue-Cordon Caulle,VIIRS375,0.3341,8.91,1,muy baja,2026-10-05T18:06:10,mirova-archivo,1
2025-12-06T06:00:00,357150,Puyehue-Cordon Caulle,VIIRS375,0.6384,7.83,1,muy baja,2026-10-05T18:06:10,mirova-archivo,1
2025-12-06T06:24:00,357150,Puyehue-Cordon Caulle,VIIRS375,0.2632,8.19,1,muy baja,2026-10-05T18:06:10,mirova-archivo,1
2025-12-07T05:42:00,357150,Puyehue-Cordon Caulle,VIIRS375,1.002,8.10,1,baja,2026-10-05T18:06:10,mirova-archivo,1
2025-12-07T06:00:00,357150,Puyehue-Cordon Caulle,VIIRS375,0.3851,8.19,1,muy baja,2026-10-05T18:06:10,mirova-archivo,1
2025-12-08T05:24:00,357150,Puyehue-Cordon Caulle,VIIRS375,0.617,8.19,1,muy baja,2026-10-05T18:06:10,mirova-archivo,1
2025-12-08T05:42:00,357150,Puyehue-Cordon Caulle,VIIRS375,1.285,8.39,1,baja,2026-10-05T18:06:10,mirova-archivo,1
2025-12-10T06:24:00,357150,Puyehue-Cordon Caulle,VIIRS375,0.168,7.65,1,muy baja,2026-10-05T18:06:10,mirova-archivo,1
2025-12-11T04:48:00,357150,Puyehue-Cordon Caulle,VIIRS375,0.5212,8.55,1,muy baja,2026-10-05T18:06:10,mirova-archivo,1
2025-12-11T06:06:00,357150,Puyehue-Cordon Caulle,VIIRS375,0.1894,7.65,1,muy baja,2026-10-05T18:06:10,mirova-archivo,1
2025-12-14T05:30:00,357150,Puyehue-Cordon Caulle,VIIRS375,0.2543,2.40,0,no volcanica,2026-10-05T18:06:10,mirova-archivo,0
2025-12-16T04:54:00,357150,Puyehue-Cordon Caulle,VIIRS375,0.2714,8.19,1,muy baja,2026-10-05T18:06:10,mirova-archivo,1
2025-12-16T06:36:00,357150,Puyehue-Cordon Caulle,VIIRS375,0.1997,8.10,1,muy baja,2026-10-05T18:06:10,mirova-archivo,1
2025-12-17T06:18:00,357150,Puyehue-Cordon Caulle,VIIRS375,0.06651,7.65,1,muy baja,2026-10-05T18:06:10,mirova-archivo,1
2025-12-18T05:36:00,357150,Puyehue-Cordon Caulle,VIIRS375,0.2385,7.73,1,muy baja,2026-10-05T18:06:10,mirova-archivo,1
2025-12-19T05:18:00,357150,Puyehue-Cordon Caulle,VIIRS375,0.1386,7.83,1,muy baja,2026-10-05T18:06:10,mirova-archivo,1
2025-12-19T05:36:00,357150,Puyehue-Cordon Caulle,VIIRS375,0.586,8.19,1,muy baja,2026-10-05T18:06:10,mirova-archivo,1
2025-12-22T04:42:00,357150,Puyehue-Cordon Caulle,VIIRS375,0.2133,8.66,1,muy baja,2026-10-05T18:06:10,mirova-archivo,1
2025-12-22T06:24:00,357150,Puyehue-Cordon Caulle,VIIRS375,0.2113,7.73,1,muy baja,2026-10-05T18:06:10,mirova-archivo,1
2025-12-25T05:24:00,357150,Puyehue-Cordon Caulle,VIIRS375,0.4531,8.19,1,muy baja,2026-10-05T18:06:10,mirova-archivo,1
2025-12-28T04:30:00,357150,Puyehue-Cordon Caulle,VIIRS375,0.1911,8.66,1,muy baja,2026-10-05T18:06:10,mirova-archivo,1
2025-12-28T05:48:00,357150,Puyehue-Cordon Caulle,VIIRS375,0.5705,7.83,1,muy baja,2026-10-05T18:06:10,mirova-archivo,1
2025-12-29T05:30:00,357150,Puyehue-Cordon Caulle,VIIRS375,0.5338,7.83,1,muy baja,2026-10-05T18:06:10,mirova-archivo,1
2025-12-29T05:48:00,357150,Puyehue-Cordon Caulle,VIIRS375,0.06104,7.83,1,muy baja,2026-10-05T18:06:10,mirova-archivo,1
2025-12-30T05:12:00,357150,Puyehue-Cordon Caulle,VIIRS375,0.4386,8.19,1,muy baja,2026-10-05T18:06:10,mirova-archivo,1
2025-12-30T05:30:00,357150,Puyehue-Cordon Caulle,VIIRS375,0.2485,7.73,1,muy baja,2026-10-05T18:06:10,mirova-archivo,1
2025-12-31T04:54:00,357150,Puyehue-Cordon Caulle,VIIRS375,0.4389,8.19,1,muy baja,2026-10-05T18:06:10,mirova-archivo,1
2025-12-31T05:12:00,357150,Puyehue-Cordon Caulle,VIIRS375,0.6517,8.55,1,muy baja,2026-10-05T18:06:10,mirova-archivo,1
2025-12-31T06:30:00,357150,Puyehue-Cordon Caulle,VIIRS375,0.3399,8.02,1,muy baja,2026-10-05T18:06:10,mirova-archivo,1
2026-10-05T06:48:01,357150,Puyehue-Cordon Caulle,VIIRS375,0,0.00,1,sin anomalia,2026-10-05T18:30:43,latest.php,
2026-10-05T06:48:01,357150,Puyehue-Cordon Caulle,VIIRS750,0,0.00,1,sin anomalia,2026-10-05T18:30:43,latest.php,
2026-10-05T13:45:00,357150,Puyehue-Cordon Caulle,MODIS,0,0.00,1,sin anomalia,2026-10-05T18:30:43,latest.php,
2026-10-05T19:48:02,357150,Puyehue-Cordon Caulle,VIIRS750,0,0.00,1,sin anomalia,2026-10-06T01:44:25,latest.php,
2026-10-05T21:25:00,357150,Puyehue-Cordon Caulle,MODIS,0,0.00,1,sin anomalia,2026-10-06T01:44:25,latest.php,
2026-10-06T01:45:00,357150,Puyehue-Cordon Caulle,MODIS,0,0.00,1,sin anomalia,2026-10-06T08:54:12,latest.php,
2026-10-06T04:48:01,357150,Puyehue-Cordon Caulle,VIIRS375,0,0.00,1,sin anomalia,2026-10-06T08:54:12,latest.php,
2026-10-06T05:30:02,357150,Puyehue-Cordon Caulle,VIIRS750,0,0.00,1,sin anomalia,2026-10-06T08:54:12,latest.php,
2026-10-06T06:30:01,357150,Puyehue-Cordon Caulle,VIIRS375,0,0.00,1,sin anomalia,2026-10-06T20:56:22,latest.php,
2026-10-06T06:30:01,357150,Puyehue-Cordon Caulle,VIIRS750,0,0.00,1,sin anomalia,2026-10-06T20:56:22,latest.php,
2026-10-06T12:45:00,357150,Puyehue-Cordon Caulle,MODIS,0,0.00,1,sin anomalia,2026-10-06T20:56:22,latest.php,
2026-10-06T19:30:02,357150,Puyehue-Cordon Caulle,VIIRS750,0,0.00,1,sin anomalia,2026-10-07T00:38:06,latest.php,
2026-10-06T20:06:00,357150,Puyehue-Cordon Caulle,VIIRS375,0,0.00,1,sin anomalia,2026-10-07T07:11:33,latest.php,
2026-10-06T20:06:00,357150,Puyehue-Cordon Caulle,VIIRS750,0,0.00,1,sin anomalia,2026-10-07T07:11:33,latest.php,
2026-10-06T20:25:00,357150,Puyehue-Cordon Caulle,MODIS,0,0.00,1,sin anomalia,2026-10-07T00:38:06,latest.php,
2026-10-07T02:20:00,357150,Puyehue-Cordon Caulle,MODIS,0,0.00,1,sin anomalia,2026-10-07T07:11:33,latest.php,
2026-10-07T06:54:02,357150,Puyehue-Cordon Caulle,VIIRS375,0,0.00,1,sin anomalia,2026-10-07T14:44:34,latest.php,
2026-10-07T06:54:02,357150,Puyehue-Cordon Caulle,VIIRS750,0,0.00,1,sin anomalia,2026-10-07T14:44:34,latest.php,
2026-10-07T07:30:00,357150,Puyehue-Cordon Caulle,MODIS,0,0.00,1,sin anomalia,2026-10-07T14:44:34,latest.php,
