fecha_utc,volcano_id,volcan,sensor,vrp_mw,distancia_km,dentro_radio,clasificacion,capturado_utc,origen
2026-02-14T06:06:01,357010,Tupungatito,VIIRS375,0.08,4.89,1,muy baja,2026-10-05T14:24:05,mendoza
2026-02-14T06:06:01,357010,Tupungatito,VIIRS750,0,0.00,1,sin anomalia,2026-10-05T14:24:05,mendoza
2026-02-14T07:20:00,357010,Tupungatito,MODIS,0,0.00,1,sin anomalia,2026-10-05T14:24:05,mendoza
2026-02-14T12:35:00,357010,Tupungatito,MODIS,0,0.00,1,sin anomalia,2026-10-05T14:24:05,mendoza
2026-02-14T18:12:00,357010,Tupungatito,VIIRS375,0,0.00,1,sin anomalia,2026-10-05T14:24:05,mendoza
2026-02-14T18:30:01,357010,Tupungatito,VIIRS375,0,0.00,1,sin anomalia,2026-10-05T14:24:05,mendoza
2026-02-14T18:30:01,357010,Tupungatito,VIIRS750,0,0.00,1,sin anomalia,2026-10-05T14:24:05,mendoza
2026-02-14T20:55:00,357010,Tupungatito,MODIS,0,0.00,1,sin anomalia,2026-10-05T14:24:05,mendoza
2026-02-15T02:15:00,357010,Tupungatito,MODIS,0,0.00,1,sin anomalia,2026-10-05T14:24:05,mendoza
2026-02-15T05:48:01,357010,Tupungatito,VIIRS375,0,0.00,1,sin anomalia,2026-10-05T14:24:05,mendoza
2026-02-15T05:48:01,357010,Tupungatito,VIIRS750,0,0.00,1,sin anomalia,2026-10-05T14:24:05,mendoza
2026-02-15T07:55:00,357010,Tupungatito,MODIS,0,0.00,1,sin anomalia,2026-10-05T14:24:05,mendoza
2026-02-15T13:15:00,357010,Tupungatito,MODIS,0,0.00,1,sin anomalia,2026-10-05T14:24:05,mendoza
2026-02-15T17:48:00,357010,Tupungatito,VIIRS375,0,0.00,1,sin anomalia,2026-10-05T14:24:05,mendoza
2026-02-15T17:48:00,357010,Tupungatito,VIIRS750,0,0.00,1,sin anomalia,2026-10-05T14:24:05,mendoza
2026-02-15T18:12:01,357010,Tupungatito,VIIRS375,0,0.00,1,sin anomalia,2026-10-05T14:24:05,mendoza
2026-02-15T18:12:01,357010,Tupungatito,VIIRS750,0,0.00,1,sin anomalia,2026-10-05T14:24:05,mendoza
2026-02-15T19:30:00,357010,Tupungatito,VIIRS375,0,0.00,1,sin anomalia,2026-10-05T14:24:05,mendoza
2026-02-15T19:30:00,357010,Tupungatito,VIIRS750,0,0.00,1,sin anomalia,2026-10-05T14:24:05,mendoza
2026-02-15T20:00:00,357010,Tupungatito,MODIS,0,0.00,1,sin anomalia,2026-10-05T14:24:05,mendoza
2026-02-16T01:15:00,357010,Tupungatito,MODIS,0,0.00,1,sin anomalia,2026-10-05T14:24:05,mendoza
2026-02-16T05:30:01,357010,Tupungatito,VIIRS375,0.09,5.21,1,muy baja,2026-10-05T14:24:05,mendoza
2026-02-16T05:30:01,357010,Tupungatito,VIIRS750,0.34,5.03,1,muy baja,2026-10-05T14:24:05,mendoza
2026-02-16T06:48:00,357010,Tupungatito,VIIRS375,0,0.00,1,sin anomalia,2026-10-05T14:24:05,mendoza
2026-02-16T06:48:00,357010,Tupungatito,VIIRS750,0,0.00,1,sin anomalia,2026-10-05T14:24:05,mendoza
2026-02-16T06:55:00,357010,Tupungatito,MODIS,0,0.00,1,sin anomalia,2026-10-05T14:24:05,mendoza
2026-02-16T13:55:00,357010,Tupungatito,MODIS,0,0.00,1,sin anomalia,2026-10-05T14:24:05,mendoza
2026-02-16T17:30:00,357010,Tupungatito,VIIRS750,0,0.00,1,sin anomalia,2026-10-05T14:24:05,mendoza
2026-02-16T17:54:01,357010,Tupungatito,VIIRS375,0,0.00,1,sin anomalia,2026-10-05T14:24:05,mendoza
2026-02-16T17:54:01,357010,Tupungatito,VIIRS750,0,0.00,1,sin anomalia,2026-10-05T14:24:05,mendoza
2026-02-16T19:12:00,357010,Tupungatito,VIIRS750,0,0.00,1,sin anomalia,2026-10-05T14:24:05,mendoza
2026-02-16T19:30:01,357010,Tupungatito,VIIRS375,0,0.00,1,sin anomalia,2026-10-05T14:24:05,mendoza
2026-02-16T19:30:01,357010,Tupungatito,VIIRS750,0,0.00,1,sin anomalia,2026-10-05T14:24:05,mendoza
2026-02-16T20:35:00,357010,Tupungatito,MODIS,0,0.00,1,sin anomalia,2026-10-05T14:24:05,mendoza
2026-02-17T01:55:00,357010,Tupungatito,MODIS,0,0.00,1,sin anomalia,2026-10-05T14:24:05,mendoza
2026-02-17T05:12:01,357010,Tupungatito,VIIRS375,0.47,5.41,1,muy baja,2026-10-05T14:24:05,mendoza
2026-02-17T05:12:01,357010,Tupungatito,VIIRS750,0,0.00,1,sin anomalia,2026-10-05T14:24:05,mendoza
2026-02-17T06:30:00,357010,Tupungatito,VIIRS375,0.1,4.89,1,muy baja,2026-10-05T14:24:05,mendoza
2026-02-17T06:30:00,357010,Tupungatito,VIIRS750,0,0.00,1,sin anomalia,2026-10-05T14:24:05,mendoza
2026-02-17T07:35:00,357010,Tupungatito,MODIS,0,0.00,1,sin anomalia,2026-10-05T14:24:05,mendoza
2026-02-17T12:55:00,357010,Tupungatito,MODIS,0,0.00,1,sin anomalia,2026-10-05T14:24:05,mendoza
2026-02-17T17:36:01,357010,Tupungatito,VIIRS375,3.76,11.65,0,fuera de radio,2026-10-05T14:24:05,mendoza
2026-02-17T17:36:01,357010,Tupungatito,VIIRS750,0,0.00,1,sin anomalia,2026-10-05T14:24:05,mendoza
2026-02-17T18:54:00,357010,Tupungatito,VIIRS375,0,0.00,1,sin anomalia,2026-10-05T14:24:05,mendoza
2026-02-17T19:12:01,357010,Tupungatito,VIIRS375,0,0.00,1,sin anomalia,2026-10-05T14:24:05,mendoza
2026-02-17T19:12:01,357010,Tupungatito,VIIRS750,0,0.00,1,sin anomalia,2026-10-05T14:24:05,mendoza
2026-02-17T19:35:00,357010,Tupungatito,MODIS,0,0.00,1,sin anomalia,2026-10-05T14:24:05,mendoza
2026-02-18T02:35:00,357010,Tupungatito,MODIS,0,0.00,1,sin anomalia,2026-10-05T14:24:05,mendoza
2026-02-18T04:54:01,357010,Tupungatito,VIIRS375,0.39,5.41,1,muy baja,2026-10-05T14:24:05,mendoza
2026-02-18T04:54:01,357010,Tupungatito,VIIRS750,0,0.00,1,sin anomalia,2026-10-05T14:24:05,mendoza
2026-02-18T06:35:00,357010,Tupungatito,MODIS,0,0.00,1,sin anomalia,2026-10-05T14:24:05,mendoza
2026-02-18T06:36:01,357010,Tupungatito,VIIRS375,0,0.00,1,sin anomalia,2026-10-05T14:24:05,mendoza
2026-02-18T06:36:01,357010,Tupungatito,VIIRS750,0,0.00,1,sin anomalia,2026-10-05T14:24:05,mendoza
2026-02-18T08:15:00,357010,Tupungatito,MODIS,0,0.00,1,sin anomalia,2026-10-05T14:24:05,mendoza
2026-02-18T13:35:00,357010,Tupungatito,MODIS,0,0.00,1,sin anomalia,2026-10-05T14:24:05,mendoza
2026-02-18T18:54:01,357010,Tupungatito,VIIRS375,0,0.00,1,sin anomalia,2026-10-05T14:24:05,mendoza
2026-02-18T18:54:01,357010,Tupungatito,VIIRS750,0,0.00,1,sin anomalia,2026-10-05T14:24:05,mendoza
2026-02-18T20:15:00,357010,Tupungatito,MODIS,0,0.00,1,sin anomalia,2026-10-05T14:24:05,mendoza
2026-02-19T01:35:00,357010,Tupungatito,MODIS,0,0.00,1,sin anomalia,2026-10-05T14:24:05,mendoza
2026-02-19T04:36:01,357010,Tupungatito,VIIRS375,0,0.00,1,sin anomalia,2026-10-05T14:24:05,mendoza
2026-02-19T04:36:01,357010,Tupungatito,VIIRS750,0,0.00,1,sin anomalia,2026-10-05T14:24:05,mendoza
2026-02-19T06:12:01,357010,Tupungatito,VIIRS375,0,0.00,1,sin anomalia,2026-10-05T14:24:05,mendoza
2026-02-19T06:12:01,357010,Tupungatito,VIIRS750,0,0.00,1,sin anomalia,2026-10-05T14:24:05,mendoza
2026-02-19T07:15:00,357010,Tupungatito,MODIS,0,0.00,1,sin anomalia,2026-10-05T14:24:05,mendoza
2026-02-19T12:35:00,357010,Tupungatito,MODIS,0,0.00,1,sin anomalia,2026-10-05T14:24:05,mendoza
2026-02-19T18:18:00,357010,Tupungatito,VIIRS375,0,0.00,1,sin anomalia,2026-10-05T14:24:05,mendoza
2026-02-19T18:18:00,357010,Tupungatito,VIIRS750,0,0.00,1,sin anomalia,2026-10-05T14:24:05,mendoza
2026-02-19T18:36:01,357010,Tupungatito,VIIRS750,0,0.00,1,sin anomalia,2026-10-05T14:24:05,mendoza
2026-02-19T20:50:00,357010,Tupungatito,MODIS,0,0.00,1,sin anomalia,2026-10-05T14:24:05,mendoza
2026-02-20T02:15:00,357010,Tupungatito,MODIS,0,0.00,1,sin anomalia,2026-10-05T14:24:05,mendoza
2026-02-20T05:54:01,357010,Tupungatito,VIIRS375,0.17,4.89,1,muy baja,2026-10-05T14:24:05,mendoza
2026-02-20T05:54:01,357010,Tupungatito,VIIRS750,0,0.00,1,sin anomalia,2026-10-05T14:24:05,mendoza
2026-02-20T07:50:00,357010,Tupungatito,MODIS,0,0.00,1,sin anomalia,2026-10-05T14:24:05,mendoza
2026-02-20T13:15:00,357010,Tupungatito,MODIS,0,0.00,1,sin anomalia,2026-10-05T14:24:05,mendoza
2026-02-20T18:18:01,357010,Tupungatito,VIIRS375,0,0.00,1,sin anomalia,2026-10-05T14:24:05,mendoza
2026-02-20T18:18:01,357010,Tupungatito,VIIRS750,0,0.00,1,sin anomalia,2026-10-05T14:24:05,mendoza
2026-02-20T19:36:00,357010,Tupungatito,VIIRS750,0,0.00,1,sin anomalia,2026-10-05T14:24:05,mendoza
2026-02-21T01:15:00,357010,Tupungatito,MODIS,0,0.00,1,sin anomalia,2026-10-05T14:24:05,mendoza
2026-02-21T05:36:01,357010,Tupungatito,VIIRS375,0.51,16.98,0,fuera de radio,2026-10-05T14:24:05,mendoza
2026-02-21T05:36:01,357010,Tupungatito,VIIRS750,0,0.00,1,sin anomalia,2026-10-05T14:24:05,mendoza
2026-02-21T06:50:00,357010,Tupungatito,MODIS,0,0.00,1,sin anomalia,2026-10-05T14:24:05,mendoza
2026-02-21T13:55:00,357010,Tupungatito,MODIS,0,0.00,1,sin anomalia,2026-10-05T14:24:05,mendoza
2026-02-21T17:36:00,357010,Tupungatito,VIIRS750,0,0.00,1,sin anomalia,2026-10-05T14:24:05,mendoza
2026-02-21T18:00:01,357010,Tupungatito,VIIRS375,0,0.00,1,sin anomalia,2026-10-05T14:24:05,mendoza
2026-02-21T19:18:00,357010,Tupungatito,VIIRS375,0,0.00,1,sin anomalia,2026-10-05T14:24:05,mendoza
2026-02-21T19:18:00,357010,Tupungatito,VIIRS750,0,0.00,1,sin anomalia,2026-10-05T14:24:05,mendoza
2026-02-21T20:30:00,357010,Tupungatito,MODIS,0,0.00,1,sin anomalia,2026-10-05T14:24:05,mendoza
2026-02-22T05:18:01,357010,Tupungatito,VIIRS375,0.17,5.41,1,muy baja,2026-10-05T14:24:05,mendoza
2026-02-22T05:18:01,357010,Tupungatito,VIIRS750,0,0.00,1,sin anomalia,2026-10-05T14:24:05,mendoza
2026-02-22T06:36:00,357010,Tupungatito,VIIRS375,0,0.00,1,sin anomalia,2026-10-05T14:24:05,mendoza
2026-02-22T06:36:00,357010,Tupungatito,VIIRS750,0,0.00,1,sin anomalia,2026-10-05T14:24:05,mendoza
2026-02-22T07:30:00,357010,Tupungatito,MODIS,0,0.00,1,sin anomalia,2026-10-05T14:24:05,mendoza
2026-02-22T12:55:00,357010,Tupungatito,MODIS,0,0.00,1,sin anomalia,2026-10-05T14:24:05,mendoza
2026-02-22T17:42:01,357010,Tupungatito,VIIRS375,0,0.00,1,sin anomalia,2026-10-05T14:24:05,mendoza
2026-02-22T17:42:01,357010,Tupungatito,VIIRS750,0,0.00,1,sin anomalia,2026-10-05T14:24:05,mendoza
2026-02-22T19:00:00,357010,Tupungatito,VIIRS375,0,0.00,1,sin anomalia,2026-10-05T14:24:05,mendoza
2026-02-22T19:00:00,357010,Tupungatito,VIIRS750,0,0.00,1,sin anomalia,2026-10-05T14:24:05,mendoza
2026-02-22T19:18:01,357010,Tupungatito,VIIRS375,0,0.00,1,sin anomalia,2026-10-05T14:24:05,mendoza
2026-02-22T19:18:01,357010,Tupungatito,VIIRS750,0,0.00,1,sin anomalia,2026-10-05T14:24:05,mendoza
2026-02-23T02:35:00,357010,Tupungatito,MODIS,0,0.00,1,sin anomalia,2026-10-05T14:24:05,mendoza
2026-02-23T05:00:01,357010,Tupungatito,VIIRS375,0.52,5.72,1,muy baja,2026-10-05T14:24:05,mendoza
2026-02-23T05:00:01,357010,Tupungatito,VIIRS750,0,0.00,1,sin anomalia,2026-10-05T14:24:05,mendoza
2026-02-23T06:42:01,357010,Tupungatito,VIIRS375,0.04,5.10,1,muy baja,2026-10-05T14:24:05,mendoza
2026-02-23T06:42:01,357010,Tupungatito,VIIRS750,0,0.00,1,sin anomalia,2026-10-05T14:24:05,mendoza
2026-02-23T08:10:00,357010,Tupungatito,MODIS,0,0.00,1,sin anomalia,2026-10-05T14:24:05,mendoza
2026-02-23T13:35:00,357010,Tupungatito,MODIS,0,0.00,1,sin anomalia,2026-10-05T14:24:05,mendoza
2026-02-23T19:00:01,357010,Tupungatito,VIIRS375,0,0.00,1,sin anomalia,2026-10-05T14:24:05,mendoza
2026-02-23T19:00:01,357010,Tupungatito,VIIRS750,0,0.00,1,sin anomalia,2026-10-05T14:24:05,mendoza
2026-02-23T20:10:00,357010,Tupungatito,MODIS,0,0.00,1,sin anomalia,2026-10-05T14:24:05,mendoza
2026-02-24T01:35:00,357010,Tupungatito,MODIS,0,0.00,1,sin anomalia,2026-10-05T14:24:05,mendoza
2026-02-24T04:42:01,357010,Tupungatito,VIIRS375,0,0.00,1,sin anomalia,2026-10-05T14:24:05,mendoza
2026-02-24T04:42:01,357010,Tupungatito,VIIRS750,0,0.00,1,sin anomalia,2026-10-05T14:24:05,mendoza
2026-02-24T06:18:01,357010,Tupungatito,VIIRS375,1.32,18.10,0,fuera de radio,2026-10-05T14:24:05,mendoza
2026-02-24T06:18:01,357010,Tupungatito,VIIRS750,0,0.00,1,sin anomalia,2026-10-05T14:24:05,mendoza
2026-02-24T07:10:00,357010,Tupungatito,MODIS,0,0.00,1,sin anomalia,2026-10-05T14:24:05,mendoza
2026-02-24T12:35:00,357010,Tupungatito,MODIS,0,0.00,1,sin anomalia,2026-10-05T14:24:05,mendoza
2026-02-24T18:24:00,357010,Tupungatito,VIIRS750,0,0.00,1,sin anomalia,2026-10-05T14:24:05,mendoza
2026-02-24T18:42:01,357010,Tupungatito,VIIRS375,0,0.00,1,sin anomalia,2026-10-05T14:24:05,mendoza
2026-02-24T18:42:01,357010,Tupungatito,VIIRS750,0,0.00,1,sin anomalia,2026-10-05T14:24:05,mendoza
2026-02-24T20:45:00,357010,Tupungatito,MODIS,0,0.00,1,sin anomalia,2026-10-05T14:24:05,mendoza
2026-02-25T02:15:00,357010,Tupungatito,MODIS,0,0.00,1,sin anomalia,2026-10-05T14:24:05,mendoza
2026-02-25T06:00:01,357010,Tupungatito,VIIRS375,0.2,7.91,0,fuera de radio,2026-10-05T14:24:05,mendoza
2026-02-25T06:00:01,357010,Tupungatito,VIIRS750,0,0.00,1,sin anomalia,2026-10-05T14:24:05,mendoza
2026-02-25T07:45:00,357010,Tupungatito,MODIS,0,0.00,1,sin anomalia,2026-10-05T14:24:05,mendoza
2026-02-25T13:15:00,357010,Tupungatito,MODIS,0,0.00,1,sin anomalia,2026-10-05T14:24:05,mendoza
2026-02-25T18:06:00,357010,Tupungatito,VIIRS375,0,0.00,1,sin anomalia,2026-10-05T14:24:05,mendoza
2026-02-25T18:06:00,357010,Tupungatito,VIIRS750,0,0.00,1,sin anomalia,2026-10-05T14:24:05,mendoza
2026-02-25T18:24:01,357010,Tupungatito,VIIRS375,0,0.00,1,sin anomalia,2026-10-05T14:24:05,mendoza
2026-02-25T18:24:01,357010,Tupungatito,VIIRS750,0,0.00,1,sin anomalia,2026-10-05T14:24:05,mendoza
2026-02-25T19:45:00,357010,Tupungatito,MODIS,0,0.00,1,sin anomalia,2026-10-05T14:24:05,mendoza
2026-02-26T01:15:00,357010,Tupungatito,MODIS,0,0.00,1,sin anomalia,2026-10-05T14:24:05,mendoza
2026-02-26T05:42:01,357010,Tupungatito,VIIRS375,0.28,5.21,1,muy baja,2026-10-05T14:24:05,mendoza
2026-02-26T05:42:01,357010,Tupungatito,VIIRS750,0.27,5.41,1,muy baja,2026-10-05T14:24:05,mendoza
2026-02-26T13:55:00,357010,Tupungatito,MODIS,0,0.00,1,sin anomalia,2026-10-05T14:24:05,mendoza
2026-02-26T17:42:00,357010,Tupungatito,VIIRS375,0,0.00,1,sin anomalia,2026-10-05T14:24:05,mendoza
2026-02-26T17:42:00,357010,Tupungatito,VIIRS750,0,0.00,1,sin anomalia,2026-10-05T14:24:05,mendoza
2026-02-26T18:06:01,357010,Tupungatito,VIIRS375,0,0.00,1,sin anomalia,2026-10-05T14:24:05,mendoza
2026-02-26T18:06:01,357010,Tupungatito,VIIRS750,0,0.00,1,sin anomalia,2026-10-05T14:24:05,mendoza
2026-02-26T19:24:00,357010,Tupungatito,VIIRS375,0,0.00,1,sin anomalia,2026-10-05T14:24:05,mendoza
2026-02-26T19:24:00,357010,Tupungatito,VIIRS750,0,0.00,1,sin anomalia,2026-10-05T14:24:05,mendoza
2026-02-26T20:25:00,357010,Tupungatito,MODIS,0,0.00,1,sin anomalia,2026-10-05T14:24:05,mendoza
2026-02-27T01:55:00,357010,Tupungatito,MODIS,0,0.00,1,sin anomalia,2026-10-05T14:24:05,mendoza
2026-02-27T05:24:01,357010,Tupungatito,VIIRS375,2.17,14.59,0,fuera de radio,2026-10-05T14:24:05,mendoza
2026-02-27T05:24:01,357010,Tupungatito,VIIRS750,0,0.00,1,sin anomalia,2026-10-05T14:24:05,mendoza
2026-02-27T06:42:00,357010,Tupungatito,VIIRS375,0.03,4.80,1,muy baja,2026-10-05T14:24:05,mendoza
2026-02-27T06:42:00,357010,Tupungatito,VIIRS750,0,0.00,1,sin anomalia,2026-10-05T14:24:05,mendoza
2026-02-27T07:25:00,357010,Tupungatito,MODIS,0,0.00,1,sin anomalia,2026-10-05T14:24:05,mendoza
2026-02-27T12:55:00,357010,Tupungatito,MODIS,0,0.00,1,sin anomalia,2026-10-05T14:24:05,mendoza
2026-02-27T17:24:00,357010,Tupungatito,VIIRS375,0,0.00,1,sin anomalia,2026-10-05T14:24:05,mendoza
2026-02-27T17:24:00,357010,Tupungatito,VIIRS750,0,0.00,1,sin anomalia,2026-10-05T14:24:05,mendoza
2026-02-27T17:48:01,357010,Tupungatito,VIIRS375,0,0.00,1,sin anomalia,2026-10-05T14:24:05,mendoza
2026-02-27T17:48:01,357010,Tupungatito,VIIRS750,0,0.00,1,sin anomalia,2026-10-05T14:24:05,mendoza
2026-02-27T19:06:00,357010,Tupungatito,VIIRS375,0,0.00,1,sin anomalia,2026-10-05T14:24:05,mendoza
2026-02-27T19:24:01,357010,Tupungatito,VIIRS375,0,0.00,1,sin anomalia,2026-10-05T14:24:05,mendoza
2026-02-27T19:24:01,357010,Tupungatito,VIIRS750,0,0.00,1,sin anomalia,2026-10-05T14:24:05,mendoza
2026-02-27T19:25:00,357010,Tupungatito,MODIS,0,0.00,1,sin anomalia,2026-10-05T14:24:05,mendoza
2026-02-27T21:05:00,357010,Tupungatito,MODIS,0,0.00,1,sin anomalia,2026-10-05T14:24:05,mendoza
2026-02-28T02:35:00,357010,Tupungatito,MODIS,0,0.00,1,sin anomalia,2026-10-05T14:24:05,mendoza
2026-02-28T05:06:01,357010,Tupungatito,VIIRS375,0.36,5.41,1,muy baja,2026-10-05T14:24:05,mendoza
2026-02-28T05:06:01,357010,Tupungatito,VIIRS750,0,0.00,1,sin anomalia,2026-10-05T14:24:05,mendoza
2026-02-28T06:24:00,357010,Tupungatito,VIIRS375,0.2,5.21,1,muy baja,2026-10-05T14:24:05,mendoza
2026-02-28T06:24:00,357010,Tupungatito,VIIRS750,0,0.00,1,sin anomalia,2026-10-05T14:24:05,mendoza
2026-02-28T08:05:00,357010,Tupungatito,MODIS,0,0.00,1,sin anomalia,2026-10-05T14:24:05,mendoza
2026-02-28T13:35:00,357010,Tupungatito,MODIS,0,0.00,1,sin anomalia,2026-10-05T14:24:05,mendoza
2026-02-28T17:30:01,357010,Tupungatito,VIIRS375,0,0.00,1,sin anomalia,2026-10-05T14:24:05,mendoza
2026-02-28T17:30:01,357010,Tupungatito,VIIRS750,0,0.00,1,sin anomalia,2026-10-05T14:24:05,mendoza
2026-02-28T18:48:00,357010,Tupungatito,VIIRS375,0,0.00,1,sin anomalia,2026-10-05T14:24:05,mendoza
2026-02-28T18:48:00,357010,Tupungatito,VIIRS750,0,0.00,1,sin anomalia,2026-10-05T14:24:05,mendoza
2026-02-28T19:06:01,357010,Tupungatito,VIIRS375,0,0.00,1,sin anomalia,2026-10-05T14:24:05,mendoza
2026-02-28T19:06:01,357010,Tupungatito,VIIRS750,0,0.00,1,sin anomalia,2026-10-05T14:24:05,mendoza
2026-02-28T20:05:00,357010,Tupungatito,MODIS,0,0.00,1,sin anomalia,2026-10-05T14:24:05,mendoza
2026-03-01T04:48:01,357010,Tupungatito,VIIRS375,0.59,5.41,1,muy baja,2026-10-05T14:24:05,mendoza
2026-03-01T04:48:01,357010,Tupungatito,VIIRS750,0,0.00,1,sin anomalia,2026-10-05T14:24:05,mendoza
2026-03-01T06:24:01,357010,Tupungatito,VIIRS375,0.16,5.21,1,muy baja,2026-10-05T14:24:05,mendoza
2026-03-01T06:24:01,357010,Tupungatito,VIIRS750,0,0.00,1,sin anomalia,2026-10-05T14:24:05,mendoza
2026-03-01T07:05:00,357010,Tupungatito,MODIS,0,0.00,1,sin anomalia,2026-10-05T14:24:05,mendoza
2026-03-01T12:35:00,357010,Tupungatito,MODIS,0,0.00,1,sin anomalia,2026-10-05T14:24:05,mendoza
2026-03-01T18:48:01,357010,Tupungatito,VIIRS375,0,0.00,1,sin anomalia,2026-10-05T14:24:05,mendoza
2026-03-01T18:48:01,357010,Tupungatito,VIIRS750,0,0.00,1,sin anomalia,2026-10-05T14:24:05,mendoza
2026-03-01T20:40:00,357010,Tupungatito,MODIS,0,0.00,1,sin anomalia,2026-10-05T14:24:05,mendoza
2026-03-02T02:15:00,357010,Tupungatito,MODIS,0,0.00,1,sin anomalia,2026-10-05T14:24:05,mendoza
2026-03-02T06:06:01,357010,Tupungatito,VIIRS375,0.21,5.21,1,muy baja,2026-10-05T14:24:05,mendoza
2026-03-02T06:06:01,357010,Tupungatito,VIIRS750,0,0.00,1,sin anomalia,2026-10-05T14:24:05,mendoza
2026-03-02T07:40:00,357010,Tupungatito,MODIS,0,0.00,1,sin anomalia,2026-10-05T14:24:05,mendoza
2026-03-02T13:15:00,357010,Tupungatito,MODIS,0,0.00,1,sin anomalia,2026-10-05T14:24:05,mendoza
2026-03-02T18:30:01,357010,Tupungatito,VIIRS375,0,0.00,1,sin anomalia,2026-10-05T14:24:05,mendoza
2026-03-02T18:30:01,357010,Tupungatito,VIIRS750,0,0.00,1,sin anomalia,2026-10-05T14:24:05,mendoza
2026-03-02T19:40:00,357010,Tupungatito,MODIS,0,0.00,1,sin anomalia,2026-10-05T14:24:05,mendoza
2026-03-03T01:15:00,357010,Tupungatito,MODIS,0,0.00,1,sin anomalia,2026-10-05T14:24:05,mendoza
2026-03-03T05:48:01,357010,Tupungatito,VIIRS375,0.2,5.21,1,muy baja,2026-10-05T14:24:05,mendoza
2026-03-03T05:48:01,357010,Tupungatito,VIIRS750,0.25,5.03,1,muy baja,2026-10-05T14:24:05,mendoza
2026-03-03T06:40:00,357010,Tupungatito,MODIS,0,0.00,1,sin anomalia,2026-10-05T14:24:05,mendoza
2026-03-03T08:20:00,357010,Tupungatito,MODIS,0,0.00,1,sin anomalia,2026-10-05T14:24:05,mendoza
2026-03-03T13:55:00,357010,Tupungatito,MODIS,0,0.00,1,sin anomalia,2026-10-05T14:24:05,mendoza
2026-03-03T18:12:01,357010,Tupungatito,VIIRS375,0,0.00,1,sin anomalia,2026-10-05T14:24:05,mendoza
2026-03-03T18:12:01,357010,Tupungatito,VIIRS750,0,0.00,1,sin anomalia,2026-10-05T14:24:05,mendoza
2026-03-03T19:30:00,357010,Tupungatito,VIIRS375,0,0.00,1,sin anomalia,2026-10-05T14:24:05,mendoza
2026-03-03T19:30:00,357010,Tupungatito,VIIRS750,0,0.00,1,sin anomalia,2026-10-05T14:24:05,mendoza
2026-03-03T20:20:00,357010,Tupungatito,MODIS,0,0.00,1,sin anomalia,2026-10-05T14:24:05,mendoza
2026-03-04T01:55:00,357010,Tupungatito,MODIS,0,0.00,1,sin anomalia,2026-10-05T14:24:05,mendoza
2026-03-04T05:30:01,357010,Tupungatito,VIIRS375,0,0.00,1,sin anomalia,2026-10-05T14:24:05,mendoza
2026-03-04T05:30:01,357010,Tupungatito,VIIRS750,0.17,4.37,1,muy baja,2026-10-05T14:24:05,mendoza
2026-03-04T06:48:00,357010,Tupungatito,VIIRS375,0,0.00,1,sin anomalia,2026-10-05T14:24:05,mendoza
2026-03-04T06:48:00,357010,Tupungatito,VIIRS750,0,0.00,1,sin anomalia,2026-10-05T14:24:05,mendoza
2026-03-04T07:20:00,357010,Tupungatito,MODIS,0,0.00,1,sin anomalia,2026-10-05T14:24:05,mendoza
2026-03-04T12:55:00,357010,Tupungatito,MODIS,0,0.00,1,sin anomalia,2026-10-05T14:24:05,mendoza
2026-03-04T17:30:00,357010,Tupungatito,VIIRS375,0,0.00,1,sin anomalia,2026-10-05T14:24:05,mendoza
2026-03-04T17:30:00,357010,Tupungatito,VIIRS750,0,0.00,1,sin anomalia,2026-10-05T14:24:05,mendoza
2026-03-04T17:54:01,357010,Tupungatito,VIIRS375,0,0.00,1,sin anomalia,2026-10-05T14:24:05,mendoza
2026-03-04T17:54:01,357010,Tupungatito,VIIRS750,0,0.00,1,sin anomalia,2026-10-05T14:24:05,mendoza
2026-03-04T19:30:01,357010,Tupungatito,VIIRS375,0,0.00,1,sin anomalia,2026-10-05T14:24:05,mendoza
2026-03-04T19:30:01,357010,Tupungatito,VIIRS750,0,0.00,1,sin anomalia,2026-10-05T14:24:05,mendoza
2026-03-04T21:00:00,357010,Tupungatito,MODIS,0,0.00,1,sin anomalia,2026-10-05T14:24:05,mendoza
2026-03-05T02:35:00,357010,Tupungatito,MODIS,0,0.00,1,sin anomalia,2026-10-05T14:24:05,mendoza
2026-03-05T05:12:01,357010,Tupungatito,VIIRS375,0.03,4.89,1,muy baja,2026-10-05T14:24:05,mendoza
2026-03-05T05:12:01,357010,Tupungatito,VIIRS750,0,0.00,1,sin anomalia,2026-10-05T14:24:05,mendoza
2026-03-05T06:30:00,357010,Tupungatito,VIIRS375,0,0.00,1,sin anomalia,2026-10-05T14:24:05,mendoza
2026-03-05T06:30:00,357010,Tupungatito,VIIRS750,0,0.00,1,sin anomalia,2026-10-05T14:24:05,mendoza
2026-03-05T07:55:00,357010,Tupungatito,MODIS,0,0.00,1,sin anomalia,2026-10-05T14:24:05,mendoza
2026-03-05T13:35:00,357010,Tupungatito,MODIS,0,0.00,1,sin anomalia,2026-10-05T14:24:05,mendoza
2026-03-05T17:36:01,357010,Tupungatito,VIIRS375,0,0.00,1,sin anomalia,2026-10-05T14:24:05,mendoza
2026-03-05T17:36:01,357010,Tupungatito,VIIRS750,0,0.00,1,sin anomalia,2026-10-05T14:24:05,mendoza
2026-03-05T18:54:00,357010,Tupungatito,VIIRS750,0,0.00,1,sin anomalia,2026-10-05T14:24:05,mendoza
2026-03-05T19:12:01,357010,Tupungatito,VIIRS375,0,0.00,1,sin anomalia,2026-10-05T14:24:05,mendoza
2026-03-05T19:12:01,357010,Tupungatito,VIIRS750,0,0.00,1,sin anomalia,2026-10-05T14:24:05,mendoza
2026-03-05T20:00:00,357010,Tupungatito,MODIS,0,0.00,1,sin anomalia,2026-10-05T14:24:05,mendoza
2026-03-06T01:35:00,357010,Tupungatito,MODIS,0,0.00,1,sin anomalia,2026-10-05T14:24:05,mendoza
2026-03-06T04:54:01,357010,Tupungatito,VIIRS375,0.29,5.41,1,muy baja,2026-10-05T14:24:05,mendoza
2026-03-06T04:54:01,357010,Tupungatito,VIIRS750,0,0.00,1,sin anomalia,2026-10-05T14:24:05,mendoza
2026-03-06T06:36:01,357010,Tupungatito,VIIRS375,0.12,5.21,1,muy baja,2026-10-05T14:24:05,mendoza
2026-03-06T06:36:01,357010,Tupungatito,VIIRS750,0,0.00,1,sin anomalia,2026-10-05T14:24:05,mendoza
2026-03-06T07:00:00,357010,Tupungatito,MODIS,0,0.00,1,sin anomalia,2026-10-05T14:24:05,mendoza
2026-03-06T12:35:00,357010,Tupungatito,MODIS,0,0.00,1,sin anomalia,2026-10-05T14:24:05,mendoza
2026-03-06T18:54:01,357010,Tupungatito,VIIRS375,0,0.00,1,sin anomalia,2026-10-05T14:24:05,mendoza
2026-03-06T18:54:01,357010,Tupungatito,VIIRS750,0,0.00,1,sin anomalia,2026-10-05T14:24:05,mendoza
2026-03-06T20:35:00,357010,Tupungatito,MODIS,0,0.00,1,sin anomalia,2026-10-05T14:24:05,mendoza
2026-03-07T02:15:00,357010,Tupungatito,MODIS,0,0.00,1,sin anomalia,2026-10-05T14:24:05,mendoza
2026-03-07T04:36:01,357010,Tupungatito,VIIRS750,0,0.00,1,sin anomalia,2026-10-05T14:24:05,mendoza
2026-03-07T06:12:01,357010,Tupungatito,VIIRS375,0.11,4.89,1,muy baja,2026-10-05T14:24:05,mendoza
2026-03-07T06:12:01,357010,Tupungatito,VIIRS750,0,0.00,1,sin anomalia,2026-10-05T14:24:05,mendoza
2026-03-07T07:35:00,357010,Tupungatito,MODIS,0,0.00,1,sin anomalia,2026-10-05T14:24:05,mendoza
2026-03-07T13:15:00,357010,Tupungatito,MODIS,0,0.00,1,sin anomalia,2026-10-05T14:24:05,mendoza
2026-03-07T18:18:00,357010,Tupungatito,VIIRS375,0,0.00,1,sin anomalia,2026-10-05T14:24:05,mendoza
2026-03-07T18:18:00,357010,Tupungatito,VIIRS750,0,0.00,1,sin anomalia,2026-10-05T14:24:05,mendoza
2026-03-07T18:36:01,357010,Tupungatito,VIIRS375,0,0.00,1,sin anomalia,2026-10-05T14:24:05,mendoza
2026-03-07T19:35:00,357010,Tupungatito,MODIS,0,0.00,1,sin anomalia,2026-10-05T14:24:05,mendoza
2026-03-08T01:15:00,357010,Tupungatito,MODIS,0,0.00,1,sin anomalia,2026-10-05T14:24:05,mendoza
2026-03-08T05:54:01,357010,Tupungatito,VIIRS375,0.11,4.89,1,muy baja,2026-10-05T14:24:05,mendoza
2026-03-08T05:54:01,357010,Tupungatito,VIIRS750,0,0.00,1,sin anomalia,2026-10-05T14:24:05,mendoza
2026-03-08T08:15:00,357010,Tupungatito,MODIS,0,0.00,1,sin anomalia,2026-10-05T14:24:05,mendoza
2026-03-08T13:50:00,357010,Tupungatito,MODIS,0,0.00,1,sin anomalia,2026-10-05T14:24:05,mendoza
2026-03-08T18:18:01,357010,Tupungatito,VIIRS375,0,0.00,1,sin anomalia,2026-10-05T14:24:05,mendoza
2026-03-08T18:18:01,357010,Tupungatito,VIIRS750,0,0.00,1,sin anomalia,2026-10-05T14:24:05,mendoza
2026-03-08T19:36:00,357010,Tupungatito,VIIRS375,0,0.00,1,sin anomalia,2026-10-05T14:24:05,mendoza
2026-03-08T19:36:00,357010,Tupungatito,VIIRS750,0,0.00,1,sin anomalia,2026-10-05T14:24:05,mendoza
2026-03-09T01:55:00,357010,Tupungatito,MODIS,0,0.00,1,sin anomalia,2026-10-05T14:24:05,mendoza
2026-03-09T05:36:01,357010,Tupungatito,VIIRS375,0,0.00,1,sin anomalia,2026-10-05T14:24:05,mendoza
2026-03-09T05:36:01,357010,Tupungatito,VIIRS750,0,0.00,1,sin anomalia,2026-10-05T14:24:05,mendoza
2026-03-09T07:15:00,357010,Tupungatito,MODIS,0,0.00,1,sin anomalia,2026-10-05T14:24:05,mendoza
2026-03-09T12:55:00,357010,Tupungatito,MODIS,0,0.00,1,sin anomalia,2026-10-05T14:24:05,mendoza
2026-03-09T17:36:00,357010,Tupungatito,VIIRS375,0,0.00,1,sin anomalia,2026-10-05T14:24:05,mendoza
2026-03-09T17:36:00,357010,Tupungatito,VIIRS750,0,0.00,1,sin anomalia,2026-10-05T14:24:05,mendoza
2026-03-09T18:00:01,357010,Tupungatito,VIIRS375,0,0.00,1,sin anomalia,2026-10-05T14:24:05,mendoza
2026-03-09T18:00:01,357010,Tupungatito,VIIRS750,0,0.00,1,sin anomalia,2026-10-05T14:24:05,mendoza
2026-03-09T19:18:00,357010,Tupungatito,VIIRS375,0,0.00,1,sin anomalia,2026-10-05T14:24:05,mendoza
2026-03-09T19:18:00,357010,Tupungatito,VIIRS750,0,0.00,1,sin anomalia,2026-10-05T14:24:05,mendoza
2026-03-10T02:35:00,357010,Tupungatito,MODIS,0,0.00,1,sin anomalia,2026-10-05T14:24:05,mendoza
2026-03-10T05:18:01,357010,Tupungatito,VIIRS375,0,0.00,1,sin anomalia,2026-10-05T14:24:05,mendoza
2026-03-10T05:18:01,357010,Tupungatito,VIIRS750,0,0.00,1,sin anomalia,2026-10-05T14:24:05,mendoza
2026-03-10T06:36:00,357010,Tupungatito,VIIRS375,0,0.00,1,sin anomalia,2026-10-05T14:24:05,mendoza
2026-03-10T06:36:00,357010,Tupungatito,VIIRS750,0,0.00,1,sin anomalia,2026-10-05T14:24:05,mendoza
2026-03-10T07:50:00,357010,Tupungatito,MODIS,0,0.00,1,sin anomalia,2026-10-05T14:24:05,mendoza
2026-03-10T13:35:00,357010,Tupungatito,MODIS,0,0.00,1,sin anomalia,2026-10-05T14:24:05,mendoza
2026-03-10T17:42:01,357010,Tupungatito,VIIRS375,0,0.00,1,sin anomalia,2026-10-05T14:24:05,mendoza
2026-03-10T17:42:01,357010,Tupungatito,VIIRS750,0,0.00,1,sin anomalia,2026-10-05T14:24:05,mendoza
2026-03-10T19:00:00,357010,Tupungatito,VIIRS750,0,0.00,1,sin anomalia,2026-10-05T14:24:05,mendoza
2026-03-10T19:18:01,357010,Tupungatito,VIIRS375,0,0.00,1,sin anomalia,2026-10-05T14:24:05,mendoza
2026-03-10T19:18:01,357010,Tupungatito,VIIRS750,0,0.00,1,sin anomalia,2026-10-05T14:24:05,mendoza
2026-03-11T01:35:00,357010,Tupungatito,MODIS,0,0.00,1,sin anomalia,2026-10-05T14:24:05,mendoza
2026-03-11T04:36:00,357010,Tupungatito,VIIRS750,0,0.00,1,sin anomalia,2026-10-05T14:24:05,mendoza
2026-03-11T05:00:01,357010,Tupungatito,VIIRS375,0.22,5.41,1,muy baja,2026-10-05T14:24:05,mendoza
2026-03-11T05:00:01,357010,Tupungatito,VIIRS750,0,0.00,1,sin anomalia,2026-10-05T14:24:05,mendoza
2026-03-11T06:42:01,357010,Tupungatito,VIIRS375,0,0.00,1,sin anomalia,2026-10-05T14:24:05,mendoza
2026-03-11T06:42:01,357010,Tupungatito,VIIRS750,0,0.00,1,sin anomalia,2026-10-05T14:24:05,mendoza
2026-03-11T06:50:00,357010,Tupungatito,MODIS,0,0.00,1,sin anomalia,2026-10-05T14:24:05,mendoza
2026-03-11T12:35:00,357010,Tupungatito,MODIS,0,0.00,1,sin anomalia,2026-10-05T14:24:05,mendoza
2026-03-11T18:42:00,357010,Tupungatito,VIIRS375,0,0.00,1,sin anomalia,2026-10-05T14:24:05,mendoza
2026-03-11T18:42:00,357010,Tupungatito,VIIRS750,0,0.00,1,sin anomalia,2026-10-05T14:24:05,mendoza
2026-03-11T19:00:01,357010,Tupungatito,VIIRS375,0,0.00,1,sin anomalia,2026-10-05T14:24:05,mendoza
2026-03-11T19:00:01,357010,Tupungatito,VIIRS750,0,0.00,1,sin anomalia,2026-10-05T14:24:05,mendoza
2026-03-11T20:30:00,357010,Tupungatito,MODIS,0,0.00,1,sin anomalia,2026-10-05T14:24:05,mendoza
2026-03-12T02:15:00,357010,Tupungatito,MODIS,0,0.00,1,sin anomalia,2026-10-05T14:24:05,mendoza
2026-03-12T04:42:01,357010,Tupungatito,VIIRS375,0,0.00,1,sin anomalia,2026-10-05T14:24:05,mendoza
2026-03-12T04:42:01,357010,Tupungatito,VIIRS750,0,0.00,1,sin anomalia,2026-10-05T14:24:05,mendoza
2026-03-12T06:18:01,357010,Tupungatito,VIIRS375,0,0.00,1,sin anomalia,2026-10-05T14:24:05,mendoza
2026-03-12T06:18:01,357010,Tupungatito,VIIRS750,0,0.00,1,sin anomalia,2026-10-05T14:24:05,mendoza
2026-03-12T07:30:00,357010,Tupungatito,MODIS,0,0.00,1,sin anomalia,2026-10-05T14:24:05,mendoza
2026-03-12T13:15:00,357010,Tupungatito,MODIS,0,0.00,1,sin anomalia,2026-10-05T14:24:05,mendoza
2026-03-12T18:24:00,357010,Tupungatito,VIIRS750,0,0.00,1,sin anomalia,2026-10-05T14:24:05,mendoza
2026-03-12T18:42:01,357010,Tupungatito,VIIRS375,0,0.00,1,sin anomalia,2026-10-05T14:24:05,mendoza
2026-03-12T18:42:01,357010,Tupungatito,VIIRS750,0,0.00,1,sin anomalia,2026-10-05T14:24:05,mendoza
2026-03-12T19:30:00,357010,Tupungatito,MODIS,0,0.00,1,sin anomalia,2026-10-05T14:24:05,mendoza
2026-03-13T01:15:00,357010,Tupungatito,MODIS,0,0.00,1,sin anomalia,2026-10-05T14:24:05,mendoza
2026-03-13T06:00:01,357010,Tupungatito,VIIRS375,0.19,5.21,1,muy baja,2026-10-05T14:24:05,mendoza
2026-03-13T06:00:01,357010,Tupungatito,VIIRS750,0,0.00,1,sin anomalia,2026-10-05T14:24:05,mendoza
2026-03-13T08:10:00,357010,Tupungatito,MODIS,0,0.00,1,sin anomalia,2026-10-05T14:24:05,mendoza
2026-03-13T13:50:00,357010,Tupungatito,MODIS,0,0.00,1,sin anomalia,2026-10-05T14:24:05,mendoza
2026-03-13T18:06:00,357010,Tupungatito,VIIRS375,0,0.00,1,sin anomalia,2026-10-05T14:24:05,mendoza
2026-03-13T18:06:00,357010,Tupungatito,VIIRS750,0,0.00,1,sin anomalia,2026-10-05T14:24:05,mendoza
2026-03-13T18:24:01,357010,Tupungatito,VIIRS375,0,0.00,1,sin anomalia,2026-10-05T14:24:05,mendoza
2026-03-13T18:24:01,357010,Tupungatito,VIIRS750,0,0.00,1,sin anomalia,2026-10-05T14:24:05,mendoza
2026-03-13T20:10:00,357010,Tupungatito,MODIS,0,0.00,1,sin anomalia,2026-10-05T14:24:05,mendoza
2026-03-14T01:55:00,357010,Tupungatito,MODIS,0,0.00,1,sin anomalia,2026-10-05T14:24:05,mendoza
2026-03-14T05:42:01,357010,Tupungatito,VIIRS375,0,0.00,1,sin anomalia,2026-10-05T14:24:05,mendoza
2026-03-14T05:42:01,357010,Tupungatito,VIIRS750,0,0.00,1,sin anomalia,2026-10-05T14:24:05,mendoza
2026-03-14T07:10:00,357010,Tupungatito,MODIS,0,0.00,1,sin anomalia,2026-10-05T14:24:05,mendoza
2026-03-14T12:55:00,357010,Tupungatito,MODIS,0,0.00,1,sin anomalia,2026-10-05T14:24:05,mendoza
2026-03-14T18:06:01,357010,Tupungatito,VIIRS375,0,0.00,1,sin anomalia,2026-10-05T14:24:05,mendoza
2026-03-14T18:06:01,357010,Tupungatito,VIIRS750,0,0.00,1,sin anomalia,2026-10-05T14:24:05,mendoza
2026-03-14T19:24:00,357010,Tupungatito,VIIRS375,0,0.00,1,sin anomalia,2026-10-05T14:24:05,mendoza
2026-03-14T19:24:00,357010,Tupungatito,VIIRS750,0,0.00,1,sin anomalia,2026-10-05T14:24:05,mendoza
2026-03-14T20:45:00,357010,Tupungatito,MODIS,0,0.00,1,sin anomalia,2026-10-05T14:24:05,mendoza
2026-03-15T02:30:00,357010,Tupungatito,MODIS,0,0.00,1,sin anomalia,2026-10-05T14:24:05,mendoza
2026-03-15T05:24:01,357010,Tupungatito,VIIRS375,0.98,17.34,0,fuera de radio,2026-10-05T14:24:05,mendoza
2026-03-15T05:24:01,357010,Tupungatito,VIIRS750,0,0.00,1,sin anomalia,2026-10-05T14:24:05,mendoza
2026-03-15T06:42:00,357010,Tupungatito,VIIRS375,0,0.00,1,sin anomalia,2026-10-05T14:24:05,mendoza
2026-03-15T06:42:00,357010,Tupungatito,VIIRS750,0,0.00,1,sin anomalia,2026-10-05T14:24:05,mendoza
2026-03-15T07:45:00,357010,Tupungatito,MODIS,0,0.00,1,sin anomalia,2026-10-05T14:24:05,mendoza
2026-03-15T13:30:00,357010,Tupungatito,MODIS,0,0.00,1,sin anomalia,2026-10-05T14:24:05,mendoza
2026-03-15T17:24:00,357010,Tupungatito,VIIRS375,0,0.00,1,sin anomalia,2026-10-05T14:24:05,mendoza
2026-03-15T17:24:00,357010,Tupungatito,VIIRS750,0,0.00,1,sin anomalia,2026-10-05T14:24:05,mendoza
2026-03-15T17:48:01,357010,Tupungatito,VIIRS375,0,0.00,1,sin anomalia,2026-10-05T14:24:05,mendoza
2026-03-15T17:48:01,357010,Tupungatito,VIIRS750,0,0.00,1,sin anomalia,2026-10-05T14:24:05,mendoza
2026-03-15T19:06:00,357010,Tupungatito,VIIRS375,0,0.00,1,sin anomalia,2026-10-05T14:24:05,mendoza
2026-03-15T19:06:00,357010,Tupungatito,VIIRS750,0,0.00,1,sin anomalia,2026-10-05T14:24:05,mendoza
2026-03-15T19:24:01,357010,Tupungatito,VIIRS375,0,0.00,1,sin anomalia,2026-10-05T14:24:05,mendoza
2026-03-15T19:24:01,357010,Tupungatito,VIIRS750,0,0.00,1,sin anomalia,2026-10-05T14:24:05,mendoza
2026-03-15T19:45:00,357010,Tupungatito,MODIS,0,0.00,1,sin anomalia,2026-10-05T14:24:05,mendoza
2026-03-16T01:35:00,357010,Tupungatito,MODIS,0,0.00,1,sin anomalia,2026-10-05T14:24:05,mendoza
2026-03-16T05:06:01,357010,Tupungatito,VIIRS375,0,0.00,1,sin anomalia,2026-10-05T14:24:05,mendoza
2026-03-16T05:06:01,357010,Tupungatito,VIIRS750,0,0.00,1,sin anomalia,2026-10-05T14:24:05,mendoza
2026-03-16T06:45:00,357010,Tupungatito,MODIS,0,0.00,1,sin anomalia,2026-10-05T14:24:05,mendoza
2026-03-16T06:48:01,357010,Tupungatito,VIIRS375,0,0.00,1,sin anomalia,2026-10-05T14:24:05,mendoza
2026-03-16T06:48:01,357010,Tupungatito,VIIRS750,0,0.00,1,sin anomalia,2026-10-05T14:24:05,mendoza
2026-03-16T12:35:00,357010,Tupungatito,MODIS,0,0.00,1,sin anomalia,2026-10-05T14:24:05,mendoza
2026-03-16T17:30:01,357010,Tupungatito,VIIRS375,47.27,10.73,0,fuera de radio,2026-10-05T14:24:05,mendoza
2026-03-16T17:30:01,357010,Tupungatito,VIIRS750,0,0.00,1,sin anomalia,2026-10-05T14:24:05,mendoza
2026-03-16T18:48:00,357010,Tupungatito,VIIRS750,0,0.00,1,sin anomalia,2026-10-05T14:24:05,mendoza
2026-03-16T19:06:01,357010,Tupungatito,VIIRS375,0,0.00,1,sin anomalia,2026-10-05T14:24:05,mendoza
2026-03-16T19:06:01,357010,Tupungatito,VIIRS750,0,0.00,1,sin anomalia,2026-10-05T14:24:05,mendoza
2026-03-16T20:25:00,357010,Tupungatito,MODIS,0,0.00,1,sin anomalia,2026-10-05T14:24:05,mendoza
2026-03-17T02:10:00,357010,Tupungatito,MODIS,0,0.00,1,sin anomalia,2026-10-05T14:24:05,mendoza
2026-03-17T04:48:01,357010,Tupungatito,VIIRS375,0,0.00,1,sin anomalia,2026-10-05T14:24:05,mendoza
2026-03-17T04:48:01,357010,Tupungatito,VIIRS750,0,0.00,1,sin anomalia,2026-10-05T14:24:05,mendoza
2026-03-17T06:30:01,357010,Tupungatito,VIIRS375,0,0.00,1,sin anomalia,2026-10-05T14:24:05,mendoza
2026-03-17T06:30:01,357010,Tupungatito,VIIRS750,0,0.00,1,sin anomalia,2026-10-05T14:24:05,mendoza
2026-03-17T07:25:00,357010,Tupungatito,MODIS,0,0.00,1,sin anomalia,2026-10-05T14:24:05,mendoza
2026-03-17T13:10:00,357010,Tupungatito,MODIS,0,0.00,1,sin anomalia,2026-10-05T14:24:05,mendoza
2026-03-17T18:30:00,357010,Tupungatito,VIIRS750,0,0.00,1,sin anomalia,2026-10-05T14:24:05,mendoza
2026-03-17T18:48:01,357010,Tupungatito,VIIRS375,0,0.00,1,sin anomalia,2026-10-05T14:24:05,mendoza
2026-03-17T18:48:01,357010,Tupungatito,VIIRS750,0,0.00,1,sin anomalia,2026-10-05T14:24:05,mendoza
2026-03-17T19:25:00,357010,Tupungatito,MODIS,0,0.00,1,sin anomalia,2026-10-05T14:24:05,mendoza
2026-03-17T21:05:00,357010,Tupungatito,MODIS,0,0.00,1,sin anomalia,2026-10-05T14:24:05,mendoza
2026-03-18T01:15:00,357010,Tupungatito,MODIS,0,0.00,1,sin anomalia,2026-10-05T14:24:05,mendoza
2026-03-18T06:06:01,357010,Tupungatito,VIIRS375,0.21,5.21,1,muy baja,2026-10-05T14:24:05,mendoza
2026-03-18T06:06:01,357010,Tupungatito,VIIRS750,0,0.00,1,sin anomalia,2026-10-05T14:24:05,mendoza
2026-03-18T08:05:00,357010,Tupungatito,MODIS,0,0.00,1,sin anomalia,2026-10-05T14:24:05,mendoza
2026-03-18T13:50:00,357010,Tupungatito,MODIS,0,0.00,1,sin anomalia,2026-10-05T14:24:05,mendoza
2026-03-18T18:30:01,357010,Tupungatito,VIIRS375,0,0.00,1,sin anomalia,2026-10-05T14:24:05,mendoza
2026-03-18T18:30:01,357010,Tupungatito,VIIRS750,0,0.00,1,sin anomalia,2026-10-05T14:24:05,mendoza
2026-03-18T20:05:00,357010,Tupungatito,MODIS,0,0.00,1,sin anomalia,2026-10-05T14:24:05,mendoza
2026-03-19T01:50:00,357010,Tupungatito,MODIS,0,0.00,1,sin anomalia,2026-10-05T14:24:05,mendoza
2026-03-19T05:48:01,357010,Tupungatito,VIIRS375,0.1,5.21,1,muy baja,2026-10-05T14:24:05,mendoza
2026-03-19T05:48:01,357010,Tupungatito,VIIRS750,0,0.00,1,sin anomalia,2026-10-05T14:24:05,mendoza
2026-03-19T07:05:00,357010,Tupungatito,MODIS,0,0.00,1,sin anomalia,2026-10-05T14:24:05,mendoza
2026-03-19T12:50:00,357010,Tupungatito,MODIS,0,0.00,1,sin anomalia,2026-10-05T14:24:05,mendoza
2026-03-19T17:48:00,357010,Tupungatito,VIIRS375,0,0.00,1,sin anomalia,2026-10-05T14:24:05,mendoza
2026-03-19T18:12:01,357010,Tupungatito,VIIRS375,0,0.00,1,sin anomalia,2026-10-05T14:24:05,mendoza
2026-03-19T18:12:01,357010,Tupungatito,VIIRS750,0,0.00,1,sin anomalia,2026-10-05T14:24:05,mendoza
2026-03-19T19:30:00,357010,Tupungatito,VIIRS375,0,0.00,1,sin anomalia,2026-10-05T14:24:05,mendoza
2026-03-19T19:30:00,357010,Tupungatito,VIIRS750,0,0.00,1,sin anomalia,2026-10-05T14:24:05,mendoza
2026-03-19T20:40:00,357010,Tupungatito,MODIS,0,0.00,1,sin anomalia,2026-10-05T14:24:05,mendoza
2026-03-20T02:30:00,357010,Tupungatito,MODIS,0,0.00,1,sin anomalia,2026-10-05T14:24:05,mendoza
2026-03-20T05:30:01,357010,Tupungatito,VIIRS375,0.25,5.21,1,muy baja,2026-10-05T14:24:05,mendoza
2026-03-20T05:30:01,357010,Tupungatito,VIIRS750,0,0.00,1,sin anomalia,2026-10-05T14:24:05,mendoza
2026-03-20T06:48:00,357010,Tupungatito,VIIRS375,0,0.00,1,sin anomalia,2026-10-05T14:24:05,mendoza
2026-03-20T06:48:00,357010,Tupungatito,VIIRS750,0,0.00,1,sin anomalia,2026-10-05T14:24:05,mendoza
2026-03-20T07:40:00,357010,Tupungatito,MODIS,0,0.00,1,sin anomalia,2026-10-05T14:24:05,mendoza
2026-03-20T13:30:00,357010,Tupungatito,MODIS,0,0.00,1,sin anomalia,2026-10-05T14:24:05,mendoza
2026-03-20T17:54:01,357010,Tupungatito,VIIRS375,0,0.00,1,sin anomalia,2026-10-05T14:24:05,mendoza
2026-03-20T17:54:01,357010,Tupungatito,VIIRS750,0,0.00,1,sin anomalia,2026-10-05T14:24:05,mendoza
2026-03-20T19:12:00,357010,Tupungatito,VIIRS375,0,0.00,1,sin anomalia,2026-10-05T14:24:05,mendoza
2026-03-20T19:36:01,357010,Tupungatito,VIIRS375,0,0.00,1,sin anomalia,2026-10-05T14:24:05,mendoza
2026-03-20T19:36:01,357010,Tupungatito,VIIRS750,0,0.00,1,sin anomalia,2026-10-05T14:24:05,mendoza
2026-03-20T19:40:00,357010,Tupungatito,MODIS,0,0.00,1,sin anomalia,2026-10-05T14:24:05,mendoza
2026-03-21T01:35:00,357010,Tupungatito,MODIS,0,0.00,1,sin anomalia,2026-10-05T14:24:05,mendoza
2026-03-21T05:12:01,357010,Tupungatito,VIIRS375,0,0.00,1,sin anomalia,2026-10-05T14:24:05,mendoza
2026-03-21T05:12:01,357010,Tupungatito,VIIRS750,0,0.00,1,sin anomalia,2026-10-05T14:24:05,mendoza
2026-03-21T06:30:00,357010,Tupungatito,VIIRS375,0.26,5.05,1,muy baja,2026-10-05T14:24:05,mendoza
2026-03-21T06:30:00,357010,Tupungatito,VIIRS750,0,0.00,1,sin anomalia,2026-10-05T14:24:05,mendoza
2026-03-21T06:40:00,357010,Tupungatito,MODIS,0,0.00,1,sin anomalia,2026-10-05T14:24:05,mendoza
2026-03-21T08:20:00,357010,Tupungatito,MODIS,0,0.00,1,sin anomalia,2026-10-05T14:24:05,mendoza
2026-03-21T12:30:00,357010,Tupungatito,MODIS,0,0.00,1,sin anomalia,2026-10-05T14:24:05,mendoza
2026-03-21T17:36:01,357010,Tupungatito,VIIRS375,0,0.00,1,sin anomalia,2026-10-05T14:24:05,mendoza
2026-03-21T17:36:01,357010,Tupungatito,VIIRS750,0,0.00,1,sin anomalia,2026-10-05T14:24:05,mendoza
2026-03-21T18:54:00,357010,Tupungatito,VIIRS375,0,0.00,1,sin anomalia,2026-10-05T14:24:05,mendoza
2026-03-21T18:54:00,357010,Tupungatito,VIIRS750,0,0.00,1,sin anomalia,2026-10-05T14:24:05,mendoza
2026-03-21T19:12:01,357010,Tupungatito,VIIRS375,0,0.00,1,sin anomalia,2026-10-05T14:24:05,mendoza
2026-03-21T19:12:01,357010,Tupungatito,VIIRS750,0,0.00,1,sin anomalia,2026-10-05T14:24:05,mendoza
2026-03-21T20:20:00,357010,Tupungatito,MODIS,0,0.00,1,sin anomalia,2026-10-05T14:24:05,mendoza
2026-03-22T02:10:00,357010,Tupungatito,MODIS,0,0.00,1,sin anomalia,2026-10-05T14:24:05,mendoza
2026-03-22T04:54:01,357010,Tupungatito,VIIRS375,0,0.00,1,sin anomalia,2026-10-05T14:24:05,mendoza
2026-03-22T04:54:01,357010,Tupungatito,VIIRS750,0,0.00,1,sin anomalia,2026-10-05T14:24:05,mendoza
2026-03-22T06:36:01,357010,Tupungatito,VIIRS375,0,0.00,1,sin anomalia,2026-10-05T14:24:05,mendoza
2026-03-22T06:36:01,357010,Tupungatito,VIIRS750,0,0.00,1,sin anomalia,2026-10-05T14:24:05,mendoza
2026-03-22T07:20:00,357010,Tupungatito,MODIS,0,0.00,1,sin anomalia,2026-10-05T14:24:05,mendoza
2026-03-22T13:10:00,357010,Tupungatito,MODIS,0,0.00,1,sin anomalia,2026-10-05T14:24:05,mendoza
2026-03-22T18:54:01,357010,Tupungatito,VIIRS375,0,0.00,1,sin anomalia,2026-10-05T14:24:05,mendoza
2026-03-22T18:54:01,357010,Tupungatito,VIIRS750,0,0.00,1,sin anomalia,2026-10-05T14:24:05,mendoza
2026-03-22T21:00:00,357010,Tupungatito,MODIS,0,0.00,1,sin anomalia,2026-10-05T14:24:05,mendoza
2026-03-23T01:15:00,357010,Tupungatito,MODIS,0,0.00,1,sin anomalia,2026-10-05T14:24:05,mendoza
2026-03-23T04:36:01,357010,Tupungatito,VIIRS375,0,0.00,1,sin anomalia,2026-10-05T14:24:05,mendoza
2026-03-23T04:36:01,357010,Tupungatito,VIIRS750,0,0.00,1,sin anomalia,2026-10-05T14:24:05,mendoza
2026-03-23T06:12:01,357010,Tupungatito,VIIRS375,0,0.00,1,sin anomalia,2026-10-05T14:24:05,mendoza
2026-03-23T06:12:01,357010,Tupungatito,VIIRS750,0,0.00,1,sin anomalia,2026-10-05T14:24:05,mendoza
2026-03-23T07:55:00,357010,Tupungatito,MODIS,0,0.00,1,sin anomalia,2026-10-05T14:24:05,mendoza
2026-03-23T13:50:00,357010,Tupungatito,MODIS,0,0.00,1,sin anomalia,2026-10-05T14:24:05,mendoza
2026-03-23T18:18:00,357010,Tupungatito,VIIRS375,0,0.00,1,sin anomalia,2026-10-05T14:24:05,mendoza
2026-03-23T18:18:00,357010,Tupungatito,VIIRS750,0,0.00,1,sin anomalia,2026-10-05T14:24:05,mendoza
2026-03-23T18:36:01,357010,Tupungatito,VIIRS375,0,0.00,1,sin anomalia,2026-10-05T14:24:05,mendoza
2026-03-23T18:36:01,357010,Tupungatito,VIIRS750,0,0.00,1,sin anomalia,2026-10-05T14:24:05,mendoza
2026-03-23T20:00:00,357010,Tupungatito,MODIS,0,0.00,1,sin anomalia,2026-10-05T14:24:05,mendoza
2026-03-24T01:50:00,357010,Tupungatito,MODIS,0,0.00,1,sin anomalia,2026-10-05T14:24:05,mendoza
2026-03-24T05:54:01,357010,Tupungatito,VIIRS375,0.22,5.21,1,muy baja,2026-10-05T14:24:05,mendoza
2026-03-24T05:54:01,357010,Tupungatito,VIIRS750,0,0.00,1,sin anomalia,2026-10-05T14:24:05,mendoza
2026-03-24T12:50:00,357010,Tupungatito,MODIS,0,0.00,1,sin anomalia,2026-10-05T14:24:05,mendoza
2026-03-24T18:00:00,357010,Tupungatito,VIIRS750,0,0.00,1,sin anomalia,2026-10-05T14:24:05,mendoza
2026-03-24T18:18:01,357010,Tupungatito,VIIRS375,0,0.00,1,sin anomalia,2026-10-05T14:24:05,mendoza
2026-03-24T18:18:01,357010,Tupungatito,VIIRS750,0,0.00,1,sin anomalia,2026-10-05T14:24:05,mendoza
2026-03-24T19:36:00,357010,Tupungatito,VIIRS375,0,0.00,1,sin anomalia,2026-10-05T14:24:05,mendoza
2026-03-24T19:36:00,357010,Tupungatito,VIIRS750,0,0.00,1,sin anomalia,2026-10-05T14:24:05,mendoza
2026-03-24T20:35:00,357010,Tupungatito,MODIS,0,0.00,1,sin anomalia,2026-10-05T14:24:05,mendoza
2026-03-25T02:30:00,357010,Tupungatito,MODIS,0,0.00,1,sin anomalia,2026-10-05T14:24:05,mendoza
2026-03-25T05:36:01,357010,Tupungatito,VIIRS375,0.21,4.89,1,muy baja,2026-10-05T14:24:05,mendoza
2026-03-25T05:36:01,357010,Tupungatito,VIIRS750,0.25,4.37,1,muy baja,2026-10-05T14:24:05,mendoza
2026-03-25T07:35:00,357010,Tupungatito,MODIS,0,0.00,1,sin anomalia,2026-10-05T14:24:05,mendoza
2026-03-25T13:30:00,357010,Tupungatito,MODIS,0,0.00,1,sin anomalia,2026-10-05T14:24:05,mendoza
2026-03-25T17:36:00,357010,Tupungatito,VIIRS750,0,0.00,1,sin anomalia,2026-10-05T14:24:05,mendoza
2026-03-25T18:00:01,357010,Tupungatito,VIIRS375,0,0.00,1,sin anomalia,2026-10-05T14:24:05,mendoza
2026-03-25T18:00:01,357010,Tupungatito,VIIRS750,0,0.00,1,sin anomalia,2026-10-05T14:24:05,mendoza
2026-03-25T19:18:00,357010,Tupungatito,VIIRS375,0,0.00,1,sin anomalia,2026-10-05T14:24:05,mendoza
2026-03-25T19:18:00,357010,Tupungatito,VIIRS750,0,0.00,1,sin anomalia,2026-10-05T14:24:05,mendoza
2026-03-25T19:35:00,357010,Tupungatito,MODIS,0,0.00,1,sin anomalia,2026-10-05T14:24:05,mendoza
2026-03-26T01:30:00,357010,Tupungatito,MODIS,0,0.00,1,sin anomalia,2026-10-05T14:24:05,mendoza
2026-03-26T05:18:01,357010,Tupungatito,VIIRS375,0.22,5.21,1,muy baja,2026-10-05T14:24:05,mendoza
2026-03-26T05:18:01,357010,Tupungatito,VIIRS750,0,0.00,1,sin anomalia,2026-10-05T14:24:05,mendoza
2026-03-26T06:36:00,357010,Tupungatito,VIIRS375,0,0.00,1,sin anomalia,2026-10-05T14:24:05,mendoza
2026-03-26T06:36:00,357010,Tupungatito,VIIRS750,0,0.00,1,sin anomalia,2026-10-05T14:24:05,mendoza
2026-03-26T08:15:00,357010,Tupungatito,MODIS,0,0.00,1,sin anomalia,2026-10-05T14:24:05,mendoza
2026-03-26T12:30:00,357010,Tupungatito,MODIS,0,0.00,1,sin anomalia,2026-10-05T14:24:05,mendoza
2026-03-26T17:42:01,357010,Tupungatito,VIIRS375,0,0.00,1,sin anomalia,2026-10-05T14:24:05,mendoza
2026-03-26T17:42:01,357010,Tupungatito,VIIRS750,0,0.00,1,sin anomalia,2026-10-05T14:24:05,mendoza
2026-03-26T19:18:01,357010,Tupungatito,VIIRS375,0,0.00,1,sin anomalia,2026-10-05T14:24:05,mendoza
2026-03-26T19:18:01,357010,Tupungatito,VIIRS750,0,0.00,1,sin anomalia,2026-10-05T14:24:05,mendoza
2026-03-26T20:15:00,357010,Tupungatito,MODIS,0,0.00,1,sin anomalia,2026-10-05T14:24:05,mendoza
2026-03-27T05:00:01,357010,Tupungatito,VIIRS375,0.35,5.54,1,muy baja,2026-10-05T14:24:05,mendoza
2026-03-27T05:00:01,357010,Tupungatito,VIIRS750,0,0.00,1,sin anomalia,2026-10-05T14:24:05,mendoza
2026-03-27T06:42:01,357010,Tupungatito,VIIRS375,0,0.00,1,sin anomalia,2026-10-05T14:24:05,mendoza
2026-03-27T06:42:01,357010,Tupungatito,VIIRS750,0,0.00,1,sin anomalia,2026-10-05T14:24:05,mendoza
2026-03-27T07:15:00,357010,Tupungatito,MODIS,0,0.00,1,sin anomalia,2026-10-05T14:24:05,mendoza
2026-03-27T13:10:00,357010,Tupungatito,MODIS,0,0.00,1,sin anomalia,2026-10-05T14:24:05,mendoza
2026-03-27T17:24:01,357010,Tupungatito,VIIRS375,0,0.00,1,sin anomalia,2026-10-05T14:24:05,mendoza
2026-03-27T17:24:01,357010,Tupungatito,VIIRS750,0,0.00,1,sin anomalia,2026-10-05T14:24:05,mendoza
2026-03-27T18:42:00,357010,Tupungatito,VIIRS375,0,0.00,1,sin anomalia,2026-10-05T14:24:05,mendoza
2026-03-27T18:42:00,357010,Tupungatito,VIIRS750,0,0.00,1,sin anomalia,2026-10-05T14:24:05,mendoza
2026-03-27T19:00:01,357010,Tupungatito,VIIRS375,0,0.00,1,sin anomalia,2026-10-05T14:24:05,mendoza
2026-03-27T19:00:01,357010,Tupungatito,VIIRS750,0,0.00,1,sin anomalia,2026-10-05T14:24:05,mendoza
2026-03-27T20:50:00,357010,Tupungatito,MODIS,0,0.00,1,sin anomalia,2026-10-05T14:24:05,mendoza
2026-03-28T01:10:00,357010,Tupungatito,MODIS,0,0.00,1,sin anomalia,2026-10-05T14:24:05,mendoza
2026-03-28T04:42:01,357010,Tupungatito,VIIRS375,0,0.00,1,sin anomalia,2026-10-05T14:24:05,mendoza
2026-03-28T04:42:01,357010,Tupungatito,VIIRS750,0,0.00,1,sin anomalia,2026-10-05T14:24:05,mendoza
2026-03-28T06:00:00,357010,Tupungatito,VIIRS375,0.23,5.21,1,muy baja,2026-10-05T14:24:05,mendoza
2026-03-28T06:00:00,357010,Tupungatito,VIIRS750,0,0.00,1,sin anomalia,2026-10-05T14:24:05,mendoza
2026-03-28T07:50:00,357010,Tupungatito,MODIS,0,0.00,1,sin anomalia,2026-10-05T14:24:05,mendoza
2026-03-28T13:50:00,357010,Tupungatito,MODIS,0,0.00,1,sin anomalia,2026-10-05T14:24:05,mendoza
2026-03-28T18:24:00,357010,Tupungatito,VIIRS750,0,0.00,1,sin anomalia,2026-10-05T14:24:05,mendoza
2026-03-28T18:42:01,357010,Tupungatito,VIIRS375,0,0.00,1,sin anomalia,2026-10-05T14:24:05,mendoza
2026-03-28T19:50:00,357010,Tupungatito,MODIS,0,0.00,1,sin anomalia,2026-10-05T14:24:05,mendoza
2026-03-29T01:50:00,357010,Tupungatito,MODIS,0,0.00,1,sin anomalia,2026-10-05T14:24:05,mendoza
2026-03-29T06:00:01,357010,Tupungatito,VIIRS375,0.25,5.21,1,muy baja,2026-10-05T14:24:05,mendoza
2026-03-29T06:00:01,357010,Tupungatito,VIIRS750,0,0.00,1,sin anomalia,2026-10-05T14:24:05,mendoza
2026-03-29T06:50:00,357010,Tupungatito,MODIS,0,0.00,1,sin anomalia,2026-10-05T14:24:05,mendoza
2026-03-29T12:50:00,357010,Tupungatito,MODIS,0,0.00,1,sin anomalia,2026-10-05T14:24:05,mendoza
2026-03-29T18:06:00,357010,Tupungatito,VIIRS375,0,0.00,1,sin anomalia,2026-10-05T14:24:05,mendoza
2026-03-29T18:06:00,357010,Tupungatito,VIIRS750,0,0.00,1,sin anomalia,2026-10-05T14:24:05,mendoza
2026-03-29T18:24:01,357010,Tupungatito,VIIRS375,0,0.00,1,sin anomalia,2026-10-05T14:24:05,mendoza
2026-03-29T18:24:01,357010,Tupungatito,VIIRS750,0,0.00,1,sin anomalia,2026-10-05T14:24:05,mendoza
2026-03-29T20:30:00,357010,Tupungatito,MODIS,0,0.00,1,sin anomalia,2026-10-05T14:24:05,mendoza
2026-03-30T02:30:00,357010,Tupungatito,MODIS,0,0.00,1,sin anomalia,2026-10-05T14:24:05,mendoza
2026-03-30T05:42:01,357010,Tupungatito,VIIRS750,0,0.00,1,sin anomalia,2026-10-05T14:24:05,mendoza
2026-03-30T07:30:00,357010,Tupungatito,MODIS,0,0.00,1,sin anomalia,2026-10-05T14:24:05,mendoza
2026-03-30T13:30:00,357010,Tupungatito,MODIS,0,0.00,1,sin anomalia,2026-10-05T14:24:05,mendoza
2026-03-30T17:42:00,357010,Tupungatito,VIIRS375,0,0.00,1,sin anomalia,2026-10-05T14:24:05,mendoza
2026-03-30T18:06:01,357010,Tupungatito,VIIRS375,0,0.00,1,sin anomalia,2026-10-05T14:24:05,mendoza
2026-03-30T18:06:01,357010,Tupungatito,VIIRS750,0,0.00,1,sin anomalia,2026-10-05T14:24:05,mendoza
2026-03-30T19:24:00,357010,Tupungatito,VIIRS375,0,0.00,1,sin anomalia,2026-10-05T14:24:05,mendoza
2026-03-30T19:24:00,357010,Tupungatito,VIIRS750,0,0.00,1,sin anomalia,2026-10-05T14:24:05,mendoza
2026-03-30T19:30:00,357010,Tupungatito,MODIS,0,0.00,1,sin anomalia,2026-10-05T14:24:05,mendoza
2026-03-30T21:10:00,357010,Tupungatito,MODIS,0,0.00,1,sin anomalia,2026-10-05T14:24:05,mendoza
2026-03-31T01:30:00,357010,Tupungatito,MODIS,0,0.00,1,sin anomalia,2026-10-05T14:24:05,mendoza
2026-03-31T05:24:01,357010,Tupungatito,VIIRS375,0.26,5.21,1,muy baja,2026-10-05T14:24:05,mendoza
2026-03-31T05:24:01,357010,Tupungatito,VIIRS750,0,0.00,1,sin anomalia,2026-10-05T14:24:05,mendoza
2026-03-31T06:42:00,357010,Tupungatito,VIIRS375,0,0.00,1,sin anomalia,2026-10-05T14:24:05,mendoza
2026-03-31T06:42:00,357010,Tupungatito,VIIRS750,0,0.00,1,sin anomalia,2026-10-05T14:24:05,mendoza
2026-03-31T08:10:00,357010,Tupungatito,MODIS,0,0.00,1,sin anomalia,2026-10-05T14:24:05,mendoza
2026-03-31T12:30:00,357010,Tupungatito,MODIS,0,0.00,1,sin anomalia,2026-10-05T14:24:05,mendoza
2026-03-31T17:48:01,357010,Tupungatito,VIIRS375,0,0.00,1,sin anomalia,2026-10-05T14:24:05,mendoza
2026-03-31T17:48:01,357010,Tupungatito,VIIRS750,0,0.00,1,sin anomalia,2026-10-05T14:24:05,mendoza
2026-03-31T19:06:00,357010,Tupungatito,VIIRS375,0,0.00,1,sin anomalia,2026-10-05T14:24:05,mendoza
2026-03-31T19:06:00,357010,Tupungatito,VIIRS750,0,0.00,1,sin anomalia,2026-10-05T14:24:05,mendoza
2026-03-31T19:24:01,357010,Tupungatito,VIIRS375,0,0.00,1,sin anomalia,2026-10-05T14:24:05,mendoza
2026-03-31T19:24:01,357010,Tupungatito,VIIRS750,0,0.00,1,sin anomalia,2026-10-05T14:24:05,mendoza
2026-03-31T20:10:00,357010,Tupungatito,MODIS,0,0.00,1,sin anomalia,2026-10-05T14:24:05,mendoza
2026-04-01T02:10:00,357010,Tupungatito,MODIS,0,0.00,1,sin anomalia,2026-10-05T14:24:05,mendoza
2026-04-01T05:06:01,357010,Tupungatito,VIIRS375,0.28,5.41,1,muy baja,2026-10-05T14:24:05,mendoza
2026-04-01T05:06:01,357010,Tupungatito,VIIRS750,0,0.00,1,sin anomalia,2026-10-05T14:24:05,mendoza
2026-04-01T06:48:01,357010,Tupungatito,VIIRS375,0,0.00,1,sin anomalia,2026-10-05T14:24:05,mendoza
2026-04-01T06:48:01,357010,Tupungatito,VIIRS750,0,0.00,1,sin anomalia,2026-10-05T14:24:05,mendoza
2026-04-01T07:10:00,357010,Tupungatito,MODIS,0,0.00,1,sin anomalia,2026-10-05T14:24:05,mendoza
2026-04-01T13:10:00,357010,Tupungatito,MODIS,0,0.00,1,sin anomalia,2026-10-05T14:24:05,mendoza
2026-04-01T17:30:01,357010,Tupungatito,VIIRS375,0,0.00,1,sin anomalia,2026-10-05T14:24:05,mendoza
2026-04-01T17:30:01,357010,Tupungatito,VIIRS750,0,0.00,1,sin anomalia,2026-10-05T14:24:05,mendoza
2026-04-01T18:48:00,357010,Tupungatito,VIIRS750,0,0.00,1,sin anomalia,2026-10-05T14:24:05,mendoza
2026-04-01T19:06:01,357010,Tupungatito,VIIRS375,0,0.00,1,sin anomalia,2026-10-05T14:24:05,mendoza
2026-04-01T19:06:01,357010,Tupungatito,VIIRS750,0,0.00,1,sin anomalia,2026-10-05T14:24:05,mendoza
2026-04-01T20:45:00,357010,Tupungatito,MODIS,0,0.00,1,sin anomalia,2026-10-05T14:24:05,mendoza
2026-04-02T01:10:00,357010,Tupungatito,MODIS,0,0.00,1,sin anomalia,2026-10-05T14:24:05,mendoza
2026-04-02T04:48:01,357010,Tupungatito,VIIRS375,0,0.00,1,sin anomalia,2026-10-05T14:24:05,mendoza
2026-04-02T04:48:01,357010,Tupungatito,VIIRS750,0,0.00,1,sin anomalia,2026-10-05T14:24:05,mendoza
2026-04-02T06:30:01,357010,Tupungatito,VIIRS375,0.21,5.21,1,muy baja,2026-10-05T14:24:05,mendoza
2026-04-02T06:30:01,357010,Tupungatito,VIIRS750,0,0.00,1,sin anomalia,2026-10-05T14:24:05,mendoza
2026-04-02T07:45:00,357010,Tupungatito,MODIS,0,0.00,1,sin anomalia,2026-10-05T14:24:05,mendoza
2026-04-02T13:50:00,357010,Tupungatito,MODIS,0,0.00,1,sin anomalia,2026-10-05T14:24:05,mendoza
2026-04-02T18:30:00,357010,Tupungatito,VIIRS375,0,0.00,1,sin anomalia,2026-10-05T14:24:05,mendoza
2026-04-02T18:48:01,357010,Tupungatito,VIIRS375,0,0.00,1,sin anomalia,2026-10-05T14:24:05,mendoza
2026-04-02T18:48:01,357010,Tupungatito,VIIRS750,0,0.00,1,sin anomalia,2026-10-05T14:24:05,mendoza
2026-04-02T19:45:00,357010,Tupungatito,MODIS,0,0.00,1,sin anomalia,2026-10-05T14:24:05,mendoza
2026-04-03T01:50:00,357010,Tupungatito,MODIS,0,0.00,1,sin anomalia,2026-10-05T14:24:05,mendoza
2026-04-03T05:18:02,357010,Tupungatito,VIIRS750,0,0.00,1,sin anomalia,2026-10-05T14:24:05,mendoza
2026-04-03T06:06:01,357010,Tupungatito,VIIRS375,0.27,5.21,1,muy baja,2026-10-05T14:24:05,mendoza
2026-04-03T06:06:01,357010,Tupungatito,VIIRS750,0,0.00,1,sin anomalia,2026-10-05T14:24:05,mendoza
2026-04-03T06:45:00,357010,Tupungatito,MODIS,0,0.00,1,sin anomalia,2026-10-05T14:24:05,mendoza
2026-04-03T12:50:00,357010,Tupungatito,MODIS,0,0.00,1,sin anomalia,2026-10-05T14:24:05,mendoza
2026-04-03T17:42:02,357010,Tupungatito,VIIRS750,0,0.00,1,sin anomalia,2026-10-05T14:24:05,mendoza
2026-04-03T18:12:00,357010,Tupungatito,VIIRS375,0,0.00,1,sin anomalia,2026-10-05T14:24:05,mendoza
2026-04-03T18:12:00,357010,Tupungatito,VIIRS750,0,0.00,1,sin anomalia,2026-10-05T14:24:05,mendoza
2026-04-03T18:30:01,357010,Tupungatito,VIIRS375,0,0.00,1,sin anomalia,2026-10-05T14:24:05,mendoza
2026-04-03T18:30:01,357010,Tupungatito,VIIRS750,0,0.00,1,sin anomalia,2026-10-05T14:24:05,mendoza
2026-04-03T19:18:02,357010,Tupungatito,VIIRS750,0,0.00,1,sin anomalia,2026-10-05T14:24:05,mendoza
2026-04-03T20:25:00,357010,Tupungatito,MODIS,0,0.00,1,sin anomalia,2026-10-05T14:24:05,mendoza
2026-04-04T02:30:00,357010,Tupungatito,MODIS,0,0.00,1,sin anomalia,2026-10-05T14:24:05,mendoza
2026-04-04T05:00:02,357010,Tupungatito,VIIRS750,0,0.00,1,sin anomalia,2026-10-05T14:24:05,mendoza
2026-04-04T05:48:01,357010,Tupungatito,VIIRS375,0.26,5.21,1,muy baja,2026-10-05T14:24:05,mendoza
2026-04-04T05:48:01,357010,Tupungatito,VIIRS750,0,0.00,1,sin anomalia,2026-10-05T14:24:05,mendoza
2026-04-04T06:36:02,357010,Tupungatito,VIIRS750,0,0.00,1,sin anomalia,2026-10-05T14:24:05,mendoza
2026-04-04T07:25:00,357010,Tupungatito,MODIS,0,0.00,1,sin anomalia,2026-10-05T14:24:05,mendoza
2026-04-04T13:30:00,357010,Tupungatito,MODIS,0,0.00,1,sin anomalia,2026-10-05T14:24:05,mendoza
2026-04-04T17:18:02,357010,Tupungatito,VIIRS750,0,0.00,1,sin anomalia,2026-10-05T14:24:05,mendoza
2026-04-04T18:12:01,357010,Tupungatito,VIIRS375,0,0.00,1,sin anomalia,2026-10-05T14:24:05,mendoza
2026-04-04T18:12:01,357010,Tupungatito,VIIRS750,0,0.00,1,sin anomalia,2026-10-05T14:24:05,mendoza
2026-04-04T19:00:02,357010,Tupungatito,VIIRS750,0,0.00,1,sin anomalia,2026-10-05T14:24:05,mendoza
2026-04-04T19:30:00,357010,Tupungatito,VIIRS375,0,0.00,1,sin anomalia,2026-10-05T14:24:05,mendoza
2026-04-04T19:30:00,357010,Tupungatito,VIIRS750,0,0.00,1,sin anomalia,2026-10-05T14:24:05,mendoza
2026-04-04T21:00:00,357010,Tupungatito,MODIS,0,0.00,1,sin anomalia,2026-10-05T14:24:05,mendoza
2026-04-05T01:30:00,357010,Tupungatito,MODIS,0,0.00,1,sin anomalia,2026-10-05T14:24:05,mendoza
2026-04-05T04:42:02,357010,Tupungatito,VIIRS750,0,0.00,1,sin anomalia,2026-10-05T14:24:05,mendoza
2026-04-05T06:18:02,357010,Tupungatito,VIIRS750,0,0.00,1,sin anomalia,2026-10-05T14:24:05,mendoza
2026-04-05T06:54:00,357010,Tupungatito,VIIRS375,0,0.00,1,sin anomalia,2026-10-05T14:24:05,mendoza
2026-04-05T06:54:00,357010,Tupungatito,VIIRS750,0,0.00,1,sin anomalia,2026-10-05T14:24:05,mendoza
2026-04-05T08:00:00,357010,Tupungatito,MODIS,0,0.00,1,sin anomalia,2026-10-05T14:24:05,mendoza
2026-04-05T12:30:00,357010,Tupungatito,MODIS,0,0.00,1,sin anomalia,2026-10-05T14:24:05,mendoza
2026-04-05T17:30:00,357010,Tupungatito,VIIRS750,0,0.00,1,sin anomalia,2026-10-05T14:24:05,mendoza
2026-04-05T17:54:01,357010,Tupungatito,VIIRS375,0,0.00,1,sin anomalia,2026-10-05T14:24:05,mendoza
2026-04-05T17:54:01,357010,Tupungatito,VIIRS750,0,0.00,1,sin anomalia,2026-10-05T14:24:05,mendoza
2026-04-05T18:42:02,357010,Tupungatito,VIIRS750,0,0.00,1,sin anomalia,2026-10-05T14:24:05,mendoza
2026-04-05T19:12:00,357010,Tupungatito,VIIRS750,0,0.00,1,sin anomalia,2026-10-05T14:24:05,mendoza
2026-04-05T19:36:01,357010,Tupungatito,VIIRS375,0,0.00,1,sin anomalia,2026-10-05T14:24:05,mendoza
2026-04-05T19:36:01,357010,Tupungatito,VIIRS750,0,0.00,1,sin anomalia,2026-10-05T14:24:05,mendoza
2026-04-05T20:05:00,357010,Tupungatito,MODIS,0,0.00,1,sin anomalia,2026-10-05T14:24:05,mendoza
2026-04-06T02:10:00,357010,Tupungatito,MODIS,0,0.00,1,sin anomalia,2026-10-05T14:24:05,mendoza
2026-04-06T05:12:01,357010,Tupungatito,VIIRS375,0.23,5.21,1,muy baja,2026-10-05T14:24:05,mendoza
2026-04-06T05:12:01,357010,Tupungatito,VIIRS750,0,0.00,1,sin anomalia,2026-10-05T14:24:05,mendoza
2026-04-06T06:00:02,357010,Tupungatito,VIIRS750,0,0.00,1,sin anomalia,2026-10-05T14:24:05,mendoza
2026-04-06T06:30:00,357010,Tupungatito,VIIRS375,0.09,4.89,1,muy baja,2026-10-05T14:24:05,mendoza
2026-04-06T06:30:00,357010,Tupungatito,VIIRS750,0,0.00,1,sin anomalia,2026-10-05T14:24:05,mendoza
2026-04-06T07:00:00,357010,Tupungatito,MODIS,0,0.00,1,sin anomalia,2026-10-05T14:24:05,mendoza
2026-04-06T13:10:00,357010,Tupungatito,MODIS,0,0.00,1,sin anomalia,2026-10-05T14:24:05,mendoza
2026-04-06T17:36:01,357010,Tupungatito,VIIRS375,0,0.00,1,sin anomalia,2026-10-05T14:24:05,mendoza
2026-04-06T17:36:01,357010,Tupungatito,VIIRS750,0,0.00,1,sin anomalia,2026-10-05T14:24:05,mendoza
2026-04-06T18:24:02,357010,Tupungatito,VIIRS750,0,0.00,1,sin anomalia,2026-10-05T14:24:05,mendoza
2026-04-06T18:54:00,357010,Tupungatito,VIIRS375,0,0.00,1,sin anomalia,2026-10-05T14:24:05,mendoza
2026-04-06T18:54:00,357010,Tupungatito,VIIRS750,0,0.00,1,sin anomalia,2026-10-05T14:24:05,mendoza
2026-04-06T19:12:01,357010,Tupungatito,VIIRS375,0,0.00,1,sin anomalia,2026-10-05T14:24:05,mendoza
2026-04-06T19:12:01,357010,Tupungatito,VIIRS750,0,0.00,1,sin anomalia,2026-10-05T14:24:05,mendoza
2026-04-06T20:40:00,357010,Tupungatito,MODIS,0,0.00,1,sin anomalia,2026-10-05T14:24:05,mendoza
2026-04-07T01:10:00,357010,Tupungatito,MODIS,0,0.00,1,sin anomalia,2026-10-05T14:24:05,mendoza
2026-04-07T04:54:01,357010,Tupungatito,VIIRS375,2.13,19.88,0,fuera de radio,2026-10-05T14:24:05,mendoza
2026-04-07T04:54:01,357010,Tupungatito,VIIRS750,0,0.00,1,sin anomalia,2026-10-05T14:24:05,mendoza
2026-04-07T05:42:02,357010,Tupungatito,VIIRS750,0,0.00,1,sin anomalia,2026-10-05T14:24:05,mendoza
2026-04-07T06:36:01,357010,Tupungatito,VIIRS375,0,0.00,1,sin anomalia,2026-10-05T14:24:05,mendoza
2026-04-07T06:36:01,357010,Tupungatito,VIIRS750,0,0.00,1,sin anomalia,2026-10-05T14:24:05,mendoza
2026-04-07T07:40:00,357010,Tupungatito,MODIS,0,0.00,1,sin anomalia,2026-10-05T14:24:05,mendoza
2026-04-07T13:50:00,357010,Tupungatito,MODIS,0,0.00,1,sin anomalia,2026-10-05T14:24:05,mendoza
2026-04-07T18:06:02,357010,Tupungatito,VIIRS750,0,0.00,1,sin anomalia,2026-10-05T14:24:05,mendoza
2026-04-07T18:36:00,357010,Tupungatito,VIIRS750,0,0.00,1,sin anomalia,2026-10-05T14:24:05,mendoza
2026-04-07T18:54:01,357010,Tupungatito,VIIRS375,0,0.00,1,sin anomalia,2026-10-05T14:24:05,mendoza
2026-04-07T18:54:01,357010,Tupungatito,VIIRS750,0,0.00,1,sin anomalia,2026-10-05T14:24:05,mendoza
2026-04-07T19:40:00,357010,Tupungatito,MODIS,0,0.00,1,sin anomalia,2026-10-05T14:24:05,mendoza
2026-04-08T01:50:00,357010,Tupungatito,MODIS,0,0.00,1,sin anomalia,2026-10-05T14:24:05,mendoza
2026-04-08T04:36:01,357010,Tupungatito,VIIRS375,0,0.00,1,sin anomalia,2026-10-05T14:24:05,mendoza
2026-04-08T05:24:02,357010,Tupungatito,VIIRS750,0.17,4.37,1,muy baja,2026-10-05T14:24:05,mendoza
2026-04-08T06:12:01,357010,Tupungatito,VIIRS375,0,0.00,1,sin anomalia,2026-10-05T14:24:05,mendoza
2026-04-08T06:12:01,357010,Tupungatito,VIIRS750,0,0.00,1,sin anomalia,2026-10-05T14:24:05,mendoza
2026-04-08T12:50:00,357010,Tupungatito,MODIS,0,0.00,1,sin anomalia,2026-10-05T14:24:05,mendoza
2026-04-08T17:48:02,357010,Tupungatito,VIIRS750,0,0.00,1,sin anomalia,2026-10-05T14:24:05,mendoza
2026-04-08T18:18:00,357010,Tupungatito,VIIRS375,0,0.00,1,sin anomalia,2026-10-05T14:24:05,mendoza
2026-04-08T18:36:01,357010,Tupungatito,VIIRS375,0,0.00,1,sin anomalia,2026-10-05T14:24:05,mendoza
2026-04-08T18:36:01,357010,Tupungatito,VIIRS750,0,0.00,1,sin anomalia,2026-10-05T14:24:05,mendoza
2026-04-08T19:24:02,357010,Tupungatito,VIIRS375,0,0.00,1,sin anomalia,2026-10-05T14:24:05,mendoza
2026-04-08T19:24:02,357010,Tupungatito,VIIRS750,0,0.00,1,sin anomalia,2026-10-05T14:24:05,mendoza
2026-04-08T20:20:00,357010,Tupungatito,MODIS,0,0.00,1,sin anomalia,2026-10-05T14:24:05,mendoza
2026-04-09T02:30:00,357010,Tupungatito,MODIS,0,0.00,1,sin anomalia,2026-10-05T14:24:05,mendoza
2026-04-09T05:06:02,357010,Tupungatito,VIIRS375,0.28,5.03,1,muy baja,2026-10-05T14:24:05,mendoza
2026-04-09T05:54:01,357010,Tupungatito,VIIRS375,0.24,5.21,1,muy baja,2026-10-05T14:24:05,mendoza
2026-04-09T05:54:01,357010,Tupungatito,VIIRS750,0,0.00,1,sin anomalia,2026-10-05T14:24:05,mendoza
2026-04-09T06:42:02,357010,Tupungatito,VIIRS375,0,0.00,1,sin anomalia,2026-10-05T14:24:05,mendoza
2026-04-09T06:42:02,357010,Tupungatito,VIIRS750,0,0.00,1,sin anomalia,2026-10-05T14:24:05,mendoza
2026-04-09T07:20:00,357010,Tupungatito,MODIS,0,0.00,1,sin anomalia,2026-10-05T14:24:05,mendoza
2026-04-09T13:30:00,357010,Tupungatito,MODIS,0,0.00,1,sin anomalia,2026-10-05T14:24:05,mendoza
2026-04-09T17:24:02,357010,Tupungatito,VIIRS375,0,0.00,1,sin anomalia,2026-10-05T14:24:05,mendoza
2026-04-09T17:24:02,357010,Tupungatito,VIIRS750,0,0.00,1,sin anomalia,2026-10-05T14:24:05,mendoza
2026-04-09T18:00:00,357010,Tupungatito,VIIRS375,0,0.00,1,sin anomalia,2026-10-05T14:24:05,mendoza
2026-04-09T18:18:01,357010,Tupungatito,VIIRS750,0,0.00,1,sin anomalia,2026-10-05T14:24:05,mendoza
2026-04-09T19:06:02,357010,Tupungatito,VIIRS750,0,0.00,1,sin anomalia,2026-10-05T14:24:05,mendoza
2026-04-09T19:36:00,357010,Tupungatito,VIIRS375,0,0.00,1,sin anomalia,2026-10-05T14:24:05,mendoza
2026-04-09T19:36:00,357010,Tupungatito,VIIRS750,0,0.00,1,sin anomalia,2026-10-05T14:24:05,mendoza
2026-04-09T20:55:00,357010,Tupungatito,MODIS,0,0.00,1,sin anomalia,2026-10-05T14:24:05,mendoza
2026-04-10T01:30:00,357010,Tupungatito,MODIS,0,0.00,1,sin anomalia,2026-10-05T14:24:05,mendoza
2026-04-10T04:48:02,357010,Tupungatito,VIIRS375,0.05,4.70,1,muy baja,2026-10-05T14:24:05,mendoza
2026-04-10T04:48:02,357010,Tupungatito,VIIRS750,0,0.00,1,sin anomalia,2026-10-05T14:24:05,mendoza
2026-04-10T05:36:01,357010,Tupungatito,VIIRS375,0.25,5.21,1,muy baja,2026-10-05T14:24:05,mendoza
2026-04-10T05:36:01,357010,Tupungatito,VIIRS750,0,0.00,1,sin anomalia,2026-10-05T14:24:05,mendoza
2026-04-10T06:24:02,357010,Tupungatito,VIIRS375,0.13,4.89,1,muy baja,2026-10-05T14:24:05,mendoza
2026-04-10T06:24:02,357010,Tupungatito,VIIRS750,0,0.00,1,sin anomalia,2026-10-05T14:24:05,mendoza
2026-04-10T07:55:00,357010,Tupungatito,MODIS,0,0.00,1,sin anomalia,2026-10-05T14:24:05,mendoza
2026-04-10T12:30:00,357010,Tupungatito,MODIS,0,0.00,1,sin anomalia,2026-10-05T14:24:05,mendoza
2026-04-10T17:42:00,357010,Tupungatito,VIIRS750,0,0.00,1,sin anomalia,2026-10-05T14:24:05,mendoza
2026-04-10T18:00:01,357010,Tupungatito,VIIRS375,0,0.00,1,sin anomalia,2026-10-05T14:24:05,mendoza
2026-04-10T18:00:01,357010,Tupungatito,VIIRS750,0,0.00,1,sin anomalia,2026-10-05T14:24:05,mendoza
2026-04-10T18:48:02,357010,Tupungatito,VIIRS750,0,0.00,1,sin anomalia,2026-10-05T14:24:05,mendoza
2026-04-10T19:18:00,357010,Tupungatito,VIIRS375,0,0.00,1,sin anomalia,2026-10-05T14:24:05,mendoza
2026-04-10T19:18:00,357010,Tupungatito,VIIRS750,0,0.00,1,sin anomalia,2026-10-05T14:24:05,mendoza
2026-04-10T19:55:00,357010,Tupungatito,MODIS,0,0.00,1,sin anomalia,2026-10-05T14:24:05,mendoza
2026-04-11T02:10:00,357010,Tupungatito,MODIS,0,0.00,1,sin anomalia,2026-10-05T14:24:05,mendoza
2026-04-11T05:18:01,357010,Tupungatito,VIIRS750,0,0.00,1,sin anomalia,2026-10-05T14:24:05,mendoza
2026-04-11T06:06:02,357010,Tupungatito,VIIRS375,0,0.00,1,sin anomalia,2026-10-05T14:24:05,mendoza
2026-04-11T06:36:00,357010,Tupungatito,VIIRS375,0,0.00,1,sin anomalia,2026-10-05T14:24:05,mendoza
2026-04-11T06:36:00,357010,Tupungatito,VIIRS750,0,0.00,1,sin anomalia,2026-10-05T14:24:05,mendoza
2026-04-11T06:55:00,357010,Tupungatito,MODIS,0,0.00,1,sin anomalia,2026-10-05T14:24:05,mendoza
2026-04-11T13:10:00,357010,Tupungatito,MODIS,0,0.00,1,sin anomalia,2026-10-05T14:24:05,mendoza
2026-04-11T17:42:01,357010,Tupungatito,VIIRS375,0,0.00,1,sin anomalia,2026-10-05T14:24:05,mendoza
2026-04-11T17:42:01,357010,Tupungatito,VIIRS750,0,0.00,1,sin anomalia,2026-10-05T14:24:05,mendoza
2026-04-11T18:30:02,357010,Tupungatito,VIIRS375,0,0.00,1,sin anomalia,2026-10-05T14:24:05,mendoza
2026-04-11T18:30:02,357010,Tupungatito,VIIRS750,0,0.00,1,sin anomalia,2026-10-05T14:24:05,mendoza
2026-04-11T19:18:01,357010,Tupungatito,VIIRS375,0,0.00,1,sin anomalia,2026-10-05T14:24:05,mendoza
2026-04-11T19:18:01,357010,Tupungatito,VIIRS750,0,0.00,1,sin anomalia,2026-10-05T14:24:05,mendoza
2026-04-11T20:35:00,357010,Tupungatito,MODIS,0,0.00,1,sin anomalia,2026-10-05T14:24:05,mendoza
2026-04-12T01:10:00,357010,Tupungatito,MODIS,0,0.00,1,sin anomalia,2026-10-05T14:24:05,mendoza
2026-04-12T05:00:01,357010,Tupungatito,VIIRS375,0.26,5.54,1,muy baja,2026-10-05T14:24:05,mendoza
2026-04-12T05:00:01,357010,Tupungatito,VIIRS750,0,0.00,1,sin anomalia,2026-10-05T14:24:05,mendoza
2026-04-12T05:48:02,357010,Tupungatito,VIIRS375,0.69,22.67,0,fuera de radio,2026-10-05T14:24:05,mendoza
2026-04-12T05:48:02,357010,Tupungatito,VIIRS750,0.3,5.03,1,muy baja,2026-10-05T14:24:05,mendoza
2026-04-12T06:42:01,357010,Tupungatito,VIIRS375,0,0.00,1,sin anomalia,2026-10-05T14:24:05,mendoza
2026-04-12T06:42:01,357010,Tupungatito,VIIRS750,0,0.00,1,sin anomalia,2026-10-05T14:24:05,mendoza
2026-04-12T07:35:00,357010,Tupungatito,MODIS,0,0.00,1,sin anomalia,2026-10-05T14:24:05,mendoza
2026-04-12T13:45:00,357010,Tupungatito,MODIS,0,0.00,1,sin anomalia,2026-10-05T14:24:05,mendoza
2026-04-12T17:24:01,357010,Tupungatito,VIIRS375,0,0.00,1,sin anomalia,2026-10-05T14:24:05,mendoza
2026-04-12T17:24:01,357010,Tupungatito,VIIRS750,0,0.00,1,sin anomalia,2026-10-05T14:24:05,mendoza
2026-04-12T18:12:02,357010,Tupungatito,VIIRS375,0,0.00,1,sin anomalia,2026-10-05T14:24:05,mendoza
2026-04-12T18:12:02,357010,Tupungatito,VIIRS750,0,0.00,1,sin anomalia,2026-10-05T14:24:05,mendoza
2026-04-12T18:42:00,357010,Tupungatito,VIIRS750,0,0.00,1,sin anomalia,2026-10-05T14:24:05,mendoza
2026-04-12T19:00:01,357010,Tupungatito,VIIRS750,0,0.00,1,sin anomalia,2026-10-05T14:24:05,mendoza
2026-04-12T19:35:00,357010,Tupungatito,MODIS,0,0.00,1,sin anomalia,2026-10-05T14:24:05,mendoza
2026-04-13T04:42:01,357010,Tupungatito,VIIRS375,0,0.00,1,sin anomalia,2026-10-05T14:24:05,mendoza
2026-04-13T05:30:02,357010,Tupungatito,VIIRS375,0.24,5.03,1,muy baja,2026-10-05T14:24:05,mendoza
2026-04-13T05:30:02,357010,Tupungatito,VIIRS750,0.26,4.37,1,muy baja,2026-10-05T14:24:05,mendoza
2026-04-13T06:00:00,357010,Tupungatito,VIIRS375,0.3,25.17,0,fuera de radio,2026-10-05T14:24:05,mendoza
2026-04-13T06:00:00,357010,Tupungatito,VIIRS750,0,0.00,1,sin anomalia,2026-10-05T14:24:05,mendoza
2026-04-13T08:10:00,357010,Tupungatito,MODIS,0,0.00,1,sin anomalia,2026-10-05T14:24:05,mendoza
2026-04-13T12:50:00,357010,Tupungatito,MODIS,0,0.00,1,sin anomalia,2026-10-05T14:24:05,mendoza
2026-04-13T17:54:02,357010,Tupungatito,VIIRS750,0,0.00,1,sin anomalia,2026-10-05T14:24:05,mendoza
2026-04-13T18:24:00,357010,Tupungatito,VIIRS750,0,0.00,1,sin anomalia,2026-10-05T14:24:05,mendoza
2026-04-13T18:42:01,357010,Tupungatito,VIIRS375,0,0.00,1,sin anomalia,2026-10-05T14:24:05,mendoza
2026-04-13T19:30:02,357010,Tupungatito,VIIRS375,0,0.00,1,sin anomalia,2026-10-05T14:24:05,mendoza
2026-04-13T19:30:02,357010,Tupungatito,VIIRS750,0,0.00,1,sin anomalia,2026-10-05T14:24:05,mendoza
2026-04-13T20:15:00,357010,Tupungatito,MODIS,0,0.00,1,sin anomalia,2026-10-05T14:24:05,mendoza
2026-04-14T02:25:00,357010,Tupungatito,MODIS,0,0.00,1,sin anomalia,2026-10-05T14:24:05,mendoza
2026-04-14T05:12:02,357010,Tupungatito,VIIRS375,0.1,4.89,1,muy baja,2026-10-05T14:24:05,mendoza
2026-04-14T05:12:02,357010,Tupungatito,VIIRS750,0,0.00,1,sin anomalia,2026-10-05T14:24:05,mendoza
2026-04-14T06:00:01,357010,Tupungatito,VIIRS375,0,0.00,1,sin anomalia,2026-10-05T14:24:05,mendoza
2026-04-14T06:00:01,357010,Tupungatito,VIIRS750,0,0.00,1,sin anomalia,2026-10-05T14:24:05,mendoza
2026-04-14T07:10:00,357010,Tupungatito,MODIS,0,0.00,1,sin anomalia,2026-10-05T14:24:05,mendoza
2026-04-14T13:25:00,357010,Tupungatito,MODIS,0,0.00,1,sin anomalia,2026-10-05T14:24:05,mendoza
2026-04-14T17:30:02,357010,Tupungatito,VIIRS375,0,0.00,1,sin anomalia,2026-10-05T14:24:05,mendoza
2026-04-14T17:30:02,357010,Tupungatito,VIIRS750,0,0.00,1,sin anomalia,2026-10-05T14:24:05,mendoza
2026-04-14T18:06:00,357010,Tupungatito,VIIRS375,0,0.00,1,sin anomalia,2026-10-05T14:24:05,mendoza
2026-04-14T18:06:00,357010,Tupungatito,VIIRS750,0,0.00,1,sin anomalia,2026-10-05T14:24:05,mendoza
2026-04-14T18:24:01,357010,Tupungatito,VIIRS375,0,0.00,1,sin anomalia,2026-10-05T14:24:05,mendoza
2026-04-14T18:24:01,357010,Tupungatito,VIIRS750,0,0.00,1,sin anomalia,2026-10-05T14:24:05,mendoza
2026-04-14T19:12:02,357010,Tupungatito,VIIRS750,0,0.00,1,sin anomalia,2026-10-05T14:24:05,mendoza
2026-04-14T20:50:00,357010,Tupungatito,MODIS,0,0.00,1,sin anomalia,2026-10-05T14:24:05,mendoza
2026-04-15T01:30:00,357010,Tupungatito,MODIS,0,0.00,1,sin anomalia,2026-10-05T14:24:05,mendoza
2026-04-15T04:54:02,357010,Tupungatito,VIIRS375,0.4,5.21,1,muy baja,2026-10-05T14:24:05,mendoza
2026-04-15T04:54:02,357010,Tupungatito,VIIRS750,0,0.00,1,sin anomalia,2026-10-05T14:24:05,mendoza
2026-04-15T05:42:01,357010,Tupungatito,VIIRS375,0.29,5.21,1,muy baja,2026-10-05T14:24:05,mendoza
2026-04-15T05:42:01,357010,Tupungatito,VIIRS750,0.32,5.41,1,muy baja,2026-10-05T14:24:05,mendoza
2026-04-15T06:30:02,357010,Tupungatito,VIIRS375,0,0.00,1,sin anomalia,2026-10-05T14:24:05,mendoza
2026-04-15T06:30:02,357010,Tupungatito,VIIRS750,0,0.00,1,sin anomalia,2026-10-05T14:24:05,mendoza
2026-04-15T07:50:00,357010,Tupungatito,MODIS,0,0.00,1,sin anomalia,2026-10-05T14:24:05,mendoza
2026-04-15T12:30:00,357010,Tupungatito,MODIS,0,0.00,1,sin anomalia,2026-10-05T14:24:05,mendoza
2026-04-15T17:48:00,357010,Tupungatito,VIIRS375,0,0.00,1,sin anomalia,2026-10-05T14:24:05,mendoza
2026-04-15T17:48:00,357010,Tupungatito,VIIRS750,0,0.00,1,sin anomalia,2026-10-05T14:24:05,mendoza
2026-04-15T18:06:01,357010,Tupungatito,VIIRS375,0,0.00,1,sin anomalia,2026-10-05T14:24:05,mendoza
2026-04-15T18:06:01,357010,Tupungatito,VIIRS750,0,0.00,1,sin anomalia,2026-10-05T14:24:05,mendoza
2026-04-15T18:54:02,357010,Tupungatito,VIIRS375,0,0.00,1,sin anomalia,2026-10-05T14:24:05,mendoza
2026-04-15T18:54:02,357010,Tupungatito,VIIRS750,0,0.00,1,sin anomalia,2026-10-05T14:24:05,mendoza
2026-04-15T19:24:00,357010,Tupungatito,VIIRS375,0,0.00,1,sin anomalia,2026-10-05T14:24:05,mendoza
2026-04-15T19:24:00,357010,Tupungatito,VIIRS750,0,0.00,1,sin anomalia,2026-10-05T14:24:05,mendoza
2026-04-15T19:50:00,357010,Tupungatito,MODIS,0,0.00,1,sin anomalia,2026-10-05T14:24:05,mendoza
2026-04-16T02:05:00,357010,Tupungatito,MODIS,0,0.00,1,sin anomalia,2026-10-05T14:24:05,mendoza
2026-04-16T04:36:02,357010,Tupungatito,VIIRS375,0,0.00,1,sin anomalia,2026-10-05T14:24:05,mendoza
2026-04-16T04:36:02,357010,Tupungatito,VIIRS750,0,0.00,1,sin anomalia,2026-10-05T14:24:05,mendoza
2026-04-16T05:24:01,357010,Tupungatito,VIIRS375,0.19,4.89,1,muy baja,2026-10-05T14:24:05,mendoza
2026-04-16T05:24:01,357010,Tupungatito,VIIRS750,0,0.00,1,sin anomalia,2026-10-05T14:24:05,mendoza
2026-04-16T06:12:02,357010,Tupungatito,VIIRS375,0,0.00,1,sin anomalia,2026-10-05T14:24:05,mendoza
2026-04-16T06:12:02,357010,Tupungatito,VIIRS750,0,0.00,1,sin anomalia,2026-10-05T14:24:05,mendoza
2026-04-16T06:48:00,357010,Tupungatito,VIIRS375,0,0.00,1,sin anomalia,2026-10-05T14:24:05,mendoza
2026-04-16T06:48:00,357010,Tupungatito,VIIRS750,0,0.00,1,sin anomalia,2026-10-05T14:24:05,mendoza
2026-04-16T06:50:00,357010,Tupungatito,MODIS,0,0.00,1,sin anomalia,2026-10-05T14:24:05,mendoza
2026-04-16T13:05:00,357010,Tupungatito,MODIS,0,0.00,1,sin anomalia,2026-10-05T14:24:05,mendoza
2026-04-16T17:24:00,357010,Tupungatito,VIIRS375,0,0.00,1,sin anomalia,2026-10-05T14:24:05,mendoza
2026-04-16T17:24:00,357010,Tupungatito,VIIRS750,0,0.00,1,sin anomalia,2026-10-05T14:24:05,mendoza
2026-04-16T17:48:01,357010,Tupungatito,VIIRS375,0,0.00,1,sin anomalia,2026-10-05T14:24:05,mendoza
2026-04-16T17:48:01,357010,Tupungatito,VIIRS750,0,0.00,1,sin anomalia,2026-10-05T14:24:05,mendoza
2026-04-16T19:06:00,357010,Tupungatito,VIIRS375,0,0.00,1,sin anomalia,2026-10-05T14:24:05,mendoza
2026-04-16T19:24:01,357010,Tupungatito,VIIRS375,0,0.00,1,sin anomalia,2026-10-05T14:24:05,mendoza
2026-04-16T19:24:01,357010,Tupungatito,VIIRS750,0,0.00,1,sin anomalia,2026-10-05T14:24:05,mendoza
2026-04-16T20:30:00,357010,Tupungatito,MODIS,0,0.00,1,sin anomalia,2026-10-05T14:24:05,mendoza
2026-04-17T01:10:00,357010,Tupungatito,MODIS,0,0.00,1,sin anomalia,2026-10-05T14:24:05,mendoza
2026-04-17T05:06:01,357010,Tupungatito,VIIRS375,0,0.00,1,sin anomalia,2026-10-05T14:24:05,mendoza
2026-04-17T05:06:01,357010,Tupungatito,VIIRS750,0,0.00,1,sin anomalia,2026-10-05T14:24:05,mendoza
2026-04-17T05:54:02,357010,Tupungatito,VIIRS375,0.4,19.28,0,fuera de radio,2026-10-05T14:24:05,mendoza
2026-04-17T05:54:02,357010,Tupungatito,VIIRS750,0,0.00,1,sin anomalia,2026-10-05T14:24:05,mendoza
2026-04-17T06:48:01,357010,Tupungatito,VIIRS375,0,0.00,1,sin anomalia,2026-10-05T14:24:05,mendoza
2026-04-17T06:48:01,357010,Tupungatito,VIIRS750,0,0.00,1,sin anomalia,2026-10-05T14:24:05,mendoza
2026-04-17T07:30:00,357010,Tupungatito,MODIS,0,0.00,1,sin anomalia,2026-10-05T14:24:05,mendoza
2026-04-17T13:45:00,357010,Tupungatito,MODIS,0,0.00,1,sin anomalia,2026-10-05T14:24:05,mendoza
2026-04-17T17:30:01,357010,Tupungatito,VIIRS375,1.06,20.80,0,fuera de radio,2026-10-05T14:24:05,mendoza
2026-04-17T17:30:01,357010,Tupungatito,VIIRS750,0,0.00,1,sin anomalia,2026-10-05T14:24:05,mendoza
2026-04-17T18:18:02,357010,Tupungatito,VIIRS375,0,0.00,1,sin anomalia,2026-10-05T14:24:05,mendoza
2026-04-17T18:18:02,357010,Tupungatito,VIIRS750,0,0.00,1,sin anomalia,2026-10-05T14:24:05,mendoza
2026-04-17T18:48:00,357010,Tupungatito,VIIRS750,0,0.00,1,sin anomalia,2026-10-05T14:24:05,mendoza
2026-04-17T19:06:01,357010,Tupungatito,VIIRS375,0,0.00,1,sin anomalia,2026-10-05T14:24:05,mendoza
2026-04-17T19:06:01,357010,Tupungatito,VIIRS750,0,0.00,1,sin anomalia,2026-10-05T14:24:05,mendoza
2026-04-17T19:30:00,357010,Tupungatito,MODIS,0,0.00,1,sin anomalia,2026-10-05T14:24:05,mendoza
2026-04-17T21:05:00,357010,Tupungatito,MODIS,0,0.00,1,sin anomalia,2026-10-05T14:24:05,mendoza
2026-04-18T04:48:01,357010,Tupungatito,VIIRS750,0,0.00,1,sin anomalia,2026-10-05T14:24:05,mendoza
2026-04-18T05:36:02,357010,Tupungatito,VIIRS375,0,0.00,1,sin anomalia,2026-10-05T14:24:05,mendoza
2026-04-18T05:36:02,357010,Tupungatito,VIIRS750,0,0.00,1,sin anomalia,2026-10-05T14:24:05,mendoza
2026-04-18T06:30:01,357010,Tupungatito,VIIRS375,0,0.00,1,sin anomalia,2026-10-05T14:24:05,mendoza
2026-04-18T06:30:01,357010,Tupungatito,VIIRS750,0,0.00,1,sin anomalia,2026-10-05T14:24:05,mendoza
2026-04-18T08:05:00,357010,Tupungatito,MODIS,0,0.00,1,sin anomalia,2026-10-05T14:24:05,mendoza
2026-04-18T12:45:00,357010,Tupungatito,MODIS,0,0.00,1,sin anomalia,2026-10-05T14:24:05,mendoza
2026-04-18T18:00:02,357010,Tupungatito,VIIRS375,0,0.00,1,sin anomalia,2026-10-05T14:24:05,mendoza
2026-04-18T18:00:02,357010,Tupungatito,VIIRS750,0,0.00,1,sin anomalia,2026-10-05T14:24:05,mendoza
2026-04-18T18:30:00,357010,Tupungatito,VIIRS750,0,0.00,1,sin anomalia,2026-10-05T14:24:05,mendoza
2026-04-18T18:48:01,357010,Tupungatito,VIIRS375,0,0.00,1,sin anomalia,2026-10-05T14:24:05,mendoza
2026-04-18T18:48:01,357010,Tupungatito,VIIRS750,0,0.00,1,sin anomalia,2026-10-05T14:24:05,mendoza
2026-04-18T20:05:00,357010,Tupungatito,MODIS,0,0.00,1,sin anomalia,2026-10-05T14:24:05,mendoza
2026-04-19T02:25:00,357010,Tupungatito,MODIS,0,0.00,1,sin anomalia,2026-10-05T14:24:05,mendoza
2026-04-19T05:18:02,357010,Tupungatito,VIIRS750,0,0.00,1,sin anomalia,2026-10-05T14:24:05,mendoza
2026-04-19T06:06:01,357010,Tupungatito,VIIRS375,0,0.00,1,sin anomalia,2026-10-05T14:24:05,mendoza
2026-04-19T06:06:01,357010,Tupungatito,VIIRS750,0,0.00,1,sin anomalia,2026-10-05T14:24:05,mendoza
2026-04-19T07:05:00,357010,Tupungatito,MODIS,0,0.00,1,sin anomalia,2026-10-05T14:24:05,mendoza
2026-04-19T13:25:00,357010,Tupungatito,MODIS,0,0.00,1,sin anomalia,2026-10-05T14:24:05,mendoza
2026-04-19T18:12:00,357010,Tupungatito,VIIRS375,0,0.00,1,sin anomalia,2026-10-05T14:24:05,mendoza
2026-04-19T18:12:00,357010,Tupungatito,VIIRS750,0,0.00,1,sin anomalia,2026-10-05T14:24:05,mendoza
2026-04-19T18:30:01,357010,Tupungatito,VIIRS375,0,0.00,1,sin anomalia,2026-10-05T14:24:05,mendoza
2026-04-19T18:30:01,357010,Tupungatito,VIIRS750,0,0.00,1,sin anomalia,2026-10-05T14:24:05,mendoza
2026-04-19T19:18:02,357010,Tupungatito,VIIRS375,0,0.00,1,sin anomalia,2026-10-05T14:24:05,mendoza
2026-04-19T19:18:02,357010,Tupungatito,VIIRS750,0,0.00,1,sin anomalia,2026-10-05T14:24:05,mendoza
2026-04-20T01:30:00,357010,Tupungatito,MODIS,0,0.00,1,sin anomalia,2026-10-05T14:24:05,mendoza
2026-04-20T05:00:02,357010,Tupungatito,VIIRS750,0,0.00,1,sin anomalia,2026-10-05T14:24:05,mendoza
2026-04-20T05:48:01,357010,Tupungatito,VIIRS375,0,0.00,1,sin anomalia,2026-10-05T14:24:05,mendoza
2026-04-20T05:48:01,357010,Tupungatito,VIIRS750,0,0.00,1,sin anomalia,2026-10-05T14:24:05,mendoza
2026-04-20T06:36:02,357010,Tupungatito,VIIRS750,0,0.00,1,sin anomalia,2026-10-05T14:24:05,mendoza
2026-04-20T07:45:00,357010,Tupungatito,MODIS,0,0.00,1,sin anomalia,2026-10-05T14:24:05,mendoza
2026-04-20T12:25:00,357010,Tupungatito,MODIS,0,0.00,1,sin anomalia,2026-10-05T14:24:05,mendoza
2026-04-20T17:18:02,357010,Tupungatito,VIIRS750,0,0.00,1,sin anomalia,2026-10-05T14:24:05,mendoza
2026-04-20T17:54:00,357010,Tupungatito,VIIRS750,0,0.00,1,sin anomalia,2026-10-05T14:24:05,mendoza
2026-04-20T18:12:01,357010,Tupungatito,VIIRS375,0,0.00,1,sin anomalia,2026-10-05T14:24:05,mendoza
2026-04-20T18:12:01,357010,Tupungatito,VIIRS750,0,0.00,1,sin anomalia,2026-10-05T14:24:05,mendoza
2026-04-20T19:00:02,357010,Tupungatito,VIIRS375,0,0.00,1,sin anomalia,2026-10-05T14:24:05,mendoza
2026-04-20T19:00:02,357010,Tupungatito,VIIRS750,0,0.00,1,sin anomalia,2026-10-05T14:24:05,mendoza
2026-04-20T19:30:00,357010,Tupungatito,VIIRS375,0,0.00,1,sin anomalia,2026-10-05T14:24:05,mendoza
2026-04-20T19:30:00,357010,Tupungatito,VIIRS750,0,0.00,1,sin anomalia,2026-10-05T14:24:05,mendoza
2026-04-20T19:45:00,357010,Tupungatito,MODIS,0,0.00,1,sin anomalia,2026-10-05T14:24:05,mendoza
2026-04-21T02:05:00,357010,Tupungatito,MODIS,0,0.00,1,sin anomalia,2026-10-05T14:24:05,mendoza
2026-04-21T04:42:02,357010,Tupungatito,VIIRS375,0,0.00,1,sin anomalia,2026-10-05T14:24:05,mendoza
2026-04-21T04:42:02,357010,Tupungatito,VIIRS750,0,0.00,1,sin anomalia,2026-10-05T14:24:05,mendoza
2026-04-21T05:30:01,357010,Tupungatito,VIIRS375,0.2,5.21,1,muy baja,2026-10-05T14:24:05,mendoza
2026-04-21T05:30:01,357010,Tupungatito,VIIRS750,0,0.00,1,sin anomalia,2026-10-05T14:24:05,mendoza
2026-04-21T06:18:02,357010,Tupungatito,VIIRS375,0.12,5.21,1,muy baja,2026-10-05T14:24:05,mendoza
2026-04-21T06:18:02,357010,Tupungatito,VIIRS750,0,0.00,1,sin anomalia,2026-10-05T14:24:05,mendoza
2026-04-21T06:45:00,357010,Tupungatito,MODIS,0,0.00,1,sin anomalia,2026-10-05T14:24:05,mendoza
2026-04-21T06:54:00,357010,Tupungatito,VIIRS375,0,0.00,1,sin anomalia,2026-10-05T14:24:05,mendoza
2026-04-21T06:54:00,357010,Tupungatito,VIIRS750,0,0.00,1,sin anomalia,2026-10-05T14:24:05,mendoza
2026-04-21T08:20:00,357010,Tupungatito,MODIS,0,0.00,1,sin anomalia,2026-10-05T14:24:05,mendoza
2026-04-21T13:05:00,357010,Tupungatito,MODIS,0,0.00,1,sin anomalia,2026-10-05T14:24:05,mendoza
2026-04-21T17:36:00,357010,Tupungatito,VIIRS375,0,0.00,1,sin anomalia,2026-10-05T14:24:05,mendoza
2026-04-21T17:36:00,357010,Tupungatito,VIIRS750,0,0.00,1,sin anomalia,2026-10-05T14:24:05,mendoza
2026-04-21T17:54:01,357010,Tupungatito,VIIRS375,0,0.00,1,sin anomalia,2026-10-05T14:24:05,mendoza
2026-04-21T17:54:01,357010,Tupungatito,VIIRS750,0,0.00,1,sin anomalia,2026-10-05T14:24:05,mendoza
2026-04-21T19:36:01,357010,Tupungatito,VIIRS375,0,0.00,1,sin anomalia,2026-10-05T14:24:05,mendoza
2026-04-21T19:36:01,357010,Tupungatito,VIIRS750,0,0.00,1,sin anomalia,2026-10-05T14:24:05,mendoza
2026-04-21T20:25:00,357010,Tupungatito,MODIS,0,0.00,1,sin anomalia,2026-10-05T14:24:05,mendoza
2026-04-22T01:10:00,357010,Tupungatito,MODIS,0,0.00,1,sin anomalia,2026-10-05T14:24:05,mendoza
2026-04-22T05:12:01,357010,Tupungatito,VIIRS375,0,0.00,1,sin anomalia,2026-10-05T14:24:05,mendoza
2026-04-22T05:12:01,357010,Tupungatito,VIIRS750,0,0.00,1,sin anomalia,2026-10-05T14:24:05,mendoza
2026-04-22T06:00:02,357010,Tupungatito,VIIRS375,0.03,4.89,1,muy baja,2026-10-05T14:24:05,mendoza
2026-04-22T06:00:02,357010,Tupungatito,VIIRS750,0,0.00,1,sin anomalia,2026-10-05T14:24:05,mendoza
2026-04-22T07:25:00,357010,Tupungatito,MODIS,0,0.00,1,sin anomalia,2026-10-05T14:24:05,mendoza
2026-04-22T13:45:00,357010,Tupungatito,MODIS,0,0.00,1,sin anomalia,2026-10-05T14:24:05,mendoza
2026-04-22T17:36:01,357010,Tupungatito,VIIRS375,0,0.00,1,sin anomalia,2026-10-05T14:24:05,mendoza
2026-04-22T18:24:02,357010,Tupungatito,VIIRS750,0,0.00,1,sin anomalia,2026-10-05T14:24:05,mendoza
2026-04-22T18:54:00,357010,Tupungatito,VIIRS375,0,0.00,1,sin anomalia,2026-10-05T14:24:05,mendoza
2026-04-22T18:54:00,357010,Tupungatito,VIIRS750,0,0.00,1,sin anomalia,2026-10-05T14:24:05,mendoza
2026-04-22T19:12:01,357010,Tupungatito,VIIRS375,0,0.00,1,sin anomalia,2026-10-05T14:24:05,mendoza
2026-04-22T19:12:01,357010,Tupungatito,VIIRS750,0,0.00,1,sin anomalia,2026-10-05T14:24:05,mendoza
2026-04-22T21:00:00,357010,Tupungatito,MODIS,0,0.00,1,sin anomalia,2026-10-05T14:24:05,mendoza
2026-04-23T01:45:00,357010,Tupungatito,MODIS,0,0.00,1,sin anomalia,2026-10-05T14:24:05,mendoza
2026-04-23T04:54:01,357010,Tupungatito,VIIRS375,0,0.00,1,sin anomalia,2026-10-05T14:24:05,mendoza
2026-04-23T04:54:01,357010,Tupungatito,VIIRS750,0,0.00,1,sin anomalia,2026-10-05T14:24:05,mendoza
2026-04-23T05:42:02,357010,Tupungatito,VIIRS750,0,0.00,1,sin anomalia,2026-10-05T14:24:05,mendoza
2026-04-23T06:36:01,357010,Tupungatito,VIIRS375,0.03,4.80,1,muy baja,2026-10-05T14:24:05,mendoza
2026-04-23T06:36:01,357010,Tupungatito,VIIRS750,0,0.00,1,sin anomalia,2026-10-05T14:24:05,mendoza
2026-04-23T08:00:00,357010,Tupungatito,MODIS,0,0.00,1,sin anomalia,2026-10-05T14:24:05,mendoza
2026-04-23T12:45:00,357010,Tupungatito,MODIS,0,0.00,1,sin anomalia,2026-10-05T14:24:05,mendoza
2026-04-23T18:54:01,357010,Tupungatito,VIIRS375,0,0.00,1,sin anomalia,2026-10-05T14:24:05,mendoza
2026-04-23T18:54:01,357010,Tupungatito,VIIRS750,0,0.00,1,sin anomalia,2026-10-05T14:24:05,mendoza
2026-04-23T20:00:00,357010,Tupungatito,MODIS,0,0.00,1,sin anomalia,2026-10-05T14:24:05,mendoza
2026-04-24T02:25:00,357010,Tupungatito,MODIS,0,0.00,1,sin anomalia,2026-10-05T14:24:05,mendoza
2026-04-24T04:36:01,357010,Tupungatito,VIIRS375,0,0.00,1,sin anomalia,2026-10-05T14:24:05,mendoza
2026-04-24T04:36:01,357010,Tupungatito,VIIRS750,0,0.00,1,sin anomalia,2026-10-05T14:24:05,mendoza
2026-04-24T05:24:02,357010,Tupungatito,VIIRS375,0.31,4.89,1,muy baja,2026-10-05T14:24:05,mendoza
2026-04-24T05:24:02,357010,Tupungatito,VIIRS750,0,0.00,1,sin anomalia,2026-10-05T14:24:05,mendoza
2026-04-24T06:12:01,357010,Tupungatito,VIIRS375,0.11,5.21,1,muy baja,2026-10-05T14:24:05,mendoza
2026-04-24T06:12:01,357010,Tupungatito,VIIRS750,0,0.00,1,sin anomalia,2026-10-05T14:24:05,mendoza
2026-04-24T07:00:00,357010,Tupungatito,MODIS,0,0.00,1,sin anomalia,2026-10-05T14:24:05,mendoza
2026-04-24T13:25:00,357010,Tupungatito,MODIS,0,0.00,1,sin anomalia,2026-10-05T14:24:05,mendoza
2026-04-24T17:48:02,357010,Tupungatito,VIIRS375,0,0.00,1,sin anomalia,2026-10-05T14:24:05,mendoza
2026-04-24T17:48:02,357010,Tupungatito,VIIRS750,0,0.00,1,sin anomalia,2026-10-05T14:24:05,mendoza
2026-04-24T18:18:00,357010,Tupungatito,VIIRS375,0,0.00,1,sin anomalia,2026-10-05T14:24:05,mendoza
2026-04-24T18:18:00,357010,Tupungatito,VIIRS750,0,0.00,1,sin anomalia,2026-10-05T14:24:05,mendoza
2026-04-24T18:36:01,357010,Tupungatito,VIIRS375,0,0.00,1,sin anomalia,2026-10-05T14:24:05,mendoza
2026-04-24T18:36:01,357010,Tupungatito,VIIRS750,0,0.00,1,sin anomalia,2026-10-05T14:24:05,mendoza
2026-04-24T19:24:02,357010,Tupungatito,VIIRS375,0,0.00,1,sin anomalia,2026-10-05T14:24:05,mendoza
2026-04-24T19:24:02,357010,Tupungatito,VIIRS750,0,0.00,1,sin anomalia,2026-10-05T14:24:05,mendoza
2026-04-24T20:40:00,357010,Tupungatito,MODIS,0,0.00,1,sin anomalia,2026-10-05T14:24:05,mendoza
2026-04-25T01:25:00,357010,Tupungatito,MODIS,0,0.00,1,sin anomalia,2026-10-05T14:24:05,mendoza
2026-04-25T05:54:01,357010,Tupungatito,VIIRS375,0.2,5.21,1,muy baja,2026-10-05T14:24:05,mendoza
2026-04-25T05:54:01,357010,Tupungatito,VIIRS750,0,0.00,1,sin anomalia,2026-10-05T14:24:05,mendoza
2026-04-25T06:42:02,357010,Tupungatito,VIIRS375,0,0.00,1,sin anomalia,2026-10-05T14:24:05,mendoza
2026-04-25T06:42:02,357010,Tupungatito,VIIRS750,0,0.00,1,sin anomalia,2026-10-05T14:24:05,mendoza
2026-04-25T07:40:00,357010,Tupungatito,MODIS,0,0.00,1,sin anomalia,2026-10-05T14:24:05,mendoza
2026-04-25T12:25:00,357010,Tupungatito,MODIS,0,0.00,1,sin anomalia,2026-10-05T14:24:05,mendoza
2026-04-25T17:24:02,357010,Tupungatito,VIIRS375,0,0.00,1,sin anomalia,2026-10-05T14:24:05,mendoza
2026-04-25T17:24:02,357010,Tupungatito,VIIRS750,0,0.00,1,sin anomalia,2026-10-05T14:24:05,mendoza
2026-04-25T18:00:00,357010,Tupungatito,VIIRS750,0,0.00,1,sin anomalia,2026-10-05T14:24:05,mendoza
2026-04-25T18:18:01,357010,Tupungatito,VIIRS375,0,0.00,1,sin anomalia,2026-10-05T14:24:05,mendoza
2026-04-25T18:18:01,357010,Tupungatito,VIIRS750,0,0.00,1,sin anomalia,2026-10-05T14:24:05,mendoza
2026-04-25T19:06:02,357010,Tupungatito,VIIRS375,0,0.00,1,sin anomalia,2026-10-05T14:24:05,mendoza
2026-04-25T19:40:00,357010,Tupungatito,MODIS,0,0.00,1,sin anomalia,2026-10-05T14:24:05,mendoza
2026-04-25T19:42:00,357010,Tupungatito,VIIRS375,0,0.00,1,sin anomalia,2026-10-05T14:24:05,mendoza
2026-04-25T19:42:00,357010,Tupungatito,VIIRS750,0,0.00,1,sin anomalia,2026-10-05T14:24:05,mendoza
2026-04-26T02:05:00,357010,Tupungatito,MODIS,0,0.00,1,sin anomalia,2026-10-05T14:24:05,mendoza
2026-04-26T04:48:02,357010,Tupungatito,VIIRS375,0.11,4.89,1,muy baja,2026-10-05T14:24:05,mendoza
2026-04-26T04:48:02,357010,Tupungatito,VIIRS750,0,0.00,1,sin anomalia,2026-10-05T14:24:05,mendoza
2026-04-26T05:36:01,357010,Tupungatito,VIIRS375,0.2,5.21,1,muy baja,2026-10-05T14:24:05,mendoza
2026-04-26T06:24:02,357010,Tupungatito,VIIRS375,0,0.00,1,sin anomalia,2026-10-05T14:24:05,mendoza
2026-04-26T06:24:02,357010,Tupungatito,VIIRS750,0,0.00,1,sin anomalia,2026-10-05T14:24:05,mendoza
2026-04-26T08:15:00,357010,Tupungatito,MODIS,0,0.00,1,sin anomalia,2026-10-05T14:24:05,mendoza
2026-04-26T13:05:00,357010,Tupungatito,MODIS,0,0.00,1,sin anomalia,2026-10-05T14:24:05,mendoza
2026-04-26T18:00:01,357010,Tupungatito,VIIRS375,0,0.00,1,sin anomalia,2026-10-05T14:24:05,mendoza
2026-04-26T18:00:01,357010,Tupungatito,VIIRS750,0,0.00,1,sin anomalia,2026-10-05T14:24:05,mendoza
2026-04-26T18:48:02,357010,Tupungatito,VIIRS375,0,0.00,1,sin anomalia,2026-10-05T14:24:05,mendoza
2026-04-26T18:48:02,357010,Tupungatito,VIIRS750,0,0.00,1,sin anomalia,2026-10-05T14:24:05,mendoza
2026-04-26T19:18:00,357010,Tupungatito,VIIRS375,0,0.00,1,sin anomalia,2026-10-05T14:24:05,mendoza
2026-04-26T19:18:00,357010,Tupungatito,VIIRS750,0,0.00,1,sin anomalia,2026-10-05T14:24:05,mendoza
2026-04-26T20:15:00,357010,Tupungatito,MODIS,0,0.00,1,sin anomalia,2026-10-05T14:24:05,mendoza
2026-04-27T01:05:00,357010,Tupungatito,MODIS,0,0.00,1,sin anomalia,2026-10-05T14:24:05,mendoza
2026-04-27T05:18:01,357010,Tupungatito,VIIRS375,0.11,5.41,1,muy baja,2026-10-05T14:24:05,mendoza
2026-04-27T05:18:01,357010,Tupungatito,VIIRS750,0,0.00,1,sin anomalia,2026-10-05T14:24:05,mendoza
2026-04-27T06:06:02,357010,Tupungatito,VIIRS375,0.18,5.21,1,muy baja,2026-10-05T14:24:05,mendoza
2026-04-27T06:06:02,357010,Tupungatito,VIIRS750,0,0.00,1,sin anomalia,2026-10-05T14:24:05,mendoza
2026-04-27T06:42:00,357010,Tupungatito,VIIRS375,0,0.00,1,sin anomalia,2026-10-05T14:24:05,mendoza
2026-04-27T06:42:00,357010,Tupungatito,VIIRS750,0,0.00,1,sin anomalia,2026-10-05T14:24:05,mendoza
2026-04-27T07:15:00,357010,Tupungatito,MODIS,0,0.00,1,sin anomalia,2026-10-05T14:24:05,mendoza
2026-04-27T13:45:00,357010,Tupungatito,MODIS,0,0.00,1,sin anomalia,2026-10-05T14:24:05,mendoza
2026-04-27T17:42:01,357010,Tupungatito,VIIRS375,0.75,23.36,0,fuera de radio,2026-10-05T14:24:05,mendoza
2026-04-27T18:30:02,357010,Tupungatito,VIIRS375,0,0.00,1,sin anomalia,2026-10-05T14:24:05,mendoza
2026-04-27T19:00:00,357010,Tupungatito,VIIRS375,0,0.00,1,sin anomalia,2026-10-05T14:24:05,mendoza
2026-04-27T19:18:01,357010,Tupungatito,VIIRS375,0,0.00,1,sin anomalia,2026-10-05T14:24:05,mendoza
2026-04-27T19:18:01,357010,Tupungatito,VIIRS750,0,0.00,1,sin anomalia,2026-10-05T14:24:05,mendoza
2026-04-27T20:55:00,357010,Tupungatito,MODIS,0,0.00,1,sin anomalia,2026-10-05T14:24:05,mendoza
2026-04-28T01:45:00,357010,Tupungatito,MODIS,0,0.00,1,sin anomalia,2026-10-05T14:24:05,mendoza
2026-04-28T05:00:01,357010,Tupungatito,VIIRS375,0,0.00,1,sin anomalia,2026-10-05T14:24:05,mendoza
2026-04-28T05:48:02,357010,Tupungatito,VIIRS750,0,0.00,1,sin anomalia,2026-10-05T14:24:05,mendoza
2026-04-28T06:42:01,357010,Tupungatito,VIIRS375,0,0.00,1,sin anomalia,2026-10-05T14:24:05,mendoza
2026-04-28T06:42:01,357010,Tupungatito,VIIRS750,0,0.00,1,sin anomalia,2026-10-05T14:24:05,mendoza
2026-04-28T07:55:00,357010,Tupungatito,MODIS,0,0.00,1,sin anomalia,2026-10-05T14:24:05,mendoza
2026-04-28T12:45:00,357010,Tupungatito,MODIS,0,0.00,1,sin anomalia,2026-10-05T14:24:05,mendoza
2026-04-28T18:12:02,357010,Tupungatito,VIIRS375,0,0.00,1,sin anomalia,2026-10-05T14:24:05,mendoza
2026-04-28T18:12:02,357010,Tupungatito,VIIRS750,0,0.00,1,sin anomalia,2026-10-05T14:24:05,mendoza
2026-04-28T19:00:01,357010,Tupungatito,VIIRS375,0,0.00,1,sin anomalia,2026-10-05T14:24:05,mendoza
2026-04-28T19:00:01,357010,Tupungatito,VIIRS750,0,0.00,1,sin anomalia,2026-10-05T14:24:05,mendoza
2026-04-28T19:55:00,357010,Tupungatito,MODIS,0,0.00,1,sin anomalia,2026-10-05T14:24:05,mendoza
2026-04-29T02:25:00,357010,Tupungatito,MODIS,0,0.00,1,sin anomalia,2026-10-05T14:24:05,mendoza
2026-04-29T04:42:01,357010,Tupungatito,VIIRS375,0,0.00,1,sin anomalia,2026-10-05T14:24:05,mendoza
2026-04-29T05:30:02,357010,Tupungatito,VIIRS375,0,0.00,1,sin anomalia,2026-10-05T14:24:05,mendoza
2026-04-29T05:30:02,357010,Tupungatito,VIIRS750,0,0.00,1,sin anomalia,2026-10-05T14:24:05,mendoza
2026-04-29T06:24:01,357010,Tupungatito,VIIRS375,0,0.00,1,sin anomalia,2026-10-05T14:24:05,mendoza
2026-04-29T06:24:01,357010,Tupungatito,VIIRS750,0,0.00,1,sin anomalia,2026-10-05T14:24:05,mendoza
2026-04-29T06:55:00,357010,Tupungatito,MODIS,0,0.00,1,sin anomalia,2026-10-05T14:24:05,mendoza
2026-04-29T13:25:00,357010,Tupungatito,MODIS,0,0.00,1,sin anomalia,2026-10-05T14:24:05,mendoza
2026-04-29T17:54:02,357010,Tupungatito,VIIRS375,0,0.00,1,sin anomalia,2026-10-05T14:24:05,mendoza
2026-04-29T17:54:02,357010,Tupungatito,VIIRS750,0,0.00,1,sin anomalia,2026-10-05T14:24:05,mendoza
2026-04-29T18:42:01,357010,Tupungatito,VIIRS375,0,0.00,1,sin anomalia,2026-10-05T14:24:05,mendoza
2026-04-29T18:42:01,357010,Tupungatito,VIIRS750,0,0.00,1,sin anomalia,2026-10-05T14:24:05,mendoza
2026-04-29T19:30:02,357010,Tupungatito,VIIRS375,0,0.00,1,sin anomalia,2026-10-05T14:24:05,mendoza
2026-04-29T19:30:02,357010,Tupungatito,VIIRS750,0,0.00,1,sin anomalia,2026-10-05T14:24:05,mendoza
2026-04-29T20:35:00,357010,Tupungatito,MODIS,0,0.00,1,sin anomalia,2026-10-05T14:24:05,mendoza
2026-04-30T01:25:00,357010,Tupungatito,MODIS,0,0.00,1,sin anomalia,2026-10-05T14:24:05,mendoza
2026-04-30T05:12:02,357010,Tupungatito,VIIRS375,0.34,5.21,1,muy baja,2026-10-05T14:24:05,mendoza
2026-04-30T06:00:01,357010,Tupungatito,VIIRS375,0.12,5.21,1,muy baja,2026-10-05T14:24:05,mendoza
2026-04-30T06:00:01,357010,Tupungatito,VIIRS750,0,0.00,1,sin anomalia,2026-10-05T14:24:05,mendoza
2026-04-30T07:35:00,357010,Tupungatito,MODIS,0,0.00,1,sin anomalia,2026-10-05T14:24:05,mendoza
2026-04-30T12:25:00,357010,Tupungatito,MODIS,0,0.00,1,sin anomalia,2026-10-05T14:24:05,mendoza
2026-04-30T17:30:02,357010,Tupungatito,VIIRS750,0,0.00,1,sin anomalia,2026-10-05T14:24:05,mendoza
2026-04-30T18:06:00,357010,Tupungatito,VIIRS750,0,0.00,1,sin anomalia,2026-10-05T14:24:05,mendoza
2026-04-30T18:24:01,357010,Tupungatito,VIIRS375,0,0.00,1,sin anomalia,2026-10-05T14:24:05,mendoza
2026-04-30T18:24:01,357010,Tupungatito,VIIRS750,0,0.00,1,sin anomalia,2026-10-05T14:24:05,mendoza
2026-04-30T19:12:02,357010,Tupungatito,VIIRS375,0,0.00,1,sin anomalia,2026-10-05T14:24:05,mendoza
2026-04-30T19:12:02,357010,Tupungatito,VIIRS750,0,0.00,1,sin anomalia,2026-10-05T14:24:05,mendoza
2026-04-30T19:35:00,357010,Tupungatito,MODIS,0,0.00,1,sin anomalia,2026-10-05T14:24:05,mendoza
2026-04-30T21:10:00,357010,Tupungatito,MODIS,0,0.00,1,sin anomalia,2026-10-05T14:24:05,mendoza
2026-05-01T02:05:00,357010,Tupungatito,MODIS,0,0.00,1,sin anomalia,2026-10-05T14:24:05,mendoza
2026-05-01T04:54:02,357010,Tupungatito,VIIRS750,0,0.00,1,sin anomalia,2026-10-05T14:24:05,mendoza
2026-05-01T05:42:01,357010,Tupungatito,VIIRS375,0,0.00,1,sin anomalia,2026-10-05T14:24:05,mendoza
2026-05-01T05:42:01,357010,Tupungatito,VIIRS750,0,0.00,1,sin anomalia,2026-10-05T14:24:05,mendoza
2026-05-01T06:30:02,357010,Tupungatito,VIIRS375,0,0.00,1,sin anomalia,2026-10-05T14:24:05,mendoza
2026-05-01T06:30:02,357010,Tupungatito,VIIRS750,0,0.00,1,sin anomalia,2026-10-05T14:24:05,mendoza
2026-05-01T08:10:00,357010,Tupungatito,MODIS,0,0.00,1,sin anomalia,2026-10-05T14:24:05,mendoza
2026-05-01T13:05:00,357010,Tupungatito,MODIS,0,0.00,1,sin anomalia,2026-10-05T14:24:05,mendoza
2026-05-01T18:06:01,357010,Tupungatito,VIIRS375,0,0.00,1,sin anomalia,2026-10-05T14:24:05,mendoza
2026-05-01T18:06:01,357010,Tupungatito,VIIRS750,0,0.00,1,sin anomalia,2026-10-05T14:24:05,mendoza
2026-05-01T18:54:02,357010,Tupungatito,VIIRS375,0,0.00,1,sin anomalia,2026-10-05T14:24:05,mendoza
2026-05-01T19:24:00,357010,Tupungatito,VIIRS375,0,0.00,1,sin anomalia,2026-10-05T14:24:05,mendoza
2026-05-01T19:24:00,357010,Tupungatito,VIIRS750,0,0.00,1,sin anomalia,2026-10-05T14:24:05,mendoza
2026-05-01T20:10:00,357010,Tupungatito,MODIS,0,0.00,1,sin anomalia,2026-10-05T14:24:05,mendoza
2026-05-02T01:05:00,357010,Tupungatito,MODIS,0,0.00,1,sin anomalia,2026-10-05T14:24:05,mendoza
2026-05-02T02:45:00,357010,Tupungatito,MODIS,0,0.00,1,sin anomalia,2026-10-05T14:24:05,mendoza
2026-05-02T04:36:02,357010,Tupungatito,VIIRS375,0,0.00,1,sin anomalia,2026-10-05T14:24:05,mendoza
2026-05-02T05:24:01,357010,Tupungatito,VIIRS375,0.25,5.03,1,muy baja,2026-10-05T14:24:05,mendoza
2026-05-02T05:24:01,357010,Tupungatito,VIIRS750,0,0.00,1,sin anomalia,2026-10-05T14:24:05,mendoza
2026-05-02T06:12:02,357010,Tupungatito,VIIRS375,0.23,29.65,0,fuera de radio,2026-10-05T14:24:05,mendoza
2026-05-02T06:12:02,357010,Tupungatito,VIIRS750,0,0.00,1,sin anomalia,2026-10-05T14:24:05,mendoza
2026-05-02T06:48:00,357010,Tupungatito,VIIRS375,0,0.00,1,sin anomalia,2026-10-05T14:24:05,mendoza
2026-05-02T06:48:00,357010,Tupungatito,VIIRS750,0,0.00,1,sin anomalia,2026-10-05T14:24:05,mendoza
2026-05-02T07:10:00,357010,Tupungatito,MODIS,0,0.00,1,sin anomalia,2026-10-05T14:24:05,mendoza
2026-05-02T13:45:00,357010,Tupungatito,MODIS,0,0.00,1,sin anomalia,2026-10-05T14:24:05,mendoza
2026-05-02T17:30:00,357010,Tupungatito,VIIRS750,0,0.00,1,sin anomalia,2026-10-05T14:24:05,mendoza
2026-05-02T17:48:01,357010,Tupungatito,VIIRS375,0,0.00,1,sin anomalia,2026-10-05T14:24:05,mendoza
2026-05-02T17:48:01,357010,Tupungatito,VIIRS750,0,0.00,1,sin anomalia,2026-10-05T14:24:05,mendoza
2026-05-02T18:36:02,357010,Tupungatito,VIIRS375,0,0.00,1,sin anomalia,2026-10-05T14:24:05,mendoza
2026-05-02T18:36:02,357010,Tupungatito,VIIRS750,0,0.00,1,sin anomalia,2026-10-05T14:24:05,mendoza
2026-05-02T19:06:00,357010,Tupungatito,VIIRS375,0,0.00,1,sin anomalia,2026-10-05T14:24:05,mendoza
2026-05-02T19:06:00,357010,Tupungatito,VIIRS750,0,0.00,1,sin anomalia,2026-10-05T14:24:05,mendoza
2026-05-02T19:24:01,357010,Tupungatito,VIIRS375,0,0.00,1,sin anomalia,2026-10-05T14:24:05,mendoza
2026-05-02T19:30:01,357010,Tupungatito,VIIRS375,0,0.00,1,sin anomalia,2026-10-05T14:24:05,mendoza
2026-05-02T19:30:01,357010,Tupungatito,VIIRS750,0,0.00,1,sin anomalia,2026-10-05T14:24:05,mendoza
2026-05-02T20:50:00,357010,Tupungatito,MODIS,0,0.00,1,sin anomalia,2026-10-05T14:24:05,mendoza
2026-05-03T01:45:00,357010,Tupungatito,MODIS,0,0.00,1,sin anomalia,2026-10-05T14:24:05,mendoza
2026-05-03T05:06:01,357010,Tupungatito,VIIRS375,0.21,5.54,1,muy baja,2026-10-05T14:24:05,mendoza
2026-05-03T05:06:01,357010,Tupungatito,VIIRS750,0,0.00,1,sin anomalia,2026-10-05T14:24:05,mendoza
2026-05-03T05:54:02,357010,Tupungatito,VIIRS375,0,0.00,1,sin anomalia,2026-10-05T14:24:05,mendoza
2026-05-03T05:54:02,357010,Tupungatito,VIIRS750,0,0.00,1,sin anomalia,2026-10-05T14:24:05,mendoza
2026-05-03T06:48:01,357010,Tupungatito,VIIRS375,0,0.00,1,sin anomalia,2026-10-05T14:24:05,mendoza
2026-05-03T06:48:01,357010,Tupungatito,VIIRS750,0,0.00,1,sin anomalia,2026-10-05T14:24:05,mendoza
2026-05-03T07:50:00,357010,Tupungatito,MODIS,0,0.00,1,sin anomalia,2026-10-05T14:24:05,mendoza
2026-05-03T12:45:00,357010,Tupungatito,MODIS,0,0.00,1,sin anomalia,2026-10-05T14:24:05,mendoza
2026-05-03T17:30:01,357010,Tupungatito,VIIRS375,1.65,31.12,0,fuera de radio,2026-10-05T14:24:05,mendoza
2026-05-03T17:30:01,357010,Tupungatito,VIIRS750,0,0.00,1,sin anomalia,2026-10-05T14:24:05,mendoza
2026-05-03T19:06:01,357010,Tupungatito,VIIRS375,0,0.00,1,sin anomalia,2026-10-05T14:24:05,mendoza
2026-05-03T19:06:01,357010,Tupungatito,VIIRS750,0,0.00,1,sin anomalia,2026-10-05T14:24:05,mendoza
2026-05-04T02:25:00,357010,Tupungatito,MODIS,0,0.00,1,sin anomalia,2026-10-05T14:24:05,mendoza
2026-05-04T04:48:01,357010,Tupungatito,VIIRS375,0,0.00,1,sin anomalia,2026-10-05T14:24:05,mendoza
2026-05-04T04:48:01,357010,Tupungatito,VIIRS750,0,0.00,1,sin anomalia,2026-10-05T14:24:05,mendoza
2026-05-04T05:36:02,357010,Tupungatito,VIIRS375,0,0.00,1,sin anomalia,2026-10-05T14:24:05,mendoza
2026-05-04T05:36:02,357010,Tupungatito,VIIRS750,0,0.00,1,sin anomalia,2026-10-05T14:24:05,mendoza
2026-05-04T06:30:01,357010,Tupungatito,VIIRS375,0,0.00,1,sin anomalia,2026-10-05T14:24:05,mendoza
2026-05-04T06:30:01,357010,Tupungatito,VIIRS750,0,0.00,1,sin anomalia,2026-10-05T14:24:05,mendoza
2026-05-04T06:50:00,357010,Tupungatito,MODIS,0,0.00,1,sin anomalia,2026-10-05T14:24:05,mendoza
2026-05-04T08:25:00,357010,Tupungatito,MODIS,0,0.00,1,sin anomalia,2026-10-05T14:24:05,mendoza
2026-05-04T13:25:00,357010,Tupungatito,MODIS,0,0.00,1,sin anomalia,2026-10-05T14:24:05,mendoza
2026-05-04T18:00:02,357010,Tupungatito,VIIRS375,0,0.00,1,sin anomalia,2026-10-05T14:24:05,mendoza
2026-05-04T18:00:02,357010,Tupungatito,VIIRS750,0,0.00,1,sin anomalia,2026-10-05T14:24:05,mendoza
2026-05-04T18:30:00,357010,Tupungatito,VIIRS375,0,0.00,1,sin anomalia,2026-10-05T14:24:05,mendoza
2026-05-04T18:30:00,357010,Tupungatito,VIIRS750,0,0.00,1,sin anomalia,2026-10-05T14:24:05,mendoza
2026-05-04T18:48:01,357010,Tupungatito,VIIRS375,0,0.00,1,sin anomalia,2026-10-05T14:24:05,mendoza
2026-05-04T18:48:01,357010,Tupungatito,VIIRS750,0,0.00,1,sin anomalia,2026-10-05T14:24:05,mendoza
2026-05-04T20:25:00,357010,Tupungatito,MODIS,0,0.00,1,sin anomalia,2026-10-05T14:24:05,mendoza
2026-05-05T01:25:00,357010,Tupungatito,MODIS,0,0.00,1,sin anomalia,2026-10-05T14:24:05,mendoza
2026-05-05T05:18:02,357010,Tupungatito,VIIRS750,0,0.00,1,sin anomalia,2026-10-05T14:24:05,mendoza
2026-05-05T06:06:01,357010,Tupungatito,VIIRS375,0,0.00,1,sin anomalia,2026-10-05T14:24:05,mendoza
2026-05-05T06:06:01,357010,Tupungatito,VIIRS750,0,0.00,1,sin anomalia,2026-10-05T14:24:05,mendoza
2026-05-05T07:25:00,357010,Tupungatito,MODIS,0,0.00,1,sin anomalia,2026-10-05T14:24:05,mendoza
2026-05-05T12:25:00,357010,Tupungatito,MODIS,0,0.00,1,sin anomalia,2026-10-05T14:24:05,mendoza
2026-05-06T02:05:00,357010,Tupungatito,MODIS,0,0.00,1,sin anomalia,2026-10-05T14:24:05,mendoza
2026-05-06T05:00:02,357010,Tupungatito,VIIRS375,0,0.00,1,sin anomalia,2026-10-05T14:24:05,mendoza
2026-05-06T05:00:02,357010,Tupungatito,VIIRS750,0,0.00,1,sin anomalia,2026-10-05T14:24:05,mendoza
2026-05-06T05:48:01,357010,Tupungatito,VIIRS375,0,0.00,1,sin anomalia,2026-10-05T14:24:05,mendoza
2026-05-06T05:48:01,357010,Tupungatito,VIIRS750,0,0.00,1,sin anomalia,2026-10-05T14:24:05,mendoza
2026-05-06T06:36:02,357010,Tupungatito,VIIRS375,0,0.00,1,sin anomalia,2026-10-05T14:24:05,mendoza
2026-05-06T06:36:02,357010,Tupungatito,VIIRS750,0,0.00,1,sin anomalia,2026-10-05T14:24:05,mendoza
2026-05-06T08:05:00,357010,Tupungatito,MODIS,0,0.00,1,sin anomalia,2026-10-05T14:24:05,mendoza
2026-05-06T13:05:00,357010,Tupungatito,MODIS,0,0.00,1,sin anomalia,2026-10-05T14:24:05,mendoza
2026-05-06T18:12:01,357010,Tupungatito,VIIRS375,0,0.00,1,sin anomalia,2026-10-05T14:24:05,mendoza
2026-05-06T18:12:01,357010,Tupungatito,VIIRS750,0,0.00,1,sin anomalia,2026-10-05T14:24:05,mendoza
2026-05-06T19:36:00,357010,Tupungatito,VIIRS375,0,0.00,1,sin anomalia,2026-10-05T14:24:05,mendoza
2026-05-06T19:36:00,357010,Tupungatito,VIIRS750,0,0.00,1,sin anomalia,2026-10-05T14:24:05,mendoza
2026-05-06T20:05:00,357010,Tupungatito,MODIS,0,0.00,1,sin anomalia,2026-10-05T14:24:05,mendoza
2026-05-07T01:05:00,357010,Tupungatito,MODIS,0,0.00,1,sin anomalia,2026-10-05T14:24:05,mendoza
2026-05-07T02:40:00,357010,Tupungatito,MODIS,0,0.00,1,sin anomalia,2026-10-05T14:24:05,mendoza
2026-05-07T05:30:01,357010,Tupungatito,VIIRS375,0,0.00,1,sin anomalia,2026-10-05T14:24:05,mendoza
2026-05-07T05:30:01,357010,Tupungatito,VIIRS750,0,0.00,1,sin anomalia,2026-10-05T14:24:05,mendoza
2026-05-07T06:18:02,357010,Tupungatito,VIIRS375,0,0.00,1,sin anomalia,2026-10-05T14:24:05,mendoza
2026-05-07T06:18:02,357010,Tupungatito,VIIRS750,0,0.00,1,sin anomalia,2026-10-05T14:24:05,mendoza
2026-05-07T06:54:00,357010,Tupungatito,VIIRS375,0,0.00,1,sin anomalia,2026-10-05T14:24:05,mendoza
2026-05-07T06:54:00,357010,Tupungatito,VIIRS750,0,0.00,1,sin anomalia,2026-10-05T14:24:05,mendoza
2026-05-07T07:05:00,357010,Tupungatito,MODIS,0,0.00,1,sin anomalia,2026-10-05T14:24:05,mendoza
2026-05-07T13:40:00,357010,Tupungatito,MODIS,0,0.00,1,sin anomalia,2026-10-05T14:24:05,mendoza
2026-05-07T17:54:01,357010,Tupungatito,VIIRS750,0,0.00,1,sin anomalia,2026-10-05T14:24:05,mendoza
2026-05-07T19:36:01,357010,Tupungatito,VIIRS375,0,0.00,1,sin anomalia,2026-10-05T14:24:05,mendoza
2026-05-07T19:36:01,357010,Tupungatito,VIIRS750,0,0.00,1,sin anomalia,2026-10-05T14:24:05,mendoza
2026-05-07T20:45:00,357010,Tupungatito,MODIS,0,0.00,1,sin anomalia,2026-10-05T14:24:05,mendoza
2026-05-08T01:45:00,357010,Tupungatito,MODIS,0,0.00,1,sin anomalia,2026-10-05T14:24:05,mendoza
2026-05-08T05:12:01,357010,Tupungatito,VIIRS375,0.23,19.53,0,fuera de radio,2026-10-05T14:24:05,mendoza
2026-05-08T05:12:01,357010,Tupungatito,VIIRS750,0,0.00,1,sin anomalia,2026-10-05T14:24:05,mendoza
2026-05-08T06:00:02,357010,Tupungatito,VIIRS375,0,0.00,1,sin anomalia,2026-10-05T14:24:05,mendoza
2026-05-08T06:00:02,357010,Tupungatito,VIIRS750,0,0.00,1,sin anomalia,2026-10-05T14:24:05,mendoza
2026-05-08T06:36:00,357010,Tupungatito,VIIRS375,0,0.00,1,sin anomalia,2026-10-05T14:24:05,mendoza
2026-05-08T06:36:00,357010,Tupungatito,VIIRS750,0,0.00,1,sin anomalia,2026-10-05T14:24:05,mendoza
2026-05-08T07:45:00,357010,Tupungatito,MODIS,0,0.00,1,sin anomalia,2026-10-05T14:24:05,mendoza
2026-05-08T12:45:00,357010,Tupungatito,MODIS,0,0.00,1,sin anomalia,2026-10-05T14:24:05,mendoza
2026-05-08T17:36:01,357010,Tupungatito,VIIRS375,0,0.00,1,sin anomalia,2026-10-05T14:24:05,mendoza
2026-05-08T19:12:01,357010,Tupungatito,VIIRS375,0,0.00,1,sin anomalia,2026-10-05T14:24:05,mendoza
2026-05-08T19:12:01,357010,Tupungatito,VIIRS750,0,0.00,1,sin anomalia,2026-10-05T14:24:05,mendoza
2026-05-08T19:45:00,357010,Tupungatito,MODIS,0,0.00,1,sin anomalia,2026-10-05T14:24:05,mendoza
2026-05-09T02:25:00,357010,Tupungatito,MODIS,0,0.00,1,sin anomalia,2026-10-05T14:24:05,mendoza
2026-05-09T04:54:01,357010,Tupungatito,VIIRS375,0,0.00,1,sin anomalia,2026-10-05T14:24:05,mendoza
2026-05-09T04:54:01,357010,Tupungatito,VIIRS750,0,0.00,1,sin anomalia,2026-10-05T14:24:05,mendoza
2026-05-09T05:42:02,357010,Tupungatito,VIIRS375,0.17,5.21,1,muy baja,2026-10-05T14:24:05,mendoza
2026-05-09T05:42:02,357010,Tupungatito,VIIRS750,0,0.00,1,sin anomalia,2026-10-05T14:24:05,mendoza
2026-05-09T06:36:01,357010,Tupungatito,VIIRS375,0,0.00,1,sin anomalia,2026-10-05T14:24:05,mendoza
2026-05-09T06:36:01,357010,Tupungatito,VIIRS750,0,0.00,1,sin anomalia,2026-10-05T14:24:05,mendoza
2026-05-09T08:20:00,357010,Tupungatito,MODIS,0,0.00,1,sin anomalia,2026-10-05T14:24:05,mendoza
2026-05-09T13:20:00,357010,Tupungatito,MODIS,0,0.00,1,sin anomalia,2026-10-05T14:24:05,mendoza
2026-05-09T18:06:02,357010,Tupungatito,VIIRS375,0,0.00,1,sin anomalia,2026-10-05T14:24:05,mendoza
2026-05-09T18:06:02,357010,Tupungatito,VIIRS750,0,0.00,1,sin anomalia,2026-10-05T14:24:05,mendoza
2026-05-09T18:36:00,357010,Tupungatito,VIIRS750,0,0.00,1,sin anomalia,2026-10-05T14:24:05,mendoza
2026-05-09T18:54:01,357010,Tupungatito,VIIRS375,0,0.00,1,sin anomalia,2026-10-05T14:24:05,mendoza
2026-05-09T18:54:01,357010,Tupungatito,VIIRS750,0,0.00,1,sin anomalia,2026-10-05T14:24:05,mendoza
2026-05-09T20:20:00,357010,Tupungatito,MODIS,0,0.00,1,sin anomalia,2026-10-05T14:24:05,mendoza
2026-05-10T01:25:00,357010,Tupungatito,MODIS,0,0.00,1,sin anomalia,2026-10-05T14:24:05,mendoza
2026-05-10T04:36:01,357010,Tupungatito,VIIRS375,0,0.00,1,sin anomalia,2026-10-05T14:24:05,mendoza
2026-05-10T04:36:01,357010,Tupungatito,VIIRS750,0,0.00,1,sin anomalia,2026-10-05T14:24:05,mendoza
2026-05-10T06:12:01,357010,Tupungatito,VIIRS375,0,0.00,1,sin anomalia,2026-10-05T14:24:05,mendoza
2026-05-10T06:12:01,357010,Tupungatito,VIIRS750,0,0.00,1,sin anomalia,2026-10-05T14:24:05,mendoza
2026-05-10T07:20:00,357010,Tupungatito,MODIS,0,0.00,1,sin anomalia,2026-10-05T14:24:05,mendoza
2026-05-10T12:25:00,357010,Tupungatito,MODIS,0,0.00,1,sin anomalia,2026-10-05T14:24:05,mendoza
2026-05-10T17:48:02,357010,Tupungatito,VIIRS375,0,0.00,1,sin anomalia,2026-10-05T14:24:05,mendoza
2026-05-10T17:48:02,357010,Tupungatito,VIIRS750,0,0.00,1,sin anomalia,2026-10-05T14:24:05,mendoza
2026-05-10T18:18:00,357010,Tupungatito,VIIRS375,0,0.00,1,sin anomalia,2026-10-05T14:24:05,mendoza
2026-05-10T18:18:00,357010,Tupungatito,VIIRS750,0,0.00,1,sin anomalia,2026-10-05T14:24:05,mendoza
2026-05-10T18:36:01,357010,Tupungatito,VIIRS375,0,0.00,1,sin anomalia,2026-10-05T14:24:05,mendoza
2026-05-10T18:36:01,357010,Tupungatito,VIIRS750,0,0.00,1,sin anomalia,2026-10-05T14:24:05,mendoza
2026-05-10T19:24:02,357010,Tupungatito,VIIRS375,0,0.00,1,sin anomalia,2026-10-05T14:24:05,mendoza
2026-05-10T19:24:02,357010,Tupungatito,VIIRS750,0,0.00,1,sin anomalia,2026-10-05T14:24:05,mendoza
2026-05-10T21:00:00,357010,Tupungatito,MODIS,0,0.00,1,sin anomalia,2026-10-05T14:24:05,mendoza
2026-05-11T02:05:00,357010,Tupungatito,MODIS,0,0.00,1,sin anomalia,2026-10-05T14:24:05,mendoza
2026-05-11T05:54:01,357010,Tupungatito,VIIRS375,0.22,5.21,1,muy baja,2026-10-05T14:24:05,mendoza
2026-05-11T05:54:01,357010,Tupungatito,VIIRS750,0,0.00,1,sin anomalia,2026-10-05T14:24:05,mendoza
2026-05-11T06:42:02,357010,Tupungatito,VIIRS375,0,0.00,1,sin anomalia,2026-10-05T14:24:05,mendoza
2026-05-11T06:42:02,357010,Tupungatito,VIIRS750,0,0.00,1,sin anomalia,2026-10-05T14:24:05,mendoza
2026-05-11T08:00:00,357010,Tupungatito,MODIS,0,0.00,1,sin anomalia,2026-10-05T14:24:05,mendoza
2026-05-11T13:00:00,357010,Tupungatito,MODIS,0,0.00,1,sin anomalia,2026-10-05T14:24:05,mendoza
2026-05-11T17:24:02,357010,Tupungatito,VIIRS750,0,0.00,1,sin anomalia,2026-10-05T14:24:05,mendoza
2026-05-11T18:00:00,357010,Tupungatito,VIIRS750,0,0.00,1,sin anomalia,2026-10-05T14:24:05,mendoza
2026-05-11T18:18:01,357010,Tupungatito,VIIRS375,0,0.00,1,sin anomalia,2026-10-05T14:24:05,mendoza
2026-05-11T18:18:01,357010,Tupungatito,VIIRS750,0,0.00,1,sin anomalia,2026-10-05T14:24:05,mendoza
2026-05-11T19:06:02,357010,Tupungatito,VIIRS375,0,0.00,1,sin anomalia,2026-10-05T14:24:05,mendoza
2026-05-11T19:06:02,357010,Tupungatito,VIIRS750,0,0.00,1,sin anomalia,2026-10-05T14:24:05,mendoza
2026-05-11T19:42:00,357010,Tupungatito,VIIRS375,0,0.00,1,sin anomalia,2026-10-05T14:24:05,mendoza
2026-05-11T19:42:00,357010,Tupungatito,VIIRS750,0,0.00,1,sin anomalia,2026-10-05T14:24:05,mendoza
2026-05-11T20:00:00,357010,Tupungatito,MODIS,0,0.00,1,sin anomalia,2026-10-05T14:24:05,mendoza
2026-05-12T01:05:00,357010,Tupungatito,MODIS,0,0.00,1,sin anomalia,2026-10-05T14:24:05,mendoza
2026-05-12T02:40:00,357010,Tupungatito,MODIS,0,0.00,1,sin anomalia,2026-10-05T14:24:05,mendoza
2026-05-12T05:36:01,357010,Tupungatito,VIIRS375,0.27,5.21,1,muy baja,2026-10-05T14:24:05,mendoza
2026-05-12T05:36:01,357010,Tupungatito,VIIRS750,0.24,5.03,1,muy baja,2026-10-05T14:24:05,mendoza
2026-05-12T06:24:02,357010,Tupungatito,VIIRS375,0,0.00,1,sin anomalia,2026-10-05T14:24:05,mendoza
2026-05-12T06:24:02,357010,Tupungatito,VIIRS750,0,0.00,1,sin anomalia,2026-10-05T14:24:05,mendoza
2026-05-12T07:00:00,357010,Tupungatito,MODIS,0,0.00,1,sin anomalia,2026-10-05T14:24:05,mendoza
2026-05-12T13:40:00,357010,Tupungatito,MODIS,0,0.00,1,sin anomalia,2026-10-05T14:24:05,mendoza
2026-05-12T17:42:00,357010,Tupungatito,VIIRS750,0,0.00,1,sin anomalia,2026-10-05T14:24:05,mendoza
2026-05-12T18:00:01,357010,Tupungatito,VIIRS375,0,0.00,1,sin anomalia,2026-10-05T14:24:05,mendoza
2026-05-12T18:00:01,357010,Tupungatito,VIIRS750,0,0.00,1,sin anomalia,2026-10-05T14:24:05,mendoza
2026-05-12T18:48:02,357010,Tupungatito,VIIRS375,0,0.00,1,sin anomalia,2026-10-05T14:24:05,mendoza
2026-05-12T18:48:02,357010,Tupungatito,VIIRS750,0,0.00,1,sin anomalia,2026-10-05T14:24:05,mendoza
2026-05-12T20:35:00,357010,Tupungatito,MODIS,0,0.00,1,sin anomalia,2026-10-05T14:24:05,mendoza
2026-05-13T01:45:00,357010,Tupungatito,MODIS,0,0.00,1,sin anomalia,2026-10-05T14:24:05,mendoza
2026-05-13T05:18:01,357010,Tupungatito,VIIRS375,0.15,5.21,1,muy baja,2026-10-05T14:24:05,mendoza
2026-05-13T05:18:01,357010,Tupungatito,VIIRS750,0,0.00,1,sin anomalia,2026-10-05T14:24:05,mendoza
2026-05-13T06:06:02,357010,Tupungatito,VIIRS375,0.37,20.03,0,fuera de radio,2026-10-05T14:24:05,mendoza
2026-05-13T06:06:02,357010,Tupungatito,VIIRS750,0,0.00,1,sin anomalia,2026-10-05T14:24:05,mendoza
2026-05-13T06:42:00,357010,Tupungatito,VIIRS375,0,0.00,1,sin anomalia,2026-10-05T14:24:05,mendoza
2026-05-13T06:42:00,357010,Tupungatito,VIIRS750,0,0.00,1,sin anomalia,2026-10-05T14:24:05,mendoza
2026-05-13T12:45:00,357010,Tupungatito,MODIS,0,0.00,1,sin anomalia,2026-10-05T14:24:05,mendoza
2026-05-13T17:42:01,357010,Tupungatito,VIIRS375,0,0.00,1,sin anomalia,2026-10-05T14:24:05,mendoza
2026-05-13T17:42:01,357010,Tupungatito,VIIRS750,0,0.00,1,sin anomalia,2026-10-05T14:24:05,mendoza
2026-05-13T18:30:02,357010,Tupungatito,VIIRS750,0,0.00,1,sin anomalia,2026-10-05T14:24:05,mendoza
2026-05-13T19:18:01,357010,Tupungatito,VIIRS375,0,0.00,1,sin anomalia,2026-10-05T14:24:05,mendoza
2026-05-13T19:18:01,357010,Tupungatito,VIIRS750,0,0.00,1,sin anomalia,2026-10-05T14:24:05,mendoza
2026-05-13T19:35:00,357010,Tupungatito,MODIS,0,0.00,1,sin anomalia,2026-10-05T14:24:05,mendoza
2026-05-14T02:20:00,357010,Tupungatito,MODIS,0,0.00,1,sin anomalia,2026-10-05T14:24:05,mendoza
2026-05-14T05:00:01,357010,Tupungatito,VIIRS750,0,0.00,1,sin anomalia,2026-10-05T14:24:05,mendoza
2026-05-14T05:48:02,357010,Tupungatito,VIIRS375,0.21,6.55,1,muy baja,2026-10-05T14:24:05,mendoza
2026-05-14T06:42:01,357010,Tupungatito,VIIRS375,0,0.00,1,sin anomalia,2026-10-05T14:24:05,mendoza
2026-05-14T06:42:01,357010,Tupungatito,VIIRS750,0,0.00,1,sin anomalia,2026-10-05T14:24:05,mendoza
2026-05-14T08:15:00,357010,Tupungatito,MODIS,0,0.00,1,sin anomalia,2026-10-05T14:24:05,mendoza
2026-05-14T13:20:00,357010,Tupungatito,MODIS,0,0.00,1,sin anomalia,2026-10-05T14:24:05,mendoza
2026-05-14T17:24:01,357010,Tupungatito,VIIRS375,0,0.00,1,sin anomalia,2026-10-05T14:24:05,mendoza
2026-05-14T17:24:01,357010,Tupungatito,VIIRS750,0,0.00,1,sin anomalia,2026-10-05T14:24:05,mendoza
2026-05-14T18:12:02,357010,Tupungatito,VIIRS750,0,0.00,1,sin anomalia,2026-10-05T14:24:05,mendoza
2026-05-14T18:42:00,357010,Tupungatito,VIIRS750,0,0.00,1,sin anomalia,2026-10-05T14:24:05,mendoza
2026-05-14T19:00:01,357010,Tupungatito,VIIRS375,0,0.00,1,sin anomalia,2026-10-05T14:24:05,mendoza
2026-05-14T19:00:01,357010,Tupungatito,VIIRS750,0,0.00,1,sin anomalia,2026-10-05T14:24:05,mendoza
2026-05-14T20:15:00,357010,Tupungatito,MODIS,0,0.00,1,sin anomalia,2026-10-05T14:24:05,mendoza
2026-05-15T01:25:00,357010,Tupungatito,MODIS,0,0.00,1,sin anomalia,2026-10-05T14:24:05,mendoza
2026-05-15T04:42:01,357010,Tupungatito,VIIRS375,0,0.00,1,sin anomalia,2026-10-05T14:24:05,mendoza
2026-05-15T04:42:01,357010,Tupungatito,VIIRS750,0,0.00,1,sin anomalia,2026-10-05T14:24:05,mendoza
2026-05-15T05:30:02,357010,Tupungatito,VIIRS750,0,0.00,1,sin anomalia,2026-10-05T14:24:05,mendoza
2026-05-15T06:24:01,357010,Tupungatito,VIIRS375,0,0.00,1,sin anomalia,2026-10-05T14:24:05,mendoza
2026-05-15T06:24:01,357010,Tupungatito,VIIRS750,0,0.00,1,sin anomalia,2026-10-05T14:24:05,mendoza
2026-05-15T07:15:00,357010,Tupungatito,MODIS,0,0.00,1,sin anomalia,2026-10-05T14:24:05,mendoza
2026-05-15T12:25:00,357010,Tupungatito,MODIS,0,0.00,1,sin anomalia,2026-10-05T14:24:05,mendoza
2026-05-15T17:54:02,357010,Tupungatito,VIIRS750,0,0.00,1,sin anomalia,2026-10-05T14:24:05,mendoza
2026-05-15T18:24:00,357010,Tupungatito,VIIRS750,0,0.00,1,sin anomalia,2026-10-05T14:24:05,mendoza
2026-05-15T18:42:01,357010,Tupungatito,VIIRS375,0,0.00,1,sin anomalia,2026-10-05T14:24:05,mendoza
2026-05-15T18:42:01,357010,Tupungatito,VIIRS750,0,0.00,1,sin anomalia,2026-10-05T14:24:05,mendoza
2026-05-15T19:30:02,357010,Tupungatito,VIIRS375,0,0.00,1,sin anomalia,2026-10-05T14:24:05,mendoza
2026-05-15T19:30:02,357010,Tupungatito,VIIRS750,0,0.00,1,sin anomalia,2026-10-05T14:24:05,mendoza
2026-05-15T20:55:00,357010,Tupungatito,MODIS,0,0.00,1,sin anomalia,2026-10-05T14:24:05,mendoza
2026-05-16T02:00:00,357010,Tupungatito,MODIS,0,0.00,1,sin anomalia,2026-10-05T14:24:05,mendoza
2026-05-16T05:12:02,357010,Tupungatito,VIIRS750,0,0.00,1,sin anomalia,2026-10-05T14:24:05,mendoza
2026-05-16T06:00:01,357010,Tupungatito,VIIRS375,0,0.00,1,sin anomalia,2026-10-05T14:24:05,mendoza
2026-05-16T06:00:01,357010,Tupungatito,VIIRS750,0,0.00,1,sin anomalia,2026-10-05T14:24:05,mendoza
2026-05-16T07:50:00,357010,Tupungatito,MODIS,0,0.00,1,sin anomalia,2026-10-05T14:24:05,mendoza
2026-05-16T13:00:00,357010,Tupungatito,MODIS,0,0.00,1,sin anomalia,2026-10-05T14:24:05,mendoza
2026-05-16T17:30:02,357010,Tupungatito,VIIRS375,0,0.00,1,sin anomalia,2026-10-05T14:24:05,mendoza
2026-05-16T18:24:01,357010,Tupungatito,VIIRS375,0,0.00,1,sin anomalia,2026-10-05T14:24:05,mendoza
2026-05-16T18:24:01,357010,Tupungatito,VIIRS750,0,0.00,1,sin anomalia,2026-10-05T14:24:05,mendoza
2026-05-16T19:12:02,357010,Tupungatito,VIIRS375,0,0.00,1,sin anomalia,2026-10-05T14:24:05,mendoza
2026-05-16T19:12:02,357010,Tupungatito,VIIRS750,0,0.00,1,sin anomalia,2026-10-05T14:24:05,mendoza
2026-05-16T19:55:00,357010,Tupungatito,MODIS,0,0.00,1,sin anomalia,2026-10-05T14:24:05,mendoza
2026-05-17T01:05:00,357010,Tupungatito,MODIS,0,0.00,1,sin anomalia,2026-10-05T14:24:05,mendoza
2026-05-17T02:40:00,357010,Tupungatito,MODIS,0,0.00,1,sin anomalia,2026-10-05T14:24:05,mendoza
2026-05-17T04:54:02,357010,Tupungatito,VIIRS750,0,0.00,1,sin anomalia,2026-10-05T14:24:05,mendoza
2026-05-17T05:42:01,357010,Tupungatito,VIIRS375,0.06,5.21,1,muy baja,2026-10-05T14:24:05,mendoza
2026-05-17T05:42:01,357010,Tupungatito,VIIRS750,0,0.00,1,sin anomalia,2026-10-05T14:24:05,mendoza
2026-05-17T06:30:02,357010,Tupungatito,VIIRS375,0,0.00,1,sin anomalia,2026-10-05T14:24:05,mendoza
2026-05-17T06:30:02,357010,Tupungatito,VIIRS750,0,0.00,1,sin anomalia,2026-10-05T14:24:05,mendoza
2026-05-17T06:55:00,357010,Tupungatito,MODIS,0,0.00,1,sin anomalia,2026-10-05T14:24:05,mendoza
2026-05-17T13:40:00,357010,Tupungatito,MODIS,0,0.00,1,sin anomalia,2026-10-05T14:24:05,mendoza
2026-05-17T17:48:00,357010,Tupungatito,VIIRS375,0,0.00,1,sin anomalia,2026-10-05T14:24:05,mendoza
2026-05-17T17:48:00,357010,Tupungatito,VIIRS750,0,0.00,1,sin anomalia,2026-10-05T14:24:05,mendoza
2026-05-17T18:06:01,357010,Tupungatito,VIIRS375,0,0.00,1,sin anomalia,2026-10-05T14:24:05,mendoza
2026-05-17T18:06:01,357010,Tupungatito,VIIRS750,0,0.00,1,sin anomalia,2026-10-05T14:24:05,mendoza
2026-05-17T18:54:02,357010,Tupungatito,VIIRS375,0,0.00,1,sin anomalia,2026-10-05T14:24:05,mendoza
2026-05-17T18:54:02,357010,Tupungatito,VIIRS750,0,0.00,1,sin anomalia,2026-10-05T14:24:05,mendoza
2026-05-17T19:30:00,357010,Tupungatito,VIIRS375,0,0.00,1,sin anomalia,2026-10-05T14:24:05,mendoza
2026-05-17T19:30:00,357010,Tupungatito,VIIRS750,0,0.00,1,sin anomalia,2026-10-05T14:24:05,mendoza
2026-05-17T20:30:00,357010,Tupungatito,MODIS,0,0.00,1,sin anomalia,2026-10-05T14:24:05,mendoza
2026-05-18T01:40:00,357010,Tupungatito,MODIS,0,0.00,1,sin anomalia,2026-10-05T14:24:05,mendoza
2026-05-18T04:30:02,357010,Tupungatito,VIIRS375,0,0.00,1,sin anomalia,2026-10-05T14:24:05,mendoza
2026-05-18T05:24:01,357010,Tupungatito,VIIRS375,0.14,4.89,1,muy baja,2026-10-05T14:24:05,mendoza
2026-05-18T05:24:01,357010,Tupungatito,VIIRS750,0,0.00,1,sin anomalia,2026-10-05T14:24:05,mendoza
2026-05-18T06:12:02,357010,Tupungatito,VIIRS375,0,0.00,1,sin anomalia,2026-10-05T14:24:05,mendoza
2026-05-18T06:12:02,357010,Tupungatito,VIIRS750,0,0.00,1,sin anomalia,2026-10-05T14:24:05,mendoza
2026-05-18T06:48:00,357010,Tupungatito,VIIRS375,0.05,4.80,1,muy baja,2026-10-05T14:24:05,mendoza
2026-05-18T06:48:00,357010,Tupungatito,VIIRS750,0,0.00,1,sin anomalia,2026-10-05T14:24:05,mendoza
2026-05-18T07:30:00,357010,Tupungatito,MODIS,0,0.00,1,sin anomalia,2026-10-05T14:24:05,mendoza
2026-05-18T12:40:00,357010,Tupungatito,MODIS,0,0.00,1,sin anomalia,2026-10-05T14:24:05,mendoza
2026-05-18T17:48:01,357010,Tupungatito,VIIRS375,0,0.00,1,sin anomalia,2026-10-05T14:24:05,mendoza
2026-05-18T18:36:02,357010,Tupungatito,VIIRS750,0,0.00,1,sin anomalia,2026-10-05T14:24:05,mendoza
2026-05-18T19:06:00,357010,Tupungatito,VIIRS750,0,0.00,1,sin anomalia,2026-10-05T14:24:05,mendoza
2026-05-18T19:30:01,357010,Tupungatito,VIIRS375,0,0.00,1,sin anomalia,2026-10-05T14:24:05,mendoza
2026-05-18T19:30:01,357010,Tupungatito,VIIRS750,0,0.00,1,sin anomalia,2026-10-05T14:24:05,mendoza
2026-05-18T21:10:00,357010,Tupungatito,MODIS,0,0.00,1,sin anomalia,2026-10-05T14:24:05,mendoza
2026-05-19T02:20:00,357010,Tupungatito,MODIS,0,0.00,1,sin anomalia,2026-10-05T14:24:05,mendoza
2026-05-19T05:06:01,357010,Tupungatito,VIIRS375,0.18,5.41,1,muy baja,2026-10-05T14:24:05,mendoza
2026-05-19T05:06:01,357010,Tupungatito,VIIRS750,0,0.00,1,sin anomalia,2026-10-05T14:24:05,mendoza
2026-05-19T05:54:02,357010,Tupungatito,VIIRS750,0,0.00,1,sin anomalia,2026-10-05T14:24:05,mendoza
2026-05-19T06:48:01,357010,Tupungatito,VIIRS375,0,0.00,1,sin anomalia,2026-10-05T14:24:05,mendoza
2026-05-19T06:48:01,357010,Tupungatito,VIIRS750,0,0.00,1,sin anomalia,2026-10-05T14:24:05,mendoza
2026-05-19T08:10:00,357010,Tupungatito,MODIS,0,0.00,1,sin anomalia,2026-10-05T14:24:05,mendoza
2026-05-19T13:20:00,357010,Tupungatito,MODIS,0,0.00,1,sin anomalia,2026-10-05T14:24:05,mendoza
2026-05-19T17:30:01,357010,Tupungatito,VIIRS375,0,0.00,1,sin anomalia,2026-10-05T14:24:05,mendoza
2026-05-19T17:30:01,357010,Tupungatito,VIIRS750,0,0.00,1,sin anomalia,2026-10-05T14:24:05,mendoza
2026-05-19T18:18:02,357010,Tupungatito,VIIRS750,0,0.00,1,sin anomalia,2026-10-05T14:24:05,mendoza
2026-05-19T19:06:01,357010,Tupungatito,VIIRS375,0,0.00,1,sin anomalia,2026-10-05T14:24:05,mendoza
2026-05-19T19:06:01,357010,Tupungatito,VIIRS750,0,0.00,1,sin anomalia,2026-10-05T14:24:05,mendoza
2026-05-19T20:10:00,357010,Tupungatito,MODIS,0,0.00,1,sin anomalia,2026-10-05T14:24:05,mendoza
2026-05-20T01:20:00,357010,Tupungatito,MODIS,0,0.00,1,sin anomalia,2026-10-05T14:24:05,mendoza
2026-05-20T04:48:01,357010,Tupungatito,VIIRS375,0,0.00,1,sin anomalia,2026-10-05T14:24:05,mendoza
2026-05-20T04:48:01,357010,Tupungatito,VIIRS750,0,0.00,1,sin anomalia,2026-10-05T14:24:05,mendoza
2026-05-20T05:36:02,357010,Tupungatito,VIIRS375,0.3,5.21,1,muy baja,2026-10-05T14:24:05,mendoza
2026-05-20T06:30:01,357010,Tupungatito,VIIRS375,0,0.00,1,sin anomalia,2026-10-05T14:24:05,mendoza
2026-05-20T06:30:01,357010,Tupungatito,VIIRS750,0,0.00,1,sin anomalia,2026-10-05T14:24:05,mendoza
2026-05-20T07:10:00,357010,Tupungatito,MODIS,0,0.00,1,sin anomalia,2026-10-05T14:24:05,mendoza
2026-05-20T12:20:00,357010,Tupungatito,MODIS,0,0.00,1,sin anomalia,2026-10-05T14:24:05,mendoza
2026-05-20T18:48:01,357010,Tupungatito,VIIRS375,0,0.00,1,sin anomalia,2026-10-05T14:24:05,mendoza
2026-05-20T18:48:01,357010,Tupungatito,VIIRS750,0,0.00,1,sin anomalia,2026-10-05T14:24:05,mendoza
2026-05-20T20:45:00,357010,Tupungatito,MODIS,0,0.00,1,sin anomalia,2026-10-05T14:24:05,mendoza
2026-05-21T02:00:00,357010,Tupungatito,MODIS,0,0.00,1,sin anomalia,2026-10-05T14:24:05,mendoza
2026-05-21T05:18:02,357010,Tupungatito,VIIRS375,0.71,19.73,0,fuera de radio,2026-10-05T14:24:05,mendoza
2026-05-21T05:48:00,357010,Tupungatito,VIIRS375,0.46,14.99,0,fuera de radio,2026-10-05T14:24:05,mendoza
2026-05-21T06:06:01,357010,Tupungatito,VIIRS375,0.09,4.89,1,muy baja,2026-10-05T14:24:05,mendoza
2026-05-21T06:06:01,357010,Tupungatito,VIIRS750,0,0.00,1,sin anomalia,2026-10-05T14:24:05,mendoza
2026-05-21T07:45:00,357010,Tupungatito,MODIS,0,0.00,1,sin anomalia,2026-10-05T14:24:05,mendoza
2026-05-21T13:00:00,357010,Tupungatito,MODIS,0,0.00,1,sin anomalia,2026-10-05T14:24:05,mendoza
2026-05-21T17:36:02,357010,Tupungatito,VIIRS375,0,0.00,1,sin anomalia,2026-10-05T14:24:05,mendoza
2026-05-21T17:36:02,357010,Tupungatito,VIIRS750,0,0.00,1,sin anomalia,2026-10-05T14:24:05,mendoza
2026-05-21T18:12:00,357010,Tupungatito,VIIRS375,0,0.00,1,sin anomalia,2026-10-05T14:24:05,mendoza
2026-05-21T18:12:00,357010,Tupungatito,VIIRS750,0,0.00,1,sin anomalia,2026-10-05T14:24:05,mendoza
2026-05-21T18:30:01,357010,Tupungatito,VIIRS375,0,0.00,1,sin anomalia,2026-10-05T14:24:05,mendoza
2026-05-21T18:30:01,357010,Tupungatito,VIIRS750,0,0.00,1,sin anomalia,2026-10-05T14:24:05,mendoza
2026-05-21T19:18:02,357010,Tupungatito,VIIRS375,0,0.00,1,sin anomalia,2026-10-05T14:24:05,mendoza
2026-05-21T19:18:02,357010,Tupungatito,VIIRS750,0,0.00,1,sin anomalia,2026-10-05T14:24:05,mendoza
2026-05-21T19:45:00,357010,Tupungatito,MODIS,0,0.00,1,sin anomalia,2026-10-05T14:24:05,mendoza
2026-05-22T01:00:00,357010,Tupungatito,MODIS,0,0.00,1,sin anomalia,2026-10-05T14:24:05,mendoza
2026-05-22T02:40:00,357010,Tupungatito,MODIS,0,0.00,1,sin anomalia,2026-10-05T14:24:05,mendoza
2026-05-22T05:48:01,357010,Tupungatito,VIIRS375,0.07,5.21,1,muy baja,2026-10-05T14:24:05,mendoza
2026-05-22T05:48:01,357010,Tupungatito,VIIRS750,0,0.00,1,sin anomalia,2026-10-05T14:24:05,mendoza
2026-05-22T06:36:02,357010,Tupungatito,VIIRS375,0,0.00,1,sin anomalia,2026-10-05T14:24:05,mendoza
2026-05-22T06:36:02,357010,Tupungatito,VIIRS750,0,0.00,1,sin anomalia,2026-10-05T14:24:05,mendoza
2026-05-22T08:25:00,357010,Tupungatito,MODIS,0,0.00,1,sin anomalia,2026-10-05T14:24:05,mendoza
2026-05-22T13:40:00,357010,Tupungatito,MODIS,0,0.00,1,sin anomalia,2026-10-05T14:24:05,mendoza
2026-05-22T18:12:01,357010,Tupungatito,VIIRS375,0,0.00,1,sin anomalia,2026-10-05T14:24:05,mendoza
2026-05-22T18:12:01,357010,Tupungatito,VIIRS750,0,0.00,1,sin anomalia,2026-10-05T14:24:05,mendoza
2026-05-22T19:00:02,357010,Tupungatito,VIIRS375,0,0.00,1,sin anomalia,2026-10-05T14:24:05,mendoza
2026-05-22T19:00:02,357010,Tupungatito,VIIRS750,0,0.00,1,sin anomalia,2026-10-05T14:24:05,mendoza
2026-05-22T19:36:00,357010,Tupungatito,VIIRS375,0,0.00,1,sin anomalia,2026-10-05T14:24:05,mendoza
2026-05-22T19:36:00,357010,Tupungatito,VIIRS750,0,0.00,1,sin anomalia,2026-10-05T14:24:05,mendoza
2026-05-22T20:25:00,357010,Tupungatito,MODIS,0,0.00,1,sin anomalia,2026-10-05T14:24:05,mendoza
2026-05-23T01:40:00,357010,Tupungatito,MODIS,0,0.00,1,sin anomalia,2026-10-05T14:24:05,mendoza
2026-05-23T04:42:02,357010,Tupungatito,VIIRS375,0.12,5.10,1,muy baja,2026-10-05T14:24:05,mendoza
2026-05-23T04:42:02,357010,Tupungatito,VIIRS750,0,0.00,1,sin anomalia,2026-10-05T14:24:05,mendoza
2026-05-23T05:30:01,357010,Tupungatito,VIIRS375,0.23,5.21,1,muy baja,2026-10-05T14:24:05,mendoza
2026-05-23T05:30:01,357010,Tupungatito,VIIRS750,0,0.00,1,sin anomalia,2026-10-05T14:24:05,mendoza
2026-05-23T06:18:02,357010,Tupungatito,VIIRS375,0.12,4.89,1,muy baja,2026-10-05T14:24:05,mendoza
2026-05-23T06:18:02,357010,Tupungatito,VIIRS750,0,0.00,1,sin anomalia,2026-10-05T14:24:05,mendoza
2026-05-23T06:54:00,357010,Tupungatito,VIIRS375,0,0.00,1,sin anomalia,2026-10-05T14:24:05,mendoza
2026-05-23T06:54:00,357010,Tupungatito,VIIRS750,0,0.00,1,sin anomalia,2026-10-05T14:24:05,mendoza
2026-05-23T07:25:00,357010,Tupungatito,MODIS,0,0.00,1,sin anomalia,2026-10-05T14:24:05,mendoza
2026-05-23T12:40:00,357010,Tupungatito,MODIS,0,0.00,1,sin anomalia,2026-10-05T14:24:05,mendoza
2026-05-23T17:54:01,357010,Tupungatito,VIIRS375,0,0.00,1,sin anomalia,2026-10-05T14:24:05,mendoza
2026-05-23T17:54:01,357010,Tupungatito,VIIRS750,0,0.00,1,sin anomalia,2026-10-05T14:24:05,mendoza
2026-05-23T18:42:02,357010,Tupungatito,VIIRS375,0,0.00,1,sin anomalia,2026-10-05T14:24:05,mendoza
2026-05-23T19:36:01,357010,Tupungatito,VIIRS375,0,0.00,1,sin anomalia,2026-10-05T14:24:05,mendoza
2026-05-23T19:36:01,357010,Tupungatito,VIIRS750,0,0.00,1,sin anomalia,2026-10-05T14:24:05,mendoza
2026-05-23T21:05:00,357010,Tupungatito,MODIS,0,0.00,1,sin anomalia,2026-10-05T14:24:05,mendoza
2026-05-24T02:20:00,357010,Tupungatito,MODIS,0,0.00,1,sin anomalia,2026-10-05T14:24:05,mendoza
2026-05-24T05:12:01,357010,Tupungatito,VIIRS375,0.17,5.41,1,muy baja,2026-10-05T14:24:05,mendoza
2026-05-24T05:12:01,357010,Tupungatito,VIIRS750,0.19,4.37,1,muy baja,2026-10-05T14:24:05,mendoza
2026-05-24T06:00:02,357010,Tupungatito,VIIRS375,0.13,5.21,1,muy baja,2026-10-05T14:24:05,mendoza
2026-05-24T06:00:02,357010,Tupungatito,VIIRS750,0,0.00,1,sin anomalia,2026-10-05T14:24:05,mendoza
2026-05-24T06:36:00,357010,Tupungatito,VIIRS375,0.05,4.89,1,muy baja,2026-10-05T14:24:05,mendoza
2026-05-24T13:20:00,357010,Tupungatito,MODIS,0,0.00,1,sin anomalia,2026-10-05T14:24:05,mendoza
2026-05-24T17:36:01,357010,Tupungatito,VIIRS375,0,0.00,1,sin anomalia,2026-10-05T14:24:05,mendoza
2026-05-24T17:36:01,357010,Tupungatito,VIIRS750,0,0.00,1,sin anomalia,2026-10-05T14:24:05,mendoza
2026-05-24T18:24:02,357010,Tupungatito,VIIRS750,0,0.00,1,sin anomalia,2026-10-05T14:24:05,mendoza
2026-05-24T18:54:00,357010,Tupungatito,VIIRS750,0,0.00,1,sin anomalia,2026-10-05T14:24:05,mendoza
2026-05-24T19:12:01,357010,Tupungatito,VIIRS375,0,0.00,1,sin anomalia,2026-10-05T14:24:05,mendoza
2026-05-24T19:12:01,357010,Tupungatito,VIIRS750,0,0.00,1,sin anomalia,2026-10-05T14:24:05,mendoza
2026-05-24T20:05:00,357010,Tupungatito,MODIS,0,0.00,1,sin anomalia,2026-10-05T14:24:05,mendoza
2026-05-25T01:20:00,357010,Tupungatito,MODIS,0,0.00,1,sin anomalia,2026-10-05T14:24:05,mendoza
2026-05-25T04:54:01,357010,Tupungatito,VIIRS750,0,0.00,1,sin anomalia,2026-10-05T14:24:05,mendoza
2026-05-25T05:42:02,357010,Tupungatito,VIIRS750,0,0.00,1,sin anomalia,2026-10-05T14:24:05,mendoza
2026-05-25T06:36:01,357010,Tupungatito,VIIRS375,0,0.00,1,sin anomalia,2026-10-05T14:24:05,mendoza
2026-05-25T06:36:01,357010,Tupungatito,VIIRS750,0,0.00,1,sin anomalia,2026-10-05T14:24:05,mendoza
2026-05-25T07:05:00,357010,Tupungatito,MODIS,0,0.00,1,sin anomalia,2026-10-05T14:24:05,mendoza
2026-05-25T12:20:00,357010,Tupungatito,MODIS,0,0.00,1,sin anomalia,2026-10-05T14:24:05,mendoza
2026-05-25T18:06:02,357010,Tupungatito,VIIRS375,0,0.00,1,sin anomalia,2026-10-05T14:24:05,mendoza
2026-05-25T18:06:02,357010,Tupungatito,VIIRS750,0,0.00,1,sin anomalia,2026-10-05T14:24:05,mendoza
2026-05-25T18:36:00,357010,Tupungatito,VIIRS750,0,0.00,1,sin anomalia,2026-10-05T14:24:05,mendoza
2026-05-25T18:54:01,357010,Tupungatito,VIIRS375,0,0.00,1,sin anomalia,2026-10-05T14:24:05,mendoza
2026-05-25T18:54:01,357010,Tupungatito,VIIRS750,0,0.00,1,sin anomalia,2026-10-05T14:24:05,mendoza
2026-05-25T20:40:00,357010,Tupungatito,MODIS,0,0.00,1,sin anomalia,2026-10-05T14:24:05,mendoza
2026-05-26T02:00:00,357010,Tupungatito,MODIS,0,0.00,1,sin anomalia,2026-10-05T14:24:05,mendoza
2026-05-26T04:36:01,357010,Tupungatito,VIIRS750,0,0.00,1,sin anomalia,2026-10-05T14:24:05,mendoza
2026-05-26T05:24:02,357010,Tupungatito,VIIRS750,0,0.00,1,sin anomalia,2026-10-05T14:24:05,mendoza
2026-05-26T06:18:01,357010,Tupungatito,VIIRS375,0,0.00,1,sin anomalia,2026-10-05T14:24:05,mendoza
2026-05-26T06:18:01,357010,Tupungatito,VIIRS750,0,0.00,1,sin anomalia,2026-10-05T14:24:05,mendoza
2026-05-26T07:40:00,357010,Tupungatito,MODIS,0,0.00,1,sin anomalia,2026-10-05T14:24:05,mendoza
2026-05-26T13:00:00,357010,Tupungatito,MODIS,0,0.00,1,sin anomalia,2026-10-05T14:24:05,mendoza
2026-05-26T17:42:02,357010,Tupungatito,VIIRS375,0,0.00,1,sin anomalia,2026-10-05T14:24:05,mendoza
2026-05-26T18:18:00,357010,Tupungatito,VIIRS375,0,0.00,1,sin anomalia,2026-10-05T14:24:05,mendoza
2026-05-26T18:36:01,357010,Tupungatito,VIIRS375,0,0.00,1,sin anomalia,2026-10-05T14:24:05,mendoza
2026-05-26T18:36:01,357010,Tupungatito,VIIRS750,0,0.00,1,sin anomalia,2026-10-05T14:24:05,mendoza
2026-05-26T19:24:02,357010,Tupungatito,VIIRS375,0,0.00,1,sin anomalia,2026-10-05T14:24:05,mendoza
2026-05-26T19:24:02,357010,Tupungatito,VIIRS750,0,0.00,1,sin anomalia,2026-10-05T14:24:05,mendoza
2026-05-26T19:40:00,357010,Tupungatito,MODIS,0,0.00,1,sin anomalia,2026-10-05T14:24:05,mendoza
2026-05-27T01:00:00,357010,Tupungatito,MODIS,0,0.00,1,sin anomalia,2026-10-05T14:24:05,mendoza
2026-05-27T02:40:00,357010,Tupungatito,MODIS,0,0.00,1,sin anomalia,2026-10-05T14:24:05,mendoza
2026-05-27T05:36:00,357010,Tupungatito,VIIRS750,0.24,4.37,1,muy baja,2026-10-05T14:24:05,mendoza
2026-05-27T05:54:01,357010,Tupungatito,VIIRS750,0,0.00,1,sin anomalia,2026-10-05T14:24:05,mendoza
2026-05-27T06:42:02,357010,Tupungatito,VIIRS375,0,0.00,1,sin anomalia,2026-10-05T14:24:05,mendoza
2026-05-27T06:42:02,357010,Tupungatito,VIIRS750,0,0.00,1,sin anomalia,2026-10-05T14:24:05,mendoza
2026-05-27T08:20:00,357010,Tupungatito,MODIS,0,0.00,1,sin anomalia,2026-10-05T14:24:05,mendoza
2026-05-27T13:40:00,357010,Tupungatito,MODIS,0,0.00,1,sin anomalia,2026-10-05T14:24:05,mendoza
2026-05-27T17:24:02,357010,Tupungatito,VIIRS375,0,0.00,1,sin anomalia,2026-10-05T14:24:05,mendoza
2026-05-27T17:24:02,357010,Tupungatito,VIIRS750,0,0.00,1,sin anomalia,2026-10-05T14:24:05,mendoza
2026-05-27T18:00:00,357010,Tupungatito,VIIRS375,0,0.00,1,sin anomalia,2026-10-05T14:24:05,mendoza
2026-05-27T18:00:00,357010,Tupungatito,VIIRS750,0,0.00,1,sin anomalia,2026-10-05T14:24:05,mendoza
2026-05-27T18:18:01,357010,Tupungatito,VIIRS375,0,0.00,1,sin anomalia,2026-10-05T14:24:05,mendoza
2026-05-27T18:18:01,357010,Tupungatito,VIIRS750,0,0.00,1,sin anomalia,2026-10-05T14:24:05,mendoza
2026-05-27T19:06:02,357010,Tupungatito,VIIRS375,0,0.00,1,sin anomalia,2026-10-05T14:24:05,mendoza
2026-05-27T19:06:02,357010,Tupungatito,VIIRS750,0,0.00,1,sin anomalia,2026-10-05T14:24:05,mendoza
2026-05-27T19:42:00,357010,Tupungatito,VIIRS375,0,0.00,1,sin anomalia,2026-10-05T14:24:05,mendoza
2026-05-27T19:42:00,357010,Tupungatito,VIIRS750,0,0.00,1,sin anomalia,2026-10-05T14:24:05,mendoza
2026-05-27T20:20:00,357010,Tupungatito,MODIS,0,0.00,1,sin anomalia,2026-10-05T14:24:05,mendoza
2026-05-28T01:40:00,357010,Tupungatito,MODIS,0,0.00,1,sin anomalia,2026-10-05T14:24:05,mendoza
2026-05-28T05:36:01,357010,Tupungatito,VIIRS375,0.26,5.21,1,muy baja,2026-10-05T14:24:05,mendoza
2026-05-28T05:36:01,357010,Tupungatito,VIIRS750,0,0.00,1,sin anomalia,2026-10-05T14:24:05,mendoza
2026-05-28T06:24:02,357010,Tupungatito,VIIRS375,0,0.00,1,sin anomalia,2026-10-05T14:24:05,mendoza
2026-05-28T06:24:02,357010,Tupungatito,VIIRS750,0,0.00,1,sin anomalia,2026-10-05T14:24:05,mendoza
2026-05-28T07:20:00,357010,Tupungatito,MODIS,0,0.00,1,sin anomalia,2026-10-05T14:24:05,mendoza
2026-05-28T12:40:00,357010,Tupungatito,MODIS,0,0.00,1,sin anomalia,2026-10-05T14:24:05,mendoza
2026-05-28T18:00:01,357010,Tupungatito,VIIRS375,0,0.00,1,sin anomalia,2026-10-05T14:24:05,mendoza
2026-05-28T18:00:01,357010,Tupungatito,VIIRS750,0,0.00,1,sin anomalia,2026-10-05T14:24:05,mendoza
2026-05-28T18:48:02,357010,Tupungatito,VIIRS375,0,0.00,1,sin anomalia,2026-10-05T14:24:05,mendoza
2026-05-28T18:48:02,357010,Tupungatito,VIIRS750,0,0.00,1,sin anomalia,2026-10-05T14:24:05,mendoza
2026-05-28T19:24:00,357010,Tupungatito,VIIRS375,0,0.00,1,sin anomalia,2026-10-05T14:24:05,mendoza
2026-05-28T19:24:00,357010,Tupungatito,VIIRS750,0,0.00,1,sin anomalia,2026-10-05T14:24:05,mendoza
2026-05-28T20:55:00,357010,Tupungatito,MODIS,0,0.00,1,sin anomalia,2026-10-05T14:24:05,mendoza
2026-05-29T02:20:00,357010,Tupungatito,MODIS,0,0.00,1,sin anomalia,2026-10-05T14:24:05,mendoza
2026-05-29T05:18:01,357010,Tupungatito,VIIRS375,0.27,5.41,1,muy baja,2026-10-05T14:24:05,mendoza
2026-05-29T05:18:01,357010,Tupungatito,VIIRS750,0,0.00,1,sin anomalia,2026-10-05T14:24:05,mendoza
2026-05-29T06:06:02,357010,Tupungatito,VIIRS375,0.06,4.89,1,muy baja,2026-10-05T14:24:05,mendoza
2026-05-29T06:06:02,357010,Tupungatito,VIIRS750,0,0.00,1,sin anomalia,2026-10-05T14:24:05,mendoza
2026-05-29T06:42:00,357010,Tupungatito,VIIRS375,0,0.00,1,sin anomalia,2026-10-05T14:24:05,mendoza
2026-05-29T06:42:00,357010,Tupungatito,VIIRS750,0,0.00,1,sin anomalia,2026-10-05T14:24:05,mendoza
2026-05-29T07:55:00,357010,Tupungatito,MODIS,0,0.00,1,sin anomalia,2026-10-05T14:24:05,mendoza
2026-05-29T13:20:00,357010,Tupungatito,MODIS,0,0.00,1,sin anomalia,2026-10-05T14:24:05,mendoza
2026-05-29T17:42:01,357010,Tupungatito,VIIRS375,0,0.00,1,sin anomalia,2026-10-05T14:24:05,mendoza
2026-05-29T17:42:01,357010,Tupungatito,VIIRS750,0,0.00,1,sin anomalia,2026-10-05T14:24:05,mendoza
2026-05-29T18:30:02,357010,Tupungatito,VIIRS375,0,0.00,1,sin anomalia,2026-10-05T14:24:05,mendoza
2026-05-29T18:30:02,357010,Tupungatito,VIIRS750,0,0.00,1,sin anomalia,2026-10-05T14:24:05,mendoza
2026-05-29T19:24:01,357010,Tupungatito,VIIRS375,0,0.00,1,sin anomalia,2026-10-05T14:24:05,mendoza
2026-05-29T19:24:01,357010,Tupungatito,VIIRS750,0,0.00,1,sin anomalia,2026-10-05T14:24:05,mendoza
2026-05-29T19:55:00,357010,Tupungatito,MODIS,0,0.00,1,sin anomalia,2026-10-05T14:24:05,mendoza
2026-05-30T01:20:00,357010,Tupungatito,MODIS,0,0.00,1,sin anomalia,2026-10-05T14:24:05,mendoza
2026-05-30T05:00:01,357010,Tupungatito,VIIRS375,0.32,5.72,1,muy baja,2026-10-05T14:24:05,mendoza
2026-05-30T05:00:01,357010,Tupungatito,VIIRS750,0,0.00,1,sin anomalia,2026-10-05T14:24:05,mendoza
2026-05-30T06:42:01,357010,Tupungatito,VIIRS750,0,0.00,1,sin anomalia,2026-10-05T14:24:05,mendoza
2026-05-30T06:55:00,357010,Tupungatito,MODIS,0,0.00,1,sin anomalia,2026-10-05T14:24:05,mendoza
2026-05-30T12:20:00,357010,Tupungatito,MODIS,0,0.00,1,sin anomalia,2026-10-05T14:24:05,mendoza
2026-05-30T17:24:01,357010,Tupungatito,VIIRS375,0,0.00,1,sin anomalia,2026-10-05T14:24:05,mendoza
2026-05-30T17:24:01,357010,Tupungatito,VIIRS750,0,0.00,1,sin anomalia,2026-10-05T14:24:05,mendoza
2026-05-30T18:12:02,357010,Tupungatito,VIIRS375,0,0.00,1,sin anomalia,2026-10-05T14:24:05,mendoza
2026-05-30T19:00:01,357010,Tupungatito,VIIRS375,0,0.00,1,sin anomalia,2026-10-05T14:24:05,mendoza
2026-05-30T19:00:01,357010,Tupungatito,VIIRS750,0,0.00,1,sin anomalia,2026-10-05T14:24:05,mendoza
2026-05-30T20:35:00,357010,Tupungatito,MODIS,0,0.00,1,sin anomalia,2026-10-05T14:24:05,mendoza
2026-05-31T02:00:00,357010,Tupungatito,MODIS,0,0.00,1,sin anomalia,2026-10-05T14:24:05,mendoza
2026-05-31T04:42:01,357010,Tupungatito,VIIRS375,0,0.00,1,sin anomalia,2026-10-05T14:24:05,mendoza
2026-05-31T04:42:01,357010,Tupungatito,VIIRS750,0,0.00,1,sin anomalia,2026-10-05T14:24:05,mendoza
2026-05-31T05:30:02,357010,Tupungatito,VIIRS750,0.18,4.80,1,muy baja,2026-10-05T14:24:05,mendoza
2026-05-31T06:24:01,357010,Tupungatito,VIIRS375,0.16,5.21,1,muy baja,2026-10-05T14:24:05,mendoza
2026-05-31T06:24:01,357010,Tupungatito,VIIRS750,0,0.00,1,sin anomalia,2026-10-05T14:24:05,mendoza
2026-05-31T07:35:00,357010,Tupungatito,MODIS,0,0.00,1,sin anomalia,2026-10-05T14:24:05,mendoza
2026-05-31T13:00:00,357010,Tupungatito,MODIS,0,0.00,1,sin anomalia,2026-10-05T14:24:05,mendoza
2026-05-31T17:54:02,357010,Tupungatito,VIIRS750,0,0.00,1,sin anomalia,2026-10-05T14:24:05,mendoza
2026-05-31T18:24:00,357010,Tupungatito,VIIRS750,0,0.00,1,sin anomalia,2026-10-05T14:24:05,mendoza
2026-05-31T18:42:01,357010,Tupungatito,VIIRS375,0,0.00,1,sin anomalia,2026-10-05T14:24:05,mendoza
2026-05-31T18:42:01,357010,Tupungatito,VIIRS750,0,0.00,1,sin anomalia,2026-10-05T14:24:05,mendoza
2026-05-31T19:30:02,357010,Tupungatito,VIIRS375,0,0.00,1,sin anomalia,2026-10-05T14:24:05,mendoza
2026-05-31T19:30:02,357010,Tupungatito,VIIRS750,0,0.00,1,sin anomalia,2026-10-05T14:24:05,mendoza
2026-05-31T19:35:00,357010,Tupungatito,MODIS,0,0.00,1,sin anomalia,2026-10-05T14:24:05,mendoza
2026-05-31T21:15:00,357010,Tupungatito,MODIS,0,0.00,1,sin anomalia,2026-10-05T14:24:05,mendoza
2026-06-01T01:00:00,357010,Tupungatito,MODIS,0,0.00,1,sin anomalia,2026-10-05T14:24:05,mendoza
2026-06-01T02:35:00,357010,Tupungatito,MODIS,0,0.00,1,sin anomalia,2026-10-05T14:24:05,mendoza
2026-06-01T05:12:02,357010,Tupungatito,VIIRS375,0.08,5.21,1,muy baja,2026-10-05T14:24:05,mendoza
2026-06-01T05:12:02,357010,Tupungatito,VIIRS750,0,0.00,1,sin anomalia,2026-10-05T14:24:05,mendoza
2026-06-01T08:10:00,357010,Tupungatito,MODIS,0,0.00,1,sin anomalia,2026-10-05T14:24:05,mendoza
2026-06-01T13:35:00,357010,Tupungatito,MODIS,0,0.00,1,sin anomalia,2026-10-05T14:24:05,mendoza
2026-06-01T17:30:02,357010,Tupungatito,VIIRS375,0,0.00,1,sin anomalia,2026-10-05T14:24:05,mendoza
2026-06-01T17:30:02,357010,Tupungatito,VIIRS750,0.96,19.22,0,fuera de radio,2026-10-05T14:24:05,mendoza
2026-06-01T18:24:01,357010,Tupungatito,VIIRS375,0,0.00,1,sin anomalia,2026-10-05T14:24:05,mendoza
2026-06-01T18:24:01,357010,Tupungatito,VIIRS750,0,0.00,1,sin anomalia,2026-10-05T14:24:05,mendoza
2026-06-01T19:12:02,357010,Tupungatito,VIIRS375,0,0.00,1,sin anomalia,2026-10-05T14:24:05,mendoza
2026-06-01T19:12:02,357010,Tupungatito,VIIRS750,0,0.00,1,sin anomalia,2026-10-05T14:24:05,mendoza
2026-06-01T20:15:00,357010,Tupungatito,MODIS,0,0.00,1,sin anomalia,2026-10-05T14:24:05,mendoza
2026-06-02T01:40:00,357010,Tupungatito,MODIS,0,0.00,1,sin anomalia,2026-10-05T14:24:05,mendoza
2026-06-02T05:42:01,357010,Tupungatito,VIIRS375,0.15,23.49,0,fuera de radio,2026-10-05T14:24:05,mendoza
2026-06-02T05:42:01,357010,Tupungatito,VIIRS750,0,0.00,1,sin anomalia,2026-10-05T14:24:05,mendoza
2026-06-02T06:30:02,357010,Tupungatito,VIIRS375,0,0.00,1,sin anomalia,2026-10-05T14:24:05,mendoza
2026-06-02T06:30:02,357010,Tupungatito,VIIRS750,0,0.00,1,sin anomalia,2026-10-05T14:24:05,mendoza
2026-06-02T07:10:00,357010,Tupungatito,MODIS,0,0.00,1,sin anomalia,2026-10-05T14:24:05,mendoza
2026-06-02T12:40:00,357010,Tupungatito,MODIS,0,0.00,1,sin anomalia,2026-10-05T14:24:05,mendoza
2026-06-02T17:48:00,357010,Tupungatito,VIIRS375,0,0.00,1,sin anomalia,2026-10-05T14:24:05,mendoza
2026-06-02T17:48:00,357010,Tupungatito,VIIRS750,0,0.00,1,sin anomalia,2026-10-05T14:24:05,mendoza
2026-06-02T18:06:01,357010,Tupungatito,VIIRS375,0,0.00,1,sin anomalia,2026-10-05T14:24:05,mendoza
2026-06-02T18:06:01,357010,Tupungatito,VIIRS750,0,0.00,1,sin anomalia,2026-10-05T14:24:05,mendoza
2026-06-02T18:54:02,357010,Tupungatito,VIIRS375,0,0.00,1,sin anomalia,2026-10-05T14:24:05,mendoza
2026-06-02T18:54:02,357010,Tupungatito,VIIRS750,0,0.00,1,sin anomalia,2026-10-05T14:24:05,mendoza
2026-06-02T19:30:00,357010,Tupungatito,VIIRS375,0,0.00,1,sin anomalia,2026-10-05T14:24:05,mendoza
2026-06-02T19:30:00,357010,Tupungatito,VIIRS750,0,0.00,1,sin anomalia,2026-10-05T14:24:05,mendoza
2026-06-02T20:50:00,357010,Tupungatito,MODIS,0,0.00,1,sin anomalia,2026-10-05T14:24:05,mendoza
2026-06-03T02:20:00,357010,Tupungatito,MODIS,0,0.00,1,sin anomalia,2026-10-05T14:24:05,mendoza
2026-06-03T04:30:02,357010,Tupungatito,VIIRS375,0,0.00,1,sin anomalia,2026-10-05T14:24:05,mendoza
2026-06-03T04:30:02,357010,Tupungatito,VIIRS750,0,0.00,1,sin anomalia,2026-10-05T14:24:05,mendoza
2026-06-03T05:24:01,357010,Tupungatito,VIIRS375,0.17,5.41,1,muy baja,2026-10-05T14:24:05,mendoza
2026-06-03T05:24:01,357010,Tupungatito,VIIRS750,0,0.00,1,sin anomalia,2026-10-05T14:24:05,mendoza
2026-06-03T06:12:02,357010,Tupungatito,VIIRS375,0,0.00,1,sin anomalia,2026-10-05T14:24:05,mendoza
2026-06-03T06:12:02,357010,Tupungatito,VIIRS750,0,0.00,1,sin anomalia,2026-10-05T14:24:05,mendoza
2026-06-03T06:48:00,357010,Tupungatito,VIIRS375,0,0.00,1,sin anomalia,2026-10-05T14:24:05,mendoza
2026-06-03T06:48:00,357010,Tupungatito,VIIRS750,0,0.00,1,sin anomalia,2026-10-05T14:24:05,mendoza
2026-06-03T07:50:00,357010,Tupungatito,MODIS,0,0.00,1,sin anomalia,2026-10-05T14:24:05,mendoza
2026-06-03T13:15:00,357010,Tupungatito,MODIS,0,0.00,1,sin anomalia,2026-10-05T14:24:05,mendoza
2026-06-03T17:30:00,357010,Tupungatito,VIIRS375,0,0.00,1,sin anomalia,2026-10-05T14:24:05,mendoza
2026-06-03T17:30:00,357010,Tupungatito,VIIRS750,0,0.00,1,sin anomalia,2026-10-05T14:24:05,mendoza
2026-06-03T17:48:01,357010,Tupungatito,VIIRS375,0,0.00,1,sin anomalia,2026-10-05T14:24:05,mendoza
2026-06-03T17:48:01,357010,Tupungatito,VIIRS750,0,0.00,1,sin anomalia,2026-10-05T14:24:05,mendoza
2026-06-03T19:30:01,357010,Tupungatito,VIIRS375,0,0.00,1,sin anomalia,2026-10-05T14:24:05,mendoza
2026-06-03T19:30:01,357010,Tupungatito,VIIRS750,0,0.00,1,sin anomalia,2026-10-05T14:24:05,mendoza
2026-06-03T19:50:00,357010,Tupungatito,MODIS,0,0.00,1,sin anomalia,2026-10-05T14:24:05,mendoza
2026-06-04T01:20:00,357010,Tupungatito,MODIS,0,0.00,1,sin anomalia,2026-10-05T14:24:05,mendoza
2026-06-04T05:06:01,357010,Tupungatito,VIIRS375,0,0.00,1,sin anomalia,2026-10-05T14:24:05,mendoza
2026-06-04T05:06:01,357010,Tupungatito,VIIRS750,0,0.00,1,sin anomalia,2026-10-05T14:24:05,mendoza
2026-06-04T06:48:01,357010,Tupungatito,VIIRS375,0,0.00,1,sin anomalia,2026-10-05T14:24:05,mendoza
2026-06-04T06:48:01,357010,Tupungatito,VIIRS750,0,0.00,1,sin anomalia,2026-10-05T14:24:05,mendoza
2026-06-04T06:50:00,357010,Tupungatito,MODIS,0,0.00,1,sin anomalia,2026-10-05T14:24:05,mendoza
2026-06-04T08:30:00,357010,Tupungatito,MODIS,0,0.00,1,sin anomalia,2026-10-05T14:24:05,mendoza
2026-06-04T12:20:00,357010,Tupungatito,MODIS,0,0.00,1,sin anomalia,2026-10-05T14:24:05,mendoza
2026-06-04T13:55:00,357010,Tupungatito,MODIS,0,0.00,1,sin anomalia,2026-10-05T14:24:05,mendoza
2026-06-04T17:30:01,357010,Tupungatito,VIIRS375,0,0.00,1,sin anomalia,2026-10-05T14:24:05,mendoza
2026-06-04T18:18:02,357010,Tupungatito,VIIRS375,0,0.00,1,sin anomalia,2026-10-05T14:24:05,mendoza
2026-06-04T19:12:01,357010,Tupungatito,VIIRS375,0,0.00,1,sin anomalia,2026-10-05T14:24:05,mendoza
2026-06-04T19:12:01,357010,Tupungatito,VIIRS750,0,0.00,1,sin anomalia,2026-10-05T14:24:05,mendoza
2026-06-04T20:30:00,357010,Tupungatito,MODIS,0,0.00,1,sin anomalia,2026-10-05T14:24:05,mendoza
2026-06-05T02:00:00,357010,Tupungatito,MODIS,0,0.00,1,sin anomalia,2026-10-05T14:24:05,mendoza
2026-06-05T05:36:02,357010,Tupungatito,VIIRS375,0.2,4.89,1,muy baja,2026-10-05T14:24:05,mendoza
2026-06-05T05:36:02,357010,Tupungatito,VIIRS750,0,0.00,1,sin anomalia,2026-10-05T14:24:05,mendoza
2026-06-05T06:30:01,357010,Tupungatito,VIIRS375,0,0.00,1,sin anomalia,2026-10-05T14:24:05,mendoza
2026-06-05T06:30:01,357010,Tupungatito,VIIRS750,0,0.00,1,sin anomalia,2026-10-05T14:24:05,mendoza
2026-06-05T07:30:00,357010,Tupungatito,MODIS,0,0.00,1,sin anomalia,2026-10-05T14:24:05,mendoza
2026-06-05T12:55:00,357010,Tupungatito,MODIS,0,0.00,1,sin anomalia,2026-10-05T14:24:05,mendoza
2026-06-05T18:00:02,357010,Tupungatito,VIIRS375,0,0.00,1,sin anomalia,2026-10-05T14:24:05,mendoza
2026-06-05T18:00:02,357010,Tupungatito,VIIRS750,0,0.00,1,sin anomalia,2026-10-05T14:24:05,mendoza
2026-06-05T18:30:00,357010,Tupungatito,VIIRS375,0,0.00,1,sin anomalia,2026-10-05T14:24:05,mendoza
2026-06-05T18:30:00,357010,Tupungatito,VIIRS750,0,0.00,1,sin anomalia,2026-10-05T14:24:05,mendoza
2026-06-05T18:48:01,357010,Tupungatito,VIIRS375,0,0.00,1,sin anomalia,2026-10-05T14:24:05,mendoza
2026-06-05T18:48:01,357010,Tupungatito,VIIRS750,0,0.00,1,sin anomalia,2026-10-05T14:24:05,mendoza
2026-06-05T21:05:00,357010,Tupungatito,MODIS,0,0.00,1,sin anomalia,2026-10-05T14:24:05,mendoza
2026-06-06T02:35:00,357010,Tupungatito,MODIS,0,0.00,1,sin anomalia,2026-10-05T14:24:05,mendoza
2026-06-06T05:18:02,357010,Tupungatito,VIIRS375,0,0.00,1,sin anomalia,2026-10-05T14:24:05,mendoza
2026-06-06T05:18:02,357010,Tupungatito,VIIRS750,0,0.00,1,sin anomalia,2026-10-05T14:24:05,mendoza
2026-06-06T06:12:01,357010,Tupungatito,VIIRS375,0,0.00,1,sin anomalia,2026-10-05T14:24:05,mendoza
2026-06-06T06:12:01,357010,Tupungatito,VIIRS750,0,0.00,1,sin anomalia,2026-10-05T14:24:05,mendoza
2026-06-06T08:05:00,357010,Tupungatito,MODIS,0,0.00,1,sin anomalia,2026-10-05T14:24:05,mendoza
2026-06-06T13:35:00,357010,Tupungatito,MODIS,0,0.00,1,sin anomalia,2026-10-05T14:24:05,mendoza
2026-06-06T17:36:02,357010,Tupungatito,VIIRS375,0,0.00,1,sin anomalia,2026-10-05T14:24:05,mendoza
2026-06-06T17:36:02,357010,Tupungatito,VIIRS750,0,0.00,1,sin anomalia,2026-10-05T14:24:05,mendoza
2026-06-06T18:30:01,357010,Tupungatito,VIIRS375,0,0.00,1,sin anomalia,2026-10-05T14:24:05,mendoza
2026-06-06T18:30:01,357010,Tupungatito,VIIRS750,0,0.00,1,sin anomalia,2026-10-05T14:24:05,mendoza
2026-06-06T19:18:02,357010,Tupungatito,VIIRS375,0,0.00,1,sin anomalia,2026-10-05T14:24:05,mendoza
2026-06-06T19:18:02,357010,Tupungatito,VIIRS750,0,0.00,1,sin anomalia,2026-10-05T14:24:05,mendoza
2026-06-06T20:05:00,357010,Tupungatito,MODIS,0,0.00,1,sin anomalia,2026-10-05T14:24:05,mendoza
2026-06-07T01:40:00,357010,Tupungatito,MODIS,0,0.00,1,sin anomalia,2026-10-05T14:24:05,mendoza
2026-06-07T05:00:02,357010,Tupungatito,VIIRS375,0.35,4.89,1,muy baja,2026-10-05T14:24:05,mendoza
2026-06-07T05:00:02,357010,Tupungatito,VIIRS750,0,0.00,1,sin anomalia,2026-10-05T14:24:05,mendoza
2026-06-07T05:48:01,357010,Tupungatito,VIIRS375,0.23,5.21,1,muy baja,2026-10-05T14:24:05,mendoza
2026-06-07T05:48:01,357010,Tupungatito,VIIRS750,0,0.00,1,sin anomalia,2026-10-05T14:24:05,mendoza
2026-06-07T06:36:02,357010,Tupungatito,VIIRS375,0,0.00,1,sin anomalia,2026-10-05T14:24:05,mendoza
2026-06-07T06:36:02,357010,Tupungatito,VIIRS750,0,0.00,1,sin anomalia,2026-10-05T14:24:05,mendoza
2026-06-07T07:05:00,357010,Tupungatito,MODIS,0,0.00,1,sin anomalia,2026-10-05T14:24:05,mendoza
2026-06-07T12:35:00,357010,Tupungatito,MODIS,0,0.00,1,sin anomalia,2026-10-05T14:24:05,mendoza
2026-06-07T18:12:01,357010,Tupungatito,VIIRS375,0,0.00,1,sin anomalia,2026-10-05T14:24:05,mendoza
2026-06-07T18:12:01,357010,Tupungatito,VIIRS750,0,0.00,1,sin anomalia,2026-10-05T14:24:05,mendoza
2026-06-07T19:00:02,357010,Tupungatito,VIIRS375,0,0.00,1,sin anomalia,2026-10-05T14:24:05,mendoza
2026-06-07T19:00:02,357010,Tupungatito,VIIRS750,0,0.00,1,sin anomalia,2026-10-05T14:24:05,mendoza
2026-06-07T19:36:00,357010,Tupungatito,VIIRS375,0,0.00,1,sin anomalia,2026-10-05T14:24:05,mendoza
2026-06-07T19:36:00,357010,Tupungatito,VIIRS750,0,0.00,1,sin anomalia,2026-10-05T14:24:05,mendoza
2026-06-07T20:45:00,357010,Tupungatito,MODIS,0,0.00,1,sin anomalia,2026-10-05T14:24:05,mendoza
2026-06-08T02:15:00,357010,Tupungatito,MODIS,0,0.00,1,sin anomalia,2026-10-05T14:24:05,mendoza
2026-06-08T05:30:01,357010,Tupungatito,VIIRS375,0.26,5.21,1,muy baja,2026-10-05T14:24:05,mendoza
2026-06-08T05:30:01,357010,Tupungatito,VIIRS750,0,0.00,1,sin anomalia,2026-10-05T14:24:05,mendoza
2026-06-08T06:18:02,357010,Tupungatito,VIIRS375,0.17,5.21,1,muy baja,2026-10-05T14:24:05,mendoza
2026-06-08T06:18:02,357010,Tupungatito,VIIRS750,0,0.00,1,sin anomalia,2026-10-05T14:24:05,mendoza
2026-06-08T06:54:00,357010,Tupungatito,VIIRS375,0,0.00,1,sin anomalia,2026-10-05T14:24:05,mendoza
2026-06-08T06:54:00,357010,Tupungatito,VIIRS750,0,0.00,1,sin anomalia,2026-10-05T14:24:05,mendoza
2026-06-08T07:45:00,357010,Tupungatito,MODIS,0,0.00,1,sin anomalia,2026-10-05T14:24:05,mendoza
2026-06-08T13:15:00,357010,Tupungatito,MODIS,0,0.00,1,sin anomalia,2026-10-05T14:24:05,mendoza
2026-06-08T17:54:01,357010,Tupungatito,VIIRS375,0,0.00,1,sin anomalia,2026-10-05T14:24:05,mendoza
2026-06-08T17:54:01,357010,Tupungatito,VIIRS750,0,0.00,1,sin anomalia,2026-10-05T14:24:05,mendoza
2026-06-08T19:36:01,357010,Tupungatito,VIIRS375,0,0.00,1,sin anomalia,2026-10-05T14:24:05,mendoza
2026-06-08T19:36:01,357010,Tupungatito,VIIRS750,0,0.00,1,sin anomalia,2026-10-05T14:24:05,mendoza
2026-06-08T19:45:00,357010,Tupungatito,MODIS,0,0.00,1,sin anomalia,2026-10-05T14:24:05,mendoza
2026-06-09T01:20:00,357010,Tupungatito,MODIS,0,0.00,1,sin anomalia,2026-10-05T14:24:05,mendoza
2026-06-09T05:12:01,357010,Tupungatito,VIIRS375,0,0.00,1,sin anomalia,2026-10-05T14:24:05,mendoza
2026-06-09T05:12:01,357010,Tupungatito,VIIRS750,0,0.00,1,sin anomalia,2026-10-05T14:24:05,mendoza
2026-06-09T06:00:02,357010,Tupungatito,VIIRS750,0,0.00,1,sin anomalia,2026-10-05T14:24:05,mendoza
2026-06-09T06:36:00,357010,Tupungatito,VIIRS375,0,0.00,1,sin anomalia,2026-10-05T14:24:05,mendoza
2026-06-09T06:36:00,357010,Tupungatito,VIIRS750,0,0.00,1,sin anomalia,2026-10-05T14:24:05,mendoza
2026-06-09T08:20:00,357010,Tupungatito,MODIS,0,0.00,1,sin anomalia,2026-10-05T14:24:05,mendoza
2026-06-09T12:15:00,357010,Tupungatito,MODIS,0,0.00,1,sin anomalia,2026-10-05T14:24:05,mendoza
2026-06-09T13:55:00,357010,Tupungatito,MODIS,0,0.00,1,sin anomalia,2026-10-05T14:24:05,mendoza
2026-06-09T17:36:01,357010,Tupungatito,VIIRS375,0,0.00,1,sin anomalia,2026-10-05T14:24:05,mendoza
2026-06-09T17:36:01,357010,Tupungatito,VIIRS750,0,0.00,1,sin anomalia,2026-10-05T14:24:05,mendoza
2026-06-09T18:24:02,357010,Tupungatito,VIIRS750,0,0.00,1,sin anomalia,2026-10-05T14:24:05,mendoza
2026-06-09T19:18:01,357010,Tupungatito,VIIRS375,0,0.00,1,sin anomalia,2026-10-05T14:24:05,mendoza
2026-06-09T19:18:01,357010,Tupungatito,VIIRS750,0,0.00,1,sin anomalia,2026-10-05T14:24:05,mendoza
2026-06-09T20:20:00,357010,Tupungatito,MODIS,0,0.00,1,sin anomalia,2026-10-05T14:24:05,mendoza
2026-06-10T01:55:00,357010,Tupungatito,MODIS,0,0.00,1,sin anomalia,2026-10-05T14:24:05,mendoza
2026-06-10T04:54:01,357010,Tupungatito,VIIRS375,0,0.00,1,sin anomalia,2026-10-05T14:24:05,mendoza
2026-06-10T04:54:01,357010,Tupungatito,VIIRS750,0,0.00,1,sin anomalia,2026-10-05T14:24:05,mendoza
2026-06-10T05:42:02,357010,Tupungatito,VIIRS750,0,0.00,1,sin anomalia,2026-10-05T14:24:05,mendoza
2026-06-10T06:36:01,357010,Tupungatito,VIIRS375,0,0.00,1,sin anomalia,2026-10-05T14:24:05,mendoza
2026-06-10T06:36:01,357010,Tupungatito,VIIRS750,0,0.00,1,sin anomalia,2026-10-05T14:24:05,mendoza
2026-06-10T07:20:00,357010,Tupungatito,MODIS,0,0.00,1,sin anomalia,2026-10-05T14:24:05,mendoza
2026-06-10T12:55:00,357010,Tupungatito,MODIS,0,0.00,1,sin anomalia,2026-10-05T14:24:05,mendoza
2026-06-10T18:06:02,357010,Tupungatito,VIIRS375,0,0.00,1,sin anomalia,2026-10-05T14:24:05,mendoza
2026-06-10T18:06:02,357010,Tupungatito,VIIRS750,0,0.00,1,sin anomalia,2026-10-05T14:24:05,mendoza
2026-06-10T18:36:00,357010,Tupungatito,VIIRS375,0,0.00,1,sin anomalia,2026-10-05T14:24:05,mendoza
2026-06-10T18:36:00,357010,Tupungatito,VIIRS750,0,0.00,1,sin anomalia,2026-10-05T14:24:05,mendoza
2026-06-10T18:54:01,357010,Tupungatito,VIIRS375,0,0.00,1,sin anomalia,2026-10-05T14:24:05,mendoza
2026-06-10T18:54:01,357010,Tupungatito,VIIRS750,0,0.00,1,sin anomalia,2026-10-05T14:24:05,mendoza
2026-06-10T21:00:00,357010,Tupungatito,MODIS,0,0.00,1,sin anomalia,2026-10-05T14:24:05,mendoza
2026-06-11T01:00:00,357010,Tupungatito,MODIS,0,0.00,1,sin anomalia,2026-10-05T14:24:05,mendoza
2026-06-11T02:35:00,357010,Tupungatito,MODIS,0,0.00,1,sin anomalia,2026-10-05T14:24:05,mendoza
2026-06-11T04:36:01,357010,Tupungatito,VIIRS375,0,0.00,1,sin anomalia,2026-10-05T14:24:05,mendoza
2026-06-11T04:36:01,357010,Tupungatito,VIIRS750,0,0.00,1,sin anomalia,2026-10-05T14:24:05,mendoza
2026-06-11T05:24:02,357010,Tupungatito,VIIRS375,0.1,5.21,1,muy baja,2026-10-05T14:24:05,mendoza
2026-06-11T06:18:01,357010,Tupungatito,VIIRS375,0,0.00,1,sin anomalia,2026-10-05T14:24:05,mendoza
2026-06-11T06:18:01,357010,Tupungatito,VIIRS750,0,0.00,1,sin anomalia,2026-10-05T14:24:05,mendoza
2026-06-11T08:00:00,357010,Tupungatito,MODIS,0,0.00,1,sin anomalia,2026-10-05T14:24:05,mendoza
2026-06-11T13:35:00,357010,Tupungatito,MODIS,0,0.00,1,sin anomalia,2026-10-05T14:24:05,mendoza
2026-06-11T18:36:01,357010,Tupungatito,VIIRS375,0,0.00,1,sin anomalia,2026-10-05T14:24:05,mendoza
2026-06-11T18:36:01,357010,Tupungatito,VIIRS750,0,0.00,1,sin anomalia,2026-10-05T14:24:05,mendoza
2026-06-11T19:24:02,357010,Tupungatito,VIIRS375,0,0.00,1,sin anomalia,2026-10-05T14:24:05,mendoza
2026-06-11T19:24:02,357010,Tupungatito,VIIRS750,0,0.00,1,sin anomalia,2026-10-05T14:24:05,mendoza
2026-06-11T20:00:00,357010,Tupungatito,MODIS,0,0.00,1,sin anomalia,2026-10-05T14:24:05,mendoza
2026-06-12T01:35:00,357010,Tupungatito,MODIS,0,0.00,1,sin anomalia,2026-10-05T14:24:05,mendoza
2026-06-12T05:06:02,357010,Tupungatito,VIIRS375,0.39,17.79,0,fuera de radio,2026-10-05T14:24:05,mendoza
2026-06-12T05:06:02,357010,Tupungatito,VIIRS750,0,0.00,1,sin anomalia,2026-10-05T14:24:05,mendoza
2026-06-12T06:42:02,357010,Tupungatito,VIIRS375,0,0.00,1,sin anomalia,2026-10-05T14:24:05,mendoza
2026-06-12T06:42:02,357010,Tupungatito,VIIRS750,0,0.00,1,sin anomalia,2026-10-05T14:24:05,mendoza
2026-06-12T07:00:00,357010,Tupungatito,MODIS,0,0.00,1,sin anomalia,2026-10-05T14:24:05,mendoza
2026-06-12T12:35:00,357010,Tupungatito,MODIS,0,0.00,1,sin anomalia,2026-10-05T14:24:05,mendoza
2026-06-12T18:18:01,357010,Tupungatito,VIIRS375,0,0.00,1,sin anomalia,2026-10-05T14:24:05,mendoza
2026-06-12T18:18:01,357010,Tupungatito,VIIRS750,0,0.00,1,sin anomalia,2026-10-05T14:24:05,mendoza
2026-06-12T19:06:02,357010,Tupungatito,VIIRS375,0,0.00,1,sin anomalia,2026-10-05T14:24:05,mendoza
2026-06-12T19:06:02,357010,Tupungatito,VIIRS750,0,0.00,1,sin anomalia,2026-10-05T14:24:05,mendoza
2026-06-12T19:42:00,357010,Tupungatito,VIIRS375,0,0.00,1,sin anomalia,2026-10-05T14:24:05,mendoza
2026-06-12T19:42:00,357010,Tupungatito,VIIRS750,0,0.00,1,sin anomalia,2026-10-05T14:24:05,mendoza
2026-06-12T20:40:00,357010,Tupungatito,MODIS,0,0.00,1,sin anomalia,2026-10-05T14:24:05,mendoza
2026-06-13T02:15:00,357010,Tupungatito,MODIS,0,0.00,1,sin anomalia,2026-10-05T14:24:05,mendoza
2026-06-13T05:36:01,357010,Tupungatito,VIIRS375,0,0.00,1,sin anomalia,2026-10-05T14:24:05,mendoza
2026-06-13T06:24:02,357010,Tupungatito,VIIRS375,0,0.00,1,sin anomalia,2026-10-05T14:24:05,mendoza
2026-06-13T06:24:02,357010,Tupungatito,VIIRS750,0,0.00,1,sin anomalia,2026-10-05T14:24:05,mendoza
2026-06-13T13:15:00,357010,Tupungatito,MODIS,0,0.00,1,sin anomalia,2026-10-05T14:24:05,mendoza
2026-06-13T17:42:00,357010,Tupungatito,VIIRS750,4.44,30.92,0,fuera de radio,2026-10-05T14:24:05,mendoza
2026-06-13T18:00:01,357010,Tupungatito,VIIRS375,0.29,31.93,0,fuera de radio,2026-10-05T14:24:05,mendoza
2026-06-13T18:00:01,357010,Tupungatito,VIIRS750,5.51,33.42,0,fuera de radio,2026-10-05T14:24:05,mendoza
2026-06-13T18:48:02,357010,Tupungatito,VIIRS375,0,0.00,1,sin anomalia,2026-10-05T14:24:05,mendoza
2026-06-13T18:48:02,357010,Tupungatito,VIIRS750,0,0.00,1,sin anomalia,2026-10-05T14:24:05,mendoza
2026-06-13T19:24:00,357010,Tupungatito,VIIRS375,0,0.00,1,sin anomalia,2026-10-05T14:24:05,mendoza
2026-06-13T19:24:00,357010,Tupungatito,VIIRS750,0,0.00,1,sin anomalia,2026-10-05T14:24:05,mendoza
2026-06-13T19:40:00,357010,Tupungatito,MODIS,0,0.00,1,sin anomalia,2026-10-05T14:24:05,mendoza
2026-06-13T21:15:00,357010,Tupungatito,MODIS,0,0.00,1,sin anomalia,2026-10-05T14:24:05,mendoza
2026-06-14T01:15:00,357010,Tupungatito,MODIS,0,0.00,1,sin anomalia,2026-10-05T14:24:05,mendoza
2026-06-14T05:18:01,357010,Tupungatito,VIIRS375,0,0.00,1,sin anomalia,2026-10-05T14:24:05,mendoza
2026-06-14T05:18:01,357010,Tupungatito,VIIRS750,0,0.00,1,sin anomalia,2026-10-05T14:24:05,mendoza
2026-06-14T06:06:02,357010,Tupungatito,VIIRS375,0,0.00,1,sin anomalia,2026-10-05T14:24:05,mendoza
2026-06-14T06:06:02,357010,Tupungatito,VIIRS750,0,0.00,1,sin anomalia,2026-10-05T14:24:05,mendoza
2026-06-14T06:42:00,357010,Tupungatito,VIIRS375,0,0.00,1,sin anomalia,2026-10-05T14:24:05,mendoza
2026-06-14T06:42:00,357010,Tupungatito,VIIRS750,0,0.00,1,sin anomalia,2026-10-05T14:24:05,mendoza
2026-06-14T08:15:00,357010,Tupungatito,MODIS,0,0.00,1,sin anomalia,2026-10-05T14:24:05,mendoza
2026-06-14T13:55:00,357010,Tupungatito,MODIS,0,0.00,1,sin anomalia,2026-10-05T14:24:05,mendoza
2026-06-14T17:42:01,357010,Tupungatito,VIIRS375,0.63,23.44,0,fuera de radio,2026-10-05T14:24:05,mendoza
2026-06-14T17:42:01,357010,Tupungatito,VIIRS750,0,0.00,1,sin anomalia,2026-10-05T14:24:05,mendoza
2026-06-14T18:30:02,357010,Tupungatito,VIIRS750,0,0.00,1,sin anomalia,2026-10-05T14:24:05,mendoza
2026-06-14T19:24:01,357010,Tupungatito,VIIRS375,0,0.00,1,sin anomalia,2026-10-05T14:24:05,mendoza
2026-06-14T19:24:01,357010,Tupungatito,VIIRS750,0,0.00,1,sin anomalia,2026-10-05T14:24:05,mendoza
2026-06-14T20:15:00,357010,Tupungatito,MODIS,0,0.00,1,sin anomalia,2026-10-05T14:24:05,mendoza
2026-06-15T01:55:00,357010,Tupungatito,MODIS,0,0.00,1,sin anomalia,2026-10-05T14:24:05,mendoza
2026-06-15T05:00:01,357010,Tupungatito,VIIRS375,0,0.00,1,sin anomalia,2026-10-05T14:24:05,mendoza
2026-06-15T05:00:01,357010,Tupungatito,VIIRS750,0,0.00,1,sin anomalia,2026-10-05T14:24:05,mendoza
2026-06-15T05:48:02,357010,Tupungatito,VIIRS750,0,0.00,1,sin anomalia,2026-10-05T14:24:05,mendoza
2026-06-15T06:42:01,357010,Tupungatito,VIIRS375,0,0.00,1,sin anomalia,2026-10-05T14:24:05,mendoza
2026-06-15T06:42:01,357010,Tupungatito,VIIRS750,0,0.00,1,sin anomalia,2026-10-05T14:24:05,mendoza
2026-06-15T07:15:00,357010,Tupungatito,MODIS,0,0.00,1,sin anomalia,2026-10-05T14:24:05,mendoza
2026-06-15T12:55:00,357010,Tupungatito,MODIS,0,0.00,1,sin anomalia,2026-10-05T14:24:05,mendoza
2026-06-15T18:12:02,357010,Tupungatito,VIIRS375,0,0.00,1,sin anomalia,2026-10-05T14:24:05,mendoza
2026-06-15T18:12:02,357010,Tupungatito,VIIRS750,0,0.00,1,sin anomalia,2026-10-05T14:24:05,mendoza
2026-06-15T18:42:00,357010,Tupungatito,VIIRS375,0,0.00,1,sin anomalia,2026-10-05T14:24:05,mendoza
2026-06-15T18:42:00,357010,Tupungatito,VIIRS750,0,0.00,1,sin anomalia,2026-10-05T14:24:05,mendoza
2026-06-15T19:06:01,357010,Tupungatito,VIIRS375,0,0.00,1,sin anomalia,2026-10-05T14:24:05,mendoza
2026-06-15T19:06:01,357010,Tupungatito,VIIRS750,0,0.00,1,sin anomalia,2026-10-05T14:24:05,mendoza
2026-06-15T20:55:00,357010,Tupungatito,MODIS,0,0.00,1,sin anomalia,2026-10-05T14:24:05,mendoza
2026-06-16T02:35:00,357010,Tupungatito,MODIS,0,0.00,1,sin anomalia,2026-10-05T14:24:05,mendoza
2026-06-16T04:42:01,357010,Tupungatito,VIIRS375,0,0.00,1,sin anomalia,2026-10-05T14:24:05,mendoza
2026-06-16T04:42:01,357010,Tupungatito,VIIRS750,0,0.00,1,sin anomalia,2026-10-05T14:24:05,mendoza
2026-06-16T05:30:02,357010,Tupungatito,VIIRS375,0,0.00,1,sin anomalia,2026-10-05T14:24:05,mendoza
2026-06-16T05:30:02,357010,Tupungatito,VIIRS750,0,0.00,1,sin anomalia,2026-10-05T14:24:05,mendoza
2026-06-16T06:24:01,357010,Tupungatito,VIIRS375,0,0.00,1,sin anomalia,2026-10-05T14:24:05,mendoza
2026-06-16T06:24:01,357010,Tupungatito,VIIRS750,0,0.00,1,sin anomalia,2026-10-05T14:24:05,mendoza
2026-06-16T07:55:00,357010,Tupungatito,MODIS,0,0.00,1,sin anomalia,2026-10-05T14:24:05,mendoza
2026-06-16T18:42:01,357010,Tupungatito,VIIRS375,0,0.00,1,sin anomalia,2026-10-05T14:24:05,mendoza
2026-06-16T18:42:01,357010,Tupungatito,VIIRS750,0,0.00,1,sin anomalia,2026-10-05T14:24:05,mendoza
2026-06-16T19:30:02,357010,Tupungatito,VIIRS375,0,0.00,1,sin anomalia,2026-10-05T14:24:05,mendoza
2026-06-16T19:30:02,357010,Tupungatito,VIIRS750,0,0.00,1,sin anomalia,2026-10-05T14:24:05,mendoza
2026-06-16T19:55:00,357010,Tupungatito,MODIS,0,0.00,1,sin anomalia,2026-10-05T14:24:05,mendoza
2026-06-17T01:35:00,357010,Tupungatito,MODIS,0,0.00,1,sin anomalia,2026-10-05T14:24:05,mendoza
2026-06-17T05:12:02,357010,Tupungatito,VIIRS750,0,0.00,1,sin anomalia,2026-10-05T14:24:05,mendoza
2026-06-17T06:06:01,357010,Tupungatito,VIIRS375,0.94,10.67,0,fuera de radio,2026-10-05T14:24:05,mendoza
2026-06-17T06:06:01,357010,Tupungatito,VIIRS750,0,0.00,1,sin anomalia,2026-10-05T14:24:05,mendoza
2026-06-17T06:55:00,357010,Tupungatito,MODIS,0,0.00,1,sin anomalia,2026-10-05T14:24:05,mendoza
2026-06-17T08:30:00,357010,Tupungatito,MODIS,0,0.00,1,sin anomalia,2026-10-05T14:24:05,mendoza
2026-06-17T12:35:00,357010,Tupungatito,MODIS,0,0.00,1,sin anomalia,2026-10-05T14:24:05,mendoza
2026-06-17T18:24:01,357010,Tupungatito,VIIRS375,0,0.00,1,sin anomalia,2026-10-05T14:24:05,mendoza
2026-06-17T18:24:01,357010,Tupungatito,VIIRS750,0,0.00,1,sin anomalia,2026-10-05T14:24:05,mendoza
2026-06-17T19:12:02,357010,Tupungatito,VIIRS375,0,0.00,1,sin anomalia,2026-10-05T14:24:05,mendoza
2026-06-17T19:12:02,357010,Tupungatito,VIIRS750,0,0.00,1,sin anomalia,2026-10-05T14:24:05,mendoza
2026-06-17T20:30:00,357010,Tupungatito,MODIS,0,0.00,1,sin anomalia,2026-10-05T14:24:05,mendoza
2026-06-18T02:15:00,357010,Tupungatito,MODIS,0,0.00,1,sin anomalia,2026-10-05T14:24:05,mendoza
2026-06-18T05:42:01,357010,Tupungatito,VIIRS375,0,0.00,1,sin anomalia,2026-10-05T14:24:05,mendoza
2026-06-18T05:42:01,357010,Tupungatito,VIIRS750,0,0.00,1,sin anomalia,2026-10-05T14:24:05,mendoza
2026-06-18T06:30:02,357010,Tupungatito,VIIRS375,0,0.00,1,sin anomalia,2026-10-05T14:24:05,mendoza
2026-06-18T06:30:02,357010,Tupungatito,VIIRS750,0,0.00,1,sin anomalia,2026-10-05T14:24:05,mendoza
2026-06-18T07:30:00,357010,Tupungatito,MODIS,0,0.00,1,sin anomalia,2026-10-05T14:24:05,mendoza
2026-06-18T13:15:00,357010,Tupungatito,MODIS,0,0.00,1,sin anomalia,2026-10-05T14:24:05,mendoza
2026-06-18T18:54:02,357010,Tupungatito,VIIRS375,0,0.00,1,sin anomalia,2026-10-05T14:24:05,mendoza
2026-06-18T18:54:02,357010,Tupungatito,VIIRS750,0,0.00,1,sin anomalia,2026-10-05T14:24:05,mendoza
2026-06-18T19:30:00,357010,Tupungatito,VIIRS375,0,0.00,1,sin anomalia,2026-10-05T14:24:05,mendoza
2026-06-18T19:30:00,357010,Tupungatito,VIIRS750,0,0.00,1,sin anomalia,2026-10-05T14:24:05,mendoza
2026-06-18T21:10:00,357010,Tupungatito,MODIS,0,0.00,1,sin anomalia,2026-10-05T14:24:05,mendoza
2026-06-19T01:15:00,357010,Tupungatito,MODIS,0,0.00,1,sin anomalia,2026-10-05T14:24:05,mendoza
2026-06-19T04:30:02,357010,Tupungatito,VIIRS750,0,0.00,1,sin anomalia,2026-10-05T14:24:05,mendoza
2026-06-19T05:24:01,357010,Tupungatito,VIIRS375,0.11,5.41,1,muy baja,2026-10-05T14:24:05,mendoza
2026-06-19T05:24:01,357010,Tupungatito,VIIRS750,0,0.00,1,sin anomalia,2026-10-05T14:24:05,mendoza
2026-06-19T06:12:02,357010,Tupungatito,VIIRS375,0.06,4.89,1,muy baja,2026-10-05T14:24:05,mendoza
2026-06-19T06:12:02,357010,Tupungatito,VIIRS750,0,0.00,1,sin anomalia,2026-10-05T14:24:05,mendoza
2026-06-19T06:48:00,357010,Tupungatito,VIIRS375,0,0.00,1,sin anomalia,2026-10-05T14:24:05,mendoza
2026-06-19T06:48:00,357010,Tupungatito,VIIRS750,0,0.00,1,sin anomalia,2026-10-05T14:24:05,mendoza
2026-06-19T08:10:00,357010,Tupungatito,MODIS,0,0.00,1,sin anomalia,2026-10-05T14:24:05,mendoza
2026-06-19T12:15:00,357010,Tupungatito,MODIS,0,0.00,1,sin anomalia,2026-10-05T14:24:05,mendoza
2026-06-19T13:55:00,357010,Tupungatito,MODIS,0,0.00,1,sin anomalia,2026-10-05T14:24:05,mendoza
2026-06-19T17:30:00,357010,Tupungatito,VIIRS375,347.1,24.66,0,fuera de radio,2026-10-05T14:24:05,mendoza
2026-06-19T17:48:01,357010,Tupungatito,VIIRS375,19.7,30.38,0,fuera de radio,2026-10-05T14:24:05,mendoza
2026-06-19T17:48:01,357010,Tupungatito,VIIRS750,0,0.00,1,sin anomalia,2026-10-05T14:24:05,mendoza
2026-06-19T18:36:02,357010,Tupungatito,VIIRS375,0,0.00,1,sin anomalia,2026-10-05T14:24:05,mendoza
2026-06-19T19:12:00,357010,Tupungatito,VIIRS375,0,0.00,1,sin anomalia,2026-10-05T14:24:05,mendoza
2026-06-19T19:30:01,357010,Tupungatito,VIIRS375,0,0.00,1,sin anomalia,2026-10-05T14:24:05,mendoza
2026-06-19T19:30:01,357010,Tupungatito,VIIRS750,0,0.00,1,sin anomalia,2026-10-05T14:24:05,mendoza
2026-06-19T20:10:00,357010,Tupungatito,MODIS,0,0.00,1,sin anomalia,2026-10-05T14:24:05,mendoza
2026-06-20T01:55:00,357010,Tupungatito,MODIS,0,0.00,1,sin anomalia,2026-10-05T14:24:05,mendoza
2026-06-20T05:06:01,357010,Tupungatito,VIIRS375,0,0.00,1,sin anomalia,2026-10-05T14:24:05,mendoza
2026-06-20T05:06:01,357010,Tupungatito,VIIRS750,0,0.00,1,sin anomalia,2026-10-05T14:24:05,mendoza
2026-06-20T05:54:02,357010,Tupungatito,VIIRS375,0,0.00,1,sin anomalia,2026-10-05T14:24:05,mendoza
2026-06-20T05:54:02,357010,Tupungatito,VIIRS750,0,0.00,1,sin anomalia,2026-10-05T14:24:05,mendoza
2026-06-20T06:30:00,357010,Tupungatito,VIIRS375,0,0.00,1,sin anomalia,2026-10-05T14:24:05,mendoza
2026-06-20T06:48:01,357010,Tupungatito,VIIRS375,0,0.00,1,sin anomalia,2026-10-05T14:24:05,mendoza
2026-06-20T06:48:01,357010,Tupungatito,VIIRS750,0,0.00,1,sin anomalia,2026-10-05T14:24:05,mendoza
2026-06-20T07:10:00,357010,Tupungatito,MODIS,0,0.00,1,sin anomalia,2026-10-05T14:24:05,mendoza
2026-06-20T12:55:00,357010,Tupungatito,MODIS,0,0.00,1,sin anomalia,2026-10-05T14:24:05,mendoza
2026-06-20T17:30:01,357010,Tupungatito,VIIRS375,0,0.00,1,sin anomalia,2026-10-05T14:24:05,mendoza
2026-06-20T17:30:01,357010,Tupungatito,VIIRS750,0,0.00,1,sin anomalia,2026-10-05T14:24:05,mendoza
2026-06-20T18:18:02,357010,Tupungatito,VIIRS375,0,0.00,1,sin anomalia,2026-10-05T14:24:05,mendoza
2026-06-20T18:18:02,357010,Tupungatito,VIIRS750,0,0.00,1,sin anomalia,2026-10-05T14:24:05,mendoza
2026-06-20T19:12:01,357010,Tupungatito,VIIRS375,0,0.00,1,sin anomalia,2026-10-05T14:24:05,mendoza
2026-06-20T19:12:01,357010,Tupungatito,VIIRS750,0,0.00,1,sin anomalia,2026-10-05T14:24:05,mendoza
2026-06-20T20:50:00,357010,Tupungatito,MODIS,0,0.00,1,sin anomalia,2026-10-05T14:24:05,mendoza
2026-06-21T02:35:00,357010,Tupungatito,MODIS,0,0.00,1,sin anomalia,2026-10-05T14:24:05,mendoza
2026-06-21T04:48:01,357010,Tupungatito,VIIRS375,0.03,5.41,1,muy baja,2026-10-05T14:24:05,mendoza
2026-06-21T04:48:01,357010,Tupungatito,VIIRS750,0,0.00,1,sin anomalia,2026-10-05T14:24:05,mendoza
2026-06-21T05:36:02,357010,Tupungatito,VIIRS375,0.16,5.21,1,muy baja,2026-10-05T14:24:05,mendoza
2026-06-21T05:36:02,357010,Tupungatito,VIIRS750,0.21,4.37,1,muy baja,2026-10-05T14:24:05,mendoza
2026-06-21T06:30:01,357010,Tupungatito,VIIRS375,0,0.00,1,sin anomalia,2026-10-05T14:24:05,mendoza
2026-06-21T06:30:01,357010,Tupungatito,VIIRS750,0,0.00,1,sin anomalia,2026-10-05T14:24:05,mendoza
2026-06-21T07:45:00,357010,Tupungatito,MODIS,0,0.00,1,sin anomalia,2026-10-05T14:24:05,mendoza
2026-06-21T13:35:00,357010,Tupungatito,MODIS,0,0.00,1,sin anomalia,2026-10-05T14:24:05,mendoza
2026-06-21T18:00:02,357010,Tupungatito,VIIRS375,0,0.00,1,sin anomalia,2026-10-05T14:24:05,mendoza
2026-06-21T18:00:02,357010,Tupungatito,VIIRS750,0,0.00,1,sin anomalia,2026-10-05T14:24:05,mendoza
2026-06-21T18:30:00,357010,Tupungatito,VIIRS375,0,0.00,1,sin anomalia,2026-10-05T14:24:05,mendoza
2026-06-21T18:30:00,357010,Tupungatito,VIIRS750,0,0.00,1,sin anomalia,2026-10-05T14:24:05,mendoza
2026-06-21T19:50:00,357010,Tupungatito,MODIS,0,0.00,1,sin anomalia,2026-10-05T14:24:05,mendoza
2026-06-22T01:35:00,357010,Tupungatito,MODIS,0,0.00,1,sin anomalia,2026-10-05T14:24:05,mendoza
2026-06-22T05:18:02,357010,Tupungatito,VIIRS375,0,0.00,1,sin anomalia,2026-10-05T14:24:05,mendoza
2026-06-22T05:18:02,357010,Tupungatito,VIIRS750,0,0.00,1,sin anomalia,2026-10-05T14:24:05,mendoza
2026-06-22T05:54:00,357010,Tupungatito,VIIRS375,0.1,4.89,1,muy baja,2026-10-05T14:24:05,mendoza
2026-06-22T06:12:01,357010,Tupungatito,VIIRS375,0,0.00,1,sin anomalia,2026-10-05T14:24:05,mendoza
2026-06-22T06:12:01,357010,Tupungatito,VIIRS750,0,0.00,1,sin anomalia,2026-10-05T14:24:05,mendoza
2026-06-22T08:25:00,357010,Tupungatito,MODIS,0,0.00,1,sin anomalia,2026-10-05T14:24:05,mendoza
2026-06-22T12:35:00,357010,Tupungatito,MODIS,0,0.00,1,sin anomalia,2026-10-05T14:24:05,mendoza
2026-06-22T17:36:02,357010,Tupungatito,VIIRS375,0,0.00,1,sin anomalia,2026-10-05T14:24:05,mendoza
2026-06-22T17:36:02,357010,Tupungatito,VIIRS750,0,0.00,1,sin anomalia,2026-10-05T14:24:05,mendoza
2026-06-22T18:12:00,357010,Tupungatito,VIIRS375,0,0.00,1,sin anomalia,2026-10-05T14:24:05,mendoza
2026-06-22T18:12:00,357010,Tupungatito,VIIRS750,0,0.00,1,sin anomalia,2026-10-05T14:24:05,mendoza
2026-06-22T18:30:01,357010,Tupungatito,VIIRS375,0,0.00,1,sin anomalia,2026-10-05T14:24:05,mendoza
2026-06-22T18:30:01,357010,Tupungatito,VIIRS750,0,0.00,1,sin anomalia,2026-10-05T14:24:05,mendoza
2026-06-22T19:18:02,357010,Tupungatito,VIIRS375,0,0.00,1,sin anomalia,2026-10-05T14:24:05,mendoza
2026-06-22T19:18:02,357010,Tupungatito,VIIRS750,0,0.00,1,sin anomalia,2026-10-05T14:24:05,mendoza
2026-06-22T20:25:00,357010,Tupungatito,MODIS,0,0.00,1,sin anomalia,2026-10-05T14:24:05,mendoza
2026-06-23T02:15:00,357010,Tupungatito,MODIS,0,0.00,1,sin anomalia,2026-10-05T14:24:05,mendoza
2026-06-23T05:00:02,357010,Tupungatito,VIIRS375,0,0.00,1,sin anomalia,2026-10-05T14:24:05,mendoza
2026-06-23T05:00:02,357010,Tupungatito,VIIRS750,0.5,20.89,0,fuera de radio,2026-10-05T14:24:05,mendoza
2026-06-23T05:54:01,357010,Tupungatito,VIIRS750,0,0.00,1,sin anomalia,2026-10-05T14:24:05,mendoza
2026-06-23T06:36:02,357010,Tupungatito,VIIRS375,0,0.00,1,sin anomalia,2026-10-05T14:24:05,mendoza
2026-06-23T06:36:02,357010,Tupungatito,VIIRS750,0,0.00,1,sin anomalia,2026-10-05T14:24:05,mendoza
2026-06-23T07:25:00,357010,Tupungatito,MODIS,0,0.00,1,sin anomalia,2026-10-05T14:24:05,mendoza
2026-06-23T13:15:00,357010,Tupungatito,MODIS,0,0.00,1,sin anomalia,2026-10-05T14:24:05,mendoza
2026-06-23T17:18:02,357010,Tupungatito,VIIRS375,0,0.00,1,sin anomalia,2026-10-05T14:24:05,mendoza
2026-06-23T17:18:02,357010,Tupungatito,VIIRS750,0,0.00,1,sin anomalia,2026-10-05T14:24:05,mendoza
2026-06-23T17:54:00,357010,Tupungatito,VIIRS375,0,0.00,1,sin anomalia,2026-10-05T14:24:05,mendoza
2026-06-23T17:54:00,357010,Tupungatito,VIIRS750,0,0.00,1,sin anomalia,2026-10-05T14:24:05,mendoza
2026-06-23T18:12:01,357010,Tupungatito,VIIRS375,0,0.00,1,sin anomalia,2026-10-05T14:24:05,mendoza
2026-06-23T18:12:01,357010,Tupungatito,VIIRS750,0,0.00,1,sin anomalia,2026-10-05T14:24:05,mendoza
2026-06-23T19:00:02,357010,Tupungatito,VIIRS375,0,0.00,1,sin anomalia,2026-10-05T14:24:05,mendoza
2026-06-23T19:00:02,357010,Tupungatito,VIIRS750,0,0.00,1,sin anomalia,2026-10-05T14:24:05,mendoza
2026-06-23T19:36:00,357010,Tupungatito,VIIRS375,0,0.00,1,sin anomalia,2026-10-05T14:24:05,mendoza
2026-06-23T19:36:00,357010,Tupungatito,VIIRS750,0,0.00,1,sin anomalia,2026-10-05T14:24:05,mendoza
2026-06-23T21:05:00,357010,Tupungatito,MODIS,0,0.00,1,sin anomalia,2026-10-05T14:24:05,mendoza
2026-06-24T01:15:00,357010,Tupungatito,MODIS,0,0.00,1,sin anomalia,2026-10-05T14:24:05,mendoza
2026-06-24T04:36:02,357010,Tupungatito,VIIRS375,0,0.00,1,sin anomalia,2026-10-05T14:24:05,mendoza
2026-06-24T04:36:02,357010,Tupungatito,VIIRS750,0,0.00,1,sin anomalia,2026-10-05T14:24:05,mendoza
2026-06-24T05:30:01,357010,Tupungatito,VIIRS375,0,0.00,1,sin anomalia,2026-10-05T14:24:05,mendoza
2026-06-24T05:30:01,357010,Tupungatito,VIIRS750,0,0.00,1,sin anomalia,2026-10-05T14:24:05,mendoza
2026-06-24T06:18:02,357010,Tupungatito,VIIRS750,0,0.00,1,sin anomalia,2026-10-05T14:24:05,mendoza
2026-06-24T06:54:00,357010,Tupungatito,VIIRS375,0,0.00,1,sin anomalia,2026-10-05T14:24:05,mendoza
2026-06-24T06:54:00,357010,Tupungatito,VIIRS750,0,0.00,1,sin anomalia,2026-10-05T14:24:05,mendoza
2026-06-24T08:05:00,357010,Tupungatito,MODIS,0,0.00,1,sin anomalia,2026-10-05T14:24:05,mendoza
2026-06-24T12:15:00,357010,Tupungatito,MODIS,0,0.00,1,sin anomalia,2026-10-05T14:24:05,mendoza
2026-06-24T13:50:00,357010,Tupungatito,MODIS,0,0.00,1,sin anomalia,2026-10-05T14:24:05,mendoza
2026-06-24T17:36:00,357010,Tupungatito,VIIRS750,0,0.00,1,sin anomalia,2026-10-05T14:24:05,mendoza
2026-06-24T18:42:02,357010,Tupungatito,VIIRS375,0,0.00,1,sin anomalia,2026-10-05T14:24:05,mendoza
2026-06-24T18:42:02,357010,Tupungatito,VIIRS750,0,0.00,1,sin anomalia,2026-10-05T14:24:05,mendoza
2026-06-24T19:18:00,357010,Tupungatito,VIIRS750,0,0.00,1,sin anomalia,2026-10-05T14:24:05,mendoza
2026-06-24T19:36:01,357010,Tupungatito,VIIRS375,0,0.00,1,sin anomalia,2026-10-05T14:24:05,mendoza
2026-06-24T19:36:01,357010,Tupungatito,VIIRS750,0,0.00,1,sin anomalia,2026-10-05T14:24:05,mendoza
2026-06-24T20:05:00,357010,Tupungatito,MODIS,0,0.00,1,sin anomalia,2026-10-05T14:24:05,mendoza
2026-06-25T01:55:00,357010,Tupungatito,MODIS,0,0.00,1,sin anomalia,2026-10-05T14:24:05,mendoza
2026-06-25T05:12:01,357010,Tupungatito,VIIRS375,0.11,4.89,1,muy baja,2026-10-05T14:24:05,mendoza
2026-06-25T05:12:01,357010,Tupungatito,VIIRS750,0,0.00,1,sin anomalia,2026-10-05T14:24:05,mendoza
2026-06-25T06:00:02,357010,Tupungatito,VIIRS375,0.16,4.89,1,muy baja,2026-10-05T14:24:05,mendoza
2026-06-25T06:00:02,357010,Tupungatito,VIIRS750,0,0.00,1,sin anomalia,2026-10-05T14:24:05,mendoza
2026-06-25T06:36:00,357010,Tupungatito,VIIRS375,0.08,5.10,1,muy baja,2026-10-05T14:24:05,mendoza
2026-06-25T06:36:00,357010,Tupungatito,VIIRS750,0,0.00,1,sin anomalia,2026-10-05T14:24:05,mendoza
2026-06-25T07:05:00,357010,Tupungatito,MODIS,0,0.00,1,sin anomalia,2026-10-05T14:24:05,mendoza
2026-06-25T12:55:00,357010,Tupungatito,MODIS,0,0.00,1,sin anomalia,2026-10-05T14:24:05,mendoza
2026-06-25T17:36:01,357010,Tupungatito,VIIRS375,0,0.00,1,sin anomalia,2026-10-05T14:24:05,mendoza
2026-06-25T17:36:01,357010,Tupungatito,VIIRS750,0,0.00,1,sin anomalia,2026-10-05T14:24:05,mendoza
2026-06-25T18:24:02,357010,Tupungatito,VIIRS750,0,0.00,1,sin anomalia,2026-10-05T14:24:05,mendoza
2026-06-25T19:18:01,357010,Tupungatito,VIIRS375,0,0.00,1,sin anomalia,2026-10-05T14:24:05,mendoza
2026-06-25T19:18:01,357010,Tupungatito,VIIRS750,0,0.00,1,sin anomalia,2026-10-05T14:24:05,mendoza
2026-06-25T20:40:00,357010,Tupungatito,MODIS,0,0.00,1,sin anomalia,2026-10-05T14:24:05,mendoza
2026-06-26T02:30:00,357010,Tupungatito,MODIS,0,0.00,1,sin anomalia,2026-10-05T14:24:05,mendoza
2026-06-26T06:18:00,357010,Tupungatito,VIIRS375,0,0.00,1,sin anomalia,2026-10-05T14:24:05,mendoza
2026-06-26T06:36:01,357010,Tupungatito,VIIRS375,0,0.00,1,sin anomalia,2026-10-05T14:24:05,mendoza
2026-06-26T06:36:01,357010,Tupungatito,VIIRS750,0,0.00,1,sin anomalia,2026-10-05T14:24:05,mendoza
2026-06-26T07:40:00,357010,Tupungatito,MODIS,0,0.00,1,sin anomalia,2026-10-05T14:24:05,mendoza
2026-06-26T13:30:00,357010,Tupungatito,MODIS,0,0.00,1,sin anomalia,2026-10-05T14:24:05,mendoza
2026-06-26T18:06:02,357010,Tupungatito,VIIRS375,0,0.00,1,sin anomalia,2026-10-05T14:24:05,mendoza
2026-06-26T18:06:02,357010,Tupungatito,VIIRS750,0,0.00,1,sin anomalia,2026-10-05T14:24:05,mendoza
2026-06-26T18:36:00,357010,Tupungatito,VIIRS375,0,0.00,1,sin anomalia,2026-10-05T14:24:05,mendoza
2026-06-26T18:36:00,357010,Tupungatito,VIIRS750,0,0.00,1,sin anomalia,2026-10-05T14:24:05,mendoza
2026-06-26T19:00:01,357010,Tupungatito,VIIRS375,0,0.00,1,sin anomalia,2026-10-05T14:24:05,mendoza
2026-06-26T19:00:01,357010,Tupungatito,VIIRS750,0,0.00,1,sin anomalia,2026-10-05T14:24:05,mendoza
2026-06-26T21:20:00,357010,Tupungatito,MODIS,0,0.00,1,sin anomalia,2026-10-05T14:24:05,mendoza
2026-06-27T01:35:00,357010,Tupungatito,MODIS,0,0.00,1,sin anomalia,2026-10-05T14:24:05,mendoza
2026-06-27T04:36:01,357010,Tupungatito,VIIRS375,0,0.00,1,sin anomalia,2026-10-05T14:24:05,mendoza
2026-06-27T04:36:01,357010,Tupungatito,VIIRS750,0,0.00,1,sin anomalia,2026-10-05T14:24:05,mendoza
2026-06-27T05:24:02,357010,Tupungatito,VIIRS375,0,0.00,1,sin anomalia,2026-10-05T14:24:05,mendoza
2026-06-27T05:24:02,357010,Tupungatito,VIIRS750,0,0.00,1,sin anomalia,2026-10-05T14:24:05,mendoza
2026-06-27T06:18:01,357010,Tupungatito,VIIRS375,0,0.00,1,sin anomalia,2026-10-05T14:24:05,mendoza
2026-06-27T06:18:01,357010,Tupungatito,VIIRS750,0,0.00,1,sin anomalia,2026-10-05T14:24:05,mendoza
2026-06-27T08:20:00,357010,Tupungatito,MODIS,0,0.00,1,sin anomalia,2026-10-05T14:24:05,mendoza
2026-06-27T12:35:00,357010,Tupungatito,MODIS,0,0.00,1,sin anomalia,2026-10-05T14:24:05,mendoza
2026-06-27T17:42:02,357010,Tupungatito,VIIRS375,0,0.00,1,sin anomalia,2026-10-05T14:24:05,mendoza
2026-06-27T17:42:02,357010,Tupungatito,VIIRS750,0,0.00,1,sin anomalia,2026-10-05T14:24:05,mendoza
2026-06-27T18:18:00,357010,Tupungatito,VIIRS375,0,0.00,1,sin anomalia,2026-10-05T14:24:05,mendoza
2026-06-27T18:18:00,357010,Tupungatito,VIIRS750,0,0.00,1,sin anomalia,2026-10-05T14:24:05,mendoza
2026-06-27T19:24:02,357010,Tupungatito,VIIRS375,0,0.00,1,sin anomalia,2026-10-05T14:24:05,mendoza
2026-06-27T19:24:02,357010,Tupungatito,VIIRS750,0,0.00,1,sin anomalia,2026-10-05T14:24:05,mendoza
2026-06-27T20:20:00,357010,Tupungatito,MODIS,0,0.00,1,sin anomalia,2026-10-05T14:24:05,mendoza
2026-06-28T02:10:00,357010,Tupungatito,MODIS,0,0.00,1,sin anomalia,2026-10-05T14:24:05,mendoza
2026-06-28T05:06:02,357010,Tupungatito,VIIRS375,0.22,5.21,1,muy baja,2026-10-05T14:24:05,mendoza
2026-06-28T05:06:02,357010,Tupungatito,VIIRS750,0,0.00,1,sin anomalia,2026-10-05T14:24:05,mendoza
2026-06-28T06:00:01,357010,Tupungatito,VIIRS375,0.15,5.21,1,muy baja,2026-10-05T14:24:05,mendoza
2026-06-28T06:00:01,357010,Tupungatito,VIIRS750,0,0.00,1,sin anomalia,2026-10-05T14:24:05,mendoza
2026-06-28T06:42:02,357010,Tupungatito,VIIRS375,0,0.00,1,sin anomalia,2026-10-05T14:24:05,mendoza
2026-06-28T06:42:02,357010,Tupungatito,VIIRS750,0,0.00,1,sin anomalia,2026-10-05T14:24:05,mendoza
2026-06-28T07:20:00,357010,Tupungatito,MODIS,0,0.00,1,sin anomalia,2026-10-05T14:24:05,mendoza
2026-06-28T13:10:00,357010,Tupungatito,MODIS,0,0.00,1,sin anomalia,2026-10-05T14:24:05,mendoza
2026-06-28T18:18:01,357010,Tupungatito,VIIRS375,0,0.00,1,sin anomalia,2026-10-05T14:24:05,mendoza
2026-06-28T18:18:01,357010,Tupungatito,VIIRS750,0,0.00,1,sin anomalia,2026-10-05T14:24:05,mendoza
2026-06-28T19:06:02,357010,Tupungatito,VIIRS375,0,0.00,1,sin anomalia,2026-10-05T14:24:05,mendoza
2026-06-28T19:06:02,357010,Tupungatito,VIIRS750,0,0.00,1,sin anomalia,2026-10-05T14:24:05,mendoza
2026-06-28T19:42:00,357010,Tupungatito,VIIRS375,0,0.00,1,sin anomalia,2026-10-05T14:24:05,mendoza
2026-06-28T19:42:00,357010,Tupungatito,VIIRS750,0,0.00,1,sin anomalia,2026-10-05T14:24:05,mendoza
2026-06-28T20:55:00,357010,Tupungatito,MODIS,0,0.00,1,sin anomalia,2026-10-05T14:24:05,mendoza
2026-06-29T01:15:00,357010,Tupungatito,MODIS,0,0.00,1,sin anomalia,2026-10-05T14:24:05,mendoza
2026-06-29T04:42:02,357010,Tupungatito,VIIRS375,0,0.00,1,sin anomalia,2026-10-05T14:24:05,mendoza
2026-06-29T04:42:02,357010,Tupungatito,VIIRS750,0,0.00,1,sin anomalia,2026-10-05T14:24:05,mendoza
2026-06-29T06:24:02,357010,Tupungatito,VIIRS750,0,0.00,1,sin anomalia,2026-10-05T14:24:05,mendoza
2026-06-29T07:55:00,357010,Tupungatito,MODIS,0,0.00,1,sin anomalia,2026-10-05T14:24:05,mendoza
2026-06-29T12:15:00,357010,Tupungatito,MODIS,0,0.00,1,sin anomalia,2026-10-05T14:24:05,mendoza
2026-06-29T13:50:00,357010,Tupungatito,MODIS,0,0.00,1,sin anomalia,2026-10-05T14:24:05,mendoza
2026-06-29T17:42:00,357010,Tupungatito,VIIRS750,0,0.00,1,sin anomalia,2026-10-05T14:24:05,mendoza
2026-06-29T18:00:01,357010,Tupungatito,VIIRS375,0,0.00,1,sin anomalia,2026-10-05T14:24:05,mendoza
2026-06-29T18:00:01,357010,Tupungatito,VIIRS750,0,0.00,1,sin anomalia,2026-10-05T14:24:05,mendoza
2026-06-29T18:48:02,357010,Tupungatito,VIIRS375,0,0.00,1,sin anomalia,2026-10-05T14:24:05,mendoza
2026-06-29T18:48:02,357010,Tupungatito,VIIRS750,0,0.00,1,sin anomalia,2026-10-05T14:24:05,mendoza
2026-06-29T19:24:00,357010,Tupungatito,VIIRS375,0,0.00,1,sin anomalia,2026-10-05T14:24:05,mendoza
2026-06-29T19:24:00,357010,Tupungatito,VIIRS750,0,0.00,1,sin anomalia,2026-10-05T14:24:05,mendoza
2026-06-29T19:55:00,357010,Tupungatito,MODIS,0,0.00,1,sin anomalia,2026-10-05T14:24:05,mendoza
2026-06-30T01:50:00,357010,Tupungatito,MODIS,0,0.00,1,sin anomalia,2026-10-05T14:24:05,mendoza
2026-06-30T05:18:01,357010,Tupungatito,VIIRS375,0.2,5.21,1,muy baja,2026-10-05T14:24:05,mendoza
2026-06-30T05:18:01,357010,Tupungatito,VIIRS750,0,0.00,1,sin anomalia,2026-10-05T14:24:05,mendoza
2026-06-30T06:06:02,357010,Tupungatito,VIIRS375,0.09,4.89,1,muy baja,2026-10-05T14:24:05,mendoza
2026-06-30T06:06:02,357010,Tupungatito,VIIRS750,0,0.00,1,sin anomalia,2026-10-05T14:24:05,mendoza
2026-06-30T06:42:00,357010,Tupungatito,VIIRS375,0.04,4.80,1,muy baja,2026-10-05T14:24:05,mendoza
2026-06-30T06:42:00,357010,Tupungatito,VIIRS750,0,0.00,1,sin anomalia,2026-10-05T14:24:05,mendoza
2026-06-30T06:55:00,357010,Tupungatito,MODIS,0,0.00,1,sin anomalia,2026-10-05T14:24:05,mendoza
2026-06-30T08:35:00,357010,Tupungatito,MODIS,0,0.00,1,sin anomalia,2026-10-05T14:24:05,mendoza
2026-06-30T12:50:00,357010,Tupungatito,MODIS,0,0.00,1,sin anomalia,2026-10-05T14:24:05,mendoza
2026-06-30T17:42:01,357010,Tupungatito,VIIRS375,0,0.00,1,sin anomalia,2026-10-05T14:24:05,mendoza
2026-06-30T17:42:01,357010,Tupungatito,VIIRS750,0,0.00,1,sin anomalia,2026-10-05T14:24:05,mendoza
2026-06-30T18:30:02,357010,Tupungatito,VIIRS375,0,0.00,1,sin anomalia,2026-10-05T14:24:05,mendoza
2026-06-30T19:24:01,357010,Tupungatito,VIIRS375,0,0.00,1,sin anomalia,2026-10-05T14:24:05,mendoza
2026-06-30T19:24:01,357010,Tupungatito,VIIRS750,0,0.00,1,sin anomalia,2026-10-05T14:24:05,mendoza
2026-06-30T20:35:00,357010,Tupungatito,MODIS,0,0.00,1,sin anomalia,2026-10-05T14:24:05,mendoza
2026-07-01T02:30:00,357010,Tupungatito,MODIS,0,0.00,1,sin anomalia,2026-10-05T14:24:05,mendoza
2026-07-01T05:00:01,357010,Tupungatito,VIIRS375,0,0.00,1,sin anomalia,2026-10-05T14:24:05,mendoza
2026-07-01T05:00:01,357010,Tupungatito,VIIRS750,0,0.00,1,sin anomalia,2026-10-05T14:24:05,mendoza
2026-07-01T05:48:02,357010,Tupungatito,VIIRS375,0,0.00,1,sin anomalia,2026-10-05T14:24:05,mendoza
2026-07-01T06:42:01,357010,Tupungatito,VIIRS375,0,0.00,1,sin anomalia,2026-10-05T14:24:05,mendoza
2026-07-01T06:42:01,357010,Tupungatito,VIIRS750,0,0.00,1,sin anomalia,2026-10-05T14:24:05,mendoza
2026-07-01T07:35:00,357010,Tupungatito,MODIS,0,0.00,1,sin anomalia,2026-10-05T14:24:05,mendoza
2026-07-01T13:30:00,357010,Tupungatito,MODIS,0,0.00,1,sin anomalia,2026-10-05T14:24:05,mendoza
2026-07-01T17:24:01,357010,Tupungatito,VIIRS750,0,0.00,1,sin anomalia,2026-10-05T14:24:05,mendoza
2026-07-01T19:06:01,357010,Tupungatito,VIIRS375,0,0.00,1,sin anomalia,2026-10-05T14:24:05,mendoza
2026-07-01T19:06:01,357010,Tupungatito,VIIRS750,0,0.00,1,sin anomalia,2026-10-05T14:24:05,mendoza
2026-07-01T21:15:00,357010,Tupungatito,MODIS,0,0.00,1,sin anomalia,2026-10-05T14:24:05,mendoza
2026-07-02T01:30:00,357010,Tupungatito,MODIS,0,0.00,1,sin anomalia,2026-10-05T14:24:05,mendoza
2026-07-02T04:42:01,357010,Tupungatito,VIIRS375,0,0.00,1,sin anomalia,2026-10-05T14:24:05,mendoza
2026-07-02T04:42:01,357010,Tupungatito,VIIRS750,0,0.00,1,sin anomalia,2026-10-05T14:24:05,mendoza
2026-07-02T05:30:02,357010,Tupungatito,VIIRS375,0.14,4.89,1,muy baja,2026-10-05T14:24:05,mendoza
2026-07-02T06:24:01,357010,Tupungatito,VIIRS375,0,0.00,1,sin anomalia,2026-10-05T14:24:05,mendoza
2026-07-02T06:24:01,357010,Tupungatito,VIIRS750,0,0.00,1,sin anomalia,2026-10-05T14:24:05,mendoza
2026-07-02T08:10:00,357010,Tupungatito,MODIS,0,0.00,1,sin anomalia,2026-10-05T14:24:05,mendoza
2026-07-02T12:30:00,357010,Tupungatito,MODIS,0,0.00,1,sin anomalia,2026-10-05T14:24:05,mendoza
2026-07-02T17:48:02,357010,Tupungatito,VIIRS375,0,0.00,1,sin anomalia,2026-10-05T14:24:05,mendoza
2026-07-02T18:24:00,357010,Tupungatito,VIIRS375,0,0.00,1,sin anomalia,2026-10-05T14:24:05,mendoza
2026-07-02T19:30:02,357010,Tupungatito,VIIRS375,0,0.00,1,sin anomalia,2026-10-05T14:24:05,mendoza
2026-07-02T19:30:02,357010,Tupungatito,VIIRS750,0,0.00,1,sin anomalia,2026-10-05T14:24:05,mendoza
2026-07-02T20:15:00,357010,Tupungatito,MODIS,0,0.00,1,sin anomalia,2026-10-05T14:24:05,mendoza
2026-07-03T02:10:00,357010,Tupungatito,MODIS,0,0.00,1,sin anomalia,2026-10-05T14:24:05,mendoza
2026-07-03T05:12:02,357010,Tupungatito,VIIRS375,0.81,10.13,0,fuera de radio,2026-10-05T14:24:05,mendoza
2026-07-03T05:12:02,357010,Tupungatito,VIIRS750,0,0.00,1,sin anomalia,2026-10-05T14:24:05,mendoza
2026-07-03T06:06:01,357010,Tupungatito,VIIRS375,0.12,5.21,1,muy baja,2026-10-05T14:24:05,mendoza
2026-07-03T06:06:01,357010,Tupungatito,VIIRS750,0,0.00,1,sin anomalia,2026-10-05T14:24:05,mendoza
2026-07-03T07:10:00,357010,Tupungatito,MODIS,0,0.00,1,sin anomalia,2026-10-05T14:24:05,mendoza
2026-07-03T13:10:00,357010,Tupungatito,MODIS,0,0.00,1,sin anomalia,2026-10-05T14:24:05,mendoza
2026-07-03T17:30:02,357010,Tupungatito,VIIRS750,0,0.00,1,sin anomalia,2026-10-05T14:24:05,mendoza
2026-07-03T18:24:01,357010,Tupungatito,VIIRS375,0,0.00,1,sin anomalia,2026-10-05T14:24:05,mendoza
2026-07-03T19:12:02,357010,Tupungatito,VIIRS375,0,0.00,1,sin anomalia,2026-10-05T14:24:05,mendoza
2026-07-03T19:12:02,357010,Tupungatito,VIIRS750,0,0.00,1,sin anomalia,2026-10-05T14:24:05,mendoza
2026-07-03T20:50:00,357010,Tupungatito,MODIS,0,0.00,1,sin anomalia,2026-10-05T14:24:05,mendoza
2026-07-04T01:10:00,357010,Tupungatito,MODIS,0,0.00,1,sin anomalia,2026-10-05T14:24:05,mendoza
2026-07-04T05:48:01,357010,Tupungatito,VIIRS375,0.16,5.21,1,muy baja,2026-10-05T14:24:05,mendoza
2026-07-04T05:48:01,357010,Tupungatito,VIIRS750,0,0.00,1,sin anomalia,2026-10-05T14:24:05,mendoza
2026-07-04T06:30:02,357010,Tupungatito,VIIRS375,0,0.00,1,sin anomalia,2026-10-05T14:24:05,mendoza
2026-07-04T06:30:02,357010,Tupungatito,VIIRS750,0,0.00,1,sin anomalia,2026-10-05T14:24:05,mendoza
2026-07-04T07:50:00,357010,Tupungatito,MODIS,0,0.00,1,sin anomalia,2026-10-05T14:24:05,mendoza
2026-07-04T12:10:00,357010,Tupungatito,MODIS,0,0.00,1,sin anomalia,2026-10-05T14:24:05,mendoza
2026-07-04T13:50:00,357010,Tupungatito,MODIS,0,0.00,1,sin anomalia,2026-10-05T14:24:05,mendoza
2026-07-04T18:06:01,357010,Tupungatito,VIIRS375,0,0.00,1,sin anomalia,2026-10-05T14:24:05,mendoza
2026-07-04T18:06:01,357010,Tupungatito,VIIRS750,0,0.00,1,sin anomalia,2026-10-05T14:24:05,mendoza
2026-07-04T18:54:02,357010,Tupungatito,VIIRS375,0,0.00,1,sin anomalia,2026-10-05T14:24:05,mendoza
2026-07-04T18:54:02,357010,Tupungatito,VIIRS750,0,0.00,1,sin anomalia,2026-10-05T14:24:05,mendoza
2026-07-04T19:30:00,357010,Tupungatito,VIIRS375,0,0.00,1,sin anomalia,2026-10-05T14:24:05,mendoza
2026-07-04T19:30:00,357010,Tupungatito,VIIRS750,0,0.00,1,sin anomalia,2026-10-05T14:24:05,mendoza
2026-07-04T19:50:00,357010,Tupungatito,MODIS,0,0.00,1,sin anomalia,2026-10-05T14:24:05,mendoza
2026-07-05T01:50:00,357010,Tupungatito,MODIS,0,0.00,1,sin anomalia,2026-10-05T14:24:05,mendoza
2026-07-05T05:24:01,357010,Tupungatito,VIIRS375,0,0.00,1,sin anomalia,2026-10-05T14:24:05,mendoza
2026-07-05T05:24:01,357010,Tupungatito,VIIRS750,0,0.00,1,sin anomalia,2026-10-05T14:24:05,mendoza
2026-07-05T06:12:02,357010,Tupungatito,VIIRS375,0,0.00,1,sin anomalia,2026-10-05T14:24:05,mendoza
2026-07-05T06:12:02,357010,Tupungatito,VIIRS750,0,0.00,1,sin anomalia,2026-10-05T14:24:05,mendoza
2026-07-05T06:48:00,357010,Tupungatito,VIIRS375,0,0.00,1,sin anomalia,2026-10-05T14:24:05,mendoza
2026-07-05T06:48:00,357010,Tupungatito,VIIRS750,0,0.00,1,sin anomalia,2026-10-05T14:24:05,mendoza
2026-07-05T08:30:00,357010,Tupungatito,MODIS,0,0.00,1,sin anomalia,2026-10-05T14:24:05,mendoza
2026-07-05T12:50:00,357010,Tupungatito,MODIS,0,0.00,1,sin anomalia,2026-10-05T14:24:05,mendoza
2026-07-05T17:30:00,357010,Tupungatito,VIIRS375,0,0.00,1,sin anomalia,2026-10-05T14:24:05,mendoza
2026-07-05T17:30:00,357010,Tupungatito,VIIRS750,0,0.00,1,sin anomalia,2026-10-05T14:24:05,mendoza
2026-07-05T17:48:01,357010,Tupungatito,VIIRS375,0,0.00,1,sin anomalia,2026-10-05T14:24:05,mendoza
2026-07-05T17:48:01,357010,Tupungatito,VIIRS750,0,0.00,1,sin anomalia,2026-10-05T14:24:05,mendoza
2026-07-05T18:36:02,357010,Tupungatito,VIIRS375,0,0.00,1,sin anomalia,2026-10-05T14:24:05,mendoza
2026-07-05T18:36:02,357010,Tupungatito,VIIRS750,0,0.00,1,sin anomalia,2026-10-05T14:24:05,mendoza
2026-07-05T19:12:00,357010,Tupungatito,VIIRS375,0,0.00,1,sin anomalia,2026-10-05T14:24:05,mendoza
2026-07-05T19:12:00,357010,Tupungatito,VIIRS750,0,0.00,1,sin anomalia,2026-10-05T14:24:05,mendoza
2026-07-05T19:30:01,357010,Tupungatito,VIIRS750,0,0.00,1,sin anomalia,2026-10-05T14:24:05,mendoza
2026-07-05T20:30:00,357010,Tupungatito,MODIS,0,0.00,1,sin anomalia,2026-10-05T14:24:05,mendoza
2026-07-06T02:30:00,357010,Tupungatito,MODIS,0,0.00,1,sin anomalia,2026-10-05T14:24:05,mendoza
2026-07-06T05:06:01,357010,Tupungatito,VIIRS375,0.15,5.41,1,muy baja,2026-10-05T14:24:05,mendoza
2026-07-06T05:06:01,357010,Tupungatito,VIIRS750,0,0.00,1,sin anomalia,2026-10-05T14:24:05,mendoza
2026-07-06T05:54:02,357010,Tupungatito,VIIRS375,0,0.00,1,sin anomalia,2026-10-05T14:24:05,mendoza
2026-07-06T05:54:02,357010,Tupungatito,VIIRS750,0,0.00,1,sin anomalia,2026-10-05T14:24:05,mendoza
2026-07-06T06:48:01,357010,Tupungatito,VIIRS375,0,0.00,1,sin anomalia,2026-10-05T14:24:05,mendoza
2026-07-06T06:48:01,357010,Tupungatito,VIIRS750,0,0.00,1,sin anomalia,2026-10-05T14:24:05,mendoza
2026-07-06T07:30:00,357010,Tupungatito,MODIS,0,0.00,1,sin anomalia,2026-10-05T14:24:05,mendoza
2026-07-06T13:30:00,357010,Tupungatito,MODIS,0,0.00,1,sin anomalia,2026-10-05T14:24:05,mendoza
2026-07-06T17:30:01,357010,Tupungatito,VIIRS750,0,0.00,1,sin anomalia,2026-10-05T14:24:05,mendoza
2026-07-06T18:18:02,357010,Tupungatito,VIIRS375,0,0.00,1,sin anomalia,2026-10-05T14:24:05,mendoza
2026-07-06T18:18:02,357010,Tupungatito,VIIRS750,0,0.00,1,sin anomalia,2026-10-05T14:24:05,mendoza
2026-07-06T19:12:01,357010,Tupungatito,VIIRS375,0,0.00,1,sin anomalia,2026-10-05T14:24:05,mendoza
2026-07-06T19:12:01,357010,Tupungatito,VIIRS750,0,0.00,1,sin anomalia,2026-10-05T14:24:05,mendoza
2026-07-06T21:05:00,357010,Tupungatito,MODIS,0,0.00,1,sin anomalia,2026-10-05T14:24:05,mendoza
2026-07-07T01:30:00,357010,Tupungatito,MODIS,0,0.00,1,sin anomalia,2026-10-05T14:24:05,mendoza
2026-07-07T04:48:01,357010,Tupungatito,VIIRS375,0,0.00,1,sin anomalia,2026-10-05T14:24:05,mendoza
2026-07-07T04:48:01,357010,Tupungatito,VIIRS750,0,0.00,1,sin anomalia,2026-10-05T14:24:05,mendoza
2026-07-07T05:36:02,357010,Tupungatito,VIIRS375,0.06,4.89,1,muy baja,2026-10-05T14:24:05,mendoza
2026-07-07T05:36:02,357010,Tupungatito,VIIRS750,0,0.00,1,sin anomalia,2026-10-05T14:24:05,mendoza
2026-07-07T06:30:01,357010,Tupungatito,VIIRS375,0,0.00,1,sin anomalia,2026-10-05T14:24:05,mendoza
2026-07-07T06:30:01,357010,Tupungatito,VIIRS750,0,0.00,1,sin anomalia,2026-10-05T14:24:05,mendoza
2026-07-07T08:05:00,357010,Tupungatito,MODIS,0,0.00,1,sin anomalia,2026-10-05T14:24:05,mendoza
2026-07-07T12:30:00,357010,Tupungatito,MODIS,0,0.00,1,sin anomalia,2026-10-05T14:24:05,mendoza
2026-07-07T18:00:02,357010,Tupungatito,VIIRS750,0,0.00,1,sin anomalia,2026-10-05T14:24:05,mendoza
2026-07-07T18:54:01,357010,Tupungatito,VIIRS375,0,0.00,1,sin anomalia,2026-10-05T14:24:05,mendoza
2026-07-07T18:54:01,357010,Tupungatito,VIIRS750,0,0.00,1,sin anomalia,2026-10-05T14:24:05,mendoza
2026-07-07T20:05:00,357010,Tupungatito,MODIS,0,0.00,1,sin anomalia,2026-10-05T14:24:05,mendoza
2026-07-08T02:10:00,357010,Tupungatito,MODIS,0,0.00,1,sin anomalia,2026-10-05T14:24:05,mendoza
2026-07-08T05:18:02,357010,Tupungatito,VIIRS375,0,0.00,1,sin anomalia,2026-10-05T14:24:05,mendoza
2026-07-08T06:12:01,357010,Tupungatito,VIIRS375,0,0.00,1,sin anomalia,2026-10-05T14:24:05,mendoza
2026-07-08T06:12:01,357010,Tupungatito,VIIRS750,0,0.00,1,sin anomalia,2026-10-05T14:24:05,mendoza
2026-07-08T07:05:00,357010,Tupungatito,MODIS,0,0.00,1,sin anomalia,2026-10-05T14:24:05,mendoza
2026-07-08T13:10:00,357010,Tupungatito,MODIS,0,0.00,1,sin anomalia,2026-10-05T14:24:05,mendoza
2026-07-08T18:12:00,357010,Tupungatito,VIIRS375,0.09,24.93,0,fuera de radio,2026-10-05T14:24:05,mendoza
2026-07-08T18:12:00,357010,Tupungatito,VIIRS750,0,0.00,1,sin anomalia,2026-10-05T14:24:05,mendoza
2026-07-08T18:30:01,357010,Tupungatito,VIIRS375,0,0.00,1,sin anomalia,2026-10-05T14:24:05,mendoza
2026-07-08T18:30:01,357010,Tupungatito,VIIRS750,0,0.00,1,sin anomalia,2026-10-05T14:24:05,mendoza
2026-07-08T19:18:02,357010,Tupungatito,VIIRS375,0,0.00,1,sin anomalia,2026-10-05T14:24:05,mendoza
2026-07-08T19:18:02,357010,Tupungatito,VIIRS750,0,0.00,1,sin anomalia,2026-10-05T14:24:05,mendoza
2026-07-08T20:45:00,357010,Tupungatito,MODIS,0,0.00,1,sin anomalia,2026-10-05T14:24:05,mendoza
2026-07-09T01:10:00,357010,Tupungatito,MODIS,0,0.00,1,sin anomalia,2026-10-05T14:24:05,mendoza
2026-07-09T05:00:02,357010,Tupungatito,VIIRS375,0,0.00,1,sin anomalia,2026-10-05T14:24:05,mendoza
2026-07-09T05:00:02,357010,Tupungatito,VIIRS750,0,0.00,1,sin anomalia,2026-10-05T14:24:05,mendoza
2026-07-09T05:54:01,357010,Tupungatito,VIIRS375,0,0.00,1,sin anomalia,2026-10-05T14:24:05,mendoza
2026-07-09T05:54:01,357010,Tupungatito,VIIRS750,0,0.00,1,sin anomalia,2026-10-05T14:24:05,mendoza
2026-07-09T06:36:02,357010,Tupungatito,VIIRS375,0,0.00,1,sin anomalia,2026-10-05T14:24:05,mendoza
2026-07-09T06:36:02,357010,Tupungatito,VIIRS750,0,0.00,1,sin anomalia,2026-10-05T14:24:05,mendoza
2026-07-09T07:45:00,357010,Tupungatito,MODIS,0,0.00,1,sin anomalia,2026-10-05T14:24:05,mendoza
2026-07-09T12:10:00,357010,Tupungatito,MODIS,0,0.00,1,sin anomalia,2026-10-05T14:24:05,mendoza
2026-07-09T13:50:00,357010,Tupungatito,MODIS,0,0.00,1,sin anomalia,2026-10-05T14:24:05,mendoza
2026-07-09T17:18:02,357010,Tupungatito,VIIRS375,0,0.00,1,sin anomalia,2026-10-05T14:24:05,mendoza
2026-07-09T17:18:02,357010,Tupungatito,VIIRS750,0,0.00,1,sin anomalia,2026-10-05T14:24:05,mendoza
2026-07-09T17:54:00,357010,Tupungatito,VIIRS375,0,0.00,1,sin anomalia,2026-10-05T14:24:05,mendoza
2026-07-09T17:54:00,357010,Tupungatito,VIIRS750,0,0.00,1,sin anomalia,2026-10-05T14:24:05,mendoza
2026-07-09T18:12:01,357010,Tupungatito,VIIRS375,0,0.00,1,sin anomalia,2026-10-05T14:24:05,mendoza
2026-07-09T18:12:01,357010,Tupungatito,VIIRS750,0,0.00,1,sin anomalia,2026-10-05T14:24:05,mendoza
2026-07-09T19:00:02,357010,Tupungatito,VIIRS375,0,0.00,1,sin anomalia,2026-10-05T14:24:05,mendoza
2026-07-09T19:00:02,357010,Tupungatito,VIIRS750,0,0.00,1,sin anomalia,2026-10-05T14:24:05,mendoza
2026-07-09T19:36:00,357010,Tupungatito,VIIRS375,0,0.00,1,sin anomalia,2026-10-05T14:24:05,mendoza
2026-07-09T19:36:00,357010,Tupungatito,VIIRS750,0,0.00,1,sin anomalia,2026-10-05T14:24:05,mendoza
2026-07-09T19:45:00,357010,Tupungatito,MODIS,0,0.00,1,sin anomalia,2026-10-05T14:24:05,mendoza
2026-07-09T21:20:00,357010,Tupungatito,MODIS,0,0.00,1,sin anomalia,2026-10-05T14:24:05,mendoza
2026-07-10T01:50:00,357010,Tupungatito,MODIS,0,0.00,1,sin anomalia,2026-10-05T14:24:05,mendoza
2026-07-10T04:36:02,357010,Tupungatito,VIIRS375,0,0.00,1,sin anomalia,2026-10-05T14:24:05,mendoza
2026-07-10T04:36:02,357010,Tupungatito,VIIRS750,0,0.00,1,sin anomalia,2026-10-05T14:24:05,mendoza
2026-07-10T06:18:02,357010,Tupungatito,VIIRS375,0,0.00,1,sin anomalia,2026-10-05T14:24:05,mendoza
2026-07-10T06:18:02,357010,Tupungatito,VIIRS750,0,0.00,1,sin anomalia,2026-10-05T14:24:05,mendoza
2026-07-10T06:54:00,357010,Tupungatito,VIIRS375,0,0.00,1,sin anomalia,2026-10-05T14:24:05,mendoza
2026-07-10T06:54:00,357010,Tupungatito,VIIRS750,0,0.00,1,sin anomalia,2026-10-05T14:24:05,mendoza
2026-07-10T08:20:00,357010,Tupungatito,MODIS,0,0.00,1,sin anomalia,2026-10-05T14:24:05,mendoza
2026-07-10T12:50:00,357010,Tupungatito,MODIS,0,0.00,1,sin anomalia,2026-10-05T14:24:05,mendoza
2026-07-10T17:54:01,357010,Tupungatito,VIIRS375,0,0.00,1,sin anomalia,2026-10-05T14:24:05,mendoza
2026-07-10T17:54:01,357010,Tupungatito,VIIRS750,0,0.00,1,sin anomalia,2026-10-05T14:24:05,mendoza
2026-07-10T19:36:01,357010,Tupungatito,VIIRS375,0,0.00,1,sin anomalia,2026-10-05T14:24:05,mendoza
2026-07-10T19:36:01,357010,Tupungatito,VIIRS750,0,0.00,1,sin anomalia,2026-10-05T14:24:05,mendoza
2026-07-10T20:20:00,357010,Tupungatito,MODIS,0,0.00,1,sin anomalia,2026-10-05T14:24:05,mendoza
2026-07-11T02:30:00,357010,Tupungatito,MODIS,0,0.00,1,sin anomalia,2026-10-05T14:24:05,mendoza
2026-07-11T05:12:01,357010,Tupungatito,VIIRS375,2.79,26.89,0,fuera de radio,2026-10-05T14:24:05,mendoza
2026-07-11T05:12:01,357010,Tupungatito,VIIRS750,0,0.00,1,sin anomalia,2026-10-05T14:24:05,mendoza
2026-07-11T06:00:02,357010,Tupungatito,VIIRS375,0,0.00,1,sin anomalia,2026-10-05T14:24:05,mendoza
2026-07-11T06:00:02,357010,Tupungatito,VIIRS750,0,0.00,1,sin anomalia,2026-10-05T14:24:05,mendoza
2026-07-11T07:20:00,357010,Tupungatito,MODIS,0,0.00,1,sin anomalia,2026-10-05T14:24:05,mendoza
2026-07-11T13:30:00,357010,Tupungatito,MODIS,0,0.00,1,sin anomalia,2026-10-05T14:24:05,mendoza
2026-07-11T17:36:01,357010,Tupungatito,VIIRS375,0,0.00,1,sin anomalia,2026-10-05T14:24:05,mendoza
2026-07-11T17:36:01,357010,Tupungatito,VIIRS750,0,0.00,1,sin anomalia,2026-10-05T14:24:05,mendoza
2026-07-11T18:24:02,357010,Tupungatito,VIIRS375,0,0.00,1,sin anomalia,2026-10-05T14:24:05,mendoza
2026-07-11T18:24:02,357010,Tupungatito,VIIRS750,0,0.00,1,sin anomalia,2026-10-05T14:24:05,mendoza
2026-07-11T19:18:01,357010,Tupungatito,VIIRS375,0,0.00,1,sin anomalia,2026-10-05T14:24:05,mendoza
2026-07-11T19:18:01,357010,Tupungatito,VIIRS750,0,0.00,1,sin anomalia,2026-10-05T14:24:05,mendoza
2026-07-11T21:00:00,357010,Tupungatito,MODIS,0,0.00,1,sin anomalia,2026-10-05T14:24:05,mendoza
2026-07-12T01:30:00,357010,Tupungatito,MODIS,0,0.00,1,sin anomalia,2026-10-05T14:24:05,mendoza
2026-07-12T04:54:01,357010,Tupungatito,VIIRS375,0,0.00,1,sin anomalia,2026-10-05T14:24:05,mendoza
2026-07-12T04:54:01,357010,Tupungatito,VIIRS750,0,0.00,1,sin anomalia,2026-10-05T14:24:05,mendoza
2026-07-12T05:42:02,357010,Tupungatito,VIIRS375,0,0.00,1,sin anomalia,2026-10-05T14:24:05,mendoza
2026-07-12T05:42:02,357010,Tupungatito,VIIRS750,0,0.00,1,sin anomalia,2026-10-05T14:24:05,mendoza
2026-07-12T06:36:01,357010,Tupungatito,VIIRS375,0,0.00,1,sin anomalia,2026-10-05T14:24:05,mendoza
2026-07-12T06:36:01,357010,Tupungatito,VIIRS750,0,0.00,1,sin anomalia,2026-10-05T14:24:05,mendoza
2026-07-12T08:00:00,357010,Tupungatito,MODIS,0,0.00,1,sin anomalia,2026-10-05T14:24:05,mendoza
2026-07-12T12:30:00,357010,Tupungatito,MODIS,0,0.00,1,sin anomalia,2026-10-05T14:24:05,mendoza
2026-07-12T18:06:02,357010,Tupungatito,VIIRS375,0,0.00,1,sin anomalia,2026-10-05T14:24:05,mendoza
2026-07-12T18:06:02,357010,Tupungatito,VIIRS750,0,0.00,1,sin anomalia,2026-10-05T14:24:05,mendoza
2026-07-12T19:00:01,357010,Tupungatito,VIIRS375,0,0.00,1,sin anomalia,2026-10-05T14:24:05,mendoza
2026-07-12T19:00:01,357010,Tupungatito,VIIRS750,0,0.00,1,sin anomalia,2026-10-05T14:24:05,mendoza
2026-07-12T20:00:00,357010,Tupungatito,MODIS,0,0.00,1,sin anomalia,2026-10-05T14:24:05,mendoza
2026-07-13T02:10:00,357010,Tupungatito,MODIS,0,0.00,1,sin anomalia,2026-10-05T14:24:05,mendoza
2026-07-13T05:24:02,357010,Tupungatito,VIIRS375,0.14,4.89,1,muy baja,2026-10-05T14:24:05,mendoza
2026-07-13T05:24:02,357010,Tupungatito,VIIRS750,0,0.00,1,sin anomalia,2026-10-05T14:24:05,mendoza
2026-07-13T06:18:01,357010,Tupungatito,VIIRS375,0,0.00,1,sin anomalia,2026-10-05T14:24:05,mendoza
2026-07-13T06:18:01,357010,Tupungatito,VIIRS750,0,0.00,1,sin anomalia,2026-10-05T14:24:05,mendoza
2026-07-13T07:00:00,357010,Tupungatito,MODIS,0,0.00,1,sin anomalia,2026-10-05T14:24:05,mendoza
2026-07-13T13:10:00,357010,Tupungatito,MODIS,0,0.00,1,sin anomalia,2026-10-05T14:24:05,mendoza
2026-07-13T17:42:02,357010,Tupungatito,VIIRS375,0,0.00,1,sin anomalia,2026-10-05T14:24:05,mendoza
2026-07-13T17:42:02,357010,Tupungatito,VIIRS750,0,0.00,1,sin anomalia,2026-10-05T14:24:05,mendoza
2026-07-13T18:42:01,357010,Tupungatito,VIIRS375,0,0.00,1,sin anomalia,2026-10-05T14:24:05,mendoza
2026-07-13T18:42:01,357010,Tupungatito,VIIRS750,0,0.00,1,sin anomalia,2026-10-05T14:24:05,mendoza
2026-07-13T19:24:02,357010,Tupungatito,VIIRS375,0,0.00,1,sin anomalia,2026-10-05T14:24:05,mendoza
2026-07-13T19:24:02,357010,Tupungatito,VIIRS750,0,0.00,1,sin anomalia,2026-10-05T14:24:05,mendoza
2026-07-13T20:40:00,357010,Tupungatito,MODIS,0,0.00,1,sin anomalia,2026-10-05T14:24:05,mendoza
2026-07-14T01:10:00,357010,Tupungatito,MODIS,0,0.00,1,sin anomalia,2026-10-05T14:24:05,mendoza
2026-07-14T05:06:02,357010,Tupungatito,VIIRS375,0,0.00,1,sin anomalia,2026-10-05T14:24:05,mendoza
2026-07-14T05:06:02,357010,Tupungatito,VIIRS750,0,0.00,1,sin anomalia,2026-10-05T14:24:05,mendoza
2026-07-14T06:00:01,357010,Tupungatito,VIIRS375,0.14,14.10,0,fuera de radio,2026-10-05T14:24:05,mendoza
2026-07-14T06:00:01,357010,Tupungatito,VIIRS750,0,0.00,1,sin anomalia,2026-10-05T14:24:05,mendoza
2026-07-14T06:42:02,357010,Tupungatito,VIIRS375,0,0.00,1,sin anomalia,2026-10-05T14:24:05,mendoza
2026-07-14T06:42:02,357010,Tupungatito,VIIRS750,0,0.00,1,sin anomalia,2026-10-05T14:24:05,mendoza
2026-07-14T07:35:00,357010,Tupungatito,MODIS,0,0.00,1,sin anomalia,2026-10-05T14:24:05,mendoza
2026-07-14T13:45:00,357010,Tupungatito,MODIS,0,0.00,1,sin anomalia,2026-10-05T14:24:05,mendoza
2026-07-14T17:24:02,357010,Tupungatito,VIIRS375,0,0.00,1,sin anomalia,2026-10-05T14:24:05,mendoza
2026-07-14T17:24:02,357010,Tupungatito,VIIRS750,0,0.00,1,sin anomalia,2026-10-05T14:24:05,mendoza
2026-07-14T18:18:01,357010,Tupungatito,VIIRS375,0,0.00,1,sin anomalia,2026-10-05T14:24:05,mendoza
2026-07-14T18:18:01,357010,Tupungatito,VIIRS750,0,0.00,1,sin anomalia,2026-10-05T14:24:05,mendoza
2026-07-14T19:06:02,357010,Tupungatito,VIIRS375,0,0.00,1,sin anomalia,2026-10-05T14:24:05,mendoza
2026-07-14T19:06:02,357010,Tupungatito,VIIRS750,0,0.00,1,sin anomalia,2026-10-05T14:24:05,mendoza
2026-07-14T21:15:00,357010,Tupungatito,MODIS,0,0.00,1,sin anomalia,2026-10-05T14:24:05,mendoza
2026-07-15T01:50:00,357010,Tupungatito,MODIS,0,0.00,1,sin anomalia,2026-10-05T14:24:05,mendoza
2026-07-15T04:48:02,357010,Tupungatito,VIIRS375,0,0.00,1,sin anomalia,2026-10-05T14:24:05,mendoza
2026-07-15T04:48:02,357010,Tupungatito,VIIRS750,0,0.00,1,sin anomalia,2026-10-05T14:24:05,mendoza
2026-07-15T05:42:01,357010,Tupungatito,VIIRS375,0.38,22.28,0,fuera de radio,2026-10-05T14:24:05,mendoza
2026-07-15T05:42:01,357010,Tupungatito,VIIRS750,0,0.00,1,sin anomalia,2026-10-05T14:24:05,mendoza
2026-07-15T06:24:02,357010,Tupungatito,VIIRS375,0,0.00,1,sin anomalia,2026-10-05T14:24:05,mendoza
2026-07-15T06:24:02,357010,Tupungatito,VIIRS750,0,0.00,1,sin anomalia,2026-10-05T14:24:05,mendoza
2026-07-15T08:15:00,357010,Tupungatito,MODIS,0,0.00,1,sin anomalia,2026-10-05T14:24:05,mendoza
2026-07-15T12:50:00,357010,Tupungatito,MODIS,0,0.00,1,sin anomalia,2026-10-05T14:24:05,mendoza
2026-07-15T18:00:01,357010,Tupungatito,VIIRS375,0,0.00,1,sin anomalia,2026-10-05T14:24:05,mendoza
2026-07-15T18:00:01,357010,Tupungatito,VIIRS750,0,0.00,1,sin anomalia,2026-10-05T14:24:05,mendoza
2026-07-15T18:48:02,357010,Tupungatito,VIIRS375,0,0.00,1,sin anomalia,2026-10-05T14:24:05,mendoza
2026-07-15T18:48:02,357010,Tupungatito,VIIRS750,0,0.00,1,sin anomalia,2026-10-05T14:24:05,mendoza
2026-07-15T20:15:00,357010,Tupungatito,MODIS,0,0.00,1,sin anomalia,2026-10-05T14:24:05,mendoza
2026-07-16T02:25:00,357010,Tupungatito,MODIS,0,0.00,1,sin anomalia,2026-10-05T14:24:05,mendoza
2026-07-16T05:18:01,357010,Tupungatito,VIIRS375,0,0.00,1,sin anomalia,2026-10-05T14:24:05,mendoza
2026-07-16T05:18:01,357010,Tupungatito,VIIRS750,0,0.00,1,sin anomalia,2026-10-05T14:24:05,mendoza
2026-07-16T06:06:02,357010,Tupungatito,VIIRS375,0,0.00,1,sin anomalia,2026-10-05T14:24:05,mendoza
2026-07-16T06:06:02,357010,Tupungatito,VIIRS750,0,0.00,1,sin anomalia,2026-10-05T14:24:05,mendoza
2026-07-16T07:15:00,357010,Tupungatito,MODIS,0,0.00,1,sin anomalia,2026-10-05T14:24:05,mendoza
2026-07-16T13:25:00,357010,Tupungatito,MODIS,0,0.00,1,sin anomalia,2026-10-05T14:24:05,mendoza
2026-07-16T18:30:02,357010,Tupungatito,VIIRS375,0,0.00,1,sin anomalia,2026-10-05T14:24:05,mendoza
2026-07-16T18:30:02,357010,Tupungatito,VIIRS750,0,0.00,1,sin anomalia,2026-10-05T14:24:05,mendoza
2026-07-16T19:24:01,357010,Tupungatito,VIIRS375,0,0.00,1,sin anomalia,2026-10-05T14:24:05,mendoza
2026-07-16T19:24:01,357010,Tupungatito,VIIRS750,0,0.00,1,sin anomalia,2026-10-05T14:24:05,mendoza
2026-07-16T20:55:00,357010,Tupungatito,MODIS,0,0.00,1,sin anomalia,2026-10-05T14:24:05,mendoza
2026-07-17T01:30:00,357010,Tupungatito,MODIS,0,0.00,1,sin anomalia,2026-10-05T14:24:05,mendoza
2026-07-17T05:48:02,357010,Tupungatito,VIIRS375,0,0.00,1,sin anomalia,2026-10-05T14:24:05,mendoza
2026-07-17T05:48:02,357010,Tupungatito,VIIRS750,0,0.00,1,sin anomalia,2026-10-05T14:24:05,mendoza
2026-07-17T06:42:01,357010,Tupungatito,VIIRS375,0,0.00,1,sin anomalia,2026-10-05T14:24:05,mendoza
2026-07-17T06:42:01,357010,Tupungatito,VIIRS750,0,0.00,1,sin anomalia,2026-10-05T14:24:05,mendoza
2026-07-17T07:55:00,357010,Tupungatito,MODIS,0,0.00,1,sin anomalia,2026-10-05T14:24:05,mendoza
2026-07-17T12:30:00,357010,Tupungatito,MODIS,0,0.00,1,sin anomalia,2026-10-05T14:24:05,mendoza
2026-07-17T17:24:01,357010,Tupungatito,VIIRS375,0,0.00,1,sin anomalia,2026-10-05T14:24:05,mendoza
2026-07-17T17:24:01,357010,Tupungatito,VIIRS750,0,0.00,1,sin anomalia,2026-10-05T14:24:05,mendoza
2026-07-17T18:12:02,357010,Tupungatito,VIIRS375,0,0.00,1,sin anomalia,2026-10-05T14:24:05,mendoza
2026-07-17T18:12:02,357010,Tupungatito,VIIRS750,0,0.00,1,sin anomalia,2026-10-05T14:24:05,mendoza
2026-07-17T18:48:00,357010,Tupungatito,VIIRS375,0,0.00,1,sin anomalia,2026-10-05T14:24:05,mendoza
2026-07-17T18:48:00,357010,Tupungatito,VIIRS750,0,0.00,1,sin anomalia,2026-10-05T14:24:05,mendoza
2026-07-17T19:06:01,357010,Tupungatito,VIIRS375,0,0.00,1,sin anomalia,2026-10-05T14:24:05,mendoza
2026-07-17T19:06:01,357010,Tupungatito,VIIRS750,0,0.00,1,sin anomalia,2026-10-05T14:24:05,mendoza
2026-07-17T19:55:00,357010,Tupungatito,MODIS,0,0.00,1,sin anomalia,2026-10-05T14:24:05,mendoza
2026-07-18T02:05:00,357010,Tupungatito,MODIS,0,0.00,1,sin anomalia,2026-10-05T14:24:05,mendoza
2026-07-18T04:42:01,357010,Tupungatito,VIIRS375,0,0.00,1,sin anomalia,2026-10-05T14:24:05,mendoza
2026-07-18T04:42:01,357010,Tupungatito,VIIRS750,0,0.00,1,sin anomalia,2026-10-05T14:24:05,mendoza
2026-07-18T06:24:01,357010,Tupungatito,VIIRS375,0,0.00,1,sin anomalia,2026-10-05T14:24:05,mendoza
2026-07-18T06:24:01,357010,Tupungatito,VIIRS750,0.88,29.40,0,fuera de radio,2026-10-05T14:24:05,mendoza
2026-07-18T08:30:00,357010,Tupungatito,MODIS,0,0.00,1,sin anomalia,2026-10-05T14:24:05,mendoza
2026-07-18T13:05:00,357010,Tupungatito,MODIS,0,0.00,1,sin anomalia,2026-10-05T14:24:05,mendoza
2026-07-18T18:48:01,357010,Tupungatito,VIIRS375,0,0.00,1,sin anomalia,2026-10-05T14:24:05,mendoza
2026-07-18T19:30:02,357010,Tupungatito,VIIRS375,0,0.00,1,sin anomalia,2026-10-05T14:24:05,mendoza
2026-07-18T19:30:02,357010,Tupungatito,VIIRS750,0,0.00,1,sin anomalia,2026-10-05T14:24:05,mendoza
2026-07-18T20:30:00,357010,Tupungatito,MODIS,0,0.00,1,sin anomalia,2026-10-05T14:24:05,mendoza
2026-07-19T01:10:00,357010,Tupungatito,MODIS,0,0.00,1,sin anomalia,2026-10-05T14:24:05,mendoza
2026-07-19T05:12:02,357010,Tupungatito,VIIRS750,0,0.00,1,sin anomalia,2026-10-05T14:24:05,mendoza
2026-07-19T06:06:01,357010,Tupungatito,VIIRS375,0,0.00,1,sin anomalia,2026-10-05T14:24:05,mendoza
2026-07-19T06:06:01,357010,Tupungatito,VIIRS750,0,0.00,1,sin anomalia,2026-10-05T14:24:05,mendoza
2026-07-19T07:30:00,357010,Tupungatito,MODIS,0,0.00,1,sin anomalia,2026-10-05T14:24:05,mendoza
2026-07-19T13:45:00,357010,Tupungatito,MODIS,0,0.00,1,sin anomalia,2026-10-05T14:24:05,mendoza
2026-07-19T17:30:02,357010,Tupungatito,VIIRS375,0.4,21.82,0,fuera de radio,2026-10-05T14:24:05,mendoza
2026-07-19T18:06:00,357010,Tupungatito,VIIRS375,0,0.00,1,sin anomalia,2026-10-05T14:24:05,mendoza
2026-07-19T18:24:01,357010,Tupungatito,VIIRS375,0,0.00,1,sin anomalia,2026-10-05T14:24:05,mendoza
2026-07-19T18:24:01,357010,Tupungatito,VIIRS750,0,0.00,1,sin anomalia,2026-10-05T14:24:05,mendoza
2026-07-19T19:12:02,357010,Tupungatito,VIIRS375,0,0.00,1,sin anomalia,2026-10-05T14:24:05,mendoza
2026-07-19T19:12:02,357010,Tupungatito,VIIRS750,0,0.00,1,sin anomalia,2026-10-05T14:24:05,mendoza
2026-07-19T21:10:00,357010,Tupungatito,MODIS,0,0.00,1,sin anomalia,2026-10-05T14:24:05,mendoza
2026-07-20T01:45:00,357010,Tupungatito,MODIS,0,0.00,1,sin anomalia,2026-10-05T14:24:05,mendoza
2026-07-20T04:54:02,357010,Tupungatito,VIIRS375,0,0.00,1,sin anomalia,2026-10-05T14:24:05,mendoza
2026-07-20T04:54:02,357010,Tupungatito,VIIRS750,0,0.00,1,sin anomalia,2026-10-05T14:24:05,mendoza
2026-07-20T05:48:01,357010,Tupungatito,VIIRS375,0,0.00,1,sin anomalia,2026-10-05T14:24:05,mendoza
2026-07-20T05:48:01,357010,Tupungatito,VIIRS750,0,0.00,1,sin anomalia,2026-10-05T14:24:05,mendoza
2026-07-20T06:30:02,357010,Tupungatito,VIIRS375,0,0.00,1,sin anomalia,2026-10-05T14:24:05,mendoza
2026-07-20T06:30:02,357010,Tupungatito,VIIRS750,0,0.00,1,sin anomalia,2026-10-05T14:24:05,mendoza
2026-07-20T08:10:00,357010,Tupungatito,MODIS,0,0.00,1,sin anomalia,2026-10-05T14:24:05,mendoza
2026-07-20T12:45:00,357010,Tupungatito,MODIS,0,0.00,1,sin anomalia,2026-10-05T14:24:05,mendoza
2026-07-20T17:48:00,357010,Tupungatito,VIIRS375,0,0.00,1,sin anomalia,2026-10-05T14:24:05,mendoza
2026-07-20T18:06:01,357010,Tupungatito,VIIRS375,0,0.00,1,sin anomalia,2026-10-05T14:24:05,mendoza
2026-07-20T18:06:01,357010,Tupungatito,VIIRS750,0,0.00,1,sin anomalia,2026-10-05T14:24:05,mendoza
2026-07-20T18:54:02,357010,Tupungatito,VIIRS375,0,0.00,1,sin anomalia,2026-10-05T14:24:05,mendoza
2026-07-20T18:54:02,357010,Tupungatito,VIIRS750,0,0.00,1,sin anomalia,2026-10-05T14:24:05,mendoza
2026-07-20T19:30:00,357010,Tupungatito,VIIRS375,0,0.00,1,sin anomalia,2026-10-05T14:24:05,mendoza
2026-07-20T19:30:00,357010,Tupungatito,VIIRS750,0,0.00,1,sin anomalia,2026-10-05T14:24:05,mendoza
2026-07-20T20:10:00,357010,Tupungatito,MODIS,0,0.00,1,sin anomalia,2026-10-05T14:24:05,mendoza
2026-07-21T02:25:00,357010,Tupungatito,MODIS,0,0.00,1,sin anomalia,2026-10-05T14:24:05,mendoza
2026-07-21T04:30:02,357010,Tupungatito,VIIRS375,0.01,3.71,1,muy baja,2026-10-05T14:24:05,mendoza
2026-07-21T04:30:02,357010,Tupungatito,VIIRS750,0,0.00,1,sin anomalia,2026-10-05T14:24:05,mendoza
2026-07-21T06:12:02,357010,Tupungatito,VIIRS375,0,0.00,1,sin anomalia,2026-10-05T14:24:05,mendoza
2026-07-21T06:12:02,357010,Tupungatito,VIIRS750,0,0.00,1,sin anomalia,2026-10-05T14:24:05,mendoza
2026-07-21T06:48:00,357010,Tupungatito,VIIRS375,0,0.00,1,sin anomalia,2026-10-05T14:24:05,mendoza
2026-07-21T06:48:00,357010,Tupungatito,VIIRS750,0,0.00,1,sin anomalia,2026-10-05T14:24:05,mendoza
2026-07-21T13:25:00,357010,Tupungatito,MODIS,0,0.00,1,sin anomalia,2026-10-05T14:24:05,mendoza
2026-07-21T17:48:01,357010,Tupungatito,VIIRS375,0,0.00,1,sin anomalia,2026-10-05T14:24:05,mendoza
2026-07-21T17:48:01,357010,Tupungatito,VIIRS750,0,0.00,1,sin anomalia,2026-10-05T14:24:05,mendoza
2026-07-21T18:36:02,357010,Tupungatito,VIIRS375,0,0.00,1,sin anomalia,2026-10-05T14:24:05,mendoza
2026-07-21T19:30:01,357010,Tupungatito,VIIRS375,0,0.00,1,sin anomalia,2026-10-05T14:24:05,mendoza
2026-07-21T19:30:01,357010,Tupungatito,VIIRS750,0,0.00,1,sin anomalia,2026-10-05T14:24:05,mendoza
2026-07-21T20:45:00,357010,Tupungatito,MODIS,0,0.00,1,sin anomalia,2026-10-05T14:24:05,mendoza
2026-07-22T01:25:00,357010,Tupungatito,MODIS,0,0.00,1,sin anomalia,2026-10-05T14:24:05,mendoza
2026-07-22T05:06:01,357010,Tupungatito,VIIRS375,0,0.00,1,sin anomalia,2026-10-05T14:24:05,mendoza
2026-07-22T05:06:01,357010,Tupungatito,VIIRS750,0,0.00,1,sin anomalia,2026-10-05T14:24:05,mendoza
2026-07-22T06:48:01,357010,Tupungatito,VIIRS375,0,0.00,1,sin anomalia,2026-10-05T14:24:05,mendoza
2026-07-22T06:48:01,357010,Tupungatito,VIIRS750,0,0.00,1,sin anomalia,2026-10-05T14:24:05,mendoza
2026-07-22T07:45:00,357010,Tupungatito,MODIS,0,0.00,1,sin anomalia,2026-10-05T14:24:05,mendoza
2026-07-22T12:25:00,357010,Tupungatito,MODIS,0,0.00,1,sin anomalia,2026-10-05T14:24:05,mendoza
2026-07-22T17:30:01,357010,Tupungatito,VIIRS375,0,0.00,1,sin anomalia,2026-10-05T14:24:05,mendoza
2026-07-22T17:30:01,357010,Tupungatito,VIIRS750,0,0.00,1,sin anomalia,2026-10-05T14:24:05,mendoza
2026-07-22T19:12:01,357010,Tupungatito,VIIRS375,0,0.00,1,sin anomalia,2026-10-05T14:24:05,mendoza
2026-07-22T19:12:01,357010,Tupungatito,VIIRS750,0,0.00,1,sin anomalia,2026-10-05T14:24:05,mendoza
2026-07-23T02:05:00,357010,Tupungatito,MODIS,0,0.00,1,sin anomalia,2026-10-05T14:24:05,mendoza
2026-07-23T06:30:01,357010,Tupungatito,VIIRS375,0.11,13.96,0,fuera de radio,2026-10-05T14:24:05,mendoza
2026-07-23T08:25:00,357010,Tupungatito,MODIS,0,0.00,1,sin anomalia,2026-10-05T14:24:05,mendoza
2026-07-23T13:05:00,357010,Tupungatito,MODIS,0,0.00,1,sin anomalia,2026-10-05T14:24:05,mendoza
2026-07-23T18:00:02,357010,Tupungatito,VIIRS375,0,0.00,1,sin anomalia,2026-10-05T14:24:05,mendoza
2026-07-23T18:00:02,357010,Tupungatito,VIIRS750,0,0.00,1,sin anomalia,2026-10-05T14:24:05,mendoza
2026-07-23T18:54:01,357010,Tupungatito,VIIRS375,0,0.00,1,sin anomalia,2026-10-05T14:24:05,mendoza
2026-07-23T18:54:01,357010,Tupungatito,VIIRS750,0,0.00,1,sin anomalia,2026-10-05T14:24:05,mendoza
2026-07-23T20:25:00,357010,Tupungatito,MODIS,0,0.00,1,sin anomalia,2026-10-05T14:24:05,mendoza
2026-07-24T01:05:00,357010,Tupungatito,MODIS,0,0.00,1,sin anomalia,2026-10-05T14:24:05,mendoza
2026-07-24T05:18:02,357010,Tupungatito,VIIRS375,0,0.00,1,sin anomalia,2026-10-05T14:24:05,mendoza
2026-07-24T05:18:02,357010,Tupungatito,VIIRS750,0,0.00,1,sin anomalia,2026-10-05T14:24:05,mendoza
2026-07-24T06:12:01,357010,Tupungatito,VIIRS375,0,0.00,1,sin anomalia,2026-10-05T14:24:05,mendoza
2026-07-24T06:12:01,357010,Tupungatito,VIIRS750,0,0.00,1,sin anomalia,2026-10-05T14:24:05,mendoza
2026-07-24T07:25:00,357010,Tupungatito,MODIS,0,0.00,1,sin anomalia,2026-10-05T14:24:05,mendoza
2026-07-24T13:45:00,357010,Tupungatito,MODIS,0,0.00,1,sin anomalia,2026-10-05T14:24:05,mendoza
2026-07-24T17:36:02,357010,Tupungatito,VIIRS375,0,0.00,1,sin anomalia,2026-10-05T14:24:05,mendoza
2026-07-24T17:36:02,357010,Tupungatito,VIIRS750,0,0.00,1,sin anomalia,2026-10-05T14:24:05,mendoza
2026-07-24T18:12:00,357010,Tupungatito,VIIRS375,0,0.00,1,sin anomalia,2026-10-05T14:24:05,mendoza
2026-07-24T18:12:00,357010,Tupungatito,VIIRS750,0,0.00,1,sin anomalia,2026-10-05T14:24:05,mendoza
2026-07-24T18:36:01,357010,Tupungatito,VIIRS375,0,0.00,1,sin anomalia,2026-10-05T14:24:05,mendoza
2026-07-24T18:36:01,357010,Tupungatito,VIIRS750,0,0.00,1,sin anomalia,2026-10-05T14:24:05,mendoza
2026-07-24T19:18:02,357010,Tupungatito,VIIRS375,0,0.00,1,sin anomalia,2026-10-05T14:24:05,mendoza
2026-07-24T19:18:02,357010,Tupungatito,VIIRS750,0,0.00,1,sin anomalia,2026-10-05T14:24:05,mendoza
2026-07-24T21:05:00,357010,Tupungatito,MODIS,0,0.00,1,sin anomalia,2026-10-05T14:24:05,mendoza
2026-07-25T01:45:00,357010,Tupungatito,MODIS,0,0.00,1,sin anomalia,2026-10-05T14:24:05,mendoza
2026-07-25T05:54:01,357010,Tupungatito,VIIRS375,0,0.00,1,sin anomalia,2026-10-05T14:24:05,mendoza
2026-07-25T05:54:01,357010,Tupungatito,VIIRS750,0,0.00,1,sin anomalia,2026-10-05T14:24:05,mendoza
2026-07-25T06:36:02,357010,Tupungatito,VIIRS375,0,0.00,1,sin anomalia,2026-10-05T14:24:05,mendoza
2026-07-25T06:36:02,357010,Tupungatito,VIIRS750,0,0.00,1,sin anomalia,2026-10-05T14:24:05,mendoza
2026-07-25T08:00:00,357010,Tupungatito,MODIS,0,0.00,1,sin anomalia,2026-10-05T14:24:05,mendoza
2026-07-25T12:45:00,357010,Tupungatito,MODIS,0,0.00,1,sin anomalia,2026-10-05T14:24:05,mendoza
2026-07-25T17:18:02,357010,Tupungatito,VIIRS750,0,0.00,1,sin anomalia,2026-10-05T14:24:05,mendoza
2026-07-25T18:12:01,357010,Tupungatito,VIIRS375,0,0.00,1,sin anomalia,2026-10-05T14:24:05,mendoza
2026-07-25T18:12:01,357010,Tupungatito,VIIRS750,0,0.00,1,sin anomalia,2026-10-05T14:24:05,mendoza
2026-07-25T19:00:02,357010,Tupungatito,VIIRS375,0,0.00,1,sin anomalia,2026-10-05T14:24:05,mendoza
2026-07-25T19:00:02,357010,Tupungatito,VIIRS750,0,0.00,1,sin anomalia,2026-10-05T14:24:05,mendoza
2026-07-25T19:36:00,357010,Tupungatito,VIIRS375,0,0.00,1,sin anomalia,2026-10-05T14:24:05,mendoza
2026-07-25T19:36:00,357010,Tupungatito,VIIRS750,0,0.00,1,sin anomalia,2026-10-05T14:24:05,mendoza
2026-07-25T20:05:00,357010,Tupungatito,MODIS,0,0.00,1,sin anomalia,2026-10-05T14:24:05,mendoza
2026-07-26T02:25:00,357010,Tupungatito,MODIS,0,0.00,1,sin anomalia,2026-10-05T14:24:05,mendoza
2026-07-26T05:36:01,357010,Tupungatito,VIIRS375,0,0.00,1,sin anomalia,2026-10-05T14:24:05,mendoza
2026-07-26T05:36:01,357010,Tupungatito,VIIRS750,0,0.00,1,sin anomalia,2026-10-05T14:24:05,mendoza
2026-07-26T06:18:02,357010,Tupungatito,VIIRS375,0,0.00,1,sin anomalia,2026-10-05T14:24:05,mendoza
2026-07-26T06:18:02,357010,Tupungatito,VIIRS750,0,0.00,1,sin anomalia,2026-10-05T14:24:05,mendoza
2026-07-26T06:54:00,357010,Tupungatito,VIIRS375,0,0.00,1,sin anomalia,2026-10-05T14:24:05,mendoza
2026-07-26T06:54:00,357010,Tupungatito,VIIRS750,0,0.00,1,sin anomalia,2026-10-05T14:24:05,mendoza
2026-07-26T07:05:00,357010,Tupungatito,MODIS,0,0.00,1,sin anomalia,2026-10-05T14:24:05,mendoza
2026-07-26T13:25:00,357010,Tupungatito,MODIS,0,0.00,1,sin anomalia,2026-10-05T14:24:05,mendoza
2026-07-26T17:54:01,357010,Tupungatito,VIIRS375,0,0.00,1,sin anomalia,2026-10-05T14:24:05,mendoza
2026-07-26T17:54:01,357010,Tupungatito,VIIRS750,0,0.00,1,sin anomalia,2026-10-05T14:24:05,mendoza
2026-07-26T19:36:01,357010,Tupungatito,VIIRS375,0,0.00,1,sin anomalia,2026-10-05T14:24:05,mendoza
2026-07-26T19:36:01,357010,Tupungatito,VIIRS750,0,0.00,1,sin anomalia,2026-10-05T14:24:05,mendoza
2026-07-26T20:40:00,357010,Tupungatito,MODIS,0,0.00,1,sin anomalia,2026-10-05T14:24:05,mendoza
2026-07-27T01:25:00,357010,Tupungatito,MODIS,0,0.00,1,sin anomalia,2026-10-05T14:24:05,mendoza
2026-07-27T05:12:01,357010,Tupungatito,VIIRS375,0,0.00,1,sin anomalia,2026-10-05T14:24:05,mendoza
2026-07-27T05:12:01,357010,Tupungatito,VIIRS750,0,0.00,1,sin anomalia,2026-10-05T14:24:05,mendoza
2026-07-27T06:00:02,357010,Tupungatito,VIIRS375,0,0.00,1,sin anomalia,2026-10-05T14:24:05,mendoza
2026-07-27T06:00:02,357010,Tupungatito,VIIRS750,0,0.00,1,sin anomalia,2026-10-05T14:24:05,mendoza
2026-07-27T06:36:00,357010,Tupungatito,VIIRS375,0,0.00,1,sin anomalia,2026-10-05T14:24:05,mendoza
2026-07-27T06:36:00,357010,Tupungatito,VIIRS750,0,0.00,1,sin anomalia,2026-10-05T14:24:05,mendoza
2026-07-27T07:40:00,357010,Tupungatito,MODIS,0,0.00,1,sin anomalia,2026-10-05T14:24:05,mendoza
2026-07-27T12:25:00,357010,Tupungatito,MODIS,0,0.00,1,sin anomalia,2026-10-05T14:24:05,mendoza
2026-07-27T17:36:01,357010,Tupungatito,VIIRS375,0,0.00,1,sin anomalia,2026-10-05T14:24:05,mendoza
2026-07-27T17:36:01,357010,Tupungatito,VIIRS750,0,0.00,1,sin anomalia,2026-10-05T14:24:05,mendoza
2026-07-27T18:24:02,357010,Tupungatito,VIIRS375,0,0.00,1,sin anomalia,2026-10-05T14:24:05,mendoza
2026-07-27T18:24:02,357010,Tupungatito,VIIRS750,0,0.00,1,sin anomalia,2026-10-05T14:24:05,mendoza
2026-07-27T19:00:00,357010,Tupungatito,VIIRS375,0,0.00,1,sin anomalia,2026-10-05T14:24:05,mendoza
2026-07-27T19:00:00,357010,Tupungatito,VIIRS750,0,0.00,1,sin anomalia,2026-10-05T14:24:05,mendoza
2026-07-27T19:18:01,357010,Tupungatito,VIIRS375,0,0.00,1,sin anomalia,2026-10-05T14:24:05,mendoza
2026-07-27T19:18:01,357010,Tupungatito,VIIRS750,0,0.00,1,sin anomalia,2026-10-05T14:24:05,mendoza
2026-07-27T21:20:00,357010,Tupungatito,MODIS,0,0.00,1,sin anomalia,2026-10-05T14:24:05,mendoza
2026-07-28T02:05:00,357010,Tupungatito,MODIS,0,0.00,1,sin anomalia,2026-10-05T14:24:05,mendoza
2026-07-28T06:36:01,357010,Tupungatito,VIIRS375,0,0.00,1,sin anomalia,2026-10-05T14:24:05,mendoza
2026-07-28T06:36:01,357010,Tupungatito,VIIRS750,0,0.00,1,sin anomalia,2026-10-05T14:24:05,mendoza
2026-07-28T08:20:00,357010,Tupungatito,MODIS,0,0.00,1,sin anomalia,2026-10-05T14:24:05,mendoza
2026-07-28T13:05:00,357010,Tupungatito,MODIS,0,0.00,1,sin anomalia,2026-10-05T14:24:05,mendoza
2026-07-28T18:06:02,357010,Tupungatito,VIIRS375,0,0.00,1,sin anomalia,2026-10-05T14:24:05,mendoza
2026-07-28T18:06:02,357010,Tupungatito,VIIRS750,0,0.00,1,sin anomalia,2026-10-05T14:24:05,mendoza
2026-07-28T18:42:00,357010,Tupungatito,VIIRS375,0,0.00,1,sin anomalia,2026-10-05T14:24:05,mendoza
2026-07-28T18:42:00,357010,Tupungatito,VIIRS750,0,0.00,1,sin anomalia,2026-10-05T14:24:05,mendoza
2026-07-28T19:00:01,357010,Tupungatito,VIIRS375,0,0.00,1,sin anomalia,2026-10-05T14:24:05,mendoza
2026-07-28T19:00:01,357010,Tupungatito,VIIRS750,0,0.00,1,sin anomalia,2026-10-05T14:24:05,mendoza
2026-07-28T20:20:00,357010,Tupungatito,MODIS,2.19,9.06,0,fuera de radio,2026-10-05T14:24:05,mendoza
2026-07-29T01:05:00,357010,Tupungatito,MODIS,0,0.00,1,sin anomalia,2026-10-05T14:24:05,mendoza
2026-07-29T04:36:01,357010,Tupungatito,VIIRS375,0,0.00,1,sin anomalia,2026-10-05T14:24:05,mendoza
2026-07-29T04:36:01,357010,Tupungatito,VIIRS750,0,0.00,1,sin anomalia,2026-10-05T14:24:05,mendoza
2026-07-29T05:24:02,357010,Tupungatito,VIIRS375,0,0.00,1,sin anomalia,2026-10-05T14:24:05,mendoza
2026-07-29T05:24:02,357010,Tupungatito,VIIRS750,0,0.00,1,sin anomalia,2026-10-05T14:24:05,mendoza
2026-07-29T06:18:01,357010,Tupungatito,VIIRS375,0,0.00,1,sin anomalia,2026-10-05T14:24:05,mendoza
2026-07-29T06:18:01,357010,Tupungatito,VIIRS750,0,0.00,1,sin anomalia,2026-10-05T14:24:05,mendoza
2026-07-29T07:20:00,357010,Tupungatito,MODIS,0,0.00,1,sin anomalia,2026-10-05T14:24:05,mendoza
2026-07-29T13:45:00,357010,Tupungatito,MODIS,0,0.00,1,sin anomalia,2026-10-05T14:24:05,mendoza
2026-07-29T18:18:00,357010,Tupungatito,VIIRS375,0,0.00,1,sin anomalia,2026-10-05T14:24:05,mendoza
2026-07-29T18:42:01,357010,Tupungatito,VIIRS375,0,0.00,1,sin anomalia,2026-10-05T14:24:05,mendoza
2026-07-29T18:42:01,357010,Tupungatito,VIIRS750,0,0.00,1,sin anomalia,2026-10-05T14:24:05,mendoza
2026-07-29T19:24:02,357010,Tupungatito,VIIRS375,0,0.00,1,sin anomalia,2026-10-05T14:24:05,mendoza
2026-07-29T19:24:02,357010,Tupungatito,VIIRS750,0,0.00,1,sin anomalia,2026-10-05T14:24:05,mendoza
2026-07-29T20:55:00,357010,Tupungatito,MODIS,0,0.00,1,sin anomalia,2026-10-05T14:24:05,mendoza
2026-07-30T01:45:00,357010,Tupungatito,MODIS,0,0.00,1,sin anomalia,2026-10-05T14:24:05,mendoza
2026-07-30T05:06:02,357010,Tupungatito,VIIRS375,0,0.00,1,sin anomalia,2026-10-05T14:24:05,mendoza
2026-07-30T05:06:02,357010,Tupungatito,VIIRS750,0,0.00,1,sin anomalia,2026-10-05T14:24:05,mendoza
2026-07-30T06:00:01,357010,Tupungatito,VIIRS375,0.27,25.90,0,fuera de radio,2026-10-05T14:24:05,mendoza
2026-07-30T06:00:01,357010,Tupungatito,VIIRS750,0,0.00,1,sin anomalia,2026-10-05T14:24:05,mendoza
2026-07-30T06:42:02,357010,Tupungatito,VIIRS375,0,0.00,1,sin anomalia,2026-10-05T14:24:05,mendoza
2026-07-30T06:42:02,357010,Tupungatito,VIIRS750,0,0.00,1,sin anomalia,2026-10-05T14:24:05,mendoza
2026-07-30T07:55:00,357010,Tupungatito,MODIS,0,0.00,1,sin anomalia,2026-10-05T14:24:05,mendoza
2026-07-30T12:45:00,357010,Tupungatito,MODIS,0,0.00,1,sin anomalia,2026-10-05T14:24:05,mendoza
2026-07-30T17:24:02,357010,Tupungatito,VIIRS375,0,0.00,1,sin anomalia,2026-10-05T14:24:05,mendoza
2026-07-30T17:24:02,357010,Tupungatito,VIIRS750,0,0.00,1,sin anomalia,2026-10-05T14:24:05,mendoza
2026-07-30T18:00:00,357010,Tupungatito,VIIRS750,0,0.00,1,sin anomalia,2026-10-05T14:24:05,mendoza
2026-07-30T19:06:02,357010,Tupungatito,VIIRS375,0,0.00,1,sin anomalia,2026-10-05T14:24:05,mendoza
2026-07-30T19:06:02,357010,Tupungatito,VIIRS750,0,0.00,1,sin anomalia,2026-10-05T14:24:05,mendoza
2026-07-30T19:42:00,357010,Tupungatito,VIIRS375,0,0.00,1,sin anomalia,2026-10-05T14:24:05,mendoza
2026-07-30T19:42:00,357010,Tupungatito,VIIRS750,0,0.00,1,sin anomalia,2026-10-05T14:24:05,mendoza
2026-07-30T19:55:00,357010,Tupungatito,MODIS,0,0.00,1,sin anomalia,2026-10-05T14:24:05,mendoza
2026-07-31T02:25:00,357010,Tupungatito,MODIS,0,0.00,1,sin anomalia,2026-10-05T14:24:05,mendoza
2026-07-31T06:24:02,357010,Tupungatito,VIIRS375,0,0.00,1,sin anomalia,2026-10-05T14:24:05,mendoza
2026-07-31T06:24:02,357010,Tupungatito,VIIRS750,0,0.00,1,sin anomalia,2026-10-05T14:24:05,mendoza
2026-07-31T08:35:00,357010,Tupungatito,MODIS,0,0.00,1,sin anomalia,2026-10-05T14:24:05,mendoza
2026-07-31T13:25:00,357010,Tupungatito,MODIS,0,0.00,1,sin anomalia,2026-10-05T14:24:05,mendoza
2026-07-31T17:42:00,357010,Tupungatito,VIIRS375,0,0.00,1,sin anomalia,2026-10-05T14:24:05,mendoza
2026-07-31T17:42:00,357010,Tupungatito,VIIRS750,0,0.00,1,sin anomalia,2026-10-05T14:24:05,mendoza
2026-07-31T18:00:01,357010,Tupungatito,VIIRS375,0,0.00,1,sin anomalia,2026-10-05T14:24:05,mendoza
2026-07-31T18:00:01,357010,Tupungatito,VIIRS750,0,0.00,1,sin anomalia,2026-10-05T14:24:05,mendoza
2026-07-31T18:48:02,357010,Tupungatito,VIIRS375,0,0.00,1,sin anomalia,2026-10-05T14:24:05,mendoza
2026-07-31T18:48:02,357010,Tupungatito,VIIRS750,0,0.00,1,sin anomalia,2026-10-05T14:24:05,mendoza
2026-07-31T19:24:00,357010,Tupungatito,VIIRS375,0,0.00,1,sin anomalia,2026-10-05T14:24:05,mendoza
2026-07-31T19:24:00,357010,Tupungatito,VIIRS750,0,0.00,1,sin anomalia,2026-10-05T14:24:05,mendoza
2026-07-31T20:35:00,357010,Tupungatito,MODIS,0,0.00,1,sin anomalia,2026-10-05T14:24:05,mendoza
2026-08-01T01:25:00,357010,Tupungatito,MODIS,0,0.00,1,sin anomalia,2026-10-05T14:24:05,mendoza
2026-08-01T05:24:01,357010,Tupungatito,VIIRS375,0,0.00,1,sin anomalia,2026-10-05T14:24:05,mendoza
2026-08-01T05:24:01,357010,Tupungatito,VIIRS750,0,0.00,1,sin anomalia,2026-10-05T14:24:05,mendoza
2026-08-01T06:06:02,357010,Tupungatito,VIIRS375,0.04,5.21,1,muy baja,2026-10-05T14:24:05,mendoza
2026-08-01T06:06:02,357010,Tupungatito,VIIRS750,0,0.00,1,sin anomalia,2026-10-05T14:24:05,mendoza
2026-08-01T06:42:00,357010,Tupungatito,VIIRS375,0,0.00,1,sin anomalia,2026-10-05T14:24:05,mendoza
2026-08-01T06:42:00,357010,Tupungatito,VIIRS750,0,0.00,1,sin anomalia,2026-10-05T14:24:05,mendoza
2026-08-01T07:35:00,357010,Tupungatito,MODIS,0,0.00,1,sin anomalia,2026-10-05T14:24:05,mendoza
2026-08-01T12:25:00,357010,Tupungatito,MODIS,0,0.00,1,sin anomalia,2026-10-05T14:24:05,mendoza
2026-08-01T17:42:01,357010,Tupungatito,VIIRS375,0,0.00,1,sin anomalia,2026-10-05T14:24:05,mendoza
2026-08-01T17:42:01,357010,Tupungatito,VIIRS750,0,0.00,1,sin anomalia,2026-10-05T14:24:05,mendoza
2026-08-01T19:24:01,357010,Tupungatito,VIIRS375,0,0.00,1,sin anomalia,2026-10-05T14:24:05,mendoza
2026-08-01T19:24:01,357010,Tupungatito,VIIRS750,0,0.00,1,sin anomalia,2026-10-05T14:24:05,mendoza
2026-08-01T21:10:00,357010,Tupungatito,MODIS,0,0.00,1,sin anomalia,2026-10-05T14:24:05,mendoza
2026-08-02T02:05:00,357010,Tupungatito,MODIS,0,0.00,1,sin anomalia,2026-10-05T14:24:05,mendoza
2026-08-02T05:00:01,357010,Tupungatito,VIIRS375,0,0.00,1,sin anomalia,2026-10-05T14:24:05,mendoza
2026-08-02T05:00:01,357010,Tupungatito,VIIRS750,0,0.00,1,sin anomalia,2026-10-05T14:24:05,mendoza
2026-08-02T05:48:02,357010,Tupungatito,VIIRS375,0.31,17.34,0,fuera de radio,2026-10-05T14:24:05,mendoza
2026-08-02T05:48:02,357010,Tupungatito,VIIRS750,0,0.00,1,sin anomalia,2026-10-05T14:24:05,mendoza
2026-08-02T06:42:01,357010,Tupungatito,VIIRS375,0,0.00,1,sin anomalia,2026-10-05T14:24:05,mendoza
2026-08-02T06:42:01,357010,Tupungatito,VIIRS750,0,0.00,1,sin anomalia,2026-10-05T14:24:05,mendoza
2026-08-02T08:10:00,357010,Tupungatito,MODIS,0,0.00,1,sin anomalia,2026-10-05T14:24:05,mendoza
2026-08-02T13:05:00,357010,Tupungatito,MODIS,0,0.00,1,sin anomalia,2026-10-05T14:24:05,mendoza
2026-08-02T17:24:01,357010,Tupungatito,VIIRS375,0,0.00,1,sin anomalia,2026-10-05T14:24:05,mendoza
2026-08-02T17:24:01,357010,Tupungatito,VIIRS750,0,0.00,1,sin anomalia,2026-10-05T14:24:05,mendoza
2026-08-02T19:06:01,357010,Tupungatito,VIIRS375,0,0.00,1,sin anomalia,2026-10-05T14:24:05,mendoza
2026-08-02T19:06:01,357010,Tupungatito,VIIRS750,0,0.00,1,sin anomalia,2026-10-05T14:24:05,mendoza
2026-08-02T20:15:00,357010,Tupungatito,MODIS,0,0.00,1,sin anomalia,2026-10-05T14:24:05,mendoza
2026-08-03T01:05:00,357010,Tupungatito,MODIS,0,0.00,1,sin anomalia,2026-10-05T14:24:05,mendoza
2026-08-03T04:42:01,357010,Tupungatito,VIIRS375,0,0.00,1,sin anomalia,2026-10-05T14:24:05,mendoza
2026-08-03T04:42:01,357010,Tupungatito,VIIRS750,0,0.00,1,sin anomalia,2026-10-05T14:24:05,mendoza
2026-08-03T05:30:02,357010,Tupungatito,VIIRS375,0,0.00,1,sin anomalia,2026-10-05T14:24:05,mendoza
2026-08-03T05:30:02,357010,Tupungatito,VIIRS750,0,0.00,1,sin anomalia,2026-10-05T14:24:05,mendoza
2026-08-03T06:24:01,357010,Tupungatito,VIIRS375,0,0.00,1,sin anomalia,2026-10-05T14:24:05,mendoza
2026-08-03T06:24:01,357010,Tupungatito,VIIRS750,0,0.00,1,sin anomalia,2026-10-05T14:24:05,mendoza
2026-08-03T13:40:00,357010,Tupungatito,MODIS,0,0.00,1,sin anomalia,2026-10-05T14:24:05,mendoza
2026-08-03T17:54:02,357010,Tupungatito,VIIRS375,0,0.00,1,sin anomalia,2026-10-05T14:24:05,mendoza
2026-08-03T17:54:02,357010,Tupungatito,VIIRS750,0,0.00,1,sin anomalia,2026-10-05T14:24:05,mendoza
2026-08-03T18:48:01,357010,Tupungatito,VIIRS375,0,0.00,1,sin anomalia,2026-10-05T14:24:05,mendoza
2026-08-03T18:48:01,357010,Tupungatito,VIIRS750,0,0.00,1,sin anomalia,2026-10-05T14:24:05,mendoza
2026-08-03T19:30:02,357010,Tupungatito,VIIRS375,0,0.00,1,sin anomalia,2026-10-05T14:24:05,mendoza
2026-08-03T19:30:02,357010,Tupungatito,VIIRS750,0,0.00,1,sin anomalia,2026-10-05T14:24:05,mendoza
2026-08-03T20:50:00,357010,Tupungatito,MODIS,0,0.00,1,sin anomalia,2026-10-05T14:24:05,mendoza
2026-08-04T01:45:00,357010,Tupungatito,MODIS,0,0.00,1,sin anomalia,2026-10-05T14:24:05,mendoza
2026-08-04T06:06:01,357010,Tupungatito,VIIRS375,0,0.00,1,sin anomalia,2026-10-05T14:24:05,mendoza
2026-08-04T06:06:01,357010,Tupungatito,VIIRS750,0,0.00,1,sin anomalia,2026-10-05T14:24:05,mendoza
2026-08-04T07:50:00,357010,Tupungatito,MODIS,0,0.00,1,sin anomalia,2026-10-05T14:24:05,mendoza
2026-08-04T12:45:00,357010,Tupungatito,MODIS,0,0.00,1,sin anomalia,2026-10-05T14:24:05,mendoza
2026-08-04T18:06:00,357010,Tupungatito,VIIRS750,0,0.00,1,sin anomalia,2026-10-05T14:24:05,mendoza
2026-08-04T19:12:02,357010,Tupungatito,VIIRS375,2.19,18.62,0,fuera de radio,2026-10-05T14:24:05,mendoza
2026-08-04T19:12:02,357010,Tupungatito,VIIRS750,0,0.00,1,sin anomalia,2026-10-05T14:24:05,mendoza
2026-08-04T19:50:00,357010,Tupungatito,MODIS,0,0.00,1,sin anomalia,2026-10-05T14:24:05,mendoza
2026-08-05T02:20:00,357010,Tupungatito,MODIS,0,0.00,1,sin anomalia,2026-10-05T14:24:05,mendoza
2026-08-05T04:54:02,357010,Tupungatito,VIIRS375,0,0.00,1,sin anomalia,2026-10-05T14:24:05,mendoza
2026-08-05T04:54:02,357010,Tupungatito,VIIRS750,0,0.00,1,sin anomalia,2026-10-05T14:24:05,mendoza
2026-08-05T05:48:01,357010,Tupungatito,VIIRS375,0,0.00,1,sin anomalia,2026-10-05T14:24:05,mendoza
2026-08-05T05:48:01,357010,Tupungatito,VIIRS750,0,0.00,1,sin anomalia,2026-10-05T14:24:05,mendoza
2026-08-05T06:30:02,357010,Tupungatito,VIIRS375,0,0.00,1,sin anomalia,2026-10-05T14:24:05,mendoza
2026-08-05T06:30:02,357010,Tupungatito,VIIRS750,0,0.00,1,sin anomalia,2026-10-05T14:24:05,mendoza
2026-08-05T08:30:00,357010,Tupungatito,MODIS,0,0.00,1,sin anomalia,2026-10-05T14:24:05,mendoza
2026-08-05T13:20:00,357010,Tupungatito,MODIS,0,0.00,1,sin anomalia,2026-10-05T14:24:05,mendoza
2026-08-05T17:48:00,357010,Tupungatito,VIIRS375,0,0.00,1,sin anomalia,2026-10-05T14:24:05,mendoza
2026-08-05T17:48:00,357010,Tupungatito,VIIRS750,0,0.00,1,sin anomalia,2026-10-05T14:24:05,mendoza
2026-08-05T18:54:02,357010,Tupungatito,VIIRS375,0,0.00,1,sin anomalia,2026-10-05T14:24:05,mendoza
2026-08-05T19:30:00,357010,Tupungatito,VIIRS375,0,0.00,1,sin anomalia,2026-10-05T14:24:05,mendoza
2026-08-05T19:30:00,357010,Tupungatito,VIIRS750,0,0.00,1,sin anomalia,2026-10-05T14:24:05,mendoza
2026-08-05T20:30:00,357010,Tupungatito,MODIS,0,0.00,1,sin anomalia,2026-10-05T14:24:05,mendoza
2026-08-06T01:25:00,357010,Tupungatito,MODIS,0,0.00,1,sin anomalia,2026-10-05T14:24:05,mendoza
2026-08-06T04:30:02,357010,Tupungatito,VIIRS375,0,0.00,1,sin anomalia,2026-10-05T14:24:05,mendoza
2026-08-06T04:30:02,357010,Tupungatito,VIIRS750,0,0.00,1,sin anomalia,2026-10-05T14:24:05,mendoza
2026-08-06T05:30:01,357010,Tupungatito,VIIRS750,0,0.00,1,sin anomalia,2026-10-05T14:24:05,mendoza
2026-08-06T06:12:02,357010,Tupungatito,VIIRS375,0,0.00,1,sin anomalia,2026-10-05T14:24:05,mendoza
2026-08-06T06:12:02,357010,Tupungatito,VIIRS750,0,0.00,1,sin anomalia,2026-10-05T14:24:05,mendoza
2026-08-06T06:48:00,357010,Tupungatito,VIIRS375,0.02,6.01,1,muy baja,2026-10-05T14:24:05,mendoza
2026-08-06T06:48:00,357010,Tupungatito,VIIRS750,0,0.00,1,sin anomalia,2026-10-05T14:24:05,mendoza
2026-08-06T07:30:00,357010,Tupungatito,MODIS,0,0.00,1,sin anomalia,2026-10-05T14:24:05,mendoza
2026-08-06T12:25:00,357010,Tupungatito,MODIS,0,0.00,1,sin anomalia,2026-10-05T14:24:05,mendoza
2026-08-06T17:48:01,357010,Tupungatito,VIIRS375,0,0.00,1,sin anomalia,2026-10-05T14:24:05,mendoza
2026-08-06T17:48:01,357010,Tupungatito,VIIRS750,0,0.00,1,sin anomalia,2026-10-05T14:24:05,mendoza
2026-08-06T18:36:02,357010,Tupungatito,VIIRS375,0,0.00,1,sin anomalia,2026-10-05T14:24:05,mendoza
2026-08-06T18:36:02,357010,Tupungatito,VIIRS750,0,0.00,1,sin anomalia,2026-10-05T14:24:05,mendoza
2026-08-06T19:30:01,357010,Tupungatito,VIIRS375,0,0.00,1,sin anomalia,2026-10-05T14:24:05,mendoza
2026-08-06T19:30:01,357010,Tupungatito,VIIRS750,0,0.00,1,sin anomalia,2026-10-05T14:24:05,mendoza
2026-08-06T21:05:00,357010,Tupungatito,MODIS,0,0.00,1,sin anomalia,2026-10-05T14:24:05,mendoza
2026-08-07T02:00:00,357010,Tupungatito,MODIS,0,0.00,1,sin anomalia,2026-10-05T14:24:05,mendoza
2026-08-07T05:54:02,357010,Tupungatito,VIIRS375,0,0.00,1,sin anomalia,2026-10-05T14:24:05,mendoza
2026-08-07T05:54:02,357010,Tupungatito,VIIRS750,0,0.00,1,sin anomalia,2026-10-05T14:24:05,mendoza
2026-08-07T06:48:01,357010,Tupungatito,VIIRS375,0,0.00,1,sin anomalia,2026-10-05T14:24:05,mendoza
2026-08-07T06:48:01,357010,Tupungatito,VIIRS750,0,0.00,1,sin anomalia,2026-10-05T14:24:05,mendoza
2026-08-07T08:05:00,357010,Tupungatito,MODIS,0,0.00,1,sin anomalia,2026-10-05T14:24:05,mendoza
2026-08-07T13:00:00,357010,Tupungatito,MODIS,0,0.00,1,sin anomalia,2026-10-05T14:24:05,mendoza
2026-08-07T17:30:01,357010,Tupungatito,VIIRS375,0,0.00,1,sin anomalia,2026-10-05T14:24:05,mendoza
2026-08-07T18:18:02,357010,Tupungatito,VIIRS375,0,0.00,1,sin anomalia,2026-10-05T14:24:05,mendoza
2026-08-07T18:18:02,357010,Tupungatito,VIIRS750,0,0.00,1,sin anomalia,2026-10-05T14:24:05,mendoza
2026-08-07T18:54:00,357010,Tupungatito,VIIRS375,0,0.00,1,sin anomalia,2026-10-05T14:24:05,mendoza
2026-08-07T18:54:00,357010,Tupungatito,VIIRS750,0,0.00,1,sin anomalia,2026-10-05T14:24:05,mendoza
2026-08-07T19:12:01,357010,Tupungatito,VIIRS375,0,0.00,1,sin anomalia,2026-10-05T14:24:05,mendoza
2026-08-07T19:12:01,357010,Tupungatito,VIIRS750,0,0.00,1,sin anomalia,2026-10-05T14:24:05,mendoza
2026-08-07T20:05:00,357010,Tupungatito,MODIS,0,0.00,1,sin anomalia,2026-10-05T14:24:05,mendoza
2026-08-08T01:05:00,357010,Tupungatito,MODIS,0,0.00,1,sin anomalia,2026-10-05T14:24:05,mendoza
2026-08-08T04:48:01,357010,Tupungatito,VIIRS375,0,0.00,1,sin anomalia,2026-10-05T14:24:05,mendoza
2026-08-08T04:48:01,357010,Tupungatito,VIIRS750,0,0.00,1,sin anomalia,2026-10-05T14:24:05,mendoza
2026-08-08T05:36:02,357010,Tupungatito,VIIRS375,0,0.00,1,sin anomalia,2026-10-05T14:24:05,mendoza
2026-08-08T05:36:02,357010,Tupungatito,VIIRS750,0,0.00,1,sin anomalia,2026-10-05T14:24:05,mendoza
2026-08-08T06:12:00,357010,Tupungatito,VIIRS375,0,0.00,1,sin anomalia,2026-10-05T14:24:05,mendoza
2026-08-08T06:30:01,357010,Tupungatito,VIIRS375,0,0.00,1,sin anomalia,2026-10-05T14:24:05,mendoza
2026-08-08T06:30:01,357010,Tupungatito,VIIRS750,0,0.00,1,sin anomalia,2026-10-05T14:24:05,mendoza
2026-08-08T07:05:00,357010,Tupungatito,MODIS,0,0.00,1,sin anomalia,2026-10-05T14:24:05,mendoza
2026-08-08T13:40:00,357010,Tupungatito,MODIS,0,0.00,1,sin anomalia,2026-10-05T14:24:05,mendoza
2026-08-08T18:00:02,357010,Tupungatito,VIIRS375,0,0.00,1,sin anomalia,2026-10-05T14:24:05,mendoza
2026-08-08T18:00:02,357010,Tupungatito,VIIRS750,0,0.00,1,sin anomalia,2026-10-05T14:24:05,mendoza
2026-08-08T18:36:00,357010,Tupungatito,VIIRS375,0,0.00,1,sin anomalia,2026-10-05T14:24:05,mendoza
2026-08-08T18:36:00,357010,Tupungatito,VIIRS750,0,0.00,1,sin anomalia,2026-10-05T14:24:05,mendoza
2026-08-08T18:54:01,357010,Tupungatito,VIIRS375,0,0.00,1,sin anomalia,2026-10-05T14:24:05,mendoza
2026-08-08T18:54:01,357010,Tupungatito,VIIRS750,0,0.00,1,sin anomalia,2026-10-05T14:24:05,mendoza
2026-08-08T20:45:00,357010,Tupungatito,MODIS,0,0.00,1,sin anomalia,2026-10-05T14:24:05,mendoza
2026-08-09T01:40:00,357010,Tupungatito,MODIS,0,0.00,1,sin anomalia,2026-10-05T14:24:05,mendoza
2026-08-09T05:18:02,357010,Tupungatito,VIIRS375,0,0.00,1,sin anomalia,2026-10-05T14:24:05,mendoza
2026-08-09T05:18:02,357010,Tupungatito,VIIRS750,0,0.00,1,sin anomalia,2026-10-05T14:24:05,mendoza
2026-08-09T05:54:00,357010,Tupungatito,VIIRS375,0,0.00,1,sin anomalia,2026-10-05T14:24:05,mendoza
2026-08-09T06:12:01,357010,Tupungatito,VIIRS375,0,0.00,1,sin anomalia,2026-10-05T14:24:05,mendoza
2026-08-09T06:12:01,357010,Tupungatito,VIIRS750,0,0.00,1,sin anomalia,2026-10-05T14:24:05,mendoza
2026-08-09T07:45:00,357010,Tupungatito,MODIS,0,0.00,1,sin anomalia,2026-10-05T14:24:05,mendoza
2026-08-09T12:40:00,357010,Tupungatito,MODIS,0,0.00,1,sin anomalia,2026-10-05T14:24:05,mendoza
2026-08-09T17:36:02,357010,Tupungatito,VIIRS375,0,0.00,1,sin anomalia,2026-10-05T14:24:05,mendoza
2026-08-09T17:36:02,357010,Tupungatito,VIIRS750,0,0.00,1,sin anomalia,2026-10-05T14:24:05,mendoza
2026-08-09T18:12:00,357010,Tupungatito,VIIRS375,0,0.00,1,sin anomalia,2026-10-05T14:24:05,mendoza
2026-08-09T18:12:00,357010,Tupungatito,VIIRS750,0,0.00,1,sin anomalia,2026-10-05T14:24:05,mendoza
2026-08-09T18:36:01,357010,Tupungatito,VIIRS375,0,0.00,1,sin anomalia,2026-10-05T14:24:05,mendoza
2026-08-09T18:36:01,357010,Tupungatito,VIIRS750,0,0.00,1,sin anomalia,2026-10-05T14:24:05,mendoza
2026-08-09T19:18:02,357010,Tupungatito,VIIRS375,0,0.00,1,sin anomalia,2026-10-05T14:24:05,mendoza
2026-08-09T19:18:02,357010,Tupungatito,VIIRS750,0,0.00,1,sin anomalia,2026-10-05T14:24:05,mendoza
2026-08-09T19:45:00,357010,Tupungatito,MODIS,0,0.00,1,sin anomalia,2026-10-05T14:24:05,mendoza
2026-08-09T21:20:00,357010,Tupungatito,MODIS,0,0.00,1,sin anomalia,2026-10-05T14:24:05,mendoza
2026-08-10T02:20:00,357010,Tupungatito,MODIS,0,0.00,1,sin anomalia,2026-10-05T14:24:05,mendoza
2026-08-10T05:00:02,357010,Tupungatito,VIIRS375,0,0.00,1,sin anomalia,2026-10-05T14:24:05,mendoza
2026-08-10T05:00:02,357010,Tupungatito,VIIRS750,0,0.00,1,sin anomalia,2026-10-05T14:24:05,mendoza
2026-08-10T05:54:01,357010,Tupungatito,VIIRS375,0,0.00,1,sin anomalia,2026-10-05T14:24:05,mendoza
2026-08-10T05:54:01,357010,Tupungatito,VIIRS750,1.04,23.01,0,fuera de radio,2026-10-05T14:24:05,mendoza
2026-08-10T06:36:02,357010,Tupungatito,VIIRS375,3.7,19.91,0,fuera de radio,2026-10-05T14:24:05,mendoza
2026-08-10T06:36:02,357010,Tupungatito,VIIRS750,0,0.00,1,sin anomalia,2026-10-05T14:24:05,mendoza
2026-08-10T08:20:00,357010,Tupungatito,MODIS,0,0.00,1,sin anomalia,2026-10-05T14:24:05,mendoza
2026-08-10T13:20:00,357010,Tupungatito,MODIS,0,0.00,1,sin anomalia,2026-10-05T14:24:05,mendoza
2026-08-10T17:54:00,357010,Tupungatito,VIIRS375,0,0.00,1,sin anomalia,2026-10-05T14:24:05,mendoza
2026-08-10T17:54:00,357010,Tupungatito,VIIRS750,0,0.00,1,sin anomalia,2026-10-05T14:24:05,mendoza
2026-08-10T19:00:02,357010,Tupungatito,VIIRS375,0,0.00,1,sin anomalia,2026-10-05T14:24:05,mendoza
2026-08-10T19:00:02,357010,Tupungatito,VIIRS750,0,0.00,1,sin anomalia,2026-10-05T14:24:05,mendoza
2026-08-10T19:36:00,357010,Tupungatito,VIIRS375,0,0.00,1,sin anomalia,2026-10-05T14:24:05,mendoza
2026-08-10T19:36:00,357010,Tupungatito,VIIRS750,0,0.00,1,sin anomalia,2026-10-05T14:24:05,mendoza
2026-08-10T20:20:00,357010,Tupungatito,MODIS,0,0.00,1,sin anomalia,2026-10-05T14:24:05,mendoza
2026-08-11T01:20:00,357010,Tupungatito,MODIS,0,0.00,1,sin anomalia,2026-10-05T14:24:05,mendoza
2026-08-11T04:36:02,357010,Tupungatito,VIIRS750,0,0.00,1,sin anomalia,2026-10-05T14:24:05,mendoza
2026-08-11T04:42:02,357010,Tupungatito,VIIRS375,0,0.00,1,sin anomalia,2026-10-05T14:24:05,mendoza
2026-08-11T04:42:02,357010,Tupungatito,VIIRS750,0,0.00,1,sin anomalia,2026-10-05T14:24:05,mendoza
2026-08-11T05:36:01,357010,Tupungatito,VIIRS375,0,0.00,1,sin anomalia,2026-10-05T14:24:05,mendoza
2026-08-11T05:36:01,357010,Tupungatito,VIIRS750,0,0.00,1,sin anomalia,2026-10-05T14:24:05,mendoza
2026-08-11T06:18:02,357010,Tupungatito,VIIRS375,0.25,23.40,0,fuera de radio,2026-10-05T14:24:05,mendoza
2026-08-11T06:18:02,357010,Tupungatito,VIIRS750,0,0.00,1,sin anomalia,2026-10-05T14:24:05,mendoza
2026-08-11T06:54:00,357010,Tupungatito,VIIRS375,0,0.00,1,sin anomalia,2026-10-05T14:24:05,mendoza
2026-08-11T06:54:00,357010,Tupungatito,VIIRS750,0,0.00,1,sin anomalia,2026-10-05T14:24:05,mendoza
2026-08-11T07:20:00,357010,Tupungatito,MODIS,0,0.00,1,sin anomalia,2026-10-05T14:24:05,mendoza
2026-08-11T12:20:00,357010,Tupungatito,MODIS,0,0.00,1,sin anomalia,2026-10-05T14:24:05,mendoza
2026-08-11T17:36:00,357010,Tupungatito,VIIRS375,0,0.00,1,sin anomalia,2026-10-05T14:24:05,mendoza
2026-08-11T17:36:00,357010,Tupungatito,VIIRS750,0,0.00,1,sin anomalia,2026-10-05T14:24:05,mendoza
2026-08-11T17:54:01,357010,Tupungatito,VIIRS375,0,0.00,1,sin anomalia,2026-10-05T14:24:05,mendoza
2026-08-11T17:54:01,357010,Tupungatito,VIIRS750,0,0.00,1,sin anomalia,2026-10-05T14:24:05,mendoza
2026-08-11T19:18:00,357010,Tupungatito,VIIRS375,0,0.00,1,sin anomalia,2026-10-05T14:24:05,mendoza
2026-08-11T19:18:00,357010,Tupungatito,VIIRS750,0,0.00,1,sin anomalia,2026-10-05T14:24:05,mendoza
2026-08-11T19:36:01,357010,Tupungatito,VIIRS375,0,0.00,1,sin anomalia,2026-10-05T14:24:05,mendoza
2026-08-11T19:36:01,357010,Tupungatito,VIIRS750,0,0.00,1,sin anomalia,2026-10-05T14:24:05,mendoza
2026-08-11T21:00:00,357010,Tupungatito,MODIS,0,0.00,1,sin anomalia,2026-10-05T14:24:05,mendoza
2026-08-12T02:00:00,357010,Tupungatito,MODIS,0,0.00,1,sin anomalia,2026-10-05T14:24:05,mendoza
2026-08-12T04:54:00,357010,Tupungatito,VIIRS375,0,0.00,1,sin anomalia,2026-10-05T14:24:05,mendoza
2026-08-12T04:54:00,357010,Tupungatito,VIIRS750,0,0.00,1,sin anomalia,2026-10-05T14:24:05,mendoza
2026-08-12T05:18:01,357010,Tupungatito,VIIRS375,0,0.00,1,sin anomalia,2026-10-05T14:24:05,mendoza
2026-08-12T05:18:01,357010,Tupungatito,VIIRS750,0,0.00,1,sin anomalia,2026-10-05T14:24:05,mendoza
2026-08-12T06:00:02,357010,Tupungatito,VIIRS375,0,0.00,1,sin anomalia,2026-10-05T14:24:05,mendoza
2026-08-12T06:00:02,357010,Tupungatito,VIIRS750,0,0.00,1,sin anomalia,2026-10-05T14:24:05,mendoza
2026-08-12T06:36:00,357010,Tupungatito,VIIRS375,0,0.00,1,sin anomalia,2026-10-05T14:24:05,mendoza
2026-08-12T06:36:00,357010,Tupungatito,VIIRS750,0,0.00,1,sin anomalia,2026-10-05T14:24:05,mendoza
2026-08-12T08:00:00,357010,Tupungatito,MODIS,0,0.00,1,sin anomalia,2026-10-05T14:24:05,mendoza
2026-08-12T13:00:00,357010,Tupungatito,MODIS,0,0.00,1,sin anomalia,2026-10-05T14:24:05,mendoza
2026-08-12T17:36:01,357010,Tupungatito,VIIRS375,0,0.00,1,sin anomalia,2026-10-05T14:24:05,mendoza
2026-08-12T19:18:01,357010,Tupungatito,VIIRS375,0,0.00,1,sin anomalia,2026-10-05T14:24:05,mendoza
2026-08-12T19:18:01,357010,Tupungatito,VIIRS750,0,0.00,1,sin anomalia,2026-10-05T14:24:05,mendoza
2026-08-12T20:00:00,357010,Tupungatito,MODIS,0,0.00,1,sin anomalia,2026-10-05T14:24:05,mendoza
2026-08-13T01:00:00,357010,Tupungatito,MODIS,0,0.00,1,sin anomalia,2026-10-05T14:24:05,mendoza
2026-08-13T04:54:01,357010,Tupungatito,VIIRS375,0.94,24.42,0,fuera de radio,2026-10-05T14:24:05,mendoza
2026-08-13T04:54:01,357010,Tupungatito,VIIRS750,0,0.00,1,sin anomalia,2026-10-05T14:24:05,mendoza
2026-08-13T05:42:02,357010,Tupungatito,VIIRS375,0.14,4.89,1,muy baja,2026-10-05T14:24:05,mendoza
2026-08-13T05:42:02,357010,Tupungatito,VIIRS750,0,0.00,1,sin anomalia,2026-10-05T14:24:05,mendoza
2026-08-13T06:36:01,357010,Tupungatito,VIIRS375,0,0.00,1,sin anomalia,2026-10-05T14:24:05,mendoza
2026-08-13T06:36:01,357010,Tupungatito,VIIRS750,0,0.00,1,sin anomalia,2026-10-05T14:24:05,mendoza
2026-08-13T07:00:00,357010,Tupungatito,MODIS,0,0.00,1,sin anomalia,2026-10-05T14:24:05,mendoza
2026-08-13T08:35:00,357010,Tupungatito,MODIS,0,0.00,1,sin anomalia,2026-10-05T14:24:05,mendoza
2026-08-13T13:40:00,357010,Tupungatito,MODIS,0,0.00,1,sin anomalia,2026-10-05T14:24:05,mendoza
2026-08-13T18:06:02,357010,Tupungatito,VIIRS375,0,0.00,1,sin anomalia,2026-10-05T14:24:05,mendoza
2026-08-13T18:06:02,357010,Tupungatito,VIIRS750,1.14,18.76,0,fuera de radio,2026-10-05T14:24:05,mendoza
2026-08-13T18:42:00,357010,Tupungatito,VIIRS375,0,0.00,1,sin anomalia,2026-10-05T14:24:05,mendoza
2026-08-13T18:42:00,357010,Tupungatito,VIIRS750,0,0.00,1,sin anomalia,2026-10-05T14:24:05,mendoza
2026-08-13T19:00:01,357010,Tupungatito,VIIRS375,0,0.00,1,sin anomalia,2026-10-05T14:24:05,mendoza
2026-08-13T19:00:01,357010,Tupungatito,VIIRS750,0,0.00,1,sin anomalia,2026-10-05T14:24:05,mendoza
2026-08-13T20:40:00,357010,Tupungatito,MODIS,0,0.00,1,sin anomalia,2026-10-05T14:24:05,mendoza
2026-08-14T01:40:00,357010,Tupungatito,MODIS,0,0.00,1,sin anomalia,2026-10-05T14:24:05,mendoza
2026-08-14T05:24:02,357010,Tupungatito,VIIRS375,0.67,14.23,0,fuera de radio,2026-10-05T14:24:05,mendoza
2026-08-14T05:24:02,357010,Tupungatito,VIIRS750,0,0.00,1,sin anomalia,2026-10-05T14:24:05,mendoza
2026-08-14T06:18:01,357010,Tupungatito,VIIRS375,0,0.00,1,sin anomalia,2026-10-05T14:24:05,mendoza
2026-08-14T06:18:01,357010,Tupungatito,VIIRS750,0,0.00,1,sin anomalia,2026-10-05T14:24:05,mendoza
2026-08-14T07:35:00,357010,Tupungatito,MODIS,0,0.00,1,sin anomalia,2026-10-05T14:24:05,mendoza
2026-08-14T12:40:00,357010,Tupungatito,MODIS,0,0.00,1,sin anomalia,2026-10-05T14:24:05,mendoza
2026-08-14T17:42:02,357010,Tupungatito,VIIRS375,0,0.00,1,sin anomalia,2026-10-05T14:24:05,mendoza
2026-08-14T18:42:01,357010,Tupungatito,VIIRS375,0,0.00,1,sin anomalia,2026-10-05T14:24:05,mendoza
2026-08-14T18:42:01,357010,Tupungatito,VIIRS750,0,0.00,1,sin anomalia,2026-10-05T14:24:05,mendoza
2026-08-14T19:24:02,357010,Tupungatito,VIIRS375,0,0.00,1,sin anomalia,2026-10-05T14:24:05,mendoza
2026-08-14T19:24:02,357010,Tupungatito,VIIRS750,0,0.00,1,sin anomalia,2026-10-05T14:24:05,mendoza
2026-08-14T21:15:00,357010,Tupungatito,MODIS,0,0.00,1,sin anomalia,2026-10-05T14:24:05,mendoza
2026-08-15T02:20:00,357010,Tupungatito,MODIS,0,0.00,1,sin anomalia,2026-10-05T14:24:05,mendoza
2026-08-15T05:06:02,357010,Tupungatito,VIIRS375,0,0.00,1,sin anomalia,2026-10-05T14:24:05,mendoza
2026-08-15T05:06:02,357010,Tupungatito,VIIRS750,0,0.00,1,sin anomalia,2026-10-05T14:24:05,mendoza
2026-08-15T06:00:01,357010,Tupungatito,VIIRS375,0.13,30.98,0,fuera de radio,2026-10-05T14:24:05,mendoza
2026-08-15T06:00:01,357010,Tupungatito,VIIRS750,0,0.00,1,sin anomalia,2026-10-05T14:24:05,mendoza
2026-08-15T06:42:02,357010,Tupungatito,VIIRS375,0,0.00,1,sin anomalia,2026-10-05T14:24:05,mendoza
2026-08-15T06:42:02,357010,Tupungatito,VIIRS750,0,0.00,1,sin anomalia,2026-10-05T14:24:05,mendoza
2026-08-15T08:15:00,357010,Tupungatito,MODIS,0,0.00,1,sin anomalia,2026-10-05T14:24:05,mendoza
2026-08-15T13:20:00,357010,Tupungatito,MODIS,0,0.00,1,sin anomalia,2026-10-05T14:24:05,mendoza
2026-08-15T18:24:01,357010,Tupungatito,VIIRS750,0,0.00,1,sin anomalia,2026-10-05T14:24:05,mendoza
2026-08-15T19:06:02,357010,Tupungatito,VIIRS375,0,0.00,1,sin anomalia,2026-10-05T14:24:05,mendoza
2026-08-15T19:06:02,357010,Tupungatito,VIIRS750,0,0.00,1,sin anomalia,2026-10-05T14:24:05,mendoza
2026-08-15T19:42:00,357010,Tupungatito,VIIRS375,0,0.00,1,sin anomalia,2026-10-05T14:24:05,mendoza
2026-08-15T19:42:00,357010,Tupungatito,VIIRS750,0,0.00,1,sin anomalia,2026-10-05T14:24:05,mendoza
2026-08-15T20:15:00,357010,Tupungatito,MODIS,0,0.00,1,sin anomalia,2026-10-05T14:24:05,mendoza
2026-08-16T01:20:00,357010,Tupungatito,MODIS,0,0.00,1,sin anomalia,2026-10-05T14:24:05,mendoza
2026-08-16T04:48:02,357010,Tupungatito,VIIRS375,0,0.00,1,sin anomalia,2026-10-05T14:24:05,mendoza
2026-08-16T04:48:02,357010,Tupungatito,VIIRS750,0,0.00,1,sin anomalia,2026-10-05T14:24:05,mendoza
2026-08-16T05:24:00,357010,Tupungatito,VIIRS750,0,0.00,1,sin anomalia,2026-10-05T14:24:05,mendoza
2026-08-16T05:42:01,357010,Tupungatito,VIIRS375,0.04,4.89,1,muy baja,2026-10-05T14:24:05,mendoza
2026-08-16T05:42:01,357010,Tupungatito,VIIRS750,0,0.00,1,sin anomalia,2026-10-05T14:24:05,mendoza
2026-08-16T06:24:02,357010,Tupungatito,VIIRS375,0,0.00,1,sin anomalia,2026-10-05T14:24:05,mendoza
2026-08-16T06:24:02,357010,Tupungatito,VIIRS750,0,0.00,1,sin anomalia,2026-10-05T14:24:05,mendoza
2026-08-16T07:15:00,357010,Tupungatito,MODIS,0,0.00,1,sin anomalia,2026-10-05T14:24:05,mendoza
2026-08-16T12:20:00,357010,Tupungatito,MODIS,0,0.00,1,sin anomalia,2026-10-05T14:24:05,mendoza
2026-08-16T17:42:00,357010,Tupungatito,VIIRS375,0,0.00,1,sin anomalia,2026-10-05T14:24:05,mendoza
2026-08-16T17:42:00,357010,Tupungatito,VIIRS750,0,0.00,1,sin anomalia,2026-10-05T14:24:05,mendoza
2026-08-16T18:00:01,357010,Tupungatito,VIIRS375,0,0.00,1,sin anomalia,2026-10-05T14:24:05,mendoza
2026-08-16T18:00:01,357010,Tupungatito,VIIRS750,0,0.00,1,sin anomalia,2026-10-05T14:24:05,mendoza
2026-08-16T19:24:00,357010,Tupungatito,VIIRS375,0,0.00,1,sin anomalia,2026-10-05T14:24:05,mendoza
2026-08-16T19:24:00,357010,Tupungatito,VIIRS750,0,0.00,1,sin anomalia,2026-10-05T14:24:05,mendoza
2026-08-16T20:55:00,357010,Tupungatito,MODIS,0,0.00,1,sin anomalia,2026-10-05T14:24:05,mendoza
2026-08-17T02:00:00,357010,Tupungatito,MODIS,0,0.00,1,sin anomalia,2026-10-05T14:24:05,mendoza
2026-08-17T05:00:00,357010,Tupungatito,VIIRS750,0,0.00,1,sin anomalia,2026-10-05T14:24:05,mendoza
2026-08-17T05:24:01,357010,Tupungatito,VIIRS375,0,0.00,1,sin anomalia,2026-10-05T14:24:05,mendoza
2026-08-17T06:06:02,357010,Tupungatito,VIIRS375,0,0.00,1,sin anomalia,2026-10-05T14:24:05,mendoza
2026-08-17T06:06:02,357010,Tupungatito,VIIRS750,0,0.00,1,sin anomalia,2026-10-05T14:24:05,mendoza
2026-08-17T06:42:00,357010,Tupungatito,VIIRS375,0,0.00,1,sin anomalia,2026-10-05T14:24:05,mendoza
2026-08-17T06:42:00,357010,Tupungatito,VIIRS750,0,0.00,1,sin anomalia,2026-10-05T14:24:05,mendoza
2026-08-17T07:55:00,357010,Tupungatito,MODIS,0,0.00,1,sin anomalia,2026-10-05T14:24:05,mendoza
2026-08-17T13:00:00,357010,Tupungatito,MODIS,1.72,9.49,0,fuera de radio,2026-10-05T14:24:05,mendoza
2026-08-17T18:30:02,357010,Tupungatito,VIIRS375,0,0.00,1,sin anomalia,2026-10-05T14:24:05,mendoza
2026-08-17T19:06:00,357010,Tupungatito,VIIRS375,0,0.00,1,sin anomalia,2026-10-05T14:24:05,mendoza
2026-08-17T19:24:01,357010,Tupungatito,VIIRS375,0,0.00,1,sin anomalia,2026-10-05T14:24:05,mendoza
2026-08-17T19:24:01,357010,Tupungatito,VIIRS750,0,0.00,1,sin anomalia,2026-10-05T14:24:05,mendoza
2026-08-17T19:55:00,357010,Tupungatito,MODIS,0,0.00,1,sin anomalia,2026-10-05T14:24:05,mendoza
2026-08-18T01:00:00,357010,Tupungatito,MODIS,0,0.00,1,sin anomalia,2026-10-05T14:24:05,mendoza
2026-08-18T05:00:01,357010,Tupungatito,VIIRS375,0.16,5.21,1,muy baja,2026-10-05T14:24:05,mendoza
2026-08-18T05:00:01,357010,Tupungatito,VIIRS750,0,0.00,1,sin anomalia,2026-10-05T14:24:05,mendoza
2026-08-18T05:48:02,357010,Tupungatito,VIIRS375,0.17,5.21,1,muy baja,2026-10-05T14:24:05,mendoza
2026-08-18T05:48:02,357010,Tupungatito,VIIRS750,0,0.00,1,sin anomalia,2026-10-05T14:24:05,mendoza
2026-08-18T06:24:00,357010,Tupungatito,VIIRS375,0,0.00,1,sin anomalia,2026-10-05T14:24:05,mendoza
2026-08-18T06:24:00,357010,Tupungatito,VIIRS750,0,0.00,1,sin anomalia,2026-10-05T14:24:05,mendoza
2026-08-18T06:42:01,357010,Tupungatito,VIIRS375,0,0.00,1,sin anomalia,2026-10-05T14:24:05,mendoza
2026-08-18T06:42:01,357010,Tupungatito,VIIRS750,0,0.00,1,sin anomalia,2026-10-05T14:24:05,mendoza
2026-08-18T08:30:00,357010,Tupungatito,MODIS,0,0.00,1,sin anomalia,2026-10-05T14:24:05,mendoza
2026-08-18T13:40:00,357010,Tupungatito,MODIS,0,0.00,1,sin anomalia,2026-10-05T14:24:05,mendoza
2026-08-18T17:24:01,357010,Tupungatito,VIIRS375,0,0.00,1,sin anomalia,2026-10-05T14:24:05,mendoza
2026-08-18T17:24:01,357010,Tupungatito,VIIRS750,0,0.00,1,sin anomalia,2026-10-05T14:24:05,mendoza
2026-08-18T18:12:02,357010,Tupungatito,VIIRS750,0,0.00,1,sin anomalia,2026-10-05T14:24:05,mendoza
2026-08-18T19:06:01,357010,Tupungatito,VIIRS375,0,0.00,1,sin anomalia,2026-10-05T14:24:05,mendoza
2026-08-18T19:06:01,357010,Tupungatito,VIIRS750,0,0.00,1,sin anomalia,2026-10-05T14:24:05,mendoza
2026-08-18T20:30:00,357010,Tupungatito,MODIS,0,0.00,1,sin anomalia,2026-10-05T14:24:05,mendoza
2026-08-19T01:40:00,357010,Tupungatito,MODIS,0,0.00,1,sin anomalia,2026-10-05T14:24:05,mendoza
2026-08-19T04:42:01,357010,Tupungatito,VIIRS375,0,0.00,1,sin anomalia,2026-10-05T14:24:05,mendoza
2026-08-19T04:42:01,357010,Tupungatito,VIIRS750,0,0.00,1,sin anomalia,2026-10-05T14:24:05,mendoza
2026-08-19T05:30:02,357010,Tupungatito,VIIRS375,0,0.00,1,sin anomalia,2026-10-05T14:24:05,mendoza
2026-08-19T05:30:02,357010,Tupungatito,VIIRS750,0,0.00,1,sin anomalia,2026-10-05T14:24:05,mendoza
2026-08-19T06:06:00,357010,Tupungatito,VIIRS750,0,0.00,1,sin anomalia,2026-10-05T14:24:05,mendoza
2026-08-19T06:24:01,357010,Tupungatito,VIIRS375,0,0.00,1,sin anomalia,2026-10-05T14:24:05,mendoza
2026-08-19T06:24:01,357010,Tupungatito,VIIRS750,0,0.00,1,sin anomalia,2026-10-05T14:24:05,mendoza
2026-08-19T07:30:00,357010,Tupungatito,MODIS,0,0.00,1,sin anomalia,2026-10-05T14:24:05,mendoza
2026-08-19T12:40:00,357010,Tupungatito,MODIS,0,0.00,1,sin anomalia,2026-10-05T14:24:05,mendoza
2026-08-19T18:48:01,357010,Tupungatito,VIIRS375,0,0.00,1,sin anomalia,2026-10-05T14:24:05,mendoza
2026-08-19T18:48:01,357010,Tupungatito,VIIRS750,0,0.00,1,sin anomalia,2026-10-05T14:24:05,mendoza
2026-08-19T19:30:02,357010,Tupungatito,VIIRS375,0,0.00,1,sin anomalia,2026-10-05T14:24:05,mendoza
2026-08-19T19:30:02,357010,Tupungatito,VIIRS750,0,0.00,1,sin anomalia,2026-10-05T14:24:05,mendoza
2026-08-19T21:10:00,357010,Tupungatito,MODIS,0,0.00,1,sin anomalia,2026-10-05T14:24:05,mendoza
2026-08-20T02:20:00,357010,Tupungatito,MODIS,0,0.00,1,sin anomalia,2026-10-05T14:24:05,mendoza
2026-08-20T05:12:02,357010,Tupungatito,VIIRS375,0.12,4.89,1,muy baja,2026-10-05T14:24:05,mendoza
2026-08-20T05:12:02,357010,Tupungatito,VIIRS750,0,0.00,1,sin anomalia,2026-10-05T14:24:05,mendoza
2026-08-20T06:06:01,357010,Tupungatito,VIIRS375,0.04,5.21,1,muy baja,2026-10-05T14:24:05,mendoza
2026-08-20T06:06:01,357010,Tupungatito,VIIRS750,0,0.00,1,sin anomalia,2026-10-05T14:24:05,mendoza
2026-08-20T08:10:00,357010,Tupungatito,MODIS,0,0.00,1,sin anomalia,2026-10-05T14:24:05,mendoza
2026-08-20T13:20:00,357010,Tupungatito,MODIS,0,0.00,1,sin anomalia,2026-10-05T14:24:05,mendoza
2026-08-20T18:06:00,357010,Tupungatito,VIIRS375,0,0.00,1,sin anomalia,2026-10-05T14:24:05,mendoza
2026-08-20T18:06:00,357010,Tupungatito,VIIRS750,0,0.00,1,sin anomalia,2026-10-05T14:24:05,mendoza
2026-08-20T18:30:01,357010,Tupungatito,VIIRS750,0,0.00,1,sin anomalia,2026-10-05T14:24:05,mendoza
2026-08-20T19:12:02,357010,Tupungatito,VIIRS375,0,0.00,1,sin anomalia,2026-10-05T14:24:05,mendoza
2026-08-20T19:12:02,357010,Tupungatito,VIIRS750,0,0.00,1,sin anomalia,2026-10-05T14:24:05,mendoza
2026-08-20T20:10:00,357010,Tupungatito,MODIS,0,0.00,1,sin anomalia,2026-10-05T14:24:05,mendoza
2026-08-21T01:20:00,357010,Tupungatito,MODIS,0,0.00,1,sin anomalia,2026-10-05T14:24:05,mendoza
2026-08-21T04:54:02,357010,Tupungatito,VIIRS375,0.06,5.21,1,muy baja,2026-10-05T14:24:05,mendoza
2026-08-21T04:54:02,357010,Tupungatito,VIIRS750,0,0.00,1,sin anomalia,2026-10-05T14:24:05,mendoza
2026-08-21T05:48:01,357010,Tupungatito,VIIRS375,0.19,5.21,1,muy baja,2026-10-05T14:24:05,mendoza
2026-08-21T05:48:01,357010,Tupungatito,VIIRS750,0.19,5.03,1,muy baja,2026-10-05T14:24:05,mendoza
2026-08-21T06:30:02,357010,Tupungatito,VIIRS375,0.04,5.21,1,muy baja,2026-10-05T14:24:05,mendoza
2026-08-21T06:30:02,357010,Tupungatito,VIIRS750,0,0.00,1,sin anomalia,2026-10-05T14:24:05,mendoza
2026-08-21T07:10:00,357010,Tupungatito,MODIS,0,0.00,1,sin anomalia,2026-10-05T14:24:05,mendoza
2026-08-21T12:20:00,357010,Tupungatito,MODIS,0,0.00,1,sin anomalia,2026-10-05T14:24:05,mendoza
2026-08-21T17:48:00,357010,Tupungatito,VIIRS375,0,0.00,1,sin anomalia,2026-10-05T14:24:05,mendoza
2026-08-21T17:48:00,357010,Tupungatito,VIIRS750,0,0.00,1,sin anomalia,2026-10-05T14:24:05,mendoza
2026-08-21T19:30:00,357010,Tupungatito,VIIRS375,0,0.00,1,sin anomalia,2026-10-05T14:24:05,mendoza
2026-08-21T19:30:00,357010,Tupungatito,VIIRS750,0,0.00,1,sin anomalia,2026-10-05T14:24:05,mendoza
2026-08-21T20:45:00,357010,Tupungatito,MODIS,0,0.00,1,sin anomalia,2026-10-05T14:24:05,mendoza
2026-08-22T02:00:00,357010,Tupungatito,MODIS,0,0.00,1,sin anomalia,2026-10-05T14:24:05,mendoza
2026-08-22T04:30:02,357010,Tupungatito,VIIRS375,0,0.00,1,sin anomalia,2026-10-05T14:24:05,mendoza
2026-08-22T05:30:01,357010,Tupungatito,VIIRS375,0.12,5.21,1,muy baja,2026-10-05T14:24:05,mendoza
2026-08-22T05:30:01,357010,Tupungatito,VIIRS750,0,0.00,1,sin anomalia,2026-10-05T14:24:05,mendoza
2026-08-22T06:12:02,357010,Tupungatito,VIIRS375,0,0.00,1,sin anomalia,2026-10-05T14:24:05,mendoza
2026-08-22T06:12:02,357010,Tupungatito,VIIRS750,0,0.00,1,sin anomalia,2026-10-05T14:24:05,mendoza
2026-08-22T06:48:00,357010,Tupungatito,VIIRS375,0,0.00,1,sin anomalia,2026-10-05T14:24:05,mendoza
2026-08-22T06:48:00,357010,Tupungatito,VIIRS750,0,0.00,1,sin anomalia,2026-10-05T14:24:05,mendoza
2026-08-22T07:45:00,357010,Tupungatito,MODIS,0,0.00,1,sin anomalia,2026-10-05T14:24:05,mendoza
2026-08-22T13:00:00,357010,Tupungatito,MODIS,0,0.00,1,sin anomalia,2026-10-05T14:24:05,mendoza
2026-08-22T17:30:00,357010,Tupungatito,VIIRS375,18.27,14.33,0,fuera de radio,2026-10-05T14:24:05,mendoza
2026-08-22T17:48:01,357010,Tupungatito,VIIRS375,0,0.00,1,sin anomalia,2026-10-05T14:24:05,mendoza
2026-08-22T17:48:01,357010,Tupungatito,VIIRS750,0,0.00,1,sin anomalia,2026-10-05T14:24:05,mendoza
2026-08-22T18:36:02,357010,Tupungatito,VIIRS375,0,0.00,1,sin anomalia,2026-10-05T14:24:05,mendoza
2026-08-22T19:12:00,357010,Tupungatito,VIIRS750,0,0.00,1,sin anomalia,2026-10-05T14:24:05,mendoza
2026-08-22T19:30:01,357010,Tupungatito,VIIRS375,0,0.00,1,sin anomalia,2026-10-05T14:24:05,mendoza
2026-08-22T19:30:01,357010,Tupungatito,VIIRS750,0,0.00,1,sin anomalia,2026-10-05T14:24:05,mendoza
2026-08-22T19:45:00,357010,Tupungatito,MODIS,0,0.00,1,sin anomalia,2026-10-05T14:24:05,mendoza
2026-08-22T21:25:00,357010,Tupungatito,MODIS,0,0.00,1,sin anomalia,2026-10-05T14:24:05,mendoza
2026-08-23T01:00:00,357010,Tupungatito,MODIS,0,0.00,1,sin anomalia,2026-10-05T14:24:05,mendoza
2026-08-23T05:12:01,357010,Tupungatito,VIIRS375,0,0.00,1,sin anomalia,2026-10-05T14:24:05,mendoza
2026-08-23T05:12:01,357010,Tupungatito,VIIRS750,0,0.00,1,sin anomalia,2026-10-05T14:24:05,mendoza
2026-08-23T05:54:02,357010,Tupungatito,VIIRS375,0,0.00,1,sin anomalia,2026-10-05T14:24:05,mendoza
2026-08-23T05:54:02,357010,Tupungatito,VIIRS750,0,0.00,1,sin anomalia,2026-10-05T14:24:05,mendoza
2026-08-23T06:48:01,357010,Tupungatito,VIIRS375,0,0.00,1,sin anomalia,2026-10-05T14:24:05,mendoza
2026-08-23T06:48:01,357010,Tupungatito,VIIRS750,0,0.00,1,sin anomalia,2026-10-05T14:24:05,mendoza
2026-08-23T13:35:00,357010,Tupungatito,MODIS,0,0.00,1,sin anomalia,2026-10-05T14:24:05,mendoza
2026-08-23T17:30:01,357010,Tupungatito,VIIRS375,44.5,14.64,0,fuera de radio,2026-10-05T14:24:05,mendoza
2026-08-23T17:30:01,357010,Tupungatito,VIIRS750,0,0.00,1,sin anomalia,2026-10-05T14:24:05,mendoza
2026-08-23T18:54:00,357010,Tupungatito,VIIRS750,0,0.00,1,sin anomalia,2026-10-05T14:24:05,mendoza
2026-08-23T19:12:01,357010,Tupungatito,VIIRS375,0,0.00,1,sin anomalia,2026-10-05T14:24:05,mendoza
2026-08-23T19:12:01,357010,Tupungatito,VIIRS750,0,0.00,1,sin anomalia,2026-10-05T14:24:05,mendoza
2026-08-23T20:25:00,357010,Tupungatito,MODIS,0,0.00,1,sin anomalia,2026-10-05T14:24:05,mendoza
2026-08-24T01:40:00,357010,Tupungatito,MODIS,0,0.00,1,sin anomalia,2026-10-05T14:24:05,mendoza
2026-08-24T04:48:01,357010,Tupungatito,VIIRS375,0,0.00,1,sin anomalia,2026-10-05T14:24:05,mendoza
2026-08-24T04:48:01,357010,Tupungatito,VIIRS750,0,0.00,1,sin anomalia,2026-10-05T14:24:05,mendoza
2026-08-24T05:36:02,357010,Tupungatito,VIIRS375,0.14,4.89,1,muy baja,2026-10-05T14:24:05,mendoza
2026-08-24T05:36:02,357010,Tupungatito,VIIRS750,0,0.00,1,sin anomalia,2026-10-05T14:24:05,mendoza
2026-08-24T06:30:01,357010,Tupungatito,VIIRS375,0,0.00,1,sin anomalia,2026-10-05T14:24:05,mendoza
2026-08-24T06:30:01,357010,Tupungatito,VIIRS750,0,0.00,1,sin anomalia,2026-10-05T14:24:05,mendoza
2026-08-24T07:25:00,357010,Tupungatito,MODIS,0,0.00,1,sin anomalia,2026-10-05T14:24:05,mendoza
2026-08-24T12:40:00,357010,Tupungatito,MODIS,0,0.00,1,sin anomalia,2026-10-05T14:24:05,mendoza
2026-08-24T18:00:02,357010,Tupungatito,VIIRS375,0,0.00,1,sin anomalia,2026-10-05T14:24:05,mendoza
2026-08-24T18:00:02,357010,Tupungatito,VIIRS750,0,0.00,1,sin anomalia,2026-10-05T14:24:05,mendoza
2026-08-24T18:36:00,357010,Tupungatito,VIIRS375,0.88,14.14,0,fuera de radio,2026-10-05T14:24:05,mendoza
2026-08-24T18:36:00,357010,Tupungatito,VIIRS750,1.33,8.28,0,fuera de radio,2026-10-05T14:24:05,mendoza
2026-08-24T18:54:01,357010,Tupungatito,VIIRS375,0,0.00,1,sin anomalia,2026-10-05T14:24:05,mendoza
2026-08-24T18:54:01,357010,Tupungatito,VIIRS750,0,0.00,1,sin anomalia,2026-10-05T14:24:05,mendoza
2026-08-24T21:05:00,357010,Tupungatito,MODIS,0,0.00,1,sin anomalia,2026-10-05T14:24:05,mendoza
2026-08-25T02:15:00,357010,Tupungatito,MODIS,0,0.00,1,sin anomalia,2026-10-05T14:24:05,mendoza
2026-08-25T05:18:02,357010,Tupungatito,VIIRS375,0,0.00,1,sin anomalia,2026-10-05T14:24:05,mendoza
2026-08-25T05:18:02,357010,Tupungatito,VIIRS750,0,0.00,1,sin anomalia,2026-10-05T14:24:05,mendoza
2026-08-25T05:54:00,357010,Tupungatito,VIIRS750,0,0.00,1,sin anomalia,2026-10-05T14:24:05,mendoza
2026-08-25T06:12:01,357010,Tupungatito,VIIRS375,0,0.00,1,sin anomalia,2026-10-05T14:24:05,mendoza
2026-08-25T06:12:01,357010,Tupungatito,VIIRS750,0,0.00,1,sin anomalia,2026-10-05T14:24:05,mendoza
2026-08-25T08:00:00,357010,Tupungatito,MODIS,0,0.00,1,sin anomalia,2026-10-05T14:24:05,mendoza
2026-08-25T13:15:00,357010,Tupungatito,MODIS,0,0.00,1,sin anomalia,2026-10-05T14:24:05,mendoza
2026-08-25T19:18:02,357010,Tupungatito,VIIRS375,0,0.00,1,sin anomalia,2026-10-05T14:24:05,mendoza
2026-08-25T19:18:02,357010,Tupungatito,VIIRS750,0,0.00,1,sin anomalia,2026-10-05T14:24:05,mendoza
2026-08-25T20:05:00,357010,Tupungatito,MODIS,0,0.00,1,sin anomalia,2026-10-05T14:24:05,mendoza
2026-08-26T01:20:00,357010,Tupungatito,MODIS,0,0.00,1,sin anomalia,2026-10-05T14:24:05,mendoza
2026-08-26T05:00:02,357010,Tupungatito,VIIRS375,0,0.00,1,sin anomalia,2026-10-05T14:24:05,mendoza
2026-08-26T05:00:02,357010,Tupungatito,VIIRS750,0,0.00,1,sin anomalia,2026-10-05T14:24:05,mendoza
2026-08-26T05:54:01,357010,Tupungatito,VIIRS375,0,0.00,1,sin anomalia,2026-10-05T14:24:05,mendoza
2026-08-26T05:54:01,357010,Tupungatito,VIIRS750,0,0.00,1,sin anomalia,2026-10-05T14:24:05,mendoza
2026-08-26T06:36:02,357010,Tupungatito,VIIRS375,0,0.00,1,sin anomalia,2026-10-05T14:24:05,mendoza
2026-08-26T06:36:02,357010,Tupungatito,VIIRS750,0,0.00,1,sin anomalia,2026-10-05T14:24:05,mendoza
2026-08-26T07:00:00,357010,Tupungatito,MODIS,0,0.00,1,sin anomalia,2026-10-05T14:24:05,mendoza
2026-08-26T08:40:00,357010,Tupungatito,MODIS,0,0.00,1,sin anomalia,2026-10-05T14:24:05,mendoza
2026-08-26T12:20:00,357010,Tupungatito,MODIS,0,0.00,1,sin anomalia,2026-10-05T14:24:05,mendoza
2026-08-26T18:18:01,357010,Tupungatito,VIIRS375,0,0.00,1,sin anomalia,2026-10-05T14:24:05,mendoza
2026-08-26T18:18:01,357010,Tupungatito,VIIRS750,0,0.00,1,sin anomalia,2026-10-05T14:24:05,mendoza
2026-08-26T19:00:02,357010,Tupungatito,VIIRS375,0,0.00,1,sin anomalia,2026-10-05T14:24:05,mendoza
2026-08-26T19:00:02,357010,Tupungatito,VIIRS750,0,0.00,1,sin anomalia,2026-10-05T14:24:05,mendoza
2026-08-26T19:36:00,357010,Tupungatito,VIIRS375,0,0.00,1,sin anomalia,2026-10-05T14:24:05,mendoza
2026-08-26T19:36:00,357010,Tupungatito,VIIRS750,0,0.00,1,sin anomalia,2026-10-05T14:24:05,mendoza
2026-08-26T20:40:00,357010,Tupungatito,MODIS,0,0.00,1,sin anomalia,2026-10-05T14:24:05,mendoza
2026-08-27T01:55:00,357010,Tupungatito,MODIS,0,0.00,1,sin anomalia,2026-10-05T14:24:05,mendoza
2026-08-27T04:42:02,357010,Tupungatito,VIIRS375,0,0.00,1,sin anomalia,2026-10-05T14:24:05,mendoza
2026-08-27T04:42:02,357010,Tupungatito,VIIRS750,0,0.00,1,sin anomalia,2026-10-05T14:24:05,mendoza
2026-08-27T05:18:00,357010,Tupungatito,VIIRS375,0,0.00,1,sin anomalia,2026-10-05T14:24:05,mendoza
2026-08-27T05:36:01,357010,Tupungatito,VIIRS375,0,0.00,1,sin anomalia,2026-10-05T14:24:05,mendoza
2026-08-27T05:36:01,357010,Tupungatito,VIIRS750,0,0.00,1,sin anomalia,2026-10-05T14:24:05,mendoza
2026-08-27T06:18:02,357010,Tupungatito,VIIRS375,0,0.00,1,sin anomalia,2026-10-05T14:24:05,mendoza
2026-08-27T06:18:02,357010,Tupungatito,VIIRS750,0,0.00,1,sin anomalia,2026-10-05T14:24:05,mendoza
2026-08-27T06:54:00,357010,Tupungatito,VIIRS375,0,0.00,1,sin anomalia,2026-10-05T14:24:05,mendoza
2026-08-27T06:54:00,357010,Tupungatito,VIIRS750,0,0.00,1,sin anomalia,2026-10-05T14:24:05,mendoza
2026-08-27T07:40:00,357010,Tupungatito,MODIS,0,0.00,1,sin anomalia,2026-10-05T14:24:05,mendoza
2026-08-27T12:55:00,357010,Tupungatito,MODIS,0,0.00,1,sin anomalia,2026-10-05T14:24:05,mendoza
2026-08-27T17:54:01,357010,Tupungatito,VIIRS375,0,0.00,1,sin anomalia,2026-10-05T14:24:05,mendoza
2026-08-27T17:54:01,357010,Tupungatito,VIIRS750,0,0.00,1,sin anomalia,2026-10-05T14:24:05,mendoza
2026-08-27T19:36:01,357010,Tupungatito,VIIRS375,0,0.00,1,sin anomalia,2026-10-05T14:24:05,mendoza
2026-08-27T19:36:01,357010,Tupungatito,VIIRS750,0,0.00,1,sin anomalia,2026-10-05T14:24:05,mendoza
2026-08-27T21:20:00,357010,Tupungatito,MODIS,0,0.00,1,sin anomalia,2026-10-05T14:24:05,mendoza
2026-08-28T01:00:00,357010,Tupungatito,MODIS,0,0.00,1,sin anomalia,2026-10-05T14:24:05,mendoza
2026-08-28T05:18:01,357010,Tupungatito,VIIRS375,0,0.00,1,sin anomalia,2026-10-05T14:24:05,mendoza
2026-08-28T05:18:01,357010,Tupungatito,VIIRS750,0,0.00,1,sin anomalia,2026-10-05T14:24:05,mendoza
2026-08-28T06:00:02,357010,Tupungatito,VIIRS375,0,0.00,1,sin anomalia,2026-10-05T14:24:05,mendoza
2026-08-28T06:00:02,357010,Tupungatito,VIIRS750,0,0.00,1,sin anomalia,2026-10-05T14:24:05,mendoza
2026-08-28T06:36:00,357010,Tupungatito,VIIRS375,0,0.00,1,sin anomalia,2026-10-05T14:24:05,mendoza
2026-08-28T06:36:00,357010,Tupungatito,VIIRS750,0,0.00,1,sin anomalia,2026-10-05T14:24:05,mendoza
2026-08-28T08:20:00,357010,Tupungatito,MODIS,0,0.00,1,sin anomalia,2026-10-05T14:24:05,mendoza
2026-08-28T13:35:00,357010,Tupungatito,MODIS,0,0.00,1,sin anomalia,2026-10-05T14:24:05,mendoza
2026-08-28T17:36:01,357010,Tupungatito,VIIRS750,0,0.00,1,sin anomalia,2026-10-05T14:24:05,mendoza
2026-08-28T19:18:01,357010,Tupungatito,VIIRS375,0,0.00,1,sin anomalia,2026-10-05T14:24:05,mendoza
2026-08-28T19:18:01,357010,Tupungatito,VIIRS750,0,0.00,1,sin anomalia,2026-10-05T14:24:05,mendoza
2026-08-28T20:20:00,357010,Tupungatito,MODIS,0,0.00,1,sin anomalia,2026-10-05T14:24:05,mendoza
2026-08-29T01:35:00,357010,Tupungatito,MODIS,0,0.00,1,sin anomalia,2026-10-05T14:24:05,mendoza
2026-08-29T04:54:01,357010,Tupungatito,VIIRS375,1.07,11.26,0,fuera de radio,2026-10-05T14:24:05,mendoza
2026-08-29T04:54:01,357010,Tupungatito,VIIRS750,0,0.00,1,sin anomalia,2026-10-05T14:24:05,mendoza
2026-08-29T05:42:02,357010,Tupungatito,VIIRS375,0,0.00,1,sin anomalia,2026-10-05T14:24:05,mendoza
2026-08-29T05:42:02,357010,Tupungatito,VIIRS750,0,0.00,1,sin anomalia,2026-10-05T14:24:05,mendoza
2026-08-29T06:36:01,357010,Tupungatito,VIIRS375,0,0.00,1,sin anomalia,2026-10-05T14:24:05,mendoza
2026-08-29T06:36:01,357010,Tupungatito,VIIRS750,0,0.00,1,sin anomalia,2026-10-05T14:24:05,mendoza
2026-08-29T07:20:00,357010,Tupungatito,MODIS,0,0.00,1,sin anomalia,2026-10-05T14:24:05,mendoza
2026-08-29T12:35:00,357010,Tupungatito,MODIS,0,0.00,1,sin anomalia,2026-10-05T14:24:05,mendoza
2026-08-29T18:06:02,357010,Tupungatito,VIIRS375,0,0.00,1,sin anomalia,2026-10-05T14:24:05,mendoza
2026-08-29T19:00:01,357010,Tupungatito,VIIRS375,0,0.00,1,sin anomalia,2026-10-05T14:24:05,mendoza
2026-08-29T19:00:01,357010,Tupungatito,VIIRS750,0,0.00,1,sin anomalia,2026-10-05T14:24:05,mendoza
2026-08-29T20:55:00,357010,Tupungatito,MODIS,0,0.00,1,sin anomalia,2026-10-05T14:24:05,mendoza
2026-08-30T02:15:00,357010,Tupungatito,MODIS,0,0.00,1,sin anomalia,2026-10-05T14:24:05,mendoza
2026-08-30T04:36:01,357010,Tupungatito,VIIRS375,0,0.00,1,sin anomalia,2026-10-05T14:24:05,mendoza
2026-08-30T04:36:01,357010,Tupungatito,VIIRS750,0,0.00,1,sin anomalia,2026-10-05T14:24:05,mendoza
2026-08-30T05:24:02,357010,Tupungatito,VIIRS375,0,0.00,1,sin anomalia,2026-10-05T14:24:05,mendoza
2026-08-30T05:24:02,357010,Tupungatito,VIIRS750,0,0.00,1,sin anomalia,2026-10-05T14:24:05,mendoza
2026-08-30T06:18:01,357010,Tupungatito,VIIRS375,0,0.00,1,sin anomalia,2026-10-05T14:24:05,mendoza
2026-08-30T06:18:01,357010,Tupungatito,VIIRS750,0,0.00,1,sin anomalia,2026-10-05T14:24:05,mendoza
2026-08-30T07:55:00,357010,Tupungatito,MODIS,0,0.00,1,sin anomalia,2026-10-05T14:24:05,mendoza
2026-08-30T13:15:00,357010,Tupungatito,MODIS,0,0.00,1,sin anomalia,2026-10-05T14:24:05,mendoza
2026-08-30T18:24:00,357010,Tupungatito,VIIRS375,0.69,2.65,1,muy baja,2026-10-05T14:24:05,mendoza
2026-08-30T18:24:00,357010,Tupungatito,VIIRS750,0,0.00,1,sin anomalia,2026-10-05T14:24:05,mendoza
2026-08-30T19:24:02,357010,Tupungatito,VIIRS375,0,0.00,1,sin anomalia,2026-10-05T14:24:05,mendoza
2026-08-30T19:24:02,357010,Tupungatito,VIIRS750,0,0.00,1,sin anomalia,2026-10-05T14:24:05,mendoza
2026-08-30T19:55:00,357010,Tupungatito,MODIS,0,0.00,1,sin anomalia,2026-10-05T14:24:05,mendoza
2026-08-31T01:15:00,357010,Tupungatito,MODIS,0,0.00,1,sin anomalia,2026-10-05T14:24:05,mendoza
2026-08-31T05:06:02,357010,Tupungatito,VIIRS375,0.12,26.18,0,fuera de radio,2026-10-05T14:24:05,mendoza
2026-08-31T05:06:02,357010,Tupungatito,VIIRS750,0,0.00,1,sin anomalia,2026-10-05T14:24:05,mendoza
2026-08-31T06:00:01,357010,Tupungatito,VIIRS375,0,0.00,1,sin anomalia,2026-10-05T14:24:05,mendoza
2026-08-31T06:00:01,357010,Tupungatito,VIIRS750,0,0.00,1,sin anomalia,2026-10-05T14:24:05,mendoza
2026-08-31T08:35:00,357010,Tupungatito,MODIS,0,0.00,1,sin anomalia,2026-10-05T14:24:05,mendoza
2026-08-31T12:15:00,357010,Tupungatito,MODIS,0,0.00,1,sin anomalia,2026-10-05T14:24:05,mendoza
2026-08-31T17:24:02,357010,Tupungatito,VIIRS750,0,0.00,1,sin anomalia,2026-10-05T14:24:05,mendoza
2026-08-31T18:00:00,357010,Tupungatito,VIIRS375,0,0.00,1,sin anomalia,2026-10-05T14:24:05,mendoza
2026-08-31T18:00:00,357010,Tupungatito,VIIRS750,0,0.00,1,sin anomalia,2026-10-05T14:24:05,mendoza
2026-08-31T18:24:01,357010,Tupungatito,VIIRS375,0,0.00,1,sin anomalia,2026-10-05T14:24:05,mendoza
2026-08-31T19:06:02,357010,Tupungatito,VIIRS750,0,0.00,1,sin anomalia,2026-10-05T14:24:05,mendoza
2026-08-31T19:42:00,357010,Tupungatito,VIIRS375,0,0.00,1,sin anomalia,2026-10-05T14:24:05,mendoza
2026-08-31T19:42:00,357010,Tupungatito,VIIRS750,0,0.00,1,sin anomalia,2026-10-05T14:24:05,mendoza
2026-08-31T20:35:00,357010,Tupungatito,MODIS,0,0.00,1,sin anomalia,2026-10-05T14:24:05,mendoza
2026-09-01T01:55:00,357010,Tupungatito,MODIS,0,0.00,1,sin anomalia,2026-10-05T14:24:05,mendoza
2026-09-01T04:48:02,357010,Tupungatito,VIIRS375,0,0.00,1,sin anomalia,2026-10-05T14:24:05,mendoza
2026-09-01T04:48:02,357010,Tupungatito,VIIRS750,0,0.00,1,sin anomalia,2026-10-05T14:24:05,mendoza
2026-09-01T05:24:00,357010,Tupungatito,VIIRS750,0,0.00,1,sin anomalia,2026-10-05T14:24:05,mendoza
2026-09-01T05:42:01,357010,Tupungatito,VIIRS375,0,0.00,1,sin anomalia,2026-10-05T14:24:05,mendoza
2026-09-01T06:24:02,357010,Tupungatito,VIIRS375,0,0.00,1,sin anomalia,2026-10-05T14:24:05,mendoza
2026-09-01T06:24:02,357010,Tupungatito,VIIRS750,0,0.00,1,sin anomalia,2026-10-05T14:24:05,mendoza
2026-09-01T07:35:00,357010,Tupungatito,MODIS,0,0.00,1,sin anomalia,2026-10-05T14:24:05,mendoza
2026-09-01T12:55:00,357010,Tupungatito,MODIS,0,0.00,1,sin anomalia,2026-10-05T14:24:05,mendoza
2026-09-01T17:42:00,357010,Tupungatito,VIIRS375,0,0.00,1,sin anomalia,2026-10-05T14:24:05,mendoza
2026-09-01T18:48:02,357010,Tupungatito,VIIRS375,0,0.00,1,sin anomalia,2026-10-05T14:24:05,mendoza
2026-09-01T18:48:02,357010,Tupungatito,VIIRS750,0,0.00,1,sin anomalia,2026-10-05T14:24:05,mendoza
2026-09-01T19:24:00,357010,Tupungatito,VIIRS375,0,0.00,1,sin anomalia,2026-10-05T14:24:05,mendoza
2026-09-01T19:24:00,357010,Tupungatito,VIIRS750,0,0.00,1,sin anomalia,2026-10-05T14:24:05,mendoza
2026-09-01T21:10:00,357010,Tupungatito,MODIS,0,0.00,1,sin anomalia,2026-10-05T14:24:05,mendoza
2026-09-02T00:55:00,357010,Tupungatito,MODIS,0,0.00,1,sin anomalia,2026-10-05T14:24:05,mendoza
2026-09-02T05:00:00,357010,Tupungatito,VIIRS750,0,0.00,1,sin anomalia,2026-10-05T14:24:05,mendoza
2026-09-02T05:24:01,357010,Tupungatito,VIIRS375,0.12,15.09,0,fuera de radio,2026-10-05T14:24:05,mendoza
2026-09-02T05:24:01,357010,Tupungatito,VIIRS750,0,0.00,1,sin anomalia,2026-10-05T14:24:05,mendoza
2026-09-02T06:06:02,357010,Tupungatito,VIIRS375,0.13,13.79,0,fuera de radio,2026-10-05T14:24:05,mendoza
2026-09-02T06:06:02,357010,Tupungatito,VIIRS750,0,0.00,1,sin anomalia,2026-10-05T14:24:05,mendoza
2026-09-02T06:42:00,357010,Tupungatito,VIIRS375,0,0.00,1,sin anomalia,2026-10-05T14:24:05,mendoza
2026-09-02T06:42:00,357010,Tupungatito,VIIRS750,0,0.00,1,sin anomalia,2026-10-05T14:24:05,mendoza
2026-09-02T08:10:00,357010,Tupungatito,MODIS,0,0.00,1,sin anomalia,2026-10-05T14:24:05,mendoza
2026-09-02T13:35:00,357010,Tupungatito,MODIS,0,0.00,1,sin anomalia,2026-10-05T14:24:05,mendoza
2026-09-02T17:42:01,357010,Tupungatito,VIIRS375,0,0.00,1,sin anomalia,2026-10-05T14:24:05,mendoza
2026-09-02T17:42:01,357010,Tupungatito,VIIRS750,0,0.00,1,sin anomalia,2026-10-05T14:24:05,mendoza
2026-09-02T18:30:02,357010,Tupungatito,VIIRS375,0,0.00,1,sin anomalia,2026-10-05T14:24:05,mendoza
2026-09-02T19:06:00,357010,Tupungatito,VIIRS750,0,0.00,1,sin anomalia,2026-10-05T14:24:05,mendoza
2026-09-02T19:24:01,357010,Tupungatito,VIIRS375,0,0.00,1,sin anomalia,2026-10-05T14:24:05,mendoza
2026-09-02T19:24:01,357010,Tupungatito,VIIRS750,0,0.00,1,sin anomalia,2026-10-05T14:24:05,mendoza
2026-09-02T20:10:00,357010,Tupungatito,MODIS,0,0.00,1,sin anomalia,2026-10-05T14:24:05,mendoza
2026-09-03T01:35:00,357010,Tupungatito,MODIS,0,0.00,1,sin anomalia,2026-10-05T14:24:05,mendoza
2026-09-03T05:06:01,357010,Tupungatito,VIIRS375,0,0.00,1,sin anomalia,2026-10-05T14:24:05,mendoza
2026-09-03T05:06:01,357010,Tupungatito,VIIRS750,0,0.00,1,sin anomalia,2026-10-05T14:24:05,mendoza
2026-09-03T05:48:02,357010,Tupungatito,VIIRS375,0,0.00,1,sin anomalia,2026-10-05T14:24:05,mendoza
2026-09-03T05:48:02,357010,Tupungatito,VIIRS750,0,0.00,1,sin anomalia,2026-10-05T14:24:05,mendoza
2026-09-03T06:42:01,357010,Tupungatito,VIIRS375,0,0.00,1,sin anomalia,2026-10-05T14:24:05,mendoza
2026-09-03T06:42:01,357010,Tupungatito,VIIRS750,0,0.00,1,sin anomalia,2026-10-05T14:24:05,mendoza
2026-09-03T07:10:00,357010,Tupungatito,MODIS,0,0.00,1,sin anomalia,2026-10-05T14:24:05,mendoza
2026-09-03T12:35:00,357010,Tupungatito,MODIS,0,0.00,1,sin anomalia,2026-10-05T14:24:05,mendoza
2026-09-03T17:24:01,357010,Tupungatito,VIIRS375,0,0.00,1,sin anomalia,2026-10-05T14:24:05,mendoza
2026-09-03T17:24:01,357010,Tupungatito,VIIRS750,0,0.00,1,sin anomalia,2026-10-05T14:24:05,mendoza
2026-09-03T19:06:01,357010,Tupungatito,VIIRS375,0,0.00,1,sin anomalia,2026-10-05T14:24:05,mendoza
2026-09-03T19:06:01,357010,Tupungatito,VIIRS750,0,0.00,1,sin anomalia,2026-10-05T14:24:05,mendoza
2026-09-03T20:50:00,357010,Tupungatito,MODIS,0,0.00,1,sin anomalia,2026-10-05T14:24:05,mendoza
2026-09-04T02:15:00,357010,Tupungatito,MODIS,0,0.00,1,sin anomalia,2026-10-05T14:24:05,mendoza
2026-09-04T05:30:02,357010,Tupungatito,VIIRS375,0,0.00,1,sin anomalia,2026-10-05T14:24:05,mendoza
2026-09-04T05:30:02,357010,Tupungatito,VIIRS750,0,0.00,1,sin anomalia,2026-10-05T14:24:05,mendoza
2026-09-04T06:24:01,357010,Tupungatito,VIIRS375,0,0.00,1,sin anomalia,2026-10-05T14:24:05,mendoza
2026-09-04T06:24:01,357010,Tupungatito,VIIRS750,0,0.00,1,sin anomalia,2026-10-05T14:24:05,mendoza
2026-09-04T07:50:00,357010,Tupungatito,MODIS,0,0.00,1,sin anomalia,2026-10-05T14:24:05,mendoza
2026-09-04T13:15:00,357010,Tupungatito,MODIS,0,0.00,1,sin anomalia,2026-10-05T14:24:05,mendoza
2026-09-04T18:48:01,357010,Tupungatito,VIIRS375,0,0.00,1,sin anomalia,2026-10-05T14:24:05,mendoza
2026-09-04T18:48:01,357010,Tupungatito,VIIRS750,0,0.00,1,sin anomalia,2026-10-05T14:24:05,mendoza
2026-09-04T19:30:02,357010,Tupungatito,VIIRS375,0,0.00,1,sin anomalia,2026-10-05T14:24:05,mendoza
2026-09-04T19:30:02,357010,Tupungatito,VIIRS750,0,0.00,1,sin anomalia,2026-10-05T14:24:05,mendoza
2026-09-04T19:50:00,357010,Tupungatito,MODIS,0,0.00,1,sin anomalia,2026-10-05T14:24:05,mendoza
2026-09-04T21:30:00,357010,Tupungatito,MODIS,0,0.00,1,sin anomalia,2026-10-05T14:24:05,mendoza
2026-09-05T01:15:00,357010,Tupungatito,MODIS,0,0.00,1,sin anomalia,2026-10-05T14:24:05,mendoza
2026-09-05T05:12:02,357010,Tupungatito,VIIRS375,0.04,5.03,1,muy baja,2026-10-05T14:24:05,mendoza
2026-09-05T05:12:02,357010,Tupungatito,VIIRS750,0,0.00,1,sin anomalia,2026-10-05T14:24:05,mendoza
2026-09-05T05:48:00,357010,Tupungatito,VIIRS375,0.06,5.21,1,muy baja,2026-10-05T14:24:05,mendoza
2026-09-05T05:48:00,357010,Tupungatito,VIIRS750,0,0.00,1,sin anomalia,2026-10-05T14:24:05,mendoza
2026-09-05T06:06:01,357010,Tupungatito,VIIRS375,0,0.00,1,sin anomalia,2026-10-05T14:24:05,mendoza
2026-09-05T06:06:01,357010,Tupungatito,VIIRS750,0,0.00,1,sin anomalia,2026-10-05T14:24:05,mendoza
2026-09-05T08:25:00,357010,Tupungatito,MODIS,0,0.00,1,sin anomalia,2026-10-05T14:24:05,mendoza
2026-09-05T12:15:00,357010,Tupungatito,MODIS,0,0.00,1,sin anomalia,2026-10-05T14:24:05,mendoza
2026-09-05T17:30:02,357010,Tupungatito,VIIRS375,0,0.00,1,sin anomalia,2026-10-05T14:24:05,mendoza
2026-09-05T18:30:01,357010,Tupungatito,VIIRS750,0,0.00,1,sin anomalia,2026-10-05T14:24:05,mendoza
2026-09-05T19:12:02,357010,Tupungatito,VIIRS375,0,0.00,1,sin anomalia,2026-10-05T14:24:05,mendoza
2026-09-05T19:12:02,357010,Tupungatito,VIIRS750,0,0.00,1,sin anomalia,2026-10-05T14:24:05,mendoza
2026-09-05T20:30:00,357010,Tupungatito,MODIS,0,0.00,1,sin anomalia,2026-10-05T14:24:05,mendoza
2026-09-06T01:55:00,357010,Tupungatito,MODIS,0,0.00,1,sin anomalia,2026-10-05T14:24:05,mendoza
2026-09-06T04:54:02,357010,Tupungatito,VIIRS375,0.05,5.03,1,muy baja,2026-10-05T14:24:05,mendoza
2026-09-06T04:54:02,357010,Tupungatito,VIIRS750,0,0.00,1,sin anomalia,2026-10-05T14:24:05,mendoza
2026-09-06T05:30:00,357010,Tupungatito,VIIRS375,0.05,5.21,1,muy baja,2026-10-05T14:24:05,mendoza
2026-09-06T05:30:00,357010,Tupungatito,VIIRS750,0,0.00,1,sin anomalia,2026-10-05T14:24:05,mendoza
2026-09-06T05:48:01,357010,Tupungatito,VIIRS375,0.13,5.21,1,muy baja,2026-10-05T14:24:05,mendoza
2026-09-06T05:48:01,357010,Tupungatito,VIIRS750,0,0.00,1,sin anomalia,2026-10-05T14:24:05,mendoza
2026-09-06T06:30:02,357010,Tupungatito,VIIRS375,0,0.00,1,sin anomalia,2026-10-05T14:24:05,mendoza
2026-09-06T06:30:02,357010,Tupungatito,VIIRS750,0,0.00,1,sin anomalia,2026-10-05T14:24:05,mendoza
2026-09-06T07:25:00,357010,Tupungatito,MODIS,0,0.00,1,sin anomalia,2026-10-05T14:24:05,mendoza
2026-09-06T12:55:00,357010,Tupungatito,MODIS,0,0.00,1,sin anomalia,2026-10-05T14:24:05,mendoza
2026-09-06T17:48:00,357010,Tupungatito,VIIRS375,0,0.00,1,sin anomalia,2026-10-05T14:24:05,mendoza
2026-09-06T18:12:01,357010,Tupungatito,VIIRS750,0,0.00,1,sin anomalia,2026-10-05T14:24:05,mendoza
2026-09-06T19:30:00,357010,Tupungatito,VIIRS375,0,0.00,1,sin anomalia,2026-10-05T14:24:05,mendoza
2026-09-06T19:30:00,357010,Tupungatito,VIIRS750,0,0.00,1,sin anomalia,2026-10-05T14:24:05,mendoza
2026-09-06T21:05:00,357010,Tupungatito,MODIS,0,0.00,1,sin anomalia,2026-10-05T14:24:05,mendoza
2026-09-07T00:55:00,357010,Tupungatito,MODIS,0,0.00,1,sin anomalia,2026-10-05T14:24:05,mendoza
2026-09-07T04:30:02,357010,Tupungatito,VIIRS375,0,0.00,1,sin anomalia,2026-10-05T14:24:05,mendoza
2026-09-07T04:30:02,357010,Tupungatito,VIIRS750,0,0.00,1,sin anomalia,2026-10-05T14:24:05,mendoza
2026-09-07T05:12:00,357010,Tupungatito,VIIRS750,0,0.00,1,sin anomalia,2026-10-05T14:24:05,mendoza
2026-09-07T05:30:01,357010,Tupungatito,VIIRS375,0.12,5.21,1,muy baja,2026-10-05T14:24:05,mendoza
2026-09-07T06:12:02,357010,Tupungatito,VIIRS375,1.23,20.10,0,fuera de radio,2026-10-05T14:24:05,mendoza
2026-09-07T06:12:02,357010,Tupungatito,VIIRS750,0,0.00,1,sin anomalia,2026-10-05T14:24:05,mendoza
2026-09-07T06:48:00,357010,Tupungatito,VIIRS375,0,0.00,1,sin anomalia,2026-10-05T14:24:05,mendoza
2026-09-07T06:48:00,357010,Tupungatito,VIIRS750,0,0.00,1,sin anomalia,2026-10-05T14:24:05,mendoza
2026-09-07T08:05:00,357010,Tupungatito,MODIS,0,0.00,1,sin anomalia,2026-10-05T14:24:05,mendoza
2026-09-07T13:35:00,357010,Tupungatito,MODIS,1.48,12.04,0,fuera de radio,2026-10-05T14:24:05,mendoza
2026-09-07T17:30:00,357010,Tupungatito,VIIRS375,0.36,11.50,0,fuera de radio,2026-10-05T14:24:05,mendoza
2026-09-07T17:30:00,357010,Tupungatito,VIIRS750,0,0.00,1,sin anomalia,2026-10-05T14:24:05,mendoza
2026-09-07T18:36:02,357010,Tupungatito,VIIRS375,0,0.00,1,sin anomalia,2026-10-05T14:24:05,mendoza
2026-09-07T19:12:00,357010,Tupungatito,VIIRS375,0,0.00,1,sin anomalia,2026-10-05T14:24:05,mendoza
2026-09-07T19:12:00,357010,Tupungatito,VIIRS750,0,0.00,1,sin anomalia,2026-10-05T14:24:05,mendoza
2026-09-07T19:30:01,357010,Tupungatito,VIIRS750,0,0.00,1,sin anomalia,2026-10-05T14:24:05,mendoza
2026-09-07T20:05:00,357010,Tupungatito,MODIS,0,0.00,1,sin anomalia,2026-10-05T14:24:05,mendoza
2026-09-08T01:35:00,357010,Tupungatito,MODIS,0,0.00,1,sin anomalia,2026-10-05T14:24:05,mendoza
2026-09-08T05:12:01,357010,Tupungatito,VIIRS375,0.82,21.12,0,fuera de radio,2026-10-05T14:24:05,mendoza
2026-09-08T05:12:01,357010,Tupungatito,VIIRS750,0,0.00,1,sin anomalia,2026-10-05T14:24:05,mendoza
2026-09-08T05:54:02,357010,Tupungatito,VIIRS375,0.07,4.89,1,muy baja,2026-10-05T14:24:05,mendoza
2026-09-08T05:54:02,357010,Tupungatito,VIIRS750,0,0.00,1,sin anomalia,2026-10-05T14:24:05,mendoza
2026-09-08T06:30:00,357010,Tupungatito,VIIRS375,0,0.00,1,sin anomalia,2026-10-05T14:24:05,mendoza
2026-09-08T06:30:00,357010,Tupungatito,VIIRS750,0,0.00,1,sin anomalia,2026-10-05T14:24:05,mendoza
2026-09-08T07:05:00,357010,Tupungatito,MODIS,0,0.00,1,sin anomalia,2026-10-05T14:24:05,mendoza
2026-09-08T08:45:00,357010,Tupungatito,MODIS,0,0.00,1,sin anomalia,2026-10-05T14:24:05,mendoza
2026-09-08T12:35:00,357010,Tupungatito,MODIS,0,0.00,1,sin anomalia,2026-10-05T14:24:05,mendoza
2026-09-08T17:30:01,357010,Tupungatito,VIIRS375,0,0.00,1,sin anomalia,2026-10-05T14:24:05,mendoza
2026-09-08T18:18:02,357010,Tupungatito,VIIRS375,0,0.00,1,sin anomalia,2026-10-05T14:24:05,mendoza
2026-09-08T18:18:02,357010,Tupungatito,VIIRS750,0,0.00,1,sin anomalia,2026-10-05T14:24:05,mendoza
2026-09-08T18:54:00,357010,Tupungatito,VIIRS375,0,0.00,1,sin anomalia,2026-10-05T14:24:05,mendoza
2026-09-08T18:54:00,357010,Tupungatito,VIIRS750,0,0.00,1,sin anomalia,2026-10-05T14:24:05,mendoza
2026-09-08T19:12:01,357010,Tupungatito,VIIRS375,0,0.00,1,sin anomalia,2026-10-05T14:24:05,mendoza
2026-09-08T19:12:01,357010,Tupungatito,VIIRS750,0,0.00,1,sin anomalia,2026-10-05T14:24:05,mendoza
2026-09-08T20:45:00,357010,Tupungatito,MODIS,0,0.00,1,sin anomalia,2026-10-05T14:24:05,mendoza
2026-09-09T02:15:00,357010,Tupungatito,MODIS,0,0.00,1,sin anomalia,2026-10-05T14:24:05,mendoza
2026-09-09T04:48:01,357010,Tupungatito,VIIRS375,0,0.00,1,sin anomalia,2026-10-05T14:24:05,mendoza
2026-09-09T04:48:01,357010,Tupungatito,VIIRS750,0,0.00,1,sin anomalia,2026-10-05T14:24:05,mendoza
2026-09-09T05:36:02,357010,Tupungatito,VIIRS375,0,0.00,1,sin anomalia,2026-10-05T14:24:05,mendoza
2026-09-09T05:36:02,357010,Tupungatito,VIIRS750,0,0.00,1,sin anomalia,2026-10-05T14:24:05,mendoza
2026-09-09T06:30:01,357010,Tupungatito,VIIRS375,0,0.00,1,sin anomalia,2026-10-05T14:24:05,mendoza
2026-09-09T06:30:01,357010,Tupungatito,VIIRS750,0,0.00,1,sin anomalia,2026-10-05T14:24:05,mendoza
2026-09-09T07:45:00,357010,Tupungatito,MODIS,0,0.00,1,sin anomalia,2026-10-05T14:24:05,mendoza
2026-09-09T13:10:00,357010,Tupungatito,MODIS,0,0.00,1,sin anomalia,2026-10-05T14:24:05,mendoza
2026-09-09T18:54:01,357010,Tupungatito,VIIRS375,0,0.00,1,sin anomalia,2026-10-05T14:24:05,mendoza
2026-09-09T18:54:01,357010,Tupungatito,VIIRS750,0,0.00,1,sin anomalia,2026-10-05T14:24:05,mendoza
2026-09-09T21:20:00,357010,Tupungatito,MODIS,0,0.00,1,sin anomalia,2026-10-05T14:24:05,mendoza
2026-09-10T01:15:00,357010,Tupungatito,MODIS,0,0.00,1,sin anomalia,2026-10-05T14:24:05,mendoza
2026-09-10T05:18:02,357010,Tupungatito,VIIRS375,0.83,12.34,0,fuera de radio,2026-10-05T14:24:05,mendoza
2026-09-10T05:18:02,357010,Tupungatito,VIIRS750,0,0.00,1,sin anomalia,2026-10-05T14:24:05,mendoza
2026-09-10T05:54:00,357010,Tupungatito,VIIRS375,0,0.00,1,sin anomalia,2026-10-05T14:24:05,mendoza
2026-09-10T05:54:00,357010,Tupungatito,VIIRS750,0,0.00,1,sin anomalia,2026-10-05T14:24:05,mendoza
2026-09-10T06:12:01,357010,Tupungatito,VIIRS375,0,0.00,1,sin anomalia,2026-10-05T14:24:05,mendoza
2026-09-10T06:12:01,357010,Tupungatito,VIIRS750,0,0.00,1,sin anomalia,2026-10-05T14:24:05,mendoza
2026-09-10T08:20:00,357010,Tupungatito,MODIS,0,0.00,1,sin anomalia,2026-10-05T14:24:05,mendoza
2026-09-10T12:15:00,357010,Tupungatito,MODIS,0,0.00,1,sin anomalia,2026-10-05T14:24:05,mendoza
2026-09-10T17:36:02,357010,Tupungatito,VIIRS375,0,0.00,1,sin anomalia,2026-10-05T14:24:05,mendoza
2026-09-10T17:36:02,357010,Tupungatito,VIIRS750,0,0.00,1,sin anomalia,2026-10-05T14:24:05,mendoza
2026-09-10T18:18:00,357010,Tupungatito,VIIRS375,0,0.00,1,sin anomalia,2026-10-05T14:24:05,mendoza
2026-09-10T18:18:00,357010,Tupungatito,VIIRS750,0,0.00,1,sin anomalia,2026-10-05T14:24:05,mendoza
2026-09-10T19:18:02,357010,Tupungatito,VIIRS375,0,0.00,1,sin anomalia,2026-10-05T14:24:05,mendoza
2026-09-10T19:18:02,357010,Tupungatito,VIIRS750,0,0.00,1,sin anomalia,2026-10-05T14:24:05,mendoza
2026-09-10T20:20:00,357010,Tupungatito,MODIS,0,0.00,1,sin anomalia,2026-10-05T14:24:05,mendoza
2026-09-11T01:55:00,357010,Tupungatito,MODIS,0,0.00,1,sin anomalia,2026-10-05T14:24:05,mendoza
2026-09-11T05:00:02,357010,Tupungatito,VIIRS375,0,0.00,1,sin anomalia,2026-10-05T14:24:05,mendoza
2026-09-11T05:00:02,357010,Tupungatito,VIIRS750,0,0.00,1,sin anomalia,2026-10-05T14:24:05,mendoza
2026-09-11T05:36:00,357010,Tupungatito,VIIRS750,0,0.00,1,sin anomalia,2026-10-05T14:24:05,mendoza
2026-09-11T05:54:01,357010,Tupungatito,VIIRS375,0,0.00,1,sin anomalia,2026-10-05T14:24:05,mendoza
2026-09-11T05:54:01,357010,Tupungatito,VIIRS750,0,0.00,1,sin anomalia,2026-10-05T14:24:05,mendoza
2026-09-11T06:36:02,357010,Tupungatito,VIIRS375,0,0.00,1,sin anomalia,2026-10-05T14:24:05,mendoza
2026-09-11T06:36:02,357010,Tupungatito,VIIRS750,0,0.00,1,sin anomalia,2026-10-05T14:24:05,mendoza
2026-09-11T07:20:00,357010,Tupungatito,MODIS,0,0.00,1,sin anomalia,2026-10-05T14:24:05,mendoza
2026-09-11T12:50:00,357010,Tupungatito,MODIS,0,0.00,1,sin anomalia,2026-10-05T14:24:05,mendoza
2026-09-11T17:18:02,357010,Tupungatito,VIIRS375,0,0.00,1,sin anomalia,2026-10-05T14:24:05,mendoza
2026-09-11T17:18:02,357010,Tupungatito,VIIRS750,0,0.00,1,sin anomalia,2026-10-05T14:24:05,mendoza
2026-09-11T17:54:00,357010,Tupungatito,VIIRS375,0,0.00,1,sin anomalia,2026-10-05T14:24:05,mendoza
2026-09-11T17:54:00,357010,Tupungatito,VIIRS750,0,0.00,1,sin anomalia,2026-10-05T14:24:05,mendoza
2026-09-11T18:18:01,357010,Tupungatito,VIIRS750,0,0.00,1,sin anomalia,2026-10-05T14:24:05,mendoza
2026-09-11T19:36:00,357010,Tupungatito,VIIRS375,0,0.00,1,sin anomalia,2026-10-05T14:24:05,mendoza
2026-09-11T19:36:00,357010,Tupungatito,VIIRS750,0,0.00,1,sin anomalia,2026-10-05T14:24:05,mendoza
2026-09-11T21:00:00,357010,Tupungatito,MODIS,0,0.00,1,sin anomalia,2026-10-05T14:24:05,mendoza
2026-09-12T00:55:00,357010,Tupungatito,MODIS,0,0.00,1,sin anomalia,2026-10-05T14:24:05,mendoza
2026-09-12T04:42:02,357010,Tupungatito,VIIRS375,0,0.00,1,sin anomalia,2026-10-05T14:24:05,mendoza
2026-09-12T04:42:02,357010,Tupungatito,VIIRS750,0,0.00,1,sin anomalia,2026-10-05T14:24:05,mendoza
2026-09-12T05:36:01,357010,Tupungatito,VIIRS375,0.06,5.21,1,muy baja,2026-10-05T14:24:05,mendoza
2026-09-12T05:36:01,357010,Tupungatito,VIIRS750,0,0.00,1,sin anomalia,2026-10-05T14:24:05,mendoza
2026-09-12T06:18:02,357010,Tupungatito,VIIRS375,0,0.00,1,sin anomalia,2026-10-05T14:24:05,mendoza
2026-09-12T06:18:02,357010,Tupungatito,VIIRS750,0,0.00,1,sin anomalia,2026-10-05T14:24:05,mendoza
2026-09-12T06:54:00,357010,Tupungatito,VIIRS375,0,0.00,1,sin anomalia,2026-10-05T14:24:05,mendoza
2026-09-12T06:54:00,357010,Tupungatito,VIIRS750,0,0.00,1,sin anomalia,2026-10-05T14:24:05,mendoza
2026-09-12T08:00:00,357010,Tupungatito,MODIS,0,0.00,1,sin anomalia,2026-10-05T14:24:05,mendoza
2026-09-12T13:30:00,357010,Tupungatito,MODIS,0,0.00,1,sin anomalia,2026-10-05T14:24:05,mendoza
2026-09-12T17:54:01,357010,Tupungatito,VIIRS375,0,0.00,1,sin anomalia,2026-10-05T14:24:05,mendoza
2026-09-12T18:42:02,357010,Tupungatito,VIIRS375,0,0.00,1,sin anomalia,2026-10-05T14:24:05,mendoza
2026-09-12T19:36:01,357010,Tupungatito,VIIRS375,0,0.00,1,sin anomalia,2026-10-05T14:24:05,mendoza
2026-09-12T19:36:01,357010,Tupungatito,VIIRS750,0,0.00,1,sin anomalia,2026-10-05T14:24:05,mendoza
2026-09-12T20:00:00,357010,Tupungatito,MODIS,0,0.00,1,sin anomalia,2026-10-05T14:24:05,mendoza
2026-09-13T01:35:00,357010,Tupungatito,MODIS,0,0.00,1,sin anomalia,2026-10-05T14:24:05,mendoza
2026-09-13T04:54:00,357010,Tupungatito,VIIRS750,0,0.00,1,sin anomalia,2026-10-05T14:24:05,mendoza
2026-09-13T05:18:01,357010,Tupungatito,VIIRS375,0.14,5.54,1,muy baja,2026-10-05T14:24:05,mendoza
2026-09-13T05:18:01,357010,Tupungatito,VIIRS750,0,0.00,1,sin anomalia,2026-10-05T14:24:05,mendoza
2026-09-13T06:00:02,357010,Tupungatito,VIIRS375,0.08,4.89,1,muy baja,2026-10-05T14:24:05,mendoza
2026-09-13T06:00:02,357010,Tupungatito,VIIRS750,0,0.00,1,sin anomalia,2026-10-05T14:24:05,mendoza
2026-09-13T06:36:00,357010,Tupungatito,VIIRS375,0.05,4.89,1,muy baja,2026-10-05T14:24:05,mendoza
2026-09-13T06:36:00,357010,Tupungatito,VIIRS750,0,0.00,1,sin anomalia,2026-10-05T14:24:05,mendoza
2026-09-13T08:35:00,357010,Tupungatito,MODIS,0,0.00,1,sin anomalia,2026-10-05T14:24:05,mendoza
2026-09-13T12:30:00,357010,Tupungatito,MODIS,0,0.00,1,sin anomalia,2026-10-05T14:24:05,mendoza
2026-09-13T17:36:01,357010,Tupungatito,VIIRS375,0,0.00,1,sin anomalia,2026-10-05T14:24:05,mendoza
2026-09-13T17:36:01,357010,Tupungatito,VIIRS750,0,0.00,1,sin anomalia,2026-10-05T14:24:05,mendoza
2026-09-13T18:24:02,357010,Tupungatito,VIIRS375,0,0.00,1,sin anomalia,2026-10-05T14:24:05,mendoza
2026-09-13T18:24:02,357010,Tupungatito,VIIRS750,0,0.00,1,sin anomalia,2026-10-05T14:24:05,mendoza
2026-09-13T19:18:01,357010,Tupungatito,VIIRS375,0,0.00,1,sin anomalia,2026-10-05T14:24:05,mendoza
2026-09-13T19:18:01,357010,Tupungatito,VIIRS750,0,0.00,1,sin anomalia,2026-10-05T14:24:05,mendoza
2026-09-13T20:35:00,357010,Tupungatito,MODIS,0,0.00,1,sin anomalia,2026-10-05T14:24:05,mendoza
2026-09-14T02:10:00,357010,Tupungatito,MODIS,0,0.00,1,sin anomalia,2026-10-05T14:24:05,mendoza
2026-09-14T05:42:02,357010,Tupungatito,VIIRS375,0.13,5.21,1,muy baja,2026-10-05T14:24:05,mendoza
2026-09-14T05:42:02,357010,Tupungatito,VIIRS750,0,0.00,1,sin anomalia,2026-10-05T14:24:05,mendoza
2026-09-14T06:36:01,357010,Tupungatito,VIIRS375,0,0.00,1,sin anomalia,2026-10-05T14:24:05,mendoza
2026-09-14T06:36:01,357010,Tupungatito,VIIRS750,0,0.00,1,sin anomalia,2026-10-05T14:24:05,mendoza
2026-09-14T07:35:00,357010,Tupungatito,MODIS,0,0.00,1,sin anomalia,2026-10-05T14:24:05,mendoza
2026-09-14T13:10:00,357010,Tupungatito,MODIS,0,0.00,1,sin anomalia,2026-10-05T14:24:05,mendoza
2026-09-14T19:00:01,357010,Tupungatito,VIIRS375,0,0.00,1,sin anomalia,2026-10-05T14:24:05,mendoza
2026-09-14T19:00:01,357010,Tupungatito,VIIRS750,0,0.00,1,sin anomalia,2026-10-05T14:24:05,mendoza
2026-09-14T21:15:00,357010,Tupungatito,MODIS,0,0.00,1,sin anomalia,2026-10-05T14:24:05,mendoza
2026-09-15T01:10:00,357010,Tupungatito,MODIS,0,0.00,1,sin anomalia,2026-10-05T14:24:05,mendoza
2026-09-15T04:36:01,357010,Tupungatito,VIIRS375,0,0.00,1,sin anomalia,2026-10-05T14:24:05,mendoza
2026-09-15T05:24:02,357010,Tupungatito,VIIRS375,0.15,4.89,1,muy baja,2026-10-05T14:24:05,mendoza
2026-09-15T05:24:02,357010,Tupungatito,VIIRS750,0,0.00,1,sin anomalia,2026-10-05T14:24:05,mendoza
2026-09-15T06:18:01,357010,Tupungatito,VIIRS375,0,0.00,1,sin anomalia,2026-10-05T14:24:05,mendoza
2026-09-15T06:18:01,357010,Tupungatito,VIIRS750,0,0.00,1,sin anomalia,2026-10-05T14:24:05,mendoza
2026-09-15T08:15:00,357010,Tupungatito,MODIS,0,0.00,1,sin anomalia,2026-10-05T14:24:05,mendoza
2026-09-15T12:10:00,357010,Tupungatito,MODIS,0,0.00,1,sin anomalia,2026-10-05T14:24:05,mendoza
2026-09-15T18:42:01,357010,Tupungatito,VIIRS375,0,0.00,1,sin anomalia,2026-10-05T14:24:05,mendoza
2026-09-15T18:42:01,357010,Tupungatito,VIIRS750,0,0.00,1,sin anomalia,2026-10-05T14:24:05,mendoza
2026-09-15T19:24:02,357010,Tupungatito,VIIRS375,0,0.00,1,sin anomalia,2026-10-05T14:24:05,mendoza
2026-09-15T19:24:02,357010,Tupungatito,VIIRS750,0,0.00,1,sin anomalia,2026-10-05T14:24:05,mendoza
2026-09-15T20:15:00,357010,Tupungatito,MODIS,0,0.00,1,sin anomalia,2026-10-05T14:24:05,mendoza
2026-09-16T01:50:00,357010,Tupungatito,MODIS,0,0.00,1,sin anomalia,2026-10-05T14:24:05,mendoza
2026-09-16T05:06:02,357010,Tupungatito,VIIRS375,0.11,5.21,1,muy baja,2026-10-05T14:24:05,mendoza
2026-09-16T05:06:02,357010,Tupungatito,VIIRS750,0,0.00,1,sin anomalia,2026-10-05T14:24:05,mendoza
2026-09-16T06:00:01,357010,Tupungatito,VIIRS375,0,0.00,1,sin anomalia,2026-10-05T14:24:05,mendoza
2026-09-16T06:00:01,357010,Tupungatito,VIIRS750,0,0.00,1,sin anomalia,2026-10-05T14:24:05,mendoza
2026-09-16T07:15:00,357010,Tupungatito,MODIS,0,0.00,1,sin anomalia,2026-10-05T14:24:05,mendoza
2026-09-16T12:50:00,357010,Tupungatito,MODIS,0,0.00,1,sin anomalia,2026-10-05T14:24:05,mendoza
2026-09-16T17:24:02,357010,Tupungatito,VIIRS375,0,0.00,1,sin anomalia,2026-10-05T14:24:05,mendoza
2026-09-16T17:24:02,357010,Tupungatito,VIIRS750,0,0.00,1,sin anomalia,2026-10-05T14:24:05,mendoza
2026-09-16T18:00:00,357010,Tupungatito,VIIRS375,0,0.00,1,sin anomalia,2026-10-05T14:24:05,mendoza
2026-09-16T18:00:00,357010,Tupungatito,VIIRS750,0,0.00,1,sin anomalia,2026-10-05T14:24:05,mendoza
2026-09-16T18:24:01,357010,Tupungatito,VIIRS375,0,0.00,1,sin anomalia,2026-10-05T14:24:05,mendoza
2026-09-16T19:06:02,357010,Tupungatito,VIIRS750,0,0.00,1,sin anomalia,2026-10-05T14:24:05,mendoza
2026-09-16T19:42:00,357010,Tupungatito,VIIRS375,0,0.00,1,sin anomalia,2026-10-05T14:24:05,mendoza
2026-09-16T19:42:00,357010,Tupungatito,VIIRS750,0,0.00,1,sin anomalia,2026-10-05T14:24:05,mendoza
2026-09-16T20:55:00,357010,Tupungatito,MODIS,0,0.00,1,sin anomalia,2026-10-05T14:24:05,mendoza
2026-09-17T00:50:00,357010,Tupungatito,MODIS,0,0.00,1,sin anomalia,2026-10-05T14:24:05,mendoza
2026-09-17T04:48:02,357010,Tupungatito,VIIRS375,0.05,5.21,1,muy baja,2026-10-05T14:24:05,mendoza
2026-09-17T04:48:02,357010,Tupungatito,VIIRS750,0,0.00,1,sin anomalia,2026-10-05T14:24:05,mendoza
2026-09-17T05:42:01,357010,Tupungatito,VIIRS750,0,0.00,1,sin anomalia,2026-10-05T14:24:05,mendoza
2026-09-17T06:24:02,357010,Tupungatito,VIIRS375,0,0.00,1,sin anomalia,2026-10-05T14:24:05,mendoza
2026-09-17T06:24:02,357010,Tupungatito,VIIRS750,0,0.00,1,sin anomalia,2026-10-05T14:24:05,mendoza
2026-09-17T07:50:00,357010,Tupungatito,MODIS,0,0.00,1,sin anomalia,2026-10-05T14:24:05,mendoza
2026-09-17T13:30:00,357010,Tupungatito,MODIS,0,0.00,1,sin anomalia,2026-10-05T14:24:05,mendoza
2026-09-17T17:42:00,357010,Tupungatito,VIIRS375,0,0.00,1,sin anomalia,2026-10-05T14:24:05,mendoza
2026-09-17T17:42:00,357010,Tupungatito,VIIRS750,0,0.00,1,sin anomalia,2026-10-05T14:24:05,mendoza
2026-09-17T18:06:01,357010,Tupungatito,VIIRS750,0,0.00,1,sin anomalia,2026-10-05T14:24:05,mendoza
2026-09-17T18:48:02,357010,Tupungatito,VIIRS375,0,0.00,1,sin anomalia,2026-10-05T14:24:05,mendoza
2026-09-17T18:48:02,357010,Tupungatito,VIIRS750,0,0.00,1,sin anomalia,2026-10-05T14:24:05,mendoza
2026-09-17T19:24:00,357010,Tupungatito,VIIRS375,0,0.00,1,sin anomalia,2026-10-05T14:24:05,mendoza
2026-09-17T19:24:00,357010,Tupungatito,VIIRS750,0,0.00,1,sin anomalia,2026-10-05T14:24:05,mendoza
2026-09-17T19:55:00,357010,Tupungatito,MODIS,0,0.00,1,sin anomalia,2026-10-05T14:24:05,mendoza
2026-09-17T21:30:00,357010,Tupungatito,MODIS,0,0.00,1,sin anomalia,2026-10-05T14:24:05,mendoza
2026-09-18T01:30:00,357010,Tupungatito,MODIS,0,0.00,1,sin anomalia,2026-10-05T14:24:05,mendoza
2026-09-18T05:24:01,357010,Tupungatito,VIIRS375,0.27,5.21,1,muy baja,2026-10-05T14:24:05,mendoza
2026-09-18T05:24:01,357010,Tupungatito,VIIRS750,0,0.00,1,sin anomalia,2026-10-05T14:24:05,mendoza
2026-09-18T06:06:02,357010,Tupungatito,VIIRS375,0.14,4.89,1,muy baja,2026-10-05T14:24:05,mendoza
2026-09-18T06:06:02,357010,Tupungatito,VIIRS750,0,0.00,1,sin anomalia,2026-10-05T14:24:05,mendoza
2026-09-18T06:42:00,357010,Tupungatito,VIIRS375,0.06,4.89,1,muy baja,2026-10-05T14:24:05,mendoza
2026-09-18T06:42:00,357010,Tupungatito,VIIRS750,0,0.00,1,sin anomalia,2026-10-05T14:24:05,mendoza
2026-09-18T08:30:00,357010,Tupungatito,MODIS,0,0.00,1,sin anomalia,2026-10-05T14:24:05,mendoza
2026-09-18T12:30:00,357010,Tupungatito,MODIS,0,0.00,1,sin anomalia,2026-10-05T14:24:05,mendoza
2026-09-18T17:42:01,357010,Tupungatito,VIIRS375,0,0.00,1,sin anomalia,2026-10-05T14:24:05,mendoza
2026-09-18T17:42:01,357010,Tupungatito,VIIRS750,0,0.00,1,sin anomalia,2026-10-05T14:24:05,mendoza
2026-09-18T18:30:02,357010,Tupungatito,VIIRS375,0,0.00,1,sin anomalia,2026-10-05T14:24:05,mendoza
2026-09-18T18:30:02,357010,Tupungatito,VIIRS750,0,0.00,1,sin anomalia,2026-10-05T14:24:05,mendoza
2026-09-18T19:24:01,357010,Tupungatito,VIIRS375,0,0.00,1,sin anomalia,2026-10-05T14:24:05,mendoza
2026-09-18T19:24:01,357010,Tupungatito,VIIRS750,0,0.00,1,sin anomalia,2026-10-05T14:24:05,mendoza
2026-09-18T20:30:00,357010,Tupungatito,MODIS,1.54,25.30,0,fuera de radio,2026-10-05T14:24:05,mendoza
2026-09-19T02:10:00,357010,Tupungatito,MODIS,0,0.00,1,sin anomalia,2026-10-05T14:24:05,mendoza
2026-09-19T05:06:01,357010,Tupungatito,VIIRS375,0.05,5.41,1,muy baja,2026-10-05T14:24:05,mendoza
2026-09-19T05:06:01,357010,Tupungatito,VIIRS750,0,0.00,1,sin anomalia,2026-10-05T14:24:05,mendoza
2026-09-19T05:48:02,357010,Tupungatito,VIIRS375,0.14,4.89,1,muy baja,2026-10-05T14:24:05,mendoza
2026-09-19T05:48:02,357010,Tupungatito,VIIRS750,0,0.00,1,sin anomalia,2026-10-05T14:24:05,mendoza
2026-09-19T06:42:01,357010,Tupungatito,VIIRS375,0,0.00,1,sin anomalia,2026-10-05T14:24:05,mendoza
2026-09-19T06:42:01,357010,Tupungatito,VIIRS750,0,0.00,1,sin anomalia,2026-10-05T14:24:05,mendoza
2026-09-19T07:30:00,357010,Tupungatito,MODIS,0,0.00,1,sin anomalia,2026-10-05T14:24:05,mendoza
2026-09-19T13:10:00,357010,Tupungatito,MODIS,0,0.00,1,sin anomalia,2026-10-05T14:24:05,mendoza
2026-09-19T19:06:01,357010,Tupungatito,VIIRS375,0,0.00,1,sin anomalia,2026-10-05T14:24:05,mendoza
2026-09-19T19:06:01,357010,Tupungatito,VIIRS750,0,0.00,1,sin anomalia,2026-10-05T14:24:05,mendoza
2026-09-19T21:10:00,357010,Tupungatito,MODIS,0,0.00,1,sin anomalia,2026-10-05T14:24:05,mendoza
2026-09-20T01:10:00,357010,Tupungatito,MODIS,0,0.00,1,sin anomalia,2026-10-05T14:24:05,mendoza
2026-09-20T04:42:01,357010,Tupungatito,VIIRS375,0,0.00,1,sin anomalia,2026-10-05T14:24:05,mendoza
2026-09-20T04:42:01,357010,Tupungatito,VIIRS750,0,0.00,1,sin anomalia,2026-10-05T14:24:05,mendoza
2026-09-20T05:30:02,357010,Tupungatito,VIIRS375,0.1,21.35,0,fuera de radio,2026-10-05T14:24:05,mendoza
2026-09-20T05:30:02,357010,Tupungatito,VIIRS750,0,0.00,1,sin anomalia,2026-10-05T14:24:05,mendoza
2026-09-20T06:06:00,357010,Tupungatito,VIIRS750,0,0.00,1,sin anomalia,2026-10-05T14:24:05,mendoza
2026-09-20T06:24:01,357010,Tupungatito,VIIRS375,0,0.00,1,sin anomalia,2026-10-05T14:24:05,mendoza
2026-09-20T06:24:01,357010,Tupungatito,VIIRS750,0,0.00,1,sin anomalia,2026-10-05T14:24:05,mendoza
2026-09-20T12:10:00,357010,Tupungatito,MODIS,0,0.00,1,sin anomalia,2026-10-05T14:24:05,mendoza
2026-09-20T18:48:01,357010,Tupungatito,VIIRS375,0,0.00,1,sin anomalia,2026-10-05T14:24:05,mendoza
2026-09-20T18:48:01,357010,Tupungatito,VIIRS750,0,0.00,1,sin anomalia,2026-10-05T14:24:05,mendoza
2026-09-20T19:30:02,357010,Tupungatito,VIIRS375,0,0.00,1,sin anomalia,2026-10-05T14:24:05,mendoza
2026-09-20T19:30:02,357010,Tupungatito,VIIRS750,0,0.00,1,sin anomalia,2026-10-05T14:24:05,mendoza
2026-09-20T20:10:00,357010,Tupungatito,MODIS,0,0.00,1,sin anomalia,2026-10-05T14:24:05,mendoza
2026-09-21T01:50:00,357010,Tupungatito,MODIS,0,0.00,1,sin anomalia,2026-10-05T14:24:05,mendoza
2026-09-21T05:12:02,357010,Tupungatito,VIIRS375,0,0.00,1,sin anomalia,2026-10-05T14:24:05,mendoza
2026-09-21T05:12:02,357010,Tupungatito,VIIRS750,0,0.00,1,sin anomalia,2026-10-05T14:24:05,mendoza
2026-09-21T05:48:00,357010,Tupungatito,VIIRS750,0,0.00,1,sin anomalia,2026-10-05T14:24:05,mendoza
2026-09-21T06:06:01,357010,Tupungatito,VIIRS375,0,0.00,1,sin anomalia,2026-10-05T14:24:05,mendoza
2026-09-21T06:06:01,357010,Tupungatito,VIIRS750,0,0.00,1,sin anomalia,2026-10-05T14:24:05,mendoza
2026-09-21T07:10:00,357010,Tupungatito,MODIS,0,0.00,1,sin anomalia,2026-10-05T14:24:05,mendoza
2026-09-21T08:45:00,357010,Tupungatito,MODIS,0,0.00,1,sin anomalia,2026-10-05T14:24:05,mendoza
2026-09-21T12:50:00,357010,Tupungatito,MODIS,0,0.00,1,sin anomalia,2026-10-05T14:24:05,mendoza
2026-09-21T17:30:02,357010,Tupungatito,VIIRS375,0,0.00,1,sin anomalia,2026-10-05T14:24:05,mendoza
2026-09-21T17:30:02,357010,Tupungatito,VIIRS750,0,0.00,1,sin anomalia,2026-10-05T14:24:05,mendoza
2026-09-21T18:30:01,357010,Tupungatito,VIIRS375,0,0.00,1,sin anomalia,2026-10-05T14:24:05,mendoza
2026-09-21T18:30:01,357010,Tupungatito,VIIRS750,0,0.00,1,sin anomalia,2026-10-05T14:24:05,mendoza
2026-09-21T19:12:02,357010,Tupungatito,VIIRS375,0,0.00,1,sin anomalia,2026-10-05T14:24:05,mendoza
2026-09-21T19:12:02,357010,Tupungatito,VIIRS750,0,0.00,1,sin anomalia,2026-10-05T14:24:05,mendoza
2026-09-21T20:45:00,357010,Tupungatito,MODIS,0,0.00,1,sin anomalia,2026-10-05T14:24:05,mendoza
2026-09-22T00:50:00,357010,Tupungatito,MODIS,0,0.00,1,sin anomalia,2026-10-05T14:24:05,mendoza
2026-09-22T02:30:00,357010,Tupungatito,MODIS,0,0.00,1,sin anomalia,2026-10-05T14:24:05,mendoza
2026-09-22T04:54:02,357010,Tupungatito,VIIRS375,0,0.00,1,sin anomalia,2026-10-05T14:24:05,mendoza
2026-09-22T05:30:00,357010,Tupungatito,VIIRS750,0,0.00,1,sin anomalia,2026-10-05T14:24:05,mendoza
2026-09-22T05:48:01,357010,Tupungatito,VIIRS375,0,0.00,1,sin anomalia,2026-10-05T14:24:05,mendoza
2026-09-22T06:30:02,357010,Tupungatito,VIIRS375,0,0.00,1,sin anomalia,2026-10-05T14:24:05,mendoza
2026-09-22T07:45:00,357010,Tupungatito,MODIS,0,0.00,1,sin anomalia,2026-10-05T14:24:05,mendoza
2026-09-22T13:30:00,357010,Tupungatito,MODIS,0,0.00,1,sin anomalia,2026-10-05T14:24:05,mendoza
2026-09-22T18:12:01,357010,Tupungatito,VIIRS375,0,0.00,1,sin anomalia,2026-10-05T14:24:05,mendoza
2026-09-22T18:12:01,357010,Tupungatito,VIIRS750,0,0.00,1,sin anomalia,2026-10-05T14:24:05,mendoza
2026-09-22T18:54:02,357010,Tupungatito,VIIRS375,0,0.00,1,sin anomalia,2026-10-05T14:24:05,mendoza
2026-09-22T18:54:02,357010,Tupungatito,VIIRS750,0,0.00,1,sin anomalia,2026-10-05T14:24:05,mendoza
2026-09-22T19:30:00,357010,Tupungatito,VIIRS375,0,0.00,1,sin anomalia,2026-10-05T14:24:05,mendoza
2026-09-22T19:30:00,357010,Tupungatito,VIIRS750,0,0.00,1,sin anomalia,2026-10-05T14:24:05,mendoza
2026-09-22T21:25:00,357010,Tupungatito,MODIS,0,0.00,1,sin anomalia,2026-10-05T14:24:05,mendoza
2026-09-23T01:30:00,357010,Tupungatito,MODIS,0,0.00,1,sin anomalia,2026-10-05T14:24:05,mendoza
2026-09-23T04:30:02,357010,Tupungatito,VIIRS375,0,0.00,1,sin anomalia,2026-10-05T14:24:05,mendoza
2026-09-23T04:30:02,357010,Tupungatito,VIIRS750,0,0.00,1,sin anomalia,2026-10-05T14:24:05,mendoza
2026-09-23T05:30:01,357010,Tupungatito,VIIRS375,0,0.00,1,sin anomalia,2026-10-05T14:24:05,mendoza
2026-09-23T05:30:01,357010,Tupungatito,VIIRS750,0,0.00,1,sin anomalia,2026-10-05T14:24:05,mendoza
2026-09-23T06:12:02,357010,Tupungatito,VIIRS375,0,0.00,1,sin anomalia,2026-10-05T14:24:05,mendoza
2026-09-23T06:12:02,357010,Tupungatito,VIIRS750,0,0.00,1,sin anomalia,2026-10-05T14:24:05,mendoza
2026-09-23T06:48:00,357010,Tupungatito,VIIRS375,0,0.00,1,sin anomalia,2026-10-05T14:24:05,mendoza
2026-09-23T06:48:00,357010,Tupungatito,VIIRS750,0,0.00,1,sin anomalia,2026-10-05T14:24:05,mendoza
2026-09-23T08:25:00,357010,Tupungatito,MODIS,0,0.00,1,sin anomalia,2026-10-05T14:24:05,mendoza
2026-09-23T12:30:00,357010,Tupungatito,MODIS,0,0.00,1,sin anomalia,2026-10-05T14:24:05,mendoza
2026-09-23T17:30:00,357010,Tupungatito,VIIRS375,1.39,26.05,0,fuera de radio,2026-10-05T14:24:05,mendoza
2026-09-23T17:30:00,357010,Tupungatito,VIIRS750,0,0.00,1,sin anomalia,2026-10-05T14:24:05,mendoza
2026-09-23T17:48:01,357010,Tupungatito,VIIRS375,0,0.00,1,sin anomalia,2026-10-05T14:24:05,mendoza
2026-09-23T17:48:01,357010,Tupungatito,VIIRS750,0,0.00,1,sin anomalia,2026-10-05T14:24:05,mendoza
2026-09-23T18:36:02,357010,Tupungatito,VIIRS375,0,0.00,1,sin anomalia,2026-10-05T14:24:05,mendoza
2026-09-23T18:36:02,357010,Tupungatito,VIIRS750,0,0.00,1,sin anomalia,2026-10-05T14:24:05,mendoza
2026-09-23T19:12:00,357010,Tupungatito,VIIRS375,0,0.00,1,sin anomalia,2026-10-05T14:24:05,mendoza
2026-09-23T19:12:00,357010,Tupungatito,VIIRS750,0,0.00,1,sin anomalia,2026-10-05T14:24:05,mendoza
2026-09-23T19:30:01,357010,Tupungatito,VIIRS375,0,0.00,1,sin anomalia,2026-10-05T14:24:05,mendoza
2026-09-23T19:30:01,357010,Tupungatito,VIIRS750,0,0.00,1,sin anomalia,2026-10-05T14:24:05,mendoza
2026-09-23T20:25:00,357010,Tupungatito,MODIS,0,0.00,1,sin anomalia,2026-10-05T14:24:05,mendoza
2026-09-24T02:10:00,357010,Tupungatito,MODIS,0,0.00,1,sin anomalia,2026-10-05T14:24:05,mendoza
2026-09-24T04:48:00,357010,Tupungatito,VIIRS375,0,0.00,1,sin anomalia,2026-10-05T14:24:05,mendoza
2026-09-24T05:12:01,357010,Tupungatito,VIIRS375,0,0.00,1,sin anomalia,2026-10-05T14:24:05,mendoza
2026-09-24T05:12:01,357010,Tupungatito,VIIRS750,0,0.00,1,sin anomalia,2026-10-05T14:24:05,mendoza
2026-09-24T05:54:02,357010,Tupungatito,VIIRS375,0.31,21.16,0,fuera de radio,2026-10-05T14:24:05,mendoza
2026-09-24T05:54:02,357010,Tupungatito,VIIRS750,0,0.00,1,sin anomalia,2026-10-05T14:24:05,mendoza
2026-09-24T06:30:00,357010,Tupungatito,VIIRS375,1.13,12.73,0,fuera de radio,2026-10-05T14:24:05,mendoza
2026-09-24T06:30:00,357010,Tupungatito,VIIRS750,0,0.00,1,sin anomalia,2026-10-05T14:24:05,mendoza
2026-09-24T07:25:00,357010,Tupungatito,MODIS,0,0.00,1,sin anomalia,2026-10-05T14:24:05,mendoza
2026-09-24T13:10:00,357010,Tupungatito,MODIS,0,0.00,1,sin anomalia,2026-10-05T14:24:05,mendoza
2026-09-24T17:30:01,357010,Tupungatito,VIIRS375,0,0.00,1,sin anomalia,2026-10-05T14:24:05,mendoza
2026-09-24T17:30:01,357010,Tupungatito,VIIRS750,0,0.00,1,sin anomalia,2026-10-05T14:24:05,mendoza
2026-09-24T18:18:02,357010,Tupungatito,VIIRS375,0,0.00,1,sin anomalia,2026-10-05T14:24:05,mendoza
2026-09-24T18:18:02,357010,Tupungatito,VIIRS750,0,0.00,1,sin anomalia,2026-10-05T14:24:05,mendoza
2026-09-24T18:54:00,357010,Tupungatito,VIIRS375,0,0.00,1,sin anomalia,2026-10-05T14:24:05,mendoza
2026-09-24T18:54:00,357010,Tupungatito,VIIRS750,0,0.00,1,sin anomalia,2026-10-05T14:24:05,mendoza
2026-09-24T19:12:01,357010,Tupungatito,VIIRS375,0,0.00,1,sin anomalia,2026-10-05T14:24:05,mendoza
2026-09-24T19:12:01,357010,Tupungatito,VIIRS750,0,0.00,1,sin anomalia,2026-10-05T14:24:05,mendoza
2026-09-24T21:00:00,357010,Tupungatito,MODIS,0,0.00,1,sin anomalia,2026-10-05T14:24:05,mendoza
2026-09-25T01:10:00,357010,Tupungatito,MODIS,0,0.00,1,sin anomalia,2026-10-05T14:24:05,mendoza
2026-09-25T04:54:01,357010,Tupungatito,VIIRS375,0,0.00,1,sin anomalia,2026-10-05T14:24:05,mendoza
2026-09-25T04:54:01,357010,Tupungatito,VIIRS750,0,0.00,1,sin anomalia,2026-10-05T14:24:05,mendoza
2026-09-25T05:36:02,357010,Tupungatito,VIIRS375,0,0.00,1,sin anomalia,2026-10-05T14:24:05,mendoza
2026-09-25T05:36:02,357010,Tupungatito,VIIRS750,0,0.00,1,sin anomalia,2026-10-05T14:24:05,mendoza
2026-09-25T06:30:01,357010,Tupungatito,VIIRS375,0,0.00,1,sin anomalia,2026-10-05T14:24:05,mendoza
2026-09-25T06:30:01,357010,Tupungatito,VIIRS750,0,0.00,1,sin anomalia,2026-10-05T14:24:05,mendoza
2026-09-25T08:00:00,357010,Tupungatito,MODIS,0,0.00,1,sin anomalia,2026-10-05T14:24:05,mendoza
2026-09-25T12:10:00,357010,Tupungatito,MODIS,0,0.00,1,sin anomalia,2026-10-05T14:24:05,mendoza
2026-09-25T18:00:02,357010,Tupungatito,VIIRS375,0,0.00,1,sin anomalia,2026-10-05T14:24:05,mendoza
2026-09-25T18:00:02,357010,Tupungatito,VIIRS750,0,0.00,1,sin anomalia,2026-10-05T14:24:05,mendoza
2026-09-25T18:54:01,357010,Tupungatito,VIIRS375,0,0.00,1,sin anomalia,2026-10-05T14:24:05,mendoza
2026-09-25T18:54:01,357010,Tupungatito,VIIRS750,0,0.00,1,sin anomalia,2026-10-05T14:24:05,mendoza
2026-09-25T20:00:00,357010,Tupungatito,MODIS,0,0.00,1,sin anomalia,2026-10-05T14:24:05,mendoza
2026-09-26T01:50:00,357010,Tupungatito,MODIS,0,0.00,1,sin anomalia,2026-10-05T14:24:05,mendoza
2026-09-26T05:18:02,357010,Tupungatito,VIIRS375,0,0.00,1,sin anomalia,2026-10-05T14:24:05,mendoza
2026-09-26T05:18:02,357010,Tupungatito,VIIRS750,0,0.00,1,sin anomalia,2026-10-05T14:24:05,mendoza
2026-09-26T05:54:00,357010,Tupungatito,VIIRS375,0,0.00,1,sin anomalia,2026-10-05T14:24:05,mendoza
2026-09-26T05:54:00,357010,Tupungatito,VIIRS750,0,0.00,1,sin anomalia,2026-10-05T14:24:05,mendoza
2026-09-26T06:12:01,357010,Tupungatito,VIIRS375,0,0.00,1,sin anomalia,2026-10-05T14:24:05,mendoza
2026-09-26T08:40:00,357010,Tupungatito,MODIS,0,0.00,1,sin anomalia,2026-10-05T14:24:05,mendoza
2026-09-26T12:50:00,357010,Tupungatito,MODIS,0,0.00,1,sin anomalia,2026-10-05T14:24:05,mendoza
2026-09-26T17:36:02,357010,Tupungatito,VIIRS375,0,0.00,1,sin anomalia,2026-10-05T14:24:05,mendoza
2026-09-26T17:36:02,357010,Tupungatito,VIIRS750,0,0.00,1,sin anomalia,2026-10-05T14:24:05,mendoza
2026-09-26T18:18:00,357010,Tupungatito,VIIRS375,0,0.00,1,sin anomalia,2026-10-05T14:24:05,mendoza
2026-09-26T18:18:00,357010,Tupungatito,VIIRS750,0,0.00,1,sin anomalia,2026-10-05T14:24:05,mendoza
2026-09-26T18:36:01,357010,Tupungatito,VIIRS375,0,0.00,1,sin anomalia,2026-10-05T14:24:05,mendoza
2026-09-26T18:36:01,357010,Tupungatito,VIIRS750,0,0.00,1,sin anomalia,2026-10-05T14:24:05,mendoza
2026-09-26T19:18:02,357010,Tupungatito,VIIRS375,0,0.00,1,sin anomalia,2026-10-05T14:24:05,mendoza
2026-09-26T19:18:02,357010,Tupungatito,VIIRS750,0,0.00,1,sin anomalia,2026-10-05T14:24:05,mendoza
2026-09-26T20:40:00,357010,Tupungatito,MODIS,0,0.00,1,sin anomalia,2026-10-05T14:24:05,mendoza
2026-09-27T00:50:00,357010,Tupungatito,MODIS,0,0.00,1,sin anomalia,2026-10-05T14:24:05,mendoza
2026-09-27T02:25:00,357010,Tupungatito,MODIS,0,0.00,1,sin anomalia,2026-10-05T14:24:05,mendoza
2026-09-27T05:00:02,357010,Tupungatito,VIIRS375,0,0.00,1,sin anomalia,2026-10-05T14:24:05,mendoza
2026-09-27T05:00:02,357010,Tupungatito,VIIRS750,0,0.00,1,sin anomalia,2026-10-05T14:24:05,mendoza
2026-09-27T05:36:00,357010,Tupungatito,VIIRS750,0,0.00,1,sin anomalia,2026-10-05T14:24:05,mendoza
2026-09-27T05:54:01,357010,Tupungatito,VIIRS375,0.37,21.80,0,fuera de radio,2026-10-05T14:24:05,mendoza
2026-09-27T05:54:01,357010,Tupungatito,VIIRS750,0,0.00,1,sin anomalia,2026-10-05T14:24:05,mendoza
2026-09-27T06:36:02,357010,Tupungatito,VIIRS375,0,0.00,1,sin anomalia,2026-10-05T14:24:05,mendoza
2026-09-27T06:36:02,357010,Tupungatito,VIIRS750,0,0.00,1,sin anomalia,2026-10-05T14:24:05,mendoza
2026-09-27T07:40:00,357010,Tupungatito,MODIS,0,0.00,1,sin anomalia,2026-10-05T14:24:05,mendoza
2026-09-27T13:25:00,357010,Tupungatito,MODIS,0,0.00,1,sin anomalia,2026-10-05T14:24:05,mendoza
2026-09-27T17:18:02,357010,Tupungatito,VIIRS375,0,0.00,1,sin anomalia,2026-10-05T14:24:05,mendoza
2026-09-27T17:18:02,357010,Tupungatito,VIIRS750,0,0.00,1,sin anomalia,2026-10-05T14:24:05,mendoza
2026-09-27T17:54:00,357010,Tupungatito,VIIRS375,0,0.00,1,sin anomalia,2026-10-05T14:24:05,mendoza
2026-09-27T17:54:00,357010,Tupungatito,VIIRS750,0,0.00,1,sin anomalia,2026-10-05T14:24:05,mendoza
2026-09-27T18:18:01,357010,Tupungatito,VIIRS375,0,0.00,1,sin anomalia,2026-10-05T14:24:05,mendoza
2026-09-27T18:18:01,357010,Tupungatito,VIIRS750,0,0.00,1,sin anomalia,2026-10-05T14:24:05,mendoza
2026-09-27T19:00:02,357010,Tupungatito,VIIRS375,0,0.00,1,sin anomalia,2026-10-05T14:24:05,mendoza
2026-09-27T19:00:02,357010,Tupungatito,VIIRS750,0,0.00,1,sin anomalia,2026-10-05T14:24:05,mendoza
2026-09-27T19:36:00,357010,Tupungatito,VIIRS375,0,0.00,1,sin anomalia,2026-10-05T14:24:05,mendoza
2026-09-27T19:36:00,357010,Tupungatito,VIIRS750,0,0.00,1,sin anomalia,2026-10-05T14:24:05,mendoza
2026-09-27T21:15:00,357010,Tupungatito,MODIS,0,0.00,1,sin anomalia,2026-10-05T14:24:05,mendoza
2026-09-28T01:30:00,357010,Tupungatito,MODIS,0,0.00,1,sin anomalia,2026-10-05T14:24:05,mendoza
2026-09-28T04:42:02,357010,Tupungatito,VIIRS375,0,0.00,1,sin anomalia,2026-10-05T14:24:05,mendoza
2026-09-28T04:42:02,357010,Tupungatito,VIIRS750,0,0.00,1,sin anomalia,2026-10-05T14:24:05,mendoza
2026-09-28T05:36:01,357010,Tupungatito,VIIRS375,0.09,5.21,1,muy baja,2026-10-05T14:24:05,mendoza
2026-09-28T05:36:01,357010,Tupungatito,VIIRS750,0,0.00,1,sin anomalia,2026-10-05T14:24:05,mendoza
2026-09-28T06:18:02,357010,Tupungatito,VIIRS375,0,0.00,1,sin anomalia,2026-10-05T14:24:05,mendoza
2026-09-28T06:18:02,357010,Tupungatito,VIIRS750,0,0.00,1,sin anomalia,2026-10-05T14:24:05,mendoza
2026-09-28T06:54:00,357010,Tupungatito,VIIRS375,0,0.00,1,sin anomalia,2026-10-05T14:24:05,mendoza
2026-09-28T06:54:00,357010,Tupungatito,VIIRS750,0,0.00,1,sin anomalia,2026-10-05T14:24:05,mendoza
2026-09-28T08:15:00,357010,Tupungatito,MODIS,0,0.00,1,sin anomalia,2026-10-05T14:24:05,mendoza
2026-09-28T12:30:00,357010,Tupungatito,MODIS,0,0.00,1,sin anomalia,2026-10-05T14:24:05,mendoza
2026-09-28T17:36:00,357010,Tupungatito,VIIRS375,0,0.00,1,sin anomalia,2026-10-05T14:24:05,mendoza
2026-09-28T17:36:00,357010,Tupungatito,VIIRS750,0,0.00,1,sin anomalia,2026-10-05T14:24:05,mendoza
2026-09-28T18:00:01,357010,Tupungatito,VIIRS375,0,0.00,1,sin anomalia,2026-10-05T14:24:05,mendoza
2026-09-28T18:00:01,357010,Tupungatito,VIIRS750,0,0.00,1,sin anomalia,2026-10-05T14:24:05,mendoza
2026-09-28T18:42:02,357010,Tupungatito,VIIRS375,0,0.00,1,sin anomalia,2026-10-05T14:24:05,mendoza
2026-09-28T18:42:02,357010,Tupungatito,VIIRS750,0,0.00,1,sin anomalia,2026-10-05T14:24:05,mendoza
2026-09-28T19:18:00,357010,Tupungatito,VIIRS375,0,0.00,1,sin anomalia,2026-10-05T14:24:05,mendoza
2026-09-28T19:18:00,357010,Tupungatito,VIIRS750,0,0.00,1,sin anomalia,2026-10-05T14:24:05,mendoza
2026-09-28T19:36:01,357010,Tupungatito,VIIRS375,0,0.00,1,sin anomalia,2026-10-05T14:24:05,mendoza
2026-09-28T19:36:01,357010,Tupungatito,VIIRS750,0,0.00,1,sin anomalia,2026-10-05T14:24:05,mendoza
2026-09-28T20:15:00,357010,Tupungatito,MODIS,0,0.00,1,sin anomalia,2026-10-05T14:24:05,mendoza
2026-09-29T02:05:00,357010,Tupungatito,MODIS,0,0.00,1,sin anomalia,2026-10-05T14:24:05,mendoza
2026-09-29T05:18:01,357010,Tupungatito,VIIRS375,0.04,5.41,1,muy baja,2026-10-05T14:24:05,mendoza
2026-09-29T05:18:01,357010,Tupungatito,VIIRS750,0,0.00,1,sin anomalia,2026-10-05T14:24:05,mendoza
2026-09-29T06:00:02,357010,Tupungatito,VIIRS375,0,0.00,1,sin anomalia,2026-10-05T14:24:05,mendoza
2026-09-29T06:00:02,357010,Tupungatito,VIIRS750,0,0.00,1,sin anomalia,2026-10-05T14:24:05,mendoza
2026-09-29T06:36:00,357010,Tupungatito,VIIRS375,0,0.00,1,sin anomalia,2026-10-05T14:24:05,mendoza
2026-09-29T06:36:00,357010,Tupungatito,VIIRS750,0,0.00,1,sin anomalia,2026-10-05T14:24:05,mendoza
2026-09-29T07:15:00,357010,Tupungatito,MODIS,0,0.00,1,sin anomalia,2026-10-05T14:24:05,mendoza
2026-09-29T13:05:00,357010,Tupungatito,MODIS,0,0.00,1,sin anomalia,2026-10-05T14:24:05,mendoza
2026-09-29T17:36:01,357010,Tupungatito,VIIRS375,0,0.00,1,sin anomalia,2026-10-05T14:24:05,mendoza
2026-09-29T17:36:01,357010,Tupungatito,VIIRS750,0,0.00,1,sin anomalia,2026-10-05T14:24:05,mendoza
2026-09-29T18:24:02,357010,Tupungatito,VIIRS375,0,0.00,1,sin anomalia,2026-10-05T14:24:05,mendoza
2026-09-29T18:24:02,357010,Tupungatito,VIIRS750,0,0.00,1,sin anomalia,2026-10-05T14:24:05,mendoza
2026-09-29T19:00:00,357010,Tupungatito,VIIRS375,0,0.00,1,sin anomalia,2026-10-05T14:24:05,mendoza
2026-09-29T19:00:00,357010,Tupungatito,VIIRS750,0,0.00,1,sin anomalia,2026-10-05T14:24:05,mendoza
2026-09-29T19:18:01,357010,Tupungatito,VIIRS375,0,0.00,1,sin anomalia,2026-10-05T14:24:05,mendoza
2026-09-29T19:18:01,357010,Tupungatito,VIIRS750,0,0.00,1,sin anomalia,2026-10-05T14:24:05,mendoza
2026-09-29T20:55:00,357010,Tupungatito,MODIS,0,0.00,1,sin anomalia,2026-10-05T14:24:05,mendoza
2026-09-30T01:10:00,357010,Tupungatito,MODIS,0,0.00,1,sin anomalia,2026-10-05T14:24:05,mendoza
2026-09-30T05:00:01,357010,Tupungatito,VIIRS375,0,0.00,1,sin anomalia,2026-10-05T14:24:05,mendoza
2026-09-30T05:00:01,357010,Tupungatito,VIIRS750,0,0.00,1,sin anomalia,2026-10-05T14:24:05,mendoza
2026-09-30T05:42:02,357010,Tupungatito,VIIRS375,0,0.00,1,sin anomalia,2026-10-05T14:24:05,mendoza
2026-09-30T05:42:02,357010,Tupungatito,VIIRS750,0,0.00,1,sin anomalia,2026-10-05T14:24:05,mendoza
2026-09-30T06:36:01,357010,Tupungatito,VIIRS375,0,0.00,1,sin anomalia,2026-10-05T14:24:05,mendoza
2026-09-30T06:36:01,357010,Tupungatito,VIIRS750,0,0.00,1,sin anomalia,2026-10-05T14:24:05,mendoza
2026-09-30T07:55:00,357010,Tupungatito,MODIS,0,0.00,1,sin anomalia,2026-10-05T14:24:05,mendoza
2026-09-30T12:10:00,357010,Tupungatito,MODIS,0,0.00,1,sin anomalia,2026-10-05T14:24:05,mendoza
2026-09-30T18:06:02,357010,Tupungatito,VIIRS375,0,0.00,1,sin anomalia,2026-10-05T14:24:05,mendoza
2026-09-30T18:06:02,357010,Tupungatito,VIIRS750,0,0.00,1,sin anomalia,2026-10-05T14:24:05,mendoza
2026-09-30T18:42:00,357010,Tupungatito,VIIRS375,0,0.00,1,sin anomalia,2026-10-05T14:24:05,mendoza
2026-09-30T18:42:00,357010,Tupungatito,VIIRS750,0,0.00,1,sin anomalia,2026-10-05T14:24:05,mendoza
2026-09-30T19:00:01,357010,Tupungatito,VIIRS375,0,0.00,1,sin anomalia,2026-10-05T14:24:05,mendoza
2026-09-30T19:00:01,357010,Tupungatito,VIIRS750,0,0.00,1,sin anomalia,2026-10-05T14:24:05,mendoza
2026-09-30T19:55:00,357010,Tupungatito,MODIS,0,0.00,1,sin anomalia,2026-10-05T14:24:05,mendoza
2026-09-30T21:35:00,357010,Tupungatito,MODIS,0,0.00,1,sin anomalia,2026-10-05T14:24:05,mendoza
2026-10-01T01:45:00,357010,Tupungatito,MODIS,0,0.00,1,sin anomalia,2026-10-05T14:24:05,mendoza
2026-10-01T04:36:01,357010,Tupungatito,VIIRS375,0,0.00,1,sin anomalia,2026-10-05T14:24:05,mendoza
2026-10-01T04:36:01,357010,Tupungatito,VIIRS750,0,0.00,1,sin anomalia,2026-10-05T14:24:05,mendoza
2026-10-01T06:18:01,357010,Tupungatito,VIIRS375,0,0.00,1,sin anomalia,2026-10-05T14:24:05,mendoza
2026-10-01T06:18:01,357010,Tupungatito,VIIRS750,0,0.00,1,sin anomalia,2026-10-05T14:24:05,mendoza
2026-10-01T08:30:00,357010,Tupungatito,MODIS,0,0.00,1,sin anomalia,2026-10-05T14:24:05,mendoza
2026-10-01T12:45:00,357010,Tupungatito,MODIS,0,0.00,1,sin anomalia,2026-10-05T14:24:05,mendoza
2026-10-01T18:42:01,357010,Tupungatito,VIIRS375,0,0.00,1,sin anomalia,2026-10-05T14:24:05,mendoza
2026-10-01T18:42:01,357010,Tupungatito,VIIRS750,0,0.00,1,sin anomalia,2026-10-05T14:24:05,mendoza
2026-10-01T19:24:02,357010,Tupungatito,VIIRS375,0,0.00,1,sin anomalia,2026-10-05T14:24:05,mendoza
2026-10-01T19:24:02,357010,Tupungatito,VIIRS750,0,0.00,1,sin anomalia,2026-10-05T14:24:05,mendoza
2026-10-01T20:35:00,357010,Tupungatito,MODIS,0,0.00,1,sin anomalia,2026-10-05T14:24:05,mendoza
2026-10-02T00:50:00,357010,Tupungatito,MODIS,0,0.00,1,sin anomalia,2026-10-05T14:24:05,mendoza
2026-10-02T02:25:00,357010,Tupungatito,MODIS,0,0.00,1,sin anomalia,2026-10-05T14:24:05,mendoza
2026-10-02T05:06:02,357010,Tupungatito,VIIRS375,0,0.00,1,sin anomalia,2026-10-05T14:24:05,mendoza
2026-10-02T05:06:02,357010,Tupungatito,VIIRS750,0,0.00,1,sin anomalia,2026-10-05T14:24:05,mendoza
2026-10-02T06:00:01,357010,Tupungatito,VIIRS375,0,0.00,1,sin anomalia,2026-10-05T14:24:05,mendoza
2026-10-02T06:00:01,357010,Tupungatito,VIIRS750,0,0.00,1,sin anomalia,2026-10-05T14:24:05,mendoza
2026-10-02T07:30:00,357010,Tupungatito,MODIS,0,0.00,1,sin anomalia,2026-10-05T14:24:05,mendoza
2026-10-02T13:25:00,357010,Tupungatito,MODIS,0,0.00,1,sin anomalia,2026-10-05T14:24:05,mendoza
2026-10-02T18:00:00,357010,Tupungatito,VIIRS375,0,0.00,1,sin anomalia,2026-10-05T14:24:05,mendoza
2026-10-02T18:24:01,357010,Tupungatito,VIIRS375,0,0.00,1,sin anomalia,2026-10-05T14:24:05,mendoza
2026-10-02T19:06:02,357010,Tupungatito,VIIRS375,0,0.00,1,sin anomalia,2026-10-05T14:24:05,mendoza
2026-10-02T19:06:02,357010,Tupungatito,VIIRS750,0,0.00,1,sin anomalia,2026-10-05T14:24:05,mendoza
2026-10-02T19:42:00,357010,Tupungatito,VIIRS375,0,0.00,1,sin anomalia,2026-10-05T14:24:05,mendoza
2026-10-02T19:42:00,357010,Tupungatito,VIIRS750,0,0.00,1,sin anomalia,2026-10-05T14:24:05,mendoza
2026-10-02T21:10:00,357010,Tupungatito,MODIS,0,0.00,1,sin anomalia,2026-10-05T14:24:05,mendoza
2026-10-03T01:25:00,357010,Tupungatito,MODIS,0,0.00,1,sin anomalia,2026-10-05T14:24:05,mendoza
2026-10-03T04:48:02,357010,Tupungatito,VIIRS375,0,0.00,1,sin anomalia,2026-10-05T14:24:05,mendoza
2026-10-03T04:48:02,357010,Tupungatito,VIIRS750,0,0.00,1,sin anomalia,2026-10-05T14:24:05,mendoza
2026-10-03T05:24:00,357010,Tupungatito,VIIRS375,0,0.00,1,sin anomalia,2026-10-05T14:24:05,mendoza
2026-10-03T05:24:00,357010,Tupungatito,VIIRS750,0,0.00,1,sin anomalia,2026-10-05T14:24:05,mendoza
2026-10-03T05:42:01,357010,Tupungatito,VIIRS375,0.14,5.21,1,muy baja,2026-10-05T14:24:05,mendoza
2026-10-03T05:42:01,357010,Tupungatito,VIIRS750,0,0.00,1,sin anomalia,2026-10-05T14:24:05,mendoza
2026-10-03T06:24:02,357010,Tupungatito,VIIRS375,0,0.00,1,sin anomalia,2026-10-05T14:24:05,mendoza
2026-10-03T06:24:02,357010,Tupungatito,VIIRS750,0,0.00,1,sin anomalia,2026-10-05T14:24:05,mendoza
2026-10-03T08:10:00,357010,Tupungatito,MODIS,0,0.00,1,sin anomalia,2026-10-05T14:24:05,mendoza
2026-10-03T12:25:00,357010,Tupungatito,MODIS,0,0.00,1,sin anomalia,2026-10-05T14:24:05,mendoza
2026-10-03T18:06:01,357010,Tupungatito,VIIRS375,0,0.00,1,sin anomalia,2026-10-05T14:24:05,mendoza
2026-10-03T18:06:01,357010,Tupungatito,VIIRS750,0,0.00,1,sin anomalia,2026-10-05T14:24:05,mendoza
2026-10-03T18:48:02,357010,Tupungatito,VIIRS375,0,0.00,1,sin anomalia,2026-10-05T14:24:05,mendoza
2026-10-03T18:48:02,357010,Tupungatito,VIIRS750,0,0.00,1,sin anomalia,2026-10-05T14:24:05,mendoza
2026-10-03T19:24:00,357010,Tupungatito,VIIRS375,0,0.00,1,sin anomalia,2026-10-05T14:24:05,mendoza
2026-10-03T19:24:00,357010,Tupungatito,VIIRS750,0,0.00,1,sin anomalia,2026-10-05T14:24:05,mendoza
2026-10-03T20:10:00,357010,Tupungatito,MODIS,0,0.00,1,sin anomalia,2026-10-05T14:24:05,mendoza
2026-10-04T02:05:00,357010,Tupungatito,MODIS,0,0.00,1,sin anomalia,2026-10-05T14:24:05,mendoza
2026-10-04T05:24:01,357010,Tupungatito,VIIRS375,0,0.00,1,sin anomalia,2026-10-05T14:24:05,mendoza
2026-10-04T05:24:01,357010,Tupungatito,VIIRS750,0,0.00,1,sin anomalia,2026-10-05T14:24:05,mendoza
2026-10-04T06:06:02,357010,Tupungatito,VIIRS375,0,0.00,1,sin anomalia,2026-10-05T14:24:05,mendoza
2026-10-04T06:06:02,357010,Tupungatito,VIIRS750,0,0.00,1,sin anomalia,2026-10-05T14:24:05,mendoza
2026-10-04T06:42:00,357010,Tupungatito,VIIRS375,0,0.00,1,sin anomalia,2026-10-05T14:24:05,mendoza
2026-10-04T06:42:00,357010,Tupungatito,VIIRS750,0,0.00,1,sin anomalia,2026-10-05T14:24:05,mendoza
2026-10-04T07:10:00,357010,Tupungatito,MODIS,0,0.00,1,sin anomalia,2026-10-05T14:24:05,mendoza
2026-10-04T08:50:00,357010,Tupungatito,MODIS,0,0.00,1,sin anomalia,2026-10-05T14:24:05,mendoza
2026-10-04T13:05:00,357010,Tupungatito,MODIS,0,0.00,1,sin anomalia,2026-10-05T14:24:05,mendoza
2026-10-04T17:42:01,357010,Tupungatito,VIIRS375,0,0.00,1,sin anomalia,2026-10-05T14:24:05,mendoza
2026-10-04T19:24:01,357010,Tupungatito,VIIRS375,0,0.00,1,sin anomalia,2026-10-05T14:24:05,mendoza
2026-10-04T19:24:01,357010,Tupungatito,VIIRS750,0,0.00,1,sin anomalia,2026-10-05T14:24:05,mendoza
2026-10-04T20:50:00,357010,Tupungatito,MODIS,0,0.00,1,sin anomalia,2026-10-05T14:24:05,mendoza
2026-10-05T01:05:00,357010,Tupungatito,MODIS,0,0.00,1,sin anomalia,2026-10-05T14:24:05,mendoza
2026-10-05T05:06:01,357010,Tupungatito,VIIRS375,0,0.00,1,sin anomalia,2026-10-05T14:24:05,mendoza
2026-10-05T05:06:01,357010,Tupungatito,VIIRS750,0,0.00,1,sin anomalia,2026-10-05T14:24:05,mendoza
2026-10-05T05:48:02,357010,Tupungatito,VIIRS375,0,0.00,1,sin anomalia,2026-10-05T14:24:05,mendoza
2026-10-05T05:48:02,357010,Tupungatito,VIIRS750,0,0.00,1,sin anomalia,2026-10-05T14:24:05,mendoza
2026-10-05T06:42:01,357010,Tupungatito,VIIRS375,0,0.00,1,sin anomalia,2026-10-05T14:24:05,mendoza
2026-10-05T06:42:01,357010,Tupungatito,VIIRS750,0,0.00,1,sin anomalia,2026-10-05T14:24:05,mendoza
2026-10-05T07:50:00,357010,Tupungatito,MODIS,0,0.00,1,sin anomalia,2026-10-05T14:24:05,mendoza
