fecha_utc,volcano_id,volcan,sensor,vrp_mw,distancia_km,dentro_radio,clasificacion,capturado_utc,origen,clase_mirova
2000-04-02T03:50:00,357120,Villarrica,MODIS,0.4264,1.00,1,muy baja,2026-10-05T18:06:10,mirova-archivo,1
2000-04-11T03:45:00,357120,Villarrica,MODIS,3.989,1.41,1,baja,2026-10-05T18:06:10,mirova-archivo,1
2000-04-18T03:50:00,357120,Villarrica,MODIS,0.2525,0.00,1,muy baja,2026-10-05T18:06:10,mirova-archivo,1
2000-04-20T03:35:00,357120,Villarrica,MODIS,1.838,1.41,1,baja,2026-10-05T18:06:10,mirova-archivo,1
2000-04-23T04:10:00,357120,Villarrica,MODIS,0.9914,1.41,1,muy baja,2026-10-05T18:06:10,mirova-archivo,1
2000-05-04T03:50:00,357120,Villarrica,MODIS,6.358,2.24,1,baja,2026-10-05T18:06:10,mirova-archivo,1
2000-05-09T04:10:00,357120,Villarrica,MODIS,0.9391,1.00,1,muy baja,2026-10-05T18:06:10,mirova-archivo,1
2000-05-18T04:00:00,357120,Villarrica,MODIS,1.989,1.00,1,baja,2026-10-05T18:06:10,mirova-archivo,1
2000-07-12T04:05:00,357120,Villarrica,MODIS,0.5513,1.00,1,muy baja,2026-10-05T18:06:10,mirova-archivo,1
2000-07-18T03:30:00,357120,Villarrica,MODIS,3.143,2.24,1,baja,2026-10-05T18:06:10,mirova-archivo,1
2000-07-28T04:05:00,357120,Villarrica,MODIS,2.016,1.41,1,baja,2026-10-05T18:06:10,mirova-archivo,1
2000-08-31T03:55:00,357120,Villarrica,MODIS,2.456,1.41,1,baja,2026-10-05T18:06:10,mirova-archivo,1
2000-09-02T03:40:00,357120,Villarrica,MODIS,1.398e+04,26.00,0,no volcanica,2026-10-05T18:06:10,mirova-archivo,0
2000-09-27T03:35:00,357120,Villarrica,MODIS,1.749,1.41,1,baja,2026-10-05T18:06:10,mirova-archivo,1
2000-09-30T04:05:00,357120,Villarrica,MODIS,2.557,1.41,1,baja,2026-10-05T18:06:10,mirova-archivo,1
2000-10-04T03:40:00,357120,Villarrica,MODIS,0.7346,1.41,1,muy baja,2026-10-05T18:06:10,mirova-archivo,1
2000-10-28T04:30:00,357120,Villarrica,MODIS,11.58,2.24,1,moderada,2026-10-05T18:06:10,mirova-archivo,1
2000-10-30T04:20:00,357120,Villarrica,MODIS,24.58,2.24,1,moderada,2026-10-05T18:06:10,mirova-archivo,1
2000-11-02T03:10:00,357120,Villarrica,MODIS,19.31,3.16,1,moderada,2026-10-05T18:06:10,mirova-archivo,1
2000-11-28T03:45:00,357120,Villarrica,MODIS,1.313,1.41,1,baja,2026-10-05T18:06:10,mirova-archivo,1
2000-12-02T03:20:00,357120,Villarrica,MODIS,0.5485,2.00,1,muy baja,2026-10-05T18:06:10,mirova-archivo,1
2000-12-03T04:05:00,357120,Villarrica,MODIS,0.5532,1.00,1,muy baja,2026-10-05T18:06:10,mirova-archivo,1
2000-12-05T03:50:00,357120,Villarrica,MODIS,2.195,1.41,1,baja,2026-10-05T18:06:10,mirova-archivo,1
2000-12-07T03:40:00,357120,Villarrica,MODIS,0.4776,0.00,1,muy baja,2026-10-05T18:06:10,mirova-archivo,1
2000-12-12T04:00:00,357120,Villarrica,MODIS,1.308,1.00,1,baja,2026-10-05T18:06:10,mirova-archivo,1
2000-12-14T03:45:00,357120,Villarrica,MODIS,4.133e+04,28.28,0,no volcanica,2026-10-05T18:06:10,mirova-archivo,0
2000-12-17T04:15:00,357120,Villarrica,MODIS,1.513,1.41,1,baja,2026-10-05T18:06:10,mirova-archivo,1
2000-12-19T04:05:00,357120,Villarrica,MODIS,1.221,1.41,1,baja,2026-10-05T18:06:10,mirova-archivo,1
2000-12-28T04:00:00,357120,Villarrica,MODIS,1.498,1.41,1,baja,2026-10-05T18:06:10,mirova-archivo,1
2000-12-30T03:45:00,357120,Villarrica,MODIS,0.2203,1.41,1,muy baja,2026-10-05T18:06:10,mirova-archivo,1
2001-01-11T04:10:00,357120,Villarrica,MODIS,0.6615,1.00,1,muy baja,2026-10-05T18:06:10,mirova-archivo,1
2001-01-15T03:45:00,357120,Villarrica,MODIS,0.7635,1.00,1,muy baja,2026-10-05T18:06:10,mirova-archivo,1
2001-01-17T03:35:00,357120,Villarrica,MODIS,23.44,2.24,1,moderada,2026-10-05T18:06:10,mirova-archivo,1
2001-01-20T04:05:00,357120,Villarrica,MODIS,6.191,1.41,1,baja,2026-10-05T18:06:10,mirova-archivo,1
2001-01-22T03:50:00,357120,Villarrica,MODIS,7.096,1.41,1,baja,2026-10-05T18:06:10,mirova-archivo,1
2001-01-24T03:40:00,357120,Villarrica,MODIS,5.52,1.41,1,baja,2026-10-05T18:06:10,mirova-archivo,1
2001-01-25T04:20:00,357120,Villarrica,MODIS,2.535,1.41,1,baja,2026-10-05T18:06:10,mirova-archivo,1
2001-01-29T04:00:00,357120,Villarrica,MODIS,3.527,1.41,1,baja,2026-10-05T18:06:10,mirova-archivo,1
2001-02-07T03:50:00,357120,Villarrica,MODIS,12.9,1.41,1,moderada,2026-10-05T18:06:10,mirova-archivo,1
2001-02-14T04:00:00,357120,Villarrica,MODIS,1.184,1.00,1,baja,2026-10-05T18:06:10,mirova-archivo,1
2001-02-16T03:45:00,357120,Villarrica,MODIS,0.8107,1.41,1,muy baja,2026-10-05T18:06:10,mirova-archivo,1
2001-02-18T03:35:00,357120,Villarrica,MODIS,1.417,2.24,1,baja,2026-10-05T18:06:10,mirova-archivo,1
2001-02-25T03:40:00,357120,Villarrica,MODIS,1.554,1.41,1,baja,2026-10-05T18:06:10,mirova-archivo,1
2001-03-02T03:55:00,357120,Villarrica,MODIS,1.414,1.00,1,baja,2026-10-05T18:06:10,mirova-archivo,1
2001-03-11T03:50:00,357120,Villarrica,MODIS,1.284,1.00,1,baja,2026-10-05T18:06:10,mirova-archivo,1
2001-03-13T03:40:00,357120,Villarrica,MODIS,3.625,2.24,1,baja,2026-10-05T18:06:10,mirova-archivo,1
2001-03-18T03:55:00,357120,Villarrica,MODIS,0.5832,1.41,1,muy baja,2026-10-05T18:06:10,mirova-archivo,1
2001-03-27T03:50:00,357120,Villarrica,MODIS,1.25,1.41,1,baja,2026-10-05T18:06:10,mirova-archivo,1
2001-03-29T03:40:00,357120,Villarrica,MODIS,0.77,1.41,1,muy baja,2026-10-05T18:06:10,mirova-archivo,1
2001-04-05T03:45:00,357120,Villarrica,MODIS,3.508,1.41,1,baja,2026-10-05T18:06:10,mirova-archivo,1
2001-04-07T03:30:00,357120,Villarrica,MODIS,0.3695,1.00,1,muy baja,2026-10-05T18:06:10,mirova-archivo,1
2001-04-12T03:50:00,357120,Villarrica,MODIS,1.019,1.41,1,baja,2026-10-05T18:06:10,mirova-archivo,1
2001-05-22T04:40:00,357120,Villarrica,MODIS,4.538e+04,24.74,0,no volcanica,2026-10-05T18:06:10,mirova-archivo,0
2001-06-10T03:30:00,357120,Villarrica,MODIS,8.059,2.24,1,baja,2026-10-05T18:06:10,mirova-archivo,1
2001-07-22T04:05:00,357120,Villarrica,MODIS,2.075,1.41,1,baja,2026-10-05T18:06:10,mirova-archivo,1
2001-08-07T04:05:00,357120,Villarrica,MODIS,0.4819,1.00,1,muy baja,2026-10-05T18:06:10,mirova-archivo,1
2001-08-09T03:55:00,357120,Villarrica,MODIS,0.6697,1.41,1,muy baja,2026-10-05T18:06:10,mirova-archivo,1
2001-08-11T03:40:00,357120,Villarrica,MODIS,7.797,2.24,1,baja,2026-10-05T18:06:10,mirova-archivo,1
2001-08-16T04:00:00,357120,Villarrica,MODIS,6.29,1.41,1,baja,2026-10-05T18:06:10,mirova-archivo,1
2001-08-20T03:35:00,357120,Villarrica,MODIS,4.646,1.41,1,baja,2026-10-05T18:06:10,mirova-archivo,1
2001-08-23T04:05:00,357120,Villarrica,MODIS,6.558,2.00,1,baja,2026-10-05T18:06:10,mirova-archivo,1
2001-08-30T04:10:00,357120,Villarrica,MODIS,1.899,1.41,1,baja,2026-10-05T18:06:10,mirova-archivo,1
2001-09-01T04:00:00,357120,Villarrica,MODIS,3.403,1.41,1,baja,2026-10-05T18:06:10,mirova-archivo,1
2001-09-10T03:50:00,357120,Villarrica,MODIS,6.717,1.41,1,baja,2026-10-05T18:06:10,mirova-archivo,1
2001-09-12T03:40:00,357120,Villarrica,MODIS,6.427,1.41,1,baja,2026-10-05T18:06:10,mirova-archivo,1
2001-09-14T03:25:00,357120,Villarrica,MODIS,8.722,2.24,1,baja,2026-10-05T18:06:10,mirova-archivo,1
2001-09-15T04:10:00,357120,Villarrica,MODIS,8.134,1.41,1,baja,2026-10-05T18:06:10,mirova-archivo,1
2001-09-17T04:00:00,357120,Villarrica,MODIS,13.52,1.41,1,moderada,2026-10-05T18:06:10,mirova-archivo,1
2001-09-19T03:45:00,357120,Villarrica,MODIS,18.02,1.41,1,moderada,2026-10-05T18:06:10,mirova-archivo,1
2001-10-05T03:45:00,357120,Villarrica,MODIS,1.928e+04,8.06,0,no volcanica,2026-10-05T18:06:10,mirova-archivo,0
2001-10-10T04:05:00,357120,Villarrica,MODIS,3.693,2.00,1,baja,2026-10-05T18:06:10,mirova-archivo,1
2001-10-12T03:50:00,357120,Villarrica,MODIS,13.99,1.41,1,moderada,2026-10-05T18:06:10,mirova-archivo,1
2001-10-14T03:40:00,357120,Villarrica,MODIS,8.61,1.41,1,baja,2026-10-05T18:06:10,mirova-archivo,1
2001-10-16T03:25:00,357120,Villarrica,MODIS,1.998,2.24,1,baja,2026-10-05T18:06:10,mirova-archivo,1
2001-10-17T04:10:00,357120,Villarrica,MODIS,1.7,1.41,1,baja,2026-10-05T18:06:10,mirova-archivo,1
2001-10-21T03:45:00,357120,Villarrica,MODIS,12.21,1.41,1,moderada,2026-10-05T18:06:10,mirova-archivo,1
2001-10-30T03:40:00,357120,Villarrica,MODIS,2.943,2.24,1,baja,2026-10-05T18:06:10,mirova-archivo,1
2001-11-01T03:25:00,357120,Villarrica,MODIS,5385,26.00,0,no volcanica,2026-10-05T18:06:10,mirova-archivo,0
2001-11-02T04:10:00,357120,Villarrica,MODIS,0.3397,1.00,1,muy baja,2026-10-05T18:06:10,mirova-archivo,1
2001-11-04T03:55:00,357120,Villarrica,MODIS,7.857,1.41,1,baja,2026-10-05T18:06:10,mirova-archivo,1
2001-11-08T03:30:00,357120,Villarrica,MODIS,0.7915,1.41,1,muy baja,2026-10-05T18:06:10,mirova-archivo,1
2001-11-09T04:15:00,357120,Villarrica,MODIS,1.23,1.00,1,baja,2026-10-05T18:06:10,mirova-archivo,1
2001-11-18T04:10:00,357120,Villarrica,MODIS,1.287,1.00,1,baja,2026-10-05T18:06:10,mirova-archivo,1
2001-11-27T04:00:00,357120,Villarrica,MODIS,6.169,1.41,1,baja,2026-10-05T18:06:10,mirova-archivo,1
2001-11-29T03:50:00,357120,Villarrica,MODIS,12.36,1.41,1,moderada,2026-10-05T18:06:10,mirova-archivo,1
2001-12-03T03:25:00,357120,Villarrica,MODIS,3.527,2.24,1,baja,2026-10-05T18:06:10,mirova-archivo,1
2001-12-04T04:10:00,357120,Villarrica,MODIS,0.5612,1.41,1,muy baja,2026-10-05T18:06:10,mirova-archivo,1
2001-12-06T03:55:00,357120,Villarrica,MODIS,1.943,1.00,1,baja,2026-10-05T18:06:10,mirova-archivo,1
2001-12-08T03:45:00,357120,Villarrica,MODIS,6.587,1.41,1,baja,2026-10-05T18:06:10,mirova-archivo,1
2001-12-13T04:00:00,357120,Villarrica,MODIS,2.552,1.41,1,baja,2026-10-05T18:06:10,mirova-archivo,1
2001-12-15T03:50:00,357120,Villarrica,MODIS,5.977,1.41,1,baja,2026-10-05T18:06:10,mirova-archivo,1
2001-12-17T03:35:00,357120,Villarrica,MODIS,1.276,1.00,1,baja,2026-10-05T18:06:10,mirova-archivo,1
2001-12-22T03:55:00,357120,Villarrica,MODIS,8.274,1.41,1,baja,2026-10-05T18:06:10,mirova-archivo,1
2001-12-24T03:45:00,357120,Villarrica,MODIS,3.841,1.41,1,baja,2026-10-05T18:06:10,mirova-archivo,1
2001-12-26T03:30:00,357120,Villarrica,MODIS,1.248,1.41,1,baja,2026-10-05T18:06:10,mirova-archivo,1
2001-12-27T04:15:00,357120,Villarrica,MODIS,3.581e+04,26.00,0,no volcanica,2026-10-05T18:06:10,mirova-archivo,0
2001-12-29T04:00:00,357120,Villarrica,MODIS,6.304,1.41,1,baja,2026-10-05T18:06:10,mirova-archivo,1
2001-12-31T03:50:00,357120,Villarrica,MODIS,4.975,1.00,1,baja,2026-10-05T18:06:10,mirova-archivo,1
2002-01-02T03:35:00,357120,Villarrica,MODIS,8.99,2.24,1,baja,2026-10-05T18:06:10,mirova-archivo,1
2002-01-05T04:05:00,357120,Villarrica,MODIS,15.53,2.00,1,moderada,2026-10-05T18:06:10,mirova-archivo,1
2002-01-07T03:55:00,357120,Villarrica,MODIS,1.958,1.41,1,baja,2026-10-05T18:06:10,mirova-archivo,1
2002-01-14T04:00:00,357120,Villarrica,MODIS,1.409,1.41,1,baja,2026-10-05T18:06:10,mirova-archivo,1
2002-01-16T03:50:00,357120,Villarrica,MODIS,13.22,1.41,1,moderada,2026-10-05T18:06:10,mirova-archivo,1
2002-01-18T03:35:00,357120,Villarrica,MODIS,3.096,1.41,1,baja,2026-10-05T18:06:10,mirova-archivo,1
2002-01-21T04:05:00,357120,Villarrica,MODIS,0.3349,1.41,1,muy baja,2026-10-05T18:06:10,mirova-archivo,1
2002-01-23T03:55:00,357120,Villarrica,MODIS,3.588,1.41,1,baja,2026-10-05T18:06:10,mirova-archivo,1
2002-01-27T03:30:00,357120,Villarrica,MODIS,0.5345,1.41,1,muy baja,2026-10-05T18:06:10,mirova-archivo,1
2002-02-01T03:50:00,357120,Villarrica,MODIS,7.523,1.41,1,baja,2026-10-05T18:06:10,mirova-archivo,1
2002-02-03T03:35:00,357120,Villarrica,MODIS,0.8117,1.41,1,muy baja,2026-10-05T18:06:10,mirova-archivo,1
2002-02-10T03:40:00,357120,Villarrica,MODIS,1.567,1.00,1,baja,2026-10-05T18:06:10,mirova-archivo,1
2002-02-15T04:00:00,357120,Villarrica,MODIS,1.998,1.00,1,baja,2026-10-05T18:06:10,mirova-archivo,1
2002-02-24T03:55:00,357120,Villarrica,MODIS,2.361,1.41,1,baja,2026-10-05T18:06:10,mirova-archivo,1
2002-03-05T03:45:00,357120,Villarrica,MODIS,3.703,1.41,1,baja,2026-10-05T18:06:10,mirova-archivo,1
2002-05-01T03:40:00,357120,Villarrica,MODIS,1.537,1.41,1,baja,2026-10-05T18:06:10,mirova-archivo,1
2002-05-08T03:45:00,357120,Villarrica,MODIS,0.5886,1.00,1,muy baja,2026-10-05T18:06:10,mirova-archivo,1
2002-06-25T03:45:00,357120,Villarrica,MODIS,0.7567,1.41,1,muy baja,2026-10-05T18:06:10,mirova-archivo,1
2002-07-02T03:55:00,357120,Villarrica,MODIS,0.4204,1.00,1,muy baja,2026-10-05T18:06:10,mirova-archivo,1
2002-07-04T03:40:00,357120,Villarrica,MODIS,3.306,1.41,1,baja,2026-10-05T18:06:10,mirova-archivo,1
2002-07-05T06:00:00,357120,Villarrica,MODIS,0.7013,1.00,1,muy baja,2026-10-05T18:06:10,mirova-archivo,1
2002-07-07T05:50:00,357120,Villarrica,MODIS,2.535,1.00,1,baja,2026-10-05T18:06:10,mirova-archivo,1
2002-08-25T03:15:00,357120,Villarrica,MODIS,7.004e+04,19.11,0,no volcanica,2026-10-05T18:06:10,mirova-archivo,0
2002-08-31T05:55:00,357120,Villarrica,MODIS,0.6392,0.00,1,muy baja,2026-10-05T18:06:10,mirova-archivo,1
2002-09-02T05:40:00,357120,Villarrica,MODIS,0.5812,0.00,1,muy baja,2026-10-05T18:06:10,mirova-archivo,1
2002-09-04T03:55:00,357120,Villarrica,MODIS,2.145e+04,26.00,0,no volcanica,2026-10-05T18:06:10,mirova-archivo,0
2002-09-09T05:50:00,357120,Villarrica,MODIS,1.005,1.41,1,baja,2026-10-05T18:06:10,mirova-archivo,1
2002-09-25T05:50:00,357120,Villarrica,MODIS,4.803,1.00,1,baja,2026-10-05T18:06:10,mirova-archivo,1
2002-09-29T03:45:00,357120,Villarrica,MODIS,0.8329,1.41,1,muy baja,2026-10-05T18:06:10,mirova-archivo,1
2002-10-17T03:35:00,357120,Villarrica,MODIS,0.6996,1.41,1,muy baja,2026-10-05T18:06:10,mirova-archivo,1
2002-10-22T03:55:00,357120,Villarrica,MODIS,3.079,1.41,1,baja,2026-10-05T18:06:10,mirova-archivo,1
2002-10-29T04:00:00,357120,Villarrica,MODIS,0.7832,1.00,1,muy baja,2026-10-05T18:06:10,mirova-archivo,1
2002-10-31T03:45:00,357120,Villarrica,MODIS,6.092,1.41,1,baja,2026-10-05T18:06:10,mirova-archivo,1
2002-11-05T05:40:00,357120,Villarrica,MODIS,0.2961,0.00,1,muy baja,2026-10-05T18:06:10,mirova-archivo,1
2002-11-10T06:00:00,357120,Villarrica,MODIS,4.147,1.00,1,baja,2026-10-05T18:06:10,mirova-archivo,1
2002-11-16T03:45:00,357120,Villarrica,MODIS,1.395,1.41,1,baja,2026-10-05T18:06:10,mirova-archivo,1
2002-11-21T05:40:00,357120,Villarrica,MODIS,6.418,1.00,1,baja,2026-10-05T18:06:10,mirova-archivo,1
2002-11-23T03:55:00,357120,Villarrica,MODIS,0.8072,1.00,1,muy baja,2026-10-05T18:06:10,mirova-archivo,1
2002-11-25T03:40:00,357120,Villarrica,MODIS,3.298,1.41,1,baja,2026-10-05T18:06:10,mirova-archivo,1
2002-11-28T05:45:00,357120,Villarrica,MODIS,6.809,1.41,1,baja,2026-10-05T18:06:10,mirova-archivo,1
2002-12-02T03:45:00,357120,Villarrica,MODIS,8.154,1.41,1,baja,2026-10-05T18:06:10,mirova-archivo,1
2002-12-03T06:05:00,357120,Villarrica,MODIS,1.835,1.41,1,baja,2026-10-05T18:06:10,mirova-archivo,1
2002-12-09T03:55:00,357120,Villarrica,MODIS,3.501,1.41,1,baja,2026-10-05T18:06:10,mirova-archivo,1
2002-12-11T03:40:00,357120,Villarrica,MODIS,6.407,1.41,1,baja,2026-10-05T18:06:10,mirova-archivo,1
2002-12-12T06:00:00,357120,Villarrica,MODIS,4.981,1.00,1,baja,2026-10-05T18:06:10,mirova-archivo,1
2002-12-14T05:45:00,357120,Villarrica,MODIS,7.404,1.41,1,baja,2026-10-05T18:06:10,mirova-archivo,1
2002-12-30T05:45:00,357120,Villarrica,MODIS,0.6787,1.00,1,muy baja,2026-10-05T18:06:10,mirova-archivo,1
2003-01-03T03:45:00,357120,Villarrica,MODIS,1.556,1.41,1,baja,2026-10-05T18:06:10,mirova-archivo,1
2003-01-06T05:55:00,357120,Villarrica,MODIS,2.348,0.00,1,baja,2026-10-05T18:06:10,mirova-archivo,1
2003-01-22T05:55:00,357120,Villarrica,MODIS,1.769,1.00,1,baja,2026-10-05T18:06:10,mirova-archivo,1
2003-01-31T05:45:00,357120,Villarrica,MODIS,1.411,0.00,1,baja,2026-10-05T18:06:10,mirova-archivo,1
2003-02-04T03:45:00,357120,Villarrica,MODIS,2.298,1.00,1,baja,2026-10-05T18:06:10,mirova-archivo,1
2003-02-07T05:55:00,357120,Villarrica,MODIS,4.843,1.00,1,baja,2026-10-05T18:06:10,mirova-archivo,1
2003-02-11T03:55:00,357120,Villarrica,MODIS,6.296,1.41,1,baja,2026-10-05T18:06:10,mirova-archivo,1
2003-02-13T03:40:00,357120,Villarrica,MODIS,0.8892,1.00,1,muy baja,2026-10-05T18:06:10,mirova-archivo,1
2003-02-14T06:00:00,357120,Villarrica,MODIS,0.7048,1.00,1,muy baja,2026-10-05T18:06:10,mirova-archivo,1
2003-02-16T05:45:00,357120,Villarrica,MODIS,1.401,1.00,1,baja,2026-10-05T18:06:10,mirova-archivo,1
2003-02-20T03:45:00,357120,Villarrica,MODIS,1.67,1.41,1,baja,2026-10-05T18:06:10,mirova-archivo,1
2003-02-22T03:35:00,357120,Villarrica,MODIS,2.095e+04,20.62,0,no volcanica,2026-10-05T18:06:10,mirova-archivo,0
2003-02-23T05:55:00,357120,Villarrica,MODIS,1.659,1.00,1,baja,2026-10-05T18:06:10,mirova-archivo,1
2003-03-04T05:45:00,357120,Villarrica,MODIS,0.8276,0.00,1,muy baja,2026-10-05T18:06:10,mirova-archivo,1
2003-03-08T03:45:00,357120,Villarrica,MODIS,0.2486,1.41,1,muy baja,2026-10-05T18:06:10,mirova-archivo,1
2003-03-11T05:55:00,357120,Villarrica,MODIS,0.4675,0.00,1,muy baja,2026-10-05T18:06:10,mirova-archivo,1
2003-03-17T03:40:00,357120,Villarrica,MODIS,0.7975,1.00,1,muy baja,2026-10-05T18:06:10,mirova-archivo,1
2003-03-20T05:45:00,357120,Villarrica,MODIS,0.9054,1.00,1,muy baja,2026-10-05T18:06:10,mirova-archivo,1
2003-03-21T03:15:00,357120,Villarrica,MODIS,3.424e+04,19.21,0,no volcanica,2026-10-05T18:06:10,mirova-archivo,0
2003-03-23T03:05:00,357120,Villarrica,MODIS,17.83,10.00,0,no volcanica,2026-10-05T18:06:10,mirova-archivo,0
2003-03-23T06:15:00,357120,Villarrica,MODIS,20.83,9.22,0,no volcanica,2026-10-05T18:06:10,mirova-archivo,0
2003-04-02T03:40:00,357120,Villarrica,MODIS,0.9072,1.41,1,muy baja,2026-10-05T18:06:10,mirova-archivo,1
2003-04-09T03:45:00,357120,Villarrica,MODIS,2.44,1.41,1,baja,2026-10-05T18:06:10,mirova-archivo,1
2003-04-12T05:55:00,357120,Villarrica,MODIS,0.5154,0.00,1,muy baja,2026-10-05T18:06:10,mirova-archivo,1
2003-04-16T03:50:00,357120,Villarrica,MODIS,9897,24.19,0,no volcanica,2026-10-05T18:06:10,mirova-archivo,0
2003-04-25T03:45:00,357120,Villarrica,MODIS,1.248,1.00,1,baja,2026-10-05T18:06:10,mirova-archivo,1
2003-05-02T03:50:00,357120,Villarrica,MODIS,2.98,1.41,1,baja,2026-10-05T18:06:10,mirova-archivo,1
2003-05-07T05:45:00,357120,Villarrica,MODIS,6.796,1.00,1,baja,2026-10-05T18:06:10,mirova-archivo,1
2003-05-11T03:45:00,357120,Villarrica,MODIS,3.854,1.41,1,baja,2026-10-05T18:06:10,mirova-archivo,1
2003-05-12T06:05:00,357120,Villarrica,MODIS,1.094,1.00,1,baja,2026-10-05T18:06:10,mirova-archivo,1
2003-05-16T05:40:00,357120,Villarrica,MODIS,0.8826,1.00,1,muy baja,2026-10-05T18:06:10,mirova-archivo,1
2003-05-18T03:50:00,357120,Villarrica,MODIS,5.362,1.41,1,baja,2026-10-05T18:06:10,mirova-archivo,1
2003-05-20T03:40:00,357120,Villarrica,MODIS,0.367,1.41,1,muy baja,2026-10-05T18:06:10,mirova-archivo,1
2003-05-23T05:45:00,357120,Villarrica,MODIS,15.81,1.41,1,moderada,2026-10-05T18:06:10,mirova-archivo,1
2003-06-08T05:45:00,357120,Villarrica,MODIS,0.5339,0.00,1,muy baja,2026-10-05T18:06:10,mirova-archivo,1
2003-07-10T05:45:00,357120,Villarrica,MODIS,19.18,1.41,1,moderada,2026-10-05T18:06:10,mirova-archivo,1
2003-07-16T03:35:00,357120,Villarrica,MODIS,0.3217,1.41,1,muy baja,2026-10-05T18:06:10,mirova-archivo,1
2003-07-17T05:55:00,357120,Villarrica,MODIS,8.748,1.00,1,baja,2026-10-05T18:06:10,mirova-archivo,1
2003-07-26T05:45:00,357120,Villarrica,MODIS,4.344,1.00,1,baja,2026-10-05T18:06:10,mirova-archivo,1
2003-07-30T03:45:00,357120,Villarrica,MODIS,7.878,1.41,1,baja,2026-10-05T18:06:10,mirova-archivo,1
2003-07-31T04:30:00,357120,Villarrica,MODIS,0.2899,2.00,0,no volcanica,2026-10-05T18:06:10,mirova-archivo,0
2003-07-31T06:05:00,357120,Villarrica,MODIS,2.24,1.41,1,baja,2026-10-05T18:06:10,mirova-archivo,1
2003-08-02T05:50:00,357120,Villarrica,MODIS,13.64,1.41,1,moderada,2026-10-05T18:06:10,mirova-archivo,1
2003-08-06T03:50:00,357120,Villarrica,MODIS,17.91,1.41,1,moderada,2026-10-05T18:06:10,mirova-archivo,1
2003-08-09T06:00:00,357120,Villarrica,MODIS,13.94,1.41,1,moderada,2026-10-05T18:06:10,mirova-archivo,1
2003-08-10T03:25:00,357120,Villarrica,MODIS,0.6246,1.00,1,muy baja,2026-10-05T18:06:10,mirova-archivo,1
2003-08-11T04:10:00,357120,Villarrica,MODIS,0.4261,1.41,1,muy baja,2026-10-05T18:06:10,mirova-archivo,1
2003-08-11T05:45:00,357120,Villarrica,MODIS,8.404,1.00,1,baja,2026-10-05T18:06:10,mirova-archivo,1
2003-08-13T03:55:00,357120,Villarrica,MODIS,2.409,1.41,1,baja,2026-10-05T18:06:10,mirova-archivo,1
2003-08-13T05:35:00,357120,Villarrica,MODIS,1.378,1.00,1,baja,2026-10-05T18:06:10,mirova-archivo,1
2003-08-22T03:50:00,357120,Villarrica,MODIS,9.909,2.24,1,baja,2026-10-05T18:06:10,mirova-archivo,1
2003-08-23T06:10:00,357120,Villarrica,MODIS,4.515,1.41,1,baja,2026-10-05T18:06:10,mirova-archivo,1
2003-08-25T06:00:00,357120,Villarrica,MODIS,18.65,1.41,1,moderada,2026-10-05T18:06:10,mirova-archivo,1
2003-08-26T03:25:00,357120,Villarrica,MODIS,6.214,2.24,1,baja,2026-10-05T18:06:10,mirova-archivo,1
2003-08-27T04:10:00,357120,Villarrica,MODIS,2.566,1.41,1,baja,2026-10-05T18:06:10,mirova-archivo,1
2003-08-27T05:45:00,357120,Villarrica,MODIS,24.55,1.41,1,moderada,2026-10-05T18:06:10,mirova-archivo,1
2003-08-29T03:55:00,357120,Villarrica,MODIS,4.563,1.41,1,baja,2026-10-05T18:06:10,mirova-archivo,1
2003-08-29T05:35:00,357120,Villarrica,MODIS,5.157,1.00,1,baja,2026-10-05T18:06:10,mirova-archivo,1
2003-09-01T06:05:00,357120,Villarrica,MODIS,6.571,1.41,1,baja,2026-10-05T18:06:10,mirova-archivo,1
2003-09-02T03:35:00,357120,Villarrica,MODIS,8.53,2.24,1,baja,2026-10-05T18:06:10,mirova-archivo,1
2003-09-08T06:10:00,357120,Villarrica,MODIS,5.159,1.41,1,baja,2026-10-05T18:06:10,mirova-archivo,1
2003-09-09T03:40:00,357120,Villarrica,MODIS,7.803,1.41,1,baja,2026-10-05T18:06:10,mirova-archivo,1
2003-09-14T03:55:00,357120,Villarrica,MODIS,0.6498,1.00,1,muy baja,2026-10-05T18:06:10,mirova-archivo,1
2003-09-15T06:15:00,357120,Villarrica,MODIS,6.904,2.24,1,baja,2026-10-05T18:06:10,mirova-archivo,1
2003-09-16T03:45:00,357120,Villarrica,MODIS,14.95,1.41,1,moderada,2026-10-05T18:06:10,mirova-archivo,1
2003-09-24T06:10:00,357120,Villarrica,MODIS,0.9397,1.41,1,muy baja,2026-10-05T18:06:10,mirova-archivo,1
2003-09-25T03:40:00,357120,Villarrica,MODIS,2.928,1.41,1,baja,2026-10-05T18:06:10,mirova-archivo,1
2003-09-26T06:00:00,357120,Villarrica,MODIS,1.866,1.00,1,baja,2026-10-05T18:06:10,mirova-archivo,1
2003-09-28T05:45:00,357120,Villarrica,MODIS,13.54,1.41,1,moderada,2026-10-05T18:06:10,mirova-archivo,1
2003-09-30T05:35:00,357120,Villarrica,MODIS,0.2381,0.00,1,muy baja,2026-10-05T18:06:10,mirova-archivo,1
2003-10-02T03:45:00,357120,Villarrica,MODIS,23.17,1.41,1,moderada,2026-10-05T18:06:10,mirova-archivo,1
2003-10-03T06:05:00,357120,Villarrica,MODIS,3.746,1.00,1,baja,2026-10-05T18:06:10,mirova-archivo,1
2003-10-04T03:35:00,357120,Villarrica,MODIS,2.947,1.41,1,baja,2026-10-05T18:06:10,mirova-archivo,1
2003-10-05T05:55:00,357120,Villarrica,MODIS,0.4887,0.00,1,muy baja,2026-10-05T18:06:10,mirova-archivo,1
2003-10-10T06:10:00,357120,Villarrica,MODIS,2.83,2.24,1,baja,2026-10-05T18:06:10,mirova-archivo,1
2003-10-11T03:40:00,357120,Villarrica,MODIS,8.09,1.41,1,baja,2026-10-05T18:06:10,mirova-archivo,1
2003-10-12T06:00:00,357120,Villarrica,MODIS,15.84,1.41,1,moderada,2026-10-05T18:06:10,mirova-archivo,1
2003-10-13T03:25:00,357120,Villarrica,MODIS,0.5627,0.00,1,muy baja,2026-10-05T18:06:10,mirova-archivo,1
2003-10-14T04:10:00,357120,Villarrica,MODIS,1.538,1.41,1,baja,2026-10-05T18:06:10,mirova-archivo,1
2003-10-14T05:45:00,357120,Villarrica,MODIS,23.19,1.41,1,moderada,2026-10-05T18:06:10,mirova-archivo,1
2003-10-16T04:00:00,357120,Villarrica,MODIS,2.986,1.00,1,baja,2026-10-05T18:06:10,mirova-archivo,1
2003-10-19T06:05:00,357120,Villarrica,MODIS,1.746,1.41,1,baja,2026-10-05T18:06:10,mirova-archivo,1
2003-10-24T06:25:00,357120,Villarrica,MODIS,1.175,1.41,1,baja,2026-10-05T18:06:10,mirova-archivo,1
2003-10-27T03:40:00,357120,Villarrica,MODIS,22.36,2.24,1,moderada,2026-10-05T18:06:10,mirova-archivo,1
2003-10-28T04:20:00,357120,Villarrica,MODIS,0.7967,2.24,1,muy baja,2026-10-05T18:06:10,mirova-archivo,1
2003-10-28T06:00:00,357120,Villarrica,MODIS,4.629,1.41,1,baja,2026-10-05T18:06:10,mirova-archivo,1
2003-10-29T03:25:00,357120,Villarrica,MODIS,0.5364,1.00,1,muy baja,2026-10-05T18:06:10,mirova-archivo,1
2003-10-30T05:45:00,357120,Villarrica,MODIS,25.68,1.41,1,moderada,2026-10-05T18:06:10,mirova-archivo,1
2003-10-31T03:15:00,357120,Villarrica,MODIS,0.3297,1.00,1,muy baja,2026-10-05T18:06:10,mirova-archivo,1
2003-11-01T04:00:00,357120,Villarrica,MODIS,12.91,2.24,1,moderada,2026-10-05T18:06:10,mirova-archivo,1
2003-11-01T05:35:00,357120,Villarrica,MODIS,3.526,1.00,1,baja,2026-10-05T18:06:10,mirova-archivo,1
2003-11-03T03:45:00,357120,Villarrica,MODIS,21.29,2.24,1,moderada,2026-10-05T18:06:10,mirova-archivo,1
2003-11-04T06:05:00,357120,Villarrica,MODIS,0.5454,1.00,1,muy baja,2026-10-05T18:06:10,mirova-archivo,1
2003-11-10T03:50:00,357120,Villarrica,MODIS,0.4567,1.41,1,muy baja,2026-10-05T18:06:10,mirova-archivo,1
2003-11-13T06:00:00,357120,Villarrica,MODIS,3.442,1.00,1,baja,2026-10-05T18:06:10,mirova-archivo,1
2003-11-22T05:55:00,357120,Villarrica,MODIS,18.26,1.00,1,moderada,2026-10-05T18:06:10,mirova-archivo,1
2003-11-26T03:55:00,357120,Villarrica,MODIS,0.2891,1.00,1,muy baja,2026-10-05T18:06:10,mirova-archivo,1
2003-11-28T03:40:00,357120,Villarrica,MODIS,10.85,1.41,1,moderada,2026-10-05T18:06:10,mirova-archivo,1
2003-12-07T03:35:00,357120,Villarrica,MODIS,1.391,1.41,1,baja,2026-10-05T18:06:10,mirova-archivo,1
2003-12-12T03:55:00,357120,Villarrica,MODIS,0.4064,1.41,1,muy baja,2026-10-05T18:06:10,mirova-archivo,1
2003-12-24T05:55:00,357120,Villarrica,MODIS,0.9065,0.00,1,muy baja,2026-10-05T18:06:10,mirova-archivo,1
2003-12-31T06:00:00,357120,Villarrica,MODIS,0.4529,0.00,1,muy baja,2026-10-05T18:06:10,mirova-archivo,1
2004-01-06T03:45:00,357120,Villarrica,MODIS,0.3193,1.41,1,muy baja,2026-10-05T18:06:10,mirova-archivo,1
2004-01-16T06:00:00,357120,Villarrica,MODIS,0.5613,0.00,1,muy baja,2026-10-05T18:06:10,mirova-archivo,1
2004-01-30T06:10:00,357120,Villarrica,MODIS,3.838,1.41,1,baja,2026-10-05T18:06:10,mirova-archivo,1
2004-01-31T03:40:00,357120,Villarrica,MODIS,37.48,1.41,1,moderada,2026-10-05T18:06:10,mirova-archivo,1
2004-02-01T06:00:00,357120,Villarrica,MODIS,40.78,1.41,1,moderada,2026-10-05T18:06:10,mirova-archivo,1
2004-02-02T03:30:00,357120,Villarrica,MODIS,20.15,2.24,1,moderada,2026-10-05T18:06:10,mirova-archivo,1
2004-02-03T04:10:00,357120,Villarrica,MODIS,1.567,1.41,1,baja,2026-10-05T18:06:10,mirova-archivo,1
2004-02-03T05:45:00,357120,Villarrica,MODIS,32.13,1.00,1,moderada,2026-10-05T18:06:10,mirova-archivo,1
2004-02-05T04:00:00,357120,Villarrica,MODIS,1.995,1.41,1,baja,2026-10-05T18:06:10,mirova-archivo,1
2004-02-07T03:45:00,357120,Villarrica,MODIS,29.81,1.41,1,moderada,2026-10-05T18:06:10,mirova-archivo,1
2004-02-09T03:35:00,357120,Villarrica,MODIS,7.661,1.41,1,baja,2026-10-05T18:06:10,mirova-archivo,1
2004-02-10T05:55:00,357120,Villarrica,MODIS,34.36,1.41,1,moderada,2026-10-05T18:06:10,mirova-archivo,1
2004-02-12T05:40:00,357120,Villarrica,MODIS,8.413,1.00,1,baja,2026-10-05T18:06:10,mirova-archivo,1
2004-02-14T03:55:00,357120,Villarrica,MODIS,29.48,1.41,1,moderada,2026-10-05T18:06:10,mirova-archivo,1
2004-02-15T06:10:00,357120,Villarrica,MODIS,1.43,1.00,1,baja,2026-10-05T18:06:10,mirova-archivo,1
2004-02-17T06:00:00,357120,Villarrica,MODIS,3.05,1.00,1,baja,2026-10-05T18:06:10,mirova-archivo,1
2004-02-19T05:45:00,357120,Villarrica,MODIS,6.652,1.00,1,baja,2026-10-05T18:06:10,mirova-archivo,1
2004-02-25T03:35:00,357120,Villarrica,MODIS,0.7007,1.41,1,muy baja,2026-10-05T18:06:10,mirova-archivo,1
2004-02-26T05:55:00,357120,Villarrica,MODIS,3.525,1.00,1,baja,2026-10-05T18:06:10,mirova-archivo,1
2004-03-04T06:00:00,357120,Villarrica,MODIS,2.603,1.00,1,baja,2026-10-05T18:06:10,mirova-archivo,1
2004-03-10T03:45:00,357120,Villarrica,MODIS,6.805,1.00,1,baja,2026-10-05T18:06:10,mirova-archivo,1
2004-03-13T05:55:00,357120,Villarrica,MODIS,2.404,1.41,1,baja,2026-10-05T18:06:10,mirova-archivo,1
2004-03-14T03:20:00,357120,Villarrica,MODIS,2.84e+04,27.46,0,no volcanica,2026-10-05T18:06:10,mirova-archivo,0
2004-03-19T03:40:00,357120,Villarrica,MODIS,1.921e+04,22.47,0,no volcanica,2026-10-05T18:06:10,mirova-archivo,0
2004-03-20T06:00:00,357120,Villarrica,MODIS,1.189,0.00,1,baja,2026-10-05T18:06:10,mirova-archivo,1
2004-03-26T03:45:00,357120,Villarrica,MODIS,10.13,1.41,1,moderada,2026-10-05T18:06:10,mirova-archivo,1
2004-04-30T05:55:00,357120,Villarrica,MODIS,1.185,0.00,1,baja,2026-10-05T18:06:10,mirova-archivo,1
2004-05-04T03:50:00,357120,Villarrica,MODIS,0.1927,1.00,1,muy baja,2026-10-05T18:06:10,mirova-archivo,1
2004-05-06T03:40:00,357120,Villarrica,MODIS,0.4579,1.00,1,muy baja,2026-10-05T18:06:10,mirova-archivo,1
2004-05-08T03:30:00,357120,Villarrica,MODIS,0.4492,1.41,1,muy baja,2026-10-05T18:06:10,mirova-archivo,1
2004-05-23T06:00:00,357120,Villarrica,MODIS,0.84,0.00,1,muy baja,2026-10-05T18:06:10,mirova-archivo,1
2004-08-11T06:00:00,357120,Villarrica,MODIS,5.788,1.41,1,baja,2026-10-05T18:06:10,mirova-archivo,1
2004-08-20T05:55:00,357120,Villarrica,MODIS,3.785,1.00,1,baja,2026-10-05T18:06:10,mirova-archivo,1
2004-09-02T03:45:00,357120,Villarrica,MODIS,3.305,1.41,1,baja,2026-10-05T18:06:10,mirova-archivo,1
2004-09-09T03:50:00,357120,Villarrica,MODIS,0.3726,1.41,1,muy baja,2026-10-05T18:06:10,mirova-archivo,1
2004-09-11T03:40:00,357120,Villarrica,MODIS,1.056,1.41,1,baja,2026-10-05T18:06:10,mirova-archivo,1
2004-09-12T06:00:00,357120,Villarrica,MODIS,1.559,1.00,1,baja,2026-10-05T18:06:10,mirova-archivo,1
2004-10-13T03:40:00,357120,Villarrica,MODIS,0.9938,1.41,1,muy baja,2026-10-05T18:06:10,mirova-archivo,1
2004-10-20T03:45:00,357120,Villarrica,MODIS,2.274,1.41,1,baja,2026-10-05T18:06:10,mirova-archivo,1
2004-10-30T06:00:00,357120,Villarrica,MODIS,0.5375,0.00,1,muy baja,2026-10-05T18:06:10,mirova-archivo,1
2004-11-04T06:20:00,357120,Villarrica,MODIS,0.7937,1.00,1,muy baja,2026-10-05T18:06:10,mirova-archivo,1
2004-11-05T03:45:00,357120,Villarrica,MODIS,25.86,1.41,1,moderada,2026-10-05T18:06:10,mirova-archivo,1
2004-11-06T06:05:00,357120,Villarrica,MODIS,29.71,1.41,1,moderada,2026-10-05T18:06:10,mirova-archivo,1
2004-11-09T03:20:00,357120,Villarrica,MODIS,1.456,1.41,1,baja,2026-10-05T18:06:10,mirova-archivo,1
2004-11-10T05:40:00,357120,Villarrica,MODIS,4.028,1.41,1,baja,2026-10-05T18:06:10,mirova-archivo,1
2004-11-16T03:25:00,357120,Villarrica,MODIS,23.92,2.24,1,moderada,2026-10-05T18:06:10,mirova-archivo,1
2004-11-17T04:10:00,357120,Villarrica,MODIS,1.202,1.41,1,baja,2026-10-05T18:06:10,mirova-archivo,1
2004-11-17T05:45:00,357120,Villarrica,MODIS,29.04,1.41,1,moderada,2026-10-05T18:06:10,mirova-archivo,1
2004-11-19T03:55:00,357120,Villarrica,MODIS,12.81,2.24,1,moderada,2026-10-05T18:06:10,mirova-archivo,1
2004-11-19T05:35:00,357120,Villarrica,MODIS,6.753,2.00,1,baja,2026-10-05T18:06:10,mirova-archivo,1
2004-11-21T03:45:00,357120,Villarrica,MODIS,0.8996,1.00,1,muy baja,2026-10-05T18:06:10,mirova-archivo,1
2004-11-22T06:05:00,357120,Villarrica,MODIS,15.7,2.00,1,moderada,2026-10-05T18:06:10,mirova-archivo,1
2004-11-24T05:55:00,357120,Villarrica,MODIS,46.84,1.41,1,moderada,2026-10-05T18:06:10,mirova-archivo,1
2004-11-26T04:05:00,357120,Villarrica,MODIS,9.562,1.41,1,baja,2026-10-05T18:06:10,mirova-archivo,1
2004-11-26T05:40:00,357120,Villarrica,MODIS,9.641,1.41,1,baja,2026-10-05T18:06:10,mirova-archivo,1
2004-11-28T03:50:00,357120,Villarrica,MODIS,11.62,1.41,1,moderada,2026-10-05T18:06:10,mirova-archivo,1
2004-11-29T06:10:00,357120,Villarrica,MODIS,15.58,2.00,1,moderada,2026-10-05T18:06:10,mirova-archivo,1
2004-12-05T03:55:00,357120,Villarrica,MODIS,23.68,1.41,1,moderada,2026-10-05T18:06:10,mirova-archivo,1
2004-12-05T05:35:00,357120,Villarrica,MODIS,11.07,1.41,1,moderada,2026-10-05T18:06:10,mirova-archivo,1
2004-12-06T06:20:00,357120,Villarrica,MODIS,11.06,2.00,1,moderada,2026-10-05T18:06:10,mirova-archivo,1
2004-12-08T06:05:00,357120,Villarrica,MODIS,55.67,1.41,1,moderada,2026-10-05T18:06:10,mirova-archivo,1
2004-12-09T03:30:00,357120,Villarrica,MODIS,33.17,1.41,1,moderada,2026-10-05T18:06:10,mirova-archivo,1
2004-12-10T04:15:00,357120,Villarrica,MODIS,0.462,1.00,1,muy baja,2026-10-05T18:06:10,mirova-archivo,1
2004-12-11T03:20:00,357120,Villarrica,MODIS,6.54,2.24,1,baja,2026-10-05T18:06:10,mirova-archivo,1
2004-12-13T06:25:00,357120,Villarrica,MODIS,8.086,2.24,1,baja,2026-10-05T18:06:10,mirova-archivo,1
2004-12-14T03:50:00,357120,Villarrica,MODIS,23.79,1.41,1,moderada,2026-10-05T18:06:10,mirova-archivo,1
2004-12-14T05:30:00,357120,Villarrica,MODIS,11.21,1.00,1,moderada,2026-10-05T18:06:10,mirova-archivo,1
2004-12-19T04:10:00,357120,Villarrica,MODIS,95.29,2.24,1,moderada,2026-10-05T18:06:10,mirova-archivo,1
2004-12-19T05:45:00,357120,Villarrica,MODIS,46.8,1.41,1,moderada,2026-10-05T18:06:10,mirova-archivo,1
2004-12-20T03:15:00,357120,Villarrica,MODIS,3.519e+04,20.10,0,no volcanica,2026-10-05T18:06:10,mirova-archivo,0
2004-12-20T06:30:00,357120,Villarrica,MODIS,3.644,2.24,1,baja,2026-10-05T18:06:10,mirova-archivo,1
2004-12-21T03:55:00,357120,Villarrica,MODIS,35.49,2.24,1,moderada,2026-10-05T18:06:10,mirova-archivo,1
2004-12-21T05:35:00,357120,Villarrica,MODIS,10.07,2.00,1,moderada,2026-10-05T18:06:10,mirova-archivo,1
2004-12-22T06:20:00,357120,Villarrica,MODIS,2.426,2.24,1,baja,2026-10-05T18:06:10,mirova-archivo,1
2004-12-23T05:25:00,357120,Villarrica,MODIS,4.508,1.41,1,baja,2026-10-05T18:06:10,mirova-archivo,1
2004-12-25T03:35:00,357120,Villarrica,MODIS,2.189,1.41,1,baja,2026-10-05T18:06:10,mirova-archivo,1
2004-12-26T04:15:00,357120,Villarrica,MODIS,5.358,2.24,1,baja,2026-10-05T18:06:10,mirova-archivo,1
2004-12-26T05:55:00,357120,Villarrica,MODIS,7.353,1.00,1,baja,2026-10-05T18:06:10,mirova-archivo,1
2004-12-27T03:20:00,357120,Villarrica,MODIS,3.92,2.24,1,baja,2026-10-05T18:06:10,mirova-archivo,1
2004-12-28T04:05:00,357120,Villarrica,MODIS,5.041,1.41,1,baja,2026-10-05T18:06:10,mirova-archivo,1
2004-12-28T05:40:00,357120,Villarrica,MODIS,2.066,1.00,1,baja,2026-10-05T18:06:10,mirova-archivo,1
2004-12-31T06:10:00,357120,Villarrica,MODIS,31.71,2.00,1,moderada,2026-10-05T18:06:10,mirova-archivo,1
2005-01-01T03:40:00,357120,Villarrica,MODIS,36.65,2.24,1,moderada,2026-10-05T18:06:10,mirova-archivo,1
2005-01-01T05:15:00,357120,Villarrica,MODIS,3.502,1.41,1,baja,2026-10-05T18:06:10,mirova-archivo,1
2005-01-02T04:20:00,357120,Villarrica,MODIS,1.108,2.00,1,baja,2026-10-05T18:06:10,mirova-archivo,1
2005-01-02T06:00:00,357120,Villarrica,MODIS,12.56,1.41,1,moderada,2026-10-05T18:06:10,mirova-archivo,1
2005-01-03T03:25:00,357120,Villarrica,MODIS,14.68,2.24,1,moderada,2026-10-05T18:06:10,mirova-archivo,1
2005-01-04T04:10:00,357120,Villarrica,MODIS,77.4,2.24,1,moderada,2026-10-05T18:06:10,mirova-archivo,1
2005-01-04T05:45:00,357120,Villarrica,MODIS,60.06,1.41,1,moderada,2026-10-05T18:06:10,mirova-archivo,1
2005-01-06T03:55:00,357120,Villarrica,MODIS,29.3,2.24,1,moderada,2026-10-05T18:06:10,mirova-archivo,1
2005-01-06T05:35:00,357120,Villarrica,MODIS,14.79,2.00,1,moderada,2026-10-05T18:06:10,mirova-archivo,1
2005-01-07T06:20:00,357120,Villarrica,MODIS,10.36,2.00,1,moderada,2026-10-05T18:06:10,mirova-archivo,1
2005-01-08T03:45:00,357120,Villarrica,MODIS,16.99,1.41,1,moderada,2026-10-05T18:06:10,mirova-archivo,1
2005-01-09T04:30:00,357120,Villarrica,MODIS,8.813,2.24,1,baja,2026-10-05T18:06:10,mirova-archivo,1
2005-01-09T06:05:00,357120,Villarrica,MODIS,82.47,1.41,1,moderada,2026-10-05T18:06:10,mirova-archivo,1
2005-01-10T03:35:00,357120,Villarrica,MODIS,34.71,1.41,1,moderada,2026-10-05T18:06:10,mirova-archivo,1
2005-01-11T04:15:00,357120,Villarrica,MODIS,5.021,1.41,1,baja,2026-10-05T18:06:10,mirova-archivo,1
2005-01-11T05:55:00,357120,Villarrica,MODIS,6.502,1.00,1,baja,2026-10-05T18:06:10,mirova-archivo,1
2005-01-12T03:20:00,357120,Villarrica,MODIS,1.387,2.24,1,baja,2026-10-05T18:06:10,mirova-archivo,1
2005-01-13T04:05:00,357120,Villarrica,MODIS,13.94,1.41,1,moderada,2026-10-05T18:06:10,mirova-archivo,1
2005-01-13T05:40:00,357120,Villarrica,MODIS,5.522,1.00,1,baja,2026-10-05T18:06:10,mirova-archivo,1
2005-01-15T03:50:00,357120,Villarrica,MODIS,40.12,1.41,1,moderada,2026-10-05T18:06:10,mirova-archivo,1
2005-01-15T05:30:00,357120,Villarrica,MODIS,21.19,1.41,1,moderada,2026-10-05T18:06:10,mirova-archivo,1
2005-01-16T06:10:00,357120,Villarrica,MODIS,45.4,2.24,1,moderada,2026-10-05T18:06:10,mirova-archivo,1
2005-01-17T03:40:00,357120,Villarrica,MODIS,48.03,1.41,1,moderada,2026-10-05T18:06:10,mirova-archivo,1
2005-01-17T05:15:00,357120,Villarrica,MODIS,1.527,1.00,1,baja,2026-10-05T18:06:10,mirova-archivo,1
2005-01-18T04:20:00,357120,Villarrica,MODIS,3.187,2.00,1,baja,2026-10-05T18:06:10,mirova-archivo,1
2005-01-18T06:00:00,357120,Villarrica,MODIS,37.07,1.41,1,moderada,2026-10-05T18:06:10,mirova-archivo,1
2005-01-19T03:25:00,357120,Villarrica,MODIS,35.06,2.24,1,moderada,2026-10-05T18:06:10,mirova-archivo,1
2005-01-20T04:10:00,357120,Villarrica,MODIS,31.69,2.24,1,moderada,2026-10-05T18:06:10,mirova-archivo,1
2005-01-20T05:45:00,357120,Villarrica,MODIS,35.21,1.41,1,moderada,2026-10-05T18:06:10,mirova-archivo,1
2005-01-21T03:15:00,357120,Villarrica,MODIS,4.781,2.24,1,baja,2026-10-05T18:06:10,mirova-archivo,1
2005-01-23T06:20:00,357120,Villarrica,MODIS,12.56,2.24,1,moderada,2026-10-05T18:06:10,mirova-archivo,1
2005-01-24T03:45:00,357120,Villarrica,MODIS,2.294,1.41,1,baja,2026-10-05T18:06:10,mirova-archivo,1
2005-01-24T05:25:00,357120,Villarrica,MODIS,2.012,1.00,1,baja,2026-10-05T18:06:10,mirova-archivo,1
2005-01-25T06:05:00,357120,Villarrica,MODIS,22.11,1.41,1,moderada,2026-10-05T18:06:10,mirova-archivo,1
2005-01-26T03:35:00,357120,Villarrica,MODIS,2.829,1.41,1,baja,2026-10-05T18:06:10,mirova-archivo,1
2005-01-27T04:15:00,357120,Villarrica,MODIS,14.46,2.24,1,moderada,2026-10-05T18:06:10,mirova-archivo,1
2005-01-27T05:55:00,357120,Villarrica,MODIS,26.42,1.41,1,moderada,2026-10-05T18:06:10,mirova-archivo,1
2005-01-28T03:20:00,357120,Villarrica,MODIS,3.275,2.24,1,baja,2026-10-05T18:06:10,mirova-archivo,1
2005-01-28T06:35:00,357120,Villarrica,MODIS,2.283,2.24,1,baja,2026-10-05T18:06:10,mirova-archivo,1
2005-01-30T03:10:00,357120,Villarrica,MODIS,8.339,2.24,1,baja,2026-10-05T18:06:10,mirova-archivo,1
2005-01-30T06:25:00,357120,Villarrica,MODIS,72.9,3.00,1,moderada,2026-10-05T18:06:10,mirova-archivo,1
2005-01-31T03:50:00,357120,Villarrica,MODIS,54.75,2.24,1,moderada,2026-10-05T18:06:10,mirova-archivo,1
2005-01-31T05:30:00,357120,Villarrica,MODIS,82.22,2.24,1,moderada,2026-10-05T18:06:10,mirova-archivo,1
2005-02-01T06:10:00,357120,Villarrica,MODIS,41.3,2.00,1,moderada,2026-10-05T18:06:10,mirova-archivo,1
2005-02-02T03:40:00,357120,Villarrica,MODIS,6.372,1.00,1,baja,2026-10-05T18:06:10,mirova-archivo,1
2005-02-02T05:15:00,357120,Villarrica,MODIS,2.587,2.24,1,baja,2026-10-05T18:06:10,mirova-archivo,1
2005-02-03T06:00:00,357120,Villarrica,MODIS,23.07,1.41,1,moderada,2026-10-05T18:06:10,mirova-archivo,1
2005-02-04T03:25:00,357120,Villarrica,MODIS,5.494,2.24,1,baja,2026-10-05T18:06:10,mirova-archivo,1
2005-02-05T05:45:00,357120,Villarrica,MODIS,19.87,1.00,1,moderada,2026-10-05T18:06:10,mirova-archivo,1
2005-02-07T03:55:00,357120,Villarrica,MODIS,55.31,2.24,1,moderada,2026-10-05T18:06:10,mirova-archivo,1
2005-02-07T05:35:00,357120,Villarrica,MODIS,9.484,1.00,1,baja,2026-10-05T18:06:10,mirova-archivo,1
2005-02-08T06:20:00,357120,Villarrica,MODIS,5.799,1.41,1,baja,2026-10-05T18:06:10,mirova-archivo,1
2005-02-09T03:45:00,357120,Villarrica,MODIS,4.488,1.41,1,baja,2026-10-05T18:06:10,mirova-archivo,1
2005-02-09T05:25:00,357120,Villarrica,MODIS,1.189,1.00,1,baja,2026-10-05T18:06:10,mirova-archivo,1
2005-02-10T06:05:00,357120,Villarrica,MODIS,33.46,1.41,1,moderada,2026-10-05T18:06:10,mirova-archivo,1
2005-02-11T03:35:00,357120,Villarrica,MODIS,10.96,1.41,1,moderada,2026-10-05T18:06:10,mirova-archivo,1
2005-02-12T04:15:00,357120,Villarrica,MODIS,11.39,2.83,1,moderada,2026-10-05T18:06:10,mirova-archivo,1
2005-02-12T05:55:00,357120,Villarrica,MODIS,4.818,1.41,1,baja,2026-10-05T18:06:10,mirova-archivo,1
2005-02-13T03:20:00,357120,Villarrica,MODIS,0.9267,1.00,1,muy baja,2026-10-05T18:06:10,mirova-archivo,1
2005-02-13T06:35:00,357120,Villarrica,MODIS,2.878,2.83,1,baja,2026-10-05T18:06:10,mirova-archivo,1
2005-02-14T04:05:00,357120,Villarrica,MODIS,13.21,1.41,1,moderada,2026-10-05T18:06:10,mirova-archivo,1
2005-02-14T05:40:00,357120,Villarrica,MODIS,4.565,1.00,1,baja,2026-10-05T18:06:10,mirova-archivo,1
2005-02-15T06:25:00,357120,Villarrica,MODIS,11.94,2.24,1,moderada,2026-10-05T18:06:10,mirova-archivo,1
2005-02-16T03:50:00,357120,Villarrica,MODIS,22.74,1.41,1,moderada,2026-10-05T18:06:10,mirova-archivo,1
2005-02-16T05:30:00,357120,Villarrica,MODIS,10.51,2.00,1,moderada,2026-10-05T18:06:10,mirova-archivo,1
2005-02-17T06:10:00,357120,Villarrica,MODIS,77.88,2.24,1,moderada,2026-10-05T18:06:10,mirova-archivo,1
2005-02-19T04:20:00,357120,Villarrica,MODIS,16.53,1.41,1,moderada,2026-10-05T18:06:10,mirova-archivo,1
2005-02-19T06:00:00,357120,Villarrica,MODIS,27.02,1.41,1,moderada,2026-10-05T18:06:10,mirova-archivo,1
2005-02-20T03:25:00,357120,Villarrica,MODIS,3.702,2.24,1,baja,2026-10-05T18:06:10,mirova-archivo,1
2005-02-21T04:10:00,357120,Villarrica,MODIS,26.37,2.24,1,moderada,2026-10-05T18:06:10,mirova-archivo,1
2005-02-21T05:45:00,357120,Villarrica,MODIS,20.71,1.41,1,moderada,2026-10-05T18:06:10,mirova-archivo,1
2005-02-22T06:30:00,357120,Villarrica,MODIS,9.796,3.16,1,baja,2026-10-05T18:06:10,mirova-archivo,1
2005-02-23T03:55:00,357120,Villarrica,MODIS,22.43,2.24,1,moderada,2026-10-05T18:06:10,mirova-archivo,1
2005-02-23T05:35:00,357120,Villarrica,MODIS,6.924,1.41,1,baja,2026-10-05T18:06:10,mirova-archivo,1
2005-02-24T06:15:00,357120,Villarrica,MODIS,4.761,2.24,1,baja,2026-10-05T18:06:10,mirova-archivo,1
2005-02-25T03:45:00,357120,Villarrica,MODIS,19.34,2.24,1,moderada,2026-10-05T18:06:10,mirova-archivo,1
2005-02-26T06:05:00,357120,Villarrica,MODIS,3.821,1.41,1,baja,2026-10-05T18:06:10,mirova-archivo,1
2005-02-27T03:35:00,357120,Villarrica,MODIS,1.182,1.41,1,baja,2026-10-05T18:06:10,mirova-archivo,1
2005-02-28T05:55:00,357120,Villarrica,MODIS,2.049,1.00,1,baja,2026-10-05T18:06:10,mirova-archivo,1
2005-03-02T04:05:00,357120,Villarrica,MODIS,1.962,1.00,1,baja,2026-10-05T18:06:10,mirova-archivo,1
2005-03-02T05:40:00,357120,Villarrica,MODIS,0.576,0.00,1,muy baja,2026-10-05T18:06:10,mirova-archivo,1
2005-03-05T06:10:00,357120,Villarrica,MODIS,7.286,2.24,1,baja,2026-10-05T18:06:10,mirova-archivo,1
2005-03-06T03:40:00,357120,Villarrica,MODIS,5.276,1.41,1,baja,2026-10-05T18:06:10,mirova-archivo,1
2005-03-06T05:15:00,357120,Villarrica,MODIS,0.6572,1.00,1,muy baja,2026-10-05T18:06:10,mirova-archivo,1
2005-03-09T04:10:00,357120,Villarrica,MODIS,0.6573,1.41,1,muy baja,2026-10-05T18:06:10,mirova-archivo,1
2005-03-09T05:45:00,357120,Villarrica,MODIS,2.17,0.00,1,baja,2026-10-05T18:06:10,mirova-archivo,1
2005-03-11T03:55:00,357120,Villarrica,MODIS,4.67,1.41,1,baja,2026-10-05T18:06:10,mirova-archivo,1
2005-03-11T05:35:00,357120,Villarrica,MODIS,5.418,1.00,1,baja,2026-10-05T18:06:10,mirova-archivo,1
2005-03-18T04:05:00,357120,Villarrica,MODIS,5.921,1.41,1,baja,2026-10-05T18:06:10,mirova-archivo,1
2005-03-18T05:40:00,357120,Villarrica,MODIS,2.842,1.00,1,baja,2026-10-05T18:06:10,mirova-archivo,1
2005-03-21T06:10:00,357120,Villarrica,MODIS,6.021,2.24,1,baja,2026-10-05T18:06:10,mirova-archivo,1
2005-03-22T03:40:00,357120,Villarrica,MODIS,51.42,2.24,1,moderada,2026-10-05T18:06:10,mirova-archivo,1
2005-03-22T05:15:00,357120,Villarrica,MODIS,12.58,2.24,1,moderada,2026-10-05T18:06:10,mirova-archivo,1
2005-03-23T04:20:00,357120,Villarrica,MODIS,5.788,2.83,1,baja,2026-10-05T18:06:10,mirova-archivo,1
2005-03-23T06:00:00,357120,Villarrica,MODIS,94.22,1.41,1,moderada,2026-10-05T18:06:10,mirova-archivo,1
2005-03-24T03:25:00,357120,Villarrica,MODIS,20.82,2.24,1,moderada,2026-10-05T18:06:10,mirova-archivo,1
2005-03-25T04:10:00,357120,Villarrica,MODIS,22.96,2.24,1,moderada,2026-10-05T18:06:10,mirova-archivo,1
2005-03-25T05:45:00,357120,Villarrica,MODIS,15.4,1.41,1,moderada,2026-10-05T18:06:10,mirova-archivo,1
2005-03-26T03:15:00,357120,Villarrica,MODIS,0.6393,2.00,1,muy baja,2026-10-05T18:06:10,mirova-archivo,1
2005-03-26T06:30:00,357120,Villarrica,MODIS,4.646,2.24,1,baja,2026-10-05T18:06:10,mirova-archivo,1
2005-03-27T04:00:00,357120,Villarrica,MODIS,10.06,1.41,1,moderada,2026-10-05T18:06:10,mirova-archivo,1
2005-03-27T05:35:00,357120,Villarrica,MODIS,1.774,1.41,1,baja,2026-10-05T18:06:10,mirova-archivo,1
2005-03-28T06:15:00,357120,Villarrica,MODIS,13.21,2.24,1,moderada,2026-10-05T18:06:10,mirova-archivo,1
2005-03-29T03:45:00,357120,Villarrica,MODIS,21.74,9.06,0,fuera de radio,2026-10-05T18:06:10,mirova-archivo,1
2005-03-29T05:20:00,357120,Villarrica,MODIS,5.647,8.25,0,fuera de radio,2026-10-05T18:06:10,mirova-archivo,1
2005-03-30T06:05:00,357120,Villarrica,MODIS,30.25,8.25,0,fuera de radio,2026-10-05T18:06:10,mirova-archivo,1
2005-04-01T04:15:00,357120,Villarrica,MODIS,0.8943,2.00,1,muy baja,2026-10-05T18:06:10,mirova-archivo,1
2005-04-01T05:55:00,357120,Villarrica,MODIS,4.231,1.00,1,baja,2026-10-05T18:06:10,mirova-archivo,1
2005-04-03T05:40:00,357120,Villarrica,MODIS,1.283,1.00,1,baja,2026-10-05T18:06:10,mirova-archivo,1
2005-04-09T03:25:00,357120,Villarrica,MODIS,0.9202,1.00,1,muy baja,2026-10-05T18:06:10,mirova-archivo,1
2005-04-11T03:15:00,357120,Villarrica,MODIS,0.9231,0.00,1,muy baja,2026-10-05T18:06:10,mirova-archivo,1
2005-04-11T06:30:00,357120,Villarrica,MODIS,0.6507,1.00,1,muy baja,2026-10-05T18:06:10,mirova-archivo,1
2005-04-12T05:35:00,357120,Villarrica,MODIS,3.513,1.41,1,baja,2026-10-05T18:06:10,mirova-archivo,1
2005-04-13T06:15:00,357120,Villarrica,MODIS,3.587,2.24,1,baja,2026-10-05T18:06:10,mirova-archivo,1
2005-04-14T03:45:00,357120,Villarrica,MODIS,0.7576,1.00,1,muy baja,2026-10-05T18:06:10,mirova-archivo,1
2005-04-14T05:20:00,357120,Villarrica,MODIS,0.35,1.00,1,muy baja,2026-10-05T18:06:10,mirova-archivo,1
2005-04-16T03:35:00,357120,Villarrica,MODIS,1.864,1.41,1,baja,2026-10-05T18:06:10,mirova-archivo,1
2005-04-17T04:15:00,357120,Villarrica,MODIS,0.8638,1.41,1,muy baja,2026-10-05T18:06:10,mirova-archivo,1
2005-04-19T04:05:00,357120,Villarrica,MODIS,1.819,1.00,1,baja,2026-10-05T18:06:10,mirova-archivo,1
2005-04-19T05:40:00,357120,Villarrica,MODIS,13.46,1.41,1,moderada,2026-10-05T18:06:10,mirova-archivo,1
2005-04-21T03:50:00,357120,Villarrica,MODIS,3.93,1.41,1,baja,2026-10-05T18:06:10,mirova-archivo,1
2005-04-21T05:30:00,357120,Villarrica,MODIS,3.246,1.00,1,baja,2026-10-05T18:06:10,mirova-archivo,1
2005-04-23T03:40:00,357120,Villarrica,MODIS,1.914e+04,25.55,0,no volcanica,2026-10-05T18:06:10,mirova-archivo,0
2005-04-23T05:15:00,357120,Villarrica,MODIS,0.6657,1.41,1,muy baja,2026-10-05T18:06:10,mirova-archivo,1
2005-04-25T03:25:00,357120,Villarrica,MODIS,157.2,10.05,0,fuera de radio,2026-10-05T18:06:10,mirova-archivo,1
2005-04-25T05:05:00,357120,Villarrica,MODIS,81.94,9.22,0,no volcanica,2026-10-05T18:06:10,mirova-archivo,0
2005-04-25T06:40:00,357120,Villarrica,MODIS,65.91,10.44,0,fuera de radio,2026-10-05T18:06:10,mirova-archivo,1
2005-04-26T05:45:00,357120,Villarrica,MODIS,0.4474,0.00,1,muy baja,2026-10-05T18:06:10,mirova-archivo,1
2005-04-29T06:15:00,357120,Villarrica,MODIS,2.933,2.24,1,baja,2026-10-05T18:06:10,mirova-archivo,1
2005-04-30T03:45:00,357120,Villarrica,MODIS,3.9,1.41,1,baja,2026-10-05T18:06:10,mirova-archivo,1
2005-04-30T05:20:00,357120,Villarrica,MODIS,0.2004,0.00,1,muy baja,2026-10-05T18:06:10,mirova-archivo,1
2005-05-03T05:50:00,357120,Villarrica,MODIS,0.4221,0.00,1,muy baja,2026-10-05T18:06:10,mirova-archivo,1
2005-05-06T03:10:00,357120,Villarrica,MODIS,0.4404,1.00,1,muy baja,2026-10-05T18:06:10,mirova-archivo,1
2005-05-21T04:05:00,357120,Villarrica,MODIS,9.43,2.24,1,baja,2026-10-05T18:06:10,mirova-archivo,1
2005-05-21T05:40:00,357120,Villarrica,MODIS,6.951,1.41,1,baja,2026-10-05T18:06:10,mirova-archivo,1
2005-05-30T05:35:00,357120,Villarrica,MODIS,1.315,1.41,1,baja,2026-10-05T18:06:10,mirova-archivo,1
2005-06-08T03:50:00,357120,Villarrica,MODIS,0.4069,1.41,1,muy baja,2026-10-05T18:06:10,mirova-archivo,1
2005-06-08T05:30:00,357120,Villarrica,MODIS,4.217,2.00,1,baja,2026-10-05T18:06:10,mirova-archivo,1
2005-06-15T05:35:00,357120,Villarrica,MODIS,0.8001,1.00,1,muy baja,2026-10-05T18:06:10,mirova-archivo,1
2005-06-20T05:50:00,357120,Villarrica,MODIS,0.74,1.00,1,muy baja,2026-10-05T18:06:10,mirova-archivo,1
2005-06-21T05:00:00,357120,Villarrica,MODIS,2.318,2.83,1,baja,2026-10-05T18:06:10,mirova-archivo,1
2005-06-21T06:35:00,357120,Villarrica,MODIS,0.216,1.41,1,muy baja,2026-10-05T18:06:10,mirova-archivo,1
2005-06-22T05:40:00,357120,Villarrica,MODIS,0.3203,1.00,1,muy baja,2026-10-05T18:06:10,mirova-archivo,1
2005-06-23T06:25:00,357120,Villarrica,MODIS,0.8035,2.00,1,muy baja,2026-10-05T18:06:10,mirova-archivo,1
2005-07-04T06:05:00,357120,Villarrica,MODIS,0.6802,0.00,1,muy baja,2026-10-05T18:06:10,mirova-archivo,1
2005-07-05T03:35:00,357120,Villarrica,MODIS,65.18,2.83,1,moderada,2026-10-05T18:06:10,mirova-archivo,1
2005-07-06T05:50:00,357120,Villarrica,MODIS,9.525,1.41,1,baja,2026-10-05T18:06:10,mirova-archivo,1
2005-07-07T03:20:00,357120,Villarrica,MODIS,1.855,2.24,1,baja,2026-10-05T18:06:10,mirova-archivo,1
2005-07-11T06:10:00,357120,Villarrica,MODIS,23.89,1.41,1,moderada,2026-10-05T18:06:10,mirova-archivo,1
2005-07-12T03:40:00,357120,Villarrica,MODIS,6.847,2.24,1,baja,2026-10-05T18:06:10,mirova-archivo,1
2005-07-14T03:25:00,357120,Villarrica,MODIS,3.886,1.41,1,baja,2026-10-05T18:06:10,mirova-archivo,1
2005-07-15T04:10:00,357120,Villarrica,MODIS,12.7,2.83,1,moderada,2026-10-05T18:06:10,mirova-archivo,1
2005-07-15T05:45:00,357120,Villarrica,MODIS,15.32,1.41,1,moderada,2026-10-05T18:06:10,mirova-archivo,1
2005-07-16T03:15:00,357120,Villarrica,MODIS,0.3772,2.24,1,muy baja,2026-10-05T18:06:10,mirova-archivo,1
2005-07-17T03:55:00,357120,Villarrica,MODIS,3.087,1.41,1,baja,2026-10-05T18:06:10,mirova-archivo,1
2005-07-17T05:35:00,357120,Villarrica,MODIS,16.51,2.00,1,moderada,2026-10-05T18:06:10,mirova-archivo,1
2005-07-18T06:15:00,357120,Villarrica,MODIS,22.22,2.24,1,moderada,2026-10-05T18:06:10,mirova-archivo,1
2005-07-19T03:45:00,357120,Villarrica,MODIS,29.56,1.41,1,moderada,2026-10-05T18:06:10,mirova-archivo,1
2005-07-20T06:05:00,357120,Villarrica,MODIS,21.94,1.41,1,moderada,2026-10-05T18:06:10,mirova-archivo,1
2005-07-21T03:35:00,357120,Villarrica,MODIS,2.223,1.41,1,baja,2026-10-05T18:06:10,mirova-archivo,1
2005-07-22T04:15:00,357120,Villarrica,MODIS,18.74,2.24,1,moderada,2026-10-05T18:06:10,mirova-archivo,1
2005-07-22T05:50:00,357120,Villarrica,MODIS,34.67,1.41,1,moderada,2026-10-05T18:06:10,mirova-archivo,1
2005-07-23T03:20:00,357120,Villarrica,MODIS,11.67,2.24,1,moderada,2026-10-05T18:06:10,mirova-archivo,1
2005-07-24T04:05:00,357120,Villarrica,MODIS,31.99,2.00,1,moderada,2026-10-05T18:06:10,mirova-archivo,1
2005-07-24T05:40:00,357120,Villarrica,MODIS,36.31,1.41,1,moderada,2026-10-05T18:06:10,mirova-archivo,1
2005-07-25T06:25:00,357120,Villarrica,MODIS,15.75,2.00,1,moderada,2026-10-05T18:06:10,mirova-archivo,1
2005-07-26T03:50:00,357120,Villarrica,MODIS,45.92,2.00,1,moderada,2026-10-05T18:06:10,mirova-archivo,1
2005-07-26T05:30:00,357120,Villarrica,MODIS,5.303,2.00,1,baja,2026-10-05T18:06:10,mirova-archivo,1
2005-08-18T03:55:00,357120,Villarrica,MODIS,2.31,1.41,1,baja,2026-10-05T18:06:10,mirova-archivo,1
2005-08-20T03:45:00,357120,Villarrica,MODIS,10.52,1.41,1,moderada,2026-10-05T18:06:10,mirova-archivo,1
2005-08-24T03:20:00,357120,Villarrica,MODIS,1.548,2.83,1,baja,2026-10-05T18:06:10,mirova-archivo,1
2005-08-31T03:25:00,357120,Villarrica,MODIS,17.09,1.41,1,moderada,2026-10-05T18:06:10,mirova-archivo,1
2005-09-01T04:10:00,357120,Villarrica,MODIS,25.24,2.83,1,moderada,2026-10-05T18:06:10,mirova-archivo,1
2005-09-01T05:45:00,357120,Villarrica,MODIS,16.32,1.41,1,moderada,2026-10-05T18:06:10,mirova-archivo,1
2005-09-08T05:50:00,357120,Villarrica,MODIS,1.663,1.00,1,baja,2026-10-05T18:06:10,mirova-archivo,1
2005-09-09T03:20:00,357120,Villarrica,MODIS,25.61,2.24,1,moderada,2026-10-05T18:06:10,mirova-archivo,1
2005-09-10T04:05:00,357120,Villarrica,MODIS,4.976,2.24,1,baja,2026-10-05T18:06:10,mirova-archivo,1
2005-09-10T05:40:00,357120,Villarrica,MODIS,42.79,1.41,1,moderada,2026-10-05T18:06:10,mirova-archivo,1
2005-09-11T03:10:00,357120,Villarrica,MODIS,4.271e+04,23.02,0,no volcanica,2026-10-05T18:06:10,mirova-archivo,0
2005-09-11T06:25:00,357120,Villarrica,MODIS,2.956,2.24,1,baja,2026-10-05T18:06:10,mirova-archivo,1
2005-09-12T03:50:00,357120,Villarrica,MODIS,1.428,1.00,1,baja,2026-10-05T18:06:10,mirova-archivo,1
2005-09-13T06:10:00,357120,Villarrica,MODIS,19.16,2.24,1,moderada,2026-10-05T18:06:10,mirova-archivo,1
2005-09-14T03:40:00,357120,Villarrica,MODIS,3.644,1.41,1,baja,2026-10-05T18:06:10,mirova-archivo,1
2005-09-15T04:20:00,357120,Villarrica,MODIS,5.634,2.24,1,baja,2026-10-05T18:06:10,mirova-archivo,1
2005-09-15T06:00:00,357120,Villarrica,MODIS,48.14,1.41,1,moderada,2026-10-05T18:06:10,mirova-archivo,1
2005-09-16T03:25:00,357120,Villarrica,MODIS,59.92,2.24,1,moderada,2026-10-05T18:06:10,mirova-archivo,1
2005-09-17T04:10:00,357120,Villarrica,MODIS,24.29,2.24,1,moderada,2026-10-05T18:06:10,mirova-archivo,1
2005-09-17T05:45:00,357120,Villarrica,MODIS,39.03,1.41,1,moderada,2026-10-05T18:06:10,mirova-archivo,1
2005-09-18T03:15:00,357120,Villarrica,MODIS,1.496,2.24,1,baja,2026-10-05T18:06:10,mirova-archivo,1
2005-09-18T06:30:00,357120,Villarrica,MODIS,2.168,1.41,1,baja,2026-10-05T18:06:10,mirova-archivo,1
2005-09-19T03:55:00,357120,Villarrica,MODIS,28.35,1.41,1,moderada,2026-10-05T18:06:10,mirova-archivo,1
2005-09-19T05:35:00,357120,Villarrica,MODIS,35.24,1.41,1,moderada,2026-10-05T18:06:10,mirova-archivo,1
2005-09-20T06:15:00,357120,Villarrica,MODIS,9.402,2.24,1,baja,2026-10-05T18:06:10,mirova-archivo,1
2005-09-21T03:45:00,357120,Villarrica,MODIS,11.55,1.41,1,moderada,2026-10-05T18:06:10,mirova-archivo,1
2005-09-21T05:20:00,357120,Villarrica,MODIS,2.744,2.00,1,baja,2026-10-05T18:06:10,mirova-archivo,1
2005-09-24T04:15:00,357120,Villarrica,MODIS,2.476,2.00,1,baja,2026-10-05T18:06:10,mirova-archivo,1
2005-09-24T05:50:00,357120,Villarrica,MODIS,24.78,1.41,1,moderada,2026-10-05T18:06:10,mirova-archivo,1
2005-09-26T04:05:00,357120,Villarrica,MODIS,17.93,2.24,1,moderada,2026-10-05T18:06:10,mirova-archivo,1
2005-09-26T05:40:00,357120,Villarrica,MODIS,7.457,1.00,1,baja,2026-10-05T18:06:10,mirova-archivo,1
2005-09-29T06:10:00,357120,Villarrica,MODIS,14.39,2.24,1,moderada,2026-10-05T18:06:10,mirova-archivo,1
2005-09-30T03:40:00,357120,Villarrica,MODIS,8.398,1.41,1,baja,2026-10-05T18:06:10,mirova-archivo,1
2005-10-01T06:00:00,357120,Villarrica,MODIS,0.2727,0.00,1,muy baja,2026-10-05T18:06:10,mirova-archivo,1
2005-10-06T06:15:00,357120,Villarrica,MODIS,0.108,1.00,1,muy baja,2026-10-05T18:06:10,mirova-archivo,1
2005-10-07T03:45:00,357120,Villarrica,MODIS,1.2,1.00,1,baja,2026-10-05T18:06:10,mirova-archivo,1
2005-10-08T06:05:00,357120,Villarrica,MODIS,11.05,1.41,1,moderada,2026-10-05T18:06:10,mirova-archivo,1
2005-10-09T03:35:00,357120,Villarrica,MODIS,10.1,2.24,1,moderada,2026-10-05T18:06:10,mirova-archivo,1
2005-10-14T03:50:00,357120,Villarrica,MODIS,6.272,1.41,1,baja,2026-10-05T18:06:10,mirova-archivo,1
2005-10-14T05:30:00,357120,Villarrica,MODIS,7.63,1.41,1,baja,2026-10-05T18:06:10,mirova-archivo,1
2005-10-15T06:10:00,357120,Villarrica,MODIS,1.323,1.41,1,baja,2026-10-05T18:06:10,mirova-archivo,1
2005-10-16T03:40:00,357120,Villarrica,MODIS,11.62,2.24,1,moderada,2026-10-05T18:06:10,mirova-archivo,1
2005-10-16T05:15:00,357120,Villarrica,MODIS,3.162,2.00,1,baja,2026-10-05T18:06:10,mirova-archivo,1
2005-10-17T06:00:00,357120,Villarrica,MODIS,41.88,1.41,1,moderada,2026-10-05T18:06:10,mirova-archivo,1
2005-10-18T03:25:00,357120,Villarrica,MODIS,11.87,2.24,1,moderada,2026-10-05T18:06:10,mirova-archivo,1
2005-10-19T04:10:00,357120,Villarrica,MODIS,31.74,2.24,1,moderada,2026-10-05T18:06:10,mirova-archivo,1
2005-10-19T05:45:00,357120,Villarrica,MODIS,14.01,1.41,1,moderada,2026-10-05T18:06:10,mirova-archivo,1
2005-10-20T03:15:00,357120,Villarrica,MODIS,3.928,2.24,1,baja,2026-10-05T18:06:10,mirova-archivo,1
2005-10-23T03:45:00,357120,Villarrica,MODIS,15.14,1.41,1,moderada,2026-10-05T18:06:10,mirova-archivo,1
2005-10-24T06:05:00,357120,Villarrica,MODIS,0.4728,1.41,1,muy baja,2026-10-05T18:06:10,mirova-archivo,1
2005-10-25T03:35:00,357120,Villarrica,MODIS,6.189,2.24,1,baja,2026-10-05T18:06:10,mirova-archivo,1
2005-10-26T04:15:00,357120,Villarrica,MODIS,0.1896,1.41,1,muy baja,2026-10-05T18:06:10,mirova-archivo,1
2005-10-26T05:50:00,357120,Villarrica,MODIS,1.062,0.00,1,baja,2026-10-05T18:06:10,mirova-archivo,1
2005-10-27T03:20:00,357120,Villarrica,MODIS,0.7453,2.00,1,muy baja,2026-10-05T18:06:10,mirova-archivo,1
2005-10-29T06:25:00,357120,Villarrica,MODIS,2.034,2.00,1,baja,2026-10-05T18:06:10,mirova-archivo,1
2005-10-30T03:50:00,357120,Villarrica,MODIS,8.374,1.41,1,baja,2026-10-05T18:06:10,mirova-archivo,1
2005-11-01T03:40:00,357120,Villarrica,MODIS,9.587,2.24,1,baja,2026-10-05T18:06:10,mirova-archivo,1
2005-11-02T06:00:00,357120,Villarrica,MODIS,4.376,1.41,1,baja,2026-10-05T18:06:10,mirova-archivo,1
2005-11-05T03:15:00,357120,Villarrica,MODIS,0.3363,0.00,1,muy baja,2026-10-05T18:06:10,mirova-archivo,1
2005-11-05T06:30:00,357120,Villarrica,MODIS,4.549,1.41,1,baja,2026-10-05T18:06:10,mirova-archivo,1
2005-11-06T03:55:00,357120,Villarrica,MODIS,2.408,1.41,1,baja,2026-10-05T18:06:10,mirova-archivo,1
2005-11-06T05:35:00,357120,Villarrica,MODIS,8.033,2.00,1,baja,2026-10-05T18:06:10,mirova-archivo,1
2005-11-07T06:15:00,357120,Villarrica,MODIS,3.416,2.24,1,baja,2026-10-05T18:06:10,mirova-archivo,1
2005-11-08T03:45:00,357120,Villarrica,MODIS,5.441,1.41,1,baja,2026-10-05T18:06:10,mirova-archivo,1
2005-11-08T05:20:00,357120,Villarrica,MODIS,0.219,0.00,1,muy baja,2026-10-05T18:06:10,mirova-archivo,1
2005-11-09T06:05:00,357120,Villarrica,MODIS,10.62,1.41,1,moderada,2026-10-05T18:06:10,mirova-archivo,1
2005-11-11T05:50:00,357120,Villarrica,MODIS,19.7,1.41,1,moderada,2026-10-05T18:06:10,mirova-archivo,1
2005-11-12T03:20:00,357120,Villarrica,MODIS,10.36,2.24,1,moderada,2026-10-05T18:06:10,mirova-archivo,1
2005-11-15T05:30:00,357120,Villarrica,MODIS,4.066,2.00,1,baja,2026-10-05T18:06:10,mirova-archivo,1
2005-11-26T03:35:00,357120,Villarrica,MODIS,35.42,2.24,1,moderada,2026-10-05T18:06:10,mirova-archivo,1
2005-12-01T03:50:00,357120,Villarrica,MODIS,7.391,1.41,1,baja,2026-10-05T18:06:10,mirova-archivo,1
2005-12-02T06:10:00,357120,Villarrica,MODIS,0.7515,1.00,1,muy baja,2026-10-05T18:06:10,mirova-archivo,1
2005-12-06T05:45:00,357120,Villarrica,MODIS,9.903,1.41,1,baja,2026-10-05T18:06:10,mirova-archivo,1
2005-12-09T06:15:00,357120,Villarrica,MODIS,4.922,2.24,1,baja,2026-10-05T18:06:10,mirova-archivo,1
2005-12-10T03:45:00,357120,Villarrica,MODIS,3.38,1.41,1,baja,2026-10-05T18:06:10,mirova-archivo,1
2005-12-12T03:35:00,357120,Villarrica,MODIS,2.656,1.41,1,baja,2026-10-05T18:06:10,mirova-archivo,1
2005-12-14T03:20:00,357120,Villarrica,MODIS,4.643,2.24,1,baja,2026-10-05T18:06:10,mirova-archivo,1
2005-12-15T05:40:00,357120,Villarrica,MODIS,0.8408,0.00,1,muy baja,2026-10-05T18:06:10,mirova-archivo,1
2005-12-16T06:25:00,357120,Villarrica,MODIS,4.905,2.24,1,baja,2026-10-05T18:06:10,mirova-archivo,1
2005-12-17T05:30:00,357120,Villarrica,MODIS,1.426,1.00,1,baja,2026-10-05T18:06:10,mirova-archivo,1
2005-12-20T04:20:00,357120,Villarrica,MODIS,7.707,2.83,1,baja,2026-10-05T18:06:10,mirova-archivo,1
2005-12-21T03:25:00,357120,Villarrica,MODIS,0.3135,0.00,1,muy baja,2026-10-05T18:06:10,mirova-archivo,1
2005-12-22T05:45:00,357120,Villarrica,MODIS,1.653,1.00,1,baja,2026-10-05T18:06:10,mirova-archivo,1
2005-12-23T03:15:00,357120,Villarrica,MODIS,0.4153,1.00,1,muy baja,2026-10-05T18:06:10,mirova-archivo,1
2005-12-24T03:55:00,357120,Villarrica,MODIS,0.7327,0.00,1,muy baja,2026-10-05T18:06:10,mirova-archivo,1
2005-12-25T06:15:00,357120,Villarrica,MODIS,52.84,2.24,1,moderada,2026-10-05T18:06:10,mirova-archivo,1
2005-12-26T03:45:00,357120,Villarrica,MODIS,1.015,1.00,1,baja,2026-10-05T18:06:10,mirova-archivo,1
2005-12-28T03:30:00,357120,Villarrica,MODIS,3.06,1.00,1,baja,2026-10-05T18:06:10,mirova-archivo,1
2005-12-29T05:50:00,357120,Villarrica,MODIS,3.076,1.00,1,baja,2026-10-05T18:06:10,mirova-archivo,1
2005-12-31T04:05:00,357120,Villarrica,MODIS,0.8181,1.00,1,muy baja,2026-10-05T18:06:10,mirova-archivo,1
2005-12-31T05:40:00,357120,Villarrica,MODIS,3.121,1.00,1,baja,2026-10-05T18:06:10,mirova-archivo,1
2006-01-02T05:30:00,357120,Villarrica,MODIS,3.576,1.00,1,baja,2026-10-05T18:06:10,mirova-archivo,1
2006-01-03T06:10:00,357120,Villarrica,MODIS,0.353,0.00,1,muy baja,2026-10-05T18:06:10,mirova-archivo,1
2006-01-07T05:45:00,357120,Villarrica,MODIS,1.552,1.00,1,baja,2026-10-05T18:06:10,mirova-archivo,1
2006-01-13T03:30:00,357120,Villarrica,MODIS,4.946,2.24,1,baja,2026-10-05T18:06:10,mirova-archivo,1
2006-01-14T04:15:00,357120,Villarrica,MODIS,1.321,1.00,1,baja,2026-10-05T18:06:10,mirova-archivo,1
2006-01-16T04:05:00,357120,Villarrica,MODIS,4.592,1.41,1,baja,2026-10-05T18:06:10,mirova-archivo,1
2006-01-16T05:40:00,357120,Villarrica,MODIS,3.21,1.00,1,baja,2026-10-05T18:06:10,mirova-archivo,1
2006-01-17T06:25:00,357120,Villarrica,MODIS,0.3929,1.00,1,muy baja,2026-10-05T18:06:10,mirova-archivo,1
2006-01-18T03:50:00,357120,Villarrica,MODIS,5.902,1.41,1,baja,2026-10-05T18:06:10,mirova-archivo,1
2006-01-18T05:30:00,357120,Villarrica,MODIS,1.491,1.00,1,baja,2026-10-05T18:06:10,mirova-archivo,1
2006-01-20T03:40:00,357120,Villarrica,MODIS,11.11,1.41,1,moderada,2026-10-05T18:06:10,mirova-archivo,1
2006-01-21T06:00:00,357120,Villarrica,MODIS,4.78,1.00,1,baja,2026-10-05T18:06:10,mirova-archivo,1
2006-01-23T04:10:00,357120,Villarrica,MODIS,4.534,1.41,1,baja,2026-10-05T18:06:10,mirova-archivo,1
2006-01-23T05:45:00,357120,Villarrica,MODIS,13.01,1.00,1,moderada,2026-10-05T18:06:10,mirova-archivo,1
2006-01-25T03:55:00,357120,Villarrica,MODIS,19.75,15.03,0,no volcanica,2026-10-05T18:06:10,mirova-archivo,0
2006-01-25T05:35:00,357120,Villarrica,MODIS,9.876,15.03,0,no volcanica,2026-10-05T18:06:10,mirova-archivo,0
2006-01-26T06:15:00,357120,Villarrica,MODIS,5.894,1.41,1,baja,2026-10-05T18:06:10,mirova-archivo,1
2006-01-27T03:45:00,357120,Villarrica,MODIS,6.608,1.41,1,baja,2026-10-05T18:06:10,mirova-archivo,1
2006-01-28T06:05:00,357120,Villarrica,MODIS,1.584,0.00,1,baja,2026-10-05T18:06:10,mirova-archivo,1
2006-01-29T03:30:00,357120,Villarrica,MODIS,0.8352,1.41,1,muy baja,2026-10-05T18:06:10,mirova-archivo,1
2006-01-30T05:55:00,357120,Villarrica,MODIS,4.985,1.41,1,baja,2026-10-05T18:06:10,mirova-archivo,1
2006-02-01T05:40:00,357120,Villarrica,MODIS,1.055,0.00,1,baja,2026-10-05T18:06:10,mirova-archivo,1
2006-02-03T03:50:00,357120,Villarrica,MODIS,0.7199,0.00,1,muy baja,2026-10-05T18:06:10,mirova-archivo,1
2006-02-03T05:30:00,357120,Villarrica,MODIS,1.02,1.00,1,baja,2026-10-05T18:06:10,mirova-archivo,1
2006-02-04T06:10:00,357120,Villarrica,MODIS,6.286,1.41,1,baja,2026-10-05T18:06:10,mirova-archivo,1
2006-02-05T03:40:00,357120,Villarrica,MODIS,13.49,1.41,1,moderada,2026-10-05T18:06:10,mirova-archivo,1
2006-02-06T06:00:00,357120,Villarrica,MODIS,7.453,1.00,1,baja,2026-10-05T18:06:10,mirova-archivo,1
2006-02-07T03:25:00,357120,Villarrica,MODIS,8.672,2.24,1,baja,2026-10-05T18:06:10,mirova-archivo,1
2006-02-08T04:10:00,357120,Villarrica,MODIS,20.8,2.00,1,moderada,2026-10-05T18:06:10,mirova-archivo,1
2006-02-08T05:45:00,357120,Villarrica,MODIS,44.71,1.41,1,moderada,2026-10-05T18:06:10,mirova-archivo,1
2006-02-09T03:15:00,357120,Villarrica,MODIS,17.47,2.24,1,moderada,2026-10-05T18:06:10,mirova-archivo,1
2006-02-09T06:30:00,357120,Villarrica,MODIS,25.55,3.16,1,moderada,2026-10-05T18:06:10,mirova-archivo,1
2006-02-10T03:55:00,357120,Villarrica,MODIS,40.48,2.24,1,moderada,2026-10-05T18:06:10,mirova-archivo,1
2006-02-10T05:35:00,357120,Villarrica,MODIS,20.04,2.00,1,moderada,2026-10-05T18:06:10,mirova-archivo,1
2006-02-11T06:15:00,357120,Villarrica,MODIS,4.288,2.24,1,baja,2026-10-05T18:06:10,mirova-archivo,1
2006-02-12T03:45:00,357120,Villarrica,MODIS,12.17,1.41,1,moderada,2026-10-05T18:06:10,mirova-archivo,1
2006-02-13T06:05:00,357120,Villarrica,MODIS,19.32,1.41,1,moderada,2026-10-05T18:06:10,mirova-archivo,1
2006-02-14T03:30:00,357120,Villarrica,MODIS,0.146,0.00,1,muy baja,2026-10-05T18:06:10,mirova-archivo,1
2006-02-15T04:15:00,357120,Villarrica,MODIS,9.271,1.41,1,baja,2026-10-05T18:06:10,mirova-archivo,1
2006-02-15T05:55:00,357120,Villarrica,MODIS,28.81,1.41,1,moderada,2026-10-05T18:06:10,mirova-archivo,1
2006-02-17T04:05:00,357120,Villarrica,MODIS,14.01,1.41,1,moderada,2026-10-05T18:06:10,mirova-archivo,1
2006-02-17T05:40:00,357120,Villarrica,MODIS,9.215,1.00,1,baja,2026-10-05T18:06:10,mirova-archivo,1
2006-02-19T03:50:00,357120,Villarrica,MODIS,17.13,1.41,1,moderada,2026-10-05T18:06:10,mirova-archivo,1
2006-02-19T05:30:00,357120,Villarrica,MODIS,3.676,1.00,1,baja,2026-10-05T18:06:10,mirova-archivo,1
2006-02-20T06:10:00,357120,Villarrica,MODIS,3.649,2.00,1,baja,2026-10-05T18:06:10,mirova-archivo,1
2006-02-23T03:25:00,357120,Villarrica,MODIS,42.61,2.24,1,moderada,2026-10-05T18:06:10,mirova-archivo,1
2006-02-24T05:45:00,357120,Villarrica,MODIS,19.95,1.41,1,moderada,2026-10-05T18:06:10,mirova-archivo,1
2006-02-28T03:45:00,357120,Villarrica,MODIS,22.71,1.41,1,moderada,2026-10-05T18:06:10,mirova-archivo,1
2006-02-28T05:25:00,357120,Villarrica,MODIS,0.913,1.41,1,muy baja,2026-10-05T18:06:10,mirova-archivo,1
2006-03-01T06:05:00,357120,Villarrica,MODIS,25.07,1.41,1,moderada,2026-10-05T18:06:10,mirova-archivo,1
2006-03-02T03:35:00,357120,Villarrica,MODIS,26.57,2.24,1,moderada,2026-10-05T18:06:10,mirova-archivo,1
2006-03-03T05:55:00,357120,Villarrica,MODIS,35.69,1.41,1,moderada,2026-10-05T18:06:10,mirova-archivo,1
2006-03-04T03:20:00,357120,Villarrica,MODIS,16.7,2.24,1,moderada,2026-10-05T18:06:10,mirova-archivo,1
2006-03-05T04:05:00,357120,Villarrica,MODIS,0.4336,1.41,1,muy baja,2026-10-05T18:06:10,mirova-archivo,1
2006-03-05T05:40:00,357120,Villarrica,MODIS,11.28,1.00,1,moderada,2026-10-05T18:06:10,mirova-archivo,1
2006-03-09T03:40:00,357120,Villarrica,MODIS,49.03,1.41,1,moderada,2026-10-05T18:06:10,mirova-archivo,1
2006-03-10T06:00:00,357120,Villarrica,MODIS,33.76,1.41,1,moderada,2026-10-05T18:06:10,mirova-archivo,1
2006-03-11T03:25:00,357120,Villarrica,MODIS,14.31,2.24,1,moderada,2026-10-05T18:06:10,mirova-archivo,1
2006-03-12T05:45:00,357120,Villarrica,MODIS,26.79,1.41,1,moderada,2026-10-05T18:06:10,mirova-archivo,1
2006-03-18T03:35:00,357120,Villarrica,MODIS,2.307,1.41,1,baja,2026-10-05T18:06:10,mirova-archivo,1
2006-03-19T05:55:00,357120,Villarrica,MODIS,28.71,1.00,1,moderada,2026-10-05T18:06:10,mirova-archivo,1
2006-03-21T04:05:00,357120,Villarrica,MODIS,0.7287,0.00,1,muy baja,2026-10-05T18:06:10,mirova-archivo,1
2006-03-21T05:40:00,357120,Villarrica,MODIS,7.367,1.00,1,baja,2026-10-05T18:06:10,mirova-archivo,1
2006-03-23T03:50:00,357120,Villarrica,MODIS,23.62,2.24,1,moderada,2026-10-05T18:06:10,mirova-archivo,1
2006-03-24T06:10:00,357120,Villarrica,MODIS,1.5,1.00,1,baja,2026-10-05T18:06:10,mirova-archivo,1
2006-03-25T03:40:00,357120,Villarrica,MODIS,16.17,1.41,1,moderada,2026-10-05T18:06:10,mirova-archivo,1
2006-03-27T03:25:00,357120,Villarrica,MODIS,0.3401,1.00,1,muy baja,2026-10-05T18:06:10,mirova-archivo,1
2006-03-28T05:45:00,357120,Villarrica,MODIS,13.49,1.41,1,moderada,2026-10-05T18:06:10,mirova-archivo,1
2006-03-30T03:55:00,357120,Villarrica,MODIS,6.416,1.41,1,baja,2026-10-05T18:06:10,mirova-archivo,1
2006-03-30T05:35:00,357120,Villarrica,MODIS,0.6359,0.00,1,muy baja,2026-10-05T18:06:10,mirova-archivo,1
2006-04-01T03:45:00,357120,Villarrica,MODIS,11.95,1.41,1,moderada,2026-10-05T18:06:10,mirova-archivo,1
2006-04-02T06:05:00,357120,Villarrica,MODIS,14.5,1.41,1,moderada,2026-10-05T18:06:10,mirova-archivo,1
2006-04-03T03:35:00,357120,Villarrica,MODIS,1.198,1.41,1,baja,2026-10-05T18:06:10,mirova-archivo,1
2006-04-04T05:55:00,357120,Villarrica,MODIS,13.13,1.41,1,moderada,2026-10-05T18:06:10,mirova-archivo,1
2006-04-09T06:10:00,357120,Villarrica,MODIS,1.108,1.41,1,baja,2026-10-05T18:06:10,mirova-archivo,1
2006-04-10T03:40:00,357120,Villarrica,MODIS,16.5,1.41,1,moderada,2026-10-05T18:06:10,mirova-archivo,1
2006-04-15T03:55:00,357120,Villarrica,MODIS,25.98,1.41,1,moderada,2026-10-05T18:06:10,mirova-archivo,1
2006-04-15T05:35:00,357120,Villarrica,MODIS,4.05,1.00,1,baja,2026-10-05T18:06:10,mirova-archivo,1
2006-04-16T06:20:00,357120,Villarrica,MODIS,20.78,1.41,1,moderada,2026-10-05T18:06:10,mirova-archivo,1
2006-04-17T03:45:00,357120,Villarrica,MODIS,29.97,1.41,1,moderada,2026-10-05T18:06:10,mirova-archivo,1
2006-04-24T03:50:00,357120,Villarrica,MODIS,2.091e+04,28.30,0,no volcanica,2026-10-05T18:06:10,mirova-archivo,0
2006-04-27T06:00:00,357120,Villarrica,MODIS,12.48,1.41,1,moderada,2026-10-05T18:06:10,mirova-archivo,1
2006-04-29T05:45:00,357120,Villarrica,MODIS,1.869,1.00,1,baja,2026-10-05T18:06:10,mirova-archivo,1
2006-05-01T03:55:00,357120,Villarrica,MODIS,30.68,2.00,1,moderada,2026-10-05T18:06:10,mirova-archivo,1
2006-05-01T05:35:00,357120,Villarrica,MODIS,8.307,1.00,1,baja,2026-10-05T18:06:10,mirova-archivo,1
2006-05-03T03:45:00,357120,Villarrica,MODIS,12.65,1.41,1,moderada,2026-10-05T18:06:10,mirova-archivo,1
2006-05-04T06:05:00,357120,Villarrica,MODIS,4,1.41,1,baja,2026-10-05T18:06:10,mirova-archivo,1
2006-05-05T03:35:00,357120,Villarrica,MODIS,7.182,2.00,1,baja,2026-10-05T18:06:10,mirova-archivo,1
2006-05-06T05:55:00,357120,Villarrica,MODIS,40.44,1.41,1,moderada,2026-10-05T18:06:10,mirova-archivo,1
2006-05-08T04:05:00,357120,Villarrica,MODIS,5.502,1.41,1,baja,2026-10-05T18:06:10,mirova-archivo,1
2006-05-08T05:40:00,357120,Villarrica,MODIS,11.21,1.00,1,moderada,2026-10-05T18:06:10,mirova-archivo,1
2006-05-10T03:50:00,357120,Villarrica,MODIS,10.26,1.41,1,moderada,2026-10-05T18:06:10,mirova-archivo,1
2006-05-11T06:10:00,357120,Villarrica,MODIS,1.889,1.00,1,baja,2026-10-05T18:06:10,mirova-archivo,1
2006-05-12T03:40:00,357120,Villarrica,MODIS,7.912,1.41,1,baja,2026-10-05T18:06:10,mirova-archivo,1
2006-05-13T06:00:00,357120,Villarrica,MODIS,6.417,1.41,1,baja,2026-10-05T18:06:10,mirova-archivo,1
2006-05-18T06:20:00,357120,Villarrica,MODIS,2.25,2.00,1,baja,2026-10-05T18:06:10,mirova-archivo,1
2006-05-19T03:45:00,357120,Villarrica,MODIS,47.54,1.41,1,moderada,2026-10-05T18:06:10,mirova-archivo,1
2006-05-20T06:05:00,357120,Villarrica,MODIS,72.31,2.24,1,moderada,2026-10-05T18:06:10,mirova-archivo,1
2006-05-21T03:35:00,357120,Villarrica,MODIS,36,2.24,1,moderada,2026-10-05T18:06:10,mirova-archivo,1
2006-05-22T05:55:00,357120,Villarrica,MODIS,2.044,1.00,1,baja,2026-10-05T18:06:10,mirova-archivo,1
2006-05-27T06:10:00,357120,Villarrica,MODIS,103.9,2.24,1,alta,2026-10-05T18:06:10,mirova-archivo,1
2006-05-30T03:25:00,357120,Villarrica,MODIS,16.94,1.41,1,moderada,2026-10-05T18:06:10,mirova-archivo,1
2006-05-31T05:50:00,357120,Villarrica,MODIS,0.6351,0.00,1,muy baja,2026-10-05T18:06:10,mirova-archivo,1
2006-06-09T04:05:00,357120,Villarrica,MODIS,15.88,1.41,1,moderada,2026-10-05T18:06:10,mirova-archivo,1
2006-06-09T05:40:00,357120,Villarrica,MODIS,29.83,2.24,1,moderada,2026-10-05T18:06:10,mirova-archivo,1
2006-06-10T06:25:00,357120,Villarrica,MODIS,12.14,3.00,1,moderada,2026-10-05T18:06:10,mirova-archivo,1
2006-06-14T06:00:00,357120,Villarrica,MODIS,14.43,1.41,1,moderada,2026-10-05T18:06:10,mirova-archivo,1
2006-06-16T05:50:00,357120,Villarrica,MODIS,1.916,1.00,1,baja,2026-10-05T18:06:10,mirova-archivo,1
2006-06-24T03:20:00,357120,Villarrica,MODIS,2.964e+04,14.32,0,no volcanica,2026-10-05T18:06:10,mirova-archivo,0
2006-06-29T03:40:00,357120,Villarrica,MODIS,7.883,1.41,1,baja,2026-10-05T18:06:10,mirova-archivo,1
2006-07-04T04:00:00,357120,Villarrica,MODIS,3.349,1.41,1,baja,2026-10-05T18:06:10,mirova-archivo,1
2006-07-06T03:45:00,357120,Villarrica,MODIS,4.601,2.24,1,baja,2026-10-05T18:06:10,mirova-archivo,1
2006-07-27T04:05:00,357120,Villarrica,MODIS,5.698,1.41,1,baja,2026-10-05T18:06:10,mirova-archivo,1
2006-07-29T03:50:00,357120,Villarrica,MODIS,48.28,2.24,1,moderada,2026-10-05T18:06:10,mirova-archivo,1
2006-07-31T03:40:00,357120,Villarrica,MODIS,65.93,2.24,1,moderada,2026-10-05T18:06:10,mirova-archivo,1
2006-08-01T06:00:00,357120,Villarrica,MODIS,37.38,1.41,1,moderada,2026-10-05T18:06:10,mirova-archivo,1
2006-08-03T05:50:00,357120,Villarrica,MODIS,26.45,2.00,1,moderada,2026-10-05T18:06:10,mirova-archivo,1
2006-08-05T04:00:00,357120,Villarrica,MODIS,17.72,1.41,1,moderada,2026-10-05T18:06:10,mirova-archivo,1
2006-08-05T05:35:00,357120,Villarrica,MODIS,53.85,2.24,1,moderada,2026-10-05T18:06:10,mirova-archivo,1
2006-08-08T06:10:00,357120,Villarrica,MODIS,29.4,1.41,1,moderada,2026-10-05T18:06:10,mirova-archivo,1
2006-08-15T06:15:00,357120,Villarrica,MODIS,10.43,2.24,1,moderada,2026-10-05T18:06:10,mirova-archivo,1
2006-08-16T03:40:00,357120,Villarrica,MODIS,18.99,2.24,1,moderada,2026-10-05T18:06:10,mirova-archivo,1
2006-08-17T06:00:00,357120,Villarrica,MODIS,31.2,1.41,1,moderada,2026-10-05T18:06:10,mirova-archivo,1
2006-08-18T03:25:00,357120,Villarrica,MODIS,25.83,2.24,1,moderada,2026-10-05T18:06:10,mirova-archivo,1
2006-08-21T04:00:00,357120,Villarrica,MODIS,59.02,2.24,1,moderada,2026-10-05T18:06:10,mirova-archivo,1
2006-08-21T05:35:00,357120,Villarrica,MODIS,41.2,2.24,1,moderada,2026-10-05T18:06:10,mirova-archivo,1
2006-08-22T06:20:00,357120,Villarrica,MODIS,6.191,1.41,1,baja,2026-10-05T18:06:10,mirova-archivo,1
2006-08-23T05:25:00,357120,Villarrica,MODIS,5.729,2.24,1,baja,2026-10-05T18:06:10,mirova-archivo,1
2006-08-24T06:10:00,357120,Villarrica,MODIS,55.34,2.24,1,moderada,2026-10-05T18:06:10,mirova-archivo,1
2006-08-25T03:35:00,357120,Villarrica,MODIS,28.12,2.24,1,moderada,2026-10-05T18:06:10,mirova-archivo,1
2006-08-26T05:55:00,357120,Villarrica,MODIS,56.89,1.41,1,moderada,2026-10-05T18:06:10,mirova-archivo,1
2006-08-27T03:20:00,357120,Villarrica,MODIS,25.77,2.24,1,moderada,2026-10-05T18:06:10,mirova-archivo,1
2006-08-28T04:05:00,357120,Villarrica,MODIS,77.86,2.24,1,moderada,2026-10-05T18:06:10,mirova-archivo,1
2006-08-28T05:45:00,357120,Villarrica,MODIS,61.02,1.41,1,moderada,2026-10-05T18:06:10,mirova-archivo,1
2006-08-31T06:15:00,357120,Villarrica,MODIS,2.03,1.00,1,baja,2026-10-05T18:06:10,mirova-archivo,1
2006-09-01T03:40:00,357120,Villarrica,MODIS,81.64,2.83,1,moderada,2026-10-05T18:06:10,mirova-archivo,1
2006-09-02T06:00:00,357120,Villarrica,MODIS,38.46,1.41,1,moderada,2026-10-05T18:06:10,mirova-archivo,1
2006-09-03T03:25:00,357120,Villarrica,MODIS,1.717,1.41,1,baja,2026-10-05T18:06:10,mirova-archivo,1
2006-09-04T04:10:00,357120,Villarrica,MODIS,3.12e+04,7.28,0,no volcanica,2026-10-05T18:06:10,mirova-archivo,0
2006-09-04T05:50:00,357120,Villarrica,MODIS,44.12,1.41,1,moderada,2026-10-05T18:06:10,mirova-archivo,1
2006-09-08T03:45:00,357120,Villarrica,MODIS,6.682,1.41,1,baja,2026-10-05T18:06:10,mirova-archivo,1
2006-09-12T03:20:00,357120,Villarrica,MODIS,0.3252,1.00,1,muy baja,2026-10-05T18:06:10,mirova-archivo,1
2006-09-13T05:45:00,357120,Villarrica,MODIS,6.046,1.41,1,baja,2026-10-05T18:06:10,mirova-archivo,1
2006-09-15T03:50:00,357120,Villarrica,MODIS,24.26,1.41,1,moderada,2026-10-05T18:06:10,mirova-archivo,1
2006-09-17T03:40:00,357120,Villarrica,MODIS,14.13,2.24,1,moderada,2026-10-05T18:06:10,mirova-archivo,1
2006-09-18T06:00:00,357120,Villarrica,MODIS,23.1,1.41,1,moderada,2026-10-05T18:06:10,mirova-archivo,1
2006-09-19T03:25:00,357120,Villarrica,MODIS,1.755,2.24,1,baja,2026-10-05T18:06:10,mirova-archivo,1
2006-09-20T05:50:00,357120,Villarrica,MODIS,7.71,1.00,1,baja,2026-10-05T18:06:10,mirova-archivo,1
2006-09-25T06:10:00,357120,Villarrica,MODIS,1.004,1.00,1,baja,2026-10-05T18:06:10,mirova-archivo,1
2006-09-27T05:55:00,357120,Villarrica,MODIS,1.051,1.00,1,baja,2026-10-05T18:06:10,mirova-archivo,1
2006-09-29T05:45:00,357120,Villarrica,MODIS,2.136,1.00,1,baja,2026-10-05T18:06:10,mirova-archivo,1
2006-10-03T03:40:00,357120,Villarrica,MODIS,1.88e+04,27.78,0,no volcanica,2026-10-05T18:06:10,mirova-archivo,0
2006-10-19T03:40:00,357120,Villarrica,MODIS,1.989,1.41,1,baja,2026-10-05T18:06:10,mirova-archivo,1
2006-10-20T06:00:00,357120,Villarrica,MODIS,4.951,1.41,1,baja,2026-10-05T18:06:10,mirova-archivo,1
2006-10-22T05:50:00,357120,Villarrica,MODIS,2.116,1.00,1,baja,2026-10-05T18:06:10,mirova-archivo,1
2006-10-26T03:45:00,357120,Villarrica,MODIS,16.22,1.41,1,moderada,2026-10-05T18:06:10,mirova-archivo,1
2006-11-03T06:15:00,357120,Villarrica,MODIS,34.27,2.24,1,moderada,2026-10-05T18:06:10,mirova-archivo,1
2006-11-04T03:40:00,357120,Villarrica,MODIS,46.11,2.24,1,moderada,2026-10-05T18:06:10,mirova-archivo,1
2006-11-05T06:00:00,357120,Villarrica,MODIS,42.78,1.41,1,moderada,2026-10-05T18:06:10,mirova-archivo,1
2006-11-06T03:25:00,357120,Villarrica,MODIS,35.7,2.24,1,moderada,2026-10-05T18:06:10,mirova-archivo,1
2006-11-07T04:10:00,357120,Villarrica,MODIS,3.358,1.41,1,baja,2026-10-05T18:06:10,mirova-archivo,1
2006-11-07T05:50:00,357120,Villarrica,MODIS,84.35,1.41,1,moderada,2026-10-05T18:06:10,mirova-archivo,1
2006-11-09T03:55:00,357120,Villarrica,MODIS,15.99,1.41,1,moderada,2026-10-05T18:06:10,mirova-archivo,1
2006-11-09T05:35:00,357120,Villarrica,MODIS,37.63,1.41,1,moderada,2026-10-05T18:06:10,mirova-archivo,1
2006-11-11T03:45:00,357120,Villarrica,MODIS,55.01,2.24,1,moderada,2026-10-05T18:06:10,mirova-archivo,1
2006-11-16T04:05:00,357120,Villarrica,MODIS,12.72,2.24,1,moderada,2026-10-05T18:06:10,mirova-archivo,1
2006-11-16T05:45:00,357120,Villarrica,MODIS,45.16,1.41,1,moderada,2026-10-05T18:06:10,mirova-archivo,1
2006-11-18T03:50:00,357120,Villarrica,MODIS,1.03e+04,24.52,0,no volcanica,2026-10-05T18:06:10,mirova-archivo,0
2006-11-18T05:30:00,357120,Villarrica,MODIS,1.544,1.41,1,baja,2026-10-05T18:06:10,mirova-archivo,1
2006-11-19T06:15:00,357120,Villarrica,MODIS,16.03,1.41,1,moderada,2026-10-05T18:06:10,mirova-archivo,1
2006-11-20T03:40:00,357120,Villarrica,MODIS,48.44,1.41,1,moderada,2026-10-05T18:06:10,mirova-archivo,1
2006-11-21T06:00:00,357120,Villarrica,MODIS,33.66,1.41,1,moderada,2026-10-05T18:06:10,mirova-archivo,1
2006-11-22T03:25:00,357120,Villarrica,MODIS,9.835,2.24,1,baja,2026-10-05T18:06:10,mirova-archivo,1
2006-11-23T05:50:00,357120,Villarrica,MODIS,4.286,0.00,1,baja,2026-10-05T18:06:10,mirova-archivo,1
2006-11-24T03:15:00,357120,Villarrica,MODIS,1.343,2.24,1,baja,2026-10-05T18:06:10,mirova-archivo,1
2006-11-25T03:55:00,357120,Villarrica,MODIS,11.69,2.00,1,moderada,2026-10-05T18:06:10,mirova-archivo,1
2006-11-25T05:35:00,357120,Villarrica,MODIS,7.193,2.00,1,baja,2026-10-05T18:06:10,mirova-archivo,1
2006-11-27T03:45:00,357120,Villarrica,MODIS,30.41,1.41,1,moderada,2026-10-05T18:06:10,mirova-archivo,1
2006-11-28T06:10:00,357120,Villarrica,MODIS,11.83,1.00,1,moderada,2026-10-05T18:06:10,mirova-archivo,1
2006-11-29T03:35:00,357120,Villarrica,MODIS,17.78,2.00,1,moderada,2026-10-05T18:06:10,mirova-archivo,1
2006-11-30T05:55:00,357120,Villarrica,MODIS,14.96,1.00,1,moderada,2026-10-05T18:06:10,mirova-archivo,1
2006-12-01T03:20:00,357120,Villarrica,MODIS,4.108,2.24,1,baja,2026-10-05T18:06:10,mirova-archivo,1
2006-12-02T05:45:00,357120,Villarrica,MODIS,25.69,1.41,1,moderada,2026-10-05T18:06:10,mirova-archivo,1
2006-12-04T03:50:00,357120,Villarrica,MODIS,18.01,1.41,1,moderada,2026-10-05T18:06:10,mirova-archivo,1
2006-12-04T05:30:00,357120,Villarrica,MODIS,49.97,2.24,1,moderada,2026-10-05T18:06:10,mirova-archivo,1
2006-12-05T06:15:00,357120,Villarrica,MODIS,3.365,1.00,1,baja,2026-10-05T18:06:10,mirova-archivo,1
2006-12-06T03:40:00,357120,Villarrica,MODIS,51.19,2.24,1,moderada,2026-10-05T18:06:10,mirova-archivo,1
2006-12-07T06:00:00,357120,Villarrica,MODIS,18.31,1.41,1,moderada,2026-10-05T18:06:10,mirova-archivo,1
2006-12-09T05:50:00,357120,Villarrica,MODIS,38.86,1.41,1,moderada,2026-10-05T18:06:10,mirova-archivo,1
2006-12-11T03:55:00,357120,Villarrica,MODIS,5.362,1.41,1,baja,2026-10-05T18:06:10,mirova-archivo,1
2006-12-14T06:10:00,357120,Villarrica,MODIS,36.73,2.00,1,moderada,2026-10-05T18:06:10,mirova-archivo,1
2006-12-20T03:50:00,357120,Villarrica,MODIS,56.89,2.24,1,moderada,2026-10-05T18:06:10,mirova-archivo,1
2006-12-24T03:25:00,357120,Villarrica,MODIS,0.5995,1.00,1,muy baja,2026-10-05T18:06:10,mirova-archivo,1
2006-12-25T05:50:00,357120,Villarrica,MODIS,12.98,1.41,1,moderada,2026-10-05T18:06:10,mirova-archivo,1
2006-12-30T06:10:00,357120,Villarrica,MODIS,21.35,2.24,1,moderada,2026-10-05T18:06:10,mirova-archivo,1
2006-12-31T03:35:00,357120,Villarrica,MODIS,20.6,2.24,1,moderada,2026-10-05T18:06:10,mirova-archivo,1
2007-01-02T03:20:00,357120,Villarrica,MODIS,1.347,1.41,1,baja,2026-10-05T18:06:10,mirova-archivo,1
2007-01-03T04:05:00,357120,Villarrica,MODIS,0.9842,1.41,1,muy baja,2026-10-05T18:06:10,mirova-archivo,1
2007-01-03T05:45:00,357120,Villarrica,MODIS,19.77,2.00,1,moderada,2026-10-05T18:06:10,mirova-archivo,1
2007-01-05T03:50:00,357120,Villarrica,MODIS,25.82,2.00,1,moderada,2026-10-05T18:06:10,mirova-archivo,1
2007-01-06T06:15:00,357120,Villarrica,MODIS,0.3595,1.41,1,muy baja,2026-10-05T18:06:10,mirova-archivo,1
2007-01-07T03:40:00,357120,Villarrica,MODIS,5.582,1.41,1,baja,2026-10-05T18:06:10,mirova-archivo,1
2007-01-09T03:25:00,357120,Villarrica,MODIS,0.5744,1.41,1,muy baja,2026-10-05T18:06:10,mirova-archivo,1
2007-01-10T05:50:00,357120,Villarrica,MODIS,13,1.41,1,moderada,2026-10-05T18:06:10,mirova-archivo,1
2007-01-12T04:00:00,357120,Villarrica,MODIS,1.472,1.41,1,baja,2026-10-05T18:06:10,mirova-archivo,1
2007-01-12T05:35:00,357120,Villarrica,MODIS,1.399,1.00,1,baja,2026-10-05T18:06:10,mirova-archivo,1
2007-01-14T03:45:00,357120,Villarrica,MODIS,8.596,1.41,1,baja,2026-10-05T18:06:10,mirova-archivo,1
2007-01-15T06:10:00,357120,Villarrica,MODIS,11.57,1.41,1,moderada,2026-10-05T18:06:10,mirova-archivo,1
2007-01-16T03:35:00,357120,Villarrica,MODIS,21.43,2.24,1,moderada,2026-10-05T18:06:10,mirova-archivo,1
2007-01-17T05:55:00,357120,Villarrica,MODIS,48.6,1.41,1,moderada,2026-10-05T18:06:10,mirova-archivo,1
2007-01-18T03:20:00,357120,Villarrica,MODIS,3.59,2.24,1,baja,2026-10-05T18:06:10,mirova-archivo,1
2007-01-19T04:05:00,357120,Villarrica,MODIS,0.2455,1.00,1,muy baja,2026-10-05T18:06:10,mirova-archivo,1
2007-01-19T05:45:00,357120,Villarrica,MODIS,12.89,1.00,1,moderada,2026-10-05T18:06:10,mirova-archivo,1
2007-01-22T06:15:00,357120,Villarrica,MODIS,7.65,1.41,1,baja,2026-10-05T18:06:10,mirova-archivo,1
2007-01-24T06:00:00,357120,Villarrica,MODIS,66.51,1.41,1,moderada,2026-10-05T18:06:10,mirova-archivo,1
2007-01-25T03:30:00,357120,Villarrica,MODIS,0.6107,1.41,1,muy baja,2026-10-05T18:06:10,mirova-archivo,1
2007-01-26T05:50:00,357120,Villarrica,MODIS,14.58,1.41,1,moderada,2026-10-05T18:06:10,mirova-archivo,1
2007-01-30T03:45:00,357120,Villarrica,MODIS,37.15,2.24,1,moderada,2026-10-05T18:06:10,mirova-archivo,1
2007-01-30T05:25:00,357120,Villarrica,MODIS,3.523,1.00,1,baja,2026-10-05T18:06:10,mirova-archivo,1
2007-01-31T06:10:00,357120,Villarrica,MODIS,1.414,1.00,1,baja,2026-10-05T18:06:10,mirova-archivo,1
2007-02-01T03:35:00,357120,Villarrica,MODIS,26.4,1.41,1,moderada,2026-10-05T18:06:10,mirova-archivo,1
2007-02-02T05:55:00,357120,Villarrica,MODIS,35.72,1.41,1,moderada,2026-10-05T18:06:10,mirova-archivo,1
2007-02-03T03:20:00,357120,Villarrica,MODIS,6.204,2.24,1,baja,2026-10-05T18:06:10,mirova-archivo,1
2007-02-04T05:45:00,357120,Villarrica,MODIS,5.348,1.00,1,baja,2026-10-05T18:06:10,mirova-archivo,1
2007-02-06T03:50:00,357120,Villarrica,MODIS,33.45,2.24,1,moderada,2026-10-05T18:06:10,mirova-archivo,1
2007-02-06T05:30:00,357120,Villarrica,MODIS,1.321,0.00,1,baja,2026-10-05T18:06:10,mirova-archivo,1
2007-02-07T06:15:00,357120,Villarrica,MODIS,3.662,2.00,1,baja,2026-10-05T18:06:10,mirova-archivo,1
2007-02-08T03:40:00,357120,Villarrica,MODIS,57.33,1.41,1,moderada,2026-10-05T18:06:10,mirova-archivo,1
2007-02-08T05:20:00,357120,Villarrica,MODIS,2.87,1.41,1,baja,2026-10-05T18:06:10,mirova-archivo,1
2007-02-09T06:00:00,357120,Villarrica,MODIS,25.81,1.41,1,moderada,2026-10-05T18:06:10,mirova-archivo,1
2007-02-10T03:30:00,357120,Villarrica,MODIS,23.05,1.41,1,moderada,2026-10-05T18:06:10,mirova-archivo,1
2007-02-11T05:50:00,357120,Villarrica,MODIS,34.46,1.41,1,moderada,2026-10-05T18:06:10,mirova-archivo,1
2007-02-12T03:15:00,357120,Villarrica,MODIS,9.934,2.00,1,baja,2026-10-05T18:06:10,mirova-archivo,1
2007-02-14T06:20:00,357120,Villarrica,MODIS,4.094,2.24,1,baja,2026-10-05T18:06:10,mirova-archivo,1
2007-02-16T06:10:00,357120,Villarrica,MODIS,15.78,1.41,1,moderada,2026-10-05T18:06:10,mirova-archivo,1
2007-02-17T03:35:00,357120,Villarrica,MODIS,36.89,2.24,1,moderada,2026-10-05T18:06:10,mirova-archivo,1
2007-02-18T05:55:00,357120,Villarrica,MODIS,31.27,1.00,1,moderada,2026-10-05T18:06:10,mirova-archivo,1
2007-02-20T04:05:00,357120,Villarrica,MODIS,0.4717,1.41,1,muy baja,2026-10-05T18:06:10,mirova-archivo,1
2007-02-20T05:45:00,357120,Villarrica,MODIS,5.735,1.00,1,baja,2026-10-05T18:06:10,mirova-archivo,1
2007-02-23T06:15:00,357120,Villarrica,MODIS,0.9649,1.00,1,muy baja,2026-10-05T18:06:10,mirova-archivo,1
2007-02-24T03:40:00,357120,Villarrica,MODIS,9.964,1.41,1,baja,2026-10-05T18:06:10,mirova-archivo,1
2007-02-25T06:00:00,357120,Villarrica,MODIS,1.431,1.00,1,baja,2026-10-05T18:06:10,mirova-archivo,1
2007-02-27T05:50:00,357120,Villarrica,MODIS,1.818,1.41,1,baja,2026-10-05T18:06:10,mirova-archivo,1
2007-03-03T03:45:00,357120,Villarrica,MODIS,0.7704,1.41,1,muy baja,2026-10-05T18:06:10,mirova-archivo,1
2007-03-04T06:10:00,357120,Villarrica,MODIS,1.732,1.00,1,baja,2026-10-05T18:06:10,mirova-archivo,1
2007-03-06T05:55:00,357120,Villarrica,MODIS,1.046,1.00,1,baja,2026-10-05T18:06:10,mirova-archivo,1
2007-03-13T06:00:00,357120,Villarrica,MODIS,2.686,1.41,1,baja,2026-10-05T18:06:10,mirova-archivo,1
2007-03-19T03:45:00,357120,Villarrica,MODIS,0.7729,0.00,1,muy baja,2026-10-05T18:06:10,mirova-archivo,1
2007-03-20T06:10:00,357120,Villarrica,MODIS,2.833,1.00,1,baja,2026-10-05T18:06:10,mirova-archivo,1
2007-03-22T05:55:00,357120,Villarrica,MODIS,1.863,1.00,1,baja,2026-10-05T18:06:10,mirova-archivo,1
2007-03-24T04:05:00,357120,Villarrica,MODIS,1.049,1.41,1,baja,2026-10-05T18:06:10,mirova-archivo,1
2007-03-24T05:45:00,357120,Villarrica,MODIS,0.1648,0.00,1,muy baja,2026-10-05T18:06:10,mirova-archivo,1
2007-03-28T03:40:00,357120,Villarrica,MODIS,5.936,1.41,1,baja,2026-10-05T18:06:10,mirova-archivo,1
2007-03-29T06:00:00,357120,Villarrica,MODIS,0.3707,1.00,1,muy baja,2026-10-05T18:06:10,mirova-archivo,1
2007-03-31T04:10:00,357120,Villarrica,MODIS,0.6053,1.00,1,muy baja,2026-10-05T18:06:10,mirova-archivo,1
2007-03-31T05:50:00,357120,Villarrica,MODIS,0.3168,0.00,1,muy baja,2026-10-05T18:06:10,mirova-archivo,1
2007-04-02T04:00:00,357120,Villarrica,MODIS,1.565,1.41,1,baja,2026-10-05T18:06:10,mirova-archivo,1
2007-04-04T03:45:00,357120,Villarrica,MODIS,1.169,1.00,1,baja,2026-10-05T18:06:10,mirova-archivo,1
2007-04-05T06:10:00,357120,Villarrica,MODIS,1.303,1.00,1,baja,2026-10-05T18:06:10,mirova-archivo,1
2007-04-06T03:35:00,357120,Villarrica,MODIS,0.1513,1.41,1,muy baja,2026-10-05T18:06:10,mirova-archivo,1
2007-04-13T03:40:00,357120,Villarrica,MODIS,2.963,1.41,1,baja,2026-10-05T18:06:10,mirova-archivo,1
2007-04-16T04:10:00,357120,Villarrica,MODIS,3.466,1.00,1,baja,2026-10-05T18:06:10,mirova-archivo,1
2007-04-20T03:45:00,357120,Villarrica,MODIS,2.424,1.00,1,baja,2026-10-05T18:06:10,mirova-archivo,1
2007-04-21T06:10:00,357120,Villarrica,MODIS,11.99,1.41,1,moderada,2026-10-05T18:06:10,mirova-archivo,1
2007-04-22T03:35:00,357120,Villarrica,MODIS,0.9729,1.41,1,muy baja,2026-10-05T18:06:10,mirova-archivo,1
2007-04-25T04:05:00,357120,Villarrica,MODIS,2.714,1.41,1,baja,2026-10-05T18:06:10,mirova-archivo,1
2007-04-25T05:45:00,357120,Villarrica,MODIS,1.028,1.00,1,baja,2026-10-05T18:06:10,mirova-archivo,1
2007-04-26T06:25:00,357120,Villarrica,MODIS,0.3219,2.24,1,muy baja,2026-10-05T18:06:10,mirova-archivo,1
2007-04-28T06:15:00,357120,Villarrica,MODIS,4.08,1.00,1,baja,2026-10-05T18:06:10,mirova-archivo,1
2007-04-29T03:40:00,357120,Villarrica,MODIS,13.88,1.41,1,moderada,2026-10-05T18:06:10,mirova-archivo,1
2007-05-05T06:20:00,357120,Villarrica,MODIS,0.2081,1.00,1,muy baja,2026-10-05T18:06:10,mirova-archivo,1
2007-05-06T03:45:00,357120,Villarrica,MODIS,17.18,1.41,1,moderada,2026-10-05T18:06:10,mirova-archivo,1
2007-05-08T03:35:00,357120,Villarrica,MODIS,7.735,1.41,1,baja,2026-10-05T18:06:10,mirova-archivo,1
2007-05-09T05:55:00,357120,Villarrica,MODIS,7.917,1.00,1,baja,2026-10-05T18:06:10,mirova-archivo,1
2007-05-11T05:45:00,357120,Villarrica,MODIS,4.823,1.00,1,baja,2026-10-05T18:06:10,mirova-archivo,1
2007-05-18T05:50:00,357120,Villarrica,MODIS,11.76,1.00,1,moderada,2026-10-05T18:06:10,mirova-archivo,1
2007-05-23T06:10:00,357120,Villarrica,MODIS,2.803,1.41,1,baja,2026-10-05T18:06:10,mirova-archivo,1
2007-05-24T03:35:00,357120,Villarrica,MODIS,1.655,1.41,1,baja,2026-10-05T18:06:10,mirova-archivo,1
2007-05-25T05:55:00,357120,Villarrica,MODIS,6.595,1.41,1,baja,2026-10-05T18:06:10,mirova-archivo,1
2007-05-26T03:20:00,357120,Villarrica,MODIS,16.5,2.83,1,moderada,2026-10-05T18:06:10,mirova-archivo,1
2007-05-27T04:05:00,357120,Villarrica,MODIS,0.9399,1.00,1,muy baja,2026-10-05T18:06:10,mirova-archivo,1
2007-05-27T05:45:00,357120,Villarrica,MODIS,3.069,1.00,1,baja,2026-10-05T18:06:10,mirova-archivo,1
2007-05-29T03:50:00,357120,Villarrica,MODIS,18.86,2.24,1,moderada,2026-10-05T18:06:10,mirova-archivo,1
2007-06-02T03:25:00,357120,Villarrica,MODIS,5.171,2.24,1,baja,2026-10-05T18:06:10,mirova-archivo,1
2007-06-03T05:50:00,357120,Villarrica,MODIS,4.81,1.41,1,baja,2026-10-05T18:06:10,mirova-archivo,1
2007-06-05T04:00:00,357120,Villarrica,MODIS,15.68,2.24,1,moderada,2026-10-05T18:06:10,mirova-archivo,1
2007-06-05T05:40:00,357120,Villarrica,MODIS,4.442,1.41,1,baja,2026-10-05T18:06:10,mirova-archivo,1
2007-06-06T06:20:00,357120,Villarrica,MODIS,1.575,2.00,1,baja,2026-10-05T18:06:10,mirova-archivo,1
2007-06-18T03:25:00,357120,Villarrica,MODIS,5.742,2.24,1,baja,2026-10-05T18:06:10,mirova-archivo,1
2007-06-19T05:50:00,357120,Villarrica,MODIS,0.4037,0.00,1,muy baja,2026-10-05T18:06:10,mirova-archivo,1
2007-06-25T03:35:00,357120,Villarrica,MODIS,2.63,2.24,1,baja,2026-10-05T18:06:10,mirova-archivo,1
2007-06-26T05:55:00,357120,Villarrica,MODIS,1.034,0.00,1,baja,2026-10-05T18:06:10,mirova-archivo,1
2007-06-30T03:50:00,357120,Villarrica,MODIS,2.501,1.00,1,baja,2026-10-05T18:06:10,mirova-archivo,1
2007-07-01T06:15:00,357120,Villarrica,MODIS,2.168,1.41,1,baja,2026-10-05T18:06:10,mirova-archivo,1
2007-07-08T06:20:00,357120,Villarrica,MODIS,6.4,2.24,1,baja,2026-10-05T18:06:10,mirova-archivo,1
2007-07-09T03:45:00,357120,Villarrica,MODIS,14.18,2.24,1,moderada,2026-10-05T18:06:10,mirova-archivo,1
2007-07-11T03:35:00,357120,Villarrica,MODIS,30.56,2.83,1,moderada,2026-10-05T18:06:10,mirova-archivo,1
2007-07-26T06:10:00,357120,Villarrica,MODIS,2.617,1.41,1,baja,2026-10-05T18:06:10,mirova-archivo,1
2007-07-27T03:35:00,357120,Villarrica,MODIS,0.7515,1.00,1,muy baja,2026-10-05T18:06:10,mirova-archivo,1
2007-07-28T05:55:00,357120,Villarrica,MODIS,1.47,1.00,1,baja,2026-10-05T18:06:10,mirova-archivo,1
2007-08-04T06:00:00,357120,Villarrica,MODIS,1.519,1.00,1,baja,2026-10-05T18:06:10,mirova-archivo,1
2007-08-08T04:00:00,357120,Villarrica,MODIS,2.378,1.41,1,baja,2026-10-05T18:06:10,mirova-archivo,1
2007-08-11T06:10:00,357120,Villarrica,MODIS,2.183,1.00,1,baja,2026-10-05T18:06:10,mirova-archivo,1
2007-08-12T03:35:00,357120,Villarrica,MODIS,1.94e+04,26.42,0,no volcanica,2026-10-05T18:06:10,mirova-archivo,0
2007-08-19T03:40:00,357120,Villarrica,MODIS,2.577,1.41,1,baja,2026-10-05T18:06:10,mirova-archivo,1
2007-08-20T06:00:00,357120,Villarrica,MODIS,2.252,0.00,1,baja,2026-10-05T18:06:10,mirova-archivo,1
2007-08-22T05:50:00,357120,Villarrica,MODIS,2.067,0.00,1,baja,2026-10-05T18:06:10,mirova-archivo,1
2007-08-24T04:00:00,357120,Villarrica,MODIS,13.6,2.24,1,moderada,2026-10-05T18:06:10,mirova-archivo,1
2007-08-24T05:35:00,357120,Villarrica,MODIS,4.408,1.00,1,baja,2026-10-05T18:06:10,mirova-archivo,1
2007-08-26T03:45:00,357120,Villarrica,MODIS,12.66,1.41,1,moderada,2026-10-05T18:06:10,mirova-archivo,1
2007-08-29T04:15:00,357120,Villarrica,MODIS,2.034,2.24,1,baja,2026-10-05T18:06:10,mirova-archivo,1
2007-08-29T05:55:00,357120,Villarrica,MODIS,2.685,1.00,1,baja,2026-10-05T18:06:10,mirova-archivo,1
2007-08-30T03:20:00,357120,Villarrica,MODIS,0.865,1.41,1,muy baja,2026-10-05T18:06:10,mirova-archivo,1
2007-08-31T04:05:00,357120,Villarrica,MODIS,3.541,1.41,1,baja,2026-10-05T18:06:10,mirova-archivo,1
2007-08-31T05:45:00,357120,Villarrica,MODIS,2.911,1.00,1,baja,2026-10-05T18:06:10,mirova-archivo,1
2007-09-01T06:25:00,357120,Villarrica,MODIS,14.81,3.16,1,moderada,2026-10-05T18:06:10,mirova-archivo,1
2007-09-02T03:50:00,357120,Villarrica,MODIS,0.456,1.00,1,muy baja,2026-10-05T18:06:10,mirova-archivo,1
2007-09-06T03:30:00,357120,Villarrica,MODIS,16.82,2.24,1,moderada,2026-10-05T18:06:10,mirova-archivo,1
2007-09-08T03:15:00,357120,Villarrica,MODIS,21.64,3.16,1,moderada,2026-10-05T18:06:10,mirova-archivo,1
2007-09-11T03:45:00,357120,Villarrica,MODIS,40.46,2.24,1,moderada,2026-10-05T18:06:10,mirova-archivo,1
2007-09-11T05:25:00,357120,Villarrica,MODIS,2.104,1.41,1,baja,2026-10-05T18:06:10,mirova-archivo,1
2007-09-13T03:35:00,357120,Villarrica,MODIS,5.141,2.24,1,baja,2026-10-05T18:06:10,mirova-archivo,1
2007-09-14T05:55:00,357120,Villarrica,MODIS,3.6,1.41,1,baja,2026-10-05T18:06:10,mirova-archivo,1
2007-09-23T04:10:00,357120,Villarrica,MODIS,37.71,2.24,1,moderada,2026-10-05T18:06:10,mirova-archivo,1
2007-09-23T05:50:00,357120,Villarrica,MODIS,12.43,1.41,1,moderada,2026-10-05T18:06:10,mirova-archivo,1
2007-09-25T04:00:00,357120,Villarrica,MODIS,29.25,2.24,1,moderada,2026-10-05T18:06:10,mirova-archivo,1
2007-09-25T05:35:00,357120,Villarrica,MODIS,9.621,1.41,1,baja,2026-10-05T18:06:10,mirova-archivo,1
2007-09-26T06:20:00,357120,Villarrica,MODIS,1.653,2.24,1,baja,2026-10-05T18:06:10,mirova-archivo,1
2007-09-28T06:10:00,357120,Villarrica,MODIS,10.13,1.41,1,moderada,2026-10-05T18:06:10,mirova-archivo,1
2007-09-29T03:35:00,357120,Villarrica,MODIS,7.143,1.41,1,baja,2026-10-05T18:06:10,mirova-archivo,1
2007-09-30T04:15:00,357120,Villarrica,MODIS,0.3908,0.00,1,muy baja,2026-10-05T18:06:10,mirova-archivo,1
2007-09-30T05:55:00,357120,Villarrica,MODIS,20.01,1.00,1,moderada,2026-10-05T18:06:10,mirova-archivo,1
2007-10-01T03:20:00,357120,Villarrica,MODIS,1.342,2.00,1,baja,2026-10-05T18:06:10,mirova-archivo,1
2007-10-02T04:05:00,357120,Villarrica,MODIS,0.4036,1.00,1,muy baja,2026-10-05T18:06:10,mirova-archivo,1
2007-10-02T05:45:00,357120,Villarrica,MODIS,6.127,1.00,1,baja,2026-10-05T18:06:10,mirova-archivo,1
2007-10-06T03:40:00,357120,Villarrica,MODIS,17.42,1.41,1,moderada,2026-10-05T18:06:10,mirova-archivo,1
2007-10-07T06:00:00,357120,Villarrica,MODIS,12.28,1.00,1,moderada,2026-10-05T18:06:10,mirova-archivo,1
2007-10-08T03:25:00,357120,Villarrica,MODIS,21.55,2.24,1,moderada,2026-10-05T18:06:10,mirova-archivo,1
2007-10-10T06:30:00,357120,Villarrica,MODIS,1.931,2.24,1,baja,2026-10-05T18:06:10,mirova-archivo,1
2007-10-11T04:00:00,357120,Villarrica,MODIS,19.8,2.24,1,moderada,2026-10-05T18:06:10,mirova-archivo,1
2007-10-14T06:10:00,357120,Villarrica,MODIS,30.18,1.41,1,moderada,2026-10-05T18:06:10,mirova-archivo,1
2007-10-15T03:35:00,357120,Villarrica,MODIS,16.91,2.24,1,moderada,2026-10-05T18:06:10,mirova-archivo,1
2007-10-18T04:05:00,357120,Villarrica,MODIS,18.1,2.24,1,moderada,2026-10-05T18:06:10,mirova-archivo,1
2007-10-18T05:45:00,357120,Villarrica,MODIS,12.73,1.41,1,moderada,2026-10-05T18:06:10,mirova-archivo,1
2007-10-21T06:15:00,357120,Villarrica,MODIS,1.326,1.41,1,baja,2026-10-05T18:06:10,mirova-archivo,1
2007-10-23T06:00:00,357120,Villarrica,MODIS,25.34,1.41,1,moderada,2026-10-05T18:06:10,mirova-archivo,1
2007-10-24T03:25:00,357120,Villarrica,MODIS,0.3222,1.00,1,muy baja,2026-10-05T18:06:10,mirova-archivo,1
2007-10-27T04:00:00,357120,Villarrica,MODIS,12.44,2.24,1,moderada,2026-10-05T18:06:10,mirova-archivo,1
2007-10-27T05:35:00,357120,Villarrica,MODIS,1.403,1.00,1,baja,2026-10-05T18:06:10,mirova-archivo,1
2007-10-30T06:05:00,357120,Villarrica,MODIS,21.88,1.41,1,moderada,2026-10-05T18:06:10,mirova-archivo,1
2007-11-06T06:15:00,357120,Villarrica,MODIS,4.215,2.00,1,baja,2026-10-05T18:06:10,mirova-archivo,1
2007-11-07T03:40:00,357120,Villarrica,MODIS,9.516,1.41,1,baja,2026-10-05T18:06:10,mirova-archivo,1
2007-11-08T06:00:00,357120,Villarrica,MODIS,21.05,1.00,1,moderada,2026-10-05T18:06:10,mirova-archivo,1
2007-11-10T05:50:00,357120,Villarrica,MODIS,15.92,1.41,1,moderada,2026-10-05T18:06:10,mirova-archivo,1
2007-11-12T04:00:00,357120,Villarrica,MODIS,9.317,2.00,1,baja,2026-10-05T18:06:10,mirova-archivo,1
2007-11-14T03:45:00,357120,Villarrica,MODIS,12.67,1.41,1,moderada,2026-10-05T18:06:10,mirova-archivo,1
2007-11-15T06:05:00,357120,Villarrica,MODIS,8.569,1.41,1,baja,2026-10-05T18:06:10,mirova-archivo,1
2007-11-19T05:45:00,357120,Villarrica,MODIS,4.773,1.00,1,baja,2026-10-05T18:06:10,mirova-archivo,1
2007-11-21T03:50:00,357120,Villarrica,MODIS,3.185,1.41,1,baja,2026-10-05T18:06:10,mirova-archivo,1
2007-11-22T06:15:00,357120,Villarrica,MODIS,0.3063,0.00,1,muy baja,2026-10-05T18:06:10,mirova-archivo,1
2007-11-23T03:40:00,357120,Villarrica,MODIS,30.69,2.24,1,moderada,2026-10-05T18:06:10,mirova-archivo,1
2007-11-24T06:00:00,357120,Villarrica,MODIS,17.37,1.00,1,moderada,2026-10-05T18:06:10,mirova-archivo,1
2007-11-26T05:50:00,357120,Villarrica,MODIS,4.037,1.00,1,baja,2026-10-05T18:06:10,mirova-archivo,1
2007-12-01T06:05:00,357120,Villarrica,MODIS,7.562,1.41,1,baja,2026-10-05T18:06:10,mirova-archivo,1
2007-12-03T04:15:00,357120,Villarrica,MODIS,1034,29.41,0,no volcanica,2026-10-05T18:06:10,mirova-archivo,0
2007-12-03T05:55:00,357120,Villarrica,MODIS,14.04,1.00,1,moderada,2026-10-05T18:06:10,mirova-archivo,1
2007-12-12T05:50:00,357120,Villarrica,MODIS,7.268,1.41,1,baja,2026-10-05T18:06:10,mirova-archivo,1
2007-12-14T04:00:00,357120,Villarrica,MODIS,4.271,1.41,1,baja,2026-10-05T18:06:10,mirova-archivo,1
2007-12-16T03:45:00,357120,Villarrica,MODIS,5.006,1.41,1,baja,2026-10-05T18:06:10,mirova-archivo,1
2007-12-17T06:05:00,357120,Villarrica,MODIS,2.513,1.00,1,baja,2026-10-05T18:06:10,mirova-archivo,1
2007-12-19T05:55:00,357120,Villarrica,MODIS,4.011,1.00,1,baja,2026-10-05T18:06:10,mirova-archivo,1
2007-12-23T03:50:00,357120,Villarrica,MODIS,15.6,1.41,1,moderada,2026-10-05T18:06:10,mirova-archivo,1
2007-12-25T03:40:00,357120,Villarrica,MODIS,16.49,1.41,1,moderada,2026-10-05T18:06:10,mirova-archivo,1
2007-12-26T06:00:00,357120,Villarrica,MODIS,7.773,1.41,1,baja,2026-10-05T18:06:10,mirova-archivo,1
2007-12-28T05:50:00,357120,Villarrica,MODIS,1.236,1.00,1,baja,2026-10-05T18:06:10,mirova-archivo,1
2008-01-01T03:45:00,357120,Villarrica,MODIS,2.531,1.41,1,baja,2026-10-05T18:06:10,mirova-archivo,1
2008-01-02T06:05:00,357120,Villarrica,MODIS,1.199,0.00,1,baja,2026-10-05T18:06:10,mirova-archivo,1
2008-01-04T05:55:00,357120,Villarrica,MODIS,2.424,1.00,1,baja,2026-10-05T18:06:10,mirova-archivo,1
2008-01-11T06:00:00,357120,Villarrica,MODIS,4.768,1.41,1,baja,2026-10-05T18:06:10,mirova-archivo,1
2008-01-15T04:00:00,357120,Villarrica,MODIS,2.812,1.41,1,baja,2026-10-05T18:06:10,mirova-archivo,1
2008-01-17T03:45:00,357120,Villarrica,MODIS,2.218,1.00,1,baja,2026-10-05T18:06:10,mirova-archivo,1
2008-01-18T06:05:00,357120,Villarrica,MODIS,0.2542,0.00,1,muy baja,2026-10-05T18:06:10,mirova-archivo,1
2008-01-24T03:50:00,357120,Villarrica,MODIS,3.729,1.41,1,baja,2026-10-05T18:06:10,mirova-archivo,1
2008-02-02T03:45:00,357120,Villarrica,MODIS,2.201,1.41,1,baja,2026-10-05T18:06:10,mirova-archivo,1
2008-02-05T05:55:00,357120,Villarrica,MODIS,1.254,0.00,1,baja,2026-10-05T18:06:10,mirova-archivo,1
2008-03-12T03:50:00,357120,Villarrica,MODIS,0.3993,1.00,1,muy baja,2026-10-05T18:06:10,mirova-archivo,1
2008-05-27T05:55:00,357120,Villarrica,MODIS,0.3277,0.00,1,muy baja,2026-10-05T18:06:10,mirova-archivo,1
2008-05-31T03:50:00,357120,Villarrica,MODIS,2.85,1.41,1,baja,2026-10-05T18:06:10,mirova-archivo,1
2008-06-02T03:40:00,357120,Villarrica,MODIS,9.496,2.24,1,baja,2026-10-05T18:06:10,mirova-archivo,1
2008-06-16T03:50:00,357120,Villarrica,MODIS,0.6024,1.00,1,muy baja,2026-10-05T18:06:10,mirova-archivo,1
2008-06-25T03:45:00,357120,Villarrica,MODIS,4.352,1.41,1,baja,2026-10-05T18:06:10,mirova-archivo,1
2008-07-02T03:50:00,357120,Villarrica,MODIS,2.216,1.41,1,baja,2026-10-05T18:06:10,mirova-archivo,1
2008-07-20T03:40:00,357120,Villarrica,MODIS,1.262,1.41,1,baja,2026-10-05T18:06:10,mirova-archivo,1
2008-07-26T03:05:00,357120,Villarrica,MODIS,2.174,28.30,0,no volcanica,2026-10-05T18:06:10,mirova-archivo,0
2008-09-20T03:50:00,357120,Villarrica,MODIS,0.3034,0.00,1,muy baja,2026-10-05T18:06:10,mirova-archivo,1
2008-10-15T03:45:00,357120,Villarrica,MODIS,0.4159,1.00,1,muy baja,2026-10-05T18:06:10,mirova-archivo,1
2008-10-22T03:50:00,357120,Villarrica,MODIS,0.6033,1.00,1,muy baja,2026-10-05T18:06:10,mirova-archivo,1
2008-12-14T05:55:00,357120,Villarrica,MODIS,9.306,1.00,1,baja,2026-10-05T18:06:10,mirova-archivo,1
2008-12-18T03:45:00,357120,Villarrica,MODIS,2.373,1.41,1,baja,2026-10-05T18:06:10,mirova-archivo,1
2008-12-25T03:55:00,357120,Villarrica,MODIS,2.101,1.41,1,baja,2026-10-05T18:06:10,mirova-archivo,1
2008-12-30T05:55:00,357120,Villarrica,MODIS,1.191,1.00,1,baja,2026-10-05T18:06:10,mirova-archivo,1
2009-01-07T05:05:00,357120,Villarrica,MODIS,5.424,8.25,0,no volcanica,2026-10-05T18:06:10,mirova-archivo,0
2009-01-10T03:55:00,357120,Villarrica,MODIS,0.6975,0.00,1,muy baja,2026-10-05T18:06:10,mirova-archivo,1
2009-01-19T03:45:00,357120,Villarrica,MODIS,0.8356,1.00,1,muy baja,2026-10-05T18:06:10,mirova-archivo,1
2009-01-22T06:00:00,357120,Villarrica,MODIS,0.1555,0.00,1,muy baja,2026-10-05T18:06:10,mirova-archivo,1
2009-01-26T03:55:00,357120,Villarrica,MODIS,0.9059,1.00,1,muy baja,2026-10-05T18:06:10,mirova-archivo,1
2009-01-28T03:40:00,357120,Villarrica,MODIS,0.2883,1.00,1,muy baja,2026-10-05T18:06:10,mirova-archivo,1
2009-01-29T06:05:00,357120,Villarrica,MODIS,0.9065,1.00,1,muy baja,2026-10-05T18:06:10,mirova-archivo,1
2009-01-31T05:55:00,357120,Villarrica,MODIS,0.47,0.00,1,muy baja,2026-10-05T18:06:10,mirova-archivo,1
2009-02-14T06:05:00,357120,Villarrica,MODIS,0.6265,0.00,1,muy baja,2026-10-05T18:06:10,mirova-archivo,1
2009-03-06T04:00:00,357120,Villarrica,MODIS,0.2746,1.41,1,muy baja,2026-10-05T18:06:10,mirova-archivo,1
2009-03-10T03:35:00,357120,Villarrica,MODIS,19.88,25.94,0,no volcanica,2026-10-05T18:06:10,mirova-archivo,0
2009-03-15T03:55:00,357120,Villarrica,MODIS,7.047,1.41,1,baja,2026-10-05T18:06:10,mirova-archivo,1
2009-03-18T06:05:00,357120,Villarrica,MODIS,0.9477,0.00,1,muy baja,2026-10-05T18:06:10,mirova-archivo,1
2009-03-24T03:45:00,357120,Villarrica,MODIS,29.28,1.41,1,moderada,2026-10-05T18:06:10,mirova-archivo,1
2009-04-09T03:45:00,357120,Villarrica,MODIS,2.474,1.41,1,baja,2026-10-05T18:06:10,mirova-archivo,1
2009-04-12T06:00:00,357120,Villarrica,MODIS,0.9042,1.00,1,muy baja,2026-10-05T18:06:10,mirova-archivo,1
2009-04-16T03:55:00,357120,Villarrica,MODIS,9.403,1.41,1,baja,2026-10-05T18:06:10,mirova-archivo,1
2009-04-18T03:40:00,357120,Villarrica,MODIS,2.451,1.41,1,baja,2026-10-05T18:06:10,mirova-archivo,1
2009-05-05T06:05:00,357120,Villarrica,MODIS,0.3729,1.00,1,muy baja,2026-10-05T18:06:10,mirova-archivo,1
2009-05-27T03:45:00,357120,Villarrica,MODIS,2.579,1.00,1,baja,2026-10-05T18:06:10,mirova-archivo,1
2009-05-30T06:00:00,357120,Villarrica,MODIS,1.961,1.00,1,baja,2026-10-05T18:06:10,mirova-archivo,1
2009-06-05T03:40:00,357120,Villarrica,MODIS,2.155,1.41,1,baja,2026-10-05T18:06:10,mirova-archivo,1
2009-06-06T06:05:00,357120,Villarrica,MODIS,0.1437,0.00,1,muy baja,2026-10-05T18:06:10,mirova-archivo,1
2009-06-08T05:55:00,357120,Villarrica,MODIS,1.279,1.00,1,baja,2026-10-05T18:06:10,mirova-archivo,1
2009-06-24T05:55:00,357120,Villarrica,MODIS,0.4642,1.00,1,muy baja,2026-10-05T18:06:10,mirova-archivo,1
2009-07-14T03:45:00,357120,Villarrica,MODIS,0.9174,1.41,1,muy baja,2026-10-05T18:06:10,mirova-archivo,1
2009-07-24T06:05:00,357120,Villarrica,MODIS,0.4917,0.00,1,muy baja,2026-10-05T18:06:10,mirova-archivo,1
2009-07-26T05:55:00,357120,Villarrica,MODIS,0.6609,1.00,1,muy baja,2026-10-05T18:06:10,mirova-archivo,1
2009-08-02T06:00:00,357120,Villarrica,MODIS,0.1427,0.00,1,muy baja,2026-10-05T18:06:10,mirova-archivo,1
2009-08-08T03:40:00,357120,Villarrica,MODIS,1.022,1.00,1,baja,2026-10-05T18:06:10,mirova-archivo,1
2009-09-19T06:00:00,357120,Villarrica,MODIS,0.8407,1.00,1,muy baja,2026-10-05T18:06:10,mirova-archivo,1
2009-09-23T03:50:00,357120,Villarrica,MODIS,0.7843,1.41,1,muy baja,2026-10-05T18:06:10,mirova-archivo,1
2009-09-27T03:30:00,357120,Villarrica,MODIS,1.741,20.88,0,no volcanica,2026-10-05T18:06:10,mirova-archivo,0
2009-10-02T03:45:00,357120,Villarrica,MODIS,0.5024,1.41,1,muy baja,2026-10-05T18:06:10,mirova-archivo,1
2009-10-18T03:45:00,357120,Villarrica,MODIS,1.056,1.41,1,baja,2026-10-05T18:06:10,mirova-archivo,1
2009-11-22T06:00:00,357120,Villarrica,MODIS,1.231,1.00,1,baja,2026-10-05T18:06:10,mirova-archivo,1
2009-11-26T03:50:00,357120,Villarrica,MODIS,14.9,2.00,1,moderada,2026-10-05T18:06:10,mirova-archivo,1
2009-12-05T03:45:00,357120,Villarrica,MODIS,1.728,1.41,1,baja,2026-10-05T18:06:10,mirova-archivo,1
2010-01-09T06:00:00,357120,Villarrica,MODIS,0.7289,0.00,1,muy baja,2026-10-05T18:06:10,mirova-archivo,1
2010-01-15T03:40:00,357120,Villarrica,MODIS,1.315,1.41,1,baja,2026-10-05T18:06:10,mirova-archivo,1
2010-01-16T06:05:00,357120,Villarrica,MODIS,6.553,1.41,1,baja,2026-10-05T18:06:10,mirova-archivo,1
2010-01-18T05:50:00,357120,Villarrica,MODIS,11.95,1.41,1,moderada,2026-10-05T18:06:10,mirova-archivo,1
2010-01-22T03:45:00,357120,Villarrica,MODIS,21,1.41,1,moderada,2026-10-05T18:06:10,mirova-archivo,1
2010-01-23T06:10:00,357120,Villarrica,MODIS,1.361,1.00,1,baja,2026-10-05T18:06:10,mirova-archivo,1
2010-01-24T03:35:00,357120,Villarrica,MODIS,5.167,1.41,1,baja,2026-10-05T18:06:10,mirova-archivo,1
2010-01-25T06:00:00,357120,Villarrica,MODIS,9.497,1.41,1,baja,2026-10-05T18:06:10,mirova-archivo,1
2010-01-27T05:45:00,357120,Villarrica,MODIS,0.1525,0.00,1,muy baja,2026-10-05T18:06:10,mirova-archivo,1
2010-01-29T03:50:00,357120,Villarrica,MODIS,8.262,1.41,1,baja,2026-10-05T18:06:10,mirova-archivo,1
2010-01-31T03:40:00,357120,Villarrica,MODIS,6.688,1.41,1,baja,2026-10-05T18:06:10,mirova-archivo,1
2010-02-01T06:05:00,357120,Villarrica,MODIS,8.388,1.41,1,baja,2026-10-05T18:06:10,mirova-archivo,1
2010-02-08T06:10:00,357120,Villarrica,MODIS,0.3918,1.41,1,muy baja,2026-10-05T18:06:10,mirova-archivo,1
2010-02-09T03:35:00,357120,Villarrica,MODIS,6.442,2.24,1,baja,2026-10-05T18:06:10,mirova-archivo,1
2010-02-10T06:00:00,357120,Villarrica,MODIS,31.01,1.41,1,moderada,2026-10-05T18:06:10,mirova-archivo,1
2010-02-14T03:50:00,357120,Villarrica,MODIS,22.54,2.00,1,moderada,2026-10-05T18:06:10,mirova-archivo,1
2010-02-15T06:15:00,357120,Villarrica,MODIS,5.278,2.24,1,baja,2026-10-05T18:06:10,mirova-archivo,1
2010-02-16T03:40:00,357120,Villarrica,MODIS,37.12,1.41,1,moderada,2026-10-05T18:06:10,mirova-archivo,1
2010-02-21T04:00:00,357120,Villarrica,MODIS,6.816,1.41,1,baja,2026-10-05T18:06:10,mirova-archivo,1
2010-02-21T05:40:00,357120,Villarrica,MODIS,0.2367,0.00,1,muy baja,2026-10-05T18:06:10,mirova-archivo,1
2010-02-23T03:45:00,357120,Villarrica,MODIS,15.71,1.41,1,moderada,2026-10-05T18:06:10,mirova-archivo,1
2010-02-24T06:10:00,357120,Villarrica,MODIS,14.68,1.41,1,moderada,2026-10-05T18:06:10,mirova-archivo,1
2010-02-25T03:35:00,357120,Villarrica,MODIS,19.15,2.24,1,moderada,2026-10-05T18:06:10,mirova-archivo,1
2010-02-26T06:00:00,357120,Villarrica,MODIS,29.89,1.41,1,moderada,2026-10-05T18:06:10,mirova-archivo,1
2010-02-28T05:45:00,357120,Villarrica,MODIS,6.842,1.00,1,baja,2026-10-05T18:06:10,mirova-archivo,1
2010-03-02T03:50:00,357120,Villarrica,MODIS,7.218,1.41,1,baja,2026-10-05T18:06:10,mirova-archivo,1
2010-03-04T03:40:00,357120,Villarrica,MODIS,6.723,1.00,1,baja,2026-10-05T18:06:10,mirova-archivo,1
2010-03-05T06:05:00,357120,Villarrica,MODIS,0.5723,1.00,1,muy baja,2026-10-05T18:06:10,mirova-archivo,1
2010-03-07T05:50:00,357120,Villarrica,MODIS,4.445,1.00,1,baja,2026-10-05T18:06:10,mirova-archivo,1
2010-03-11T03:45:00,357120,Villarrica,MODIS,7.797,1.41,1,baja,2026-10-05T18:06:10,mirova-archivo,1
2010-03-14T06:00:00,357120,Villarrica,MODIS,9.422,1.41,1,baja,2026-10-05T18:06:10,mirova-archivo,1
2010-03-16T05:45:00,357120,Villarrica,MODIS,2.225,1.00,1,baja,2026-10-05T18:06:10,mirova-archivo,1
2010-03-20T03:40:00,357120,Villarrica,MODIS,2.335,1.41,1,baja,2026-10-05T18:06:10,mirova-archivo,1
2010-03-25T04:00:00,357120,Villarrica,MODIS,1.258,1.41,1,baja,2026-10-05T18:06:10,mirova-archivo,1
2010-03-27T03:45:00,357120,Villarrica,MODIS,2.461,1.41,1,baja,2026-10-05T18:06:10,mirova-archivo,1
2010-03-28T06:10:00,357120,Villarrica,MODIS,0.7147,1.00,1,muy baja,2026-10-05T18:06:10,mirova-archivo,1
2010-03-29T03:35:00,357120,Villarrica,MODIS,0.9409,1.41,1,muy baja,2026-10-05T18:06:10,mirova-archivo,1
2010-03-30T06:00:00,357120,Villarrica,MODIS,2.043,0.00,1,baja,2026-10-05T18:06:10,mirova-archivo,1
2010-04-03T03:50:00,357120,Villarrica,MODIS,6.838,1.41,1,baja,2026-10-05T18:06:10,mirova-archivo,1
2010-04-05T03:40:00,357120,Villarrica,MODIS,8.088,1.41,1,baja,2026-10-05T18:06:10,mirova-archivo,1
2010-04-06T06:05:00,357120,Villarrica,MODIS,27.86,1.41,1,moderada,2026-10-05T18:06:10,mirova-archivo,1
2010-04-07T03:30:00,357120,Villarrica,MODIS,43.32,2.83,1,moderada,2026-10-05T18:06:10,mirova-archivo,1
2010-04-08T04:10:00,357120,Villarrica,MODIS,4.847,1.41,1,baja,2026-10-05T18:06:10,mirova-archivo,1
2010-04-08T05:50:00,357120,Villarrica,MODIS,79.26,1.41,1,moderada,2026-10-05T18:06:10,mirova-archivo,1
2010-04-09T06:35:00,357120,Villarrica,MODIS,0.404,1.41,1,muy baja,2026-10-05T18:06:10,mirova-archivo,1
2010-04-10T04:00:00,357120,Villarrica,MODIS,56.62,2.24,1,moderada,2026-10-05T18:06:10,mirova-archivo,1
2010-04-10T05:40:00,357120,Villarrica,MODIS,30.98,1.41,1,moderada,2026-10-05T18:06:10,mirova-archivo,1
2010-04-12T03:45:00,357120,Villarrica,MODIS,97.94,2.24,1,moderada,2026-10-05T18:06:10,mirova-archivo,1
2010-04-13T06:10:00,357120,Villarrica,MODIS,50.23,1.41,1,moderada,2026-10-05T18:06:10,mirova-archivo,1
2010-04-14T03:35:00,357120,Villarrica,MODIS,74.04,2.24,1,moderada,2026-10-05T18:06:10,mirova-archivo,1
2010-04-15T04:15:00,357120,Villarrica,MODIS,1.757,2.00,1,baja,2026-10-05T18:06:10,mirova-archivo,1
2010-04-15T06:00:00,357120,Villarrica,MODIS,72.64,1.41,1,moderada,2026-10-05T18:06:10,mirova-archivo,1
2010-04-16T03:20:00,357120,Villarrica,MODIS,21.1,2.24,1,moderada,2026-10-05T18:06:10,mirova-archivo,1
2010-04-20T06:15:00,357120,Villarrica,MODIS,27.67,2.00,1,moderada,2026-10-05T18:06:10,mirova-archivo,1
2010-04-21T03:40:00,357120,Villarrica,MODIS,36.7,1.41,1,moderada,2026-10-05T18:06:10,mirova-archivo,1
2010-04-22T06:05:00,357120,Villarrica,MODIS,74.32,1.41,1,moderada,2026-10-05T18:06:10,mirova-archivo,1
2010-04-23T03:25:00,357120,Villarrica,MODIS,14.85,2.24,1,moderada,2026-10-05T18:06:10,mirova-archivo,1
2010-04-24T04:10:00,357120,Villarrica,MODIS,10.54,2.83,1,moderada,2026-10-05T18:06:10,mirova-archivo,1
2010-04-24T05:50:00,357120,Villarrica,MODIS,64.99,1.41,1,moderada,2026-10-05T18:06:10,mirova-archivo,1
2010-04-25T03:15:00,357120,Villarrica,MODIS,1.504,2.24,1,baja,2026-10-05T18:06:10,mirova-archivo,1
2010-04-25T06:35:00,357120,Villarrica,MODIS,0.6369,1.41,1,muy baja,2026-10-05T18:06:10,mirova-archivo,1
2010-04-27T03:05:00,357120,Villarrica,MODIS,0.255,2.24,1,muy baja,2026-10-05T18:06:10,mirova-archivo,1
2010-04-27T06:20:00,357120,Villarrica,MODIS,6.75,2.24,1,baja,2026-10-05T18:06:10,mirova-archivo,1
2010-04-28T03:45:00,357120,Villarrica,MODIS,11.49,1.41,1,moderada,2026-10-05T18:06:10,mirova-archivo,1
2010-04-29T06:10:00,357120,Villarrica,MODIS,45.86,1.41,1,moderada,2026-10-05T18:06:10,mirova-archivo,1
2010-05-01T04:15:00,357120,Villarrica,MODIS,0.2582,1.00,1,muy baja,2026-10-05T18:06:10,mirova-archivo,1
2010-05-01T06:00:00,357120,Villarrica,MODIS,47.26,1.41,1,moderada,2026-10-05T18:06:10,mirova-archivo,1
2010-05-06T06:15:00,357120,Villarrica,MODIS,59.11,2.24,1,moderada,2026-10-05T18:06:10,mirova-archivo,1
2010-05-07T03:40:00,357120,Villarrica,MODIS,40.22,2.24,1,moderada,2026-10-05T18:06:10,mirova-archivo,1
2010-05-08T06:05:00,357120,Villarrica,MODIS,48.31,1.41,1,moderada,2026-10-05T18:06:10,mirova-archivo,1
2010-05-09T03:25:00,357120,Villarrica,MODIS,20.81,2.24,1,moderada,2026-10-05T18:06:10,mirova-archivo,1
2010-05-10T04:10:00,357120,Villarrica,MODIS,2.236,1.41,1,baja,2026-10-05T18:06:10,mirova-archivo,1
2010-05-10T05:50:00,357120,Villarrica,MODIS,43.52,1.41,1,moderada,2026-10-05T18:06:10,mirova-archivo,1
2010-05-12T04:00:00,357120,Villarrica,MODIS,65.95,2.24,1,moderada,2026-10-05T18:06:10,mirova-archivo,1
2010-05-12T05:40:00,357120,Villarrica,MODIS,4.101,1.41,1,baja,2026-10-05T18:06:10,mirova-archivo,1
2010-05-13T06:20:00,357120,Villarrica,MODIS,0.7782,2.00,1,muy baja,2026-10-05T18:06:10,mirova-archivo,1
2010-05-15T06:10:00,357120,Villarrica,MODIS,55.07,2.24,1,moderada,2026-10-05T18:06:10,mirova-archivo,1
2010-05-16T03:35:00,357120,Villarrica,MODIS,55.97,2.24,1,moderada,2026-10-05T18:06:10,mirova-archivo,1
2010-05-17T04:15:00,357120,Villarrica,MODIS,1.05,1.00,1,baja,2026-10-05T18:06:10,mirova-archivo,1
2010-05-17T06:00:00,357120,Villarrica,MODIS,8.849,1.41,1,baja,2026-10-05T18:06:10,mirova-archivo,1
2010-05-18T03:20:00,357120,Villarrica,MODIS,5.55,1.41,1,baja,2026-10-05T18:06:10,mirova-archivo,1
2010-05-19T04:05:00,357120,Villarrica,MODIS,13.74,1.41,1,moderada,2026-10-05T18:06:10,mirova-archivo,1
2010-05-19T05:45:00,357120,Villarrica,MODIS,13.84,1.41,1,moderada,2026-10-05T18:06:10,mirova-archivo,1
2010-05-21T03:50:00,357120,Villarrica,MODIS,30.31,1.41,1,moderada,2026-10-05T18:06:10,mirova-archivo,1
2010-05-23T03:40:00,357120,Villarrica,MODIS,25.68,2.24,1,moderada,2026-10-05T18:06:10,mirova-archivo,1
2010-05-28T04:00:00,357120,Villarrica,MODIS,13.34,1.41,1,moderada,2026-10-05T18:06:10,mirova-archivo,1
2010-05-30T03:45:00,357120,Villarrica,MODIS,28.26,1.41,1,moderada,2026-10-05T18:06:10,mirova-archivo,1
2010-05-31T06:10:00,357120,Villarrica,MODIS,4.59,1.00,1,baja,2026-10-05T18:06:10,mirova-archivo,1
2010-06-01T03:35:00,357120,Villarrica,MODIS,33.87,2.24,1,moderada,2026-10-05T18:06:10,mirova-archivo,1
2010-06-07T06:15:00,357120,Villarrica,MODIS,12.97,2.00,1,moderada,2026-10-05T18:06:10,mirova-archivo,1
2010-06-08T03:40:00,357120,Villarrica,MODIS,38.23,1.41,1,moderada,2026-10-05T18:06:10,mirova-archivo,1
2010-06-09T06:05:00,357120,Villarrica,MODIS,5.032,1.41,1,baja,2026-10-05T18:06:10,mirova-archivo,1
2010-06-10T03:30:00,357120,Villarrica,MODIS,39.68,2.83,1,moderada,2026-10-05T18:06:10,mirova-archivo,1
2010-06-13T05:40:00,357120,Villarrica,MODIS,1.168,1.00,1,baja,2026-10-05T18:06:10,mirova-archivo,1
2010-06-25T06:05:00,357120,Villarrica,MODIS,11.97,1.41,1,moderada,2026-10-05T18:06:10,mirova-archivo,1
2010-06-27T04:10:00,357120,Villarrica,MODIS,45.36,2.24,1,moderada,2026-10-05T18:06:10,mirova-archivo,1
2010-06-27T05:50:00,357120,Villarrica,MODIS,58.01,1.41,1,moderada,2026-10-05T18:06:10,mirova-archivo,1
2010-06-29T04:00:00,357120,Villarrica,MODIS,84.39,2.24,1,moderada,2026-10-05T18:06:10,mirova-archivo,1
2010-06-29T05:40:00,357120,Villarrica,MODIS,25.9,1.41,1,moderada,2026-10-05T18:06:10,mirova-archivo,1
2010-07-10T03:40:00,357120,Villarrica,MODIS,47.96,1.41,1,moderada,2026-10-05T18:06:10,mirova-archivo,1
2010-07-12T03:25:00,357120,Villarrica,MODIS,13.36,2.24,1,moderada,2026-10-05T18:06:10,mirova-archivo,1
2010-07-13T04:10:00,357120,Villarrica,MODIS,1.267,1.41,1,baja,2026-10-05T18:06:10,mirova-archivo,1
2010-07-13T05:50:00,357120,Villarrica,MODIS,18.49,1.41,1,moderada,2026-10-05T18:06:10,mirova-archivo,1
2010-07-17T03:45:00,357120,Villarrica,MODIS,7.57,1.41,1,baja,2026-10-05T18:06:10,mirova-archivo,1
2010-07-18T06:10:00,357120,Villarrica,MODIS,1.431,1.41,1,baja,2026-10-05T18:06:10,mirova-archivo,1
2010-07-19T03:35:00,357120,Villarrica,MODIS,2.108e+04,25.55,0,no volcanica,2026-10-05T18:06:10,mirova-archivo,0
2010-07-22T05:45:00,357120,Villarrica,MODIS,6.772,1.41,1,baja,2026-10-05T18:06:10,mirova-archivo,1
2010-07-27T06:05:00,357120,Villarrica,MODIS,7.032,1.41,1,baja,2026-10-05T18:06:10,mirova-archivo,1
2010-08-02T03:45:00,357120,Villarrica,MODIS,33.23,2.24,1,moderada,2026-10-05T18:06:10,mirova-archivo,1
2010-08-03T06:10:00,357120,Villarrica,MODIS,2.523,1.00,1,baja,2026-10-05T18:06:10,mirova-archivo,1
2010-08-04T03:35:00,357120,Villarrica,MODIS,19.34,22.14,0,no volcanica,2026-10-05T18:06:10,mirova-archivo,0
2010-08-05T05:55:00,357120,Villarrica,MODIS,1.513,1.00,1,baja,2026-10-05T18:06:10,mirova-archivo,1
2010-08-09T03:50:00,357120,Villarrica,MODIS,6.277,1.41,1,baja,2026-10-05T18:06:10,mirova-archivo,1
2010-08-11T03:40:00,357120,Villarrica,MODIS,6.162,1.41,1,baja,2026-10-05T18:06:10,mirova-archivo,1
2010-08-13T03:25:00,357120,Villarrica,MODIS,11.42,2.00,1,moderada,2026-10-05T18:06:10,mirova-archivo,1
2010-08-14T04:10:00,357120,Villarrica,MODIS,15.87,2.83,1,moderada,2026-10-05T18:06:10,mirova-archivo,1
2010-08-14T05:50:00,357120,Villarrica,MODIS,45.43,1.41,1,moderada,2026-10-05T18:06:10,mirova-archivo,1
2010-08-15T03:15:00,357120,Villarrica,MODIS,9.163,3.16,1,baja,2026-10-05T18:06:10,mirova-archivo,1
2010-08-20T03:35:00,357120,Villarrica,MODIS,4.162,1.41,1,baja,2026-10-05T18:06:10,mirova-archivo,1
2010-08-21T05:55:00,357120,Villarrica,MODIS,32.17,1.41,1,moderada,2026-10-05T18:06:10,mirova-archivo,1
2010-08-23T04:05:00,357120,Villarrica,MODIS,2.21,1.41,1,baja,2026-10-05T18:06:10,mirova-archivo,1
2010-08-29T03:25:00,357120,Villarrica,MODIS,0.3081,1.00,1,muy baja,2026-10-05T18:06:10,mirova-archivo,1
2010-09-03T03:45:00,357120,Villarrica,MODIS,10.45,2.24,1,moderada,2026-10-05T18:06:10,mirova-archivo,1
2010-09-05T03:35:00,357120,Villarrica,MODIS,3.702,2.24,1,baja,2026-10-05T18:06:10,mirova-archivo,1
2010-09-06T05:55:00,357120,Villarrica,MODIS,11.84,1.00,1,moderada,2026-10-05T18:06:10,mirova-archivo,1
2010-09-11T06:15:00,357120,Villarrica,MODIS,1.148,1.00,1,baja,2026-10-05T18:06:10,mirova-archivo,1
2010-09-13T06:05:00,357120,Villarrica,MODIS,18.33,1.00,1,moderada,2026-10-05T18:06:10,mirova-archivo,1
2010-09-15T05:50:00,357120,Villarrica,MODIS,1.615,1.00,1,baja,2026-10-05T18:06:10,mirova-archivo,1
2010-09-17T04:00:00,357120,Villarrica,MODIS,19.16,2.24,1,moderada,2026-10-05T18:06:10,mirova-archivo,1
2010-09-17T05:40:00,357120,Villarrica,MODIS,0.9532,1.41,1,muy baja,2026-10-05T18:06:10,mirova-archivo,1
2010-09-19T03:45:00,357120,Villarrica,MODIS,17.11,2.24,1,moderada,2026-10-05T18:06:10,mirova-archivo,1
2010-09-22T05:55:00,357120,Villarrica,MODIS,12.34,1.41,1,moderada,2026-10-05T18:06:10,mirova-archivo,1
2010-09-23T03:20:00,357120,Villarrica,MODIS,2.806e+04,23.26,0,no volcanica,2026-10-05T18:06:10,mirova-archivo,0
2010-09-24T04:05:00,357120,Villarrica,MODIS,0.2101,1.41,1,muy baja,2026-10-05T18:06:10,mirova-archivo,1
2010-09-24T05:45:00,357120,Villarrica,MODIS,2.894,1.00,1,baja,2026-10-05T18:06:10,mirova-archivo,1
2010-09-29T06:00:00,357120,Villarrica,MODIS,13.25,1.41,1,moderada,2026-10-05T18:06:10,mirova-archivo,1
2010-10-01T05:50:00,357120,Villarrica,MODIS,18.66,1.41,1,moderada,2026-10-05T18:06:10,mirova-archivo,1
2010-10-03T04:00:00,357120,Villarrica,MODIS,2.182,1.41,1,baja,2026-10-05T18:06:10,mirova-archivo,1
2010-10-05T03:45:00,357120,Villarrica,MODIS,25.11,1.41,1,moderada,2026-10-05T18:06:10,mirova-archivo,1
2010-10-07T03:35:00,357120,Villarrica,MODIS,15.19,2.24,1,moderada,2026-10-05T18:06:10,mirova-archivo,1
2010-10-08T05:55:00,357120,Villarrica,MODIS,9.039,1.41,1,baja,2026-10-05T18:06:10,mirova-archivo,1
2010-10-10T04:05:00,357120,Villarrica,MODIS,0.2725,1.00,1,muy baja,2026-10-05T18:06:10,mirova-archivo,1
2010-10-10T05:45:00,357120,Villarrica,MODIS,6.745,1.41,1,baja,2026-10-05T18:06:10,mirova-archivo,1
2010-10-12T03:50:00,357120,Villarrica,MODIS,19.88,2.24,1,moderada,2026-10-05T18:06:10,mirova-archivo,1
2010-10-15T06:00:00,357120,Villarrica,MODIS,0.6872,1.00,1,muy baja,2026-10-05T18:06:10,mirova-archivo,1
2010-10-17T04:10:00,357120,Villarrica,MODIS,28.65,2.24,1,moderada,2026-10-05T18:06:10,mirova-archivo,1
2010-10-17T05:50:00,357120,Villarrica,MODIS,59.62,1.41,1,moderada,2026-10-05T18:06:10,mirova-archivo,1
2010-10-22T06:10:00,357120,Villarrica,MODIS,24.32,1.41,1,moderada,2026-10-05T18:06:10,mirova-archivo,1
2010-10-24T05:55:00,357120,Villarrica,MODIS,32.93,1.41,1,moderada,2026-10-05T18:06:10,mirova-archivo,1
2010-10-25T03:20:00,357120,Villarrica,MODIS,0.6943,1.41,1,muy baja,2026-10-05T18:06:10,mirova-archivo,1
2010-10-26T05:45:00,357120,Villarrica,MODIS,19.14,1.41,1,moderada,2026-10-05T18:06:10,mirova-archivo,1
2010-10-31T06:00:00,357120,Villarrica,MODIS,1.504,1.41,1,baja,2026-10-05T18:06:10,mirova-archivo,1
2010-11-02T05:50:00,357120,Villarrica,MODIS,8.663,1.41,1,baja,2026-10-05T18:06:10,mirova-archivo,1
2010-11-04T04:00:00,357120,Villarrica,MODIS,2.244,1.41,1,baja,2026-10-05T18:06:10,mirova-archivo,1
2010-11-09T05:55:00,357120,Villarrica,MODIS,20.55,1.00,1,moderada,2026-10-05T18:06:10,mirova-archivo,1
2010-11-11T05:45:00,357120,Villarrica,MODIS,0.6498,0.00,1,muy baja,2026-10-05T18:06:10,mirova-archivo,1
2010-11-13T03:50:00,357120,Villarrica,MODIS,10.62,2.24,1,moderada,2026-10-05T18:06:10,mirova-archivo,1
2010-11-15T03:40:00,357120,Villarrica,MODIS,25.82,1.41,1,moderada,2026-10-05T18:06:10,mirova-archivo,1
2010-11-16T06:00:00,357120,Villarrica,MODIS,23.67,1.41,1,moderada,2026-10-05T18:06:10,mirova-archivo,1
2010-11-18T05:50:00,357120,Villarrica,MODIS,18.51,1.41,1,moderada,2026-10-05T18:06:10,mirova-archivo,1
2010-11-25T05:55:00,357120,Villarrica,MODIS,7.141,1.41,1,baja,2026-10-05T18:06:10,mirova-archivo,1
2010-12-04T05:50:00,357120,Villarrica,MODIS,5.437,1.41,1,baja,2026-10-05T18:06:10,mirova-archivo,1
2010-12-13T05:45:00,357120,Villarrica,MODIS,4.979,1.00,1,baja,2026-10-05T18:06:10,mirova-archivo,1
2010-12-18T06:00:00,357120,Villarrica,MODIS,21.08,1.41,1,moderada,2026-10-05T18:06:10,mirova-archivo,1
2010-12-20T05:50:00,357120,Villarrica,MODIS,0.2895,0.00,1,muy baja,2026-10-05T18:06:10,mirova-archivo,1
2010-12-27T05:55:00,357120,Villarrica,MODIS,18.92,1.41,1,moderada,2026-10-05T18:06:10,mirova-archivo,1
2011-01-05T05:50:00,357120,Villarrica,MODIS,14.68,1.00,1,moderada,2026-10-05T18:06:10,mirova-archivo,1
2011-01-09T03:45:00,357120,Villarrica,MODIS,2.338,1.41,1,baja,2026-10-05T18:06:10,mirova-archivo,1
2011-01-12T05:55:00,357120,Villarrica,MODIS,38.62,1.41,1,moderada,2026-10-05T18:06:10,mirova-archivo,1
2011-01-21T05:50:00,357120,Villarrica,MODIS,5.583,1.00,1,baja,2026-10-05T18:06:10,mirova-archivo,1
2011-01-23T03:55:00,357120,Villarrica,MODIS,1.289,1.00,1,baja,2026-10-05T18:06:10,mirova-archivo,1
2011-01-25T03:45:00,357120,Villarrica,MODIS,8.849,2.24,1,baja,2026-10-05T18:06:10,mirova-archivo,1
2011-01-27T03:35:00,357120,Villarrica,MODIS,1.247,1.00,1,baja,2026-10-05T18:06:10,mirova-archivo,1
2011-01-28T05:55:00,357120,Villarrica,MODIS,26.55,1.41,1,moderada,2026-10-05T18:06:10,mirova-archivo,1
2011-02-01T03:50:00,357120,Villarrica,MODIS,17.35,1.41,1,moderada,2026-10-05T18:06:10,mirova-archivo,1
2011-02-03T03:40:00,357120,Villarrica,MODIS,2.445,1.41,1,baja,2026-10-05T18:06:10,mirova-archivo,1
2011-02-04T06:05:00,357120,Villarrica,MODIS,18.35,1.41,1,moderada,2026-10-05T18:06:10,mirova-archivo,1
2011-02-06T05:50:00,357120,Villarrica,MODIS,8.515,1.41,1,baja,2026-10-05T18:06:10,mirova-archivo,1
2011-02-08T04:00:00,357120,Villarrica,MODIS,1.205,1.00,1,baja,2026-10-05T18:06:10,mirova-archivo,1
2011-02-10T03:45:00,357120,Villarrica,MODIS,12.15,7.07,0,no volcanica,2026-10-05T18:06:10,mirova-archivo,0
2011-02-15T05:45:00,357120,Villarrica,MODIS,1.79,1.00,1,baja,2026-10-05T18:06:10,mirova-archivo,1
2011-02-19T03:40:00,357120,Villarrica,MODIS,4.763,1.41,1,baja,2026-10-05T18:06:10,mirova-archivo,1
2011-02-20T06:05:00,357120,Villarrica,MODIS,1.759,1.41,1,baja,2026-10-05T18:06:10,mirova-archivo,1
2011-02-22T05:50:00,357120,Villarrica,MODIS,15.04,1.41,1,moderada,2026-10-05T18:06:10,mirova-archivo,1
2011-02-26T03:45:00,357120,Villarrica,MODIS,23.75,1.41,1,moderada,2026-10-05T18:06:10,mirova-archivo,1
2011-03-01T05:55:00,357120,Villarrica,MODIS,33.58,1.41,1,moderada,2026-10-05T18:06:10,mirova-archivo,1
2011-03-03T05:45:00,357120,Villarrica,MODIS,0.5317,0.00,1,muy baja,2026-10-05T18:06:10,mirova-archivo,1
2011-03-05T03:50:00,357120,Villarrica,MODIS,3.468,1.00,1,baja,2026-10-05T18:06:10,mirova-archivo,1
2011-03-07T03:40:00,357120,Villarrica,MODIS,10.39,1.41,1,moderada,2026-10-05T18:06:10,mirova-archivo,1
2011-03-08T06:05:00,357120,Villarrica,MODIS,15.83,1.41,1,moderada,2026-10-05T18:06:10,mirova-archivo,1
2011-03-16T03:35:00,357120,Villarrica,MODIS,2.489,1.00,1,baja,2026-10-05T18:06:10,mirova-archivo,1
2011-03-19T05:45:00,357120,Villarrica,MODIS,0.8238,1.00,1,muy baja,2026-10-05T18:06:10,mirova-archivo,1
2011-03-23T03:40:00,357120,Villarrica,MODIS,17.3,2.24,1,moderada,2026-10-05T18:06:10,mirova-archivo,1
2011-03-24T06:05:00,357120,Villarrica,MODIS,20.56,1.00,1,moderada,2026-10-05T18:06:10,mirova-archivo,1
2011-03-30T03:45:00,357120,Villarrica,MODIS,14.14,1.41,1,moderada,2026-10-05T18:06:10,mirova-archivo,1
2011-04-01T03:35:00,357120,Villarrica,MODIS,1.301,1.41,1,baja,2026-10-05T18:06:10,mirova-archivo,1
2011-04-02T05:55:00,357120,Villarrica,MODIS,30.05,1.41,1,moderada,2026-10-05T18:06:10,mirova-archivo,1
2011-04-06T03:50:00,357120,Villarrica,MODIS,29.62,1.41,1,moderada,2026-10-05T18:06:10,mirova-archivo,1
2011-04-08T03:40:00,357120,Villarrica,MODIS,16.59,1.41,1,moderada,2026-10-05T18:06:10,mirova-archivo,1
2011-04-09T06:05:00,357120,Villarrica,MODIS,25.33,1.00,1,moderada,2026-10-05T18:06:10,mirova-archivo,1
2011-04-11T05:50:00,357120,Villarrica,MODIS,14,1.41,1,moderada,2026-10-05T18:06:10,mirova-archivo,1
2011-04-15T03:45:00,357120,Villarrica,MODIS,27.08,2.24,1,moderada,2026-10-05T18:06:10,mirova-archivo,1
2011-04-16T06:10:00,357120,Villarrica,MODIS,0.4151,1.00,1,muy baja,2026-10-05T18:06:10,mirova-archivo,1
2011-04-25T06:00:00,357120,Villarrica,MODIS,30.17,1.41,1,moderada,2026-10-05T18:06:10,mirova-archivo,1
2011-04-27T05:50:00,357120,Villarrica,MODIS,1.967,1.00,1,baja,2026-10-05T18:06:10,mirova-archivo,1
2011-05-01T03:45:00,357120,Villarrica,MODIS,19.08,1.41,1,moderada,2026-10-05T18:06:10,mirova-archivo,1
2011-05-08T03:50:00,357120,Villarrica,MODIS,5.923,1.41,1,baja,2026-10-05T18:06:10,mirova-archivo,1
2011-05-10T03:40:00,357120,Villarrica,MODIS,5.945,1.41,1,baja,2026-10-05T18:06:10,mirova-archivo,1
2011-05-26T03:40:00,357120,Villarrica,MODIS,13.23,1.41,1,moderada,2026-10-05T18:06:10,mirova-archivo,1
2011-05-29T05:50:00,357120,Villarrica,MODIS,2.29,1.00,1,baja,2026-10-05T18:06:10,mirova-archivo,1
2011-06-02T03:45:00,357120,Villarrica,MODIS,5.456,1.41,1,baja,2026-10-05T18:06:10,mirova-archivo,1
2011-06-14T05:50:00,357120,Villarrica,MODIS,2.907,1.00,1,baja,2026-10-05T18:06:10,mirova-archivo,1
2011-06-21T05:55:00,357120,Villarrica,MODIS,30.2,1.41,1,moderada,2026-10-05T18:06:10,mirova-archivo,1
2011-06-25T03:50:00,357120,Villarrica,MODIS,8.138,1.41,1,baja,2026-10-05T18:06:10,mirova-archivo,1
2011-06-27T03:40:00,357120,Villarrica,MODIS,3.466,1.41,1,baja,2026-10-05T18:06:10,mirova-archivo,1
2011-07-05T06:10:00,357120,Villarrica,MODIS,3.437,1.41,1,baja,2026-10-05T18:06:10,mirova-archivo,1
2011-07-06T03:35:00,357120,Villarrica,MODIS,1.668,1.41,1,baja,2026-10-05T18:06:10,mirova-archivo,1
2011-07-07T05:55:00,357120,Villarrica,MODIS,6.836,1.41,1,baja,2026-10-05T18:06:10,mirova-archivo,1
2011-07-20T03:45:00,357120,Villarrica,MODIS,4.171,1.41,1,baja,2026-10-05T18:06:10,mirova-archivo,1
2011-07-22T03:35:00,357120,Villarrica,MODIS,1.802,1.41,1,baja,2026-10-05T18:06:10,mirova-archivo,1
2011-07-23T05:55:00,357120,Villarrica,MODIS,12.54,1.41,1,moderada,2026-10-05T18:06:10,mirova-archivo,1
2011-07-29T03:40:00,357120,Villarrica,MODIS,13.53,2.24,1,moderada,2026-10-05T18:06:10,mirova-archivo,1
2011-07-30T06:00:00,357120,Villarrica,MODIS,1.314,1.00,1,baja,2026-10-05T18:06:10,mirova-archivo,1
2011-08-01T05:50:00,357120,Villarrica,MODIS,10.43,1.41,1,moderada,2026-10-05T18:06:10,mirova-archivo,1
2011-08-14T03:40:00,357120,Villarrica,MODIS,22.42,1.41,1,moderada,2026-10-05T18:06:10,mirova-archivo,1
2011-08-15T06:00:00,357120,Villarrica,MODIS,11.68,1.41,1,moderada,2026-10-05T18:06:10,mirova-archivo,1
2011-08-19T04:00:00,357120,Villarrica,MODIS,2.447,1.41,1,baja,2026-10-05T18:06:10,mirova-archivo,1
2011-08-21T03:45:00,357120,Villarrica,MODIS,24.39,2.24,1,moderada,2026-10-05T18:06:10,mirova-archivo,1
2011-08-22T06:10:00,357120,Villarrica,MODIS,0.7481,1.41,1,muy baja,2026-10-05T18:06:10,mirova-archivo,1
2011-08-24T05:55:00,357120,Villarrica,MODIS,12.03,1.41,1,moderada,2026-10-05T18:06:10,mirova-archivo,1
2011-08-31T06:00:00,357120,Villarrica,MODIS,0.6224,1.00,1,muy baja,2026-10-05T18:06:10,mirova-archivo,1
2011-09-07T06:10:00,357120,Villarrica,MODIS,0.178,0.00,1,muy baja,2026-10-05T18:06:10,mirova-archivo,1
2011-09-13T03:50:00,357120,Villarrica,MODIS,16.66,1.41,1,moderada,2026-10-05T18:06:10,mirova-archivo,1
2011-09-15T03:40:00,357120,Villarrica,MODIS,11.11,2.24,1,moderada,2026-10-05T18:06:10,mirova-archivo,1
2011-09-18T05:50:00,357120,Villarrica,MODIS,4.168,1.41,1,baja,2026-10-05T18:06:10,mirova-archivo,1
2011-09-22T03:45:00,357120,Villarrica,MODIS,50.87,1.41,1,moderada,2026-10-05T18:06:10,mirova-archivo,1
2011-09-23T06:10:00,357120,Villarrica,MODIS,2.67,2.24,1,baja,2026-10-05T18:06:10,mirova-archivo,1
2011-09-25T05:55:00,357120,Villarrica,MODIS,37.49,1.41,1,moderada,2026-10-05T18:06:10,mirova-archivo,1
2011-09-30T06:15:00,357120,Villarrica,MODIS,1.111,1.41,1,baja,2026-10-05T18:06:10,mirova-archivo,1
2011-10-02T06:00:00,357120,Villarrica,MODIS,8.455,1.41,1,baja,2026-10-05T18:06:10,mirova-archivo,1
2011-10-08T03:45:00,357120,Villarrica,MODIS,35.37,1.41,1,moderada,2026-10-05T18:06:10,mirova-archivo,1
2011-10-09T06:10:00,357120,Villarrica,MODIS,6.88,1.41,1,baja,2026-10-05T18:06:10,mirova-archivo,1
2011-10-13T05:45:00,357120,Villarrica,MODIS,6.392,2.24,1,baja,2026-10-05T18:06:10,mirova-archivo,1
2011-10-17T03:40:00,357120,Villarrica,MODIS,27.11,1.41,1,moderada,2026-10-05T18:06:10,mirova-archivo,1
2011-10-18T06:00:00,357120,Villarrica,MODIS,27.68,1.41,1,moderada,2026-10-05T18:06:10,mirova-archivo,1
2011-10-20T05:50:00,357120,Villarrica,MODIS,4.603,1.41,1,baja,2026-10-05T18:06:10,mirova-archivo,1
2011-10-22T04:00:00,357120,Villarrica,MODIS,3.068,1.41,1,baja,2026-10-05T18:06:10,mirova-archivo,1
2011-10-24T03:45:00,357120,Villarrica,MODIS,50.95,1.41,1,moderada,2026-10-05T18:06:10,mirova-archivo,1
2011-10-25T06:10:00,357120,Villarrica,MODIS,1.393,1.00,1,baja,2026-10-05T18:06:10,mirova-archivo,1
2011-10-26T03:35:00,357120,Villarrica,MODIS,2.863,1.41,1,baja,2026-10-05T18:06:10,mirova-archivo,1
2011-10-29T04:05:00,357120,Villarrica,MODIS,1.589,1.41,1,baja,2026-10-05T18:06:10,mirova-archivo,1
2011-10-29T05:45:00,357120,Villarrica,MODIS,5.301,1.00,1,baja,2026-10-05T18:06:10,mirova-archivo,1
2011-10-31T03:50:00,357120,Villarrica,MODIS,54.06,2.24,1,moderada,2026-10-05T18:06:10,mirova-archivo,1
2011-11-02T03:40:00,357120,Villarrica,MODIS,29.78,1.41,1,moderada,2026-10-05T18:06:10,mirova-archivo,1
2011-11-03T06:00:00,357120,Villarrica,MODIS,10.05,1.41,1,moderada,2026-10-05T18:06:10,mirova-archivo,1
2011-11-05T05:50:00,357120,Villarrica,MODIS,20.4,1.41,1,moderada,2026-10-05T18:06:10,mirova-archivo,1
2011-11-12T05:55:00,357120,Villarrica,MODIS,26.29,1.41,1,moderada,2026-10-05T18:06:10,mirova-archivo,1
2011-11-14T05:45:00,357120,Villarrica,MODIS,0.3106,0.00,1,muy baja,2026-10-05T18:06:10,mirova-archivo,1
2011-11-16T03:50:00,357120,Villarrica,MODIS,19.75,1.41,1,moderada,2026-10-05T18:06:10,mirova-archivo,1
2011-11-18T03:40:00,357120,Villarrica,MODIS,14.33,1.41,1,moderada,2026-10-05T18:06:10,mirova-archivo,1
2011-11-19T06:00:00,357120,Villarrica,MODIS,9.63,1.41,1,baja,2026-10-05T18:06:10,mirova-archivo,1
2011-11-25T03:45:00,357120,Villarrica,MODIS,5.155,1.41,1,baja,2026-10-05T18:06:10,mirova-archivo,1
2011-11-26T06:10:00,357120,Villarrica,MODIS,5.134,1.41,1,baja,2026-10-05T18:06:10,mirova-archivo,1
2011-11-27T03:35:00,357120,Villarrica,MODIS,2.825,1.41,1,baja,2026-10-05T18:06:10,mirova-archivo,1
2011-11-30T05:45:00,357120,Villarrica,MODIS,2.957,1.00,1,baja,2026-10-05T18:06:10,mirova-archivo,1
2011-12-05T06:00:00,357120,Villarrica,MODIS,25.09,1.00,1,moderada,2026-10-05T18:06:10,mirova-archivo,1
2011-12-07T05:50:00,357120,Villarrica,MODIS,15.73,1.41,1,moderada,2026-10-05T18:06:10,mirova-archivo,1
2011-12-09T04:00:00,357120,Villarrica,MODIS,0.2831,1.00,1,muy baja,2026-10-05T18:06:10,mirova-archivo,1
2011-12-12T06:10:00,357120,Villarrica,MODIS,0.5001,0.00,1,muy baja,2026-10-05T18:06:10,mirova-archivo,1
2011-12-13T03:35:00,357120,Villarrica,MODIS,1.766,1.41,1,baja,2026-10-05T18:06:10,mirova-archivo,1
2011-12-14T05:55:00,357120,Villarrica,MODIS,27.6,1.41,1,moderada,2026-10-05T18:06:10,mirova-archivo,1
2011-12-16T05:45:00,357120,Villarrica,MODIS,0.7384,0.00,1,muy baja,2026-10-05T18:06:10,mirova-archivo,1
2011-12-23T05:50:00,357120,Villarrica,MODIS,17.8,1.00,1,moderada,2026-10-05T18:06:10,mirova-archivo,1
2011-12-27T03:45:00,357120,Villarrica,MODIS,28.72,1.41,1,moderada,2026-10-05T18:06:10,mirova-archivo,1
2011-12-29T03:35:00,357120,Villarrica,MODIS,0.9601,1.41,1,muy baja,2026-10-05T18:06:10,mirova-archivo,1
2011-12-30T05:55:00,357120,Villarrica,MODIS,36.67,1.41,1,moderada,2026-10-05T18:06:10,mirova-archivo,1
2012-01-03T03:50:00,357120,Villarrica,MODIS,19.45,1.41,1,moderada,2026-10-05T18:06:10,mirova-archivo,1
2012-01-06T06:00:00,357120,Villarrica,MODIS,4.054,1.41,1,baja,2026-10-05T18:06:10,mirova-archivo,1
2012-01-12T03:45:00,357120,Villarrica,MODIS,32.45,2.24,1,moderada,2026-10-05T18:06:10,mirova-archivo,1
2012-01-15T05:55:00,357120,Villarrica,MODIS,23.36,1.41,1,moderada,2026-10-05T18:06:10,mirova-archivo,1
2012-01-19T03:50:00,357120,Villarrica,MODIS,18.58,1.41,1,moderada,2026-10-05T18:06:10,mirova-archivo,1
2012-01-22T06:00:00,357120,Villarrica,MODIS,31.03,1.41,1,moderada,2026-10-05T18:06:10,mirova-archivo,1
2012-01-22T06:00:00,357120,Villarrica,VIIRS750,6.718,1.06,1,baja,2026-10-05T18:06:10,mirova-archivo,1
2012-01-23T05:42:00,357120,Villarrica,VIIRS750,27.47,1.06,1,moderada,2026-10-05T18:06:10,mirova-archivo,1
2012-01-24T05:24:00,357120,Villarrica,VIIRS375,0.4758,1.19,1,muy baja,2026-10-05T18:06:10,mirova-archivo,1
2012-01-24T05:50:00,357120,Villarrica,MODIS,12.07,1.00,1,moderada,2026-10-05T18:06:10,mirova-archivo,1
2012-01-26T04:00:00,357120,Villarrica,MODIS,3.965,1.41,1,baja,2026-10-05T18:06:10,mirova-archivo,1
2012-01-26T06:24:00,357120,Villarrica,VIIRS375,0.2799,0.53,1,muy baja,2026-10-05T18:06:10,mirova-archivo,1
2012-01-27T06:06:00,357120,Villarrica,VIIRS375,1.703,0.84,1,baja,2026-10-05T18:06:10,mirova-archivo,1
2012-01-31T05:55:00,357120,Villarrica,MODIS,28.38,1.41,1,moderada,2026-10-05T18:06:10,mirova-archivo,1
2012-02-01T06:12:00,357120,Villarrica,VIIRS375,0.04564,0.84,1,muy baja,2026-10-05T18:06:10,mirova-archivo,1
2012-02-02T05:54:00,357120,Villarrica,VIIRS375,5.241,1.06,1,baja,2026-10-05T18:06:10,mirova-archivo,1
2012-02-06T03:40:00,357120,Villarrica,MODIS,14.42,1.41,1,moderada,2026-10-05T18:06:10,mirova-archivo,1
2012-02-06T06:18:00,357120,Villarrica,VIIRS375,0.2141,0.53,1,muy baja,2026-10-05T18:06:10,mirova-archivo,1
2012-02-07T06:00:00,357120,Villarrica,MODIS,14.85,1.41,1,moderada,2026-10-05T18:06:10,mirova-archivo,1
2012-02-09T05:50:00,357120,Villarrica,MODIS,9.903,1.41,1,baja,2026-10-05T18:06:10,mirova-archivo,1
2012-02-11T04:00:00,357120,Villarrica,MODIS,4.593,1.41,1,baja,2026-10-05T18:06:10,mirova-archivo,1
2012-02-13T03:45:00,357120,Villarrica,MODIS,12.17,1.41,1,moderada,2026-10-05T18:06:10,mirova-archivo,1
2012-02-13T05:48:00,357120,Villarrica,VIIRS375,1.546,1.06,1,baja,2026-10-05T18:06:10,mirova-archivo,1
2012-02-14T05:30:00,357120,Villarrica,VIIRS375,5.544,1.19,1,baja,2026-10-05T18:06:10,mirova-archivo,1
2012-02-20T03:50:00,357120,Villarrica,MODIS,8.794,1.41,1,baja,2026-10-05T18:06:10,mirova-archivo,1
2012-02-20T05:18:00,357120,Villarrica,VIIRS375,0.3126,1.35,1,muy baja,2026-10-05T18:06:10,mirova-archivo,1
2012-02-22T06:18:00,357120,Villarrica,VIIRS375,0.487,1.06,1,muy baja,2026-10-05T18:06:10,mirova-archivo,1
2012-02-23T06:00:00,357120,Villarrica,MODIS,19.77,1.41,1,moderada,2026-10-05T18:06:10,mirova-archivo,1
2012-02-23T06:00:00,357120,Villarrica,VIIRS375,5.241,0.84,1,baja,2026-10-05T18:06:10,mirova-archivo,1
2012-02-27T06:24:00,357120,Villarrica,VIIRS375,0.04232,0.38,1,muy baja,2026-10-05T18:06:10,mirova-archivo,1
2012-03-01T06:10:00,357120,Villarrica,MODIS,1.306,1.00,1,baja,2026-10-05T18:06:10,mirova-archivo,1
2012-03-03T06:30:00,357120,Villarrica,VIIRS375,0.4387,0.53,1,muy baja,2026-10-05T18:06:10,mirova-archivo,1
2012-03-06T05:36:00,357120,Villarrica,VIIRS375,0.8965,0.84,1,muy baja,2026-10-05T18:06:10,mirova-archivo,1
2012-03-07T03:50:00,357120,Villarrica,MODIS,45.54,2.00,1,moderada,2026-10-05T18:06:10,mirova-archivo,1
2012-03-07T05:18:00,357120,Villarrica,VIIRS375,3.239,1.55,1,baja,2026-10-05T18:06:10,mirova-archivo,1
2012-03-07T05:30:00,357120,Villarrica,MODIS,0.4987,1.00,1,muy baja,2026-10-05T18:06:10,mirova-archivo,1
2012-03-08T06:15:00,357120,Villarrica,MODIS,9.749,2.24,1,baja,2026-10-05T18:06:10,mirova-archivo,1
2012-03-09T03:40:00,357120,Villarrica,MODIS,26.15,2.24,1,moderada,2026-10-05T18:06:10,mirova-archivo,1
2012-03-09T06:18:00,357120,Villarrica,VIIRS375,1.156,0.84,1,baja,2026-10-05T18:06:10,mirova-archivo,1
2012-03-10T06:00:00,357120,Villarrica,MODIS,46.32,1.41,1,moderada,2026-10-05T18:06:10,mirova-archivo,1
2012-03-11T03:25:00,357120,Villarrica,MODIS,8.452,2.24,1,baja,2026-10-05T18:06:10,mirova-archivo,1
2012-03-11T05:42:00,357120,Villarrica,VIIRS750,78.25,1.68,1,moderada,2026-10-05T18:06:10,mirova-archivo,1
2012-03-12T05:24:00,357120,Villarrica,VIIRS750,6.018,1.06,1,baja,2026-10-05T18:06:10,mirova-archivo,1
2012-03-12T05:50:00,357120,Villarrica,MODIS,44.56,2.00,1,moderada,2026-10-05T18:06:10,mirova-archivo,1
2012-03-14T04:00:00,357120,Villarrica,MODIS,15.34,2.24,1,moderada,2026-10-05T18:06:10,mirova-archivo,1
2012-03-14T05:40:00,357120,Villarrica,MODIS,11,2.00,1,moderada,2026-10-05T18:06:10,mirova-archivo,1
2012-03-14T06:24:00,357120,Villarrica,VIIRS375,1.422,0.84,1,baja,2026-10-05T18:06:10,mirova-archivo,1
2012-03-15T06:06:00,357120,Villarrica,VIIRS375,4.609,0.84,1,baja,2026-10-05T18:06:10,mirova-archivo,1
2012-03-16T03:45:00,357120,Villarrica,MODIS,44.33,1.41,1,moderada,2026-10-05T18:06:10,mirova-archivo,1
2012-03-16T05:48:00,357120,Villarrica,VIIRS750,43.1,1.06,1,moderada,2026-10-05T18:06:10,mirova-archivo,1
2012-03-17T05:30:00,357120,Villarrica,VIIRS750,86.43,1.68,1,moderada,2026-10-05T18:06:10,mirova-archivo,1
2012-03-17T06:10:00,357120,Villarrica,MODIS,23.31,2.00,1,moderada,2026-10-05T18:06:10,mirova-archivo,1
2012-03-18T03:35:00,357120,Villarrica,MODIS,1.524,1.41,1,baja,2026-10-05T18:06:10,mirova-archivo,1
2012-03-21T05:45:00,357120,Villarrica,MODIS,16.94,1.41,1,moderada,2026-10-05T18:06:10,mirova-archivo,1
2012-03-21T05:54:00,357120,Villarrica,VIIRS750,18.33,0.75,1,moderada,2026-10-05T18:06:10,mirova-archivo,1
2012-03-22T05:36:00,357120,Villarrica,VIIRS750,32.73,1.68,1,moderada,2026-10-05T18:06:10,mirova-archivo,1
2012-03-23T03:50:00,357120,Villarrica,MODIS,19.34,1.41,1,moderada,2026-10-05T18:06:10,mirova-archivo,1
2012-03-23T05:18:00,357120,Villarrica,VIIRS375,0.409,0.84,1,muy baja,2026-10-05T18:06:10,mirova-archivo,1
2012-03-25T03:40:00,357120,Villarrica,MODIS,38.29,1.41,1,moderada,2026-10-05T18:06:10,mirova-archivo,1
2012-03-26T06:00:00,357120,Villarrica,MODIS,15.03,1.41,1,moderada,2026-10-05T18:06:10,mirova-archivo,1
2012-03-27T05:42:00,357120,Villarrica,VIIRS750,25.95,1.68,1,moderada,2026-10-05T18:06:10,mirova-archivo,1
2012-03-28T05:50:00,357120,Villarrica,MODIS,12.5,1.41,1,moderada,2026-10-05T18:06:10,mirova-archivo,1
2012-03-31T06:06:00,357120,Villarrica,VIIRS375,0.03471,0.84,1,muy baja,2026-10-05T18:06:10,mirova-archivo,1
2012-04-01T05:48:00,357120,Villarrica,VIIRS375,4.266,0.84,1,baja,2026-10-05T18:06:10,mirova-archivo,1
2012-04-02T05:30:00,357120,Villarrica,VIIRS375,1.404,1.06,1,baja,2026-10-05T18:06:10,mirova-archivo,1
2012-04-03T05:12:00,357120,Villarrica,VIIRS375,0.04097,0.84,1,muy baja,2026-10-05T18:06:10,mirova-archivo,1
2012-04-05T06:12:00,357120,Villarrica,VIIRS375,0.2169,0.84,1,muy baja,2026-10-05T18:06:10,mirova-archivo,1
2012-04-08T03:50:00,357120,Villarrica,MODIS,36.96,1.41,1,moderada,2026-10-05T18:06:10,mirova-archivo,1
2012-04-08T05:18:00,357120,Villarrica,VIIRS375,4.146,1.35,1,baja,2026-10-05T18:06:10,mirova-archivo,1
2012-04-09T06:15:00,357120,Villarrica,MODIS,39.36,2.00,1,moderada,2026-10-05T18:06:10,mirova-archivo,1
2012-04-09T06:36:00,357120,Villarrica,VIIRS375,0.2116,1.12,1,muy baja,2026-10-05T18:06:10,mirova-archivo,1
2012-04-10T03:40:00,357120,Villarrica,MODIS,64.22,1.41,1,moderada,2026-10-05T18:06:10,mirova-archivo,1
2012-04-10T06:18:00,357120,Villarrica,VIIRS375,13.13,0.84,1,moderada,2026-10-05T18:06:10,mirova-archivo,1
2012-04-11T06:00:00,357120,Villarrica,VIIRS750,12.14,1.68,1,moderada,2026-10-05T18:06:10,mirova-archivo,1
2012-04-11T06:05:00,357120,Villarrica,MODIS,51.24,1.41,1,moderada,2026-10-05T18:06:10,mirova-archivo,1
2012-04-12T03:25:00,357120,Villarrica,MODIS,1.397,1.41,1,baja,2026-10-05T18:06:10,mirova-archivo,1
2012-04-12T05:42:00,357120,Villarrica,VIIRS750,45.99,1.68,1,moderada,2026-10-05T18:06:10,mirova-archivo,1
2012-04-13T04:10:00,357120,Villarrica,MODIS,67.87,9.06,0,fuera de radio,2026-10-05T18:06:10,mirova-archivo,1
2012-04-13T05:24:00,357120,Villarrica,VIIRS750,69.11,9.12,0,fuera de radio,2026-10-05T18:06:10,mirova-archivo,1
2012-04-13T05:50:00,357120,Villarrica,MODIS,4.264,1.00,1,baja,2026-10-05T18:06:10,mirova-archivo,1
2012-04-15T04:00:00,357120,Villarrica,MODIS,5.016,1.41,1,baja,2026-10-05T18:06:10,mirova-archivo,1
2012-04-16T06:06:00,357120,Villarrica,VIIRS375,1.953,0.84,1,baja,2026-10-05T18:06:10,mirova-archivo,1
2012-04-17T03:45:00,357120,Villarrica,MODIS,37.28,2.24,1,moderada,2026-10-05T18:06:10,mirova-archivo,1
2012-04-17T05:48:00,357120,Villarrica,VIIRS750,33.11,1.68,1,moderada,2026-10-05T18:06:10,mirova-archivo,1
2012-04-18T05:30:00,357120,Villarrica,VIIRS375,3.353,1.68,1,baja,2026-10-05T18:06:10,mirova-archivo,1
2012-04-19T03:35:00,357120,Villarrica,MODIS,9.852,2.24,1,baja,2026-10-05T18:06:10,mirova-archivo,1
2012-04-19T05:12:00,357120,Villarrica,VIIRS375,0.02869,0.84,1,muy baja,2026-10-05T18:06:10,mirova-archivo,1
2012-04-20T05:55:00,357120,Villarrica,MODIS,14.44,1.41,1,moderada,2026-10-05T18:06:10,mirova-archivo,1
2012-04-21T06:12:00,357120,Villarrica,VIIRS375,0.1486,0.53,1,muy baja,2026-10-05T18:06:10,mirova-archivo,1
2012-04-22T05:54:00,357120,Villarrica,VIIRS375,1.572,0.84,1,baja,2026-10-05T18:06:10,mirova-archivo,1
2012-04-23T05:36:00,357120,Villarrica,VIIRS750,9.036,1.68,1,baja,2026-10-05T18:06:10,mirova-archivo,1
2012-04-24T03:50:00,357120,Villarrica,MODIS,0.1946,1.41,1,muy baja,2026-10-05T18:06:10,mirova-archivo,1
2012-04-26T03:40:00,357120,Villarrica,MODIS,490.8,9.06,0,fuera de radio,2026-10-05T18:06:10,mirova-archivo,1
2012-04-26T04:36:00,357120,Villarrica,VIIRS750,209.4,10.61,0,fuera de radio,2026-10-05T18:06:10,mirova-archivo,1
2012-04-26T05:20:00,357120,Villarrica,MODIS,230.1,9.49,0,fuera de radio,2026-10-05T18:06:10,mirova-archivo,1
2012-04-26T06:18:00,357120,Villarrica,VIIRS750,57.95,9.12,0,fuera de radio,2026-10-05T18:06:10,mirova-archivo,1
2012-05-08T05:54:00,357120,Villarrica,VIIRS375,0.06334,0.84,1,muy baja,2026-10-05T18:06:10,mirova-archivo,1
2012-05-09T05:36:00,357120,Villarrica,VIIRS375,0.2951,1.19,1,muy baja,2026-10-05T18:06:10,mirova-archivo,1
2012-05-13T06:05:00,357120,Villarrica,MODIS,2.433,1.41,1,baja,2026-10-05T18:06:10,mirova-archivo,1
2012-05-14T05:42:00,357120,Villarrica,VIIRS375,0.4679,0.84,1,muy baja,2026-10-05T18:06:10,mirova-archivo,1
2012-05-22T05:55:00,357120,Villarrica,MODIS,0.4847,1.00,1,muy baja,2026-10-05T18:06:10,mirova-archivo,1
2012-06-07T05:55:00,357120,Villarrica,MODIS,10.42,1.41,1,moderada,2026-10-05T18:06:10,mirova-archivo,1
2012-06-09T05:54:00,357120,Villarrica,VIIRS375,0.5797,0.84,1,muy baja,2026-10-05T18:06:10,mirova-archivo,1
2012-06-10T05:36:00,357120,Villarrica,VIIRS375,0.6719,0.84,1,muy baja,2026-10-05T18:06:10,mirova-archivo,1
2012-06-23T06:30:00,357120,Villarrica,VIIRS375,0.3073,11.86,0,no volcanica,2026-10-05T18:06:10,mirova-archivo,0
2012-06-25T05:54:00,357120,Villarrica,VIIRS375,0.1411,0.84,1,muy baja,2026-10-05T18:06:10,mirova-archivo,1
2012-06-27T05:18:00,357120,Villarrica,VIIRS375,0.7146,13.65,0,no volcanica,2026-10-05T18:06:10,mirova-archivo,0
2012-07-25T04:48:00,357120,Villarrica,VIIRS375,0.2751,19.49,0,no volcanica,2026-10-05T18:06:10,mirova-archivo,0
2012-08-12T05:54:00,357120,Villarrica,VIIRS375,0.1907,25.77,0,no volcanica,2026-10-05T18:06:10,mirova-archivo,0
2012-09-14T05:36:00,357120,Villarrica,VIIRS375,0.8289,17.45,0,no volcanica,2026-10-05T18:06:10,mirova-archivo,0
2012-09-25T05:30:00,357120,Villarrica,VIIRS375,0.7798,16.88,0,no volcanica,2026-10-05T18:06:10,mirova-archivo,0
2012-12-08T05:42:00,357120,Villarrica,VIIRS375,0.7453,1.06,1,muy baja,2026-10-05T18:06:10,mirova-archivo,1
2013-01-04T05:36:00,357120,Villarrica,VIIRS375,0.3368,0.84,1,muy baja,2026-10-05T18:06:10,mirova-archivo,1
2013-01-09T05:42:00,357120,Villarrica,VIIRS375,0.6559,0.84,1,muy baja,2026-10-05T18:06:10,mirova-archivo,1
2013-01-13T06:06:00,357120,Villarrica,VIIRS375,0.3326,10.90,0,no volcanica,2026-10-05T18:06:10,mirova-archivo,0
2013-01-14T05:48:00,357120,Villarrica,VIIRS375,0.2275,0.53,1,muy baja,2026-10-05T18:06:10,mirova-archivo,1
2013-01-25T05:42:00,357120,Villarrica,VIIRS375,1.419,1.06,1,baja,2026-10-05T18:06:10,mirova-archivo,1
2013-01-30T05:48:00,357120,Villarrica,VIIRS375,0.2806,0.84,1,muy baja,2026-10-05T18:06:10,mirova-archivo,1
2013-02-01T05:12:00,357120,Villarrica,VIIRS375,0.4995,14.48,0,no volcanica,2026-10-05T18:06:10,mirova-archivo,0
2013-02-05T05:36:00,357120,Villarrica,VIIRS375,0.7408,0.84,1,muy baja,2026-10-05T18:06:10,mirova-archivo,1
2013-02-18T04:48:00,357120,Villarrica,VIIRS375,1.615,17.93,0,no volcanica,2026-10-05T18:06:10,mirova-archivo,0
2013-02-26T05:42:00,357120,Villarrica,VIIRS375,0.7342,0.84,1,muy baja,2026-10-05T18:06:10,mirova-archivo,1
2013-03-25T05:36:00,357120,Villarrica,VIIRS375,0.6928,0.84,1,muy baja,2026-10-05T18:06:10,mirova-archivo,1
2013-04-04T05:48:00,357120,Villarrica,VIIRS375,0.1161,0.53,1,muy baja,2026-10-05T18:06:10,mirova-archivo,1
2013-04-15T05:42:00,357120,Villarrica,VIIRS375,1.139,0.84,1,baja,2026-10-05T18:06:10,mirova-archivo,1
2013-04-20T05:48:00,357120,Villarrica,VIIRS375,0.2491,0.84,1,muy baja,2026-10-05T18:06:10,mirova-archivo,1
2013-04-26T05:36:00,357120,Villarrica,VIIRS375,0.2369,0.84,1,muy baja,2026-10-05T18:06:10,mirova-archivo,1
2013-05-17T05:42:00,357120,Villarrica,VIIRS375,0.1316,0.84,1,muy baja,2026-10-05T18:06:10,mirova-archivo,1
2013-05-22T05:48:00,357120,Villarrica,VIIRS375,0.06768,0.84,1,muy baja,2026-10-05T18:06:10,mirova-archivo,1
2013-07-03T06:00:00,357120,Villarrica,VIIRS375,0.2367,21.08,0,no volcanica,2026-10-05T18:06:10,mirova-archivo,0
2013-07-05T05:24:00,357120,Villarrica,VIIRS375,0.3565,8.39,0,no volcanica,2026-10-05T18:06:10,mirova-archivo,0
2013-07-25T05:48:00,357120,Villarrica,VIIRS375,0.1947,0.53,1,muy baja,2026-10-05T18:06:10,mirova-archivo,1
2013-08-07T03:15:00,357120,Villarrica,MODIS,0.4998,2.24,0,no volcanica,2026-10-05T18:06:10,mirova-archivo,0
2013-08-21T05:42:00,357120,Villarrica,VIIRS375,0.3522,18.81,0,no volcanica,2026-10-05T18:06:10,mirova-archivo,0
2013-08-30T04:36:00,357120,Villarrica,VIIRS375,0.5698,12.74,0,no volcanica,2026-10-05T18:06:10,mirova-archivo,0
2013-09-27T05:48:00,357120,Villarrica,VIIRS375,1.055,18.00,0,no volcanica,2026-10-05T18:06:10,mirova-archivo,0
2013-10-24T05:42:00,357120,Villarrica,VIIRS375,1.197,4.88,1,baja,2026-10-05T18:06:10,mirova-archivo,1
2013-10-29T05:48:00,357120,Villarrica,VIIRS375,0.5214,1.06,1,muy baja,2026-10-05T18:06:10,mirova-archivo,1
2013-11-04T05:36:00,357120,Villarrica,VIIRS375,0.3725,0.84,1,muy baja,2026-10-05T18:06:10,mirova-archivo,1
2013-11-20T05:36:00,357120,Villarrica,VIIRS375,0.5899,0.84,1,muy baja,2026-10-05T18:06:10,mirova-archivo,1
2013-11-25T05:42:00,357120,Villarrica,VIIRS375,0.245,1.06,1,muy baja,2026-10-05T18:06:10,mirova-archivo,1
2013-11-30T05:48:00,357120,Villarrica,VIIRS375,3.522,21.87,0,no volcanica,2026-10-05T18:06:10,mirova-archivo,0
2013-12-01T05:30:00,357120,Villarrica,VIIRS375,0.2254,0.84,1,muy baja,2026-10-05T18:06:10,mirova-archivo,1
2013-12-11T05:42:00,357120,Villarrica,VIIRS375,0.8136,1.06,1,muy baja,2026-10-05T18:06:10,mirova-archivo,1
2013-12-22T05:36:00,357120,Villarrica,VIIRS375,1.07,0.84,1,baja,2026-10-05T18:06:10,mirova-archivo,1
2013-12-27T05:42:00,357120,Villarrica,VIIRS375,1.035,0.84,1,baja,2026-10-05T18:06:10,mirova-archivo,1
2014-01-07T05:36:00,357120,Villarrica,VIIRS375,0.7984,0.84,1,muy baja,2026-10-05T18:06:10,mirova-archivo,1
2014-01-17T05:54:00,357120,Villarrica,VIIRS375,0.5389,1.06,1,muy baja,2026-10-05T18:06:10,mirova-archivo,1
2014-01-28T05:48:00,357120,Villarrica,VIIRS375,1.625,1.06,1,baja,2026-10-05T18:06:10,mirova-archivo,1
2014-02-13T05:48:00,357120,Villarrica,VIIRS375,1.411,0.84,1,baja,2026-10-05T18:06:10,mirova-archivo,1
2014-02-18T05:54:00,357120,Villarrica,VIIRS375,0.8552,0.84,1,muy baja,2026-10-05T18:06:10,mirova-archivo,1
2014-02-19T05:36:00,357120,Villarrica,VIIRS375,0.1561,0.84,1,muy baja,2026-10-05T18:06:10,mirova-archivo,1
2014-02-24T05:42:00,357120,Villarrica,VIIRS375,0.559,1.06,1,muy baja,2026-10-05T18:06:10,mirova-archivo,1
2014-03-01T05:48:00,357120,Villarrica,VIIRS375,1.031,1.06,1,baja,2026-10-05T18:06:10,mirova-archivo,1
2014-03-06T05:54:00,357120,Villarrica,VIIRS375,0.9248,0.84,1,muy baja,2026-10-05T18:06:10,mirova-archivo,1
2014-03-22T05:54:00,357120,Villarrica,VIIRS375,1.134,0.84,1,baja,2026-10-05T18:06:10,mirova-archivo,1
2014-03-23T05:36:00,357120,Villarrica,VIIRS375,0.05211,0.84,1,muy baja,2026-10-05T18:06:10,mirova-archivo,1
2014-03-28T05:42:00,357120,Villarrica,VIIRS375,1.11,1.19,1,baja,2026-10-05T18:06:10,mirova-archivo,1
2014-04-02T05:48:00,357120,Villarrica,VIIRS375,0.5083,22.51,0,no volcanica,2026-10-05T18:06:10,mirova-archivo,0
2014-04-13T05:42:00,357120,Villarrica,VIIRS375,1.085,0.84,1,baja,2026-10-05T18:06:10,mirova-archivo,1
2014-04-23T03:45:00,357120,Villarrica,MODIS,0.2143,1.00,1,muy baja,2026-10-05T18:06:10,mirova-archivo,1
2014-04-23T05:54:00,357120,Villarrica,VIIRS375,1.103,0.84,1,baja,2026-10-05T18:06:10,mirova-archivo,1
2014-04-24T05:36:00,357120,Villarrica,VIIRS375,0.282,0.84,1,muy baja,2026-10-05T18:06:10,mirova-archivo,1
2014-04-29T05:42:00,357120,Villarrica,VIIRS375,0.8456,0.84,1,muy baja,2026-10-05T18:06:10,mirova-archivo,1
2014-05-09T03:45:00,357120,Villarrica,MODIS,0.1176,1.00,1,muy baja,2026-10-05T18:06:10,mirova-archivo,1
2014-05-09T05:54:00,357120,Villarrica,VIIRS375,0.4603,0.84,1,muy baja,2026-10-05T18:06:10,mirova-archivo,1
2014-06-07T06:54:00,357120,Villarrica,VIIRS375,0.2249,24.25,0,no volcanica,2026-10-05T18:06:10,mirova-archivo,0
2014-06-29T05:55:00,357120,Villarrica,MODIS,0.3939,0.00,1,muy baja,2026-10-05T18:06:10,mirova-archivo,1
2014-06-30T06:18:00,357120,Villarrica,VIIRS375,0.1688,10.40,0,no volcanica,2026-10-05T18:06:10,mirova-archivo,0
2014-07-02T05:42:00,357120,Villarrica,VIIRS375,0.1701,13.50,0,no volcanica,2026-10-05T18:06:10,mirova-archivo,0
2014-07-12T05:54:00,357120,Villarrica,VIIRS375,0.1052,0.84,1,muy baja,2026-10-05T18:06:10,mirova-archivo,1
2014-07-13T05:36:00,357120,Villarrica,VIIRS375,0.1466,7.88,0,no volcanica,2026-10-05T18:06:10,mirova-archivo,0
2014-07-15T05:00:00,357120,Villarrica,VIIRS375,0.2649,21.32,0,no volcanica,2026-10-05T18:06:10,mirova-archivo,0
2014-07-16T06:24:00,357120,Villarrica,VIIRS375,0.2249,23.65,0,no volcanica,2026-10-05T18:06:10,mirova-archivo,0
2014-08-08T05:48:00,357120,Villarrica,VIIRS375,1.087,0.84,1,baja,2026-10-05T18:06:10,mirova-archivo,1
2014-08-13T05:54:00,357120,Villarrica,VIIRS375,0.0828,0.84,1,muy baja,2026-10-05T18:06:10,mirova-archivo,1
2014-08-19T05:42:00,357120,Villarrica,VIIRS375,0.4708,0.84,1,muy baja,2026-10-05T18:06:10,mirova-archivo,1
2014-09-14T06:00:00,357120,Villarrica,VIIRS375,0.1075,0.53,1,muy baja,2026-10-05T18:06:10,mirova-archivo,1
2014-10-01T05:36:00,357120,Villarrica,VIIRS375,0.07078,0.84,1,muy baja,2026-10-05T18:06:10,mirova-archivo,1
2014-10-11T05:54:00,357120,Villarrica,VIIRS375,0.6346,7.01,0,no volcanica,2026-10-05T18:06:10,mirova-archivo,0
2014-10-14T04:54:00,357120,Villarrica,VIIRS375,0.3898,5.41,0,no volcanica,2026-10-05T18:06:10,mirova-archivo,0
2014-12-25T05:42:00,357120,Villarrica,VIIRS375,0.02995,0.84,1,muy baja,2026-10-05T18:06:10,mirova-archivo,1
2015-01-04T03:45:00,357120,Villarrica,MODIS,0.1945,1.00,1,muy baja,2026-10-05T18:06:10,mirova-archivo,1
2015-01-04T05:54:00,357120,Villarrica,VIIRS375,1.202,0.84,1,baja,2026-10-05T18:06:10,mirova-archivo,1
2015-01-12T05:06:00,357120,Villarrica,VIIRS375,1.22,16.10,0,no volcanica,2026-10-05T18:06:10,mirova-archivo,0
2015-01-15T05:48:00,357120,Villarrica,VIIRS375,0.6108,0.84,1,muy baja,2026-10-05T18:06:10,mirova-archivo,1
2015-01-20T05:54:00,357120,Villarrica,VIIRS375,0.397,0.84,1,muy baja,2026-10-05T18:06:10,mirova-archivo,1
2015-01-23T05:00:00,357120,Villarrica,VIIRS375,0.7719,16.64,0,no volcanica,2026-10-05T18:06:10,mirova-archivo,0
2015-01-31T05:48:00,357120,Villarrica,VIIRS375,0.3893,0.53,1,muy baja,2026-10-05T18:06:10,mirova-archivo,1
2015-02-05T03:45:00,357120,Villarrica,MODIS,6.625,2.00,1,baja,2026-10-05T18:06:10,mirova-archivo,1
2015-02-05T05:54:00,357120,Villarrica,VIIRS750,10.82,1.06,1,moderada,2026-10-05T18:06:10,mirova-archivo,1
2015-02-06T05:36:00,357120,Villarrica,VIIRS750,13.04,1.68,1,moderada,2026-10-05T18:06:10,mirova-archivo,1
2015-02-06T06:10:00,357120,Villarrica,MODIS,3.706,1.00,1,baja,2026-10-05T18:06:10,mirova-archivo,1
2015-02-07T03:35:00,357120,Villarrica,MODIS,0.416,1.00,1,muy baja,2026-10-05T18:06:10,mirova-archivo,1
2015-02-07T05:18:00,357120,Villarrica,VIIRS375,0.6377,0.84,1,muy baja,2026-10-05T18:06:10,mirova-archivo,1
2015-02-10T06:00:00,357120,Villarrica,VIIRS750,7.702,1.06,1,baja,2026-10-05T18:06:10,mirova-archivo,1
2015-02-11T05:42:00,357120,Villarrica,VIIRS375,3.076,0.84,1,baja,2026-10-05T18:06:10,mirova-archivo,1
2015-02-12T05:24:00,357120,Villarrica,VIIRS375,0.05251,0.84,1,muy baja,2026-10-05T18:06:10,mirova-archivo,1
2015-02-13T05:06:00,357120,Villarrica,VIIRS375,0.303,1.68,1,muy baja,2026-10-05T18:06:10,mirova-archivo,1
2015-02-13T06:15:00,357120,Villarrica,MODIS,11.2,1.41,1,moderada,2026-10-05T18:06:10,mirova-archivo,1
2015-02-13T06:48:00,357120,Villarrica,VIIRS375,0.1293,0.84,1,muy baja,2026-10-05T18:06:10,mirova-archivo,1
2015-02-14T03:40:00,357120,Villarrica,MODIS,28.81,2.24,1,moderada,2026-10-05T18:06:10,mirova-archivo,1
2015-02-14T06:24:00,357120,Villarrica,VIIRS375,0.9344,1.06,1,muy baja,2026-10-05T18:06:10,mirova-archivo,1
2015-02-15T06:05:00,357120,Villarrica,MODIS,50.82,1.41,1,moderada,2026-10-05T18:06:10,mirova-archivo,1
2015-02-15T06:06:00,357120,Villarrica,VIIRS750,9.179,1.06,1,baja,2026-10-05T18:06:10,mirova-archivo,1
2015-02-16T05:48:00,357120,Villarrica,VIIRS750,34.73,1.06,1,moderada,2026-10-05T18:06:10,mirova-archivo,1
2015-02-17T04:10:00,357120,Villarrica,MODIS,1.421,1.41,1,baja,2026-10-05T18:06:10,mirova-archivo,1
2015-02-17T05:30:00,357120,Villarrica,VIIRS750,26.84,1.06,1,moderada,2026-10-05T18:06:10,mirova-archivo,1
2015-02-17T05:50:00,357120,Villarrica,MODIS,44.17,2.24,1,moderada,2026-10-05T18:06:10,mirova-archivo,1
2015-02-18T05:12:00,357120,Villarrica,VIIRS375,2.275,2.02,1,baja,2026-10-05T18:06:10,mirova-archivo,1
2015-02-19T04:00:00,357120,Villarrica,MODIS,1.124,1.00,1,baja,2026-10-05T18:06:10,mirova-archivo,1
2015-02-19T05:40:00,357120,Villarrica,MODIS,0.6779,0.00,1,muy baja,2026-10-05T18:06:10,mirova-archivo,1
2015-02-19T06:30:00,357120,Villarrica,VIIRS375,1.396,0.75,1,baja,2026-10-05T18:06:10,mirova-archivo,1
2015-02-20T06:12:00,357120,Villarrica,VIIRS375,9.03,1.06,1,baja,2026-10-05T18:06:10,mirova-archivo,1
2015-02-20T06:20:00,357120,Villarrica,MODIS,0.4414,1.00,1,muy baja,2026-10-05T18:06:10,mirova-archivo,1
2015-02-21T03:45:00,357120,Villarrica,MODIS,18.45,2.00,1,moderada,2026-10-05T18:06:10,mirova-archivo,1
2015-02-21T05:54:00,357120,Villarrica,VIIRS375,0.05661,0.84,1,muy baja,2026-10-05T18:06:10,mirova-archivo,1
2015-02-22T05:36:00,357120,Villarrica,VIIRS750,38.48,1.68,1,moderada,2026-10-05T18:06:10,mirova-archivo,1
2015-02-22T06:10:00,357120,Villarrica,MODIS,24.24,1.41,1,moderada,2026-10-05T18:06:10,mirova-archivo,1
2015-02-23T05:18:00,357120,Villarrica,VIIRS375,0.3921,1.19,1,muy baja,2026-10-05T18:06:10,mirova-archivo,1
2015-02-24T05:55:00,357120,Villarrica,MODIS,6.567,1.41,1,baja,2026-10-05T18:06:10,mirova-archivo,1
2015-02-25T03:20:00,357120,Villarrica,MODIS,0.5725,1.00,1,muy baja,2026-10-05T18:06:10,mirova-archivo,1
2015-02-26T05:45:00,357120,Villarrica,MODIS,4.471,1.41,1,baja,2026-10-05T18:06:10,mirova-archivo,1
2015-02-26T06:00:00,357120,Villarrica,VIIRS750,8.89,1.06,1,baja,2026-10-05T18:06:10,mirova-archivo,1
2015-02-27T05:42:00,357120,Villarrica,VIIRS750,44.34,1.06,1,moderada,2026-10-05T18:06:10,mirova-archivo,1
2015-02-28T03:50:00,357120,Villarrica,MODIS,76.21,2.24,1,moderada,2026-10-05T18:06:10,mirova-archivo,1
2015-02-28T05:24:00,357120,Villarrica,VIIRS750,37.71,2.37,1,moderada,2026-10-05T18:06:10,mirova-archivo,1
2015-02-28T05:30:00,357120,Villarrica,MODIS,30.17,2.24,1,moderada,2026-10-05T18:06:10,mirova-archivo,1
2015-02-28T14:55:00,357120,Villarrica,MODIS,56.46,1.00,1,moderada,2026-10-05T18:06:10,mirova-archivo,1
2015-02-28T19:10:00,357120,Villarrica,MODIS,52.01,2.24,1,moderada,2026-10-05T18:06:10,mirova-archivo,1
2015-03-01T02:55:00,357120,Villarrica,MODIS,30.92,6.08,0,fuera de radio,2026-10-05T18:06:10,mirova-archivo,1
2015-03-01T04:35:00,357120,Villarrica,MODIS,57.77,2.24,1,moderada,2026-10-05T18:06:10,mirova-archivo,1
2015-03-01T05:06:00,357120,Villarrica,VIIRS750,99.08,3.09,1,moderada,2026-10-05T18:06:10,mirova-archivo,1
2015-03-01T06:15:00,357120,Villarrica,MODIS,257.5,2.24,1,alta,2026-10-05T18:06:10,mirova-archivo,1
2015-03-01T06:48:00,357120,Villarrica,VIIRS750,97.93,2.70,1,moderada,2026-10-05T18:06:10,mirova-archivo,1
2015-03-01T18:15:00,357120,Villarrica,MODIS,60.13,1.41,1,moderada,2026-10-05T18:06:10,mirova-archivo,1
2015-03-02T03:40:00,357120,Villarrica,MODIS,303.2,2.24,1,alta,2026-10-05T18:06:10,mirova-archivo,1
2015-03-02T04:48:00,357120,Villarrica,VIIRS750,367.5,6.05,0,fuera de radio,2026-10-05T18:06:10,mirova-archivo,1
2015-03-02T05:20:00,357120,Villarrica,MODIS,183.5,4.47,1,alta,2026-10-05T18:06:10,mirova-archivo,1
2015-03-02T06:24:00,357120,Villarrica,VIIRS750,49.3,1.68,1,moderada,2026-10-05T18:06:10,mirova-archivo,1
2015-03-02T14:45:00,357120,Villarrica,MODIS,121.7,1.41,1,alta,2026-10-05T18:06:10,mirova-archivo,1
2015-03-03T04:20:00,357120,Villarrica,MODIS,13.45,2.83,1,moderada,2026-10-05T18:06:10,mirova-archivo,1
2015-03-03T06:05:00,357120,Villarrica,MODIS,3471,2.83,1,muy alta,2026-10-05T18:06:10,mirova-archivo,1
2015-03-03T06:06:00,357120,Villarrica,VIIRS750,1.073e+04,4.74,1,muy alta,2026-10-05T18:06:10,mirova-archivo,1
2015-03-04T03:25:00,357120,Villarrica,MODIS,42.52,2.24,1,moderada,2026-10-05T18:06:10,mirova-archivo,1
2015-03-04T05:48:00,357120,Villarrica,VIIRS750,37.79,1.06,1,moderada,2026-10-05T18:06:10,mirova-archivo,1
2015-03-04T06:45:00,357120,Villarrica,MODIS,10.25,2.24,1,moderada,2026-10-05T18:06:10,mirova-archivo,1
2015-03-05T05:30:00,357120,Villarrica,VIIRS750,9.343,1.68,1,baja,2026-10-05T18:06:10,mirova-archivo,1
2015-03-05T05:50:00,357120,Villarrica,MODIS,7.793,1.41,1,baja,2026-10-05T18:06:10,mirova-archivo,1
2015-03-06T03:15:00,357120,Villarrica,MODIS,5.861,2.24,1,baja,2026-10-05T18:06:10,mirova-archivo,1
2015-03-06T05:12:00,357120,Villarrica,VIIRS750,10.04,2.37,1,moderada,2026-10-05T18:06:10,mirova-archivo,1
2015-03-06T06:54:00,357120,Villarrica,VIIRS375,9.41,1.68,1,baja,2026-10-05T18:06:10,mirova-archivo,1
2015-03-08T06:12:00,357120,Villarrica,VIIRS375,0.1129,0.84,1,muy baja,2026-10-05T18:06:10,mirova-archivo,1
2015-03-09T03:45:00,357120,Villarrica,MODIS,2.551,1.00,1,baja,2026-10-05T18:06:10,mirova-archivo,1
2015-03-09T05:54:00,357120,Villarrica,VIIRS375,3.782,1.06,1,baja,2026-10-05T18:06:10,mirova-archivo,1
2015-03-10T05:36:00,357120,Villarrica,VIIRS375,3.908,1.35,1,baja,2026-10-05T18:06:10,mirova-archivo,1
2015-03-10T06:10:00,357120,Villarrica,MODIS,2.449,1.00,1,baja,2026-10-05T18:06:10,mirova-archivo,1
2015-03-11T03:35:00,357120,Villarrica,MODIS,1.686,1.00,1,baja,2026-10-05T18:06:10,mirova-archivo,1
2015-03-11T05:18:00,357120,Villarrica,VIIRS375,3.891,1.19,1,baja,2026-10-05T18:06:10,mirova-archivo,1
2015-03-11T07:00:00,357120,Villarrica,VIIRS375,1.622,1.12,1,baja,2026-10-05T18:06:10,mirova-archivo,1
2015-03-12T05:00:00,357120,Villarrica,VIIRS375,6.293,2.52,1,baja,2026-10-05T18:06:10,mirova-archivo,1
2015-03-12T05:55:00,357120,Villarrica,MODIS,1.472,0.00,1,baja,2026-10-05T18:06:10,mirova-archivo,1
2015-03-12T06:36:00,357120,Villarrica,VIIRS375,2.683,0.84,1,baja,2026-10-05T18:06:10,mirova-archivo,1
2015-03-13T06:18:00,357120,Villarrica,VIIRS375,1.152,0.84,1,baja,2026-10-05T18:06:10,mirova-archivo,1
2015-03-14T06:00:00,357120,Villarrica,VIIRS375,2.515,0.84,1,baja,2026-10-05T18:06:10,mirova-archivo,1
2015-03-15T05:42:00,357120,Villarrica,VIIRS375,1.289,1.35,1,baja,2026-10-05T18:06:10,mirova-archivo,1
2015-03-16T03:50:00,357120,Villarrica,MODIS,4.14,1.41,1,baja,2026-10-05T18:06:10,mirova-archivo,1
2015-03-16T05:24:00,357120,Villarrica,VIIRS375,3.089,1.35,1,baja,2026-10-05T18:06:10,mirova-archivo,1
2015-03-18T04:48:00,357120,Villarrica,VIIRS375,0.5601,2.37,1,muy baja,2026-10-05T18:06:10,mirova-archivo,1
2015-03-18T06:24:00,357120,Villarrica,VIIRS375,6.423,0.84,1,baja,2026-10-05T18:06:10,mirova-archivo,1
2015-03-19T06:06:00,357120,Villarrica,VIIRS375,0.4626,0.75,1,muy baja,2026-10-05T18:06:10,mirova-archivo,1
2015-03-20T05:48:00,357120,Villarrica,VIIRS375,0.2617,19.90,0,no volcanica,2026-10-05T18:06:10,mirova-archivo,0
2015-03-23T04:00:00,357120,Villarrica,MODIS,0.9717,0.00,1,muy baja,2026-10-05T18:06:10,mirova-archivo,1
2015-03-24T06:12:00,357120,Villarrica,VIIRS375,6.35,0.84,1,baja,2026-10-05T18:06:10,mirova-archivo,1
2015-03-25T05:54:00,357120,Villarrica,VIIRS750,27.67,1.06,1,moderada,2026-10-05T18:06:10,mirova-archivo,1
2015-03-26T05:36:00,357120,Villarrica,VIIRS750,26.15,1.06,1,moderada,2026-10-05T18:06:10,mirova-archivo,1
2015-03-26T06:10:00,357120,Villarrica,MODIS,10.42,1.41,1,moderada,2026-10-05T18:06:10,mirova-archivo,1
2015-03-27T03:35:00,357120,Villarrica,MODIS,18.32,2.24,1,moderada,2026-10-05T18:06:10,mirova-archivo,1
2015-03-27T07:00:00,357120,Villarrica,VIIRS375,1.627,1.91,1,baja,2026-10-05T18:06:10,mirova-archivo,1
2015-03-28T05:00:00,357120,Villarrica,VIIRS375,3.976,2.37,1,baja,2026-10-05T18:06:10,mirova-archivo,1
2015-03-28T05:55:00,357120,Villarrica,MODIS,36.67,2.24,1,moderada,2026-10-05T18:06:10,mirova-archivo,1
2015-03-28T06:36:00,357120,Villarrica,VIIRS375,2.422,0.84,1,baja,2026-10-05T18:06:10,mirova-archivo,1
2015-03-30T04:05:00,357120,Villarrica,MODIS,20.83,2.24,1,moderada,2026-10-05T18:06:10,mirova-archivo,1
2015-03-30T05:45:00,357120,Villarrica,MODIS,17.11,1.00,1,moderada,2026-10-05T18:06:10,mirova-archivo,1
2015-03-30T06:00:00,357120,Villarrica,VIIRS750,5.366,1.06,1,baja,2026-10-05T18:06:10,mirova-archivo,1
2015-03-31T05:42:00,357120,Villarrica,VIIRS750,15.92,1.06,1,moderada,2026-10-05T18:06:10,mirova-archivo,1
2015-03-31T06:25:00,357120,Villarrica,MODIS,3.167,2.24,1,baja,2026-10-05T18:06:10,mirova-archivo,1
2015-04-01T03:50:00,357120,Villarrica,MODIS,1.952,1.00,1,baja,2026-10-05T18:06:10,mirova-archivo,1
2015-04-01T05:24:00,357120,Villarrica,VIIRS375,0.5985,1.19,1,muy baja,2026-10-05T18:06:10,mirova-archivo,1
2015-04-03T03:40:00,357120,Villarrica,MODIS,6.742,1.00,1,baja,2026-10-05T18:06:10,mirova-archivo,1
2015-04-03T04:48:00,357120,Villarrica,VIIRS375,6.039,4.88,1,baja,2026-10-05T18:06:10,mirova-archivo,1
2015-04-03T06:24:00,357120,Villarrica,VIIRS750,7.189,1.06,1,baja,2026-10-05T18:06:10,mirova-archivo,1
2015-04-05T03:30:00,357120,Villarrica,MODIS,2.532,2.00,1,baja,2026-10-05T18:06:10,mirova-archivo,1
2015-04-05T05:48:00,357120,Villarrica,VIIRS375,1.734,0.84,1,baja,2026-10-05T18:06:10,mirova-archivo,1
2015-04-06T05:30:00,357120,Villarrica,VIIRS375,0.9731,1.19,1,muy baja,2026-10-05T18:06:10,mirova-archivo,1
2015-04-07T05:12:00,357120,Villarrica,VIIRS375,4.447,2.02,1,baja,2026-10-05T18:06:10,mirova-archivo,1
2015-04-09T06:12:00,357120,Villarrica,VIIRS750,29.52,1.06,1,moderada,2026-10-05T18:06:10,mirova-archivo,1
2015-04-09T06:20:00,357120,Villarrica,MODIS,23.77,2.24,1,moderada,2026-10-05T18:06:10,mirova-archivo,1
2015-04-10T03:45:00,357120,Villarrica,MODIS,11.53,2.00,1,moderada,2026-10-05T18:06:10,mirova-archivo,1
2015-04-10T05:54:00,357120,Villarrica,VIIRS750,11.96,1.68,1,moderada,2026-10-05T18:06:10,mirova-archivo,1
2015-04-11T05:36:00,357120,Villarrica,VIIRS375,5.277,1.19,1,baja,2026-10-05T18:06:10,mirova-archivo,1
2015-04-11T06:10:00,357120,Villarrica,MODIS,13.5,1.41,1,moderada,2026-10-05T18:06:10,mirova-archivo,1
2015-04-12T03:35:00,357120,Villarrica,MODIS,17.68,2.24,1,moderada,2026-10-05T18:06:10,mirova-archivo,1
2015-04-12T05:18:00,357120,Villarrica,VIIRS375,1.655,1.35,1,baja,2026-10-05T18:06:10,mirova-archivo,1
2015-04-14T06:18:00,357120,Villarrica,VIIRS750,13.31,1.68,1,moderada,2026-10-05T18:06:10,mirova-archivo,1
2015-04-17T05:24:00,357120,Villarrica,VIIRS375,0.4554,1.55,1,muy baja,2026-10-05T18:06:10,mirova-archivo,1
2015-04-19T14:45:00,357120,Villarrica,MODIS,83.87,1.41,1,moderada,2026-10-05T18:06:10,mirova-archivo,1
2015-04-20T04:25:00,357120,Villarrica,MODIS,23.69,2.24,1,moderada,2026-10-05T18:06:10,mirova-archivo,1
2015-04-20T06:05:00,357120,Villarrica,MODIS,29.38,1.41,1,moderada,2026-10-05T18:06:10,mirova-archivo,1
2015-04-20T06:06:00,357120,Villarrica,VIIRS750,23.4,1.50,1,moderada,2026-10-05T18:06:10,mirova-archivo,1
2015-04-20T15:25:00,357120,Villarrica,MODIS,57.4,2.24,1,moderada,2026-10-05T18:06:10,mirova-archivo,1
2015-04-21T05:48:00,357120,Villarrica,VIIRS750,212,1.68,1,alta,2026-10-05T18:06:10,mirova-archivo,1
2015-04-21T06:45:00,357120,Villarrica,MODIS,45.33,6.00,0,no volcanica,2026-10-05T18:06:10,mirova-archivo,0
2015-04-21T18:45:00,357120,Villarrica,MODIS,154.9,2.83,1,alta,2026-10-05T18:06:10,mirova-archivo,1
2015-04-22T04:10:00,357120,Villarrica,MODIS,180.4,3.00,1,alta,2026-10-05T18:06:10,mirova-archivo,1
2015-04-22T05:30:00,357120,Villarrica,VIIRS750,174.9,1.68,1,alta,2026-10-05T18:06:10,mirova-archivo,1
2015-04-22T05:50:00,357120,Villarrica,MODIS,292.3,2.24,1,alta,2026-10-05T18:06:10,mirova-archivo,1
2015-04-22T15:15:00,357120,Villarrica,MODIS,304.5,6.40,0,no volcanica,2026-10-05T18:06:10,mirova-archivo,0
2015-04-23T05:12:00,357120,Villarrica,VIIRS375,1.732,2.52,1,baja,2026-10-05T18:06:10,mirova-archivo,1
2015-04-23T06:35:00,357120,Villarrica,MODIS,223.1,3.16,1,alta,2026-10-05T18:06:10,mirova-archivo,1
2015-04-23T06:48:00,357120,Villarrica,VIIRS750,17.64,1.68,1,moderada,2026-10-05T18:06:10,mirova-archivo,1
2015-04-23T18:35:00,357120,Villarrica,MODIS,128.8,2.24,1,alta,2026-10-05T18:06:10,mirova-archivo,1
2015-04-24T04:00:00,357120,Villarrica,MODIS,111.4,2.24,1,alta,2026-10-05T18:06:10,mirova-archivo,1
2015-04-24T05:40:00,357120,Villarrica,MODIS,179.6,2.24,1,alta,2026-10-05T18:06:10,mirova-archivo,1
2015-04-24T06:30:00,357120,Villarrica,VIIRS750,59,1.68,1,moderada,2026-10-05T18:06:10,mirova-archivo,1
2015-04-24T15:05:00,357120,Villarrica,MODIS,56.59,2.00,1,moderada,2026-10-05T18:06:10,mirova-archivo,1
2015-04-24T19:15:00,357120,Villarrica,MODIS,77.05,2.24,1,moderada,2026-10-05T18:06:10,mirova-archivo,1
2015-04-25T03:05:00,357120,Villarrica,MODIS,54.19,6.08,0,fuera de radio,2026-10-05T18:06:10,mirova-archivo,1
2015-04-25T04:30:00,357120,Villarrica,VIIRS375,23.15,6.06,0,fuera de radio,2026-10-05T18:06:10,mirova-archivo,1
2015-04-25T06:12:00,357120,Villarrica,VIIRS750,132.3,1.68,1,alta,2026-10-05T18:06:10,mirova-archivo,1
2015-04-25T06:20:00,357120,Villarrica,MODIS,133.8,2.00,1,alta,2026-10-05T18:06:10,mirova-archivo,1
2015-04-25T18:20:00,357120,Villarrica,MODIS,72.77,3.16,1,moderada,2026-10-05T18:06:10,mirova-archivo,1
2015-04-26T03:45:00,357120,Villarrica,MODIS,202.6,2.00,1,alta,2026-10-05T18:06:10,mirova-archivo,1
2015-04-26T05:25:00,357120,Villarrica,MODIS,113.2,3.16,1,alta,2026-10-05T18:06:10,mirova-archivo,1
2015-04-26T05:54:00,357120,Villarrica,VIIRS750,223.4,1.68,1,alta,2026-10-05T18:06:10,mirova-archivo,1
2015-04-26T14:50:00,357120,Villarrica,MODIS,61.16,1.41,1,moderada,2026-10-05T18:06:10,mirova-archivo,1
2015-04-27T04:30:00,357120,Villarrica,MODIS,60.94,3.00,1,moderada,2026-10-05T18:06:10,mirova-archivo,1
2015-04-27T05:36:00,357120,Villarrica,VIIRS750,201.6,2.37,1,alta,2026-10-05T18:06:10,mirova-archivo,1
2015-04-27T06:10:00,357120,Villarrica,MODIS,202.1,2.24,1,alta,2026-10-05T18:06:10,mirova-archivo,1
2015-04-27T18:10:00,357120,Villarrica,MODIS,58.15,6.08,0,fuera de radio,2026-10-05T18:06:10,mirova-archivo,1
2015-04-28T03:35:00,357120,Villarrica,MODIS,22.51,2.24,1,moderada,2026-10-05T18:06:10,mirova-archivo,1
2015-04-28T05:18:00,357120,Villarrica,VIIRS375,1.768,1.35,1,baja,2026-10-05T18:06:10,mirova-archivo,1
2015-04-28T06:54:00,357120,Villarrica,VIIRS750,19.31,2.70,1,moderada,2026-10-05T18:06:10,mirova-archivo,1
2015-04-28T14:40:00,357120,Villarrica,MODIS,116.3,2.00,1,alta,2026-10-05T18:06:10,mirova-archivo,1
2015-04-29T04:15:00,357120,Villarrica,MODIS,40.47,2.83,1,moderada,2026-10-05T18:06:10,mirova-archivo,1
2015-04-29T05:00:00,357120,Villarrica,VIIRS750,21.53,3.35,1,moderada,2026-10-05T18:06:10,mirova-archivo,1
2015-04-29T05:55:00,357120,Villarrica,MODIS,178.9,2.24,1,alta,2026-10-05T18:06:10,mirova-archivo,1
2015-04-29T06:36:00,357120,Villarrica,VIIRS750,60.42,1.68,1,moderada,2026-10-05T18:06:10,mirova-archivo,1
2015-04-29T15:20:00,357120,Villarrica,MODIS,64.7,1.41,1,moderada,2026-10-05T18:06:10,mirova-archivo,1
2015-04-30T03:20:00,357120,Villarrica,MODIS,122.7,2.24,1,alta,2026-10-05T18:06:10,mirova-archivo,1
2015-04-30T04:36:00,357120,Villarrica,VIIRS375,16.54,4.88,1,moderada,2026-10-05T18:06:10,mirova-archivo,1
2015-04-30T05:00:00,357120,Villarrica,MODIS,43.54,3.00,1,moderada,2026-10-05T18:06:10,mirova-archivo,1
2015-04-30T06:18:00,357120,Villarrica,VIIRS750,161.5,1.68,1,alta,2026-10-05T18:06:10,mirova-archivo,1
2015-04-30T06:40:00,357120,Villarrica,MODIS,52.81,4.12,1,moderada,2026-10-05T18:06:10,mirova-archivo,1
2015-04-30T18:40:00,357120,Villarrica,MODIS,55.07,2.24,1,moderada,2026-10-05T18:06:10,mirova-archivo,1
2015-05-01T04:05:00,357120,Villarrica,MODIS,59.58,2.24,1,moderada,2026-10-05T18:06:10,mirova-archivo,1
2015-05-01T05:45:00,357120,Villarrica,MODIS,2.481,2.00,1,baja,2026-10-05T18:06:10,mirova-archivo,1
2015-05-01T06:00:00,357120,Villarrica,VIIRS375,6.456,1.35,1,baja,2026-10-05T18:06:10,mirova-archivo,1
2015-05-02T03:10:00,357120,Villarrica,MODIS,25.8,4.12,1,moderada,2026-10-05T18:06:10,mirova-archivo,1
2015-05-02T05:42:00,357120,Villarrica,VIIRS750,157.6,1.68,1,alta,2026-10-05T18:06:10,mirova-archivo,1
2015-05-02T06:30:00,357120,Villarrica,MODIS,28.15,2.24,1,moderada,2026-10-05T18:06:10,mirova-archivo,1
2015-05-02T18:30:00,357120,Villarrica,MODIS,83.55,3.16,1,moderada,2026-10-05T18:06:10,mirova-archivo,1
2015-05-03T03:50:00,357120,Villarrica,MODIS,37.71,2.24,1,moderada,2026-10-05T18:06:10,mirova-archivo,1
2015-05-03T05:24:00,357120,Villarrica,VIIRS750,6.867,2.12,1,baja,2026-10-05T18:06:10,mirova-archivo,1
2015-05-03T05:35:00,357120,Villarrica,MODIS,5.515,2.24,1,baja,2026-10-05T18:06:10,mirova-archivo,1
2015-05-04T02:55:00,357120,Villarrica,MODIS,3.211,2.24,1,baja,2026-10-05T18:06:10,mirova-archivo,1
2015-05-04T04:35:00,357120,Villarrica,MODIS,3.186,2.24,1,baja,2026-10-05T18:06:10,mirova-archivo,1
2015-05-04T05:06:00,357120,Villarrica,VIIRS750,15.48,2.70,1,moderada,2026-10-05T18:06:10,mirova-archivo,1
2015-05-04T06:15:00,357120,Villarrica,MODIS,9.909,2.00,1,baja,2026-10-05T18:06:10,mirova-archivo,1
2015-05-04T06:42:00,357120,Villarrica,VIIRS750,8.188,2.37,1,baja,2026-10-05T18:06:10,mirova-archivo,1
2015-05-05T03:40:00,357120,Villarrica,MODIS,192.5,2.24,1,alta,2026-10-05T18:06:10,mirova-archivo,1
2015-05-05T04:42:00,357120,Villarrica,VIIRS750,16.56,4.37,1,moderada,2026-10-05T18:06:10,mirova-archivo,1
2015-05-05T06:24:00,357120,Villarrica,VIIRS750,169.3,1.68,1,alta,2026-10-05T18:06:10,mirova-archivo,1
2015-05-05T14:45:00,357120,Villarrica,MODIS,163.1,1.41,1,alta,2026-10-05T18:06:10,mirova-archivo,1
2015-05-05T19:00:00,357120,Villarrica,MODIS,153.8,2.24,1,alta,2026-10-05T18:06:10,mirova-archivo,1
2015-05-06T04:25:00,357120,Villarrica,MODIS,6.813,2.24,1,baja,2026-10-05T18:06:10,mirova-archivo,1
2015-05-06T06:05:00,357120,Villarrica,MODIS,136.5,2.24,1,alta,2026-10-05T18:06:10,mirova-archivo,1
2015-05-06T06:06:00,357120,Villarrica,VIIRS750,89.31,1.06,1,moderada,2026-10-05T18:06:10,mirova-archivo,1
2015-05-07T03:30:00,357120,Villarrica,MODIS,229.2,2.24,1,alta,2026-10-05T18:06:10,mirova-archivo,1
2015-05-07T05:10:00,357120,Villarrica,MODIS,1.273,2.00,1,baja,2026-10-05T18:06:10,mirova-archivo,1
2015-05-07T05:48:00,357120,Villarrica,VIIRS750,175.1,1.06,1,alta,2026-10-05T18:06:10,mirova-archivo,1
2015-05-07T18:45:00,357120,Villarrica,MODIS,136.4,2.24,1,alta,2026-10-05T18:06:10,mirova-archivo,1
2015-05-08T04:10:00,357120,Villarrica,MODIS,50.91,2.24,1,moderada,2026-10-05T18:06:10,mirova-archivo,1
2015-05-08T05:30:00,357120,Villarrica,VIIRS750,44.41,2.37,1,moderada,2026-10-05T18:06:10,mirova-archivo,1
2015-05-08T05:50:00,357120,Villarrica,MODIS,41.05,2.24,1,moderada,2026-10-05T18:06:10,mirova-archivo,1
2015-05-10T04:00:00,357120,Villarrica,MODIS,187.6,2.24,1,alta,2026-10-05T18:06:10,mirova-archivo,1
2015-05-10T04:48:00,357120,Villarrica,VIIRS750,15.94,4.04,1,moderada,2026-10-05T18:06:10,mirova-archivo,1
2015-05-10T05:40:00,357120,Villarrica,MODIS,161.7,3.16,1,alta,2026-10-05T18:06:10,mirova-archivo,1
2015-05-10T06:30:00,357120,Villarrica,VIIRS750,18.97,1.50,1,moderada,2026-10-05T18:06:10,mirova-archivo,1
2015-05-11T03:05:00,357120,Villarrica,MODIS,1.183,2.83,1,baja,2026-10-05T18:06:10,mirova-archivo,1
2015-05-11T06:12:00,357120,Villarrica,VIIRS375,0.6974,1.55,1,muy baja,2026-10-05T18:06:10,mirova-archivo,1
2015-05-11T18:20:00,357120,Villarrica,MODIS,101,3.16,1,alta,2026-10-05T18:06:10,mirova-archivo,1
2015-05-12T03:45:00,357120,Villarrica,MODIS,20.42,1.41,1,moderada,2026-10-05T18:06:10,mirova-archivo,1
2015-05-12T05:25:00,357120,Villarrica,MODIS,6.423,2.00,1,baja,2026-10-05T18:06:10,mirova-archivo,1
2015-05-12T05:54:00,357120,Villarrica,VIIRS750,98.5,1.68,1,moderada,2026-10-05T18:06:10,mirova-archivo,1
2015-05-12T19:05:00,357120,Villarrica,MODIS,111,2.00,1,alta,2026-10-05T18:06:10,mirova-archivo,1
2015-05-13T05:36:00,357120,Villarrica,VIIRS750,50.16,2.12,1,moderada,2026-10-05T18:06:10,mirova-archivo,1
2015-05-13T06:10:00,357120,Villarrica,MODIS,87.11,2.24,1,moderada,2026-10-05T18:06:10,mirova-archivo,1
2015-05-14T03:35:00,357120,Villarrica,MODIS,123.1,2.24,1,alta,2026-10-05T18:06:10,mirova-archivo,1
2015-05-14T05:18:00,357120,Villarrica,VIIRS750,88.83,2.37,1,moderada,2026-10-05T18:06:10,mirova-archivo,1
2015-05-14T14:40:00,357120,Villarrica,MODIS,161,2.24,1,alta,2026-10-05T18:06:10,mirova-archivo,1
2015-05-18T05:42:00,357120,Villarrica,VIIRS375,0.1122,21.95,0,no volcanica,2026-10-05T18:06:10,mirova-archivo,0
2015-05-20T05:06:00,357120,Villarrica,VIIRS375,0.1672,0.84,1,muy baja,2026-10-05T18:06:10,mirova-archivo,1
2015-05-20T06:15:00,357120,Villarrica,MODIS,4.705,1.41,1,baja,2026-10-05T18:06:10,mirova-archivo,1
2015-05-20T06:42:00,357120,Villarrica,VIIRS375,2.179,1.19,1,baja,2026-10-05T18:06:10,mirova-archivo,1
2015-05-24T05:30:00,357120,Villarrica,VIIRS375,4.123,1.19,1,baja,2026-10-05T18:06:10,mirova-archivo,1
2015-05-24T05:50:00,357120,Villarrica,MODIS,4.117,1.41,1,baja,2026-10-05T18:06:10,mirova-archivo,1
2015-05-25T05:12:00,357120,Villarrica,VIIRS375,0.1233,1.55,1,muy baja,2026-10-05T18:06:10,mirova-archivo,1
2015-05-26T04:00:00,357120,Villarrica,MODIS,1.856,2.00,1,baja,2026-10-05T18:06:10,mirova-archivo,1
2015-05-26T06:30:00,357120,Villarrica,VIIRS375,0.08167,0.00,1,muy baja,2026-10-05T18:06:10,mirova-archivo,1
2015-05-27T06:12:00,357120,Villarrica,VIIRS375,0.7902,0.84,1,muy baja,2026-10-05T18:06:10,mirova-archivo,1
2015-05-28T03:45:00,357120,Villarrica,MODIS,13.19,2.24,1,moderada,2026-10-05T18:06:10,mirova-archivo,1
2015-05-28T05:54:00,357120,Villarrica,VIIRS750,12.32,1.68,1,moderada,2026-10-05T18:06:10,mirova-archivo,1
2015-06-02T06:00:00,357120,Villarrica,VIIRS375,0.9972,21.11,0,no volcanica,2026-10-05T18:06:10,mirova-archivo,0
2015-06-04T03:55:00,357120,Villarrica,MODIS,23.19,2.24,1,moderada,2026-10-05T18:06:10,mirova-archivo,1
2015-06-04T05:24:00,357120,Villarrica,VIIRS375,0.03699,0.84,1,muy baja,2026-10-05T18:06:10,mirova-archivo,1
2015-06-12T06:12:00,357120,Villarrica,VIIRS375,2.176,0.84,1,baja,2026-10-05T18:06:10,mirova-archivo,1
2015-06-13T03:45:00,357120,Villarrica,MODIS,33.75,2.00,1,moderada,2026-10-05T18:06:10,mirova-archivo,1
2015-06-13T05:54:00,357120,Villarrica,VIIRS375,1.689,1.06,1,baja,2026-10-05T18:06:10,mirova-archivo,1
2015-06-17T03:20:00,357120,Villarrica,MODIS,32.62,3.16,1,moderada,2026-10-05T18:06:10,mirova-archivo,1
2015-06-17T18:40:00,357120,Villarrica,MODIS,64.95,2.24,1,moderada,2026-10-05T18:06:10,mirova-archivo,1
2015-06-18T05:45:00,357120,Villarrica,MODIS,33.73,2.24,1,moderada,2026-10-05T18:06:10,mirova-archivo,1
2015-06-19T05:42:00,357120,Villarrica,VIIRS375,0.05981,0.84,1,muy baja,2026-10-05T18:06:10,mirova-archivo,1
2015-06-21T05:06:00,357120,Villarrica,VIIRS375,0.3324,1.55,1,muy baja,2026-10-05T18:06:10,mirova-archivo,1
2015-06-21T06:15:00,357120,Villarrica,MODIS,2.079,1.41,1,baja,2026-10-05T18:06:10,mirova-archivo,1
2015-06-21T06:42:00,357120,Villarrica,VIIRS375,0.03993,0.75,1,muy baja,2026-10-05T18:06:10,mirova-archivo,1
2015-06-22T03:40:00,357120,Villarrica,MODIS,69.21,2.00,1,moderada,2026-10-05T18:06:10,mirova-archivo,1
2015-06-22T06:24:00,357120,Villarrica,VIIRS375,0.61,0.84,1,muy baja,2026-10-05T18:06:10,mirova-archivo,1
2015-06-23T06:05:00,357120,Villarrica,MODIS,51.28,2.24,1,moderada,2026-10-05T18:06:10,mirova-archivo,1
2015-06-23T06:06:00,357120,Villarrica,VIIRS375,7.851,1.06,1,baja,2026-10-05T18:06:10,mirova-archivo,1
2015-06-24T03:30:00,357120,Villarrica,MODIS,46,2.00,1,moderada,2026-10-05T18:06:10,mirova-archivo,1
2015-06-24T05:48:00,357120,Villarrica,VIIRS375,15.56,1.35,1,moderada,2026-10-05T18:06:10,mirova-archivo,1
2015-06-26T06:48:00,357120,Villarrica,VIIRS375,2.446,1.55,1,baja,2026-10-05T18:06:10,mirova-archivo,1
2015-06-26T18:35:00,357120,Villarrica,MODIS,63.89,2.24,1,moderada,2026-10-05T18:06:10,mirova-archivo,1
2015-06-27T04:00:00,357120,Villarrica,MODIS,7.954,2.00,1,baja,2026-10-05T18:06:10,mirova-archivo,1
2015-06-27T05:40:00,357120,Villarrica,MODIS,52.53,1.41,1,moderada,2026-10-05T18:06:10,mirova-archivo,1
2015-06-27T06:30:00,357120,Villarrica,VIIRS375,0.1292,0.84,1,muy baja,2026-10-05T18:06:10,mirova-archivo,1
2015-06-28T06:12:00,357120,Villarrica,VIIRS375,2.368,0.84,1,baja,2026-10-05T18:06:10,mirova-archivo,1
2015-06-29T03:45:00,357120,Villarrica,MODIS,4.497,14.21,0,fuera de radio,2026-10-05T18:06:10,mirova-archivo,1
2015-06-29T05:54:00,357120,Villarrica,VIIRS375,8.457,1.06,1,baja,2026-10-05T18:06:10,mirova-archivo,1
2015-06-30T05:36:00,357120,Villarrica,VIIRS375,4.387,1.35,1,baja,2026-10-05T18:06:10,mirova-archivo,1
2015-07-01T03:35:00,357120,Villarrica,MODIS,74.06,2.24,1,moderada,2026-10-05T18:06:10,mirova-archivo,1
2015-07-01T05:18:00,357120,Villarrica,VIIRS375,2.628,1.19,1,baja,2026-10-05T18:06:10,mirova-archivo,1
2015-07-03T03:20:00,357120,Villarrica,MODIS,36.44,2.00,1,moderada,2026-10-05T18:06:10,mirova-archivo,1
2015-07-03T06:18:00,357120,Villarrica,VIIRS375,0.758,1.06,1,muy baja,2026-10-05T18:06:10,mirova-archivo,1
2015-07-03T18:40:00,357120,Villarrica,MODIS,95.37,2.24,1,moderada,2026-10-05T18:06:10,mirova-archivo,1
2015-07-04T04:05:00,357120,Villarrica,MODIS,0.4867,1.00,1,muy baja,2026-10-05T18:06:10,mirova-archivo,1
2015-07-04T05:45:00,357120,Villarrica,MODIS,44.65,2.00,1,moderada,2026-10-05T18:06:10,mirova-archivo,1
2015-07-04T06:00:00,357120,Villarrica,VIIRS375,4.541,0.84,1,baja,2026-10-05T18:06:10,mirova-archivo,1
2015-07-06T05:24:00,357120,Villarrica,VIIRS375,0.1631,19.73,0,no volcanica,2026-10-05T18:06:10,mirova-archivo,0
2015-07-10T03:30:00,357120,Villarrica,MODIS,6.946,1.41,1,baja,2026-10-05T18:06:10,mirova-archivo,1
2015-07-10T05:48:00,357120,Villarrica,VIIRS375,3.672,1.06,1,baja,2026-10-05T18:06:10,mirova-archivo,1
2015-07-12T18:35:00,357120,Villarrica,MODIS,51.98,3.16,1,moderada,2026-10-05T18:06:10,mirova-archivo,1
2015-07-13T04:00:00,357120,Villarrica,MODIS,6.35,2.00,1,baja,2026-10-05T18:06:10,mirova-archivo,1
2015-07-13T04:48:00,357120,Villarrica,VIIRS375,0.8613,2.37,1,muy baja,2026-10-05T18:06:10,mirova-archivo,1
2015-07-13T05:40:00,357120,Villarrica,MODIS,40.51,2.24,1,moderada,2026-10-05T18:06:10,mirova-archivo,1
2015-07-13T06:30:00,357120,Villarrica,VIIRS375,1.405,3.20,1,baja,2026-10-05T18:06:10,mirova-archivo,1
2015-07-14T06:12:00,357120,Villarrica,VIIRS375,0.3491,0.84,1,muy baja,2026-10-05T18:06:10,mirova-archivo,1
2015-07-18T04:54:00,357120,Villarrica,VIIRS375,1.167,2.37,1,baja,2026-10-05T18:06:10,mirova-archivo,1
2015-07-18T05:55:00,357120,Villarrica,MODIS,55.4,2.24,1,moderada,2026-10-05T18:06:10,mirova-archivo,1
2015-07-18T06:36:00,357120,Villarrica,VIIRS375,0.2903,0.84,1,muy baja,2026-10-05T18:06:10,mirova-archivo,1
2015-07-20T05:45:00,357120,Villarrica,MODIS,55.08,2.24,1,moderada,2026-10-05T18:06:10,mirova-archivo,1
2015-07-20T06:00:00,357120,Villarrica,VIIRS375,5.995,1.19,1,baja,2026-10-05T18:06:10,mirova-archivo,1
2015-07-21T05:42:00,357120,Villarrica,VIIRS375,0.9472,1.19,1,muy baja,2026-10-05T18:06:10,mirova-archivo,1
2015-07-22T05:24:00,357120,Villarrica,VIIRS375,1.078,1.19,1,baja,2026-10-05T18:06:10,mirova-archivo,1
2015-07-24T03:40:00,357120,Villarrica,MODIS,1.119,1.41,1,baja,2026-10-05T18:06:10,mirova-archivo,1
2015-07-24T06:24:00,357120,Villarrica,VIIRS375,0.03772,0.38,1,muy baja,2026-10-05T18:06:10,mirova-archivo,1
2015-08-11T03:30:00,357120,Villarrica,MODIS,0.345,1.00,1,muy baja,2026-10-05T18:06:10,mirova-archivo,1
2015-08-11T05:48:00,357120,Villarrica,VIIRS375,9.139,1.19,1,baja,2026-10-05T18:06:10,mirova-archivo,1
2015-08-12T05:30:00,357120,Villarrica,VIIRS375,16.06,1.68,1,moderada,2026-10-05T18:06:10,mirova-archivo,1
2015-08-12T05:50:00,357120,Villarrica,MODIS,62.4,1.41,1,moderada,2026-10-05T18:06:10,mirova-archivo,1
2015-08-13T06:48:00,357120,Villarrica,VIIRS375,4.413,1.55,1,baja,2026-10-05T18:06:10,mirova-archivo,1
2015-08-14T05:40:00,357120,Villarrica,MODIS,41.39,2.00,1,moderada,2026-10-05T18:06:10,mirova-archivo,1
2015-08-14T06:30:00,357120,Villarrica,VIIRS375,0.6945,0.84,1,muy baja,2026-10-05T18:06:10,mirova-archivo,1
2015-08-16T03:45:00,357120,Villarrica,MODIS,66.1,2.24,1,moderada,2026-10-05T18:06:10,mirova-archivo,1
2015-08-16T05:54:00,357120,Villarrica,VIIRS375,8.499,1.35,1,baja,2026-10-05T18:06:10,mirova-archivo,1
2015-08-17T05:36:00,357120,Villarrica,VIIRS375,6.252,1.19,1,baja,2026-10-05T18:06:10,mirova-archivo,1
2015-08-17T06:10:00,357120,Villarrica,MODIS,28.53,1.41,1,moderada,2026-10-05T18:06:10,mirova-archivo,1
2015-08-18T14:40:00,357120,Villarrica,MODIS,65.81,2.00,1,moderada,2026-10-05T18:06:10,mirova-archivo,1
2015-08-19T05:55:00,357120,Villarrica,MODIS,36,2.24,1,moderada,2026-10-05T18:06:10,mirova-archivo,1
2015-08-20T03:20:00,357120,Villarrica,MODIS,6.941,2.00,1,baja,2026-10-05T18:06:10,mirova-archivo,1
2015-08-20T06:18:00,357120,Villarrica,VIIRS375,0.6121,0.84,1,muy baja,2026-10-05T18:06:10,mirova-archivo,1
2015-08-21T06:00:00,357120,Villarrica,VIIRS375,0.2323,24.05,0,no volcanica,2026-10-05T18:06:10,mirova-archivo,0
2015-08-26T06:06:00,357120,Villarrica,VIIRS375,0.9178,21.52,0,no volcanica,2026-10-05T18:06:10,mirova-archivo,0
2015-08-27T05:48:00,357120,Villarrica,VIIRS375,0.3514,16.91,0,no volcanica,2026-10-05T18:06:10,mirova-archivo,0
2015-08-31T06:12:00,357120,Villarrica,VIIRS375,0.9594,0.75,1,muy baja,2026-10-05T18:06:10,mirova-archivo,1
2015-09-01T05:54:00,357120,Villarrica,VIIRS375,9.701,1.35,1,baja,2026-10-05T18:06:10,mirova-archivo,1
2015-09-02T05:36:00,357120,Villarrica,VIIRS375,8.275,1.35,1,baja,2026-10-05T18:06:10,mirova-archivo,1
2015-09-02T06:10:00,357120,Villarrica,MODIS,8.652,1.41,1,baja,2026-10-05T18:06:10,mirova-archivo,1
2015-09-03T03:35:00,357120,Villarrica,MODIS,49.47,2.24,1,moderada,2026-10-05T18:06:10,mirova-archivo,1
2015-09-03T05:12:00,357120,Villarrica,VIIRS375,3.575,1.68,1,baja,2026-10-05T18:06:10,mirova-archivo,1
2015-09-04T04:54:00,357120,Villarrica,VIIRS375,0.3761,19.29,0,no volcanica,2026-10-05T18:06:10,mirova-archivo,0
2015-09-05T03:20:00,357120,Villarrica,MODIS,31.96,3.00,1,moderada,2026-10-05T18:06:10,mirova-archivo,1
2015-09-05T06:18:00,357120,Villarrica,VIIRS375,0.1164,0.53,1,muy baja,2026-10-05T18:06:10,mirova-archivo,1
2015-09-06T05:45:00,357120,Villarrica,MODIS,24.38,2.24,1,moderada,2026-10-05T18:06:10,mirova-archivo,1
2015-09-06T06:00:00,357120,Villarrica,VIIRS375,4.143,0.84,1,baja,2026-10-05T18:06:10,mirova-archivo,1
2015-09-11T06:00:00,357120,Villarrica,MODIS,29.31,1.41,1,moderada,2026-10-05T18:06:10,mirova-archivo,1
2015-09-11T06:06:00,357120,Villarrica,VIIRS375,5.015,0.84,1,baja,2026-10-05T18:06:10,mirova-archivo,1
2015-09-12T03:30:00,357120,Villarrica,MODIS,16.04,2.24,1,moderada,2026-10-05T18:06:10,mirova-archivo,1
2015-09-12T05:48:00,357120,Villarrica,VIIRS750,39.86,1.68,1,moderada,2026-10-05T18:06:10,mirova-archivo,1
2015-09-13T05:50:00,357120,Villarrica,MODIS,17.04,1.41,1,moderada,2026-10-05T18:06:10,mirova-archivo,1
2015-09-14T03:15:00,357120,Villarrica,MODIS,0.7124,1.41,1,muy baja,2026-10-05T18:06:10,mirova-archivo,1
2015-09-14T05:06:00,357120,Villarrica,VIIRS375,0.06561,1.19,1,muy baja,2026-10-05T18:06:10,mirova-archivo,1
2015-09-16T06:12:00,357120,Villarrica,VIIRS375,0.5542,0.84,1,muy baja,2026-10-05T18:06:10,mirova-archivo,1
2015-09-17T03:45:00,357120,Villarrica,MODIS,37.49,2.24,1,moderada,2026-10-05T18:06:10,mirova-archivo,1
2015-09-17T05:54:00,357120,Villarrica,VIIRS750,34.2,1.68,1,moderada,2026-10-05T18:06:10,mirova-archivo,1
2015-09-18T06:10:00,357120,Villarrica,MODIS,34.12,1.41,1,moderada,2026-10-05T18:06:10,mirova-archivo,1
2015-09-19T03:35:00,357120,Villarrica,MODIS,43.48,2.24,1,moderada,2026-10-05T18:06:10,mirova-archivo,1
2015-09-19T05:12:00,357120,Villarrica,VIIRS750,10.3,1.68,1,moderada,2026-10-05T18:06:10,mirova-archivo,1
2015-09-20T04:54:00,357120,Villarrica,VIIRS375,0.1851,13.26,0,no volcanica,2026-10-05T18:06:10,mirova-archivo,0
2015-09-20T05:55:00,357120,Villarrica,MODIS,1.373,1.41,1,baja,2026-10-05T18:06:10,mirova-archivo,1
2015-09-21T03:20:00,357120,Villarrica,MODIS,26.45,2.00,1,moderada,2026-10-05T18:06:10,mirova-archivo,1
2015-09-22T05:45:00,357120,Villarrica,MODIS,22.43,2.24,1,moderada,2026-10-05T18:06:10,mirova-archivo,1
2015-09-22T06:00:00,357120,Villarrica,VIIRS750,32.04,1.06,1,moderada,2026-10-05T18:06:10,mirova-archivo,1
2015-09-23T05:42:00,357120,Villarrica,VIIRS375,0.06015,0.84,1,muy baja,2026-10-05T18:06:10,mirova-archivo,1
2015-09-26T03:40:00,357120,Villarrica,MODIS,48.09,2.24,1,moderada,2026-10-05T18:06:10,mirova-archivo,1
2015-09-26T06:24:00,357120,Villarrica,VIIRS375,1.796,0.84,1,baja,2026-10-05T18:06:10,mirova-archivo,1
2015-09-28T05:48:00,357120,Villarrica,VIIRS375,1.231,13.92,0,no volcanica,2026-10-05T18:06:10,mirova-archivo,0
2015-09-29T05:24:00,357120,Villarrica,VIIRS750,7.761,1.68,1,baja,2026-10-05T18:06:10,mirova-archivo,1
2015-09-29T05:50:00,357120,Villarrica,MODIS,27.88,2.24,1,moderada,2026-10-05T18:06:10,mirova-archivo,1
2015-10-03T03:45:00,357120,Villarrica,MODIS,40.05,2.24,1,moderada,2026-10-05T18:06:10,mirova-archivo,1
2015-10-03T05:54:00,357120,Villarrica,VIIRS750,54.6,1.68,1,moderada,2026-10-05T18:06:10,mirova-archivo,1
2015-10-04T06:10:00,357120,Villarrica,MODIS,10.03,1.41,1,moderada,2026-10-05T18:06:10,mirova-archivo,1
2015-10-08T04:05:00,357120,Villarrica,MODIS,3.764,1.41,1,baja,2026-10-05T18:06:10,mirova-archivo,1
2015-10-08T05:45:00,357120,Villarrica,MODIS,4.194,1.41,1,baja,2026-10-05T18:06:10,mirova-archivo,1
2015-10-08T06:00:00,357120,Villarrica,VIIRS750,47.06,1.06,1,moderada,2026-10-05T18:06:10,mirova-archivo,1
2015-10-10T03:50:00,357120,Villarrica,MODIS,10.92,1.41,1,moderada,2026-10-05T18:06:10,mirova-archivo,1
2015-10-10T05:18:00,357120,Villarrica,VIIRS750,10.96,1.68,1,moderada,2026-10-05T18:06:10,mirova-archivo,1
2015-10-10T05:30:00,357120,Villarrica,MODIS,1.371,1.41,1,baja,2026-10-05T18:06:10,mirova-archivo,1
2015-10-11T05:00:00,357120,Villarrica,VIIRS375,1.095,2.37,1,baja,2026-10-05T18:06:10,mirova-archivo,1
2015-10-11T06:42:00,357120,Villarrica,VIIRS375,0.03442,0.53,1,muy baja,2026-10-05T18:06:10,mirova-archivo,1
2015-10-15T05:24:00,357120,Villarrica,VIIRS375,2.661,1.55,1,baja,2026-10-05T18:06:10,mirova-archivo,1
2015-10-16T05:06:00,357120,Villarrica,VIIRS375,1.264,1.68,1,baja,2026-10-05T18:06:10,mirova-archivo,1
2015-10-17T04:00:00,357120,Villarrica,MODIS,27.16,2.24,1,moderada,2026-10-05T18:06:10,mirova-archivo,1
2015-10-17T06:30:00,357120,Villarrica,VIIRS375,0.07459,0.53,1,muy baja,2026-10-05T18:06:10,mirova-archivo,1
2015-10-18T06:12:00,357120,Villarrica,VIIRS375,1.016,0.84,1,baja,2026-10-05T18:06:10,mirova-archivo,1
2015-10-19T03:45:00,357120,Villarrica,MODIS,49.71,2.24,1,moderada,2026-10-05T18:06:10,mirova-archivo,1
2015-10-19T05:25:00,357120,Villarrica,MODIS,0.2245,1.00,1,muy baja,2026-10-05T18:06:10,mirova-archivo,1
2015-10-19T05:54:00,357120,Villarrica,VIIRS750,66.42,1.06,1,moderada,2026-10-05T18:06:10,mirova-archivo,1
2015-10-20T05:30:00,357120,Villarrica,VIIRS375,0.1436,0.84,1,muy baja,2026-10-05T18:06:10,mirova-archivo,1
2015-10-22T05:55:00,357120,Villarrica,MODIS,18.43,1.41,1,moderada,2026-10-05T18:06:10,mirova-archivo,1
2015-10-22T06:36:00,357120,Villarrica,VIIRS375,0.6308,0.75,1,muy baja,2026-10-05T18:06:10,mirova-archivo,1
2015-10-23T03:20:00,357120,Villarrica,MODIS,17.51,2.24,1,moderada,2026-10-05T18:06:10,mirova-archivo,1
2015-10-23T06:18:00,357120,Villarrica,VIIRS375,0.4634,0.84,1,muy baja,2026-10-05T18:06:10,mirova-archivo,1
2015-10-28T03:40:00,357120,Villarrica,MODIS,15.38,2.00,1,moderada,2026-10-05T18:06:10,mirova-archivo,1
2015-10-29T06:06:00,357120,Villarrica,VIIRS750,12.01,1.06,1,moderada,2026-10-05T18:06:10,mirova-archivo,1
2015-10-30T03:30:00,357120,Villarrica,MODIS,2.611,2.00,1,baja,2026-10-05T18:06:10,mirova-archivo,1
2015-10-31T04:10:00,357120,Villarrica,MODIS,4.042,2.24,1,baja,2026-10-05T18:06:10,mirova-archivo,1
2015-10-31T05:24:00,357120,Villarrica,VIIRS750,171.4,2.37,1,alta,2026-10-05T18:06:10,mirova-archivo,1
2015-11-01T03:15:00,357120,Villarrica,MODIS,3.185,2.00,1,baja,2026-10-05T18:06:10,mirova-archivo,1
2015-11-01T05:06:00,357120,Villarrica,VIIRS375,0.6457,1.91,1,muy baja,2026-10-05T18:06:10,mirova-archivo,1
2015-11-01T18:35:00,357120,Villarrica,MODIS,92.52,2.24,1,moderada,2026-10-05T18:06:10,mirova-archivo,1
2015-11-02T04:00:00,357120,Villarrica,MODIS,45.81,2.24,1,moderada,2026-10-05T18:06:10,mirova-archivo,1
2015-11-02T05:40:00,357120,Villarrica,MODIS,51.41,2.24,1,moderada,2026-10-05T18:06:10,mirova-archivo,1
2015-11-02T06:30:00,357120,Villarrica,VIIRS375,0.5084,0.53,1,muy baja,2026-10-05T18:06:10,mirova-archivo,1
2015-11-03T06:12:00,357120,Villarrica,VIIRS750,9,1.06,1,baja,2026-10-05T18:06:10,mirova-archivo,1
2015-11-04T03:45:00,357120,Villarrica,MODIS,39.77,2.00,1,moderada,2026-10-05T18:06:10,mirova-archivo,1
2015-11-04T05:54:00,357120,Villarrica,VIIRS750,39.95,1.68,1,moderada,2026-10-05T18:06:10,mirova-archivo,1
2015-11-05T05:30:00,357120,Villarrica,VIIRS750,60.32,1.68,1,moderada,2026-10-05T18:06:10,mirova-archivo,1
2015-11-05T06:10:00,357120,Villarrica,MODIS,27.5,1.41,1,moderada,2026-10-05T18:06:10,mirova-archivo,1
2015-11-06T03:35:00,357120,Villarrica,MODIS,46.41,2.24,1,moderada,2026-10-05T18:06:10,mirova-archivo,1
2015-11-06T05:12:00,357120,Villarrica,VIIRS375,0.8226,1.19,1,muy baja,2026-10-05T18:06:10,mirova-archivo,1
2015-11-07T04:54:00,357120,Villarrica,VIIRS375,1.228,2.52,1,baja,2026-10-05T18:06:10,mirova-archivo,1
2015-11-07T05:55:00,357120,Villarrica,MODIS,1.641,1.41,1,baja,2026-10-05T18:06:10,mirova-archivo,1
2015-11-07T06:36:00,357120,Villarrica,VIIRS375,0.3004,0.84,1,muy baja,2026-10-05T18:06:10,mirova-archivo,1
2015-11-08T06:18:00,357120,Villarrica,VIIRS375,2.445,0.75,1,baja,2026-10-05T18:06:10,mirova-archivo,1
2015-11-10T05:36:00,357120,Villarrica,VIIRS750,43.63,1.06,1,moderada,2026-10-05T18:06:10,mirova-archivo,1
2015-11-11T05:18:00,357120,Villarrica,VIIRS375,0.6606,1.35,1,muy baja,2026-10-05T18:06:10,mirova-archivo,1
2015-11-13T03:40:00,357120,Villarrica,MODIS,40.22,2.24,1,moderada,2026-10-05T18:06:10,mirova-archivo,1
2015-11-13T06:24:00,357120,Villarrica,VIIRS375,0.4979,0.84,1,muy baja,2026-10-05T18:06:10,mirova-archivo,1
2015-11-14T06:00:00,357120,Villarrica,MODIS,22.44,1.41,1,moderada,2026-10-05T18:06:10,mirova-archivo,1
2015-11-14T06:06:00,357120,Villarrica,VIIRS375,1.98,0.84,1,baja,2026-10-05T18:06:10,mirova-archivo,1
2015-11-15T03:30:00,357120,Villarrica,MODIS,8.082,2.24,1,baja,2026-10-05T18:06:10,mirova-archivo,1
2015-11-16T05:24:00,357120,Villarrica,VIIRS375,0.2435,0.84,1,muy baja,2026-10-05T18:06:10,mirova-archivo,1
2015-11-20T05:54:00,357120,Villarrica,VIIRS375,0.1027,0.84,1,muy baja,2026-10-05T18:06:10,mirova-archivo,1
2015-11-25T06:00:00,357120,Villarrica,VIIRS375,0.4358,0.84,1,muy baja,2026-10-05T18:06:10,mirova-archivo,1
2015-11-26T05:36:00,357120,Villarrica,VIIRS375,0.04518,0.75,1,muy baja,2026-10-05T18:06:10,mirova-archivo,1
2015-11-29T03:40:00,357120,Villarrica,MODIS,42.13,2.24,1,moderada,2026-10-05T18:06:10,mirova-archivo,1
2015-11-30T06:00:00,357120,Villarrica,MODIS,34.4,1.41,1,moderada,2026-10-05T18:06:10,mirova-archivo,1
2015-11-30T06:06:00,357120,Villarrica,VIIRS375,2.182,0.84,1,baja,2026-10-05T18:06:10,mirova-archivo,1
2015-12-01T03:30:00,357120,Villarrica,MODIS,5.174,2.00,1,baja,2026-10-05T18:06:10,mirova-archivo,1
2015-12-02T05:24:00,357120,Villarrica,VIIRS375,4.096,1.19,1,baja,2026-10-05T18:06:10,mirova-archivo,1
2015-12-02T05:50:00,357120,Villarrica,MODIS,19.17,1.00,1,moderada,2026-10-05T18:06:10,mirova-archivo,1
2015-12-03T05:06:00,357120,Villarrica,VIIRS375,2.35,2.02,1,baja,2026-10-05T18:06:10,mirova-archivo,1
2015-12-04T04:00:00,357120,Villarrica,MODIS,3.971,2.00,1,baja,2026-10-05T18:06:10,mirova-archivo,1
2015-12-04T04:48:00,357120,Villarrica,VIIRS375,2.752,2.86,1,baja,2026-10-05T18:06:10,mirova-archivo,1
2015-12-04T05:40:00,357120,Villarrica,MODIS,2.913,1.41,1,baja,2026-10-05T18:06:10,mirova-archivo,1
2015-12-05T06:12:00,357120,Villarrica,VIIRS375,2.511,1.06,1,baja,2026-10-05T18:06:10,mirova-archivo,1
2015-12-06T03:45:00,357120,Villarrica,MODIS,13.06,2.00,1,moderada,2026-10-05T18:06:10,mirova-archivo,1
2015-12-07T05:30:00,357120,Villarrica,VIIRS750,63.08,1.68,1,moderada,2026-10-05T18:06:10,mirova-archivo,1
2015-12-07T06:10:00,357120,Villarrica,MODIS,3.044,1.41,1,baja,2026-10-05T18:06:10,mirova-archivo,1
2015-12-08T03:35:00,357120,Villarrica,MODIS,119.6,2.24,1,alta,2026-10-05T18:06:10,mirova-archivo,1
2015-12-08T05:12:00,357120,Villarrica,VIIRS375,3.027,1.19,1,baja,2026-10-05T18:06:10,mirova-archivo,1
2015-12-08T06:54:00,357120,Villarrica,VIIRS375,0.0438,1.55,1,muy baja,2026-10-05T18:06:10,mirova-archivo,1
2015-12-09T04:54:00,357120,Villarrica,VIIRS375,0.3175,2.37,1,muy baja,2026-10-05T18:06:10,mirova-archivo,1
2015-12-09T05:55:00,357120,Villarrica,MODIS,40.77,1.41,1,moderada,2026-10-05T18:06:10,mirova-archivo,1
2015-12-10T03:20:00,357120,Villarrica,MODIS,2.197,2.24,1,baja,2026-10-05T18:06:10,mirova-archivo,1
2015-12-10T06:18:00,357120,Villarrica,VIIRS375,1.387,1.06,1,baja,2026-10-05T18:06:10,mirova-archivo,1
2015-12-11T04:05:00,357120,Villarrica,MODIS,6.091,2.00,1,baja,2026-10-05T18:06:10,mirova-archivo,1
2015-12-11T05:45:00,357120,Villarrica,MODIS,25.84,1.41,1,moderada,2026-10-05T18:06:10,mirova-archivo,1
2015-12-11T06:00:00,357120,Villarrica,VIIRS750,20.86,1.06,1,moderada,2026-10-05T18:06:10,mirova-archivo,1
2015-12-12T05:36:00,357120,Villarrica,VIIRS750,28.59,1.68,1,moderada,2026-10-05T18:06:10,mirova-archivo,1
2015-12-12T06:25:00,357120,Villarrica,MODIS,0.6844,2.00,1,muy baja,2026-10-05T18:06:10,mirova-archivo,1
2015-12-15T03:40:00,357120,Villarrica,MODIS,48.64,2.00,1,moderada,2026-10-05T18:06:10,mirova-archivo,1
2015-12-16T06:00:00,357120,Villarrica,MODIS,146.2,2.24,1,alta,2026-10-05T18:06:10,mirova-archivo,1
2015-12-16T06:06:00,357120,Villarrica,VIIRS750,40.49,1.06,1,moderada,2026-10-05T18:06:10,mirova-archivo,1
2015-12-17T05:42:00,357120,Villarrica,VIIRS750,7.959,1.06,1,baja,2026-10-05T18:06:10,mirova-archivo,1
2015-12-18T05:24:00,357120,Villarrica,VIIRS750,11.6,1.68,1,moderada,2026-10-05T18:06:10,mirova-archivo,1
2015-12-18T05:50:00,357120,Villarrica,MODIS,24.86,1.41,1,moderada,2026-10-05T18:06:10,mirova-archivo,1
2015-12-19T05:06:00,357120,Villarrica,VIIRS375,0.06573,0.75,1,muy baja,2026-10-05T18:06:10,mirova-archivo,1
2015-12-20T04:00:00,357120,Villarrica,MODIS,19.26,2.24,1,moderada,2026-10-05T18:06:10,mirova-archivo,1
2015-12-21T06:12:00,357120,Villarrica,VIIRS375,1.004,0.84,1,baja,2026-10-05T18:06:10,mirova-archivo,1
2015-12-24T03:35:00,357120,Villarrica,MODIS,31.4,2.24,1,moderada,2026-10-05T18:06:10,mirova-archivo,1
2015-12-24T05:12:00,357120,Villarrica,VIIRS375,0.3685,1.19,1,muy baja,2026-10-05T18:06:10,mirova-archivo,1
2015-12-25T05:55:00,357120,Villarrica,MODIS,37.33,1.41,1,moderada,2026-10-05T18:06:10,mirova-archivo,1
2015-12-26T03:20:00,357120,Villarrica,MODIS,0.235,1.00,1,muy baja,2026-10-05T18:06:10,mirova-archivo,1
2015-12-26T06:18:00,357120,Villarrica,VIIRS375,0.266,0.84,1,muy baja,2026-10-05T18:06:10,mirova-archivo,1
2015-12-27T05:45:00,357120,Villarrica,MODIS,43.18,1.41,1,moderada,2026-10-05T18:06:10,mirova-archivo,1
2015-12-27T06:00:00,357120,Villarrica,VIIRS750,11.41,1.06,1,moderada,2026-10-05T18:06:10,mirova-archivo,1
2015-12-28T05:36:00,357120,Villarrica,VIIRS750,27.81,1.68,1,moderada,2026-10-05T18:06:10,mirova-archivo,1
2015-12-29T05:18:00,357120,Villarrica,VIIRS375,1.572,1.55,1,baja,2026-10-05T18:06:10,mirova-archivo,1
2015-12-30T05:00:00,357120,Villarrica,VIIRS375,3.184,2.37,1,baja,2026-10-05T18:06:10,mirova-archivo,1
2015-12-30T06:42:00,357120,Villarrica,VIIRS375,1.339,1.68,1,baja,2026-10-05T18:06:10,mirova-archivo,1
2015-12-31T03:40:00,357120,Villarrica,MODIS,45.22,2.00,1,moderada,2026-10-05T18:06:10,mirova-archivo,1
2016-01-02T05:42:00,357120,Villarrica,VIIRS375,2.543,0.84,1,baja,2026-10-05T18:06:10,mirova-archivo,1
2016-01-03T05:24:00,357120,Villarrica,VIIRS750,9.608,2.37,1,baja,2026-10-05T18:06:10,mirova-archivo,1
2016-01-03T05:50:00,357120,Villarrica,MODIS,40.94,1.41,1,moderada,2026-10-05T18:06:10,mirova-archivo,1
2016-01-05T04:00:00,357120,Villarrica,MODIS,5.746,1.41,1,baja,2026-10-05T18:06:10,mirova-archivo,1
2016-01-05T05:40:00,357120,Villarrica,MODIS,13.17,2.24,1,moderada,2026-10-05T18:06:10,mirova-archivo,1
2016-01-06T06:12:00,357120,Villarrica,VIIRS375,0.4549,0.84,1,muy baja,2026-10-05T18:06:10,mirova-archivo,1
2016-01-07T03:45:00,357120,Villarrica,MODIS,13.83,2.00,1,moderada,2026-10-05T18:06:10,mirova-archivo,1
2016-01-08T06:10:00,357120,Villarrica,MODIS,7.154,1.41,1,baja,2026-10-05T18:06:10,mirova-archivo,1
2016-01-09T03:35:00,357120,Villarrica,MODIS,40.14,2.24,1,moderada,2026-10-05T18:06:10,mirova-archivo,1
2016-01-09T05:12:00,357120,Villarrica,VIIRS375,0.333,1.19,1,muy baja,2026-10-05T18:06:10,mirova-archivo,1
2016-01-09T06:54:00,357120,Villarrica,VIIRS375,1.442,2.37,1,baja,2026-10-05T18:06:10,mirova-archivo,1
2016-01-10T04:54:00,357120,Villarrica,VIIRS375,5.534,2.19,1,baja,2026-10-05T18:06:10,mirova-archivo,1
2016-01-10T06:36:00,357120,Villarrica,VIIRS375,1.528,0.84,1,baja,2026-10-05T18:06:10,mirova-archivo,1
2016-01-13T05:36:00,357120,Villarrica,VIIRS750,56.08,2.12,1,moderada,2026-10-05T18:06:10,mirova-archivo,1
2016-01-14T03:50:00,357120,Villarrica,MODIS,9.562,2.00,1,baja,2026-10-05T18:06:10,mirova-archivo,1
2016-01-14T05:18:00,357120,Villarrica,VIIRS375,5.206,1.06,1,baja,2026-10-05T18:06:10,mirova-archivo,1
2016-01-14T05:30:00,357120,Villarrica,MODIS,0.232,0.00,1,muy baja,2026-10-05T18:06:10,mirova-archivo,1
2016-01-15T05:00:00,357120,Villarrica,VIIRS375,1.39,2.52,1,baja,2026-10-05T18:06:10,mirova-archivo,1
2016-01-16T06:24:00,357120,Villarrica,VIIRS375,1.591,0.84,1,baja,2026-10-05T18:06:10,mirova-archivo,1
2016-01-17T06:00:00,357120,Villarrica,MODIS,21.6,1.41,1,moderada,2026-10-05T18:06:10,mirova-archivo,1
2016-01-17T06:06:00,357120,Villarrica,VIIRS375,2.12,0.84,1,baja,2026-10-05T18:06:10,mirova-archivo,1
2016-01-18T03:30:00,357120,Villarrica,MODIS,16.28,2.24,1,moderada,2026-10-05T18:06:10,mirova-archivo,1
2016-01-18T05:42:00,357120,Villarrica,VIIRS375,6.786,1.19,1,baja,2026-10-05T18:06:10,mirova-archivo,1
2016-01-19T05:24:00,357120,Villarrica,VIIRS750,12.84,1.06,1,moderada,2026-10-05T18:06:10,mirova-archivo,1
2016-01-19T05:50:00,357120,Villarrica,MODIS,52.93,1.41,1,moderada,2026-10-05T18:06:10,mirova-archivo,1
2016-01-20T05:06:00,357120,Villarrica,VIIRS375,0.05543,1.19,1,muy baja,2026-10-05T18:06:10,mirova-archivo,1
2016-01-21T04:00:00,357120,Villarrica,MODIS,0.9024,1.00,1,muy baja,2026-10-05T18:06:10,mirova-archivo,1
2016-01-21T05:40:00,357120,Villarrica,MODIS,13.67,1.41,1,moderada,2026-10-05T18:06:10,mirova-archivo,1
2016-01-21T06:30:00,357120,Villarrica,VIIRS375,0.1649,0.53,1,muy baja,2026-10-05T18:06:10,mirova-archivo,1
2016-01-22T06:12:00,357120,Villarrica,VIIRS375,1.066,0.84,1,baja,2026-10-05T18:06:10,mirova-archivo,1
2016-01-23T03:45:00,357120,Villarrica,MODIS,36.03,1.41,1,moderada,2026-10-05T18:06:10,mirova-archivo,1
2016-01-23T05:48:00,357120,Villarrica,VIIRS750,31.64,1.06,1,moderada,2026-10-05T18:06:10,mirova-archivo,1
2016-01-25T05:12:00,357120,Villarrica,VIIRS375,0.02863,1.19,1,muy baja,2026-10-05T18:06:10,mirova-archivo,1
2016-01-26T04:54:00,357120,Villarrica,VIIRS375,0.872,2.52,1,muy baja,2026-10-05T18:06:10,mirova-archivo,1
2016-01-26T05:55:00,357120,Villarrica,MODIS,1.787,0.00,1,baja,2026-10-05T18:06:10,mirova-archivo,1
2016-01-26T06:36:00,357120,Villarrica,VIIRS375,0.1194,0.75,1,muy baja,2026-10-05T18:06:10,mirova-archivo,1
2016-01-28T05:54:00,357120,Villarrica,VIIRS375,0.4057,0.75,1,muy baja,2026-10-05T18:06:10,mirova-archivo,1
2016-01-29T05:36:00,357120,Villarrica,VIIRS750,56.32,1.68,1,moderada,2026-10-05T18:06:10,mirova-archivo,1
2016-01-29T06:25:00,357120,Villarrica,MODIS,0.6151,1.00,1,muy baja,2026-10-05T18:06:10,mirova-archivo,1
2016-01-30T03:50:00,357120,Villarrica,MODIS,51.83,2.24,1,moderada,2026-10-05T18:06:10,mirova-archivo,1
2016-01-30T05:18:00,357120,Villarrica,VIIRS750,66.61,2.37,1,moderada,2026-10-05T18:06:10,mirova-archivo,1
2016-01-30T05:30:00,357120,Villarrica,MODIS,27.65,2.24,1,moderada,2026-10-05T18:06:10,mirova-archivo,1
2016-02-01T03:40:00,357120,Villarrica,MODIS,45.42,2.00,1,moderada,2026-10-05T18:06:10,mirova-archivo,1
2016-02-01T06:24:00,357120,Villarrica,VIIRS375,0.07242,0.53,1,muy baja,2026-10-05T18:06:10,mirova-archivo,1
2016-02-02T06:00:00,357120,Villarrica,MODIS,25.18,13.89,0,no volcanica,2026-10-05T18:06:10,mirova-archivo,0
2016-02-03T03:30:00,357120,Villarrica,MODIS,26.57,2.24,1,moderada,2026-10-05T18:06:10,mirova-archivo,1
2016-02-03T05:42:00,357120,Villarrica,VIIRS750,44.62,1.06,1,moderada,2026-10-05T18:06:10,mirova-archivo,1
2016-02-04T05:24:00,357120,Villarrica,VIIRS750,20.54,2.37,1,moderada,2026-10-05T18:06:10,mirova-archivo,1
2016-02-04T05:50:00,357120,Villarrica,MODIS,24.1,1.41,1,moderada,2026-10-05T18:06:10,mirova-archivo,1
2016-02-05T05:06:00,357120,Villarrica,VIIRS375,0.1521,1.19,1,muy baja,2026-10-05T18:06:10,mirova-archivo,1
2016-02-06T06:30:00,357120,Villarrica,VIIRS375,2.22,1.12,1,baja,2026-10-05T18:06:10,mirova-archivo,1
2016-02-08T03:45:00,357120,Villarrica,MODIS,23.11,1.41,1,moderada,2026-10-05T18:06:10,mirova-archivo,1
2016-02-08T05:48:00,357120,Villarrica,VIIRS750,25.57,1.06,1,moderada,2026-10-05T18:06:10,mirova-archivo,1
2016-02-09T05:30:00,357120,Villarrica,VIIRS750,23.89,1.68,1,moderada,2026-10-05T18:06:10,mirova-archivo,1
2016-02-09T06:10:00,357120,Villarrica,MODIS,1.19,1.00,1,baja,2026-10-05T18:06:10,mirova-archivo,1
2016-02-10T03:35:00,357120,Villarrica,MODIS,11.84,2.24,1,moderada,2026-10-05T18:06:10,mirova-archivo,1
2016-02-10T05:12:00,357120,Villarrica,VIIRS375,0.459,1.19,1,muy baja,2026-10-05T18:06:10,mirova-archivo,1
2016-02-11T05:55:00,357120,Villarrica,MODIS,40.03,1.41,1,moderada,2026-10-05T18:06:10,mirova-archivo,1
2016-02-11T06:36:00,357120,Villarrica,VIIRS375,0.6214,1.35,1,muy baja,2026-10-05T18:06:10,mirova-archivo,1
2016-02-14T05:36:00,357120,Villarrica,VIIRS750,39.35,1.68,1,moderada,2026-10-05T18:06:10,mirova-archivo,1
2016-02-15T03:50:00,357120,Villarrica,MODIS,9.402,2.00,1,baja,2026-10-05T18:06:10,mirova-archivo,1
2016-02-15T05:18:00,357120,Villarrica,VIIRS375,0.8848,1.55,1,muy baja,2026-10-05T18:06:10,mirova-archivo,1
2016-02-17T03:40:00,357120,Villarrica,MODIS,5.142,2.00,1,baja,2026-10-05T18:06:10,mirova-archivo,1
2016-02-19T05:42:00,357120,Villarrica,VIIRS375,1.196,0.84,1,baja,2026-10-05T18:06:10,mirova-archivo,1
2016-02-20T05:24:00,357120,Villarrica,VIIRS375,0.4369,0.84,1,muy baja,2026-10-05T18:06:10,mirova-archivo,1
2016-02-20T05:50:00,357120,Villarrica,MODIS,3.858,1.41,1,baja,2026-10-05T18:06:10,mirova-archivo,1
2016-02-23T06:06:00,357120,Villarrica,VIIRS375,0.09488,0.84,1,muy baja,2026-10-05T18:06:10,mirova-archivo,1
2016-02-24T05:48:00,357120,Villarrica,VIIRS375,3.511,1.06,1,baja,2026-10-05T18:06:10,mirova-archivo,1
2016-02-25T05:30:00,357120,Villarrica,VIIRS750,8.579,1.50,1,baja,2026-10-05T18:06:10,mirova-archivo,1
2016-02-28T03:20:00,357120,Villarrica,MODIS,4.95,2.00,1,baja,2026-10-05T18:06:10,mirova-archivo,1
2016-02-29T05:45:00,357120,Villarrica,MODIS,1.94,1.00,1,baja,2026-10-05T18:06:10,mirova-archivo,1
2016-02-29T05:54:00,357120,Villarrica,VIIRS375,0.2858,0.75,1,muy baja,2026-10-05T18:06:10,mirova-archivo,1
2016-03-01T05:36:00,357120,Villarrica,VIIRS750,9.399,1.68,1,baja,2026-10-05T18:06:10,mirova-archivo,1
2016-03-02T03:50:00,357120,Villarrica,MODIS,6.942,2.00,1,baja,2026-10-05T18:06:10,mirova-archivo,1
2016-03-02T05:18:00,357120,Villarrica,VIIRS375,0.9235,1.55,1,muy baja,2026-10-05T18:06:10,mirova-archivo,1
2016-03-03T05:00:00,357120,Villarrica,VIIRS375,0.02403,0.84,1,muy baja,2026-10-05T18:06:10,mirova-archivo,1
2016-03-04T03:40:00,357120,Villarrica,MODIS,2.296,2.00,1,baja,2026-10-05T18:06:10,mirova-archivo,1
2016-03-04T14:45:00,357120,Villarrica,MODIS,56.3,1.00,1,moderada,2026-10-05T18:06:10,mirova-archivo,1
2016-03-05T06:00:00,357120,Villarrica,VIIRS375,2.059,1.06,1,baja,2026-10-05T18:06:10,mirova-archivo,1
2016-03-06T03:25:00,357120,Villarrica,MODIS,21.49,2.24,1,moderada,2026-10-05T18:06:10,mirova-archivo,1
2016-03-06T05:42:00,357120,Villarrica,VIIRS750,15.26,1.68,1,moderada,2026-10-05T18:06:10,mirova-archivo,1
2016-03-07T05:24:00,357120,Villarrica,VIIRS750,5.337,1.68,1,baja,2026-10-05T18:06:10,mirova-archivo,1
2016-03-07T05:50:00,357120,Villarrica,MODIS,21.3,1.41,1,moderada,2026-10-05T18:06:10,mirova-archivo,1
2016-03-08T05:06:00,357120,Villarrica,VIIRS375,0.5438,20.31,0,no volcanica,2026-10-05T18:06:10,mirova-archivo,0
2016-03-09T04:00:00,357120,Villarrica,MODIS,4.506,2.24,1,baja,2026-10-05T18:06:10,mirova-archivo,1
2016-03-09T05:40:00,357120,Villarrica,MODIS,0.2937,0.00,1,muy baja,2026-10-05T18:06:10,mirova-archivo,1
2016-03-10T06:06:00,357120,Villarrica,VIIRS375,0.689,0.84,1,muy baja,2026-10-05T18:06:10,mirova-archivo,1
2016-03-11T03:45:00,357120,Villarrica,MODIS,36.27,2.24,1,moderada,2026-10-05T18:06:10,mirova-archivo,1
2016-03-11T05:48:00,357120,Villarrica,VIIRS750,33.46,1.50,1,moderada,2026-10-05T18:06:10,mirova-archivo,1
2016-03-12T05:30:00,357120,Villarrica,VIIRS750,17.25,1.06,1,moderada,2026-10-05T18:06:10,mirova-archivo,1
2016-03-12T06:10:00,357120,Villarrica,MODIS,6.184,1.41,1,baja,2026-10-05T18:06:10,mirova-archivo,1
2016-03-13T03:35:00,357120,Villarrica,MODIS,8.495,2.00,1,baja,2026-10-05T18:06:10,mirova-archivo,1
2016-03-13T05:12:00,357120,Villarrica,VIIRS375,0.1237,0.84,1,muy baja,2026-10-05T18:06:10,mirova-archivo,1
2016-03-14T05:55:00,357120,Villarrica,MODIS,35.72,2.24,1,moderada,2026-10-05T18:06:10,mirova-archivo,1
2016-03-16T05:45:00,357120,Villarrica,MODIS,6.692,1.00,1,baja,2026-10-05T18:06:10,mirova-archivo,1
2016-03-16T05:54:00,357120,Villarrica,VIIRS750,13.56,1.50,1,moderada,2026-10-05T18:06:10,mirova-archivo,1
2016-03-18T03:50:00,357120,Villarrica,MODIS,30.93,2.00,1,moderada,2026-10-05T18:06:10,mirova-archivo,1
2016-03-18T05:18:00,357120,Villarrica,VIIRS375,0.4114,0.84,1,muy baja,2026-10-05T18:06:10,mirova-archivo,1
2016-03-20T03:40:00,357120,Villarrica,MODIS,47.75,2.00,1,moderada,2026-10-05T18:06:10,mirova-archivo,1
2016-03-21T06:00:00,357120,Villarrica,VIIRS375,1.779,0.84,1,baja,2026-10-05T18:06:10,mirova-archivo,1
2016-03-21T06:05:00,357120,Villarrica,MODIS,12.39,1.00,1,moderada,2026-10-05T18:06:10,mirova-archivo,1
2016-03-22T03:25:00,357120,Villarrica,MODIS,11.15,2.00,1,moderada,2026-10-05T18:06:10,mirova-archivo,1
2016-03-22T05:42:00,357120,Villarrica,VIIRS750,42.4,1.06,1,moderada,2026-10-05T18:06:10,mirova-archivo,1
2016-03-23T05:24:00,357120,Villarrica,VIIRS750,6.927,1.68,1,baja,2026-10-05T18:06:10,mirova-archivo,1
2016-03-23T05:50:00,357120,Villarrica,MODIS,22.09,1.41,1,moderada,2026-10-05T18:06:10,mirova-archivo,1
2016-03-25T04:00:00,357120,Villarrica,MODIS,4.142,1.41,1,baja,2026-10-05T18:06:10,mirova-archivo,1
2016-03-25T05:40:00,357120,Villarrica,MODIS,15.49,2.00,1,moderada,2026-10-05T18:06:10,mirova-archivo,1
2016-03-25T06:30:00,357120,Villarrica,VIIRS375,0.05263,0.00,1,muy baja,2026-10-05T18:06:10,mirova-archivo,1
2016-03-26T06:06:00,357120,Villarrica,VIIRS375,1.557,10.06,0,no volcanica,2026-10-05T18:06:10,mirova-archivo,0
2016-03-27T03:45:00,357120,Villarrica,MODIS,7.02,1.41,1,baja,2026-10-05T18:06:10,mirova-archivo,1
2016-03-27T05:48:00,357120,Villarrica,VIIRS375,4.03,0.84,1,baja,2026-10-05T18:06:10,mirova-archivo,1
2016-03-28T05:30:00,357120,Villarrica,VIIRS375,5.598,1.35,1,baja,2026-10-05T18:06:10,mirova-archivo,1
2016-03-28T06:10:00,357120,Villarrica,MODIS,14.88,1.41,1,moderada,2026-10-05T18:06:10,mirova-archivo,1
2016-03-29T03:35:00,357120,Villarrica,MODIS,34.75,2.24,1,moderada,2026-10-05T18:06:10,mirova-archivo,1
2016-03-29T05:12:00,357120,Villarrica,VIIRS375,5.199,1.35,1,baja,2026-10-05T18:06:10,mirova-archivo,1
2016-03-31T06:12:00,357120,Villarrica,VIIRS375,5.315,0.84,1,baja,2026-10-05T18:06:10,mirova-archivo,1
2016-04-01T04:05:00,357120,Villarrica,MODIS,1.385,1.41,1,baja,2026-10-05T18:06:10,mirova-archivo,1
2016-04-01T05:45:00,357120,Villarrica,MODIS,7.674,1.41,1,baja,2026-10-05T18:06:10,mirova-archivo,1
2016-04-01T05:54:00,357120,Villarrica,VIIRS750,7.647,1.06,1,baja,2026-10-05T18:06:10,mirova-archivo,1
2016-04-02T05:36:00,357120,Villarrica,VIIRS750,14.23,1.68,1,moderada,2026-10-05T18:06:10,mirova-archivo,1
2016-04-03T03:50:00,357120,Villarrica,MODIS,4.549,1.00,1,baja,2026-10-05T18:06:10,mirova-archivo,1
2016-04-03T05:18:00,357120,Villarrica,VIIRS750,20.51,1.68,1,moderada,2026-10-05T18:06:10,mirova-archivo,1
2016-04-03T14:55:00,357120,Villarrica,MODIS,172.9,1.41,1,alta,2026-10-05T18:06:10,mirova-archivo,1
2016-04-04T02:55:00,357120,Villarrica,MODIS,0.7867,1.00,1,muy baja,2026-10-05T18:06:10,mirova-archivo,1
2016-04-04T05:00:00,357120,Villarrica,VIIRS375,6.853,2.37,1,baja,2026-10-05T18:06:10,mirova-archivo,1
2016-04-04T06:42:00,357120,Villarrica,VIIRS750,5.419,1.68,1,baja,2026-10-05T18:06:10,mirova-archivo,1
2016-04-05T03:40:00,357120,Villarrica,MODIS,45.2,2.00,1,moderada,2026-10-05T18:06:10,mirova-archivo,1
2016-04-06T06:00:00,357120,Villarrica,VIIRS750,13.09,1.06,1,moderada,2026-10-05T18:06:10,mirova-archivo,1
2016-04-06T06:05:00,357120,Villarrica,MODIS,35.57,1.41,1,moderada,2026-10-05T18:06:10,mirova-archivo,1
2016-04-07T18:45:00,357120,Villarrica,MODIS,59.46,2.00,1,moderada,2026-10-05T18:06:10,mirova-archivo,1
2016-04-08T05:24:00,357120,Villarrica,VIIRS750,18.46,2.37,1,moderada,2026-10-05T18:06:10,mirova-archivo,1
2016-04-08T05:50:00,357120,Villarrica,MODIS,48.38,1.41,1,moderada,2026-10-05T18:06:10,mirova-archivo,1
2016-04-09T05:06:00,357120,Villarrica,VIIRS375,0.1431,1.55,1,muy baja,2026-10-05T18:06:10,mirova-archivo,1
2016-04-09T06:48:00,357120,Villarrica,VIIRS375,4.314,1.35,1,baja,2026-10-05T18:06:10,mirova-archivo,1
2016-04-10T04:00:00,357120,Villarrica,MODIS,8.808,2.24,1,baja,2026-10-05T18:06:10,mirova-archivo,1
2016-04-10T04:48:00,357120,Villarrica,VIIRS375,0.2559,2.52,1,muy baja,2026-10-05T18:06:10,mirova-archivo,1
2016-04-10T06:30:00,357120,Villarrica,VIIRS375,0.6988,0.53,1,muy baja,2026-10-05T18:06:10,mirova-archivo,1
2016-04-11T06:06:00,357120,Villarrica,VIIRS375,0.3824,0.84,1,muy baja,2026-10-05T18:06:10,mirova-archivo,1
2016-04-12T03:45:00,357120,Villarrica,MODIS,40.49,1.41,1,moderada,2026-10-05T18:06:10,mirova-archivo,1
2016-04-12T05:48:00,357120,Villarrica,VIIRS375,4.978,1.19,1,baja,2026-10-05T18:06:10,mirova-archivo,1
2016-04-17T04:05:00,357120,Villarrica,MODIS,4.302,2.24,1,baja,2026-10-05T18:06:10,mirova-archivo,1
2016-04-17T05:45:00,357120,Villarrica,MODIS,12.04,1.41,1,moderada,2026-10-05T18:06:10,mirova-archivo,1
2016-04-17T05:54:00,357120,Villarrica,VIIRS750,13.79,1.06,1,moderada,2026-10-05T18:06:10,mirova-archivo,1
2016-04-18T05:36:00,357120,Villarrica,VIIRS750,36.08,1.06,1,moderada,2026-10-05T18:06:10,mirova-archivo,1
2016-04-19T03:50:00,357120,Villarrica,MODIS,49.81,2.24,1,moderada,2026-10-05T18:06:10,mirova-archivo,1
2016-04-19T05:18:00,357120,Villarrica,VIIRS750,18.98,2.37,1,moderada,2026-10-05T18:06:10,mirova-archivo,1
2016-04-19T05:35:00,357120,Villarrica,MODIS,2.867,1.41,1,baja,2026-10-05T18:06:10,mirova-archivo,1
2016-04-25T03:15:00,357120,Villarrica,MODIS,0.779,2.00,1,muy baja,2026-10-05T18:06:10,mirova-archivo,1
2016-04-25T05:06:00,357120,Villarrica,VIIRS375,0.3208,1.68,1,muy baja,2026-10-05T18:06:10,mirova-archivo,1
2016-04-25T06:48:00,357120,Villarrica,VIIRS375,0.06958,0.84,1,muy baja,2026-10-05T18:06:10,mirova-archivo,1
2016-04-26T04:00:00,357120,Villarrica,MODIS,5.07,1.41,1,baja,2026-10-05T18:06:10,mirova-archivo,1
2016-04-26T05:40:00,357120,Villarrica,MODIS,12.86,2.24,1,moderada,2026-10-05T18:06:10,mirova-archivo,1
2016-04-27T06:06:00,357120,Villarrica,VIIRS375,0.05201,0.84,1,muy baja,2026-10-05T18:06:10,mirova-archivo,1
2016-04-29T05:30:00,357120,Villarrica,VIIRS375,5.264,1.19,1,baja,2026-10-05T18:06:10,mirova-archivo,1
2016-04-30T03:35:00,357120,Villarrica,MODIS,12.33,2.24,1,moderada,2026-10-05T18:06:10,mirova-archivo,1
2016-04-30T05:12:00,357120,Villarrica,VIIRS375,0.4212,1.06,1,muy baja,2026-10-05T18:06:10,mirova-archivo,1
2016-05-03T05:45:00,357120,Villarrica,MODIS,11.52,1.00,1,moderada,2026-10-05T18:06:10,mirova-archivo,1
2016-05-03T05:54:00,357120,Villarrica,VIIRS750,5.449,1.68,1,baja,2026-10-05T18:06:10,mirova-archivo,1
2016-05-04T05:36:00,357120,Villarrica,VIIRS750,11.34,1.06,1,moderada,2026-10-05T18:06:10,mirova-archivo,1
2016-05-05T05:18:00,357120,Villarrica,VIIRS375,0.02293,1.19,1,muy baja,2026-10-05T18:06:10,mirova-archivo,1
2016-05-07T03:40:00,357120,Villarrica,MODIS,3.476,2.00,1,baja,2026-10-05T18:06:10,mirova-archivo,1
2016-05-07T04:42:00,357120,Villarrica,VIIRS375,3.41,4.19,1,baja,2026-10-05T18:06:10,mirova-archivo,1
2016-05-07T06:24:00,357120,Villarrica,VIIRS375,3.237,0.84,1,baja,2026-10-05T18:06:10,mirova-archivo,1
2016-05-09T03:30:00,357120,Villarrica,MODIS,11.42,2.00,1,moderada,2026-10-05T18:06:10,mirova-archivo,1
2016-05-09T05:42:00,357120,Villarrica,VIIRS750,43.2,1.06,1,moderada,2026-10-05T18:06:10,mirova-archivo,1
2016-05-10T05:24:00,357120,Villarrica,VIIRS375,3.093,0.84,1,baja,2026-10-05T18:06:10,mirova-archivo,1
2016-05-10T05:50:00,357120,Villarrica,MODIS,29.59,1.41,1,moderada,2026-10-05T18:06:10,mirova-archivo,1
2016-05-11T05:06:00,357120,Villarrica,VIIRS375,0.6697,2.02,1,muy baja,2026-10-05T18:06:10,mirova-archivo,1
2016-05-14T03:45:00,357120,Villarrica,MODIS,7.951,2.24,1,baja,2026-10-05T18:06:10,mirova-archivo,1
2016-05-14T05:48:00,357120,Villarrica,VIIRS375,4.616,1.19,1,baja,2026-10-05T18:06:10,mirova-archivo,1
2016-05-16T05:12:00,357120,Villarrica,VIIRS375,0.1645,0.84,1,muy baja,2026-10-05T18:06:10,mirova-archivo,1
2016-05-17T05:55:00,357120,Villarrica,MODIS,4.949,1.41,1,baja,2026-10-05T18:06:10,mirova-archivo,1
2016-05-20T05:36:00,357120,Villarrica,VIIRS375,6.325,1.06,1,baja,2026-10-05T18:06:10,mirova-archivo,1
2016-05-26T05:24:00,357120,Villarrica,VIIRS375,0.1594,10.30,0,no volcanica,2026-10-05T18:06:10,mirova-archivo,0
2016-06-08T03:40:00,357120,Villarrica,MODIS,0.9969,1.00,1,muy baja,2026-10-05T18:06:10,mirova-archivo,1
2016-06-10T05:42:00,357120,Villarrica,VIIRS375,3.667,1.06,1,baja,2026-10-05T18:06:10,mirova-archivo,1
2016-06-15T03:45:00,357120,Villarrica,MODIS,2.483,1.41,1,baja,2026-10-05T18:06:10,mirova-archivo,1
2016-06-15T05:48:00,357120,Villarrica,VIIRS375,2.37,1.06,1,baja,2026-10-05T18:06:10,mirova-archivo,1
2016-06-16T05:30:00,357120,Villarrica,VIIRS375,1.272,1.19,1,baja,2026-10-05T18:06:10,mirova-archivo,1
2016-06-19T04:36:00,357120,Villarrica,VIIRS375,0.2649,8.30,0,no volcanica,2026-10-05T18:06:10,mirova-archivo,0
2016-06-20T05:45:00,357120,Villarrica,MODIS,0.1794,1.00,1,muy baja,2026-10-05T18:06:10,mirova-archivo,1
2016-06-20T05:54:00,357120,Villarrica,VIIRS375,0.174,0.53,1,muy baja,2026-10-05T18:06:10,mirova-archivo,1
2016-06-21T05:36:00,357120,Villarrica,VIIRS750,5.511,1.06,1,baja,2026-10-05T18:06:10,mirova-archivo,1
2016-06-24T03:40:00,357120,Villarrica,MODIS,0.8006,1.00,1,muy baja,2026-10-05T18:06:10,mirova-archivo,1
2016-06-26T05:42:00,357120,Villarrica,VIIRS375,2.127,0.84,1,baja,2026-10-05T18:06:10,mirova-archivo,1
2016-06-28T05:06:00,357120,Villarrica,VIIRS375,0.2424,20.28,0,no volcanica,2026-10-05T18:06:10,mirova-archivo,0
2016-07-01T03:45:00,357120,Villarrica,MODIS,0.3363,1.00,1,muy baja,2026-10-05T18:06:10,mirova-archivo,1
2016-07-01T05:48:00,357120,Villarrica,VIIRS375,1.422,0.84,1,baja,2026-10-05T18:06:10,mirova-archivo,1
2016-07-02T05:30:00,357120,Villarrica,VIIRS375,0.783,1.19,1,muy baja,2026-10-05T18:06:10,mirova-archivo,1
2016-07-19T03:35:00,357120,Villarrica,MODIS,0.5402,1.00,1,muy baja,2026-10-05T18:06:10,mirova-archivo,1
2016-07-25T05:00:00,357120,Villarrica,VIIRS375,0.1744,27.03,0,no volcanica,2026-10-05T18:06:10,mirova-archivo,0
2016-07-26T03:40:00,357120,Villarrica,MODIS,1.02,1.00,1,baja,2026-10-05T18:06:10,mirova-archivo,1
2016-07-29T05:24:00,357120,Villarrica,VIIRS375,6.087,1.19,1,baja,2026-10-05T18:06:10,mirova-archivo,1
2016-07-29T05:50:00,357120,Villarrica,MODIS,18.69,2.24,1,moderada,2026-10-05T18:06:10,mirova-archivo,1
2016-08-02T03:45:00,357120,Villarrica,MODIS,4.607,2.00,1,baja,2026-10-05T18:06:10,mirova-archivo,1
2016-08-02T05:48:00,357120,Villarrica,VIIRS375,3.761,1.06,1,baja,2026-10-05T18:06:10,mirova-archivo,1
2016-08-09T05:18:00,357120,Villarrica,VIIRS375,0.09595,1.19,1,muy baja,2026-10-05T18:06:10,mirova-archivo,1
2016-08-19T05:30:00,357120,Villarrica,VIIRS375,0.2189,15.89,0,no volcanica,2026-10-05T18:06:10,mirova-archivo,0
2016-08-20T03:35:00,357120,Villarrica,MODIS,24.92,2.24,1,moderada,2026-10-05T18:06:10,mirova-archivo,1
2016-08-20T05:12:00,357120,Villarrica,VIIRS375,0.4968,1.68,1,muy baja,2026-10-05T18:06:10,mirova-archivo,1
2016-08-21T05:55:00,357120,Villarrica,MODIS,9.265,2.00,1,baja,2026-10-05T18:06:10,mirova-archivo,1
2016-08-21T06:36:00,357120,Villarrica,VIIRS375,0.08486,0.53,1,muy baja,2026-10-05T18:06:10,mirova-archivo,1
2016-08-23T05:45:00,357120,Villarrica,MODIS,13.83,2.24,1,moderada,2026-10-05T18:06:10,mirova-archivo,1
2016-08-23T05:54:00,357120,Villarrica,VIIRS750,25.66,1.68,1,moderada,2026-10-05T18:06:10,mirova-archivo,1
2016-08-24T05:36:00,357120,Villarrica,VIIRS750,41.36,1.68,1,moderada,2026-10-05T18:06:10,mirova-archivo,1
2016-08-27T03:40:00,357120,Villarrica,MODIS,8.877,1.41,1,baja,2026-10-05T18:06:10,mirova-archivo,1
2016-08-27T06:18:00,357120,Villarrica,VIIRS375,0.0405,0.38,1,muy baja,2026-10-05T18:06:10,mirova-archivo,1
2016-08-28T06:00:00,357120,Villarrica,MODIS,1.359,1.00,1,baja,2026-10-05T18:06:10,mirova-archivo,1
2016-08-28T06:00:00,357120,Villarrica,VIIRS375,2.151,21.80,0,no volcanica,2026-10-05T18:06:10,mirova-archivo,0
2016-08-29T03:30:00,357120,Villarrica,MODIS,17.9,2.24,1,moderada,2026-10-05T18:06:10,mirova-archivo,1
2016-08-29T05:42:00,357120,Villarrica,VIIRS750,8.679,1.06,1,baja,2026-10-05T18:06:10,mirova-archivo,1
2016-09-01T04:00:00,357120,Villarrica,MODIS,1.249,1.41,1,baja,2026-10-05T18:06:10,mirova-archivo,1
2016-09-01T05:35:00,357120,Villarrica,MODIS,4.001,2.00,1,baja,2026-10-05T18:06:10,mirova-archivo,1
2016-09-03T05:48:00,357120,Villarrica,VIIRS750,5.707,1.06,1,baja,2026-10-05T18:06:10,mirova-archivo,1
2016-09-05T03:35:00,357120,Villarrica,MODIS,54.76,2.24,1,moderada,2026-10-05T18:06:10,mirova-archivo,1
2016-09-05T05:12:00,357120,Villarrica,VIIRS375,2.839,1.19,1,baja,2026-10-05T18:06:10,mirova-archivo,1
2016-09-06T05:55:00,357120,Villarrica,MODIS,27.26,1.41,1,moderada,2026-10-05T18:06:10,mirova-archivo,1
2016-09-07T03:20:00,357120,Villarrica,MODIS,1.064,2.24,1,baja,2026-10-05T18:06:10,mirova-archivo,1
2016-09-10T03:50:00,357120,Villarrica,MODIS,4.875,2.24,1,baja,2026-10-05T18:06:10,mirova-archivo,1
2016-09-10T05:18:00,357120,Villarrica,VIIRS375,0.866,1.19,1,muy baja,2026-10-05T18:06:10,mirova-archivo,1
2016-09-13T06:00:00,357120,Villarrica,VIIRS375,0.662,0.84,1,muy baja,2026-10-05T18:06:10,mirova-archivo,1
2016-09-14T03:30:00,357120,Villarrica,MODIS,27.04,3.16,1,moderada,2026-10-05T18:06:10,mirova-archivo,1
2016-09-14T05:42:00,357120,Villarrica,VIIRS750,41.98,1.06,1,moderada,2026-10-05T18:06:10,mirova-archivo,1
2016-09-15T05:24:00,357120,Villarrica,VIIRS750,16.87,1.06,1,moderada,2026-10-05T18:06:10,mirova-archivo,1
2016-09-15T05:50:00,357120,Villarrica,MODIS,24.7,2.24,1,moderada,2026-10-05T18:06:10,mirova-archivo,1
2016-09-18T06:06:00,357120,Villarrica,VIIRS750,15.95,1.06,1,moderada,2026-10-05T18:06:10,mirova-archivo,1
2016-09-19T03:45:00,357120,Villarrica,MODIS,38.18,2.00,1,moderada,2026-10-05T18:06:10,mirova-archivo,1
2016-09-19T05:48:00,357120,Villarrica,VIIRS750,9.009,1.68,1,baja,2026-10-05T18:06:10,mirova-archivo,1
2016-09-21T03:35:00,357120,Villarrica,MODIS,20.18,2.24,1,moderada,2026-10-05T18:06:10,mirova-archivo,1
2016-09-21T05:12:00,357120,Villarrica,VIIRS375,1.541,1.68,1,baja,2026-10-05T18:06:10,mirova-archivo,1
2016-09-22T05:55:00,357120,Villarrica,MODIS,27.23,1.41,1,moderada,2026-10-05T18:06:10,mirova-archivo,1
2016-09-22T06:36:00,357120,Villarrica,VIIRS375,0.3467,0.53,1,muy baja,2026-10-05T18:06:10,mirova-archivo,1
2016-09-23T03:20:00,357120,Villarrica,MODIS,7.342,2.24,1,baja,2026-10-05T18:06:10,mirova-archivo,1
2016-09-23T06:12:00,357120,Villarrica,VIIRS375,0.2316,0.84,1,muy baja,2026-10-05T18:06:10,mirova-archivo,1
2016-09-24T05:45:00,357120,Villarrica,MODIS,30.73,2.24,1,moderada,2026-10-05T18:06:10,mirova-archivo,1
2016-09-24T05:54:00,357120,Villarrica,VIIRS750,12.52,1.68,1,moderada,2026-10-05T18:06:10,mirova-archivo,1
2016-09-25T05:36:00,357120,Villarrica,VIIRS750,13.48,1.68,1,moderada,2026-10-05T18:06:10,mirova-archivo,1
2016-09-26T03:50:00,357120,Villarrica,MODIS,10.26,2.00,1,moderada,2026-10-05T18:06:10,mirova-archivo,1
2016-09-26T05:18:00,357120,Villarrica,VIIRS375,5.69,1.19,1,baja,2026-10-05T18:06:10,mirova-archivo,1
2016-09-26T05:30:00,357120,Villarrica,MODIS,1.173,2.00,1,baja,2026-10-05T18:06:10,mirova-archivo,1
2016-09-28T03:40:00,357120,Villarrica,MODIS,11.27,2.24,1,moderada,2026-10-05T18:06:10,mirova-archivo,1
2016-09-29T06:00:00,357120,Villarrica,MODIS,9.772,1.41,1,baja,2026-10-05T18:06:10,mirova-archivo,1
2016-09-29T06:00:00,357120,Villarrica,VIIRS375,1.867,0.84,1,baja,2026-10-05T18:06:10,mirova-archivo,1
2016-10-01T05:24:00,357120,Villarrica,VIIRS375,5.538,1.19,1,baja,2026-10-05T18:06:10,mirova-archivo,1
2016-10-01T05:50:00,357120,Villarrica,MODIS,15.69,1.41,1,moderada,2026-10-05T18:06:10,mirova-archivo,1
2016-10-02T05:06:00,357120,Villarrica,VIIRS375,0.2622,0.84,1,muy baja,2026-10-05T18:06:10,mirova-archivo,1
2016-10-03T04:00:00,357120,Villarrica,MODIS,3.659,2.00,1,baja,2026-10-05T18:06:10,mirova-archivo,1
2016-10-03T05:35:00,357120,Villarrica,MODIS,0.9095,1.41,1,muy baja,2026-10-05T18:06:10,mirova-archivo,1
2016-10-05T03:45:00,357120,Villarrica,MODIS,7.803,1.41,1,baja,2026-10-05T18:06:10,mirova-archivo,1
2016-10-05T05:48:00,357120,Villarrica,VIIRS750,11.6,1.68,1,moderada,2026-10-05T18:06:10,mirova-archivo,1
2016-10-07T03:35:00,357120,Villarrica,MODIS,16.16,2.00,1,moderada,2026-10-05T18:06:10,mirova-archivo,1
2016-10-07T05:12:00,357120,Villarrica,VIIRS375,0.7013,1.35,1,muy baja,2026-10-05T18:06:10,mirova-archivo,1
2016-10-08T05:55:00,357120,Villarrica,MODIS,26.38,1.41,1,moderada,2026-10-05T18:06:10,mirova-archivo,1
2016-10-09T06:12:00,357120,Villarrica,VIIRS375,0.08015,0.53,1,muy baja,2026-10-05T18:06:10,mirova-archivo,1
2016-10-10T05:45:00,357120,Villarrica,MODIS,9.959,1.41,1,baja,2026-10-05T18:06:10,mirova-archivo,1
2016-10-10T05:54:00,357120,Villarrica,VIIRS375,4.297,1.19,1,baja,2026-10-05T18:06:10,mirova-archivo,1
2016-10-13T06:15:00,357120,Villarrica,MODIS,0.6963,1.00,1,muy baja,2026-10-05T18:06:10,mirova-archivo,1
2016-10-13T06:42:00,357120,Villarrica,VIIRS375,0.1671,0.84,1,muy baja,2026-10-05T18:06:10,mirova-archivo,1
2016-10-14T03:40:00,357120,Villarrica,MODIS,12.17,2.24,1,moderada,2026-10-05T18:06:10,mirova-archivo,1
2016-10-17T05:50:00,357120,Villarrica,MODIS,0.533,0.00,1,muy baja,2026-10-05T18:06:10,mirova-archivo,1
2016-10-18T06:48:00,357120,Villarrica,VIIRS375,2.533,1.55,1,baja,2026-10-05T18:06:10,mirova-archivo,1
2016-10-20T06:06:00,357120,Villarrica,VIIRS375,3.223,0.84,1,baja,2026-10-05T18:06:10,mirova-archivo,1
2016-10-21T03:45:00,357120,Villarrica,MODIS,37.43,2.00,1,moderada,2026-10-05T18:06:10,mirova-archivo,1
2016-10-21T05:48:00,357120,Villarrica,VIIRS750,25.64,1.06,1,moderada,2026-10-05T18:06:10,mirova-archivo,1
2016-10-22T05:30:00,357120,Villarrica,VIIRS750,5.131,1.68,1,baja,2026-10-05T18:06:10,mirova-archivo,1
2016-10-22T06:10:00,357120,Villarrica,MODIS,0.255,1.00,1,muy baja,2026-10-05T18:06:10,mirova-archivo,1
2016-10-23T03:35:00,357120,Villarrica,MODIS,13.68,2.24,1,moderada,2026-10-05T18:06:10,mirova-archivo,1
2016-10-23T05:12:00,357120,Villarrica,VIIRS375,1.105,1.06,1,baja,2026-10-05T18:06:10,mirova-archivo,1
2016-10-24T05:55:00,357120,Villarrica,MODIS,1.875,1.41,1,baja,2026-10-05T18:06:10,mirova-archivo,1
2016-10-24T06:36:00,357120,Villarrica,VIIRS375,0.09636,1.88,1,muy baja,2026-10-05T18:06:10,mirova-archivo,1
2016-10-26T05:45:00,357120,Villarrica,MODIS,7.847,2.24,1,baja,2026-10-05T18:06:10,mirova-archivo,1
2016-10-26T05:54:00,357120,Villarrica,VIIRS750,9.142,1.50,1,baja,2026-10-05T18:06:10,mirova-archivo,1
2016-10-27T05:36:00,357120,Villarrica,VIIRS750,6.031,1.06,1,baja,2026-10-05T18:06:10,mirova-archivo,1
2016-10-28T03:50:00,357120,Villarrica,MODIS,5.721,1.41,1,baja,2026-10-05T18:06:10,mirova-archivo,1
2016-10-28T05:18:00,357120,Villarrica,VIIRS375,4.163,25.50,0,no volcanica,2026-10-05T18:06:10,mirova-archivo,0
2016-10-28T05:30:00,357120,Villarrica,MODIS,0.1807,1.00,1,muy baja,2026-10-05T18:06:10,mirova-archivo,1
2016-10-30T03:40:00,357120,Villarrica,MODIS,51.91,2.24,1,moderada,2026-10-05T18:06:10,mirova-archivo,1
2016-10-30T06:18:00,357120,Villarrica,VIIRS375,0.1746,0.75,1,muy baja,2026-10-05T18:06:10,mirova-archivo,1
2016-11-02T05:24:00,357120,Villarrica,VIIRS375,5.467,1.19,1,baja,2026-10-05T18:06:10,mirova-archivo,1
2016-11-02T05:50:00,357120,Villarrica,MODIS,14.79,2.24,1,moderada,2026-10-05T18:06:10,mirova-archivo,1
2016-11-05T06:06:00,357120,Villarrica,VIIRS375,0.8918,0.84,1,muy baja,2026-10-05T18:06:10,mirova-archivo,1
2016-11-06T03:45:00,357120,Villarrica,MODIS,1.595,1.41,1,baja,2026-10-05T18:06:10,mirova-archivo,1
2016-11-06T05:48:00,357120,Villarrica,VIIRS750,6.645,1.06,1,baja,2026-10-05T18:06:10,mirova-archivo,1
2016-11-07T05:30:00,357120,Villarrica,VIIRS750,5.41,1.06,1,baja,2026-10-05T18:06:10,mirova-archivo,1
2016-11-07T06:10:00,357120,Villarrica,MODIS,4.084,1.41,1,baja,2026-10-05T18:06:10,mirova-archivo,1
2016-11-08T05:12:00,357120,Villarrica,VIIRS375,0.1486,1.68,1,muy baja,2026-10-05T18:06:10,mirova-archivo,1
2016-11-09T05:55:00,357120,Villarrica,MODIS,10.7,1.41,1,moderada,2026-10-05T18:06:10,mirova-archivo,1
2016-11-10T03:20:00,357120,Villarrica,MODIS,2.618,2.00,1,baja,2026-10-05T18:06:10,mirova-archivo,1
2016-11-11T05:45:00,357120,Villarrica,MODIS,29.84,2.24,1,moderada,2026-10-05T18:06:10,mirova-archivo,1
2016-11-11T05:54:00,357120,Villarrica,VIIRS750,24.7,1.06,1,moderada,2026-10-05T18:06:10,mirova-archivo,1
2016-11-12T05:36:00,357120,Villarrica,VIIRS750,24.73,1.68,1,moderada,2026-10-05T18:06:10,mirova-archivo,1
2016-11-13T05:18:00,357120,Villarrica,VIIRS375,3.014,1.68,1,baja,2026-10-05T18:06:10,mirova-archivo,1
2016-11-16T06:00:00,357120,Villarrica,MODIS,12.65,1.41,1,moderada,2026-10-05T18:06:10,mirova-archivo,1
2016-11-16T06:00:00,357120,Villarrica,VIIRS375,2.906,1.19,1,baja,2026-10-05T18:06:10,mirova-archivo,1
2016-11-17T05:42:00,357120,Villarrica,VIIRS750,51.67,1.68,1,moderada,2026-10-05T18:06:10,mirova-archivo,1
2016-11-18T05:24:00,357120,Villarrica,VIIRS750,25.67,1.68,1,moderada,2026-10-05T18:06:10,mirova-archivo,1
2016-11-18T05:50:00,357120,Villarrica,MODIS,30.46,2.24,1,moderada,2026-10-05T18:06:10,mirova-archivo,1
2016-11-19T05:06:00,357120,Villarrica,VIIRS375,0.1952,1.55,1,muy baja,2026-10-05T18:06:10,mirova-archivo,1
2016-11-20T05:35:00,357120,Villarrica,MODIS,0.6989,1.00,1,muy baja,2026-10-05T18:06:10,mirova-archivo,1
2016-11-21T06:06:00,357120,Villarrica,VIIRS375,0.4521,1.06,1,muy baja,2026-10-05T18:06:10,mirova-archivo,1
2016-11-22T03:45:00,357120,Villarrica,MODIS,8.808,1.41,1,baja,2026-10-05T18:06:10,mirova-archivo,1
2016-11-22T05:48:00,357120,Villarrica,VIIRS750,5.891,1.06,1,baja,2026-10-05T18:06:10,mirova-archivo,1
2016-11-23T05:30:00,357120,Villarrica,VIIRS750,7.811,1.06,1,baja,2026-10-05T18:06:10,mirova-archivo,1
2016-11-23T06:10:00,357120,Villarrica,MODIS,3.565,1.41,1,baja,2026-10-05T18:06:10,mirova-archivo,1
2016-11-24T03:35:00,357120,Villarrica,MODIS,18.53,2.24,1,moderada,2026-10-05T18:06:10,mirova-archivo,1
2016-11-24T05:12:00,357120,Villarrica,VIIRS375,2.987,1.55,1,baja,2026-10-05T18:06:10,mirova-archivo,1
2016-11-25T04:54:00,357120,Villarrica,VIIRS375,14,2.73,1,moderada,2026-10-05T18:06:10,mirova-archivo,1
2016-11-25T05:55:00,357120,Villarrica,MODIS,18.1,1.41,1,moderada,2026-10-05T18:06:10,mirova-archivo,1
2016-11-25T06:36:00,357120,Villarrica,VIIRS375,2.721,1.12,1,baja,2026-10-05T18:06:10,mirova-archivo,1
2016-11-27T05:54:00,357120,Villarrica,VIIRS375,0.8809,0.84,1,muy baja,2026-10-05T18:06:10,mirova-archivo,1
2016-11-28T05:36:00,357120,Villarrica,VIIRS750,18.73,1.68,1,moderada,2026-10-05T18:06:10,mirova-archivo,1
2016-11-29T03:50:00,357120,Villarrica,MODIS,21.18,2.24,1,moderada,2026-10-05T18:06:10,mirova-archivo,1
2016-11-29T05:18:00,357120,Villarrica,VIIRS750,11.14,1.68,1,moderada,2026-10-05T18:06:10,mirova-archivo,1
2016-11-29T05:30:00,357120,Villarrica,MODIS,2.289,2.00,1,baja,2026-10-05T18:06:10,mirova-archivo,1
2016-12-01T03:40:00,357120,Villarrica,MODIS,0.3359,1.00,1,muy baja,2026-10-05T18:06:10,mirova-archivo,1
2016-12-02T06:00:00,357120,Villarrica,MODIS,17.76,1.41,1,moderada,2026-10-05T18:06:10,mirova-archivo,1
2016-12-02T06:00:00,357120,Villarrica,VIIRS750,7.578,1.06,1,baja,2026-10-05T18:06:10,mirova-archivo,1
2016-12-03T05:42:00,357120,Villarrica,VIIRS750,7.49,1.68,1,baja,2026-10-05T18:06:10,mirova-archivo,1
2016-12-04T05:24:00,357120,Villarrica,VIIRS375,0.2821,0.84,1,muy baja,2026-10-05T18:06:10,mirova-archivo,1
2016-12-06T04:00:00,357120,Villarrica,MODIS,1.464,1.00,1,baja,2026-10-05T18:06:10,mirova-archivo,1
2016-12-06T05:35:00,357120,Villarrica,MODIS,3.385,2.00,1,baja,2026-10-05T18:06:10,mirova-archivo,1
2016-12-07T06:06:00,357120,Villarrica,VIIRS375,0.166,0.75,1,muy baja,2026-10-05T18:06:10,mirova-archivo,1
2016-12-08T03:45:00,357120,Villarrica,MODIS,26.41,2.00,1,moderada,2026-10-05T18:06:10,mirova-archivo,1
2016-12-08T05:48:00,357120,Villarrica,VIIRS750,19.84,1.06,1,moderada,2026-10-05T18:06:10,mirova-archivo,1
2016-12-09T05:30:00,357120,Villarrica,VIIRS750,22.57,1.06,1,moderada,2026-10-05T18:06:10,mirova-archivo,1
2016-12-09T06:10:00,357120,Villarrica,MODIS,2.071,1.41,1,baja,2026-10-05T18:06:10,mirova-archivo,1
2016-12-13T05:45:00,357120,Villarrica,MODIS,29.75,2.24,1,moderada,2026-10-05T18:06:10,mirova-archivo,1
2016-12-14T05:36:00,357120,Villarrica,VIIRS750,46.78,1.68,1,moderada,2026-10-05T18:06:10,mirova-archivo,1
2016-12-15T03:50:00,357120,Villarrica,MODIS,10.91,2.00,1,moderada,2026-10-05T18:06:10,mirova-archivo,1
2016-12-15T05:18:00,357120,Villarrica,VIIRS750,5.55,1.68,1,baja,2026-10-05T18:06:10,mirova-archivo,1
2016-12-15T05:30:00,357120,Villarrica,MODIS,0.1937,0.00,1,muy baja,2026-10-05T18:06:10,mirova-archivo,1
2016-12-16T06:42:00,357120,Villarrica,VIIRS375,1.052,1.55,1,baja,2026-10-05T18:06:10,mirova-archivo,1
2016-12-18T06:00:00,357120,Villarrica,MODIS,12.44,1.41,1,moderada,2026-10-05T18:06:10,mirova-archivo,1
2016-12-18T06:00:00,357120,Villarrica,VIIRS375,1.469,0.84,1,baja,2026-10-05T18:06:10,mirova-archivo,1
2016-12-19T05:42:00,357120,Villarrica,VIIRS750,33.64,1.68,1,moderada,2026-10-05T18:06:10,mirova-archivo,1
2016-12-20T05:24:00,357120,Villarrica,VIIRS750,10.63,1.68,1,moderada,2026-10-05T18:06:10,mirova-archivo,1
2016-12-20T05:50:00,357120,Villarrica,MODIS,4.82,1.41,1,baja,2026-10-05T18:06:10,mirova-archivo,1
2016-12-21T05:06:00,357120,Villarrica,VIIRS375,0.1271,2.02,1,muy baja,2026-10-05T18:06:10,mirova-archivo,1
2016-12-22T05:35:00,357120,Villarrica,MODIS,20.67,1.41,1,moderada,2026-10-05T18:06:10,mirova-archivo,1
2016-12-23T06:06:00,357120,Villarrica,VIIRS375,0.1125,0.84,1,muy baja,2026-10-05T18:06:10,mirova-archivo,1
2016-12-24T05:48:00,357120,Villarrica,VIIRS375,3.979,0.84,1,baja,2026-10-05T18:06:10,mirova-archivo,1
2016-12-26T03:35:00,357120,Villarrica,MODIS,13.67,2.00,1,moderada,2026-10-05T18:06:10,mirova-archivo,1
2016-12-27T05:55:00,357120,Villarrica,MODIS,14.83,1.41,1,moderada,2026-10-05T18:06:10,mirova-archivo,1
2016-12-28T03:20:00,357120,Villarrica,MODIS,3.445,2.24,1,baja,2026-10-05T18:06:10,mirova-archivo,1
2016-12-28T06:12:00,357120,Villarrica,VIIRS375,0.04931,0.38,1,muy baja,2026-10-05T18:06:10,mirova-archivo,1
2016-12-29T05:45:00,357120,Villarrica,MODIS,26.59,1.41,1,moderada,2026-10-05T18:06:10,mirova-archivo,1
2016-12-29T05:54:00,357120,Villarrica,VIIRS750,12.85,1.06,1,moderada,2026-10-05T18:06:10,mirova-archivo,1
2017-01-01T05:00:00,357120,Villarrica,VIIRS375,0.09388,0.84,1,muy baja,2026-10-05T18:06:10,mirova-archivo,1
2017-01-02T03:40:00,357120,Villarrica,MODIS,7.349,1.00,1,baja,2026-10-05T18:06:10,mirova-archivo,1
2017-01-05T05:24:00,357120,Villarrica,VIIRS750,17.45,1.68,1,moderada,2026-10-05T18:06:10,mirova-archivo,1
2017-01-05T05:50:00,357120,Villarrica,MODIS,17.59,1.00,1,moderada,2026-10-05T18:06:10,mirova-archivo,1
2017-01-06T05:06:00,357120,Villarrica,VIIRS375,0.1119,1.55,1,muy baja,2026-10-05T18:06:10,mirova-archivo,1
2017-01-10T05:30:00,357120,Villarrica,VIIRS750,6.804,1.68,1,baja,2026-10-05T18:06:10,mirova-archivo,1
2017-01-11T03:35:00,357120,Villarrica,MODIS,2.537,2.00,1,baja,2026-10-05T18:06:10,mirova-archivo,1
2017-01-11T05:12:00,357120,Villarrica,VIIRS375,1.942,1.19,1,baja,2026-10-05T18:06:10,mirova-archivo,1
2017-01-14T05:45:00,357120,Villarrica,MODIS,3.363,1.41,1,baja,2026-10-05T18:06:10,mirova-archivo,1
2017-01-14T05:54:00,357120,Villarrica,VIIRS375,5.065,0.84,1,baja,2026-10-05T18:06:10,mirova-archivo,1
2017-01-15T05:36:00,357120,Villarrica,VIIRS750,8.517,1.68,1,baja,2026-10-05T18:06:10,mirova-archivo,1
2017-01-16T03:50:00,357120,Villarrica,MODIS,0.9565,1.41,1,muy baja,2026-10-05T18:06:10,mirova-archivo,1
2017-01-16T05:18:00,357120,Villarrica,VIIRS375,5.457,1.35,1,baja,2026-10-05T18:06:10,mirova-archivo,1
2017-01-16T05:30:00,357120,Villarrica,MODIS,12.4,1.41,1,moderada,2026-10-05T18:06:10,mirova-archivo,1
2017-01-18T03:40:00,357120,Villarrica,MODIS,55.37,2.24,1,moderada,2026-10-05T18:06:10,mirova-archivo,1
2017-01-18T06:18:00,357120,Villarrica,VIIRS375,0.2845,0.53,1,muy baja,2026-10-05T18:06:10,mirova-archivo,1
2017-01-19T06:00:00,357120,Villarrica,MODIS,6.157,1.41,1,baja,2026-10-05T18:06:10,mirova-archivo,1
2017-01-19T06:00:00,357120,Villarrica,VIIRS375,2.786,0.84,1,baja,2026-10-05T18:06:10,mirova-archivo,1
2017-01-20T03:25:00,357120,Villarrica,MODIS,33.89,3.00,1,moderada,2026-10-05T18:06:10,mirova-archivo,1
2017-01-20T05:42:00,357120,Villarrica,VIIRS750,7.152,1.06,1,baja,2026-10-05T18:06:10,mirova-archivo,1
2017-01-21T05:24:00,357120,Villarrica,VIIRS375,4.428,0.84,1,baja,2026-10-05T18:06:10,mirova-archivo,1
2017-01-21T05:50:00,357120,Villarrica,MODIS,5.242,1.41,1,baja,2026-10-05T18:06:10,mirova-archivo,1
2017-01-22T03:15:00,357120,Villarrica,MODIS,2.388,2.00,1,baja,2026-10-05T18:06:10,mirova-archivo,1
2017-01-22T05:06:00,357120,Villarrica,VIIRS375,0.4964,1.19,1,muy baja,2026-10-05T18:06:10,mirova-archivo,1
2017-01-25T03:45:00,357120,Villarrica,MODIS,16.5,2.24,1,moderada,2026-10-05T18:06:10,mirova-archivo,1
2017-01-25T05:48:00,357120,Villarrica,VIIRS750,16.13,1.06,1,moderada,2026-10-05T18:06:10,mirova-archivo,1
2017-01-26T05:30:00,357120,Villarrica,VIIRS750,31.86,1.68,1,moderada,2026-10-05T18:06:10,mirova-archivo,1
2017-01-26T06:10:00,357120,Villarrica,MODIS,3.467,1.00,1,baja,2026-10-05T18:06:10,mirova-archivo,1
2017-01-27T03:35:00,357120,Villarrica,MODIS,3.304,2.00,1,baja,2026-10-05T18:06:10,mirova-archivo,1
2017-01-27T05:12:00,357120,Villarrica,VIIRS375,2.277,1.06,1,baja,2026-10-05T18:06:10,mirova-archivo,1
2017-01-28T05:55:00,357120,Villarrica,MODIS,1.441,1.00,1,baja,2026-10-05T18:06:10,mirova-archivo,1
2017-01-31T05:36:00,357120,Villarrica,VIIRS375,5.381,1.19,1,baja,2026-10-05T18:06:10,mirova-archivo,1
2017-02-01T03:50:00,357120,Villarrica,MODIS,4.275,2.00,1,baja,2026-10-05T18:06:10,mirova-archivo,1
2017-02-01T05:18:00,357120,Villarrica,VIIRS375,4.936,1.19,1,baja,2026-10-05T18:06:10,mirova-archivo,1
2017-02-05T03:25:00,357120,Villarrica,MODIS,1.252,2.00,1,baja,2026-10-05T18:06:10,mirova-archivo,1
2017-02-05T05:42:00,357120,Villarrica,VIIRS375,3.11,0.84,1,baja,2026-10-05T18:06:10,mirova-archivo,1
2017-02-06T05:24:00,357120,Villarrica,VIIRS750,5.025,1.68,1,baja,2026-10-05T18:06:10,mirova-archivo,1
2017-02-06T05:50:00,357120,Villarrica,MODIS,5.479,1.00,1,baja,2026-10-05T18:06:10,mirova-archivo,1
2017-02-07T03:15:00,357120,Villarrica,MODIS,2.292,1.41,1,baja,2026-10-05T18:06:10,mirova-archivo,1
2017-02-07T05:06:00,357120,Villarrica,VIIRS375,0.5933,1.68,1,muy baja,2026-10-05T18:06:10,mirova-archivo,1
2017-02-10T03:45:00,357120,Villarrica,MODIS,9.427,1.41,1,baja,2026-10-05T18:06:10,mirova-archivo,1
2017-02-10T05:48:00,357120,Villarrica,VIIRS750,6.073,1.06,1,baja,2026-10-05T18:06:10,mirova-archivo,1
2017-02-11T05:30:00,357120,Villarrica,VIIRS375,3.697,1.19,1,baja,2026-10-05T18:06:10,mirova-archivo,1
2017-02-12T03:35:00,357120,Villarrica,MODIS,7.274,2.24,1,baja,2026-10-05T18:06:10,mirova-archivo,1
2017-02-12T05:12:00,357120,Villarrica,VIIRS375,3.004,1.35,1,baja,2026-10-05T18:06:10,mirova-archivo,1
2017-02-13T04:15:00,357120,Villarrica,MODIS,0.5602,1.00,1,muy baja,2026-10-05T18:06:10,mirova-archivo,1
2017-02-13T05:55:00,357120,Villarrica,MODIS,1.644,1.00,1,baja,2026-10-05T18:06:10,mirova-archivo,1
2017-02-14T03:20:00,357120,Villarrica,MODIS,8.353,2.00,1,baja,2026-10-05T18:06:10,mirova-archivo,1
2017-02-14T06:12:00,357120,Villarrica,VIIRS375,0.06554,0.53,1,muy baja,2026-10-05T18:06:10,mirova-archivo,1
2017-02-17T05:18:00,357120,Villarrica,VIIRS375,0.06171,0.75,1,muy baja,2026-10-05T18:06:10,mirova-archivo,1
2017-02-22T05:24:00,357120,Villarrica,VIIRS375,4.195,1.19,1,baja,2026-10-05T18:06:10,mirova-archivo,1
2017-02-22T05:50:00,357120,Villarrica,MODIS,1.593,1.00,1,baja,2026-10-05T18:06:10,mirova-archivo,1
2017-02-23T03:15:00,357120,Villarrica,MODIS,1.172,2.24,1,baja,2026-10-05T18:06:10,mirova-archivo,1
2017-02-23T05:06:00,357120,Villarrica,VIIRS375,0.8712,1.19,1,muy baja,2026-10-05T18:06:10,mirova-archivo,1
2017-02-24T04:00:00,357120,Villarrica,MODIS,2.832,1.41,1,baja,2026-10-05T18:06:10,mirova-archivo,1
2017-02-24T05:40:00,357120,Villarrica,MODIS,1.776,1.00,1,baja,2026-10-05T18:06:10,mirova-archivo,1
2017-02-26T03:45:00,357120,Villarrica,MODIS,0.7199,1.00,1,muy baja,2026-10-05T18:06:10,mirova-archivo,1
2017-02-26T05:25:00,357120,Villarrica,MODIS,2.466,2.24,1,baja,2026-10-05T18:06:10,mirova-archivo,1
2017-02-26T05:48:00,357120,Villarrica,VIIRS375,3.431,0.84,1,baja,2026-10-05T18:06:10,mirova-archivo,1
2017-03-01T05:55:00,357120,Villarrica,MODIS,7.077,1.41,1,baja,2026-10-05T18:06:10,mirova-archivo,1
2017-03-03T05:45:00,357120,Villarrica,MODIS,3.47,1.41,1,baja,2026-10-05T18:06:10,mirova-archivo,1
2017-03-03T05:54:00,357120,Villarrica,VIIRS375,0.1227,0.75,1,muy baja,2026-10-05T18:06:10,mirova-archivo,1
2017-03-04T05:36:00,357120,Villarrica,VIIRS750,5.757,1.06,1,baja,2026-10-05T18:06:10,mirova-archivo,1
2017-03-05T03:50:00,357120,Villarrica,MODIS,8.336,1.41,1,baja,2026-10-05T18:06:10,mirova-archivo,1
2017-03-05T05:18:00,357120,Villarrica,VIIRS750,9.482,1.50,1,baja,2026-10-05T18:06:10,mirova-archivo,1
2017-03-05T05:30:00,357120,Villarrica,MODIS,8.315,2.00,1,baja,2026-10-05T18:06:10,mirova-archivo,1
2017-03-06T05:00:00,357120,Villarrica,VIIRS375,0.09688,1.19,1,muy baja,2026-10-05T18:06:10,mirova-archivo,1
2017-03-07T03:40:00,357120,Villarrica,MODIS,35.35,2.24,1,moderada,2026-10-05T18:06:10,mirova-archivo,1
2017-03-07T06:18:00,357120,Villarrica,VIIRS375,0.1337,0.53,1,muy baja,2026-10-05T18:06:10,mirova-archivo,1
2017-03-12T05:40:00,357120,Villarrica,MODIS,5.07,1.41,1,baja,2026-10-05T18:06:10,mirova-archivo,1
2017-03-14T03:45:00,357120,Villarrica,MODIS,11.96,1.41,1,moderada,2026-10-05T18:06:10,mirova-archivo,1
2017-03-15T05:30:00,357120,Villarrica,VIIRS750,7.383,1.06,1,baja,2026-10-05T18:06:10,mirova-archivo,1
2017-03-16T03:35:00,357120,Villarrica,MODIS,5.819,2.24,1,baja,2026-10-05T18:06:10,mirova-archivo,1
2017-03-16T05:12:00,357120,Villarrica,VIIRS375,2.247,1.19,1,baja,2026-10-05T18:06:10,mirova-archivo,1
2017-03-17T05:55:00,357120,Villarrica,MODIS,7.802,1.00,1,baja,2026-10-05T18:06:10,mirova-archivo,1
2017-03-18T03:20:00,357120,Villarrica,MODIS,0.8002,2.00,1,muy baja,2026-10-05T18:06:10,mirova-archivo,1
2017-03-19T05:45:00,357120,Villarrica,MODIS,1.235,1.00,1,baja,2026-10-05T18:06:10,mirova-archivo,1
2017-03-19T05:54:00,357120,Villarrica,VIIRS375,1.796,1.06,1,baja,2026-10-05T18:06:10,mirova-archivo,1
2017-03-20T05:36:00,357120,Villarrica,VIIRS375,5.712,1.35,1,baja,2026-10-05T18:06:10,mirova-archivo,1
2017-03-21T03:50:00,357120,Villarrica,MODIS,3.164,1.41,1,baja,2026-10-05T18:06:10,mirova-archivo,1
2017-03-21T05:18:00,357120,Villarrica,VIIRS750,7.099,2.37,1,baja,2026-10-05T18:06:10,mirova-archivo,1
2017-03-21T05:30:00,357120,Villarrica,MODIS,3.508,1.41,1,baja,2026-10-05T18:06:10,mirova-archivo,1
2017-03-23T03:40:00,357120,Villarrica,MODIS,1.132,1.00,1,baja,2026-10-05T18:06:10,mirova-archivo,1
2017-03-24T06:00:00,357120,Villarrica,VIIRS375,0.3191,0.84,1,muy baja,2026-10-05T18:06:10,mirova-archivo,1
2017-03-24T06:05:00,357120,Villarrica,MODIS,5.028,1.41,1,baja,2026-10-05T18:06:10,mirova-archivo,1
2017-03-25T05:42:00,357120,Villarrica,VIIRS375,1.412,1.06,1,baja,2026-10-05T18:06:10,mirova-archivo,1
2017-03-27T05:06:00,357120,Villarrica,VIIRS375,1.71,25.23,0,no volcanica,2026-10-05T18:06:10,mirova-archivo,0
2017-03-28T05:40:00,357120,Villarrica,MODIS,6.586,1.00,1,baja,2026-10-05T18:06:10,mirova-archivo,1
2017-03-29T06:06:00,357120,Villarrica,VIIRS375,0.4622,0.53,1,muy baja,2026-10-05T18:06:10,mirova-archivo,1
2017-03-31T05:30:00,357120,Villarrica,VIIRS750,6.366,1.06,1,baja,2026-10-05T18:06:10,mirova-archivo,1
2017-04-03T03:20:00,357120,Villarrica,MODIS,7.654,2.24,1,baja,2026-10-05T18:06:10,mirova-archivo,1
2017-04-03T06:12:00,357120,Villarrica,VIIRS375,2.311,0.75,1,baja,2026-10-05T18:06:10,mirova-archivo,1
2017-04-04T05:45:00,357120,Villarrica,MODIS,16.48,2.00,1,moderada,2026-10-05T18:06:10,mirova-archivo,1
2017-04-04T05:54:00,357120,Villarrica,VIIRS750,6.696,1.06,1,baja,2026-10-05T18:06:10,mirova-archivo,1
2017-04-06T03:50:00,357120,Villarrica,MODIS,2.457,1.00,1,baja,2026-10-05T18:06:10,mirova-archivo,1
2017-04-06T05:18:00,357120,Villarrica,VIIRS375,5.42,1.55,1,baja,2026-10-05T18:06:10,mirova-archivo,1
2017-04-08T03:40:00,357120,Villarrica,MODIS,5.743,2.24,1,baja,2026-10-05T18:06:10,mirova-archivo,1
2017-04-09T06:00:00,357120,Villarrica,VIIRS375,2.205,0.75,1,baja,2026-10-05T18:06:10,mirova-archivo,1
2017-04-10T03:25:00,357120,Villarrica,MODIS,0.8527,2.00,1,muy baja,2026-10-05T18:06:10,mirova-archivo,1
2017-04-10T05:42:00,357120,Villarrica,VIIRS375,3.905,0.84,1,baja,2026-10-05T18:06:10,mirova-archivo,1
2017-04-12T05:06:00,357120,Villarrica,VIIRS375,0.08169,1.19,1,muy baja,2026-10-05T18:06:10,mirova-archivo,1
2017-04-13T05:40:00,357120,Villarrica,MODIS,0.9342,1.00,1,muy baja,2026-10-05T18:06:10,mirova-archivo,1
2017-04-14T06:06:00,357120,Villarrica,VIIRS375,0.2051,0.53,1,muy baja,2026-10-05T18:06:10,mirova-archivo,1
2017-04-15T05:48:00,357120,Villarrica,VIIRS375,0.6656,0.75,1,muy baja,2026-10-05T18:06:10,mirova-archivo,1
2017-04-17T03:35:00,357120,Villarrica,MODIS,5.846,2.00,1,baja,2026-10-05T18:06:10,mirova-archivo,1
2017-04-18T05:55:00,357120,Villarrica,MODIS,7.734,1.41,1,baja,2026-10-05T18:06:10,mirova-archivo,1
2017-04-22T03:50:00,357120,Villarrica,MODIS,0.4465,1.00,1,muy baja,2026-10-05T18:06:10,mirova-archivo,1
2017-04-22T05:18:00,357120,Villarrica,VIIRS375,6.282,1.55,1,baja,2026-10-05T18:06:10,mirova-archivo,1
2017-04-24T06:18:00,357120,Villarrica,VIIRS375,0.2114,1.50,1,muy baja,2026-10-05T18:06:10,mirova-archivo,1
2017-04-29T04:48:00,357120,Villarrica,VIIRS375,0.7226,11.14,0,no volcanica,2026-10-05T18:06:10,mirova-archivo,0
2017-04-29T05:40:00,357120,Villarrica,MODIS,0.3943,1.00,1,muy baja,2026-10-05T18:06:10,mirova-archivo,1
2017-04-30T06:06:00,357120,Villarrica,VIIRS375,1.234,1.06,1,baja,2026-10-05T18:06:10,mirova-archivo,1
2017-05-01T03:45:00,357120,Villarrica,MODIS,18.15,2.24,1,moderada,2026-10-05T18:06:10,mirova-archivo,1
2017-05-01T05:48:00,357120,Villarrica,VIIRS750,15.08,1.06,1,moderada,2026-10-05T18:06:10,mirova-archivo,1
2017-05-03T03:35:00,357120,Villarrica,MODIS,2.907,1.41,1,baja,2026-10-05T18:06:10,mirova-archivo,1
2017-05-03T05:12:00,357120,Villarrica,VIIRS375,0.6027,1.55,1,muy baja,2026-10-05T18:06:10,mirova-archivo,1
2017-05-10T03:40:00,357120,Villarrica,MODIS,3.922,2.00,1,baja,2026-10-05T18:06:10,mirova-archivo,1
2017-05-12T05:42:00,357120,Villarrica,VIIRS375,0.3435,26.07,0,no volcanica,2026-10-05T18:06:10,mirova-archivo,0
2017-05-16T06:06:00,357120,Villarrica,VIIRS375,0.03629,0.53,1,muy baja,2026-10-05T18:06:10,mirova-archivo,1
2017-05-18T05:30:00,357120,Villarrica,VIIRS750,18.18,1.50,1,moderada,2026-10-05T18:06:10,mirova-archivo,1
2017-05-18T06:10:00,357120,Villarrica,MODIS,5.124,1.41,1,baja,2026-10-05T18:06:10,mirova-archivo,1
2017-05-19T03:35:00,357120,Villarrica,MODIS,79.84,2.24,1,moderada,2026-10-05T18:06:10,mirova-archivo,1
2017-05-19T05:12:00,357120,Villarrica,VIIRS375,5.979,1.55,1,baja,2026-10-05T18:06:10,mirova-archivo,1
2017-05-20T05:55:00,357120,Villarrica,MODIS,28.41,1.41,1,moderada,2026-10-05T18:06:10,mirova-archivo,1
2017-05-20T06:30:00,357120,Villarrica,VIIRS375,0.1077,0.53,1,muy baja,2026-10-05T18:06:10,mirova-archivo,1
2017-05-23T05:36:00,357120,Villarrica,VIIRS750,7.164,1.06,1,baja,2026-10-05T18:06:10,mirova-archivo,1
2017-05-24T03:50:00,357120,Villarrica,MODIS,7.383,2.00,1,baja,2026-10-05T18:06:10,mirova-archivo,1
2017-05-24T05:18:00,357120,Villarrica,VIIRS750,5.391,1.68,1,baja,2026-10-05T18:06:10,mirova-archivo,1
2017-05-24T05:30:00,357120,Villarrica,MODIS,0.3163,1.00,1,muy baja,2026-10-05T18:06:10,mirova-archivo,1
2017-05-26T04:42:00,357120,Villarrica,VIIRS375,0.3477,23.85,0,no volcanica,2026-10-05T18:06:10,mirova-archivo,0
2017-05-27T06:00:00,357120,Villarrica,MODIS,5.678,1.00,1,baja,2026-10-05T18:06:10,mirova-archivo,1
2017-05-27T06:00:00,357120,Villarrica,VIIRS375,2.183,0.84,1,baja,2026-10-05T18:06:10,mirova-archivo,1
2017-05-28T05:42:00,357120,Villarrica,VIIRS750,19.27,1.68,1,moderada,2026-10-05T18:06:10,mirova-archivo,1
2017-05-29T05:24:00,357120,Villarrica,VIIRS750,11.98,1.68,1,moderada,2026-10-05T18:06:10,mirova-archivo,1
2017-05-29T05:50:00,357120,Villarrica,MODIS,12.55,1.41,1,moderada,2026-10-05T18:06:10,mirova-archivo,1
2017-06-02T03:45:00,357120,Villarrica,MODIS,3.228,1.41,1,baja,2026-10-05T18:06:10,mirova-archivo,1
2017-06-02T05:48:00,357120,Villarrica,VIIRS375,4.084,1.19,1,baja,2026-10-05T18:06:10,mirova-archivo,1
2017-06-05T04:54:00,357120,Villarrica,VIIRS375,0.03851,1.19,1,muy baja,2026-10-05T18:06:10,mirova-archivo,1
2017-06-05T05:55:00,357120,Villarrica,MODIS,1.368,1.00,1,baja,2026-10-05T18:06:10,mirova-archivo,1
2017-06-11T03:40:00,357120,Villarrica,MODIS,4.594,1.41,1,baja,2026-10-05T18:06:10,mirova-archivo,1
2017-06-12T06:00:00,357120,Villarrica,MODIS,3.026,1.41,1,baja,2026-10-05T18:06:10,mirova-archivo,1
2017-06-12T06:00:00,357120,Villarrica,VIIRS375,0.1483,0.84,1,muy baja,2026-10-05T18:06:10,mirova-archivo,1
2017-06-14T05:50:00,357120,Villarrica,MODIS,2.976,1.41,1,baja,2026-10-05T18:06:10,mirova-archivo,1
2017-06-15T06:48:00,357120,Villarrica,VIIRS375,0.01507,2.40,1,muy baja,2026-10-05T18:06:10,mirova-archivo,1
2017-06-19T05:30:00,357120,Villarrica,VIIRS375,1.189,1.35,1,baja,2026-10-05T18:06:10,mirova-archivo,1
2017-06-20T03:35:00,357120,Villarrica,MODIS,17.17,2.24,1,moderada,2026-10-05T18:06:10,mirova-archivo,1
2017-06-28T06:00:00,357120,Villarrica,MODIS,1.826,1.41,1,baja,2026-10-05T18:06:10,mirova-archivo,1
2017-06-28T06:00:00,357120,Villarrica,VIIRS375,0.6081,1.06,1,muy baja,2026-10-05T18:06:10,mirova-archivo,1
2017-07-07T04:54:00,357120,Villarrica,VIIRS375,0.08151,1.68,1,muy baja,2026-10-05T18:06:10,mirova-archivo,1
2017-07-10T05:36:00,357120,Villarrica,VIIRS750,6.824,1.06,1,baja,2026-10-05T18:06:10,mirova-archivo,1
2017-07-11T03:50:00,357120,Villarrica,MODIS,7.44,2.00,1,baja,2026-10-05T18:06:10,mirova-archivo,1
2017-07-11T05:18:00,357120,Villarrica,VIIRS375,6.657,1.35,1,baja,2026-10-05T18:06:10,mirova-archivo,1
2017-07-11T05:30:00,357120,Villarrica,MODIS,0.8593,1.00,1,muy baja,2026-10-05T18:06:10,mirova-archivo,1
2017-07-16T05:24:00,357120,Villarrica,VIIRS375,5.454,11.50,0,fuera de radio,2026-10-05T18:06:10,mirova-archivo,1
2017-07-21T05:30:00,357120,Villarrica,VIIRS375,0.166,1.19,1,muy baja,2026-10-05T18:06:10,mirova-archivo,1
2017-07-21T06:10:00,357120,Villarrica,MODIS,1.137,1.00,1,baja,2026-10-05T18:06:10,mirova-archivo,1
2017-07-25T05:45:00,357120,Villarrica,MODIS,2.818,2.24,1,baja,2026-10-05T18:06:10,mirova-archivo,1
2017-07-25T05:54:00,357120,Villarrica,VIIRS375,2.639,26.12,0,no volcanica,2026-10-05T18:06:10,mirova-archivo,0
2017-07-26T05:36:00,357120,Villarrica,VIIRS750,8.877,1.68,1,baja,2026-10-05T18:06:10,mirova-archivo,1
2017-07-27T03:50:00,357120,Villarrica,MODIS,1.546,1.00,1,baja,2026-10-05T18:06:10,mirova-archivo,1
2017-07-27T05:18:00,357120,Villarrica,VIIRS375,0.6931,1.55,1,muy baja,2026-10-05T18:06:10,mirova-archivo,1
2017-07-27T05:30:00,357120,Villarrica,MODIS,1.8,2.00,1,baja,2026-10-05T18:06:10,mirova-archivo,1
2017-07-30T06:00:00,357120,Villarrica,MODIS,2.63,1.41,1,baja,2026-10-05T18:06:10,mirova-archivo,1
2017-07-30T06:00:00,357120,Villarrica,VIIRS375,0.1407,0.75,1,muy baja,2026-10-05T18:06:10,mirova-archivo,1
2017-07-31T05:42:00,357120,Villarrica,VIIRS375,3.252,0.84,1,baja,2026-10-05T18:06:10,mirova-archivo,1
2017-08-01T05:24:00,357120,Villarrica,VIIRS375,3.861,1.35,1,baja,2026-10-05T18:06:10,mirova-archivo,1
2017-08-01T05:50:00,357120,Villarrica,MODIS,6.175,1.41,1,baja,2026-10-05T18:06:10,mirova-archivo,1
2017-08-02T05:06:00,357120,Villarrica,VIIRS375,0.06092,1.19,1,muy baja,2026-10-05T18:06:10,mirova-archivo,1
2017-08-03T05:35:00,357120,Villarrica,MODIS,1.565,2.00,1,baja,2026-10-05T18:06:10,mirova-archivo,1
2017-08-05T03:45:00,357120,Villarrica,MODIS,1.78,1.00,1,baja,2026-10-05T18:06:10,mirova-archivo,1
2017-08-16T03:30:00,357120,Villarrica,MODIS,1.722,2.00,1,baja,2026-10-05T18:06:10,mirova-archivo,1
2017-08-16T05:42:00,357120,Villarrica,VIIRS375,3.341,0.84,1,baja,2026-10-05T18:06:10,mirova-archivo,1
2017-08-21T03:45:00,357120,Villarrica,MODIS,2.997,1.00,1,baja,2026-10-05T18:06:10,mirova-archivo,1
2017-08-21T05:48:00,357120,Villarrica,VIIRS375,2.945,1.06,1,baja,2026-10-05T18:06:10,mirova-archivo,1
2017-08-22T05:30:00,357120,Villarrica,VIIRS375,0.6488,24.18,0,no volcanica,2026-10-05T18:06:10,mirova-archivo,0
2017-08-30T03:40:00,357120,Villarrica,MODIS,4.753,1.41,1,baja,2026-10-05T18:06:10,mirova-archivo,1
2017-09-03T03:15:00,357120,Villarrica,MODIS,0.8572,2.24,1,muy baja,2026-10-05T18:06:10,mirova-archivo,1
2017-09-03T05:06:00,357120,Villarrica,VIIRS375,0.1226,1.19,1,muy baja,2026-10-05T18:06:10,mirova-archivo,1
2017-09-03T06:48:00,357120,Villarrica,VIIRS375,0.0441,0.38,1,muy baja,2026-10-05T18:06:10,mirova-archivo,1
2017-09-04T05:35:00,357120,Villarrica,MODIS,21.51,2.24,1,moderada,2026-10-05T18:06:10,mirova-archivo,1
2017-09-04T06:24:00,357120,Villarrica,VIIRS375,0.3117,0.53,1,muy baja,2026-10-05T18:06:10,mirova-archivo,1
2017-09-07T05:30:00,357120,Villarrica,VIIRS750,7.467,1.68,1,baja,2026-10-05T18:06:10,mirova-archivo,1
2017-09-09T05:55:00,357120,Villarrica,MODIS,2.076,1.00,1,baja,2026-10-05T18:06:10,mirova-archivo,1
2017-09-12T05:36:00,357120,Villarrica,VIIRS375,4.212,1.19,1,baja,2026-10-05T18:06:10,mirova-archivo,1
2017-09-13T03:50:00,357120,Villarrica,MODIS,1.939,1.41,1,baja,2026-10-05T18:06:10,mirova-archivo,1
2017-09-13T05:18:00,357120,Villarrica,VIIRS375,4.273,1.35,1,baja,2026-10-05T18:06:10,mirova-archivo,1
2017-09-15T03:40:00,357120,Villarrica,MODIS,0.8069,1.00,1,muy baja,2026-10-05T18:06:10,mirova-archivo,1
2017-09-16T06:00:00,357120,Villarrica,MODIS,33.16,1.41,1,moderada,2026-10-05T18:06:10,mirova-archivo,1
2017-09-16T06:00:00,357120,Villarrica,VIIRS375,4.951,1.06,1,baja,2026-10-05T18:06:10,mirova-archivo,1
2017-09-17T03:30:00,357120,Villarrica,MODIS,13.96,2.24,1,moderada,2026-10-05T18:06:10,mirova-archivo,1
2017-09-17T05:42:00,357120,Villarrica,VIIRS750,8.037,1.68,1,baja,2026-10-05T18:06:10,mirova-archivo,1
2017-09-18T05:24:00,357120,Villarrica,VIIRS750,5.854,1.68,1,baja,2026-10-05T18:06:10,mirova-archivo,1
2017-09-18T05:50:00,357120,Villarrica,MODIS,4.438,1.41,1,baja,2026-10-05T18:06:10,mirova-archivo,1
2017-09-21T06:06:00,357120,Villarrica,VIIRS375,0.1003,0.84,1,muy baja,2026-10-05T18:06:10,mirova-archivo,1
2017-09-22T03:45:00,357120,Villarrica,MODIS,6.555,2.24,1,baja,2026-10-05T18:06:10,mirova-archivo,1
2017-09-23T05:30:00,357120,Villarrica,VIIRS750,6.441,1.68,1,baja,2026-10-05T18:06:10,mirova-archivo,1
2017-09-25T05:55:00,357120,Villarrica,MODIS,5.438,1.41,1,baja,2026-10-05T18:06:10,mirova-archivo,1
2017-09-26T03:20:00,357120,Villarrica,MODIS,1.831,2.00,1,baja,2026-10-05T18:06:10,mirova-archivo,1
2017-09-26T06:12:00,357120,Villarrica,VIIRS375,0.2381,15.61,0,no volcanica,2026-10-05T18:06:10,mirova-archivo,0
2017-09-27T05:45:00,357120,Villarrica,MODIS,1.875,1.41,1,baja,2026-10-05T18:06:10,mirova-archivo,1
2017-09-27T05:54:00,357120,Villarrica,VIIRS375,0.04799,0.75,1,muy baja,2026-10-05T18:06:10,mirova-archivo,1
2017-09-28T05:36:00,357120,Villarrica,VIIRS375,2.014,1.35,1,baja,2026-10-05T18:06:10,mirova-archivo,1
2017-10-10T05:12:00,357120,Villarrica,VIIRS375,0.02997,0.84,1,muy baja,2026-10-05T18:06:10,mirova-archivo,1
2017-10-13T05:45:00,357120,Villarrica,MODIS,0.19,1.00,1,muy baja,2026-10-05T18:06:10,mirova-archivo,1
2017-10-13T05:54:00,357120,Villarrica,VIIRS375,0.1471,0.53,1,muy baja,2026-10-05T18:06:10,mirova-archivo,1
2017-10-14T05:36:00,357120,Villarrica,VIIRS375,0.6031,1.06,1,muy baja,2026-10-05T18:06:10,mirova-archivo,1
2017-10-15T03:50:00,357120,Villarrica,MODIS,0.4946,1.00,1,muy baja,2026-10-05T18:06:10,mirova-archivo,1
2017-10-15T05:18:00,357120,Villarrica,VIIRS375,4.945,1.19,1,baja,2026-10-05T18:06:10,mirova-archivo,1
2017-10-15T05:30:00,357120,Villarrica,MODIS,1.759,2.24,1,baja,2026-10-05T18:06:10,mirova-archivo,1
2017-10-19T05:42:00,357120,Villarrica,VIIRS375,0.8537,1.06,1,muy baja,2026-10-05T18:06:10,mirova-archivo,1
2017-10-25T05:30:00,357120,Villarrica,VIIRS375,0.4513,1.06,1,muy baja,2026-10-05T18:06:10,mirova-archivo,1
2017-10-26T03:35:00,357120,Villarrica,MODIS,0.5291,1.00,1,muy baja,2026-10-05T18:06:10,mirova-archivo,1
2017-10-26T05:12:00,357120,Villarrica,VIIRS375,0.6896,1.68,1,muy baja,2026-10-05T18:06:10,mirova-archivo,1
2017-11-04T05:42:00,357120,Villarrica,VIIRS375,3.203,0.84,1,baja,2026-10-05T18:06:10,mirova-archivo,1
2017-11-10T05:30:00,357120,Villarrica,VIIRS375,5.195,1.35,1,baja,2026-10-05T18:06:10,mirova-archivo,1
2017-11-11T03:35:00,357120,Villarrica,MODIS,3.305,2.00,1,baja,2026-10-05T18:06:10,mirova-archivo,1
2017-11-11T05:12:00,357120,Villarrica,VIIRS375,1.541,1.68,1,baja,2026-10-05T18:06:10,mirova-archivo,1
2017-11-12T05:55:00,357120,Villarrica,MODIS,1.422,1.00,1,baja,2026-10-05T18:06:10,mirova-archivo,1
2017-11-13T03:20:00,357120,Villarrica,MODIS,0.2757,2.24,1,muy baja,2026-10-05T18:06:10,mirova-archivo,1
2017-11-18T03:40:00,357120,Villarrica,MODIS,4.848,2.00,1,baja,2026-10-05T18:06:10,mirova-archivo,1
2017-11-19T06:00:00,357120,Villarrica,MODIS,2.669,1.00,1,baja,2026-10-05T18:06:10,mirova-archivo,1
2017-11-20T05:42:00,357120,Villarrica,VIIRS375,0.9348,0.84,1,muy baja,2026-10-05T18:06:10,mirova-archivo,1
2017-11-21T05:24:00,357120,Villarrica,VIIRS750,5.986,1.68,1,baja,2026-10-05T18:06:10,mirova-archivo,1
2017-11-21T05:50:00,357120,Villarrica,MODIS,1.906,1.41,1,baja,2026-10-05T18:06:10,mirova-archivo,1
2017-11-22T03:15:00,357120,Villarrica,MODIS,8.113,2.24,1,baja,2026-10-05T18:06:10,mirova-archivo,1
2017-11-22T05:06:00,357120,Villarrica,VIIRS375,0.0341,0.75,1,muy baja,2026-10-05T18:06:10,mirova-archivo,1
2017-11-23T04:00:00,357120,Villarrica,MODIS,0.7531,1.00,1,muy baja,2026-10-05T18:06:10,mirova-archivo,1
2017-11-23T04:48:00,357120,Villarrica,VIIRS375,0.4433,25.23,0,no volcanica,2026-10-05T18:06:10,mirova-archivo,0
2017-11-23T05:40:00,357120,Villarrica,MODIS,10.79,2.24,1,moderada,2026-10-05T18:06:10,mirova-archivo,1
2017-11-24T06:06:00,357120,Villarrica,VIIRS375,0.06159,0.53,1,muy baja,2026-10-05T18:06:10,mirova-archivo,1
2017-11-25T05:48:00,357120,Villarrica,VIIRS375,0.5662,0.84,1,muy baja,2026-10-05T18:06:10,mirova-archivo,1
2017-11-26T05:30:00,357120,Villarrica,VIIRS750,20.51,1.68,1,moderada,2026-10-05T18:06:10,mirova-archivo,1
2017-11-26T06:10:00,357120,Villarrica,MODIS,12.56,1.41,1,moderada,2026-10-05T18:06:10,mirova-archivo,1
2017-11-27T03:35:00,357120,Villarrica,MODIS,8.974,2.24,1,baja,2026-10-05T18:06:10,mirova-archivo,1
2017-11-27T05:12:00,357120,Villarrica,VIIRS750,5.827,2.37,1,baja,2026-10-05T18:06:10,mirova-archivo,1
2017-11-28T04:20:00,357120,Villarrica,MODIS,17.07,1.41,1,moderada,2026-10-05T18:06:10,mirova-archivo,1
2017-11-28T05:55:00,357120,Villarrica,MODIS,13.21,1.41,1,moderada,2026-10-05T18:06:10,mirova-archivo,1
2017-11-28T06:36:00,357120,Villarrica,VIIRS375,0.2214,0.53,1,muy baja,2026-10-05T18:06:10,mirova-archivo,1
2017-11-29T04:36:00,357120,Villarrica,VIIRS375,0.8671,19.62,0,no volcanica,2026-10-05T18:06:10,mirova-archivo,0
2017-11-30T05:45:00,357120,Villarrica,MODIS,3.735,1.00,1,baja,2026-10-05T18:06:10,mirova-archivo,1
2017-11-30T05:54:00,357120,Villarrica,VIIRS375,5.274,1.06,1,baja,2026-10-05T18:06:10,mirova-archivo,1
2017-12-01T05:36:00,357120,Villarrica,VIIRS750,10.21,1.68,1,moderada,2026-10-05T18:06:10,mirova-archivo,1
2017-12-02T03:50:00,357120,Villarrica,MODIS,74.71,2.24,1,moderada,2026-10-05T18:06:10,mirova-archivo,1
2017-12-02T05:18:00,357120,Villarrica,VIIRS750,45.95,2.37,1,moderada,2026-10-05T18:06:10,mirova-archivo,1
2017-12-02T05:30:00,357120,Villarrica,MODIS,27.81,2.24,1,moderada,2026-10-05T18:06:10,mirova-archivo,1
2017-12-03T05:00:00,357120,Villarrica,VIIRS375,4.549,2.52,1,baja,2026-10-05T18:06:10,mirova-archivo,1
2017-12-03T06:15:00,357120,Villarrica,MODIS,36.77,2.24,1,moderada,2026-10-05T18:06:10,mirova-archivo,1
2017-12-03T06:42:00,357120,Villarrica,VIIRS375,2.557,1.19,1,baja,2026-10-05T18:06:10,mirova-archivo,1
2017-12-04T03:40:00,357120,Villarrica,MODIS,82.28,2.24,1,moderada,2026-10-05T18:06:10,mirova-archivo,1
2017-12-04T04:42:00,357120,Villarrica,VIIRS375,0.01534,2.70,1,muy baja,2026-10-05T18:06:10,mirova-archivo,1
2017-12-04T05:20:00,357120,Villarrica,MODIS,10.68,2.24,1,moderada,2026-10-05T18:06:10,mirova-archivo,1
2017-12-04T06:18:00,357120,Villarrica,VIIRS375,7.968,0.84,1,baja,2026-10-05T18:06:10,mirova-archivo,1
2017-12-05T06:00:00,357120,Villarrica,MODIS,65.13,1.41,1,moderada,2026-10-05T18:06:10,mirova-archivo,1
2017-12-05T06:00:00,357120,Villarrica,VIIRS750,60.54,1.06,1,moderada,2026-10-05T18:06:10,mirova-archivo,1
2017-12-06T05:42:00,357120,Villarrica,VIIRS375,0.9609,0.84,1,muy baja,2026-10-05T18:06:10,mirova-archivo,1
2017-12-07T05:24:00,357120,Villarrica,VIIRS750,23.82,1.68,1,moderada,2026-10-05T18:06:10,mirova-archivo,1
2017-12-08T03:15:00,357120,Villarrica,MODIS,2.634,2.24,1,baja,2026-10-05T18:06:10,mirova-archivo,1
2017-12-08T05:06:00,357120,Villarrica,VIIRS375,2.01,2.02,1,baja,2026-10-05T18:06:10,mirova-archivo,1
2017-12-09T06:24:00,357120,Villarrica,VIIRS375,0.3288,0.53,1,muy baja,2026-10-05T18:06:10,mirova-archivo,1
2017-12-11T03:45:00,357120,Villarrica,MODIS,8.536,1.00,1,baja,2026-10-05T18:06:10,mirova-archivo,1
2017-12-11T05:48:00,357120,Villarrica,VIIRS750,11.72,1.68,1,moderada,2026-10-05T18:06:10,mirova-archivo,1
2017-12-15T06:12:00,357120,Villarrica,VIIRS375,0.3636,0.84,1,muy baja,2026-10-05T18:06:10,mirova-archivo,1
2017-12-17T05:36:00,357120,Villarrica,VIIRS750,8.6,1.68,1,baja,2026-10-05T18:06:10,mirova-archivo,1
2017-12-18T05:18:00,357120,Villarrica,VIIRS375,0.09948,0.84,1,muy baja,2026-10-05T18:06:10,mirova-archivo,1
2017-12-20T03:40:00,357120,Villarrica,MODIS,1.228,1.41,1,baja,2026-10-05T18:06:10,mirova-archivo,1
2017-12-21T06:00:00,357120,Villarrica,VIIRS375,0.09279,0.84,1,muy baja,2026-10-05T18:06:10,mirova-archivo,1
2017-12-22T05:42:00,357120,Villarrica,VIIRS375,0.5124,0.84,1,muy baja,2026-10-05T18:06:10,mirova-archivo,1
2017-12-23T05:24:00,357120,Villarrica,VIIRS375,0.3676,0.84,1,muy baja,2026-10-05T18:06:10,mirova-archivo,1
2017-12-23T05:50:00,357120,Villarrica,MODIS,1.213,1.00,1,baja,2026-10-05T18:06:10,mirova-archivo,1
2017-12-27T05:48:00,357120,Villarrica,VIIRS375,1.849,0.84,1,baja,2026-10-05T18:06:10,mirova-archivo,1
2017-12-29T06:54:00,357120,Villarrica,VIIRS375,0.03724,1.91,1,muy baja,2026-10-05T18:06:10,mirova-archivo,1
2018-01-10T05:36:00,357120,Villarrica,VIIRS375,0.3337,0.84,1,muy baja,2026-10-05T18:06:10,mirova-archivo,1
2018-01-12T05:48:00,357120,Villarrica,VIIRS375,0.9952,0.84,1,muy baja,2026-10-05T18:06:10,mirova-archivo,1
2018-01-14T05:12:00,357120,Villarrica,VIIRS375,0.6527,19.65,0,no volcanica,2026-10-05T18:06:10,mirova-archivo,0
2018-01-14T06:00:00,357120,Villarrica,VIIRS375,0.8664,22.51,0,no volcanica,2026-10-05T18:06:10,mirova-archivo,0
2018-01-18T05:36:00,357120,Villarrica,VIIRS375,0.0898,0.53,1,muy baja,2026-10-05T18:06:10,mirova-archivo,1
2018-01-23T05:42:00,357120,Villarrica,VIIRS375,0.08982,0.38,1,muy baja,2026-10-05T18:06:10,mirova-archivo,1
2018-01-24T05:24:00,357120,Villarrica,VIIRS375,0.3058,17.95,0,no volcanica,2026-10-05T18:06:10,mirova-archivo,0
2018-01-26T05:36:00,357120,Villarrica,VIIRS375,0.3206,26.79,0,no volcanica,2026-10-05T18:06:10,mirova-archivo,0
2018-01-28T05:48:00,357120,Villarrica,VIIRS375,0.06373,0.84,1,muy baja,2026-10-05T18:06:10,mirova-archivo,1
2018-02-01T04:36:00,357120,Villarrica,VIIRS375,0.4039,21.03,0,no volcanica,2026-10-05T18:06:10,mirova-archivo,0
2018-02-11T05:36:00,357120,Villarrica,VIIRS375,0.2378,1.19,1,muy baja,2026-10-05T18:06:10,mirova-archivo,1
2018-02-13T05:48:00,357120,Villarrica,VIIRS375,0.09196,0.84,1,muy baja,2026-10-05T18:06:10,mirova-archivo,1
2018-02-14T05:30:00,357120,Villarrica,VIIRS375,0.09217,0.84,1,muy baja,2026-10-05T18:06:10,mirova-archivo,1
2018-02-24T05:42:00,357120,Villarrica,VIIRS375,0.2384,0.84,1,muy baja,2026-10-05T18:06:10,mirova-archivo,1
2018-03-02T05:30:00,357120,Villarrica,VIIRS375,0.1306,0.84,1,muy baja,2026-10-05T18:06:10,mirova-archivo,1
2018-03-07T05:36:00,357120,Villarrica,VIIRS375,0.324,0.84,1,muy baja,2026-10-05T18:06:10,mirova-archivo,1
2018-03-11T06:00:00,357120,Villarrica,VIIRS375,0.254,28.05,0,no volcanica,2026-10-05T18:06:10,mirova-archivo,0
2018-03-12T05:42:00,357120,Villarrica,VIIRS375,0.3311,0.84,1,muy baja,2026-10-05T18:06:10,mirova-archivo,1
2018-03-29T05:24:00,357120,Villarrica,VIIRS375,0.6527,0.84,1,muy baja,2026-10-05T18:06:10,mirova-archivo,1
2018-03-30T05:54:00,357120,Villarrica,VIIRS375,0.1391,0.53,1,muy baja,2026-10-05T18:06:10,mirova-archivo,1
2018-03-31T05:36:00,357120,Villarrica,VIIRS375,0.3484,1.06,1,muy baja,2026-10-05T18:06:10,mirova-archivo,1
2018-04-02T05:48:00,357120,Villarrica,VIIRS375,1.647,0.84,1,baja,2026-10-05T18:06:10,mirova-archivo,1
2018-04-05T05:42:00,357120,Villarrica,VIIRS375,0.2485,19.46,0,no volcanica,2026-10-05T18:06:10,mirova-archivo,0
2018-04-06T05:24:00,357120,Villarrica,VIIRS375,0.2875,2.65,0,no volcanica,2026-10-05T18:06:10,mirova-archivo,0
2018-04-07T05:54:00,357120,Villarrica,VIIRS375,0.6572,1.06,1,muy baja,2026-10-05T18:06:10,mirova-archivo,1
2018-04-13T03:30:00,357120,Villarrica,MODIS,0.8521,1.00,1,muy baja,2026-10-05T18:06:10,mirova-archivo,1
2018-04-13T05:42:00,357120,Villarrica,VIIRS375,1.789,0.84,1,baja,2026-10-05T18:06:10,mirova-archivo,1
2018-04-15T05:54:00,357120,Villarrica,VIIRS375,1.811,1.06,1,baja,2026-10-05T18:06:10,mirova-archivo,1
2018-04-18T05:48:00,357120,Villarrica,VIIRS375,0.448,0.84,1,muy baja,2026-10-05T18:06:10,mirova-archivo,1
2018-04-19T05:30:00,357120,Villarrica,VIIRS375,0.1584,0.84,1,muy baja,2026-10-05T18:06:10,mirova-archivo,1
2018-04-23T05:54:00,357120,Villarrica,VIIRS375,2.183,0.84,1,baja,2026-10-05T18:06:10,mirova-archivo,1
2018-04-24T05:36:00,357120,Villarrica,VIIRS375,0.6148,0.84,1,muy baja,2026-10-05T18:06:10,mirova-archivo,1
2018-05-04T05:48:00,357120,Villarrica,VIIRS375,1.502,1.06,1,baja,2026-10-05T18:06:10,mirova-archivo,1
2018-05-08T05:24:00,357120,Villarrica,VIIRS375,0.1939,0.84,1,muy baja,2026-10-05T18:06:10,mirova-archivo,1
2018-05-10T05:36:00,357120,Villarrica,VIIRS375,2.92,0.84,1,baja,2026-10-05T18:06:10,mirova-archivo,1
2018-05-12T05:48:00,357120,Villarrica,VIIRS375,2.376,1.06,1,baja,2026-10-05T18:06:10,mirova-archivo,1
2018-05-16T05:24:00,357120,Villarrica,VIIRS375,0.8971,1.19,1,muy baja,2026-10-05T18:06:10,mirova-archivo,1
2018-05-21T05:30:00,357120,Villarrica,VIIRS375,2.641,1.06,1,baja,2026-10-05T18:06:10,mirova-archivo,1
2018-05-21T06:18:00,357120,Villarrica,VIIRS375,0.05922,3.23,0,no volcanica,2026-10-05T18:06:10,mirova-archivo,0
2018-05-22T03:35:00,357120,Villarrica,MODIS,0.4809,1.00,1,muy baja,2026-10-05T18:06:10,mirova-archivo,1
2018-05-23T05:42:00,357120,Villarrica,VIIRS375,0.7781,0.84,1,muy baja,2026-10-05T18:06:10,mirova-archivo,1
2018-05-24T05:24:00,357120,Villarrica,VIIRS375,0.7284,1.06,1,muy baja,2026-10-05T18:06:10,mirova-archivo,1
2018-05-25T05:45:00,357120,Villarrica,MODIS,0.5636,1.00,1,muy baja,2026-10-05T18:06:10,mirova-archivo,1
2018-05-25T05:54:00,357120,Villarrica,VIIRS375,1.956,0.84,1,baja,2026-10-05T18:06:10,mirova-archivo,1
2018-05-26T05:36:00,357120,Villarrica,VIIRS375,0.1967,29.63,0,no volcanica,2026-10-05T18:06:10,mirova-archivo,0
2018-05-31T05:42:00,357120,Villarrica,VIIRS375,0.07722,0.84,1,muy baja,2026-10-05T18:06:10,mirova-archivo,1
2018-06-01T05:24:00,357120,Villarrica,VIIRS375,0.3473,0.84,1,muy baja,2026-10-05T18:06:10,mirova-archivo,1
2018-06-02T05:54:00,357120,Villarrica,VIIRS375,0.09978,0.84,1,muy baja,2026-10-05T18:06:10,mirova-archivo,1
2018-06-03T05:36:00,357120,Villarrica,VIIRS375,0.748,0.84,1,muy baja,2026-10-05T18:06:10,mirova-archivo,1
2018-06-07T03:35:00,357120,Villarrica,MODIS,0.8408,2.00,1,muy baja,2026-10-05T18:06:10,mirova-archivo,1
2018-06-07T06:00:00,357120,Villarrica,VIIRS375,0.05377,0.53,1,muy baja,2026-10-05T18:06:10,mirova-archivo,1
2018-06-09T05:24:00,357120,Villarrica,VIIRS375,0.4877,22.19,0,no volcanica,2026-10-05T18:06:10,mirova-archivo,0
2018-06-14T03:40:00,357120,Villarrica,MODIS,1.782,1.00,1,baja,2026-10-05T18:06:10,mirova-archivo,1
2018-06-14T05:30:00,357120,Villarrica,VIIRS375,0.7085,1.35,1,muy baja,2026-10-05T18:06:10,mirova-archivo,1
2018-06-18T05:06:00,357120,Villarrica,VIIRS375,2.011,23.75,0,no volcanica,2026-10-05T18:06:10,mirova-archivo,0
2018-06-18T05:54:00,357120,Villarrica,VIIRS375,3.328,0.84,1,baja,2026-10-05T18:06:10,mirova-archivo,1
2018-06-22T05:30:00,357120,Villarrica,VIIRS375,0.1481,0.84,1,muy baja,2026-10-05T18:06:10,mirova-archivo,1
2018-06-24T05:42:00,357120,Villarrica,VIIRS375,2.899,0.84,1,baja,2026-10-05T18:06:10,mirova-archivo,1
2018-06-24T05:55:00,357120,Villarrica,MODIS,3.086,1.41,1,baja,2026-10-05T18:06:10,mirova-archivo,1
2018-06-26T05:54:00,357120,Villarrica,VIIRS375,0.07162,24.46,0,no volcanica,2026-10-05T18:06:10,mirova-archivo,0
2018-07-05T06:24:00,357120,Villarrica,VIIRS375,1.445,28.39,0,no volcanica,2026-10-05T18:06:10,mirova-archivo,0
2018-07-08T05:30:00,357120,Villarrica,VIIRS375,3.52,1.06,1,baja,2026-10-05T18:06:10,mirova-archivo,1
2018-07-08T06:10:00,357120,Villarrica,MODIS,2.307,1.00,1,baja,2026-10-05T18:06:10,mirova-archivo,1
2018-07-09T03:35:00,357120,Villarrica,MODIS,2.675,1.00,1,baja,2026-10-05T18:06:10,mirova-archivo,1
2018-07-09T06:00:00,357120,Villarrica,VIIRS375,1.941,0.84,1,baja,2026-10-05T18:06:10,mirova-archivo,1
2018-07-10T05:42:00,357120,Villarrica,VIIRS375,3.428,1.06,1,baja,2026-10-05T18:06:10,mirova-archivo,1
2018-07-10T05:55:00,357120,Villarrica,MODIS,0.663,0.00,1,muy baja,2026-10-05T18:06:10,mirova-archivo,1
2018-07-13T05:36:00,357120,Villarrica,VIIRS375,0.1492,18.06,0,no volcanica,2026-10-05T18:06:10,mirova-archivo,0
2018-07-14T04:24:00,357120,Villarrica,VIIRS375,0.0447,0.38,1,muy baja,2026-10-05T18:06:10,mirova-archivo,1
2018-07-17T06:00:00,357120,Villarrica,VIIRS375,0.07595,0.84,1,muy baja,2026-10-05T18:06:10,mirova-archivo,1
2018-07-18T05:42:00,357120,Villarrica,VIIRS375,1.952,0.84,1,baja,2026-10-05T18:06:10,mirova-archivo,1
2018-07-19T05:24:00,357120,Villarrica,VIIRS375,0.04215,0.84,1,muy baja,2026-10-05T18:06:10,mirova-archivo,1
2018-07-20T05:54:00,357120,Villarrica,VIIRS375,0.1331,0.84,1,muy baja,2026-10-05T18:06:10,mirova-archivo,1
2018-07-23T05:48:00,357120,Villarrica,VIIRS375,0.4666,0.84,1,muy baja,2026-10-05T18:06:10,mirova-archivo,1
2018-07-24T05:30:00,357120,Villarrica,VIIRS375,3.719,1.19,1,baja,2026-10-05T18:06:10,mirova-archivo,1
2018-07-25T03:35:00,357120,Villarrica,MODIS,5.461,2.00,1,baja,2026-10-05T18:06:10,mirova-archivo,1
2018-07-25T05:12:00,357120,Villarrica,VIIRS375,1.186,1.19,1,baja,2026-10-05T18:06:10,mirova-archivo,1
2018-07-25T06:00:00,357120,Villarrica,VIIRS375,0.3696,0.84,1,muy baja,2026-10-05T18:06:10,mirova-archivo,1
2018-07-26T05:42:00,357120,Villarrica,VIIRS375,4.302,1.06,1,baja,2026-10-05T18:06:10,mirova-archivo,1
2018-07-26T05:55:00,357120,Villarrica,MODIS,3.821,1.41,1,baja,2026-10-05T18:06:10,mirova-archivo,1
2018-07-27T03:25:00,357120,Villarrica,MODIS,8.302,2.24,1,baja,2026-10-05T18:06:10,mirova-archivo,1
2018-07-27T05:24:00,357120,Villarrica,VIIRS375,7.569,1.19,1,baja,2026-10-05T18:06:10,mirova-archivo,1
2018-07-29T04:48:00,357120,Villarrica,VIIRS375,0.04657,2.70,1,muy baja,2026-10-05T18:06:10,mirova-archivo,1
2018-07-29T05:36:00,357120,Villarrica,VIIRS375,7.019,1.35,1,baja,2026-10-05T18:06:10,mirova-archivo,1
2018-07-30T03:55:00,357120,Villarrica,MODIS,43.11,2.00,1,moderada,2026-10-05T18:06:10,mirova-archivo,1
2018-07-30T05:18:00,357120,Villarrica,VIIRS375,14.08,1.91,1,moderada,2026-10-05T18:06:10,mirova-archivo,1
2018-07-30T06:06:00,357120,Villarrica,VIIRS750,10.31,1.06,1,moderada,2026-10-05T18:06:10,mirova-archivo,1
2018-07-30T15:00:00,357120,Villarrica,MODIS,65.76,1.41,1,moderada,2026-10-05T18:06:10,mirova-archivo,1
2018-07-31T05:00:00,357120,Villarrica,VIIRS375,0.5639,1.68,1,muy baja,2026-10-05T18:06:10,mirova-archivo,1
2018-07-31T05:48:00,357120,Villarrica,VIIRS750,41.56,1.06,1,moderada,2026-10-05T18:06:10,mirova-archivo,1
2018-08-01T03:40:00,357120,Villarrica,MODIS,34.02,2.24,1,moderada,2026-10-05T18:06:10,mirova-archivo,1
2018-08-01T05:30:00,357120,Villarrica,VIIRS750,13.53,1.68,1,moderada,2026-10-05T18:06:10,mirova-archivo,1
2018-08-01T06:18:00,357120,Villarrica,VIIRS375,0.39,0.53,1,muy baja,2026-10-05T18:06:10,mirova-archivo,1
2018-08-02T05:12:00,357120,Villarrica,VIIRS750,6.942,2.25,1,baja,2026-10-05T18:06:10,mirova-archivo,1
2018-08-02T06:00:00,357120,Villarrica,VIIRS375,9.86,1.19,1,baja,2026-10-05T18:06:10,mirova-archivo,1
2018-08-02T06:05:00,357120,Villarrica,MODIS,59.43,1.41,1,moderada,2026-10-05T18:06:10,mirova-archivo,1
2018-08-04T05:24:00,357120,Villarrica,VIIRS375,0.392,1.19,1,muy baja,2026-10-05T18:06:10,mirova-archivo,1
2018-08-07T06:06:00,357120,Villarrica,VIIRS375,0.4511,19.90,0,no volcanica,2026-10-05T18:06:10,mirova-archivo,0
2018-08-08T03:45:00,357120,Villarrica,MODIS,7.633,1.00,1,baja,2026-10-05T18:06:10,mirova-archivo,1
2018-08-08T05:48:00,357120,Villarrica,VIIRS375,3.467,0.84,1,baja,2026-10-05T18:06:10,mirova-archivo,1
2018-08-09T05:30:00,357120,Villarrica,VIIRS375,8.14,1.19,1,baja,2026-10-05T18:06:10,mirova-archivo,1
2018-08-09T06:10:00,357120,Villarrica,MODIS,1.588,1.41,1,baja,2026-10-05T18:06:10,mirova-archivo,1
2018-08-10T03:35:00,357120,Villarrica,MODIS,2.05,2.00,1,baja,2026-10-05T18:06:10,mirova-archivo,1
2018-08-10T05:12:00,357120,Villarrica,VIIRS375,0.29,13.12,0,no volcanica,2026-10-05T18:06:10,mirova-archivo,0
2018-08-12T05:24:00,357120,Villarrica,VIIRS375,1.196,1.19,1,baja,2026-10-05T18:06:10,mirova-archivo,1
2018-08-12T06:12:00,357120,Villarrica,VIIRS375,0.07616,0.84,1,muy baja,2026-10-05T18:06:10,mirova-archivo,1
2018-08-14T05:36:00,357120,Villarrica,VIIRS375,6.029,1.35,1,baja,2026-10-05T18:06:10,mirova-archivo,1
2018-08-15T03:55:00,357120,Villarrica,MODIS,1.166,1.00,1,baja,2026-10-05T18:06:10,mirova-archivo,1
2018-08-15T05:18:00,357120,Villarrica,VIIRS375,3.873,1.19,1,baja,2026-10-05T18:06:10,mirova-archivo,1
2018-08-15T06:06:00,357120,Villarrica,VIIRS375,0.1826,0.53,1,muy baja,2026-10-05T18:06:10,mirova-archivo,1
2018-08-16T05:48:00,357120,Villarrica,VIIRS375,5.073,1.19,1,baja,2026-10-05T18:06:10,mirova-archivo,1
2018-08-19T05:42:00,357120,Villarrica,VIIRS375,2.432,19.05,0,fuera de radio,2026-10-05T18:06:10,mirova-archivo,1
2018-08-20T05:24:00,357120,Villarrica,VIIRS750,7.321,1.68,1,baja,2026-10-05T18:06:10,mirova-archivo,1
2018-08-20T05:50:00,357120,Villarrica,MODIS,7.816,2.24,1,baja,2026-10-05T18:06:10,mirova-archivo,1
2018-08-21T05:06:00,357120,Villarrica,VIIRS375,0.04383,0.84,1,muy baja,2026-10-05T18:06:10,mirova-archivo,1
2018-08-21T05:54:00,357120,Villarrica,VIIRS750,5.311,1.06,1,baja,2026-10-05T18:06:10,mirova-archivo,1
2018-08-22T04:00:00,357120,Villarrica,MODIS,0.9896,1.41,1,muy baja,2026-10-05T18:06:10,mirova-archivo,1
2018-08-22T05:36:00,357120,Villarrica,VIIRS375,4.266,1.06,1,baja,2026-10-05T18:06:10,mirova-archivo,1
2018-08-22T05:40:00,357120,Villarrica,MODIS,1.792,2.00,1,baja,2026-10-05T18:06:10,mirova-archivo,1
2018-08-26T03:35:00,357120,Villarrica,MODIS,2.47,1.41,1,baja,2026-10-05T18:06:10,mirova-archivo,1
2018-08-26T05:12:00,357120,Villarrica,VIIRS375,0.3859,1.35,1,muy baja,2026-10-05T18:06:10,mirova-archivo,1
2018-08-26T06:00:00,357120,Villarrica,VIIRS375,1.678,0.84,1,baja,2026-10-05T18:06:10,mirova-archivo,1
2018-08-27T05:42:00,357120,Villarrica,VIIRS375,1.767,0.84,1,baja,2026-10-05T18:06:10,mirova-archivo,1
2018-08-27T05:55:00,357120,Villarrica,MODIS,0.351,1.00,1,muy baja,2026-10-05T18:06:10,mirova-archivo,1
2018-08-30T05:36:00,357120,Villarrica,VIIRS375,0.6244,1.06,1,muy baja,2026-10-05T18:06:10,mirova-archivo,1
2018-09-01T05:48:00,357120,Villarrica,VIIRS375,0.09625,0.84,1,muy baja,2026-10-05T18:06:10,mirova-archivo,1
2018-09-03T05:12:00,357120,Villarrica,VIIRS750,8.483,1.68,1,baja,2026-10-05T18:06:10,mirova-archivo,1
2018-09-03T06:00:00,357120,Villarrica,VIIRS375,4.319,1.06,1,baja,2026-10-05T18:06:10,mirova-archivo,1
2018-09-03T06:05:00,357120,Villarrica,MODIS,19.84,1.41,1,moderada,2026-10-05T18:06:10,mirova-archivo,1
2018-09-04T04:54:00,357120,Villarrica,VIIRS375,0.04725,2.19,1,muy baja,2026-10-05T18:06:10,mirova-archivo,1
2018-09-04T05:42:00,357120,Villarrica,VIIRS375,4.993,1.06,1,baja,2026-10-05T18:06:10,mirova-archivo,1
2018-09-05T05:24:00,357120,Villarrica,VIIRS375,0.1322,1.19,1,muy baja,2026-10-05T18:06:10,mirova-archivo,1
2018-09-06T05:06:00,357120,Villarrica,VIIRS375,4.476,16.72,0,no volcanica,2026-10-05T18:06:10,mirova-archivo,0
2018-09-07T05:36:00,357120,Villarrica,VIIRS375,3.14,0.84,1,baja,2026-10-05T18:06:10,mirova-archivo,1
2018-09-08T05:18:00,357120,Villarrica,VIIRS750,5.285,2.37,1,baja,2026-10-05T18:06:10,mirova-archivo,1
2018-09-08T06:06:00,357120,Villarrica,VIIRS375,0.06816,0.84,1,muy baja,2026-10-05T18:06:10,mirova-archivo,1
2018-09-09T03:45:00,357120,Villarrica,MODIS,3.54,1.41,1,baja,2026-10-05T18:06:10,mirova-archivo,1
2018-09-09T05:48:00,357120,Villarrica,VIIRS375,5.277,1.06,1,baja,2026-10-05T18:06:10,mirova-archivo,1
2018-09-10T05:30:00,357120,Villarrica,VIIRS375,4.661,1.35,1,baja,2026-10-05T18:06:10,mirova-archivo,1
2018-09-11T03:35:00,357120,Villarrica,MODIS,0.5458,2.24,1,muy baja,2026-10-05T18:06:10,mirova-archivo,1
2018-09-11T05:12:00,357120,Villarrica,VIIRS375,0.1329,1.19,1,muy baja,2026-10-05T18:06:10,mirova-archivo,1
2018-09-11T06:00:00,357120,Villarrica,VIIRS375,0.161,0.84,1,muy baja,2026-10-05T18:06:10,mirova-archivo,1
2018-09-12T05:42:00,357120,Villarrica,VIIRS375,3.261,0.84,1,baja,2026-10-05T18:06:10,mirova-archivo,1
2018-09-12T05:55:00,357120,Villarrica,MODIS,2.585,1.00,1,baja,2026-10-05T18:06:10,mirova-archivo,1
2018-09-13T05:24:00,357120,Villarrica,VIIRS750,5.767,1.68,1,baja,2026-10-05T18:06:10,mirova-archivo,1
2018-09-14T05:45:00,357120,Villarrica,MODIS,2.925,1.41,1,baja,2026-10-05T18:06:10,mirova-archivo,1
2018-09-14T05:54:00,357120,Villarrica,VIIRS375,1.279,1.19,1,baja,2026-10-05T18:06:10,mirova-archivo,1
2018-09-15T05:36:00,357120,Villarrica,VIIRS375,3.723,1.35,1,baja,2026-10-05T18:06:10,mirova-archivo,1
2018-09-19T06:00:00,357120,Villarrica,VIIRS375,0.3735,19.46,0,no volcanica,2026-10-05T18:06:10,mirova-archivo,0
2018-09-24T05:18:00,357120,Villarrica,VIIRS375,2.267,1.19,1,baja,2026-10-05T18:06:10,mirova-archivo,1
2018-09-25T03:45:00,357120,Villarrica,MODIS,0.9749,1.00,1,muy baja,2026-10-05T18:06:10,mirova-archivo,1
2018-09-25T05:25:00,357120,Villarrica,MODIS,0.7112,1.00,1,muy baja,2026-10-05T18:06:10,mirova-archivo,1
2018-09-25T05:48:00,357120,Villarrica,VIIRS750,15.08,1.68,1,moderada,2026-10-05T18:06:10,mirova-archivo,1
2018-09-26T05:30:00,357120,Villarrica,VIIRS375,1.242,1.35,1,baja,2026-10-05T18:06:10,mirova-archivo,1
2018-09-29T06:12:00,357120,Villarrica,VIIRS375,0.9731,8.55,0,no volcanica,2026-10-05T18:06:10,mirova-archivo,0
2018-10-03T05:48:00,357120,Villarrica,VIIRS375,0.1086,0.84,1,muy baja,2026-10-05T18:06:10,mirova-archivo,1
2018-10-04T03:40:00,357120,Villarrica,MODIS,0.8738,1.41,1,muy baja,2026-10-05T18:06:10,mirova-archivo,1
2018-10-04T05:30:00,357120,Villarrica,VIIRS375,3.837,0.84,1,baja,2026-10-05T18:06:10,mirova-archivo,1
2018-10-05T05:12:00,357120,Villarrica,VIIRS375,0.02798,0.84,1,muy baja,2026-10-05T18:06:10,mirova-archivo,1
2018-10-06T03:30:00,357120,Villarrica,MODIS,2.517,2.00,1,baja,2026-10-05T18:06:10,mirova-archivo,1
2018-10-06T05:42:00,357120,Villarrica,VIIRS375,5.519,21.48,0,fuera de radio,2026-10-05T18:06:10,mirova-archivo,1
2018-10-09T05:36:00,357120,Villarrica,VIIRS375,0.4509,22.95,0,no volcanica,2026-10-05T18:06:10,mirova-archivo,0
2018-10-10T05:18:00,357120,Villarrica,VIIRS375,0.06534,1.19,1,muy baja,2026-10-05T18:06:10,mirova-archivo,1
2018-10-11T03:45:00,357120,Villarrica,MODIS,0.7483,1.00,1,muy baja,2026-10-05T18:06:10,mirova-archivo,1
2018-10-11T05:48:00,357120,Villarrica,VIIRS375,3.287,0.84,1,baja,2026-10-05T18:06:10,mirova-archivo,1
2018-10-11T06:36:00,357120,Villarrica,VIIRS375,0.6398,17.70,0,no volcanica,2026-10-05T18:06:10,mirova-archivo,0
2018-10-12T05:30:00,357120,Villarrica,VIIRS375,0.468,1.19,1,muy baja,2026-10-05T18:06:10,mirova-archivo,1
2018-10-17T05:36:00,357120,Villarrica,VIIRS375,0.12,21.83,0,no volcanica,2026-10-05T18:06:10,mirova-archivo,0
2018-10-22T03:30:00,357120,Villarrica,MODIS,2.779,2.00,1,baja,2026-10-05T18:06:10,mirova-archivo,1
2018-10-22T05:42:00,357120,Villarrica,VIIRS375,2.961,1.19,1,baja,2026-10-05T18:06:10,mirova-archivo,1
2018-10-23T05:24:00,357120,Villarrica,VIIRS375,0.04218,0.84,1,muy baja,2026-10-05T18:06:10,mirova-archivo,1
2018-10-25T05:36:00,357120,Villarrica,VIIRS375,1.614,1.19,1,baja,2026-10-05T18:06:10,mirova-archivo,1
2018-10-31T03:20:00,357120,Villarrica,MODIS,2.517,2.24,1,baja,2026-10-05T18:06:10,mirova-archivo,1
2018-10-31T05:24:00,357120,Villarrica,VIIRS375,4.219,1.19,1,baja,2026-10-05T18:06:10,mirova-archivo,1
2018-10-31T06:12:00,357120,Villarrica,VIIRS375,0.02456,0.38,1,muy baja,2026-10-05T18:06:10,mirova-archivo,1
2018-11-03T06:06:00,357120,Villarrica,VIIRS375,0.04535,0.53,1,muy baja,2026-10-05T18:06:10,mirova-archivo,1
2018-11-06T05:12:00,357120,Villarrica,VIIRS750,16.46,2.12,1,moderada,2026-10-05T18:06:10,mirova-archivo,1
2018-11-06T06:00:00,357120,Villarrica,MODIS,4.081,1.41,1,baja,2026-10-05T18:06:10,mirova-archivo,1
2018-11-06T06:00:00,357120,Villarrica,VIIRS375,4.238,1.12,1,baja,2026-10-05T18:06:10,mirova-archivo,1
2018-11-07T03:30:00,357120,Villarrica,MODIS,0.5704,2.00,1,muy baja,2026-10-05T18:06:10,mirova-archivo,1
2018-11-07T05:42:00,357120,Villarrica,VIIRS375,3.82,1.06,1,baja,2026-10-05T18:06:10,mirova-archivo,1
2018-11-08T05:24:00,357120,Villarrica,VIIRS375,5.016,1.35,1,baja,2026-10-05T18:06:10,mirova-archivo,1
2018-11-08T05:50:00,357120,Villarrica,MODIS,2.338,1.41,1,baja,2026-10-05T18:06:10,mirova-archivo,1
2018-11-10T04:48:00,357120,Villarrica,VIIRS375,0.5154,2.37,1,muy baja,2026-10-05T18:06:10,mirova-archivo,1
2018-11-10T06:24:00,357120,Villarrica,VIIRS375,0.05527,0.38,1,muy baja,2026-10-05T18:06:10,mirova-archivo,1
2018-11-13T06:18:00,357120,Villarrica,VIIRS375,0.3714,25.02,0,no volcanica,2026-10-05T18:06:10,mirova-archivo,0
2018-11-16T03:20:00,357120,Villarrica,MODIS,0.4668,1.00,1,muy baja,2026-10-05T18:06:10,mirova-archivo,1
2018-11-16T05:24:00,357120,Villarrica,VIIRS375,4.204,1.19,1,baja,2026-10-05T18:06:10,mirova-archivo,1
2018-11-19T06:06:00,357120,Villarrica,VIIRS375,0.205,0.84,1,muy baja,2026-10-05T18:06:10,mirova-archivo,1
2018-11-20T05:48:00,357120,Villarrica,VIIRS375,3.111,0.84,1,baja,2026-10-05T18:06:10,mirova-archivo,1
2018-11-20T06:15:00,357120,Villarrica,MODIS,0.3613,1.00,1,muy baja,2026-10-05T18:06:10,mirova-archivo,1
2018-11-22T05:12:00,357120,Villarrica,VIIRS375,2.929,1.35,1,baja,2026-10-05T18:06:10,mirova-archivo,1
2018-11-22T06:00:00,357120,Villarrica,MODIS,1.367,1.41,1,baja,2026-10-05T18:06:10,mirova-archivo,1
2018-11-22T06:00:00,357120,Villarrica,VIIRS375,4.994,0.84,1,baja,2026-10-05T18:06:10,mirova-archivo,1
2018-11-23T05:42:00,357120,Villarrica,VIIRS375,2.832,1.06,1,baja,2026-10-05T18:06:10,mirova-archivo,1
2018-11-24T05:24:00,357120,Villarrica,VIIRS375,2.758,1.19,1,baja,2026-10-05T18:06:10,mirova-archivo,1
2018-11-24T05:50:00,357120,Villarrica,MODIS,0.2991,1.41,1,muy baja,2026-10-05T18:06:10,mirova-archivo,1
2018-11-25T05:06:00,357120,Villarrica,VIIRS375,0.2707,1.35,1,muy baja,2026-10-05T18:06:10,mirova-archivo,1
2018-11-25T05:54:00,357120,Villarrica,VIIRS375,3.411,1.19,1,baja,2026-10-05T18:06:10,mirova-archivo,1
2018-11-26T04:00:00,357120,Villarrica,MODIS,1.13,1.00,1,baja,2026-10-05T18:06:10,mirova-archivo,1
2018-11-26T05:36:00,357120,Villarrica,VIIRS375,2.766,0.84,1,baja,2026-10-05T18:06:10,mirova-archivo,1
2018-11-27T05:18:00,357120,Villarrica,VIIRS375,1.707,1.68,1,baja,2026-10-05T18:06:10,mirova-archivo,1
2018-11-27T06:06:00,357120,Villarrica,VIIRS375,0.04249,0.75,1,muy baja,2026-10-05T18:06:10,mirova-archivo,1
2018-11-28T03:45:00,357120,Villarrica,MODIS,1.033,1.00,1,baja,2026-10-05T18:06:10,mirova-archivo,1
2018-11-28T05:48:00,357120,Villarrica,VIIRS375,2.252,0.84,1,baja,2026-10-05T18:06:10,mirova-archivo,1
2018-11-29T05:30:00,357120,Villarrica,VIIRS375,1.72,1.06,1,baja,2026-10-05T18:06:10,mirova-archivo,1
2018-12-01T05:42:00,357120,Villarrica,VIIRS375,1.08,1.19,1,baja,2026-10-05T18:06:10,mirova-archivo,1
2018-12-02T05:24:00,357120,Villarrica,VIIRS375,2.56,1.19,1,baja,2026-10-05T18:06:10,mirova-archivo,1
2018-12-03T04:05:00,357120,Villarrica,MODIS,0.401,1.00,1,muy baja,2026-10-05T18:06:10,mirova-archivo,1
2018-12-03T05:06:00,357120,Villarrica,VIIRS375,0.1814,2.02,1,muy baja,2026-10-05T18:06:10,mirova-archivo,1
2018-12-03T05:45:00,357120,Villarrica,MODIS,0.4096,1.00,1,muy baja,2026-10-05T18:06:10,mirova-archivo,1
2018-12-03T05:54:00,357120,Villarrica,VIIRS375,3.618,0.84,1,baja,2026-10-05T18:06:10,mirova-archivo,1
2018-12-04T05:36:00,357120,Villarrica,VIIRS375,2.041,1.06,1,baja,2026-10-05T18:06:10,mirova-archivo,1
2018-12-05T03:50:00,357120,Villarrica,MODIS,0.8825,1.00,1,muy baja,2026-10-05T18:06:10,mirova-archivo,1
2018-12-05T05:18:00,357120,Villarrica,VIIRS375,1.473,1.19,1,baja,2026-10-05T18:06:10,mirova-archivo,1
2018-12-05T06:06:00,357120,Villarrica,VIIRS375,0.1957,0.84,1,muy baja,2026-10-05T18:06:10,mirova-archivo,1
2018-12-06T05:48:00,357120,Villarrica,VIIRS375,2.16,0.84,1,baja,2026-10-05T18:06:10,mirova-archivo,1
2018-12-06T06:15:00,357120,Villarrica,MODIS,0.1214,1.41,1,muy baja,2026-10-05T18:06:10,mirova-archivo,1
2018-12-07T03:40:00,357120,Villarrica,MODIS,0.2574,1.00,1,muy baja,2026-10-05T18:06:10,mirova-archivo,1
2018-12-07T05:30:00,357120,Villarrica,VIIRS375,2.02,1.35,1,baja,2026-10-05T18:06:10,mirova-archivo,1
2018-12-08T05:12:00,357120,Villarrica,VIIRS375,1.842,25.15,0,no volcanica,2026-10-05T18:06:10,mirova-archivo,0
2018-12-10T05:24:00,357120,Villarrica,VIIRS375,0.2169,0.84,1,muy baja,2026-10-05T18:06:10,mirova-archivo,1
2018-12-11T05:54:00,357120,Villarrica,VIIRS375,0.3584,15.53,0,no volcanica,2026-10-05T18:06:10,mirova-archivo,0
2018-12-12T04:00:00,357120,Villarrica,MODIS,0.567,1.00,1,muy baja,2026-10-05T18:06:10,mirova-archivo,1
2018-12-12T05:36:00,357120,Villarrica,VIIRS375,1.452,0.84,1,baja,2026-10-05T18:06:10,mirova-archivo,1
2018-12-15T05:30:00,357120,Villarrica,VIIRS375,1.873,1.19,1,baja,2026-10-05T18:06:10,mirova-archivo,1
2018-12-17T05:42:00,357120,Villarrica,VIIRS375,1.606,1.06,1,baja,2026-10-05T18:06:10,mirova-archivo,1
2018-12-18T05:24:00,357120,Villarrica,VIIRS375,1.314,1.19,1,baja,2026-10-05T18:06:10,mirova-archivo,1
2018-12-19T05:06:00,357120,Villarrica,VIIRS375,0.03287,1.19,1,muy baja,2026-10-05T18:06:10,mirova-archivo,1
2018-12-19T05:54:00,357120,Villarrica,VIIRS375,2.25,0.84,1,baja,2026-10-05T18:06:10,mirova-archivo,1
2018-12-21T03:50:00,357120,Villarrica,MODIS,14.73,15.52,0,no volcanica,2026-10-05T18:06:10,mirova-archivo,0
2018-12-21T04:24:00,357120,Villarrica,VIIRS375,2.005,15.01,0,no volcanica,2026-10-05T18:06:10,mirova-archivo,0
2018-12-21T05:18:00,357120,Villarrica,VIIRS375,10.3,14.84,0,no volcanica,2026-10-05T18:06:10,mirova-archivo,0
2018-12-21T06:06:00,357120,Villarrica,VIIRS375,6.434,14.84,0,no volcanica,2026-10-05T18:06:10,mirova-archivo,0
2018-12-22T05:48:00,357120,Villarrica,VIIRS375,1.384,0.84,1,baja,2026-10-05T18:06:10,mirova-archivo,1
2018-12-23T05:30:00,357120,Villarrica,VIIRS375,1.052,1.06,1,baja,2026-10-05T18:06:10,mirova-archivo,1
2018-12-24T05:12:00,357120,Villarrica,VIIRS375,1.01,1.35,1,baja,2026-10-05T18:06:10,mirova-archivo,1
2018-12-24T06:00:00,357120,Villarrica,VIIRS375,3.174,0.84,1,baja,2026-10-05T18:06:10,mirova-archivo,1
2018-12-25T05:42:00,357120,Villarrica,VIIRS375,2.191,22.53,0,fuera de radio,2026-10-05T18:06:10,mirova-archivo,1
2018-12-26T05:24:00,357120,Villarrica,VIIRS375,2.056,1.19,1,baja,2026-10-05T18:06:10,mirova-archivo,1
2018-12-26T05:50:00,357120,Villarrica,MODIS,0.7236,1.41,1,muy baja,2026-10-05T18:06:10,mirova-archivo,1
2018-12-27T05:54:00,357120,Villarrica,VIIRS375,3.835,1.06,1,baja,2026-10-05T18:06:10,mirova-archivo,1
2018-12-28T04:00:00,357120,Villarrica,MODIS,1.889,1.41,1,baja,2026-10-05T18:06:10,mirova-archivo,1
2018-12-28T05:36:00,357120,Villarrica,VIIRS375,3.593,1.35,1,baja,2026-10-05T18:06:10,mirova-archivo,1
2018-12-28T05:40:00,357120,Villarrica,MODIS,0.8629,1.00,1,muy baja,2026-10-05T18:06:10,mirova-archivo,1
2018-12-29T05:18:00,357120,Villarrica,VIIRS375,2.295,1.19,1,baja,2026-10-05T18:06:10,mirova-archivo,1
2018-12-29T06:06:00,357120,Villarrica,VIIRS375,0.1799,0.53,1,muy baja,2026-10-05T18:06:10,mirova-archivo,1
2018-12-30T05:48:00,357120,Villarrica,VIIRS375,2.693,0.84,1,baja,2026-10-05T18:06:10,mirova-archivo,1
2018-12-31T05:30:00,357120,Villarrica,VIIRS375,0.1847,1.19,1,muy baja,2026-10-05T18:06:10,mirova-archivo,1
2019-01-01T06:00:00,357120,Villarrica,VIIRS375,0.06772,0.53,1,muy baja,2026-10-05T18:06:10,mirova-archivo,1
2019-01-02T05:42:00,357120,Villarrica,VIIRS375,3.026,1.06,1,baja,2026-10-05T18:06:10,mirova-archivo,1
2019-01-02T05:55:00,357120,Villarrica,MODIS,1.238,1.00,1,baja,2026-10-05T18:06:10,mirova-archivo,1
2019-01-03T03:20:00,357120,Villarrica,MODIS,0.3402,1.00,1,muy baja,2026-10-05T18:06:10,mirova-archivo,1
2019-01-03T05:24:00,357120,Villarrica,VIIRS375,2.414,1.19,1,baja,2026-10-05T18:06:10,mirova-archivo,1
2019-01-04T04:05:00,357120,Villarrica,MODIS,0.1565,1.00,1,muy baja,2026-10-05T18:06:10,mirova-archivo,1
2019-01-04T05:06:00,357120,Villarrica,VIIRS375,0.1795,1.68,1,muy baja,2026-10-05T18:06:10,mirova-archivo,1
2019-01-04T05:45:00,357120,Villarrica,MODIS,0.3362,1.41,1,muy baja,2026-10-05T18:06:10,mirova-archivo,1
2019-01-04T05:54:00,357120,Villarrica,VIIRS375,4.027,0.84,1,baja,2026-10-05T18:06:10,mirova-archivo,1
2019-01-05T05:36:00,357120,Villarrica,VIIRS375,3.201,0.84,1,baja,2026-10-05T18:06:10,mirova-archivo,1
2019-01-06T03:50:00,357120,Villarrica,MODIS,1.397,1.00,1,baja,2026-10-05T18:06:10,mirova-archivo,1
2019-01-06T05:18:00,357120,Villarrica,VIIRS375,2.296,1.68,1,baja,2026-10-05T18:06:10,mirova-archivo,1
2019-01-06T06:06:00,357120,Villarrica,VIIRS375,0.102,0.53,1,muy baja,2026-10-05T18:06:10,mirova-archivo,1
2019-01-10T05:42:00,357120,Villarrica,VIIRS375,2.805,0.84,1,baja,2026-10-05T18:06:10,mirova-archivo,1
2019-01-11T05:24:00,357120,Villarrica,VIIRS375,1.671,1.35,1,baja,2026-10-05T18:06:10,mirova-archivo,1
2019-01-11T05:50:00,357120,Villarrica,MODIS,0.8266,1.00,1,muy baja,2026-10-05T18:06:10,mirova-archivo,1
2019-01-12T05:06:00,357120,Villarrica,VIIRS375,0.1797,1.55,1,muy baja,2026-10-05T18:06:10,mirova-archivo,1
2019-01-12T05:54:00,357120,Villarrica,VIIRS375,1.828,0.84,1,baja,2026-10-05T18:06:10,mirova-archivo,1
2019-01-13T04:00:00,357120,Villarrica,MODIS,0.6137,1.00,1,muy baja,2026-10-05T18:06:10,mirova-archivo,1
2019-01-13T05:36:00,357120,Villarrica,VIIRS375,1.823,24.99,0,fuera de radio,2026-10-05T18:06:10,mirova-archivo,1
2019-01-14T05:18:00,357120,Villarrica,VIIRS375,1.472,1.19,1,baja,2026-10-05T18:06:10,mirova-archivo,1
2019-01-15T03:45:00,357120,Villarrica,MODIS,0.9818,1.00,1,muy baja,2026-10-05T18:06:10,mirova-archivo,1
2019-01-15T05:48:00,357120,Villarrica,VIIRS375,1.842,1.06,1,baja,2026-10-05T18:06:10,mirova-archivo,1
2019-01-17T05:12:00,357120,Villarrica,VIIRS375,1.392,1.55,1,baja,2026-10-05T18:06:10,mirova-archivo,1
2019-01-17T06:00:00,357120,Villarrica,VIIRS375,2.335,0.84,1,baja,2026-10-05T18:06:10,mirova-archivo,1
2019-01-18T05:42:00,357120,Villarrica,VIIRS375,2.816,1.06,1,baja,2026-10-05T18:06:10,mirova-archivo,1
2019-01-18T05:55:00,357120,Villarrica,MODIS,0.5232,0.00,1,muy baja,2026-10-05T18:06:10,mirova-archivo,1
2019-01-19T05:24:00,357120,Villarrica,VIIRS375,1.33,1.35,1,baja,2026-10-05T18:06:10,mirova-archivo,1
2019-01-21T05:36:00,357120,Villarrica,VIIRS375,2.22,1.19,1,baja,2026-10-05T18:06:10,mirova-archivo,1
2019-01-22T03:50:00,357120,Villarrica,MODIS,0.2931,1.00,1,muy baja,2026-10-05T18:06:10,mirova-archivo,1
2019-01-22T05:18:00,357120,Villarrica,VIIRS375,1.112,1.35,1,baja,2026-10-05T18:06:10,mirova-archivo,1
2019-01-23T05:48:00,357120,Villarrica,VIIRS375,3.052,0.84,1,baja,2026-10-05T18:06:10,mirova-archivo,1
2019-01-24T03:40:00,357120,Villarrica,MODIS,0.1548,1.00,1,muy baja,2026-10-05T18:06:10,mirova-archivo,1
2019-01-24T05:30:00,357120,Villarrica,VIIRS375,1.527,1.35,1,baja,2026-10-05T18:06:10,mirova-archivo,1
2019-01-25T05:12:00,357120,Villarrica,VIIRS375,0.8803,1.68,1,muy baja,2026-10-05T18:06:10,mirova-archivo,1
2019-01-25T06:00:00,357120,Villarrica,VIIRS375,1.748,0.84,1,baja,2026-10-05T18:06:10,mirova-archivo,1
2019-01-26T05:42:00,357120,Villarrica,VIIRS375,1.929,0.84,1,baja,2026-10-05T18:06:10,mirova-archivo,1
2019-01-27T05:24:00,357120,Villarrica,VIIRS375,1.806,1.35,1,baja,2026-10-05T18:06:10,mirova-archivo,1
2019-01-28T05:54:00,357120,Villarrica,VIIRS375,2.743,1.06,1,baja,2026-10-05T18:06:10,mirova-archivo,1
2019-01-29T05:36:00,357120,Villarrica,VIIRS375,1.558,1.06,1,baja,2026-10-05T18:06:10,mirova-archivo,1
2019-01-30T05:18:00,357120,Villarrica,VIIRS375,1.18,1.68,1,baja,2026-10-05T18:06:10,mirova-archivo,1
2019-01-31T03:45:00,357120,Villarrica,MODIS,0.8467,1.00,1,muy baja,2026-10-05T18:06:10,mirova-archivo,1
2019-01-31T05:48:00,357120,Villarrica,VIIRS375,3.235,0.84,1,baja,2026-10-05T18:06:10,mirova-archivo,1
2019-02-01T05:30:00,357120,Villarrica,VIIRS375,1.82,0.84,1,baja,2026-10-05T18:06:10,mirova-archivo,1
2019-02-01T06:10:00,357120,Villarrica,MODIS,0.4685,0.00,1,muy baja,2026-10-05T18:06:10,mirova-archivo,1
2019-02-02T05:12:00,357120,Villarrica,VIIRS375,1.487,1.55,1,baja,2026-10-05T18:06:10,mirova-archivo,1
2019-02-02T06:00:00,357120,Villarrica,VIIRS375,2.388,1.12,1,baja,2026-10-05T18:06:10,mirova-archivo,1
2019-02-03T04:54:00,357120,Villarrica,VIIRS375,0.5332,24.42,0,no volcanica,2026-10-05T18:06:10,mirova-archivo,0
2019-02-03T05:42:00,357120,Villarrica,VIIRS375,2.074,24.42,0,no volcanica,2026-10-05T18:06:10,mirova-archivo,0
2019-02-04T05:24:00,357120,Villarrica,VIIRS375,0.8482,1.35,1,muy baja,2026-10-05T18:06:10,mirova-archivo,1
2019-02-05T05:06:00,357120,Villarrica,VIIRS375,0.1625,1.35,1,muy baja,2026-10-05T18:06:10,mirova-archivo,1
2019-02-05T05:54:00,357120,Villarrica,VIIRS375,1.539,1.06,1,baja,2026-10-05T18:06:10,mirova-archivo,1
2019-02-06T05:36:00,357120,Villarrica,VIIRS375,1.458,1.35,1,baja,2026-10-05T18:06:10,mirova-archivo,1
2019-02-07T05:18:00,357120,Villarrica,VIIRS375,0.5774,1.35,1,muy baja,2026-10-05T18:06:10,mirova-archivo,1
2019-02-08T05:48:00,357120,Villarrica,VIIRS375,0.3434,0.84,1,muy baja,2026-10-05T18:06:10,mirova-archivo,1
2019-02-09T05:30:00,357120,Villarrica,VIIRS375,1.084,1.35,1,baja,2026-10-05T18:06:10,mirova-archivo,1
2019-02-10T05:12:00,357120,Villarrica,VIIRS375,1.267,1.35,1,baja,2026-10-05T18:06:10,mirova-archivo,1
2019-02-10T06:00:00,357120,Villarrica,VIIRS375,2.477,0.84,1,baja,2026-10-05T18:06:10,mirova-archivo,1
2019-02-11T05:42:00,357120,Villarrica,VIIRS375,0.234,0.84,1,muy baja,2026-10-05T18:06:10,mirova-archivo,1
2019-02-12T05:24:00,357120,Villarrica,VIIRS375,1.102,1.19,1,baja,2026-10-05T18:06:10,mirova-archivo,1
2019-02-13T05:54:00,357120,Villarrica,VIIRS375,2.721,0.84,1,baja,2026-10-05T18:06:10,mirova-archivo,1
2019-02-14T04:00:00,357120,Villarrica,MODIS,0.1385,1.00,1,muy baja,2026-10-05T18:06:10,mirova-archivo,1
2019-02-14T05:36:00,357120,Villarrica,VIIRS375,1.937,1.06,1,baja,2026-10-05T18:06:10,mirova-archivo,1
2019-02-15T05:18:00,357120,Villarrica,VIIRS375,1.068,1.19,1,baja,2026-10-05T18:06:10,mirova-archivo,1
2019-02-16T05:48:00,357120,Villarrica,VIIRS375,2.239,1.06,1,baja,2026-10-05T18:06:10,mirova-archivo,1
2019-02-17T05:30:00,357120,Villarrica,VIIRS375,1.741,1.06,1,baja,2026-10-05T18:06:10,mirova-archivo,1
2019-02-18T05:12:00,357120,Villarrica,VIIRS375,0.8471,1.19,1,muy baja,2026-10-05T18:06:10,mirova-archivo,1
2019-02-18T06:00:00,357120,Villarrica,VIIRS375,1.654,1.12,1,baja,2026-10-05T18:06:10,mirova-archivo,1
2019-02-19T06:30:00,357120,Villarrica,VIIRS375,0.3584,2.25,1,muy baja,2026-10-05T18:06:10,mirova-archivo,1
2019-02-24T05:48:00,357120,Villarrica,VIIRS375,1.746,0.84,1,baja,2026-10-05T18:06:10,mirova-archivo,1
2019-02-25T03:40:00,357120,Villarrica,MODIS,0.9505,1.00,1,muy baja,2026-10-05T18:06:10,mirova-archivo,1
2019-02-25T05:30:00,357120,Villarrica,VIIRS375,1.674,1.19,1,baja,2026-10-05T18:06:10,mirova-archivo,1
2019-02-26T05:12:00,357120,Villarrica,VIIRS375,1.409,1.68,1,baja,2026-10-05T18:06:10,mirova-archivo,1
2019-02-26T06:00:00,357120,Villarrica,MODIS,0.5481,0.00,1,muy baja,2026-10-05T18:06:10,mirova-archivo,1
2019-02-26T06:00:00,357120,Villarrica,VIIRS375,2.614,0.84,1,baja,2026-10-05T18:06:10,mirova-archivo,1
2019-02-27T05:42:00,357120,Villarrica,VIIRS375,2.102,0.84,1,baja,2026-10-05T18:06:10,mirova-archivo,1
2019-02-28T05:24:00,357120,Villarrica,VIIRS375,1.408,1.19,1,baja,2026-10-05T18:06:10,mirova-archivo,1
2019-03-02T05:36:00,357120,Villarrica,VIIRS375,1.578,0.84,1,baja,2026-10-05T18:06:10,mirova-archivo,1
2019-03-03T05:18:00,357120,Villarrica,VIIRS375,0.3141,1.35,1,muy baja,2026-10-05T18:06:10,mirova-archivo,1
2019-03-05T05:30:00,357120,Villarrica,VIIRS375,0.7003,1.06,1,muy baja,2026-10-05T18:06:10,mirova-archivo,1
2019-03-08T05:24:00,357120,Villarrica,VIIRS375,1.895,0.84,1,baja,2026-10-05T18:06:10,mirova-archivo,1
2019-03-09T05:54:00,357120,Villarrica,VIIRS375,2.895,0.84,1,baja,2026-10-05T18:06:10,mirova-archivo,1
2019-03-10T04:48:00,357120,Villarrica,VIIRS375,3.291,25.60,0,no volcanica,2026-10-05T18:06:10,mirova-archivo,0
2019-03-10T05:36:00,357120,Villarrica,VIIRS375,0.3694,0.84,1,muy baja,2026-10-05T18:06:10,mirova-archivo,1
2019-03-10T06:24:00,357120,Villarrica,VIIRS375,0.04685,0.53,1,muy baja,2026-10-05T18:06:10,mirova-archivo,1
2019-03-11T03:50:00,357120,Villarrica,MODIS,0.7828,1.00,1,muy baja,2026-10-05T18:06:10,mirova-archivo,1
2019-03-11T05:18:00,357120,Villarrica,VIIRS375,1.174,1.19,1,baja,2026-10-05T18:06:10,mirova-archivo,1
2019-03-11T06:06:00,357120,Villarrica,VIIRS375,0.09098,0.53,1,muy baja,2026-10-05T18:06:10,mirova-archivo,1
2019-03-12T05:48:00,357120,Villarrica,VIIRS375,1.76,0.84,1,baja,2026-10-05T18:06:10,mirova-archivo,1
2019-03-13T05:30:00,357120,Villarrica,VIIRS375,2.177,1.35,1,baja,2026-10-05T18:06:10,mirova-archivo,1
2019-03-14T05:12:00,357120,Villarrica,VIIRS375,2.35,1.68,1,baja,2026-10-05T18:06:10,mirova-archivo,1
2019-03-14T06:00:00,357120,Villarrica,VIIRS375,3.132,0.84,1,baja,2026-10-05T18:06:10,mirova-archivo,1
2019-03-15T05:42:00,357120,Villarrica,VIIRS375,1.935,0.84,1,baja,2026-10-05T18:06:10,mirova-archivo,1
2019-03-17T05:54:00,357120,Villarrica,VIIRS375,2.159,1.06,1,baja,2026-10-05T18:06:10,mirova-archivo,1
2019-03-18T05:36:00,357120,Villarrica,VIIRS375,1.38,0.84,1,baja,2026-10-05T18:06:10,mirova-archivo,1
2019-03-21T05:30:00,357120,Villarrica,VIIRS375,0.439,1.19,1,muy baja,2026-10-05T18:06:10,mirova-archivo,1
2019-03-22T05:12:00,357120,Villarrica,VIIRS375,0.9902,1.35,1,muy baja,2026-10-05T18:06:10,mirova-archivo,1
2019-03-22T06:00:00,357120,Villarrica,VIIRS375,1.843,1.06,1,baja,2026-10-05T18:06:10,mirova-archivo,1
2019-03-24T05:24:00,357120,Villarrica,VIIRS375,1.756,1.19,1,baja,2026-10-05T18:06:10,mirova-archivo,1
2019-03-24T06:12:00,357120,Villarrica,VIIRS375,0.4467,14.64,0,no volcanica,2026-10-05T18:06:10,mirova-archivo,0
2019-03-25T05:06:00,357120,Villarrica,VIIRS375,0.1184,1.35,1,muy baja,2026-10-05T18:06:10,mirova-archivo,1
2019-03-25T05:54:00,357120,Villarrica,VIIRS375,2.449,1.12,1,baja,2026-10-05T18:06:10,mirova-archivo,1
2019-03-26T05:36:00,357120,Villarrica,VIIRS375,2.462,0.84,1,baja,2026-10-05T18:06:10,mirova-archivo,1
2019-03-27T03:50:00,357120,Villarrica,MODIS,0.1122,1.00,1,muy baja,2026-10-05T18:06:10,mirova-archivo,1
2019-03-27T05:18:00,357120,Villarrica,VIIRS375,0.8901,1.68,1,muy baja,2026-10-05T18:06:10,mirova-archivo,1
2019-03-28T05:48:00,357120,Villarrica,VIIRS375,2.097,0.84,1,baja,2026-10-05T18:06:10,mirova-archivo,1
2019-03-28T06:36:00,357120,Villarrica,VIIRS375,0.707,23.72,0,no volcanica,2026-10-05T18:06:10,mirova-archivo,0
2019-03-29T05:30:00,357120,Villarrica,VIIRS375,1.623,1.19,1,baja,2026-10-05T18:06:10,mirova-archivo,1
2019-03-31T05:42:00,357120,Villarrica,VIIRS375,2.767,0.84,1,baja,2026-10-05T18:06:10,mirova-archivo,1
2019-04-01T05:24:00,357120,Villarrica,VIIRS375,1.277,1.19,1,baja,2026-10-05T18:06:10,mirova-archivo,1
2019-04-01T05:50:00,357120,Villarrica,MODIS,1.248,1.00,1,baja,2026-10-05T18:06:10,mirova-archivo,1
2019-04-02T05:54:00,357120,Villarrica,VIIRS375,2.059,0.84,1,baja,2026-10-05T18:06:10,mirova-archivo,1
2019-04-03T05:36:00,357120,Villarrica,VIIRS375,2.426,1.06,1,baja,2026-10-05T18:06:10,mirova-archivo,1
2019-04-03T05:40:00,357120,Villarrica,MODIS,0.1162,1.00,1,muy baja,2026-10-05T18:06:10,mirova-archivo,1
2019-04-05T05:48:00,357120,Villarrica,VIIRS375,1.761,0.84,1,baja,2026-10-05T18:06:10,mirova-archivo,1
2019-04-06T05:30:00,357120,Villarrica,VIIRS375,1.631,1.06,1,baja,2026-10-05T18:06:10,mirova-archivo,1
2019-04-07T05:12:00,357120,Villarrica,VIIRS375,0.9259,0.84,1,muy baja,2026-10-05T18:06:10,mirova-archivo,1
2019-04-08T05:42:00,357120,Villarrica,VIIRS375,1.841,1.19,1,baja,2026-10-05T18:06:10,mirova-archivo,1
2019-04-09T05:24:00,357120,Villarrica,VIIRS375,1.594,1.06,1,baja,2026-10-05T18:06:10,mirova-archivo,1
2019-04-10T05:45:00,357120,Villarrica,MODIS,0.1681,1.00,1,muy baja,2026-10-05T18:06:10,mirova-archivo,1
2019-04-10T05:54:00,357120,Villarrica,VIIRS375,2.428,0.84,1,baja,2026-10-05T18:06:10,mirova-archivo,1
2019-04-11T05:36:00,357120,Villarrica,VIIRS375,2.212,1.35,1,baja,2026-10-05T18:06:10,mirova-archivo,1
2019-04-12T03:50:00,357120,Villarrica,MODIS,0.2356,1.00,1,muy baja,2026-10-05T18:06:10,mirova-archivo,1
2019-04-12T05:18:00,357120,Villarrica,VIIRS375,2.265,1.35,1,baja,2026-10-05T18:06:10,mirova-archivo,1
2019-04-12T06:06:00,357120,Villarrica,VIIRS375,0.1087,0.84,1,muy baja,2026-10-05T18:06:10,mirova-archivo,1
2019-04-15T05:12:00,357120,Villarrica,VIIRS375,1.154,1.68,1,baja,2026-10-05T18:06:10,mirova-archivo,1
2019-04-15T06:00:00,357120,Villarrica,VIIRS375,2.898,0.84,1,baja,2026-10-05T18:06:10,mirova-archivo,1
2019-04-15T06:05:00,357120,Villarrica,MODIS,0.4499,1.00,1,muy baja,2026-10-05T18:06:10,mirova-archivo,1
2019-04-16T05:42:00,357120,Villarrica,VIIRS375,1.472,0.84,1,baja,2026-10-05T18:06:10,mirova-archivo,1
2019-04-18T05:54:00,357120,Villarrica,VIIRS375,0.06334,0.84,1,muy baja,2026-10-05T18:06:10,mirova-archivo,1
2019-04-19T04:00:00,357120,Villarrica,MODIS,0.1463,0.00,1,muy baja,2026-10-05T18:06:10,mirova-archivo,1
2019-04-19T05:36:00,357120,Villarrica,VIIRS375,0.4078,0.84,1,muy baja,2026-10-05T18:06:10,mirova-archivo,1
2019-04-20T05:18:00,357120,Villarrica,VIIRS375,1.247,1.19,1,baja,2026-10-05T18:06:10,mirova-archivo,1
2019-04-20T06:06:00,357120,Villarrica,VIIRS375,0.1313,0.84,1,muy baja,2026-10-05T18:06:10,mirova-archivo,1
2019-04-21T03:45:00,357120,Villarrica,MODIS,0.3546,1.00,1,muy baja,2026-10-05T18:06:10,mirova-archivo,1
2019-04-21T05:48:00,357120,Villarrica,VIIRS375,2.453,0.84,1,baja,2026-10-05T18:06:10,mirova-archivo,1
2019-04-22T05:30:00,357120,Villarrica,VIIRS375,1.387,1.06,1,baja,2026-10-05T18:06:10,mirova-archivo,1
2019-04-22T06:10:00,357120,Villarrica,MODIS,0.6547,1.41,1,muy baja,2026-10-05T18:06:10,mirova-archivo,1
2019-04-23T05:12:00,357120,Villarrica,VIIRS375,1.524,1.55,1,baja,2026-10-05T18:06:10,mirova-archivo,1
2019-04-23T06:00:00,357120,Villarrica,VIIRS375,3.891,1.06,1,baja,2026-10-05T18:06:10,mirova-archivo,1
2019-04-24T05:42:00,357120,Villarrica,VIIRS375,2.083,0.84,1,baja,2026-10-05T18:06:10,mirova-archivo,1
2019-04-27T05:36:00,357120,Villarrica,VIIRS375,0.2525,0.84,1,muy baja,2026-10-05T18:06:10,mirova-archivo,1
2019-04-29T05:48:00,357120,Villarrica,VIIRS375,3.964,1.06,1,baja,2026-10-05T18:06:10,mirova-archivo,1
2019-04-30T03:40:00,357120,Villarrica,MODIS,1.355,1.00,1,baja,2026-10-05T18:06:10,mirova-archivo,1
2019-04-30T05:30:00,357120,Villarrica,VIIRS375,2.168,1.19,1,baja,2026-10-05T18:06:10,mirova-archivo,1
2019-05-06T05:18:00,357120,Villarrica,VIIRS375,0.2555,1.19,1,muy baja,2026-10-05T18:06:10,mirova-archivo,1
2019-05-07T03:45:00,357120,Villarrica,MODIS,0.9405,1.00,1,muy baja,2026-10-05T18:06:10,mirova-archivo,1
2019-05-07T05:48:00,357120,Villarrica,VIIRS375,1.681,0.84,1,baja,2026-10-05T18:06:10,mirova-archivo,1
2019-05-08T05:30:00,357120,Villarrica,VIIRS375,0.9257,1.06,1,muy baja,2026-10-05T18:06:10,mirova-archivo,1
2019-05-08T06:10:00,357120,Villarrica,MODIS,0.3118,1.41,1,muy baja,2026-10-05T18:06:10,mirova-archivo,1
2019-05-09T03:35:00,357120,Villarrica,MODIS,0.396,2.00,1,muy baja,2026-10-05T18:06:10,mirova-archivo,1
2019-05-09T05:12:00,357120,Villarrica,VIIRS375,0.2342,1.06,1,muy baja,2026-10-05T18:06:10,mirova-archivo,1
2019-05-09T06:00:00,357120,Villarrica,VIIRS375,0.9578,1.12,1,muy baja,2026-10-05T18:06:10,mirova-archivo,1
2019-05-13T04:48:00,357120,Villarrica,VIIRS375,0.3185,17.27,0,no volcanica,2026-10-05T18:06:10,mirova-archivo,0
2019-05-13T05:36:00,357120,Villarrica,VIIRS375,0.843,1.06,1,muy baja,2026-10-05T18:06:10,mirova-archivo,1
2019-05-14T05:18:00,357120,Villarrica,VIIRS375,1.102,1.55,1,baja,2026-10-05T18:06:10,mirova-archivo,1
2019-05-15T05:48:00,357120,Villarrica,VIIRS375,2.742,1.06,1,baja,2026-10-05T18:06:10,mirova-archivo,1
2019-05-16T05:30:00,357120,Villarrica,VIIRS375,1.476,1.35,1,baja,2026-10-05T18:06:10,mirova-archivo,1
2019-05-18T05:42:00,357120,Villarrica,VIIRS375,2.999,0.84,1,baja,2026-10-05T18:06:10,mirova-archivo,1
2019-05-19T05:24:00,357120,Villarrica,VIIRS375,0.2671,23.48,0,no volcanica,2026-10-05T18:06:10,mirova-archivo,0
2019-05-21T04:00:00,357120,Villarrica,MODIS,1.072,1.41,1,baja,2026-10-05T18:06:10,mirova-archivo,1
2019-05-21T05:36:00,357120,Villarrica,VIIRS375,2.593,0.84,1,baja,2026-10-05T18:06:10,mirova-archivo,1
2019-05-22T05:18:00,357120,Villarrica,VIIRS375,1.968,1.19,1,baja,2026-10-05T18:06:10,mirova-archivo,1
2019-05-23T03:45:00,357120,Villarrica,MODIS,0.4622,1.00,1,muy baja,2026-10-05T18:06:10,mirova-archivo,1
2019-05-23T05:48:00,357120,Villarrica,VIIRS375,3.423,0.84,1,baja,2026-10-05T18:06:10,mirova-archivo,1
2019-05-24T05:30:00,357120,Villarrica,VIIRS375,2.149,0.84,1,baja,2026-10-05T18:06:10,mirova-archivo,1
2019-05-25T03:35:00,357120,Villarrica,MODIS,0.4099,1.00,1,muy baja,2026-10-05T18:06:10,mirova-archivo,1
2019-05-25T05:12:00,357120,Villarrica,VIIRS375,0.5445,1.35,1,muy baja,2026-10-05T18:06:10,mirova-archivo,1
2019-05-25T06:00:00,357120,Villarrica,VIIRS375,2.813,1.06,1,baja,2026-10-05T18:06:10,mirova-archivo,1
2019-05-26T05:42:00,357120,Villarrica,VIIRS375,0.8082,8.43,0,no volcanica,2026-10-05T18:06:10,mirova-archivo,0
2019-05-29T05:36:00,357120,Villarrica,VIIRS375,0.8904,1.06,1,muy baja,2026-10-05T18:06:10,mirova-archivo,1
2019-06-03T05:42:00,357120,Villarrica,VIIRS375,0.5446,1.06,1,muy baja,2026-10-05T18:06:10,mirova-archivo,1
2019-06-05T05:06:00,357120,Villarrica,VIIRS375,0.1195,28.50,0,no volcanica,2026-10-05T18:06:10,mirova-archivo,0
2019-06-05T05:54:00,357120,Villarrica,VIIRS375,0.2105,11.55,0,no volcanica,2026-10-05T18:06:10,mirova-archivo,0
2019-06-08T05:48:00,357120,Villarrica,VIIRS375,3.37,0.84,1,baja,2026-10-05T18:06:10,mirova-archivo,1
2019-06-11T05:42:00,357120,Villarrica,VIIRS375,1.105,1.06,1,baja,2026-10-05T18:06:10,mirova-archivo,1
2019-06-12T04:36:00,357120,Villarrica,VIIRS375,0.3514,25.92,0,no volcanica,2026-10-05T18:06:10,mirova-archivo,0
2019-06-14T05:36:00,357120,Villarrica,VIIRS375,0.4216,1.19,1,muy baja,2026-10-05T18:06:10,mirova-archivo,1
2019-06-15T03:50:00,357120,Villarrica,MODIS,0.3956,1.00,1,muy baja,2026-10-05T18:06:10,mirova-archivo,1
2019-06-15T05:18:00,357120,Villarrica,VIIRS375,0.861,1.19,1,muy baja,2026-10-05T18:06:10,mirova-archivo,1
2019-06-15T06:06:00,357120,Villarrica,VIIRS375,0.03331,0.53,1,muy baja,2026-10-05T18:06:10,mirova-archivo,1
2019-06-16T05:48:00,357120,Villarrica,VIIRS375,0.04361,0.84,1,muy baja,2026-10-05T18:06:10,mirova-archivo,1
2019-06-17T03:40:00,357120,Villarrica,MODIS,1.169,1.00,1,baja,2026-10-05T18:06:10,mirova-archivo,1
2019-06-17T05:30:00,357120,Villarrica,VIIRS375,1.293,1.35,1,baja,2026-10-05T18:06:10,mirova-archivo,1
2019-06-19T05:42:00,357120,Villarrica,VIIRS375,2.542,0.84,1,baja,2026-10-05T18:06:10,mirova-archivo,1
2019-06-20T05:24:00,357120,Villarrica,VIIRS375,0.6731,1.19,1,muy baja,2026-10-05T18:06:10,mirova-archivo,1
2019-06-27T04:54:00,357120,Villarrica,VIIRS375,0.3176,24.32,0,no volcanica,2026-10-05T18:06:10,mirova-archivo,0
2019-07-01T03:50:00,357120,Villarrica,MODIS,1.649,1.00,1,baja,2026-10-05T18:06:10,mirova-archivo,1
2019-07-01T05:18:00,357120,Villarrica,VIIRS375,0.9565,1.35,1,muy baja,2026-10-05T18:06:10,mirova-archivo,1
2019-07-04T05:12:00,357120,Villarrica,VIIRS375,0.5971,1.19,1,muy baja,2026-10-05T18:06:10,mirova-archivo,1
2019-07-04T06:00:00,357120,Villarrica,VIIRS375,0.5064,0.84,1,muy baja,2026-10-05T18:06:10,mirova-archivo,1
2019-07-05T03:25:00,357120,Villarrica,MODIS,1.401,2.00,1,baja,2026-10-05T18:06:10,mirova-archivo,1
2019-07-05T05:42:00,357120,Villarrica,VIIRS375,2.455,1.19,1,baja,2026-10-05T18:06:10,mirova-archivo,1
2019-07-06T05:24:00,357120,Villarrica,VIIRS375,1.532,1.19,1,baja,2026-10-05T18:06:10,mirova-archivo,1
2019-07-06T05:50:00,357120,Villarrica,MODIS,1.143,1.41,1,baja,2026-10-05T18:06:10,mirova-archivo,1
2019-07-07T05:54:00,357120,Villarrica,VIIRS375,1.261,0.84,1,baja,2026-10-05T18:06:10,mirova-archivo,1
2019-07-08T04:00:00,357120,Villarrica,MODIS,0.5413,1.00,1,muy baja,2026-10-05T18:06:10,mirova-archivo,1
2019-07-12T06:00:00,357120,Villarrica,VIIRS375,0.2726,17.05,0,no volcanica,2026-10-05T18:06:10,mirova-archivo,0
2019-07-15T05:06:00,357120,Villarrica,VIIRS375,0.06044,1.19,1,muy baja,2026-10-05T18:06:10,mirova-archivo,1
2019-07-15T05:54:00,357120,Villarrica,VIIRS375,4.346,1.12,1,baja,2026-10-05T18:06:10,mirova-archivo,1
2019-07-16T05:36:00,357120,Villarrica,VIIRS375,0.2259,0.84,1,muy baja,2026-10-05T18:06:10,mirova-archivo,1
2019-07-19T04:42:00,357120,Villarrica,VIIRS375,0.7952,23.89,0,no volcanica,2026-10-05T18:06:10,mirova-archivo,0
2019-07-23T05:06:00,357120,Villarrica,VIIRS375,1.366,1.55,1,baja,2026-10-05T18:06:10,mirova-archivo,1
2019-07-23T05:54:00,357120,Villarrica,VIIRS750,8.936,1.06,1,baja,2026-10-05T18:06:10,mirova-archivo,1
2019-07-24T04:00:00,357120,Villarrica,MODIS,20.15,2.24,1,moderada,2026-10-05T18:06:10,mirova-archivo,1
2019-07-24T05:36:00,357120,Villarrica,VIIRS750,24.08,1.06,1,moderada,2026-10-05T18:06:10,mirova-archivo,1
2019-07-25T05:18:00,357120,Villarrica,VIIRS375,3.767,1.19,1,baja,2026-10-05T18:06:10,mirova-archivo,1
2019-07-25T06:06:00,357120,Villarrica,VIIRS375,0.3769,0.84,1,muy baja,2026-10-05T18:06:10,mirova-archivo,1
2019-07-27T05:30:00,357120,Villarrica,VIIRS375,4.99,1.19,1,baja,2026-10-05T18:06:10,mirova-archivo,1
2019-07-27T06:10:00,357120,Villarrica,MODIS,2.074,1.41,1,baja,2026-10-05T18:06:10,mirova-archivo,1
2019-08-02T03:50:00,357120,Villarrica,MODIS,0.6378,1.00,1,muy baja,2026-10-05T18:06:10,mirova-archivo,1
2019-08-02T05:18:00,357120,Villarrica,VIIRS375,5.15,1.19,1,baja,2026-10-05T18:06:10,mirova-archivo,1
2019-08-02T05:30:00,357120,Villarrica,MODIS,3.937,2.24,1,baja,2026-10-05T18:06:10,mirova-archivo,1
2019-08-02T06:06:00,357120,Villarrica,VIIRS375,0.5178,0.84,1,muy baja,2026-10-05T18:06:10,mirova-archivo,1
2019-08-03T05:48:00,357120,Villarrica,VIIRS375,2.97,1.06,1,baja,2026-10-05T18:06:10,mirova-archivo,1
2019-08-04T03:40:00,357120,Villarrica,MODIS,2.798,2.00,1,baja,2026-10-05T18:06:10,mirova-archivo,1
2019-08-04T05:30:00,357120,Villarrica,VIIRS375,4.408,1.35,1,baja,2026-10-05T18:06:10,mirova-archivo,1
2019-08-05T05:12:00,357120,Villarrica,VIIRS375,5.71,1.35,1,baja,2026-10-05T18:06:10,mirova-archivo,1
2019-08-05T06:00:00,357120,Villarrica,MODIS,4.273,1.41,1,baja,2026-10-05T18:06:10,mirova-archivo,1
2019-08-05T06:00:00,357120,Villarrica,VIIRS375,4.754,0.84,1,baja,2026-10-05T18:06:10,mirova-archivo,1
2019-08-08T05:06:00,357120,Villarrica,VIIRS375,0.1496,1.19,1,muy baja,2026-10-05T18:06:10,mirova-archivo,1
2019-08-08T05:54:00,357120,Villarrica,VIIRS750,5.079,1.06,1,baja,2026-10-05T18:06:10,mirova-archivo,1
2019-08-09T04:00:00,357120,Villarrica,MODIS,4.658,2.00,1,baja,2026-10-05T18:06:10,mirova-archivo,1
2019-08-09T05:36:00,357120,Villarrica,VIIRS375,5.913,0.84,1,baja,2026-10-05T18:06:10,mirova-archivo,1
2019-08-10T05:18:00,357120,Villarrica,VIIRS375,0.6635,1.68,1,muy baja,2026-10-05T18:06:10,mirova-archivo,1
2019-08-13T03:35:00,357120,Villarrica,MODIS,1.704,1.41,1,baja,2026-10-05T18:06:10,mirova-archivo,1
2019-08-13T05:12:00,357120,Villarrica,VIIRS375,0.8573,1.19,1,muy baja,2026-10-05T18:06:10,mirova-archivo,1
2019-08-13T06:00:00,357120,Villarrica,VIIRS375,0.7711,1.06,1,muy baja,2026-10-05T18:06:10,mirova-archivo,1
2019-08-14T05:42:00,357120,Villarrica,VIIRS375,3.237,1.06,1,baja,2026-10-05T18:06:10,mirova-archivo,1
2019-08-14T05:55:00,357120,Villarrica,MODIS,1.895,1.41,1,baja,2026-10-05T18:06:10,mirova-archivo,1
2019-08-15T05:24:00,357120,Villarrica,VIIRS375,0.547,1.19,1,muy baja,2026-10-05T18:06:10,mirova-archivo,1
2019-08-22T03:25:00,357120,Villarrica,MODIS,0.1115,1.00,1,muy baja,2026-10-05T18:06:10,mirova-archivo,1
2019-08-22T05:42:00,357120,Villarrica,VIIRS375,3.581,1.19,1,baja,2026-10-05T18:06:10,mirova-archivo,1
2019-08-23T05:24:00,357120,Villarrica,VIIRS375,0.04993,0.84,1,muy baja,2026-10-05T18:06:10,mirova-archivo,1
2019-08-27T03:45:00,357120,Villarrica,MODIS,0.3535,1.41,1,muy baja,2026-10-05T18:06:10,mirova-archivo,1
2019-08-27T05:48:00,357120,Villarrica,VIIRS375,0.9159,1.12,1,muy baja,2026-10-05T18:06:10,mirova-archivo,1
2019-08-31T05:24:00,357120,Villarrica,VIIRS375,0.6695,1.35,1,muy baja,2026-10-05T18:06:10,mirova-archivo,1
2019-09-01T05:54:00,357120,Villarrica,VIIRS375,1.083,0.84,1,baja,2026-10-05T18:06:10,mirova-archivo,1
2019-09-02T05:36:00,357120,Villarrica,VIIRS375,0.03954,0.84,1,muy baja,2026-10-05T18:06:10,mirova-archivo,1
2019-09-03T05:18:00,357120,Villarrica,VIIRS375,0.05088,1.19,1,muy baja,2026-10-05T18:06:10,mirova-archivo,1
2019-09-04T05:48:00,357120,Villarrica,VIIRS375,3.208,0.84,1,baja,2026-10-05T18:06:10,mirova-archivo,1
2019-09-05T03:40:00,357120,Villarrica,MODIS,0.5398,1.00,1,muy baja,2026-10-05T18:06:10,mirova-archivo,1
2019-09-05T05:30:00,357120,Villarrica,VIIRS375,0.3033,1.35,1,muy baja,2026-10-05T18:06:10,mirova-archivo,1
2019-09-10T04:48:00,357120,Villarrica,VIIRS375,0.4822,2.52,1,muy baja,2026-10-05T18:06:10,mirova-archivo,1
2019-09-11T05:18:00,357120,Villarrica,VIIRS750,31.52,2.25,1,moderada,2026-10-05T18:06:10,mirova-archivo,1
2019-09-11T06:06:00,357120,Villarrica,VIIRS750,93.04,1.06,1,moderada,2026-10-05T18:06:10,mirova-archivo,1
2019-09-11T06:20:00,357120,Villarrica,MODIS,12.98,2.24,1,moderada,2026-10-05T18:06:10,mirova-archivo,1
2019-09-12T03:45:00,357120,Villarrica,MODIS,5.278,1.41,1,baja,2026-10-05T18:06:10,mirova-archivo,1
2019-09-12T05:00:00,357120,Villarrica,VIIRS375,0.6311,2.37,1,muy baja,2026-10-05T18:06:10,mirova-archivo,1
2019-09-12T05:48:00,357120,Villarrica,VIIRS750,8.425,1.68,1,baja,2026-10-05T18:06:10,mirova-archivo,1
2019-09-12T06:36:00,357120,Villarrica,VIIRS375,5.39,2.73,1,baja,2026-10-05T18:06:10,mirova-archivo,1
2019-09-13T05:30:00,357120,Villarrica,VIIRS750,5.307,1.68,1,baja,2026-10-05T18:06:10,mirova-archivo,1
2019-09-13T06:10:00,357120,Villarrica,MODIS,1.992,1.00,1,baja,2026-10-05T18:06:10,mirova-archivo,1
2019-09-13T06:18:00,357120,Villarrica,VIIRS375,0.5429,0.84,1,muy baja,2026-10-05T18:06:10,mirova-archivo,1
2019-09-16T05:24:00,357120,Villarrica,VIIRS375,0.3166,1.35,1,muy baja,2026-10-05T18:06:10,mirova-archivo,1
2019-09-18T05:36:00,357120,Villarrica,VIIRS375,3.167,0.84,1,baja,2026-10-05T18:06:10,mirova-archivo,1
2019-09-19T05:18:00,357120,Villarrica,VIIRS375,0.3049,7.59,0,no volcanica,2026-10-05T18:06:10,mirova-archivo,0
2019-09-20T05:48:00,357120,Villarrica,VIIRS750,15.21,1.06,1,moderada,2026-10-05T18:06:10,mirova-archivo,1
2019-09-20T06:42:00,357120,Villarrica,VIIRS375,0.2046,1.35,1,muy baja,2026-10-05T18:06:10,mirova-archivo,1
2019-09-22T05:12:00,357120,Villarrica,VIIRS375,1.094,1.55,1,baja,2026-10-05T18:06:10,mirova-archivo,1
2019-09-22T06:00:00,357120,Villarrica,MODIS,11.54,1.41,1,moderada,2026-10-05T18:06:10,mirova-archivo,1
2019-09-22T06:00:00,357120,Villarrica,VIIRS375,3.005,1.06,1,baja,2026-10-05T18:06:10,mirova-archivo,1
2019-09-23T03:25:00,357120,Villarrica,MODIS,14.61,2.00,1,moderada,2026-10-05T18:06:10,mirova-archivo,1
2019-09-23T05:42:00,357120,Villarrica,VIIRS750,9.331,1.06,1,baja,2026-10-05T18:06:10,mirova-archivo,1
2019-09-24T05:24:00,357120,Villarrica,VIIRS750,8.114,1.68,1,baja,2026-10-05T18:06:10,mirova-archivo,1
2019-09-24T05:50:00,357120,Villarrica,MODIS,4.645,1.00,1,baja,2026-10-05T18:06:10,mirova-archivo,1
2019-09-25T05:54:00,357120,Villarrica,VIIRS750,7.22,1.06,1,baja,2026-10-05T18:06:10,mirova-archivo,1
2019-09-25T06:48:00,357120,Villarrica,VIIRS375,0.5784,13.21,0,no volcanica,2026-10-05T18:06:10,mirova-archivo,0
2019-09-26T04:00:00,357120,Villarrica,MODIS,1.09,1.00,1,baja,2026-10-05T18:06:10,mirova-archivo,1
2019-09-26T05:36:00,357120,Villarrica,VIIRS750,7.363,1.06,1,baja,2026-10-05T18:06:10,mirova-archivo,1
2019-09-27T05:18:00,357120,Villarrica,VIIRS375,0.5989,1.35,1,muy baja,2026-10-05T18:06:10,mirova-archivo,1
2019-09-28T03:45:00,357120,Villarrica,MODIS,4.274,2.00,1,baja,2026-10-05T18:06:10,mirova-archivo,1
2019-09-28T05:48:00,357120,Villarrica,VIIRS375,0.3599,0.75,1,muy baja,2026-10-05T18:06:10,mirova-archivo,1
2019-10-02T05:24:00,357120,Villarrica,VIIRS375,7.392,1.19,1,baja,2026-10-05T18:06:10,mirova-archivo,1
2019-10-02T06:12:00,357120,Villarrica,VIIRS375,0.03282,0.38,1,muy baja,2026-10-05T18:06:10,mirova-archivo,1
2019-10-03T05:45:00,357120,Villarrica,MODIS,5.132,1.41,1,baja,2026-10-05T18:06:10,mirova-archivo,1
2019-10-03T05:54:00,357120,Villarrica,VIIRS750,8.963,1.68,1,baja,2026-10-05T18:06:10,mirova-archivo,1
2019-10-05T03:50:00,357120,Villarrica,MODIS,9.722,1.41,1,baja,2026-10-05T18:06:10,mirova-archivo,1
2019-10-05T05:18:00,357120,Villarrica,VIIRS375,2.082,1.19,1,baja,2026-10-05T18:06:10,mirova-archivo,1
2019-10-05T05:30:00,357120,Villarrica,MODIS,0.1187,1.00,1,muy baja,2026-10-05T18:06:10,mirova-archivo,1
2019-10-05T06:06:00,357120,Villarrica,VIIRS375,0.309,0.84,1,muy baja,2026-10-05T18:06:10,mirova-archivo,1
2019-10-08T05:12:00,357120,Villarrica,VIIRS375,0.1648,1.19,1,muy baja,2026-10-05T18:06:10,mirova-archivo,1
2019-10-08T06:00:00,357120,Villarrica,MODIS,1.591,1.00,1,baja,2026-10-05T18:06:10,mirova-archivo,1
2019-10-08T06:00:00,357120,Villarrica,VIIRS375,0.167,0.84,1,muy baja,2026-10-05T18:06:10,mirova-archivo,1
2019-10-09T04:54:00,357120,Villarrica,VIIRS375,0.01394,2.70,0,no volcanica,2026-10-05T18:06:10,mirova-archivo,0
2019-10-09T05:42:00,357120,Villarrica,VIIRS375,5.178,1.06,1,baja,2026-10-05T18:06:10,mirova-archivo,1
2019-10-10T05:24:00,357120,Villarrica,VIIRS375,0.1739,1.19,1,muy baja,2026-10-05T18:06:10,mirova-archivo,1
2019-10-13T05:18:00,357120,Villarrica,VIIRS375,0.4903,1.35,1,muy baja,2026-10-05T18:06:10,mirova-archivo,1
2019-10-13T06:06:00,357120,Villarrica,VIIRS375,0.7424,18.29,0,no volcanica,2026-10-05T18:06:10,mirova-archivo,0
2019-10-14T03:45:00,357120,Villarrica,MODIS,0.5544,1.00,1,muy baja,2026-10-05T18:06:10,mirova-archivo,1
2019-10-14T05:48:00,357120,Villarrica,VIIRS375,3.163,0.84,1,baja,2026-10-05T18:06:10,mirova-archivo,1
2019-10-14T06:36:00,357120,Villarrica,VIIRS375,0.151,0.53,1,muy baja,2026-10-05T18:06:10,mirova-archivo,1
2019-10-18T05:24:00,357120,Villarrica,VIIRS375,4.529,1.35,1,baja,2026-10-05T18:06:10,mirova-archivo,1
2019-10-19T05:54:00,357120,Villarrica,VIIRS375,0.1819,0.84,1,muy baja,2026-10-05T18:06:10,mirova-archivo,1
2019-10-22T05:48:00,357120,Villarrica,VIIRS750,16.53,1.68,1,moderada,2026-10-05T18:06:10,mirova-archivo,1
2019-10-23T03:40:00,357120,Villarrica,MODIS,3.647,2.00,1,baja,2026-10-05T18:06:10,mirova-archivo,1
2019-10-23T05:30:00,357120,Villarrica,VIIRS375,2.853,1.19,1,baja,2026-10-05T18:06:10,mirova-archivo,1
2019-11-02T05:42:00,357120,Villarrica,VIIRS375,0.3788,0.84,1,muy baja,2026-10-05T18:06:10,mirova-archivo,1
2019-11-03T05:24:00,357120,Villarrica,VIIRS375,2.442,19.46,0,fuera de radio,2026-10-05T18:06:10,mirova-archivo,1
2019-11-05T05:36:00,357120,Villarrica,VIIRS375,3.234,0.84,1,baja,2026-10-05T18:06:10,mirova-archivo,1
2019-11-06T05:18:00,357120,Villarrica,VIIRS375,0.4229,1.55,1,muy baja,2026-10-05T18:06:10,mirova-archivo,1
2019-11-06T06:06:00,357120,Villarrica,VIIRS375,0.03019,0.53,1,muy baja,2026-10-05T18:06:10,mirova-archivo,1
2019-11-07T05:48:00,357120,Villarrica,VIIRS375,2.341,1.19,1,baja,2026-10-05T18:06:10,mirova-archivo,1
2019-11-08T03:40:00,357120,Villarrica,MODIS,0.4543,1.41,1,muy baja,2026-10-05T18:06:10,mirova-archivo,1
2019-11-08T05:30:00,357120,Villarrica,VIIRS375,0.1203,1.35,1,muy baja,2026-10-05T18:06:10,mirova-archivo,1
2019-11-09T06:00:00,357120,Villarrica,MODIS,0.1051,1.00,1,muy baja,2026-10-05T18:06:10,mirova-archivo,1
2019-11-10T05:42:00,357120,Villarrica,VIIRS375,3.612,0.84,1,baja,2026-10-05T18:06:10,mirova-archivo,1
2019-11-11T05:24:00,357120,Villarrica,VIIRS375,2.552,1.19,1,baja,2026-10-05T18:06:10,mirova-archivo,1
2019-11-11T05:50:00,357120,Villarrica,MODIS,2.79,1.41,1,baja,2026-10-05T18:06:10,mirova-archivo,1
2019-11-12T05:54:00,357120,Villarrica,VIIRS375,2.525,0.84,1,baja,2026-10-05T18:06:10,mirova-archivo,1
2019-11-13T05:36:00,357120,Villarrica,VIIRS375,0.7737,18.87,0,no volcanica,2026-10-05T18:06:10,mirova-archivo,0
2019-11-14T05:18:00,357120,Villarrica,VIIRS375,0.5103,1.55,1,muy baja,2026-10-05T18:06:10,mirova-archivo,1
2019-11-17T05:12:00,357120,Villarrica,VIIRS375,0.04316,0.75,1,muy baja,2026-10-05T18:06:10,mirova-archivo,1
2019-11-18T05:42:00,357120,Villarrica,VIIRS375,1.581,1.35,1,baja,2026-10-05T18:06:10,mirova-archivo,1
2019-11-19T05:24:00,357120,Villarrica,VIIRS375,1.429,1.19,1,baja,2026-10-05T18:06:10,mirova-archivo,1
2019-11-20T05:45:00,357120,Villarrica,MODIS,1.399,1.00,1,baja,2026-10-05T18:06:10,mirova-archivo,1
2019-11-20T05:54:00,357120,Villarrica,VIIRS375,2.109,0.84,1,baja,2026-10-05T18:06:10,mirova-archivo,1
2019-11-21T05:36:00,357120,Villarrica,VIIRS375,4.02,0.84,1,baja,2026-10-05T18:06:10,mirova-archivo,1
2019-11-22T03:50:00,357120,Villarrica,MODIS,0.8135,1.00,1,muy baja,2026-10-05T18:06:10,mirova-archivo,1
2019-11-22T05:18:00,357120,Villarrica,VIIRS375,0.5854,0.84,1,muy baja,2026-10-05T18:06:10,mirova-archivo,1
2019-11-23T05:48:00,357120,Villarrica,VIIRS375,0.2827,0.84,1,muy baja,2026-10-05T18:06:10,mirova-archivo,1
2019-11-28T05:54:00,357120,Villarrica,VIIRS375,0.984,0.84,1,muy baja,2026-10-05T18:06:10,mirova-archivo,1
2019-11-30T06:06:00,357120,Villarrica,VIIRS375,0.03421,0.53,1,muy baja,2026-10-05T18:06:10,mirova-archivo,1
2019-12-01T03:45:00,357120,Villarrica,MODIS,1.865,1.41,1,baja,2026-10-05T18:06:10,mirova-archivo,1
2019-12-01T05:48:00,357120,Villarrica,VIIRS375,4.914,1.06,1,baja,2026-10-05T18:06:10,mirova-archivo,1
2019-12-02T05:30:00,357120,Villarrica,VIIRS375,2.123,0.84,1,baja,2026-10-05T18:06:10,mirova-archivo,1
2019-12-03T03:35:00,357120,Villarrica,MODIS,0.7287,1.00,1,muy baja,2026-10-05T18:06:10,mirova-archivo,1
2019-12-04T05:42:00,357120,Villarrica,VIIRS375,1.158,0.84,1,baja,2026-10-05T18:06:10,mirova-archivo,1
2019-12-05T05:24:00,357120,Villarrica,VIIRS375,1.452,1.06,1,baja,2026-10-05T18:06:10,mirova-archivo,1
2019-12-07T05:36:00,357120,Villarrica,VIIRS375,3.39,1.12,1,baja,2026-10-05T18:06:10,mirova-archivo,1
2019-12-08T03:50:00,357120,Villarrica,MODIS,0.9089,2.00,1,muy baja,2026-10-05T18:06:10,mirova-archivo,1
2019-12-08T05:18:00,357120,Villarrica,VIIRS375,0.4092,1.19,1,muy baja,2026-10-05T18:06:10,mirova-archivo,1
2019-12-09T05:48:00,357120,Villarrica,VIIRS375,2.643,1.06,1,baja,2026-10-05T18:06:10,mirova-archivo,1
2019-12-10T03:40:00,357120,Villarrica,MODIS,1.478,1.00,1,baja,2026-10-05T18:06:10,mirova-archivo,1
2019-12-11T06:00:00,357120,Villarrica,MODIS,1.227,1.00,1,baja,2026-10-05T18:06:10,mirova-archivo,1
2019-12-15T05:36:00,357120,Villarrica,VIIRS375,2.736,1.35,1,baja,2026-10-05T18:06:10,mirova-archivo,1
2019-12-16T05:18:00,357120,Villarrica,VIIRS375,0.1593,0.84,1,muy baja,2026-10-05T18:06:10,mirova-archivo,1
2019-12-17T03:45:00,357120,Villarrica,MODIS,2.914,2.00,1,baja,2026-10-05T18:06:10,mirova-archivo,1
2019-12-17T05:48:00,357120,Villarrica,VIIRS375,4.151,1.06,1,baja,2026-10-05T18:06:10,mirova-archivo,1
2019-12-20T05:42:00,357120,Villarrica,VIIRS375,0.2836,0.84,1,muy baja,2026-10-05T18:06:10,mirova-archivo,1
2019-12-21T05:24:00,357120,Villarrica,VIIRS375,2.999,0.84,1,baja,2026-10-05T18:06:10,mirova-archivo,1
2019-12-22T05:45:00,357120,Villarrica,MODIS,2.838,1.41,1,baja,2026-10-05T18:06:10,mirova-archivo,1
2019-12-22T05:54:00,357120,Villarrica,VIIRS375,4.196,0.84,1,baja,2026-10-05T18:06:10,mirova-archivo,1
2019-12-25T05:48:00,357120,Villarrica,VIIRS375,2.56,1.06,1,baja,2026-10-05T18:06:10,mirova-archivo,1
2019-12-26T03:40:00,357120,Villarrica,MODIS,1.551,1.00,1,baja,2026-10-05T18:06:10,mirova-archivo,1
2019-12-26T05:30:00,357120,Villarrica,VIIRS375,2.05,1.35,1,baja,2026-10-05T18:06:10,mirova-archivo,1
2019-12-27T05:12:00,357120,Villarrica,VIIRS375,0.08618,1.35,1,muy baja,2026-10-05T18:06:10,mirova-archivo,1
2019-12-27T06:00:00,357120,Villarrica,MODIS,1.608,1.00,1,baja,2026-10-05T18:06:10,mirova-archivo,1
2019-12-27T06:00:00,357120,Villarrica,VIIRS375,0.04107,0.84,1,muy baja,2026-10-05T18:06:10,mirova-archivo,1
2019-12-29T05:24:00,357120,Villarrica,VIIRS375,3.476,1.55,1,baja,2026-10-05T18:06:10,mirova-archivo,1
2019-12-29T05:50:00,357120,Villarrica,MODIS,1.636,1.00,1,baja,2026-10-05T18:06:10,mirova-archivo,1
2019-12-30T05:54:00,357120,Villarrica,VIIRS375,4.479,0.84,1,baja,2026-10-05T18:06:10,mirova-archivo,1
2019-12-31T05:36:00,357120,Villarrica,VIIRS375,3.306,1.35,1,baja,2026-10-05T18:06:10,mirova-archivo,1
2020-01-01T05:18:00,357120,Villarrica,VIIRS375,4.251,2.02,1,baja,2026-10-05T18:06:10,mirova-archivo,1
2020-01-02T05:48:00,357120,Villarrica,VIIRS375,0.08872,0.38,1,muy baja,2026-10-05T18:06:10,mirova-archivo,1
2020-01-03T05:30:00,357120,Villarrica,VIIRS375,6.032,1.06,1,baja,2026-10-05T18:06:10,mirova-archivo,1
2020-01-03T06:10:00,357120,Villarrica,MODIS,0.1893,0.00,1,muy baja,2026-10-05T18:06:10,mirova-archivo,1
2020-01-04T06:00:00,357120,Villarrica,VIIRS375,0.1218,0.84,1,muy baja,2026-10-05T18:06:10,mirova-archivo,1
2020-01-05T05:42:00,357120,Villarrica,VIIRS375,2.804,1.06,1,baja,2026-10-05T18:06:10,mirova-archivo,1
2020-01-11T03:40:00,357120,Villarrica,MODIS,1.876,1.00,1,baja,2026-10-05T18:06:10,mirova-archivo,1
2020-01-11T04:42:00,357120,Villarrica,VIIRS375,3.476,23.43,0,no volcanica,2026-10-05T18:06:10,mirova-archivo,0
2020-01-11T05:30:00,357120,Villarrica,VIIRS375,4.088,1.35,1,baja,2026-10-05T18:06:10,mirova-archivo,1
2020-01-12T05:12:00,357120,Villarrica,VIIRS375,0.1081,1.68,1,muy baja,2026-10-05T18:06:10,mirova-archivo,1
2020-01-12T06:00:00,357120,Villarrica,MODIS,0.7822,1.00,1,muy baja,2026-10-05T18:06:10,mirova-archivo,1
2020-01-13T03:25:00,357120,Villarrica,MODIS,1.722,1.41,1,baja,2026-10-05T18:06:10,mirova-archivo,1
2020-01-13T05:42:00,357120,Villarrica,VIIRS375,3.342,0.84,1,baja,2026-10-05T18:06:10,mirova-archivo,1
2020-01-14T05:24:00,357120,Villarrica,VIIRS375,4.503,1.06,1,baja,2026-10-05T18:06:10,mirova-archivo,1
2020-01-14T05:50:00,357120,Villarrica,MODIS,1.958,1.41,1,baja,2026-10-05T18:06:10,mirova-archivo,1
2020-01-15T05:54:00,357120,Villarrica,VIIRS375,2.806,1.06,1,baja,2026-10-05T18:06:10,mirova-archivo,1
2020-01-16T05:36:00,357120,Villarrica,VIIRS375,3.301,1.35,1,baja,2026-10-05T18:06:10,mirova-archivo,1
2020-01-17T05:18:00,357120,Villarrica,VIIRS375,0.2289,0.84,1,muy baja,2026-10-05T18:06:10,mirova-archivo,1
2020-01-18T03:45:00,357120,Villarrica,MODIS,0.9465,1.00,1,muy baja,2026-10-05T18:06:10,mirova-archivo,1
2020-01-18T05:48:00,357120,Villarrica,VIIRS375,3.394,0.84,1,baja,2026-10-05T18:06:10,mirova-archivo,1
2020-01-19T05:30:00,357120,Villarrica,VIIRS375,2.751,1.06,1,baja,2026-10-05T18:06:10,mirova-archivo,1
2020-01-20T03:35:00,357120,Villarrica,MODIS,0.8115,1.00,1,muy baja,2026-10-05T18:06:10,mirova-archivo,1
2020-01-20T05:12:00,357120,Villarrica,VIIRS375,0.06872,0.84,1,muy baja,2026-10-05T18:06:10,mirova-archivo,1
2020-01-21T05:42:00,357120,Villarrica,VIIRS375,3.198,1.19,1,baja,2026-10-05T18:06:10,mirova-archivo,1
2020-01-21T05:55:00,357120,Villarrica,MODIS,0.418,1.00,1,muy baja,2026-10-05T18:06:10,mirova-archivo,1
2020-01-22T05:24:00,357120,Villarrica,VIIRS375,4.551,1.19,1,baja,2026-10-05T18:06:10,mirova-archivo,1
2020-01-23T05:45:00,357120,Villarrica,MODIS,1.39,1.00,1,baja,2026-10-05T18:06:10,mirova-archivo,1
2020-01-23T05:54:00,357120,Villarrica,VIIRS375,5.508,1.06,1,baja,2026-10-05T18:06:10,mirova-archivo,1
2020-01-24T05:36:00,357120,Villarrica,VIIRS375,6.2,1.35,1,baja,2026-10-05T18:06:10,mirova-archivo,1
2020-01-25T03:50:00,357120,Villarrica,MODIS,0.8885,1.00,1,muy baja,2026-10-05T18:06:10,mirova-archivo,1
2020-01-26T05:48:00,357120,Villarrica,VIIRS375,0.212,0.84,1,muy baja,2026-10-05T18:06:10,mirova-archivo,1
2020-01-27T03:40:00,357120,Villarrica,MODIS,1.594,1.00,1,baja,2026-10-05T18:06:10,mirova-archivo,1
2020-01-27T05:30:00,357120,Villarrica,VIIRS375,2.517,0.84,1,baja,2026-10-05T18:06:10,mirova-archivo,1
2020-01-29T05:42:00,357120,Villarrica,VIIRS375,5.394,0.84,1,baja,2026-10-05T18:06:10,mirova-archivo,1
2020-01-30T05:24:00,357120,Villarrica,VIIRS375,3.44,1.06,1,baja,2026-10-05T18:06:10,mirova-archivo,1
2020-01-30T05:50:00,357120,Villarrica,MODIS,0.6552,1.41,1,muy baja,2026-10-05T18:06:10,mirova-archivo,1
2020-01-31T05:54:00,357120,Villarrica,VIIRS375,1.62,0.84,1,baja,2026-10-05T18:06:10,mirova-archivo,1
2020-02-01T05:36:00,357120,Villarrica,VIIRS375,4.995,1.19,1,baja,2026-10-05T18:06:10,mirova-archivo,1
2020-02-01T05:40:00,357120,Villarrica,MODIS,0.4544,1.41,1,muy baja,2026-10-05T18:06:10,mirova-archivo,1
2020-02-02T05:18:00,357120,Villarrica,VIIRS375,0.8418,1.19,1,muy baja,2026-10-05T18:06:10,mirova-archivo,1
2020-02-05T05:12:00,357120,Villarrica,VIIRS375,0.04765,0.84,1,muy baja,2026-10-05T18:06:10,mirova-archivo,1
2020-02-06T05:42:00,357120,Villarrica,VIIRS375,0.4644,0.84,1,muy baja,2026-10-05T18:06:10,mirova-archivo,1
2020-02-07T05:24:00,357120,Villarrica,VIIRS375,2.56,1.19,1,baja,2026-10-05T18:06:10,mirova-archivo,1
2020-02-08T05:45:00,357120,Villarrica,MODIS,1.452,1.00,1,baja,2026-10-05T18:06:10,mirova-archivo,1
2020-02-08T05:54:00,357120,Villarrica,VIIRS375,5.44,0.84,1,baja,2026-10-05T18:06:10,mirova-archivo,1
2020-02-09T05:36:00,357120,Villarrica,VIIRS375,3.266,1.06,1,baja,2026-10-05T18:06:10,mirova-archivo,1
2020-02-10T05:18:00,357120,Villarrica,VIIRS375,0.1205,0.84,1,muy baja,2026-10-05T18:06:10,mirova-archivo,1
2020-02-11T05:48:00,357120,Villarrica,VIIRS375,0.8838,0.84,1,muy baja,2026-10-05T18:06:10,mirova-archivo,1
2020-02-13T05:12:00,357120,Villarrica,VIIRS375,0.1638,1.19,1,muy baja,2026-10-05T18:06:10,mirova-archivo,1
2020-02-14T05:42:00,357120,Villarrica,VIIRS375,4.54,0.84,1,baja,2026-10-05T18:06:10,mirova-archivo,1
2020-02-15T05:24:00,357120,Villarrica,VIIRS375,1.469,0.84,1,baja,2026-10-05T18:06:10,mirova-archivo,1
2020-02-15T05:50:00,357120,Villarrica,MODIS,0.5233,0.00,1,muy baja,2026-10-05T18:06:10,mirova-archivo,1
2020-02-19T05:48:00,357120,Villarrica,VIIRS375,1.619,0.84,1,baja,2026-10-05T18:06:10,mirova-archivo,1
2020-02-20T05:30:00,357120,Villarrica,VIIRS375,4.058,0.84,1,baja,2026-10-05T18:06:10,mirova-archivo,1
2020-02-21T05:12:00,357120,Villarrica,VIIRS375,0.6453,1.19,1,muy baja,2026-10-05T18:06:10,mirova-archivo,1
2020-02-22T05:42:00,357120,Villarrica,VIIRS375,3.728,0.84,1,baja,2026-10-05T18:06:10,mirova-archivo,1
2020-02-22T05:55:00,357120,Villarrica,MODIS,0.8144,0.00,1,muy baja,2026-10-05T18:06:10,mirova-archivo,1
2020-02-23T05:24:00,357120,Villarrica,VIIRS375,2.388,1.19,1,baja,2026-10-05T18:06:10,mirova-archivo,1
2020-02-24T05:54:00,357120,Villarrica,VIIRS375,0.422,1.06,1,muy baja,2026-10-05T18:06:10,mirova-archivo,1
2020-02-25T05:36:00,357120,Villarrica,VIIRS375,3.044,0.84,1,baja,2026-10-05T18:06:10,mirova-archivo,1
2020-02-27T05:48:00,357120,Villarrica,VIIRS375,4.854,1.06,1,baja,2026-10-05T18:06:10,mirova-archivo,1
2020-02-28T03:40:00,357120,Villarrica,MODIS,3.456,1.41,1,baja,2026-10-05T18:06:10,mirova-archivo,1
2020-02-28T04:42:00,357120,Villarrica,VIIRS375,0.02279,1.50,0,no volcanica,2026-10-05T18:06:10,mirova-archivo,0
2020-02-28T05:30:00,357120,Villarrica,VIIRS375,3.366,1.06,1,baja,2026-10-05T18:06:10,mirova-archivo,1
2020-02-29T05:12:00,357120,Villarrica,VIIRS375,0.5189,1.19,1,muy baja,2026-10-05T18:06:10,mirova-archivo,1
2020-03-01T05:42:00,357120,Villarrica,VIIRS375,3.11,1.06,1,baja,2026-10-05T18:06:10,mirova-archivo,1
2020-03-02T05:24:00,357120,Villarrica,VIIRS375,1.986,1.35,1,baja,2026-10-05T18:06:10,mirova-archivo,1
2020-03-02T05:50:00,357120,Villarrica,MODIS,0.6647,1.00,1,muy baja,2026-10-05T18:06:10,mirova-archivo,1
2020-03-03T05:54:00,357120,Villarrica,VIIRS375,2.483,1.06,1,baja,2026-10-05T18:06:10,mirova-archivo,1
2020-03-04T05:36:00,357120,Villarrica,VIIRS375,3.287,1.06,1,baja,2026-10-05T18:06:10,mirova-archivo,1
2020-03-04T05:40:00,357120,Villarrica,MODIS,0.1726,0.00,1,muy baja,2026-10-05T18:06:10,mirova-archivo,1
2020-03-05T05:18:00,357120,Villarrica,VIIRS375,0.5871,1.06,1,muy baja,2026-10-05T18:06:10,mirova-archivo,1
2020-03-06T03:45:00,357120,Villarrica,MODIS,0.2831,1.00,1,muy baja,2026-10-05T18:06:10,mirova-archivo,1
2020-03-06T05:48:00,357120,Villarrica,VIIRS375,2.439,1.06,1,baja,2026-10-05T18:06:10,mirova-archivo,1
2020-03-09T05:42:00,357120,Villarrica,VIIRS375,2.528,0.84,1,baja,2026-10-05T18:06:10,mirova-archivo,1
2020-03-10T05:24:00,357120,Villarrica,VIIRS375,1.221,0.84,1,baja,2026-10-05T18:06:10,mirova-archivo,1
2020-03-14T05:48:00,357120,Villarrica,VIIRS375,3.111,1.06,1,baja,2026-10-05T18:06:10,mirova-archivo,1
2020-03-15T05:30:00,357120,Villarrica,VIIRS375,2.343,1.06,1,baja,2026-10-05T18:06:10,mirova-archivo,1
2020-03-19T05:54:00,357120,Villarrica,VIIRS375,1.139,1.06,1,baja,2026-10-05T18:06:10,mirova-archivo,1
2020-03-20T05:36:00,357120,Villarrica,VIIRS375,2.597,0.84,1,baja,2026-10-05T18:06:10,mirova-archivo,1
2020-03-21T05:18:00,357120,Villarrica,VIIRS375,0.0271,1.19,1,muy baja,2026-10-05T18:06:10,mirova-archivo,1
2020-03-25T05:42:00,357120,Villarrica,VIIRS375,2.053,0.84,1,baja,2026-10-05T18:06:10,mirova-archivo,1
2020-03-26T05:24:00,357120,Villarrica,VIIRS375,1.413,1.19,1,baja,2026-10-05T18:06:10,mirova-archivo,1
2020-03-29T05:18:00,357120,Villarrica,VIIRS375,0.1847,1.55,1,muy baja,2026-10-05T18:06:10,mirova-archivo,1
2020-03-30T05:48:00,357120,Villarrica,VIIRS375,2.953,1.06,1,baja,2026-10-05T18:06:10,mirova-archivo,1
2020-03-31T03:40:00,357120,Villarrica,MODIS,0.4877,1.00,1,muy baja,2026-10-05T18:06:10,mirova-archivo,1
2020-03-31T05:30:00,357120,Villarrica,VIIRS375,2.597,1.35,1,baja,2026-10-05T18:06:10,mirova-archivo,1
2020-04-02T05:42:00,357120,Villarrica,VIIRS375,2.002,1.06,1,baja,2026-10-05T18:06:10,mirova-archivo,1
2020-04-03T05:24:00,357120,Villarrica,VIIRS375,2.387,1.35,1,baja,2026-10-05T18:06:10,mirova-archivo,1
2020-04-04T05:54:00,357120,Villarrica,VIIRS375,0.8021,0.84,1,muy baja,2026-10-05T18:06:10,mirova-archivo,1
2020-04-05T05:36:00,357120,Villarrica,VIIRS375,1.825,1.06,1,baja,2026-10-05T18:06:10,mirova-archivo,1
2020-04-06T05:18:00,357120,Villarrica,VIIRS375,0.0435,0.84,1,muy baja,2026-10-05T18:06:10,mirova-archivo,1
2020-04-07T03:45:00,357120,Villarrica,MODIS,0.4881,1.00,1,muy baja,2026-10-05T18:06:10,mirova-archivo,1
2020-04-07T05:48:00,357120,Villarrica,VIIRS375,1.83,0.84,1,baja,2026-10-05T18:06:10,mirova-archivo,1
2020-04-08T05:30:00,357120,Villarrica,VIIRS375,3.086,1.19,1,baja,2026-10-05T18:06:10,mirova-archivo,1
2020-04-10T05:42:00,357120,Villarrica,VIIRS375,2.945,1.19,1,baja,2026-10-05T18:06:10,mirova-archivo,1
2020-04-10T05:55:00,357120,Villarrica,MODIS,0.8755,1.00,1,muy baja,2026-10-05T18:06:10,mirova-archivo,1
2020-04-12T05:54:00,357120,Villarrica,VIIRS375,2.13,1.06,1,baja,2026-10-05T18:06:10,mirova-archivo,1
2020-04-13T05:36:00,357120,Villarrica,VIIRS375,2.714,1.06,1,baja,2026-10-05T18:06:10,mirova-archivo,1
2020-04-14T03:50:00,357120,Villarrica,MODIS,0.576,1.00,1,muy baja,2026-10-05T18:06:10,mirova-archivo,1
2020-04-14T05:18:00,357120,Villarrica,VIIRS375,0.03062,0.75,1,muy baja,2026-10-05T18:06:10,mirova-archivo,1
2020-04-20T05:06:00,357120,Villarrica,VIIRS375,0.04002,1.19,1,muy baja,2026-10-05T18:06:10,mirova-archivo,1
2020-04-20T05:54:00,357120,Villarrica,VIIRS375,0.5972,0.84,1,muy baja,2026-10-05T18:06:10,mirova-archivo,1
2020-04-21T04:48:00,357120,Villarrica,VIIRS375,0.2673,6.84,0,no volcanica,2026-10-05T18:06:10,mirova-archivo,0
2020-04-21T05:36:00,357120,Villarrica,VIIRS375,1.888,1.19,1,baja,2026-10-05T18:06:10,mirova-archivo,1
2020-04-22T05:18:00,357120,Villarrica,VIIRS375,0.8369,1.19,1,muy baja,2026-10-05T18:06:10,mirova-archivo,1
2020-04-25T06:54:00,357120,Villarrica,VIIRS375,0.02545,2.02,1,muy baja,2026-10-05T18:06:10,mirova-archivo,1
2020-04-26T05:42:00,357120,Villarrica,VIIRS375,0.4288,14.87,0,no volcanica,2026-10-05T18:06:10,mirova-archivo,0
2020-04-29T05:36:00,357120,Villarrica,VIIRS375,3.116,1.19,1,baja,2026-10-05T18:06:10,mirova-archivo,1
2020-05-01T05:48:00,357120,Villarrica,VIIRS375,1.701,1.06,1,baja,2026-10-05T18:06:10,mirova-archivo,1
2020-05-02T05:30:00,357120,Villarrica,VIIRS375,3.211,0.84,1,baja,2026-10-05T18:06:10,mirova-archivo,1
2020-05-05T04:36:00,357120,Villarrica,VIIRS375,0.3728,23.98,0,no volcanica,2026-10-05T18:06:10,mirova-archivo,0
2020-05-05T05:24:00,357120,Villarrica,VIIRS375,4.79,1.19,1,baja,2026-10-05T18:06:10,mirova-archivo,1
2020-05-05T05:50:00,357120,Villarrica,MODIS,1.994,1.00,1,baja,2026-10-05T18:06:10,mirova-archivo,1
2020-05-06T05:54:00,357120,Villarrica,VIIRS375,3.678,1.12,1,baja,2026-10-05T18:06:10,mirova-archivo,1
2020-05-07T05:36:00,357120,Villarrica,VIIRS375,3.591,1.06,1,baja,2026-10-05T18:06:10,mirova-archivo,1
2020-05-07T05:40:00,357120,Villarrica,MODIS,1.191,1.00,1,baja,2026-10-05T18:06:10,mirova-archivo,1
2020-05-07T06:24:00,357120,Villarrica,VIIRS375,1.269,9.46,0,no volcanica,2026-10-05T18:06:10,mirova-archivo,0
2020-05-12T05:42:00,357120,Villarrica,VIIRS375,3.72,1.06,1,baja,2026-10-05T18:06:10,mirova-archivo,1
2020-05-12T05:55:00,357120,Villarrica,MODIS,2.141,1.00,1,baja,2026-10-05T18:06:10,mirova-archivo,1
2020-05-13T05:24:00,357120,Villarrica,VIIRS375,0.5187,1.19,1,muy baja,2026-10-05T18:06:10,mirova-archivo,1
2020-05-14T05:54:00,357120,Villarrica,VIIRS375,0.5821,12.93,0,no volcanica,2026-10-05T18:06:10,mirova-archivo,0
2020-05-16T03:50:00,357120,Villarrica,MODIS,0.5801,1.00,1,muy baja,2026-10-05T18:06:10,mirova-archivo,1
2020-05-17T05:48:00,357120,Villarrica,VIIRS375,3.442,0.84,1,baja,2026-10-05T18:06:10,mirova-archivo,1
2020-05-22T05:54:00,357120,Villarrica,VIIRS375,3.901,9.56,0,fuera de radio,2026-10-05T18:06:10,mirova-archivo,1
2020-05-23T05:36:00,357120,Villarrica,VIIRS375,2.629,1.06,1,baja,2026-10-05T18:06:10,mirova-archivo,1
2020-05-25T03:45:00,357120,Villarrica,MODIS,2.121,2.00,1,baja,2026-10-05T18:06:10,mirova-archivo,1
2020-05-25T05:48:00,357120,Villarrica,VIIRS375,3.172,0.84,1,baja,2026-10-05T18:06:10,mirova-archivo,1
2020-05-26T05:30:00,357120,Villarrica,VIIRS375,3.58,0.84,1,baja,2026-10-05T18:06:10,mirova-archivo,1
2020-05-28T05:55:00,357120,Villarrica,MODIS,1.054,1.00,1,baja,2026-10-05T18:06:10,mirova-archivo,1
2020-05-29T05:24:00,357120,Villarrica,VIIRS375,2.768,0.84,1,baja,2026-10-05T18:06:10,mirova-archivo,1
2020-05-30T05:06:00,357120,Villarrica,VIIRS375,0.03017,0.84,1,muy baja,2026-10-05T18:06:10,mirova-archivo,1
2020-05-30T05:45:00,357120,Villarrica,MODIS,3.817,1.41,1,baja,2026-10-05T18:06:10,mirova-archivo,1
2020-05-30T05:54:00,357120,Villarrica,VIIRS375,0.4266,0.84,1,muy baja,2026-10-05T18:06:10,mirova-archivo,1
2020-05-31T05:36:00,357120,Villarrica,VIIRS375,3.573,1.35,1,baja,2026-10-05T18:06:10,mirova-archivo,1
2020-06-01T03:50:00,357120,Villarrica,MODIS,1.725,1.00,1,baja,2026-10-05T18:06:10,mirova-archivo,1
2020-06-01T05:18:00,357120,Villarrica,VIIRS375,0.5215,1.06,1,muy baja,2026-10-05T18:06:10,mirova-archivo,1
2020-06-02T05:00:00,357120,Villarrica,VIIRS375,0.1518,26.34,0,no volcanica,2026-10-05T18:06:10,mirova-archivo,0
2020-06-03T05:30:00,357120,Villarrica,VIIRS375,0.2403,24.07,0,no volcanica,2026-10-05T18:06:10,mirova-archivo,0
2020-06-04T05:12:00,357120,Villarrica,VIIRS375,0.8467,20.76,0,no volcanica,2026-10-05T18:06:10,mirova-archivo,0
2020-06-04T06:00:00,357120,Villarrica,MODIS,2.658,1.41,1,baja,2026-10-05T18:06:10,mirova-archivo,1
2020-06-04T06:00:00,357120,Villarrica,VIIRS375,0.04139,0.53,1,muy baja,2026-10-05T18:06:10,mirova-archivo,1
2020-06-05T03:25:00,357120,Villarrica,MODIS,1.023,1.41,1,baja,2026-10-05T18:06:10,mirova-archivo,1
2020-06-05T04:54:00,357120,Villarrica,VIIRS375,0.2886,2.37,1,muy baja,2026-10-05T18:06:10,mirova-archivo,1
2020-06-05T05:42:00,357120,Villarrica,VIIRS375,2.257,1.19,1,baja,2026-10-05T18:06:10,mirova-archivo,1
2020-06-06T05:24:00,357120,Villarrica,VIIRS375,2.77,1.19,1,baja,2026-10-05T18:06:10,mirova-archivo,1
2020-06-06T05:50:00,357120,Villarrica,MODIS,1.213,1.41,1,baja,2026-10-05T18:06:10,mirova-archivo,1
2020-06-12T06:00:00,357120,Villarrica,VIIRS375,0.2193,21.58,0,no volcanica,2026-10-05T18:06:10,mirova-archivo,0
2020-06-14T05:24:00,357120,Villarrica,VIIRS375,2.078,1.35,1,baja,2026-10-05T18:06:10,mirova-archivo,1
2020-06-15T05:54:00,357120,Villarrica,VIIRS375,0.4082,0.84,1,muy baja,2026-10-05T18:06:10,mirova-archivo,1
2020-07-06T05:12:00,357120,Villarrica,VIIRS375,0.1127,1.19,1,muy baja,2026-10-05T18:06:10,mirova-archivo,1
2020-07-06T06:00:00,357120,Villarrica,VIIRS375,0.02031,0.53,1,muy baja,2026-10-05T18:06:10,mirova-archivo,1
2020-07-07T05:42:00,357120,Villarrica,VIIRS375,1.667,0.84,1,baja,2026-10-05T18:06:10,mirova-archivo,1
2020-07-13T05:30:00,357120,Villarrica,VIIRS375,0.05211,0.84,1,muy baja,2026-10-05T18:06:10,mirova-archivo,1
2020-07-19T06:06:00,357120,Villarrica,VIIRS375,0.5761,18.06,0,no volcanica,2026-10-05T18:06:10,mirova-archivo,0
2020-07-28T03:45:00,357120,Villarrica,MODIS,2.603,1.41,1,baja,2026-10-05T18:06:10,mirova-archivo,1
2020-07-28T05:48:00,357120,Villarrica,VIIRS375,3.52,1.06,1,baja,2026-10-05T18:06:10,mirova-archivo,1
2020-07-29T05:30:00,357120,Villarrica,VIIRS375,1.191,1.35,1,baja,2026-10-05T18:06:10,mirova-archivo,1
2020-07-30T03:35:00,357120,Villarrica,MODIS,1.89,2.00,1,baja,2026-10-05T18:06:10,mirova-archivo,1
2020-08-03T05:36:00,357120,Villarrica,VIIRS375,2.227,1.19,1,baja,2026-10-05T18:06:10,mirova-archivo,1
2020-08-07T06:00:00,357120,Villarrica,MODIS,0.2745,0.00,1,muy baja,2026-10-05T18:06:10,mirova-archivo,1
2020-08-08T05:42:00,357120,Villarrica,VIIRS375,0.1474,0.84,1,muy baja,2026-10-05T18:06:10,mirova-archivo,1
2020-08-09T05:24:00,357120,Villarrica,VIIRS375,0.2545,0.84,1,muy baja,2026-10-05T18:06:10,mirova-archivo,1
2020-08-09T05:50:00,357120,Villarrica,MODIS,1.969,1.00,1,baja,2026-10-05T18:06:10,mirova-archivo,1
2020-08-12T06:06:00,357120,Villarrica,VIIRS375,0.3529,26.32,0,no volcanica,2026-10-05T18:06:10,mirova-archivo,0
2020-08-14T04:42:00,357120,Villarrica,VIIRS375,0.01753,2.86,0,no volcanica,2026-10-05T18:06:10,mirova-archivo,0
2020-08-19T05:36:00,357120,Villarrica,VIIRS375,0.2899,1.35,1,muy baja,2026-10-05T18:06:10,mirova-archivo,1
2020-08-21T05:48:00,357120,Villarrica,VIIRS375,3.529,1.06,1,baja,2026-10-05T18:06:10,mirova-archivo,1
2020-08-22T05:30:00,357120,Villarrica,VIIRS375,1.875,0.84,1,baja,2026-10-05T18:06:10,mirova-archivo,1
2020-08-30T05:30:00,357120,Villarrica,VIIRS375,0.08002,0.84,1,muy baja,2026-10-05T18:06:10,mirova-archivo,1
2020-08-31T03:35:00,357120,Villarrica,MODIS,0.9136,2.00,1,muy baja,2026-10-05T18:06:10,mirova-archivo,1
2020-09-01T05:42:00,357120,Villarrica,VIIRS375,1.103,0.84,1,baja,2026-10-05T18:06:10,mirova-archivo,1
2020-09-04T05:36:00,357120,Villarrica,VIIRS375,0.403,1.35,1,muy baja,2026-10-05T18:06:10,mirova-archivo,1
2020-09-05T03:50:00,357120,Villarrica,MODIS,0.38,1.00,1,muy baja,2026-10-05T18:06:10,mirova-archivo,1
2020-09-06T05:48:00,357120,Villarrica,VIIRS375,1.904,1.06,1,baja,2026-10-05T18:06:10,mirova-archivo,1
2020-09-07T05:30:00,357120,Villarrica,VIIRS375,3.517,1.35,1,baja,2026-10-05T18:06:10,mirova-archivo,1
2020-09-08T06:00:00,357120,Villarrica,VIIRS375,0.237,25.60,0,no volcanica,2026-10-05T18:06:10,mirova-archivo,0
2020-09-11T05:06:00,357120,Villarrica,VIIRS375,0.294,25.66,0,no volcanica,2026-10-05T18:06:10,mirova-archivo,0
2020-09-13T04:30:00,357120,Villarrica,VIIRS375,0.829,13.17,0,no volcanica,2026-10-05T18:06:10,mirova-archivo,0
2020-09-14T03:45:00,357120,Villarrica,MODIS,1.314,1.00,1,baja,2026-10-05T18:06:10,mirova-archivo,1
2020-09-14T05:48:00,357120,Villarrica,VIIRS375,3.092,1.19,1,baja,2026-10-05T18:06:10,mirova-archivo,1
2020-09-15T05:30:00,357120,Villarrica,VIIRS375,2.446,1.06,1,baja,2026-10-05T18:06:10,mirova-archivo,1
2020-09-18T05:24:00,357120,Villarrica,VIIRS375,0.1994,0.84,1,muy baja,2026-10-05T18:06:10,mirova-archivo,1
2020-09-19T05:45:00,357120,Villarrica,MODIS,0.695,1.00,1,muy baja,2026-10-05T18:06:10,mirova-archivo,1
2020-09-19T05:54:00,357120,Villarrica,VIIRS375,0.4142,0.84,1,muy baja,2026-10-05T18:06:10,mirova-archivo,1
2020-09-20T05:36:00,357120,Villarrica,VIIRS375,2.83,1.19,1,baja,2026-10-05T18:06:10,mirova-archivo,1
2020-09-21T03:50:00,357120,Villarrica,MODIS,0.8791,1.00,1,muy baja,2026-10-05T18:06:10,mirova-archivo,1
2020-09-21T05:18:00,357120,Villarrica,VIIRS375,0.04999,1.19,1,muy baja,2026-10-05T18:06:10,mirova-archivo,1
2020-09-22T05:48:00,357120,Villarrica,VIIRS375,2.925,1.35,1,baja,2026-10-05T18:06:10,mirova-archivo,1
2020-09-23T03:40:00,357120,Villarrica,MODIS,0.9751,1.41,1,muy baja,2026-10-05T18:06:10,mirova-archivo,1
2020-09-23T05:30:00,357120,Villarrica,VIIRS375,3.826,1.35,1,baja,2026-10-05T18:06:10,mirova-archivo,1
2020-09-24T06:00:00,357120,Villarrica,MODIS,1.787,1.41,1,baja,2026-10-05T18:06:10,mirova-archivo,1
2020-09-25T05:42:00,357120,Villarrica,VIIRS375,2.447,1.19,1,baja,2026-10-05T18:06:10,mirova-archivo,1
2020-09-26T05:24:00,357120,Villarrica,VIIRS375,0.8297,1.19,1,muy baja,2026-10-05T18:06:10,mirova-archivo,1
2020-09-26T05:50:00,357120,Villarrica,MODIS,6.266,1.41,1,baja,2026-10-05T18:06:10,mirova-archivo,1
2020-09-27T05:54:00,357120,Villarrica,VIIRS375,0.5834,0.84,1,muy baja,2026-10-05T18:06:10,mirova-archivo,1
2020-09-28T05:36:00,357120,Villarrica,VIIRS750,5.863,1.68,1,baja,2026-10-05T18:06:10,mirova-archivo,1
2020-10-04T05:24:00,357120,Villarrica,VIIRS375,0.4139,1.19,1,muy baja,2026-10-05T18:06:10,mirova-archivo,1
2020-10-05T05:45:00,357120,Villarrica,MODIS,0.6439,1.00,1,muy baja,2026-10-05T18:06:10,mirova-archivo,1
2020-10-05T05:54:00,357120,Villarrica,VIIRS375,0.2501,1.06,1,muy baja,2026-10-05T18:06:10,mirova-archivo,1
2020-10-09T05:30:00,357120,Villarrica,VIIRS375,0.1983,1.06,1,muy baja,2026-10-05T18:06:10,mirova-archivo,1
2020-10-11T05:42:00,357120,Villarrica,VIIRS375,3.171,0.84,1,baja,2026-10-05T18:06:10,mirova-archivo,1
2020-10-13T05:54:00,357120,Villarrica,VIIRS375,0.1529,0.84,1,muy baja,2026-10-05T18:06:10,mirova-archivo,1
2020-10-14T05:36:00,357120,Villarrica,VIIRS375,0.1558,0.84,1,muy baja,2026-10-05T18:06:10,mirova-archivo,1
2020-10-16T03:45:00,357120,Villarrica,MODIS,2.385,1.41,1,baja,2026-10-05T18:06:10,mirova-archivo,1
2020-10-16T05:48:00,357120,Villarrica,VIIRS375,3.652,1.88,1,baja,2026-10-05T18:06:10,mirova-archivo,1
2020-10-20T05:24:00,357120,Villarrica,VIIRS375,0.02726,0.84,1,muy baja,2026-10-05T18:06:10,mirova-archivo,1
2020-10-21T05:54:00,357120,Villarrica,VIIRS375,0.08376,0.53,1,muy baja,2026-10-05T18:06:10,mirova-archivo,1
2020-10-22T05:36:00,357120,Villarrica,VIIRS375,3.459,1.06,1,baja,2026-10-05T18:06:10,mirova-archivo,1
2020-10-23T03:50:00,357120,Villarrica,MODIS,0.4375,1.00,1,muy baja,2026-10-05T18:06:10,mirova-archivo,1
2020-10-24T05:48:00,357120,Villarrica,VIIRS375,0.666,0.84,1,muy baja,2026-10-05T18:06:10,mirova-archivo,1
2020-11-08T03:50:00,357120,Villarrica,MODIS,23.75,2.24,1,moderada,2026-10-05T18:06:10,mirova-archivo,1
2020-11-08T05:18:00,357120,Villarrica,VIIRS750,12.64,1.68,1,moderada,2026-10-05T18:06:10,mirova-archivo,1
2020-11-08T05:30:00,357120,Villarrica,MODIS,1.5,1.41,1,baja,2026-10-05T18:06:10,mirova-archivo,1
2020-11-08T06:06:00,357120,Villarrica,VIIRS750,6.904,1.06,1,baja,2026-10-05T18:06:10,mirova-archivo,1
2020-11-09T05:48:00,357120,Villarrica,VIIRS375,0.1904,0.84,1,muy baja,2026-10-05T18:06:10,mirova-archivo,1
2020-11-09T06:36:00,357120,Villarrica,VIIRS375,0.351,1.19,1,muy baja,2026-10-05T18:06:10,mirova-archivo,1
2020-11-10T03:40:00,357120,Villarrica,MODIS,1.289,1.41,1,baja,2026-10-05T18:06:10,mirova-archivo,1
2020-11-10T05:30:00,357120,Villarrica,VIIRS375,2.378,1.06,1,baja,2026-10-05T18:06:10,mirova-archivo,1
2020-11-10T06:18:00,357120,Villarrica,VIIRS375,0.2047,0.84,1,muy baja,2026-10-05T18:06:10,mirova-archivo,1
2020-11-11T05:12:00,357120,Villarrica,VIIRS375,2.909,2.02,1,baja,2026-10-05T18:06:10,mirova-archivo,1
2020-11-11T06:00:00,357120,Villarrica,MODIS,1.252,1.00,1,baja,2026-10-05T18:06:10,mirova-archivo,1
2020-11-11T06:00:00,357120,Villarrica,VIIRS375,2.023,0.84,1,baja,2026-10-05T18:06:10,mirova-archivo,1
2020-11-12T03:25:00,357120,Villarrica,MODIS,1.568,2.00,1,baja,2026-10-05T18:06:10,mirova-archivo,1
2020-11-12T05:42:00,357120,Villarrica,VIIRS375,3.114,1.06,1,baja,2026-10-05T18:06:10,mirova-archivo,1
2020-11-14T05:54:00,357120,Villarrica,VIIRS375,0.05846,0.84,1,muy baja,2026-10-05T18:06:10,mirova-archivo,1
2020-11-15T04:00:00,357120,Villarrica,MODIS,0.9,1.00,1,muy baja,2026-10-05T18:06:10,mirova-archivo,1
2020-11-15T05:36:00,357120,Villarrica,VIIRS375,3.177,1.06,1,baja,2026-10-05T18:06:10,mirova-archivo,1
2020-11-16T05:18:00,357120,Villarrica,VIIRS375,0.07696,0.84,1,muy baja,2026-10-05T18:06:10,mirova-archivo,1
2020-11-16T06:06:00,357120,Villarrica,VIIRS375,3.095,0.84,1,baja,2026-10-05T18:06:10,mirova-archivo,1
2020-11-16T06:20:00,357120,Villarrica,MODIS,0.3487,0.00,1,muy baja,2026-10-05T18:06:10,mirova-archivo,1
2020-11-17T03:45:00,357120,Villarrica,MODIS,0.3994,1.00,1,muy baja,2026-10-05T18:06:10,mirova-archivo,1
2020-11-17T05:48:00,357120,Villarrica,VIIRS375,0.9295,0.84,1,muy baja,2026-10-05T18:06:10,mirova-archivo,1
2020-11-18T05:30:00,357120,Villarrica,VIIRS375,1.737,0.84,1,baja,2026-10-05T18:06:10,mirova-archivo,1
2020-11-18T06:10:00,357120,Villarrica,MODIS,0.4628,1.41,1,muy baja,2026-10-05T18:06:10,mirova-archivo,1
2020-11-19T03:35:00,357120,Villarrica,MODIS,0.5028,1.00,1,muy baja,2026-10-05T18:06:10,mirova-archivo,1
2020-11-19T05:12:00,357120,Villarrica,VIIRS375,0.1484,1.19,1,muy baja,2026-10-05T18:06:10,mirova-archivo,1
2020-11-19T06:00:00,357120,Villarrica,VIIRS375,2.851,1.12,1,baja,2026-10-05T18:06:10,mirova-archivo,1
2020-11-20T05:42:00,357120,Villarrica,VIIRS375,0.1532,0.84,1,muy baja,2026-10-05T18:06:10,mirova-archivo,1
2020-11-23T05:36:00,357120,Villarrica,VIIRS375,0.6013,16.96,0,no volcanica,2026-10-05T18:06:10,mirova-archivo,0
2020-11-26T03:40:00,357120,Villarrica,MODIS,0.7309,1.00,1,muy baja,2026-10-05T18:06:10,mirova-archivo,1
2020-11-26T05:30:00,357120,Villarrica,VIIRS375,2.592,1.19,1,baja,2026-10-05T18:06:10,mirova-archivo,1
2020-11-27T05:12:00,357120,Villarrica,VIIRS375,0.5456,1.55,1,muy baja,2026-10-05T18:06:10,mirova-archivo,1
2020-11-27T06:00:00,357120,Villarrica,VIIRS375,0.7283,1.19,1,muy baja,2026-10-05T18:06:10,mirova-archivo,1
2020-11-28T05:42:00,357120,Villarrica,VIIRS375,0.1285,0.84,1,muy baja,2026-10-05T18:06:10,mirova-archivo,1
2020-11-29T05:24:00,357120,Villarrica,VIIRS375,2.029,1.19,1,baja,2026-10-05T18:06:10,mirova-archivo,1
2020-11-29T05:50:00,357120,Villarrica,MODIS,0.5946,0.00,1,muy baja,2026-10-05T18:06:10,mirova-archivo,1
2020-11-29T06:12:00,357120,Villarrica,VIIRS375,0.3652,0.75,1,muy baja,2026-10-05T18:06:10,mirova-archivo,1
2020-11-30T05:54:00,357120,Villarrica,VIIRS375,1.253,1.06,1,baja,2026-10-05T18:06:10,mirova-archivo,1
2020-12-01T05:35:00,357120,Villarrica,MODIS,0.1945,1.00,1,muy baja,2026-10-05T18:06:10,mirova-archivo,1
2020-12-01T05:36:00,357120,Villarrica,VIIRS375,1.888,1.19,1,baja,2026-10-05T18:06:10,mirova-archivo,1
2020-12-03T03:45:00,357120,Villarrica,MODIS,0.4599,1.00,1,muy baja,2026-10-05T18:06:10,mirova-archivo,1
2020-12-03T05:48:00,357120,Villarrica,VIIRS375,1.84,1.06,1,baja,2026-10-05T18:06:10,mirova-archivo,1
2020-12-04T05:30:00,357120,Villarrica,VIIRS375,1.971,1.06,1,baja,2026-10-05T18:06:10,mirova-archivo,1
2020-12-05T03:35:00,357120,Villarrica,MODIS,0.8543,1.00,1,muy baja,2026-10-05T18:06:10,mirova-archivo,1
2020-12-05T05:12:00,357120,Villarrica,VIIRS375,0.3205,1.19,1,muy baja,2026-10-05T18:06:10,mirova-archivo,1
2020-12-05T06:00:00,357120,Villarrica,VIIRS375,1.32,1.19,1,baja,2026-10-05T18:06:10,mirova-archivo,1
2020-12-07T05:24:00,357120,Villarrica,VIIRS375,0.4067,20.16,0,no volcanica,2026-10-05T18:06:10,mirova-archivo,0
2020-12-09T05:36:00,357120,Villarrica,VIIRS375,0.4533,0.84,1,muy baja,2026-10-05T18:06:10,mirova-archivo,1
2020-12-15T05:24:00,357120,Villarrica,VIIRS375,0.1245,0.84,1,muy baja,2026-10-05T18:06:10,mirova-archivo,1
2020-12-16T05:54:00,357120,Villarrica,VIIRS375,4.283,1.06,1,baja,2026-10-05T18:06:10,mirova-archivo,1
2020-12-17T05:36:00,357120,Villarrica,VIIRS375,3.358,1.19,1,baja,2026-10-05T18:06:10,mirova-archivo,1
2020-12-18T06:06:00,357120,Villarrica,VIIRS375,1.765,0.84,1,baja,2026-10-05T18:06:10,mirova-archivo,1
2020-12-19T05:00:00,357120,Villarrica,VIIRS375,0.3082,15.07,0,no volcanica,2026-10-05T18:06:10,mirova-archivo,0
2020-12-20T05:30:00,357120,Villarrica,VIIRS375,1.292,1.35,1,baja,2026-10-05T18:06:10,mirova-archivo,1
2020-12-20T06:10:00,357120,Villarrica,MODIS,0.8434,0.00,1,muy baja,2026-10-05T18:06:10,mirova-archivo,1
2020-12-21T03:35:00,357120,Villarrica,MODIS,0.835,1.00,1,muy baja,2026-10-05T18:06:10,mirova-archivo,1
2020-12-21T05:12:00,357120,Villarrica,VIIRS375,0.03636,0.75,1,muy baja,2026-10-05T18:06:10,mirova-archivo,1
2020-12-21T06:00:00,357120,Villarrica,VIIRS375,4.219,1.19,1,baja,2026-10-05T18:06:10,mirova-archivo,1
2020-12-22T05:42:00,357120,Villarrica,VIIRS375,3.09,1.19,1,baja,2026-10-05T18:06:10,mirova-archivo,1
2020-12-22T05:55:00,357120,Villarrica,MODIS,3.899,1.41,1,baja,2026-10-05T18:06:10,mirova-archivo,1
2020-12-24T05:54:00,357120,Villarrica,VIIRS375,3.019,1.06,1,baja,2026-10-05T18:06:10,mirova-archivo,1
2020-12-25T05:36:00,357120,Villarrica,VIIRS375,5.136,1.06,1,baja,2026-10-05T18:06:10,mirova-archivo,1
2020-12-26T05:18:00,357120,Villarrica,VIIRS375,0.2653,1.19,1,muy baja,2026-10-05T18:06:10,mirova-archivo,1
2020-12-26T06:06:00,357120,Villarrica,VIIRS375,4.446,0.84,1,baja,2026-10-05T18:06:10,mirova-archivo,1
2020-12-27T05:48:00,357120,Villarrica,VIIRS375,4.381,1.19,1,baja,2026-10-05T18:06:10,mirova-archivo,1
2020-12-27T06:15:00,357120,Villarrica,MODIS,1.429,1.00,1,baja,2026-10-05T18:06:10,mirova-archivo,1
2020-12-28T05:30:00,357120,Villarrica,VIIRS375,2.833,1.06,1,baja,2026-10-05T18:06:10,mirova-archivo,1
2020-12-28T06:18:00,357120,Villarrica,VIIRS375,0.3032,0.84,1,muy baja,2026-10-05T18:06:10,mirova-archivo,1
2020-12-29T05:12:00,357120,Villarrica,VIIRS375,0.5225,1.35,1,muy baja,2026-10-05T18:06:10,mirova-archivo,1
2020-12-29T06:00:00,357120,Villarrica,MODIS,6.977,1.41,1,baja,2026-10-05T18:06:10,mirova-archivo,1
2020-12-29T06:00:00,357120,Villarrica,VIIRS375,6.566,1.06,1,baja,2026-10-05T18:06:10,mirova-archivo,1
2020-12-30T05:42:00,357120,Villarrica,VIIRS375,0.2588,0.84,1,muy baja,2026-10-05T18:06:10,mirova-archivo,1
2020-12-31T05:24:00,357120,Villarrica,VIIRS375,0.1215,0.84,1,muy baja,2026-10-05T18:06:10,mirova-archivo,1
2020-12-31T06:12:00,357120,Villarrica,VIIRS375,1.251,0.84,1,baja,2026-10-05T18:06:10,mirova-archivo,1
2021-01-01T05:54:00,357120,Villarrica,VIIRS750,8.382,1.68,1,baja,2026-10-05T18:06:10,mirova-archivo,1
2021-01-02T05:36:00,357120,Villarrica,VIIRS375,5.938,1.06,1,baja,2026-10-05T18:06:10,mirova-archivo,1
2021-01-02T06:24:00,357120,Villarrica,VIIRS375,0.1483,0.53,1,muy baja,2026-10-05T18:06:10,mirova-archivo,1
2021-01-03T04:24:00,357120,Villarrica,VIIRS375,0.01788,2.65,0,no volcanica,2026-10-05T18:06:10,mirova-archivo,0
2021-01-03T05:18:00,357120,Villarrica,VIIRS375,0.1874,1.06,1,muy baja,2026-10-05T18:06:10,mirova-archivo,1
2021-01-03T06:06:00,357120,Villarrica,VIIRS375,0.0701,0.53,1,muy baja,2026-10-05T18:06:10,mirova-archivo,1
2021-01-04T03:45:00,357120,Villarrica,MODIS,4.992,1.00,1,baja,2026-10-05T18:06:10,mirova-archivo,1
2021-01-04T05:48:00,357120,Villarrica,VIIRS750,6.819,1.06,1,baja,2026-10-05T18:06:10,mirova-archivo,1
2021-01-05T05:30:00,357120,Villarrica,VIIRS375,0.9365,1.35,1,muy baja,2026-10-05T18:06:10,mirova-archivo,1
2021-01-05T06:10:00,357120,Villarrica,MODIS,1.857,1.00,1,baja,2026-10-05T18:06:10,mirova-archivo,1
2021-01-06T03:35:00,357120,Villarrica,MODIS,0.5458,1.00,1,muy baja,2026-10-05T18:06:10,mirova-archivo,1
2021-01-06T05:12:00,357120,Villarrica,VIIRS375,0.274,1.55,1,muy baja,2026-10-05T18:06:10,mirova-archivo,1
2021-01-06T06:00:00,357120,Villarrica,VIIRS375,6.266,1.06,1,baja,2026-10-05T18:06:10,mirova-archivo,1
2021-01-08T05:24:00,357120,Villarrica,VIIRS375,0.1602,0.84,1,muy baja,2026-10-05T18:06:10,mirova-archivo,1
2021-01-08T06:12:00,357120,Villarrica,VIIRS375,1.575,1.06,1,baja,2026-10-05T18:06:10,mirova-archivo,1
2021-01-09T05:54:00,357120,Villarrica,VIIRS750,5.624,1.06,1,baja,2026-10-05T18:06:10,mirova-archivo,1
2021-01-12T05:48:00,357120,Villarrica,VIIRS375,5.555,1.06,1,baja,2026-10-05T18:06:10,mirova-archivo,1
2021-01-12T06:15:00,357120,Villarrica,MODIS,2.774,1.41,1,baja,2026-10-05T18:06:10,mirova-archivo,1
2021-01-13T03:40:00,357120,Villarrica,MODIS,4.929,1.41,1,baja,2026-10-05T18:06:10,mirova-archivo,1
2021-01-13T05:30:00,357120,Villarrica,VIIRS375,2.96,0.84,1,baja,2026-10-05T18:06:10,mirova-archivo,1
2021-01-14T06:00:00,357120,Villarrica,MODIS,5.257,1.41,1,baja,2026-10-05T18:06:10,mirova-archivo,1
2021-01-14T06:00:00,357120,Villarrica,VIIRS375,5.08,1.06,1,baja,2026-10-05T18:06:10,mirova-archivo,1
2021-01-15T04:54:00,357120,Villarrica,VIIRS375,1.101,20.30,0,no volcanica,2026-10-05T18:06:10,mirova-archivo,0
2021-01-17T05:54:00,357120,Villarrica,VIIRS750,6.918,1.06,1,baja,2026-10-05T18:06:10,mirova-archivo,1
2021-01-18T03:55:00,357120,Villarrica,MODIS,2.573,2.00,1,baja,2026-10-05T18:06:10,mirova-archivo,1
2021-01-18T05:36:00,357120,Villarrica,VIIRS375,5.446,1.19,1,baja,2026-10-05T18:06:10,mirova-archivo,1
2021-01-19T05:18:00,357120,Villarrica,VIIRS375,0.1879,1.19,1,muy baja,2026-10-05T18:06:10,mirova-archivo,1
2021-01-19T06:06:00,357120,Villarrica,VIIRS375,2.886,0.84,1,baja,2026-10-05T18:06:10,mirova-archivo,1
2021-01-20T03:45:00,357120,Villarrica,MODIS,2.617,1.00,1,baja,2026-10-05T18:06:10,mirova-archivo,1
2021-01-20T05:48:00,357120,Villarrica,VIIRS375,5.368,1.06,1,baja,2026-10-05T18:06:10,mirova-archivo,1
2021-01-21T05:30:00,357120,Villarrica,VIIRS375,2.911,1.06,1,baja,2026-10-05T18:06:10,mirova-archivo,1
2021-01-21T06:10:00,357120,Villarrica,MODIS,3.735,1.41,1,baja,2026-10-05T18:06:10,mirova-archivo,1
2021-01-21T06:18:00,357120,Villarrica,VIIRS375,0.1145,0.53,1,muy baja,2026-10-05T18:06:10,mirova-archivo,1
2021-01-22T03:35:00,357120,Villarrica,MODIS,2.014,1.41,1,baja,2026-10-05T18:06:10,mirova-archivo,1
2021-01-22T06:00:00,357120,Villarrica,VIIRS375,4.333,1.12,1,baja,2026-10-05T18:06:10,mirova-archivo,1
2021-01-23T05:42:00,357120,Villarrica,VIIRS375,3.265,1.19,1,baja,2026-10-05T18:06:10,mirova-archivo,1
2021-01-23T05:55:00,357120,Villarrica,MODIS,3.369,1.41,1,baja,2026-10-05T18:06:10,mirova-archivo,1
2021-01-24T05:24:00,357120,Villarrica,VIIRS375,0.5255,1.19,1,muy baja,2026-10-05T18:06:10,mirova-archivo,1
2021-01-24T06:12:00,357120,Villarrica,VIIRS375,0.779,1.06,1,muy baja,2026-10-05T18:06:10,mirova-archivo,1
2021-01-25T05:54:00,357120,Villarrica,VIIRS375,4.27,0.84,1,baja,2026-10-05T18:06:10,mirova-archivo,1
2021-01-26T05:36:00,357120,Villarrica,VIIRS375,3.46,0.84,1,baja,2026-10-05T18:06:10,mirova-archivo,1
2021-01-26T06:24:00,357120,Villarrica,VIIRS375,0.08759,0.53,1,muy baja,2026-10-05T18:06:10,mirova-archivo,1
2021-01-27T03:50:00,357120,Villarrica,MODIS,0.7944,1.00,1,muy baja,2026-10-05T18:06:10,mirova-archivo,1
2021-01-27T05:18:00,357120,Villarrica,VIIRS375,0.05951,0.75,1,muy baja,2026-10-05T18:06:10,mirova-archivo,1
2021-01-27T06:06:00,357120,Villarrica,VIIRS375,0.5205,0.84,1,muy baja,2026-10-05T18:06:10,mirova-archivo,1
2021-01-31T05:42:00,357120,Villarrica,VIIRS375,0.2483,0.84,1,muy baja,2026-10-05T18:06:10,mirova-archivo,1
2021-02-02T05:54:00,357120,Villarrica,VIIRS375,1.713,0.84,1,baja,2026-10-05T18:06:10,mirova-archivo,1
2021-02-03T05:36:00,357120,Villarrica,VIIRS375,1.085,0.84,1,baja,2026-10-05T18:06:10,mirova-archivo,1
2021-02-04T05:18:00,357120,Villarrica,VIIRS375,0.08187,1.19,1,muy baja,2026-10-05T18:06:10,mirova-archivo,1
2021-02-04T06:06:00,357120,Villarrica,VIIRS375,0.5044,1.06,1,muy baja,2026-10-05T18:06:10,mirova-archivo,1
2021-02-05T03:45:00,357120,Villarrica,MODIS,1.622,1.00,1,baja,2026-10-05T18:06:10,mirova-archivo,1
2021-02-05T05:48:00,357120,Villarrica,VIIRS375,2.17,0.84,1,baja,2026-10-05T18:06:10,mirova-archivo,1
2021-02-06T05:30:00,357120,Villarrica,VIIRS375,0.4914,1.19,1,muy baja,2026-10-05T18:06:10,mirova-archivo,1
2021-02-06T06:18:00,357120,Villarrica,VIIRS375,0.07243,0.53,1,muy baja,2026-10-05T18:06:10,mirova-archivo,1
2021-02-07T05:15:00,357120,Villarrica,MODIS,0.7168,2.83,0,no volcanica,2026-10-05T18:06:10,mirova-archivo,0
2021-02-08T05:42:00,357120,Villarrica,VIIRS375,1.692,0.84,1,baja,2026-10-05T18:06:10,mirova-archivo,1
2021-02-08T05:55:00,357120,Villarrica,MODIS,0.4727,0.00,1,muy baja,2026-10-05T18:06:10,mirova-archivo,1
2021-02-09T06:12:00,357120,Villarrica,VIIRS375,0.9749,9.78,0,no volcanica,2026-10-05T18:06:10,mirova-archivo,0
2021-02-10T05:54:00,357120,Villarrica,VIIRS375,1.236,1.06,1,baja,2026-10-05T18:06:10,mirova-archivo,1
2021-02-11T05:36:00,357120,Villarrica,VIIRS375,1.088,1.19,1,baja,2026-10-05T18:06:10,mirova-archivo,1
2021-02-12T03:50:00,357120,Villarrica,MODIS,0.6505,1.00,1,muy baja,2026-10-05T18:06:10,mirova-archivo,1
2021-02-12T06:06:00,357120,Villarrica,VIIRS375,0.5143,0.84,1,muy baja,2026-10-05T18:06:10,mirova-archivo,1
2021-02-13T05:48:00,357120,Villarrica,VIIRS375,1.239,1.06,1,baja,2026-10-05T18:06:10,mirova-archivo,1
2021-02-14T05:30:00,357120,Villarrica,VIIRS375,0.1669,1.19,1,muy baja,2026-10-05T18:06:10,mirova-archivo,1
2021-02-15T06:00:00,357120,Villarrica,VIIRS375,0.1514,0.84,1,muy baja,2026-10-05T18:06:10,mirova-archivo,1
2021-02-19T05:36:00,357120,Villarrica,VIIRS375,0.8532,0.84,1,muy baja,2026-10-05T18:06:10,mirova-archivo,1
2021-02-20T06:06:00,357120,Villarrica,VIIRS375,0.1522,0.53,1,muy baja,2026-10-05T18:06:10,mirova-archivo,1
2021-02-21T05:48:00,357120,Villarrica,VIIRS375,1.406,0.84,1,baja,2026-10-05T18:06:10,mirova-archivo,1
2021-02-23T06:00:00,357120,Villarrica,VIIRS375,0.4587,1.06,1,muy baja,2026-10-05T18:06:10,mirova-archivo,1
2021-02-24T05:42:00,357120,Villarrica,VIIRS375,1.22,1.06,1,baja,2026-10-05T18:06:10,mirova-archivo,1
2021-02-25T05:24:00,357120,Villarrica,VIIRS375,0.09824,0.84,1,muy baja,2026-10-05T18:06:10,mirova-archivo,1
2021-02-26T05:54:00,357120,Villarrica,VIIRS375,1.213,0.84,1,baja,2026-10-05T18:06:10,mirova-archivo,1
2021-02-27T05:36:00,357120,Villarrica,VIIRS375,0.9553,1.06,1,muy baja,2026-10-05T18:06:10,mirova-archivo,1
2021-02-28T06:06:00,357120,Villarrica,VIIRS375,0.5004,0.84,1,muy baja,2026-10-05T18:06:10,mirova-archivo,1
2021-03-01T05:48:00,357120,Villarrica,VIIRS375,0.9722,0.84,1,muy baja,2026-10-05T18:06:10,mirova-archivo,1
2021-03-02T05:30:00,357120,Villarrica,VIIRS375,0.2581,0.84,1,muy baja,2026-10-05T18:06:10,mirova-archivo,1
2021-03-03T06:00:00,357120,Villarrica,VIIRS375,0.5635,0.84,1,muy baja,2026-10-05T18:06:10,mirova-archivo,1
2021-03-04T05:42:00,357120,Villarrica,VIIRS375,0.8822,0.84,1,muy baja,2026-10-05T18:06:10,mirova-archivo,1
2021-03-05T06:12:00,357120,Villarrica,VIIRS375,0.2541,0.53,1,muy baja,2026-10-05T18:06:10,mirova-archivo,1
2021-03-08T06:06:00,357120,Villarrica,VIIRS375,0.1684,0.53,1,muy baja,2026-10-05T18:06:10,mirova-archivo,1
2021-03-09T05:48:00,357120,Villarrica,VIIRS375,1.318,0.84,1,baja,2026-10-05T18:06:10,mirova-archivo,1
2021-03-11T06:00:00,357120,Villarrica,VIIRS375,0.1947,0.84,1,muy baja,2026-10-05T18:06:10,mirova-archivo,1
2021-03-12T05:42:00,357120,Villarrica,VIIRS375,0.6782,0.84,1,muy baja,2026-10-05T18:06:10,mirova-archivo,1
2021-03-14T05:54:00,357120,Villarrica,VIIRS375,1.25,0.84,1,baja,2026-10-05T18:06:10,mirova-archivo,1
2021-03-17T05:48:00,357120,Villarrica,VIIRS375,0.2784,0.84,1,muy baja,2026-10-05T18:06:10,mirova-archivo,1
2021-03-22T05:54:00,357120,Villarrica,VIIRS375,0.8288,1.06,1,muy baja,2026-10-05T18:06:10,mirova-archivo,1
2021-03-23T05:36:00,357120,Villarrica,VIIRS375,0.8636,1.06,1,muy baja,2026-10-05T18:06:10,mirova-archivo,1
2021-03-24T06:06:00,357120,Villarrica,VIIRS375,0.03486,0.53,1,muy baja,2026-10-05T18:06:10,mirova-archivo,1
2021-03-25T05:48:00,357120,Villarrica,VIIRS375,0.6109,0.84,1,muy baja,2026-10-05T18:06:10,mirova-archivo,1
2021-03-27T06:00:00,357120,Villarrica,VIIRS375,0.4413,0.53,1,muy baja,2026-10-05T18:06:10,mirova-archivo,1
2021-03-28T05:42:00,357120,Villarrica,VIIRS375,0.6859,0.84,1,muy baja,2026-10-05T18:06:10,mirova-archivo,1
2021-03-30T05:54:00,357120,Villarrica,VIIRS375,0.5426,1.06,1,muy baja,2026-10-05T18:06:10,mirova-archivo,1
2021-03-31T05:36:00,357120,Villarrica,VIIRS375,0.6496,0.84,1,muy baja,2026-10-05T18:06:10,mirova-archivo,1
2021-04-02T05:48:00,357120,Villarrica,VIIRS375,0.8169,0.84,1,muy baja,2026-10-05T18:06:10,mirova-archivo,1
2021-04-03T05:30:00,357120,Villarrica,VIIRS375,0.1964,0.84,1,muy baja,2026-10-05T18:06:10,mirova-archivo,1
2021-04-04T06:00:00,357120,Villarrica,VIIRS375,0.4989,0.84,1,muy baja,2026-10-05T18:06:10,mirova-archivo,1
2021-04-13T05:42:00,357120,Villarrica,VIIRS375,0.4835,0.84,1,muy baja,2026-10-05T18:06:10,mirova-archivo,1
2021-04-16T05:36:00,357120,Villarrica,VIIRS375,0.9865,0.84,1,muy baja,2026-10-05T18:06:10,mirova-archivo,1
2021-04-17T06:06:00,357120,Villarrica,VIIRS375,0.3531,0.84,1,muy baja,2026-10-05T18:06:10,mirova-archivo,1
2021-04-18T05:00:00,357120,Villarrica,VIIRS375,0.0327,1.91,0,no volcanica,2026-10-05T18:06:10,mirova-archivo,0
2021-04-24T05:36:00,357120,Villarrica,VIIRS375,0.5229,1.06,1,muy baja,2026-10-05T18:06:10,mirova-archivo,1
2021-04-25T06:06:00,357120,Villarrica,VIIRS375,0.06336,0.53,1,muy baja,2026-10-05T18:06:10,mirova-archivo,1
2021-04-26T05:48:00,357120,Villarrica,VIIRS375,0.9962,13.00,0,no volcanica,2026-10-05T18:06:10,mirova-archivo,0
2021-04-27T05:30:00,357120,Villarrica,VIIRS375,0.09133,0.84,1,muy baja,2026-10-05T18:06:10,mirova-archivo,1
2021-04-29T05:42:00,357120,Villarrica,VIIRS375,0.8521,0.84,1,muy baja,2026-10-05T18:06:10,mirova-archivo,1
2021-05-04T05:48:00,357120,Villarrica,VIIRS375,0.9032,0.84,1,muy baja,2026-10-05T18:06:10,mirova-archivo,1
2021-05-05T04:42:00,357120,Villarrica,VIIRS375,11.39,13.30,0,no volcanica,2026-10-05T18:06:10,mirova-archivo,0
2021-05-05T05:30:00,357120,Villarrica,VIIRS375,0.3116,1.06,1,muy baja,2026-10-05T18:06:10,mirova-archivo,1
2021-05-06T06:00:00,357120,Villarrica,VIIRS375,0.252,0.84,1,muy baja,2026-10-05T18:06:10,mirova-archivo,1
2021-05-07T05:42:00,357120,Villarrica,VIIRS375,0.3475,1.06,1,muy baja,2026-10-05T18:06:10,mirova-archivo,1
2021-05-10T05:36:00,357120,Villarrica,VIIRS375,1.257,0.84,1,baja,2026-10-05T18:06:10,mirova-archivo,1
2021-05-11T06:06:00,357120,Villarrica,VIIRS375,0.0633,0.38,1,muy baja,2026-10-05T18:06:10,mirova-archivo,1
2021-05-12T05:48:00,357120,Villarrica,VIIRS375,1.002,0.84,1,baja,2026-10-05T18:06:10,mirova-archivo,1
2021-05-14T06:00:00,357120,Villarrica,VIIRS375,0.07221,1.06,1,muy baja,2026-10-05T18:06:10,mirova-archivo,1
2021-05-15T05:42:00,357120,Villarrica,VIIRS375,0.9508,0.84,1,muy baja,2026-10-05T18:06:10,mirova-archivo,1
2021-05-17T05:54:00,357120,Villarrica,VIIRS375,0.4045,0.84,1,muy baja,2026-10-05T18:06:10,mirova-archivo,1
2021-05-17T06:48:00,357120,Villarrica,VIIRS375,0.0222,3.23,0,no volcanica,2026-10-05T18:06:10,mirova-archivo,0
2021-05-18T05:36:00,357120,Villarrica,VIIRS375,0.5322,0.84,1,muy baja,2026-10-05T18:06:10,mirova-archivo,1
2021-06-02T05:54:00,357120,Villarrica,VIIRS375,0.5682,1.06,1,muy baja,2026-10-05T18:06:10,mirova-archivo,1
2021-06-06T03:35:00,357120,Villarrica,MODIS,0.6254,1.00,1,muy baja,2026-10-05T18:06:10,mirova-archivo,1
2021-06-14T05:30:00,357120,Villarrica,VIIRS375,0.3567,0.84,1,muy baja,2026-10-05T18:06:10,mirova-archivo,1
2021-06-15T06:00:00,357120,Villarrica,VIIRS375,0.04643,0.53,1,muy baja,2026-10-05T18:06:10,mirova-archivo,1
2021-06-16T05:42:00,357120,Villarrica,VIIRS375,1.077,1.19,1,baja,2026-10-05T18:06:10,mirova-archivo,1
2021-06-18T05:54:00,357120,Villarrica,VIIRS375,0.02021,0.53,1,muy baja,2026-10-05T18:06:10,mirova-archivo,1
2021-06-20T06:06:00,357120,Villarrica,VIIRS375,0.0386,0.38,1,muy baja,2026-10-05T18:06:10,mirova-archivo,1
2021-06-26T05:06:00,357120,Villarrica,VIIRS375,0.3122,25.99,0,no volcanica,2026-10-05T18:06:10,mirova-archivo,0
2021-06-26T05:54:00,357120,Villarrica,VIIRS375,1.365,26.01,0,no volcanica,2026-10-05T18:06:10,mirova-archivo,0
2021-06-27T05:36:00,357120,Villarrica,VIIRS375,1.54,1.19,1,baja,2026-10-05T18:06:10,mirova-archivo,1
2021-06-28T06:06:00,357120,Villarrica,VIIRS375,0.03261,0.38,1,muy baja,2026-10-05T18:06:10,mirova-archivo,1
2021-06-29T05:48:00,357120,Villarrica,VIIRS375,0.6565,0.84,1,muy baja,2026-10-05T18:06:10,mirova-archivo,1
2021-07-01T06:00:00,357120,Villarrica,VIIRS375,0.2768,11.74,0,no volcanica,2026-10-05T18:06:10,mirova-archivo,0
2021-07-04T05:54:00,357120,Villarrica,VIIRS375,0.4298,1.06,1,muy baja,2026-10-05T18:06:10,mirova-archivo,1
2021-07-05T05:36:00,357120,Villarrica,VIIRS375,1.416,1.19,1,baja,2026-10-05T18:06:10,mirova-archivo,1
2021-07-11T05:50:00,357120,Villarrica,MODIS,0.3477,1.41,1,muy baja,2026-10-05T18:06:10,mirova-archivo,1
2021-07-12T05:54:00,357120,Villarrica,VIIRS375,0.07678,0.84,1,muy baja,2026-10-05T18:06:10,mirova-archivo,1
2021-07-13T05:36:00,357120,Villarrica,VIIRS375,0.7778,0.84,1,muy baja,2026-10-05T18:06:10,mirova-archivo,1
2021-07-14T06:06:00,357120,Villarrica,VIIRS375,0.1051,0.84,1,muy baja,2026-10-05T18:06:10,mirova-archivo,1
2021-07-15T05:48:00,357120,Villarrica,VIIRS375,0.7858,0.84,1,muy baja,2026-10-05T18:06:10,mirova-archivo,1
2021-07-18T05:42:00,357120,Villarrica,VIIRS375,0.9945,0.84,1,muy baja,2026-10-05T18:06:10,mirova-archivo,1
2021-07-21T05:36:00,357120,Villarrica,VIIRS375,1.17,0.84,1,baja,2026-10-05T18:06:10,mirova-archivo,1
2021-07-22T06:06:00,357120,Villarrica,VIIRS375,0.0321,0.38,1,muy baja,2026-10-05T18:06:10,mirova-archivo,1
2021-07-24T05:30:00,357120,Villarrica,VIIRS375,0.1046,0.84,1,muy baja,2026-10-05T18:06:10,mirova-archivo,1
2021-07-26T05:42:00,357120,Villarrica,VIIRS375,0.03441,0.84,1,muy baja,2026-10-05T18:06:10,mirova-archivo,1
2021-07-28T05:54:00,357120,Villarrica,VIIRS375,0.1748,0.75,1,muy baja,2026-10-05T18:06:10,mirova-archivo,1
2021-07-29T05:36:00,357120,Villarrica,VIIRS375,2.497,1.06,1,baja,2026-10-05T18:06:10,mirova-archivo,1
2021-07-30T06:06:00,357120,Villarrica,VIIRS375,0.04415,0.38,1,muy baja,2026-10-05T18:06:10,mirova-archivo,1
2021-07-31T05:48:00,357120,Villarrica,VIIRS375,1.152,1.06,1,baja,2026-10-05T18:06:10,mirova-archivo,1
2021-08-01T05:30:00,357120,Villarrica,VIIRS375,0.04734,0.84,1,muy baja,2026-10-05T18:06:10,mirova-archivo,1
2021-08-02T06:00:00,357120,Villarrica,VIIRS375,0.08708,0.53,1,muy baja,2026-10-05T18:06:10,mirova-archivo,1
2021-08-03T05:42:00,357120,Villarrica,VIIRS375,1.499,1.19,1,baja,2026-10-05T18:06:10,mirova-archivo,1
2021-08-08T05:48:00,357120,Villarrica,VIIRS375,0.4891,21.11,0,no volcanica,2026-10-05T18:06:10,mirova-archivo,0
2021-08-09T03:35:00,357120,Villarrica,MODIS,0.3901,1.00,1,muy baja,2026-10-05T18:06:10,mirova-archivo,1
2021-08-09T05:30:00,357120,Villarrica,VIIRS375,0.9558,1.35,1,muy baja,2026-10-05T18:06:10,mirova-archivo,1
2021-08-10T06:00:00,357120,Villarrica,VIIRS375,0.3722,0.84,1,muy baja,2026-10-05T18:06:10,mirova-archivo,1
2021-08-11T05:42:00,357120,Villarrica,VIIRS375,1.11,0.84,1,baja,2026-10-05T18:06:10,mirova-archivo,1
2021-08-12T05:50:00,357120,Villarrica,MODIS,0.496,1.00,1,muy baja,2026-10-05T18:06:10,mirova-archivo,1
2021-08-12T06:12:00,357120,Villarrica,VIIRS375,0.04278,0.53,1,muy baja,2026-10-05T18:06:10,mirova-archivo,1
2021-08-13T05:54:00,357120,Villarrica,VIIRS375,1.112,19.12,0,no volcanica,2026-10-05T18:06:10,mirova-archivo,0
2021-08-14T05:36:00,357120,Villarrica,VIIRS375,1.592,0.84,1,baja,2026-10-05T18:06:10,mirova-archivo,1
2021-08-28T06:12:00,357120,Villarrica,VIIRS375,0.7482,2.86,0,no volcanica,2026-10-05T18:06:10,mirova-archivo,0
2021-09-02T05:30:00,357120,Villarrica,VIIRS375,0.3386,0.84,1,muy baja,2026-10-05T18:06:10,mirova-archivo,1
2021-09-03T06:00:00,357120,Villarrica,VIIRS375,0.2105,0.84,1,muy baja,2026-10-05T18:06:10,mirova-archivo,1
2021-09-05T05:24:00,357120,Villarrica,VIIRS375,1.816,23.17,0,no volcanica,2026-10-05T18:06:10,mirova-archivo,0
2021-09-09T05:48:00,357120,Villarrica,VIIRS375,0.1732,0.84,1,muy baja,2026-10-05T18:06:10,mirova-archivo,1
2021-09-10T05:30:00,357120,Villarrica,VIIRS375,0.08579,1.06,1,muy baja,2026-10-05T18:06:10,mirova-archivo,1
2021-09-20T04:54:00,357120,Villarrica,VIIRS750,5.501,20.37,0,no volcanica,2026-10-05T18:06:10,mirova-archivo,0
2021-09-20T05:42:00,357120,Villarrica,VIIRS375,1.312,1.19,1,baja,2026-10-05T18:06:10,mirova-archivo,1
2021-09-20T05:55:00,357120,Villarrica,MODIS,0.4944,1.00,1,muy baja,2026-10-05T18:06:10,mirova-archivo,1
2021-09-21T05:24:00,357120,Villarrica,VIIRS375,0.1163,1.19,1,muy baja,2026-10-05T18:06:10,mirova-archivo,1
2021-09-23T05:36:00,357120,Villarrica,VIIRS375,0.6996,0.84,1,muy baja,2026-10-05T18:06:10,mirova-archivo,1
2021-09-24T06:06:00,357120,Villarrica,VIIRS375,0.1689,0.84,1,muy baja,2026-10-05T18:06:10,mirova-archivo,1
2021-09-26T05:30:00,357120,Villarrica,VIIRS375,0.1279,0.84,1,muy baja,2026-10-05T18:06:10,mirova-archivo,1
2021-09-27T06:00:00,357120,Villarrica,VIIRS375,0.122,0.75,1,muy baja,2026-10-05T18:06:10,mirova-archivo,1
2021-09-28T05:42:00,357120,Villarrica,VIIRS375,0.604,0.84,1,muy baja,2026-10-05T18:06:10,mirova-archivo,1
2021-10-03T05:48:00,357120,Villarrica,VIIRS375,0.2537,23.18,0,no volcanica,2026-10-05T18:06:10,mirova-archivo,0
2021-10-04T05:30:00,357120,Villarrica,VIIRS375,0.2613,1.06,1,muy baja,2026-10-05T18:06:10,mirova-archivo,1
2021-10-08T05:54:00,357120,Villarrica,VIIRS375,0.9645,1.06,1,muy baja,2026-10-05T18:06:10,mirova-archivo,1
2021-10-09T05:36:00,357120,Villarrica,VIIRS375,1.772,1.06,1,baja,2026-10-05T18:06:10,mirova-archivo,1
2021-10-10T06:06:00,357120,Villarrica,VIIRS375,0.2192,1.06,1,muy baja,2026-10-05T18:06:10,mirova-archivo,1
2021-10-11T05:48:00,357120,Villarrica,VIIRS375,1.856,0.84,1,baja,2026-10-05T18:06:10,mirova-archivo,1
2021-10-12T05:30:00,357120,Villarrica,VIIRS375,0.3367,1.19,1,muy baja,2026-10-05T18:06:10,mirova-archivo,1
2021-10-16T05:54:00,357120,Villarrica,VIIRS375,0.07727,0.84,1,muy baja,2026-10-05T18:06:10,mirova-archivo,1
2021-10-18T06:06:00,357120,Villarrica,VIIRS375,0.1249,0.84,1,muy baja,2026-10-05T18:06:10,mirova-archivo,1
2021-10-19T03:40:00,357120,Villarrica,MODIS,0.8462,1.00,1,muy baja,2026-10-05T18:06:10,mirova-archivo,1
2021-10-19T05:48:00,357120,Villarrica,VIIRS375,2.636,1.06,1,baja,2026-10-05T18:06:10,mirova-archivo,1
2021-10-20T05:30:00,357120,Villarrica,VIIRS375,1.203,0.84,1,baja,2026-10-05T18:06:10,mirova-archivo,1
2021-10-20T06:10:00,357120,Villarrica,MODIS,0.2996,0.00,1,muy baja,2026-10-05T18:06:10,mirova-archivo,1
2021-10-22T05:42:00,357120,Villarrica,VIIRS375,0.1552,0.84,1,muy baja,2026-10-05T18:06:10,mirova-archivo,1
2021-10-22T05:55:00,357120,Villarrica,MODIS,0.7411,1.00,1,muy baja,2026-10-05T18:06:10,mirova-archivo,1
2021-10-26T06:06:00,357120,Villarrica,VIIRS375,0.3381,0.84,1,muy baja,2026-10-05T18:06:10,mirova-archivo,1
2021-10-27T05:48:00,357120,Villarrica,VIIRS375,2.801,0.84,1,baja,2026-10-05T18:06:10,mirova-archivo,1
2021-10-28T03:35:00,357120,Villarrica,MODIS,0.513,1.00,1,muy baja,2026-10-05T18:06:10,mirova-archivo,1
2021-10-28T05:30:00,357120,Villarrica,VIIRS375,0.591,0.84,1,muy baja,2026-10-05T18:06:10,mirova-archivo,1
2021-10-29T06:00:00,357120,Villarrica,VIIRS375,0.2338,0.84,1,muy baja,2026-10-05T18:06:10,mirova-archivo,1
2021-10-30T05:42:00,357120,Villarrica,VIIRS375,0.6724,1.06,1,muy baja,2026-10-05T18:06:10,mirova-archivo,1
2021-11-01T05:54:00,357120,Villarrica,VIIRS375,0.7175,0.84,1,muy baja,2026-10-05T18:06:10,mirova-archivo,1
2021-11-05T05:30:00,357120,Villarrica,VIIRS375,0.6556,1.06,1,muy baja,2026-10-05T18:06:10,mirova-archivo,1
2021-11-06T06:00:00,357120,Villarrica,VIIRS375,0.3702,0.84,1,muy baja,2026-10-05T18:06:10,mirova-archivo,1
2021-11-07T05:42:00,357120,Villarrica,VIIRS375,1.02,0.84,1,baja,2026-10-05T18:06:10,mirova-archivo,1
2021-11-10T05:36:00,357120,Villarrica,VIIRS375,0.9077,1.06,1,muy baja,2026-10-05T18:06:10,mirova-archivo,1
2021-11-17T05:06:00,357120,Villarrica,VIIRS375,0.2204,19.11,0,no volcanica,2026-10-05T18:06:10,mirova-archivo,0
2021-11-17T05:54:00,357120,Villarrica,VIIRS375,1.219,1.06,1,baja,2026-10-05T18:06:10,mirova-archivo,1
2021-11-18T05:36:00,357120,Villarrica,VIIRS375,1.056,1.06,1,baja,2026-10-05T18:06:10,mirova-archivo,1
2021-11-19T06:12:00,357120,Villarrica,VIIRS375,0.1841,0.53,1,muy baja,2026-10-05T18:06:10,mirova-archivo,1
2021-11-20T05:48:00,357120,Villarrica,VIIRS375,0.7593,0.84,1,muy baja,2026-10-05T18:06:10,mirova-archivo,1
2021-11-21T05:30:00,357120,Villarrica,VIIRS375,0.6187,1.35,1,muy baja,2026-10-05T18:06:10,mirova-archivo,1
2021-11-23T05:42:00,357120,Villarrica,VIIRS375,0.5523,1.19,1,muy baja,2026-10-05T18:06:10,mirova-archivo,1
2021-11-26T05:36:00,357120,Villarrica,VIIRS375,0.6069,1.06,1,muy baja,2026-10-05T18:06:10,mirova-archivo,1
2021-11-27T06:06:00,357120,Villarrica,VIIRS375,0.2484,23.73,0,no volcanica,2026-10-05T18:06:10,mirova-archivo,0
2021-11-28T05:48:00,357120,Villarrica,VIIRS375,0.5772,0.84,1,muy baja,2026-10-05T18:06:10,mirova-archivo,1
2021-11-29T05:30:00,357120,Villarrica,VIIRS375,0.9509,0.84,1,muy baja,2026-10-05T18:06:10,mirova-archivo,1
2021-11-29T06:24:00,357120,Villarrica,VIIRS375,0.8269,15.12,0,no volcanica,2026-10-05T18:06:10,mirova-archivo,0
2021-11-30T06:00:00,357120,Villarrica,VIIRS375,0.278,0.84,1,muy baja,2026-10-05T18:06:10,mirova-archivo,1
2021-12-01T05:42:00,357120,Villarrica,VIIRS375,0.7783,0.84,1,muy baja,2026-10-05T18:06:10,mirova-archivo,1
2021-12-04T05:36:00,357120,Villarrica,VIIRS375,0.1071,0.84,1,muy baja,2026-10-05T18:06:10,mirova-archivo,1
2021-12-06T05:48:00,357120,Villarrica,VIIRS375,0.811,0.84,1,muy baja,2026-10-05T18:06:10,mirova-archivo,1
2021-12-09T05:42:00,357120,Villarrica,VIIRS375,1.002,1.06,1,baja,2026-10-05T18:06:10,mirova-archivo,1
2021-12-11T05:06:00,357120,Villarrica,VIIRS375,0.1848,24.24,0,no volcanica,2026-10-05T18:06:10,mirova-archivo,0
2021-12-13T05:18:00,357120,Villarrica,VIIRS375,0.3429,15.39,0,no volcanica,2026-10-05T18:06:10,mirova-archivo,0
2021-12-14T05:48:00,357120,Villarrica,VIIRS375,0.2213,0.84,1,muy baja,2026-10-05T18:06:10,mirova-archivo,1
2021-12-15T05:30:00,357120,Villarrica,VIIRS375,0.09468,0.84,1,muy baja,2026-10-05T18:06:10,mirova-archivo,1
2021-12-17T05:42:00,357120,Villarrica,VIIRS375,0.5862,0.84,1,muy baja,2026-10-05T18:06:10,mirova-archivo,1
2021-12-19T05:54:00,357120,Villarrica,VIIRS375,0.3744,1.06,1,muy baja,2026-10-05T18:06:10,mirova-archivo,1
2021-12-20T05:36:00,357120,Villarrica,VIIRS375,0.3906,1.06,1,muy baja,2026-10-05T18:06:10,mirova-archivo,1
2021-12-23T05:30:00,357120,Villarrica,VIIRS375,0.06529,0.84,1,muy baja,2026-10-05T18:06:10,mirova-archivo,1
2021-12-25T05:42:00,357120,Villarrica,VIIRS375,0.6299,25.48,0,no volcanica,2026-10-05T18:06:10,mirova-archivo,0
2021-12-27T05:54:00,357120,Villarrica,VIIRS375,0.07505,0.53,1,muy baja,2026-10-05T18:06:10,mirova-archivo,1
2021-12-28T05:36:00,357120,Villarrica,VIIRS375,0.1303,0.84,1,muy baja,2026-10-05T18:06:10,mirova-archivo,1
2021-12-29T06:06:00,357120,Villarrica,VIIRS375,0.453,13.44,0,no volcanica,2026-10-05T18:06:10,mirova-archivo,0
2021-12-31T04:42:00,357120,Villarrica,VIIRS375,1.703,24.52,0,no volcanica,2026-10-05T18:06:10,mirova-archivo,0
2022-01-05T05:36:00,357120,Villarrica,VIIRS375,0.4532,0.84,1,muy baja,2026-10-05T18:06:10,mirova-archivo,1
2022-01-07T05:48:00,357120,Villarrica,VIIRS375,0.2247,0.84,1,muy baja,2026-10-05T18:06:10,mirova-archivo,1
2022-01-08T05:30:00,357120,Villarrica,VIIRS375,0.06068,0.84,1,muy baja,2026-10-05T18:06:10,mirova-archivo,1
2022-01-10T05:42:00,357120,Villarrica,VIIRS375,0.2033,0.84,1,muy baja,2026-10-05T18:06:10,mirova-archivo,1
2022-01-12T05:54:00,357120,Villarrica,VIIRS375,0.9328,0.84,1,muy baja,2026-10-05T18:06:10,mirova-archivo,1
2022-01-13T05:36:00,357120,Villarrica,VIIRS375,1.306,1.06,1,baja,2026-10-05T18:06:10,mirova-archivo,1
2022-01-24T05:30:00,357120,Villarrica,VIIRS375,0.06095,0.84,1,muy baja,2026-10-05T18:06:10,mirova-archivo,1
2022-01-25T06:00:00,357120,Villarrica,VIIRS375,0.2004,1.06,1,muy baja,2026-10-05T18:06:10,mirova-archivo,1
2022-01-26T05:42:00,357120,Villarrica,VIIRS375,0.8205,1.06,1,muy baja,2026-10-05T18:06:10,mirova-archivo,1
2022-01-28T05:54:00,357120,Villarrica,VIIRS375,0.6632,0.84,1,muy baja,2026-10-05T18:06:10,mirova-archivo,1
2022-01-29T05:36:00,357120,Villarrica,VIIRS375,0.9372,0.84,1,muy baja,2026-10-05T18:06:10,mirova-archivo,1
2022-01-31T05:48:00,357120,Villarrica,VIIRS375,0.8601,1.19,1,muy baja,2026-10-05T18:06:10,mirova-archivo,1
2022-02-01T05:30:00,357120,Villarrica,VIIRS375,0.3966,0.84,1,muy baja,2026-10-05T18:06:10,mirova-archivo,1
2022-02-02T06:00:00,357120,Villarrica,VIIRS375,0.281,1.06,1,muy baja,2026-10-05T18:06:10,mirova-archivo,1
2022-02-06T05:36:00,357120,Villarrica,VIIRS375,1.282,0.84,1,baja,2026-10-05T18:06:10,mirova-archivo,1
2022-02-07T06:06:00,357120,Villarrica,VIIRS375,0.1653,0.84,1,muy baja,2026-10-05T18:06:10,mirova-archivo,1
2022-02-08T05:48:00,357120,Villarrica,VIIRS375,0.02005,0.53,1,muy baja,2026-10-05T18:06:10,mirova-archivo,1
2022-02-09T05:30:00,357120,Villarrica,VIIRS375,0.2623,0.84,1,muy baja,2026-10-05T18:06:10,mirova-archivo,1
2022-02-11T05:42:00,357120,Villarrica,VIIRS375,1.5,0.84,1,baja,2026-10-05T18:06:10,mirova-archivo,1
2022-02-13T05:54:00,357120,Villarrica,VIIRS375,1.146,1.06,1,baja,2026-10-05T18:06:10,mirova-archivo,1
2022-02-14T05:36:00,357120,Villarrica,VIIRS375,2.389,1.06,1,baja,2026-10-05T18:06:10,mirova-archivo,1
2022-02-15T06:06:00,357120,Villarrica,VIIRS375,0.2433,1.06,1,muy baja,2026-10-05T18:06:10,mirova-archivo,1
2022-02-17T05:30:00,357120,Villarrica,VIIRS375,0.4365,0.84,1,muy baja,2026-10-05T18:06:10,mirova-archivo,1
2022-02-18T06:00:00,357120,Villarrica,VIIRS375,0.6432,1.06,1,muy baja,2026-10-05T18:06:10,mirova-archivo,1
2022-02-19T05:42:00,357120,Villarrica,VIIRS375,0.9284,0.84,1,muy baja,2026-10-05T18:06:10,mirova-archivo,1
2022-02-21T05:06:00,357120,Villarrica,VIIRS375,1.514,9.01,0,no volcanica,2026-10-05T18:06:10,mirova-archivo,0
2022-03-01T05:54:00,357120,Villarrica,VIIRS375,0.2618,0.53,1,muy baja,2026-10-05T18:06:10,mirova-archivo,1
2022-03-03T06:06:00,357120,Villarrica,VIIRS375,0.1099,0.53,1,muy baja,2026-10-05T18:06:10,mirova-archivo,1
2022-03-05T05:30:00,357120,Villarrica,VIIRS375,0.2031,0.84,1,muy baja,2026-10-05T18:06:10,mirova-archivo,1
2022-03-09T05:54:00,357120,Villarrica,VIIRS375,0.5812,0.75,1,muy baja,2026-10-05T18:06:10,mirova-archivo,1
2022-03-10T05:36:00,357120,Villarrica,VIIRS375,0.5228,0.84,1,muy baja,2026-10-05T18:06:10,mirova-archivo,1
2022-03-12T05:48:00,357120,Villarrica,VIIRS375,0.7817,0.84,1,muy baja,2026-10-05T18:06:10,mirova-archivo,1
2022-03-13T05:30:00,357120,Villarrica,VIIRS375,0.09391,0.84,1,muy baja,2026-10-05T18:06:10,mirova-archivo,1
2022-03-14T06:00:00,357120,Villarrica,VIIRS375,0.1759,0.84,1,muy baja,2026-10-05T18:06:10,mirova-archivo,1
2022-03-15T05:42:00,357120,Villarrica,VIIRS375,1.238,0.84,1,baja,2026-10-05T18:06:10,mirova-archivo,1
2022-03-17T05:54:00,357120,Villarrica,VIIRS375,0.3634,0.84,1,muy baja,2026-10-05T18:06:10,mirova-archivo,1
2022-03-18T05:36:00,357120,Villarrica,VIIRS375,0.8528,0.84,1,muy baja,2026-10-05T18:06:10,mirova-archivo,1
2022-03-20T05:48:00,357120,Villarrica,VIIRS375,0.5344,0.84,1,muy baja,2026-10-05T18:06:10,mirova-archivo,1
2022-03-22T06:00:00,357120,Villarrica,VIIRS375,0.4161,0.84,1,muy baja,2026-10-05T18:06:10,mirova-archivo,1
2022-03-25T05:54:00,357120,Villarrica,VIIRS375,0.1361,0.84,1,muy baja,2026-10-05T18:06:10,mirova-archivo,1
2022-03-26T05:36:00,357120,Villarrica,VIIRS375,0.7666,0.84,1,muy baja,2026-10-05T18:06:10,mirova-archivo,1
2022-03-28T05:48:00,357120,Villarrica,VIIRS375,0.5488,0.84,1,muy baja,2026-10-05T18:06:10,mirova-archivo,1
2022-03-30T06:00:00,357120,Villarrica,VIIRS375,0.2089,0.84,1,muy baja,2026-10-05T18:06:10,mirova-archivo,1
2022-03-31T05:42:00,357120,Villarrica,VIIRS375,0.8434,0.84,1,muy baja,2026-10-05T18:06:10,mirova-archivo,1
2022-04-02T05:54:00,357120,Villarrica,VIIRS375,3.517,18.74,0,fuera de radio,2026-10-05T18:06:10,mirova-archivo,1
2022-04-06T05:30:00,357120,Villarrica,VIIRS375,0.07297,0.84,1,muy baja,2026-10-05T18:06:10,mirova-archivo,1
2022-04-08T05:42:00,357120,Villarrica,VIIRS375,0.9746,0.84,1,muy baja,2026-10-05T18:06:10,mirova-archivo,1
2022-04-11T05:36:00,357120,Villarrica,VIIRS375,0.244,0.84,1,muy baja,2026-10-05T18:06:10,mirova-archivo,1
2022-04-11T14:55:00,357120,Villarrica,MODIS,3.155,1.41,1,baja,2026-10-05T18:06:10,mirova-archivo,1
2022-04-13T05:48:00,357120,Villarrica,VIIRS375,0.6211,0.84,1,muy baja,2026-10-05T18:06:10,mirova-archivo,1
2022-04-14T05:30:00,357120,Villarrica,VIIRS375,0.6496,0.84,1,muy baja,2026-10-05T18:06:10,mirova-archivo,1
2022-04-15T06:00:00,357120,Villarrica,VIIRS375,0.6278,0.84,1,muy baja,2026-10-05T18:06:10,mirova-archivo,1
2022-04-16T05:42:00,357120,Villarrica,VIIRS375,1.11,1.06,1,baja,2026-10-05T18:06:10,mirova-archivo,1
2022-04-18T05:54:00,357120,Villarrica,VIIRS375,3.369,1.06,1,baja,2026-10-05T18:06:10,mirova-archivo,1
2022-04-19T05:36:00,357120,Villarrica,VIIRS375,2.104,1.06,1,baja,2026-10-05T18:06:10,mirova-archivo,1
2022-04-29T05:48:00,357120,Villarrica,VIIRS375,1.46,0.84,1,baja,2026-10-05T18:06:10,mirova-archivo,1
2022-04-30T05:30:00,357120,Villarrica,VIIRS375,0.8921,0.84,1,muy baja,2026-10-05T18:06:10,mirova-archivo,1
2022-05-01T03:25:00,357120,Villarrica,MODIS,0.844,1.00,1,muy baja,2026-10-05T18:06:10,mirova-archivo,1
2022-05-01T06:00:00,357120,Villarrica,VIIRS375,0.1571,0.84,1,muy baja,2026-10-05T18:06:10,mirova-archivo,1
2022-05-02T05:42:00,357120,Villarrica,VIIRS375,2.405,1.06,1,baja,2026-10-05T18:06:10,mirova-archivo,1
2022-05-02T05:50:00,357120,Villarrica,MODIS,0.4786,0.00,1,muy baja,2026-10-05T18:06:10,mirova-archivo,1
2022-05-04T05:54:00,357120,Villarrica,VIIRS375,1.875,1.06,1,baja,2026-10-05T18:06:10,mirova-archivo,1
2022-05-05T05:36:00,357120,Villarrica,VIIRS375,3.682,1.06,1,baja,2026-10-05T18:06:10,mirova-archivo,1
2022-05-06T05:18:00,357120,Villarrica,VIIRS375,0.04487,0.84,1,muy baja,2026-10-05T18:06:10,mirova-archivo,1
2022-05-06T06:06:00,357120,Villarrica,VIIRS375,0.08287,0.53,1,muy baja,2026-10-05T18:06:10,mirova-archivo,1
2022-05-07T05:48:00,357120,Villarrica,VIIRS375,0.5156,1.06,1,muy baja,2026-10-05T18:06:10,mirova-archivo,1
2022-05-08T05:30:00,357120,Villarrica,VIIRS375,0.41,1.06,1,muy baja,2026-10-05T18:06:10,mirova-archivo,1
2022-05-09T05:55:00,357120,Villarrica,MODIS,0.9209,1.41,1,muy baja,2026-10-05T18:06:10,mirova-archivo,1
2022-05-09T06:00:00,357120,Villarrica,VIIRS375,0.1265,0.38,1,muy baja,2026-10-05T18:06:10,mirova-archivo,1
2022-05-10T05:42:00,357120,Villarrica,VIIRS375,0.06327,0.84,1,muy baja,2026-10-05T18:06:10,mirova-archivo,1
2022-05-11T05:24:00,357120,Villarrica,VIIRS375,0.02366,0.84,1,muy baja,2026-10-05T18:06:10,mirova-archivo,1
2022-05-13T05:36:00,357120,Villarrica,VIIRS375,1.841,1.06,1,baja,2026-10-05T18:06:10,mirova-archivo,1
2022-05-15T05:48:00,357120,Villarrica,VIIRS375,1.867,0.84,1,baja,2026-10-05T18:06:10,mirova-archivo,1
2022-05-16T05:30:00,357120,Villarrica,VIIRS375,1.557,0.84,1,baja,2026-10-05T18:06:10,mirova-archivo,1
2022-05-16T06:00:00,357120,Villarrica,MODIS,0.7819,1.00,1,muy baja,2026-10-05T18:06:10,mirova-archivo,1
2022-05-17T03:25:00,357120,Villarrica,MODIS,2.454,2.00,1,baja,2026-10-05T18:06:10,mirova-archivo,1
2022-05-17T06:00:00,357120,Villarrica,VIIRS375,0.1878,0.53,1,muy baja,2026-10-05T18:06:10,mirova-archivo,1
2022-05-18T05:42:00,357120,Villarrica,VIIRS375,2.959,0.84,1,baja,2026-10-05T18:06:10,mirova-archivo,1
2022-05-18T05:50:00,357120,Villarrica,MODIS,0.8662,1.00,1,muy baja,2026-10-05T18:06:10,mirova-archivo,1
2022-05-19T05:24:00,357120,Villarrica,VIIRS375,0.0423,0.84,1,muy baja,2026-10-05T18:06:10,mirova-archivo,1
2022-05-26T05:42:00,357120,Villarrica,VIIRS375,3.436,1.06,1,baja,2026-10-05T18:06:10,mirova-archivo,1
2022-05-27T05:24:00,357120,Villarrica,VIIRS375,0.2038,3.18,0,no volcanica,2026-10-05T18:06:10,mirova-archivo,0
2022-05-27T06:12:00,357120,Villarrica,VIIRS375,0.1409,0.84,1,muy baja,2026-10-05T18:06:10,mirova-archivo,1
2022-05-28T05:54:00,357120,Villarrica,VIIRS375,0.2151,0.84,1,muy baja,2026-10-05T18:06:10,mirova-archivo,1
2022-05-29T05:36:00,357120,Villarrica,VIIRS375,1.34,1.06,1,baja,2026-10-05T18:06:10,mirova-archivo,1
2022-05-30T05:18:00,357120,Villarrica,VIIRS375,0.06548,0.84,1,muy baja,2026-10-05T18:06:10,mirova-archivo,1
2022-05-30T06:06:00,357120,Villarrica,VIIRS375,0.6335,0.84,1,muy baja,2026-10-05T18:06:10,mirova-archivo,1
2022-05-31T03:35:00,357120,Villarrica,MODIS,1.202,1.00,1,baja,2026-10-05T18:06:10,mirova-archivo,1
2022-05-31T05:48:00,357120,Villarrica,VIIRS375,3.413,21.68,0,fuera de radio,2026-10-05T18:06:10,mirova-archivo,1
2022-06-01T05:30:00,357120,Villarrica,VIIRS375,0.1083,0.84,1,muy baja,2026-10-05T18:06:10,mirova-archivo,1
2022-06-10T05:50:00,357120,Villarrica,MODIS,0.6985,1.00,1,muy baja,2026-10-05T18:06:10,mirova-archivo,1
2022-06-10T06:00:00,357120,Villarrica,VIIRS375,0.3948,0.84,1,muy baja,2026-10-05T18:06:10,mirova-archivo,1
2022-06-11T05:42:00,357120,Villarrica,VIIRS375,1.512,0.84,1,baja,2026-10-05T18:06:10,mirova-archivo,1
2022-06-13T05:54:00,357120,Villarrica,VIIRS375,0.5202,1.06,1,muy baja,2026-10-05T18:06:10,mirova-archivo,1
2022-06-18T06:00:00,357120,Villarrica,VIIRS375,0.1929,18.59,0,no volcanica,2026-10-05T18:06:10,mirova-archivo,0
2022-06-22T05:36:00,357120,Villarrica,VIIRS375,1.186,1.35,1,baja,2026-10-05T18:06:10,mirova-archivo,1
2022-06-25T05:30:00,357120,Villarrica,VIIRS375,0.3906,0.84,1,muy baja,2026-10-05T18:06:10,mirova-archivo,1
2022-06-29T06:48:00,357120,Villarrica,VIIRS375,0.01439,1.88,1,muy baja,2026-10-05T18:06:10,mirova-archivo,1
2022-07-08T05:36:00,357120,Villarrica,VIIRS375,3.586,1.19,1,baja,2026-10-05T18:06:10,mirova-archivo,1
2022-07-14T05:24:00,357120,Villarrica,VIIRS375,0.1572,1.19,1,muy baja,2026-10-05T18:06:10,mirova-archivo,1
2022-07-18T05:48:00,357120,Villarrica,VIIRS375,0.03349,0.38,1,muy baja,2026-10-05T18:06:10,mirova-archivo,1
2022-07-19T05:30:00,357120,Villarrica,VIIRS375,2.733,10.93,0,no volcanica,2026-10-05T18:06:10,mirova-archivo,0
2022-07-19T05:50:00,357120,Villarrica,MODIS,0.818,1.00,1,muy baja,2026-10-05T18:06:10,mirova-archivo,1
2022-07-28T05:12:00,357120,Villarrica,VIIRS375,0.04137,0.84,1,muy baja,2026-10-05T18:06:10,mirova-archivo,1
2022-07-31T05:54:00,357120,Villarrica,VIIRS375,0.8007,0.84,1,muy baja,2026-10-05T18:06:10,mirova-archivo,1
2022-08-01T05:36:00,357120,Villarrica,VIIRS375,3.863,1.06,1,baja,2026-10-05T18:06:10,mirova-archivo,1
2022-08-03T03:35:00,357120,Villarrica,MODIS,1.084,1.41,1,baja,2026-10-05T18:06:10,mirova-archivo,1
2022-08-08T05:06:00,357120,Villarrica,VIIRS375,0.6165,9.60,0,no volcanica,2026-10-05T18:06:10,mirova-archivo,0
2022-08-09T06:05:00,357120,Villarrica,MODIS,1.537,1.00,1,baja,2026-10-05T18:06:10,mirova-archivo,1
2022-08-10T03:40:00,357120,Villarrica,MODIS,2.436,1.41,1,baja,2026-10-05T18:06:10,mirova-archivo,1
2022-08-11T05:48:00,357120,Villarrica,VIIRS375,2.268,0.84,1,baja,2026-10-05T18:06:10,mirova-archivo,1
2022-08-11T05:50:00,357120,Villarrica,MODIS,0.3811,0.00,1,muy baja,2026-10-05T18:06:10,mirova-archivo,1
2022-08-18T05:55:00,357120,Villarrica,MODIS,1.105,1.00,1,baja,2026-10-05T18:06:10,mirova-archivo,1
2022-08-19T05:48:00,357120,Villarrica,VIIRS375,1.062,0.84,1,baja,2026-10-05T18:06:10,mirova-archivo,1
2022-08-20T05:30:00,357120,Villarrica,VIIRS375,2.983,1.35,1,baja,2026-10-05T18:06:10,mirova-archivo,1
2022-08-21T06:00:00,357120,Villarrica,VIIRS375,0.0458,0.84,1,muy baja,2026-10-05T18:06:10,mirova-archivo,1
2022-08-22T05:42:00,357120,Villarrica,VIIRS375,4.343,1.06,1,baja,2026-10-05T18:06:10,mirova-archivo,1
2022-08-24T05:54:00,357120,Villarrica,VIIRS375,0.1023,0.84,1,muy baja,2026-10-05T18:06:10,mirova-archivo,1
2022-08-25T05:36:00,357120,Villarrica,VIIRS375,2.611,0.84,1,baja,2026-10-05T18:06:10,mirova-archivo,1
2022-08-28T03:25:00,357120,Villarrica,MODIS,2.238,1.00,1,baja,2026-10-05T18:06:10,mirova-archivo,1
2022-08-28T05:30:00,357120,Villarrica,VIIRS375,3.777,1.19,1,baja,2026-10-05T18:06:10,mirova-archivo,1
2022-08-30T05:42:00,357120,Villarrica,VIIRS375,3.894,1.06,1,baja,2026-10-05T18:06:10,mirova-archivo,1
2022-08-31T05:24:00,357120,Villarrica,VIIRS375,0.1683,0.84,1,muy baja,2026-10-05T18:06:10,mirova-archivo,1
2022-09-02T05:36:00,357120,Villarrica,VIIRS375,4.153,1.35,1,baja,2026-10-05T18:06:10,mirova-archivo,1
2022-09-03T05:50:00,357120,Villarrica,MODIS,1.678,1.41,1,baja,2026-10-05T18:06:10,mirova-archivo,1
2022-09-04T05:48:00,357120,Villarrica,VIIRS375,3.245,1.19,1,baja,2026-10-05T18:06:10,mirova-archivo,1
2022-09-05T05:30:00,357120,Villarrica,VIIRS375,4.168,1.19,1,baja,2026-10-05T18:06:10,mirova-archivo,1
2022-09-06T03:20:00,357120,Villarrica,MODIS,1.311,1.41,1,baja,2026-10-05T18:06:10,mirova-archivo,1
2022-09-06T06:00:00,357120,Villarrica,VIIRS375,0.0718,0.53,1,muy baja,2026-10-05T18:06:10,mirova-archivo,1
2022-09-09T05:54:00,357120,Villarrica,VIIRS375,0.06541,0.53,1,muy baja,2026-10-05T18:06:10,mirova-archivo,1
2022-09-10T05:36:00,357120,Villarrica,VIIRS375,3.772,1.35,1,baja,2026-10-05T18:06:10,mirova-archivo,1
2022-09-10T05:55:00,357120,Villarrica,MODIS,1.639,1.41,1,baja,2026-10-05T18:06:10,mirova-archivo,1
2022-09-11T06:06:00,357120,Villarrica,VIIRS375,0.03739,0.53,1,muy baja,2026-10-05T18:06:10,mirova-archivo,1
2022-09-12T05:48:00,357120,Villarrica,VIIRS375,3.519,0.84,1,baja,2026-10-05T18:06:10,mirova-archivo,1
2022-09-13T05:30:00,357120,Villarrica,VIIRS375,1.655,1.06,1,baja,2026-10-05T18:06:10,mirova-archivo,1
2022-09-13T06:24:00,357120,Villarrica,VIIRS375,1.002,0.53,1,baja,2026-10-05T18:06:10,mirova-archivo,1
2022-09-19T05:18:00,357120,Villarrica,VIIRS375,0.07226,1.19,1,muy baja,2026-10-05T18:06:10,mirova-archivo,1
2022-09-19T05:45:00,357120,Villarrica,MODIS,0.6518,1.00,1,muy baja,2026-10-05T18:06:10,mirova-archivo,1
2022-09-20T05:48:00,357120,Villarrica,VIIRS375,0.2692,0.84,1,muy baja,2026-10-05T18:06:10,mirova-archivo,1
2022-09-24T05:24:00,357120,Villarrica,VIIRS375,0.8045,0.84,1,muy baja,2026-10-05T18:06:10,mirova-archivo,1
2022-09-24T06:05:00,357120,Villarrica,MODIS,1.425,1.41,1,baja,2026-10-05T18:06:10,mirova-archivo,1
2022-09-25T05:54:00,357120,Villarrica,VIIRS375,3.279,6.89,0,fuera de radio,2026-10-05T18:06:10,mirova-archivo,1
2022-09-28T05:48:00,357120,Villarrica,VIIRS375,1.178,1.06,1,baja,2026-10-05T18:06:10,mirova-archivo,1
2022-09-29T03:25:00,357120,Villarrica,MODIS,3.56,1.41,1,baja,2026-10-05T18:06:10,mirova-archivo,1
2022-09-29T05:30:00,357120,Villarrica,VIIRS375,3.501,0.84,1,baja,2026-10-05T18:06:10,mirova-archivo,1
2022-09-30T06:00:00,357120,Villarrica,VIIRS375,0.08993,0.84,1,muy baja,2026-10-05T18:06:10,mirova-archivo,1
2022-10-01T05:42:00,357120,Villarrica,VIIRS375,3.214,1.19,1,baja,2026-10-05T18:06:10,mirova-archivo,1
2022-10-01T06:10:00,357120,Villarrica,MODIS,0.3405,0.00,1,muy baja,2026-10-05T18:06:10,mirova-archivo,1
2022-10-05T05:18:00,357120,Villarrica,VIIRS375,0.8723,24.12,0,no volcanica,2026-10-05T18:06:10,mirova-archivo,0
2022-10-07T05:30:00,357120,Villarrica,VIIRS375,0.3303,19.12,0,no volcanica,2026-10-05T18:06:10,mirova-archivo,0
2022-10-09T05:42:00,357120,Villarrica,VIIRS375,3.164,1.35,1,baja,2026-10-05T18:06:10,mirova-archivo,1
2022-10-10T05:24:00,357120,Villarrica,VIIRS375,0.7583,1.19,1,muy baja,2026-10-05T18:06:10,mirova-archivo,1
2022-10-10T06:00:00,357120,Villarrica,MODIS,4.049,1.41,1,baja,2026-10-05T18:06:10,mirova-archivo,1
2022-10-11T05:06:00,357120,Villarrica,VIIRS375,0.1503,2.70,1,muy baja,2026-10-05T18:06:10,mirova-archivo,1
2022-10-11T05:54:00,357120,Villarrica,VIIRS375,0.9022,0.84,1,muy baja,2026-10-05T18:06:10,mirova-archivo,1
2022-10-13T05:18:00,357120,Villarrica,VIIRS375,0.3331,1.19,1,muy baja,2026-10-05T18:06:10,mirova-archivo,1
2022-10-13T06:06:00,357120,Villarrica,VIIRS375,0.3174,0.84,1,muy baja,2026-10-05T18:06:10,mirova-archivo,1
2022-10-14T05:48:00,357120,Villarrica,VIIRS375,3.707,1.35,1,baja,2026-10-05T18:06:10,mirova-archivo,1
2022-10-15T05:30:00,357120,Villarrica,VIIRS375,3.738,1.06,1,baja,2026-10-05T18:06:10,mirova-archivo,1
2022-10-16T05:12:00,357120,Villarrica,VIIRS375,0.124,1.19,1,muy baja,2026-10-05T18:06:10,mirova-archivo,1
2022-10-16T06:00:00,357120,Villarrica,VIIRS375,0.2291,0.84,1,muy baja,2026-10-05T18:06:10,mirova-archivo,1
2022-10-18T05:24:00,357120,Villarrica,VIIRS375,1.72,1.19,1,baja,2026-10-05T18:06:10,mirova-archivo,1
2022-10-19T05:06:00,357120,Villarrica,VIIRS375,0.3641,2.02,1,muy baja,2026-10-05T18:06:10,mirova-archivo,1
2022-10-19T05:50:00,357120,Villarrica,MODIS,2.887,1.41,1,baja,2026-10-05T18:06:10,mirova-archivo,1
2022-10-19T05:54:00,357120,Villarrica,VIIRS375,4.573,1.06,1,baja,2026-10-05T18:06:10,mirova-archivo,1
2022-10-21T05:18:00,357120,Villarrica,VIIRS375,0.6198,1.19,1,muy baja,2026-10-05T18:06:10,mirova-archivo,1
2022-10-21T06:06:00,357120,Villarrica,VIIRS375,0.5916,0.84,1,muy baja,2026-10-05T18:06:10,mirova-archivo,1
2022-10-22T05:48:00,357120,Villarrica,VIIRS750,5.781,1.68,1,baja,2026-10-05T18:06:10,mirova-archivo,1
2022-10-22T06:20:00,357120,Villarrica,MODIS,3.246,1.41,1,baja,2026-10-05T18:06:10,mirova-archivo,1
2022-10-23T05:30:00,357120,Villarrica,VIIRS375,2.239,1.19,1,baja,2026-10-05T18:06:10,mirova-archivo,1
2022-10-23T06:18:00,357120,Villarrica,VIIRS375,0.01492,0.53,1,muy baja,2026-10-05T18:06:10,mirova-archivo,1
2022-10-25T05:42:00,357120,Villarrica,VIIRS375,0.7978,1.19,1,muy baja,2026-10-05T18:06:10,mirova-archivo,1
2022-10-27T05:54:00,357120,Villarrica,VIIRS375,7.988,1.06,1,baja,2026-10-05T18:06:10,mirova-archivo,1
2022-10-31T05:30:00,357120,Villarrica,VIIRS750,6.571,1.68,1,baja,2026-10-05T18:06:10,mirova-archivo,1
2022-10-31T06:10:00,357120,Villarrica,MODIS,0.5374,1.00,1,muy baja,2026-10-05T18:06:10,mirova-archivo,1
2022-11-01T03:40:00,357120,Villarrica,MODIS,1.64,1.41,1,baja,2026-10-05T18:06:10,mirova-archivo,1
2022-11-01T06:00:00,357120,Villarrica,VIIRS375,4.715,0.84,1,baja,2026-10-05T18:06:10,mirova-archivo,1
2022-11-02T05:42:00,357120,Villarrica,VIIRS375,3.017,0.84,1,baja,2026-10-05T18:06:10,mirova-archivo,1
2022-11-03T03:25:00,357120,Villarrica,MODIS,2.482,1.00,1,baja,2026-10-05T18:06:10,mirova-archivo,1
2022-11-03T05:24:00,357120,Villarrica,VIIRS375,4.632,1.19,1,baja,2026-10-05T18:06:10,mirova-archivo,1
2022-11-03T06:12:00,357120,Villarrica,VIIRS375,0.1159,0.53,1,muy baja,2026-10-05T18:06:10,mirova-archivo,1
2022-11-04T05:45:00,357120,Villarrica,MODIS,5.572,1.41,1,baja,2026-10-05T18:06:10,mirova-archivo,1
2022-11-04T05:54:00,357120,Villarrica,VIIRS375,4.593,1.35,1,baja,2026-10-05T18:06:10,mirova-archivo,1
2022-11-05T05:36:00,357120,Villarrica,VIIRS375,4.541,1.06,1,baja,2026-10-05T18:06:10,mirova-archivo,1
2022-11-06T03:50:00,357120,Villarrica,MODIS,4.806,1.41,1,baja,2026-10-05T18:06:10,mirova-archivo,1
2022-11-06T05:18:00,357120,Villarrica,VIIRS375,5.537,1.55,1,baja,2026-10-05T18:06:10,mirova-archivo,1
2022-11-06T06:06:00,357120,Villarrica,VIIRS375,6.063,0.84,1,baja,2026-10-05T18:06:10,mirova-archivo,1
2022-11-07T05:48:00,357120,Villarrica,VIIRS375,0.1393,0.75,1,muy baja,2026-10-05T18:06:10,mirova-archivo,1
2022-11-08T03:35:00,357120,Villarrica,MODIS,1.209,1.00,1,baja,2026-10-05T18:06:10,mirova-archivo,1
2022-11-08T05:30:00,357120,Villarrica,VIIRS375,0.3153,1.06,1,muy baja,2026-10-05T18:06:10,mirova-archivo,1
2022-11-09T05:12:00,357120,Villarrica,VIIRS375,0.3615,0.84,1,muy baja,2026-10-05T18:06:10,mirova-archivo,1
2022-11-09T06:00:00,357120,Villarrica,MODIS,4.7,1.41,1,baja,2026-10-05T18:06:10,mirova-archivo,1
2022-11-09T06:00:00,357120,Villarrica,VIIRS375,4.316,1.19,1,baja,2026-10-05T18:06:10,mirova-archivo,1
2022-11-10T05:42:00,357120,Villarrica,VIIRS375,0.1096,15.65,0,no volcanica,2026-10-05T18:06:10,mirova-archivo,0
2022-11-12T05:54:00,357120,Villarrica,VIIRS375,0.4626,21.65,0,no volcanica,2026-10-05T18:06:10,mirova-archivo,0
2022-11-16T05:30:00,357120,Villarrica,VIIRS750,5.564,1.68,1,baja,2026-10-05T18:06:10,mirova-archivo,1
2022-11-16T06:05:00,357120,Villarrica,MODIS,2.132,1.00,1,baja,2026-10-05T18:06:10,mirova-archivo,1
2022-11-17T03:10:00,357120,Villarrica,MODIS,3.283,2.00,1,baja,2026-10-05T18:06:10,mirova-archivo,1
2022-11-17T05:12:00,357120,Villarrica,VIIRS375,5.302,1.68,1,baja,2026-10-05T18:06:10,mirova-archivo,1
2022-11-17T06:00:00,357120,Villarrica,VIIRS750,6.039,1.06,1,baja,2026-10-05T18:06:10,mirova-archivo,1
2022-11-18T05:42:00,357120,Villarrica,VIIRS375,1.469,1.06,1,baja,2026-10-05T18:06:10,mirova-archivo,1
2022-11-19T05:24:00,357120,Villarrica,VIIRS750,10.59,2.37,1,moderada,2026-10-05T18:06:10,mirova-archivo,1
2022-11-19T06:12:00,357120,Villarrica,VIIRS375,7.683,1.06,1,baja,2026-10-05T18:06:10,mirova-archivo,1
2022-11-20T03:35:00,357120,Villarrica,MODIS,4.877,1.00,1,baja,2026-10-05T18:06:10,mirova-archivo,1
2022-11-20T05:06:00,357120,Villarrica,VIIRS375,0.2877,1.68,1,muy baja,2026-10-05T18:06:10,mirova-archivo,1
2022-11-20T05:40:00,357120,Villarrica,MODIS,5.865,2.24,1,baja,2026-10-05T18:06:10,mirova-archivo,1
2022-11-20T05:54:00,357120,Villarrica,VIIRS750,16.1,1.68,1,moderada,2026-10-05T18:06:10,mirova-archivo,1
2022-11-20T06:48:00,357120,Villarrica,VIIRS375,0.4303,0.84,1,muy baja,2026-10-05T18:06:10,mirova-archivo,1
2022-11-21T05:36:00,357120,Villarrica,VIIRS750,9.774,1.06,1,baja,2026-10-05T18:06:10,mirova-archivo,1
2022-11-21T06:20:00,357120,Villarrica,MODIS,7.378,1.41,1,baja,2026-10-05T18:06:10,mirova-archivo,1
2022-11-21T06:30:00,357120,Villarrica,VIIRS375,0.3527,0.53,1,muy baja,2026-10-05T18:06:10,mirova-archivo,1
2022-11-22T03:20:00,357120,Villarrica,MODIS,9.554,2.00,1,baja,2026-10-05T18:06:10,mirova-archivo,1
2022-11-22T05:18:00,357120,Villarrica,VIIRS750,7.401,1.06,1,baja,2026-10-05T18:06:10,mirova-archivo,1
2022-11-22T06:06:00,357120,Villarrica,VIIRS750,11.46,1.06,1,moderada,2026-10-05T18:06:10,mirova-archivo,1
2022-11-23T04:00:00,357120,Villarrica,MODIS,0.2818,0.00,1,muy baja,2026-10-05T18:06:10,mirova-archivo,1
2022-11-23T05:00:00,357120,Villarrica,VIIRS375,3.28,2.52,1,baja,2026-10-05T18:06:10,mirova-archivo,1
2022-11-23T05:48:00,357120,Villarrica,VIIRS375,0.5964,0.84,1,muy baja,2026-10-05T18:06:10,mirova-archivo,1
2022-11-23T06:10:00,357120,Villarrica,MODIS,0.4778,1.00,1,muy baja,2026-10-05T18:06:10,mirova-archivo,1
2022-11-23T06:36:00,357120,Villarrica,VIIRS375,0.06315,0.84,1,muy baja,2026-10-05T18:06:10,mirova-archivo,1
2022-11-24T05:30:00,357120,Villarrica,VIIRS375,4.392,1.35,1,baja,2026-10-05T18:06:10,mirova-archivo,1
2022-11-24T06:18:00,357120,Villarrica,VIIRS375,5.468,0.84,1,baja,2026-10-05T18:06:10,mirova-archivo,1
2022-11-25T03:45:00,357120,Villarrica,MODIS,12.8,2.24,1,moderada,2026-10-05T18:06:10,mirova-archivo,1
2022-11-25T05:12:00,357120,Villarrica,VIIRS750,12.56,2.37,1,moderada,2026-10-05T18:06:10,mirova-archivo,1
2022-11-25T05:55:00,357120,Villarrica,MODIS,11.8,1.41,1,moderada,2026-10-05T18:06:10,mirova-archivo,1
2022-11-25T06:00:00,357120,Villarrica,VIIRS750,8.857,1.06,1,baja,2026-10-05T18:06:10,mirova-archivo,1
2022-11-26T05:42:00,357120,Villarrica,VIIRS375,4.845,1.06,1,baja,2026-10-05T18:06:10,mirova-archivo,1
2022-11-27T03:30:00,357120,Villarrica,MODIS,4.737,1.00,1,baja,2026-10-05T18:06:10,mirova-archivo,1
2022-11-27T05:24:00,357120,Villarrica,VIIRS750,39.18,1.68,1,moderada,2026-10-05T18:06:10,mirova-archivo,1
2022-11-27T06:12:00,357120,Villarrica,VIIRS750,7.406,1.06,1,baja,2026-10-05T18:06:10,mirova-archivo,1
2022-11-28T05:06:00,357120,Villarrica,VIIRS375,2.205,2.37,1,baja,2026-10-05T18:06:10,mirova-archivo,1
2022-11-28T05:54:00,357120,Villarrica,VIIRS750,12.72,1.06,1,moderada,2026-10-05T18:06:10,mirova-archivo,1
2022-11-28T06:25:00,357120,Villarrica,MODIS,13.28,2.00,1,moderada,2026-10-05T18:06:10,mirova-archivo,1
2022-11-29T05:36:00,357120,Villarrica,VIIRS375,2.32,1.35,1,baja,2026-10-05T18:06:10,mirova-archivo,1
2022-11-29T06:24:00,357120,Villarrica,VIIRS375,0.6799,0.84,1,muy baja,2026-10-05T18:06:10,mirova-archivo,1
2022-11-29T14:20:00,357120,Villarrica,MODIS,37.47,2.00,1,moderada,2026-10-05T18:06:10,mirova-archivo,1
2022-11-30T06:06:00,357120,Villarrica,VIIRS375,1.132,0.84,1,baja,2026-10-05T18:06:10,mirova-archivo,1
2022-12-01T03:00:00,357120,Villarrica,MODIS,3.275,2.00,1,baja,2026-10-05T18:06:10,mirova-archivo,1
2022-12-01T05:00:00,357120,Villarrica,VIIRS375,0.1743,1.91,1,muy baja,2026-10-05T18:06:10,mirova-archivo,1
2022-12-01T05:48:00,357120,Villarrica,VIIRS750,14.57,1.06,1,moderada,2026-10-05T18:06:10,mirova-archivo,1
2022-12-02T03:40:00,357120,Villarrica,MODIS,14.96,2.00,1,moderada,2026-10-05T18:06:10,mirova-archivo,1
2022-12-02T05:30:00,357120,Villarrica,VIIRS750,7.983,1.68,1,baja,2026-10-05T18:06:10,mirova-archivo,1
2022-12-02T06:00:00,357120,Villarrica,MODIS,7.16,1.41,1,baja,2026-10-05T18:06:10,mirova-archivo,1
2022-12-02T06:18:00,357120,Villarrica,VIIRS375,6.659,0.84,1,baja,2026-10-05T18:06:10,mirova-archivo,1
2022-12-04T03:25:00,357120,Villarrica,MODIS,5.477,1.41,1,baja,2026-10-05T18:06:10,mirova-archivo,1
2022-12-04T04:54:00,357120,Villarrica,VIIRS375,0.3626,2.52,1,muy baja,2026-10-05T18:06:10,mirova-archivo,1
2022-12-04T05:42:00,357120,Villarrica,VIIRS750,9.568,1.06,1,baja,2026-10-05T18:06:10,mirova-archivo,1
2022-12-04T05:45:00,357120,Villarrica,MODIS,3.963,1.00,1,baja,2026-10-05T18:06:10,mirova-archivo,1
2022-12-04T06:30:00,357120,Villarrica,VIIRS375,0.1132,0.84,1,muy baja,2026-10-05T18:06:10,mirova-archivo,1
2022-12-05T05:24:00,357120,Villarrica,VIIRS750,10.43,1.06,1,moderada,2026-10-05T18:06:10,mirova-archivo,1
2022-12-05T06:12:00,357120,Villarrica,VIIRS750,16.19,1.50,1,moderada,2026-10-05T18:06:10,mirova-archivo,1
2022-12-05T06:30:00,357120,Villarrica,MODIS,1.822,1.41,1,baja,2026-10-05T18:06:10,mirova-archivo,1
2022-12-06T05:06:00,357120,Villarrica,VIIRS375,0.8617,1.35,1,muy baja,2026-10-05T18:06:10,mirova-archivo,1
2022-12-06T05:54:00,357120,Villarrica,VIIRS750,9.12,1.06,1,baja,2026-10-05T18:06:10,mirova-archivo,1
2022-12-06T06:48:00,357120,Villarrica,VIIRS375,0.04619,0.38,1,muy baja,2026-10-05T18:06:10,mirova-archivo,1
2022-12-07T03:50:00,357120,Villarrica,MODIS,8.088,2.00,1,baja,2026-10-05T18:06:10,mirova-archivo,1
2022-12-07T04:48:00,357120,Villarrica,VIIRS375,0.3081,2.52,1,muy baja,2026-10-05T18:06:10,mirova-archivo,1
2022-12-07T05:36:00,357120,Villarrica,VIIRS375,4.615,1.35,1,baja,2026-10-05T18:06:10,mirova-archivo,1
2022-12-10T05:30:00,357120,Villarrica,VIIRS375,5.048,1.35,1,baja,2026-10-05T18:06:10,mirova-archivo,1
2022-12-10T06:18:00,357120,Villarrica,VIIRS750,5.079,1.68,1,baja,2026-10-05T18:06:10,mirova-archivo,1
2022-12-11T05:12:00,357120,Villarrica,VIIRS375,0.2249,1.35,1,muy baja,2026-10-05T18:06:10,mirova-archivo,1
2022-12-11T06:00:00,357120,Villarrica,VIIRS375,1.459,0.84,1,baja,2026-10-05T18:06:10,mirova-archivo,1
2022-12-12T04:00:00,357120,Villarrica,MODIS,1.171,1.41,1,baja,2026-10-05T18:06:10,mirova-archivo,1
2022-12-12T04:54:00,357120,Villarrica,VIIRS375,0.6484,2.37,1,muy baja,2026-10-05T18:06:10,mirova-archivo,1
2022-12-12T05:42:00,357120,Villarrica,VIIRS375,0.4636,1.06,1,muy baja,2026-10-05T18:06:10,mirova-archivo,1
2022-12-13T05:24:00,357120,Villarrica,VIIRS750,50.43,2.37,1,moderada,2026-10-05T18:06:10,mirova-archivo,1
2022-12-13T05:35:00,357120,Villarrica,MODIS,28.14,2.24,1,moderada,2026-10-05T18:06:10,mirova-archivo,1
2022-12-13T06:12:00,357120,Villarrica,VIIRS750,21.05,1.06,1,moderada,2026-10-05T18:06:10,mirova-archivo,1
2022-12-14T05:06:00,357120,Villarrica,VIIRS375,2.916,2.37,1,baja,2026-10-05T18:06:10,mirova-archivo,1
2022-12-14T05:54:00,357120,Villarrica,VIIRS750,13.59,1.06,1,moderada,2026-10-05T18:06:10,mirova-archivo,1
2022-12-14T06:20:00,357120,Villarrica,MODIS,34.91,1.41,1,moderada,2026-10-05T18:06:10,mirova-archivo,1
2022-12-14T06:42:00,357120,Villarrica,VIIRS375,0.7202,1.06,1,muy baja,2026-10-05T18:06:10,mirova-archivo,1
2022-12-15T05:36:00,357120,Villarrica,VIIRS750,10.72,1.68,1,moderada,2026-10-05T18:06:10,mirova-archivo,1
2022-12-15T06:24:00,357120,Villarrica,VIIRS375,2.215,0.84,1,baja,2026-10-05T18:06:10,mirova-archivo,1
2022-12-16T05:18:00,357120,Villarrica,VIIRS750,5.593,1.68,1,baja,2026-10-05T18:06:10,mirova-archivo,1
2022-12-16T06:05:00,357120,Villarrica,MODIS,12.32,1.41,1,moderada,2026-10-05T18:06:10,mirova-archivo,1
2022-12-16T06:06:00,357120,Villarrica,VIIRS750,15.3,1.06,1,moderada,2026-10-05T18:06:10,mirova-archivo,1
2022-12-17T05:48:00,357120,Villarrica,VIIRS750,7.965,1.06,1,baja,2026-10-05T18:06:10,mirova-archivo,1
2022-12-17T06:42:00,357120,Villarrica,VIIRS375,0.0963,2.52,1,muy baja,2026-10-05T18:06:10,mirova-archivo,1
2022-12-18T03:10:00,357120,Villarrica,MODIS,3.328,2.00,1,baja,2026-10-05T18:06:10,mirova-archivo,1
2022-12-18T05:30:00,357120,Villarrica,VIIRS375,5.001,1.06,1,baja,2026-10-05T18:06:10,mirova-archivo,1
2022-12-18T05:55:00,357120,Villarrica,MODIS,8.041,1.41,1,baja,2026-10-05T18:06:10,mirova-archivo,1
2022-12-19T03:50:00,357120,Villarrica,MODIS,18.94,2.83,1,moderada,2026-10-05T18:06:10,mirova-archivo,1
2022-12-19T06:00:00,357120,Villarrica,VIIRS375,1.448,0.84,1,baja,2026-10-05T18:06:10,mirova-archivo,1
2022-12-20T04:54:00,357120,Villarrica,VIIRS375,0.7178,2.37,1,muy baja,2026-10-05T18:06:10,mirova-archivo,1
2022-12-20T05:40:00,357120,Villarrica,MODIS,3.566,1.00,1,baja,2026-10-05T18:06:10,mirova-archivo,1
2022-12-20T05:42:00,357120,Villarrica,VIIRS750,6.088,1.68,1,baja,2026-10-05T18:06:10,mirova-archivo,1
2022-12-20T06:30:00,357120,Villarrica,VIIRS375,0.05299,0.84,1,muy baja,2026-10-05T18:06:10,mirova-archivo,1
2022-12-23T03:20:00,357120,Villarrica,MODIS,17.06,2.24,1,moderada,2026-10-05T18:06:10,mirova-archivo,1
2022-12-23T05:36:00,357120,Villarrica,VIIRS750,16.07,1.68,1,moderada,2026-10-05T18:06:10,mirova-archivo,1
2022-12-23T06:10:00,357120,Villarrica,MODIS,25.67,1.41,1,moderada,2026-10-05T18:06:10,mirova-archivo,1
2022-12-23T06:30:00,357120,Villarrica,VIIRS375,1.554,0.84,1,baja,2026-10-05T18:06:10,mirova-archivo,1
2022-12-24T05:18:00,357120,Villarrica,VIIRS750,5.369,2.37,1,baja,2026-10-05T18:06:10,mirova-archivo,1
2022-12-24T06:06:00,357120,Villarrica,VIIRS375,5.894,0.84,1,baja,2026-10-05T18:06:10,mirova-archivo,1
2022-12-25T03:05:00,357120,Villarrica,MODIS,24.47,3.16,1,moderada,2026-10-05T18:06:10,mirova-archivo,1
2022-12-25T05:00:00,357120,Villarrica,VIIRS375,0.3385,2.02,1,muy baja,2026-10-05T18:06:10,mirova-archivo,1
2022-12-25T05:48:00,357120,Villarrica,VIIRS750,18.18,1.06,1,moderada,2026-10-05T18:06:10,mirova-archivo,1
2022-12-25T05:55:00,357120,Villarrica,MODIS,15.8,1.41,1,moderada,2026-10-05T18:06:10,mirova-archivo,1
2022-12-25T06:36:00,357120,Villarrica,VIIRS375,0.1879,0.53,1,muy baja,2026-10-05T18:06:10,mirova-archivo,1
2022-12-26T05:30:00,357120,Villarrica,VIIRS375,7.326,1.35,1,baja,2026-10-05T18:06:10,mirova-archivo,1
2022-12-26T06:18:00,357120,Villarrica,VIIRS375,2.705,1.19,1,baja,2026-10-05T18:06:10,mirova-archivo,1
2022-12-27T05:12:00,357120,Villarrica,VIIRS750,6.649,1.68,1,baja,2026-10-05T18:06:10,mirova-archivo,1
2022-12-27T05:45:00,357120,Villarrica,MODIS,8.102,2.24,1,baja,2026-10-05T18:06:10,mirova-archivo,1
2022-12-27T06:00:00,357120,Villarrica,VIIRS750,9.642,1.68,1,baja,2026-10-05T18:06:10,mirova-archivo,1
2022-12-28T03:30:00,357120,Villarrica,MODIS,18.06,2.24,1,moderada,2026-10-05T18:06:10,mirova-archivo,1
2022-12-28T04:54:00,357120,Villarrica,VIIRS375,0.133,2.37,1,muy baja,2026-10-05T18:06:10,mirova-archivo,1
2022-12-28T05:42:00,357120,Villarrica,VIIRS750,13.45,1.06,1,moderada,2026-10-05T18:06:10,mirova-archivo,1
2022-12-28T06:25:00,357120,Villarrica,MODIS,8.08,1.41,1,baja,2026-10-05T18:06:10,mirova-archivo,1
2022-12-28T06:36:00,357120,Villarrica,VIIRS375,1.246,0.84,1,baja,2026-10-05T18:06:10,mirova-archivo,1
2022-12-28T14:35:00,357120,Villarrica,MODIS,21.57,1.41,1,moderada,2026-10-05T18:06:10,mirova-archivo,1
2022-12-30T03:15:00,357120,Villarrica,MODIS,8.683,2.00,1,baja,2026-10-05T18:06:10,mirova-archivo,1
2022-12-30T05:06:00,357120,Villarrica,VIIRS375,7.371,12.34,0,fuera de radio,2026-10-05T18:06:10,mirova-archivo,1
2022-12-30T05:54:00,357120,Villarrica,VIIRS750,13.7,1.06,1,moderada,2026-10-05T18:06:10,mirova-archivo,1
2022-12-30T06:10:00,357120,Villarrica,MODIS,14.43,1.41,1,moderada,2026-10-05T18:06:10,mirova-archivo,1
2022-12-31T05:36:00,357120,Villarrica,VIIRS375,5.235,1.06,1,baja,2026-10-05T18:06:10,mirova-archivo,1
2022-12-31T06:24:00,357120,Villarrica,VIIRS375,1.156,0.84,1,baja,2026-10-05T18:06:10,mirova-archivo,1
2023-01-02T03:40:00,357120,Villarrica,MODIS,55.84,2.24,1,moderada,2026-10-05T18:06:10,mirova-archivo,1
2023-01-02T05:00:00,357120,Villarrica,VIIRS375,2.117,2.37,1,baja,2026-10-05T18:06:10,mirova-archivo,1
2023-01-02T05:48:00,357120,Villarrica,VIIRS750,12.38,1.06,1,moderada,2026-10-05T18:06:10,mirova-archivo,1
2023-01-02T06:42:00,357120,Villarrica,VIIRS375,0.3168,0.53,1,muy baja,2026-10-05T18:06:10,mirova-archivo,1
2023-01-03T05:30:00,357120,Villarrica,VIIRS375,0.6135,1.06,1,muy baja,2026-10-05T18:06:10,mirova-archivo,1
2023-01-03T06:24:00,357120,Villarrica,VIIRS750,9.601,1.50,1,baja,2026-10-05T18:06:10,mirova-archivo,1
2023-01-04T03:25:00,357120,Villarrica,MODIS,4.831,1.41,1,baja,2026-10-05T18:06:10,mirova-archivo,1
2023-01-04T05:12:00,357120,Villarrica,VIIRS375,10.36,1.91,1,moderada,2026-10-05T18:06:10,mirova-archivo,1
2023-01-04T06:00:00,357120,Villarrica,VIIRS375,5.444,1.06,1,baja,2026-10-05T18:06:10,mirova-archivo,1
2023-01-04T06:30:00,357120,Villarrica,MODIS,1.152,1.41,1,baja,2026-10-05T18:06:10,mirova-archivo,1
2023-01-05T05:42:00,357120,Villarrica,VIIRS750,5.176,1.68,1,baja,2026-10-05T18:06:10,mirova-archivo,1
2023-01-06T05:24:00,357120,Villarrica,VIIRS375,4.248,1.19,1,baja,2026-10-05T18:06:10,mirova-archivo,1
2023-01-06T06:12:00,357120,Villarrica,VIIRS375,5.257,0.84,1,baja,2026-10-05T18:06:10,mirova-archivo,1
2023-01-06T06:15:00,357120,Villarrica,MODIS,5.113,1.41,1,baja,2026-10-05T18:06:10,mirova-archivo,1
2023-01-07T05:06:00,357120,Villarrica,VIIRS375,1.665,1.55,1,baja,2026-10-05T18:06:10,mirova-archivo,1
2023-01-07T05:54:00,357120,Villarrica,VIIRS750,7.167,1.06,1,baja,2026-10-05T18:06:10,mirova-archivo,1
2023-01-07T06:48:00,357120,Villarrica,VIIRS375,0.04957,1.06,1,muy baja,2026-10-05T18:06:10,mirova-archivo,1
2023-01-08T05:36:00,357120,Villarrica,VIIRS750,9.737,1.06,1,baja,2026-10-05T18:06:10,mirova-archivo,1
2023-01-08T06:00:00,357120,Villarrica,MODIS,10.65,1.41,1,moderada,2026-10-05T18:06:10,mirova-archivo,1
2023-01-08T06:30:00,357120,Villarrica,VIIRS375,0.7111,0.75,1,muy baja,2026-10-05T18:06:10,mirova-archivo,1
2023-01-09T03:35:00,357120,Villarrica,MODIS,6.689,1.41,1,baja,2026-10-05T18:06:10,mirova-archivo,1
2023-01-09T05:18:00,357120,Villarrica,VIIRS375,0.3838,1.55,1,muy baja,2026-10-05T18:06:10,mirova-archivo,1
2023-01-11T03:15:00,357120,Villarrica,MODIS,13.8,2.00,1,moderada,2026-10-05T18:06:10,mirova-archivo,1
2023-01-11T05:30:00,357120,Villarrica,VIIRS750,11.75,1.68,1,moderada,2026-10-05T18:06:10,mirova-archivo,1
2023-01-11T06:18:00,357120,Villarrica,VIIRS375,4.975,0.84,1,baja,2026-10-05T18:06:10,mirova-archivo,1
2023-01-12T04:00:00,357120,Villarrica,MODIS,83.75,2.83,1,moderada,2026-10-05T18:06:10,mirova-archivo,1
2023-01-12T05:12:00,357120,Villarrica,VIIRS375,1.449,1.55,1,baja,2026-10-05T18:06:10,mirova-archivo,1
2023-01-12T06:00:00,357120,Villarrica,VIIRS750,5.11,1.06,1,baja,2026-10-05T18:06:10,mirova-archivo,1
2023-01-13T03:00:00,357120,Villarrica,MODIS,8.877,2.00,1,baja,2026-10-05T18:06:10,mirova-archivo,1
2023-01-13T04:54:00,357120,Villarrica,VIIRS375,13.86,2.52,1,moderada,2026-10-05T18:06:10,mirova-archivo,1
2023-01-13T05:42:00,357120,Villarrica,VIIRS750,11.27,1.06,1,moderada,2026-10-05T18:06:10,mirova-archivo,1
2023-01-13T06:20:00,357120,Villarrica,MODIS,15.78,1.41,1,moderada,2026-10-05T18:06:10,mirova-archivo,1
2023-01-13T06:36:00,357120,Villarrica,VIIRS375,0.3968,0.75,1,muy baja,2026-10-05T18:06:10,mirova-archivo,1
2023-01-14T05:24:00,357120,Villarrica,VIIRS750,8.935,1.68,1,baja,2026-10-05T18:06:10,mirova-archivo,1
2023-01-14T06:18:00,357120,Villarrica,VIIRS750,13.17,1.06,1,moderada,2026-10-05T18:06:10,mirova-archivo,1
2023-01-15T05:06:00,357120,Villarrica,VIIRS375,2.231,2.02,1,baja,2026-10-05T18:06:10,mirova-archivo,1
2023-01-15T05:54:00,357120,Villarrica,VIIRS375,4.141,1.06,1,baja,2026-10-05T18:06:10,mirova-archivo,1
2023-01-15T06:05:00,357120,Villarrica,MODIS,0.8885,0.00,1,muy baja,2026-10-05T18:06:10,mirova-archivo,1
2023-01-16T03:25:00,357120,Villarrica,MODIS,8.309,1.41,1,baja,2026-10-05T18:06:10,mirova-archivo,1
2023-01-16T05:36:00,357120,Villarrica,VIIRS750,6.106,1.68,1,baja,2026-10-05T18:06:10,mirova-archivo,1
2023-01-16T06:24:00,357120,Villarrica,VIIRS750,8.531,1.06,1,baja,2026-10-05T18:06:10,mirova-archivo,1
2023-01-17T05:18:00,357120,Villarrica,VIIRS375,4.168,1.35,1,baja,2026-10-05T18:06:10,mirova-archivo,1
2023-01-17T05:50:00,357120,Villarrica,MODIS,0.8055,1.00,1,muy baja,2026-10-05T18:06:10,mirova-archivo,1
2023-01-17T06:06:00,357120,Villarrica,VIIRS750,5.733,1.06,1,baja,2026-10-05T18:06:10,mirova-archivo,1
2023-01-18T03:10:00,357120,Villarrica,MODIS,27.28,2.24,1,moderada,2026-10-05T18:06:10,mirova-archivo,1
2023-01-18T05:00:00,357120,Villarrica,VIIRS375,10.56,2.02,1,moderada,2026-10-05T18:06:10,mirova-archivo,1
2023-01-18T05:48:00,357120,Villarrica,VIIRS750,17.65,1.06,1,moderada,2026-10-05T18:06:10,mirova-archivo,1
2023-01-18T06:35:00,357120,Villarrica,MODIS,3.585,2.00,1,baja,2026-10-05T18:06:10,mirova-archivo,1
2023-01-18T06:42:00,357120,Villarrica,VIIRS375,0.2397,0.84,1,muy baja,2026-10-05T18:06:10,mirova-archivo,1
2023-01-19T05:30:00,357120,Villarrica,VIIRS375,4.614,1.35,1,baja,2026-10-05T18:06:10,mirova-archivo,1
2023-01-19T05:40:00,357120,Villarrica,MODIS,7.284,2.00,1,baja,2026-10-05T18:06:10,mirova-archivo,1
2023-01-19T06:24:00,357120,Villarrica,VIIRS375,2.152,1.06,1,baja,2026-10-05T18:06:10,mirova-archivo,1
2023-01-20T05:12:00,357120,Villarrica,VIIRS375,0.117,1.68,1,muy baja,2026-10-05T18:06:10,mirova-archivo,1
2023-01-20T06:00:00,357120,Villarrica,VIIRS375,1.692,1.19,1,baja,2026-10-05T18:06:10,mirova-archivo,1
2023-01-21T03:35:00,357120,Villarrica,MODIS,1.64,1.41,1,baja,2026-10-05T18:06:10,mirova-archivo,1
2023-01-21T04:54:00,357120,Villarrica,VIIRS375,0.5721,2.37,1,muy baja,2026-10-05T18:06:10,mirova-archivo,1
2023-01-21T05:25:00,357120,Villarrica,MODIS,6.736,2.83,1,baja,2026-10-05T18:06:10,mirova-archivo,1
2023-01-21T05:42:00,357120,Villarrica,VIIRS375,5.003,0.84,1,baja,2026-10-05T18:06:10,mirova-archivo,1
2023-01-21T06:30:00,357120,Villarrica,VIIRS375,6.182,1.19,1,baja,2026-10-05T18:06:10,mirova-archivo,1
2023-01-22T05:24:00,357120,Villarrica,VIIRS375,2.02,1.35,1,baja,2026-10-05T18:06:10,mirova-archivo,1
2023-01-22T06:10:00,357120,Villarrica,MODIS,2.454,1.00,1,baja,2026-10-05T18:06:10,mirova-archivo,1
2023-01-22T06:12:00,357120,Villarrica,VIIRS375,3.599,1.06,1,baja,2026-10-05T18:06:10,mirova-archivo,1
2023-01-23T03:20:00,357120,Villarrica,MODIS,18.4,2.00,1,moderada,2026-10-05T18:06:10,mirova-archivo,1
2023-01-23T05:06:00,357120,Villarrica,VIIRS750,6.998,2.37,1,baja,2026-10-05T18:06:10,mirova-archivo,1
2023-01-23T05:54:00,357120,Villarrica,VIIRS750,13.99,1.68,1,moderada,2026-10-05T18:06:10,mirova-archivo,1
2023-01-23T06:48:00,357120,Villarrica,VIIRS375,0.3516,0.84,1,muy baja,2026-10-05T18:06:10,mirova-archivo,1
2023-01-23T14:25:00,357120,Villarrica,MODIS,18.5,1.00,1,moderada,2026-10-05T18:06:10,mirova-archivo,1
2023-01-25T05:18:00,357120,Villarrica,VIIRS375,6.052,1.55,1,baja,2026-10-05T18:06:10,mirova-archivo,1
2023-01-26T03:45:00,357120,Villarrica,MODIS,1.502,1.41,1,baja,2026-10-05T18:06:10,mirova-archivo,1
2023-01-26T05:00:00,357120,Villarrica,VIIRS375,0.3619,2.52,1,muy baja,2026-10-05T18:06:10,mirova-archivo,1
2023-01-26T05:48:00,357120,Villarrica,VIIRS375,2.922,0.84,1,baja,2026-10-05T18:06:10,mirova-archivo,1
2023-01-27T05:30:00,357120,Villarrica,VIIRS750,8.092,1.68,1,baja,2026-10-05T18:06:10,mirova-archivo,1
2023-01-27T06:18:00,357120,Villarrica,VIIRS375,5.87,1.06,1,baja,2026-10-05T18:06:10,mirova-archivo,1
2023-01-27T06:25:00,357120,Villarrica,MODIS,5.047,1.41,1,baja,2026-10-05T18:06:10,mirova-archivo,1
2023-01-28T03:30:00,357120,Villarrica,MODIS,20.59,2.00,1,moderada,2026-10-05T18:06:10,mirova-archivo,1
2023-01-28T05:12:00,357120,Villarrica,VIIRS375,1.909,1.55,1,baja,2026-10-05T18:06:10,mirova-archivo,1
2023-01-28T06:00:00,357120,Villarrica,VIIRS750,17.38,1.50,1,moderada,2026-10-05T18:06:10,mirova-archivo,1
2023-01-29T04:54:00,357120,Villarrica,VIIRS375,0.4093,2.02,1,muy baja,2026-10-05T18:06:10,mirova-archivo,1
2023-01-29T05:42:00,357120,Villarrica,VIIRS750,12.83,1.68,1,moderada,2026-10-05T18:06:10,mirova-archivo,1
2023-01-29T06:10:00,357120,Villarrica,MODIS,21.85,1.41,1,moderada,2026-10-05T18:06:10,mirova-archivo,1
2023-01-29T06:36:00,357120,Villarrica,VIIRS375,1.051,0.84,1,baja,2026-10-05T18:06:10,mirova-archivo,1
2023-01-30T05:24:00,357120,Villarrica,VIIRS750,8.549,1.68,1,baja,2026-10-05T18:06:10,mirova-archivo,1
2023-01-30T06:18:00,357120,Villarrica,VIIRS750,8.72,1.06,1,baja,2026-10-05T18:06:10,mirova-archivo,1
2023-01-31T05:06:00,357120,Villarrica,VIIRS375,0.2,1.35,1,muy baja,2026-10-05T18:06:10,mirova-archivo,1
2023-01-31T05:54:00,357120,Villarrica,VIIRS375,6.747,0.84,1,baja,2026-10-05T18:06:10,mirova-archivo,1
2023-02-01T05:36:00,357120,Villarrica,VIIRS750,25.08,2.12,1,moderada,2026-10-05T18:06:10,mirova-archivo,1
2023-02-01T06:24:00,357120,Villarrica,VIIRS375,1.527,0.75,1,baja,2026-10-05T18:06:10,mirova-archivo,1
2023-02-02T05:18:00,357120,Villarrica,VIIRS375,3.055,1.19,1,baja,2026-10-05T18:06:10,mirova-archivo,1
2023-02-02T06:06:00,357120,Villarrica,VIIRS750,6.329,1.06,1,baja,2026-10-05T18:06:10,mirova-archivo,1
2023-02-03T05:00:00,357120,Villarrica,VIIRS375,0.8786,2.37,1,muy baja,2026-10-05T18:06:10,mirova-archivo,1
2023-02-03T05:48:00,357120,Villarrica,VIIRS750,39.92,1.06,1,moderada,2026-10-05T18:06:10,mirova-archivo,1
2023-02-03T06:25:00,357120,Villarrica,MODIS,20.04,2.24,1,moderada,2026-10-05T18:06:10,mirova-archivo,1
2023-02-04T05:30:00,357120,Villarrica,VIIRS750,8.794,1.68,1,baja,2026-10-05T18:06:10,mirova-archivo,1
2023-02-04T06:24:00,357120,Villarrica,VIIRS375,1.3,0.84,1,baja,2026-10-05T18:06:10,mirova-archivo,1
2023-02-05T05:12:00,357120,Villarrica,VIIRS375,1.272,1.55,1,baja,2026-10-05T18:06:10,mirova-archivo,1
2023-02-05T06:15:00,357120,Villarrica,MODIS,6.256,1.41,1,baja,2026-10-05T18:06:10,mirova-archivo,1
2023-02-06T03:05:00,357120,Villarrica,MODIS,1.039,1.00,1,baja,2026-10-05T18:06:10,mirova-archivo,1
2023-02-06T04:54:00,357120,Villarrica,VIIRS375,0.08796,2.02,1,muy baja,2026-10-05T18:06:10,mirova-archivo,1
2023-02-06T05:42:00,357120,Villarrica,VIIRS750,8.207,1.06,1,baja,2026-10-05T18:06:10,mirova-archivo,1
2023-02-06T06:30:00,357120,Villarrica,VIIRS375,0.09096,0.53,1,muy baja,2026-10-05T18:06:10,mirova-archivo,1
2023-02-07T05:24:00,357120,Villarrica,VIIRS750,8.687,1.68,1,baja,2026-10-05T18:06:10,mirova-archivo,1
2023-02-07T06:00:00,357120,Villarrica,MODIS,13.48,1.41,1,moderada,2026-10-05T18:06:10,mirova-archivo,1
2023-02-07T06:12:00,357120,Villarrica,VIIRS375,6.18,0.84,1,baja,2026-10-05T18:06:10,mirova-archivo,1
2023-02-08T05:06:00,357120,Villarrica,VIIRS375,0.8033,2.37,1,muy baja,2026-10-05T18:06:10,mirova-archivo,1
2023-02-08T05:54:00,357120,Villarrica,VIIRS750,8.071,1.68,1,baja,2026-10-05T18:06:10,mirova-archivo,1
2023-02-09T03:30:00,357120,Villarrica,MODIS,1.941,1.00,1,baja,2026-10-05T18:06:10,mirova-archivo,1
2023-02-09T05:36:00,357120,Villarrica,VIIRS750,15.67,1.68,1,moderada,2026-10-05T18:06:10,mirova-archivo,1
2023-02-09T05:45:00,357120,Villarrica,MODIS,3.436,2.24,1,baja,2026-10-05T18:06:10,mirova-archivo,1
2023-02-09T06:30:00,357120,Villarrica,VIIRS375,1.296,0.53,1,baja,2026-10-05T18:06:10,mirova-archivo,1
2023-02-11T03:15:00,357120,Villarrica,MODIS,17.28,2.00,1,moderada,2026-10-05T18:06:10,mirova-archivo,1
2023-02-11T05:00:00,357120,Villarrica,VIIRS375,0.7711,2.37,1,muy baja,2026-10-05T18:06:10,mirova-archivo,1
2023-02-11T05:35:00,357120,Villarrica,MODIS,0.4338,1.41,1,muy baja,2026-10-05T18:06:10,mirova-archivo,1
2023-02-11T05:48:00,357120,Villarrica,VIIRS750,11.22,1.06,1,moderada,2026-10-05T18:06:10,mirova-archivo,1
2023-02-11T14:20:00,357120,Villarrica,MODIS,2.506,1.00,1,baja,2026-10-05T18:06:10,mirova-archivo,1
2023-02-13T05:12:00,357120,Villarrica,VIIRS375,4.265,1.35,1,baja,2026-10-05T18:06:10,mirova-archivo,1
2023-02-13T06:00:00,357120,Villarrica,VIIRS750,14.09,1.06,1,moderada,2026-10-05T18:06:10,mirova-archivo,1
2023-02-15T05:24:00,357120,Villarrica,VIIRS375,5.804,1.35,1,baja,2026-10-05T18:06:10,mirova-archivo,1
2023-02-15T06:18:00,357120,Villarrica,VIIRS375,3.566,0.84,1,baja,2026-10-05T18:06:10,mirova-archivo,1
2023-02-16T03:25:00,357120,Villarrica,MODIS,21.04,2.00,1,moderada,2026-10-05T18:06:10,mirova-archivo,1
2023-02-16T05:06:00,357120,Villarrica,VIIRS375,5.961,1.55,1,baja,2026-10-05T18:06:10,mirova-archivo,1
2023-02-16T05:50:00,357120,Villarrica,MODIS,7.279,1.00,1,baja,2026-10-05T18:06:10,mirova-archivo,1
2023-02-16T05:54:00,357120,Villarrica,VIIRS750,8.13,1.68,1,baja,2026-10-05T18:06:10,mirova-archivo,1
2023-02-17T05:36:00,357120,Villarrica,VIIRS375,3.908,1.19,1,baja,2026-10-05T18:06:10,mirova-archivo,1
2023-02-17T06:24:00,357120,Villarrica,VIIRS375,0.8512,0.84,1,muy baja,2026-10-05T18:06:10,mirova-archivo,1
2023-02-17T06:30:00,357120,Villarrica,MODIS,2.886,2.00,1,baja,2026-10-05T18:06:10,mirova-archivo,1
2023-02-18T03:10:00,357120,Villarrica,MODIS,1.538,2.00,1,baja,2026-10-05T18:06:10,mirova-archivo,1
2023-02-18T05:18:00,357120,Villarrica,VIIRS375,4.207,1.35,1,baja,2026-10-05T18:06:10,mirova-archivo,1
2023-02-18T06:06:00,357120,Villarrica,VIIRS375,8.062,1.06,1,baja,2026-10-05T18:06:10,mirova-archivo,1
2023-02-19T03:50:00,357120,Villarrica,MODIS,15.96,2.00,1,moderada,2026-10-05T18:06:10,mirova-archivo,1
2023-02-19T05:00:00,357120,Villarrica,VIIRS375,3.574,2.52,1,baja,2026-10-05T18:06:10,mirova-archivo,1
2023-02-19T05:48:00,357120,Villarrica,VIIRS750,23.21,1.06,1,moderada,2026-10-05T18:06:10,mirova-archivo,1
2023-02-19T06:20:00,357120,Villarrica,MODIS,9.942,2.24,1,baja,2026-10-05T18:06:10,mirova-archivo,1
2023-02-20T05:30:00,357120,Villarrica,VIIRS750,7.343,1.68,1,baja,2026-10-05T18:06:10,mirova-archivo,1
2023-02-20T06:24:00,357120,Villarrica,VIIRS750,9.639,1.68,1,baja,2026-10-05T18:06:10,mirova-archivo,1
2023-02-21T05:12:00,357120,Villarrica,VIIRS750,6.385,1.68,1,baja,2026-10-05T18:06:10,mirova-archivo,1
2023-02-21T06:05:00,357120,Villarrica,MODIS,8.074,1.00,1,baja,2026-10-05T18:06:10,mirova-archivo,1
2023-02-21T14:35:00,357120,Villarrica,MODIS,7.134,1.00,1,baja,2026-10-05T18:06:10,mirova-archivo,1
2023-02-22T05:42:00,357120,Villarrica,VIIRS375,6.656,1.06,1,baja,2026-10-05T18:06:10,mirova-archivo,1
2023-02-22T06:30:00,357120,Villarrica,VIIRS375,0.2658,0.84,1,muy baja,2026-10-05T18:06:10,mirova-archivo,1
2023-02-23T05:24:00,357120,Villarrica,VIIRS375,2.93,1.19,1,baja,2026-10-05T18:06:10,mirova-archivo,1
2023-02-23T05:50:00,357120,Villarrica,MODIS,3.756,1.00,1,baja,2026-10-05T18:06:10,mirova-archivo,1
2023-02-23T06:12:00,357120,Villarrica,VIIRS375,1.598,1.06,1,baja,2026-10-05T18:06:10,mirova-archivo,1
2023-02-24T05:06:00,357120,Villarrica,VIIRS750,9.573,2.37,1,baja,2026-10-05T18:06:10,mirova-archivo,1
2023-02-24T05:54:00,357120,Villarrica,VIIRS750,19.11,1.06,1,moderada,2026-10-05T18:06:10,mirova-archivo,1
2023-02-24T06:35:00,357120,Villarrica,MODIS,3.003,1.41,1,baja,2026-10-05T18:06:10,mirova-archivo,1
2023-02-26T03:40:00,357120,Villarrica,MODIS,0.9498,1.00,1,muy baja,2026-10-05T18:06:10,mirova-archivo,1
2023-02-26T05:18:00,357120,Villarrica,VIIRS375,2.365,1.55,1,baja,2026-10-05T18:06:10,mirova-archivo,1
2023-02-27T05:00:00,357120,Villarrica,VIIRS375,1.447,2.02,1,baja,2026-10-05T18:06:10,mirova-archivo,1
2023-02-27T05:48:00,357120,Villarrica,VIIRS375,4.844,1.06,1,baja,2026-10-05T18:06:10,mirova-archivo,1
2023-02-27T06:42:00,357120,Villarrica,VIIRS750,22.71,2.25,1,moderada,2026-10-05T18:06:10,mirova-archivo,1
2023-02-28T03:25:00,357120,Villarrica,MODIS,18.51,2.00,1,moderada,2026-10-05T18:06:10,mirova-archivo,1
2023-02-28T05:30:00,357120,Villarrica,VIIRS750,9.387,1.68,1,baja,2026-10-05T18:06:10,mirova-archivo,1
2023-02-28T06:18:00,357120,Villarrica,VIIRS375,6.197,1.19,1,baja,2026-10-05T18:06:10,mirova-archivo,1
2023-03-01T05:12:00,357120,Villarrica,VIIRS375,5.366,1.55,1,baja,2026-10-05T18:06:10,mirova-archivo,1
2023-03-01T06:00:00,357120,Villarrica,VIIRS750,6.194,1.06,1,baja,2026-10-05T18:06:10,mirova-archivo,1
2023-03-02T03:10:00,357120,Villarrica,MODIS,4.872,2.00,1,baja,2026-10-05T18:06:10,mirova-archivo,1
2023-03-02T05:42:00,357120,Villarrica,VIIRS750,8.05,1.06,1,baja,2026-10-05T18:06:10,mirova-archivo,1
2023-03-02T05:55:00,357120,Villarrica,MODIS,8.593,2.24,1,baja,2026-10-05T18:06:10,mirova-archivo,1
2023-03-02T06:36:00,357120,Villarrica,VIIRS375,0.5854,0.84,1,muy baja,2026-10-05T18:06:10,mirova-archivo,1
2023-03-03T05:24:00,357120,Villarrica,VIIRS750,10.04,1.50,1,moderada,2026-10-05T18:06:10,mirova-archivo,1
2023-03-03T06:18:00,357120,Villarrica,VIIRS375,5.728,0.84,1,baja,2026-10-05T18:06:10,mirova-archivo,1
2023-03-04T05:06:00,357120,Villarrica,VIIRS375,1.527,1.68,1,baja,2026-10-05T18:06:10,mirova-archivo,1
2023-03-04T05:40:00,357120,Villarrica,MODIS,1.848,1.41,1,baja,2026-10-05T18:06:10,mirova-archivo,1
2023-03-04T05:54:00,357120,Villarrica,VIIRS750,12.74,1.06,1,moderada,2026-10-05T18:06:10,mirova-archivo,1
2023-03-05T03:35:00,357120,Villarrica,MODIS,17.39,2.00,1,moderada,2026-10-05T18:06:10,mirova-archivo,1
2023-03-05T05:36:00,357120,Villarrica,VIIRS750,15.76,1.68,1,moderada,2026-10-05T18:06:10,mirova-archivo,1
2023-03-05T06:20:00,357120,Villarrica,MODIS,8.453,2.24,1,baja,2026-10-05T18:06:10,mirova-archivo,1
2023-03-05T06:24:00,357120,Villarrica,VIIRS375,0.7033,12.69,0,no volcanica,2026-10-05T18:06:10,mirova-archivo,0
2023-03-06T05:18:00,357120,Villarrica,VIIRS375,5.082,1.55,1,baja,2026-10-05T18:06:10,mirova-archivo,1
2023-03-06T06:06:00,357120,Villarrica,VIIRS750,5.272,1.06,1,baja,2026-10-05T18:06:10,mirova-archivo,1
2023-03-10T05:42:00,357120,Villarrica,VIIRS375,0.1296,0.84,1,muy baja,2026-10-05T18:06:10,mirova-archivo,1
2023-03-11T05:24:00,357120,Villarrica,VIIRS375,2.8,1.19,1,baja,2026-10-05T18:06:10,mirova-archivo,1
2023-03-11T06:12:00,357120,Villarrica,VIIRS375,0.215,0.53,1,muy baja,2026-10-05T18:06:10,mirova-archivo,1
2023-03-13T05:36:00,357120,Villarrica,VIIRS375,0.6031,17.89,0,no volcanica,2026-10-05T18:06:10,mirova-archivo,0
2023-03-13T06:30:00,357120,Villarrica,VIIRS375,1.681,1.55,1,baja,2026-10-05T18:06:10,mirova-archivo,1
2023-03-19T03:20:00,357120,Villarrica,MODIS,5.481,2.00,1,baja,2026-10-05T18:06:10,mirova-archivo,1
2023-03-19T05:24:00,357120,Villarrica,VIIRS750,5.996,1.68,1,baja,2026-10-05T18:06:10,mirova-archivo,1
2023-03-19T06:18:00,357120,Villarrica,VIIRS750,6.831,1.06,1,baja,2026-10-05T18:06:10,mirova-archivo,1
2023-03-19T06:25:00,357120,Villarrica,MODIS,7.854,1.41,1,baja,2026-10-05T18:06:10,mirova-archivo,1
2023-03-19T14:25:00,357120,Villarrica,MODIS,2.792,1.00,1,baja,2026-10-05T18:06:10,mirova-archivo,1
2023-03-20T04:00:00,357120,Villarrica,MODIS,1.406,1.41,1,baja,2026-10-05T18:06:10,mirova-archivo,1
2023-03-20T05:30:00,357120,Villarrica,MODIS,4.173,2.24,1,baja,2026-10-05T18:06:10,mirova-archivo,1
2023-03-20T06:48:00,357120,Villarrica,VIIRS375,4.881,1.88,1,baja,2026-10-05T18:06:10,mirova-archivo,1
2023-03-22T05:18:00,357120,Villarrica,VIIRS375,6.647,1.19,1,baja,2026-10-05T18:06:10,mirova-archivo,1
2023-03-22T06:06:00,357120,Villarrica,VIIRS375,4.642,0.84,1,baja,2026-10-05T18:06:10,mirova-archivo,1
2023-03-22T14:50:00,357120,Villarrica,MODIS,7.482,1.00,1,baja,2026-10-05T18:06:10,mirova-archivo,1
2023-03-22T18:50:00,357120,Villarrica,MODIS,8.614,2.00,1,baja,2026-10-05T18:06:10,mirova-archivo,1
2023-03-23T02:45:00,357120,Villarrica,MODIS,0.3946,2.24,1,muy baja,2026-10-05T18:06:10,mirova-archivo,1
2023-03-23T05:00:00,357120,Villarrica,VIIRS375,4.061,1.35,1,baja,2026-10-05T18:06:10,mirova-archivo,1
2023-03-23T05:48:00,357120,Villarrica,VIIRS750,5.858,1.06,1,baja,2026-10-05T18:06:10,mirova-archivo,1
2023-03-23T05:55:00,357120,Villarrica,MODIS,7.557,1.41,1,baja,2026-10-05T18:06:10,mirova-archivo,1
2023-03-23T06:42:00,357120,Villarrica,VIIRS375,1.757,0.84,1,baja,2026-10-05T18:06:10,mirova-archivo,1
2023-03-23T19:35:00,357120,Villarrica,MODIS,90.2,19.92,0,no volcanica,2026-10-05T18:06:10,mirova-archivo,0
2023-03-23T19:48:00,357120,Villarrica,VIIRS375,72.62,19.46,0,no volcanica,2026-10-05T18:06:10,mirova-archivo,0
2023-03-24T03:30:00,357120,Villarrica,MODIS,10.02,1.00,1,moderada,2026-10-05T18:06:10,mirova-archivo,1
2023-03-24T05:30:00,357120,Villarrica,VIIRS750,5.792,1.68,1,baja,2026-10-05T18:06:10,mirova-archivo,1
2023-03-24T06:24:00,357120,Villarrica,VIIRS750,11.28,1.68,1,moderada,2026-10-05T18:06:10,mirova-archivo,1
2023-03-24T06:40:00,357120,Villarrica,MODIS,10.44,2.24,1,moderada,2026-10-05T18:06:10,mirova-archivo,1
2023-03-25T05:12:00,357120,Villarrica,VIIRS750,9.413,2.12,1,baja,2026-10-05T18:06:10,mirova-archivo,1
2023-03-25T05:45:00,357120,Villarrica,MODIS,3.708,2.00,1,baja,2026-10-05T18:06:10,mirova-archivo,1
2023-03-25T06:06:00,357120,Villarrica,VIIRS750,7.036,1.06,1,baja,2026-10-05T18:06:10,mirova-archivo,1
2023-03-26T03:10:00,357120,Villarrica,MODIS,0.6561,1.00,1,muy baja,2026-10-05T18:06:10,mirova-archivo,1
2023-03-26T04:54:00,357120,Villarrica,VIIRS375,1.238,2.19,1,baja,2026-10-05T18:06:10,mirova-archivo,1
2023-03-26T05:42:00,357120,Villarrica,VIIRS750,8.316,1.68,1,baja,2026-10-05T18:06:10,mirova-archivo,1
2023-03-26T06:25:00,357120,Villarrica,MODIS,3.206,1.00,1,baja,2026-10-05T18:06:10,mirova-archivo,1
2023-03-26T06:36:00,357120,Villarrica,VIIRS375,7.594,0.84,1,baja,2026-10-05T18:06:10,mirova-archivo,1
2023-03-27T03:55:00,357120,Villarrica,MODIS,1.746,1.41,1,baja,2026-10-05T18:06:10,mirova-archivo,1
2023-03-27T05:24:00,357120,Villarrica,VIIRS375,5.507,1.55,1,baja,2026-10-05T18:06:10,mirova-archivo,1
2023-03-27T06:12:00,357120,Villarrica,VIIRS375,6.718,0.84,1,baja,2026-10-05T18:06:10,mirova-archivo,1
2023-03-30T05:18:00,357120,Villarrica,VIIRS375,2.711,1.19,1,baja,2026-10-05T18:06:10,mirova-archivo,1
2023-03-30T06:12:00,357120,Villarrica,VIIRS375,7.203,1.06,1,baja,2026-10-05T18:06:10,mirova-archivo,1
2023-03-31T03:20:00,357120,Villarrica,MODIS,2.627,1.41,1,baja,2026-10-05T18:06:10,mirova-archivo,1
2023-03-31T05:00:00,357120,Villarrica,VIIRS375,1.425,2.37,1,baja,2026-10-05T18:06:10,mirova-archivo,1
2023-04-02T06:00:00,357120,Villarrica,VIIRS375,0.038,0.84,1,muy baja,2026-10-05T18:06:10,mirova-archivo,1
2023-04-03T03:45:00,357120,Villarrica,MODIS,0.997,1.41,1,muy baja,2026-10-05T18:06:10,mirova-archivo,1
2023-04-03T05:42:00,357120,Villarrica,VIIRS375,5.465,0.84,1,baja,2026-10-05T18:06:10,mirova-archivo,1
2023-04-03T06:36:00,357120,Villarrica,VIIRS375,8.208,0.53,1,baja,2026-10-05T18:06:10,mirova-archivo,1
2023-04-04T05:24:00,357120,Villarrica,VIIRS375,2.173,1.35,1,baja,2026-10-05T18:06:10,mirova-archivo,1
2023-04-04T06:10:00,357120,Villarrica,MODIS,5.941,1.41,1,baja,2026-10-05T18:06:10,mirova-archivo,1
2023-04-04T06:18:00,357120,Villarrica,VIIRS750,5.098,1.06,1,baja,2026-10-05T18:06:10,mirova-archivo,1
2023-04-05T05:06:00,357120,Villarrica,VIIRS375,0.6031,2.02,1,muy baja,2026-10-05T18:06:10,mirova-archivo,1
2023-04-05T06:00:00,357120,Villarrica,VIIRS375,0.8533,0.84,1,muy baja,2026-10-05T18:06:10,mirova-archivo,1
2023-04-07T05:18:00,357120,Villarrica,VIIRS375,0.7441,1.19,1,muy baja,2026-10-05T18:06:10,mirova-archivo,1
2023-04-07T06:06:00,357120,Villarrica,VIIRS375,1.622,0.84,1,baja,2026-10-05T18:06:10,mirova-archivo,1
2023-04-08T05:00:00,357120,Villarrica,VIIRS375,0.1196,2.02,1,muy baja,2026-10-05T18:06:10,mirova-archivo,1
2023-04-08T05:48:00,357120,Villarrica,VIIRS375,3.76,0.84,1,baja,2026-10-05T18:06:10,mirova-archivo,1
2023-04-09T05:30:00,357120,Villarrica,VIIRS375,3.322,1.06,1,baja,2026-10-05T18:06:10,mirova-archivo,1
2023-04-09T06:24:00,357120,Villarrica,VIIRS375,0.4515,0.84,1,muy baja,2026-10-05T18:06:10,mirova-archivo,1
2023-04-12T03:20:00,357120,Villarrica,MODIS,1.385,1.00,1,baja,2026-10-05T18:06:10,mirova-archivo,1
2023-04-12T05:24:00,357120,Villarrica,VIIRS375,0.7674,1.35,1,muy baja,2026-10-05T18:06:10,mirova-archivo,1
2023-04-12T06:12:00,357120,Villarrica,VIIRS375,0.3935,0.84,1,muy baja,2026-10-05T18:06:10,mirova-archivo,1
2023-04-14T05:36:00,357120,Villarrica,VIIRS375,3.342,1.06,1,baja,2026-10-05T18:06:10,mirova-archivo,1
2023-04-15T05:18:00,357120,Villarrica,VIIRS375,0.4253,1.35,1,muy baja,2026-10-05T18:06:10,mirova-archivo,1
2023-04-20T05:24:00,357120,Villarrica,VIIRS375,0.3271,1.19,1,muy baja,2026-10-05T18:06:10,mirova-archivo,1
2023-04-20T06:18:00,357120,Villarrica,VIIRS375,0.2046,0.53,1,muy baja,2026-10-05T18:06:10,mirova-archivo,1
2023-04-22T05:36:00,357120,Villarrica,VIIRS375,3.177,1.06,1,baja,2026-10-05T18:06:10,mirova-archivo,1
2023-04-23T06:06:00,357120,Villarrica,VIIRS375,0.2034,0.84,1,muy baja,2026-10-05T18:06:10,mirova-archivo,1
2023-04-24T03:20:00,357120,Villarrica,MODIS,0.9224,1.00,1,muy baja,2026-10-05T18:06:10,mirova-archivo,1
2023-04-24T05:48:00,357120,Villarrica,VIIRS375,1.292,0.84,1,baja,2026-10-05T18:06:10,mirova-archivo,1
2023-04-26T06:06:00,357120,Villarrica,VIIRS375,0.0636,0.38,1,muy baja,2026-10-05T18:06:10,mirova-archivo,1
2023-04-30T05:36:00,357120,Villarrica,VIIRS375,0.3175,18.88,0,no volcanica,2026-10-05T18:06:10,mirova-archivo,0
2023-05-01T06:12:00,357120,Villarrica,VIIRS375,0.04125,0.38,1,muy baja,2026-10-05T18:06:10,mirova-archivo,1
2023-05-02T05:48:00,357120,Villarrica,VIIRS375,0.4188,0.84,1,muy baja,2026-10-05T18:06:10,mirova-archivo,1
2023-05-03T05:30:00,357120,Villarrica,VIIRS375,0.2746,0.84,1,muy baja,2026-10-05T18:06:10,mirova-archivo,1
2023-05-05T05:42:00,357120,Villarrica,VIIRS375,1.145,0.84,1,baja,2026-10-05T18:06:10,mirova-archivo,1
2023-05-06T03:20:00,357120,Villarrica,MODIS,1.616,1.00,1,baja,2026-10-05T18:06:10,mirova-archivo,1
2023-05-06T05:24:00,357120,Villarrica,VIIRS375,0.08048,0.84,1,muy baja,2026-10-05T18:06:10,mirova-archivo,1
2023-05-08T05:36:00,357120,Villarrica,VIIRS375,1.494,0.84,1,baja,2026-10-05T18:06:10,mirova-archivo,1
2023-05-08T06:30:00,357120,Villarrica,VIIRS375,0.07239,0.53,1,muy baja,2026-10-05T18:06:10,mirova-archivo,1
2023-05-09T06:06:00,357120,Villarrica,VIIRS375,0.09899,0.53,1,muy baja,2026-10-05T18:06:10,mirova-archivo,1
2023-05-11T06:24:00,357120,Villarrica,VIIRS375,0.03841,0.53,1,muy baja,2026-10-05T18:06:10,mirova-archivo,1
2023-05-13T05:42:00,357120,Villarrica,VIIRS375,7.427,1.35,1,baja,2026-10-05T18:06:10,mirova-archivo,1
2023-05-14T06:12:00,357120,Villarrica,VIIRS375,0.09832,0.53,1,muy baja,2026-10-05T18:06:10,mirova-archivo,1
2023-05-14T15:00:00,357120,Villarrica,MODIS,1.2,2.24,1,baja,2026-10-05T18:06:10,mirova-archivo,1
2023-05-15T05:06:00,357120,Villarrica,VIIRS375,0.9502,1.68,1,muy baja,2026-10-05T18:06:10,mirova-archivo,1
2023-05-15T05:54:00,357120,Villarrica,VIIRS375,1.737,1.06,1,baja,2026-10-05T18:06:10,mirova-archivo,1
2023-05-17T06:12:00,357120,Villarrica,VIIRS375,0.04461,0.38,1,muy baja,2026-10-05T18:06:10,mirova-archivo,1
2023-05-20T05:12:00,357120,Villarrica,VIIRS375,0.545,1.19,1,muy baja,2026-10-05T18:06:10,mirova-archivo,1
2023-05-20T05:45:00,357120,Villarrica,MODIS,0.4354,1.00,1,muy baja,2026-10-05T18:06:10,mirova-archivo,1
2023-05-20T06:00:00,357120,Villarrica,VIIRS375,2.362,1.06,1,baja,2026-10-05T18:06:10,mirova-archivo,1
2023-05-27T05:30:00,357120,Villarrica,VIIRS375,0.6288,1.06,1,muy baja,2026-10-05T18:06:10,mirova-archivo,1
2023-05-27T05:45:00,357120,Villarrica,MODIS,0.3406,1.00,1,muy baja,2026-10-05T18:06:10,mirova-archivo,1
2023-05-27T06:24:00,357120,Villarrica,VIIRS375,1.193,0.84,1,baja,2026-10-05T18:06:10,mirova-archivo,1
2023-06-01T03:05:00,357120,Villarrica,MODIS,1.115,1.00,1,baja,2026-10-05T18:06:10,mirova-archivo,1
2023-06-01T05:36:00,357120,Villarrica,VIIRS750,10.44,1.68,1,moderada,2026-10-05T18:06:10,mirova-archivo,1
2023-06-01T06:00:00,357120,Villarrica,MODIS,5.195,1.41,1,baja,2026-10-05T18:06:10,mirova-archivo,1
2023-06-01T06:30:00,357120,Villarrica,VIIRS375,0.9783,0.84,1,muy baja,2026-10-05T18:06:10,mirova-archivo,1
2023-06-04T05:30:00,357120,Villarrica,VIIRS375,4.658,0.84,1,baja,2026-10-05T18:06:10,mirova-archivo,1
2023-06-04T06:25:00,357120,Villarrica,MODIS,0.8239,1.00,1,muy baja,2026-10-05T18:06:10,mirova-archivo,1
2023-06-07T05:24:00,357120,Villarrica,VIIRS375,2.17,1.19,1,baja,2026-10-05T18:06:10,mirova-archivo,1
2023-06-07T06:18:00,357120,Villarrica,VIIRS375,2.113,1.06,1,baja,2026-10-05T18:06:10,mirova-archivo,1
2023-06-11T03:20:00,357120,Villarrica,MODIS,1.087,1.00,1,baja,2026-10-05T18:06:10,mirova-archivo,1
2023-06-11T05:00:00,357120,Villarrica,VIIRS375,0.2696,2.02,1,muy baja,2026-10-05T18:06:10,mirova-archivo,1
2023-06-11T06:42:00,357120,Villarrica,VIIRS375,0.2206,0.84,1,muy baja,2026-10-05T18:06:10,mirova-archivo,1
2023-06-12T06:24:00,357120,Villarrica,VIIRS375,2.703,0.84,1,baja,2026-10-05T18:06:10,mirova-archivo,1
2023-06-13T03:05:00,357120,Villarrica,MODIS,1.935,1.41,1,baja,2026-10-05T18:06:10,mirova-archivo,1
2023-06-13T06:00:00,357120,Villarrica,VIIRS375,3.824,1.19,1,baja,2026-10-05T18:06:10,mirova-archivo,1
2023-06-13T06:10:00,357120,Villarrica,MODIS,12.2,1.41,1,moderada,2026-10-05T18:06:10,mirova-archivo,1
2023-06-15T05:24:00,357120,Villarrica,VIIRS375,1.041,1.19,1,baja,2026-10-05T18:06:10,mirova-archivo,1
2023-06-15T05:55:00,357120,Villarrica,MODIS,0.3761,0.00,1,muy baja,2026-10-05T18:06:10,mirova-archivo,1
2023-06-15T06:12:00,357120,Villarrica,VIIRS375,4.526,0.84,1,baja,2026-10-05T18:06:10,mirova-archivo,1
2023-06-16T03:30:00,357120,Villarrica,MODIS,1.363,1.41,1,baja,2026-10-05T18:06:10,mirova-archivo,1
2023-06-16T05:06:00,357120,Villarrica,VIIRS375,0.07413,1.19,1,muy baja,2026-10-05T18:06:10,mirova-archivo,1
2023-06-16T05:54:00,357120,Villarrica,VIIRS375,4.332,1.06,1,baja,2026-10-05T18:06:10,mirova-archivo,1
2023-06-17T05:36:00,357120,Villarrica,VIIRS375,3.374,1.19,1,baja,2026-10-05T18:06:10,mirova-archivo,1
2023-06-18T05:18:00,357120,Villarrica,VIIRS375,1.496,1.35,1,baja,2026-10-05T18:06:10,mirova-archivo,1
2023-06-19T05:00:00,357120,Villarrica,VIIRS375,0.06114,0.84,1,muy baja,2026-10-05T18:06:10,mirova-archivo,1
2023-06-19T05:48:00,357120,Villarrica,VIIRS375,1.74,22.15,0,fuera de radio,2026-10-05T18:06:10,mirova-archivo,1
2023-06-28T05:30:00,357120,Villarrica,VIIRS375,0.4409,1.06,1,muy baja,2026-10-05T18:06:10,mirova-archivo,1
2023-06-28T06:24:00,357120,Villarrica,VIIRS375,0.03736,0.38,1,muy baja,2026-10-05T18:06:10,mirova-archivo,1
2023-07-03T05:36:00,357120,Villarrica,VIIRS375,0.329,0.84,1,muy baja,2026-10-05T18:06:10,mirova-archivo,1
2023-07-07T05:12:00,357120,Villarrica,VIIRS375,0.5534,1.35,1,muy baja,2026-10-05T18:06:10,mirova-archivo,1
2023-07-07T06:00:00,357120,Villarrica,VIIRS375,3.323,1.06,1,baja,2026-10-05T18:06:10,mirova-archivo,1
2023-07-10T05:54:00,357120,Villarrica,VIIRS375,0.3813,0.84,1,muy baja,2026-10-05T18:06:10,mirova-archivo,1
2023-07-11T05:36:00,357120,Villarrica,VIIRS375,4.071,1.19,1,baja,2026-10-05T18:06:10,mirova-archivo,1
2023-07-11T06:10:00,357120,Villarrica,MODIS,4.754,1.41,1,baja,2026-10-05T18:06:10,mirova-archivo,1
2023-07-11T06:30:00,357120,Villarrica,VIIRS375,0.08375,0.53,1,muy baja,2026-10-05T18:06:10,mirova-archivo,1
2023-07-13T05:48:00,357120,Villarrica,VIIRS750,7.926,1.68,1,baja,2026-10-05T18:06:10,mirova-archivo,1
2023-07-13T05:55:00,357120,Villarrica,MODIS,1.784,1.41,1,baja,2026-10-05T18:06:10,mirova-archivo,1
2023-07-16T04:54:00,357120,Villarrica,VIIRS375,0.2068,1.68,1,muy baja,2026-10-05T18:06:10,mirova-archivo,1
2023-07-16T05:42:00,357120,Villarrica,VIIRS750,8.209,0.75,1,baja,2026-10-05T18:06:10,mirova-archivo,1
2023-07-16T06:20:00,357120,Villarrica,MODIS,6.037,1.41,1,baja,2026-10-05T18:06:10,mirova-archivo,1
2023-07-16T06:36:00,357120,Villarrica,VIIRS375,0.2572,0.53,1,muy baja,2026-10-05T18:06:10,mirova-archivo,1
2023-07-17T03:20:00,357120,Villarrica,MODIS,4.206,1.41,1,baja,2026-10-05T18:06:10,mirova-archivo,1
2023-07-17T05:24:00,357120,Villarrica,VIIRS375,2.224,1.19,1,baja,2026-10-05T18:06:10,mirova-archivo,1
2023-07-18T05:54:00,357120,Villarrica,VIIRS375,0.9519,1.06,1,muy baja,2026-10-05T18:06:10,mirova-archivo,1
2023-07-18T06:05:00,357120,Villarrica,MODIS,2.086,1.00,1,baja,2026-10-05T18:06:10,mirova-archivo,1
2023-07-19T05:36:00,357120,Villarrica,VIIRS375,0.1123,18.26,0,no volcanica,2026-10-05T18:06:10,mirova-archivo,0
2023-07-23T06:00:00,357120,Villarrica,VIIRS375,0.1428,0.75,1,muy baja,2026-10-05T18:06:10,mirova-archivo,1
2023-07-24T05:42:00,357120,Villarrica,VIIRS375,2.174,1.06,1,baja,2026-10-05T18:06:10,mirova-archivo,1
2023-07-26T06:48:00,357120,Villarrica,VIIRS375,0.3472,1.50,1,muy baja,2026-10-05T18:06:10,mirova-archivo,1
2023-07-28T05:18:00,357120,Villarrica,VIIRS375,0.4282,1.68,1,muy baja,2026-10-05T18:06:10,mirova-archivo,1
2023-07-31T06:00:00,357120,Villarrica,VIIRS375,0.06249,1.12,1,muy baja,2026-10-05T18:06:10,mirova-archivo,1
2023-08-03T03:25:00,357120,Villarrica,MODIS,7.013,1.41,1,baja,2026-10-05T18:06:10,mirova-archivo,1
2023-08-03T05:50:00,357120,Villarrica,MODIS,1.521,1.00,1,baja,2026-10-05T18:06:10,mirova-archivo,1
2023-08-03T05:54:00,357120,Villarrica,VIIRS375,1.373,0.84,1,baja,2026-10-05T18:06:10,mirova-archivo,1
2023-08-04T05:36:00,357120,Villarrica,VIIRS750,8.123,1.68,1,baja,2026-10-05T18:06:10,mirova-archivo,1
2023-08-05T04:30:00,357120,Villarrica,VIIRS375,0.01516,1.91,1,muy baja,2026-10-05T18:06:10,mirova-archivo,1
2023-08-05T05:18:00,357120,Villarrica,VIIRS375,2.221,1.35,1,baja,2026-10-05T18:06:10,mirova-archivo,1
2023-08-06T05:48:00,357120,Villarrica,VIIRS375,4.882,1.19,1,baja,2026-10-05T18:06:10,mirova-archivo,1
2023-08-06T06:15:00,357120,Villarrica,MODIS,4.072,1.41,1,baja,2026-10-05T18:06:10,mirova-archivo,1
2023-08-07T05:30:00,357120,Villarrica,VIIRS750,5.82,2.12,1,baja,2026-10-05T18:06:10,mirova-archivo,1
2023-08-07T06:24:00,357120,Villarrica,VIIRS375,0.04055,0.53,1,muy baja,2026-10-05T18:06:10,mirova-archivo,1
2023-08-08T05:12:00,357120,Villarrica,VIIRS375,2.471,1.35,1,baja,2026-10-05T18:06:10,mirova-archivo,1
2023-08-08T06:00:00,357120,Villarrica,VIIRS375,0.5173,0.84,1,muy baja,2026-10-05T18:06:10,mirova-archivo,1
2023-08-08T06:05:00,357120,Villarrica,MODIS,2.959,1.41,1,baja,2026-10-05T18:06:10,mirova-archivo,1
2023-08-12T03:00:00,357120,Villarrica,MODIS,5.448,2.24,1,baja,2026-10-05T18:06:10,mirova-archivo,1
2023-08-12T05:36:00,357120,Villarrica,VIIRS750,5.659,1.68,1,baja,2026-10-05T18:06:10,mirova-archivo,1
2023-08-14T05:48:00,357120,Villarrica,VIIRS750,6.517,1.06,1,baja,2026-10-05T18:06:10,mirova-archivo,1
2023-08-25T04:54:00,357120,Villarrica,VIIRS375,0.2304,2.02,1,muy baja,2026-10-05T18:06:10,mirova-archivo,1
2023-08-25T05:42:00,357120,Villarrica,VIIRS375,1.883,1.06,1,baja,2026-10-05T18:06:10,mirova-archivo,1
2023-08-25T06:36:00,357120,Villarrica,VIIRS375,0.1149,0.53,1,muy baja,2026-10-05T18:06:10,mirova-archivo,1
2023-08-25T14:45:00,357120,Villarrica,MODIS,1.252,2.24,1,baja,2026-10-05T18:06:10,mirova-archivo,1
2023-08-26T05:24:00,357120,Villarrica,VIIRS375,0.3436,1.19,1,muy baja,2026-10-05T18:06:10,mirova-archivo,1
2023-08-26T06:18:00,357120,Villarrica,VIIRS375,0.3348,0.84,1,muy baja,2026-10-05T18:06:10,mirova-archivo,1
2023-08-27T05:06:00,357120,Villarrica,VIIRS375,0.3068,1.55,1,muy baja,2026-10-05T18:06:10,mirova-archivo,1
2023-08-27T05:54:00,357120,Villarrica,VIIRS750,10.15,1.06,1,moderada,2026-10-05T18:06:10,mirova-archivo,1
2023-08-27T06:48:00,357120,Villarrica,VIIRS375,0.09544,0.53,1,muy baja,2026-10-05T18:06:10,mirova-archivo,1
2023-08-31T02:50:00,357120,Villarrica,MODIS,0.4835,1.00,1,muy baja,2026-10-05T18:06:10,mirova-archivo,1
2023-08-31T05:30:00,357120,Villarrica,VIIRS750,21.07,1.06,1,moderada,2026-10-05T18:06:10,mirova-archivo,1
2023-08-31T06:24:00,357120,Villarrica,VIIRS375,0.07909,0.53,1,muy baja,2026-10-05T18:06:10,mirova-archivo,1
2023-09-02T04:54:00,357120,Villarrica,VIIRS375,0.1223,1.68,1,muy baja,2026-10-05T18:06:10,mirova-archivo,1
2023-09-02T05:42:00,357120,Villarrica,VIIRS375,2.689,0.84,1,baja,2026-10-05T18:06:10,mirova-archivo,1
2023-09-02T06:36:00,357120,Villarrica,VIIRS375,0.04085,0.53,1,muy baja,2026-10-05T18:06:10,mirova-archivo,1
2023-09-03T03:15:00,357120,Villarrica,MODIS,23.95,1.41,1,moderada,2026-10-05T18:06:10,mirova-archivo,1
2023-09-03T05:24:00,357120,Villarrica,VIIRS750,5.884,1.68,1,baja,2026-10-05T18:06:10,mirova-archivo,1
2023-09-03T06:10:00,357120,Villarrica,MODIS,7.075,2.24,1,baja,2026-10-05T18:06:10,mirova-archivo,1
2023-09-03T06:12:00,357120,Villarrica,VIIRS375,0.9923,0.84,1,muy baja,2026-10-05T18:06:10,mirova-archivo,1
2023-09-18T04:54:00,357120,Villarrica,VIIRS375,0.2066,2.37,1,muy baja,2026-10-05T18:06:10,mirova-archivo,1
2023-09-18T05:42:00,357120,Villarrica,VIIRS750,49.68,1.68,1,moderada,2026-10-05T18:06:10,mirova-archivo,1
2023-09-18T06:36:00,357120,Villarrica,VIIRS375,0.3605,0.84,1,muy baja,2026-10-05T18:06:10,mirova-archivo,1
2023-09-19T05:24:00,357120,Villarrica,VIIRS750,5.092,1.06,1,baja,2026-10-05T18:06:10,mirova-archivo,1
2023-09-19T05:50:00,357120,Villarrica,MODIS,3.631,1.00,1,baja,2026-10-05T18:06:10,mirova-archivo,1
2023-09-19T06:12:00,357120,Villarrica,VIIRS375,5.671,0.84,1,baja,2026-10-05T18:06:10,mirova-archivo,1
2023-09-23T05:00:00,357120,Villarrica,VIIRS750,10.65,3.09,1,moderada,2026-10-05T18:06:10,mirova-archivo,1
2023-09-23T05:25:00,357120,Villarrica,MODIS,2.521,2.24,1,baja,2026-10-05T18:06:10,mirova-archivo,1
2023-09-23T05:48:00,357120,Villarrica,VIIRS750,161.4,1.06,1,alta,2026-10-05T18:06:10,mirova-archivo,1
2023-09-23T06:42:00,357120,Villarrica,VIIRS375,5.876,1.06,1,baja,2026-10-05T18:06:10,mirova-archivo,1
2023-09-23T14:50:00,357120,Villarrica,MODIS,107.9,2.24,1,alta,2026-10-05T18:06:10,mirova-archivo,1
2023-09-23T19:00:00,357120,Villarrica,VIIRS750,63.7,1.06,1,moderada,2026-10-05T18:06:10,mirova-archivo,1
2023-09-24T05:30:00,357120,Villarrica,VIIRS375,0.05344,0.84,1,muy baja,2026-10-05T18:06:10,mirova-archivo,1
2023-09-24T06:05:00,357120,Villarrica,MODIS,56.3,2.24,1,moderada,2026-10-05T18:06:10,mirova-archivo,1
2023-09-25T03:30:00,357120,Villarrica,MODIS,45.01,2.24,1,moderada,2026-10-05T18:06:10,mirova-archivo,1
2023-09-25T05:12:00,357120,Villarrica,VIIRS750,44.93,1.68,1,moderada,2026-10-05T18:06:10,mirova-archivo,1
2023-09-25T06:00:00,357120,Villarrica,VIIRS750,18.05,1.68,1,moderada,2026-10-05T18:06:10,mirova-archivo,1
2023-09-25T06:45:00,357120,Villarrica,MODIS,9.545,2.24,1,baja,2026-10-05T18:06:10,mirova-archivo,1
2023-09-25T06:54:00,357120,Villarrica,VIIRS375,2.054,2.65,1,baja,2026-10-05T18:06:10,mirova-archivo,1
2023-09-26T04:54:00,357120,Villarrica,VIIRS750,5.675,2.37,1,baja,2026-10-05T18:06:10,mirova-archivo,1
2023-09-26T05:42:00,357120,Villarrica,VIIRS750,31.98,1.06,1,moderada,2026-10-05T18:06:10,mirova-archivo,1
2023-09-26T05:50:00,357120,Villarrica,MODIS,11.37,2.00,1,moderada,2026-10-05T18:06:10,mirova-archivo,1
2023-09-26T06:36:00,357120,Villarrica,VIIRS375,7.841,1.12,1,baja,2026-10-05T18:06:10,mirova-archivo,1
2023-09-26T18:00:00,357120,Villarrica,VIIRS750,57.5,2.25,1,moderada,2026-10-05T18:06:10,mirova-archivo,1
2023-09-27T05:24:00,357120,Villarrica,VIIRS750,15.52,1.68,1,moderada,2026-10-05T18:06:10,mirova-archivo,1
2023-09-27T06:12:00,357120,Villarrica,VIIRS375,1.16,0.84,1,baja,2026-10-05T18:06:10,mirova-archivo,1
2023-09-27T06:30:00,357120,Villarrica,MODIS,2.127,1.00,1,baja,2026-10-05T18:06:10,mirova-archivo,1
2023-09-29T05:36:00,357120,Villarrica,VIIRS375,1.641,1.19,1,baja,2026-10-05T18:06:10,mirova-archivo,1
2023-09-29T06:15:00,357120,Villarrica,MODIS,0.3506,1.41,1,muy baja,2026-10-05T18:06:10,mirova-archivo,1
2023-09-30T03:35:00,357120,Villarrica,MODIS,0.5371,1.00,1,muy baja,2026-10-05T18:06:10,mirova-archivo,1
2023-09-30T05:18:00,357120,Villarrica,VIIRS750,5.74,2.37,1,baja,2026-10-05T18:06:10,mirova-archivo,1
2023-10-02T03:20:00,357120,Villarrica,MODIS,1.494,1.00,1,baja,2026-10-05T18:06:10,mirova-archivo,1
2023-10-03T05:12:00,357120,Villarrica,VIIRS375,0.1673,1.19,1,muy baja,2026-10-05T18:06:10,mirova-archivo,1
2023-10-03T06:00:00,357120,Villarrica,VIIRS375,3.824,1.06,1,baja,2026-10-05T18:06:10,mirova-archivo,1
2023-10-04T04:54:00,357120,Villarrica,VIIRS375,0.5464,2.52,1,muy baja,2026-10-05T18:06:10,mirova-archivo,1
2023-10-04T05:42:00,357120,Villarrica,VIIRS375,2.618,0.84,1,baja,2026-10-05T18:06:10,mirova-archivo,1
2023-10-04T06:30:00,357120,Villarrica,MODIS,2.258,1.41,1,baja,2026-10-05T18:06:10,mirova-archivo,1
2023-10-04T06:36:00,357120,Villarrica,VIIRS375,0.406,0.84,1,muy baja,2026-10-05T18:06:10,mirova-archivo,1
2023-10-05T05:24:00,357120,Villarrica,VIIRS375,1.788,1.19,1,baja,2026-10-05T18:06:10,mirova-archivo,1
2023-10-07T04:48:00,357120,Villarrica,VIIRS375,0.2107,13.90,0,no volcanica,2026-10-05T18:06:10,mirova-archivo,0
2023-10-07T05:36:00,357120,Villarrica,VIIRS750,5.249,1.06,1,baja,2026-10-05T18:06:10,mirova-archivo,1
2023-10-08T05:18:00,357120,Villarrica,VIIRS375,3.353,1.68,1,baja,2026-10-05T18:06:10,mirova-archivo,1
2023-10-08T06:06:00,357120,Villarrica,VIIRS375,0.2019,0.84,1,muy baja,2026-10-05T18:06:10,mirova-archivo,1
2023-10-09T03:10:00,357120,Villarrica,MODIS,2.167,1.00,1,baja,2026-10-05T18:06:10,mirova-archivo,1
2023-10-09T05:00:00,357120,Villarrica,VIIRS375,0.09799,2.02,1,muy baja,2026-10-05T18:06:10,mirova-archivo,1
2023-10-09T05:48:00,357120,Villarrica,VIIRS375,3.159,0.84,1,baja,2026-10-05T18:06:10,mirova-archivo,1
2023-10-09T14:15:00,357120,Villarrica,MODIS,0.4689,1.00,1,muy baja,2026-10-05T18:06:10,mirova-archivo,1
2023-10-10T05:30:00,357120,Villarrica,VIIRS375,0.3063,1.35,1,muy baja,2026-10-05T18:06:10,mirova-archivo,1
2023-10-11T02:55:00,357120,Villarrica,MODIS,2.939,1.00,1,baja,2026-10-05T18:06:10,mirova-archivo,1
2023-10-11T05:12:00,357120,Villarrica,VIIRS375,6.619,1.55,1,baja,2026-10-05T18:06:10,mirova-archivo,1
2023-10-11T06:00:00,357120,Villarrica,VIIRS375,5.465,0.84,1,baja,2026-10-05T18:06:10,mirova-archivo,1
2023-10-11T06:25:00,357120,Villarrica,MODIS,3.845,1.41,1,baja,2026-10-05T18:06:10,mirova-archivo,1
2023-10-12T03:35:00,357120,Villarrica,MODIS,2.093,2.00,1,baja,2026-10-05T18:06:10,mirova-archivo,1
2023-10-12T04:54:00,357120,Villarrica,VIIRS375,0.3682,2.02,1,muy baja,2026-10-05T18:06:10,mirova-archivo,1
2023-10-12T05:42:00,357120,Villarrica,VIIRS375,3.811,0.84,1,baja,2026-10-05T18:06:10,mirova-archivo,1
2023-10-12T06:36:00,357120,Villarrica,VIIRS375,0.1708,0.53,1,muy baja,2026-10-05T18:06:10,mirova-archivo,1
2023-10-13T05:24:00,357120,Villarrica,VIIRS750,8.124,1.06,1,baja,2026-10-05T18:06:10,mirova-archivo,1
2023-10-13T06:10:00,357120,Villarrica,MODIS,9.566,2.24,1,baja,2026-10-05T18:06:10,mirova-archivo,1
2023-10-13T06:12:00,357120,Villarrica,VIIRS375,2.839,1.06,1,baja,2026-10-05T18:06:10,mirova-archivo,1
2023-10-14T03:15:00,357120,Villarrica,MODIS,4.539,2.00,1,baja,2026-10-05T18:06:10,mirova-archivo,1
2023-10-14T05:06:00,357120,Villarrica,VIIRS375,1.756,2.37,1,baja,2026-10-05T18:06:10,mirova-archivo,1
2023-10-14T05:54:00,357120,Villarrica,VIIRS375,1.785,1.12,1,baja,2026-10-05T18:06:10,mirova-archivo,1
2023-10-15T05:36:00,357120,Villarrica,VIIRS375,4.777,1.35,1,baja,2026-10-05T18:06:10,mirova-archivo,1
2023-10-15T06:24:00,357120,Villarrica,VIIRS375,0.257,0.53,1,muy baja,2026-10-05T18:06:10,mirova-archivo,1
2023-10-16T03:00:00,357120,Villarrica,MODIS,8.647,1.41,1,baja,2026-10-05T18:06:10,mirova-archivo,1
2023-10-16T05:18:00,357120,Villarrica,VIIRS750,14.17,2.70,1,moderada,2026-10-05T18:06:10,mirova-archivo,1
2023-10-16T06:06:00,357120,Villarrica,VIIRS375,4.345,1.12,1,baja,2026-10-05T18:06:10,mirova-archivo,1
2023-10-16T06:40:00,357120,Villarrica,MODIS,3.103,1.00,1,baja,2026-10-05T18:06:10,mirova-archivo,1
2023-10-17T03:40:00,357120,Villarrica,MODIS,0.3204,1.00,1,muy baja,2026-10-05T18:06:10,mirova-archivo,1
2023-10-17T05:00:00,357120,Villarrica,VIIRS375,1.906,2.52,1,baja,2026-10-05T18:06:10,mirova-archivo,1
2023-10-17T05:48:00,357120,Villarrica,VIIRS750,5.987,1.06,1,baja,2026-10-05T18:06:10,mirova-archivo,1
2023-10-18T02:45:00,357120,Villarrica,MODIS,1.583,2.00,1,baja,2026-10-05T18:06:10,mirova-archivo,1
2023-10-18T05:30:00,357120,Villarrica,VIIRS750,12.02,2.12,1,moderada,2026-10-05T18:06:10,mirova-archivo,1
2023-10-18T06:18:00,357120,Villarrica,VIIRS375,1.537,0.84,1,baja,2026-10-05T18:06:10,mirova-archivo,1
2023-10-18T06:25:00,357120,Villarrica,MODIS,13.16,1.41,1,moderada,2026-10-05T18:06:10,mirova-archivo,1
2023-10-18T13:50:00,357120,Villarrica,MODIS,1.441,0.00,1,baja,2026-10-05T18:06:10,mirova-archivo,1
2023-10-19T03:25:00,357120,Villarrica,MODIS,17.75,2.24,1,moderada,2026-10-05T18:06:10,mirova-archivo,1
2023-10-19T05:12:00,357120,Villarrica,VIIRS750,7.906,2.37,1,baja,2026-10-05T18:06:10,mirova-archivo,1
2023-10-19T06:00:00,357120,Villarrica,VIIRS750,5.859,1.68,1,baja,2026-10-05T18:06:10,mirova-archivo,1
2023-10-20T05:42:00,357120,Villarrica,VIIRS375,0.3005,1.06,1,muy baja,2026-10-05T18:06:10,mirova-archivo,1
2023-10-20T06:10:00,357120,Villarrica,MODIS,2.589,1.41,1,baja,2026-10-05T18:06:10,mirova-archivo,1
2023-10-20T06:30:00,357120,Villarrica,VIIRS375,0.392,0.84,1,muy baja,2026-10-05T18:06:10,mirova-archivo,1
2023-10-21T03:10:00,357120,Villarrica,MODIS,18.49,2.24,1,moderada,2026-10-05T18:06:10,mirova-archivo,1
2023-10-21T05:24:00,357120,Villarrica,VIIRS750,17.16,2.37,1,moderada,2026-10-05T18:06:10,mirova-archivo,1
2023-10-21T06:12:00,357120,Villarrica,VIIRS375,2.293,1.06,1,baja,2026-10-05T18:06:10,mirova-archivo,1
2023-10-22T05:06:00,357120,Villarrica,VIIRS375,1.044,1.55,1,baja,2026-10-05T18:06:10,mirova-archivo,1
2023-10-22T05:54:00,357120,Villarrica,VIIRS750,51.19,1.06,1,moderada,2026-10-05T18:06:10,mirova-archivo,1
2023-10-22T05:55:00,357120,Villarrica,MODIS,27.1,2.24,1,moderada,2026-10-05T18:06:10,mirova-archivo,1
2023-10-23T04:48:00,357120,Villarrica,VIIRS375,9.487,3.69,1,baja,2026-10-05T18:06:10,mirova-archivo,1
2023-10-23T05:36:00,357120,Villarrica,VIIRS750,14.12,1.68,1,moderada,2026-10-05T18:06:10,mirova-archivo,1
2023-10-23T06:35:00,357120,Villarrica,MODIS,0.6585,1.41,1,muy baja,2026-10-05T18:06:10,mirova-archivo,1
2023-10-24T03:30:00,357120,Villarrica,MODIS,79.47,2.24,1,moderada,2026-10-05T18:06:10,mirova-archivo,1
2023-10-24T05:18:00,357120,Villarrica,VIIRS750,32.6,1.68,1,moderada,2026-10-05T18:06:10,mirova-archivo,1
2023-10-24T06:06:00,357120,Villarrica,VIIRS750,17.5,1.06,1,moderada,2026-10-05T18:06:10,mirova-archivo,1
2023-10-25T05:00:00,357120,Villarrica,VIIRS375,0.22,1.35,1,muy baja,2026-10-05T18:06:10,mirova-archivo,1
2023-10-25T05:48:00,357120,Villarrica,VIIRS750,24.6,1.06,1,moderada,2026-10-05T18:06:10,mirova-archivo,1
2023-10-25T06:20:00,357120,Villarrica,MODIS,29.02,1.41,1,moderada,2026-10-05T18:06:10,mirova-archivo,1
2023-10-25T06:36:00,357120,Villarrica,VIIRS375,0.5708,0.75,1,muy baja,2026-10-05T18:06:10,mirova-archivo,1
2023-10-26T03:15:00,357120,Villarrica,MODIS,45.57,1.41,1,moderada,2026-10-05T18:06:10,mirova-archivo,1
2023-10-26T05:30:00,357120,Villarrica,VIIRS750,34.89,1.50,1,moderada,2026-10-05T18:06:10,mirova-archivo,1
2023-10-26T06:18:00,357120,Villarrica,VIIRS750,6.996,1.06,1,baja,2026-10-05T18:06:10,mirova-archivo,1
2023-10-27T05:12:00,357120,Villarrica,VIIRS750,11.36,2.37,1,moderada,2026-10-05T18:06:10,mirova-archivo,1
2023-10-27T06:00:00,357120,Villarrica,VIIRS375,2.13,0.84,1,baja,2026-10-05T18:06:10,mirova-archivo,1
2023-10-27T06:05:00,357120,Villarrica,MODIS,1.37,1.41,1,baja,2026-10-05T18:06:10,mirova-archivo,1
2023-10-31T03:20:00,357120,Villarrica,MODIS,72.97,2.24,1,moderada,2026-10-05T18:06:10,mirova-archivo,1
2023-10-31T04:48:00,357120,Villarrica,VIIRS375,0.5774,3.20,1,muy baja,2026-10-05T18:06:10,mirova-archivo,1
2023-10-31T05:35:00,357120,Villarrica,MODIS,0.4303,2.24,1,muy baja,2026-10-05T18:06:10,mirova-archivo,1
2023-10-31T05:36:00,357120,Villarrica,VIIRS750,138,1.68,1,alta,2026-10-05T18:06:10,mirova-archivo,1
2023-10-31T06:24:00,357120,Villarrica,VIIRS750,50.63,1.68,1,moderada,2026-10-05T18:06:10,mirova-archivo,1
2023-11-03T05:30:00,357120,Villarrica,VIIRS750,35.02,1.06,1,moderada,2026-10-05T18:06:10,mirova-archivo,1
2023-11-03T06:00:00,357120,Villarrica,MODIS,16.97,1.41,1,moderada,2026-10-05T18:06:10,mirova-archivo,1
2023-11-03T06:18:00,357120,Villarrica,VIIRS375,6.539,0.84,1,baja,2026-10-05T18:06:10,mirova-archivo,1
2023-11-04T02:50:00,357120,Villarrica,MODIS,33.91,3.16,1,moderada,2026-10-05T18:06:10,mirova-archivo,1
2023-11-04T05:12:00,357120,Villarrica,VIIRS750,38.84,2.37,1,moderada,2026-10-05T18:06:10,mirova-archivo,1
2023-11-04T06:00:00,357120,Villarrica,VIIRS750,40.61,1.50,1,moderada,2026-10-05T18:06:10,mirova-archivo,1
2023-11-04T06:45:00,357120,Villarrica,MODIS,19.15,2.24,1,moderada,2026-10-05T18:06:10,mirova-archivo,1
2023-11-04T13:55:00,357120,Villarrica,MODIS,23.35,3.00,1,moderada,2026-10-05T18:06:10,mirova-archivo,1
2023-11-06T06:12:00,357120,Villarrica,VIIRS375,0.2358,0.84,1,muy baja,2026-10-05T18:06:10,mirova-archivo,1
2023-11-08T04:48:00,357120,Villarrica,VIIRS375,11.54,3.69,1,moderada,2026-10-05T18:06:10,mirova-archivo,1
2023-11-08T05:36:00,357120,Villarrica,VIIRS750,20.04,1.68,1,moderada,2026-10-05T18:06:10,mirova-archivo,1
2023-11-08T06:15:00,357120,Villarrica,MODIS,8.361,1.41,1,baja,2026-10-05T18:06:10,mirova-archivo,1
2023-11-08T06:30:00,357120,Villarrica,VIIRS750,5.946,0.75,1,baja,2026-10-05T18:06:10,mirova-archivo,1
2023-11-09T02:55:00,357120,Villarrica,MODIS,19.36,2.24,1,moderada,2026-10-05T18:06:10,mirova-archivo,1
2023-11-09T05:18:00,357120,Villarrica,VIIRS750,6.147,1.68,1,baja,2026-10-05T18:06:10,mirova-archivo,1
2023-11-09T06:06:00,357120,Villarrica,VIIRS750,44,1.06,1,moderada,2026-10-05T18:06:10,mirova-archivo,1
2023-11-10T05:00:00,357120,Villarrica,VIIRS375,10.4,2.86,1,moderada,2026-10-05T18:06:10,mirova-archivo,1
2023-11-12T05:12:00,357120,Villarrica,VIIRS375,2.792,29.63,0,no volcanica,2026-10-05T18:06:10,mirova-archivo,0
2023-11-12T06:00:00,357120,Villarrica,VIIRS750,14.54,2.12,1,moderada,2026-10-05T18:06:10,mirova-archivo,1
2023-11-12T06:54:00,357120,Villarrica,VIIRS375,1.916,1.91,1,baja,2026-10-05T18:06:10,mirova-archivo,1
2023-11-12T19:12:00,357120,Villarrica,VIIRS750,64.52,1.06,1,moderada,2026-10-05T18:06:10,mirova-archivo,1
2023-11-13T04:54:00,357120,Villarrica,VIIRS375,1.727,2.70,1,baja,2026-10-05T18:06:10,mirova-archivo,1
2023-11-13T05:42:00,357120,Villarrica,VIIRS750,22.48,1.68,1,moderada,2026-10-05T18:06:10,mirova-archivo,1
2023-11-13T06:25:00,357120,Villarrica,MODIS,28.49,1.41,1,moderada,2026-10-05T18:06:10,mirova-archivo,1
2023-11-13T06:36:00,357120,Villarrica,VIIRS375,5.511,0.84,1,baja,2026-10-05T18:06:10,mirova-archivo,1
2023-11-14T03:05:00,357120,Villarrica,MODIS,0.4127,1.00,1,muy baja,2026-10-05T18:06:10,mirova-archivo,1
2023-11-14T05:24:00,357120,Villarrica,VIIRS750,15.99,1.68,1,moderada,2026-10-05T18:06:10,mirova-archivo,1
2023-11-14T06:12:00,357120,Villarrica,VIIRS750,88.31,1.68,1,moderada,2026-10-05T18:06:10,mirova-archivo,1
2023-11-15T03:45:00,357120,Villarrica,MODIS,6.014,2.00,1,baja,2026-10-05T18:06:10,mirova-archivo,1
2023-11-15T05:06:00,357120,Villarrica,VIIRS375,5.816,1.68,1,baja,2026-10-05T18:06:10,mirova-archivo,1
2023-11-15T05:54:00,357120,Villarrica,VIIRS750,50.79,1.06,1,moderada,2026-10-05T18:06:10,mirova-archivo,1
2023-11-15T06:10:00,357120,Villarrica,MODIS,37.62,2.24,1,moderada,2026-10-05T18:06:10,mirova-archivo,1
2023-11-15T06:48:00,357120,Villarrica,VIIRS375,2.153,1.06,1,baja,2026-10-05T18:06:10,mirova-archivo,1
2023-11-21T02:55:00,357120,Villarrica,MODIS,104.5,3.16,1,alta,2026-10-05T18:06:10,mirova-archivo,1
2023-11-21T04:54:00,357120,Villarrica,VIIRS375,4.007,3.86,1,baja,2026-10-05T18:06:10,mirova-archivo,1
2023-11-21T05:42:00,357120,Villarrica,VIIRS375,6.228,1.19,1,baja,2026-10-05T18:06:10,mirova-archivo,1
2023-11-21T13:55:00,357120,Villarrica,MODIS,30.59,2.00,1,moderada,2026-10-05T18:06:10,mirova-archivo,1
2023-11-23T05:06:00,357120,Villarrica,VIIRS750,42.67,2.37,1,moderada,2026-10-05T18:06:10,mirova-archivo,1
2023-11-23T05:54:00,357120,Villarrica,VIIRS750,14.05,1.68,1,moderada,2026-10-05T18:06:10,mirova-archivo,1
2023-11-23T06:45:00,357120,Villarrica,MODIS,5.448,2.24,1,baja,2026-10-05T18:06:10,mirova-archivo,1
2023-11-24T04:48:00,357120,Villarrica,VIIRS375,2.221,2.86,1,baja,2026-10-05T18:06:10,mirova-archivo,1
2023-11-24T05:36:00,357120,Villarrica,VIIRS750,58.11,1.68,1,moderada,2026-10-05T18:06:10,mirova-archivo,1
2023-11-24T05:50:00,357120,Villarrica,MODIS,60.74,2.24,1,moderada,2026-10-05T18:06:10,mirova-archivo,1
2023-11-24T14:20:00,357120,Villarrica,MODIS,59.44,1.41,1,moderada,2026-10-05T18:06:10,mirova-archivo,1
2023-11-24T18:48:00,357120,Villarrica,VIIRS750,62.76,1.06,1,moderada,2026-10-05T18:06:10,mirova-archivo,1
2023-11-24T19:30:00,357120,Villarrica,MODIS,52.31,1.41,1,moderada,2026-10-05T18:06:10,mirova-archivo,1
2023-11-25T05:18:00,357120,Villarrica,VIIRS750,22.08,2.37,1,moderada,2026-10-05T18:06:10,mirova-archivo,1
2023-11-25T06:06:00,357120,Villarrica,VIIRS750,81.87,1.06,1,moderada,2026-10-05T18:06:10,mirova-archivo,1
2023-11-25T06:30:00,357120,Villarrica,MODIS,78.09,1.41,1,moderada,2026-10-05T18:06:10,mirova-archivo,1
2023-11-26T03:00:00,357120,Villarrica,MODIS,55.59,2.24,1,moderada,2026-10-05T18:06:10,mirova-archivo,1
2023-11-26T05:00:00,357120,Villarrica,VIIRS375,4.943,2.52,1,baja,2026-10-05T18:06:10,mirova-archivo,1
2023-11-26T05:48:00,357120,Villarrica,VIIRS750,87.69,1.68,1,moderada,2026-10-05T18:06:10,mirova-archivo,1
2023-11-26T06:42:00,357120,Villarrica,VIIRS375,6.669,1.12,1,baja,2026-10-05T18:06:10,mirova-archivo,1
2023-11-26T19:00:00,357120,Villarrica,VIIRS750,73.34,1.06,1,moderada,2026-10-05T18:06:10,mirova-archivo,1
2023-11-27T03:40:00,357120,Villarrica,MODIS,0.4268,0.00,1,muy baja,2026-10-05T18:06:10,mirova-archivo,1
2023-11-27T05:30:00,357120,Villarrica,VIIRS750,34.55,1.68,1,moderada,2026-10-05T18:06:10,mirova-archivo,1
2023-11-27T06:15:00,357120,Villarrica,MODIS,76.04,1.41,1,moderada,2026-10-05T18:06:10,mirova-archivo,1
2023-11-27T06:18:00,357120,Villarrica,VIIRS750,77.11,1.68,1,moderada,2026-10-05T18:06:10,mirova-archivo,1
2023-11-28T05:12:00,357120,Villarrica,VIIRS750,5.281,1.68,1,baja,2026-10-05T18:06:10,mirova-archivo,1
2023-11-28T06:00:00,357120,Villarrica,VIIRS750,68.1,1.06,1,moderada,2026-10-05T18:06:10,mirova-archivo,1
2023-11-28T06:54:00,357120,Villarrica,VIIRS750,6.225,2.37,1,baja,2026-10-05T18:06:10,mirova-archivo,1
2023-11-28T07:00:00,357120,Villarrica,MODIS,0.7667,2.24,1,muy baja,2026-10-05T18:06:10,mirova-archivo,1
2023-11-29T03:25:00,357120,Villarrica,MODIS,104.3,2.24,1,alta,2026-10-05T18:06:10,mirova-archivo,1
2023-11-29T04:54:00,357120,Villarrica,VIIRS375,7.028,2.86,1,baja,2026-10-05T18:06:10,mirova-archivo,1
2023-11-29T05:42:00,357120,Villarrica,VIIRS750,99.15,1.68,1,moderada,2026-10-05T18:06:10,mirova-archivo,1
2023-11-29T06:00:00,357120,Villarrica,MODIS,49.17,2.24,1,moderada,2026-10-05T18:06:10,mirova-archivo,1
2023-11-29T06:36:00,357120,Villarrica,VIIRS750,73.85,1.68,1,moderada,2026-10-05T18:06:10,mirova-archivo,1
2023-11-29T18:54:00,357120,Villarrica,VIIRS750,56.63,0.75,1,moderada,2026-10-05T18:06:10,mirova-archivo,1
2023-11-30T05:24:00,357120,Villarrica,VIIRS750,9.575,2.37,1,baja,2026-10-05T18:06:10,mirova-archivo,1
2023-11-30T06:12:00,357120,Villarrica,VIIRS750,79.62,1.68,1,moderada,2026-10-05T18:06:10,mirova-archivo,1
2023-11-30T06:45:00,357120,Villarrica,MODIS,151.5,2.24,1,alta,2026-10-05T18:06:10,mirova-archivo,1
2023-11-30T18:36:00,357120,Villarrica,VIIRS750,58.33,0.75,1,moderada,2026-10-05T18:06:10,mirova-archivo,1
2023-12-01T03:05:00,357120,Villarrica,MODIS,113.5,2.24,1,alta,2026-10-05T18:06:10,mirova-archivo,1
2023-12-01T05:06:00,357120,Villarrica,VIIRS750,9.618,2.25,1,baja,2026-10-05T18:06:10,mirova-archivo,1
2023-12-01T05:45:00,357120,Villarrica,MODIS,3.741,2.24,1,baja,2026-10-05T18:06:10,mirova-archivo,1
2023-12-01T05:54:00,357120,Villarrica,VIIRS750,111.8,1.06,1,alta,2026-10-05T18:06:10,mirova-archivo,1
2023-12-01T06:48:00,357120,Villarrica,VIIRS750,23.78,2.25,1,moderada,2026-10-05T18:06:10,mirova-archivo,1
2023-12-02T05:36:00,357120,Villarrica,VIIRS375,5.408,1.06,1,baja,2026-10-05T18:06:10,mirova-archivo,1
2023-12-02T06:24:00,357120,Villarrica,VIIRS375,0.8545,0.75,1,muy baja,2026-10-05T18:06:10,mirova-archivo,1
2023-12-03T02:50:00,357120,Villarrica,MODIS,23.39,2.24,1,moderada,2026-10-05T18:06:10,mirova-archivo,1
2023-12-03T05:18:00,357120,Villarrica,VIIRS750,12.44,2.70,1,moderada,2026-10-05T18:06:10,mirova-archivo,1
2023-12-03T05:30:00,357120,Villarrica,MODIS,0.986,1.41,1,muy baja,2026-10-05T18:06:10,mirova-archivo,1
2023-12-03T06:06:00,357120,Villarrica,VIIRS750,83.37,1.68,1,moderada,2026-10-05T18:06:10,mirova-archivo,1
2023-12-03T07:10:00,357120,Villarrica,MODIS,5.635,2.24,1,baja,2026-10-05T18:06:10,mirova-archivo,1
2023-12-03T18:24:00,357120,Villarrica,VIIRS750,69.08,1.68,1,moderada,2026-10-05T18:06:10,mirova-archivo,1
2023-12-03T19:10:00,357120,Villarrica,MODIS,86.97,2.00,1,moderada,2026-10-05T18:06:10,mirova-archivo,1
2023-12-03T19:18:00,357120,Villarrica,VIIRS750,54.98,1.68,1,moderada,2026-10-05T18:06:10,mirova-archivo,1
2023-12-04T03:30:00,357120,Villarrica,MODIS,115.4,2.24,1,alta,2026-10-05T18:06:10,mirova-archivo,1
2023-12-04T05:00:00,357120,Villarrica,VIIRS375,15.52,2.37,1,moderada,2026-10-05T18:06:10,mirova-archivo,1
2023-12-04T05:48:00,357120,Villarrica,VIIRS750,80.59,1.68,1,moderada,2026-10-05T18:06:10,mirova-archivo,1
2023-12-04T06:42:00,357120,Villarrica,VIIRS750,38.28,1.68,1,moderada,2026-10-05T18:06:10,mirova-archivo,1
2023-12-04T14:35:00,357120,Villarrica,MODIS,66.4,1.41,1,moderada,2026-10-05T18:06:10,mirova-archivo,1
2023-12-04T19:00:00,357120,Villarrica,VIIRS750,86.77,1.06,1,moderada,2026-10-05T18:06:10,mirova-archivo,1
2023-12-05T05:30:00,357120,Villarrica,VIIRS750,57.69,1.68,1,moderada,2026-10-05T18:06:10,mirova-archivo,1
2023-12-05T06:18:00,357120,Villarrica,VIIRS750,50.37,2.12,1,moderada,2026-10-05T18:06:10,mirova-archivo,1
2023-12-05T06:55:00,357120,Villarrica,MODIS,43.45,2.24,1,moderada,2026-10-05T18:06:10,mirova-archivo,1
2023-12-05T18:42:00,357120,Villarrica,VIIRS750,86.97,1.06,1,moderada,2026-10-05T18:06:10,mirova-archivo,1
2023-12-05T19:30:00,357120,Villarrica,VIIRS750,67.8,1.50,1,moderada,2026-10-05T18:06:10,mirova-archivo,1
2023-12-06T03:15:00,357120,Villarrica,MODIS,96.51,1.41,1,moderada,2026-10-05T18:06:10,mirova-archivo,1
2023-12-06T05:12:00,357120,Villarrica,VIIRS750,14.3,2.37,1,moderada,2026-10-05T18:06:10,mirova-archivo,1
2023-12-06T05:55:00,357120,Villarrica,MODIS,11.85,2.24,1,moderada,2026-10-05T18:06:10,mirova-archivo,1
2023-12-06T06:00:00,357120,Villarrica,VIIRS750,118.8,1.68,1,alta,2026-10-05T18:06:10,mirova-archivo,1
2023-12-06T06:54:00,357120,Villarrica,VIIRS375,7.395,2.37,1,baja,2026-10-05T18:06:10,mirova-archivo,1
2023-12-06T19:12:00,357120,Villarrica,VIIRS750,83.46,1.06,1,moderada,2026-10-05T18:06:10,mirova-archivo,1
2023-12-06T19:35:00,357120,Villarrica,MODIS,63.57,1.41,1,moderada,2026-10-05T18:06:10,mirova-archivo,1
2023-12-07T03:55:00,357120,Villarrica,MODIS,3.411,2.83,1,baja,2026-10-05T18:06:10,mirova-archivo,1
2023-12-07T04:54:00,357120,Villarrica,VIIRS375,3.009,3.02,1,baja,2026-10-05T18:06:10,mirova-archivo,1
2023-12-07T05:42:00,357120,Villarrica,VIIRS750,39.36,1.06,1,moderada,2026-10-05T18:06:10,mirova-archivo,1
2023-12-07T06:40:00,357120,Villarrica,MODIS,30.34,2.24,1,moderada,2026-10-05T18:06:10,mirova-archivo,1
2023-12-08T02:55:00,357120,Villarrica,MODIS,59.58,2.24,1,moderada,2026-10-05T18:06:10,mirova-archivo,1
2023-12-08T05:24:00,357120,Villarrica,VIIRS750,102.7,1.68,1,alta,2026-10-05T18:06:10,mirova-archivo,1
2023-12-08T05:40:00,357120,Villarrica,MODIS,9.956,2.24,1,baja,2026-10-05T18:06:10,mirova-archivo,1
2023-12-08T06:12:00,357120,Villarrica,VIIRS750,62.98,1.06,1,moderada,2026-10-05T18:06:10,mirova-archivo,1
2023-12-08T14:00:00,357120,Villarrica,MODIS,78.52,1.41,1,moderada,2026-10-05T18:06:10,mirova-archivo,1
2023-12-08T19:20:00,357120,Villarrica,MODIS,54.58,1.00,1,moderada,2026-10-05T18:06:10,mirova-archivo,1
2023-12-09T05:06:00,357120,Villarrica,VIIRS750,5.018,2.37,1,baja,2026-10-05T18:06:10,mirova-archivo,1
2023-12-09T05:54:00,357120,Villarrica,VIIRS750,119.9,1.68,1,alta,2026-10-05T18:06:10,mirova-archivo,1
2023-12-09T06:25:00,357120,Villarrica,MODIS,101.5,2.24,1,alta,2026-10-05T18:06:10,mirova-archivo,1
2023-12-09T06:48:00,357120,Villarrica,VIIRS750,9.36,2.70,1,baja,2026-10-05T18:06:10,mirova-archivo,1
2023-12-09T19:06:00,357120,Villarrica,VIIRS750,122.5,1.06,1,alta,2026-10-05T18:06:10,mirova-archivo,1
2023-12-10T02:40:00,357120,Villarrica,MODIS,10.58,3.00,1,moderada,2026-10-05T18:06:10,mirova-archivo,1
2023-12-10T04:48:00,357120,Villarrica,VIIRS375,0.2399,2.70,1,muy baja,2026-10-05T18:06:10,mirova-archivo,1
2023-12-10T05:36:00,357120,Villarrica,VIIRS750,76.9,1.68,1,moderada,2026-10-05T18:06:10,mirova-archivo,1
2023-12-10T07:05:00,357120,Villarrica,MODIS,28.63,2.24,1,moderada,2026-10-05T18:06:10,mirova-archivo,1
2023-12-10T19:05:00,357120,Villarrica,MODIS,54.74,2.24,1,moderada,2026-10-05T18:06:10,mirova-archivo,1
2023-12-11T03:20:00,357120,Villarrica,MODIS,112.2,2.00,1,alta,2026-10-05T18:06:10,mirova-archivo,1
2023-12-11T05:18:00,357120,Villarrica,VIIRS750,82.24,2.37,1,moderada,2026-10-05T18:06:10,mirova-archivo,1
2023-12-11T06:06:00,357120,Villarrica,VIIRS750,101.4,1.68,1,alta,2026-10-05T18:06:10,mirova-archivo,1
2023-12-11T06:10:00,357120,Villarrica,MODIS,94.93,2.24,1,moderada,2026-10-05T18:06:10,mirova-archivo,1
2023-12-11T14:25:00,357120,Villarrica,MODIS,58.47,1.41,1,moderada,2026-10-05T18:06:10,mirova-archivo,1
2023-12-12T02:25:00,357120,Villarrica,MODIS,0.715,1.41,1,muy baja,2026-10-05T18:06:10,mirova-archivo,1
2023-12-12T04:00:00,357120,Villarrica,MODIS,10.35,2.83,1,moderada,2026-10-05T18:06:10,mirova-archivo,1
2023-12-12T05:00:00,357120,Villarrica,VIIRS375,8.81,2.86,1,baja,2026-10-05T18:06:10,mirova-archivo,1
2023-12-12T05:48:00,357120,Villarrica,VIIRS750,48.68,1.06,1,moderada,2026-10-05T18:06:10,mirova-archivo,1
2023-12-12T06:42:00,357120,Villarrica,VIIRS750,17.19,1.68,1,moderada,2026-10-05T18:06:10,mirova-archivo,1
2023-12-12T06:50:00,357120,Villarrica,MODIS,33,3.00,1,moderada,2026-10-05T18:06:10,mirova-archivo,1
2023-12-12T19:00:00,357120,Villarrica,VIIRS750,95.79,1.68,1,moderada,2026-10-05T18:06:10,mirova-archivo,1
2023-12-13T03:05:00,357120,Villarrica,MODIS,110.1,2.24,1,alta,2026-10-05T18:06:10,mirova-archivo,1
2023-12-13T05:30:00,357120,Villarrica,VIIRS750,50.01,1.06,1,moderada,2026-10-05T18:06:10,mirova-archivo,1
2023-12-13T05:55:00,357120,Villarrica,MODIS,28.9,2.83,1,moderada,2026-10-05T18:06:10,mirova-archivo,1
2023-12-13T06:18:00,357120,Villarrica,VIIRS750,67.5,1.50,1,moderada,2026-10-05T18:06:10,mirova-archivo,1
2023-12-13T18:42:00,357120,Villarrica,VIIRS750,97.34,1.06,1,moderada,2026-10-05T18:06:10,mirova-archivo,1
2023-12-14T03:45:00,357120,Villarrica,MODIS,85.03,2.83,1,moderada,2026-10-05T18:06:10,mirova-archivo,1
2023-12-14T05:12:00,357120,Villarrica,VIIRS750,25.18,2.12,1,moderada,2026-10-05T18:06:10,mirova-archivo,1
2023-12-14T06:00:00,357120,Villarrica,VIIRS750,98.58,1.06,1,moderada,2026-10-05T18:06:10,mirova-archivo,1
2023-12-14T06:35:00,357120,Villarrica,MODIS,88.57,2.00,1,moderada,2026-10-05T18:06:10,mirova-archivo,1
2023-12-14T06:54:00,357120,Villarrica,VIIRS375,3.022,1.91,1,baja,2026-10-05T18:06:10,mirova-archivo,1
2023-12-14T18:18:00,357120,Villarrica,VIIRS750,50.23,0.75,1,moderada,2026-10-05T18:06:10,mirova-archivo,1
2023-12-14T19:12:00,357120,Villarrica,VIIRS750,142.4,1.06,1,alta,2026-10-05T18:06:10,mirova-archivo,1
2023-12-15T02:45:00,357120,Villarrica,MODIS,12.49,3.00,1,moderada,2026-10-05T18:06:10,mirova-archivo,1
2023-12-15T04:54:00,357120,Villarrica,VIIRS375,1.547,2.37,1,baja,2026-10-05T18:06:10,mirova-archivo,1
2023-12-15T05:42:00,357120,Villarrica,VIIRS750,84.32,1.06,1,moderada,2026-10-05T18:06:10,mirova-archivo,1
2023-12-15T06:36:00,357120,Villarrica,VIIRS750,25.47,1.50,1,moderada,2026-10-05T18:06:10,mirova-archivo,1
2023-12-15T18:54:00,357120,Villarrica,VIIRS750,104.8,1.68,1,alta,2026-10-05T18:06:10,mirova-archivo,1
2023-12-16T05:24:00,357120,Villarrica,VIIRS750,44.22,1.68,1,moderada,2026-10-05T18:06:10,mirova-archivo,1
2023-12-16T06:12:00,357120,Villarrica,VIIRS750,56.72,1.50,1,moderada,2026-10-05T18:06:10,mirova-archivo,1
2023-12-16T06:20:00,357120,Villarrica,MODIS,66.1,1.41,1,moderada,2026-10-05T18:06:10,mirova-archivo,1
2023-12-17T05:54:00,357120,Villarrica,VIIRS375,1.104,0.84,1,baja,2026-10-05T18:06:10,mirova-archivo,1
2023-12-18T03:10:00,357120,Villarrica,MODIS,72.48,2.00,1,moderada,2026-10-05T18:06:10,mirova-archivo,1
2023-12-18T04:48:00,357120,Villarrica,VIIRS375,2.042,3.35,1,baja,2026-10-05T18:06:10,mirova-archivo,1
2023-12-18T05:36:00,357120,Villarrica,VIIRS750,62.35,2.12,1,moderada,2026-10-05T18:06:10,mirova-archivo,1
2023-12-18T06:05:00,357120,Villarrica,MODIS,55.09,1.41,1,moderada,2026-10-05T18:06:10,mirova-archivo,1
2023-12-18T06:24:00,357120,Villarrica,VIIRS750,28.77,1.06,1,moderada,2026-10-05T18:06:10,mirova-archivo,1
2023-12-19T03:50:00,357120,Villarrica,MODIS,10.29,2.83,1,moderada,2026-10-05T18:06:10,mirova-archivo,1
2023-12-19T04:30:00,357120,Villarrica,VIIRS375,4.121,6.55,0,fuera de radio,2026-10-05T18:06:10,mirova-archivo,1
2023-12-19T05:18:00,357120,Villarrica,VIIRS750,16.53,2.12,1,moderada,2026-10-05T18:06:10,mirova-archivo,1
2023-12-19T06:06:00,357120,Villarrica,VIIRS750,19.1,1.06,1,moderada,2026-10-05T18:06:10,mirova-archivo,1
2023-12-19T06:45:00,357120,Villarrica,MODIS,27.15,2.24,1,moderada,2026-10-05T18:06:10,mirova-archivo,1
2023-12-21T04:42:00,357120,Villarrica,VIIRS375,1.474,3.69,1,baja,2026-10-05T18:06:10,mirova-archivo,1
2023-12-21T05:30:00,357120,Villarrica,VIIRS750,49.95,1.68,1,moderada,2026-10-05T18:06:10,mirova-archivo,1
2023-12-21T06:18:00,357120,Villarrica,VIIRS375,9.837,1.19,1,baja,2026-10-05T18:06:10,mirova-archivo,1
2023-12-21T06:30:00,357120,Villarrica,MODIS,86.63,1.41,1,moderada,2026-10-05T18:06:10,mirova-archivo,1
2023-12-21T18:42:00,357120,Villarrica,VIIRS750,136.4,1.06,1,alta,2026-10-05T18:06:10,mirova-archivo,1
2023-12-22T05:12:00,357120,Villarrica,VIIRS750,10.15,2.37,1,moderada,2026-10-05T18:06:10,mirova-archivo,1
2023-12-22T06:00:00,357120,Villarrica,VIIRS750,74.83,1.68,1,moderada,2026-10-05T18:06:10,mirova-archivo,1
2023-12-22T06:54:00,357120,Villarrica,VIIRS375,13.5,1.88,1,moderada,2026-10-05T18:06:10,mirova-archivo,1
2023-12-22T19:10:00,357120,Villarrica,MODIS,92.97,1.41,1,moderada,2026-10-05T18:06:10,mirova-archivo,1
2023-12-23T03:15:00,357120,Villarrica,MODIS,115.5,2.00,1,alta,2026-10-05T18:06:10,mirova-archivo,1
2023-12-23T04:54:00,357120,Villarrica,VIIRS375,0.9763,2.70,1,muy baja,2026-10-05T18:06:10,mirova-archivo,1
2023-12-23T05:42:00,357120,Villarrica,VIIRS750,123.3,1.06,1,alta,2026-10-05T18:06:10,mirova-archivo,1
2023-12-23T06:15:00,357120,Villarrica,MODIS,74.31,1.41,1,moderada,2026-10-05T18:06:10,mirova-archivo,1
2023-12-23T14:20:00,357120,Villarrica,MODIS,112,1.41,1,alta,2026-10-05T18:06:10,mirova-archivo,1
2023-12-23T18:54:00,357120,Villarrica,VIIRS750,88.1,1.06,1,moderada,2026-10-05T18:06:10,mirova-archivo,1
2023-12-24T04:00:00,357120,Villarrica,MODIS,15.64,2.83,1,moderada,2026-10-05T18:06:10,mirova-archivo,1
2023-12-24T05:24:00,357120,Villarrica,VIIRS750,61.8,1.68,1,moderada,2026-10-05T18:06:10,mirova-archivo,1
2023-12-24T06:12:00,357120,Villarrica,VIIRS750,133.3,1.50,1,alta,2026-10-05T18:06:10,mirova-archivo,1
2023-12-24T06:55:00,357120,Villarrica,MODIS,49.06,3.61,1,moderada,2026-10-05T18:06:10,mirova-archivo,1
2023-12-25T03:00:00,357120,Villarrica,MODIS,156.9,2.24,1,alta,2026-10-05T18:06:10,mirova-archivo,1
2023-12-25T05:06:00,357120,Villarrica,VIIRS750,181.2,3.09,1,alta,2026-10-05T18:06:10,mirova-archivo,1
2023-12-25T05:54:00,357120,Villarrica,VIIRS750,246.5,1.68,1,alta,2026-10-05T18:06:10,mirova-archivo,1
2023-12-25T06:00:00,357120,Villarrica,MODIS,199.9,2.24,1,alta,2026-10-05T18:06:10,mirova-archivo,1
2023-12-25T06:48:00,357120,Villarrica,VIIRS750,24.32,2.70,1,moderada,2026-10-05T18:06:10,mirova-archivo,1
2023-12-25T19:06:00,357120,Villarrica,VIIRS750,150.5,1.06,1,alta,2026-10-05T18:06:10,mirova-archivo,1
2023-12-26T03:40:00,357120,Villarrica,MODIS,44.75,2.83,1,moderada,2026-10-05T18:06:10,mirova-archivo,1
2023-12-26T05:36:00,357120,Villarrica,VIIRS750,93.9,1.68,1,moderada,2026-10-05T18:06:10,mirova-archivo,1
2023-12-26T06:24:00,357120,Villarrica,VIIRS750,60.11,1.06,1,moderada,2026-10-05T18:06:10,mirova-archivo,1
2023-12-26T06:40:00,357120,Villarrica,MODIS,73.12,2.24,1,moderada,2026-10-05T18:06:10,mirova-archivo,1
2023-12-26T14:45:00,357120,Villarrica,MODIS,59.45,1.41,1,moderada,2026-10-05T18:06:10,mirova-archivo,1
2023-12-26T18:48:00,357120,Villarrica,VIIRS750,100.7,1.06,1,alta,2026-10-05T18:06:10,mirova-archivo,1
2023-12-27T02:45:00,357120,Villarrica,MODIS,29.4,2.24,1,moderada,2026-10-05T18:06:10,mirova-archivo,1
2023-12-27T05:18:00,357120,Villarrica,VIIRS750,32.87,2.37,1,moderada,2026-10-05T18:06:10,mirova-archivo,1
2023-12-27T05:45:00,357120,Villarrica,MODIS,2.744,2.24,1,baja,2026-10-05T18:06:10,mirova-archivo,1
2023-12-27T06:06:00,357120,Villarrica,VIIRS750,58.41,1.06,1,moderada,2026-10-05T18:06:10,mirova-archivo,1
2023-12-27T19:18:00,357120,Villarrica,VIIRS750,107.7,1.06,1,alta,2026-10-05T18:06:10,mirova-archivo,1
2023-12-28T03:25:00,357120,Villarrica,MODIS,40.63,2.24,1,moderada,2026-10-05T18:06:10,mirova-archivo,1
2023-12-28T05:00:00,357120,Villarrica,VIIRS750,6.841,2.70,1,baja,2026-10-05T18:06:10,mirova-archivo,1
2023-12-28T05:48:00,357120,Villarrica,VIIRS750,29.11,2.12,1,moderada,2026-10-05T18:06:10,mirova-archivo,1
2023-12-28T06:25:00,357120,Villarrica,MODIS,42.91,1.41,1,moderada,2026-10-05T18:06:10,mirova-archivo,1
2023-12-28T06:42:00,357120,Villarrica,VIIRS750,11.21,1.50,1,moderada,2026-10-05T18:06:10,mirova-archivo,1
2023-12-28T14:30:00,357120,Villarrica,MODIS,126.8,1.41,1,alta,2026-10-05T18:06:10,mirova-archivo,1
2023-12-29T04:42:00,357120,Villarrica,VIIRS375,2.08,4.04,1,baja,2026-10-05T18:06:10,mirova-archivo,1
2023-12-29T05:30:00,357120,Villarrica,VIIRS750,130,2.12,1,alta,2026-10-05T18:06:10,mirova-archivo,1
2023-12-29T06:18:00,357120,Villarrica,VIIRS750,62.3,1.68,1,moderada,2026-10-05T18:06:10,mirova-archivo,1
2023-12-29T07:05:00,357120,Villarrica,MODIS,4.965,2.24,1,baja,2026-10-05T18:06:10,mirova-archivo,1
2023-12-29T19:05:00,357120,Villarrica,MODIS,72.54,2.00,1,moderada,2026-10-05T18:06:10,mirova-archivo,1
2023-12-30T03:05:00,357120,Villarrica,MODIS,52.01,2.00,1,moderada,2026-10-05T18:06:10,mirova-archivo,1
2023-12-30T05:12:00,357120,Villarrica,VIIRS750,125.9,1.68,1,alta,2026-10-05T18:06:10,mirova-archivo,1
2023-12-30T06:00:00,357120,Villarrica,VIIRS750,78.17,1.68,1,moderada,2026-10-05T18:06:10,mirova-archivo,1
2023-12-30T06:10:00,357120,Villarrica,MODIS,67.52,1.41,1,moderada,2026-10-05T18:06:10,mirova-archivo,1
2023-12-30T06:54:00,357120,Villarrica,VIIRS375,3.473,2.25,1,baja,2026-10-05T18:06:10,mirova-archivo,1
2023-12-30T14:10:00,357120,Villarrica,MODIS,72.43,2.24,1,moderada,2026-10-05T18:06:10,mirova-archivo,1
2023-12-30T19:12:00,357120,Villarrica,VIIRS750,63.29,1.06,1,moderada,2026-10-05T18:06:10,mirova-archivo,1
2023-12-31T05:42:00,357120,Villarrica,VIIRS750,5.964,1.68,1,baja,2026-10-05T18:06:10,mirova-archivo,1
2023-12-31T06:50:00,357120,Villarrica,MODIS,3.377,1.41,1,baja,2026-10-05T18:06:10,mirova-archivo,1
2024-01-01T05:24:00,357120,Villarrica,VIIRS750,45.37,1.68,1,moderada,2026-10-05T18:06:10,mirova-archivo,1
2024-01-01T05:55:00,357120,Villarrica,MODIS,61.16,2.24,1,moderada,2026-10-05T18:06:10,mirova-archivo,1
2024-01-01T06:12:00,357120,Villarrica,VIIRS750,81.39,1.68,1,moderada,2026-10-05T18:06:10,mirova-archivo,1
2024-01-01T19:30:00,357120,Villarrica,MODIS,83.03,1.41,1,moderada,2026-10-05T18:06:10,mirova-archivo,1
2024-01-02T03:30:00,357120,Villarrica,MODIS,74.46,2.24,1,moderada,2026-10-05T18:06:10,mirova-archivo,1
2024-01-02T05:06:00,357120,Villarrica,VIIRS750,46.77,2.70,1,moderada,2026-10-05T18:06:10,mirova-archivo,1
2024-01-02T05:54:00,357120,Villarrica,VIIRS750,113.3,1.68,1,alta,2026-10-05T18:06:10,mirova-archivo,1
2024-01-02T06:35:00,357120,Villarrica,MODIS,92.98,2.24,1,moderada,2026-10-05T18:06:10,mirova-archivo,1
2024-01-02T06:48:00,357120,Villarrica,VIIRS750,12.16,2.25,1,moderada,2026-10-05T18:06:10,mirova-archivo,1
2024-01-02T18:12:00,357120,Villarrica,VIIRS750,85.17,1.68,1,moderada,2026-10-05T18:06:10,mirova-archivo,1
2024-01-02T19:06:00,357120,Villarrica,VIIRS750,63.12,1.06,1,moderada,2026-10-05T18:06:10,mirova-archivo,1
2024-01-03T05:36:00,357120,Villarrica,VIIRS750,51.32,1.68,1,moderada,2026-10-05T18:06:10,mirova-archivo,1
2024-01-03T06:24:00,357120,Villarrica,VIIRS375,3.137,1.06,1,baja,2026-10-05T18:06:10,mirova-archivo,1
2024-01-03T18:48:00,357120,Villarrica,VIIRS750,70.91,1.06,1,moderada,2026-10-05T18:06:10,mirova-archivo,1
2024-01-03T19:15:00,357120,Villarrica,MODIS,57.33,1.41,1,moderada,2026-10-05T18:06:10,mirova-archivo,1
2024-01-04T03:15:00,357120,Villarrica,MODIS,78.3,2.24,1,moderada,2026-10-05T18:06:10,mirova-archivo,1
2024-01-04T05:18:00,357120,Villarrica,VIIRS750,78.43,2.37,1,moderada,2026-10-05T18:06:10,mirova-archivo,1
2024-01-04T06:06:00,357120,Villarrica,VIIRS750,9.483,1.06,1,baja,2026-10-05T18:06:10,mirova-archivo,1
2024-01-04T06:20:00,357120,Villarrica,MODIS,37.48,2.00,1,moderada,2026-10-05T18:06:10,mirova-archivo,1
2024-01-04T18:24:00,357120,Villarrica,VIIRS750,74.73,1.50,1,moderada,2026-10-05T18:06:10,mirova-archivo,1
2024-01-05T03:55:00,357120,Villarrica,MODIS,1.334,1.00,1,baja,2026-10-05T18:06:10,mirova-archivo,1
2024-01-05T05:00:00,357120,Villarrica,VIIRS375,3.194,1.35,1,baja,2026-10-05T18:06:10,mirova-archivo,1
2024-01-05T05:48:00,357120,Villarrica,VIIRS750,127.8,1.06,1,alta,2026-10-05T18:06:10,mirova-archivo,1
2024-01-05T06:42:00,357120,Villarrica,VIIRS750,13.45,1.68,1,moderada,2026-10-05T18:06:10,mirova-archivo,1
2024-01-05T07:00:00,357120,Villarrica,MODIS,12.93,2.83,1,moderada,2026-10-05T18:06:10,mirova-archivo,1
2024-01-05T19:00:00,357120,Villarrica,VIIRS750,80.16,1.68,1,moderada,2026-10-05T18:06:10,mirova-archivo,1
2024-01-06T02:55:00,357120,Villarrica,MODIS,119.1,3.16,1,alta,2026-10-05T18:06:10,mirova-archivo,1
2024-01-06T05:30:00,357120,Villarrica,VIIRS750,94.6,1.06,1,moderada,2026-10-05T18:06:10,mirova-archivo,1
2024-01-06T06:05:00,357120,Villarrica,MODIS,75.99,2.00,1,moderada,2026-10-05T18:06:10,mirova-archivo,1
2024-01-06T06:18:00,357120,Villarrica,VIIRS750,49.29,1.68,1,moderada,2026-10-05T18:06:10,mirova-archivo,1
2024-01-06T14:00:00,357120,Villarrica,MODIS,92.19,1.00,1,moderada,2026-10-05T18:06:10,mirova-archivo,1
2024-01-07T05:12:00,357120,Villarrica,VIIRS375,0.1075,1.19,1,muy baja,2026-10-05T18:06:10,mirova-archivo,1
2024-01-07T06:00:00,357120,Villarrica,VIIRS375,0.6687,0.84,1,muy baja,2026-10-05T18:06:10,mirova-archivo,1
2024-01-07T06:54:00,357120,Villarrica,VIIRS375,0.9781,2.28,1,muy baja,2026-10-05T18:06:10,mirova-archivo,1
2024-01-08T02:40:00,357120,Villarrica,MODIS,188.2,4.12,1,alta,2026-10-05T18:06:10,mirova-archivo,1
2024-01-08T04:54:00,357120,Villarrica,VIIRS750,90.4,3.75,1,moderada,2026-10-05T18:06:10,mirova-archivo,1
2024-01-08T05:42:00,357120,Villarrica,VIIRS750,58.68,1.68,1,moderada,2026-10-05T18:06:10,mirova-archivo,1
2024-01-08T05:50:00,357120,Villarrica,MODIS,94.55,2.24,1,moderada,2026-10-05T18:06:10,mirova-archivo,1
2024-01-08T13:45:00,357120,Villarrica,MODIS,172,4.12,1,alta,2026-10-05T18:06:10,mirova-archivo,1
2024-01-08T18:00:00,357120,Villarrica,VIIRS750,51.59,2.12,1,moderada,2026-10-05T18:06:10,mirova-archivo,1
2024-01-08T18:54:00,357120,Villarrica,VIIRS750,140.7,1.06,1,alta,2026-10-05T18:06:10,mirova-archivo,1
2024-01-08T19:25:00,357120,Villarrica,MODIS,74.88,2.24,1,moderada,2026-10-05T18:06:10,mirova-archivo,1
2024-01-09T03:20:00,357120,Villarrica,MODIS,115.3,2.24,1,alta,2026-10-05T18:06:10,mirova-archivo,1
2024-01-09T05:24:00,357120,Villarrica,VIIRS750,161.7,1.68,1,alta,2026-10-05T18:06:10,mirova-archivo,1
2024-01-09T06:12:00,357120,Villarrica,VIIRS750,64.81,1.68,1,moderada,2026-10-05T18:06:10,mirova-archivo,1
2024-01-09T06:30:00,357120,Villarrica,MODIS,109.6,1.41,1,alta,2026-10-05T18:06:10,mirova-archivo,1
2024-01-09T14:25:00,357120,Villarrica,MODIS,100.2,1.00,1,alta,2026-10-05T18:06:10,mirova-archivo,1
2024-01-10T05:06:00,357120,Villarrica,VIIRS750,36.49,2.70,1,moderada,2026-10-05T18:06:10,mirova-archivo,1
2024-01-10T05:54:00,357120,Villarrica,VIIRS750,104.7,1.06,1,alta,2026-10-05T18:06:10,mirova-archivo,1
2024-01-10T06:48:00,357120,Villarrica,VIIRS750,7.847,2.70,1,baja,2026-10-05T18:06:10,mirova-archivo,1
2024-01-10T18:12:00,357120,Villarrica,VIIRS750,51.15,1.68,1,moderada,2026-10-05T18:06:10,mirova-archivo,1
2024-01-10T19:06:00,357120,Villarrica,VIIRS750,81.5,1.06,1,moderada,2026-10-05T18:06:10,mirova-archivo,1
2024-01-11T03:05:00,357120,Villarrica,MODIS,73.15,2.24,1,moderada,2026-10-05T18:06:10,mirova-archivo,1
2024-01-11T04:48:00,357120,Villarrica,VIIRS375,1.964,2.52,1,baja,2026-10-05T18:06:10,mirova-archivo,1
2024-01-11T05:36:00,357120,Villarrica,VIIRS750,55.07,1.06,1,moderada,2026-10-05T18:06:10,mirova-archivo,1
2024-01-11T06:15:00,357120,Villarrica,MODIS,52.87,1.41,1,moderada,2026-10-05T18:06:10,mirova-archivo,1
2024-01-11T14:05:00,357120,Villarrica,MODIS,61.24,1.00,1,moderada,2026-10-05T18:06:10,mirova-archivo,1
2024-01-11T18:48:00,357120,Villarrica,VIIRS750,54.53,1.06,1,moderada,2026-10-05T18:06:10,mirova-archivo,1
2024-01-12T03:45:00,357120,Villarrica,MODIS,12.02,2.83,1,moderada,2026-10-05T18:06:10,mirova-archivo,1
2024-01-12T05:18:00,357120,Villarrica,VIIRS750,59.64,2.70,1,moderada,2026-10-05T18:06:10,mirova-archivo,1
2024-01-12T06:06:00,357120,Villarrica,VIIRS750,53.07,1.06,1,moderada,2026-10-05T18:06:10,mirova-archivo,1
2024-01-12T06:55:00,357120,Villarrica,MODIS,22.43,2.24,1,moderada,2026-10-05T18:06:10,mirova-archivo,1
2024-01-12T18:55:00,357120,Villarrica,MODIS,50.95,2.24,1,moderada,2026-10-05T18:06:10,mirova-archivo,1
2024-01-12T19:18:00,357120,Villarrica,VIIRS750,61.06,1.06,1,moderada,2026-10-05T18:06:10,mirova-archivo,1
2024-01-13T02:45:00,357120,Villarrica,MODIS,53.95,3.00,1,moderada,2026-10-05T18:06:10,mirova-archivo,1
2024-01-13T05:00:00,357120,Villarrica,VIIRS750,27.05,3.35,1,moderada,2026-10-05T18:06:10,mirova-archivo,1
2024-01-13T05:48:00,357120,Villarrica,VIIRS750,139.7,1.06,1,alta,2026-10-05T18:06:10,mirova-archivo,1
2024-01-13T06:00:00,357120,Villarrica,MODIS,61.32,2.24,1,moderada,2026-10-05T18:06:10,mirova-archivo,1
2024-01-13T06:42:00,357120,Villarrica,VIIRS375,9.484,1.19,1,baja,2026-10-05T18:06:10,mirova-archivo,1
2024-01-13T19:00:00,357120,Villarrica,VIIRS750,58.81,1.06,1,moderada,2026-10-05T18:06:10,mirova-archivo,1
2024-01-14T04:42:00,357120,Villarrica,VIIRS750,14.79,4.80,1,moderada,2026-10-05T18:06:10,mirova-archivo,1
2024-01-14T05:30:00,357120,Villarrica,VIIRS750,115.1,2.12,1,alta,2026-10-05T18:06:10,mirova-archivo,1
2024-01-14T06:18:00,357120,Villarrica,VIIRS750,55.84,1.68,1,moderada,2026-10-05T18:06:10,mirova-archivo,1
2024-01-14T06:40:00,357120,Villarrica,MODIS,79.7,2.24,1,moderada,2026-10-05T18:06:10,mirova-archivo,1
2024-01-14T17:48:00,357120,Villarrica,VIIRS375,53.02,2.25,1,moderada,2026-10-05T18:06:10,mirova-archivo,1
2024-01-15T02:30:00,357120,Villarrica,MODIS,0.9447,2.24,1,muy baja,2026-10-05T18:06:10,mirova-archivo,1
2024-01-15T05:12:00,357120,Villarrica,VIIRS750,141.6,2.37,1,alta,2026-10-05T18:06:10,mirova-archivo,1
2024-01-15T05:45:00,357120,Villarrica,MODIS,177.4,4.12,1,alta,2026-10-05T18:06:10,mirova-archivo,1
2024-01-15T06:00:00,357120,Villarrica,VIIRS750,44.55,1.68,1,moderada,2026-10-05T18:06:10,mirova-archivo,1
2024-01-15T06:54:00,357120,Villarrica,VIIRS375,4.566,2.65,1,baja,2026-10-05T18:06:10,mirova-archivo,1
2024-01-15T18:18:00,357120,Villarrica,VIIRS750,171.9,1.68,1,alta,2026-10-05T18:06:10,mirova-archivo,1
2024-01-15T19:12:00,357120,Villarrica,VIIRS750,103.3,1.06,1,alta,2026-10-05T18:06:10,mirova-archivo,1
2024-01-15T19:20:00,357120,Villarrica,MODIS,113.8,1.41,1,alta,2026-10-05T18:06:10,mirova-archivo,1
2024-01-16T03:10:00,357120,Villarrica,MODIS,60.34,2.00,1,moderada,2026-10-05T18:06:10,mirova-archivo,1
2024-01-16T04:54:00,357120,Villarrica,VIIRS750,53.09,3.35,1,moderada,2026-10-05T18:06:10,mirova-archivo,1
2024-01-16T05:42:00,357120,Villarrica,VIIRS750,137.3,1.06,1,alta,2026-10-05T18:06:10,mirova-archivo,1
2024-01-16T06:25:00,357120,Villarrica,MODIS,131.9,1.41,1,alta,2026-10-05T18:06:10,mirova-archivo,1
2024-01-16T06:36:00,357120,Villarrica,VIIRS750,34.46,1.06,1,moderada,2026-10-05T18:06:10,mirova-archivo,1
2024-01-16T14:15:00,357120,Villarrica,MODIS,107.9,2.24,1,alta,2026-10-05T18:06:10,mirova-archivo,1
2024-01-16T18:00:00,357120,Villarrica,VIIRS750,126.2,3.09,1,alta,2026-10-05T18:06:10,mirova-archivo,1
2024-01-16T18:54:00,357120,Villarrica,VIIRS750,147.3,1.06,1,alta,2026-10-05T18:06:10,mirova-archivo,1
2024-01-17T03:50:00,357120,Villarrica,MODIS,0.5665,1.41,1,muy baja,2026-10-05T18:06:10,mirova-archivo,1
2024-01-17T05:24:00,357120,Villarrica,VIIRS750,120.2,2.37,1,alta,2026-10-05T18:06:10,mirova-archivo,1
2024-01-17T05:30:00,357120,Villarrica,MODIS,1.281,2.24,1,baja,2026-10-05T18:06:10,mirova-archivo,1
2024-01-17T06:12:00,357120,Villarrica,VIIRS750,27.54,1.68,1,moderada,2026-10-05T18:06:10,mirova-archivo,1
2024-01-17T07:05:00,357120,Villarrica,MODIS,9.963,2.24,1,baja,2026-10-05T18:06:10,mirova-archivo,1
2024-01-18T05:06:00,357120,Villarrica,VIIRS375,1.103,2.37,1,baja,2026-10-05T18:06:10,mirova-archivo,1
2024-01-18T05:54:00,357120,Villarrica,VIIRS750,10.21,1.06,1,moderada,2026-10-05T18:06:10,mirova-archivo,1
2024-01-18T06:10:00,357120,Villarrica,MODIS,32.59,1.41,1,moderada,2026-10-05T18:06:10,mirova-archivo,1
2024-01-18T06:48:00,357120,Villarrica,VIIRS750,11.67,2.25,1,moderada,2026-10-05T18:06:10,mirova-archivo,1
2024-01-18T13:55:00,357120,Villarrica,MODIS,105.7,2.00,1,alta,2026-10-05T18:06:10,mirova-archivo,1
2024-01-18T18:12:00,357120,Villarrica,VIIRS750,138.4,1.68,1,alta,2026-10-05T18:06:10,mirova-archivo,1
2024-01-18T19:06:00,357120,Villarrica,VIIRS750,59.22,0.75,1,moderada,2026-10-05T18:06:10,mirova-archivo,1
2024-01-19T03:35:00,357120,Villarrica,MODIS,96.33,2.24,1,moderada,2026-10-05T18:06:10,mirova-archivo,1
2024-01-19T04:48:00,357120,Villarrica,VIIRS750,15.47,4.04,1,moderada,2026-10-05T18:06:10,mirova-archivo,1
2024-01-19T05:36:00,357120,Villarrica,VIIRS750,93.49,1.68,1,moderada,2026-10-05T18:06:10,mirova-archivo,1
2024-01-19T06:24:00,357120,Villarrica,VIIRS750,100.8,1.68,1,alta,2026-10-05T18:06:10,mirova-archivo,1
2024-01-19T06:50:00,357120,Villarrica,MODIS,44.09,2.24,1,moderada,2026-10-05T18:06:10,mirova-archivo,1
2024-01-20T02:35:00,357120,Villarrica,MODIS,54.99,3.16,1,moderada,2026-10-05T18:06:10,mirova-archivo,1
2024-01-20T05:18:00,357120,Villarrica,VIIRS750,119.8,1.68,1,alta,2026-10-05T18:06:10,mirova-archivo,1
2024-01-20T05:55:00,357120,Villarrica,MODIS,108.9,3.16,1,alta,2026-10-05T18:06:10,mirova-archivo,1
2024-01-20T06:06:00,357120,Villarrica,VIIRS750,108.6,1.06,1,alta,2026-10-05T18:06:10,mirova-archivo,1
2024-01-20T18:24:00,357120,Villarrica,VIIRS750,68.95,0.75,1,moderada,2026-10-05T18:06:10,mirova-archivo,1
2024-01-20T19:30:00,357120,Villarrica,MODIS,52.6,1.41,1,moderada,2026-10-05T18:06:10,mirova-archivo,1
2024-01-21T03:15:00,357120,Villarrica,MODIS,69.43,2.24,1,moderada,2026-10-05T18:06:10,mirova-archivo,1
2024-01-21T05:00:00,357120,Villarrica,VIIRS750,32.05,2.37,1,moderada,2026-10-05T18:06:10,mirova-archivo,1
2024-01-21T05:48:00,357120,Villarrica,VIIRS750,67,1.68,1,moderada,2026-10-05T18:06:10,mirova-archivo,1
2024-01-21T06:35:00,357120,Villarrica,MODIS,79.99,2.00,1,moderada,2026-10-05T18:06:10,mirova-archivo,1
2024-01-21T06:42:00,357120,Villarrica,VIIRS750,8.597,1.68,1,baja,2026-10-05T18:06:10,mirova-archivo,1
2024-01-21T14:20:00,357120,Villarrica,MODIS,63.28,1.00,1,moderada,2026-10-05T18:06:10,mirova-archivo,1
2024-01-21T19:00:00,357120,Villarrica,VIIRS750,69.62,1.06,1,moderada,2026-10-05T18:06:10,mirova-archivo,1
2024-01-22T04:42:00,357120,Villarrica,VIIRS375,0.3688,3.69,1,muy baja,2026-10-05T18:06:10,mirova-archivo,1
2024-01-22T05:30:00,357120,Villarrica,VIIRS750,65.02,1.68,1,moderada,2026-10-05T18:06:10,mirova-archivo,1
2024-01-22T05:40:00,357120,Villarrica,MODIS,2.928,2.24,1,baja,2026-10-05T18:06:10,mirova-archivo,1
2024-01-22T06:18:00,357120,Villarrica,VIIRS750,30.64,1.68,1,moderada,2026-10-05T18:06:10,mirova-archivo,1
2024-01-23T03:00:00,357120,Villarrica,MODIS,31.05,2.24,1,moderada,2026-10-05T18:06:10,mirova-archivo,1
2024-01-23T05:12:00,357120,Villarrica,VIIRS750,11.4,1.68,1,moderada,2026-10-05T18:06:10,mirova-archivo,1
2024-01-23T06:00:00,357120,Villarrica,VIIRS750,30.93,1.68,1,moderada,2026-10-05T18:06:10,mirova-archivo,1
2024-01-23T06:20:00,357120,Villarrica,MODIS,30.44,2.00,1,moderada,2026-10-05T18:06:10,mirova-archivo,1
2024-01-23T06:54:00,357120,Villarrica,VIIRS375,0.6201,0.84,1,muy baja,2026-10-05T18:06:10,mirova-archivo,1
2024-01-24T03:40:00,357120,Villarrica,MODIS,15.79,2.24,1,moderada,2026-10-05T18:06:10,mirova-archivo,1
2024-01-24T04:54:00,357120,Villarrica,VIIRS750,21.21,3.35,1,moderada,2026-10-05T18:06:10,mirova-archivo,1
2024-01-24T05:42:00,357120,Villarrica,VIIRS750,25.04,1.06,1,moderada,2026-10-05T18:06:10,mirova-archivo,1
2024-01-24T06:30:00,357120,Villarrica,VIIRS375,14.83,0.84,1,moderada,2026-10-05T18:06:10,mirova-archivo,1
2024-01-24T07:00:00,357120,Villarrica,MODIS,0.8968,2.00,1,muy baja,2026-10-05T18:06:10,mirova-archivo,1
2024-01-24T18:54:00,357120,Villarrica,VIIRS750,72,1.06,1,moderada,2026-10-05T18:06:10,mirova-archivo,1
2024-01-25T02:40:00,357120,Villarrica,MODIS,18.33,3.00,1,moderada,2026-10-05T18:06:10,mirova-archivo,1
2024-01-25T04:36:00,357120,Villarrica,VIIRS375,0.8285,24.45,0,no volcanica,2026-10-05T18:06:10,mirova-archivo,0
2024-01-25T05:24:00,357120,Villarrica,VIIRS750,41.23,2.37,1,moderada,2026-10-05T18:06:10,mirova-archivo,1
2024-01-25T06:05:00,357120,Villarrica,MODIS,35.4,2.00,1,moderada,2026-10-05T18:06:10,mirova-archivo,1
2024-01-25T06:12:00,357120,Villarrica,VIIRS750,43.56,1.50,1,moderada,2026-10-05T18:06:10,mirova-archivo,1
2024-01-26T03:25:00,357120,Villarrica,MODIS,59.16,2.24,1,moderada,2026-10-05T18:06:10,mirova-archivo,1
2024-01-26T05:06:00,357120,Villarrica,VIIRS750,11.11,2.70,1,moderada,2026-10-05T18:06:10,mirova-archivo,1
2024-01-26T05:54:00,357120,Villarrica,VIIRS750,43.77,1.68,1,moderada,2026-10-05T18:06:10,mirova-archivo,1
2024-01-26T06:45:00,357120,Villarrica,MODIS,29.27,2.24,1,moderada,2026-10-05T18:06:10,mirova-archivo,1
2024-01-26T06:48:00,357120,Villarrica,VIIRS750,5.462,2.12,1,baja,2026-10-05T18:06:10,mirova-archivo,1
2024-01-26T14:25:00,357120,Villarrica,MODIS,61.69,1.00,1,moderada,2026-10-05T18:06:10,mirova-archivo,1
2024-01-26T19:06:00,357120,Villarrica,VIIRS750,94.41,0.75,1,moderada,2026-10-05T18:06:10,mirova-archivo,1
2024-01-27T02:25:00,357120,Villarrica,MODIS,1.038,2.24,1,baja,2026-10-05T18:06:10,mirova-archivo,1
2024-01-27T04:48:00,357120,Villarrica,VIIRS375,3.725,3.56,1,baja,2026-10-05T18:06:10,mirova-archivo,1
2024-01-27T05:36:00,357120,Villarrica,VIIRS750,47.7,1.68,1,moderada,2026-10-05T18:06:10,mirova-archivo,1
2024-01-27T05:50:00,357120,Villarrica,MODIS,20.12,2.24,1,moderada,2026-10-05T18:06:10,mirova-archivo,1
2024-01-27T18:48:00,357120,Villarrica,VIIRS750,90.81,1.06,1,moderada,2026-10-05T18:06:10,mirova-archivo,1
2024-01-28T03:05:00,357120,Villarrica,MODIS,51.03,2.24,1,moderada,2026-10-05T18:06:10,mirova-archivo,1
2024-01-28T05:18:00,357120,Villarrica,VIIRS750,54.64,2.37,1,moderada,2026-10-05T18:06:10,mirova-archivo,1
2024-01-28T06:06:00,357120,Villarrica,VIIRS750,61.05,1.06,1,moderada,2026-10-05T18:06:10,mirova-archivo,1
2024-01-28T06:30:00,357120,Villarrica,MODIS,51.42,1.41,1,moderada,2026-10-05T18:06:10,mirova-archivo,1
2024-01-28T14:10:00,357120,Villarrica,MODIS,68.3,1.00,1,moderada,2026-10-05T18:06:10,mirova-archivo,1
2024-01-29T03:45:00,357120,Villarrica,MODIS,25.56,2.24,1,moderada,2026-10-05T18:06:10,mirova-archivo,1
2024-01-29T05:00:00,357120,Villarrica,VIIRS750,19.13,2.70,1,moderada,2026-10-05T18:06:10,mirova-archivo,1
2024-01-29T05:48:00,357120,Villarrica,VIIRS750,103.7,1.06,1,alta,2026-10-05T18:06:10,mirova-archivo,1
2024-01-29T06:42:00,357120,Villarrica,VIIRS750,12.36,1.68,1,moderada,2026-10-05T18:06:10,mirova-archivo,1
2024-01-29T07:10:00,357120,Villarrica,MODIS,0.2171,1.00,1,muy baja,2026-10-05T18:06:10,mirova-archivo,1
2024-01-29T18:06:00,357120,Villarrica,VIIRS750,84.05,1.50,1,moderada,2026-10-05T18:06:10,mirova-archivo,1
2024-01-30T05:30:00,357120,Villarrica,VIIRS750,48.52,1.68,1,moderada,2026-10-05T18:06:10,mirova-archivo,1
2024-01-30T06:15:00,357120,Villarrica,MODIS,46.62,1.41,1,moderada,2026-10-05T18:06:10,mirova-archivo,1
2024-01-30T06:18:00,357120,Villarrica,VIIRS750,14.55,1.50,1,moderada,2026-10-05T18:06:10,mirova-archivo,1
2024-01-30T18:42:00,357120,Villarrica,VIIRS750,96.71,1.06,1,moderada,2026-10-05T18:06:10,mirova-archivo,1
2024-01-30T19:30:00,357120,Villarrica,VIIRS750,53.33,1.68,1,moderada,2026-10-05T18:06:10,mirova-archivo,1
2024-01-31T03:30:00,357120,Villarrica,MODIS,189.9,2.00,1,alta,2026-10-05T18:06:10,mirova-archivo,1
2024-01-31T06:00:00,357120,Villarrica,VIIRS750,77.09,1.68,1,moderada,2026-10-05T18:06:10,mirova-archivo,1
2024-01-31T06:55:00,357120,Villarrica,MODIS,47.3,2.24,1,moderada,2026-10-05T18:06:10,mirova-archivo,1
2024-01-31T18:18:00,357120,Villarrica,VIIRS750,73.31,1.68,1,moderada,2026-10-05T18:06:10,mirova-archivo,1
2024-02-01T02:30:00,357120,Villarrica,MODIS,16.39,2.24,1,moderada,2026-10-05T18:06:10,mirova-archivo,1
2024-02-01T04:54:00,357120,Villarrica,VIIRS750,6.964,3.09,1,baja,2026-10-05T18:06:10,mirova-archivo,1
2024-02-01T05:42:00,357120,Villarrica,VIIRS750,84.81,1.68,1,moderada,2026-10-05T18:06:10,mirova-archivo,1
2024-02-01T06:00:00,357120,Villarrica,MODIS,65.29,2.24,1,moderada,2026-10-05T18:06:10,mirova-archivo,1
2024-02-01T06:36:00,357120,Villarrica,VIIRS750,9.958,1.06,1,baja,2026-10-05T18:06:10,mirova-archivo,1
2024-02-01T18:54:00,357120,Villarrica,VIIRS750,109.5,1.06,1,alta,2026-10-05T18:06:10,mirova-archivo,1
2024-02-01T19:35:00,357120,Villarrica,MODIS,62.97,1.41,1,moderada,2026-10-05T18:06:10,mirova-archivo,1
2024-02-02T04:36:00,357120,Villarrica,VIIRS375,3.801,5.03,0,fuera de radio,2026-10-05T18:06:10,mirova-archivo,1
2024-02-02T05:24:00,357120,Villarrica,VIIRS750,152,1.68,1,alta,2026-10-05T18:06:10,mirova-archivo,1
2024-02-02T06:12:00,357120,Villarrica,VIIRS750,601.6,1.68,1,alta,2026-10-05T18:06:10,mirova-archivo,1
2024-02-02T06:40:00,357120,Villarrica,MODIS,83.62,2.24,1,moderada,2026-10-05T18:06:10,mirova-archivo,1
2024-02-02T14:15:00,357120,Villarrica,MODIS,100.8,2.00,1,alta,2026-10-05T18:06:10,mirova-archivo,1
2024-02-03T05:06:00,357120,Villarrica,VIIRS750,5.244,2.37,1,baja,2026-10-05T18:06:10,mirova-archivo,1
2024-02-03T05:54:00,357120,Villarrica,VIIRS750,80.92,1.68,1,moderada,2026-10-05T18:06:10,mirova-archivo,1
2024-02-03T06:48:00,357120,Villarrica,VIIRS750,40.56,2.37,1,moderada,2026-10-05T18:06:10,mirova-archivo,1
2024-02-04T02:55:00,357120,Villarrica,MODIS,42.81,2.00,1,moderada,2026-10-05T18:06:10,mirova-archivo,1
2024-02-04T05:36:00,357120,Villarrica,VIIRS750,75.41,1.68,1,moderada,2026-10-05T18:06:10,mirova-archivo,1
2024-02-04T06:25:00,357120,Villarrica,MODIS,61.19,1.41,1,moderada,2026-10-05T18:06:10,mirova-archivo,1
2024-02-04T14:00:00,357120,Villarrica,MODIS,58.9,2.00,1,moderada,2026-10-05T18:06:10,mirova-archivo,1
2024-02-04T18:48:00,357120,Villarrica,VIIRS750,166.4,1.06,1,alta,2026-10-05T18:06:10,mirova-archivo,1
2024-02-05T03:35:00,357120,Villarrica,MODIS,40.43,2.24,1,moderada,2026-10-05T18:06:10,mirova-archivo,1
2024-02-05T05:18:00,357120,Villarrica,VIIRS750,24.14,2.37,1,moderada,2026-10-05T18:06:10,mirova-archivo,1
2024-02-05T06:06:00,357120,Villarrica,VIIRS750,35.6,1.68,1,moderada,2026-10-05T18:06:10,mirova-archivo,1
2024-02-06T02:40:00,357120,Villarrica,MODIS,0.6356,1.41,1,muy baja,2026-10-05T18:06:10,mirova-archivo,1
2024-02-07T14:20:00,357120,Villarrica,MODIS,164,1.41,1,alta,2026-10-05T18:06:10,mirova-archivo,1
2024-02-07T18:42:00,357120,Villarrica,VIIRS750,101.1,0.75,1,alta,2026-10-05T18:06:10,mirova-archivo,1
2024-02-07T19:30:00,357120,Villarrica,VIIRS750,99.83,1.68,1,moderada,2026-10-05T18:06:10,mirova-archivo,1
2024-02-08T05:12:00,357120,Villarrica,VIIRS375,0.09758,1.68,1,muy baja,2026-10-05T18:06:10,mirova-archivo,1
2024-02-08T06:00:00,357120,Villarrica,VIIRS375,0.1963,0.84,1,muy baja,2026-10-05T18:06:10,mirova-archivo,1
2024-02-08T19:12:00,357120,Villarrica,VIIRS750,88.49,1.06,1,moderada,2026-10-05T18:06:10,mirova-archivo,1
2024-02-09T04:54:00,357120,Villarrica,VIIRS375,4.144,2.52,1,baja,2026-10-05T18:06:10,mirova-archivo,1
2024-02-09T05:42:00,357120,Villarrica,VIIRS375,5.234,1.19,1,baja,2026-10-05T18:06:10,mirova-archivo,1
2024-02-09T06:35:00,357120,Villarrica,MODIS,69.05,2.00,1,moderada,2026-10-05T18:06:10,mirova-archivo,1
2024-02-11T02:45:00,357120,Villarrica,MODIS,42.32,3.00,1,moderada,2026-10-05T18:06:10,mirova-archivo,1
2024-02-11T05:06:00,357120,Villarrica,VIIRS750,47.43,2.70,1,moderada,2026-10-05T18:06:10,mirova-archivo,1
2024-02-11T05:54:00,357120,Villarrica,VIIRS750,181.3,1.68,1,alta,2026-10-05T18:06:10,mirova-archivo,1
2024-02-11T06:20:00,357120,Villarrica,MODIS,85.18,1.41,1,moderada,2026-10-05T18:06:10,mirova-archivo,1
2024-02-11T06:48:00,357120,Villarrica,VIIRS750,42.29,2.37,1,moderada,2026-10-05T18:06:10,mirova-archivo,1
2024-02-12T03:25:00,357120,Villarrica,MODIS,59.43,2.24,1,moderada,2026-10-05T18:06:10,mirova-archivo,1
2024-02-12T04:48:00,357120,Villarrica,VIIRS375,1.418,3.20,1,baja,2026-10-05T18:06:10,mirova-archivo,1
2024-02-12T05:36:00,357120,Villarrica,VIIRS750,83.39,1.06,1,moderada,2026-10-05T18:06:10,mirova-archivo,1
2024-02-12T07:00:00,357120,Villarrica,MODIS,29.9,3.00,1,moderada,2026-10-05T18:06:10,mirova-archivo,1
2024-02-12T18:48:00,357120,Villarrica,VIIRS750,65.43,1.06,1,moderada,2026-10-05T18:06:10,mirova-archivo,1
2024-02-13T05:18:00,357120,Villarrica,VIIRS750,35.28,2.37,1,moderada,2026-10-05T18:06:10,mirova-archivo,1
2024-02-13T06:05:00,357120,Villarrica,MODIS,57.27,2.24,1,moderada,2026-10-05T18:06:10,mirova-archivo,1
2024-02-13T06:06:00,357120,Villarrica,VIIRS750,51.14,1.06,1,moderada,2026-10-05T18:06:10,mirova-archivo,1
2024-02-14T03:10:00,357120,Villarrica,MODIS,62.08,2.24,1,moderada,2026-10-05T18:06:10,mirova-archivo,1
2024-02-14T05:00:00,357120,Villarrica,VIIRS750,15,2.70,1,moderada,2026-10-05T18:06:10,mirova-archivo,1
2024-02-14T05:48:00,357120,Villarrica,VIIRS750,74.27,1.68,1,moderada,2026-10-05T18:06:10,mirova-archivo,1
2024-02-14T06:42:00,357120,Villarrica,VIIRS750,53.47,1.68,1,moderada,2026-10-05T18:06:10,mirova-archivo,1
2024-02-14T06:45:00,357120,Villarrica,MODIS,72.54,2.83,1,moderada,2026-10-05T18:06:10,mirova-archivo,1
2024-02-14T19:00:00,357120,Villarrica,VIIRS750,68.78,1.06,1,moderada,2026-10-05T18:06:10,mirova-archivo,1
2024-02-15T03:50:00,357120,Villarrica,MODIS,28.67,2.24,1,moderada,2026-10-05T18:06:10,mirova-archivo,1
2024-02-15T04:42:00,357120,Villarrica,VIIRS375,4.071,4.19,1,baja,2026-10-05T18:06:10,mirova-archivo,1
2024-02-15T05:30:00,357120,Villarrica,VIIRS750,86.03,1.68,1,moderada,2026-10-05T18:06:10,mirova-archivo,1
2024-02-15T05:50:00,357120,Villarrica,MODIS,19.67,2.00,1,moderada,2026-10-05T18:06:10,mirova-archivo,1
2024-02-15T06:18:00,357120,Villarrica,VIIRS750,187.8,2.37,1,alta,2026-10-05T18:06:10,mirova-archivo,1
2024-02-15T18:42:00,357120,Villarrica,VIIRS750,157.1,1.06,1,alta,2026-10-05T18:06:10,mirova-archivo,1
2024-02-16T02:50:00,357120,Villarrica,MODIS,127.1,3.16,1,alta,2026-10-05T18:06:10,mirova-archivo,1
2024-02-16T05:12:00,357120,Villarrica,VIIRS750,18.93,2.70,1,moderada,2026-10-05T18:06:10,mirova-archivo,1
2024-02-16T06:00:00,357120,Villarrica,VIIRS750,60.5,1.06,1,moderada,2026-10-05T18:06:10,mirova-archivo,1
2024-02-16T06:30:00,357120,Villarrica,MODIS,71.28,2.24,1,moderada,2026-10-05T18:06:10,mirova-archivo,1
2024-02-16T06:54:00,357120,Villarrica,VIIRS375,18.93,1.68,1,moderada,2026-10-05T18:06:10,mirova-archivo,1
2024-02-17T04:54:00,357120,Villarrica,VIIRS750,9.936,3.09,1,baja,2026-10-05T18:06:10,mirova-archivo,1
2024-02-17T05:42:00,357120,Villarrica,VIIRS375,2.575,0.84,1,baja,2026-10-05T18:06:10,mirova-archivo,1
2024-02-17T06:36:00,357120,Villarrica,VIIRS750,37.67,1.68,1,moderada,2026-10-05T18:06:10,mirova-archivo,1
2024-02-17T07:10:00,357120,Villarrica,MODIS,23.25,5.10,0,no volcanica,2026-10-05T18:06:10,mirova-archivo,0
2024-02-17T18:54:00,357120,Villarrica,VIIRS750,50.38,1.06,1,moderada,2026-10-05T18:06:10,mirova-archivo,1
2024-02-18T05:24:00,357120,Villarrica,VIIRS750,35.57,1.50,1,moderada,2026-10-05T18:06:10,mirova-archivo,1
2024-02-18T06:12:00,357120,Villarrica,VIIRS750,11.08,1.50,1,moderada,2026-10-05T18:06:10,mirova-archivo,1
2024-02-18T06:15:00,357120,Villarrica,MODIS,73.84,2.24,1,moderada,2026-10-05T18:06:10,mirova-archivo,1
2024-02-18T18:36:00,357120,Villarrica,VIIRS750,67.71,1.06,1,moderada,2026-10-05T18:06:10,mirova-archivo,1
2024-02-19T03:15:00,357120,Villarrica,MODIS,37.01,1.41,1,moderada,2026-10-05T18:06:10,mirova-archivo,1
2024-02-19T05:06:00,357120,Villarrica,VIIRS375,3.922,2.37,1,baja,2026-10-05T18:06:10,mirova-archivo,1
2024-02-19T05:54:00,357120,Villarrica,VIIRS750,75.08,1.06,1,moderada,2026-10-05T18:06:10,mirova-archivo,1
2024-02-19T06:48:00,357120,Villarrica,VIIRS375,25.15,1.68,1,moderada,2026-10-05T18:06:10,mirova-archivo,1
2024-02-19T06:55:00,357120,Villarrica,MODIS,5.104,2.24,1,baja,2026-10-05T18:06:10,mirova-archivo,1
2024-02-20T05:36:00,357120,Villarrica,VIIRS750,17.62,1.68,1,moderada,2026-10-05T18:06:10,mirova-archivo,1
2024-02-20T06:24:00,357120,Villarrica,VIIRS375,1.881,0.84,1,baja,2026-10-05T18:06:10,mirova-archivo,1
2024-02-21T05:18:00,357120,Villarrica,VIIRS750,10.41,1.68,1,moderada,2026-10-05T18:06:10,mirova-archivo,1
2024-02-21T06:06:00,357120,Villarrica,VIIRS750,14.04,1.06,1,moderada,2026-10-05T18:06:10,mirova-archivo,1
2024-02-21T06:40:00,357120,Villarrica,MODIS,14.74,1.41,1,moderada,2026-10-05T18:06:10,mirova-archivo,1
2024-02-23T04:42:00,357120,Villarrica,VIIRS375,4.166,4.19,1,baja,2026-10-05T18:06:10,mirova-archivo,1
2024-02-23T05:30:00,357120,Villarrica,VIIRS750,26.29,1.06,1,moderada,2026-10-05T18:06:10,mirova-archivo,1
2024-02-23T06:18:00,357120,Villarrica,VIIRS750,25.14,1.68,1,moderada,2026-10-05T18:06:10,mirova-archivo,1
2024-02-24T03:20:00,357120,Villarrica,MODIS,17.83,1.41,1,moderada,2026-10-05T18:06:10,mirova-archivo,1
2024-02-24T05:12:00,357120,Villarrica,VIIRS750,13.33,1.68,1,moderada,2026-10-05T18:06:10,mirova-archivo,1
2024-02-24T06:00:00,357120,Villarrica,VIIRS750,15.27,1.06,1,moderada,2026-10-05T18:06:10,mirova-archivo,1
2024-02-24T06:54:00,357120,Villarrica,VIIRS375,0.8358,1.68,1,muy baja,2026-10-05T18:06:10,mirova-archivo,1
2024-02-24T07:05:00,357120,Villarrica,MODIS,1.774,1.41,1,baja,2026-10-05T18:06:10,mirova-archivo,1
2024-02-25T04:54:00,357120,Villarrica,VIIRS375,0.5888,2.52,1,muy baja,2026-10-05T18:06:10,mirova-archivo,1
2024-02-25T05:42:00,357120,Villarrica,VIIRS750,9.847,1.68,1,baja,2026-10-05T18:06:10,mirova-archivo,1
2024-02-25T06:05:00,357120,Villarrica,MODIS,4.543,2.24,1,baja,2026-10-05T18:06:10,mirova-archivo,1
2024-02-26T03:05:00,357120,Villarrica,MODIS,27.55,2.24,1,moderada,2026-10-05T18:06:10,mirova-archivo,1
2024-02-26T05:24:00,357120,Villarrica,VIIRS750,13.09,2.37,1,moderada,2026-10-05T18:06:10,mirova-archivo,1
2024-02-26T06:12:00,357120,Villarrica,VIIRS750,10.1,1.06,1,moderada,2026-10-05T18:06:10,mirova-archivo,1
2024-02-26T06:50:00,357120,Villarrica,MODIS,29.87,1.41,1,moderada,2026-10-05T18:06:10,mirova-archivo,1
2024-02-27T03:45:00,357120,Villarrica,MODIS,1.071,1.00,1,baja,2026-10-05T18:06:10,mirova-archivo,1
2024-02-27T05:06:00,357120,Villarrica,VIIRS375,10,2.28,1,baja,2026-10-05T18:06:10,mirova-archivo,1
2024-02-27T05:54:00,357120,Villarrica,VIIRS750,42.38,0.75,1,moderada,2026-10-05T18:06:10,mirova-archivo,1
2024-02-27T06:48:00,357120,Villarrica,VIIRS375,2.47,1.50,1,baja,2026-10-05T18:06:10,mirova-archivo,1
2024-02-29T06:06:00,357120,Villarrica,VIIRS750,24.96,1.68,1,moderada,2026-10-05T18:06:10,mirova-archivo,1
2024-03-01T05:00:00,357120,Villarrica,VIIRS375,1.854,2.02,1,baja,2026-10-05T18:06:10,mirova-archivo,1
2024-03-01T05:48:00,357120,Villarrica,VIIRS750,31.15,1.68,1,moderada,2026-10-05T18:06:10,mirova-archivo,1
2024-03-01T06:15:00,357120,Villarrica,MODIS,29.28,1.41,1,moderada,2026-10-05T18:06:10,mirova-archivo,1
2024-03-01T06:42:00,357120,Villarrica,VIIRS375,9.807,1.19,1,baja,2026-10-05T18:06:10,mirova-archivo,1
2024-03-02T03:10:00,357120,Villarrica,MODIS,37.07,2.24,1,moderada,2026-10-05T18:06:10,mirova-archivo,1
2024-03-02T05:30:00,357120,Villarrica,VIIRS750,20.58,2.12,1,moderada,2026-10-05T18:06:10,mirova-archivo,1
2024-03-02T06:18:00,357120,Villarrica,VIIRS750,7.949,1.06,1,baja,2026-10-05T18:06:10,mirova-archivo,1
2024-03-02T07:00:00,357120,Villarrica,MODIS,14.78,2.24,1,moderada,2026-10-05T18:06:10,mirova-archivo,1
2024-03-02T18:42:00,357120,Villarrica,VIIRS750,54.67,1.06,1,moderada,2026-10-05T18:06:10,mirova-archivo,1
2024-03-03T05:12:00,357120,Villarrica,VIIRS375,3.606,1.35,1,baja,2026-10-05T18:06:10,mirova-archivo,1
2024-03-03T06:00:00,357120,Villarrica,MODIS,12.06,1.00,1,moderada,2026-10-05T18:06:10,mirova-archivo,1
2024-03-03T06:00:00,357120,Villarrica,VIIRS750,24.96,1.68,1,moderada,2026-10-05T18:06:10,mirova-archivo,1
2024-03-03T06:54:00,357120,Villarrica,VIIRS375,1.189,1.06,1,baja,2026-10-05T18:06:10,mirova-archivo,1
2024-03-04T04:54:00,357120,Villarrica,VIIRS375,19.52,2.86,1,moderada,2026-10-05T18:06:10,mirova-archivo,1
2024-03-04T05:42:00,357120,Villarrica,VIIRS750,68.12,1.68,1,moderada,2026-10-05T18:06:10,mirova-archivo,1
2024-03-04T06:36:00,357120,Villarrica,VIIRS750,18.55,1.06,1,moderada,2026-10-05T18:06:10,mirova-archivo,1
2024-03-04T06:40:00,357120,Villarrica,MODIS,34.75,1.41,1,moderada,2026-10-05T18:06:10,mirova-archivo,1
2024-03-05T03:35:00,357120,Villarrica,MODIS,4.374,2.24,1,baja,2026-10-05T18:06:10,mirova-archivo,1
2024-03-05T05:24:00,357120,Villarrica,VIIRS750,34.52,1.68,1,moderada,2026-10-05T18:06:10,mirova-archivo,1
2024-03-05T06:12:00,357120,Villarrica,VIIRS750,14.9,1.06,1,moderada,2026-10-05T18:06:10,mirova-archivo,1
2024-03-06T05:06:00,357120,Villarrica,VIIRS375,8.673,2.02,1,baja,2026-10-05T18:06:10,mirova-archivo,1
2024-03-06T05:54:00,357120,Villarrica,VIIRS750,40.38,1.68,1,moderada,2026-10-05T18:06:10,mirova-archivo,1
2024-03-06T06:25:00,357120,Villarrica,MODIS,41.32,2.24,1,moderada,2026-10-05T18:06:10,mirova-archivo,1
2024-03-06T06:48:00,357120,Villarrica,VIIRS375,2.518,1.68,1,baja,2026-10-05T18:06:10,mirova-archivo,1
2024-03-07T03:15:00,357120,Villarrica,MODIS,51.79,2.24,1,moderada,2026-10-05T18:06:10,mirova-archivo,1
2024-03-07T04:48:00,357120,Villarrica,VIIRS375,0.03036,2.70,1,muy baja,2026-10-05T18:06:10,mirova-archivo,1
2024-03-07T05:36:00,357120,Villarrica,VIIRS750,63.27,1.06,1,moderada,2026-10-05T18:06:10,mirova-archivo,1
2024-03-07T06:24:00,357120,Villarrica,VIIRS750,7.954,1.06,1,baja,2026-10-05T18:06:10,mirova-archivo,1
2024-03-10T05:30:00,357120,Villarrica,VIIRS750,45.03,1.68,1,moderada,2026-10-05T18:06:10,mirova-archivo,1
2024-03-10T06:18:00,357120,Villarrica,VIIRS375,10.15,1.06,1,moderada,2026-10-05T18:06:10,mirova-archivo,1
2024-03-11T02:40:00,357120,Villarrica,MODIS,8.317,2.24,1,baja,2026-10-05T18:06:10,mirova-archivo,1
2024-03-11T05:12:00,357120,Villarrica,VIIRS750,5.346,1.68,1,baja,2026-10-05T18:06:10,mirova-archivo,1
2024-03-11T06:00:00,357120,Villarrica,VIIRS750,72.11,1.06,1,moderada,2026-10-05T18:06:10,mirova-archivo,1
2024-03-11T06:35:00,357120,Villarrica,MODIS,106.1,2.24,1,alta,2026-10-05T18:06:10,mirova-archivo,1
2024-03-11T06:54:00,357120,Villarrica,VIIRS750,8.621,2.70,1,baja,2026-10-05T18:06:10,mirova-archivo,1
2024-03-11T18:18:00,357120,Villarrica,VIIRS750,60.13,1.50,1,moderada,2026-10-05T18:06:10,mirova-archivo,1
2024-03-13T05:24:00,357120,Villarrica,VIIRS375,4.169,1.68,1,baja,2026-10-05T18:06:10,mirova-archivo,1
2024-03-13T06:12:00,357120,Villarrica,VIIRS375,4.065,0.84,1,baja,2026-10-05T18:06:10,mirova-archivo,1
2024-03-13T06:20:00,357120,Villarrica,MODIS,5.708,1.41,1,baja,2026-10-05T18:06:10,mirova-archivo,1
2024-03-14T14:10:00,357120,Villarrica,MODIS,22.35,1.41,1,moderada,2026-10-05T18:06:10,mirova-archivo,1
2024-03-15T03:45:00,357120,Villarrica,MODIS,13.69,2.24,1,moderada,2026-10-05T18:06:10,mirova-archivo,1
2024-03-15T05:36:00,357120,Villarrica,VIIRS750,59.5,1.68,1,moderada,2026-10-05T18:06:10,mirova-archivo,1
2024-03-15T06:05:00,357120,Villarrica,MODIS,22.16,2.24,1,moderada,2026-10-05T18:06:10,mirova-archivo,1
2024-03-16T06:06:00,357120,Villarrica,VIIRS375,0.4928,0.75,1,muy baja,2026-10-05T18:06:10,mirova-archivo,1
2024-03-17T03:30:00,357120,Villarrica,MODIS,21.23,1.41,1,moderada,2026-10-05T18:06:10,mirova-archivo,1
2024-03-17T05:00:00,357120,Villarrica,VIIRS375,1.229,2.52,1,baja,2026-10-05T18:06:10,mirova-archivo,1
2024-03-17T05:48:00,357120,Villarrica,VIIRS750,44.47,1.68,1,moderada,2026-10-05T18:06:10,mirova-archivo,1
2024-03-17T06:42:00,357120,Villarrica,VIIRS375,1.159,0.84,1,baja,2026-10-05T18:06:10,mirova-archivo,1
2024-03-18T04:42:00,357120,Villarrica,VIIRS375,0.07146,2.52,1,muy baja,2026-10-05T18:06:10,mirova-archivo,1
2024-03-18T05:30:00,357120,Villarrica,VIIRS750,53.12,1.68,1,moderada,2026-10-05T18:06:10,mirova-archivo,1
2024-03-18T06:18:00,357120,Villarrica,VIIRS375,4.567,0.84,1,baja,2026-10-05T18:06:10,mirova-archivo,1
2024-03-18T06:30:00,357120,Villarrica,MODIS,31.44,1.41,1,moderada,2026-10-05T18:06:10,mirova-archivo,1
2024-03-19T03:10:00,357120,Villarrica,MODIS,46.32,2.24,1,moderada,2026-10-05T18:06:10,mirova-archivo,1
2024-03-19T05:12:00,357120,Villarrica,VIIRS375,1.102,1.35,1,baja,2026-10-05T18:06:10,mirova-archivo,1
2024-03-21T02:55:00,357120,Villarrica,MODIS,36.95,2.24,1,moderada,2026-10-05T18:06:10,mirova-archivo,1
2024-03-21T06:12:00,357120,Villarrica,VIIRS750,11.73,1.68,1,moderada,2026-10-05T18:06:10,mirova-archivo,1
2024-03-21T14:00:00,357120,Villarrica,MODIS,19.73,1.41,1,moderada,2026-10-05T18:06:10,mirova-archivo,1
2024-03-22T05:54:00,357120,Villarrica,VIIRS375,0.3659,0.84,1,muy baja,2026-10-05T18:06:10,mirova-archivo,1
2024-03-24T05:18:00,357120,Villarrica,VIIRS375,4.213,1.19,1,baja,2026-10-05T18:06:10,mirova-archivo,1
2024-03-25T05:42:00,357120,Villarrica,VIIRS750,27.29,1.68,1,moderada,2026-10-05T18:06:10,mirova-archivo,1
2024-03-25T06:20:00,357120,Villarrica,MODIS,14.53,1.41,1,moderada,2026-10-05T18:06:10,mirova-archivo,1
2024-03-25T06:42:00,357120,Villarrica,VIIRS375,0.516,0.84,1,muy baja,2026-10-05T18:06:10,mirova-archivo,1
2024-03-26T03:00:00,357120,Villarrica,MODIS,1.936,1.00,1,baja,2026-10-05T18:06:10,mirova-archivo,1
2024-03-26T05:18:00,357120,Villarrica,VIIRS750,8.02,2.37,1,baja,2026-10-05T18:06:10,mirova-archivo,1
2024-03-26T06:18:00,357120,Villarrica,VIIRS375,3.027,0.84,1,baja,2026-10-05T18:06:10,mirova-archivo,1
2024-03-27T06:00:00,357120,Villarrica,VIIRS375,0.4678,0.84,1,muy baja,2026-10-05T18:06:10,mirova-archivo,1
2024-03-27T06:05:00,357120,Villarrica,MODIS,0.1234,1.00,1,muy baja,2026-10-05T18:06:10,mirova-archivo,1
2024-03-28T02:45:00,357120,Villarrica,MODIS,0.8018,1.00,1,muy baja,2026-10-05T18:06:10,mirova-archivo,1
2024-03-28T05:42:00,357120,Villarrica,VIIRS750,10.74,1.68,1,moderada,2026-10-05T18:06:10,mirova-archivo,1
2024-03-28T06:18:00,357120,Villarrica,VIIRS375,0.7688,0.53,1,muy baja,2026-10-05T18:06:10,mirova-archivo,1
2024-03-28T18:00:00,357120,Villarrica,VIIRS750,77.95,18.45,0,no volcanica,2026-10-05T18:06:10,mirova-archivo,0
2024-03-29T03:25:00,357120,Villarrica,MODIS,2.858,2.24,1,baja,2026-10-05T18:06:10,mirova-archivo,1
2024-03-29T05:24:00,357120,Villarrica,VIIRS750,10.92,2.37,1,moderada,2026-10-05T18:06:10,mirova-archivo,1
2024-03-29T06:00:00,357120,Villarrica,VIIRS375,7.612,1.19,1,baja,2026-10-05T18:06:10,mirova-archivo,1
2024-03-30T05:06:00,357120,Villarrica,VIIRS375,0.9088,2.02,1,muy baja,2026-10-05T18:06:10,mirova-archivo,1
2024-03-30T06:30:00,357120,Villarrica,MODIS,37.33,1.41,1,moderada,2026-10-05T18:06:10,mirova-archivo,1
2024-03-30T06:48:00,357120,Villarrica,VIIRS375,0.4069,1.19,1,muy baja,2026-10-05T18:06:10,mirova-archivo,1
2024-03-31T03:05:00,357120,Villarrica,MODIS,20.65,2.24,1,moderada,2026-10-05T18:06:10,mirova-archivo,1
2024-03-31T05:18:00,357120,Villarrica,VIIRS375,0.3728,27.76,0,no volcanica,2026-10-05T18:06:10,mirova-archivo,0
2024-03-31T06:30:00,357120,Villarrica,VIIRS375,3.687,0.84,1,baja,2026-10-05T18:06:10,mirova-archivo,1
2024-04-01T05:00:00,357120,Villarrica,VIIRS375,1.089,2.02,1,baja,2026-10-05T18:06:10,mirova-archivo,1
2024-04-01T06:06:00,357120,Villarrica,VIIRS750,8.461,1.06,1,baja,2026-10-05T18:06:10,mirova-archivo,1
2024-04-01T06:15:00,357120,Villarrica,MODIS,21.85,2.24,1,moderada,2026-10-05T18:06:10,mirova-archivo,1
2024-04-01T06:36:00,357120,Villarrica,VIIRS375,7.483,1.12,1,baja,2026-10-05T18:06:10,mirova-archivo,1
2024-04-02T02:50:00,357120,Villarrica,MODIS,3.771,2.00,1,baja,2026-10-05T18:06:10,mirova-archivo,1
2024-04-04T05:12:00,357120,Villarrica,VIIRS375,2.71,1.55,1,baja,2026-10-05T18:06:10,mirova-archivo,1
2024-04-04T05:36:00,357120,Villarrica,VIIRS375,0.5904,1.06,1,muy baja,2026-10-05T18:06:10,mirova-archivo,1
2024-04-05T05:18:00,357120,Villarrica,VIIRS375,3.073,1.68,1,baja,2026-10-05T18:06:10,mirova-archivo,1
2024-04-05T06:36:00,357120,Villarrica,VIIRS375,1.063,0.84,1,baja,2026-10-05T18:06:10,mirova-archivo,1
2024-04-06T05:00:00,357120,Villarrica,VIIRS375,0.05655,1.68,1,muy baja,2026-10-05T18:06:10,mirova-archivo,1
2024-04-06T06:12:00,357120,Villarrica,VIIRS375,6.454,0.84,1,baja,2026-10-05T18:06:10,mirova-archivo,1
2024-04-06T06:25:00,357120,Villarrica,MODIS,28.65,1.41,1,moderada,2026-10-05T18:06:10,mirova-archivo,1
2024-04-06T06:42:00,357120,Villarrica,VIIRS375,0.7593,0.84,1,muy baja,2026-10-05T18:06:10,mirova-archivo,1
2024-04-07T02:55:00,357120,Villarrica,MODIS,9.627,2.00,1,baja,2026-10-05T18:06:10,mirova-archivo,1
2024-04-07T04:42:00,357120,Villarrica,VIIRS375,0.3007,4.19,1,muy baja,2026-10-05T18:06:10,mirova-archivo,1
2024-04-07T05:54:00,357120,Villarrica,VIIRS375,2.838,1.06,1,baja,2026-10-05T18:06:10,mirova-archivo,1
2024-04-07T06:18:00,357120,Villarrica,VIIRS375,3.987,1.06,1,baja,2026-10-05T18:06:10,mirova-archivo,1
2024-04-09T05:18:00,357120,Villarrica,VIIRS750,5.588,2.37,1,baja,2026-10-05T18:06:10,mirova-archivo,1
2024-04-09T05:42:00,357120,Villarrica,VIIRS750,47.21,1.68,1,moderada,2026-10-05T18:06:10,mirova-archivo,1
2024-04-09T06:50:00,357120,Villarrica,MODIS,12.79,2.24,1,moderada,2026-10-05T18:06:10,mirova-archivo,1
2024-04-10T03:20:00,357120,Villarrica,MODIS,8.026,2.24,1,baja,2026-10-05T18:06:10,mirova-archivo,1
2024-04-10T05:24:00,357120,Villarrica,VIIRS750,32.39,1.68,1,moderada,2026-10-05T18:06:10,mirova-archivo,1
2024-04-10T06:42:00,357120,Villarrica,VIIRS375,0.07725,0.53,1,muy baja,2026-10-05T18:06:10,mirova-archivo,1
2024-04-11T06:35:00,357120,Villarrica,MODIS,2.207,1.00,1,baja,2026-10-05T18:06:10,mirova-archivo,1
2024-04-11T18:42:00,357120,Villarrica,VIIRS750,51.22,0.75,1,moderada,2026-10-05T18:06:10,mirova-archivo,1
2024-04-11T19:06:00,357120,Villarrica,VIIRS750,52.78,1.06,1,moderada,2026-10-05T18:06:10,mirova-archivo,1
2024-04-12T03:00:00,357120,Villarrica,MODIS,41.51,2.24,1,moderada,2026-10-05T18:06:10,mirova-archivo,1
2024-04-12T04:48:00,357120,Villarrica,VIIRS375,0.3309,2.70,1,muy baja,2026-10-05T18:06:10,mirova-archivo,1
2024-04-12T06:00:00,357120,Villarrica,VIIRS750,25.25,1.68,1,moderada,2026-10-05T18:06:10,mirova-archivo,1
2024-04-12T06:30:00,357120,Villarrica,VIIRS375,4.178,0.84,1,baja,2026-10-05T18:06:10,mirova-archivo,1
2024-04-13T05:42:00,357120,Villarrica,VIIRS375,0.3678,1.19,1,muy baja,2026-10-05T18:06:10,mirova-archivo,1
2024-04-13T06:06:00,357120,Villarrica,VIIRS375,2.361,0.84,1,baja,2026-10-05T18:06:10,mirova-archivo,1
2024-04-13T06:15:00,357120,Villarrica,MODIS,14,1.41,1,moderada,2026-10-05T18:06:10,mirova-archivo,1
2024-04-14T02:45:00,357120,Villarrica,MODIS,13.89,2.24,1,moderada,2026-10-05T18:06:10,mirova-archivo,1
2024-04-14T05:24:00,357120,Villarrica,VIIRS750,31.6,1.68,1,moderada,2026-10-05T18:06:10,mirova-archivo,1
2024-04-14T05:48:00,357120,Villarrica,VIIRS750,15.31,1.06,1,moderada,2026-10-05T18:06:10,mirova-archivo,1
2024-04-15T03:25:00,357120,Villarrica,MODIS,1.148,1.41,1,baja,2026-10-05T18:06:10,mirova-archivo,1
2024-04-15T05:06:00,357120,Villarrica,VIIRS375,0.9319,1.55,1,muy baja,2026-10-05T18:06:10,mirova-archivo,1
2024-04-15T05:30:00,357120,Villarrica,VIIRS750,115.5,1.68,1,alta,2026-10-05T18:06:10,mirova-archivo,1
2024-04-15T06:00:00,357120,Villarrica,MODIS,12.26,2.00,1,moderada,2026-10-05T18:06:10,mirova-archivo,1
2024-04-15T06:48:00,357120,Villarrica,VIIRS375,1.546,1.19,1,baja,2026-10-05T18:06:10,mirova-archivo,1
2024-04-18T03:45:00,357120,Villarrica,MODIS,5.564,2.24,1,baja,2026-10-05T18:06:10,mirova-archivo,1
2024-04-18T05:48:00,357120,Villarrica,VIIRS750,45.49,1.06,1,moderada,2026-10-05T18:06:10,mirova-archivo,1
2024-04-18T06:18:00,357120,Villarrica,VIIRS750,19.47,1.50,1,moderada,2026-10-05T18:06:10,mirova-archivo,1
2024-04-18T06:25:00,357120,Villarrica,MODIS,42.86,1.41,1,moderada,2026-10-05T18:06:10,mirova-archivo,1
2024-04-20T05:12:00,357120,Villarrica,VIIRS750,17.63,1.68,1,moderada,2026-10-05T18:06:10,mirova-archivo,1
2024-04-20T05:36:00,357120,Villarrica,VIIRS750,33.9,1.68,1,moderada,2026-10-05T18:06:10,mirova-archivo,1
2024-04-20T06:10:00,357120,Villarrica,MODIS,10.13,2.83,1,moderada,2026-10-05T18:06:10,mirova-archivo,1
2024-04-20T06:54:00,357120,Villarrica,VIIRS375,3.518,2.65,1,baja,2026-10-05T18:06:10,mirova-archivo,1
2024-04-21T05:18:00,357120,Villarrica,VIIRS375,1.831,1.68,1,baja,2026-10-05T18:06:10,mirova-archivo,1
2024-04-23T05:54:00,357120,Villarrica,VIIRS750,8.297,1.06,1,baja,2026-10-05T18:06:10,mirova-archivo,1
2024-04-23T06:24:00,357120,Villarrica,VIIRS375,7.051,1.06,1,baja,2026-10-05T18:06:10,mirova-archivo,1
2024-04-23T06:35:00,357120,Villarrica,MODIS,39.66,1.41,1,moderada,2026-10-05T18:06:10,mirova-archivo,1
2024-04-24T02:55:00,357120,Villarrica,MODIS,10.65,2.24,1,moderada,2026-10-05T18:06:10,mirova-archivo,1
2024-04-24T05:36:00,357120,Villarrica,VIIRS750,40.21,1.06,1,moderada,2026-10-05T18:06:10,mirova-archivo,1
2024-04-25T05:42:00,357120,Villarrica,VIIRS375,0.5522,0.84,1,muy baja,2026-10-05T18:06:10,mirova-archivo,1
2024-05-01T02:45:00,357120,Villarrica,MODIS,52.79,2.24,1,moderada,2026-10-05T18:06:10,mirova-archivo,1
2024-05-01T05:06:00,357120,Villarrica,VIIRS375,3.451,1.91,1,baja,2026-10-05T18:06:10,mirova-archivo,1
2024-05-01T05:30:00,357120,Villarrica,VIIRS750,36.76,1.06,1,moderada,2026-10-05T18:06:10,mirova-archivo,1
2024-05-01T06:48:00,357120,Villarrica,VIIRS375,0.8035,0.84,1,muy baja,2026-10-05T18:06:10,mirova-archivo,1
2024-05-01T13:50:00,357120,Villarrica,MODIS,4.474,2.00,1,baja,2026-10-05T18:06:10,mirova-archivo,1
2024-05-02T04:48:00,357120,Villarrica,VIIRS375,0.7692,3.20,1,muy baja,2026-10-05T18:06:10,mirova-archivo,1
2024-05-02T05:12:00,357120,Villarrica,VIIRS375,0.4021,1.68,1,muy baja,2026-10-05T18:06:10,mirova-archivo,1
2024-05-02T06:30:00,357120,Villarrica,VIIRS375,1.679,5.83,0,fuera de radio,2026-10-05T18:06:10,mirova-archivo,1
2024-05-03T04:54:00,357120,Villarrica,VIIRS375,0.4287,2.52,1,muy baja,2026-10-05T18:06:10,mirova-archivo,1
2024-05-03T06:06:00,357120,Villarrica,VIIRS750,15.43,1.06,1,moderada,2026-10-05T18:06:10,mirova-archivo,1
2024-05-03T06:36:00,357120,Villarrica,VIIRS375,2.662,0.84,1,baja,2026-10-05T18:06:10,mirova-archivo,1
2024-05-03T06:50:00,357120,Villarrica,MODIS,9.787,1.41,1,baja,2026-10-05T18:06:10,mirova-archivo,1
2024-05-08T05:00:00,357120,Villarrica,VIIRS375,1.269,2.02,1,baja,2026-10-05T18:06:10,mirova-archivo,1
2024-05-08T06:42:00,357120,Villarrica,VIIRS375,2.158,1.19,1,baja,2026-10-05T18:06:10,mirova-archivo,1
2024-05-09T03:15:00,357120,Villarrica,MODIS,1.67,1.41,1,baja,2026-10-05T18:06:10,mirova-archivo,1
2024-05-09T04:42:00,357120,Villarrica,VIIRS375,1.78,4.39,1,baja,2026-10-05T18:06:10,mirova-archivo,1
2024-05-09T05:54:00,357120,Villarrica,VIIRS375,1.12,15.77,0,no volcanica,2026-10-05T18:06:10,mirova-archivo,0
2024-05-09T06:24:00,357120,Villarrica,VIIRS375,1.48,0.84,1,baja,2026-10-05T18:06:10,mirova-archivo,1
2024-05-10T05:36:00,357120,Villarrica,VIIRS750,26,1.68,1,moderada,2026-10-05T18:06:10,mirova-archivo,1
2024-05-10T06:00:00,357120,Villarrica,VIIRS750,7.465,1.06,1,baja,2026-10-05T18:06:10,mirova-archivo,1
2024-05-10T06:40:00,357120,Villarrica,MODIS,7.115,1.41,1,baja,2026-10-05T18:06:10,mirova-archivo,1
2024-05-11T02:55:00,357120,Villarrica,MODIS,10.95,1.41,1,moderada,2026-10-05T18:06:10,mirova-archivo,1
2024-05-11T05:18:00,357120,Villarrica,VIIRS375,2.062,1.68,1,baja,2026-10-05T18:06:10,mirova-archivo,1
2024-05-12T05:00:00,357120,Villarrica,VIIRS375,5.683,2.37,1,baja,2026-10-05T18:06:10,mirova-archivo,1
2024-05-12T05:24:00,357120,Villarrica,VIIRS750,56.59,1.68,1,moderada,2026-10-05T18:06:10,mirova-archivo,1
2024-05-12T06:42:00,357120,Villarrica,VIIRS375,9.022,2.73,1,baja,2026-10-05T18:06:10,mirova-archivo,1
2024-05-13T02:40:00,357120,Villarrica,MODIS,4.742,2.24,1,baja,2026-10-05T18:06:10,mirova-archivo,1
2024-05-13T05:06:00,357120,Villarrica,VIIRS375,1.027,1.68,1,baja,2026-10-05T18:06:10,mirova-archivo,1
2024-05-13T06:18:00,357120,Villarrica,VIIRS750,32.94,1.06,1,moderada,2026-10-05T18:06:10,mirova-archivo,1
2024-05-13T06:48:00,357120,Villarrica,VIIRS375,1.781,0.84,1,baja,2026-10-05T18:06:10,mirova-archivo,1
2024-05-14T03:20:00,357120,Villarrica,MODIS,22.43,2.24,1,moderada,2026-10-05T18:06:10,mirova-archivo,1
2024-05-14T06:00:00,357120,Villarrica,VIIRS750,18.1,1.06,1,moderada,2026-10-05T18:06:10,mirova-archivo,1
2024-05-14T06:10:00,357120,Villarrica,MODIS,45.05,2.00,1,moderada,2026-10-05T18:06:10,mirova-archivo,1
2024-05-14T06:30:00,357120,Villarrica,VIIRS375,4.756,0.84,1,baja,2026-10-05T18:06:10,mirova-archivo,1
2024-05-15T05:42:00,357120,Villarrica,VIIRS750,19.1,1.06,1,moderada,2026-10-05T18:06:10,mirova-archivo,1
2024-05-15T06:06:00,357120,Villarrica,VIIRS750,5.108,1.06,1,baja,2026-10-05T18:06:10,mirova-archivo,1
2024-05-15T06:50:00,357120,Villarrica,MODIS,1.338,1.41,1,baja,2026-10-05T18:06:10,mirova-archivo,1
2024-05-16T03:00:00,357120,Villarrica,MODIS,3.364,1.41,1,baja,2026-10-05T18:06:10,mirova-archivo,1
2024-05-17T05:06:00,357120,Villarrica,VIIRS375,0.7617,1.55,1,muy baja,2026-10-05T18:06:10,mirova-archivo,1
2024-05-17T05:30:00,357120,Villarrica,VIIRS750,53.8,1.68,1,moderada,2026-10-05T18:06:10,mirova-archivo,1
2024-05-17T06:35:00,357120,Villarrica,MODIS,38.87,1.41,1,moderada,2026-10-05T18:06:10,mirova-archivo,1
2024-05-17T06:48:00,357120,Villarrica,VIIRS375,0.6902,0.84,1,muy baja,2026-10-05T18:06:10,mirova-archivo,1
2024-05-18T02:45:00,357120,Villarrica,MODIS,17.46,3.16,1,moderada,2026-10-05T18:06:10,mirova-archivo,1
2024-05-18T05:12:00,357120,Villarrica,VIIRS375,1.595,1.19,1,baja,2026-10-05T18:06:10,mirova-archivo,1
2024-05-19T04:54:00,357120,Villarrica,VIIRS375,0.2982,1.68,1,muy baja,2026-10-05T18:06:10,mirova-archivo,1
2024-05-19T06:06:00,357120,Villarrica,VIIRS375,8.825,1.06,1,baja,2026-10-05T18:06:10,mirova-archivo,1
2024-05-19T06:15:00,357120,Villarrica,MODIS,53.75,2.24,1,moderada,2026-10-05T18:06:10,mirova-archivo,1
2024-05-19T06:36:00,357120,Villarrica,VIIRS375,0.6016,0.84,1,muy baja,2026-10-05T18:06:10,mirova-archivo,1
2024-05-21T05:54:00,357120,Villarrica,VIIRS375,0.4822,4.37,0,no volcanica,2026-10-05T18:06:10,mirova-archivo,0
2024-05-22T05:12:00,357120,Villarrica,VIIRS375,0.2856,1.19,1,muy baja,2026-10-05T18:06:10,mirova-archivo,1
2024-05-22T05:36:00,357120,Villarrica,VIIRS750,15.08,1.06,1,moderada,2026-10-05T18:06:10,mirova-archivo,1
2024-05-22T06:40:00,357120,Villarrica,MODIS,8.071,1.41,1,baja,2026-10-05T18:06:10,mirova-archivo,1
2024-05-23T02:50:00,357120,Villarrica,MODIS,2.424,2.24,1,baja,2026-10-05T18:06:10,mirova-archivo,1
2024-05-23T05:18:00,357120,Villarrica,VIIRS375,2.066,1.55,1,baja,2026-10-05T18:06:10,mirova-archivo,1
2024-05-23T06:36:00,357120,Villarrica,VIIRS375,0.1912,0.53,1,muy baja,2026-10-05T18:06:10,mirova-archivo,1
2024-05-23T19:20:00,357120,Villarrica,MODIS,55.9,2.00,1,moderada,2026-10-05T18:06:10,mirova-archivo,1
2024-05-24T06:12:00,357120,Villarrica,VIIRS375,0.6323,1.06,1,muy baja,2026-10-05T18:06:10,mirova-archivo,1
2024-05-24T06:25:00,357120,Villarrica,MODIS,33.75,1.41,1,moderada,2026-10-05T18:06:10,mirova-archivo,1
2024-05-24T06:42:00,357120,Villarrica,VIIRS375,0.2144,0.84,1,muy baja,2026-10-05T18:06:10,mirova-archivo,1
2024-05-26T03:10:00,357120,Villarrica,MODIS,6.693,1.41,1,baja,2026-10-05T18:06:10,mirova-archivo,1
2024-05-26T05:36:00,357120,Villarrica,VIIRS375,0.4601,1.35,1,muy baja,2026-10-05T18:06:10,mirova-archivo,1
2024-05-26T06:00:00,357120,Villarrica,VIIRS375,1.421,1.68,1,baja,2026-10-05T18:06:10,mirova-archivo,1
2024-05-27T05:18:00,357120,Villarrica,VIIRS375,0.05007,2.37,1,muy baja,2026-10-05T18:06:10,mirova-archivo,1
2024-05-27T05:42:00,357120,Villarrica,VIIRS375,3.531,0.84,1,baja,2026-10-05T18:06:10,mirova-archivo,1
2024-05-28T02:55:00,357120,Villarrica,MODIS,5.641,2.24,1,baja,2026-10-05T18:06:10,mirova-archivo,1
2024-05-28T05:24:00,357120,Villarrica,VIIRS375,1.691,1.35,1,baja,2026-10-05T18:06:10,mirova-archivo,1
2024-05-28T14:00:00,357120,Villarrica,MODIS,3.183,1.41,1,baja,2026-10-05T18:06:10,mirova-archivo,1
2024-05-29T05:06:00,357120,Villarrica,VIIRS375,0.5167,24.49,0,no volcanica,2026-10-05T18:06:10,mirova-archivo,0
2024-06-02T05:30:00,357120,Villarrica,VIIRS375,0.06017,0.84,1,muy baja,2026-10-05T18:06:10,mirova-archivo,1
2024-06-02T14:05:00,357120,Villarrica,MODIS,26.71,1.41,1,moderada,2026-10-05T18:06:10,mirova-archivo,1
2024-06-03T06:40:00,357120,Villarrica,MODIS,0.8382,1.00,1,muy baja,2026-10-05T18:06:10,mirova-archivo,1
2024-06-29T05:00:00,357120,Villarrica,VIIRS375,0.2444,25.15,0,no volcanica,2026-10-05T18:06:10,mirova-archivo,0
2024-07-01T06:00:00,357120,Villarrica,VIIRS375,0.482,12.38,0,no volcanica,2026-10-05T18:06:10,mirova-archivo,0
2024-07-13T06:00:00,357120,Villarrica,VIIRS375,0.8868,0.84,1,muy baja,2026-10-05T18:06:10,mirova-archivo,1
2024-07-14T05:42:00,357120,Villarrica,VIIRS375,2.067,0.84,1,baja,2026-10-05T18:06:10,mirova-archivo,1
2024-07-14T06:40:00,357120,Villarrica,MODIS,0.4585,0.00,1,muy baja,2026-10-05T18:06:10,mirova-archivo,1
2024-07-15T05:24:00,357120,Villarrica,VIIRS375,2.646,1.06,1,baja,2026-10-05T18:06:10,mirova-archivo,1
2024-07-19T05:24:00,357120,Villarrica,VIIRS375,0.9807,0.84,1,muy baja,2026-10-05T18:06:10,mirova-archivo,1
2024-07-19T05:48:00,357120,Villarrica,VIIRS375,1.393,1.06,1,baja,2026-10-05T18:06:10,mirova-archivo,1
2024-07-20T05:30:00,357120,Villarrica,VIIRS375,4.058,1.06,1,baja,2026-10-05T18:06:10,mirova-archivo,1
2024-07-21T06:30:00,357120,Villarrica,MODIS,1.326,1.00,1,baja,2026-10-05T18:06:10,mirova-archivo,1
2024-07-23T05:48:00,357120,Villarrica,VIIRS750,6.74,1.06,1,baja,2026-10-05T18:06:10,mirova-archivo,1
2024-07-23T06:12:00,357120,Villarrica,VIIRS375,0.07471,0.53,1,muy baja,2026-10-05T18:06:10,mirova-archivo,1
2024-07-23T06:15:00,357120,Villarrica,MODIS,2.623,1.41,1,baja,2026-10-05T18:06:10,mirova-archivo,1
2024-07-30T05:42:00,357120,Villarrica,VIIRS375,1.117,0.84,1,baja,2026-10-05T18:06:10,mirova-archivo,1
2024-08-03T04:24:00,357120,Villarrica,VIIRS375,0.02493,2.37,1,muy baja,2026-10-05T18:06:10,mirova-archivo,1
2024-08-09T02:50:00,357120,Villarrica,MODIS,0.5244,1.00,1,muy baja,2026-10-05T18:06:10,mirova-archivo,1
2024-09-05T05:48:00,357120,Villarrica,VIIRS375,0.1464,4.52,1,muy baja,2026-10-05T18:06:10,mirova-archivo,1
2024-09-09T06:12:00,357120,Villarrica,VIIRS375,1.22,9.38,0,no volcanica,2026-10-05T18:06:10,mirova-archivo,0
2024-10-28T05:54:00,357120,Villarrica,VIIRS375,0.2208,1.06,1,muy baja,2026-10-05T18:06:10,mirova-archivo,1
2024-11-29T05:54:00,357120,Villarrica,VIIRS375,0.168,0.84,1,muy baja,2026-10-05T18:06:10,mirova-archivo,1
2024-12-03T05:54:00,357120,Villarrica,VIIRS375,0.1711,0.84,1,muy baja,2026-10-05T18:06:10,mirova-archivo,1
2024-12-04T06:00:00,357120,Villarrica,VIIRS375,0.09785,0.84,1,muy baja,2026-10-05T18:06:10,mirova-archivo,1
2024-12-10T05:48:00,357120,Villarrica,VIIRS375,0.2493,0.84,1,muy baja,2026-10-05T18:06:10,mirova-archivo,1
2024-12-14T05:48:00,357120,Villarrica,VIIRS375,0.2752,0.84,1,muy baja,2026-10-05T18:06:10,mirova-archivo,1
2024-12-15T05:54:00,357120,Villarrica,VIIRS375,0.2973,0.84,1,muy baja,2026-10-05T18:06:10,mirova-archivo,1
2024-12-26T05:48:00,357120,Villarrica,VIIRS375,0.1503,0.84,1,muy baja,2026-10-05T18:06:10,mirova-archivo,1
2024-12-29T04:48:00,357120,Villarrica,VIIRS375,0.7084,12.21,0,no volcanica,2026-10-05T18:06:10,mirova-archivo,0
2024-12-30T05:48:00,357120,Villarrica,VIIRS375,0.08516,0.84,1,muy baja,2026-10-05T18:06:10,mirova-archivo,1
2024-12-31T05:54:00,357120,Villarrica,VIIRS375,0.1986,1.06,1,muy baja,2026-10-05T18:06:10,mirova-archivo,1
2025-01-04T05:54:00,357120,Villarrica,VIIRS375,0.3128,0.53,1,muy baja,2026-10-05T18:06:10,mirova-archivo,1
2025-01-06T05:42:00,357120,Villarrica,VIIRS375,0.1528,0.84,1,muy baja,2026-10-05T18:06:10,mirova-archivo,1
2025-01-10T05:42:00,357120,Villarrica,VIIRS375,0.5222,0.84,1,muy baja,2026-10-05T18:06:10,mirova-archivo,1
2025-01-11T05:48:00,357120,Villarrica,VIIRS375,0.2174,0.84,1,muy baja,2026-10-05T18:06:10,mirova-archivo,1
2025-01-22T05:42:00,357120,Villarrica,VIIRS375,0.1952,0.84,1,muy baja,2026-10-05T18:06:10,mirova-archivo,1
2025-01-26T05:42:00,357120,Villarrica,VIIRS375,0.2315,0.84,1,muy baja,2026-10-05T18:06:10,mirova-archivo,1
2025-02-01T05:54:00,357120,Villarrica,VIIRS375,0.2174,0.84,1,muy baja,2026-10-05T18:06:10,mirova-archivo,1
2025-02-07T05:42:00,357120,Villarrica,VIIRS375,0.1695,0.84,1,muy baja,2026-10-05T18:06:10,mirova-archivo,1
2025-02-11T05:42:00,357120,Villarrica,VIIRS375,0.2202,0.84,1,muy baja,2026-10-05T18:06:10,mirova-archivo,1
2025-02-12T05:48:00,357120,Villarrica,VIIRS375,0.7268,1.06,1,muy baja,2026-10-05T18:06:10,mirova-archivo,1
2025-02-16T05:48:00,357120,Villarrica,VIIRS375,0.3979,1.06,1,muy baja,2026-10-05T18:06:10,mirova-archivo,1
2025-02-17T05:54:00,357120,Villarrica,VIIRS375,0.9405,13.83,0,no volcanica,2026-10-05T18:06:10,mirova-archivo,0
2025-02-20T06:12:00,357120,Villarrica,VIIRS375,0.04595,2.70,0,no volcanica,2026-10-05T18:06:10,mirova-archivo,0
2025-02-21T05:54:00,357120,Villarrica,VIIRS375,0.09522,0.84,1,muy baja,2026-10-05T18:06:10,mirova-archivo,1
2025-02-27T05:42:00,357120,Villarrica,VIIRS375,0.06099,0.84,1,muy baja,2026-10-05T18:06:10,mirova-archivo,1
2025-03-09T05:54:00,357120,Villarrica,VIIRS375,0.04463,0.84,1,muy baja,2026-10-05T18:06:10,mirova-archivo,1
2025-03-11T05:42:00,357120,Villarrica,VIIRS375,0.05475,0.84,1,muy baja,2026-10-05T18:06:10,mirova-archivo,1
2025-03-13T05:06:00,357120,Villarrica,VIIRS375,0.5193,2.25,0,no volcanica,2026-10-05T18:06:10,mirova-archivo,0
2025-03-15T05:42:00,357120,Villarrica,VIIRS375,0.04243,0.84,1,muy baja,2026-10-05T18:06:10,mirova-archivo,1
2025-03-16T05:48:00,357120,Villarrica,VIIRS375,0.567,0.84,1,muy baja,2026-10-05T18:06:10,mirova-archivo,1
2025-03-20T05:48:00,357120,Villarrica,VIIRS375,0.3212,0.84,1,muy baja,2026-10-05T18:06:10,mirova-archivo,1
2025-03-21T05:54:00,357120,Villarrica,VIIRS375,0.07931,0.38,1,muy baja,2026-10-05T18:06:10,mirova-archivo,1
2025-03-25T05:54:00,357120,Villarrica,VIIRS375,0.0477,0.84,1,muy baja,2026-10-05T18:06:10,mirova-archivo,1
2025-03-26T13:55:00,357120,Villarrica,MODIS,14.39,2.24,1,moderada,2026-10-05T18:06:10,mirova-archivo,1
2025-03-27T05:42:00,357120,Villarrica,VIIRS375,0.04896,0.84,1,muy baja,2026-10-05T18:06:10,mirova-archivo,1
2025-03-31T05:42:00,357120,Villarrica,VIIRS375,0.03552,0.84,1,muy baja,2026-10-05T18:06:10,mirova-archivo,1
2025-04-01T05:48:00,357120,Villarrica,VIIRS375,0.4378,0.84,1,muy baja,2026-10-05T18:06:10,mirova-archivo,1
2025-04-05T05:48:00,357120,Villarrica,VIIRS375,0.6654,0.84,1,muy baja,2026-10-05T18:06:10,mirova-archivo,1
2025-04-06T05:54:00,357120,Villarrica,VIIRS375,0.236,0.84,1,muy baja,2026-10-05T18:06:10,mirova-archivo,1
2025-04-07T13:35:00,357120,Villarrica,MODIS,0.987,1.00,1,muy baja,2026-10-05T18:06:10,mirova-archivo,1
2025-05-11T05:00:00,357120,Villarrica,VIIRS375,0.3168,0.84,1,muy baja,2026-10-05T18:06:10,mirova-archivo,1
2025-05-13T05:36:00,357120,Villarrica,VIIRS375,0.2294,21.56,0,no volcanica,2026-10-05T18:06:10,mirova-archivo,0
2025-05-18T06:06:00,357120,Villarrica,VIIRS375,0.5474,16.34,0,no volcanica,2026-10-05T18:06:10,mirova-archivo,0
2025-05-20T05:30:00,357120,Villarrica,VIIRS375,0.2318,24.52,0,no volcanica,2026-10-05T18:06:10,mirova-archivo,0
2025-05-25T06:54:00,357120,Villarrica,VIIRS375,0.01707,2.52,0,no volcanica,2026-10-05T18:06:10,mirova-archivo,0
2025-06-17T05:06:00,357120,Villarrica,VIIRS375,0.1897,20.63,0,no volcanica,2026-10-05T18:06:10,mirova-archivo,0
2025-07-03T06:24:00,357120,Villarrica,VIIRS375,0.2028,24.65,0,no volcanica,2026-10-05T18:06:10,mirova-archivo,0
2025-08-28T05:30:00,357120,Villarrica,VIIRS375,0.2579,24.32,0,no volcanica,2026-10-05T18:06:10,mirova-archivo,0
2025-10-21T05:24:00,357120,Villarrica,VIIRS375,0.1412,1.06,1,muy baja,2026-10-05T18:06:10,mirova-archivo,1
2025-12-02T05:36:00,357120,Villarrica,VIIRS375,0.2835,10.51,0,no volcanica,2026-10-05T18:06:10,mirova-archivo,0
2025-12-06T06:00:00,357120,Villarrica,VIIRS375,0.04854,0.84,1,muy baja,2026-10-05T18:06:10,mirova-archivo,1
2025-12-29T05:48:00,357120,Villarrica,VIIRS375,0.1875,0.84,1,muy baja,2026-10-05T18:06:10,mirova-archivo,1
2026-01-11T13:23:00,357120,Villarrica,MODIS,5.1,15.88,0,fuera de radio,2026-10-05T18:38:44,firms,
2026-01-31T13:21:00,357120,Villarrica,MODIS,4.2,15.79,0,fuera de radio,2026-10-05T18:38:44,firms,
2026-04-10T19:41:00,357120,Villarrica,VIIRS375,59.35,16.42,0,fuera de radio,2026-10-05T18:38:44,firms,
2026-04-10T19:58:00,357120,Villarrica,MODIS,37.6,17.82,0,fuera de radio,2026-10-05T18:38:44,firms,
2026-05-20T18:51:00,357120,Villarrica,VIIRS375,3.56,17.56,0,fuera de radio,2026-10-05T18:38:44,firms,
2026-06-14T05:05:00,357120,Villarrica,VIIRS375,1.51,17.00,0,fuera de radio,2026-10-05T18:38:44,firms,
2026-08-18T05:53:00,357120,Villarrica,VIIRS375,1.29,0.64,1,baja,2026-10-05T18:38:44,firms,
2026-08-21T05:53:00,357120,Villarrica,VIIRS375,1.03,0.82,1,baja,2026-10-05T18:38:44,firms,
2026-08-24T05:40:00,357120,Villarrica,VIIRS375,0.96,0.89,1,muy baja,2026-10-05T18:38:44,firms,
2026-09-17T05:46:00,357120,Villarrica,VIIRS375,0.31,1.05,1,muy baja,2026-10-05T18:38:44,firms,
2026-10-05T06:48:01,357120,Villarrica,VIIRS375,0,0.00,1,sin anomalia,2026-10-05T12:24:59,latest.php,
2026-10-05T06:48:01,357120,Villarrica,VIIRS750,0,0.00,1,sin anomalia,2026-10-05T12:24:59,latest.php,
2026-10-05T07:50:00,357120,Villarrica,MODIS,0,0.00,1,sin anomalia,2026-10-05T12:24:59,latest.php,
2026-10-05T13:45:00,357120,Villarrica,MODIS,0,0.00,1,sin anomalia,2026-10-05T18:30:43,latest.php,
